model,seed,cohort,flight_id,horizon_s,position_rmse_m,velocity_rmse_m_s,attitude_error_deg,body_rate_rmse_rad_s,delta_v_rmse_m_s,delta_omega_rmse_rad_s,velocity_x_rmse_m_s,velocity_y_rmse_m_s,velocity_z_rmse_m_s,body_rate_p_rmse_rad_s,body_rate_q_rmse_rad_s,body_rate_r_rmse_rad_s,n_windows
B0_ConstantVelocity,,Sep17,9.17数据/log_10_2026-9-17-06-34-34.ulg,0.1,0.05011629223683663,0.8086663670287096,4.106765300159635,1.2789359365905526,0.8086663670287096,1.2789359365905526,0.23252890829008788,0.2093986390712274,0.7456700409215522,0.8773389900416959,0.9083216312100637,0.2022504406206815,130
B0_ConstantVelocity,,Sep17,9.17数据/log_10_2026-9-17-06-34-34.ulg,0.2,0.11951585740754746,0.7935777803986928,9.830437941431335,1.1947828827674738,0.7935777803986928,1.1947828827674738,0.3668440320333301,0.35147033353816576,0.6096390361079377,0.7912345144376798,0.8620233693791165,0.24159840802662352,130
B0_ConstantVelocity,,Sep17,9.17数据/log_10_2026-9-17-06-34-34.ulg,0.5,0.4223437844297421,1.3997063436536785,23.80365778165591,1.0527768452859405,1.3997063436536785,1.0527768452859405,0.8249227011525201,0.8188155540453029,0.7798855518863415,0.7153755600298292,0.6954207131531136,0.3361055277734064,130
B0_ConstantVelocity,,Sep17,9.17数据/log_10_2026-9-17-06-34-34.ulg,1.0,1.34726498584917,2.408769325293769,48.75373079436381,1.139929925382761,2.408769325293769,1.139929925382761,1.539609882502072,1.5272065602784226,1.0485281085506026,0.7148153916087862,0.8293687265211491,0.31721712780209754,130
B0_ConstantVelocity,,Sep17,9.17数据/log_11_2026-9-17-06-40-30.ulg,0.1,0.04652726470853255,0.7721140708261401,4.079989141704888,1.2791110697397796,0.7721140708261401,1.2791110697397796,0.1728807527556353,0.19842436446993603,0.7258788847177334,0.8650475224468621,0.9222803865307088,0.19291656554105346,145
B0_ConstantVelocity,,Sep17,9.17数据/log_11_2026-9-17-06-40-30.ulg,0.2,0.11884676879571954,0.7971254920652535,9.19772684630288,1.222449637949226,0.7971254920652535,1.222449637949226,0.3611541770902255,0.3671265156642008,0.6084363828427899,0.7745015898449645,0.9076710993152407,0.26582622165181274,145
B0_ConstantVelocity,,Sep17,9.17数据/log_11_2026-9-17-06-40-30.ulg,0.5,0.39930786024735515,1.2656028528431522,23.575352716198946,1.112516132046902,1.2656028528431522,1.112516132046902,0.728026090175989,0.8280468707675315,0.6213428787391766,0.7622252444531765,0.7215439494810398,0.3688890751299062,145
B0_ConstantVelocity,,Sep17,9.17数据/log_11_2026-9-17-06-40-30.ulg,1.0,1.2787341397036012,2.3585151488503078,48.28276805609424,1.1417682575851409,2.3585151488503078,1.1417682575851409,1.38298757035969,1.6838445640022406,0.9025555782704437,0.6994099977703102,0.8308229027530339,0.35241128430991847,145
B0_ConstantVelocity,,Sep17,9.17数据/log_12_2026-9-17-06-46-02.ulg,0.1,0.043944472028450254,0.7831561171233621,3.73361836234518,1.0689733617921684,0.7831561171233621,1.0689733617921684,0.22990831832381595,0.21130203586391216,0.7182110543517288,0.6665882561416911,0.8155045627656795,0.18252795156793725,144
B0_ConstantVelocity,,Sep17,9.17数据/log_12_2026-9-17-06-46-02.ulg,0.2,0.10925817742056375,0.7922104618598513,8.348703824195676,1.1178256395225643,0.7922104618598513,1.1178256395225643,0.3435502752698508,0.3817144067167055,0.6032120157516112,0.6247012252415227,0.8953120530625818,0.2402058850166557,144
B0_ConstantVelocity,,Sep17,9.17数据/log_12_2026-9-17-06-46-02.ulg,0.5,0.38496645651830885,1.246694366322439,21.972207984096922,1.1349858225320777,1.246694366322439,1.1349858225320777,0.7304072828962269,0.8057070717027325,0.6095803135932679,0.7084314759574368,0.8322933021909659,0.30595019259618406,144
B0_ConstantVelocity,,Sep17,9.17数据/log_12_2026-9-17-06-46-02.ulg,1.0,1.2349069279096934,2.2125857066578605,44.51409980277621,1.089429045655269,2.2125857066578605,1.089429045655269,1.3809526601260629,1.4964634739041525,0.8655069792139921,0.6356055276497454,0.8425863279958559,0.27001766352018347,144
B0_ConstantVelocity,,Sep17,9.17数据/log_13_2026-9-17-06-52-30.ulg,0.1,0.047027848791054414,0.8299054046590179,4.109050466697486,1.2061963816649857,0.8299054046590179,1.2061963816649857,0.20279285590694315,0.21829381839232112,0.7745746233430671,0.7877575925914172,0.895332298378701,0.18090815884362607,153
B0_ConstantVelocity,,Sep17,9.17数据/log_13_2026-9-17-06-52-30.ulg,0.2,0.12215330726932856,0.7964105833611572,9.00979631177245,1.150764248014114,0.7964105833611572,1.150764248014114,0.3370399337337769,0.4075565389629747,0.5954591236238734,0.741735993673305,0.8493529578339367,0.22953349040108886,153
B0_ConstantVelocity,,Sep17,9.17数据/log_13_2026-9-17-06-52-30.ulg,0.5,0.4368621883757838,1.426048136606945,22.913693140156575,1.1231156185748878,1.426048136606945,1.1231156185748878,0.7966844529976093,0.9287582063845669,0.7323355544730594,0.7287659198467238,0.7910100980791153,0.32340678949842766,153
B0_ConstantVelocity,,Sep17,9.17数据/log_13_2026-9-17-06-52-30.ulg,1.0,1.4067895339795098,2.572544054930812,47.33018787040215,1.1164480723264876,2.572544054930812,1.1164480723264876,1.5477063486240583,1.8121572095312144,0.9688520118845253,0.7443540081169869,0.7717286236011962,0.3111725250023049,153
B0_ConstantVelocity,,Sep17,9.17数据/log_6_2026-9-17-06-02-24.ulg,0.1,0.04659595142645037,0.8581879951061849,3.865957639158768,1.2371241396374073,0.8581879951061849,1.2371241396374073,0.20087313781555363,0.22505952957341444,0.803420702743401,0.8509012942190209,0.8820125252593111,0.16881063253149625,138
B0_ConstantVelocity,,Sep17,9.17数据/log_6_2026-9-17-06-02-24.ulg,0.2,0.12064585339815673,0.7539114054166781,9.192931313015016,1.1563634325722616,0.7539114054166781,1.1563634325722616,0.33376239457799145,0.35274579654044463,0.5766762299644084,0.7317454584281097,0.8621794063216405,0.2416022424875293,138
B0_ConstantVelocity,,Sep17,9.17数据/log_6_2026-9-17-06-02-24.ulg,0.5,0.3835524256004298,1.1942188426647222,22.3080710091251,0.95645199688212,1.1942188426647222,0.95645199688212,0.6644868966497831,0.7406738580268611,0.660316624349118,0.6516069160072425,0.6283764947540597,0.30879091662794494,138
B0_ConstantVelocity,,Sep17,9.17数据/log_6_2026-9-17-06-02-24.ulg,1.0,1.1664291257611794,2.0567277383613067,44.07525091353797,1.0529247802917692,2.0567277383613067,1.0529247802917692,1.2275787348864657,1.390806019508125,0.8881655563572177,0.679325750646753,0.7644303731454506,0.25062586074346566,138
B0_ConstantVelocity,,Sep17,9.17数据/log_7_2026-9-17-06-12-16.ulg,0.1,0.052100530587814636,0.783659400565302,4.215870128712115,1.3539232114262965,0.783659400565302,1.3539232114262965,0.19399718572960076,0.16714982027541359,0.7406403213471842,0.9678236325679294,0.9320486406815726,0.16646564235765365,131
B0_ConstantVelocity,,Sep17,9.17数据/log_7_2026-9-17-06-12-16.ulg,0.2,0.1177332046609158,0.7550372482021583,9.882966131937517,1.1461682100377568,0.7550372482021583,1.1461682100377568,0.35778392303255857,0.3233069741555302,0.5809858096842944,0.8103930510284945,0.7772247597958458,0.22997030527042703,131
B0_ConstantVelocity,,Sep17,9.17数据/log_7_2026-9-17-06-12-16.ulg,0.5,0.3855626918155652,1.209098927194166,23.99705684310282,1.0507176634968425,1.209098927194166,1.0507176634968425,0.7411018600870889,0.7062274482001115,0.643374727609267,0.7672461124920347,0.6573352136832652,0.28853323569755335,131
B0_ConstantVelocity,,Sep17,9.17数据/log_7_2026-9-17-06-12-16.ulg,1.0,1.1440543944463337,1.9954397585617178,47.884220000493,1.1736852733944876,1.9954397585617178,1.1736852733944876,1.301068091336886,1.2688057780094746,0.8240955948454105,0.8510015412941054,0.7681000110714845,0.2517059210470329,131
B0_ConstantVelocity,,Sep17,9.17数据/log_8_2026-9-17-06-17-52.ulg,0.1,0.045816125687610454,0.7721978509531044,4.037162658122842,1.203664507400797,0.7721978509531044,1.203664507400797,0.19837513742051768,0.21015206756646365,0.7160816534219574,0.9071802683790098,0.7693824050516866,0.18407314262834065,146
B0_ConstantVelocity,,Sep17,9.17数据/log_8_2026-9-17-06-17-52.ulg,0.2,0.11870567170998804,0.7572597942767857,8.994054527165583,1.0921778592603268,0.7572597942767857,1.0921778592603268,0.2719548001504535,0.3113928031031783,0.6344426726496192,0.7976808134897229,0.7127811447228378,0.2202290529799485,146
B0_ConstantVelocity,,Sep17,9.17数据/log_8_2026-9-17-06-17-52.ulg,0.5,0.36745613330273375,1.17793226976397,21.76257930925966,1.1053538774646647,1.17793226976397,1.1053538774646647,0.630318246851368,0.7215795618230674,0.6852344677530067,0.7622111717815893,0.7233504569317846,0.3429364962993646,146
B0_ConstantVelocity,,Sep17,9.17数据/log_8_2026-9-17-06-17-52.ulg,1.0,1.1517077365790138,2.0407125125627377,43.94511397998709,1.1019327549933329,2.0407125125627377,1.1019327549933329,1.223659619698933,1.3935888243897527,0.8515132897285694,0.7664489593600481,0.7328147419033361,0.29965704275428406,146
B0_ConstantVelocity,,Sep17,9.17数据/log_9_2026-9-17-06-28-10.ulg,0.1,0.0460640569958241,0.8457737124299594,4.289008261918849,1.375470455166792,0.8457737124299594,1.375470455166792,0.21208020559361437,0.18823560340512013,0.7968202536605331,1.0434231977102808,0.874094835431381,0.19785151550842722,114
B0_ConstantVelocity,,Sep17,9.17数据/log_9_2026-9-17-06-28-10.ulg,0.2,0.12283469867538276,0.7411464668795643,10.268139855409519,1.2490968607153314,0.7411464668795643,1.2490968607153314,0.3174152865682637,0.35991598092455596,0.5648062569553942,0.859416111987502,0.8741200629404933,0.23991879765889357,114
B0_ConstantVelocity,,Sep17,9.17数据/log_9_2026-9-17-06-28-10.ulg,0.5,0.40801829699398234,1.3044731041586732,27.013418528107657,1.2006574514417583,1.3044731041586732,1.2006574514417583,0.7148563941163824,0.8498294532225836,0.6844123871612,0.8368142192566312,0.7597929394339344,0.40501230516970066,114
B0_ConstantVelocity,,Sep17,9.17数据/log_9_2026-9-17-06-28-10.ulg,1.0,1.2291437209093927,2.095313169125133,53.90199118896345,1.2408966948123785,2.095313169125133,1.2408966948123785,1.1771132398338267,1.5133126845539808,0.8453557926016387,0.8767140336161297,0.8203687777567623,0.3133563130666065,114
B0_ConstantVelocity,,Sep7,2026.9.7/log_21_2026-9-7-05-54-56.ulg,0.1,0.04009060860131239,0.7831775385103221,4.060801923463008,1.1208190585233533,0.7831775385103221,1.1208190585233533,0.1775447304455309,0.18678646197922516,0.7395645631987746,0.8047182844607202,0.7645713688928075,0.15522392364951304,168
B0_ConstantVelocity,,Sep7,2026.9.7/log_21_2026-9-7-05-54-56.ulg,0.2,0.1021135147827056,0.7058838399311569,8.83062374276674,1.0901475801593281,0.7058838399311569,1.0901475801593281,0.28917356179681397,0.27574797071130436,0.5819052356546527,0.7584472268310232,0.7552151744639093,0.20695311280339865,168
B0_ConstantVelocity,,Sep7,2026.9.7/log_21_2026-9-7-05-54-56.ulg,0.5,0.33337214768678647,1.0697847644599479,22.116385665648775,0.8768778890052185,1.0697847644599479,0.8768778890052185,0.6663385771334474,0.6902951592637073,0.47320707517057703,0.6657911372829286,0.5112203928754336,0.25355611538679157,168
B0_ConstantVelocity,,Sep7,2026.9.7/log_21_2026-9-7-05-54-56.ulg,1.0,1.0358621912163142,1.8247669633077306,44.53522300020411,0.8960260745921895,1.8247669633077306,0.8960260745921895,1.2561192987378322,1.217667571951578,0.5188684437651246,0.7056474726393767,0.5072352852858713,0.2182584158004198,168
B0_ConstantVelocity,,Sep7,2026.9.7/log_22_2026-9-7-06-01-40.ulg,0.1,0.07092025226603703,0.7812894186819227,4.078286320183096,1.1172133401882474,0.7812894186819227,1.1172133401882474,0.17546620359365717,0.18497662495501158,0.7385177149947176,0.8707830228562065,0.6862701091322952,0.1376078192238214,182
B0_ConstantVelocity,,Sep7,2026.9.7/log_22_2026-9-7-06-01-40.ulg,0.2,0.15008930891976316,0.7175041662692498,8.523808893055973,1.2103707016664509,0.7175041662692498,1.2103707016664509,0.24435522202624982,0.27603075180780795,0.615556478431224,0.8828690446922408,0.8077079375899089,0.1820642000257118,182
B0_ConstantVelocity,,Sep7,2026.9.7/log_22_2026-9-7-06-01-40.ulg,0.5,0.4045709336244179,0.9515480478781839,21.669617571704894,1.048133762980189,0.9515480478781839,1.048133762980189,0.5666395131222195,0.6223526373698274,0.44389249188087976,0.8371737293302058,0.579363547820092,0.24912328569542072,182
B0_ConstantVelocity,,Sep7,2026.9.7/log_22_2026-9-7-06-01-40.ulg,1.0,1.0939093241155373,1.7327602254150238,43.542108202851004,1.1606190055839256,1.7327602254150238,1.1606190055839256,1.0831575499750858,1.1963701164874454,0.6308139702702458,0.8863772398309056,0.7123868212800818,0.23211394119877093,182
B0_ConstantVelocity,,Sep7,2026.9.7/log_23_2026-9-7-06-09-22.ulg,0.1,0.04831833114110963,0.8701967503695273,4.232864641522337,1.1774403870938717,0.8701967503695273,1.1774403870938717,0.20648121131274094,0.23222866391068908,0.8128208544241251,0.9430872669831422,0.6827527906737841,0.1755018485406728,160
B0_ConstantVelocity,,Sep7,2026.9.7/log_23_2026-9-7-06-09-22.ulg,0.2,0.11593153344579703,0.7083695353993311,9.79919335817426,1.3470740229174158,0.7083695353993311,1.3470740229174158,0.2607285078726311,0.3170348290128159,0.5773187690151692,1.0646298931071931,0.807407795571332,0.17106801446243242,160
B0_ConstantVelocity,,Sep7,2026.9.7/log_23_2026-9-7-06-09-22.ulg,0.5,0.3483986685087798,1.0883229987532186,24.51451308320811,1.1444722038470352,1.0883229987532186,1.1444722038470352,0.6124427401274357,0.7322614257377502,0.5226414105836945,0.9465085917700824,0.5925119733870984,0.2507342666586117,160
B0_ConstantVelocity,,Sep7,2026.9.7/log_23_2026-9-7-06-09-22.ulg,1.0,1.105623207007367,2.023393181450475,49.050318444554364,1.1123069157249998,2.023393181450475,1.1123069157249998,1.1683832797966565,1.4646228818741818,0.7641206005091408,0.8416927706602553,0.6824020274085599,0.2512119176643735,160
B0_ConstantVelocity,,Sep7,2026.9.7/log_24_2026-9-7-06-16-04.ulg,0.1,0.049459443782580687,0.867064227442588,4.252881142568262,1.1684932663885954,0.867064227442588,1.1684932663885954,0.20125721692432474,0.2107549750137901,0.8166261370133974,0.8920329594771628,0.739348888184096,0.15171332948308916,161
B0_ConstantVelocity,,Sep7,2026.9.7/log_24_2026-9-7-06-16-04.ulg,0.2,0.12626180035794096,0.7027002993962614,9.063606220113876,1.2436223318247484,0.7027002993962614,1.2436223318247484,0.27668978560453644,0.3047054268283972,0.569548133325916,0.9373047826276955,0.7967411306878365,0.18237274836647419,161
B0_ConstantVelocity,,Sep7,2026.9.7/log_24_2026-9-7-06-16-04.ulg,0.5,0.375839480019815,1.1567630958719246,22.504059388225187,1.0658128089606294,1.1567630958719246,1.0658128089606294,0.6805855386366351,0.7864917603061669,0.5062952651767426,0.8383354029588843,0.6019978042639638,0.2659874800656575,161
B0_ConstantVelocity,,Sep7,2026.9.7/log_24_2026-9-7-06-16-04.ulg,1.0,1.1541737270592642,2.0275253241613576,45.40770725321101,1.1276576415463486,2.0275253241613576,1.1276576415463486,1.270607392689285,1.3983413307031782,0.7355659838561189,0.8351710705905036,0.7077198988904428,0.27061704325686275,161
B0_ConstantVelocity,,Sep7,2026.9.7/log_26_2026-9-7-06-30-26.ulg,0.1,0.051959925367475,0.8700960099262983,3.9673856241691006,1.0760918845803429,0.8700960099262983,1.0760918845803429,0.2413015881818618,0.3276054502572494,0.7691003048967806,0.7731966957325667,0.7332603592811581,0.1498994972465931,150
B0_ConstantVelocity,,Sep7,2026.9.7/log_26_2026-9-7-06-30-26.ulg,0.2,0.13342410927123197,0.8121724099463168,8.165490295800401,1.2177799257341781,0.8121724099463168,1.2177799257341781,0.29045861397194167,0.36605391753369243,0.6642758060517809,0.861368224275582,0.8443209132350719,0.16779429431111453,150
B0_ConstantVelocity,,Sep7,2026.9.7/log_26_2026-9-7-06-30-26.ulg,0.5,0.3511100103018291,0.9936930674170149,21.17921495091223,1.1201016604676999,0.9936930674170149,1.1201016604676999,0.5906467512911837,0.6242453330070029,0.4988788346289935,0.8384907078299192,0.7153459068522908,0.19960284620980054,150
B0_ConstantVelocity,,Sep7,2026.9.7/log_26_2026-9-7-06-30-26.ulg,1.0,1.0020829539995364,1.8084501731109115,42.73781872579514,1.1048146783722332,1.8084501731109115,1.1048146783722332,1.149471248306714,1.173109733280578,0.7569817908136632,0.7945044837421047,0.7270990236610553,0.246384067365512,150
B0_ConstantVelocity,,Sep7,2026.9.7/log_27_2026-9-7-06-37-24.ulg,0.1,0.07429297667126097,0.820548460928283,4.392973778312179,1.2367911230696513,0.820548460928283,1.2367911230696513,0.18545420142651134,0.2116479444039881,0.7707863929355495,1.0309210076888176,0.6704438920937605,0.13175411023543881,155
B0_ConstantVelocity,,Sep7,2026.9.7/log_27_2026-9-7-06-37-24.ulg,0.2,0.15357513642050247,0.7502072559563313,9.913970970718482,1.2853726430126478,0.7502072559563313,1.2853726430126478,0.3095529722814066,0.3347406011178527,0.5957655698381149,1.0003416919242625,0.7942924598926877,0.14352288654095158,155
B0_ConstantVelocity,,Sep7,2026.9.7/log_27_2026-9-7-06-37-24.ulg,0.5,0.4180224219323895,1.0932779241122617,24.51863210231161,1.0560495227469466,1.0932779241122617,1.0560495227469466,0.6832437604581132,0.7482108352734025,0.41062772571484996,0.8607971350183131,0.5884718842561344,0.16724152677595425,155
B0_ConstantVelocity,,Sep7,2026.9.7/log_27_2026-9-7-06-37-24.ulg,1.0,1.177407574326336,2.081787232617004,48.8350361103821,1.1321254416990756,2.081787232617004,1.1321254416990756,1.3185389948339519,1.4548443281142913,0.6918966555368754,0.9201735792860787,0.638893765325899,0.16371730621369476,155
B0_ConstantVelocity,,Sep7,2026.9.7/log_28_2026-9-7-06-44-02.ulg,0.1,0.09484370267316387,0.8280304918107758,4.490057956831094,1.122711074295379,0.8280304918107758,1.122711074295379,0.20821283185600853,0.2022534790945058,0.7754840051303863,0.8854154956019682,0.6780279765706658,0.1296056305910108,140
B0_ConstantVelocity,,Sep7,2026.9.7/log_28_2026-9-7-06-44-02.ulg,0.2,0.19861006284473218,0.6947462566764909,9.651411534617438,1.17913948926771,0.6947462566764909,1.17913948926771,0.3310556871281845,0.2911655422774799,0.536933068618746,0.8754214791066485,0.7761395589460734,0.14701889031086668,140
B0_ConstantVelocity,,Sep7,2026.9.7/log_28_2026-9-7-06-44-02.ulg,0.5,0.5477603859984179,1.0695880257908426,23.211324699583677,1.0072786302983083,1.0695880257908426,1.0072786302983083,0.7047067645502743,0.6692411322211766,0.4466802299806359,0.7844614088224083,0.6044550955443917,0.18402329905318618,140
B0_ConstantVelocity,,Sep7,2026.9.7/log_28_2026-9-7-06-44-02.ulg,1.0,1.3837811071607933,2.0316104994290534,46.62752325831427,1.1468841587530307,2.0316104994290534,1.1468841587530307,1.3735684900141143,1.3194626398823575,0.7069435384706437,0.9141485554036746,0.6636863737251311,0.19798002319327065,140
B0_ConstantVelocity,,Sep7,2026.9.7/log_29_2026-9-7-06-51-04.ulg,0.1,0.055199996224780466,0.8212310833566985,4.312369518980322,1.4002978656067138,0.8212310833566985,1.4002978656067138,0.19195894677171405,0.17089340167954786,0.7799792947815369,1.2190607737618826,0.6710406246493267,0.15629914384935067,201
B0_ConstantVelocity,,Sep7,2026.9.7/log_29_2026-9-7-06-51-04.ulg,0.2,0.1271812399019229,0.7227799225854851,9.887534730739203,1.2529117682251523,0.7227799225854851,1.2529117682251523,0.2947683258350719,0.2839000119866564,0.5957543401193525,1.0100118735043997,0.7233607499056843,0.16252119810380491,201
B0_ConstantVelocity,,Sep7,2026.9.7/log_29_2026-9-7-06-51-04.ulg,0.5,0.38103992686697014,1.098538472236092,23.875847839509497,1.0637131494731142,1.098538472236092,1.0637131494731142,0.6747534996424641,0.7122046446561375,0.4942256911910579,0.8321990611268734,0.6265370407722951,0.21536416499004127,201
B0_ConstantVelocity,,Sep7,2026.9.7/log_29_2026-9-7-06-51-04.ulg,1.0,1.0833916205147986,1.8604759901165384,47.42607043606663,1.2036072680406864,1.8604759901165384,1.2036072680406864,1.2158034091108831,1.2230120437190761,0.6981651102085787,1.0235757659093965,0.5940861271046735,0.21914556966803397,201
B0_ConstantVelocity,,Sep7,2026.9.7/log_30_2026-9-7-06-58-22.ulg,0.1,0.13500953682774294,0.8378836767457206,4.416945652413178,1.1821535166695076,0.8378836767457206,1.1821535166695076,0.23084818017312406,0.19966522726828786,0.7803153019693942,0.9459617754433083,0.6915609051417027,0.1561626423118432,164
B0_ConstantVelocity,,Sep7,2026.9.7/log_30_2026-9-7-06-58-22.ulg,0.2,0.28555975317665927,0.7145057371872896,9.76599185245154,1.2519004329399506,0.7145057371872896,1.2519004329399506,0.32563563626691366,0.31081957453816006,0.554861309653603,0.9580100980806048,0.7879314753473561,0.16921978645467076,164
B0_ConstantVelocity,,Sep7,2026.9.7/log_30_2026-9-7-06-58-22.ulg,0.5,0.7609035451059949,1.1567243251731107,24.23754539961148,1.002789995743889,1.1567243251731107,1.002789995743889,0.7620843167654588,0.7152873238513902,0.49558319475626733,0.7863684268527685,0.5846646825062555,0.2130250732730558,164
B0_ConstantVelocity,,Sep7,2026.9.7/log_30_2026-9-7-06-58-22.ulg,1.0,1.8286231491076492,2.114332582390023,48.37454989872337,1.2041303586603245,2.114332582390023,1.2041303586603245,1.471151101051653,1.377792949425078,0.6385947818022913,0.9441095182533333,0.710178916086697,0.2328798946599401,164
B1_MLP,17,Sep17,9.17数据/log_10_2026-9-17-06-34-34.ulg,0.1,0.04114138413599375,0.5844319746861019,2.4240442077379654,0.7482034111080672,0.5844319746861019,0.7482034111080672,0.16959736625848823,0.1434668573772286,0.5405688922126232,0.5418977345052082,0.4882753781743854,0.16656033381490115,130
B1_MLP,17,Sep17,9.17数据/log_10_2026-9-17-06-34-34.ulg,0.2,0.08164375726276886,0.46631661352253,3.778254663287865,0.8179424841978834,0.46631661352253,0.8179424841978834,0.17768587595427573,0.16604786236705166,0.39787814835300395,0.5598682957261375,0.5598094054969556,0.20540406133682013,130
B1_MLP,17,Sep17,9.17数据/log_10_2026-9-17-06-34-34.ulg,0.5,0.2081042653938683,0.6435791788792755,6.781188919295512,0.7748738475015147,0.6435791788792755,0.7748738475015147,0.271160735940627,0.256790484412421,0.5241418337495054,0.551240330760935,0.5024185664204902,0.21009322073868786,130
B1_MLP,17,Sep17,9.17数据/log_10_2026-9-17-06-34-34.ulg,1.0,0.5404224966141248,1.0745747287142682,10.858463626854448,0.7701887527026394,1.0745747287142682,0.7701887527026394,0.6081791295625842,0.619764015406419,0.633025717615922,0.5142587454429,0.5179169831110079,0.24594848267540534,130
B1_MLP,17,Sep17,9.17数据/log_11_2026-9-17-06-40-30.ulg,0.1,0.037754547658236826,0.5617994190892631,2.339098371438517,0.7496318598896055,0.5617994190892631,0.7496318598896055,0.13055846801146404,0.13047684438962065,0.5306117853927292,0.5807384091109687,0.43675466654203704,0.18421777004014683,145
B1_MLP,17,Sep17,9.17数据/log_11_2026-9-17-06-40-30.ulg,0.2,0.07331703279492391,0.45798448141602144,3.5489010973263726,0.7932692483731835,0.45798448141602144,0.7932692483731835,0.14770360676341962,0.1587017733606852,0.40341935612852403,0.5501104046934605,0.5177376550986142,0.2420792505679513,145
B1_MLP,17,Sep17,9.17数据/log_11_2026-9-17-06-40-30.ulg,0.5,0.1769807455793247,0.5830077404397983,6.747046451666632,0.7783761524323735,0.5830077404397983,0.7783761524323735,0.22709220813861086,0.25749033999619725,0.47119622157238455,0.5666716099927341,0.4805203776539838,0.23206224975842346,145
B1_MLP,17,Sep17,9.17数据/log_11_2026-9-17-06-40-30.ulg,1.0,0.4763530826790616,0.9997420167746045,10.12646357542699,0.7962088110528343,0.9997420167746045,0.7962088110528343,0.5261109947418394,0.6406553185269797,0.5587952077097657,0.5417777422349329,0.5143492872863826,0.27544538385127587,145
B1_MLP,17,Sep17,9.17数据/log_12_2026-9-17-06-46-02.ulg,0.1,0.03780980331178923,0.5623520851238576,2.0771227299478294,0.7067911879952425,0.5623520851238576,0.7067911879952425,0.15674492191118009,0.1291171069778127,0.5244041092362727,0.4985070116839354,0.47206943129230483,0.1679136527178141,144
B1_MLP,17,Sep17,9.17数据/log_12_2026-9-17-06-46-02.ulg,0.2,0.0707748892743836,0.42876025494639697,3.4762565392336024,0.7728803366426517,0.42876025494639697,0.7728803366426517,0.14786684880761344,0.1712483719185972,0.36420426461072025,0.5166811225858852,0.5361513743108125,0.20718671809958075,144
B1_MLP,17,Sep17,9.17数据/log_12_2026-9-17-06-46-02.ulg,0.5,0.17320120138003728,0.5232371124329487,6.002796358887092,0.789681166169626,0.5232371124329487,0.789681166169626,0.25452592297223314,0.2416633958964725,0.3880624092154351,0.5445539568568949,0.5391336357743347,0.19076754192279835,144
B1_MLP,17,Sep17,9.17数据/log_12_2026-9-17-06-46-02.ulg,1.0,0.4574876926014684,0.9078444453779794,8.455322291016035,0.7485591530673115,0.9078444453779794,0.7485591530673115,0.5514133716927019,0.4942001494506924,0.5252533129881719,0.4704478645123743,0.5305512961485256,0.23986440872233813,144
B1_MLP,17,Sep17,9.17数据/log_13_2026-9-17-06-52-30.ulg,0.1,0.03483264256431456,0.5692552139899182,2.4865087823732717,0.7913882423627501,0.5692552139899182,0.7913882423627501,0.14436912430680138,0.1455102514737769,0.5310704485448546,0.550382331781681,0.5462022720297954,0.15823310981602978,153
B1_MLP,17,Sep17,9.17数据/log_13_2026-9-17-06-52-30.ulg,0.2,0.07387153689900569,0.4656452761763722,4.157371029415356,0.7676461904915575,0.4656452761763722,0.7676461904915575,0.17165810629698625,0.1587667182420305,0.4026811976571022,0.505366950025077,0.5411013066219866,0.2027172799011733,153
B1_MLP,17,Sep17,9.17数据/log_13_2026-9-17-06-52-30.ulg,0.5,0.20291874673718657,0.6090153389554389,7.187046234679241,0.7547577330746101,0.6090153389554389,0.7547577330746101,0.29721586026473873,0.2597200028078565,0.46379730015555976,0.502762263854528,0.5182601968719419,0.2197628494947459,153
B1_MLP,17,Sep17,9.17数据/log_13_2026-9-17-06-52-30.ulg,1.0,0.5618185872499116,1.0549194047599786,10.889083563563187,0.8230691881068077,1.0549194047599786,0.8230691881068077,0.6741985193549773,0.5910113796399902,0.555892845946716,0.5576298745580168,0.5558043119763193,0.23994453150622222,153
B1_MLP,17,Sep17,9.17数据/log_6_2026-9-17-06-02-24.ulg,0.1,0.0330288111141753,0.4988484792750691,2.039191193435277,0.7450132144719198,0.4988484792750691,0.7450132144719198,0.13520582679570012,0.12924551661988698,0.46245517199962066,0.5288874834528847,0.504599630941785,0.14388165983916,138
B1_MLP,17,Sep17,9.17数据/log_6_2026-9-17-06-02-24.ulg,0.2,0.06902876609869044,0.41731287981023224,3.565409036985962,0.7172201268057539,0.41731287981023224,0.7172201268057539,0.15574963384401738,0.20497968622436002,0.3284439365376179,0.48575520192240856,0.5041396479117235,0.15585188322258137,138
B1_MLP,17,Sep17,9.17数据/log_6_2026-9-17-06-02-24.ulg,0.5,0.19064742565891843,0.5557116468047844,6.275198804907449,0.6560597982174164,0.5557116468047844,0.6560597982174164,0.23947739330979087,0.2659235079667224,0.42514785710233294,0.4477509509626909,0.43811644810992995,0.1949038805273572,138
B1_MLP,17,Sep17,9.17数据/log_6_2026-9-17-06-02-24.ulg,1.0,0.4936332279090189,0.9270871704835574,10.492975573334512,0.6785879267273826,0.9270871704835574,0.6785879267273826,0.48999166214721473,0.5642263007073105,0.5486779331188397,0.44528908510285053,0.44691874229343814,0.24992567450201125,138
B1_MLP,17,Sep17,9.17数据/log_7_2026-9-17-06-12-16.ulg,0.1,0.04394193862185043,0.5460420785899951,2.2847784225254957,0.7004948740348247,0.5460420785899951,0.7004948740348247,0.13231924207990822,0.0941613571279908,0.5213321480496824,0.5115315805117434,0.45157949078772597,0.15844391496084875,131
B1_MLP,17,Sep17,9.17数据/log_7_2026-9-17-06-12-16.ulg,0.2,0.08094634290513665,0.3799676255850876,3.392507939780749,0.6938600725865669,0.3799676255850876,0.6938600725865669,0.1522255508372568,0.14228602768958337,0.3177380438181462,0.42271705821974404,0.5091826287007835,0.20853090813891717,131
B1_MLP,17,Sep17,9.17数据/log_7_2026-9-17-06-12-16.ulg,0.5,0.19853455102055653,0.5008093399716229,6.398824941587524,0.6942369867726708,0.5008093399716229,0.6942369867726708,0.22096598659499955,0.19900133034923612,0.40296711812522035,0.46906241985615743,0.47299441536736664,0.19550376751655288,131
B1_MLP,17,Sep17,9.17数据/log_7_2026-9-17-06-12-16.ulg,1.0,0.4873440682353679,0.8691587695635298,10.066482218743234,0.7699187866983134,0.8691587695635298,0.7699187866983134,0.4929288554485972,0.5211272659126197,0.49079983995286997,0.5637159544027032,0.48815365220629015,0.19158620174875024,131
B1_MLP,17,Sep17,9.17数据/log_8_2026-9-17-06-17-52.ulg,0.1,0.03443766866956353,0.5132563062583485,2.307507750355772,0.7172378410288496,0.5132563062583485,0.7172378410288496,0.12160445193680432,0.135996874035712,0.47973872413599045,0.5290892658051096,0.45080938137887056,0.1768207314608083,146
B1_MLP,17,Sep17,9.17数据/log_8_2026-9-17-06-17-52.ulg,0.2,0.07362278374904556,0.41644985751044195,3.954772455306397,0.8094616201017363,0.41644985751044195,0.8094616201017363,0.1459050362428905,0.12596210173378744,0.3691554593206433,0.6148452571765386,0.48928303089297714,0.19441075028255447,146
B1_MLP,17,Sep17,9.17数据/log_8_2026-9-17-06-17-52.ulg,0.5,0.1767061176807499,0.5542490517907775,6.709440202849732,0.7484378499805783,0.5542490517907775,0.7484378499805783,0.259137020218221,0.23458960337118048,0.43012525402904384,0.49891719519857436,0.5136935158543668,0.2176231131748593,146
B1_MLP,17,Sep17,9.17数据/log_8_2026-9-17-06-17-52.ulg,1.0,0.48324906940040707,0.9596398361501222,10.513569768276533,0.7531064054512905,0.9596398361501222,0.7531064054512905,0.5998960974565363,0.5737039465490507,0.4815569219694545,0.529237930095165,0.46945160705933275,0.2582472844189433,146
B1_MLP,17,Sep17,9.17数据/log_9_2026-9-17-06-28-10.ulg,0.1,0.032582032076939216,0.5417203494275592,2.212311687409765,0.7594085094653187,0.5417203494275592,0.7594085094653187,0.1724439263754549,0.15013083682547865,0.4911056516414925,0.5741796437064391,0.4616747806031616,0.18405275862237525,114
B1_MLP,17,Sep17,9.17数据/log_9_2026-9-17-06-28-10.ulg,0.2,0.07634345989143719,0.5013988463040268,3.807166186111252,0.7579494123154055,0.5013988463040268,0.7579494123154055,0.2358042195183404,0.18371572102824293,0.40254901189722003,0.5414140767635138,0.4909386611071069,0.2008415797138178,114
B1_MLP,17,Sep17,9.17数据/log_9_2026-9-17-06-28-10.ulg,0.5,0.21487069307866177,0.6779091389667381,6.7487989317057195,0.785929973824209,0.6779091389667381,0.785929973824209,0.364100559682552,0.34874468062366387,0.4531762690942404,0.5556790939655345,0.5068594042752073,0.22803555113785767,114
B1_MLP,17,Sep17,9.17数据/log_9_2026-9-17-06-28-10.ulg,1.0,0.5357520002489771,0.9960882065632823,10.660290292893466,0.8621229594534547,0.9960882065632823,0.8621229594534547,0.5637264362476769,0.6359714371968783,0.5195618840905162,0.5807493137723476,0.5696262294655337,0.2855033983591257,114
B1_MLP,17,Sep7,2026.9.7/log_21_2026-9-7-05-54-56.ulg,0.1,0.03342837022523515,0.5589672153614044,2.0241573793589627,0.7370503008972195,0.5589672153614044,0.7370503008972195,0.13829142196564304,0.10905918038093697,0.5304959242390476,0.5536206421025911,0.45920686446077474,0.16086138853901508,168
B1_MLP,17,Sep7,2026.9.7/log_21_2026-9-7-05-54-56.ulg,0.2,0.06401934186449001,0.4317778876872166,3.128876379465565,0.7198692086723076,0.4317778876872166,0.7198692086723076,0.15662374208105082,0.11611544804007708,0.3852510226314983,0.5566547376487532,0.42066446142607866,0.1771682577122644,168
B1_MLP,17,Sep7,2026.9.7/log_21_2026-9-7-05-54-56.ulg,0.5,0.1563515082669405,0.510134256509453,4.89268625783436,0.724504435426079,0.510134256509453,0.724504435426079,0.26088596355653815,0.2448404983597113,0.36363251236185873,0.5164290013428191,0.4761058131048005,0.1775697560169999,168
B1_MLP,17,Sep7,2026.9.7/log_21_2026-9-7-05-54-56.ulg,1.0,0.39901632366740447,0.7603825683621468,7.7344599281159905,0.7335882373190711,0.7603825683621468,0.7335882373190711,0.3978664329428777,0.4423737671103623,0.47348643272950547,0.5456381867864953,0.44663664174811385,0.20235212205760128,168
B1_MLP,17,Sep7,2026.9.7/log_22_2026-9-7-06-01-40.ulg,0.1,0.06631193720251732,0.49867715980058774,2.0349593701596533,0.7226579696482822,0.49867715980058774,0.7226579696482822,0.12359257179426615,0.09689922789263442,0.47330151651761204,0.5620653726512788,0.42875248105558145,0.14996122149155694,182
B1_MLP,17,Sep7,2026.9.7/log_22_2026-9-7-06-01-40.ulg,0.2,0.1244145001619392,0.4271537525122844,2.9475308995499665,0.7699321909194641,0.4271537525122844,0.7699321909194641,0.1484293219535771,0.12840738213052388,0.379395056483493,0.575736485981198,0.47235092826207237,0.19546784363169975,182
B1_MLP,17,Sep7,2026.9.7/log_22_2026-9-7-06-01-40.ulg,0.5,0.29544560536403974,0.4708180406031736,4.841523734204945,0.7596379398776741,0.4708180406031736,0.7596379398776741,0.22588505778905135,0.20197014940840233,0.3603520872327455,0.6006700313198257,0.4231083292421014,0.19293691948871303,182
B1_MLP,17,Sep7,2026.9.7/log_22_2026-9-7-06-01-40.ulg,1.0,0.6743941846291538,0.7529941965623085,7.370297464256356,0.7415409195690812,0.7529941965623085,0.7415409195690812,0.4588584661055222,0.41817843645713365,0.42611731180752416,0.5540079175167425,0.45420702332169455,0.19145271658915253,182
B1_MLP,17,Sep7,2026.9.7/log_23_2026-9-7-06-09-22.ulg,0.1,0.03675059458498258,0.5265351332582877,1.9170757331951063,0.6834655939432398,0.5265351332582877,0.6834655939432398,0.12601882643377252,0.12495657474808515,0.4957260900606339,0.5176831269763431,0.4132643692743046,0.16835070310661668,160
B1_MLP,17,Sep7,2026.9.7/log_23_2026-9-7-06-09-22.ulg,0.2,0.06707118959286278,0.37897308922014555,2.9391534606030163,0.7723328176450261,0.37897308922014555,0.7723328176450261,0.1453695100847366,0.1350408895912389,0.3228811949141524,0.6260338984011538,0.4208833900115366,0.16564030692001208,160
B1_MLP,17,Sep7,2026.9.7/log_23_2026-9-7-06-09-22.ulg,0.5,0.1582002015310247,0.48903364253653603,5.071239256605449,0.9076488307883696,0.48903364253653603,0.9076488307883696,0.23676166929815484,0.21725787679611774,0.36864187289800193,0.7659231507587482,0.45241956142373835,0.18029050891391482,160
B1_MLP,17,Sep7,2026.9.7/log_23_2026-9-7-06-09-22.ulg,1.0,0.4120360404370507,0.8221592034718029,7.937872954901783,0.811361840597636,0.8221592034718029,0.811361840597636,0.47748267566647357,0.4852751299870551,0.4609382805840946,0.6431107420103772,0.4587368912240255,0.18514068844790035,160
B1_MLP,17,Sep7,2026.9.7/log_24_2026-9-7-06-16-04.ulg,0.1,0.03770080213010696,0.5479618296499883,1.9928678822019978,0.7549468944980599,0.5479618296499883,0.7549468944980599,0.13458962933461327,0.14032360467178567,0.5123056552497254,0.5846621194469289,0.45381328758003164,0.1488909655146785,161
B1_MLP,17,Sep7,2026.9.7/log_24_2026-9-7-06-16-04.ulg,0.2,0.07988804517612222,0.44058285701692784,3.2518259387175474,0.7759725463782224,0.44058285701692784,0.7759725463782224,0.15852670287316153,0.15466664900374047,0.38086843668032766,0.5797266416149472,0.4841738069616499,0.17783739310623123,161
B1_MLP,17,Sep7,2026.9.7/log_24_2026-9-7-06-16-04.ulg,0.5,0.1842069204481685,0.5924093270899768,5.868708879203089,0.8001430662864976,0.5924093270899768,0.8001430662864976,0.3192773194590065,0.2716399877048371,0.4185958924571367,0.6325035450491903,0.4518461134820889,0.18974530760389463,161
B1_MLP,17,Sep7,2026.9.7/log_24_2026-9-7-06-16-04.ulg,1.0,0.47804969138300185,0.9163791196710018,9.805857666386435,0.7827712393672082,0.9163791196710018,0.7827712393672082,0.5693504525029148,0.5253408657676587,0.48949742385247863,0.598584732894997,0.45729498962122994,0.21285775342425198,161
B1_MLP,17,Sep7,2026.9.7/log_26_2026-9-7-06-30-26.ulg,0.1,0.039801106204023225,0.5854226921433882,1.7139628300397511,0.6838090889116335,0.5854226921433882,0.6838090889116335,0.18723993097095398,0.25105142779219286,0.4946050114282163,0.49081381717198663,0.45314227225625053,0.14614632409220588,150
B1_MLP,17,Sep7,2026.9.7/log_26_2026-9-7-06-30-26.ulg,0.2,0.08779960733893924,0.48906930401830967,2.509198296495755,0.8013862162990456,0.48906930401830967,0.8013862162990456,0.16711162996418363,0.21500631346571947,0.40624471988389993,0.6357457039559018,0.4638749023351635,0.15121951778543052,150
B1_MLP,17,Sep7,2026.9.7/log_26_2026-9-7-06-30-26.ulg,0.5,0.18571833104164437,0.5122301022521639,4.251010973645695,0.7295971812915099,0.5122301022521639,0.7295971812915099,0.23772732200668545,0.23890668044324456,0.3857317669889031,0.5749746514544615,0.4229702385409756,0.1510376590189582,150
B1_MLP,17,Sep7,2026.9.7/log_26_2026-9-7-06-30-26.ulg,1.0,0.44287026881992503,0.7380140010820605,6.534419514633656,0.7415894269220108,0.7380140010820605,0.7415894269220108,0.4259668154135518,0.40975107626581486,0.4419513473885955,0.5438830601459461,0.4716693728524888,0.17797218243797971,150
B1_MLP,17,Sep7,2026.9.7/log_27_2026-9-7-06-37-24.ulg,0.1,0.0663147058925364,0.4567571293667918,1.5839120146533114,0.66972895814748,0.4567571293667918,0.66972895814748,0.10632661356959608,0.11538157852673626,0.428962489981225,0.5384167877036594,0.3721343819446987,0.1419867665482199,155
B1_MLP,17,Sep7,2026.9.7/log_27_2026-9-7-06-37-24.ulg,0.2,0.12191620339483435,0.3613521417729227,2.1879553377467538,0.7572287810291396,0.3613521417729227,0.7572287810291396,0.12106398902373894,0.1219005064465604,0.3178980142335125,0.6086651445073676,0.4276681661111265,0.14149949956041424,155
B1_MLP,17,Sep7,2026.9.7/log_27_2026-9-7-06-37-24.ulg,0.5,0.2665467367190824,0.3999902474503842,3.582518838143482,0.7184981324105703,0.3999902474503842,0.7184981324105703,0.19351956746879084,0.17285792809694006,0.3044051769535872,0.5934590750486454,0.3827705726948144,0.1324106536452694,155
B1_MLP,17,Sep7,2026.9.7/log_27_2026-9-7-06-37-24.ulg,1.0,0.5342081412078653,0.7060025578848922,5.96034843173927,0.7495731171621658,0.7060025578848922,0.7495731171621658,0.404824827321873,0.3753536517340651,0.4400751152402602,0.6129312817565774,0.40765381762232306,0.14139825598072536,155
B1_MLP,17,Sep7,2026.9.7/log_28_2026-9-7-06-44-02.ulg,0.1,0.08915171525946229,0.5102404395367984,1.6777383428021897,0.6985889360975539,0.5102404395367984,0.6985889360975539,0.13023533938369056,0.13107880456447174,0.47560741111579535,0.5460667334241914,0.41356611316907643,0.13711562392217724,140
B1_MLP,17,Sep7,2026.9.7/log_28_2026-9-7-06-44-02.ulg,0.2,0.1746782203062366,0.4016903583268178,2.3730009778236862,0.7511717122945698,0.4016903583268178,0.7511717122945698,0.13857994453015574,0.16594160398275448,0.33854708241894055,0.5802289393398891,0.4515137123530238,0.15404118560065136,140
B1_MLP,17,Sep7,2026.9.7/log_28_2026-9-7-06-44-02.ulg,0.5,0.4417979441066201,0.5151574796573624,4.04771431055719,0.7173972450874351,0.5151574796573624,0.7173972450874351,0.23678488559047034,0.27184823181537887,0.3679927793607988,0.5532828517740818,0.4290644094394345,0.1563349792726188,140
B1_MLP,17,Sep7,2026.9.7/log_28_2026-9-7-06-44-02.ulg,1.0,0.9073668487712406,0.8507162809665604,6.712396232019219,0.7275733995823489,0.8507162809665604,0.7275733995823489,0.4846259430973729,0.5179454662886247,0.46966837229008374,0.5706865798329002,0.4238043654864666,0.1551442527877095,140
B1_MLP,17,Sep7,2026.9.7/log_29_2026-9-7-06-51-04.ulg,0.1,0.04480938093088337,0.43516073286064716,1.8272974497119172,0.7580915986365745,0.43516073286064716,0.7580915986365745,0.11058127035290777,0.10491886283184644,0.4075888593828648,0.6347718956043839,0.38860819777791394,0.14405270248758215,201
B1_MLP,17,Sep7,2026.9.7/log_29_2026-9-7-06-51-04.ulg,0.2,0.08368462163259072,0.3357248721747396,2.465508866585148,0.7062456003458223,0.3357248721747396,0.7062456003458223,0.10760771984462474,0.10844426713257013,0.2989508477202662,0.5600138430761322,0.40387550789992094,0.14849888110525628,201
B1_MLP,17,Sep7,2026.9.7/log_29_2026-9-7-06-51-04.ulg,0.5,0.2238031664303378,0.5111698138851932,4.029594046159047,0.7303027318014799,0.5111698138851932,0.7303027318014799,0.25130241296157635,0.2818788222078072,0.3445083532482948,0.5750615956053022,0.4199448776120687,0.16214974900989754,201
B1_MLP,17,Sep7,2026.9.7/log_29_2026-9-7-06-51-04.ulg,1.0,0.4979097666285849,0.6305627551221645,6.566991740806627,0.709890372253045,0.6305627551221645,0.709890372253045,0.34040845641168727,0.30781918371773964,0.4324104775395847,0.5660660715219767,0.40305914038882723,0.14510986402813142,201
B1_MLP,17,Sep7,2026.9.7/log_30_2026-9-7-06-58-22.ulg,0.1,0.13045318735058956,0.5122019999844813,1.8403020083888608,0.6467061360606747,0.5122019999844813,0.6467061360606747,0.1436828458103479,0.13430479474270038,0.47293588436178496,0.5134960001489229,0.3633364125276094,0.15012440035234798,164
B1_MLP,17,Sep7,2026.9.7/log_30_2026-9-7-06-58-22.ulg,0.2,0.26948118875158894,0.4223527080813,2.676036872232056,0.673856505144176,0.4223527080813,0.673856505144176,0.16480678181248745,0.1650498924176967,0.3521066141172666,0.49510714439678943,0.4277642901995575,0.16114967304480793,164
B1_MLP,17,Sep7,2026.9.7/log_30_2026-9-7-06-58-22.ulg,0.5,0.6733289571698067,0.5663195845816521,4.589467014639716,0.695617894415353,0.5663195845816521,0.695617894415353,0.2742415914639175,0.29149591062343677,0.40067387671507365,0.5227049580048069,0.4315167748282948,0.15638751532596498,164
B1_MLP,17,Sep7,2026.9.7/log_30_2026-9-7-06-58-22.ulg,1.0,1.3966531498513906,0.9009630774736367,7.277222043272956,0.782494369075792,0.9009630774736367,0.782494369075792,0.478692932346028,0.5887882288809471,0.4857118127284585,0.6325982812283091,0.42201646493027006,0.18444228243564176,164
B1_MLP,23,Sep17,9.17数据/log_10_2026-9-17-06-34-34.ulg,0.1,0.0414986925541165,0.600189425557415,2.394725204895308,0.7341884884801921,0.600189425557415,0.7341884884801921,0.1700793533127114,0.13731966984582486,0.5589666075903849,0.5398378952526363,0.4697842361035207,0.16404436892092497,130
B1_MLP,23,Sep17,9.17数据/log_10_2026-9-17-06-34-34.ulg,0.2,0.08275863652007809,0.487791312866776,3.637966340862242,0.8400774836156415,0.487791312866776,0.8400774836156415,0.169708733961512,0.14858663620200463,0.43250586362227134,0.5711358627383624,0.582603517221076,0.20026768709336623,130
B1_MLP,23,Sep17,9.17数据/log_10_2026-9-17-06-34-34.ulg,0.5,0.2021334197461967,0.6472202931109541,6.668647452741417,0.7815809064179017,0.6472202931109541,0.7815809064179017,0.25383317924914356,0.25545994583557524,0.5377760137832351,0.5380905168033024,0.5262195648492182,0.21076118848897005,130
B1_MLP,23,Sep17,9.17数据/log_10_2026-9-17-06-34-34.ulg,1.0,0.5340407136113021,1.079808195614152,10.661966025687928,0.7843481744534431,1.079808195614152,0.7843481744534431,0.5901412683245599,0.613266859694731,0.664547049903868,0.5305630321183541,0.5249357355844818,0.2411377225242995,130
B1_MLP,23,Sep17,9.17数据/log_11_2026-9-17-06-40-30.ulg,0.1,0.03673429953691276,0.5535465783396918,2.330298171893287,0.7469731870985049,0.5535465783396918,0.7469731870985049,0.13108996877902798,0.1252603482799159,0.5230096362648476,0.5815018517758508,0.43275442845907436,0.18041103977976092,145
B1_MLP,23,Sep17,9.17数据/log_11_2026-9-17-06-40-30.ulg,0.2,0.07338003908933674,0.4678370773717937,3.5837980263500873,0.7939608761363677,0.4678370773717937,0.7939608761363677,0.15131067439142687,0.158739781488076,0.41325330313514874,0.5535839782829315,0.5196286297590964,0.23217394116988108,145
B1_MLP,23,Sep17,9.17数据/log_11_2026-9-17-06-40-30.ulg,0.5,0.1789336722045757,0.5788699602311842,6.6299990148368675,0.7713388637199905,0.5788699602311842,0.7713388637199905,0.2263280592385001,0.25750726921026296,0.4664290372213762,0.5641589076291097,0.4728381042997672,0.23046148647827902,145
B1_MLP,23,Sep17,9.17数据/log_11_2026-9-17-06-40-30.ulg,1.0,0.4800223436162491,1.0074704284739509,10.031267581266237,0.8008008267221279,1.0074704284739509,0.8008008267221279,0.5175600237997438,0.6365721050024441,0.584725782864628,0.5428492697229849,0.5225435573011384,0.271191565435095,145
B1_MLP,23,Sep17,9.17数据/log_12_2026-9-17-06-46-02.ulg,0.1,0.03757013473721616,0.5613591361213257,2.0403845914618333,0.6996354423452514,0.5613591361213257,0.6996354423452514,0.15168756134918746,0.12261954987600064,0.526383329358961,0.505079368977158,0.4569579205964344,0.15991886074961326,144
B1_MLP,23,Sep17,9.17数据/log_12_2026-9-17-06-46-02.ulg,0.2,0.07011136129186057,0.4279133599936655,3.3665831830032564,0.7669429411387196,0.4279133599936655,0.7669429411387196,0.1503124469069206,0.15381787788530005,0.3699406336275936,0.5065831338656688,0.539225805834022,0.2020161720456978,144
B1_MLP,23,Sep17,9.17数据/log_12_2026-9-17-06-46-02.ulg,0.5,0.17082540065352775,0.5141296118885751,5.990315032194948,0.7833719533101825,0.5141296118885751,0.7833719533101825,0.2449750123809441,0.23615279232446104,0.3854197190168312,0.5415201911629063,0.5303509992904233,0.19787702582045646,144
B1_MLP,23,Sep17,9.17数据/log_12_2026-9-17-06-46-02.ulg,1.0,0.4488729520934872,0.8726244676417887,8.491680856322388,0.7557604933303103,0.8726244676417887,0.7557604933303103,0.5071723006683351,0.5069314676453245,0.49726271333457156,0.48532964354916447,0.5317208461662579,0.2300043524013264,144
B1_MLP,23,Sep17,9.17数据/log_13_2026-9-17-06-52-30.ulg,0.1,0.03525436759320499,0.5691760941851473,2.5208427732066867,0.7821416048679468,0.5691760941851473,0.7821416048679468,0.14109345403537576,0.14300864266085334,0.5325435114096568,0.5370209283251558,0.5451636854857541,0.1617113744725002,153
B1_MLP,23,Sep17,9.17数据/log_13_2026-9-17-06-52-30.ulg,0.2,0.07448852757007843,0.4896709573265054,4.1946288034183254,0.7847649303489239,0.4896709573265054,0.7847649303489239,0.16769885650537406,0.1509289968713072,0.4345977195974079,0.5115109798457389,0.5638011239433641,0.19063264684466508,153
B1_MLP,23,Sep17,9.17数据/log_13_2026-9-17-06-52-30.ulg,0.5,0.20392513035061777,0.6365784344667587,7.196314193641564,0.7754095428169635,0.6365784344667587,0.7754095428169635,0.28366604402335166,0.2501407231985118,0.5120500925632342,0.5158275124137932,0.5381177095967296,0.213567945036188,153
B1_MLP,23,Sep17,9.17数据/log_13_2026-9-17-06-52-30.ulg,1.0,0.5555555739419571,1.043556395792813,10.720542977590389,0.8203778636386313,1.043556395792813,0.8203778636386313,0.6392356489117469,0.5700014552495666,0.5962265319271195,0.5472348455051949,0.5659442781240072,0.2307833119440978,153
B1_MLP,23,Sep17,9.17数据/log_6_2026-9-17-06-02-24.ulg,0.1,0.032520189424827275,0.49515558818787236,1.9798422136552345,0.729093816292361,0.49515558818787236,0.729093816292361,0.1353199066882442,0.12660272683831233,0.4591724392041256,0.5155028264476682,0.4967355198183685,0.13816096493221064,138
B1_MLP,23,Sep17,9.17数据/log_6_2026-9-17-06-02-24.ulg,0.2,0.06794723785436212,0.42727890263309076,3.532484512747143,0.7343510657321985,0.42727890263309076,0.7343510657321985,0.14957669874607826,0.2003696876883094,0.3464766371391476,0.5085737234866557,0.5034593219848157,0.16478157247557718,138
B1_MLP,23,Sep17,9.17数据/log_6_2026-9-17-06-02-24.ulg,0.5,0.18653808317714277,0.5841691034202005,6.247678780892712,0.6507975565745582,0.5841691034202005,0.6507975565745582,0.2581603717843999,0.26027969813956847,0.4548200111772529,0.45755340771423364,0.4225292215022049,0.18881577187631401,138
B1_MLP,23,Sep17,9.17数据/log_6_2026-9-17-06-02-24.ulg,1.0,0.4813534832397541,0.9250588939512541,10.033377438486331,0.6919572251310145,0.9250588939512541,0.6919572251310145,0.49687703404767286,0.5333249511882303,0.5695714764227374,0.4479116620924765,0.4719054838211791,0.2355528788023352,138
B1_MLP,23,Sep17,9.17数据/log_7_2026-9-17-06-12-16.ulg,0.1,0.044291735822973265,0.5544901537517571,2.2671862663104907,0.6776244454155983,0.5544901537517571,0.6776244454155983,0.1310312283578364,0.09387025743307002,0.5305454952896433,0.47474668914884216,0.46025554215874204,0.14817322996807558,131
B1_MLP,23,Sep17,9.17数据/log_7_2026-9-17-06-12-16.ulg,0.2,0.0809620215955217,0.3801153403239362,3.300256870072333,0.7010503315631561,0.3801153403239362,0.7010503315631561,0.1448675232860808,0.12623873682079892,0.3279708126837321,0.4282550958962683,0.5167948771306144,0.20246529380425227,131
B1_MLP,23,Sep17,9.17数据/log_7_2026-9-17-06-12-16.ulg,0.5,0.19241440865530296,0.5131602470953426,6.244053988690222,0.7051868059524822,0.5131602470953426,0.7051868059524822,0.2115872795787245,0.1745862413905507,0.4336864150933807,0.47054182501768893,0.48698613226429105,0.19678244124096267,131
B1_MLP,23,Sep17,9.17数据/log_7_2026-9-17-06-12-16.ulg,1.0,0.4684952688092332,0.8557761338802421,9.732547133945246,0.8001482301588825,0.8557761338802421,0.8001482301588825,0.468331319235244,0.48601548022049684,0.5261250038996722,0.5766046567957016,0.5212861798607722,0.18980247278174686,131
B1_MLP,23,Sep17,9.17数据/log_8_2026-9-17-06-17-52.ulg,0.1,0.03433429515541099,0.5223162014890552,2.263181878350252,0.7122550911663182,0.5223162014890552,0.7122550911663182,0.121391248639385,0.1285456722751623,0.491481830011093,0.5265496879310912,0.44802783772523375,0.17124192727034573,146
B1_MLP,23,Sep17,9.17数据/log_8_2026-9-17-06-17-52.ulg,0.2,0.07272730709621042,0.4175155676821672,3.8301152447775975,0.8024921335136324,0.4175155676821672,0.8024921335136324,0.1343355556949787,0.1205549451637452,0.37648335013603196,0.6091599018709314,0.4873489017229605,0.18817249079842407,146
B1_MLP,23,Sep17,9.17数据/log_8_2026-9-17-06-17-52.ulg,0.5,0.17416371971944258,0.568029099529361,6.596284064477556,0.7580829528561973,0.568029099529361,0.7580829528561973,0.2538639987970749,0.21919016328866262,0.4584384368095512,0.5189575601502535,0.5097514668316949,0.21336882676952376,146
B1_MLP,23,Sep17,9.17数据/log_8_2026-9-17-06-17-52.ulg,1.0,0.4777765756522878,0.93388182529102,10.064570022082783,0.7482017302002033,0.93388182529102,0.7482017302002033,0.5860943893249354,0.5421842603965487,0.4844221900253599,0.5174646706068884,0.4755476710554468,0.25669155868867766,146
B1_MLP,23,Sep17,9.17数据/log_9_2026-9-17-06-28-10.ulg,0.1,0.032171689130232425,0.5335462890877511,2.1812451516746125,0.7420619414848577,0.5335462890877511,0.7420619414848577,0.15365375055707,0.12964151134193588,0.49422185916451994,0.5639820819252737,0.4504777290908392,0.17219161379309555,114
B1_MLP,23,Sep17,9.17数据/log_9_2026-9-17-06-28-10.ulg,0.2,0.07425589976940923,0.48553036803868604,3.7110426554139466,0.7524204589538611,0.48553036803868604,0.7524204589538611,0.2073066303473383,0.15380245652657096,0.4112280433873718,0.5282537533572303,0.4970346695564148,0.20010261461381015,114
B1_MLP,23,Sep17,9.17数据/log_9_2026-9-17-06-28-10.ulg,0.5,0.2014976277442913,0.6130350429872752,6.5845055147342,0.7929307621682714,0.6130350429872752,0.7929307621682714,0.3016863234250551,0.29670048011095984,0.443583308174022,0.577399348333705,0.4960361064274685,0.2220301043931787,114
B1_MLP,23,Sep17,9.17数据/log_9_2026-9-17-06-28-10.ulg,1.0,0.4798611309825434,0.9284196459586623,10.251278244575934,0.8586552632586092,0.9284196459586623,0.8586552632586092,0.5031257534084135,0.5864347299114664,0.5147055690517538,0.5984979882254526,0.549606326695996,0.2775282055350979,114
B1_MLP,23,Sep7,2026.9.7/log_21_2026-9-7-05-54-56.ulg,0.1,0.03409877890665083,0.5729759204416737,2.046869685876494,0.7394283709312065,0.5729759204416737,0.7394283709312065,0.1402775106331567,0.1086616136965877,0.5448084793075464,0.5647634297474684,0.4500595635406739,0.15888037456977622,168
B1_MLP,23,Sep7,2026.9.7/log_21_2026-9-7-05-54-56.ulg,0.2,0.0653606126104181,0.43427551015490856,3.2343504184321303,0.7225199148683874,0.43427551015490856,0.7225199148683874,0.14732291214492302,0.11151880152787358,0.39300729660304295,0.5511823022638455,0.43344157954691565,0.1742454997192852,168
B1_MLP,23,Sep7,2026.9.7/log_21_2026-9-7-05-54-56.ulg,0.5,0.16534999652384302,0.5599830763617347,5.035881131667249,0.7118213375762049,0.5599830763617347,0.7118213375762049,0.29157162527406166,0.2868908671542576,0.3824404051484005,0.5178172279008627,0.4535972345515786,0.18112008150672804,168
B1_MLP,23,Sep7,2026.9.7/log_21_2026-9-7-05-54-56.ulg,1.0,0.41795694809519573,0.755859950222863,7.470447696689104,0.7430206770810124,0.755859950222863,0.7430206770810124,0.4041323048616503,0.4436266824040964,0.4595614335181468,0.5651336128953048,0.4368016397158076,0.20471456637818328,168
B1_MLP,23,Sep7,2026.9.7/log_22_2026-9-7-06-01-40.ulg,0.1,0.06647391963323251,0.49722574015021515,2.0458629180099988,0.701960340559551,0.49722574015021515,0.701960340559551,0.12336955593972938,0.09842435356666206,0.4715146190312109,0.5538635631162953,0.407021935939559,0.14253637021692395,182
B1_MLP,23,Sep7,2026.9.7/log_22_2026-9-7-06-01-40.ulg,0.2,0.12453452828114628,0.41512386458861966,2.9114337690522367,0.7800265869115285,0.41512386458861966,0.7800265869115285,0.13967806025135973,0.11780173180261425,0.3727473868717434,0.5891236580232632,0.47444649436983455,0.19046079866028073,182
B1_MLP,23,Sep7,2026.9.7/log_22_2026-9-7-06-01-40.ulg,0.5,0.2926181170373168,0.48537012041647143,4.742713247574049,0.7652568599741351,0.48537012041647143,0.7652568599741351,0.22803598274057055,0.19943345570204873,0.37922294381456034,0.6046714646544668,0.4310466545563994,0.18490338873539083,182
B1_MLP,23,Sep7,2026.9.7/log_22_2026-9-7-06-01-40.ulg,1.0,0.6712026203678448,0.7708743571663786,7.1637508009762225,0.7501869313485909,0.7708743571663786,0.7501869313485909,0.47719816072896803,0.4068921176840209,0.44829453989556944,0.5717320855083318,0.44740331976678127,0.1890320708984917,182
B1_MLP,23,Sep7,2026.9.7/log_23_2026-9-7-06-09-22.ulg,0.1,0.036308319720713564,0.5195356318155673,1.9411385408211284,0.6769833193629576,0.5195356318155673,0.6769833193629576,0.118051400929247,0.1158160830455909,0.49251169973171155,0.5103027609114713,0.40960785547095613,0.17354800960628283,160
B1_MLP,23,Sep7,2026.9.7/log_23_2026-9-7-06-09-22.ulg,0.2,0.06469249494638621,0.36856081431578164,3.023630563106724,0.794264961879031,0.36856081431578164,0.794264961879031,0.13063799016294472,0.12873019811953926,0.31968629227322626,0.657113750305621,0.4166808170991184,0.15948493812768502,160
B1_MLP,23,Sep7,2026.9.7/log_23_2026-9-7-06-09-22.ulg,0.5,0.146606796556506,0.5110804203799275,5.167408612907754,0.8968792817292712,0.5110804203799275,0.8968792817292712,0.2338936883934231,0.21139125898995167,0.40225697538773264,0.7514991691107734,0.45394455627416125,0.18323696311084595,160
B1_MLP,23,Sep7,2026.9.7/log_23_2026-9-7-06-09-22.ulg,1.0,0.41591901514050783,0.8897288719977442,8.11130002667255,0.8238189442914806,0.8897288719977442,0.8238189442914806,0.47680489873234644,0.5438856053240756,0.5181341549564931,0.6451531220660314,0.4755906593803338,0.1904432376645634,160
B1_MLP,23,Sep7,2026.9.7/log_24_2026-9-7-06-16-04.ulg,0.1,0.038827982012763836,0.5590523524725056,2.046542000168174,0.745906205883246,0.5590523524725056,0.745906205883246,0.13160722245295794,0.13507422143550116,0.5262832189105535,0.5761965959411935,0.4512606426166754,0.14400480278832825,161
B1_MLP,23,Sep7,2026.9.7/log_24_2026-9-7-06-16-04.ulg,0.2,0.07930369993969619,0.4304183305876614,3.2498062011582207,0.7759059977697876,0.4304183305876614,0.7759059977697876,0.14417689724176136,0.13720220554193382,0.38163924903242963,0.584857086603251,0.4784044418695548,0.17635616128892956,161
B1_MLP,23,Sep7,2026.9.7/log_24_2026-9-7-06-16-04.ulg,0.5,0.17917815627965414,0.6251242798423436,5.932549488644568,0.7983674312963172,0.6251242798423436,0.7983674312963172,0.3052826892313727,0.30957535520696833,0.4491613789636741,0.6248710205911864,0.4548329662107331,0.20013429448236722,161
B1_MLP,23,Sep7,2026.9.7/log_24_2026-9-7-06-16-04.ulg,1.0,0.47049546475140513,0.9384264780768109,9.78858211582138,0.8062082034983411,0.9384264780768109,0.8062082034983411,0.5238710623193047,0.5459803205988494,0.5550755393087216,0.6296143683874076,0.45272188694647514,0.22045477447261505,161
B1_MLP,23,Sep7,2026.9.7/log_26_2026-9-7-06-30-26.ulg,0.1,0.040390255999045985,0.601152549646457,1.6655107512792922,0.6834995433269367,0.601152549646457,0.6834995433269367,0.19863240366192533,0.26592926724968025,0.5012097175653821,0.4945391985280122,0.45143586380078743,0.13714323797343958,150
B1_MLP,23,Sep7,2026.9.7/log_26_2026-9-7-06-30-26.ulg,0.2,0.08949552170942449,0.5128358682128029,2.5980737791088697,0.8182338544556533,0.5128358682128029,0.8182338544556533,0.1722946440079352,0.23758981524328393,0.4205547087650078,0.645943234460973,0.47914242987131905,0.15062041803308018,150
B1_MLP,23,Sep7,2026.9.7/log_26_2026-9-7-06-30-26.ulg,0.5,0.19272405199993642,0.5502495262392126,4.373721055049823,0.7562041326040551,0.5502495262392126,0.7562041326040551,0.2306722675815255,0.246329605515564,0.4346108276858984,0.5956193352167616,0.44176546325861105,0.14807286434488556,150
B1_MLP,23,Sep7,2026.9.7/log_26_2026-9-7-06-30-26.ulg,1.0,0.44376272092423225,0.7332063815741822,6.649894447081433,0.7412926625280132,0.7332063815741822,0.7412926625280132,0.40424629792740113,0.3931274194611053,0.46864417275897957,0.5236243504161046,0.49402356863090335,0.17684192038758972,150
B1_MLP,23,Sep7,2026.9.7/log_27_2026-9-7-06-37-24.ulg,0.1,0.06594854694315203,0.4623072924140187,1.5803029551925916,0.6851212182461592,0.4623072924140187,0.6851212182461592,0.10691617887062106,0.11607219290288404,0.4345390768959704,0.5586866060426827,0.3688454900396896,0.14564808408280172,155
B1_MLP,23,Sep7,2026.9.7/log_27_2026-9-7-06-37-24.ulg,0.2,0.12107042461996306,0.3834759619190663,2.146692063246367,0.7534163453327991,0.3834759619190663,0.7534163453327991,0.12243437401255708,0.12475140063611723,0.34132202605345213,0.5901882373526879,0.44778108491529733,0.13713545820552,155
B1_MLP,23,Sep7,2026.9.7/log_27_2026-9-7-06-37-24.ulg,0.5,0.26170253324448417,0.41700509691655613,3.426197311214636,0.736464684376737,0.41700509691655613,0.736464684376737,0.1912276640115842,0.1743118123384143,0.32701777237690993,0.6059876688571921,0.3957068689322773,0.1362910503553566,155
B1_MLP,23,Sep7,2026.9.7/log_27_2026-9-7-06-37-24.ulg,1.0,0.515121034700931,0.6843840123421885,5.744668986697003,0.7249196595941372,0.6843840123421885,0.7249196595941372,0.3940941949006077,0.3575459598828038,0.4303860226200649,0.5841537612526552,0.40306208510731045,0.1476951306895489,155
B1_MLP,23,Sep7,2026.9.7/log_28_2026-9-7-06-44-02.ulg,0.1,0.08906842589829901,0.505802227948114,1.643850089568768,0.7057070642774379,0.505802227948114,0.7057070642774379,0.12532583308160528,0.1221643616212471,0.4745578975313241,0.562884823516477,0.4023827127806023,0.1388210664172691,140
B1_MLP,23,Sep7,2026.9.7/log_28_2026-9-7-06-44-02.ulg,0.2,0.17405437329739745,0.4061072444359751,2.4145406205843085,0.7374252380036352,0.4061072444359751,0.7374252380036352,0.1264806553472211,0.16235538864812996,0.35009493795716756,0.5675850271483753,0.44487037280737973,0.15405703489266245,140
B1_MLP,23,Sep7,2026.9.7/log_28_2026-9-7-06-44-02.ulg,0.5,0.437048542614385,0.4911084431253888,3.8881618964406464,0.7018731599149997,0.4911084431253888,0.7018731599149997,0.22401808545847257,0.2519974353381004,0.357072391651306,0.5492626227616533,0.4083273683360266,0.15558041044370374,140
B1_MLP,23,Sep7,2026.9.7/log_28_2026-9-7-06-44-02.ulg,1.0,0.8816597255837204,0.776254268189811,6.068509284965501,0.7331669672446923,0.776254268189811,0.7331669672446923,0.45142314354094465,0.46186763806590936,0.4306577751137542,0.5821297011082026,0.421222833128964,0.1457056546509552,140
B1_MLP,23,Sep7,2026.9.7/log_29_2026-9-7-06-51-04.ulg,0.1,0.04468394989677274,0.44140870671237376,1.8491909821221941,0.7504627739584225,0.44140870671237376,0.7504627739584225,0.11270179554061162,0.1023495379538513,0.41432417709330666,0.629725662793055,0.37803031137671317,0.1540553419964503,201
B1_MLP,23,Sep7,2026.9.7/log_29_2026-9-7-06-51-04.ulg,0.2,0.08303701114622872,0.35260090512630327,2.4357070525685702,0.7010381850302394,0.35260090512630327,0.7010381850302394,0.1090504509915774,0.11116536138130204,0.316350533211794,0.5522988845801667,0.4070110755856945,0.14409185720425638,201
B1_MLP,23,Sep7,2026.9.7/log_29_2026-9-7-06-51-04.ulg,0.5,0.21983464270082856,0.5355456533550765,3.9864712490754637,0.7259090988692342,0.5355456533550765,0.7259090988692342,0.250995687163155,0.3074013563159279,0.3596035566956191,0.566017839494165,0.4212556468481549,0.17062094008076478,201
B1_MLP,23,Sep7,2026.9.7/log_29_2026-9-7-06-51-04.ulg,1.0,0.48549725155317147,0.620959603252679,6.38073748848776,0.722301147531208,0.620959603252679,0.722301147531208,0.3262346678944684,0.31508889011102054,0.4241235217057826,0.5800501814701959,0.403011647490425,0.15113684755328885,201
B1_MLP,23,Sep7,2026.9.7/log_30_2026-9-7-06-58-22.ulg,0.1,0.13033956945628516,0.500406520506301,1.8266876177242708,0.6581574241818989,0.500406520506301,0.6581574241818989,0.1400335262765412,0.1318518930321216,0.4619657731776523,0.5254082123389417,0.3635916048302898,0.15785610634208605,164
B1_MLP,23,Sep7,2026.9.7/log_30_2026-9-7-06-58-22.ulg,0.2,0.2685638144360481,0.41575491039597245,2.683377296415953,0.6829715360365024,0.41575491039597245,0.6829715360365024,0.1584690328122727,0.154875424941611,0.3517858921376202,0.48818221667427303,0.45044100947637616,0.15884312808855144,164
B1_MLP,23,Sep7,2026.9.7/log_30_2026-9-7-06-58-22.ulg,0.5,0.6719929987153572,0.5524001053973585,4.553506684979202,0.6975405688786815,0.5524001053973585,0.6975405688786815,0.27720460525270285,0.2711996965933884,0.3933881134927186,0.5308951594451854,0.4264578780472075,0.15115175540078524,164
B1_MLP,23,Sep7,2026.9.7/log_30_2026-9-7-06-58-22.ulg,1.0,1.3954827813812034,0.8809695053159533,6.853831737096669,0.774291810006992,0.8809695053159533,0.774291810006992,0.46228138584008865,0.5628091161978922,0.49562999135136077,0.6238647271683889,0.42431679028265334,0.1739996285146669,164
B1_MLP,42,Sep17,9.17数据/log_10_2026-9-17-06-34-34.ulg,0.1,0.041144104322407886,0.5958663905149487,2.42440175756514,0.7450768031059565,0.5958663905149487,0.7450768031059565,0.17235028910196726,0.14156705674633838,0.5525494562805765,0.5528376398784085,0.4699851042410777,0.1691862531406342,130
B1_MLP,42,Sep17,9.17数据/log_10_2026-9-17-06-34-34.ulg,0.2,0.08254231594281959,0.5036616473104456,3.735620833565612,0.828774767637804,0.5036616473104456,0.828774767637804,0.16968199445642299,0.15574663082860743,0.44791300797621364,0.5745914652540295,0.5613146737971098,0.20405416072789975,130
B1_MLP,42,Sep17,9.17数据/log_10_2026-9-17-06-34-34.ulg,0.5,0.20832672517790765,0.6530665999547028,6.646528783578299,0.7780735141759186,0.6530665999547028,0.7780735141759186,0.2714667800865358,0.2558015154042554,0.5360665593027891,0.5455055015221264,0.512590513700736,0.21230427818386605,130
B1_MLP,42,Sep17,9.17数据/log_10_2026-9-17-06-34-34.ulg,1.0,0.5514353359679461,1.070319183977035,10.644139820847425,0.7618192808823773,1.070319183977035,0.7618192808823773,0.6027823065942725,0.6245126079684112,0.6262752182025472,0.5193511778151028,0.5012528013166023,0.24369776363041737,130
B1_MLP,42,Sep17,9.17数据/log_11_2026-9-17-06-40-30.ulg,0.1,0.03716347887388878,0.5655982445169893,2.2893242045905975,0.7379132059015139,0.5655982445169893,0.7379132059015139,0.14902707767867399,0.13486376493611604,0.5286814439967705,0.5762446126143084,0.4219110335486522,0.18560475653049352,145
B1_MLP,42,Sep17,9.17数据/log_11_2026-9-17-06-40-30.ulg,0.2,0.07503507808035019,0.46882771582995114,3.5453435001400853,0.774312115653007,0.46882771582995114,0.774312115653007,0.15321257423667664,0.1534531886925979,0.41566507323345586,0.5344375977679439,0.5074026653704548,0.23765151317427663,145
B1_MLP,42,Sep17,9.17数据/log_11_2026-9-17-06-40-30.ulg,0.5,0.18219324947848806,0.5785377886189411,6.773065531867181,0.7734151489291778,0.5785377886189411,0.7734151489291778,0.22678645796220495,0.23596210512760535,0.47706997420588165,0.5648758546167248,0.47217403133722924,0.2369344753194776,145
B1_MLP,42,Sep17,9.17数据/log_11_2026-9-17-06-40-30.ulg,1.0,0.47277825101152526,0.989298184381494,9.939365975942046,0.7900869301029201,0.989298184381494,0.7900869301029201,0.5251642034227124,0.6099186725243524,0.5752500934115875,0.5333341480939077,0.5156548792228471,0.27183099368922825,145
B1_MLP,42,Sep17,9.17数据/log_12_2026-9-17-06-46-02.ulg,0.1,0.03807226994725297,0.573271507356101,2.0090851699810117,0.6934346389042403,0.573271507356101,0.6934346389042403,0.1618060186642903,0.12456714726613206,0.5356697296770886,0.48797194190291626,0.4639171067104965,0.16587917424774168,144
B1_MLP,42,Sep17,9.17数据/log_12_2026-9-17-06-46-02.ulg,0.2,0.07168117167512927,0.43687248101748816,3.3285147365661967,0.7682758531005868,0.43687248101748816,0.7682758531005868,0.15876440023871705,0.15930406292082794,0.3745312342437316,0.5071768086387293,0.5373854543458325,0.21032437969477333,144
B1_MLP,42,Sep17,9.17数据/log_12_2026-9-17-06-46-02.ulg,0.5,0.17407844597511238,0.5244045207461712,5.841416797034332,0.7733211696419613,0.5244045207461712,0.7733211696419613,0.25313740401265455,0.23803057321537224,0.39276329039704927,0.5354543154098388,0.5231452209795596,0.19399326094387845,144
B1_MLP,42,Sep17,9.17数据/log_12_2026-9-17-06-46-02.ulg,1.0,0.4579694100813769,0.8706657971548316,8.203550581895326,0.7579496253184063,0.8706657971548316,0.7579496253184063,0.5019530462062667,0.5071844934762937,0.4988646703432739,0.47740207667616613,0.5414422853151979,0.2311171637465553,144
B1_MLP,42,Sep17,9.17数据/log_13_2026-9-17-06-52-30.ulg,0.1,0.035032432990009764,0.5590692566735331,2.4911640912598987,0.786314881549024,0.5590692566735331,0.786314881549024,0.15113455881093285,0.14545795737916006,0.5182265542459243,0.5476859209577151,0.5397598933782847,0.1642878036569296,153
B1_MLP,42,Sep17,9.17数据/log_13_2026-9-17-06-52-30.ulg,0.2,0.07392059252891528,0.4864425534692347,4.1384692567072685,0.7612588751659448,0.4864425534692347,0.7612588751659448,0.16941714798301769,0.1586678819383267,0.4274911590152184,0.5100880159576467,0.5299583121549786,0.19613637697570943,153
B1_MLP,42,Sep17,9.17数据/log_13_2026-9-17-06-52-30.ulg,0.5,0.20343326831826794,0.6094747796611206,7.235964275961915,0.7500032799225634,0.6094747796611206,0.7500032799225634,0.30219141697413343,0.2528912098644646,0.46495794489762643,0.5032323237863047,0.5140483073431489,0.2121708884575885,153
B1_MLP,42,Sep17,9.17数据/log_13_2026-9-17-06-52-30.ulg,1.0,0.5641693003332499,1.0518318776366882,10.633254096061444,0.8275661567479865,1.0518318776366882,0.8275661567479865,0.6598642317298242,0.5775598822784703,0.5808218977266693,0.5565324323617151,0.5620150430108666,0.24346763019687012,153
B1_MLP,42,Sep17,9.17数据/log_6_2026-9-17-06-02-24.ulg,0.1,0.03240818613999666,0.48130362383570496,1.9490826501880165,0.7245169761246357,0.48130362383570496,0.7245169761246357,0.13698822418266376,0.12681218871299818,0.4436283056191083,0.5163339928066734,0.48839831154462293,0.14068100740848272,138
B1_MLP,42,Sep17,9.17数据/log_6_2026-9-17-06-02-24.ulg,0.2,0.06751338900450089,0.42019000771903475,3.5616136095467756,0.731509726537081,0.42019000771903475,0.731509726537081,0.1543964141585429,0.19864794396343471,0.336541801625008,0.5145415921363203,0.4922507653151316,0.16745929065549836,138
B1_MLP,42,Sep17,9.17数据/log_6_2026-9-17-06-02-24.ulg,0.5,0.18241124411439624,0.5162988717943137,6.2014759554357655,0.6665007790018305,0.5162988717943137,0.6665007790018305,0.23384756324002542,0.23249451325208978,0.3972733863354772,0.46515080073236,0.43167580811788364,0.20374988999718083,138
B1_MLP,42,Sep17,9.17数据/log_6_2026-9-17-06-02-24.ulg,1.0,0.4689605270369153,0.8686979277200225,10.086707715200877,0.7219159378359771,0.8686979277200225,0.7219159378359771,0.44199344810140545,0.5066632291434959,0.5500638632871433,0.4665739786653616,0.48999818444247806,0.2517401894355534,138
B1_MLP,42,Sep17,9.17数据/log_7_2026-9-17-06-12-16.ulg,0.1,0.043401024735665795,0.5407258512448891,2.2211817042252218,0.6899819924031921,0.5407258512448891,0.6899819924031921,0.13786340041799416,0.1013723668280162,0.5129344717148419,0.4960179232439465,0.4549056445447392,0.15199415851530734,131
B1_MLP,42,Sep17,9.17数据/log_7_2026-9-17-06-12-16.ulg,0.2,0.07967388871660858,0.3816724209673829,3.328360190136277,0.6766284625735121,0.3816724209673829,0.6766284625735121,0.15387798274935713,0.1393322105800739,0.3202841526628529,0.4279438694983711,0.4806003130034484,0.2090776412348845,131
B1_MLP,42,Sep17,9.17数据/log_7_2026-9-17-06-12-16.ulg,0.5,0.1905257473528277,0.4862455356416915,6.194171083057283,0.705661054572158,0.4862455356416915,0.705661054572158,0.2145266121220291,0.17585503802842284,0.39935956132655925,0.47979116320713633,0.4722120903695175,0.21159798051277331,131
B1_MLP,42,Sep17,9.17数据/log_7_2026-9-17-06-12-16.ulg,1.0,0.4648395094059741,0.8271634599853386,9.7033584411189,0.8084533719489777,0.8271634599853386,0.8084533719489777,0.4534275901672662,0.47499181848605254,0.5029767215103851,0.5958728466986114,0.5086910699808925,0.1994136417215729,131
B1_MLP,42,Sep17,9.17数据/log_8_2026-9-17-06-17-52.ulg,0.1,0.03362818229914098,0.5036179244214741,2.2200921209584683,0.7118336169921886,0.5036179244214741,0.7118336169921886,0.12710660480457722,0.13963760424883426,0.4668792823560418,0.5399330502785014,0.43203619751611555,0.16889086278704096,146
B1_MLP,42,Sep17,9.17数据/log_8_2026-9-17-06-17-52.ulg,0.2,0.07223994372220813,0.4224927350543071,3.912009889841429,0.8060487519500569,0.4224927350543071,0.8060487519500569,0.14265120844076537,0.12404610903094533,0.37784031910099414,0.6120369226853581,0.4857272549622352,0.19797583078985448,146
B1_MLP,42,Sep17,9.17数据/log_8_2026-9-17-06-17-52.ulg,0.5,0.17589476152041653,0.5410684285518016,6.593620729597077,0.7510275753543477,0.5410684285518016,0.7510275753543477,0.24558874689164198,0.20229270329847274,0.4376286941779585,0.5197096375192465,0.4940678356165117,0.22325161907914468,146
B1_MLP,42,Sep17,9.17数据/log_8_2026-9-17-06-17-52.ulg,1.0,0.4655113101588933,0.870891367556758,9.91179158257524,0.7445877558500068,0.870891367556758,0.7445877558500068,0.5502834058271014,0.4892203790925115,0.4650842590722514,0.5354902204718431,0.4482385479007163,0.25834735167333023,146
B1_MLP,42,Sep17,9.17数据/log_9_2026-9-17-06-28-10.ulg,0.1,0.03227789869941447,0.5421613976787658,2.1321787421996077,0.7302713676394846,0.5421613976787658,0.7302713676394846,0.16624327965200006,0.14528607814312217,0.49517078730608727,0.5575477373901151,0.4371643345292125,0.1769862580564865,114
B1_MLP,42,Sep17,9.17数据/log_9_2026-9-17-06-28-10.ulg,0.2,0.07604938386245477,0.5076263868264319,3.661650434637269,0.7326289842711939,0.5076263868264319,0.7326289842711939,0.23661180945690427,0.17039720538345202,0.4155288108248303,0.5230386221310699,0.4688676154964679,0.2081801803537732,114
B1_MLP,42,Sep17,9.17数据/log_9_2026-9-17-06-28-10.ulg,0.5,0.2113541589392657,0.6492202214153885,6.64004344709926,0.7866615506212231,0.6492202214153885,0.7866615506212231,0.37082984301538346,0.3104747806173521,0.4331022212185471,0.5776841801709106,0.480908761468282,0.2320434147936395,114
B1_MLP,42,Sep17,9.17数据/log_9_2026-9-17-06-28-10.ulg,1.0,0.5212542409845736,0.9500300276743964,10.468338250085516,0.8769140839397542,0.9500300276743964,0.8769140839397542,0.5432932933372323,0.5852852121837826,0.5146170141928684,0.6032093522697112,0.5666949238011226,0.2897820755055317,114
B1_MLP,42,Sep7,2026.9.7/log_21_2026-9-7-05-54-56.ulg,0.1,0.033440892204918034,0.5515035785525316,2.028909347606821,0.7339336441345161,0.5515035785525316,0.7339336441345161,0.14093496548771867,0.10769258280591068,0.5222028727111868,0.5626118847744003,0.44276295853782843,0.161516016698025,168
B1_MLP,42,Sep7,2026.9.7/log_21_2026-9-7-05-54-56.ulg,0.2,0.06392680435098408,0.453709542579339,3.138570375540735,0.7103992679153175,0.453709542579339,0.7103992679153175,0.15129791984081173,0.11319746302904932,0.4124895427076707,0.5536175469949601,0.40960583120870425,0.1743496330759795,168
B1_MLP,42,Sep7,2026.9.7/log_21_2026-9-7-05-54-56.ulg,0.5,0.15657394910026978,0.5125522066914424,4.796343602629214,0.7125700686290064,0.5125522066914424,0.7125700686290064,0.2557185356008564,0.24017401881380354,0.3736766460741793,0.524641830806988,0.44679487575881427,0.18133226703790054,168
B1_MLP,42,Sep7,2026.9.7/log_21_2026-9-7-05-54-56.ulg,1.0,0.38787703606458973,0.7297559557581462,7.2614404542803115,0.7377516313493737,0.7297559557581462,0.7377516313493737,0.40922153089649216,0.3978750479601232,0.45472732469684124,0.5602652907381288,0.4320501349745804,0.20907643200807952,168
B1_MLP,42,Sep7,2026.9.7/log_22_2026-9-7-06-01-40.ulg,0.1,0.06704648912297151,0.5141699724740696,2.0327006896842112,0.7087949276378984,0.5141699724740696,0.7087949276378984,0.12686876084276574,0.10223068535992585,0.4876719851365735,0.5508800154501942,0.421362669849911,0.14620177317584868,182
B1_MLP,42,Sep7,2026.9.7/log_22_2026-9-7-06-01-40.ulg,0.2,0.12605433774243827,0.4211724645325528,2.9518618293210483,0.7704594566912218,0.4211724645325528,0.7704594566912218,0.141588051532817,0.12155592707478592,0.37757545621577965,0.5936706042688513,0.44851082398213854,0.20000257199059468,182
B1_MLP,42,Sep7,2026.9.7/log_22_2026-9-7-06-01-40.ulg,0.5,0.2961615193437223,0.47720575964550027,4.826927396845352,0.785946714808707,0.47720575964550027,0.785946714808707,0.2106255740105518,0.19016416183749116,0.3836662562230474,0.6239750542098049,0.4345582622139055,0.1988126932167579,182
B1_MLP,42,Sep7,2026.9.7/log_22_2026-9-7-06-01-40.ulg,1.0,0.6711895534971762,0.7618969920626658,7.227581885077799,0.7658981094192837,0.7618969920626658,0.7658981094192837,0.44814784264551505,0.3965735861830083,0.4715717637732954,0.6035561973340182,0.4304502894902077,0.19243798728299247,182
B1_MLP,42,Sep7,2026.9.7/log_23_2026-9-7-06-09-22.ulg,0.1,0.036927995320127326,0.5200507170764392,1.9350524970142868,0.6748664439591558,0.5200507170764392,0.6748664439591558,0.12509990045352232,0.12591351733351527,0.4888236383307788,0.519326361503532,0.3968183168887957,0.16816679461511574,160
B1_MLP,42,Sep7,2026.9.7/log_23_2026-9-7-06-09-22.ulg,0.2,0.06554765695295939,0.37692104791716186,3.016398000174559,0.7724708710768058,0.37692104791716186,0.7724708710768058,0.13388342000034453,0.1387792651757435,0.3238595710632364,0.6433871499384186,0.39333700452575127,0.16748200747240558,160
B1_MLP,42,Sep7,2026.9.7/log_23_2026-9-7-06-09-22.ulg,0.5,0.15011976419897094,0.48725636476743306,5.125816085361641,0.9416283004101458,0.48725636476743306,0.9416283004101458,0.22000228656315104,0.21240101644697168,0.3793462364722394,0.7966278045184363,0.4653515383737746,0.18840367017284265,160
B1_MLP,42,Sep7,2026.9.7/log_23_2026-9-7-06-09-22.ulg,1.0,0.4017178952115418,0.849676214237308,8.124990597321029,0.8644098213581892,0.849676214237308,0.8644098213581892,0.44701576812870314,0.49985631312254536,0.5217952072571048,0.694540244267987,0.47661808081517837,0.19404482315361504,160
B1_MLP,42,Sep7,2026.9.7/log_24_2026-9-7-06-16-04.ulg,0.1,0.038855531569128444,0.5617865498072714,2.0158486347141826,0.7632395981047857,0.5617865498072714,0.7632395981047857,0.13559164439217472,0.14018786404989067,0.5268457044415501,0.5900564561617925,0.4600556040514126,0.15072127864980225,161
B1_MLP,42,Sep7,2026.9.7/log_24_2026-9-7-06-16-04.ulg,0.2,0.07983000096542363,0.4415025100445228,3.213261056109432,0.7773754048455759,0.4415025100445228,0.7773754048455759,0.1521617238745095,0.13682677978325766,0.39121568028045006,0.5936330504821935,0.46910691636512425,0.17846854751589422,161
B1_MLP,42,Sep7,2026.9.7/log_24_2026-9-7-06-16-04.ulg,0.5,0.17551241763919798,0.5893951765859421,5.819101785878821,0.8031615182090925,0.5893951765859421,0.8031615182090925,0.29528943650837375,0.25768774580880577,0.44021341248230633,0.6307422220486353,0.4601106764398441,0.18849625747784365,161
B1_MLP,42,Sep7,2026.9.7/log_24_2026-9-7-06-16-04.ulg,1.0,0.45683117416902247,0.9074434263328883,9.831104562782658,0.7853948258569741,0.9074434263328883,0.7853948258569741,0.5182378677598164,0.5284755141061077,0.5249730615991799,0.6011251560085025,0.45552047475462204,0.21907687321117222,161
B1_MLP,42,Sep7,2026.9.7/log_26_2026-9-7-06-30-26.ulg,0.1,0.04110524666107201,0.6080906128357446,1.7408393377943439,0.6878595199021974,0.6080906128357446,0.6878595199021974,0.1930366831849559,0.2707479388108737,0.5091233504697715,0.49145054003855104,0.45956437649961984,0.14292539896188355,150
B1_MLP,42,Sep7,2026.9.7/log_26_2026-9-7-06-30-26.ulg,0.2,0.08943753316451022,0.5024265159801713,2.4882871697375175,0.7857939452451115,0.5024265159801713,0.7857939452451115,0.16227365233821778,0.23199345125249535,0.415064698923848,0.6211022451429453,0.4575476367160337,0.14951349637354636,150
B1_MLP,42,Sep7,2026.9.7/log_26_2026-9-7-06-30-26.ulg,0.5,0.18246327218879838,0.52294972173264,4.238340419448789,0.742445971770536,0.52294972173264,0.742445971770536,0.22020817651042252,0.23964925700689946,0.4093323882546325,0.585474124498422,0.4299748806462738,0.15351766202728756,150
B1_MLP,42,Sep7,2026.9.7/log_26_2026-9-7-06-30-26.ulg,1.0,0.42548539412630065,0.7150956773556284,6.4321892222159445,0.738398909255456,0.7150956773556284,0.738398909255456,0.40266530410796464,0.3937818146139856,0.44063404670958206,0.5300466220178846,0.4827961591771575,0.1766108613898413,150
B1_MLP,42,Sep7,2026.9.7/log_27_2026-9-7-06-37-24.ulg,0.1,0.06619338352068682,0.4554958755784416,1.5986155593119027,0.6823505599589279,0.4554958755784416,0.6823505599589279,0.10797816165186146,0.11776972026369803,0.42655304742114547,0.5604567656254114,0.36041834755911345,0.14693234934391822,155
B1_MLP,42,Sep7,2026.9.7/log_27_2026-9-7-06-37-24.ulg,0.2,0.1207973447485212,0.37417934620224474,2.1110081674829693,0.7206905286127719,0.37417934620224474,0.7206905286127719,0.12119115307917933,0.1254800412558347,0.3310251452474755,0.5838435936516755,0.39720006907454625,0.14406110270031092,155
B1_MLP,42,Sep7,2026.9.7/log_27_2026-9-7-06-37-24.ulg,0.5,0.2582903003515385,0.40315164513634966,3.4208279447386443,0.715074136748219,0.40315164513634966,0.715074136748219,0.17332334214328346,0.17010373300754314,0.3217996085475027,0.5909618218773995,0.3739095601721269,0.14928759808316924,155
B1_MLP,42,Sep7,2026.9.7/log_27_2026-9-7-06-37-24.ulg,1.0,0.49601320623534007,0.6800609852308289,5.6012104670890555,0.7429278605037548,0.6800609852308289,0.7429278605037548,0.3578016346895223,0.36746060675056413,0.446579932747922,0.5982713103217162,0.41011163951976237,0.16069128255457976,155
B1_MLP,42,Sep7,2026.9.7/log_28_2026-9-7-06-44-02.ulg,0.1,0.08861489202390214,0.5041530400536747,1.6997931421839945,0.7051899703528576,0.5041530400536747,0.7051899703528576,0.13312564495689763,0.1295614619070993,0.46868078479778474,0.5639986365840135,0.3995224415602015,0.13992944975027063,140
B1_MLP,42,Sep7,2026.9.7/log_28_2026-9-7-06-44-02.ulg,0.2,0.17361951882932505,0.4061292660427399,2.4370044150463994,0.7404453305242026,0.4061292660427399,0.7404453305242026,0.12629843924836728,0.17344179609896335,0.3448298541974095,0.5726002696092269,0.4428122027638423,0.15590244328415767,140
B1_MLP,42,Sep7,2026.9.7/log_28_2026-9-7-06-44-02.ulg,0.5,0.4342980995577494,0.46871221098599963,3.9028298140234097,0.712710062213331,0.46871221098599963,0.712710062213331,0.1965066051429602,0.25794215132996134,0.33844074434063676,0.5669768169182101,0.4033088212596333,0.15438560992394942,140
B1_MLP,42,Sep7,2026.9.7/log_28_2026-9-7-06-44-02.ulg,1.0,0.872946336465241,0.7702244924330716,5.924678263574243,0.7339152972124786,0.7702244924330716,0.7339152972124786,0.4193703433875816,0.47839262561158297,0.4341828872620618,0.5914027332457849,0.41106186224677216,0.14107663165142395,140
B1_MLP,42,Sep7,2026.9.7/log_29_2026-9-7-06-51-04.ulg,0.1,0.04463236876068394,0.4309846613238155,1.81408578481232,0.760563535894068,0.4309846613238155,0.760563535894068,0.1117776951656838,0.10594684755244763,0.4025279998379614,0.6422231748222982,0.3781575525579185,0.1516678980412803,201
B1_MLP,42,Sep7,2026.9.7/log_29_2026-9-7-06-51-04.ulg,0.2,0.08273937347990565,0.3346588253591847,2.428536764199371,0.6861067222366418,0.3346588253591847,0.6861067222366418,0.11044433059671165,0.11125192916839528,0.2956714181082505,0.5578103984057537,0.3711397176422616,0.14780156872355915,201
B1_MLP,42,Sep7,2026.9.7/log_29_2026-9-7-06-51-04.ulg,0.5,0.21860106925555425,0.5075696044585253,3.814464669677133,0.7157188907680746,0.5075696044585253,0.7157188907680746,0.2402026225588251,0.28230389264196876,0.34674791374316616,0.5688891886821216,0.3947551202561582,0.18107185489309688,201
B1_MLP,42,Sep7,2026.9.7/log_29_2026-9-7-06-51-04.ulg,1.0,0.48129547386730476,0.6362689657430243,6.243628914345752,0.7167682370558663,0.6362689657430243,0.7167682370558663,0.3271695847224609,0.30901613522783833,0.44978582433095937,0.5747678118992869,0.39996975447482336,0.15304529905237274,201
B1_MLP,42,Sep7,2026.9.7/log_30_2026-9-7-06-58-22.ulg,0.1,0.1301085363132777,0.5043288448889255,1.8574091632599805,0.6583550149602888,0.5043288448889255,0.6583550149602888,0.14304479215261087,0.13371506500764901,0.4647645130762615,0.5248915392269663,0.36557655960491003,0.15580108099350845,164
B1_MLP,42,Sep7,2026.9.7/log_30_2026-9-7-06-58-22.ulg,0.2,0.26839354265467874,0.4080741963172945,2.679536061517227,0.6752195251626998,0.4080741963172945,0.6752195251626998,0.16111224454559797,0.15987131181205574,0.33912911702916004,0.49217303901472076,0.4341681589859764,0.15869819328109572,164
B1_MLP,42,Sep7,2026.9.7/log_30_2026-9-7-06-58-22.ulg,0.5,0.6688885903329336,0.526446885954356,4.4192615631558585,0.694159690390568,0.526446885954356,0.694159690390568,0.2504353403993457,0.25697414695731374,0.3852177978827867,0.5346923731696548,0.4151824287900337,0.1535750391871688,164
B1_MLP,42,Sep7,2026.9.7/log_30_2026-9-7-06-58-22.ulg,1.0,1.380333605426658,0.8390169911540081,6.755645788715174,0.769783223439959,0.8390169911540081,0.769783223439959,0.40723433623034955,0.5393533474828505,0.4971998324609484,0.6215624130627717,0.4191778075434889,0.17468927677517063,164
B2_StandardGRU,17,Sep17,9.17数据/log_10_2026-9-17-06-34-34.ulg,0.1,0.0185393918909223,0.1306771194066113,1.4410999360178014,0.5619771453138035,0.1306771194066113,0.5619771453138035,0.0582919718342078,0.0513180912439446,0.1050952380803613,0.4970242826503458,0.2259559740956283,0.1331505617016189,130
B2_StandardGRU,17,Sep17,9.17数据/log_10_2026-9-17-06-34-34.ulg,0.2,0.038677695520261,0.1975644321531554,2.3960610729695992,0.5316276862954696,0.1975644321531554,0.5316276862954696,0.0920663710177921,0.0728522245168787,0.1588963233135218,0.4662219927066591,0.2132242697145434,0.1407141114359384,130
B2_StandardGRU,17,Sep17,9.17数据/log_10_2026-9-17-06-34-34.ulg,0.5,0.1310775899742235,0.3839735568823255,4.985910059134662,0.6061456647058073,0.3839735568823255,0.6061456647058073,0.173347109677305,0.1969792653758017,0.2803313057141465,0.5312025042737144,0.2290236012062069,0.1810653373385412,130
B2_StandardGRU,17,Sep17,9.17数据/log_10_2026-9-17-06-34-34.ulg,1.0,0.4025489010780478,0.7903291329319034,8.853941372264952,0.6932807119455628,0.7903291329319034,0.6932807119455628,0.4444415492913846,0.5155169735309735,0.4016641602456378,0.5560433984091466,0.3557228351817772,0.2119319446699613,130
B2_StandardGRU,17,Sep17,9.17数据/log_11_2026-9-17-06-40-30.ulg,0.1,0.0204775086050371,0.1521744208912915,1.6259623537931107,0.5437917577858278,0.1521744208912915,0.5437917577858278,0.0610869695192096,0.0645175430647058,0.1235432036392651,0.4931478409373068,0.1871965000430962,0.1321822725870917,145
B2_StandardGRU,17,Sep17,9.17数据/log_11_2026-9-17-06-40-30.ulg,0.2,0.0421244911699708,0.2357516410041101,2.329150837533536,0.554091411948374,0.2357516410041101,0.554091411948374,0.0829129547697684,0.1086523688954711,0.1920909703783069,0.4853676472424532,0.2137944544112566,0.160397852442797,145
B2_StandardGRU,17,Sep17,9.17数据/log_11_2026-9-17-06-40-30.ulg,0.5,0.1236740062744761,0.3590129320489538,4.505579050261945,0.5822998166571918,0.3590129320489538,0.5822998166571918,0.1552131926817225,0.1986122863531679,0.2556409785333728,0.5039272661737739,0.2369753493898945,0.1702147780516218,145
B2_StandardGRU,17,Sep17,9.17数据/log_11_2026-9-17-06-40-30.ulg,1.0,0.3554838635661094,0.6463293235582406,7.415776127747257,0.6291595462385188,0.6463293235582406,0.6291595462385188,0.369403662532807,0.3925135841469639,0.3566729802756373,0.5146852866472263,0.3015869573344794,0.1999652407236124,145
B2_StandardGRU,17,Sep17,9.17数据/log_12_2026-9-17-06-46-02.ulg,0.1,0.0157727426319238,0.1308622205866102,1.372988414283706,0.4493565761941317,0.1308622205866102,0.4493565761941317,0.0612369006997608,0.0493928474536062,0.1045720296731924,0.3822281169794774,0.2004893402822789,0.1250080941075898,144
B2_StandardGRU,17,Sep17,9.17数据/log_12_2026-9-17-06-46-02.ulg,0.2,0.0342326900063343,0.1970507046895715,2.013121670875885,0.511005679256703,0.1970507046895715,0.511005679256703,0.085480891357182,0.0834466430391599,0.1567120135692647,0.4359431383630517,0.2231154294176344,0.1459448166347887,144
B2_StandardGRU,17,Sep17,9.17数据/log_12_2026-9-17-06-46-02.ulg,0.5,0.1122917034999642,0.3703216153134138,4.22265671060065,0.5645281878432944,0.3703216153134138,0.5645281878432944,0.2073093496755299,0.1750409222581547,0.2520349337700223,0.4908608281033185,0.2297111372257041,0.1580522563516002,144
B2_StandardGRU,17,Sep17,9.17数据/log_12_2026-9-17-06-46-02.ulg,1.0,0.3401198048160254,0.6599768267369087,6.456471918787028,0.5352832406710408,0.6599768267369087,0.5352832406710408,0.4125278681674823,0.382785560225128,0.3447685958698194,0.4314560163128524,0.2709928685985645,0.1641240960354575,144
B2_StandardGRU,17,Sep17,9.17数据/log_13_2026-9-17-06-52-30.ulg,0.1,0.0182975200924489,0.1700440305343062,1.5619469278092148,0.5399545934367994,0.1700440305343062,0.5399545934367994,0.0635915555460939,0.0614485090401081,0.1452417540527787,0.4726451361130596,0.2347357764286249,0.1142657146593733,153
B2_StandardGRU,17,Sep17,9.17数据/log_13_2026-9-17-06-52-30.ulg,0.2,0.040747053103806,0.2383615187692287,2.597926499096092,0.5665396637858569,0.2383615187692287,0.5665396637858569,0.0944806973573633,0.0845587111594877,0.2018401244150577,0.4905483785069589,0.244374126096879,0.1435644993763143,153
B2_StandardGRU,17,Sep17,9.17数据/log_13_2026-9-17-06-52-30.ulg,0.5,0.1386928532306695,0.3918689603611385,5.048225138399652,0.5690288190031161,0.3918689603611385,0.5690288190031161,0.1966606169746445,0.1781379184273174,0.2883622129268224,0.4809149258192525,0.2572381747588799,0.1623057375050674,153
B2_StandardGRU,17,Sep17,9.17数据/log_13_2026-9-17-06-52-30.ulg,1.0,0.397251003766311,0.7317053681279885,8.37128908537877,0.6562789623120678,0.7317053681279885,0.6562789623120678,0.4533797405997089,0.4220598044342157,0.3894933607162094,0.551612754399496,0.299314464237024,0.1919278433571042,153
B2_StandardGRU,17,Sep17,9.17数据/log_6_2026-9-17-06-02-24.ulg,0.1,0.0216285900204854,0.1347560418541535,1.3584131333836744,0.5445082624346029,0.1347560418541535,0.5445082624346029,0.0604570936196918,0.0568699409279207,0.1061599758200471,0.4409948623106812,0.2910439926607739,0.131552930834737,138
B2_StandardGRU,17,Sep17,9.17数据/log_6_2026-9-17-06-02-24.ulg,0.2,0.0410322058242338,0.1975917574472366,2.5304852326887937,0.522308483154721,0.1975917574472366,0.522308483154721,0.0782805596782691,0.1157833329357346,0.1396741794385682,0.4424020609347349,0.21576978752108,0.174728265741959,138
B2_StandardGRU,17,Sep17,9.17数据/log_6_2026-9-17-06-02-24.ulg,0.5,0.123723579285297,0.3355868909071546,4.677233335191161,0.4988036644677375,0.3355868909071546,0.4988036644677375,0.1393715752668991,0.1392829889321544,0.2716511997957654,0.4130722592962104,0.2330241148931336,0.1545191449776992,138
B2_StandardGRU,17,Sep17,9.17数据/log_6_2026-9-17-06-02-24.ulg,1.0,0.3396401553755459,0.60644964886933,7.578453866323518,0.4878096919191274,0.60644964886933,0.4878096919191274,0.3409426436917362,0.3832387714915166,0.3235233134596277,0.3653456905040911,0.2651005560016062,0.1849392256065817,138
B2_StandardGRU,17,Sep17,9.17数据/log_7_2026-9-17-06-12-16.ulg,0.1,0.0230556114921012,0.1303211132718626,1.4079197599700108,0.4977723174232872,0.1303211132718626,0.4977723174232872,0.0537197051161316,0.0462627995902274,0.1093505337011574,0.4142256227722123,0.2454175147883852,0.1263513231708134,131
B2_StandardGRU,17,Sep17,9.17数据/log_7_2026-9-17-06-12-16.ulg,0.2,0.0460354612543846,0.1715460048119606,1.959053231765182,0.448464890358048,0.1715460048119606,0.448464890358048,0.0770139905793069,0.062386020116773,0.1400173614805864,0.3743529495376977,0.205694066365441,0.1366403239103725,131
B2_StandardGRU,17,Sep17,9.17数据/log_7_2026-9-17-06-12-16.ulg,0.5,0.1310759135376375,0.2985964849178238,4.081483297050321,0.4933530539440546,0.2985964849178238,0.4933530539440546,0.1441656035810319,0.1333648951487355,0.2249220849346807,0.413277501487292,0.2219135435337771,0.1528179367634211,131
B2_StandardGRU,17,Sep17,9.17数据/log_7_2026-9-17-06-12-16.ulg,1.0,0.3496249477513827,0.6279970495934822,7.450525921721815,0.5951478011068103,0.6279970495934822,0.5951478011068103,0.3483009081946959,0.4249491902450295,0.3041133955598837,0.5166513645321836,0.252683264093179,0.1530471846736193,131
B2_StandardGRU,17,Sep17,9.17数据/log_8_2026-9-17-06-17-52.ulg,0.1,0.0160476254743038,0.1438878117561204,1.4032411079469826,0.4790180664383273,0.1438878117561204,0.4790180664383273,0.0566519806738306,0.0690714944258477,0.1127979792171683,0.4076336911068177,0.2143341639271878,0.131734384359508,146
B2_StandardGRU,17,Sep17,9.17数据/log_8_2026-9-17-06-17-52.ulg,0.2,0.0372730595029796,0.2094634403429353,2.3728601924869186,0.6090293458554911,0.2094634403429353,0.6090293458554911,0.1045338849546351,0.0846388722874085,0.160573537777883,0.5384413122814165,0.2408137794223343,0.151678676755056,146
B2_StandardGRU,17,Sep17,9.17数据/log_8_2026-9-17-06-17-52.ulg,0.5,0.120167613848617,0.3594692435803127,4.275844100866328,0.5618948720015354,0.3594692435803127,0.5618948720015354,0.1941625343989882,0.1797836027282149,0.2433041378728016,0.4841455985255234,0.2203287119442763,0.1810639260122255,146
B2_StandardGRU,17,Sep17,9.17数据/log_8_2026-9-17-06-17-52.ulg,1.0,0.3292222409366492,0.6467712541104693,7.212742927965045,0.5708199369381322,0.6467712541104693,0.5708199369381322,0.403528557785219,0.3626241994821186,0.3521099943843729,0.4721658246539162,0.2633710184787455,0.1831134649893574,146
B2_StandardGRU,17,Sep17,9.17数据/log_9_2026-9-17-06-28-10.ulg,0.1,0.0160385782419609,0.2005279068711567,1.4716326013254215,0.6007279920790904,0.2005279068711567,0.6007279920790904,0.1022825435790543,0.0844408886958202,0.1503976696275121,0.5341071720823035,0.2338520425436313,0.1446266621193758,114
B2_StandardGRU,17,Sep17,9.17数据/log_9_2026-9-17-06-28-10.ulg,0.2,0.0409904087291527,0.3091846095624181,2.3246061939619,0.5466583348245261,0.3091846095624181,0.5466583348245261,0.1938026112491528,0.1294371321546351,0.2031789838611715,0.4736535075020394,0.2208706653316847,0.1603241686710961,114
B2_StandardGRU,17,Sep17,9.17数据/log_9_2026-9-17-06-28-10.ulg,0.5,0.1355891082636473,0.389508621094766,4.413815737028658,0.6206696513729096,0.389508621094766,0.6206696513729096,0.2433101100212383,0.1971468537033689,0.2316252886527319,0.5441541429280213,0.2411718995145227,0.175963631907837,114
B2_StandardGRU,17,Sep17,9.17数据/log_9_2026-9-17-06-28-10.ulg,1.0,0.3469043533196591,0.6860771118640652,8.065678914528227,0.7023231379627503,0.6860771118640652,0.7023231379627503,0.4038976668630571,0.4506319464109277,0.3232635565606098,0.5817185906516339,0.335577149139525,0.2055462195797096,114
B2_StandardGRU,17,Sep7,2026.9.7/log_21_2026-9-7-05-54-56.ulg,0.1,0.0152490589422165,0.1192334960967005,1.316517244170026,0.5445551940421941,0.1192334960967005,0.5445551940421941,0.0471651900075636,0.0438739647719634,0.1003351715909272,0.4770357572314942,0.2020225021827578,0.1678217932591715,168
B2_StandardGRU,17,Sep7,2026.9.7/log_21_2026-9-7-05-54-56.ulg,0.2,0.0290790905238958,0.1553390942695271,2.1672846472838296,0.5543507125138374,0.1553390942695271,0.5543507125138374,0.0654819452852252,0.0777794617205463,0.1174423449382797,0.4886523114699213,0.2140921053075848,0.1506260316302203,168
B2_StandardGRU,17,Sep7,2026.9.7/log_21_2026-9-7-05-54-56.ulg,0.5,0.0912461856784583,0.3472380413831715,4.136544675776466,0.6545154805428604,0.3472380413831715,0.6545154805428604,0.2019193308352125,0.1671530576859884,0.2277338282401315,0.5679533177634598,0.275443507639644,0.1730618883836046,168
B2_StandardGRU,17,Sep7,2026.9.7/log_21_2026-9-7-05-54-56.ulg,1.0,0.2919045976760462,0.5861489990208459,6.869961961100897,0.6460150876402315,0.5861489990208459,0.6460150876402315,0.3347492074292128,0.3893922284901701,0.2826434318538336,0.5251594172110202,0.3281443336377889,0.1840227602086469,168
B2_StandardGRU,17,Sep7,2026.9.7/log_22_2026-9-7-06-01-40.ulg,0.1,0.0595826953417436,0.1173243684764719,1.401723855665228,0.6010194332979779,0.1173243684764719,0.6010194332979779,0.0516846640172147,0.0421526221620351,0.0965238798883224,0.5361106402145758,0.2254218704625809,0.1516401034281223,182
B2_StandardGRU,17,Sep7,2026.9.7/log_22_2026-9-7-06-01-40.ulg,0.2,0.1130423223860938,0.1716009906153253,2.2468225055099533,0.5643999571269996,0.1716009906153253,0.5643999571269996,0.0768575953006708,0.0641163173332986,0.1393876173710384,0.4945519573092956,0.2210382995246458,0.1584542308357734,182
B2_StandardGRU,17,Sep7,2026.9.7/log_22_2026-9-7-06-01-40.ulg,0.5,0.2746770761572336,0.3182390753516594,3.9011101617353527,0.6260238415548602,0.3182390753516594,0.6260238415548602,0.1776934167216124,0.1539683850987581,0.2144642047628439,0.5480085273123871,0.2614255816041486,0.1524767833833924,182
B2_StandardGRU,17,Sep7,2026.9.7/log_22_2026-9-7-06-01-40.ulg,1.0,0.635073430162332,0.6059490982028282,5.761672012596997,0.5804222422906736,0.6059490982028282,0.5804222422906736,0.3816391171208314,0.364541582376009,0.2977168598095319,0.4937963154959712,0.263378381397071,0.1539058360199366,182
B2_StandardGRU,17,Sep7,2026.9.7/log_23_2026-9-7-06-09-22.ulg,0.1,0.0217960188234686,0.1222819132446489,1.4271107125535334,0.5242412525417668,0.1222819132446489,0.5242412525417668,0.0558827397714493,0.0475822235352231,0.0978055095884296,0.4413987240519459,0.2357740376285427,0.1562263116514275,160
B2_StandardGRU,17,Sep7,2026.9.7/log_23_2026-9-7-06-09-22.ulg,0.2,0.0415259964008203,0.1565015760387926,2.2354934342852286,0.6337594479467622,0.1565015760387926,0.6337594479467622,0.071022573881012,0.0668681060878343,0.1223813453520114,0.5833123433878056,0.2016335473914668,0.1440196531017371,160
B2_StandardGRU,17,Sep7,2026.9.7/log_23_2026-9-7-06-09-22.ulg,0.5,0.1226711070619163,0.3060385717451427,3.8318947678208937,0.7322075821227971,0.3060385717451427,0.7322075821227971,0.1709586718480133,0.1664473457861936,0.191645560857802,0.6855887940517508,0.214665456779002,0.1414732853037667,160
B2_StandardGRU,17,Sep7,2026.9.7/log_23_2026-9-7-06-09-22.ulg,1.0,0.3449458758420377,0.6854492390177201,6.09011037483899,0.6475085025456018,0.6854492390177201,0.6475085025456018,0.3931474955932907,0.4867669104458423,0.2798815479335934,0.5626259867310199,0.2830917855543607,0.1502607762373053,160
B2_StandardGRU,17,Sep7,2026.9.7/log_24_2026-9-7-06-16-04.ulg,0.1,0.02083559575785,0.1238728328464846,1.4021935754925106,0.5464108966705735,0.1238728328464846,0.5464108966705735,0.0502874208445063,0.0503476671964232,0.101394114376027,0.480339141975142,0.212788629360327,0.1502004524023743,161
B2_StandardGRU,17,Sep7,2026.9.7/log_24_2026-9-7-06-16-04.ulg,0.2,0.039015813365852,0.180946444556927,2.220722223160671,0.5759970064113579,0.180946444556927,0.5759970064113579,0.0820678305156329,0.0802533703500934,0.1398781024310136,0.501062091035732,0.2235125820759727,0.1753609362870684,161
B2_StandardGRU,17,Sep7,2026.9.7/log_24_2026-9-7-06-16-04.ulg,0.5,0.1156689763249565,0.4282776879939973,4.13966367708682,0.6510973122987423,0.4282776879939973,0.6510973122987423,0.2471977024425769,0.2406287635189121,0.2537969111473864,0.5496792660975702,0.3125923838282644,0.1551335427225384,161
B2_StandardGRU,17,Sep7,2026.9.7/log_24_2026-9-7-06-16-04.ulg,1.0,0.360899576750326,0.693525290746372,6.94548536787599,0.6382837517426422,0.693525290746372,0.6382837517426422,0.4381236236072252,0.4465051137098338,0.2994297960675971,0.5436839676722531,0.2877806771902082,0.1702826264501588,161
B2_StandardGRU,17,Sep7,2026.9.7/log_26_2026-9-7-06-30-26.ulg,0.1,0.0225095784366542,0.277848067263074,1.259540986268535,0.5528062519712666,0.277848067263074,0.5528062519712666,0.1442535700918722,0.2232573244167804,0.0809112049832126,0.4715352812626499,0.2516401090700663,0.1411612066053498,150
B2_StandardGRU,17,Sep7,2026.9.7/log_26_2026-9-7-06-30-26.ulg,0.2,0.0455564061908196,0.2315695639773356,1.9873065906407763,0.6332639074145637,0.2315695639773356,0.6332639074145637,0.0915052007543823,0.1716997781931811,0.1255804418051072,0.5797040483777651,0.2041489913706895,0.1526092462818716,150
B2_StandardGRU,17,Sep7,2026.9.7/log_26_2026-9-7-06-30-26.ulg,0.5,0.1167121051297394,0.3125974924614448,3.5228423126998925,0.5991301289312887,0.3125974924614448,0.5991301289312887,0.1683857126734999,0.1861917218740397,0.186268856135965,0.5240440381469167,0.2572967857221741,0.1346592794163591,150
B2_StandardGRU,17,Sep7,2026.9.7/log_26_2026-9-7-06-30-26.ulg,1.0,0.3274050429130253,0.549460871926039,5.264845878903599,0.6349718524928125,0.549460871926039,0.6349718524928125,0.3327601945325588,0.3501300742947789,0.2618908814500979,0.4802331997782848,0.3853353531198724,0.155183739241092,150
B2_StandardGRU,17,Sep7,2026.9.7/log_27_2026-9-7-06-37-24.ulg,0.1,0.0590750099799051,0.0988383195147788,1.2146077739879368,0.54457490223179,0.0988383195147788,0.54457490223179,0.0439352541818404,0.0466153980214074,0.0752709207582073,0.4926052848464238,0.198774501959985,0.1199606387641255,155
B2_StandardGRU,17,Sep7,2026.9.7/log_27_2026-9-7-06-37-24.ulg,0.2,0.1061566409361623,0.1253720535390001,1.7833133968606287,0.6085769338565149,0.1253720535390001,0.6085769338565149,0.0585407501521978,0.0628449379384898,0.0913326127717324,0.5465328888859994,0.2423338741647582,0.1137628200266674,155
B2_StandardGRU,17,Sep7,2026.9.7/log_27_2026-9-7-06-37-24.ulg,0.5,0.2317106651025972,0.2697037825797924,3.025534219122878,0.6163981944800815,0.2697037825797924,0.6163981944800815,0.1379351322727355,0.1429498669555614,0.1824263280344649,0.5484732507479463,0.2547757989427729,0.1192187889778982,155
B2_StandardGRU,17,Sep7,2026.9.7/log_27_2026-9-7-06-37-24.ulg,1.0,0.458123034675128,0.5629421428144887,5.523693698464578,0.626157035822806,0.5629421428144887,0.626157035822806,0.3370246689600802,0.3528571618576803,0.2807312807555641,0.519569732969547,0.3226727202940865,0.1341724326021204,155
B2_StandardGRU,17,Sep7,2026.9.7/log_28_2026-9-7-06-44-02.ulg,0.1,0.0852011660506925,0.115861152133088,1.222540263772063,0.5449412823835681,0.115861152133088,0.5449412823835681,0.0427430629391287,0.054814390014388,0.0926942273905922,0.4811522288969825,0.2161453216791216,0.1368748837060419,140
B2_StandardGRU,17,Sep7,2026.9.7/log_28_2026-9-7-06-44-02.ulg,0.2,0.1655099660065887,0.1680557276017657,1.7316458490071949,0.6064975686880584,0.1680557276017657,0.6064975686880584,0.071983300212496,0.0896971527924471,0.1225379649382383,0.5553051553002601,0.1962678093015577,0.1447564587624585,140
B2_StandardGRU,17,Sep7,2026.9.7/log_28_2026-9-7-06-44-02.ulg,0.5,0.4198476200525967,0.2833550599047995,3.111081086133137,0.6092795082548232,0.2833550599047995,0.6092795082548232,0.1660264713829482,0.1492979359223378,0.1744575223460114,0.5566122874894516,0.2120266880288868,0.1282535151896442,140
B2_StandardGRU,17,Sep7,2026.9.7/log_28_2026-9-7-06-44-02.ulg,1.0,0.852175463407855,0.574934828098384,5.3289770812417805,0.6352426736720638,0.574934828098384,0.6352426736720638,0.3958438471586535,0.3489889142922981,0.2281763417364689,0.5667951616484244,0.2542635383067704,0.132765026545736,140
B2_StandardGRU,17,Sep7,2026.9.7/log_29_2026-9-7-06-51-04.ulg,0.1,0.0392252047248908,0.0988308713528189,1.2962024433458856,0.6126144949965739,0.0988308713528189,0.6126144949965739,0.0488725841202411,0.0407235170077384,0.075634693205485,0.5660647982409919,0.2100236488827544,0.1037170698692646,201
B2_StandardGRU,17,Sep7,2026.9.7/log_29_2026-9-7-06-51-04.ulg,0.2,0.0698986735126118,0.1369917826363191,1.8216191094505327,0.5579676095359404,0.1369917826363191,0.5579676095359404,0.0717352674175421,0.0720969764217289,0.0917759549623694,0.5183986745982764,0.1824906784005827,0.0963733353313929,201
B2_StandardGRU,17,Sep7,2026.9.7/log_29_2026-9-7-06-51-04.ulg,0.5,0.2022758820509183,0.4562568394503851,3.137735206994753,0.6004105487149611,0.4562568394503851,0.6004105487149611,0.2353780765489992,0.3404945291425832,0.1919138875884662,0.5225230811708109,0.260543839191499,0.1399262824179827,201
B2_StandardGRU,17,Sep7,2026.9.7/log_29_2026-9-7-06-51-04.ulg,1.0,0.483770604234896,0.5463839115254244,5.732273202765129,0.566723098718402,0.5463839115254244,0.566723098718402,0.3333416965623778,0.3680994034776845,0.2278629440389798,0.4885793312158038,0.2540724317328501,0.1338376149035154,201
B2_StandardGRU,17,Sep7,2026.9.7/log_30_2026-9-7-06-58-22.ulg,0.1,0.1278297846459453,0.1187537255694402,1.3529983087127788,0.5578743898629627,0.1187537255694402,0.5578743898629627,0.0596597813459468,0.0500227382097457,0.0896709734996503,0.5084829257910422,0.189819004246854,0.1289871880098455,164
B2_StandardGRU,17,Sep7,2026.9.7/log_30_2026-9-7-06-58-22.ulg,0.2,0.2654243346565501,0.169841907243157,1.899251463319941,0.5676522980112023,0.169841907243157,0.5676522980112023,0.0989255004925494,0.0903074369729459,0.1044250239917097,0.5052769888999616,0.2256896272857717,0.1264455932850026,164
B2_StandardGRU,17,Sep7,2026.9.7/log_30_2026-9-7-06-58-22.ulg,0.5,0.6697965642625322,0.3605203508215125,3.556422583398095,0.5923038011365261,0.3605203508215125,0.5923038011365261,0.2191605468648924,0.2192948567267372,0.1839927821072,0.5339794428610246,0.2214720397192756,0.1289956707226675,164
B2_StandardGRU,17,Sep7,2026.9.7/log_30_2026-9-7-06-58-22.ulg,1.0,1.3921083133817704,0.6751381607299684,5.720498697395104,0.6599216548452717,0.6751381607299684,0.6599216548452717,0.4078557648700837,0.4720131383060287,0.2582030371676086,0.5782137361106364,0.2869088052540715,0.1372909442548285,164
B2_StandardGRU,23,Sep17,9.17数据/log_10_2026-9-17-06-34-34.ulg,0.1,0.0190769549569287,0.1381124843282202,1.4332487400108431,0.5558465823670794,0.1381124843282202,0.5558465823670794,0.0609509538291327,0.0532231790345874,0.1119255679819586,0.4747414951236762,0.2459724821604495,0.1519324651176508,130
B2_StandardGRU,23,Sep17,9.17数据/log_10_2026-9-17-06-34-34.ulg,0.2,0.0396085646418817,0.1994767451652437,2.402760284007449,0.5411726831280687,0.1994767451652437,0.5411726831280687,0.0784313645808858,0.0787506736120892,0.1656436666985549,0.4765845168541238,0.211332279493997,0.1451679678952125,130
B2_StandardGRU,23,Sep17,9.17数据/log_10_2026-9-17-06-34-34.ulg,0.5,0.1318920357736623,0.3862584462394438,4.848701375581996,0.6041233972044874,0.3862584462394438,0.6041233972044874,0.1691661256814536,0.2090231703848858,0.2772863564178499,0.5142075289239789,0.2649824374579102,0.1741838226892812,130
B2_StandardGRU,23,Sep17,9.17数据/log_10_2026-9-17-06-34-34.ulg,1.0,0.415799451898983,0.7894268211525483,8.096153644525796,0.7325986708092026,0.7894268211525483,0.7325986708092026,0.4078669594707488,0.532855390492514,0.4158177270754271,0.5430929176142374,0.4507798299894975,0.1963375669180636,130
B2_StandardGRU,23,Sep17,9.17数据/log_11_2026-9-17-06-40-30.ulg,0.1,0.020766800867373,0.1785442671327195,1.5953261403915036,0.539208574187658,0.1785442671327195,0.539208574187658,0.0623562864818027,0.0860131419637529,0.1434973458698192,0.479739235438359,0.199250757870203,0.144552025052074,145
B2_StandardGRU,23,Sep17,9.17数据/log_11_2026-9-17-06-40-30.ulg,0.2,0.0436201759235108,0.2202462849660264,2.276962131907072,0.5671006840867485,0.2202462849660264,0.5671006840867485,0.0838734359369728,0.1297561056362838,0.1569618610859599,0.4877084139790706,0.2413494033728994,0.1596688896348409,145
B2_StandardGRU,23,Sep17,9.17数据/log_11_2026-9-17-06-40-30.ulg,0.5,0.1353280968634605,0.3866210710875046,4.491426186810249,0.5707310194212849,0.3866210710875046,0.5707310194212849,0.1729309668227229,0.2323120590212441,0.2561285625538814,0.4743951703383823,0.2706692826391337,0.1655936542410155,145
B2_StandardGRU,23,Sep17,9.17数据/log_11_2026-9-17-06-40-30.ulg,1.0,0.3933929037853785,0.6987296819381121,7.140609043755597,0.6729043564035379,0.6987296819381121,0.6729043564035379,0.3776662666391114,0.475531317944497,0.3456317767772238,0.518826554162174,0.3747179819650113,0.2078598411313103,145
B2_StandardGRU,23,Sep17,9.17数据/log_12_2026-9-17-06-46-02.ulg,0.1,0.0165115751492616,0.1332084890887313,1.3882249491639935,0.4422824102509942,0.1332084890887313,0.4422824102509942,0.0627052887587185,0.0488889224688451,0.1068757296434678,0.3704205961537791,0.1971406243062907,0.1397779904370982,144
B2_StandardGRU,23,Sep17,9.17数据/log_12_2026-9-17-06-46-02.ulg,0.2,0.0359945016634183,0.1961171088355189,2.1152253464663406,0.5147095697886742,0.1961171088355189,0.5147095697886742,0.1002313377358156,0.0748536786743312,0.1510381610806077,0.4336451579778252,0.2363989058429882,0.1448909089993815,144
B2_StandardGRU,23,Sep17,9.17数据/log_12_2026-9-17-06-46-02.ulg,0.5,0.1201130116941424,0.3992296038904759,4.307539174364803,0.5784621157596689,0.3992296038904759,0.5784621157596689,0.2401550772196487,0.1664622279867721,0.2720296714732619,0.4930358113032023,0.2524025598079838,0.1668144356586767,144
B2_StandardGRU,23,Sep17,9.17数据/log_12_2026-9-17-06-46-02.ulg,1.0,0.3640630417663683,0.7080083569482151,6.643860392797955,0.5523639010689453,0.7080083569482151,0.5523639010689453,0.4491208381427437,0.3984361158442512,0.3752532049768754,0.4351519362578006,0.2990555055321059,0.1622173732561565,144
B2_StandardGRU,23,Sep17,9.17数据/log_13_2026-9-17-06-52-30.ulg,0.1,0.0185485854315727,0.1713290348254411,1.6077823507425213,0.5470719089159553,0.1713290348254411,0.5470719089159553,0.0648834002566546,0.0619473972497836,0.145966785671705,0.476042593094593,0.2375695925052097,0.1274041278830149,153
B2_StandardGRU,23,Sep17,9.17数据/log_13_2026-9-17-06-52-30.ulg,0.2,0.0408372522268442,0.2358785652563589,2.624715049235184,0.5642192825769928,0.2358785652563589,0.5642192825769928,0.0927848607589496,0.0770256544132884,0.2027232490947829,0.4785337162348705,0.2596455938398359,0.1480980987646361,153
B2_StandardGRU,23,Sep17,9.17数据/log_13_2026-9-17-06-52-30.ulg,0.5,0.1395521789599699,0.3986363619667705,5.0649545268639695,0.5654766928435675,0.3986363619667705,0.5654766928435675,0.2043905390742997,0.1860953132138088,0.2872350797149849,0.466939590301511,0.2799816824011962,0.1527794707352761,153
B2_StandardGRU,23,Sep17,9.17数据/log_13_2026-9-17-06-52-30.ulg,1.0,0.4086166356152471,0.74096536971764,7.485016395672595,0.6913309766749968,0.74096536971764,0.6913309766749968,0.4606435074920075,0.3802609010423198,0.4384505505353401,0.558593168726983,0.3690749730704936,0.1723248543158175,153
B2_StandardGRU,23,Sep17,9.17数据/log_6_2026-9-17-06-02-24.ulg,0.1,0.0221643071992463,0.1412162843204395,1.4028923077092343,0.5231667664739533,0.1412162843204395,0.5231667664739533,0.0546617587090062,0.048315230640467,0.1209122391665462,0.4181116367810321,0.2812645000660539,0.1406286092290294,138
B2_StandardGRU,23,Sep17,9.17数据/log_6_2026-9-17-06-02-24.ulg,0.2,0.0417797099223262,0.1921631740471985,2.662667441813176,0.522129232093861,0.1921631740471985,0.522129232093861,0.0731704411229799,0.1066517876600109,0.1421202596208098,0.423783886612224,0.2597777549615798,0.1598176163064758,138
B2_StandardGRU,23,Sep17,9.17数据/log_6_2026-9-17-06-02-24.ulg,0.5,0.1301021955160833,0.3606865547596277,4.619271495048223,0.5301689694759586,0.3606865547596277,0.5301689694759586,0.1565361751645795,0.1552720267655437,0.285450195924498,0.4354965527067683,0.2645595730826317,0.1463903038662616,138
B2_StandardGRU,23,Sep17,9.17数据/log_6_2026-9-17-06-02-24.ulg,1.0,0.3689401758003708,0.6203611072989392,6.923517435978626,0.5212452045334924,0.6203611072989392,0.5212452045334924,0.3456287239883006,0.3668917603856443,0.3616339651699049,0.3639835662920997,0.3318765769270231,0.1705006287544087,138
B2_StandardGRU,23,Sep17,9.17数据/log_7_2026-9-17-06-12-16.ulg,0.1,0.0232591429406161,0.1402913767261068,1.4567956821848602,0.5096393519910623,0.1402913767261068,0.5096393519910623,0.0566363443380537,0.0473860676474562,0.1192835088209536,0.4182280416876544,0.2622853856139816,0.1265857446054032,131
B2_StandardGRU,23,Sep17,9.17数据/log_7_2026-9-17-06-12-16.ulg,0.2,0.0472398275645889,0.1706582865836964,2.086558475570407,0.454673060978815,0.1706582865836964,0.454673060978815,0.0713579628867678,0.062161295472264,0.1420150177183513,0.3702442340177813,0.2295583838605259,0.1301911976893024,131
B2_StandardGRU,23,Sep17,9.17数据/log_7_2026-9-17-06-12-16.ulg,0.5,0.1357155389433662,0.3227916466763582,4.077390711100409,0.5029258268266432,0.3227916466763582,0.5029258268266432,0.16125040833689,0.1419515684950041,0.240920121984506,0.4122217664328931,0.2481848551827952,0.1463279885261291,131
B2_StandardGRU,23,Sep17,9.17数据/log_7_2026-9-17-06-12-16.ulg,1.0,0.3686361204715579,0.6175674878544526,6.79692473975602,0.6151156460961337,0.6175674878544526,0.6151156460961337,0.3597819558261362,0.3947811323748095,0.3099909738002749,0.5166656704827187,0.3000722454416523,0.1462206911914707,131
B2_StandardGRU,23,Sep17,9.17数据/log_8_2026-9-17-06-17-52.ulg,0.1,0.0162145412823699,0.1471197561392254,1.4127356415364265,0.4856770103966158,0.1471197561392254,0.4856770103966158,0.0533358480086792,0.0696621012211827,0.1180961541165076,0.4067263401701159,0.2282786824146777,0.1354425553311672,146
B2_StandardGRU,23,Sep17,9.17数据/log_8_2026-9-17-06-17-52.ulg,0.2,0.0384481050709897,0.2152019543933176,2.447249935199733,0.6087787131174904,0.2152019543933176,0.6087787131174904,0.1101089393233103,0.0957729995650968,0.158162685896842,0.5265125428218328,0.2686524832580765,0.145677407430062,146
B2_StandardGRU,23,Sep17,9.17数据/log_8_2026-9-17-06-17-52.ulg,0.5,0.1307683854404035,0.4020895005105765,4.274135278391905,0.5487277716240767,0.4020895005105765,0.5487277716240767,0.2196641214412134,0.2141940959756651,0.2598933039181124,0.4670204968619084,0.230963505953654,0.1721914102967319,146
B2_StandardGRU,23,Sep17,9.17数据/log_8_2026-9-17-06-17-52.ulg,1.0,0.3500410397562451,0.6456370282736422,6.762144433818969,0.5940831431281236,0.6456370282736422,0.5940831431281236,0.4054114582213595,0.3497961523686457,0.360737263959439,0.4790123241417862,0.3053425798383501,0.1739191858506004,146
B2_StandardGRU,23,Sep17,9.17数据/log_9_2026-9-17-06-28-10.ulg,0.1,0.0161764759778527,0.2189227834218365,1.5122530740150777,0.5954270615459528,0.2189227834218365,0.5954270615459528,0.1123769745831416,0.096089360537724,0.1614479342579383,0.5279691746961548,0.2309220441264038,0.1498564170410871,114
B2_StandardGRU,23,Sep17,9.17数据/log_9_2026-9-17-06-28-10.ulg,0.2,0.0428838965754754,0.3409771489399579,2.467632476403345,0.5266860621463204,0.3409771489399579,0.5266860621463204,0.207898417418785,0.1475312778425445,0.2264468727806431,0.4369066746022879,0.2489016458324308,0.1567122728093602,114
B2_StandardGRU,23,Sep17,9.17数据/log_9_2026-9-17-06-28-10.ulg,0.5,0.1479204739056859,0.4571307445932177,4.25690012236009,0.6178828583756419,0.4571307445932177,0.6178828583756419,0.3092423162536691,0.2218387770588252,0.2532296674630763,0.5186618122768163,0.2907848897554827,0.1679681489154237,114
B2_StandardGRU,23,Sep17,9.17数据/log_9_2026-9-17-06-28-10.ulg,1.0,0.4044281908550196,0.7356089850098653,7.53366248314749,0.7076759855493193,0.7356089850098653,0.7076759855493193,0.4749834057825364,0.4052154521587089,0.3889881494213925,0.5447589224282914,0.4091739264755919,0.1913627833475314,114
B2_StandardGRU,23,Sep7,2026.9.7/log_21_2026-9-7-05-54-56.ulg,0.1,0.0151842334661139,0.1169695125208257,1.347610088229258,0.5457492045416003,0.1169695125208257,0.5457492045416003,0.0507382093192766,0.043670399682128,0.0959187008149926,0.477395458174899,0.212227898665286,0.1577817790490546,168
B2_StandardGRU,23,Sep7,2026.9.7/log_21_2026-9-7-05-54-56.ulg,0.2,0.02881408413735,0.1551920828632237,2.231111083898359,0.5683764116255585,0.1551920828632237,0.5683764116255585,0.072108622824802,0.0663591003427175,0.120338684135407,0.5028405766608468,0.2169447139717785,0.1521120995694837,168
B2_StandardGRU,23,Sep7,2026.9.7/log_21_2026-9-7-05-54-56.ulg,0.5,0.0956854006104507,0.366508456246874,4.224605493060557,0.6510191398865701,0.366508456246874,0.6510191398865701,0.2148232333376014,0.1997685823339836,0.2197087627545057,0.5716120032782054,0.2582588713744612,0.1743215235228164,168
B2_StandardGRU,23,Sep7,2026.9.7/log_21_2026-9-7-05-54-56.ulg,1.0,0.3062480557857053,0.6090187276483905,7.110265342712697,0.6273475980597581,0.6090187276483905,0.6273475980597581,0.3415001313887025,0.4095745299796028,0.2941601184388373,0.5172513159572484,0.3045807986874286,0.1823365624409176,168
B2_StandardGRU,23,Sep7,2026.9.7/log_22_2026-9-7-06-01-40.ulg,0.1,0.0596492287212975,0.1693473407766938,1.536603208108782,0.6127930652359399,0.1693473407766938,0.6127930652359399,0.0712113764906637,0.0534166062834002,0.1440629302062359,0.5462425947755618,0.2351162702778876,0.1478333788585497,182
B2_StandardGRU,23,Sep7,2026.9.7/log_22_2026-9-7-06-01-40.ulg,0.2,0.1142965175981,0.2392015908623134,2.30732591968709,0.6067550006710819,0.2392015908623134,0.6067550006710819,0.0942658525324463,0.0738611830809372,0.2070649070974531,0.5450318148318206,0.2167587582690934,0.1552661984275305,182
B2_StandardGRU,23,Sep7,2026.9.7/log_22_2026-9-7-06-01-40.ulg,0.5,0.2744174404492007,0.3558167052204585,3.9497741868988303,0.6171671097110557,0.3558167052204585,0.6171671097110557,0.2028040276905966,0.1637318607628902,0.2422146400148758,0.5446375407620123,0.2488435532762331,0.1494726613620839,182
B2_StandardGRU,23,Sep7,2026.9.7/log_22_2026-9-7-06-01-40.ulg,1.0,0.6336872986828277,0.6522470331071407,5.871075966549847,0.5991787655192855,0.6522470331071407,0.5991787655192855,0.4288193040847907,0.3721632814455729,0.3209901689849184,0.5090708211106347,0.2757507091944382,0.1543490800805868,182
B2_StandardGRU,23,Sep7,2026.9.7/log_23_2026-9-7-06-09-22.ulg,0.1,0.0214080841984951,0.1330555535458376,1.4773970360594233,0.5494887389948218,0.1330555535458376,0.5494887389948218,0.0537117181533939,0.0466276601710278,0.1124486236882194,0.4627494768004044,0.253624252206681,0.1532172793638928,160
B2_StandardGRU,23,Sep7,2026.9.7/log_23_2026-9-7-06-09-22.ulg,0.2,0.0413978702668867,0.1687508261218181,2.308166573682918,0.6375170376071397,0.1687508261218181,0.6375170376071397,0.0674467394904623,0.0724848657967031,0.1366518308671191,0.5834838542570213,0.2124647738549372,0.1443373996285256,160
B2_StandardGRU,23,Sep7,2026.9.7/log_23_2026-9-7-06-09-22.ulg,0.5,0.1221772788390511,0.3132020952600879,4.039917319037453,0.7238169258758133,0.3132020952600879,0.7238169258758133,0.1690860065541002,0.1791146401785554,0.1934513389372185,0.6732580049621392,0.2197661873470233,0.1494570969799224,160
B2_StandardGRU,23,Sep7,2026.9.7/log_23_2026-9-7-06-09-22.ulg,1.0,0.3479184228165161,0.6838612647480785,6.29555648122565,0.6404503462608535,0.6838612647480785,0.6404503462608535,0.3744533508641326,0.5055486710499176,0.2680885276342993,0.5518405775951539,0.2852949456168128,0.1557415068329374,160
B2_StandardGRU,23,Sep7,2026.9.7/log_24_2026-9-7-06-16-04.ulg,0.1,0.020577885987312,0.1205919246001455,1.5147492714257351,0.552668069934205,0.1205919246001455,0.552668069934205,0.0452509438271346,0.0592983841575128,0.0947547676786172,0.4891274663006128,0.2136591745194779,0.1433390190380746,161
B2_StandardGRU,23,Sep7,2026.9.7/log_24_2026-9-7-06-16-04.ulg,0.2,0.0377885319881887,0.1901871406673966,2.289356771616991,0.5822528522925022,0.1901871406673966,0.5822528522925022,0.08322020379222,0.1034486599840616,0.1361760658248118,0.5120405881279013,0.2170376665763477,0.1724165635879608,161
B2_StandardGRU,23,Sep7,2026.9.7/log_24_2026-9-7-06-16-04.ulg,0.5,0.1113930090075225,0.3894193823799339,4.454458565325227,0.6473349101913747,0.3894193823799339,0.6473349101913747,0.2249102185889467,0.2092574969980659,0.2393201807151788,0.5508521173696572,0.302713470493391,0.1548192026968469,161
B2_StandardGRU,23,Sep7,2026.9.7/log_24_2026-9-7-06-16-04.ulg,1.0,0.3434803732862088,0.7189910944977189,7.441181853630654,0.6525660241191702,0.7189910944977189,0.6525660241191702,0.444671737840933,0.4793027855407507,0.2991388963432028,0.5561998761837519,0.2903711191906643,0.1793564236592643,161
B2_StandardGRU,23,Sep7,2026.9.7/log_26_2026-9-7-06-30-26.ulg,0.1,0.0221589264332535,0.2806413289892988,1.329448634749611,0.5312620649585565,0.2806413289892988,0.5312620649585565,0.1442351417925009,0.2212613630012238,0.094864053528287,0.4598581517538798,0.2280132315651871,0.1370395131366698,150
B2_StandardGRU,23,Sep7,2026.9.7/log_26_2026-9-7-06-30-26.ulg,0.2,0.0444948981035841,0.2261978959946361,1.9473180294529675,0.6325053637359764,0.2261978959946361,0.6325053637359764,0.0815034196887049,0.1672368257286327,0.1286643884361868,0.5792477981893162,0.202225587935755,0.1537525122775144,150
B2_StandardGRU,23,Sep7,2026.9.7/log_26_2026-9-7-06-30-26.ulg,0.5,0.1073170698493437,0.3008653746827379,3.5949874401715864,0.5903795251926333,0.3008653746827379,0.5903795251926333,0.1666207156893739,0.1712368035895102,0.1828536788872256,0.5175567757339492,0.2501835430311828,0.1345033919829606,150
B2_StandardGRU,23,Sep7,2026.9.7/log_26_2026-9-7-06-30-26.ulg,1.0,0.3115836701095942,0.5629157287770605,5.41559753833608,0.6304331125841188,0.5629157287770605,0.6304331125841188,0.3520173426586672,0.3667957074638024,0.2416998493137061,0.4801518319147195,0.3779875397375156,0.1550017662951593,150
B2_StandardGRU,23,Sep7,2026.9.7/log_27_2026-9-7-06-37-24.ulg,0.1,0.0594450977865465,0.1041569882301025,1.2946412941033656,0.5241918085082813,0.1041569882301025,0.5241918085082813,0.0469471210735922,0.0461888637384237,0.0806922232102976,0.4738576660548917,0.1914078156857397,0.1166148040456583,155
B2_StandardGRU,23,Sep7,2026.9.7/log_27_2026-9-7-06-37-24.ulg,0.2,0.106991881959216,0.1319622770475959,1.804040672968872,0.6146622700095467,0.1319622770475959,0.6146622700095467,0.0667983186233195,0.0654176306176913,0.0931265848028973,0.5534569750609631,0.2403265886293658,0.1172101263860287,155
B2_StandardGRU,23,Sep7,2026.9.7/log_27_2026-9-7-06-37-24.ulg,0.5,0.2344170878031286,0.2670856723591935,3.087966686632683,0.6244909286479984,0.2670856723591935,0.6244909286479984,0.153428618275081,0.144476575708657,0.1640760023442265,0.5599583374985226,0.2511365581611607,0.1156114587075862,155
B2_StandardGRU,23,Sep7,2026.9.7/log_27_2026-9-7-06-37-24.ulg,1.0,0.4596048100964114,0.5333151567377336,5.0600653802261055,0.614333980579427,0.5333151567377336,0.614333980579427,0.3440039160088474,0.3350492960848922,0.2320093346608909,0.512391000585321,0.316092403804293,0.1222591283747805,155
B2_StandardGRU,23,Sep7,2026.9.7/log_28_2026-9-7-06-44-02.ulg,0.1,0.0852055229634317,0.1222736484718445,1.2016251100208597,0.553110961758129,0.1222736484718445,0.553110961758129,0.0441039635526081,0.0590335538021532,0.0975742027128826,0.4873177042006856,0.2241993667972812,0.1348622820408797,140
B2_StandardGRU,23,Sep7,2026.9.7/log_28_2026-9-7-06-44-02.ulg,0.2,0.165576705113239,0.1775970829906171,1.7303175087440328,0.6088945223242851,0.1775970829906171,0.6088945223242851,0.0751338419638363,0.0895118621996333,0.1337282924593119,0.555662547581646,0.2070716942006749,0.1382497232997463,140
B2_StandardGRU,23,Sep7,2026.9.7/log_28_2026-9-7-06-44-02.ulg,0.5,0.420854484113578,0.3089744626615094,3.2283746097132973,0.5958104171782584,0.3089744626615094,0.5958104171782584,0.1813322969192303,0.1757608457126503,0.1780223069880246,0.5405449519421527,0.2166836748644805,0.1258943731673909,140
B2_StandardGRU,23,Sep7,2026.9.7/log_28_2026-9-7-06-44-02.ulg,1.0,0.8591112622619135,0.6208578470408732,5.40897547845963,0.6410302466864863,0.6208578470408732,0.6410302466864863,0.4168330002742499,0.4128292349279792,0.2031913849142595,0.5683743794463219,0.2664312982543931,0.1299411607860446,140
B2_StandardGRU,23,Sep7,2026.9.7/log_29_2026-9-7-06-51-04.ulg,0.1,0.0390048438725344,0.107903055752255,1.33270034797992,0.6043080681181473,0.107903055752255,0.6043080681181473,0.0485660409009419,0.0416101833295941,0.0869080074283138,0.5534745825353393,0.2174634611208215,0.1075349745774466,201
B2_StandardGRU,23,Sep7,2026.9.7/log_29_2026-9-7-06-51-04.ulg,0.2,0.0694557314623577,0.1413051237293334,1.8189507903948767,0.5671484906265277,0.1413051237293334,0.5671484906265277,0.0690613619279993,0.0699260187790567,0.1015284106963322,0.5228688768959748,0.1938074816205535,0.1034611427608905,201
B2_StandardGRU,23,Sep7,2026.9.7/log_29_2026-9-7-06-51-04.ulg,0.5,0.1973862868576184,0.4281304775190395,3.12423615822614,0.5995224461368729,0.4281304775190395,0.5995224461368729,0.2368381519761095,0.2975456935219895,0.1966467793169782,0.5203190213946166,0.2628626851607112,0.1399946004208341,201
B2_StandardGRU,23,Sep7,2026.9.7/log_29_2026-9-7-06-51-04.ulg,1.0,0.4497585155739368,0.4812583057921266,5.58181543728021,0.5985507015568878,0.4812583057921266,0.5985507015568878,0.2975445900781637,0.2947991470294329,0.2370026090992341,0.5043126329854611,0.2949549554135376,0.1301279555764724,201
B2_StandardGRU,23,Sep7,2026.9.7/log_30_2026-9-7-06-58-22.ulg,0.1,0.12792867185874,0.1174110797441378,1.3746668229296035,0.5712828689355605,0.1174110797441378,0.5712828689355605,0.0558940030647669,0.0523531146317271,0.0889964800227365,0.5205032895661589,0.1963549133372184,0.1299430255857759,164
B2_StandardGRU,23,Sep7,2026.9.7/log_30_2026-9-7-06-58-22.ulg,0.2,0.2656552050185937,0.1778909698369431,1.9917612017720427,0.5644908052724318,0.1778909698369431,0.5644908052724318,0.1019332937065977,0.0934246647666706,0.1119224409887842,0.4964015418337468,0.2356501010993775,0.1292455351416463,164
B2_StandardGRU,23,Sep7,2026.9.7/log_30_2026-9-7-06-58-22.ulg,0.5,0.6709929328075863,0.3647444723301574,3.642064691789893,0.5916859188727831,0.3647444723301574,0.5916859188727831,0.2222296789715803,0.2224515186229874,0.1848453995692615,0.5287205191961428,0.2319339023125029,0.1294353279880931,164
B2_StandardGRU,23,Sep7,2026.9.7/log_30_2026-9-7-06-58-22.ulg,1.0,1.3968359487165825,0.6789886762607458,5.65515124703263,0.6719187211312787,0.6789886762607458,0.6719187211312787,0.4142035162481436,0.4780090202841685,0.2469178935293328,0.580036452975075,0.3092884340242364,0.1391874477301106,164
B2_StandardGRU,42,Sep17,9.17数据/log_10_2026-9-17-06-34-34.ulg,0.1,0.0187666282469543,0.1420631070569525,1.4313910536925332,0.5537834689827106,0.1420631070569525,0.5537834689827106,0.0616033463905943,0.0516072533176064,0.1171479641528951,0.4882498322770036,0.2210586862793542,0.1393602849467838,130
B2_StandardGRU,42,Sep17,9.17数据/log_10_2026-9-17-06-34-34.ulg,0.2,0.0388007970604811,0.1969271855101572,2.4272051464929167,0.5365734880009264,0.1969271855101572,0.5365734880009264,0.0865700390061823,0.076396676359421,0.1595289709759761,0.4720229199660623,0.2102855694866053,0.1445179930592957,130
B2_StandardGRU,42,Sep17,9.17数据/log_10_2026-9-17-06-34-34.ulg,0.5,0.1257040538774301,0.3848589387100279,5.089979765987883,0.5885311725914473,0.3848589387100279,0.5885311725914473,0.1974556232512293,0.199869321717825,0.2630207858469253,0.513253381781863,0.2365944050877823,0.1642041250471601,130
B2_StandardGRU,42,Sep17,9.17数据/log_10_2026-9-17-06-34-34.ulg,1.0,0.3978165589109359,0.7957967742545887,8.712782194714038,0.6776381298227778,0.7957967742545887,0.6776381298227778,0.4691387487505879,0.5120760942786264,0.3885606953914521,0.5501719351009539,0.338681321649784,0.2044486223542214,130
B2_StandardGRU,42,Sep17,9.17数据/log_11_2026-9-17-06-40-30.ulg,0.1,0.0199606986413462,0.1499651773985948,1.580875086343199,0.5504526383144165,0.1499651773985948,0.5504526383144165,0.0630072377001317,0.0603578813447134,0.1219695395956244,0.5003891778476743,0.1825343189788575,0.1388884448582929,145
B2_StandardGRU,42,Sep17,9.17数据/log_11_2026-9-17-06-40-30.ulg,0.2,0.0405916353207329,0.2338380656381941,2.3019290183442345,0.5645660843076179,0.2338380656381941,0.5645660843076179,0.0884766958430273,0.1013026296065138,0.1912848464173737,0.4802050215695373,0.2451901649111426,0.167391110399218,145
B2_StandardGRU,42,Sep17,9.17数据/log_11_2026-9-17-06-40-30.ulg,0.5,0.1211338330240782,0.3687931140137959,4.601717289712312,0.5857766889757076,0.3687931140137959,0.5857766889757076,0.1856676343209679,0.1921531843722484,0.2541909601957802,0.4930357286237547,0.2708492164467803,0.1633731973058963,145
B2_StandardGRU,42,Sep17,9.17数据/log_11_2026-9-17-06-40-30.ulg,1.0,0.3535114875832967,0.6620180260057575,7.183740862583435,0.6367480503292501,0.6620180260057575,0.6367480503292501,0.3919853875157232,0.4042595012109005,0.3481229357733013,0.5215045581502428,0.307857864216335,0.1967348745565409,145
B2_StandardGRU,42,Sep17,9.17数据/log_12_2026-9-17-06-46-02.ulg,0.1,0.0159784869521224,0.135966170324859,1.3651247791549743,0.4601633584574671,0.135966170324859,0.4601633584574671,0.0623196681100469,0.0495680110437713,0.1102092134107976,0.394125253412792,0.202046324386673,0.1248714694835978,144
B2_StandardGRU,42,Sep17,9.17数据/log_12_2026-9-17-06-46-02.ulg,0.2,0.0351747311856517,0.199586514843223,2.1297464381569875,0.5070936983587367,0.199586514843223,0.5070936983587367,0.1031659202736554,0.0853599183449075,0.1480042369038959,0.4389596620019573,0.205774267445902,0.1487124235138787,144
B2_StandardGRU,42,Sep17,9.17数据/log_12_2026-9-17-06-46-02.ulg,0.5,0.1180633249035424,0.3989296106484362,4.266206165740824,0.5647518691684843,0.3989296106484362,0.5647518691684843,0.2469741965030134,0.1864980674415119,0.2517281298432598,0.4921117468371381,0.2267632893039836,0.1592140476786991,144
B2_StandardGRU,42,Sep17,9.17数据/log_12_2026-9-17-06-46-02.ulg,1.0,0.3671202336606403,0.7079242756189372,6.663523549222292,0.5487903751145408,0.7079242756189372,0.5487903751145408,0.4401533572606835,0.423629340888417,0.3577149474668225,0.4406685967792247,0.2797281037055916,0.1695118038021577,144
B2_StandardGRU,42,Sep17,9.17数据/log_13_2026-9-17-06-52-30.ulg,0.1,0.018184826129416,0.1702854098188581,1.5975086131451322,0.5404964252053598,0.1702854098188581,0.5404964252053598,0.0592495931717104,0.0728893756280851,0.1420343107376213,0.4790275080135602,0.2194913808748154,0.1203850736086425,153
B2_StandardGRU,42,Sep17,9.17数据/log_13_2026-9-17-06-52-30.ulg,0.2,0.039745904676685,0.2292626956400352,2.6326737873363,0.5680757024016273,0.2292626956400352,0.5680757024016273,0.0898161536612107,0.0902751340459276,0.1906432330995018,0.4875130729224567,0.2518123460617678,0.1470766798635123,153
B2_StandardGRU,42,Sep17,9.17数据/log_13_2026-9-17-06-52-30.ulg,0.5,0.1407510285601026,0.4164131618642604,5.14215135980124,0.5668789445112856,0.4164131618642604,0.5668789445112856,0.2075016090153945,0.2181196542741945,0.2876922314716178,0.4802398527741405,0.2567555496743069,0.1574738367131045,153
B2_StandardGRU,42,Sep17,9.17数据/log_13_2026-9-17-06-52-30.ulg,1.0,0.4074232306493799,0.7072043755148842,7.976358721520959,0.6561727139460221,0.7072043755148842,0.6561727139460221,0.4441509470855718,0.3937923373751359,0.3844418811407181,0.5615573884625302,0.2850151938293753,0.1843428037023267,153
B2_StandardGRU,42,Sep17,9.17数据/log_6_2026-9-17-06-02-24.ulg,0.1,0.0214173375247418,0.1360771447793855,1.4131560661908456,0.5306515658933975,0.1360771447793855,0.5306515658933975,0.0553086506520081,0.0554828337850289,0.1112636402853458,0.4218256142353943,0.2954149345987424,0.1280009842777302,138
B2_StandardGRU,42,Sep17,9.17数据/log_6_2026-9-17-06-02-24.ulg,0.2,0.0401402635460129,0.1959518645967831,2.721305928591298,0.5122405687595857,0.1959518645967831,0.5122405687595857,0.066229316278253,0.1177201320669895,0.1419604924280051,0.4290094553332609,0.2261421680366531,0.1649272789852692,138
B2_StandardGRU,42,Sep17,9.17数据/log_6_2026-9-17-06-02-24.ulg,0.5,0.1211285007316368,0.3297752005477962,4.8671327814116125,0.4980371822751314,0.3297752005477962,0.4980371822751314,0.1461608987762345,0.1423875772395261,0.2590645718988231,0.4086473989526132,0.2388509718622753,0.1549146587585008,138
B2_StandardGRU,42,Sep17,9.17数据/log_6_2026-9-17-06-02-24.ulg,1.0,0.3431625497727713,0.6359082002556945,7.890427767248598,0.4837148216887644,0.6359082002556945,0.4837148216887644,0.3373769244005272,0.4264984273283882,0.3296287935252153,0.3623808962011316,0.2612304229482616,0.1855229929580972,138
B2_StandardGRU,42,Sep17,9.17数据/log_7_2026-9-17-06-12-16.ulg,0.1,0.0223936112624635,0.1300996990428359,1.439642622428517,0.5054657464452337,0.1300996990428359,0.5054657464452337,0.0579845411655575,0.0497170625146986,0.1053182717849366,0.423911974034681,0.2451707541490844,0.1252420073674416,131
B2_StandardGRU,42,Sep17,9.17数据/log_7_2026-9-17-06-12-16.ulg,0.2,0.0441910131276687,0.1663972750539803,2.1073857085160905,0.4537014765554417,0.1663972750539803,0.4537014765554417,0.0669622280509926,0.0617727777517033,0.1392416499782859,0.3745514520712674,0.2164965434109902,0.1366948655619012,131
B2_StandardGRU,42,Sep17,9.17数据/log_7_2026-9-17-06-12-16.ulg,0.5,0.1245508105849752,0.3059549536559383,4.3827501780245255,0.4868608974763897,0.3059549536559383,0.4868608974763897,0.1604924828573517,0.1311150853723857,0.2250765003297368,0.4081907656278979,0.2151582350604879,0.1553086160948,131
B2_StandardGRU,42,Sep17,9.17数据/log_7_2026-9-17-06-12-16.ulg,1.0,0.3403263917895529,0.6367439049479311,8.049469229526261,0.5774958044691417,0.6367439049479311,0.5774958044691417,0.3741673089294122,0.4369634241513384,0.2729552918900808,0.4950453922544916,0.2475274059997432,0.1648079095981018,131
B2_StandardGRU,42,Sep17,9.17数据/log_8_2026-9-17-06-17-52.ulg,0.1,0.0160495315686111,0.1496919500919439,1.4714812538522843,0.4855990421164905,0.1496919500919439,0.4855990421164905,0.0592423313045922,0.0730540900202353,0.1164522478754331,0.4120053276390275,0.2208785793091542,0.1314180082936901,146
B2_StandardGRU,42,Sep17,9.17数据/log_8_2026-9-17-06-17-52.ulg,0.2,0.0384282300398531,0.2229518636305767,2.4819371454972994,0.6061766550777882,0.2229518636305767,0.6061766550777882,0.1157622646615606,0.0954937285221407,0.1648865652189824,0.5374419859354896,0.2369417016097384,0.1498828841238867,146
B2_StandardGRU,42,Sep17,9.17数据/log_8_2026-9-17-06-17-52.ulg,0.5,0.1298482609629456,0.3758458482707969,4.501562062462141,0.5532196266290988,0.3758458482707969,0.5532196266290988,0.2033804230068485,0.2052515872616179,0.2403503507934547,0.4738751904875866,0.2216899405126517,0.1798550232923452,146
B2_StandardGRU,42,Sep17,9.17数据/log_8_2026-9-17-06-17-52.ulg,1.0,0.3187264415533827,0.6359673400637449,7.729249353540057,0.5726344504257705,0.6359673400637449,0.5726344504257705,0.394792187477311,0.3698771777791316,0.334341830605713,0.473483214158372,0.2582541525001158,0.192428304677686,146
B2_StandardGRU,42,Sep17,9.17数据/log_9_2026-9-17-06-28-10.ulg,0.1,0.0154030861061999,0.2026570817796927,1.5242289707110548,0.615355487035623,0.2026570817796927,0.615355487035623,0.1111772823071947,0.1055582806025716,0.1325403866392283,0.5407950699204092,0.2567716392134387,0.1423776424522903,114
B2_StandardGRU,42,Sep17,9.17数据/log_9_2026-9-17-06-28-10.ulg,0.2,0.0404236290250647,0.3205191215678007,2.618712814093548,0.5512048298906576,0.3205191215678007,0.5512048298906576,0.2017831158574533,0.1540853847883347,0.1956368463252335,0.4771014256164861,0.2242472288226253,0.1609788015077708,114
B2_StandardGRU,42,Sep17,9.17数据/log_9_2026-9-17-06-28-10.ulg,0.5,0.133972485272502,0.3842911069128297,4.665651582223881,0.6027709264453955,0.3842911069128297,0.6027709264453955,0.2354470710050967,0.2034349972151115,0.2255183662487302,0.5313128959592873,0.2321785208134539,0.1647195520515779,114
B2_StandardGRU,42,Sep17,9.17数据/log_9_2026-9-17-06-28-10.ulg,1.0,0.3732598471921949,0.7825321363954548,8.577750787367266,0.7061478754301193,0.7825321363954548,0.7061478754301193,0.4609842415628877,0.5368328044778349,0.3341565704258807,0.5766945583245542,0.3369776170162111,0.2291599746975776,114
B2_StandardGRU,42,Sep7,2026.9.7/log_21_2026-9-7-05-54-56.ulg,0.1,0.0154870374366681,0.1252426969448725,1.4226517224739157,0.5687223014359676,0.1252426969448725,0.5687223014359676,0.0461060475594294,0.043961558415972,0.1078301761943839,0.4984031341690273,0.221769985413114,0.1608025048653822,168
B2_StandardGRU,42,Sep7,2026.9.7/log_21_2026-9-7-05-54-56.ulg,0.2,0.0308600652425812,0.1614464961353987,2.34904561197168,0.5685507418097692,0.1614464961353987,0.5685507418097692,0.0645520672576778,0.0697147490243132,0.1305291365773733,0.5095747852440666,0.2048744598375661,0.1470031971154631,168
B2_StandardGRU,42,Sep7,2026.9.7/log_21_2026-9-7-05-54-56.ulg,0.5,0.0998223529665088,0.3461571489395044,4.136865145420412,0.6611257531811762,0.3461571489395044,0.6611257531811762,0.1950215697573868,0.1896433161217066,0.2140718845193207,0.5933349400865796,0.2403042273064829,0.1652113456469215,168
B2_StandardGRU,42,Sep7,2026.9.7/log_21_2026-9-7-05-54-56.ulg,1.0,0.3014593696518909,0.585267912673652,6.637740914414329,0.6171677206092125,0.585267912673652,0.6171677206092125,0.3106298268859845,0.4118706470751582,0.2764239684471071,0.5359550364967655,0.2497405898533304,0.1768553985476057,168
B2_StandardGRU,42,Sep7,2026.9.7/log_22_2026-9-7-06-01-40.ulg,0.1,0.0592605157300946,0.1225021000550346,1.4355474025247774,0.6056462302335865,0.1225021000550346,0.6056462302335865,0.0524436024332284,0.0434141505356165,0.1018412716681701,0.5427778598358048,0.2236772166495811,0.1488894013021553,182
B2_StandardGRU,42,Sep7,2026.9.7/log_22_2026-9-7-06-01-40.ulg,0.2,0.1120569415359417,0.177652361762748,2.2949620460281346,0.5769891421954801,0.177652361762748,0.5769891421954801,0.077273486571714,0.0707357166048442,0.1434769260520053,0.5147349869954905,0.212033723238788,0.1516774986071607,182
B2_StandardGRU,42,Sep7,2026.9.7/log_22_2026-9-7-06-01-40.ulg,0.5,0.2702599143354787,0.3302780526681735,3.968292637444162,0.6106643856461941,0.3302780526681735,0.6106643856461941,0.2002607811894617,0.1662068767338785,0.2033580234906817,0.5509960035093878,0.219228097819647,0.1457855861863771,182
B2_StandardGRU,42,Sep7,2026.9.7/log_22_2026-9-7-06-01-40.ulg,1.0,0.6337792453412039,0.6489428867382232,5.966883160744056,0.5797177574763934,0.6489428867382232,0.5797177574763934,0.4329024682975056,0.3885622908431519,0.2876485169869424,0.5028844447221241,0.2467455670459136,0.1493202556024127,182
B2_StandardGRU,42,Sep7,2026.9.7/log_23_2026-9-7-06-09-22.ulg,0.1,0.0215400748656621,0.1394272815235629,1.4631887032274489,0.5402132062168389,0.1394272815235629,0.5402132062168389,0.0529563669989175,0.0614402081806992,0.1134049859840349,0.4542202718088689,0.2507943766777837,0.1503876107788009,160
B2_StandardGRU,42,Sep7,2026.9.7/log_23_2026-9-7-06-09-22.ulg,0.2,0.0422606878466887,0.1805071164290966,2.3166626506159,0.6483647037301845,0.1805071164290966,0.6483647037301845,0.0682879683252161,0.0775103987341553,0.1480260468689006,0.5988792663090391,0.2073404991389326,0.1368587989319475,160
B2_StandardGRU,42,Sep7,2026.9.7/log_23_2026-9-7-06-09-22.ulg,0.5,0.1265976573970025,0.326509113751858,3.950515575352584,0.7490378161965617,0.326509113751858,0.7490378161965617,0.1802369838108562,0.1736698217073749,0.2096702746168791,0.7115719476148141,0.1891061826873748,0.1377020883268789,160
B2_StandardGRU,42,Sep7,2026.9.7/log_23_2026-9-7-06-09-22.ulg,1.0,0.3470010498614486,0.6645561862438991,6.070941448273149,0.6530316529784579,0.6645561862438991,0.6530316529784579,0.3966755415281074,0.4513740527879367,0.283804340872742,0.579451110385574,0.2634617365495478,0.1458583691085263,160
B2_StandardGRU,42,Sep7,2026.9.7/log_24_2026-9-7-06-16-04.ulg,0.1,0.0206471052715216,0.1307539305874507,1.4712373933863874,0.5476413019531,0.1307539305874507,0.5476413019531,0.0554660779251882,0.0676404417722481,0.0971847477772101,0.4817259290968421,0.2158933651023625,0.1457435410076504,161
B2_StandardGRU,42,Sep7,2026.9.7/log_24_2026-9-7-06-16-04.ulg,0.2,0.0369601533953902,0.1975968342949121,2.2694286161902437,0.5634197399131794,0.1975968342949121,0.5634197399131794,0.0965143013678341,0.103626718521384,0.1378078436205272,0.4994715581161437,0.2022373267207713,0.1645297226573434,161
B2_StandardGRU,42,Sep7,2026.9.7/log_24_2026-9-7-06-16-04.ulg,0.5,0.1078068801488648,0.3968003142193732,4.284552650891433,0.6352492593171818,0.3968003142193732,0.6352492593171818,0.2383130919456972,0.2050589498219084,0.2420912775583024,0.5464862264604556,0.2858168901962933,0.152325739881872,161
B2_StandardGRU,42,Sep7,2026.9.7/log_24_2026-9-7-06-16-04.ulg,1.0,0.3349359471975047,0.7230552703712687,6.944584189686468,0.6440741633819678,0.7230552703712687,0.6440741633819678,0.4369180060067945,0.4420949366898697,0.3694098631491792,0.5556656209274422,0.2769097423706423,0.1714299863959808,161
B2_StandardGRU,42,Sep7,2026.9.7/log_26_2026-9-7-06-30-26.ulg,0.1,0.0218050962463779,0.2629665738780253,1.2840112265699586,0.5407381136437887,0.2629665738780253,0.5407381136437887,0.1363359772267208,0.2064069929024713,0.0892192444024336,0.4721154570778745,0.2275601929958149,0.1331204766326352,150
B2_StandardGRU,42,Sep7,2026.9.7/log_26_2026-9-7-06-30-26.ulg,0.2,0.0421423420575856,0.2061519419575709,1.9992274551921851,0.6383190811741031,0.2061519419575709,0.6383190811741031,0.0854458851076911,0.1523858201428545,0.1094357606563345,0.5886755698757736,0.1955472689093403,0.1505775163976428,150
B2_StandardGRU,42,Sep7,2026.9.7/log_26_2026-9-7-06-30-26.ulg,0.5,0.1102278105118728,0.3077489273170418,3.5710877054027392,0.5923878200656783,0.3077489273170418,0.5923878200656783,0.1795908693156021,0.1828934935971069,0.1703129235351833,0.5283961270171824,0.2361514599217928,0.126306572640595,150
B2_StandardGRU,42,Sep7,2026.9.7/log_26_2026-9-7-06-30-26.ulg,1.0,0.3245051473243328,0.5700250182015881,5.296727329046424,0.6136344478774937,0.5700250182015881,0.6136344478774937,0.3631484226178159,0.3674359359771215,0.2409202720373065,0.496415790372851,0.3265806547540706,0.1531785710561912,150
B2_StandardGRU,42,Sep7,2026.9.7/log_27_2026-9-7-06-37-24.ulg,0.1,0.059141413301127,0.109226038038267,1.1988268766190742,0.5383523602244054,0.109226038038267,0.5383523602244054,0.0448561718184831,0.0452683148300747,0.0887075583463602,0.4897792720706277,0.1916267776285368,0.1149726337214959,155
B2_StandardGRU,42,Sep7,2026.9.7/log_27_2026-9-7-06-37-24.ulg,0.2,0.1065326644070799,0.1347865517510413,1.772567958511711,0.6037287330722884,0.1347865517510413,0.6037287330722884,0.0551742301649202,0.0629428285217641,0.1056476180343141,0.54588907195093,0.2328207638249332,0.1108512345154416,155
B2_StandardGRU,42,Sep7,2026.9.7/log_27_2026-9-7-06-37-24.ulg,0.5,0.2318906538961374,0.258645884953409,3.035588538802986,0.6083040182310151,0.258645884953409,0.6083040182310151,0.1339963505600125,0.1413379447702376,0.170194762575279,0.5499795908172685,0.2344249835966002,0.1122548678062682,155
B2_StandardGRU,42,Sep7,2026.9.7/log_27_2026-9-7-06-37-24.ulg,1.0,0.4448460498547707,0.5145601198951297,5.351825507347558,0.5981962975608573,0.5145601198951297,0.5981962975608573,0.3142690666741204,0.337762759430581,0.2278670425052888,0.5201140802630937,0.2673318323618828,0.1259120539647899,155
B2_StandardGRU,42,Sep7,2026.9.7/log_28_2026-9-7-06-44-02.ulg,0.1,0.0853579236886691,0.120684916729796,1.2722876915818946,0.5543989269227464,0.120684916729796,0.5543989269227464,0.0435600058767089,0.0572542278599848,0.0968985469770099,0.4940142991310513,0.2157132526475317,0.1295215621407145,140
B2_StandardGRU,42,Sep7,2026.9.7/log_28_2026-9-7-06-44-02.ulg,0.2,0.1658613675040872,0.1809549348932951,1.7000519522039286,0.594800737415926,0.1809549348932951,0.594800737415926,0.0758196422996149,0.1004105952402077,0.1300529994552309,0.5440135171150924,0.1973148285972003,0.1374920682885156,140
B2_StandardGRU,42,Sep7,2026.9.7/log_28_2026-9-7-06-44-02.ulg,0.5,0.4209201966551349,0.2838052921066867,3.064477419802634,0.6008072006879432,0.2838052921066867,0.6008072006879432,0.1773528380657827,0.156853705897013,0.1564874742723755,0.548087701740645,0.2144717843520615,0.1207104689576798,140
B2_StandardGRU,42,Sep7,2026.9.7/log_28_2026-9-7-06-44-02.ulg,1.0,0.8483005272314539,0.5689370083603463,5.061718236809398,0.6234862069308917,0.5689370083603463,0.6234862069308917,0.3820002845697162,0.3634359826480324,0.213727369766569,0.5684528226950893,0.2215378640894313,0.1285200893936378,140
B2_StandardGRU,42,Sep7,2026.9.7/log_29_2026-9-7-06-51-04.ulg,0.1,0.0387488684591922,0.1083829500438471,1.2922674160820848,0.6126936616487727,0.1083829500438471,0.6126936616487727,0.0472460647630856,0.0423725077911552,0.0878592272222892,0.5641855471989291,0.2159323176642011,0.1022811103996834,201
B2_StandardGRU,42,Sep7,2026.9.7/log_29_2026-9-7-06-51-04.ulg,0.2,0.06858825365238,0.1503926561981298,1.779724413444253,0.5477626819294313,0.1503926561981298,0.5477626819294313,0.0625508301378872,0.0644594028194099,0.1206247490175839,0.5080843712356726,0.1826753767193779,0.0923251545409372,201
B2_StandardGRU,42,Sep7,2026.9.7/log_29_2026-9-7-06-51-04.ulg,0.5,0.1943123337857514,0.4589685713111272,2.979850810522697,0.6002356506515469,0.4589685713111272,0.6002356506515469,0.2266307908414922,0.3177944922421458,0.2414483273797808,0.5270348594653131,0.2503077671480395,0.140936563484521,201
B2_StandardGRU,42,Sep7,2026.9.7/log_29_2026-9-7-06-51-04.ulg,1.0,0.4639935170377682,0.5187300208485336,5.510551294112624,0.5637150453241199,0.5187300208485336,0.5637150453241199,0.2884136452051742,0.3387405090003832,0.2667457054033773,0.4920975964690577,0.2415438860837453,0.1314197815007831,201
B2_StandardGRU,42,Sep7,2026.9.7/log_30_2026-9-7-06-58-22.ulg,0.1,0.127742953247468,0.1281945321905942,1.3580090529712796,0.5720765288425828,0.1281945321905942,0.5720765288425828,0.0591127846053742,0.0527685434359001,0.1007720080350563,0.5214640251385109,0.1962298902740419,0.129771551204254,164
B2_StandardGRU,42,Sep7,2026.9.7/log_30_2026-9-7-06-58-22.ulg,0.2,0.2652051635911827,0.1803877753860598,1.989324965868153,0.5645971989209042,0.1803877753860598,0.5645971989209042,0.1011458722236248,0.0968507847857349,0.1137065852413174,0.5027284368603955,0.2243670330007185,0.1252739011274453,164
B2_StandardGRU,42,Sep7,2026.9.7/log_30_2026-9-7-06-58-22.ulg,0.5,0.6682477329167995,0.3691362030312705,3.629601687028138,0.5829496604021719,0.3691362030312705,0.5829496604021719,0.2226651137519371,0.2293217113697958,0.1846438089961542,0.5219735269308314,0.2264726491149805,0.1268230379278115,164
B2_StandardGRU,42,Sep7,2026.9.7/log_30_2026-9-7-06-58-22.ulg,1.0,1.3851783551030987,0.7036729382554192,5.828795561179275,0.6538843749633954,0.7036729382554192,0.6538843749633954,0.4127190752267412,0.4984931234194135,0.2762664925041684,0.5816221207536912,0.2664012269730678,0.1353176660251459,164
