kind,condition,group,group_rule,step,horizon_s,metric,cohort,mean,std,min,max,n_seeds,n_flights,n_origins
endpoint,Actual,ALL,horizon_specific_train_quantiles,5,0.1,attitude_error_deg,ALL,1.4073877652708784,0.02064625836209928,1.3845081999116717,1.4246294529035894,3,17,2582
endpoint,Actual,ALL,horizon_specific_train_quantiles,5,0.1,attitude_error_deg,Sep17,1.4698279819084552,0.012525797846849263,1.4554005293162402,1.4779260556898177,3,8,1101
endpoint,Actual,ALL,horizon_specific_train_quantiles,5,0.1,attitude_error_deg,Sep7,1.3518853504819213,0.028822407939506266,1.3214927959964997,1.3788268681785063,3,9,1481
endpoint,Actual,ALL,horizon_specific_train_quantiles,5,0.1,body_rate_rmse_rad_s,ALL,0.545328817446893,0.0026433547186965247,0.5437161480655596,0.5483794331513229,3,17,2582
endpoint,Actual,ALL,horizon_specific_train_quantiles,5,0.1,body_rate_rmse_rad_s,Sep17,0.5273914212369101,0.0027367945889366454,0.5247899582661589,0.5302459665563375,3,8,1101
endpoint,Actual,ALL,horizon_specific_train_quantiles,5,0.1,body_rate_rmse_rad_s,Sep7,0.5612731696335446,0.0029278176189402203,0.5587820108887416,0.5644980701246433,3,9,1481
endpoint,Actual,ALL,horizon_specific_train_quantiles,5,0.1,position_rmse_m,ALL,0.03533975990047323,0.00015990873590763545,0.035169717334037454,0.03548711053487921,3,17,2582
endpoint,Actual,ALL,horizon_specific_train_quantiles,5,0.1,position_rmse_m,Sep17,0.01878042327859422,0.00028830242078524,0.01851927580398196,0.019089797975652693,3,8,1101
endpoint,Actual,ALL,horizon_specific_train_quantiles,5,0.1,position_rmse_m,Sep7,0.050059170231032346,8.744334916525886e-05,0.04997010980519788,0.05014490141148525,3,9,1481
endpoint,Actual,ALL,horizon_specific_train_quantiles,5,0.1,velocity_rmse_m_s,ALL,0.14492896236407948,0.004558853008184936,0.14035855362762464,0.14947617109493305,3,17,2582
endpoint,Actual,ALL,horizon_specific_train_quantiles,5,0.1,velocity_rmse_m_s,Sep17,0.15328337006033146,0.004828245157538848,0.14915633314651408,0.15859305949784006,3,8,1101
endpoint,Actual,ALL,horizon_specific_train_quantiles,5,0.1,velocity_rmse_m_s,Sep7,0.13750282218963325,0.004517645063215637,0.13253830516638956,0.14137227029234903,3,9,1481
endpoint,Actual,ALL,horizon_specific_train_quantiles,10,0.2,attitude_error_deg,ALL,2.196485009819066,0.038513408516639334,2.153924950052745,2.2289348033561684,3,17,2582
endpoint,Actual,ALL,horizon_specific_train_quantiles,10,0.2,attitude_error_deg,Sep17,2.376163835792054,0.05667804461582944,2.315408116422238,2.4276119983785844,3,8,1101
endpoint,Actual,ALL,horizon_specific_train_quantiles,10,0.2,attitude_error_deg,Sep7,2.0367704978430776,0.022973567441240322,2.0103843577243063,2.052332852225132,3,9,1481
endpoint,Actual,ALL,horizon_specific_train_quantiles,10,0.2,body_rate_rmse_rad_s,ALL,0.5662829067172569,0.002845070392982552,0.5642465257049663,0.5695336495342367,3,17,2582
endpoint,Actual,ALL,horizon_specific_train_quantiles,10,0.2,body_rate_rmse_rad_s,Sep17,0.5370344702811893,0.0007091605500893418,0.5362156869348988,0.5374540629190477,3,8,1101
endpoint,Actual,ALL,horizon_specific_train_quantiles,10,0.2,body_rate_rmse_rad_s,Sep7,0.5922815168826502,0.005015444449187461,0.5891628268339152,0.5980669726850056,3,9,1481
endpoint,Actual,ALL,horizon_specific_train_quantiles,10,0.2,position_rmse_m,ALL,0.07037587473612035,0.0004976476671810978,0.06988022607147458,0.07087549760215012,3,17,2582
endpoint,Actual,ALL,horizon_specific_train_quantiles,10,0.2,position_rmse_m,Sep17,0.0403758876117629,0.0008328714661951241,0.039687025497768806,0.04130150419862946,3,8,1101
endpoint,Actual,ALL,horizon_specific_train_quantiles,10,0.2,position_rmse_m,Sep7,0.09704252995777145,0.00028348760185255447,0.09671862658143528,0.0972454715532661,3,9,1481
endpoint,Actual,ALL,horizon_specific_train_quantiles,10,0.2,velocity_rmse_m_s,ALL,0.19543232868331303,0.003772095483271508,0.191337249956398,0.19876495637065858,3,17,2582
endpoint,Actual,ALL,horizon_specific_train_quantiles,10,0.2,velocity_rmse_m_s,Sep17,0.22052783181036187,0.0008974636379996783,0.21956426359757703,0.22133990852341479,3,8,1101
endpoint,Actual,ALL,horizon_specific_train_quantiles,10,0.2,velocity_rmse_m_s,Sep7,0.17312521479260293,0.006327707911003984,0.16624657116423888,0.17869833223487525,3,9,1481
endpoint,Actual,ALL,horizon_specific_train_quantiles,25,0.5,attitude_error_deg,ALL,4.078397323464926,0.04607174281450127,4.033739771723627,4.125763726825424,3,17,2582
endpoint,Actual,ALL,horizon_specific_train_quantiles,25,0.5,attitude_error_deg,Sep17,4.56950906185081,0.10540376893244405,4.4925398588152055,4.689643898170552,3,8,1101
endpoint,Actual,ALL,horizon_specific_train_quantiles,25,0.5,attitude_error_deg,Sep7,3.641853556010805,0.0566626039371381,3.59586985452981,3.7051539056506297,3,9,1481
endpoint,Actual,ALL,horizon_specific_train_quantiles,25,0.5,body_rate_rmse_rad_s,ALL,0.5965765681119547,0.002814065097141482,0.5933875807324948,0.5987111840019169,3,17,2582
endpoint,Actual,ALL,horizon_specific_train_quantiles,25,0.5,body_rate_rmse_rad_s,Sep17,0.5609187370666632,0.004592958152190309,0.5558534135091175,0.5648123314414162,3,8,1101
endpoint,Actual,ALL,horizon_specific_train_quantiles,25,0.5,body_rate_rmse_rad_s,Sep7,0.6282724179299916,0.0025899913786430234,0.6267512849310521,0.6312629331152158,3,9,1481
endpoint,Actual,ALL,horizon_specific_train_quantiles,25,0.5,position_rmse_m,ALL,0.19239547622942155,0.0018568135301971977,0.19089634297239788,0.19447252396672085,3,17,2582
endpoint,Actual,ALL,horizon_specific_train_quantiles,25,0.5,position_rmse_m,Sep17,0.12928485762202166,0.004018237993935144,0.12689403723965165,0.13392398963709679,3,8,1101
endpoint,Actual,ALL,horizon_specific_train_quantiles,25,0.5,position_rmse_m,Sep7,0.2484938038804437,0.0008251530470098953,0.24778728140150566,0.2494006868689943,3,9,1481
endpoint,Actual,ALL,horizon_specific_train_quantiles,25,0.5,velocity_rmse_m_s,ALL,0.3572876015314526,0.007164943745699934,0.35120971804692896,0.36518770755199803,3,17,2582
endpoint,Actual,ALL,horizon_specific_train_quantiles,25,0.5,velocity_rmse_m_s,Sep17,0.3736101737272393,0.014307360556249926,0.361042288138236,0.3891804912154968,3,8,1101
endpoint,Actual,ALL,horizon_specific_train_quantiles,25,0.5,velocity_rmse_m_s,Sep7,0.3427786484685311,0.0009654691087388667,0.3420055009220493,0.3438607887399991,3,9,1481
endpoint,Actual,ALL,horizon_specific_train_quantiles,50,1.0,attitude_error_deg,ALL,6.692491015924361,0.13211263225775574,6.542445487935679,6.791357065137423,3,17,2582
endpoint,Actual,ALL,horizon_specific_train_quantiles,50,1.0,attitude_error_deg,Sep17,7.565419632078857,0.35081668607431754,7.172736071181631,7.847912808215364,3,8,1101
endpoint,Actual,ALL,horizon_specific_train_quantiles,50,1.0,attitude_error_deg,Sep7,5.9165544682314755,0.06500476713780902,5.852196404623697,5.982187191717056,3,9,1481
endpoint,Actual,ALL,horizon_specific_train_quantiles,50,1.0,body_rate_rmse_rad_s,ALL,0.6210730627049943,0.010836732534806002,0.6121323463723045,0.6331251400447657,3,17,2582
endpoint,Actual,ALL,horizon_specific_train_quantiles,50,1.0,body_rate_rmse_rad_s,Sep17,0.617365130607673,0.016078501370692114,0.6074177776532983,0.635914735532969,3,8,1101
endpoint,Actual,ALL,horizon_specific_train_quantiles,50,1.0,body_rate_rmse_rad_s,Sep7,0.6243690023470578,0.007323327960054344,0.6163230741225322,0.6306454996108074,3,9,1481
endpoint,Actual,ALL,horizon_specific_train_quantiles,50,1.0,position_rmse_m,ALL,0.474013589738189,0.006345199092699647,0.46972623233621336,0.48130270101640393,3,17,2582
endpoint,Actual,ALL,horizon_specific_train_quantiles,50,1.0,position_rmse_m,Sep17,0.3681691488196273,0.014146390467115686,0.3575994088262163,0.3842396949936463,3,8,1101
endpoint,Actual,ALL,horizon_specific_train_quantiles,50,1.0,position_rmse_m,Sep7,0.5680975372213551,0.003495787999885392,0.5648888009559414,0.5718228821159352,3,9,1481
endpoint,Actual,ALL,horizon_specific_train_quantiles,50,1.0,velocity_rmse_m_s,ALL,0.6477484181435841,0.0070160720728467295,0.6397393092867327,0.6528093336943106,3,17,2582
endpoint,Actual,ALL,horizon_specific_train_quantiles,50,1.0,velocity_rmse_m_s,Sep17,0.6881681494601164,0.011886375648105647,0.6744544644740484,0.6955118791321241,3,8,1101
endpoint,Actual,ALL,horizon_specific_train_quantiles,50,1.0,velocity_rmse_m_s,Sep7,0.6118197680844443,0.0035172979400426084,0.6088813935646744,0.6157170927344295,3,9,1481
endpoint,Actual,high,horizon_specific_train_quantiles,5,0.1,attitude_error_deg,ALL,1.6362306676082017,0.021689478169273864,1.615567503675407,1.658818215691974,3,17,608
endpoint,Actual,high,horizon_specific_train_quantiles,5,0.1,attitude_error_deg,Sep17,1.8110579903794537,0.017151664030833395,1.7979674408837363,1.8304740737441674,3,8,294
endpoint,Actual,high,horizon_specific_train_quantiles,5,0.1,attitude_error_deg,Sep7,1.4808286029226447,0.026456565934539187,1.453434226156892,1.5062352307566909,3,9,314
endpoint,Actual,high,horizon_specific_train_quantiles,5,0.1,body_rate_rmse_rad_s,ALL,0.5859955617120104,0.004048199664659399,0.5813509762968778,0.5887747901547756,3,17,608
endpoint,Actual,high,horizon_specific_train_quantiles,5,0.1,body_rate_rmse_rad_s,Sep17,0.619060648513326,0.004950981659139479,0.6134338447000084,0.6227495665671584,3,8,294
endpoint,Actual,high,horizon_specific_train_quantiles,5,0.1,body_rate_rmse_rad_s,Sep7,0.5566043734441743,0.00326731918798727,0.5528328710496508,0.5585749888993243,3,9,314
endpoint,Actual,high,horizon_specific_train_quantiles,5,0.1,position_rmse_m,ALL,0.04069054383418401,0.00021537725253664808,0.04044985592613231,0.04086510364473272,3,17,608
endpoint,Actual,high,horizon_specific_train_quantiles,5,0.1,position_rmse_m,Sep17,0.021168918464707434,0.00032695686192941206,0.020807587182805534,0.021444349965028073,3,8,294
endpoint,Actual,high,horizon_specific_train_quantiles,5,0.1,position_rmse_m,Sep7,0.05804309971816318,0.00011699037392355815,0.057909650364645,0.05812799580447018,3,9,314
endpoint,Actual,high,horizon_specific_train_quantiles,5,0.1,velocity_rmse_m_s,ALL,0.19277018698048023,0.005638071782252462,0.18738360302811255,0.19862992624264605,3,17,608
endpoint,Actual,high,horizon_specific_train_quantiles,5,0.1,velocity_rmse_m_s,Sep17,0.2068446927624582,0.008496783048960245,0.2004592091342266,0.21648836639347363,3,8,294
endpoint,Actual,high,horizon_specific_train_quantiles,5,0.1,velocity_rmse_m_s,Sep7,0.18025951517427755,0.0039037811491101815,0.17576084204490006,0.1827557572196882,3,9,314
endpoint,Actual,high,horizon_specific_train_quantiles,10,0.2,attitude_error_deg,ALL,2.7688721388975153,0.0645163000695075,2.7038847273240285,2.832906774083888,3,17,503
endpoint,Actual,high,horizon_specific_train_quantiles,10,0.2,attitude_error_deg,Sep17,3.1178539323574372,0.11855349543496482,2.9931221184265566,3.229070757686633,3,8,272
endpoint,Actual,high,horizon_specific_train_quantiles,10,0.2,attitude_error_deg,Sep7,2.458666100266474,0.019152912663648144,2.4467848241217816,2.4807610108814484,3,9,231
endpoint,Actual,high,horizon_specific_train_quantiles,10,0.2,body_rate_rmse_rad_s,ALL,0.615153812416173,0.0019266926911455438,0.6131336194713835,0.6169709157506703,3,17,503
endpoint,Actual,high,horizon_specific_train_quantiles,10,0.2,body_rate_rmse_rad_s,Sep17,0.5983720345384039,0.004514837533219483,0.5943835042061636,0.6032736141513919,3,8,272
endpoint,Actual,high,horizon_specific_train_quantiles,10,0.2,body_rate_rmse_rad_s,Sep7,0.6300709483075232,0.004115301679167618,0.6260976023598634,0.634314853966683,3,9,231
endpoint,Actual,high,horizon_specific_train_quantiles,10,0.2,position_rmse_m,ALL,0.08477524991015817,0.0008725014435406871,0.08392444107922438,0.0856679358455725,3,17,503
endpoint,Actual,high,horizon_specific_train_quantiles,10,0.2,position_rmse_m,Sep17,0.05037248262568986,0.0010660366574905078,0.04950204619791446,0.051561484279309906,3,8,272
endpoint,Actual,high,horizon_specific_train_quantiles,10,0.2,position_rmse_m,Sep7,0.11535548749635222,0.000752378638195511,0.11452212541816653,0.11598478168225038,3,9,231
endpoint,Actual,high,horizon_specific_train_quantiles,10,0.2,velocity_rmse_m_s,ALL,0.273835651418654,0.003634675868022493,0.2700302795524556,0.27727138248662186,3,17,503
endpoint,Actual,high,horizon_specific_train_quantiles,10,0.2,velocity_rmse_m_s,Sep17,0.3117154236526982,0.005427806116925903,0.3062268330317962,0.31708033129427493,3,8,272
endpoint,Actual,high,horizon_specific_train_quantiles,10,0.2,velocity_rmse_m_s,Sep7,0.24016474276617025,0.002078447057926418,0.23785556534859736,0.24188565021315245,3,9,231
endpoint,Actual,high,horizon_specific_train_quantiles,25,0.5,attitude_error_deg,ALL,5.062935710283232,0.020495575032305355,5.039307919635567,5.075917607206997,3,17,454
endpoint,Actual,high,horizon_specific_train_quantiles,25,0.5,attitude_error_deg,Sep17,5.771197760658232,0.13157001917456554,5.659066925227521,5.916036354247855,3,8,269
endpoint,Actual,high,horizon_specific_train_quantiles,25,0.5,attitude_error_deg,Sep7,4.4333694432832305,0.09030820906999576,4.3291453876151245,4.488411025776051,3,9,185
endpoint,Actual,high,horizon_specific_train_quantiles,25,0.5,body_rate_rmse_rad_s,ALL,0.6687925217397872,0.0027702067508158976,0.6657598839349868,0.6711899628816851,3,17,454
endpoint,Actual,high,horizon_specific_train_quantiles,25,0.5,body_rate_rmse_rad_s,Sep17,0.6269487031941505,0.0008867356723480835,0.6263673550580322,0.6279693265146159,3,8,269
endpoint,Actual,high,horizon_specific_train_quantiles,25,0.5,body_rate_rmse_rad_s,Sep7,0.7059870271136863,0.00596545018074616,0.6993514905308719,0.7109059938789133,3,9,185
endpoint,Actual,high,horizon_specific_train_quantiles,25,0.5,position_rmse_m,ALL,0.2268758693142784,0.0021987215481559493,0.22517131120364242,0.229357638376293,3,17,454
endpoint,Actual,high,horizon_specific_train_quantiles,25,0.5,position_rmse_m,Sep17,0.16795584145766385,0.0049860649883037705,0.16343878699018605,0.17330597155577065,3,8,269
endpoint,Actual,high,horizon_specific_train_quantiles,25,0.5,position_rmse_m,Sep7,0.27924922740904684,0.0025138393484761905,0.27677001820507136,0.281796321805312,3,9,185
endpoint,Actual,high,horizon_specific_train_quantiles,25,0.5,velocity_rmse_m_s,ALL,0.5080968531719824,0.014407029122322624,0.49258926567449396,0.5210658684536298,3,17,454
endpoint,Actual,high,horizon_specific_train_quantiles,25,0.5,velocity_rmse_m_s,Sep17,0.506142872395544,0.028075652942823427,0.47529803003389925,0.530207577008992,3,8,269
endpoint,Actual,high,horizon_specific_train_quantiles,25,0.5,velocity_rmse_m_s,Sep7,0.509833724973261,0.0027091610256389765,0.5079592529105781,0.5129399052933077,3,9,185
endpoint,Actual,high,horizon_specific_train_quantiles,50,1.0,attitude_error_deg,ALL,8.100501848340036,0.06090469104102577,8.039234240836805,8.161037016507432,3,17,468
endpoint,Actual,high,horizon_specific_train_quantiles,50,1.0,attitude_error_deg,Sep17,8.959375179237227,0.14472242420406495,8.801443856012495,9.085646791065875,3,8,273
endpoint,Actual,high,horizon_specific_train_quantiles,50,1.0,attitude_error_deg,Sep7,7.33705888754253,0.025771502122167358,7.310300418380361,7.3617145829028585,3,9,195
endpoint,Actual,high,horizon_specific_train_quantiles,50,1.0,body_rate_rmse_rad_s,ALL,0.6591332731040076,0.007918460571131311,0.6508769470311911,0.6666639098950625,3,17,468
endpoint,Actual,high,horizon_specific_train_quantiles,50,1.0,body_rate_rmse_rad_s,Sep17,0.6725619418076724,0.012287371051888351,0.6654054650961583,0.6867499925168574,3,8,273
endpoint,Actual,high,horizon_specific_train_quantiles,50,1.0,body_rate_rmse_rad_s,Sep7,0.6471966787007499,0.0085424799581403,0.6379627087512204,0.6548177131197845,3,9,195
endpoint,Actual,high,horizon_specific_train_quantiles,50,1.0,position_rmse_m,ALL,0.5940993676916511,0.0069748822411258606,0.5861822148626303,0.5993377880767374,3,17,468
endpoint,Actual,high,horizon_specific_train_quantiles,50,1.0,position_rmse_m,Sep17,0.47565731526127686,0.023522965357590273,0.44958736400820754,0.4952951789272481,3,8,273
endpoint,Actual,high,horizon_specific_train_quantiles,50,1.0,position_rmse_m,Sep7,0.6993811920742058,0.007910402073659168,0.6918201073207279,0.7075998600665616,3,9,195
endpoint,Actual,high,horizon_specific_train_quantiles,50,1.0,velocity_rmse_m_s,ALL,0.833031274695997,0.026688999262011542,0.8106567286645974,0.8625716795704351,3,17,468
endpoint,Actual,high,horizon_specific_train_quantiles,50,1.0,velocity_rmse_m_s,Sep17,0.8845432276485035,0.04038168014235841,0.8463426034030647,0.9267998417549992,3,8,273
endpoint,Actual,high,horizon_specific_train_quantiles,50,1.0,velocity_rmse_m_s,Sep7,0.7872428720715465,0.01581463951975327,0.7773126852445241,0.8054799798508225,3,9,195
endpoint,Actual,low,horizon_specific_train_quantiles,5,0.1,attitude_error_deg,ALL,1.247594168027815,0.03170989958032173,1.21101139765517,1.2672247377760375,3,17,684
endpoint,Actual,low,horizon_specific_train_quantiles,5,0.1,attitude_error_deg,Sep17,1.2156568626061437,0.029876828549258452,1.1818258401217003,1.2384222731983199,3,8,228
endpoint,Actual,low,horizon_specific_train_quantiles,5,0.1,attitude_error_deg,Sep7,1.2759828839581895,0.03467244525545946,1.2369541154626986,1.3032267495783723,3,9,456
endpoint,Actual,low,horizon_specific_train_quantiles,5,0.1,body_rate_rmse_rad_s,ALL,0.5155007211920949,0.0020933310075341846,0.5138183759947954,0.5178449974747753,3,17,684
endpoint,Actual,low,horizon_specific_train_quantiles,5,0.1,body_rate_rmse_rad_s,Sep17,0.4654700116209674,0.0026545801084673355,0.4626162854707364,0.46786588493694015,3,8,228
endpoint,Actual,low,horizon_specific_train_quantiles,5,0.1,body_rate_rmse_rad_s,Sep7,0.559972463033097,0.002054307189717906,0.5583151684635924,0.5622708752861842,3,9,456
endpoint,Actual,low,horizon_specific_train_quantiles,5,0.1,position_rmse_m,ALL,0.029892097097346,8.726843688025396e-05,0.02981204343969129,0.029985127124167434,3,17,684
endpoint,Actual,low,horizon_specific_train_quantiles,5,0.1,position_rmse_m,Sep17,0.017149854730963827,0.00028513120308077024,0.0169720478481836,0.017478733873826553,3,8,228
endpoint,Actual,low,horizon_specific_train_quantiles,5,0.1,position_rmse_m,Sep7,0.041218534756352364,0.00012593265109934386,0.041101921124470434,0.04135207439928653,3,9,456
endpoint,Actual,low,horizon_specific_train_quantiles,5,0.1,velocity_rmse_m_s,ALL,0.11577811454362563,0.003963525172452285,0.11162349755127854,0.11951792116847137,3,17,684
endpoint,Actual,low,horizon_specific_train_quantiles,5,0.1,velocity_rmse_m_s,Sep17,0.12114840159714486,0.004374880253352706,0.11735922629237068,0.12593629015221086,3,8,228
endpoint,Actual,low,horizon_specific_train_quantiles,5,0.1,velocity_rmse_m_s,Sep7,0.11100452605160853,0.003920748425191225,0.10652507200364109,0.11381270429403628,3,9,456
endpoint,Actual,low,horizon_specific_train_quantiles,10,0.2,attitude_error_deg,ALL,1.912622789629741,0.03494936650305131,1.872270331667776,1.9332654639831768,3,17,787
endpoint,Actual,low,horizon_specific_train_quantiles,10,0.2,attitude_error_deg,Sep17,1.8823422300898374,0.04619143177222935,1.8301747356251263,1.9180469315432807,3,8,240
endpoint,Actual,low,horizon_specific_train_quantiles,10,0.2,attitude_error_deg,Sep7,1.9395388425540994,0.027518319287435353,1.909688639261242,1.9638969669894624,3,9,547
endpoint,Actual,low,horizon_specific_train_quantiles,10,0.2,body_rate_rmse_rad_s,ALL,0.5663531455671729,0.0035916417206617282,0.5623334251627209,0.5692469040396326,3,17,787
endpoint,Actual,low,horizon_specific_train_quantiles,10,0.2,body_rate_rmse_rad_s,Sep17,0.5266560645030799,0.003031468617756916,0.5231578958776804,0.5285143009190478,3,8,240
endpoint,Actual,low,horizon_specific_train_quantiles,10,0.2,body_rate_rmse_rad_s,Sep7,0.6016394398463668,0.004265681879931216,0.5971561178605348,0.6056477105526292,3,9,547
endpoint,Actual,low,horizon_specific_train_quantiles,10,0.2,position_rmse_m,ALL,0.0665363458789801,0.0003225887751110056,0.06617397867272114,0.06679223573150467,3,17,787
endpoint,Actual,low,horizon_specific_train_quantiles,10,0.2,position_rmse_m,Sep17,0.035979548454356136,0.0007252814258094717,0.03528231361087793,0.03672995042831715,3,8,240
endpoint,Actual,low,horizon_specific_train_quantiles,10,0.2,position_rmse_m,Sep7,0.09369794358975692,0.00022317980310865765,0.09351426711211579,0.09394632715168434,3,9,547
endpoint,Actual,low,horizon_specific_train_quantiles,10,0.2,velocity_rmse_m_s,ALL,0.15708423052486045,0.0023715594561069444,0.1552967233711149,0.1597746220411444,3,17,787
endpoint,Actual,low,horizon_specific_train_quantiles,10,0.2,velocity_rmse_m_s,Sep17,0.167010666714655,0.0012367413164564806,0.1656526193600396,0.16807219479820806,3,8,240
endpoint,Actual,low,horizon_specific_train_quantiles,10,0.2,velocity_rmse_m_s,Sep7,0.14826073168948753,0.004589463630979468,0.14394074876925428,0.1530790096459685,3,9,547
endpoint,Actual,low,horizon_specific_train_quantiles,25,0.5,attitude_error_deg,ALL,3.4052980405246838,0.04862693563529011,3.356227742489765,3.4534691421853476,3,17,888
endpoint,Actual,low,horizon_specific_train_quantiles,25,0.5,attitude_error_deg,Sep17,3.4612998319076085,0.11215546535049357,3.371229958371479,3.586922682278614,3,8,201
endpoint,Actual,low,horizon_specific_train_quantiles,25,0.5,attitude_error_deg,Sep7,3.355518670406528,0.0736332392516363,3.2944329757493485,3.4372792622566806,3,9,687
endpoint,Actual,low,horizon_specific_train_quantiles,25,0.5,body_rate_rmse_rad_s,ALL,0.5585118319023715,0.004826245589753623,0.553049721883558,0.562200311634354,3,17,888
endpoint,Actual,low,horizon_specific_train_quantiles,25,0.5,body_rate_rmse_rad_s,Sep17,0.4989256438884084,0.007670627271205291,0.49032986758222996,0.505073665821624,3,8,201
endpoint,Actual,low,horizon_specific_train_quantiles,25,0.5,body_rate_rmse_rad_s,Sep7,0.6114773323592279,0.004158928771837437,0.6088007034847387,0.6162686790770058,3,9,687
endpoint,Actual,low,horizon_specific_train_quantiles,25,0.5,position_rmse_m,ALL,0.1829775615797006,0.003197437543854104,0.1799022976943684,0.18628456371357216,3,17,888
endpoint,Actual,low,horizon_specific_train_quantiles,25,0.5,position_rmse_m,Sep17,0.1168505530588047,0.006516770858661011,0.11100318864555662,0.12387600920950505,3,8,201
endpoint,Actual,low,horizon_specific_train_quantiles,25,0.5,position_rmse_m,Sep7,0.24175712470938593,0.0006103214859249276,0.24114595018220117,0.24236658956210258,3,9,687
endpoint,Actual,low,horizon_specific_train_quantiles,25,0.5,velocity_rmse_m_s,ALL,0.2929112071847979,0.011028979622615155,0.2858710533178651,0.30562179915625287,3,17,888
endpoint,Actual,low,horizon_specific_train_quantiles,25,0.5,velocity_rmse_m_s,Sep17,0.30333724106868504,0.021427047485820968,0.28749024893348446,0.32771591851358395,3,8,201
endpoint,Actual,low,horizon_specific_train_quantiles,25,0.5,velocity_rmse_m_s,Sep7,0.2836436215102316,0.002816976315870377,0.280516514254755,0.28598258194973636,3,9,687
endpoint,Actual,low,horizon_specific_train_quantiles,50,1.0,attitude_error_deg,ALL,5.764475245238477,0.1937973243883052,5.546251913695166,5.916497703564797,3,17,926
endpoint,Actual,low,horizon_specific_train_quantiles,50,1.0,attitude_error_deg,Sep17,6.273461880861492,0.44062965579199526,5.788296310106224,6.6487671974034255,3,8,208
endpoint,Actual,low,horizon_specific_train_quantiles,50,1.0,attitude_error_deg,Sep7,5.312042680240242,0.040443150206893166,5.26559148681935,5.3394352147938156,3,9,718
endpoint,Actual,low,horizon_specific_train_quantiles,50,1.0,body_rate_rmse_rad_s,ALL,0.5979165261269642,0.013183996397173218,0.5877215633306083,0.6128050652405458,3,17,926
endpoint,Actual,low,horizon_specific_train_quantiles,50,1.0,body_rate_rmse_rad_s,Sep17,0.5804758963024235,0.02340451330667397,0.5668047857722354,0.6075004781853566,3,8,208
endpoint,Actual,low,horizon_specific_train_quantiles,50,1.0,body_rate_rmse_rad_s,Sep7,0.6134193081932225,0.00617754839046007,0.6063142544936065,0.6175202537340472,3,9,718
endpoint,Actual,low,horizon_specific_train_quantiles,50,1.0,position_rmse_m,ALL,0.4533594612779939,0.009798688887689469,0.44389058082607713,0.46345762513201244,3,17,926
endpoint,Actual,low,horizon_specific_train_quantiles,50,1.0,position_rmse_m,Sep17,0.3246883434680625,0.020900578067771923,0.30947683396088976,0.34852036234657685,3,8,208
endpoint,Actual,low,horizon_specific_train_quantiles,50,1.0,position_rmse_m,Sep7,0.5677337882201553,0.005718881493437937,0.5633694669284659,0.5742078167907113,3,9,718
endpoint,Actual,low,horizon_specific_train_quantiles,50,1.0,velocity_rmse_m_s,ALL,0.5743512818863853,0.01559259806927117,0.5624647325404257,0.5920061564942326,3,17,926
endpoint,Actual,low,horizon_specific_train_quantiles,50,1.0,velocity_rmse_m_s,Sep17,0.5884587856676289,0.03474705038761629,0.5683730042329239,0.6285812134285844,3,8,208
endpoint,Actual,low,horizon_specific_train_quantiles,50,1.0,velocity_rmse_m_s,Sep7,0.5618112785252799,0.0060959819918306275,0.5572129354804274,0.5687259053206035,3,9,718
endpoint,Actual,middle,horizon_specific_train_quantiles,5,0.1,attitude_error_deg,ALL,1.3506460149133603,0.02717401209404714,1.3311000062979645,1.3816767729521695,3,17,1290
endpoint,Actual,middle,horizon_specific_train_quantiles,5,0.1,attitude_error_deg,Sep17,1.3690858939758062,0.01023049907007861,1.359610157529412,1.3799328476724384,3,8,579
endpoint,Actual,middle,horizon_specific_train_quantiles,5,0.1,attitude_error_deg,Sep7,1.3342550113022973,0.04260020983273707,1.3057576496477892,1.3832269287563745,3,9,711
endpoint,Actual,middle,horizon_specific_train_quantiles,5,0.1,body_rate_rmse_rad_s,ALL,0.5312580471386027,0.003367891536468746,0.5285423334732208,0.5350265818566946,3,17,1290
endpoint,Actual,middle,horizon_specific_train_quantiles,5,0.1,body_rate_rmse_rad_s,Sep17,0.4962477193317876,0.0038339847354372457,0.491878678071847,0.49905114851984084,3,8,579
endpoint,Actual,middle,horizon_specific_train_quantiles,5,0.1,body_rate_rmse_rad_s,Sep7,0.5623783385224385,0.004146258404789093,0.5589980213589758,0.5670047448227868,3,9,711
endpoint,Actual,middle,horizon_specific_train_quantiles,5,0.1,position_rmse_m,ALL,0.034424883282163296,0.00013936983851220626,0.03427850237354692,0.03455598249298897,3,17,1290
endpoint,Actual,middle,horizon_specific_train_quantiles,5,0.1,position_rmse_m,Sep17,0.01776963936255457,0.00029356070959692446,0.017498893604464612,0.01808164870747302,3,8,579
endpoint,Actual,middle,horizon_specific_train_quantiles,5,0.1,position_rmse_m,Sep7,0.04922954454403772,5.684546223655972e-05,0.04919371016828674,0.0492950887170455,3,9,711
endpoint,Actual,middle,horizon_specific_train_quantiles,5,0.1,velocity_rmse_m_s,ALL,0.12095592846005772,0.004405395451565393,0.11627042756439994,0.12501392527569086,3,17,1290
endpoint,Actual,middle,horizon_specific_train_quantiles,5,0.1,velocity_rmse_m_s,Sep17,0.1274815719479188,0.0032898716957818885,0.12516895250640314,0.13124788152763248,3,8,579
endpoint,Actual,middle,horizon_specific_train_quantiles,5,0.1,velocity_rmse_m_s,Sep7,0.1151553564708479,0.0059558785615747714,0.10836062761595265,0.11947263082952052,3,9,711
endpoint,Actual,middle,horizon_specific_train_quantiles,10,0.2,attitude_error_deg,ALL,2.061165329646442,0.02038190842649707,2.0376462991452975,2.0736755740897195,3,17,1292
endpoint,Actual,middle,horizon_specific_train_quantiles,10,0.2,attitude_error_deg,Sep17,2.1395240557749005,0.021288509910397976,2.120491045654126,2.162513090238187,3,8,589
endpoint,Actual,middle,horizon_specific_train_quantiles,10,0.2,attitude_error_deg,Sep7,1.9915131286433685,0.02605612320146068,1.9640065244707832,2.015823968390462,3,9,703
endpoint,Actual,middle,horizon_specific_train_quantiles,10,0.2,body_rate_rmse_rad_s,ALL,0.5411010227632628,0.0047115855128904505,0.537447742511745,0.5464189657401335,3,17,1292
endpoint,Actual,middle,horizon_specific_train_quantiles,10,0.2,body_rate_rmse_rad_s,Sep17,0.5080313168367881,0.00311861163609,0.5047483777426407,0.510954375910522,3,8,589
endpoint,Actual,middle,horizon_specific_train_quantiles,10,0.2,body_rate_rmse_rad_s,Sep7,0.570496316920129,0.011250729108491538,0.5632757830935611,0.5834594884045716,3,9,703
endpoint,Actual,middle,horizon_specific_train_quantiles,10,0.2,position_rmse_m,ALL,0.06320771822802973,0.0005137634349622182,0.06272611026156225,0.06374851086451634,3,17,1292
endpoint,Actual,middle,horizon_specific_train_quantiles,10,0.2,position_rmse_m,Sep17,0.03548973854620153,0.0007430964648355527,0.034798567164169715,0.03627566949556169,3,8,589
endpoint,Actual,middle,horizon_specific_train_quantiles,10,0.2,position_rmse_m,Sep7,0.08784592238965479,0.0003100309027302074,0.08755059301480003,0.08816881430358715,3,9,703
endpoint,Actual,middle,horizon_specific_train_quantiles,10,0.2,velocity_rmse_m_s,ALL,0.1675931667209474,0.006505169084576869,0.16187989009161227,0.17467308307955837,3,17,1292
endpoint,Actual,middle,horizon_specific_train_quantiles,10,0.2,velocity_rmse_m_s,Sep17,0.17731336273068363,0.0027963370755883996,0.1741345530226525,0.17939356048440896,3,8,589
endpoint,Actual,middle,horizon_specific_train_quantiles,10,0.2,velocity_rmse_m_s,Sep7,0.15895299249007075,0.012520506284599255,0.14631218307579297,0.17134962387473074,3,9,703
endpoint,Actual,middle,horizon_specific_train_quantiles,25,0.5,attitude_error_deg,ALL,3.9769361266995893,0.04721658283260103,3.9445923986845095,4.031118754155826,3,17,1240
endpoint,Actual,middle,horizon_specific_train_quantiles,25,0.5,attitude_error_deg,Sep17,4.269050588042178,0.1005145767382524,4.173781223656603,4.374095994790979,3,8,631
endpoint,Actual,middle,horizon_specific_train_quantiles,25,0.5,attitude_error_deg,Sep7,3.7172788277284003,0.048544024179482045,3.6648749346894514,3.760711452682282,3,9,609
endpoint,Actual,middle,horizon_specific_train_quantiles,25,0.5,body_rate_rmse_rad_s,ALL,0.5755524978358896,0.004164422915269187,0.5707453050148897,0.5780590073335787,3,17,1240
endpoint,Actual,middle,horizon_specific_train_quantiles,25,0.5,body_rate_rmse_rad_s,Sep17,0.5443044832896043,0.005617340838429824,0.5381274982153511,0.5491070819026291,3,8,631
endpoint,Actual,middle,horizon_specific_train_quantiles,25,0.5,body_rate_rmse_rad_s,Sep7,0.603328510765921,0.0033809536511752395,0.5997389110589242,0.6064525690777494,3,9,609
endpoint,Actual,middle,horizon_specific_train_quantiles,25,0.5,position_rmse_m,ALL,0.1835378231328153,0.0013319901377550419,0.1823634795711992,0.1849851609595382,3,17,1240
endpoint,Actual,middle,horizon_specific_train_quantiles,25,0.5,position_rmse_m,Sep17,0.10993569591276031,0.002846720301318923,0.10772420775450987,0.1131475754501075,3,8,631
endpoint,Actual,middle,horizon_specific_train_quantiles,25,0.5,position_rmse_m,Sep7,0.24896193621730867,0.000330123526664788,0.24870949896381195,0.24933551716463734,3,9,609
endpoint,Actual,middle,horizon_specific_train_quantiles,25,0.5,velocity_rmse_m_s,ALL,0.32167301808140225,0.003844438180098733,0.3189971271114051,0.32607843981865064,3,17,1240
endpoint,Actual,middle,horizon_specific_train_quantiles,25,0.5,velocity_rmse_m_s,Sep17,0.32068890722692184,0.005084644863167212,0.31763146419503285,0.32655844029885417,3,8,631
endpoint,Actual,middle,horizon_specific_train_quantiles,25,0.5,velocity_rmse_m_s,Sep7,0.3225477832853849,0.002869099451561138,0.3199929581554289,0.3256517727251364,3,9,609
endpoint,Actual,middle,horizon_specific_train_quantiles,50,1.0,attitude_error_deg,ALL,6.633207923428646,0.1511735343833103,6.459048646918168,6.730527058837163,3,17,1188
endpoint,Actual,middle,horizon_specific_train_quantiles,50,1.0,attitude_error_deg,Sep17,7.20165473054193,0.4275303327253066,6.71820002869728,7.529902881555545,3,8,620
endpoint,Actual,middle,horizon_specific_train_quantiles,50,1.0,attitude_error_deg,Sep7,6.127921872661283,0.10454568250096627,6.019970771976379,6.228691863114512,3,9,568
endpoint,Actual,middle,horizon_specific_train_quantiles,50,1.0,body_rate_rmse_rad_s,ALL,0.6100971304625539,0.013530702481397355,0.5993871078411758,0.6253036122841499,3,17,1188
endpoint,Actual,middle,horizon_specific_train_quantiles,50,1.0,body_rate_rmse_rad_s,Sep17,0.5982949947597146,0.018036427514678707,0.585774101801086,0.6189683919130298,3,8,620
endpoint,Actual,middle,horizon_specific_train_quantiles,50,1.0,body_rate_rmse_rad_s,Sep7,0.6205879177539665,0.009783432663973192,0.6114875576545887,0.630934919280701,3,9,568
endpoint,Actual,middle,horizon_specific_train_quantiles,50,1.0,position_rmse_m,ALL,0.4189469182013741,0.005891829235426343,0.4140900932502582,0.42550111427342474,3,17,1188
endpoint,Actual,middle,horizon_specific_train_quantiles,50,1.0,position_rmse_m,Sep17,0.3177621601574232,0.01019992808622486,0.3097572068799859,0.329246553344306,3,8,620
endpoint,Actual,middle,horizon_specific_train_quantiles,50,1.0,position_rmse_m,Sep7,0.5088889253515527,0.0021174187158401045,0.5068304366905002,0.5110607239881969,3,9,568
endpoint,Actual,middle,horizon_specific_train_quantiles,50,1.0,velocity_rmse_m_s,ALL,0.6057162497169702,0.006322985965108376,0.6012700356648732,0.6129546869382461,3,17,1188
endpoint,Actual,middle,horizon_specific_train_quantiles,50,1.0,velocity_rmse_m_s,Sep17,0.6112401244858627,0.003002055374873779,0.6080254574435484,0.6139707448488827,3,8,620
endpoint,Actual,middle,horizon_specific_train_quantiles,50,1.0,velocity_rmse_m_s,Sep7,0.600806138811288,0.01221462629381426,0.5899805163901981,0.6140484787365472,3,9,568
endpoint,Hold,ALL,horizon_specific_train_quantiles,5,0.1,attitude_error_deg,ALL,1.5253389115099474,0.019112237420433945,1.5072386176396606,1.5453235058738355,3,17,2582
endpoint,Hold,ALL,horizon_specific_train_quantiles,5,0.1,attitude_error_deg,Sep17,1.6162960415479561,0.011341744948150385,1.6067839279155747,1.6288479273227883,3,8,1101
endpoint,Hold,ALL,horizon_specific_train_quantiles,5,0.1,attitude_error_deg,Sep7,1.4444881292539398,0.02617336938737616,1.4187538973944038,1.4710795756969886,3,9,1481
endpoint,Hold,ALL,horizon_specific_train_quantiles,5,0.1,body_rate_rmse_rad_s,ALL,0.5443917060226118,0.001226118938929333,0.5431750351083459,0.5456270594756473,3,17,2582
endpoint,Hold,ALL,horizon_specific_train_quantiles,5,0.1,body_rate_rmse_rad_s,Sep17,0.5353483815258168,0.0007268557498744993,0.53451304891981,0.5358366442815078,3,8,1101
endpoint,Hold,ALL,horizon_specific_train_quantiles,5,0.1,body_rate_rmse_rad_s,Sep7,0.5524302166864296,0.0023348139747119807,0.5498235539814245,0.5543296507593267,3,9,1481
endpoint,Hold,ALL,horizon_specific_train_quantiles,5,0.1,position_rmse_m,ALL,0.03538455312886455,0.00016394864221745895,0.03521131630915443,0.03553728440061116,3,17,2582
endpoint,Hold,ALL,horizon_specific_train_quantiles,5,0.1,position_rmse_m,Sep17,0.018879662528825,0.0003038789206656846,0.018603401823727363,0.01920514926781196,3,8,1101
endpoint,Hold,ALL,horizon_specific_train_quantiles,5,0.1,position_rmse_m,Sep7,0.05005556699556637,8.207774552932252e-05,0.04997390696286738,0.0501380561718435,3,9,1481
endpoint,Hold,ALL,horizon_specific_train_quantiles,5,0.1,velocity_rmse_m_s,ALL,0.1483701056890729,0.004716028057416994,0.14394612080975824,0.15333204157888347,3,17,2582
endpoint,Hold,ALL,horizon_specific_train_quantiles,5,0.1,velocity_rmse_m_s,Sep17,0.15992020816252975,0.005618419264881145,0.15563852481800636,0.16628207172989112,3,8,1101
endpoint,Hold,ALL,horizon_specific_train_quantiles,5,0.1,velocity_rmse_m_s,Sep7,0.13810334793488907,0.004196474668056515,0.13355287280242661,0.14182090366687664,3,9,1481
endpoint,Hold,ALL,horizon_specific_train_quantiles,10,0.2,attitude_error_deg,ALL,2.394261684802032,0.0249025870581087,2.366843919135648,2.4154764610919766,3,17,2582
endpoint,Hold,ALL,horizon_specific_train_quantiles,10,0.2,attitude_error_deg,Sep17,2.6862295907779075,0.041325041143545654,2.6392608335716323,2.7170085502729973,3,8,1101
endpoint,Hold,ALL,horizon_specific_train_quantiles,10,0.2,attitude_error_deg,Sep7,2.1347346572679204,0.011609529602612674,2.1246955507481062,2.1474479373755138,3,9,1481
endpoint,Hold,ALL,horizon_specific_train_quantiles,10,0.2,body_rate_rmse_rad_s,ALL,0.5822072082228374,0.005394055731051274,0.577798709689304,0.588221928948566,3,17,2582
endpoint,Hold,ALL,horizon_specific_train_quantiles,10,0.2,body_rate_rmse_rad_s,Sep17,0.555809300576618,0.0031991335522991242,0.5526161254109196,0.5590143594076782,3,8,1101
endpoint,Hold,ALL,horizon_specific_train_quantiles,10,0.2,body_rate_rmse_rad_s,Sep7,0.6056720150194769,0.007474132248270368,0.6001832290478678,0.6141842129849107,3,9,1481
endpoint,Hold,ALL,horizon_specific_train_quantiles,10,0.2,position_rmse_m,ALL,0.07095581654582432,0.0005298292657582137,0.07043233764689334,0.07149177567480679,3,17,2582
endpoint,Hold,ALL,horizon_specific_train_quantiles,10,0.2,position_rmse_m,Sep17,0.04159642114602142,0.0009127020781293027,0.04085049155363639,0.04261414703426647,3,8,1101
endpoint,Hold,ALL,horizon_specific_train_quantiles,10,0.2,position_rmse_m,Sep7,0.09705305690120468,0.0002874437383719803,0.09672731195201065,0.09727107984076074,3,9,1481
endpoint,Hold,ALL,horizon_specific_train_quantiles,10,0.2,velocity_rmse_m_s,ALL,0.2083190962706795,0.004360909507187909,0.2039651036308764,0.21268688988820747,3,17,2582
endpoint,Hold,ALL,horizon_specific_train_quantiles,10,0.2,velocity_rmse_m_s,Sep17,0.24608791407576988,0.003359434787810833,0.24311244028235623,0.24973104394641094,3,8,1101
endpoint,Hold,ALL,horizon_specific_train_quantiles,10,0.2,velocity_rmse_m_s,Sep7,0.17474681377726584,0.005318390089574171,0.16916747105178326,0.17975875294758212,3,9,1481
endpoint,Hold,ALL,horizon_specific_train_quantiles,25,0.5,attitude_error_deg,ALL,4.700676143997591,0.0631005462339562,4.6295588741623455,4.749961737187508,3,17,2582
endpoint,Hold,ALL,horizon_specific_train_quantiles,25,0.5,attitude_error_deg,Sep17,5.323366649699087,0.09602158563592604,5.215739585513059,5.4002551942311,3,8,1101
endpoint,Hold,ALL,horizon_specific_train_quantiles,25,0.5,attitude_error_deg,Sep7,4.147173472262929,0.033919547893331806,4.108509352961711,4.171923108704315,3,9,1481
endpoint,Hold,ALL,horizon_specific_train_quantiles,25,0.5,body_rate_rmse_rad_s,ALL,0.6438540325139126,0.00929494040014936,0.6331627661560314,0.650017305461307,3,17,2582
endpoint,Hold,ALL,horizon_specific_train_quantiles,25,0.5,body_rate_rmse_rad_s,Sep17,0.6365855319718513,0.012281834467412,0.6231783184766657,0.6472926905931925,3,8,1101
endpoint,Hold,ALL,horizon_specific_train_quantiles,25,0.5,body_rate_rmse_rad_s,Sep7,0.6503149218846337,0.007445804893048721,0.6420378307599122,0.6564677495499136,3,9,1481
endpoint,Hold,ALL,horizon_specific_train_quantiles,25,0.5,position_rmse_m,ALL,0.2025928406516552,0.0022816587446679902,0.2006089708510369,0.20508616227355408,3,17,2582
endpoint,Hold,ALL,horizon_specific_train_quantiles,25,0.5,position_rmse_m,Sep17,0.14690057721214403,0.004491709640752309,0.14418344006982528,0.15208515281534102,3,8,1101
endpoint,Hold,ALL,horizon_specific_train_quantiles,25,0.5,position_rmse_m,Sep7,0.25209707482010957,0.0012845158743142703,0.2507649982121139,0.2533280555673602,3,9,1481
endpoint,Hold,ALL,horizon_specific_train_quantiles,25,0.5,velocity_rmse_m_s,ALL,0.4326946414154593,0.008022567950978951,0.4267776942210104,0.44182595054035273,3,17,2582
endpoint,Hold,ALL,horizon_specific_train_quantiles,25,0.5,velocity_rmse_m_s,Sep17,0.4872184554760586,0.013664852025496636,0.4765855655504991,0.5026311581490952,3,8,1101
endpoint,Hold,ALL,horizon_specific_train_quantiles,25,0.5,velocity_rmse_m_s,Sep7,0.3842290289171489,0.006000180840881924,0.3773012955476139,0.3877768771103594,3,9,1481
endpoint,Hold,ALL,horizon_specific_train_quantiles,50,1.0,attitude_error_deg,ALL,8.103511951863617,0.15571310005718025,7.930630424224872,8.2327376730908,3,17,2582
endpoint,Hold,ALL,horizon_specific_train_quantiles,50,1.0,attitude_error_deg,Sep17,8.822025846997866,0.20027072696803555,8.592393731414806,8.960510083847822,3,8,1101
endpoint,Hold,ALL,horizon_specific_train_quantiles,50,1.0,attitude_error_deg,Sep7,7.464832933966505,0.12172263913169798,7.342396373389374,7.585828863529004,3,9,1481
endpoint,Hold,ALL,horizon_specific_train_quantiles,50,1.0,body_rate_rmse_rad_s,ALL,0.796339835500936,0.007287183461958056,0.7896211528397015,0.8040863764259933,3,17,2582
endpoint,Hold,ALL,horizon_specific_train_quantiles,50,1.0,body_rate_rmse_rad_s,Sep17,0.8725310141861709,0.0048123292063562,0.8670247100297157,0.8759314477277533,3,8,1101
endpoint,Hold,ALL,horizon_specific_train_quantiles,50,1.0,body_rate_rmse_rad_s,Sep7,0.7286143433362829,0.014464824505474668,0.7129008907169887,0.7413748134259491,3,9,1481
endpoint,Hold,ALL,horizon_specific_train_quantiles,50,1.0,position_rmse_m,ALL,0.5354317757528718,0.007582794933428496,0.5284810585779918,0.5435184711387413,3,17,2582
endpoint,Hold,ALL,horizon_specific_train_quantiles,50,1.0,position_rmse_m,Sep17,0.4616956914116345,0.013864778329495035,0.45224360257113666,0.4776121598872773,3,8,1101
endpoint,Hold,ALL,horizon_specific_train_quantiles,50,1.0,position_rmse_m,Sep7,0.6009749618339718,0.006889044897481911,0.5935919446237714,0.6072310819603235,3,9,1481
endpoint,Hold,ALL,horizon_specific_train_quantiles,50,1.0,velocity_rmse_m_s,ALL,0.8477244731601075,0.008767299336852954,0.8387088635593241,0.8562203383044106,3,17,2582
endpoint,Hold,ALL,horizon_specific_train_quantiles,50,1.0,velocity_rmse_m_s,Sep17,0.9699131833710185,0.011289517662311734,0.9613120424902818,0.9826971782797216,3,8,1101
endpoint,Hold,ALL,horizon_specific_train_quantiles,50,1.0,velocity_rmse_m_s,Sep7,0.7391122863059643,0.011695370631156079,0.7258008939737876,0.7477394843955263,3,9,1481
endpoint,Hold,high,horizon_specific_train_quantiles,5,0.1,attitude_error_deg,ALL,1.8678021910384308,0.012281631722741356,1.853722111133483,1.8763091973080916,3,17,608
endpoint,Hold,high,horizon_specific_train_quantiles,5,0.1,attitude_error_deg,Sep17,2.0840657718304922,0.007601162832816314,2.0779145019322893,2.092563499123937,3,8,294
endpoint,Hold,high,horizon_specific_train_quantiles,5,0.1,attitude_error_deg,Sep7,1.6755678970010426,0.01980929786777389,1.6544399859789882,1.6937224265283946,3,9,314
endpoint,Hold,high,horizon_specific_train_quantiles,5,0.1,body_rate_rmse_rad_s,ALL,0.5837236586532685,0.004990108386558424,0.578147709622921,0.587769717433436,3,17,608
endpoint,Hold,high,horizon_specific_train_quantiles,5,0.1,body_rate_rmse_rad_s,Sep17,0.6310749874779749,0.006481826129318069,0.6242006837828251,0.6370757367004992,3,8,294
endpoint,Hold,high,horizon_specific_train_quantiles,5,0.1,body_rate_rmse_rad_s,Sep7,0.541633588586863,0.0038306838931469944,0.5372117325918953,0.543942144751602,3,9,314
endpoint,Hold,high,horizon_specific_train_quantiles,5,0.1,position_rmse_m,ALL,0.04075885943822109,0.00021342885162840158,0.04052442626638072,0.0409418992013896,3,17,608
endpoint,Hold,high,horizon_specific_train_quantiles,5,0.1,position_rmse_m,Sep17,0.021348964845795085,0.00034445415862875765,0.02097322204232257,0.021649803838572335,3,8,294
endpoint,Hold,high,horizon_specific_train_quantiles,5,0.1,position_rmse_m,Sep7,0.0580120990759331,9.723230570654816e-05,0.05790327446554352,0.05809042841278273,3,9,314
endpoint,Hold,high,horizon_specific_train_quantiles,5,0.1,velocity_rmse_m_s,ALL,0.19643595875389594,0.005625369410969122,0.1913224312598451,0.20246167889089756,3,17,608
endpoint,Hold,high,horizon_specific_train_quantiles,5,0.1,velocity_rmse_m_s,Sep17,0.21469286824663614,0.009202873021499422,0.20876854929145428,0.2252950346311478,3,8,294
endpoint,Hold,high,horizon_specific_train_quantiles,5,0.1,velocity_rmse_m_s,Sep7,0.1802075947603491,0.0038117748930838148,0.17581477078730362,0.18264265081640182,3,9,314
endpoint,Hold,high,horizon_specific_train_quantiles,10,0.2,attitude_error_deg,ALL,3.1024125271345375,0.05120684185602691,3.055372889201498,3.156958061245346,3,17,503
endpoint,Hold,high,horizon_specific_train_quantiles,10,0.2,attitude_error_deg,Sep17,3.652927474177029,0.08653262003401002,3.562464355412189,3.73490427049506,3,8,272
endpoint,Hold,high,horizon_specific_train_quantiles,10,0.2,attitude_error_deg,Sep7,2.613065907541212,0.02695198123169035,2.591344705919374,2.6432280974678224,3,9,231
endpoint,Hold,high,horizon_specific_train_quantiles,10,0.2,body_rate_rmse_rad_s,ALL,0.6336684496890966,0.0033896488379010262,0.6307750435507994,0.637397885754772,3,17,503
endpoint,Hold,high,horizon_specific_train_quantiles,10,0.2,body_rate_rmse_rad_s,Sep17,0.6268487731304137,0.007449577036919058,0.6207615657724789,0.6351559903937088,3,8,272
endpoint,Hold,high,horizon_specific_train_quantiles,10,0.2,body_rate_rmse_rad_s,Sep7,0.639730384407926,0.003673630595964792,0.6362384038403515,0.6435620677521539,3,9,231
endpoint,Hold,high,horizon_specific_train_quantiles,10,0.2,position_rmse_m,ALL,0.08564558924007244,0.000863375911148879,0.08482464228721674,0.08654591222338977,3,17,503
endpoint,Hold,high,horizon_specific_train_quantiles,10,0.2,position_rmse_m,Sep17,0.05215122847301731,0.0010937947409083476,0.051218687220240554,0.05335517249877761,3,8,272
endpoint,Hold,high,horizon_specific_train_quantiles,10,0.2,position_rmse_m,Sep7,0.11541835436634368,0.0006807040038523239,0.11469660234675112,0.11604879197860057,3,9,231
endpoint,Hold,high,horizon_specific_train_quantiles,10,0.2,velocity_rmse_m_s,ALL,0.2861693318875138,0.004136487722110163,0.2813993416139007,0.28876862883811355,3,17,503
endpoint,Hold,high,horizon_specific_train_quantiles,10,0.2,velocity_rmse_m_s,Sep17,0.3411617184310476,0.006386223572810957,0.33383296787386263,0.3455338457671058,3,8,272
endpoint,Hold,high,horizon_specific_train_quantiles,10,0.2,velocity_rmse_m_s,Sep7,0.23728721051548382,0.002172808612024151,0.23479167382726784,0.2387592994846187,3,9,231
endpoint,Hold,high,horizon_specific_train_quantiles,25,0.5,attitude_error_deg,ALL,6.142940173300636,0.0036008166015592917,6.139716169079168,6.146825988900431,3,17,454
endpoint,Hold,high,horizon_specific_train_quantiles,25,0.5,attitude_error_deg,Sep17,7.002653458431478,0.09460174850288351,6.914167882768236,7.1023689241726915,3,8,269
endpoint,Hold,high,horizon_specific_train_quantiles,25,0.5,attitude_error_deg,Sep7,5.378750586517666,0.0773008613284912,5.297454490880643,5.4513146457999975,3,9,185
endpoint,Hold,high,horizon_specific_train_quantiles,25,0.5,body_rate_rmse_rad_s,ALL,0.7228969522664789,0.008259738032154582,0.7136919532613055,0.7296614571682009,3,17,454
endpoint,Hold,high,horizon_specific_train_quantiles,25,0.5,body_rate_rmse_rad_s,Sep17,0.7090763626603743,0.007770629261296627,0.7001338596252198,0.7141851161122299,3,8,269
endpoint,Hold,high,horizon_specific_train_quantiles,25,0.5,body_rate_rmse_rad_s,Sep7,0.7351819208052383,0.008898408143888174,0.7257435920489373,0.7434182047735083,3,9,185
endpoint,Hold,high,horizon_specific_train_quantiles,25,0.5,position_rmse_m,ALL,0.24184868354204814,0.002452630402116314,0.23949613446416396,0.24439043620842213,3,17,454
endpoint,Hold,high,horizon_specific_train_quantiles,25,0.5,position_rmse_m,Sep17,0.19453573180880354,0.003988188646132129,0.19129036591840293,0.19898796398580834,3,8,269
endpoint,Hold,high,horizon_specific_train_quantiles,25,0.5,position_rmse_m,Sep7,0.28390464063826554,0.0030382926505493394,0.28053370685702145,0.2864320257625853,3,9,185
endpoint,Hold,high,horizon_specific_train_quantiles,25,0.5,velocity_rmse_m_s,ALL,0.6115640354859735,0.007768563117793619,0.606512898123274,0.6205095014735501,3,17,454
endpoint,Hold,high,horizon_specific_train_quantiles,25,0.5,velocity_rmse_m_s,Sep17,0.6675328180902614,0.011091121405871833,0.6556168209870327,0.677555264183261,3,8,269
endpoint,Hold,high,horizon_specific_train_quantiles,25,0.5,velocity_rmse_m_s,Sep7,0.5618140065043842,0.01000662396898522,0.5505898128101925,0.5698021568426961,3,9,185
endpoint,Hold,high,horizon_specific_train_quantiles,50,1.0,attitude_error_deg,ALL,10.495643929040448,0.08553626036126434,10.396890247835106,10.546515651874314,3,17,468
endpoint,Hold,high,horizon_specific_train_quantiles,50,1.0,attitude_error_deg,Sep17,11.101725050563426,0.05580533781969376,11.057382263353237,11.16438747584214,3,8,273
endpoint,Hold,high,horizon_specific_train_quantiles,50,1.0,attitude_error_deg,Sep7,9.956905154353358,0.13165531798749872,9.809786234041214,10.063632976227055,3,9,195
endpoint,Hold,high,horizon_specific_train_quantiles,50,1.0,body_rate_rmse_rad_s,ALL,0.8789065199074036,0.005301603042376107,0.8752354101213762,0.8849846223279215,3,17,468
endpoint,Hold,high,horizon_specific_train_quantiles,50,1.0,body_rate_rmse_rad_s,Sep17,0.9678275791747531,0.005261082935657743,0.9619169195803209,0.971998257080508,3,8,273
endpoint,Hold,high,horizon_specific_train_quantiles,50,1.0,body_rate_rmse_rad_s,Sep7,0.7998655783364264,0.008150335325087035,0.7913846094617725,0.8076391692145113,3,9,195
endpoint,Hold,high,horizon_specific_train_quantiles,50,1.0,position_rmse_m,ALL,0.6790271890825483,0.0029875952645982526,0.6761674447094872,0.6821280256779185,3,17,468
endpoint,Hold,high,horizon_specific_train_quantiles,50,1.0,position_rmse_m,Sep17,0.6063808851646614,0.006800119078278934,0.5985311429047486,0.6104724275833211,3,8,273
endpoint,Hold,high,horizon_specific_train_quantiles,50,1.0,position_rmse_m,Sep7,0.7436016814540035,0.011355727999100491,0.734859320001552,0.756436365920736,3,9,195
endpoint,Hold,high,horizon_specific_train_quantiles,50,1.0,velocity_rmse_m_s,ALL,1.1316964098696556,0.021968867327247534,1.1069641301801627,1.1489479245887315,3,17,468
endpoint,Hold,high,horizon_specific_train_quantiles,50,1.0,velocity_rmse_m_s,Sep17,1.2707832995971124,0.029152935651084705,1.2372667774600923,1.290257387419167,3,8,273
endpoint,Hold,high,horizon_specific_train_quantiles,50,1.0,velocity_rmse_m_s,Sep7,1.008063619000805,0.018717748031729813,0.9911395548202255,1.028167649634646,3,9,195
endpoint,Hold,low,horizon_specific_train_quantiles,5,0.1,attitude_error_deg,ALL,1.2696247975723198,0.02997002688471823,1.2350556037629414,1.2882988695570172,3,17,684
endpoint,Hold,low,horizon_specific_train_quantiles,5,0.1,attitude_error_deg,Sep17,1.2386152567474766,0.027531067885895145,1.2075102743390145,1.259852794210509,3,8,228
endpoint,Hold,low,horizon_specific_train_quantiles,5,0.1,attitude_error_deg,Sep7,1.297188833861069,0.03349638038513386,1.2595403410286543,1.32369101876956,3,9,456
endpoint,Hold,low,horizon_specific_train_quantiles,5,0.1,body_rate_rmse_rad_s,ALL,0.5180152933999743,0.000936288259938314,0.5169385890338853,0.5186383006876025,3,17,684
endpoint,Hold,low,horizon_specific_train_quantiles,5,0.1,body_rate_rmse_rad_s,Sep17,0.46735967885441965,0.0031401186101949583,0.46408634595339426,0.47034701686952207,3,8,228
endpoint,Hold,low,horizon_specific_train_quantiles,5,0.1,body_rate_rmse_rad_s,Sep7,0.5630425063293564,0.0012877819055475417,0.561563886303674,0.5639183606609888,3,9,456
endpoint,Hold,low,horizon_specific_train_quantiles,5,0.1,position_rmse_m,ALL,0.0298908428539534,8.561305958213562e-05,0.029811005143972804,0.029981249836457054,3,17,684
endpoint,Hold,low,horizon_specific_train_quantiles,5,0.1,position_rmse_m,Sep17,0.017138805500692342,0.0002821349753343257,0.016964134915903706,0.017464295751914095,3,8,228
endpoint,Hold,low,horizon_specific_train_quantiles,5,0.1,position_rmse_m,Sep7,0.041225987167963225,0.00012775273636598579,0.04110743124493968,0.041361285728565136,3,9,456
endpoint,Hold,low,horizon_specific_train_quantiles,5,0.1,velocity_rmse_m_s,ALL,0.1174220579825984,0.0038085744779281353,0.11339027843703146,0.12095906735156314,3,17,684
endpoint,Hold,low,horizon_specific_train_quantiles,5,0.1,velocity_rmse_m_s,Sep17,0.12438760659329823,0.004365883899785667,0.12045977699537487,0.12908831846432528,3,8,228
endpoint,Hold,low,horizon_specific_train_quantiles,5,0.1,velocity_rmse_m_s,Sep7,0.11123045921753187,0.003598707820982039,0.107106279718504,0.11373306636244125,3,9,456
endpoint,Hold,low,horizon_specific_train_quantiles,10,0.2,attitude_error_deg,ALL,1.9732080684560696,0.027299872593764617,1.9427806894205044,1.9955571624757231,3,17,787
endpoint,Hold,low,horizon_specific_train_quantiles,10,0.2,attitude_error_deg,Sep17,1.9690963579479093,0.04827542011307672,1.9253365262381186,2.020881524740427,3,8,240
endpoint,Hold,low,horizon_specific_train_quantiles,10,0.2,attitude_error_deg,Sep7,1.9768629222411007,0.020749369033219167,1.9582866122492923,1.999255536233579,3,9,547
endpoint,Hold,low,horizon_specific_train_quantiles,10,0.2,body_rate_rmse_rad_s,ALL,0.5766574134874493,0.006174905501522972,0.5697713688664919,0.581702387751445,3,17,787
endpoint,Hold,low,horizon_specific_train_quantiles,10,0.2,body_rate_rmse_rad_s,Sep17,0.5419475548103195,0.005364684295578299,0.5357557528631745,0.5452047910767516,3,8,240
endpoint,Hold,low,horizon_specific_train_quantiles,10,0.2,body_rate_rmse_rad_s,Sep7,0.6075106212004534,0.0071085682783095855,0.6000074719805518,0.614144695906728,3,9,547
endpoint,Hold,low,horizon_specific_train_quantiles,10,0.2,position_rmse_m,ALL,0.06693345515003822,0.0003700637994408369,0.0665284686580154,0.06725400207712684,3,17,787
endpoint,Hold,low,horizon_specific_train_quantiles,10,0.2,position_rmse_m,Sep17,0.03682844827646539,0.0008172473983289349,0.03608455982489053,0.037703250125030466,3,8,240
endpoint,Hold,low,horizon_specific_train_quantiles,10,0.2,position_rmse_m,Sep7,0.09369346125988072,0.00024133994690597242,0.09352133714565695,0.0939693256798588,3,9,547
endpoint,Hold,low,horizon_specific_train_quantiles,10,0.2,velocity_rmse_m_s,ALL,0.1658356336775445,0.0019307926978356818,0.1637352675921446,0.16753335604143818,3,17,787
endpoint,Hold,low,horizon_specific_train_quantiles,10,0.2,velocity_rmse_m_s,Sep17,0.18512697029092243,0.000984481652527426,0.18440916334381757,0.18624926685730395,3,8,240
endpoint,Hold,low,horizon_specific_train_quantiles,10,0.2,velocity_rmse_m_s,Sep7,0.14868777891009743,0.003453937607975138,0.1453584713684353,0.1522541341479203,3,9,547
endpoint,Hold,low,horizon_specific_train_quantiles,25,0.5,attitude_error_deg,ALL,3.7657719627954567,0.10836305045999915,3.641252989154888,3.838700076876117,3,17,888
endpoint,Hold,low,horizon_specific_train_quantiles,25,0.5,attitude_error_deg,Sep17,3.7940841222882056,0.1743704174102823,3.5943544276248516,3.9159961751139702,3,8,201
endpoint,Hold,low,horizon_specific_train_quantiles,25,0.5,attitude_error_deg,Sep7,3.7406055988019022,0.04994243090328976,3.6829405994038087,3.769992433998025,3,9,687
endpoint,Hold,low,horizon_specific_train_quantiles,25,0.5,body_rate_rmse_rad_s,ALL,0.580942611792049,0.011535006443358212,0.5676254321995694,0.5878154897693664,3,17,888
endpoint,Hold,low,horizon_specific_train_quantiles,25,0.5,body_rate_rmse_rad_s,Sep17,0.5237629260122297,0.015815875606187326,0.5059001430090828,0.5359856179752098,3,8,201
endpoint,Hold,low,horizon_specific_train_quantiles,25,0.5,body_rate_rmse_rad_s,Sep7,0.6317689991518881,0.008696748033666716,0.6224923559244464,0.6397376877400061,3,9,687
endpoint,Hold,low,horizon_specific_train_quantiles,25,0.5,position_rmse_m,ALL,0.18998054554399202,0.004218445770606457,0.18635290489950015,0.19460958383921456,3,17,888
endpoint,Hold,low,horizon_specific_train_quantiles,25,0.5,position_rmse_m,Sep17,0.12832299926670696,0.008452843319477547,0.12196709773922376,0.1379159673346605,3,8,201
endpoint,Hold,low,horizon_specific_train_quantiles,25,0.5,position_rmse_m,Sep7,0.24478725334602322,0.0011101623668838437,0.2435847334864125,0.2457731169306168,3,9,687
endpoint,Hold,low,horizon_specific_train_quantiles,25,0.5,velocity_rmse_m_s,ALL,0.3336347906249017,0.01735253401703501,0.3219253007227976,0.35357059808866026,3,17,888
endpoint,Hold,low,horizon_specific_train_quantiles,25,0.5,velocity_rmse_m_s,Sep17,0.3602470399491771,0.03277444016132322,0.34066389641976635,0.39808391961053485,3,8,201
endpoint,Hold,low,horizon_specific_train_quantiles,25,0.5,velocity_rmse_m_s,Sep7,0.3099794578922124,0.004407548652370274,0.30526877121438106,0.31400320118032726,3,9,687
endpoint,Hold,low,horizon_specific_train_quantiles,50,1.0,attitude_error_deg,ALL,6.842114155945215,0.28934390531861975,6.516889601529256,7.070995863879102,3,17,926
endpoint,Hold,low,horizon_specific_train_quantiles,50,1.0,attitude_error_deg,Sep17,7.060185692084858,0.42926480622169955,6.575509797655343,7.392441556756404,3,8,208
endpoint,Hold,low,horizon_specific_train_quantiles,50,1.0,attitude_error_deg,Sep7,6.6482727904877565,0.16522371175670642,6.464782760528291,6.785266359099278,3,9,718
endpoint,Hold,low,horizon_specific_train_quantiles,50,1.0,body_rate_rmse_rad_s,ALL,0.6704264631859611,0.01960278972979863,0.6514597172642762,0.6906087275401857,3,17,926
endpoint,Hold,low,horizon_specific_train_quantiles,50,1.0,body_rate_rmse_rad_s,Sep17,0.6844905959462233,0.021848853465521657,0.6684171504029173,0.7093679142843229,3,8,208
endpoint,Hold,low,horizon_specific_train_quantiles,50,1.0,body_rate_rmse_rad_s,Sep7,0.6579250118435058,0.01937487663618169,0.6363864433632619,0.6739338948787305,3,9,718
endpoint,Hold,low,horizon_specific_train_quantiles,50,1.0,position_rmse_m,ALL,0.4920084225869246,0.017500960092359415,0.4779226846330615,0.5116002992487563,3,17,926
endpoint,Hold,low,horizon_specific_train_quantiles,50,1.0,position_rmse_m,Sep17,0.37920220256168724,0.03454205838639985,0.35917213598767156,0.41908780869807033,3,8,208
endpoint,Hold,low,horizon_specific_train_quantiles,50,1.0,position_rmse_m,Sep7,0.5922806181649133,0.008137303718331691,0.583478727873408,0.5995295024386326,3,9,718
endpoint,Hold,low,horizon_specific_train_quantiles,50,1.0,velocity_rmse_m_s,ALL,0.675761738529768,0.0397034862889535,0.6449496066405249,0.720567229976039,3,17,926
endpoint,Hold,low,horizon_specific_train_quantiles,50,1.0,velocity_rmse_m_s,Sep17,0.7269273954959137,0.07244563471093345,0.6830449844173291,0.810546153573529,3,8,208
endpoint,Hold,low,horizon_specific_train_quantiles,50,1.0,velocity_rmse_m_s,Sep7,0.6302811545598607,0.019846702384872062,0.6074016583237623,0.6428558407997719,3,9,718
endpoint,Hold,middle,horizon_specific_train_quantiles,5,0.1,attitude_error_deg,ALL,1.4428138095185457,0.028887099904918816,1.42435961846775,1.4761042935296143,3,17,1290
endpoint,Hold,middle,horizon_specific_train_quantiles,5,0.1,attitude_error_deg,Sep17,1.4737595675577502,0.013418337175246002,1.4637320421576046,1.4890026177848537,3,8,579
endpoint,Hold,middle,horizon_specific_train_quantiles,5,0.1,attitude_error_deg,Sep7,1.4153064690392527,0.04274244333370434,1.389361908521213,1.4646391164138457,3,9,711
endpoint,Hold,middle,horizon_specific_train_quantiles,5,0.1,body_rate_rmse_rad_s,ALL,0.5278515261706866,0.0017822529722289488,0.5264032880000664,0.529841891799087,3,17,1290
endpoint,Hold,middle,horizon_specific_train_quantiles,5,0.1,body_rate_rmse_rad_s,Sep17,0.5039383293130422,0.0030980145220548968,0.5005614286276013,0.5066490811276215,3,8,579
endpoint,Hold,middle,horizon_specific_train_quantiles,5,0.1,body_rate_rmse_rad_s,Sep7,0.5491077011552598,0.0033085486376816004,0.5456741254553824,0.5522751483459168,3,9,711
endpoint,Hold,middle,horizon_specific_train_quantiles,5,0.1,position_rmse_m,ALL,0.03446190916336539,0.0001474787660542677,0.03430660346484715,0.0346000607022195,3,17,1290
endpoint,Hold,middle,horizon_specific_train_quantiles,5,0.1,position_rmse_m,Sep17,0.017853596332300607,0.0003097471750163207,0.017566421119188973,0.01818182171982583,3,8,579
endpoint,Hold,middle,horizon_specific_train_quantiles,5,0.1,position_rmse_m,Sep7,0.04922485390208964,5.9772754900252744e-05,0.049186765549876645,0.04929374524760063,3,9,711
endpoint,Hold,middle,horizon_specific_train_quantiles,5,0.1,velocity_rmse_m_s,ALL,0.12486810604616427,0.004688425515184445,0.12029099885679027,0.12966043701597235,3,17,1290
endpoint,Hold,middle,horizon_specific_train_quantiles,5,0.1,velocity_rmse_m_s,Sep17,0.13472144763583457,0.004554581341355833,0.13172747687591996,0.1399629377242425,3,8,579
endpoint,Hold,middle,horizon_specific_train_quantiles,5,0.1,velocity_rmse_m_s,Sep7,0.11610958018867958,0.005368592467184161,0.1101252406175639,0.12050265860862111,3,9,711
endpoint,Hold,middle,horizon_specific_train_quantiles,10,0.2,attitude_error_deg,ALL,2.2383353675873683,0.006290033014833844,2.2312700439613393,2.243325910353104,3,17,1292
endpoint,Hold,middle,horizon_specific_train_quantiles,10,0.2,attitude_error_deg,Sep17,2.3833922443650923,0.012620915497686807,2.368820363331056,2.3908590725466254,3,8,589
endpoint,Hold,middle,horizon_specific_train_quantiles,10,0.2,attitude_error_deg,Sep7,2.109395921562725,0.002934351675845279,2.1066777714708045,2.11250689980689,3,9,703
endpoint,Hold,middle,horizon_specific_train_quantiles,10,0.2,body_rate_rmse_rad_s,ALL,0.558037173458182,0.006723411650197987,0.5534627052511845,0.5657567132126355,3,17,1292
endpoint,Hold,middle,horizon_specific_train_quantiles,10,0.2,body_rate_rmse_rad_s,Sep17,0.5224430280130566,0.0006189640639353804,0.5217368298090489,0.5228914139711092,3,8,589
endpoint,Hold,middle,horizon_specific_train_quantiles,10,0.2,body_rate_rmse_rad_s,Sep7,0.5896764138538493,0.013249358944373688,0.5806371863890293,0.6048854984602683,3,9,703
endpoint,Hold,middle,horizon_specific_train_quantiles,10,0.2,position_rmse_m,ALL,0.06373516011011952,0.0005588305345789084,0.06321960172861579,0.06432900660488011,3,17,1292
endpoint,Hold,middle,horizon_specific_train_quantiles,10,0.2,position_rmse_m,Sep17,0.03647910478854086,0.0008401572600395424,0.03575400850256211,0.03739981129045897,3,8,589
endpoint,Hold,middle,horizon_specific_train_quantiles,10,0.2,position_rmse_m,Sep7,0.08796276484041167,0.00031710368862817125,0.08763346237399684,0.0882660691065878,3,9,703
endpoint,Hold,middle,horizon_specific_train_quantiles,10,0.2,velocity_rmse_m_s,ALL,0.18258831050635085,0.0066975927992186275,0.1768420728408303,0.18994398595589357,3,17,1292
endpoint,Hold,middle,horizon_specific_train_quantiles,10,0.2,velocity_rmse_m_s,Sep17,0.20349274989654187,0.0038620463095155396,0.1998540929313689,0.20754490916407184,3,8,589
endpoint,Hold,middle,horizon_specific_train_quantiles,10,0.2,velocity_rmse_m_s,Sep7,0.16400658660395886,0.010390653335843622,0.15352013972673734,0.1742987208819573,3,9,703
endpoint,Hold,middle,horizon_specific_train_quantiles,25,0.5,attitude_error_deg,ALL,4.5102476114362124,0.06788329749197851,4.437098805298753,4.5712163006982856,3,17,1240
endpoint,Hold,middle,horizon_specific_train_quantiles,25,0.5,attitude_error_deg,Sep17,4.8844227313492885,0.08719045996025228,4.784927290054231,4.947499712261612,3,8,631
endpoint,Hold,middle,horizon_specific_train_quantiles,25,0.5,attitude_error_deg,Sep7,4.177647504846811,0.05501324029506614,4.12791792996055,4.236742157086439,3,9,609
endpoint,Hold,middle,horizon_specific_train_quantiles,25,0.5,body_rate_rmse_rad_s,ALL,0.6287619966107442,0.00960062788342243,0.6181556310127893,0.6368581728500713,3,17,1240
endpoint,Hold,middle,horizon_specific_train_quantiles,25,0.5,body_rate_rmse_rad_s,Sep17,0.6281695631778841,0.014880725544492187,0.6129136554375517,0.6426443376236425,3,8,631
endpoint,Hold,middle,horizon_specific_train_quantiles,25,0.5,body_rate_rmse_rad_s,Sep7,0.6292886041066198,0.005664434980895383,0.6228151648574447,0.6333357321888513,3,9,609
endpoint,Hold,middle,horizon_specific_train_quantiles,25,0.5,position_rmse_m,ALL,0.19230813136677724,0.0018478467170247206,0.1907773207400939,0.19436078242532223,3,17,1240
endpoint,Hold,middle,horizon_specific_train_quantiles,25,0.5,position_rmse_m,Sep17,0.12402989861770575,0.0037158641428914462,0.12178670185863724,0.12831909822743057,3,8,631
endpoint,Hold,middle,horizon_specific_train_quantiles,25,0.5,position_rmse_m,Sep7,0.25299989381039634,0.0008670817127189043,0.2521023153013887,0.2538328644174633,3,9,609
endpoint,Hold,middle,horizon_specific_train_quantiles,25,0.5,velocity_rmse_m_s,ALL,0.39621256451102066,0.0053949638322688875,0.39170423421862066,0.40218988063891087,3,17,1240
endpoint,Hold,middle,horizon_specific_train_quantiles,25,0.5,velocity_rmse_m_s,Sep17,0.4238570229596333,0.00993005168627229,0.4161192389563541,0.43505400820105816,3,8,631
endpoint,Hold,middle,horizon_specific_train_quantiles,25,0.5,velocity_rmse_m_s,Sep7,0.3716397125566983,0.0049106710039873505,0.3661988231049611,0.37574299175924275,3,9,609
endpoint,Hold,middle,horizon_specific_train_quantiles,50,1.0,attitude_error_deg,ALL,7.734440582018469,0.174213139268921,7.534909214887544,7.856356729282921,3,17,1188
endpoint,Hold,middle,horizon_specific_train_quantiles,50,1.0,attitude_error_deg,Sep17,8.098218663188064,0.2426326675068534,7.818110196550888,8.243277547355495,3,8,620
endpoint,Hold,middle,horizon_specific_train_quantiles,50,1.0,attitude_error_deg,Sep7,7.411082287645498,0.12005338262563368,7.28317500896457,7.521324270283021,3,9,568
endpoint,Hold,middle,horizon_specific_train_quantiles,50,1.0,body_rate_rmse_rad_s,ALL,0.817543914983236,0.004172909017229796,0.813833499211294,0.8220614115022389,3,17,1188
endpoint,Hold,middle,horizon_specific_train_quantiles,50,1.0,body_rate_rmse_rad_s,Sep17,0.8838277354773837,0.007401959366130833,0.879339637157358,0.8923711284572075,3,8,620
endpoint,Hold,middle,horizon_specific_train_quantiles,50,1.0,body_rate_rmse_rad_s,Sep7,0.7586249634328824,0.013539563699338819,0.7440222732149264,0.7707627187774858,3,9,568
endpoint,Hold,middle,horizon_specific_train_quantiles,50,1.0,position_rmse_m,ALL,0.477768030726303,0.007293119951881733,0.471975041335944,0.4859579698648413,3,17,1188
endpoint,Hold,middle,horizon_specific_train_quantiles,50,1.0,position_rmse_m,Sep17,0.4005236539249191,0.014163119810322535,0.3916538081552608,0.4168576666816001,3,8,620
endpoint,Hold,middle,horizon_specific_train_quantiles,50,1.0,position_rmse_m,Sep7,0.5464296989941997,0.003919576769442177,0.542122200800875,0.5497864345984461,3,9,568
endpoint,Hold,middle,horizon_specific_train_quantiles,50,1.0,velocity_rmse_m_s,ALL,0.8027845115212369,0.010680332213454468,0.7951774520241265,0.814994525704163,3,17,1188
endpoint,Hold,middle,horizon_specific_train_quantiles,50,1.0,velocity_rmse_m_s,Sep17,0.8653587080143397,0.017484828795619335,0.8530585027635086,0.8853741613782937,3,8,620
endpoint,Hold,middle,horizon_specific_train_quantiles,50,1.0,velocity_rmse_m_s,Sep7,0.7471630035273678,0.0066790412057595215,0.7396521116889353,0.7524348495493801,3,9,568
interval,Actual,ALL,horizon_specific_train_quantiles,5,0.1,attitude_error_deg,ALL,1.0272475713014895,0.012393557249531733,1.0139689623691042,1.0385084739666826,3,17,2582
interval,Actual,ALL,horizon_specific_train_quantiles,5,0.1,attitude_error_deg,Sep17,1.0368822909803523,0.007549287032003858,1.0284816088662754,1.0430983551595607,3,8,1101
interval,Actual,ALL,horizon_specific_train_quantiles,5,0.1,attitude_error_deg,Sep7,1.0186833760313891,0.018531184625262813,1.0010688321493963,1.0380120873457597,3,9,1481
interval,Actual,ALL,horizon_specific_train_quantiles,5,0.1,body_rate_rmse_rad_s,ALL,0.5394278440947452,0.0015787800806980772,0.5377850934492537,0.5409337442751566,3,17,2582
interval,Actual,ALL,horizon_specific_train_quantiles,5,0.1,body_rate_rmse_rad_s,Sep17,0.5127628127863971,0.0017932712488712122,0.5110284977428449,0.5146097331719874,3,8,1101
interval,Actual,ALL,horizon_specific_train_quantiles,5,0.1,body_rate_rmse_rad_s,Sep7,0.5631300941466102,0.0026176646817997673,0.5601272143424934,0.5649302028415858,3,9,1481
interval,Actual,ALL,horizon_specific_train_quantiles,5,0.1,position_rmse_m,ALL,0.024172242686056913,8.171456491352661e-05,0.024083007405277943,0.02424341345464687,3,17,2582
interval,Actual,ALL,horizon_specific_train_quantiles,5,0.1,position_rmse_m,Sep17,0.012957529900093315,0.00014799755890011732,0.012819574148930979,0.013113854415457135,3,8,1101
interval,Actual,ALL,horizon_specific_train_quantiles,5,0.1,position_rmse_m,Sep7,0.03414087627358011,4.8347748459973174e-05,0.03409494807758636,0.034191325920338446,3,9,1481
interval,Actual,ALL,horizon_specific_train_quantiles,5,0.1,velocity_rmse_m_s,ALL,0.10724797836512917,0.0030981823724208126,0.10426362486571786,0.1104486514290517,3,17,2582
interval,Actual,ALL,horizon_specific_train_quantiles,5,0.1,velocity_rmse_m_s,Sep17,0.11154401311863,0.0036179326643552764,0.10892219303451126,0.11567165554923689,3,8,1101
interval,Actual,ALL,horizon_specific_train_quantiles,5,0.1,velocity_rmse_m_s,Sep7,0.10342928080646176,0.0029535628711749263,0.10012267538234595,0.10580598109999823,3,9,1481
interval,Actual,ALL,horizon_specific_train_quantiles,10,0.2,attitude_error_deg,ALL,1.5257258872352633,0.02402741670809655,1.4980386337152183,1.5411118330453166,3,17,2582
interval,Actual,ALL,horizon_specific_train_quantiles,10,0.2,attitude_error_deg,Sep17,1.612411097250968,0.026784103309953115,1.5836816960803572,1.6366931725595468,3,8,1101
interval,Actual,ALL,horizon_specific_train_quantiles,10,0.2,attitude_error_deg,Sep7,1.4486723672213033,0.023915371564427437,1.421911467168428,1.467954992129481,3,9,1481
interval,Actual,ALL,horizon_specific_train_quantiles,10,0.2,body_rate_rmse_rad_s,ALL,0.551645302711648,0.0014849358203243275,0.5502662841425284,0.5532172887551086,3,17,2582
interval,Actual,ALL,horizon_specific_train_quantiles,10,0.2,body_rate_rmse_rad_s,Sep17,0.522352043787102,0.001277029483630517,0.521360679006193,0.5237930838905104,3,8,1101
interval,Actual,ALL,horizon_specific_train_quantiles,10,0.2,body_rate_rmse_rad_s,Sep7,0.5776837550890225,0.0019975117294295072,0.5754786536340182,0.5793721375236403,3,9,1481
interval,Actual,ALL,horizon_specific_train_quantiles,10,0.2,position_rmse_m,ALL,0.043880526311718265,0.00026928675653524936,0.043610460316361115,0.04414902700533518,3,17,2582
interval,Actual,ALL,horizon_specific_train_quantiles,10,0.2,position_rmse_m,Sep17,0.02435249621073926,0.0004708044601214312,0.023961218317260315,0.024874988407770422,3,8,1101
interval,Actual,ALL,horizon_specific_train_quantiles,10,0.2,position_rmse_m,Sep7,0.061238775290366275,0.00014573350248282664,0.061076453204450716,0.06135836690792202,3,9,1481
interval,Actual,ALL,horizon_specific_train_quantiles,10,0.2,velocity_rmse_m_s,ALL,0.14943329663747082,0.003734718502492926,0.1456001902655794,0.15306116333916608,3,17,2582
interval,Actual,ALL,horizon_specific_train_quantiles,10,0.2,velocity_rmse_m_s,Sep17,0.16379600589156615,0.002163048842964567,0.16225793553392814,0.1662693107022999,3,8,1101
interval,Actual,ALL,horizon_specific_train_quantiles,10,0.2,velocity_rmse_m_s,Sep7,0.13666644396716385,0.005368461499410159,0.13079330558260277,0.14132058790526933,3,9,1481
interval,Actual,ALL,horizon_specific_train_quantiles,25,0.5,attitude_error_deg,ALL,2.720764101536181,0.029621182555089727,2.6878141172982706,2.745185058669094,3,17,2582
interval,Actual,ALL,horizon_specific_train_quantiles,25,0.5,attitude_error_deg,Sep17,3.008982860778756,0.050056888230732774,2.9688090045722424,3.0650592042352502,3,8,1101
interval,Actual,ALL,horizon_specific_train_quantiles,25,0.5,attitude_error_deg,Sep7,2.464569648876115,0.02856929183374732,2.438040884165852,2.4948155776299834,3,9,1481
interval,Actual,ALL,horizon_specific_train_quantiles,25,0.5,body_rate_rmse_rad_s,ALL,0.566536976734411,0.0006607508530826285,0.5657999593957922,0.5670763531062886,3,17,2582
interval,Actual,ALL,horizon_specific_train_quantiles,25,0.5,body_rate_rmse_rad_s,Sep17,0.5440815749211052,0.001399816587222369,0.5426081487798768,0.5453938295042287,3,8,1101
interval,Actual,ALL,horizon_specific_train_quantiles,25,0.5,body_rate_rmse_rad_s,Sep7,0.5864973339017939,0.00020188530601481959,0.5863497074192308,0.5867273921206563,3,9,1481
interval,Actual,ALL,horizon_specific_train_quantiles,25,0.5,position_rmse_m,ALL,0.11040512402556497,0.0009087276950485385,0.10958481301193758,0.11138193939900011,3,17,2582
interval,Actual,ALL,horizon_specific_train_quantiles,25,0.5,position_rmse_m,Sep17,0.0703964956666917,0.0018683543404534844,0.06913315337138969,0.07254267089989916,3,8,1101
interval,Actual,ALL,horizon_specific_train_quantiles,25,0.5,position_rmse_m,Sep7,0.14596834923345234,0.0004610135526184048,0.14554184380353574,0.14645747027639805,3,9,1481
interval,Actual,ALL,horizon_specific_train_quantiles,25,0.5,velocity_rmse_m_s,ALL,0.23936994372152023,0.0043425164973425745,0.23524000656620814,0.2438976676361052,3,17,2582
interval,Actual,ALL,horizon_specific_train_quantiles,25,0.5,velocity_rmse_m_s,Sep17,0.2637952776070986,0.006061002564974392,0.2586624908043639,0.27048194124485586,3,8,1101
interval,Actual,ALL,horizon_specific_train_quantiles,25,0.5,velocity_rmse_m_s,Sep7,0.21765853582322836,0.002974040256108499,0.2144200205767364,0.22026720220610463,3,9,1481
interval,Actual,ALL,horizon_specific_train_quantiles,50,1.0,attitude_error_deg,ALL,4.3271798589126815,0.04633788357343221,4.2833469643426,4.375670870526626,3,17,2582
interval,Actual,ALL,horizon_specific_train_quantiles,50,1.0,attitude_error_deg,Sep17,4.8571757428090185,0.13785939003710088,4.7140759148059415,4.989116391534675,3,8,1101
interval,Actual,ALL,horizon_specific_train_quantiles,50,1.0,attitude_error_deg,Sep7,3.856072406560383,0.03861284397445408,3.830385962963918,3.9004767861529634,3,9,1481
interval,Actual,ALL,horizon_specific_train_quantiles,50,1.0,body_rate_rmse_rad_s,ALL,0.5847679401739309,0.002968358354240487,0.5818226804206029,0.5877588701060052,3,17,2582
interval,Actual,ALL,horizon_specific_train_quantiles,50,1.0,body_rate_rmse_rad_s,Sep17,0.5675800569091276,0.004522424501720268,0.5633880126787938,0.5723728172859642,3,8,1101
interval,Actual,ALL,horizon_specific_train_quantiles,50,1.0,body_rate_rmse_rad_s,Sep7,0.6000460586315338,0.0016590954831983533,0.5982090517466555,0.6014353615015974,3,9,1481
interval,Actual,ALL,horizon_specific_train_quantiles,50,1.0,position_rmse_m,ALL,0.25252746633911527,0.003201467758686922,0.25024539676131813,0.2561871346149431,3,17,2582
interval,Actual,ALL,horizon_specific_train_quantiles,50,1.0,position_rmse_m,Sep17,0.184361398122596,0.007156507831901532,0.17941845466249629,0.19256794498822702,3,8,1101
interval,Actual,ALL,horizon_specific_train_quantiles,50,1.0,position_rmse_m,Sep7,0.31311952697602125,0.0016344268101876728,0.3117099319117656,0.31491112362205187,3,9,1481
interval,Actual,ALL,horizon_specific_train_quantiles,50,1.0,velocity_rmse_m_s,ALL,0.39847278299464245,0.006299301886698342,0.3920586808832183,0.404650637786371,3,17,2582
interval,Actual,ALL,horizon_specific_train_quantiles,50,1.0,velocity_rmse_m_s,Sep17,0.42525401927302964,0.011345667282429356,0.41360273740892756,0.43626713447258525,3,8,1101
interval,Actual,ALL,horizon_specific_train_quantiles,50,1.0,velocity_rmse_m_s,Sep7,0.374667239636076,0.0018223543813105701,0.3729084084159213,0.37654708517640273,3,9,1481
interval,Actual,high,horizon_specific_train_quantiles,5,0.1,attitude_error_deg,ALL,1.1740229209026019,0.011036397199229076,1.162033725774935,1.183758703209561,3,17,608
interval,Actual,high,horizon_specific_train_quantiles,5,0.1,attitude_error_deg,Sep17,1.2204238849827023,0.009539512503599822,1.212819513128817,1.2311276971917045,3,8,294
interval,Actual,high,horizon_specific_train_quantiles,5,0.1,attitude_error_deg,Sep7,1.132777619498068,0.01378991049524047,1.1168908036825953,1.1416529307809886,3,9,314
interval,Actual,high,horizon_specific_train_quantiles,5,0.1,body_rate_rmse_rad_s,ALL,0.5840539347477405,0.0014623386034761734,0.5829995183191833,0.5857233288871679,3,17,608
interval,Actual,high,horizon_specific_train_quantiles,5,0.1,body_rate_rmse_rad_s,Sep17,0.5690146168308653,0.0016616109732015408,0.5671850348223537,0.5704298309379668,3,8,294
interval,Actual,high,horizon_specific_train_quantiles,5,0.1,body_rate_rmse_rad_s,Sep7,0.5974222173405184,0.0017416282401742623,0.5958922657520653,0.5993175492864578,3,9,314
interval,Actual,high,horizon_specific_train_quantiles,5,0.1,position_rmse_m,ALL,0.027489070190436588,0.00010537085181216313,0.027370372823656893,0.02757157524986622,3,17,608
interval,Actual,high,horizon_specific_train_quantiles,5,0.1,position_rmse_m,Sep17,0.014263651501171308,0.00015925912534734427,0.014089927136757396,0.014402747321133431,3,8,294
interval,Actual,high,horizon_specific_train_quantiles,5,0.1,position_rmse_m,Sep7,0.03924499791422794,6.0494973014661085e-05,0.03917521343423422,0.03928258023304314,3,9,314
interval,Actual,high,horizon_specific_train_quantiles,5,0.1,velocity_rmse_m_s,ALL,0.14437541752959912,0.0044800674298927515,0.14020717051654646,0.14911289585691725,3,17,608
interval,Actual,high,horizon_specific_train_quantiles,5,0.1,velocity_rmse_m_s,Sep17,0.15010845697514416,0.0056950898139715295,0.14633530732825265,0.15665942396647461,3,8,294
interval,Actual,high,horizon_specific_train_quantiles,5,0.1,velocity_rmse_m_s,Sep7,0.13927938246689245,0.004008564080903449,0.13475993779502987,0.14240487087064407,3,9,314
interval,Actual,high,horizon_specific_train_quantiles,10,0.2,attitude_error_deg,ALL,1.8643015540821735,0.039276616934429576,1.8294853901078023,1.9068796317466767,3,17,503
interval,Actual,high,horizon_specific_train_quantiles,10,0.2,attitude_error_deg,Sep17,2.064577018191191,0.06390762618926847,2.009998177823784,2.1348786148283025,3,8,272
interval,Actual,high,horizon_specific_train_quantiles,10,0.2,attitude_error_deg,Sep7,1.686278919318602,0.017602162203075096,1.6690295788047071,1.704213869007454,3,9,231
interval,Actual,high,horizon_specific_train_quantiles,10,0.2,body_rate_rmse_rad_s,ALL,0.6029388460109787,0.0023601890356002,0.601493965050425,0.6056624690269428,3,17,503
interval,Actual,high,horizon_specific_train_quantiles,10,0.2,body_rate_rmse_rad_s,Sep17,0.5912793164277812,0.0027967870027529127,0.5880997366137669,0.5933587201555719,3,8,272
interval,Actual,high,horizon_specific_train_quantiles,10,0.2,body_rate_rmse_rad_s,Sep7,0.6133028723071542,0.0033458554892164985,0.6099095363480693,0.6165991346903835,3,9,231
interval,Actual,high,horizon_specific_train_quantiles,10,0.2,position_rmse_m,ALL,0.0518575719622047,0.0004948670146128105,0.051370811568551014,0.05236016558755981,3,17,503
interval,Actual,high,horizon_specific_train_quantiles,10,0.2,position_rmse_m,Sep17,0.02968159193397857,0.0006332586128294252,0.029135189260467816,0.030375625255625628,3,8,272
interval,Actual,high,horizon_specific_train_quantiles,10,0.2,position_rmse_m,Sep7,0.07156955420951683,0.0003930056533761949,0.07113580917573609,0.07190197921594575,3,9,231
interval,Actual,high,horizon_specific_train_quantiles,10,0.2,velocity_rmse_m_s,ALL,0.2104584307498042,0.003586340835942447,0.206431321272499,0.21330782789878147,3,17,503
interval,Actual,high,horizon_specific_train_quantiles,10,0.2,velocity_rmse_m_s,Sep17,0.2296100812583176,0.004371976614799622,0.22543101321524578,0.23415231221157717,3,8,272
interval,Actual,high,horizon_specific_train_quantiles,10,0.2,velocity_rmse_m_s,Sep7,0.19343474140890338,0.003423826698773253,0.18954270621227964,0.19598212061591183,3,9,231
interval,Actual,high,horizon_specific_train_quantiles,25,0.5,attitude_error_deg,ALL,3.3941823006661225,0.023418285204881546,3.367857173509291,3.4126980728216116,3,17,454
interval,Actual,high,horizon_specific_train_quantiles,25,0.5,attitude_error_deg,Sep17,3.879111889809432,0.08569936069763619,3.7941549739776588,3.9655348839414204,3,8,269
interval,Actual,high,horizon_specific_train_quantiles,25,0.5,attitude_error_deg,Sep7,2.963133776983181,0.03656548750496721,2.921287574048448,2.988925795315186,3,9,185
interval,Actual,high,horizon_specific_train_quantiles,25,0.5,body_rate_rmse_rad_s,ALL,0.6212545288143884,0.0008671483073418054,0.6203802919258606,0.6221144102939081,3,17,454
interval,Actual,high,horizon_specific_train_quantiles,25,0.5,body_rate_rmse_rad_s,Sep17,0.619446113123361,0.0038906735688394333,0.6149939795041075,0.6221929682743519,3,8,269
interval,Actual,high,horizon_specific_train_quantiles,25,0.5,body_rate_rmse_rad_s,Sep7,0.6228620094286349,0.0020251603742756537,0.6213733221183054,0.625168125189641,3,9,185
interval,Actual,high,horizon_specific_train_quantiles,25,0.5,position_rmse_m,ALL,0.12988540003212054,0.0012060382981621419,0.12871822354675577,0.13112686566888368,3,17,454
interval,Actual,high,horizon_specific_train_quantiles,25,0.5,position_rmse_m,Sep17,0.090193120025028,0.0022421634566443405,0.08843463461238968,0.09271799141257053,3,8,269
interval,Actual,high,horizon_specific_train_quantiles,25,0.5,position_rmse_m,Sep7,0.16516742670509169,0.0014756815847443293,0.16364399198820642,0.16659020089701768,3,9,185
interval,Actual,high,horizon_specific_train_quantiles,25,0.5,velocity_rmse_m_s,ALL,0.35045865977444685,0.0049759945161082664,0.34531942516787073,0.35525352361874274,3,17,454
interval,Actual,high,horizon_specific_train_quantiles,25,0.5,velocity_rmse_m_s,Sep17,0.3767295587878315,0.010708068776900023,0.36480842873762037,0.3855322586927916,3,8,269
interval,Actual,high,horizon_specific_train_quantiles,25,0.5,velocity_rmse_m_s,Sep7,0.3271067495403272,0.0018452356992062207,0.3249852897399668,0.3283390924418104,3,9,185
interval,Actual,high,horizon_specific_train_quantiles,50,1.0,attitude_error_deg,ALL,5.345612580115076,0.046152768110697164,5.316198271849883,5.398805794792238,3,17,468
interval,Actual,high,horizon_specific_train_quantiles,50,1.0,attitude_error_deg,Sep17,5.993515006148964,0.0907398283313789,5.93898311686244,6.098262698538001,3,8,273
interval,Actual,high,horizon_specific_train_quantiles,50,1.0,attitude_error_deg,Sep7,4.769699312529397,0.007231341524808059,4.762611742949833,4.777066324796003,3,9,195
interval,Actual,high,horizon_specific_train_quantiles,50,1.0,body_rate_rmse_rad_s,ALL,0.6406045823207643,0.0014893183298153555,0.6393420821973907,0.6422470886142664,3,17,468
interval,Actual,high,horizon_specific_train_quantiles,50,1.0,body_rate_rmse_rad_s,Sep17,0.633811779901606,0.004465129670276868,0.6311372258602447,0.6389664452287424,3,8,273
interval,Actual,high,horizon_specific_train_quantiles,50,1.0,body_rate_rmse_rad_s,Sep7,0.6466426289155717,0.0015772400383812415,0.6451632160680655,0.6483022208532058,3,9,195
interval,Actual,high,horizon_specific_train_quantiles,50,1.0,position_rmse_m,ALL,0.32132581141379796,0.0035086055961595203,0.317688150861274,0.32468927190725116,3,17,468
interval,Actual,high,horizon_specific_train_quantiles,50,1.0,position_rmse_m,Sep17,0.23978992828623444,0.0115186404595883,0.22744826994308814,0.25025513518258335,3,8,273
interval,Actual,high,horizon_specific_train_quantiles,50,1.0,position_rmse_m,Sep7,0.3938021519716322,0.0036622403565373675,0.39085294899584483,0.3979013783441058,3,9,195
interval,Actual,high,horizon_specific_train_quantiles,50,1.0,velocity_rmse_m_s,ALL,0.5529459482040779,0.011663907246134595,0.5401196257048231,0.5629173141422052,3,17,468
interval,Actual,high,horizon_specific_train_quantiles,50,1.0,velocity_rmse_m_s,Sep17,0.5721019171945215,0.026161029339767657,0.5426794443224461,0.5927408870662979,3,8,273
interval,Actual,high,horizon_specific_train_quantiles,50,1.0,velocity_rmse_m_s,Sep7,0.5359184202125725,0.002211275731680823,0.5335035577166589,0.5378442313780472,3,9,195
interval,Actual,low,horizon_specific_train_quantiles,5,0.1,attitude_error_deg,ALL,0.9229874142726624,0.017235749433751654,0.9032348223102149,0.9349725942281389,3,17,684
interval,Actual,low,horizon_specific_train_quantiles,5,0.1,attitude_error_deg,Sep17,0.8961699902593082,0.015125975526156897,0.8789807171269698,0.9074463804503091,3,8,228
interval,Actual,low,horizon_specific_train_quantiles,5,0.1,attitude_error_deg,Sep7,0.946825124506755,0.01914643253122756,0.9247940269175441,0.9594403398084322,3,9,456
interval,Actual,low,horizon_specific_train_quantiles,5,0.1,body_rate_rmse_rad_s,ALL,0.4811730319712031,0.004832986356816541,0.47579634984771885,0.4851560637807412,3,17,684
interval,Actual,low,horizon_specific_train_quantiles,5,0.1,body_rate_rmse_rad_s,Sep17,0.4433906703392785,0.0054087854094023655,0.43766173095309713,0.4484090666181791,3,8,228
interval,Actual,low,horizon_specific_train_quantiles,5,0.1,body_rate_rmse_rad_s,Sep7,0.5147573534218028,0.004417198938589906,0.5096937888651604,0.5178200612585743,3,9,456
interval,Actual,low,horizon_specific_train_quantiles,5,0.1,position_rmse_m,ALL,0.020536874178537664,5.261819920557529e-05,0.020479457568044007,0.020582792205374408,3,17,684
interval,Actual,low,horizon_specific_train_quantiles,5,0.1,position_rmse_m,Sep17,0.011811815889759608,0.00014659070705937103,0.01170839422528175,0.011979573285427354,3,8,228
interval,Actual,low,horizon_specific_train_quantiles,5,0.1,position_rmse_m,Sep7,0.028292481546340387,7.20799141484333e-05,0.028230097911994014,0.028371388409861125,3,9,456
interval,Actual,low,horizon_specific_train_quantiles,5,0.1,velocity_rmse_m_s,ALL,0.08502857719523678,0.002624931079200279,0.08213788948245442,0.08726335539400756,3,17,684
interval,Actual,low,horizon_specific_train_quantiles,5,0.1,velocity_rmse_m_s,Sep17,0.08824161787557233,0.0029096317949285043,0.0852494515158988,0.09106101603646516,3,8,228
interval,Actual,low,horizon_specific_train_quantiles,5,0.1,velocity_rmse_m_s,Sep7,0.08217254103493855,0.0024456452008893184,0.07937205656383721,0.08388765704515638,3,9,456
interval,Actual,low,horizon_specific_train_quantiles,10,0.2,attitude_error_deg,ALL,1.3509101206403369,0.02568630864103751,1.3222475090620236,1.3718465361739025,3,17,787
interval,Actual,low,horizon_specific_train_quantiles,10,0.2,attitude_error_deg,Sep17,1.333671032977218,0.028121876496595092,1.3049737082341404,1.3611797714174012,3,8,240
interval,Actual,low,horizon_specific_train_quantiles,10,0.2,attitude_error_deg,Sep7,1.3662337541186653,0.024808044754922955,1.3376019986868086,1.3813281048463477,3,9,547
interval,Actual,low,horizon_specific_train_quantiles,10,0.2,body_rate_rmse_rad_s,ALL,0.5299049635537804,0.0012345274057420626,0.5290911040207565,0.5313254427324611,3,17,787
interval,Actual,low,horizon_specific_train_quantiles,10,0.2,body_rate_rmse_rad_s,Sep17,0.4878092106315381,0.0012046930498132494,0.48654049911177255,0.4889375943804853,3,8,240
interval,Actual,low,horizon_specific_train_quantiles,10,0.2,body_rate_rmse_rad_s,Sep7,0.5673234105957734,0.0025493929290073777,0.5647831125898866,0.5698818021369985,3,9,547
interval,Actual,low,horizon_specific_train_quantiles,10,0.2,position_rmse_m,ALL,0.04163580442786495,0.0001734368604821296,0.041438676370842364,0.04176495834726805,3,17,787
interval,Actual,low,horizon_specific_train_quantiles,10,0.2,position_rmse_m,Sep17,0.02211163305436012,0.0003893768854695458,0.02173830969190619,0.02251528922681332,3,8,240
interval,Actual,low,horizon_specific_train_quantiles,10,0.2,position_rmse_m,Sep7,0.05899062342653591,0.0001395838089191843,0.058875775343227806,0.05914598151759429,3,9,547
interval,Actual,low,horizon_specific_train_quantiles,10,0.2,velocity_rmse_m_s,ALL,0.12033436125194537,0.0020290350205697995,0.11827308618676412,0.12232954113401849,3,17,787
interval,Actual,low,horizon_specific_train_quantiles,10,0.2,velocity_rmse_m_s,Sep17,0.12789076690394172,0.0006949587815171646,0.12731942796486337,0.12866443900721092,3,8,240
interval,Actual,low,horizon_specific_train_quantiles,10,0.2,velocity_rmse_m_s,Sep7,0.11361755622794863,0.004024726767924354,0.10990388836188698,0.1178940861732675,3,9,547
interval,Actual,low,horizon_specific_train_quantiles,25,0.5,attitude_error_deg,ALL,2.273767283277609,0.032480958799034,2.236478535622243,2.295900877394322,3,17,888
interval,Actual,low,horizon_specific_train_quantiles,25,0.5,attitude_error_deg,Sep17,2.2755679989278335,0.04809634879931382,2.232795266572189,2.3276321875992676,3,8,201
interval,Actual,low,horizon_specific_train_quantiles,25,0.5,attitude_error_deg,Sep7,2.272166647144076,0.034865490855387274,2.2397525525556237,2.309052120553344,3,9,687
interval,Actual,low,horizon_specific_train_quantiles,25,0.5,body_rate_rmse_rad_s,ALL,0.54517159172967,0.0018435726265480326,0.5430716011844126,0.5465237290412961,3,17,888
interval,Actual,low,horizon_specific_train_quantiles,25,0.5,body_rate_rmse_rad_s,Sep17,0.5148181320564511,0.004619131176406747,0.5095407215433558,0.5181262225025987,3,8,201
interval,Actual,low,horizon_specific_train_quantiles,25,0.5,body_rate_rmse_rad_s,Sep7,0.5721524447725311,0.0006278041873913703,0.5717659570756938,0.5728768275320184,3,9,687
interval,Actual,low,horizon_specific_train_quantiles,25,0.5,position_rmse_m,ALL,0.10473567984226566,0.0013956010313743439,0.10333098002783783,0.10612200055461891,3,17,888
interval,Actual,low,horizon_specific_train_quantiles,25,0.5,position_rmse_m,Sep17,0.06412203568931908,0.0029145617062800726,0.06142161082088946,0.0672116299353249,3,8,201
interval,Actual,low,horizon_specific_train_quantiles,25,0.5,position_rmse_m,Sep7,0.14083669686710706,0.0003355430590674599,0.1405837526562364,0.1412173412844267,3,9,687
interval,Actual,low,horizon_specific_train_quantiles,25,0.5,velocity_rmse_m_s,ALL,0.19475167374476773,0.004771229897245914,0.19155185988721016,0.20023558996680393,3,17,888
interval,Actual,low,horizon_specific_train_quantiles,25,0.5,velocity_rmse_m_s,Sep17,0.2077412838909127,0.010207071015277656,0.1993280987143853,0.2190961654422791,3,8,201
interval,Actual,low,horizon_specific_train_quantiles,25,0.5,velocity_rmse_m_s,Sep7,0.18320535361486104,0.003304606965795312,0.17977610199488703,0.1863693248610923,3,9,687
interval,Actual,low,horizon_specific_train_quantiles,50,1.0,attitude_error_deg,ALL,3.7029958557888865,0.06600190532420651,3.644910409182712,3.77476810256049,3,17,926
interval,Actual,low,horizon_specific_train_quantiles,50,1.0,attitude_error_deg,Sep17,3.9130841410029724,0.17169053623115998,3.7507742833906996,4.092825442207915,3,8,208
interval,Actual,low,horizon_specific_train_quantiles,50,1.0,attitude_error_deg,Sep7,3.516250713376365,0.030718340990847783,3.4920504673183332,3.5508091876645014,3,9,718
interval,Actual,low,horizon_specific_train_quantiles,50,1.0,body_rate_rmse_rad_s,ALL,0.561407744916957,0.004092633541148399,0.5575511136849448,0.5657013186493922,3,17,926
interval,Actual,low,horizon_specific_train_quantiles,50,1.0,body_rate_rmse_rad_s,Sep17,0.535089196600027,0.006849915151421951,0.5291201732701285,0.5425680834103135,3,8,208
interval,Actual,low,horizon_specific_train_quantiles,50,1.0,body_rate_rmse_rad_s,Sep7,0.5848020100875614,0.0017778174423214621,0.5828230607203371,0.5862641944174621,3,9,718
interval,Actual,low,horizon_specific_train_quantiles,50,1.0,position_rmse_m,ALL,0.2424743119829733,0.004397463754885684,0.2380986092228067,0.24689321838065167,3,17,926
interval,Actual,low,horizon_specific_train_quantiles,50,1.0,position_rmse_m,Sep17,0.16446894904293363,0.009471387685729363,0.15720489450189679,0.17518139426806584,3,8,208
interval,Actual,low,horizon_specific_train_quantiles,50,1.0,position_rmse_m,Sep7,0.3118124123741197,0.0026032061916342604,0.31000413341917105,0.3147960416669046,3,9,718
interval,Actual,low,horizon_specific_train_quantiles,50,1.0,velocity_rmse_m_s,ALL,0.34257283486501455,0.009558680154494091,0.33615601389025485,0.35355856318885526,3,17,926
interval,Actual,low,horizon_specific_train_quantiles,50,1.0,velocity_rmse_m_s,Sep17,0.3518169533244091,0.020892017691996854,0.33842817115888313,0.37589040615790476,3,8,208
interval,Actual,low,horizon_specific_train_quantiles,50,1.0,velocity_rmse_m_s,Sep7,0.3343558406788861,0.0007810558112366532,0.33370803610525573,0.3352231673910395,3,9,718
interval,Actual,middle,horizon_specific_train_quantiles,5,0.1,attitude_error_deg,ALL,0.9973946388647609,0.01555951528114521,0.9851384143378513,1.0148997997808178,3,17,1290
interval,Actual,middle,horizon_specific_train_quantiles,5,0.1,attitude_error_deg,Sep17,0.9879302132192894,0.004787353957476073,0.9824336087865866,0.9911876938885967,3,8,579
interval,Actual,middle,horizon_specific_train_quantiles,5,0.1,attitude_error_deg,Sep7,1.0058074616607355,0.02632057722419085,0.9875426859389757,1.0359772272405696,3,9,711
interval,Actual,middle,horizon_specific_train_quantiles,5,0.1,body_rate_rmse_rad_s,ALL,0.5430449659888704,0.001231487406564087,0.5416860448292711,0.5440871402215988,3,17,1290
interval,Actual,middle,horizon_specific_train_quantiles,5,0.1,body_rate_rmse_rad_s,Sep17,0.507422172157005,0.0013365985112017721,0.5058811249838469,0.5082660155071039,3,8,579
interval,Actual,middle,horizon_specific_train_quantiles,5,0.1,body_rate_rmse_rad_s,Sep7,0.5747096716171952,0.003327704334105769,0.5713927375600865,0.5780480426551562,3,9,711
interval,Actual,middle,horizon_specific_train_quantiles,5,0.1,position_rmse_m,ALL,0.02376299502832176,7.343752145449457e-05,0.023684621715877797,0.023830222502645215,3,17,1290
interval,Actual,middle,horizon_specific_train_quantiles,5,0.1,position_rmse_m,Sep17,0.012459512073574085,0.0001541123758793139,0.012314644224322588,0.012621447976329376,3,8,579
interval,Actual,middle,horizon_specific_train_quantiles,5,0.1,position_rmse_m,Sep7,0.03381053543254192,3.1392883723333085e-05,0.033791268375037986,0.033846760285439585,3,9,711
interval,Actual,middle,horizon_specific_train_quantiles,5,0.1,velocity_rmse_m_s,ALL,0.08919441672044327,0.0029080172027223868,0.0862898874458558,0.09210590934579359,3,17,1290
interval,Actual,middle,horizon_specific_train_quantiles,5,0.1,velocity_rmse_m_s,Sep17,0.09417324930034898,0.0032396490095080296,0.0919747710758991,0.09789362286682672,3,8,579
interval,Actual,middle,horizon_specific_train_quantiles,5,0.1,velocity_rmse_m_s,Sep7,0.0847687877605271,0.00358195514062543,0.08063525054588666,0.08696127510487524,3,9,711
interval,Actual,middle,horizon_specific_train_quantiles,10,0.2,attitude_error_deg,ALL,1.4557606827105403,0.020824137343456246,1.4351135294815118,1.4767574028990862,3,17,1292
interval,Actual,middle,horizon_specific_train_quantiles,10,0.2,attitude_error_deg,Sep17,1.4713969538580163,0.010452145307295983,1.460099404529368,1.4807228708774713,3,8,589
interval,Actual,middle,horizon_specific_train_quantiles,10,0.2,attitude_error_deg,Sep7,1.4418617750238945,0.030236630124556404,1.4129038627723065,1.4732325424738548,3,9,703
interval,Actual,middle,horizon_specific_train_quantiles,10,0.2,body_rate_rmse_rad_s,ALL,0.5405625762685949,0.0012015053166994725,0.5391757006110601,0.541288370842566,3,17,1292
interval,Actual,middle,horizon_specific_train_quantiles,10,0.2,body_rate_rmse_rad_s,Sep17,0.5033658488791629,0.0014793695756508379,0.5017451201061562,0.5046436135487454,3,8,589
interval,Actual,middle,horizon_specific_train_quantiles,10,0.2,body_rate_rmse_rad_s,Sep7,0.57362633394809,0.0028697186996164328,0.5707018229474805,0.5764379270527079,3,9,703
interval,Actual,middle,horizon_specific_train_quantiles,10,0.2,position_rmse_m,ALL,0.03993792417952287,0.0002537270247748452,0.039695726022711736,0.04020179035052705,3,17,1292
interval,Actual,middle,horizon_specific_train_quantiles,10,0.2,position_rmse_m,Sep17,0.02182254062626814,0.00041698669382344384,0.02145350750310979,0.022274898219682995,3,8,589
interval,Actual,middle,horizon_specific_train_quantiles,10,0.2,position_rmse_m,Sep7,0.05604048733797151,0.00011647780664936489,0.055911031373469026,0.056136805577943996,3,9,703
interval,Actual,middle,horizon_specific_train_quantiles,10,0.2,velocity_rmse_m_s,ALL,0.12694907854482276,0.005702687112991268,0.12175708550909344,0.13305264495456134,3,17,1292
interval,Actual,middle,horizon_specific_train_quantiles,10,0.2,velocity_rmse_m_s,Sep17,0.1330894370164931,0.0016904235341747146,0.13137767386126795,0.13475768052095968,3,8,589
interval,Actual,middle,horizon_specific_train_quantiles,10,0.2,velocity_rmse_m_s,Sep7,0.12149098212556031,0.00994744134510607,0.11164520003517502,0.13153705778442948,3,9,703
interval,Actual,middle,horizon_specific_train_quantiles,25,0.5,attitude_error_deg,ALL,2.6398320425402595,0.021938470749122935,2.616705139022075,2.6603484965363418,3,17,1240
interval,Actual,middle,horizon_specific_train_quantiles,25,0.5,attitude_error_deg,Sep17,2.7771144604935034,0.03502135314249098,2.753847638821277,2.817392005683541,3,8,631
interval,Actual,middle,horizon_specific_train_quantiles,25,0.5,attitude_error_deg,Sep7,2.517803226581821,0.027208281436436044,2.48923971861886,2.543415694943327,3,9,609
interval,Actual,middle,horizon_specific_train_quantiles,25,0.5,body_rate_rmse_rad_s,ALL,0.557724783063138,0.0014561496331744594,0.5561669474212981,0.5590516359522496,3,17,1240
interval,Actual,middle,horizon_specific_train_quantiles,25,0.5,body_rate_rmse_rad_s,Sep17,0.5205352480122154,0.0030831625726014692,0.5185280528083454,0.5240852680082676,3,8,631
interval,Actual,middle,horizon_specific_train_quantiles,25,0.5,body_rate_rmse_rad_s,Sep7,0.5907821475528469,0.0015860750538198621,0.5896237426328116,0.5925898481232734,3,9,609
interval,Actual,middle,horizon_specific_train_quantiles,25,0.5,position_rmse_m,ALL,0.10529939230776875,0.0006722514598493986,0.1046677960971395,0.10600600583666428,3,17,1240
interval,Actual,middle,horizon_specific_train_quantiles,25,0.5,position_rmse_m,Sep17,0.06046120129834212,0.0013446372111158083,0.05928639833088607,0.06192776586151539,3,8,631
interval,Actual,middle,horizon_specific_train_quantiles,25,0.5,position_rmse_m,Sep7,0.14515556209392574,0.00013589108996843802,0.1450068163338092,0.14527320635561583,3,9,609
interval,Actual,middle,horizon_specific_train_quantiles,25,0.5,velocity_rmse_m_s,ALL,0.21169208252259616,0.004336924510902571,0.20782526631355866,0.2163813414063501,3,17,1240
interval,Actual,middle,horizon_specific_train_quantiles,25,0.5,velocity_rmse_m_s,Sep17,0.2162745016836125,0.0024790558468669142,0.21451436007731134,0.21910960293056972,3,8,631
interval,Actual,middle,horizon_specific_train_quantiles,25,0.5,velocity_rmse_m_s,Sep7,0.2076188210461372,0.006342939990370505,0.2012703545540939,0.21395622005148823,3,9,609
interval,Actual,middle,horizon_specific_train_quantiles,50,1.0,attitude_error_deg,ALL,4.230769731164523,0.049945618191020585,4.174991876959496,4.271354642344501,3,17,1188
interval,Actual,middle,horizon_specific_train_quantiles,50,1.0,attitude_error_deg,Sep17,4.542313587273958,0.16807965068589423,4.353517655229769,4.675671032339885,3,8,620
interval,Actual,middle,horizon_specific_train_quantiles,50,1.0,attitude_error_deg,Sep7,3.953841859067248,0.05513064670757653,3.9119622956819375,4.016302296274809,3,9,568
interval,Actual,middle,horizon_specific_train_quantiles,50,1.0,body_rate_rmse_rad_s,ALL,0.5768151382428015,0.0036486175279313803,0.5731471640319443,0.5804440860042036,3,17,1188
interval,Actual,middle,horizon_specific_train_quantiles,50,1.0,body_rate_rmse_rad_s,Sep17,0.5466039481294325,0.004325154502733679,0.5420519602881052,0.550659412896113,3,8,620
interval,Actual,middle,horizon_specific_train_quantiles,50,1.0,body_rate_rmse_rad_s,Sep7,0.603669529454685,0.0030824895431612763,0.6007873451375789,0.6069193509891728,3,9,568
interval,Actual,middle,horizon_specific_train_quantiles,50,1.0,position_rmse_m,ALL,0.2233053329956232,0.0028454248860520018,0.2210540155808874,0.22650345888143916,3,17,1188
interval,Actual,middle,horizon_specific_train_quantiles,50,1.0,position_rmse_m,Sep17,0.15846889552587531,0.005306364247782163,0.154394429566162,0.16446927711353032,3,8,620
interval,Actual,middle,horizon_specific_train_quantiles,50,1.0,position_rmse_m,Sep7,0.2809377218576213,0.0006722581330340497,0.28030698092730993,0.28164495378624704,3,9,568
interval,Actual,middle,horizon_specific_train_quantiles,50,1.0,velocity_rmse_m_s,ALL,0.3589155861061169,0.006323036364510269,0.3541702163041367,0.3660936729620698,3,17,1188
interval,Actual,middle,horizon_specific_train_quantiles,50,1.0,velocity_rmse_m_s,Sep17,0.3658588364896595,0.0065689178545476675,0.3602616781695806,0.3730907604180171,3,8,620
interval,Actual,middle,horizon_specific_train_quantiles,50,1.0,velocity_rmse_m_s,Sep7,0.3527438079874124,0.007327689660122918,0.3452334566799197,0.3598740396678944,3,9,568
interval,Hold,ALL,horizon_specific_train_quantiles,5,0.1,attitude_error_deg,ALL,1.0877485396144788,0.012216558315035264,1.0766601783568206,1.1008445730311611,3,17,2582
interval,Hold,ALL,horizon_specific_train_quantiles,5,0.1,attitude_error_deg,Sep17,1.1091834280116986,0.005851150055363838,1.103197979910733,1.114890330619935,3,8,1101
interval,Hold,ALL,horizon_specific_train_quantiles,5,0.1,attitude_error_deg,Sep7,1.0686953054836168,0.017987739572427438,1.0530710214200096,1.0883594551744735,3,9,1481
interval,Hold,ALL,horizon_specific_train_quantiles,5,0.1,body_rate_rmse_rad_s,ALL,0.5402405248251272,0.0014827021570174516,0.5385561583824341,0.5413483919780003,3,17,2582
interval,Hold,ALL,horizon_specific_train_quantiles,5,0.1,body_rate_rmse_rad_s,Sep17,0.5199458446069777,0.00048523573517609295,0.519447943926236,0.5204173368597598,3,8,1101
interval,Hold,ALL,horizon_specific_train_quantiles,5,0.1,body_rate_rmse_rad_s,Sep7,0.5582802405745931,0.0029281722068895976,0.5550751853579868,0.5608154569129016,3,9,1481
interval,Hold,ALL,horizon_specific_train_quantiles,5,0.1,position_rmse_m,ALL,0.02418848016098704,8.3194436277716e-05,0.02409806994689269,0.02426180659656128,3,17,2582
interval,Hold,ALL,horizon_specific_train_quantiles,5,0.1,position_rmse_m,Sep17,0.012996127696390525,0.00015463918921460973,0.012851864750886713,0.013159387818626965,3,8,1101
interval,Hold,ALL,horizon_specific_train_quantiles,5,0.1,position_rmse_m,Sep7,0.03413723790729506,4.6204906060925506e-05,0.03409469678778689,0.034186393646039835,3,9,1481
interval,Hold,ALL,horizon_specific_train_quantiles,5,0.1,velocity_rmse_m_s,ALL,0.10903258731554184,0.0032060258998203883,0.10611896606970939,0.11246720240230035,3,17,2582
interval,Hold,ALL,horizon_specific_train_quantiles,5,0.1,velocity_rmse_m_s,Sep17,0.11490064849966246,0.004082648799705631,0.11223797220549282,0.119601057354834,3,8,1101
interval,Hold,ALL,horizon_specific_train_quantiles,5,0.1,velocity_rmse_m_s,Sep7,0.10381653292965691,0.0028157327666993846,0.10067984950456857,0.10612599800004822,3,9,1481
interval,Hold,ALL,horizon_specific_train_quantiles,10,0.2,attitude_error_deg,ALL,1.6542651193522293,0.017777259118021183,1.6339641854334077,1.667049025748384,3,17,2582
interval,Hold,ALL,horizon_specific_train_quantiles,10,0.2,attitude_error_deg,Sep17,1.7967043808191263,0.01823005823190893,1.7756549321986312,1.8073889729455643,3,8,1101
interval,Hold,ALL,horizon_specific_train_quantiles,10,0.2,attitude_error_deg,Sep7,1.527652442492765,0.01775794355089179,1.508016854975431,1.542586615468563,3,9,1481
interval,Hold,ALL,horizon_specific_train_quantiles,10,0.2,body_rate_rmse_rad_s,ALL,0.5564030577251698,0.0014983970529607582,0.5549824884274591,0.5579687258442435,3,17,2582
interval,Hold,ALL,horizon_specific_train_quantiles,10,0.2,body_rate_rmse_rad_s,Sep17,0.5333673789671619,0.0006119091994809672,0.5329780815278901,0.5340726826546986,3,8,1101
interval,Hold,ALL,horizon_specific_train_quantiles,10,0.2,body_rate_rmse_rad_s,Sep7,0.5768792166211768,0.002367240401307765,0.5744768135017364,0.579209653123839,3,9,1481
interval,Hold,ALL,horizon_specific_train_quantiles,10,0.2,position_rmse_m,ALL,0.0441052395541088,0.000284580311199393,0.04382205967913427,0.04439119992599799,3,17,2582
interval,Hold,ALL,horizon_specific_train_quantiles,10,0.2,position_rmse_m,Sep17,0.024826081448190918,0.0005109414959918696,0.024402685973290105,0.025393606975733028,3,8,1101
interval,Hold,ALL,horizon_specific_train_quantiles,10,0.2,position_rmse_m,Sep7,0.06124226898159133,0.00014405669674540957,0.06108372519544019,0.06136513253421142,3,9,1481
interval,Hold,ALL,horizon_specific_train_quantiles,10,0.2,velocity_rmse_m_s,ALL,0.155378380539926,0.004026668182640545,0.15155125125483226,0.15957861694061246,3,17,2582
interval,Hold,ALL,horizon_specific_train_quantiles,10,0.2,velocity_rmse_m_s,Sep17,0.17578528454633757,0.003535888859477569,0.17342101554575998,0.1798501580386717,3,8,1101
interval,Hold,ALL,horizon_specific_train_quantiles,10,0.2,velocity_rmse_m_s,Sep7,0.13723891031200464,0.004775407892438603,0.13211146077400765,0.14155946929789318,3,9,1481
interval,Hold,ALL,horizon_specific_train_quantiles,25,0.5,attitude_error_deg,ALL,3.0552032640321607,0.030629175699255863,3.0199627615167595,3.0754170921370663,3,17,2582
interval,Hold,ALL,horizon_specific_train_quantiles,25,0.5,attitude_error_deg,Sep17,3.445254687525931,0.04833426554934536,3.389494389453455,3.4752068151687454,3,8,1101
interval,Hold,ALL,horizon_specific_train_quantiles,25,0.5,attitude_error_deg,Sep7,2.7084908875932547,0.015037088847158736,2.6914902033508077,2.72004844944224,3,9,1481
interval,Hold,ALL,horizon_specific_train_quantiles,25,0.5,body_rate_rmse_rad_s,ALL,0.5879719605680197,0.004273467881352822,0.583282234000294,0.5916462508987452,3,17,2582
interval,Hold,ALL,horizon_specific_train_quantiles,25,0.5,body_rate_rmse_rad_s,Sep17,0.5750600814585233,0.005075998302186245,0.5693452084218285,0.5790448725770926,3,8,1101
interval,Hold,ALL,horizon_specific_train_quantiles,25,0.5,body_rate_rmse_rad_s,Sep7,0.5994491864431276,0.003603461669384033,0.5956707011811522,0.6028474760735476,3,9,1481
interval,Hold,ALL,horizon_specific_train_quantiles,25,0.5,position_rmse_m,ALL,0.114332321939187,0.0010741734667843801,0.11333736677145947,0.11547120173492939,3,17,2582
interval,Hold,ALL,horizon_specific_train_quantiles,25,0.5,position_rmse_m,Sep17,0.07742538587098124,0.002077924459190625,0.07601286403115284,0.079811336225615,3,8,1101
interval,Hold,ALL,horizon_specific_train_quantiles,25,0.5,position_rmse_m,Sep7,0.1471384873331477,0.0006091666258521498,0.1465147025406209,0.14773189949339105,3,9,1481
interval,Hold,ALL,horizon_specific_train_quantiles,25,0.5,velocity_rmse_m_s,ALL,0.27196663072412436,0.004485367767728286,0.2693052452898166,0.27714521827992916,3,17,2582
interval,Hold,ALL,horizon_specific_train_quantiles,25,0.5,velocity_rmse_m_s,Sep17,0.3144674998881063,0.007387938717517513,0.3095287840137007,0.3229608475852369,3,8,1101
interval,Hold,ALL,horizon_specific_train_quantiles,25,0.5,velocity_rmse_m_s,Sep7,0.23418808035614033,0.002073957837233226,0.23232069171153677,0.236420214452989,3,9,1481
interval,Hold,ALL,horizon_specific_train_quantiles,50,1.0,attitude_error_deg,ALL,5.1290588942183195,0.08253089738101917,5.034271360924967,5.184987394114341,3,17,2582
interval,Hold,ALL,horizon_specific_train_quantiles,50,1.0,attitude_error_deg,Sep17,5.695447415593222,0.12079419071139676,5.556578499898285,5.77618694751854,3,8,1101
interval,Hold,ALL,horizon_specific_train_quantiles,50,1.0,attitude_error_deg,Sep7,4.625602430773962,0.048535885534521206,4.569998348504239,4.659476679977274,3,9,1481
interval,Hold,ALL,horizon_specific_train_quantiles,50,1.0,body_rate_rmse_rad_s,ALL,0.6589686212041501,0.006275281954926504,0.6523228145077982,0.664792345143626,3,17,2582
interval,Hold,ALL,horizon_specific_train_quantiles,50,1.0,body_rate_rmse_rad_s,Sep17,0.6779003312540369,0.005442091375486698,0.6725487819992373,0.6834286571902193,3,8,1101
interval,Hold,ALL,horizon_specific_train_quantiles,50,1.0,body_rate_rmse_rad_s,Sep7,0.6421404344931394,0.007097486798221131,0.6343441767376299,0.648226734435543,3,9,1481
interval,Hold,ALL,horizon_specific_train_quantiles,50,1.0,position_rmse_m,ALL,0.27809292787783496,0.00374636165318702,0.27481173527938707,0.2821749493725929,3,17,2582
interval,Hold,ALL,horizon_specific_train_quantiles,50,1.0,position_rmse_m,Sep17,0.22479800889479165,0.0072203973816368115,0.22000248428448574,0.23310223766753,3,8,1101
interval,Hold,ALL,horizon_specific_train_quantiles,50,1.0,position_rmse_m,Sep7,0.32546618919609566,0.002928375561939425,0.3223872290989674,0.32821620093444864,3,9,1481
interval,Hold,ALL,horizon_specific_train_quantiles,50,1.0,velocity_rmse_m_s,ALL,0.5001819369722743,0.006521058320689001,0.4950257443228446,0.5075123442762184,3,17,2582
interval,Hold,ALL,horizon_specific_train_quantiles,50,1.0,velocity_rmse_m_s,Sep17,0.5707984423820441,0.01088566837256603,0.5624314853307437,0.5831055468341976,3,8,1101
interval,Hold,ALL,horizon_specific_train_quantiles,50,1.0,velocity_rmse_m_s,Sep7,0.4374117099413679,0.0054056600769945996,0.431174588182092,0.4407421551951081,3,9,1481
interval,Hold,high,horizon_specific_train_quantiles,5,0.1,attitude_error_deg,ALL,1.2961341592567523,0.007743996479069818,1.2876492229483367,1.302820778255209,3,17,608
interval,Hold,high,horizon_specific_train_quantiles,5,0.1,attitude_error_deg,Sep17,1.3582181134275146,0.004117804510616603,1.3549204786062892,1.3628334974439926,3,8,294
interval,Hold,high,horizon_specific_train_quantiles,5,0.1,attitude_error_deg,Sep7,1.2409484222160747,0.01151285851270254,1.2278525512523788,1.2494761389762905,3,9,314
interval,Hold,high,horizon_specific_train_quantiles,5,0.1,body_rate_rmse_rad_s,ALL,0.5882895480110543,0.0010412605274402352,0.587091127026205,0.5889728051768808,3,17,608
interval,Hold,high,horizon_specific_train_quantiles,5,0.1,body_rate_rmse_rad_s,Sep17,0.5877158249032514,0.0007718489222104023,0.5870786761688522,0.5885741046311873,3,8,294
interval,Hold,high,horizon_specific_train_quantiles,5,0.1,body_rate_rmse_rad_s,Sep7,0.5887995241068791,0.0018602858276356837,0.58673240090753,0.5903389657511657,3,9,314
interval,Hold,high,horizon_specific_train_quantiles,5,0.1,position_rmse_m,ALL,0.027514469401010034,0.00010362624661268606,0.027399221709331616,0.027599965745107032,3,17,608
interval,Hold,high,horizon_specific_train_quantiles,5,0.1,position_rmse_m,Sep17,0.014335519715662562,0.00016614939478218742,0.0141567800682891,0.01448526109911956,3,8,294
interval,Hold,high,horizon_specific_train_quantiles,5,0.1,position_rmse_m,Sep7,0.03922909134354111,5.094142239348795e-05,0.039170280945813846,0.03925951209882472,3,9,314
interval,Hold,high,horizon_specific_train_quantiles,5,0.1,velocity_rmse_m_s,ALL,0.14617763035818546,0.004561646344934763,0.14204356540788415,0.15107145387907586,3,17,608
interval,Hold,high,horizon_specific_train_quantiles,5,0.1,velocity_rmse_m_s,Sep17,0.15395454495317465,0.006117035637431476,0.15039058315759393,0.16101779058863322,3,8,294
interval,Hold,high,horizon_specific_train_quantiles,5,0.1,velocity_rmse_m_s,Sep7,0.1392648173848617,0.004070504026524366,0.13462399407480877,0.14223026569280264,3,9,314
interval,Hold,high,horizon_specific_train_quantiles,10,0.2,attitude_error_deg,ALL,2.1001879843997378,0.030867842905618652,2.0730314819895006,2.133759159560047,3,17,503
interval,Hold,high,horizon_specific_train_quantiles,10,0.2,attitude_error_deg,Sep17,2.3943235105653806,0.04490092263079124,2.3543179360751436,2.442887781672089,3,8,272
interval,Hold,high,horizon_specific_train_quantiles,10,0.2,attitude_error_deg,Sep7,1.8387341833636108,0.01840845116086319,1.8229990783578183,1.8589781621271204,3,9,231
interval,Hold,high,horizon_specific_train_quantiles,10,0.2,body_rate_rmse_rad_s,ALL,0.614943801425419,0.001619214218151995,0.613105843672731,0.6161599135357945,3,17,503
interval,Hold,high,horizon_specific_train_quantiles,10,0.2,body_rate_rmse_rad_s,Sep17,0.6177082518193573,0.0023798349014626115,0.6154061401591068,0.6201588558732987,3,8,272
interval,Hold,high,horizon_specific_train_quantiles,10,0.2,body_rate_rmse_rad_s,Sep7,0.6124865121863629,0.002114195344048821,0.6110611356848415,0.6149156060781306,3,9,231
interval,Hold,high,horizon_specific_train_quantiles,10,0.2,position_rmse_m,ALL,0.05221491030886139,0.0004887083794636051,0.051747009892540656,0.052722059675993936,3,17,503
interval,Hold,high,horizon_specific_train_quantiles,10,0.2,position_rmse_m,Sep17,0.030394233309046132,0.0006555932355082364,0.029816814838306407,0.031106904126025233,3,8,272
interval,Hold,high,horizon_specific_train_quantiles,10,0.2,position_rmse_m,Sep7,0.07161106764203051,0.00034979191493107617,0.07124051660741555,0.07193553127596612,3,9,231
interval,Hold,high,horizon_specific_train_quantiles,10,0.2,velocity_rmse_m_s,ALL,0.21632085664919334,0.0037305137080280264,0.21224575621325376,0.21956749737392378,3,17,503
interval,Hold,high,horizon_specific_train_quantiles,10,0.2,velocity_rmse_m_s,Sep17,0.24284611083293436,0.005255182636424631,0.2383052627620993,0.2486025739731776,3,8,272
interval,Hold,high,horizon_specific_train_quantiles,10,0.2,velocity_rmse_m_s,Sep7,0.19274285293031249,0.0032736458060623214,0.18908175039205768,0.19538826800207046,3,9,231
interval,Hold,high,horizon_specific_train_quantiles,25,0.5,attitude_error_deg,ALL,3.941460888896335,0.013114601346435838,3.9263522340009747,3.9499035737696158,3,17,454
interval,Hold,high,horizon_specific_train_quantiles,25,0.5,attitude_error_deg,Sep17,4.611248277730639,0.055776045517369775,4.551832646283385,4.662480598288264,3,8,269
interval,Hold,high,horizon_specific_train_quantiles,25,0.5,attitude_error_deg,Sep7,3.346094321043619,0.027324742019555856,3.316501774197485,3.370369645305499,3,9,185
interval,Hold,high,horizon_specific_train_quantiles,25,0.5,body_rate_rmse_rad_s,ALL,0.6507613301513556,0.0036672585035901336,0.6471080017823425,0.6544423618299898,3,17,454
interval,Hold,high,horizon_specific_train_quantiles,25,0.5,body_rate_rmse_rad_s,Sep17,0.6631254340250307,0.004103453782686069,0.6605138462995408,0.6678551204256181,3,8,269
interval,Hold,high,horizon_specific_train_quantiles,25,0.5,body_rate_rmse_rad_s,Sep7,0.6397710155969779,0.004352312545769531,0.634753038611151,0.6425199097449869,3,9,185
interval,Hold,high,horizon_specific_train_quantiles,25,0.5,position_rmse_m,ALL,0.13578298628961058,0.0013166783239733993,0.13445286996867628,0.1370858020360064,3,17,454
interval,Hold,high,horizon_specific_train_quantiles,25,0.5,position_rmse_m,Sep17,0.10097315056025657,0.0019530098879900783,0.09963139910471248,0.10321374756782513,3,8,269
interval,Hold,high,horizon_specific_train_quantiles,25,0.5,position_rmse_m,Sep7,0.16672506249348076,0.0015336679137023421,0.16501159437796,0.16796929820587037,3,9,185
interval,Hold,high,horizon_specific_train_quantiles,25,0.5,velocity_rmse_m_s,ALL,0.3905446149100223,0.0031231493675865393,0.3879013542724663,0.39399084916217625,3,17,454
interval,Hold,high,horizon_specific_train_quantiles,25,0.5,velocity_rmse_m_s,Sep17,0.44420347319567544,0.006172247342992288,0.43770825505853356,0.4499918977389086,3,8,269
interval,Hold,high,horizon_specific_train_quantiles,25,0.5,velocity_rmse_m_s,Sep7,0.34284785198944173,0.005078298678879979,0.33722676536836144,0.3471046512837718,3,9,185
interval,Hold,high,horizon_specific_train_quantiles,50,1.0,attitude_error_deg,ALL,6.663091746004646,0.007446026959806677,6.6585325539631555,6.671684316239879,3,17,468
interval,Hold,high,horizon_specific_train_quantiles,50,1.0,attitude_error_deg,Sep17,7.343795304188937,0.06458905128214884,7.269696604248631,7.388178312584149,3,8,273
interval,Hold,high,horizon_specific_train_quantiles,50,1.0,attitude_error_deg,Sep7,6.058021916507499,0.07144243287663267,6.0099585463000516,6.140117838009876,3,9,195
interval,Hold,high,horizon_specific_train_quantiles,50,1.0,body_rate_rmse_rad_s,ALL,0.7350879484409324,0.004004092082916507,0.7309418551300094,0.7389330521218066,3,17,468
interval,Hold,high,horizon_specific_train_quantiles,50,1.0,body_rate_rmse_rad_s,Sep17,0.7715594292405791,0.003775142500315096,0.7692214215339164,0.7759146519926013,3,8,273
interval,Hold,high,horizon_specific_train_quantiles,50,1.0,body_rate_rmse_rad_s,Sep7,0.7026688543968017,0.005009034586418058,0.696915573882092,0.7060605189033223,3,9,195
interval,Hold,high,horizon_specific_train_quantiles,50,1.0,position_rmse_m,ALL,0.35592170474212054,0.0018911550948767732,0.3538048397106676,0.35744449640962217,3,17,468
interval,Hold,high,horizon_specific_train_quantiles,50,1.0,position_rmse_m,Sep17,0.2966381148223279,0.005174918990135133,0.2911004169725053,0.3013512408487641,3,8,273
interval,Hold,high,horizon_specific_train_quantiles,50,1.0,position_rmse_m,Sep7,0.4086182291152695,0.00550669655956419,0.40388675354618164,0.41466276578035305,3,9,195
interval,Hold,high,horizon_specific_train_quantiles,50,1.0,velocity_rmse_m_s,ALL,0.6932821028929207,0.00454909437848751,0.6892302654471072,0.6982030552337521,3,17,468
interval,Hold,high,horizon_specific_train_quantiles,50,1.0,velocity_rmse_m_s,Sep17,0.7589622707319617,0.008971604130393773,0.7522484886453686,0.7691516963154421,3,8,273
interval,Hold,high,horizon_specific_train_quantiles,50,1.0,velocity_rmse_m_s,Sep7,0.6348997314804398,0.011633715760793825,0.6242008028267564,0.6472843245659103,3,9,195
interval,Hold,low,horizon_specific_train_quantiles,5,0.1,attitude_error_deg,ALL,0.9379324228681662,0.016387290734844184,0.9191595349918034,0.9493749086868654,3,17,684
interval,Hold,low,horizon_specific_train_quantiles,5,0.1,attitude_error_deg,Sep17,0.9129261776370566,0.013970397997214426,0.8970497089827785,0.9233393518630348,3,8,228
interval,Hold,low,horizon_specific_train_quantiles,5,0.1,attitude_error_deg,Sep7,0.9601601964069303,0.018563972368204187,0.9388127136664921,0.9725176258636036,3,9,456
interval,Hold,low,horizon_specific_train_quantiles,5,0.1,body_rate_rmse_rad_s,ALL,0.4794283489437869,0.004414865748448754,0.47444680615914014,0.48285678402335463,3,17,684
interval,Hold,low,horizon_specific_train_quantiles,5,0.1,body_rate_rmse_rad_s,Sep17,0.44088052585161064,0.004658421563645761,0.4359720647843031,0.44524031376505774,3,8,228
interval,Hold,low,horizon_specific_train_quantiles,5,0.1,body_rate_rmse_rad_s,Sep7,0.5136930805812768,0.004371084732206415,0.5086465762701065,0.5162936464751742,3,9,456
interval,Hold,low,horizon_specific_train_quantiles,5,0.1,position_rmse_m,ALL,0.020534411015781018,5.2314951315789626e-05,0.020477051295581663,0.02057949974559077,3,17,684
interval,Hold,low,horizon_specific_train_quantiles,5,0.1,position_rmse_m,Sep17,0.011803329950187853,0.0001460366556987374,0.011699818886591181,0.01197037121220674,3,8,228
interval,Hold,low,horizon_specific_train_quantiles,5,0.1,position_rmse_m,Sep7,0.028295371962974946,7.286827627658881e-05,0.02823205844193213,0.028375021787863948,3,9,456
interval,Hold,low,horizon_specific_train_quantiles,5,0.1,velocity_rmse_m_s,ALL,0.08595041977616519,0.002551040869339481,0.0831187522795096,0.0880691432088166,3,17,684
interval,Hold,low,horizon_specific_train_quantiles,5,0.1,velocity_rmse_m_s,Sep17,0.08996540922752577,0.0029292674311217144,0.08686029996626368,0.0926795705212527,3,8,228
interval,Hold,low,horizon_specific_train_quantiles,5,0.1,velocity_rmse_m_s,Sep7,0.08238154026384466,0.002261145169956026,0.07979293211350597,0.08397098559776228,3,9,456
interval,Hold,low,horizon_specific_train_quantiles,10,0.2,attitude_error_deg,ALL,1.3886842202042378,0.02296131083757466,1.3650156993063127,1.4108660713997503,3,17,787
interval,Hold,low,horizon_specific_train_quantiles,10,0.2,attitude_error_deg,Sep17,1.3884022393484543,0.02810914691815039,1.3670344018342797,1.4202447445527038,3,8,240
interval,Hold,low,horizon_specific_train_quantiles,10,0.2,attitude_error_deg,Sep7,1.3889348698538233,0.02228082680273282,1.3632212970592308,1.4025294730415692,3,9,547
interval,Hold,low,horizon_specific_train_quantiles,10,0.2,body_rate_rmse_rad_s,ALL,0.5264399013731779,0.0009038161827385342,0.5255171157406613,0.527323471521248,3,17,787
interval,Hold,low,horizon_specific_train_quantiles,10,0.2,body_rate_rmse_rad_s,Sep17,0.4861765064382402,0.0012822351494210435,0.48483751669705877,0.48739322780048583,3,8,240
interval,Hold,low,horizon_specific_train_quantiles,10,0.2,body_rate_rmse_rad_s,Sep7,0.5622295857597891,0.0024506220843393323,0.5594050161319284,0.5637898685915342,3,9,547
interval,Hold,low,horizon_specific_train_quantiles,10,0.2,position_rmse_m,ALL,0.04179122801683397,0.00019471232473403788,0.0415736839475169,0.04194918158087152,3,17,787
interval,Hold,low,horizon_specific_train_quantiles,10,0.2,position_rmse_m,Sep17,0.022458808182062782,0.0004361872455610983,0.022055427522453066,0.02292169258871434,3,8,240
interval,Hold,low,horizon_specific_train_quantiles,10,0.2,position_rmse_m,Sep7,0.058975601203297257,0.000146468864653718,0.058862505129455664,0.0591410532661958,3,9,547
interval,Hold,low,horizon_specific_train_quantiles,10,0.2,velocity_rmse_m_s,ALL,0.1251718407787645,0.0019364164407561866,0.12294031012727456,0.12640972017260402,3,17,787
interval,Hold,low,horizon_specific_train_quantiles,10,0.2,velocity_rmse_m_s,Sep17,0.13812935702618442,0.0022182039925932144,0.13676038875738208,0.14068864071307532,3,8,240
interval,Hold,low,horizon_specific_train_quantiles,10,0.2,velocity_rmse_m_s,Sep7,0.11365404855883565,0.0033737215679035663,0.11049699325543345,0.11720912587502351,3,9,547
interval,Hold,low,horizon_specific_train_quantiles,25,0.5,attitude_error_deg,ALL,2.453817974155894,0.04748755962766414,2.401308718730359,2.493752948734983,3,17,888
interval,Hold,low,horizon_specific_train_quantiles,25,0.5,attitude_error_deg,Sep17,2.4606715609158347,0.08187981302456718,2.3725132668315507,2.534337701199091,3,8,201
interval,Hold,low,horizon_specific_train_quantiles,25,0.5,attitude_error_deg,Sep7,2.4477258970359475,0.018037544703216703,2.4269046759737445,2.4585954019227647,3,9,687
interval,Hold,low,horizon_specific_train_quantiles,25,0.5,body_rate_rmse_rad_s,ALL,0.5544839646813817,0.005648822049500672,0.5481392777268207,0.5589669954338703,3,17,888
interval,Hold,low,horizon_specific_train_quantiles,25,0.5,body_rate_rmse_rad_s,Sep17,0.5256764676133893,0.00857468807899454,0.5158850399628055,0.531845458342811,3,8,201
interval,Hold,low,horizon_specific_train_quantiles,25,0.5,body_rate_rmse_rad_s,Sep7,0.5800906287418194,0.0031431658747712583,0.576809711294834,0.5830750284037007,3,9,687
interval,Hold,low,horizon_specific_train_quantiles,25,0.5,position_rmse_m,ALL,0.1075036671780208,0.0017788876382832306,0.10586350480822804,0.10939465535242361,3,17,888
interval,Hold,low,horizon_specific_train_quantiles,25,0.5,position_rmse_m,Sep17,0.06893635962144375,0.0036753224540543566,0.06597687589481026,0.0730503162055302,3,8,201
interval,Hold,low,horizon_specific_train_quantiles,25,0.5,position_rmse_m,Sep7,0.14178571833942263,0.0005152080297417766,0.1413182860645994,0.14233813435956186,3,9,687
interval,Hold,low,horizon_specific_train_quantiles,25,0.5,velocity_rmse_m_s,ALL,0.21471564140749974,0.0079981214444614,0.20944836010332224,0.22391904289141104,3,17,888
interval,Hold,low,horizon_specific_train_quantiles,25,0.5,velocity_rmse_m_s,Sep17,0.2378935450569385,0.01674540392016274,0.2262144312698246,0.25707878583368915,3,8,201
interval,Hold,low,horizon_specific_train_quantiles,25,0.5,velocity_rmse_m_s,Sep7,0.19411306038577636,0.0006625329720322823,0.1933502795926229,0.19454518573309793,3,9,687
interval,Hold,low,horizon_specific_train_quantiles,50,1.0,attitude_error_deg,ALL,4.272344758312763,0.1548883275595766,4.096557651540006,4.388778876401862,3,17,926
interval,Hold,low,horizon_specific_train_quantiles,50,1.0,attitude_error_deg,Sep17,4.4082912138592345,0.2483001759548416,4.130802488736297,4.609509434565053,3,8,208
interval,Hold,low,horizon_specific_train_quantiles,50,1.0,attitude_error_deg,Sep7,4.151503464493679,0.07396395281863476,4.066117796254415,4.195818661414263,3,9,718
interval,Hold,low,horizon_specific_train_quantiles,50,1.0,body_rate_rmse_rad_s,ALL,0.5996803270075574,0.010263730546219239,0.5889640677330237,0.6094220060167512,3,17,926
interval,Hold,low,horizon_specific_train_quantiles,50,1.0,body_rate_rmse_rad_s,Sep17,0.5898371587906913,0.012819961666787102,0.5771854919906718,0.602819035499143,3,8,208
interval,Hold,low,horizon_specific_train_quantiles,50,1.0,body_rate_rmse_rad_s,Sep7,0.6084298098669939,0.008141315227754336,0.5994339128373365,0.6152913131435143,3,9,718
interval,Hold,low,horizon_specific_train_quantiles,50,1.0,position_rmse_m,ALL,0.2594716059971713,0.00731735495628542,0.2534239902091948,0.2676055451044493,3,17,926
interval,Hold,low,horizon_specific_train_quantiles,50,1.0,position_rmse_m,Sep17,0.18916230206501036,0.014786621581239378,0.18022457181020937,0.20623005250842533,3,8,208
interval,Hold,low,horizon_specific_train_quantiles,50,1.0,position_rmse_m,Sep7,0.321968765047981,0.003386356138006044,0.31849013989718183,0.32525461672362405,3,9,718
interval,Hold,low,horizon_specific_train_quantiles,50,1.0,velocity_rmse_m_s,ALL,0.39963960911339974,0.020281374272109184,0.38509865774941043,0.42280834546874935,3,17,926
interval,Hold,low,horizon_specific_train_quantiles,50,1.0,velocity_rmse_m_s,Sep17,0.4317439352796384,0.03912408465084382,0.4090474348397881,0.4769203638514095,3,8,208
interval,Hold,low,horizon_specific_train_quantiles,50,1.0,velocity_rmse_m_s,Sep7,0.3711024302989654,0.006482826482431689,0.3636183471731374,0.3749801701507072,3,9,718
interval,Hold,middle,horizon_specific_train_quantiles,5,0.1,attitude_error_deg,ALL,1.042596313338168,0.01676200337351303,1.0321102365781794,1.061928226858903,3,17,1290
interval,Hold,middle,horizon_specific_train_quantiles,5,0.1,attitude_error_deg,Sep17,1.0380485388489908,0.005459428261527809,1.0341557568848514,1.044289116992506,3,8,579
interval,Hold,middle,horizon_specific_train_quantiles,5,0.1,attitude_error_deg,Sep7,1.0466387795507697,0.02683350654411023,1.030291996305582,1.077607435629034,3,9,711
interval,Hold,middle,horizon_specific_train_quantiles,5,0.1,body_rate_rmse_rad_s,ALL,0.5421233701397689,0.001672623935830413,0.540866225347942,0.5440217303368522,3,17,1290
interval,Hold,middle,horizon_specific_train_quantiles,5,0.1,body_rate_rmse_rad_s,Sep17,0.5112370921179193,0.0011217642296306434,0.5105311286295223,0.5125305878979868,3,8,579
interval,Hold,middle,horizon_specific_train_quantiles,5,0.1,body_rate_rmse_rad_s,Sep7,0.5695778394925243,0.003914582345773389,0.5660534586367912,0.573791154076701,3,9,711
interval,Hold,middle,horizon_specific_train_quantiles,5,0.1,position_rmse_m,ALL,0.023776135692265124,7.670459297102461e-05,0.0236941207432371,0.02384610444583926,3,17,1290
interval,Hold,middle,horizon_specific_train_quantiles,5,0.1,position_rmse_m,Sep17,0.012492622850356613,0.00016099968175286626,0.012340577943283675,0.012661287935545095,3,8,579
interval,Hold,middle,horizon_specific_train_quantiles,5,0.1,position_rmse_m,Sep7,0.0338059248850727,3.251515063268691e-05,0.033786158787640144,0.03384345230147719,3,9,711
interval,Hold,middle,horizon_specific_train_quantiles,5,0.1,velocity_rmse_m_s,ALL,0.09122869553711967,0.003081400118561222,0.08841754887870469,0.0945232150114914,3,17,1290
interval,Hold,middle,horizon_specific_train_quantiles,5,0.1,velocity_rmse_m_s,Sep17,0.09785007511721568,0.003893230434408391,0.0951386567154893,0.10231116688766485,3,8,579
interval,Hold,middle,horizon_specific_train_quantiles,5,0.1,velocity_rmse_m_s,Sep7,0.08534302479925655,0.0032738021405507804,0.08158834632778184,0.08760059112155943,3,9,711
interval,Hold,middle,horizon_specific_train_quantiles,10,0.2,attitude_error_deg,ALL,1.5693244807293298,0.01762741368822902,1.5573857567220866,1.589570602349374,3,17,1292
interval,Hold,middle,horizon_specific_train_quantiles,10,0.2,attitude_error_deg,Sep17,1.6112145300587628,0.01414022465401357,1.6016519938784248,1.6274572282349102,3,8,589
interval,Hold,middle,horizon_specific_train_quantiles,10,0.2,attitude_error_deg,Sep7,1.5320888813253888,0.021146835933192158,1.5154758799746493,1.5558936015622307,3,9,703
interval,Hold,middle,horizon_specific_train_quantiles,10,0.2,body_rate_rmse_rad_s,ALL,0.545173277642474,0.002234289113108429,0.5438080296268998,0.5477517184222443,3,17,1292
interval,Hold,middle,horizon_specific_train_quantiles,10,0.2,body_rate_rmse_rad_s,Sep17,0.5106007206815244,0.00036485801539474263,0.5101835836553574,0.5108604643589771,3,8,589
interval,Hold,middle,horizon_specific_train_quantiles,10,0.2,body_rate_rmse_rad_s,Sep7,0.5759044393855405,0.0040376873125029565,0.5731857323794876,0.5805439442562597,3,9,703
interval,Hold,middle,horizon_specific_train_quantiles,10,0.2,position_rmse_m,ALL,0.04013357143027892,0.0002762816533436727,0.039872337198956546,0.04042277309519813,3,17,1292
interval,Hold,middle,horizon_specific_train_quantiles,10,0.2,position_rmse_m,Sep17,0.022185410107146416,0.00046159289999543325,0.021794274311922365,0.022694550321133836,3,8,589
interval,Hold,middle,horizon_specific_train_quantiles,10,0.2,position_rmse_m,Sep7,0.0560874926063967,0.00012794220404379743,0.05594172643187582,0.05618119333881084,3,9,703
interval,Hold,middle,horizon_specific_train_quantiles,10,0.2,velocity_rmse_m_s,ALL,0.13362313417067195,0.006069323620619535,0.12840209351366766,0.14028238764118794,3,17,1292
interval,Hold,middle,horizon_specific_train_quantiles,10,0.2,velocity_rmse_m_s,Sep17,0.1454607990031251,0.0032190577479924588,0.14303204210513137,0.14911201715401995,3,8,589
interval,Hold,middle,horizon_specific_train_quantiles,10,0.2,velocity_rmse_m_s,Sep7,0.12310076543071358,0.009067072225773213,0.11432543197006202,0.13243382807422618,3,9,703
interval,Hold,middle,horizon_specific_train_quantiles,25,0.5,attitude_error_deg,ALL,2.935843596102655,0.028677564460067657,2.9034254170389824,2.9579006727247723,3,17,1240
interval,Hold,middle,horizon_specific_train_quantiles,25,0.5,attitude_error_deg,Sep17,3.1182595008086267,0.040935939844124865,3.071057128574553,3.1440293760524813,3,8,631
interval,Hold,middle,horizon_specific_train_quantiles,25,0.5,attitude_error_deg,Sep7,2.773696125252901,0.02114273540205412,2.7544194512295856,2.7963083837700404,3,9,609
interval,Hold,middle,horizon_specific_train_quantiles,25,0.5,body_rate_rmse_rad_s,ALL,0.5802430834101073,0.004737064252172524,0.5749435665308364,0.5840659225647633,3,17,1240
interval,Hold,middle,horizon_specific_train_quantiles,25,0.5,body_rate_rmse_rad_s,Sep17,0.5508909773693871,0.005445734398949682,0.5446045379487774,0.5541627766354433,3,8,631
interval,Hold,middle,horizon_specific_train_quantiles,25,0.5,body_rate_rmse_rad_s,Sep7,0.606333844335192,0.004482929783989353,0.6019115919371111,0.6108750826010502,3,9,609
interval,Hold,middle,horizon_specific_train_quantiles,25,0.5,position_rmse_m,ALL,0.10862518740842415,0.0008639391743549528,0.10786801296861835,0.10956627444856143,3,17,1240
interval,Hold,middle,horizon_specific_train_quantiles,25,0.5,position_rmse_m,Sep17,0.06587291358938689,0.001648699528495146,0.0646921287502002,0.06775656565341373,3,8,631
interval,Hold,middle,horizon_specific_train_quantiles,25,0.5,position_rmse_m,Sep7,0.14662720858090175,0.00034094087857802514,0.14624657671832336,0.1469045889801336,3,9,609
interval,Hold,middle,horizon_specific_train_quantiles,25,0.5,velocity_rmse_m_s,ALL,0.2458316644387001,0.004608092721551388,0.2425436482144379,0.25109868656021017,3,17,1240
interval,Hold,middle,horizon_specific_train_quantiles,25,0.5,velocity_rmse_m_s,Sep17,0.26390622559745863,0.005853905495423757,0.26041238146664786,0.27066443486692165,3,8,631
interval,Hold,middle,horizon_specific_train_quantiles,25,0.5,velocity_rmse_m_s,Sep7,0.22976538785313694,0.0035969888393486966,0.22666032976802913,0.2337069102875777,3,9,609
interval,Hold,middle,horizon_specific_train_quantiles,50,1.0,attitude_error_deg,ALL,4.9065015237861545,0.08903729883262297,4.8040736808473286,4.965399410806265,3,17,1188
interval,Hold,middle,horizon_specific_train_quantiles,50,1.0,attitude_error_deg,Sep17,5.209500229127477,0.12267963283766348,5.068281478289738,5.289765722920487,3,8,620
interval,Hold,middle,horizon_specific_train_quantiles,50,1.0,attitude_error_deg,Sep7,4.637169341260535,0.05914199714655486,4.569222305342965,4.67707380003807,3,9,568
interval,Hold,middle,horizon_specific_train_quantiles,50,1.0,body_rate_rmse_rad_s,ALL,0.6589365699424503,0.005914034546448052,0.6526652508069911,0.664412896475491,3,17,1188
interval,Hold,middle,horizon_specific_train_quantiles,50,1.0,body_rate_rmse_rad_s,Sep17,0.6625462726853738,0.004338412247910878,0.6579386804920594,0.6665528287380741,3,8,620
interval,Hold,middle,horizon_specific_train_quantiles,50,1.0,body_rate_rmse_rad_s,Sep7,0.6557279452820738,0.007314625601405574,0.6479777577535972,0.662510734464306,3,9,568
interval,Hold,middle,horizon_specific_train_quantiles,50,1.0,position_rmse_m,ALL,0.24753242631081163,0.0035108594672992764,0.24490431401941926,0.25151966474303433,3,17,1188
interval,Hold,middle,horizon_specific_train_quantiles,50,1.0,position_rmse_m,Sep17,0.19393627232993116,0.006983672507587399,0.18971588520531882,0.20199734238919445,3,8,620
interval,Hold,middle,horizon_specific_train_quantiles,50,1.0,position_rmse_m,Sep7,0.29517345207159423,0.00140351492568278,0.29362318035198737,0.29635766902745897,3,9,568
interval,Hold,middle,horizon_specific_train_quantiles,50,1.0,velocity_rmse_m_s,ALL,0.4646689062174391,0.007360864358114292,0.4604055042677255,0.47316848572128345,3,17,1188
interval,Hold,middle,horizon_specific_train_quantiles,50,1.0,velocity_rmse_m_s,Sep17,0.5075891741417967,0.012662114498034423,0.49994341383785806,0.5222049179356533,3,8,620
interval,Hold,middle,horizon_specific_train_quantiles,50,1.0,velocity_rmse_m_s,Sep7,0.4265175569513433,0.0026668051637454447,0.4247114291179122,0.4295805459751768,3,9,568
