kind,condition,seed,group,group_rule,step,horizon_s,metric,cohort,value,n_flights,n_origins
endpoint,Actual,17,ALL,horizon_specific_train_quantiles,5,0.1,attitude_error_deg,ALL,1.3845081999116717,17,2582
endpoint,Actual,17,ALL,horizon_specific_train_quantiles,5,0.1,attitude_error_deg,Sep17,1.4554005293162402,8,1101
endpoint,Actual,17,ALL,horizon_specific_train_quantiles,5,0.1,attitude_error_deg,Sep7,1.3214927959964997,9,1481
endpoint,Actual,17,ALL,horizon_specific_train_quantiles,5,0.1,body_rate_rmse_rad_s,ALL,0.5438908711237967,17,2582
endpoint,Actual,17,ALL,horizon_specific_train_quantiles,5,0.1,body_rate_rmse_rad_s,Sep17,0.5271383388882338,8,1101
endpoint,Actual,17,ALL,horizon_specific_train_quantiles,5,0.1,body_rate_rmse_rad_s,Sep7,0.5587820108887416,9,1481
endpoint,Actual,17,ALL,horizon_specific_train_quantiles,5,0.1,position_rmse_m,ALL,0.03536245183250302,17,2582
endpoint,Actual,17,ALL,horizon_specific_train_quantiles,5,0.1,position_rmse_m,Sep17,0.018732196056148013,8,1101
endpoint,Actual,17,ALL,horizon_specific_train_quantiles,5,0.1,position_rmse_m,Sep7,0.05014490141148525,9,1481
endpoint,Actual,17,ALL,horizon_specific_train_quantiles,5,0.1,velocity_rmse_m_s,ALL,0.14035855362762464,17,2582
endpoint,Actual,17,ALL,horizon_specific_train_quantiles,5,0.1,velocity_rmse_m_s,Sep17,0.14915633314651408,8,1101
endpoint,Actual,17,ALL,horizon_specific_train_quantiles,5,0.1,velocity_rmse_m_s,Sep7,0.13253830516638956,9,1481
endpoint,Actual,17,ALL,horizon_specific_train_quantiles,10,0.2,attitude_error_deg,ALL,2.153924950052745,17,2582
endpoint,Actual,17,ALL,horizon_specific_train_quantiles,10,0.2,attitude_error_deg,Sep17,2.315408116422238,8,1101
endpoint,Actual,17,ALL,horizon_specific_train_quantiles,10,0.2,attitude_error_deg,Sep7,2.0103843577243063,9,1481
endpoint,Actual,17,ALL,horizon_specific_train_quantiles,10,0.2,body_rate_rmse_rad_s,ALL,0.5642465257049663,17,2582
endpoint,Actual,17,ALL,horizon_specific_train_quantiles,10,0.2,body_rate_rmse_rad_s,Sep17,0.5362156869348988,8,1101
endpoint,Actual,17,ALL,horizon_specific_train_quantiles,10,0.2,body_rate_rmse_rad_s,Sep7,0.5891628268339152,9,1481
endpoint,Actual,17,ALL,horizon_specific_train_quantiles,10,0.2,position_rmse_m,ALL,0.07037190053473638,17,2582
endpoint,Actual,17,ALL,horizon_specific_train_quantiles,10,0.2,position_rmse_m,Sep17,0.04013913313889044,8,1101
endpoint,Actual,17,ALL,horizon_specific_train_quantiles,10,0.2,position_rmse_m,Sep7,0.0972454715532661,9,1481
endpoint,Actual,17,ALL,horizon_specific_train_quantiles,10,0.2,velocity_rmse_m_s,ALL,0.191337249956398,17,2582
endpoint,Actual,17,ALL,horizon_specific_train_quantiles,10,0.2,velocity_rmse_m_s,Sep17,0.21956426359757703,8,1101
endpoint,Actual,17,ALL,horizon_specific_train_quantiles,10,0.2,velocity_rmse_m_s,Sep7,0.16624657116423888,9,1481
endpoint,Actual,17,ALL,horizon_specific_train_quantiles,25,0.5,attitude_error_deg,ALL,4.033739771723627,17,2582
endpoint,Actual,17,ALL,horizon_specific_train_quantiles,25,0.5,attitude_error_deg,Sep17,4.526343428566672,8,1101
endpoint,Actual,17,ALL,horizon_specific_train_quantiles,25,0.5,attitude_error_deg,Sep7,3.59586985452981,9,1481
endpoint,Actual,17,ALL,horizon_specific_train_quantiles,25,0.5,body_rate_rmse_rad_s,ALL,0.5987111840019169,17,2582
endpoint,Actual,17,ALL,horizon_specific_train_quantiles,25,0.5,body_rate_rmse_rad_s,Sep17,0.5620904662494559,8,1101
endpoint,Actual,17,ALL,horizon_specific_train_quantiles,25,0.5,body_rate_rmse_rad_s,Sep7,0.6312629331152158,9,1481
endpoint,Actual,17,ALL,horizon_specific_train_quantiles,25,0.5,position_rmse_m,ALL,0.19181756174914597,17,2582
endpoint,Actual,17,ALL,horizon_specific_train_quantiles,25,0.5,position_rmse_m,Sep17,0.12703654598931657,8,1101
endpoint,Actual,17,ALL,horizon_specific_train_quantiles,25,0.5,position_rmse_m,Sep7,0.2494006868689943,9,1481
endpoint,Actual,17,ALL,horizon_specific_train_quantiles,25,0.5,velocity_rmse_m_s,ALL,0.35120971804692896,17,2582
endpoint,Actual,17,ALL,horizon_specific_train_quantiles,25,0.5,velocity_rmse_m_s,Sep17,0.361042288138236,8,1101
endpoint,Actual,17,ALL,horizon_specific_train_quantiles,25,0.5,velocity_rmse_m_s,Sep7,0.34246965574354493,9,1481
endpoint,Actual,17,ALL,horizon_specific_train_quantiles,50,1.0,attitude_error_deg,ALL,6.74367049469998,17,2582
endpoint,Actual,17,ALL,horizon_specific_train_quantiles,50,1.0,attitude_error_deg,Sep17,7.675610016839577,8,1101
endpoint,Actual,17,ALL,horizon_specific_train_quantiles,50,1.0,attitude_error_deg,Sep7,5.915279808353674,9,1481
endpoint,Actual,17,ALL,horizon_specific_train_quantiles,50,1.0,body_rate_rmse_rad_s,ALL,0.6179617016979126,17,2582
endpoint,Actual,17,ALL,horizon_specific_train_quantiles,50,1.0,body_rate_rmse_rad_s,Sep17,0.6087628786367514,8,1101
endpoint,Actual,17,ALL,horizon_specific_train_quantiles,50,1.0,body_rate_rmse_rad_s,Sep7,0.6261384333078338,9,1481
endpoint,Actual,17,ALL,horizon_specific_train_quantiles,50,1.0,position_rmse_m,ALL,0.4710118358619498,17,2582
endpoint,Actual,17,ALL,horizon_specific_train_quantiles,50,1.0,position_rmse_m,Sep17,0.3575994088262163,8,1101
endpoint,Actual,17,ALL,horizon_specific_train_quantiles,50,1.0,position_rmse_m,Sep7,0.5718228821159352,9,1481
endpoint,Actual,17,ALL,horizon_specific_train_quantiles,50,1.0,velocity_rmse_m_s,ALL,0.6397393092867327,17,2582
endpoint,Actual,17,ALL,horizon_specific_train_quantiles,50,1.0,velocity_rmse_m_s,Sep17,0.6744544644740484,8,1101
endpoint,Actual,17,ALL,horizon_specific_train_quantiles,50,1.0,velocity_rmse_m_s,Sep7,0.6088813935646744,9,1481
endpoint,Actual,17,high,horizon_specific_train_quantiles,5,0.1,attitude_error_deg,ALL,1.615567503675407,17,608
endpoint,Actual,17,high,horizon_specific_train_quantiles,5,0.1,attitude_error_deg,Sep17,1.7979674408837363,8,294
endpoint,Actual,17,high,horizon_specific_train_quantiles,5,0.1,attitude_error_deg,Sep7,1.453434226156892,9,314
endpoint,Actual,17,high,horizon_specific_train_quantiles,5,0.1,body_rate_rmse_rad_s,ALL,0.5813509762968778,17,608
endpoint,Actual,17,high,horizon_specific_train_quantiles,5,0.1,body_rate_rmse_rad_s,Sep17,0.6134338447000084,8,294
endpoint,Actual,17,high,horizon_specific_train_quantiles,5,0.1,body_rate_rmse_rad_s,Sep7,0.5528328710496508,9,314
endpoint,Actual,17,high,horizon_specific_train_quantiles,5,0.1,position_rmse_m,ALL,0.040756671931687,17,608
endpoint,Actual,17,high,horizon_specific_train_quantiles,5,0.1,position_rmse_m,Sep17,0.0212548182462887,8,294
endpoint,Actual,17,high,horizon_specific_train_quantiles,5,0.1,position_rmse_m,Sep7,0.05809165298537438,9,314
endpoint,Actual,17,high,horizon_specific_train_quantiles,5,0.1,velocity_rmse_m_s,ALL,0.18738360302811255,17,608
endpoint,Actual,17,high,horizon_specific_train_quantiles,5,0.1,velocity_rmse_m_s,Sep17,0.2004592091342266,8,294
endpoint,Actual,17,high,horizon_specific_train_quantiles,5,0.1,velocity_rmse_m_s,Sep7,0.17576084204490006,9,314
endpoint,Actual,17,high,horizon_specific_train_quantiles,10,0.2,attitude_error_deg,ALL,2.7038847273240285,17,503
endpoint,Actual,17,high,horizon_specific_train_quantiles,10,0.2,attitude_error_deg,Sep17,2.9931221184265566,8,272
endpoint,Actual,17,high,horizon_specific_train_quantiles,10,0.2,attitude_error_deg,Sep7,2.4467848241217816,9,231
endpoint,Actual,17,high,horizon_specific_train_quantiles,10,0.2,body_rate_rmse_rad_s,ALL,0.6131336194713835,17,503
endpoint,Actual,17,high,horizon_specific_train_quantiles,10,0.2,body_rate_rmse_rad_s,Sep17,0.5943835042061636,8,272
endpoint,Actual,17,high,horizon_specific_train_quantiles,10,0.2,body_rate_rmse_rad_s,Sep7,0.6298003885960233,9,231
endpoint,Actual,17,high,horizon_specific_train_quantiles,10,0.2,position_rmse_m,ALL,0.08473337280567761,17,503
endpoint,Actual,17,high,horizon_specific_train_quantiles,10,0.2,position_rmse_m,Sep17,0.0500539173998452,8,272
endpoint,Actual,17,high,horizon_specific_train_quantiles,10,0.2,position_rmse_m,Sep7,0.11555955538863974,9,231
endpoint,Actual,17,high,horizon_specific_train_quantiles,10,0.2,velocity_rmse_m_s,ALL,0.2700302795524556,17,503
endpoint,Actual,17,high,horizon_specific_train_quantiles,10,0.2,velocity_rmse_m_s,Sep17,0.3062268330317962,8,272
endpoint,Actual,17,high,horizon_specific_train_quantiles,10,0.2,velocity_rmse_m_s,Sep7,0.23785556534859736,9,231
endpoint,Actual,17,high,horizon_specific_train_quantiles,25,0.5,attitude_error_deg,ALL,5.039307919635567,17,454
endpoint,Actual,17,high,horizon_specific_train_quantiles,25,0.5,attitude_error_deg,Sep17,5.659066925227521,8,269
endpoint,Actual,17,high,horizon_specific_train_quantiles,25,0.5,attitude_error_deg,Sep7,4.488411025776051,9,185
endpoint,Actual,17,high,horizon_specific_train_quantiles,25,0.5,body_rate_rmse_rad_s,ALL,0.6694277184026896,17,454
endpoint,Actual,17,high,horizon_specific_train_quantiles,25,0.5,body_rate_rmse_rad_s,Sep17,0.6263673550580322,8,269
endpoint,Actual,17,high,horizon_specific_train_quantiles,25,0.5,body_rate_rmse_rad_s,Sep7,0.7077035969312738,9,185
endpoint,Actual,17,high,horizon_specific_train_quantiles,25,0.5,position_rmse_m,ALL,0.22609865836289977,17,454
endpoint,Actual,17,high,horizon_specific_train_quantiles,25,0.5,position_rmse_m,Sep17,0.16343878699018605,8,269
endpoint,Actual,17,high,horizon_specific_train_quantiles,25,0.5,position_rmse_m,Sep7,0.281796321805312,9,185
endpoint,Actual,17,high,horizon_specific_train_quantiles,25,0.5,velocity_rmse_m_s,ALL,0.49258926567449396,17,454
endpoint,Actual,17,high,horizon_specific_train_quantiles,25,0.5,velocity_rmse_m_s,Sep17,0.47529803003389925,8,269
endpoint,Actual,17,high,horizon_specific_train_quantiles,25,0.5,velocity_rmse_m_s,Sep7,0.5079592529105781,9,185
endpoint,Actual,17,high,horizon_specific_train_quantiles,50,1.0,attitude_error_deg,ALL,8.101234287675867,17,468
endpoint,Actual,17,high,horizon_specific_train_quantiles,50,1.0,attitude_error_deg,Sep17,8.991034890633312,8,273
endpoint,Actual,17,high,horizon_specific_train_quantiles,50,1.0,attitude_error_deg,Sep7,7.310300418380361,9,195
endpoint,Actual,17,high,horizon_specific_train_quantiles,50,1.0,body_rate_rmse_rad_s,ALL,0.6598589623857691,17,468
endpoint,Actual,17,high,horizon_specific_train_quantiles,50,1.0,body_rate_rmse_rad_s,Sep17,0.6655303678100017,8,273
endpoint,Actual,17,high,horizon_specific_train_quantiles,50,1.0,body_rate_rmse_rad_s,Sep7,0.6548177131197845,9,195
endpoint,Actual,17,high,horizon_specific_train_quantiles,50,1.0,position_rmse_m,ALL,0.5861822148626303,17,468
endpoint,Actual,17,high,horizon_specific_train_quantiles,50,1.0,position_rmse_m,Sep17,0.44958736400820754,8,273
endpoint,Actual,17,high,horizon_specific_train_quantiles,50,1.0,position_rmse_m,Sep7,0.7075998600665616,9,195
endpoint,Actual,17,high,horizon_specific_train_quantiles,50,1.0,velocity_rmse_m_s,ALL,0.8106567286645974,17,468
endpoint,Actual,17,high,horizon_specific_train_quantiles,50,1.0,velocity_rmse_m_s,Sep17,0.8463426034030647,8,273
endpoint,Actual,17,high,horizon_specific_train_quantiles,50,1.0,velocity_rmse_m_s,Sep7,0.7789359511192931,9,195
endpoint,Actual,17,low,horizon_specific_train_quantiles,5,0.1,attitude_error_deg,ALL,1.21101139765517,17,684
endpoint,Actual,17,low,horizon_specific_train_quantiles,5,0.1,attitude_error_deg,Sep17,1.1818258401217003,8,228
endpoint,Actual,17,low,horizon_specific_train_quantiles,5,0.1,attitude_error_deg,Sep7,1.2369541154626986,9,456
endpoint,Actual,17,low,horizon_specific_train_quantiles,5,0.1,body_rate_rmse_rad_s,ALL,0.5148387901067141,17,684
endpoint,Actual,17,low,horizon_specific_train_quantiles,5,0.1,body_rate_rmse_rad_s,Sep17,0.4659278644552258,8,228
endpoint,Actual,17,low,horizon_specific_train_quantiles,5,0.1,body_rate_rmse_rad_s,Sep7,0.5583151684635924,9,456
endpoint,Actual,17,low,horizon_specific_train_quantiles,5,0.1,position_rmse_m,ALL,0.029879120728179265,17,684
endpoint,Actual,17,low,horizon_specific_train_quantiles,5,0.1,position_rmse_m,Sep17,0.0169720478481836,8,228
endpoint,Actual,17,low,horizon_specific_train_quantiles,5,0.1,position_rmse_m,Sep7,0.04135207439928653,9,456
endpoint,Actual,17,low,horizon_specific_train_quantiles,5,0.1,velocity_rmse_m_s,ALL,0.11162349755127854,17,684
endpoint,Actual,17,low,horizon_specific_train_quantiles,5,0.1,velocity_rmse_m_s,Sep17,0.11735922629237068,8,228
endpoint,Actual,17,low,horizon_specific_train_quantiles,5,0.1,velocity_rmse_m_s,Sep7,0.10652507200364109,9,456
endpoint,Actual,17,low,horizon_specific_train_quantiles,10,0.2,attitude_error_deg,ALL,1.872270331667776,17,787
endpoint,Actual,17,low,horizon_specific_train_quantiles,10,0.2,attitude_error_deg,Sep17,1.8301747356251263,8,240
endpoint,Actual,17,low,horizon_specific_train_quantiles,10,0.2,attitude_error_deg,Sep7,1.909688639261242,9,547
endpoint,Actual,17,low,horizon_specific_train_quantiles,10,0.2,body_rate_rmse_rad_s,ALL,0.5674791074991652,17,787
endpoint,Actual,17,low,horizon_specific_train_quantiles,10,0.2,body_rate_rmse_rad_s,Sep17,0.5285143009190478,8,240
endpoint,Actual,17,low,horizon_specific_train_quantiles,10,0.2,body_rate_rmse_rad_s,Sep7,0.6021144911259363,9,547
endpoint,Actual,17,low,horizon_specific_train_quantiles,10,0.2,position_rmse_m,ALL,0.06664282323271445,17,787
endpoint,Actual,17,low,horizon_specific_train_quantiles,10,0.2,position_rmse_m,Sep17,0.035926381323873324,8,240
endpoint,Actual,17,low,horizon_specific_train_quantiles,10,0.2,position_rmse_m,Sep7,0.09394632715168434,9,547
endpoint,Actual,17,low,horizon_specific_train_quantiles,10,0.2,velocity_rmse_m_s,ALL,0.1552967233711149,17,787
endpoint,Actual,17,low,horizon_specific_train_quantiles,10,0.2,velocity_rmse_m_s,Sep17,0.16807219479820806,8,240
endpoint,Actual,17,low,horizon_specific_train_quantiles,10,0.2,velocity_rmse_m_s,Sep7,0.14394074876925428,9,547
endpoint,Actual,17,low,horizon_specific_train_quantiles,25,0.5,attitude_error_deg,ALL,3.356227742489765,17,888
endpoint,Actual,17,low,horizon_specific_train_quantiles,25,0.5,attitude_error_deg,Sep17,3.4257468550727332,8,201
endpoint,Actual,17,low,horizon_specific_train_quantiles,25,0.5,attitude_error_deg,Sep7,3.2944329757493485,9,687
endpoint,Actual,17,low,horizon_specific_train_quantiles,25,0.5,body_rate_rmse_rad_s,ALL,0.562200311634354,17,888
endpoint,Actual,17,low,horizon_specific_train_quantiles,25,0.5,body_rate_rmse_rad_s,Sep17,0.501373398261371,8,201
endpoint,Actual,17,low,horizon_specific_train_quantiles,25,0.5,body_rate_rmse_rad_s,Sep7,0.6162686790770058,9,687
endpoint,Actual,17,low,horizon_specific_train_quantiles,25,0.5,position_rmse_m,ALL,0.18274582333116132,17,888
endpoint,Actual,17,low,horizon_specific_train_quantiles,25,0.5,position_rmse_m,Sep17,0.11567246132135242,8,201
endpoint,Actual,17,low,horizon_specific_train_quantiles,25,0.5,position_rmse_m,Sep7,0.24236658956210258,9,687
endpoint,Actual,17,low,horizon_specific_train_quantiles,25,0.5,velocity_rmse_m_s,ALL,0.2872407690802758,17,888
endpoint,Actual,17,low,horizon_specific_train_quantiles,25,0.5,velocity_rmse_m_s,Sep17,0.29480555575898676,8,201
endpoint,Actual,17,low,horizon_specific_train_quantiles,25,0.5,velocity_rmse_m_s,Sep7,0.280516514254755,9,687
endpoint,Actual,17,low,horizon_specific_train_quantiles,50,1.0,attitude_error_deg,ALL,5.830676118455468,17,926
endpoint,Actual,17,low,horizon_specific_train_quantiles,50,1.0,attitude_error_deg,Sep17,6.383322135074827,8,208
endpoint,Actual,17,low,horizon_specific_train_quantiles,50,1.0,attitude_error_deg,Sep7,5.3394352147938156,9,718
endpoint,Actual,17,low,horizon_specific_train_quantiles,50,1.0,body_rate_rmse_rad_s,ALL,0.5932229498097383,17,926
endpoint,Actual,17,low,horizon_specific_train_quantiles,50,1.0,body_rate_rmse_rad_s,Sep17,0.5671224249496785,8,208
endpoint,Actual,17,low,horizon_specific_train_quantiles,50,1.0,body_rate_rmse_rad_s,Sep7,0.6164234163520138,9,718
endpoint,Actual,17,low,horizon_specific_train_quantiles,50,1.0,position_rmse_m,ALL,0.4527301778758923,17,926
endpoint,Actual,17,low,horizon_specific_train_quantiles,50,1.0,position_rmse_m,Sep17,0.316067834096721,8,208
endpoint,Actual,17,low,horizon_specific_train_quantiles,50,1.0,position_rmse_m,Sep7,0.5742078167907113,9,718
endpoint,Actual,17,low,horizon_specific_train_quantiles,50,1.0,velocity_rmse_m_s,ALL,0.5685829566244974,17,926
endpoint,Actual,17,low,horizon_specific_train_quantiles,50,1.0,velocity_rmse_m_s,Sep17,0.5684221393413782,8,208
endpoint,Actual,17,low,horizon_specific_train_quantiles,50,1.0,velocity_rmse_m_s,Sep7,0.5687259053206035,9,718
endpoint,Actual,17,middle,horizon_specific_train_quantiles,5,0.1,attitude_error_deg,ALL,1.3311000062979645,17,1290
endpoint,Actual,17,middle,horizon_specific_train_quantiles,5,0.1,attitude_error_deg,Sep17,1.359610157529412,8,579
endpoint,Actual,17,middle,horizon_specific_train_quantiles,5,0.1,attitude_error_deg,Sep7,1.3057576496477892,9,711
endpoint,Actual,17,middle,horizon_specific_train_quantiles,5,0.1,body_rate_rmse_rad_s,ALL,0.5302052260858929,17,1290
endpoint,Actual,17,middle,horizon_specific_train_quantiles,5,0.1,body_rate_rmse_rad_s,Sep17,0.4978133314036749,8,579
endpoint,Actual,17,middle,horizon_specific_train_quantiles,5,0.1,body_rate_rmse_rad_s,Sep7,0.5589980213589758,9,711
endpoint,Actual,17,middle,horizon_specific_train_quantiles,5,0.1,position_rmse_m,ALL,0.034440164979954,17,1290
endpoint,Actual,17,middle,horizon_specific_train_quantiles,5,0.1,position_rmse_m,Sep17,0.017728375775726075,8,579
endpoint,Actual,17,middle,horizon_specific_train_quantiles,5,0.1,position_rmse_m,Sep7,0.0492950887170455,9,711
endpoint,Actual,17,middle,horizon_specific_train_quantiles,5,0.1,velocity_rmse_m_s,ALL,0.11627042756439994,17,1290
endpoint,Actual,17,middle,horizon_specific_train_quantiles,5,0.1,velocity_rmse_m_s,Sep17,0.12516895250640314,8,579
endpoint,Actual,17,middle,horizon_specific_train_quantiles,5,0.1,velocity_rmse_m_s,Sep7,0.10836062761595265,9,711
endpoint,Actual,17,middle,horizon_specific_train_quantiles,10,0.2,attitude_error_deg,ALL,2.0376462991452975,17,1292
endpoint,Actual,17,middle,horizon_specific_train_quantiles,10,0.2,attitude_error_deg,Sep17,2.120491045654126,8,589
endpoint,Actual,17,middle,horizon_specific_train_quantiles,10,0.2,attitude_error_deg,Sep7,1.9640065244707832,9,703
endpoint,Actual,17,middle,horizon_specific_train_quantiles,10,0.2,body_rate_rmse_rad_s,ALL,0.537447742511745,17,1292
endpoint,Actual,17,middle,horizon_specific_train_quantiles,10,0.2,body_rate_rmse_rad_s,Sep17,0.5083911968572017,8,589
endpoint,Actual,17,middle,horizon_specific_train_quantiles,10,0.2,body_rate_rmse_rad_s,Sep7,0.5632757830935611,9,703
endpoint,Actual,17,middle,horizon_specific_train_quantiles,10,0.2,position_rmse_m,ALL,0.06314853355801059,17,1292
endpoint,Actual,17,middle,horizon_specific_train_quantiles,10,0.2,position_rmse_m,Sep17,0.03539497897887319,8,589
endpoint,Actual,17,middle,horizon_specific_train_quantiles,10,0.2,position_rmse_m,Sep7,0.08781835985057716,9,703
endpoint,Actual,17,middle,horizon_specific_train_quantiles,10,0.2,velocity_rmse_m_s,ALL,0.16187989009161227,17,1292
endpoint,Actual,17,middle,horizon_specific_train_quantiles,10,0.2,velocity_rmse_m_s,Sep17,0.17939356048440896,8,589
endpoint,Actual,17,middle,horizon_specific_train_quantiles,10,0.2,velocity_rmse_m_s,Sep7,0.14631218307579297,9,703
endpoint,Actual,17,middle,horizon_specific_train_quantiles,25,0.5,attitude_error_deg,ALL,3.9445923986845095,17,1240
endpoint,Actual,17,middle,horizon_specific_train_quantiles,25,0.5,attitude_error_deg,Sep17,4.2592745456789505,8,631
endpoint,Actual,17,middle,horizon_specific_train_quantiles,25,0.5,attitude_error_deg,Sep7,3.6648749346894514,9,609
endpoint,Actual,17,middle,horizon_specific_train_quantiles,25,0.5,body_rate_rmse_rad_s,ALL,0.5778531811592004,17,1240
endpoint,Actual,17,middle,horizon_specific_train_quantiles,25,0.5,body_rate_rmse_rad_s,Sep17,0.5456788697508328,8,631
endpoint,Actual,17,middle,horizon_specific_train_quantiles,25,0.5,body_rate_rmse_rad_s,Sep7,0.6064525690777494,9,609
endpoint,Actual,17,middle,horizon_specific_train_quantiles,25,0.5,position_rmse_m,ALL,0.1832648288677085,17,1240
endpoint,Actual,17,middle,horizon_specific_train_quantiles,25,0.5,position_rmse_m,Sep17,0.10893530453366354,8,631
endpoint,Actual,17,middle,horizon_specific_train_quantiles,25,0.5,position_rmse_m,Sep7,0.24933551716463734,9,609
endpoint,Actual,17,middle,horizon_specific_train_quantiles,25,0.5,velocity_rmse_m_s,ALL,0.319943487314151,17,1240
endpoint,Actual,17,middle,horizon_specific_train_quantiles,25,0.5,velocity_rmse_m_s,Sep17,0.31763146419503285,8,631
endpoint,Actual,17,middle,horizon_specific_train_quantiles,25,0.5,velocity_rmse_m_s,Sep7,0.3219986189755894,9,609
endpoint,Actual,17,middle,horizon_specific_train_quantiles,50,1.0,attitude_error_deg,ALL,6.710048064530608,17,1188
endpoint,Actual,17,middle,horizon_specific_train_quantiles,50,1.0,attitude_error_deg,Sep17,7.3568612813729635,8,620
endpoint,Actual,17,middle,horizon_specific_train_quantiles,50,1.0,attitude_error_deg,Sep7,6.13510298289296,9,568
endpoint,Actual,17,middle,horizon_specific_train_quantiles,50,1.0,body_rate_rmse_rad_s,ALL,0.6056006712623359,17,1188
endpoint,Actual,17,middle,horizon_specific_train_quantiles,50,1.0,body_rate_rmse_rad_s,Sep17,0.590142490565028,8,620
endpoint,Actual,17,middle,horizon_specific_train_quantiles,50,1.0,body_rate_rmse_rad_s,Sep7,0.6193412763266095,9,568
endpoint,Actual,17,middle,horizon_specific_train_quantiles,50,1.0,position_rmse_m,ALL,0.4172495470804394,17,1188
endpoint,Actual,17,middle,horizon_specific_train_quantiles,50,1.0,position_rmse_m,Sep17,0.3142827202479776,8,620
endpoint,Actual,17,middle,horizon_specific_train_quantiles,50,1.0,position_rmse_m,Sep7,0.508775615375961,9,568
endpoint,Actual,17,middle,horizon_specific_train_quantiles,50,1.0,velocity_rmse_m_s,ALL,0.6012700356648732,17,1188
endpoint,Actual,17,middle,horizon_specific_train_quantiles,50,1.0,velocity_rmse_m_s,Sep17,0.6139707448488827,8,620
endpoint,Actual,17,middle,horizon_specific_train_quantiles,50,1.0,velocity_rmse_m_s,Sep7,0.5899805163901981,9,568
endpoint,Actual,23,ALL,horizon_specific_train_quantiles,5,0.1,attitude_error_deg,ALL,1.4246294529035894,17,2582
endpoint,Actual,23,ALL,horizon_specific_train_quantiles,5,0.1,attitude_error_deg,Sep17,1.4761573607193075,8,1101
endpoint,Actual,23,ALL,horizon_specific_train_quantiles,5,0.1,attitude_error_deg,Sep7,1.3788268681785063,9,1481
endpoint,Actual,23,ALL,horizon_specific_train_quantiles,5,0.1,body_rate_rmse_rad_s,ALL,0.5437161480655596,17,2582
endpoint,Actual,23,ALL,horizon_specific_train_quantiles,5,0.1,body_rate_rmse_rad_s,Sep17,0.5247899582661589,8,1101
endpoint,Actual,23,ALL,horizon_specific_train_quantiles,5,0.1,body_rate_rmse_rad_s,Sep7,0.5605394278872491,9,1481
endpoint,Actual,23,ALL,horizon_specific_train_quantiles,5,0.1,position_rmse_m,ALL,0.03548711053487921,17,2582
endpoint,Actual,23,ALL,horizon_specific_train_quantiles,5,0.1,position_rmse_m,Sep17,0.019089797975652693,8,1101
endpoint,Actual,23,ALL,horizon_specific_train_quantiles,5,0.1,position_rmse_m,Sep7,0.0500624994764139,9,1481
endpoint,Actual,23,ALL,horizon_specific_train_quantiles,5,0.1,velocity_rmse_m_s,ALL,0.14947617109493305,17,2582
endpoint,Actual,23,ALL,horizon_specific_train_quantiles,5,0.1,velocity_rmse_m_s,Sep17,0.15859305949784006,8,1101
endpoint,Actual,23,ALL,horizon_specific_train_quantiles,5,0.1,velocity_rmse_m_s,Sep7,0.14137227029234903,9,1481
endpoint,Actual,23,ALL,horizon_specific_train_quantiles,10,0.2,attitude_error_deg,ALL,2.2065952760482856,17,2582
endpoint,Actual,23,ALL,horizon_specific_train_quantiles,10,0.2,attitude_error_deg,Sep17,2.3854713925753384,8,1101
endpoint,Actual,23,ALL,horizon_specific_train_quantiles,10,0.2,attitude_error_deg,Sep7,2.0475942835797944,9,1481
endpoint,Actual,23,ALL,horizon_specific_train_quantiles,10,0.2,body_rate_rmse_rad_s,ALL,0.5695336495342367,17,2582
endpoint,Actual,23,ALL,horizon_specific_train_quantiles,10,0.2,body_rate_rmse_rad_s,Sep17,0.5374336609896214,8,1101
endpoint,Actual,23,ALL,horizon_specific_train_quantiles,10,0.2,body_rate_rmse_rad_s,Sep7,0.5980669726850056,9,1481
endpoint,Actual,23,ALL,horizon_specific_train_quantiles,10,0.2,position_rmse_m,ALL,0.07087549760215012,17,2582
endpoint,Actual,23,ALL,horizon_specific_train_quantiles,10,0.2,position_rmse_m,Sep17,0.04130150419862946,8,1101
endpoint,Actual,23,ALL,horizon_specific_train_quantiles,10,0.2,position_rmse_m,Sep7,0.09716349173861293,9,1481
endpoint,Actual,23,ALL,horizon_specific_train_quantiles,10,0.2,velocity_rmse_m_s,ALL,0.19876495637065858,17,2582
endpoint,Actual,23,ALL,horizon_specific_train_quantiles,10,0.2,velocity_rmse_m_s,Sep17,0.22133990852341479,8,1101
endpoint,Actual,23,ALL,horizon_specific_train_quantiles,10,0.2,velocity_rmse_m_s,Sep7,0.17869833223487525,9,1481
endpoint,Actual,23,ALL,horizon_specific_train_quantiles,25,0.5,attitude_error_deg,ALL,4.075688471845725,17,2582
endpoint,Actual,23,ALL,horizon_specific_train_quantiles,25,0.5,attitude_error_deg,Sep17,4.4925398588152055,8,1101
endpoint,Actual,23,ALL,horizon_specific_train_quantiles,25,0.5,attitude_error_deg,Sep7,3.7051539056506297,9,1481
endpoint,Actual,23,ALL,horizon_specific_train_quantiles,25,0.5,body_rate_rmse_rad_s,ALL,0.5976309396014523,17,2582
endpoint,Actual,23,ALL,horizon_specific_train_quantiles,25,0.5,body_rate_rmse_rad_s,Sep17,0.5648123314414162,8,1101
endpoint,Actual,23,ALL,horizon_specific_train_quantiles,25,0.5,body_rate_rmse_rad_s,Sep7,0.6268030357437067,9,1481
endpoint,Actual,23,ALL,horizon_specific_train_quantiles,25,0.5,position_rmse_m,ALL,0.19447252396672085,17,2582
endpoint,Actual,23,ALL,horizon_specific_train_quantiles,25,0.5,position_rmse_m,Sep17,0.13392398963709679,8,1101
endpoint,Actual,23,ALL,horizon_specific_train_quantiles,25,0.5,position_rmse_m,Sep7,0.24829344337083115,9,1481
endpoint,Actual,23,ALL,horizon_specific_train_quantiles,25,0.5,velocity_rmse_m_s,ALL,0.36518770755199803,17,2582
endpoint,Actual,23,ALL,horizon_specific_train_quantiles,25,0.5,velocity_rmse_m_s,Sep17,0.3891804912154968,8,1101
endpoint,Actual,23,ALL,horizon_specific_train_quantiles,25,0.5,velocity_rmse_m_s,Sep7,0.3438607887399991,9,1481
endpoint,Actual,23,ALL,horizon_specific_train_quantiles,50,1.0,attitude_error_deg,ALL,6.542445487935679,17,2582
endpoint,Actual,23,ALL,horizon_specific_train_quantiles,50,1.0,attitude_error_deg,Sep17,7.172736071181631,8,1101
endpoint,Actual,23,ALL,horizon_specific_train_quantiles,50,1.0,attitude_error_deg,Sep7,5.982187191717056,9,1481
endpoint,Actual,23,ALL,horizon_specific_train_quantiles,50,1.0,body_rate_rmse_rad_s,ALL,0.6331251400447657,17,2582
endpoint,Actual,23,ALL,horizon_specific_train_quantiles,50,1.0,body_rate_rmse_rad_s,Sep17,0.635914735532969,8,1101
endpoint,Actual,23,ALL,horizon_specific_train_quantiles,50,1.0,body_rate_rmse_rad_s,Sep7,0.6306454996108074,9,1481
endpoint,Actual,23,ALL,horizon_specific_train_quantiles,50,1.0,position_rmse_m,ALL,0.48130270101640393,17,2582
endpoint,Actual,23,ALL,horizon_specific_train_quantiles,50,1.0,position_rmse_m,Sep17,0.3842396949936463,8,1101
endpoint,Actual,23,ALL,horizon_specific_train_quantiles,50,1.0,position_rmse_m,Sep7,0.5675809285921886,9,1481
endpoint,Actual,23,ALL,horizon_specific_train_quantiles,50,1.0,velocity_rmse_m_s,ALL,0.6528093336943106,17,2582
endpoint,Actual,23,ALL,horizon_specific_train_quantiles,50,1.0,velocity_rmse_m_s,Sep17,0.6945381047741767,8,1101
endpoint,Actual,23,ALL,horizon_specific_train_quantiles,50,1.0,velocity_rmse_m_s,Sep7,0.6157170927344295,9,1481
endpoint,Actual,23,high,horizon_specific_train_quantiles,5,0.1,attitude_error_deg,ALL,1.6343062834572244,17,608
endpoint,Actual,23,high,horizon_specific_train_quantiles,5,0.1,attitude_error_deg,Sep17,1.804732456510457,8,294
endpoint,Actual,23,high,horizon_specific_train_quantiles,5,0.1,attitude_error_deg,Sep7,1.4828163518543507,9,314
endpoint,Actual,23,high,horizon_specific_train_quantiles,5,0.1,body_rate_rmse_rad_s,ALL,0.5878609186843777,17,608
endpoint,Actual,23,high,horizon_specific_train_quantiles,5,0.1,body_rate_rmse_rad_s,Sep17,0.6209985342728113,8,294
endpoint,Actual,23,high,horizon_specific_train_quantiles,5,0.1,body_rate_rmse_rad_s,Sep7,0.558405260383548,9,314
endpoint,Actual,23,high,horizon_specific_train_quantiles,5,0.1,position_rmse_m,ALL,0.04086510364473272,17,608
endpoint,Actual,23,high,horizon_specific_train_quantiles,5,0.1,position_rmse_m,Sep17,0.021444349965028073,8,294
endpoint,Actual,23,high,horizon_specific_train_quantiles,5,0.1,position_rmse_m,Sep7,0.05812799580447018,9,314
endpoint,Actual,23,high,horizon_specific_train_quantiles,5,0.1,velocity_rmse_m_s,ALL,0.19862992624264605,17,608
endpoint,Actual,23,high,horizon_specific_train_quantiles,5,0.1,velocity_rmse_m_s,Sep17,0.21648836639347363,8,294
endpoint,Actual,23,high,horizon_specific_train_quantiles,5,0.1,velocity_rmse_m_s,Sep7,0.1827557572196882,9,314
endpoint,Actual,23,high,horizon_specific_train_quantiles,10,0.2,attitude_error_deg,ALL,2.7698249152846297,17,503
endpoint,Actual,23,high,horizon_specific_train_quantiles,10,0.2,attitude_error_deg,Sep17,3.1313689209591216,8,272
endpoint,Actual,23,high,horizon_specific_train_quantiles,10,0.2,attitude_error_deg,Sep7,2.4484524657961924,9,231
endpoint,Actual,23,high,horizon_specific_train_quantiles,10,0.2,body_rate_rmse_rad_s,ALL,0.6153569020264651,17,503
endpoint,Actual,23,high,horizon_specific_train_quantiles,10,0.2,body_rate_rmse_rad_s,Sep17,0.6032736141513919,8,272
endpoint,Actual,23,high,horizon_specific_train_quantiles,10,0.2,body_rate_rmse_rad_s,Sep7,0.6260976023598634,9,231
endpoint,Actual,23,high,horizon_specific_train_quantiles,10,0.2,position_rmse_m,ALL,0.0856679358455725,17,503
endpoint,Actual,23,high,horizon_specific_train_quantiles,10,0.2,position_rmse_m,Sep17,0.051561484279309906,8,272
endpoint,Actual,23,high,horizon_specific_train_quantiles,10,0.2,position_rmse_m,Sep7,0.11598478168225038,9,231
endpoint,Actual,23,high,horizon_specific_train_quantiles,10,0.2,velocity_rmse_m_s,ALL,0.2742052922168845,17,503
endpoint,Actual,23,high,horizon_specific_train_quantiles,10,0.2,velocity_rmse_m_s,Sep17,0.3118391066320235,8,272
endpoint,Actual,23,high,horizon_specific_train_quantiles,10,0.2,velocity_rmse_m_s,Sep7,0.2407530127367609,9,231
endpoint,Actual,23,high,horizon_specific_train_quantiles,25,0.5,attitude_error_deg,ALL,5.073581604007131,17,454
endpoint,Actual,23,high,horizon_specific_train_quantiles,25,0.5,attitude_error_deg,Sep17,5.738490002499322,8,269
endpoint,Actual,23,high,horizon_specific_train_quantiles,25,0.5,attitude_error_deg,Sep7,4.482551916458518,9,185
endpoint,Actual,23,high,horizon_specific_train_quantiles,25,0.5,body_rate_rmse_rad_s,ALL,0.6657598839349868,17,454
endpoint,Actual,23,high,horizon_specific_train_quantiles,25,0.5,body_rate_rmse_rad_s,Sep17,0.6279693265146159,8,269
endpoint,Actual,23,high,horizon_specific_train_quantiles,25,0.5,body_rate_rmse_rad_s,Sep7,0.6993514905308719,9,185
endpoint,Actual,23,high,horizon_specific_train_quantiles,25,0.5,position_rmse_m,ALL,0.229357638376293,17,454
endpoint,Actual,23,high,horizon_specific_train_quantiles,25,0.5,position_rmse_m,Sep17,0.17330597155577065,8,269
endpoint,Actual,23,high,horizon_specific_train_quantiles,25,0.5,position_rmse_m,Sep7,0.2791813422167573,9,185
endpoint,Actual,23,high,horizon_specific_train_quantiles,25,0.5,velocity_rmse_m_s,ALL,0.5210658684536298,17,454
endpoint,Actual,23,high,horizon_specific_train_quantiles,25,0.5,velocity_rmse_m_s,Sep17,0.530207577008992,8,269
endpoint,Actual,23,high,horizon_specific_train_quantiles,25,0.5,velocity_rmse_m_s,Sep7,0.5129399052933077,9,185
endpoint,Actual,23,high,horizon_specific_train_quantiles,50,1.0,attitude_error_deg,ALL,8.039234240836805,17,468
endpoint,Actual,23,high,horizon_specific_train_quantiles,50,1.0,attitude_error_deg,Sep17,8.801443856012495,8,273
endpoint,Actual,23,high,horizon_specific_train_quantiles,50,1.0,attitude_error_deg,Sep7,7.3617145829028585,9,195
endpoint,Actual,23,high,horizon_specific_train_quantiles,50,1.0,body_rate_rmse_rad_s,ALL,0.6666639098950625,17,468
endpoint,Actual,23,high,horizon_specific_train_quantiles,50,1.0,body_rate_rmse_rad_s,Sep17,0.6867499925168574,8,273
endpoint,Actual,23,high,horizon_specific_train_quantiles,50,1.0,body_rate_rmse_rad_s,Sep7,0.6488096142312447,9,195
endpoint,Actual,23,high,horizon_specific_train_quantiles,50,1.0,position_rmse_m,ALL,0.5993377880767374,17,468
endpoint,Actual,23,high,horizon_specific_train_quantiles,50,1.0,position_rmse_m,Sep17,0.4952951789272481,8,273
endpoint,Actual,23,high,horizon_specific_train_quantiles,50,1.0,position_rmse_m,Sep7,0.6918201073207279,9,195
endpoint,Actual,23,high,horizon_specific_train_quantiles,50,1.0,velocity_rmse_m_s,ALL,0.8258654158529584,17,468
endpoint,Actual,23,high,horizon_specific_train_quantiles,50,1.0,velocity_rmse_m_s,Sep17,0.8804872377874466,8,273
endpoint,Actual,23,high,horizon_specific_train_quantiles,50,1.0,velocity_rmse_m_s,Sep7,0.7773126852445241,9,195
endpoint,Actual,23,low,horizon_specific_train_quantiles,5,0.1,attitude_error_deg,ALL,1.2645463686522378,17,684
endpoint,Actual,23,low,horizon_specific_train_quantiles,5,0.1,attitude_error_deg,Sep17,1.2384222731983199,8,228
endpoint,Actual,23,low,horizon_specific_train_quantiles,5,0.1,attitude_error_deg,Sep7,1.287767786833498,9,456
endpoint,Actual,23,low,horizon_specific_train_quantiles,5,0.1,body_rate_rmse_rad_s,ALL,0.5138183759947954,17,684
endpoint,Actual,23,low,horizon_specific_train_quantiles,5,0.1,body_rate_rmse_rad_s,Sep17,0.4626162854707364,8,228
endpoint,Actual,23,low,horizon_specific_train_quantiles,5,0.1,body_rate_rmse_rad_s,Sep7,0.5593313453495145,9,456
endpoint,Actual,23,low,horizon_specific_train_quantiles,5,0.1,position_rmse_m,ALL,0.029985127124167434,17,684
endpoint,Actual,23,low,horizon_specific_train_quantiles,5,0.1,position_rmse_m,Sep17,0.017478733873826553,8,228
endpoint,Actual,23,low,horizon_specific_train_quantiles,5,0.1,position_rmse_m,Sep7,0.041101921124470434,9,456
endpoint,Actual,23,low,horizon_specific_train_quantiles,5,0.1,velocity_rmse_m_s,ALL,0.11619292491112697,17,684
endpoint,Actual,23,low,horizon_specific_train_quantiles,5,0.1,velocity_rmse_m_s,Sep17,0.12014968834685305,8,228
endpoint,Actual,23,low,horizon_specific_train_quantiles,5,0.1,velocity_rmse_m_s,Sep7,0.11267580185714822,9,456
endpoint,Actual,23,low,horizon_specific_train_quantiles,10,0.2,attitude_error_deg,ALL,1.9323325732382703,17,787
endpoint,Actual,23,low,horizon_specific_train_quantiles,10,0.2,attitude_error_deg,Sep17,1.9180469315432807,8,240
endpoint,Actual,23,low,horizon_specific_train_quantiles,10,0.2,attitude_error_deg,Sep7,1.9450309214115942,9,547
endpoint,Actual,23,low,horizon_specific_train_quantiles,10,0.2,body_rate_rmse_rad_s,ALL,0.5692469040396326,17,787
endpoint,Actual,23,low,horizon_specific_train_quantiles,10,0.2,body_rate_rmse_rad_s,Sep17,0.5282959967125114,8,240
endpoint,Actual,23,low,horizon_specific_train_quantiles,10,0.2,body_rate_rmse_rad_s,Sep7,0.6056477105526292,9,547
endpoint,Actual,23,low,horizon_specific_train_quantiles,10,0.2,position_rmse_m,ALL,0.06679223573150467,17,787
endpoint,Actual,23,low,horizon_specific_train_quantiles,10,0.2,position_rmse_m,Sep17,0.03672995042831715,8,240
endpoint,Actual,23,low,horizon_specific_train_quantiles,10,0.2,position_rmse_m,Sep7,0.09351426711211579,9,547
endpoint,Actual,23,low,horizon_specific_train_quantiles,10,0.2,velocity_rmse_m_s,ALL,0.1561813461623221,17,787
endpoint,Actual,23,low,horizon_specific_train_quantiles,10,0.2,velocity_rmse_m_s,Sep17,0.1656526193600396,8,240
endpoint,Actual,23,low,horizon_specific_train_quantiles,10,0.2,velocity_rmse_m_s,Sep7,0.14776243665323985,9,547
endpoint,Actual,23,low,horizon_specific_train_quantiles,25,0.5,attitude_error_deg,ALL,3.4061972368989384,17,888
endpoint,Actual,23,low,horizon_specific_train_quantiles,25,0.5,attitude_error_deg,Sep17,3.371229958371479,8,201
endpoint,Actual,23,low,horizon_specific_train_quantiles,25,0.5,attitude_error_deg,Sep7,3.4372792622566806,9,687
endpoint,Actual,23,low,horizon_specific_train_quantiles,25,0.5,body_rate_rmse_rad_s,ALL,0.5602854621892024,17,888
endpoint,Actual,23,low,horizon_specific_train_quantiles,25,0.5,body_rate_rmse_rad_s,Sep17,0.505073665821624,8,201
endpoint,Actual,23,low,horizon_specific_train_quantiles,25,0.5,body_rate_rmse_rad_s,Sep7,0.6093626145159389,9,687
endpoint,Actual,23,low,horizon_specific_train_quantiles,25,0.5,position_rmse_m,ALL,0.18628456371357216,17,888
endpoint,Actual,23,low,horizon_specific_train_quantiles,25,0.5,position_rmse_m,Sep17,0.12387600920950505,8,201
endpoint,Actual,23,low,horizon_specific_train_quantiles,25,0.5,position_rmse_m,Sep7,0.24175883438385407,9,687
endpoint,Actual,23,low,horizon_specific_train_quantiles,25,0.5,velocity_rmse_m_s,ALL,0.30562179915625287,17,888
endpoint,Actual,23,low,horizon_specific_train_quantiles,25,0.5,velocity_rmse_m_s,Sep17,0.32771591851358395,8,201
endpoint,Actual,23,low,horizon_specific_train_quantiles,25,0.5,velocity_rmse_m_s,Sep7,0.28598258194973636,9,687
endpoint,Actual,23,low,horizon_specific_train_quantiles,50,1.0,attitude_error_deg,ALL,5.546251913695166,17,926
endpoint,Actual,23,low,horizon_specific_train_quantiles,50,1.0,attitude_error_deg,Sep17,5.788296310106224,8,208
endpoint,Actual,23,low,horizon_specific_train_quantiles,50,1.0,attitude_error_deg,Sep7,5.331101339107559,9,718
endpoint,Actual,23,low,horizon_specific_train_quantiles,50,1.0,body_rate_rmse_rad_s,ALL,0.6128050652405458,17,926
endpoint,Actual,23,low,horizon_specific_train_quantiles,50,1.0,body_rate_rmse_rad_s,Sep17,0.6075004781853566,8,208
endpoint,Actual,23,low,horizon_specific_train_quantiles,50,1.0,body_rate_rmse_rad_s,Sep7,0.6175202537340472,9,718
endpoint,Actual,23,low,horizon_specific_train_quantiles,50,1.0,position_rmse_m,ALL,0.46345762513201244,17,926
endpoint,Actual,23,low,horizon_specific_train_quantiles,50,1.0,position_rmse_m,Sep17,0.34852036234657685,8,208
endpoint,Actual,23,low,horizon_specific_train_quantiles,50,1.0,position_rmse_m,Sep7,0.5656240809412885,9,718
endpoint,Actual,23,low,horizon_specific_train_quantiles,50,1.0,velocity_rmse_m_s,ALL,0.5920061564942326,17,926
endpoint,Actual,23,low,horizon_specific_train_quantiles,50,1.0,velocity_rmse_m_s,Sep17,0.6285812134285844,8,208
endpoint,Actual,23,low,horizon_specific_train_quantiles,50,1.0,velocity_rmse_m_s,Sep7,0.5594949947748088,9,718
endpoint,Actual,23,middle,horizon_specific_train_quantiles,5,0.1,attitude_error_deg,ALL,1.3816767729521695,17,1290
endpoint,Actual,23,middle,horizon_specific_train_quantiles,5,0.1,attitude_error_deg,Sep17,1.3799328476724384,8,579
endpoint,Actual,23,middle,horizon_specific_train_quantiles,5,0.1,attitude_error_deg,Sep7,1.3832269287563745,9,711
endpoint,Actual,23,middle,horizon_specific_train_quantiles,5,0.1,body_rate_rmse_rad_s,ALL,0.5285423334732208,17,1290
endpoint,Actual,23,middle,horizon_specific_train_quantiles,5,0.1,body_rate_rmse_rad_s,Sep17,0.491878678071847,8,579
endpoint,Actual,23,middle,horizon_specific_train_quantiles,5,0.1,body_rate_rmse_rad_s,Sep7,0.561132249385553,9,711
endpoint,Actual,23,middle,horizon_specific_train_quantiles,5,0.1,position_rmse_m,ALL,0.03455598249298897,17,1290
endpoint,Actual,23,middle,horizon_specific_train_quantiles,5,0.1,position_rmse_m,Sep17,0.01808164870747302,8,579
endpoint,Actual,23,middle,horizon_specific_train_quantiles,5,0.1,position_rmse_m,Sep7,0.04919983474678092,9,711
endpoint,Actual,23,middle,horizon_specific_train_quantiles,5,0.1,velocity_rmse_m_s,ALL,0.12501392527569086,17,1290
endpoint,Actual,23,middle,horizon_specific_train_quantiles,5,0.1,velocity_rmse_m_s,Sep17,0.13124788152763248,8,579
endpoint,Actual,23,middle,horizon_specific_train_quantiles,5,0.1,velocity_rmse_m_s,Sep7,0.11947263082952052,9,711
endpoint,Actual,23,middle,horizon_specific_train_quantiles,10,0.2,attitude_error_deg,ALL,2.0721741157043096,17,1292
endpoint,Actual,23,middle,horizon_specific_train_quantiles,10,0.2,attitude_error_deg,Sep17,2.1355680314323875,8,589
endpoint,Actual,23,middle,horizon_specific_train_quantiles,10,0.2,attitude_error_deg,Sep7,2.015823968390462,9,703
endpoint,Actual,23,middle,horizon_specific_train_quantiles,10,0.2,body_rate_rmse_rad_s,ALL,0.5464189657401335,17,1292
endpoint,Actual,23,middle,horizon_specific_train_quantiles,10,0.2,body_rate_rmse_rad_s,Sep17,0.5047483777426407,8,589
endpoint,Actual,23,middle,horizon_specific_train_quantiles,10,0.2,body_rate_rmse_rad_s,Sep7,0.5834594884045716,9,703
endpoint,Actual,23,middle,horizon_specific_train_quantiles,10,0.2,position_rmse_m,ALL,0.06374851086451634,17,1292
endpoint,Actual,23,middle,horizon_specific_train_quantiles,10,0.2,position_rmse_m,Sep17,0.03627566949556169,8,589
endpoint,Actual,23,middle,horizon_specific_train_quantiles,10,0.2,position_rmse_m,Sep7,0.08816881430358715,9,703
endpoint,Actual,23,middle,horizon_specific_train_quantiles,10,0.2,velocity_rmse_m_s,ALL,0.17467308307955837,17,1292
endpoint,Actual,23,middle,horizon_specific_train_quantiles,10,0.2,velocity_rmse_m_s,Sep17,0.17841197468498943,8,589
endpoint,Actual,23,middle,horizon_specific_train_quantiles,10,0.2,velocity_rmse_m_s,Sep7,0.17134962387473074,9,703
endpoint,Actual,23,middle,horizon_specific_train_quantiles,25,0.5,attitude_error_deg,ALL,3.955097227258433,17,1240
endpoint,Actual,23,middle,horizon_specific_train_quantiles,25,0.5,attitude_error_deg,Sep17,4.173781223656603,8,631
endpoint,Actual,23,middle,horizon_specific_train_quantiles,25,0.5,attitude_error_deg,Sep7,3.760711452682282,9,609
endpoint,Actual,23,middle,horizon_specific_train_quantiles,25,0.5,body_rate_rmse_rad_s,ALL,0.5780590073335787,17,1240
endpoint,Actual,23,middle,horizon_specific_train_quantiles,25,0.5,body_rate_rmse_rad_s,Sep17,0.5491070819026291,8,631
endpoint,Actual,23,middle,horizon_specific_train_quantiles,25,0.5,body_rate_rmse_rad_s,Sep7,0.6037940521610895,9,609
endpoint,Actual,23,middle,horizon_specific_train_quantiles,25,0.5,position_rmse_m,ALL,0.1849851609595382,17,1240
endpoint,Actual,23,middle,horizon_specific_train_quantiles,25,0.5,position_rmse_m,Sep17,0.1131475754501075,8,631
endpoint,Actual,23,middle,horizon_specific_train_quantiles,25,0.5,position_rmse_m,Sep7,0.24884079252347668,9,609
endpoint,Actual,23,middle,horizon_specific_train_quantiles,25,0.5,velocity_rmse_m_s,ALL,0.32607843981865064,17,1240
endpoint,Actual,23,middle,horizon_specific_train_quantiles,25,0.5,velocity_rmse_m_s,Sep17,0.32655844029885417,8,631
endpoint,Actual,23,middle,horizon_specific_train_quantiles,25,0.5,velocity_rmse_m_s,Sep7,0.3256517727251364,9,609
endpoint,Actual,23,middle,horizon_specific_train_quantiles,50,1.0,attitude_error_deg,ALL,6.459048646918168,17,1188
endpoint,Actual,23,middle,horizon_specific_train_quantiles,50,1.0,attitude_error_deg,Sep17,6.71820002869728,8,620
endpoint,Actual,23,middle,horizon_specific_train_quantiles,50,1.0,attitude_error_deg,Sep7,6.228691863114512,9,568
endpoint,Actual,23,middle,horizon_specific_train_quantiles,50,1.0,body_rate_rmse_rad_s,ALL,0.6253036122841499,17,1188
endpoint,Actual,23,middle,horizon_specific_train_quantiles,50,1.0,body_rate_rmse_rad_s,Sep17,0.6189683919130298,8,620
endpoint,Actual,23,middle,horizon_specific_train_quantiles,50,1.0,body_rate_rmse_rad_s,Sep7,0.630934919280701,9,568
endpoint,Actual,23,middle,horizon_specific_train_quantiles,50,1.0,position_rmse_m,ALL,0.42550111427342474,17,1188
endpoint,Actual,23,middle,horizon_specific_train_quantiles,50,1.0,position_rmse_m,Sep17,0.329246553344306,8,620
endpoint,Actual,23,middle,horizon_specific_train_quantiles,50,1.0,position_rmse_m,Sep7,0.5110607239881969,9,568
endpoint,Actual,23,middle,horizon_specific_train_quantiles,50,1.0,velocity_rmse_m_s,ALL,0.6129546869382461,17,1188
endpoint,Actual,23,middle,horizon_specific_train_quantiles,50,1.0,velocity_rmse_m_s,Sep17,0.6117241711651571,8,620
endpoint,Actual,23,middle,horizon_specific_train_quantiles,50,1.0,velocity_rmse_m_s,Sep7,0.6140484787365472,9,568
endpoint,Actual,42,ALL,horizon_specific_train_quantiles,5,0.1,attitude_error_deg,ALL,1.4130256429973742,17,2582
endpoint,Actual,42,ALL,horizon_specific_train_quantiles,5,0.1,attitude_error_deg,Sep17,1.4779260556898177,8,1101
endpoint,Actual,42,ALL,horizon_specific_train_quantiles,5,0.1,attitude_error_deg,Sep7,1.355336387270758,9,1481
endpoint,Actual,42,ALL,horizon_specific_train_quantiles,5,0.1,body_rate_rmse_rad_s,ALL,0.5483794331513229,17,2582
endpoint,Actual,42,ALL,horizon_specific_train_quantiles,5,0.1,body_rate_rmse_rad_s,Sep17,0.5302459665563375,8,1101
endpoint,Actual,42,ALL,horizon_specific_train_quantiles,5,0.1,body_rate_rmse_rad_s,Sep7,0.5644980701246433,9,1481
endpoint,Actual,42,ALL,horizon_specific_train_quantiles,5,0.1,position_rmse_m,ALL,0.035169717334037454,17,2582
endpoint,Actual,42,ALL,horizon_specific_train_quantiles,5,0.1,position_rmse_m,Sep17,0.01851927580398196,8,1101
endpoint,Actual,42,ALL,horizon_specific_train_quantiles,5,0.1,position_rmse_m,Sep7,0.04997010980519788,9,1481
endpoint,Actual,42,ALL,horizon_specific_train_quantiles,5,0.1,velocity_rmse_m_s,ALL,0.14495216236968075,17,2582
endpoint,Actual,42,ALL,horizon_specific_train_quantiles,5,0.1,velocity_rmse_m_s,Sep17,0.1521007175366403,8,1101
endpoint,Actual,42,ALL,horizon_specific_train_quantiles,5,0.1,velocity_rmse_m_s,Sep7,0.13859789111016116,9,1481
endpoint,Actual,42,ALL,horizon_specific_train_quantiles,10,0.2,attitude_error_deg,ALL,2.2289348033561684,17,2582
endpoint,Actual,42,ALL,horizon_specific_train_quantiles,10,0.2,attitude_error_deg,Sep17,2.4276119983785844,8,1101
endpoint,Actual,42,ALL,horizon_specific_train_quantiles,10,0.2,attitude_error_deg,Sep7,2.052332852225132,9,1481
endpoint,Actual,42,ALL,horizon_specific_train_quantiles,10,0.2,body_rate_rmse_rad_s,ALL,0.5650685449125676,17,2582
endpoint,Actual,42,ALL,horizon_specific_train_quantiles,10,0.2,body_rate_rmse_rad_s,Sep17,0.5374540629190477,8,1101
endpoint,Actual,42,ALL,horizon_specific_train_quantiles,10,0.2,body_rate_rmse_rad_s,Sep7,0.5896147511290296,9,1481
endpoint,Actual,42,ALL,horizon_specific_train_quantiles,10,0.2,position_rmse_m,ALL,0.06988022607147458,17,2582
endpoint,Actual,42,ALL,horizon_specific_train_quantiles,10,0.2,position_rmse_m,Sep17,0.039687025497768806,8,1101
endpoint,Actual,42,ALL,horizon_specific_train_quantiles,10,0.2,position_rmse_m,Sep7,0.09671862658143528,9,1481
endpoint,Actual,42,ALL,horizon_specific_train_quantiles,10,0.2,velocity_rmse_m_s,ALL,0.19619477972288252,17,2582
endpoint,Actual,42,ALL,horizon_specific_train_quantiles,10,0.2,velocity_rmse_m_s,Sep17,0.2206793233100938,8,1101
endpoint,Actual,42,ALL,horizon_specific_train_quantiles,10,0.2,velocity_rmse_m_s,Sep7,0.1744307409786947,9,1481
endpoint,Actual,42,ALL,horizon_specific_train_quantiles,25,0.5,attitude_error_deg,ALL,4.125763726825424,17,2582
endpoint,Actual,42,ALL,horizon_specific_train_quantiles,25,0.5,attitude_error_deg,Sep17,4.689643898170552,8,1101
endpoint,Actual,42,ALL,horizon_specific_train_quantiles,25,0.5,attitude_error_deg,Sep7,3.6245369078519767,9,1481
endpoint,Actual,42,ALL,horizon_specific_train_quantiles,25,0.5,body_rate_rmse_rad_s,ALL,0.5933875807324948,17,2582
endpoint,Actual,42,ALL,horizon_specific_train_quantiles,25,0.5,body_rate_rmse_rad_s,Sep17,0.5558534135091175,8,1101
endpoint,Actual,42,ALL,horizon_specific_train_quantiles,25,0.5,body_rate_rmse_rad_s,Sep7,0.6267512849310521,9,1481
endpoint,Actual,42,ALL,horizon_specific_train_quantiles,25,0.5,position_rmse_m,ALL,0.19089634297239788,17,2582
endpoint,Actual,42,ALL,horizon_specific_train_quantiles,25,0.5,position_rmse_m,Sep17,0.12689403723965165,8,1101
endpoint,Actual,42,ALL,horizon_specific_train_quantiles,25,0.5,position_rmse_m,Sep7,0.24778728140150566,9,1481
endpoint,Actual,42,ALL,horizon_specific_train_quantiles,25,0.5,velocity_rmse_m_s,ALL,0.35546537899543085,17,2582
endpoint,Actual,42,ALL,horizon_specific_train_quantiles,25,0.5,velocity_rmse_m_s,Sep17,0.37060774182798517,8,1101
endpoint,Actual,42,ALL,horizon_specific_train_quantiles,25,0.5,velocity_rmse_m_s,Sep7,0.3420055009220493,9,1481
endpoint,Actual,42,ALL,horizon_specific_train_quantiles,50,1.0,attitude_error_deg,ALL,6.791357065137423,17,2582
endpoint,Actual,42,ALL,horizon_specific_train_quantiles,50,1.0,attitude_error_deg,Sep17,7.847912808215364,8,1101
endpoint,Actual,42,ALL,horizon_specific_train_quantiles,50,1.0,attitude_error_deg,Sep7,5.852196404623697,9,1481
endpoint,Actual,42,ALL,horizon_specific_train_quantiles,50,1.0,body_rate_rmse_rad_s,ALL,0.6121323463723045,17,2582
endpoint,Actual,42,ALL,horizon_specific_train_quantiles,50,1.0,body_rate_rmse_rad_s,Sep17,0.6074177776532983,8,1101
endpoint,Actual,42,ALL,horizon_specific_train_quantiles,50,1.0,body_rate_rmse_rad_s,Sep7,0.6163230741225322,9,1481
endpoint,Actual,42,ALL,horizon_specific_train_quantiles,50,1.0,position_rmse_m,ALL,0.46972623233621336,17,2582
endpoint,Actual,42,ALL,horizon_specific_train_quantiles,50,1.0,position_rmse_m,Sep17,0.3626683426390193,8,1101
endpoint,Actual,42,ALL,horizon_specific_train_quantiles,50,1.0,position_rmse_m,Sep7,0.5648888009559414,9,1481
endpoint,Actual,42,ALL,horizon_specific_train_quantiles,50,1.0,velocity_rmse_m_s,ALL,0.6506966114497089,17,2582
endpoint,Actual,42,ALL,horizon_specific_train_quantiles,50,1.0,velocity_rmse_m_s,Sep17,0.6955118791321241,8,1101
endpoint,Actual,42,ALL,horizon_specific_train_quantiles,50,1.0,velocity_rmse_m_s,Sep7,0.6108608179542288,9,1481
endpoint,Actual,42,high,horizon_specific_train_quantiles,5,0.1,attitude_error_deg,ALL,1.658818215691974,17,608
endpoint,Actual,42,high,horizon_specific_train_quantiles,5,0.1,attitude_error_deg,Sep17,1.8304740737441674,8,294
endpoint,Actual,42,high,horizon_specific_train_quantiles,5,0.1,attitude_error_deg,Sep7,1.5062352307566909,9,314
endpoint,Actual,42,high,horizon_specific_train_quantiles,5,0.1,body_rate_rmse_rad_s,ALL,0.5887747901547756,17,608
endpoint,Actual,42,high,horizon_specific_train_quantiles,5,0.1,body_rate_rmse_rad_s,Sep17,0.6227495665671584,8,294
endpoint,Actual,42,high,horizon_specific_train_quantiles,5,0.1,body_rate_rmse_rad_s,Sep7,0.5585749888993243,9,314
endpoint,Actual,42,high,horizon_specific_train_quantiles,5,0.1,position_rmse_m,ALL,0.04044985592613231,17,608
endpoint,Actual,42,high,horizon_specific_train_quantiles,5,0.1,position_rmse_m,Sep17,0.020807587182805534,8,294
endpoint,Actual,42,high,horizon_specific_train_quantiles,5,0.1,position_rmse_m,Sep7,0.057909650364645,9,314
endpoint,Actual,42,high,horizon_specific_train_quantiles,5,0.1,velocity_rmse_m_s,ALL,0.19229703167068207,17,608
endpoint,Actual,42,high,horizon_specific_train_quantiles,5,0.1,velocity_rmse_m_s,Sep17,0.2035865027596744,8,294
endpoint,Actual,42,high,horizon_specific_train_quantiles,5,0.1,velocity_rmse_m_s,Sep7,0.18226194625824443,9,314
endpoint,Actual,42,high,horizon_specific_train_quantiles,10,0.2,attitude_error_deg,ALL,2.832906774083888,17,503
endpoint,Actual,42,high,horizon_specific_train_quantiles,10,0.2,attitude_error_deg,Sep17,3.229070757686633,8,272
endpoint,Actual,42,high,horizon_specific_train_quantiles,10,0.2,attitude_error_deg,Sep7,2.4807610108814484,9,231
endpoint,Actual,42,high,horizon_specific_train_quantiles,10,0.2,body_rate_rmse_rad_s,ALL,0.6169709157506703,17,503
endpoint,Actual,42,high,horizon_specific_train_quantiles,10,0.2,body_rate_rmse_rad_s,Sep17,0.5974589852576561,8,272
endpoint,Actual,42,high,horizon_specific_train_quantiles,10,0.2,body_rate_rmse_rad_s,Sep7,0.634314853966683,9,231
endpoint,Actual,42,high,horizon_specific_train_quantiles,10,0.2,position_rmse_m,ALL,0.08392444107922438,17,503
endpoint,Actual,42,high,horizon_specific_train_quantiles,10,0.2,position_rmse_m,Sep17,0.04950204619791446,8,272
endpoint,Actual,42,high,horizon_specific_train_quantiles,10,0.2,position_rmse_m,Sep7,0.11452212541816653,9,231
endpoint,Actual,42,high,horizon_specific_train_quantiles,10,0.2,velocity_rmse_m_s,ALL,0.27727138248662186,17,503
endpoint,Actual,42,high,horizon_specific_train_quantiles,10,0.2,velocity_rmse_m_s,Sep17,0.31708033129427493,8,272
endpoint,Actual,42,high,horizon_specific_train_quantiles,10,0.2,velocity_rmse_m_s,Sep7,0.24188565021315245,9,231
endpoint,Actual,42,high,horizon_specific_train_quantiles,25,0.5,attitude_error_deg,ALL,5.075917607206997,17,454
endpoint,Actual,42,high,horizon_specific_train_quantiles,25,0.5,attitude_error_deg,Sep17,5.916036354247855,8,269
endpoint,Actual,42,high,horizon_specific_train_quantiles,25,0.5,attitude_error_deg,Sep7,4.3291453876151245,9,185
endpoint,Actual,42,high,horizon_specific_train_quantiles,25,0.5,body_rate_rmse_rad_s,ALL,0.6711899628816851,17,454
endpoint,Actual,42,high,horizon_specific_train_quantiles,25,0.5,body_rate_rmse_rad_s,Sep17,0.6265094280098035,8,269
endpoint,Actual,42,high,horizon_specific_train_quantiles,25,0.5,body_rate_rmse_rad_s,Sep7,0.7109059938789133,9,185
endpoint,Actual,42,high,horizon_specific_train_quantiles,25,0.5,position_rmse_m,ALL,0.22517131120364242,17,454
endpoint,Actual,42,high,horizon_specific_train_quantiles,25,0.5,position_rmse_m,Sep17,0.1671227658270349,8,269
endpoint,Actual,42,high,horizon_specific_train_quantiles,25,0.5,position_rmse_m,Sep7,0.27677001820507136,9,185
endpoint,Actual,42,high,horizon_specific_train_quantiles,25,0.5,velocity_rmse_m_s,ALL,0.5106354253878235,17,454
endpoint,Actual,42,high,horizon_specific_train_quantiles,25,0.5,velocity_rmse_m_s,Sep17,0.5129230101437408,8,269
endpoint,Actual,42,high,horizon_specific_train_quantiles,25,0.5,velocity_rmse_m_s,Sep7,0.5086020167158971,9,185
endpoint,Actual,42,high,horizon_specific_train_quantiles,50,1.0,attitude_error_deg,ALL,8.161037016507432,17,468
endpoint,Actual,42,high,horizon_specific_train_quantiles,50,1.0,attitude_error_deg,Sep17,9.085646791065875,8,273
endpoint,Actual,42,high,horizon_specific_train_quantiles,50,1.0,attitude_error_deg,Sep7,7.339161661344373,9,195
endpoint,Actual,42,high,horizon_specific_train_quantiles,50,1.0,body_rate_rmse_rad_s,ALL,0.6508769470311911,17,468
endpoint,Actual,42,high,horizon_specific_train_quantiles,50,1.0,body_rate_rmse_rad_s,Sep17,0.6654054650961583,8,273
endpoint,Actual,42,high,horizon_specific_train_quantiles,50,1.0,body_rate_rmse_rad_s,Sep7,0.6379627087512204,9,195
endpoint,Actual,42,high,horizon_specific_train_quantiles,50,1.0,position_rmse_m,ALL,0.5967781001355854,17,468
endpoint,Actual,42,high,horizon_specific_train_quantiles,50,1.0,position_rmse_m,Sep17,0.4820894028483749,8,273
endpoint,Actual,42,high,horizon_specific_train_quantiles,50,1.0,position_rmse_m,Sep7,0.6987236088353281,9,195
endpoint,Actual,42,high,horizon_specific_train_quantiles,50,1.0,velocity_rmse_m_s,ALL,0.8625716795704351,17,468
endpoint,Actual,42,high,horizon_specific_train_quantiles,50,1.0,velocity_rmse_m_s,Sep17,0.9267998417549992,8,273
endpoint,Actual,42,high,horizon_specific_train_quantiles,50,1.0,velocity_rmse_m_s,Sep7,0.8054799798508225,9,195
endpoint,Actual,42,low,horizon_specific_train_quantiles,5,0.1,attitude_error_deg,ALL,1.2672247377760375,17,684
endpoint,Actual,42,low,horizon_specific_train_quantiles,5,0.1,attitude_error_deg,Sep17,1.2267224744984107,8,228
endpoint,Actual,42,low,horizon_specific_train_quantiles,5,0.1,attitude_error_deg,Sep7,1.3032267495783723,9,456
endpoint,Actual,42,low,horizon_specific_train_quantiles,5,0.1,body_rate_rmse_rad_s,ALL,0.5178449974747753,17,684
endpoint,Actual,42,low,horizon_specific_train_quantiles,5,0.1,body_rate_rmse_rad_s,Sep17,0.46786588493694015,8,228
endpoint,Actual,42,low,horizon_specific_train_quantiles,5,0.1,body_rate_rmse_rad_s,Sep7,0.5622708752861842,9,456
endpoint,Actual,42,low,horizon_specific_train_quantiles,5,0.1,position_rmse_m,ALL,0.02981204343969129,17,684
endpoint,Actual,42,low,horizon_specific_train_quantiles,5,0.1,position_rmse_m,Sep17,0.016998782470881334,8,228
endpoint,Actual,42,low,horizon_specific_train_quantiles,5,0.1,position_rmse_m,Sep7,0.041201608745300135,9,456
endpoint,Actual,42,low,horizon_specific_train_quantiles,5,0.1,velocity_rmse_m_s,ALL,0.11951792116847137,17,684
endpoint,Actual,42,low,horizon_specific_train_quantiles,5,0.1,velocity_rmse_m_s,Sep17,0.12593629015221086,8,228
endpoint,Actual,42,low,horizon_specific_train_quantiles,5,0.1,velocity_rmse_m_s,Sep7,0.11381270429403628,9,456
endpoint,Actual,42,low,horizon_specific_train_quantiles,10,0.2,attitude_error_deg,ALL,1.9332654639831768,17,787
endpoint,Actual,42,low,horizon_specific_train_quantiles,10,0.2,attitude_error_deg,Sep17,1.8988050231011053,8,240
endpoint,Actual,42,low,horizon_specific_train_quantiles,10,0.2,attitude_error_deg,Sep7,1.9638969669894624,9,547
endpoint,Actual,42,low,horizon_specific_train_quantiles,10,0.2,body_rate_rmse_rad_s,ALL,0.5623334251627209,17,787
endpoint,Actual,42,low,horizon_specific_train_quantiles,10,0.2,body_rate_rmse_rad_s,Sep17,0.5231578958776804,8,240
endpoint,Actual,42,low,horizon_specific_train_quantiles,10,0.2,body_rate_rmse_rad_s,Sep7,0.5971561178605348,9,547
endpoint,Actual,42,low,horizon_specific_train_quantiles,10,0.2,position_rmse_m,ALL,0.06617397867272114,17,787
endpoint,Actual,42,low,horizon_specific_train_quantiles,10,0.2,position_rmse_m,Sep17,0.03528231361087793,8,240
endpoint,Actual,42,low,horizon_specific_train_quantiles,10,0.2,position_rmse_m,Sep7,0.09363323650547065,9,547
endpoint,Actual,42,low,horizon_specific_train_quantiles,10,0.2,velocity_rmse_m_s,ALL,0.1597746220411444,17,787
endpoint,Actual,42,low,horizon_specific_train_quantiles,10,0.2,velocity_rmse_m_s,Sep17,0.1673071859857173,8,240
endpoint,Actual,42,low,horizon_specific_train_quantiles,10,0.2,velocity_rmse_m_s,Sep7,0.1530790096459685,9,547
endpoint,Actual,42,low,horizon_specific_train_quantiles,25,0.5,attitude_error_deg,ALL,3.4534691421853476,17,888
endpoint,Actual,42,low,horizon_specific_train_quantiles,25,0.5,attitude_error_deg,Sep17,3.586922682278614,8,201
endpoint,Actual,42,low,horizon_specific_train_quantiles,25,0.5,attitude_error_deg,Sep7,3.3348437732135547,9,687
endpoint,Actual,42,low,horizon_specific_train_quantiles,25,0.5,body_rate_rmse_rad_s,ALL,0.553049721883558,17,888
endpoint,Actual,42,low,horizon_specific_train_quantiles,25,0.5,body_rate_rmse_rad_s,Sep17,0.49032986758222996,8,201
endpoint,Actual,42,low,horizon_specific_train_quantiles,25,0.5,body_rate_rmse_rad_s,Sep7,0.6088007034847387,9,687
endpoint,Actual,42,low,horizon_specific_train_quantiles,25,0.5,position_rmse_m,ALL,0.1799022976943684,17,888
endpoint,Actual,42,low,horizon_specific_train_quantiles,25,0.5,position_rmse_m,Sep17,0.11100318864555662,8,201
endpoint,Actual,42,low,horizon_specific_train_quantiles,25,0.5,position_rmse_m,Sep7,0.24114595018220117,9,687
endpoint,Actual,42,low,horizon_specific_train_quantiles,25,0.5,velocity_rmse_m_s,ALL,0.2858710533178651,17,888
endpoint,Actual,42,low,horizon_specific_train_quantiles,25,0.5,velocity_rmse_m_s,Sep17,0.28749024893348446,8,201
endpoint,Actual,42,low,horizon_specific_train_quantiles,25,0.5,velocity_rmse_m_s,Sep7,0.2844317683262034,9,687
endpoint,Actual,42,low,horizon_specific_train_quantiles,50,1.0,attitude_error_deg,ALL,5.916497703564797,17,926
endpoint,Actual,42,low,horizon_specific_train_quantiles,50,1.0,attitude_error_deg,Sep17,6.6487671974034255,8,208
endpoint,Actual,42,low,horizon_specific_train_quantiles,50,1.0,attitude_error_deg,Sep7,5.26559148681935,9,718
endpoint,Actual,42,low,horizon_specific_train_quantiles,50,1.0,body_rate_rmse_rad_s,ALL,0.5877215633306083,17,926
endpoint,Actual,42,low,horizon_specific_train_quantiles,50,1.0,body_rate_rmse_rad_s,Sep17,0.5668047857722354,8,208
endpoint,Actual,42,low,horizon_specific_train_quantiles,50,1.0,body_rate_rmse_rad_s,Sep7,0.6063142544936065,9,718
endpoint,Actual,42,low,horizon_specific_train_quantiles,50,1.0,position_rmse_m,ALL,0.44389058082607713,17,926
endpoint,Actual,42,low,horizon_specific_train_quantiles,50,1.0,position_rmse_m,Sep17,0.30947683396088976,8,208
endpoint,Actual,42,low,horizon_specific_train_quantiles,50,1.0,position_rmse_m,Sep7,0.5633694669284659,9,718
endpoint,Actual,42,low,horizon_specific_train_quantiles,50,1.0,velocity_rmse_m_s,ALL,0.5624647325404257,17,926
endpoint,Actual,42,low,horizon_specific_train_quantiles,50,1.0,velocity_rmse_m_s,Sep17,0.5683730042329239,8,208
endpoint,Actual,42,low,horizon_specific_train_quantiles,50,1.0,velocity_rmse_m_s,Sep7,0.5572129354804274,9,718
endpoint,Actual,42,middle,horizon_specific_train_quantiles,5,0.1,attitude_error_deg,ALL,1.339161265489947,17,1290
endpoint,Actual,42,middle,horizon_specific_train_quantiles,5,0.1,attitude_error_deg,Sep17,1.367714676725568,8,579
endpoint,Actual,42,middle,horizon_specific_train_quantiles,5,0.1,attitude_error_deg,Sep7,1.3137804555027282,9,711
endpoint,Actual,42,middle,horizon_specific_train_quantiles,5,0.1,body_rate_rmse_rad_s,ALL,0.5350265818566946,17,1290
endpoint,Actual,42,middle,horizon_specific_train_quantiles,5,0.1,body_rate_rmse_rad_s,Sep17,0.49905114851984084,8,579
endpoint,Actual,42,middle,horizon_specific_train_quantiles,5,0.1,body_rate_rmse_rad_s,Sep7,0.5670047448227868,9,711
endpoint,Actual,42,middle,horizon_specific_train_quantiles,5,0.1,position_rmse_m,ALL,0.03427850237354692,17,1290
endpoint,Actual,42,middle,horizon_specific_train_quantiles,5,0.1,position_rmse_m,Sep17,0.017498893604464612,8,579
endpoint,Actual,42,middle,horizon_specific_train_quantiles,5,0.1,position_rmse_m,Sep7,0.04919371016828674,9,711
endpoint,Actual,42,middle,horizon_specific_train_quantiles,5,0.1,velocity_rmse_m_s,ALL,0.1215834325400824,17,1290
endpoint,Actual,42,middle,horizon_specific_train_quantiles,5,0.1,velocity_rmse_m_s,Sep17,0.12602788180972072,8,579
endpoint,Actual,42,middle,horizon_specific_train_quantiles,5,0.1,velocity_rmse_m_s,Sep7,0.11763281096707054,9,711
endpoint,Actual,42,middle,horizon_specific_train_quantiles,10,0.2,attitude_error_deg,ALL,2.0736755740897195,17,1292
endpoint,Actual,42,middle,horizon_specific_train_quantiles,10,0.2,attitude_error_deg,Sep17,2.162513090238187,8,589
endpoint,Actual,42,middle,horizon_specific_train_quantiles,10,0.2,attitude_error_deg,Sep7,1.99470889306886,9,703
endpoint,Actual,42,middle,horizon_specific_train_quantiles,10,0.2,body_rate_rmse_rad_s,ALL,0.5394363600379097,17,1292
endpoint,Actual,42,middle,horizon_specific_train_quantiles,10,0.2,body_rate_rmse_rad_s,Sep17,0.510954375910522,8,589
endpoint,Actual,42,middle,horizon_specific_train_quantiles,10,0.2,body_rate_rmse_rad_s,Sep7,0.5647536792622544,9,703
endpoint,Actual,42,middle,horizon_specific_train_quantiles,10,0.2,position_rmse_m,ALL,0.06272611026156225,17,1292
endpoint,Actual,42,middle,horizon_specific_train_quantiles,10,0.2,position_rmse_m,Sep17,0.034798567164169715,8,589
endpoint,Actual,42,middle,horizon_specific_train_quantiles,10,0.2,position_rmse_m,Sep7,0.08755059301480003,9,703
endpoint,Actual,42,middle,horizon_specific_train_quantiles,10,0.2,velocity_rmse_m_s,ALL,0.1662265269916716,17,1292
endpoint,Actual,42,middle,horizon_specific_train_quantiles,10,0.2,velocity_rmse_m_s,Sep17,0.1741345530226525,8,589
endpoint,Actual,42,middle,horizon_specific_train_quantiles,10,0.2,velocity_rmse_m_s,Sep7,0.15919717051968854,9,703
endpoint,Actual,42,middle,horizon_specific_train_quantiles,25,0.5,attitude_error_deg,ALL,4.031118754155826,17,1240
endpoint,Actual,42,middle,horizon_specific_train_quantiles,25,0.5,attitude_error_deg,Sep17,4.374095994790979,8,631
endpoint,Actual,42,middle,horizon_specific_train_quantiles,25,0.5,attitude_error_deg,Sep7,3.7262500958134677,9,609
endpoint,Actual,42,middle,horizon_specific_train_quantiles,25,0.5,body_rate_rmse_rad_s,ALL,0.5707453050148897,17,1240
endpoint,Actual,42,middle,horizon_specific_train_quantiles,25,0.5,body_rate_rmse_rad_s,Sep17,0.5381274982153511,8,631
endpoint,Actual,42,middle,horizon_specific_train_quantiles,25,0.5,body_rate_rmse_rad_s,Sep7,0.5997389110589242,9,609
endpoint,Actual,42,middle,horizon_specific_train_quantiles,25,0.5,position_rmse_m,ALL,0.1823634795711992,17,1240
endpoint,Actual,42,middle,horizon_specific_train_quantiles,25,0.5,position_rmse_m,Sep17,0.10772420775450987,8,631
endpoint,Actual,42,middle,horizon_specific_train_quantiles,25,0.5,position_rmse_m,Sep7,0.24870949896381195,9,609
endpoint,Actual,42,middle,horizon_specific_train_quantiles,25,0.5,velocity_rmse_m_s,ALL,0.3189971271114051,17,1240
endpoint,Actual,42,middle,horizon_specific_train_quantiles,25,0.5,velocity_rmse_m_s,Sep17,0.3178768171868784,8,631
endpoint,Actual,42,middle,horizon_specific_train_quantiles,25,0.5,velocity_rmse_m_s,Sep7,0.3199929581554289,9,609
endpoint,Actual,42,middle,horizon_specific_train_quantiles,50,1.0,attitude_error_deg,ALL,6.730527058837163,17,1188
endpoint,Actual,42,middle,horizon_specific_train_quantiles,50,1.0,attitude_error_deg,Sep17,7.529902881555545,8,620
endpoint,Actual,42,middle,horizon_specific_train_quantiles,50,1.0,attitude_error_deg,Sep7,6.019970771976379,9,568
endpoint,Actual,42,middle,horizon_specific_train_quantiles,50,1.0,body_rate_rmse_rad_s,ALL,0.5993871078411758,17,1188
endpoint,Actual,42,middle,horizon_specific_train_quantiles,50,1.0,body_rate_rmse_rad_s,Sep17,0.585774101801086,8,620
endpoint,Actual,42,middle,horizon_specific_train_quantiles,50,1.0,body_rate_rmse_rad_s,Sep7,0.6114875576545887,9,568
endpoint,Actual,42,middle,horizon_specific_train_quantiles,50,1.0,position_rmse_m,ALL,0.4140900932502582,17,1188
endpoint,Actual,42,middle,horizon_specific_train_quantiles,50,1.0,position_rmse_m,Sep17,0.3097572068799859,8,620
endpoint,Actual,42,middle,horizon_specific_train_quantiles,50,1.0,position_rmse_m,Sep7,0.5068304366905002,9,568
endpoint,Actual,42,middle,horizon_specific_train_quantiles,50,1.0,velocity_rmse_m_s,ALL,0.6029240265477914,17,1188
endpoint,Actual,42,middle,horizon_specific_train_quantiles,50,1.0,velocity_rmse_m_s,Sep17,0.6080254574435484,8,620
endpoint,Actual,42,middle,horizon_specific_train_quantiles,50,1.0,velocity_rmse_m_s,Sep7,0.5983894213071186,9,568
endpoint,Hold,17,ALL,horizon_specific_train_quantiles,5,0.1,attitude_error_deg,ALL,1.5072386176396606,17,2582
endpoint,Hold,17,ALL,horizon_specific_train_quantiles,5,0.1,attitude_error_deg,Sep17,1.6067839279155747,8,1101
endpoint,Hold,17,ALL,horizon_specific_train_quantiles,5,0.1,attitude_error_deg,Sep7,1.4187538973944038,9,1481
endpoint,Hold,17,ALL,horizon_specific_train_quantiles,5,0.1,body_rate_rmse_rad_s,ALL,0.5431750351083459,17,2582
endpoint,Hold,17,ALL,horizon_specific_train_quantiles,5,0.1,body_rate_rmse_rad_s,Sep17,0.5356954513761325,8,1101
endpoint,Hold,17,ALL,horizon_specific_train_quantiles,5,0.1,body_rate_rmse_rad_s,Sep7,0.5498235539814245,9,1481
endpoint,Hold,17,ALL,horizon_specific_train_quantiles,5,0.1,position_rmse_m,ALL,0.035405058676828055,17,2582
endpoint,Hold,17,ALL,horizon_specific_train_quantiles,5,0.1,position_rmse_m,Sep17,0.018830436494935675,8,1101
endpoint,Hold,17,ALL,horizon_specific_train_quantiles,5,0.1,position_rmse_m,Sep7,0.0501380561718435,9,1481
endpoint,Hold,17,ALL,horizon_specific_train_quantiles,5,0.1,velocity_rmse_m_s,ALL,0.14394612080975824,17,2582
endpoint,Hold,17,ALL,horizon_specific_train_quantiles,5,0.1,velocity_rmse_m_s,Sep17,0.15563852481800636,8,1101
endpoint,Hold,17,ALL,horizon_specific_train_quantiles,5,0.1,velocity_rmse_m_s,Sep7,0.13355287280242661,9,1481
endpoint,Hold,17,ALL,horizon_specific_train_quantiles,10,0.2,attitude_error_deg,ALL,2.366843919135648,17,2582
endpoint,Hold,17,ALL,horizon_specific_train_quantiles,10,0.2,attitude_error_deg,Sep17,2.6392608335716323,8,1101
endpoint,Hold,17,ALL,horizon_specific_train_quantiles,10,0.2,attitude_error_deg,Sep7,2.1246955507481062,9,1481
endpoint,Hold,17,ALL,horizon_specific_train_quantiles,10,0.2,body_rate_rmse_rad_s,ALL,0.5806009860306424,17,2582
endpoint,Hold,17,ALL,horizon_specific_train_quantiles,10,0.2,body_rate_rmse_rad_s,Sep17,0.5557974169112563,8,1101
endpoint,Hold,17,ALL,horizon_specific_train_quantiles,10,0.2,body_rate_rmse_rad_s,Sep7,0.6026486030256523,9,1481
endpoint,Hold,17,ALL,horizon_specific_train_quantiles,10,0.2,position_rmse_m,ALL,0.07094333631577282,17,2582
endpoint,Hold,17,ALL,horizon_specific_train_quantiles,10,0.2,position_rmse_m,Sep17,0.04132462485016141,8,1101
endpoint,Hold,17,ALL,horizon_specific_train_quantiles,10,0.2,position_rmse_m,Sep7,0.09727107984076074,9,1481
endpoint,Hold,17,ALL,horizon_specific_train_quantiles,10,0.2,velocity_rmse_m_s,ALL,0.2039651036308764,17,2582
endpoint,Hold,17,ALL,horizon_specific_train_quantiles,10,0.2,velocity_rmse_m_s,Sep17,0.24311244028235623,8,1101
endpoint,Hold,17,ALL,horizon_specific_train_quantiles,10,0.2,velocity_rmse_m_s,Sep7,0.16916747105178326,9,1481
endpoint,Hold,17,ALL,horizon_specific_train_quantiles,25,0.5,attitude_error_deg,ALL,4.6295588741623455,17,2582
endpoint,Hold,17,ALL,horizon_specific_train_quantiles,25,0.5,attitude_error_deg,Sep17,5.215739585513059,8,1101
endpoint,Hold,17,ALL,horizon_specific_train_quantiles,25,0.5,attitude_error_deg,Sep7,4.108509352961711,9,1481
endpoint,Hold,17,ALL,horizon_specific_train_quantiles,25,0.5,body_rate_rmse_rad_s,ALL,0.6483820259243993,17,2582
endpoint,Hold,17,ALL,horizon_specific_train_quantiles,25,0.5,body_rate_rmse_rad_s,Sep17,0.6392855868456957,8,1101
endpoint,Hold,17,ALL,horizon_specific_train_quantiles,25,0.5,body_rate_rmse_rad_s,Sep7,0.6564677495499136,9,1481
endpoint,Hold,17,ALL,horizon_specific_train_quantiles,25,0.5,position_rmse_m,ALL,0.20208338883037463,17,2582
endpoint,Hold,17,ALL,horizon_specific_train_quantiles,25,0.5,position_rmse_m,Sep17,0.14443313875126584,8,1101
endpoint,Hold,17,ALL,horizon_specific_train_quantiles,25,0.5,position_rmse_m,Sep7,0.2533280555673602,9,1481
endpoint,Hold,17,ALL,horizon_specific_train_quantiles,25,0.5,velocity_rmse_m_s,ALL,0.4294802794850148,17,2582
endpoint,Hold,17,ALL,horizon_specific_train_quantiles,25,0.5,velocity_rmse_m_s,Sep17,0.4765855655504991,8,1101
endpoint,Hold,17,ALL,horizon_specific_train_quantiles,25,0.5,velocity_rmse_m_s,Sep7,0.3876089140934733,9,1481
endpoint,Hold,17,ALL,horizon_specific_train_quantiles,50,1.0,attitude_error_deg,ALL,7.930630424224872,17,2582
endpoint,Hold,17,ALL,horizon_specific_train_quantiles,50,1.0,attitude_error_deg,Sep17,8.592393731414806,8,1101
endpoint,Hold,17,ALL,horizon_specific_train_quantiles,50,1.0,attitude_error_deg,Sep7,7.342396373389374,9,1481
endpoint,Hold,17,ALL,horizon_specific_train_quantiles,50,1.0,body_rate_rmse_rad_s,ALL,0.7953119772371133,17,2582
endpoint,Hold,17,ALL,horizon_specific_train_quantiles,50,1.0,body_rate_rmse_rad_s,Sep17,0.8670247100297157,8,1101
endpoint,Hold,17,ALL,horizon_specific_train_quantiles,50,1.0,body_rate_rmse_rad_s,Sep7,0.7315673258659113,9,1481
endpoint,Hold,17,ALL,horizon_specific_train_quantiles,50,1.0,position_rmse_m,ALL,0.5342957975418826,17,2582
endpoint,Hold,17,ALL,horizon_specific_train_quantiles,50,1.0,position_rmse_m,Sep17,0.45224360257113666,8,1101
endpoint,Hold,17,ALL,horizon_specific_train_quantiles,50,1.0,position_rmse_m,Sep7,0.6072310819603235,9,1481
endpoint,Hold,17,ALL,horizon_specific_train_quantiles,50,1.0,velocity_rmse_m_s,ALL,0.8482442176165877,17,2582
endpoint,Hold,17,ALL,horizon_specific_train_quantiles,50,1.0,velocity_rmse_m_s,Sep17,0.9613120424902818,8,1101
endpoint,Hold,17,ALL,horizon_specific_train_quantiles,50,1.0,velocity_rmse_m_s,Sep7,0.7477394843955263,9,1481
endpoint,Hold,17,high,horizon_specific_train_quantiles,5,0.1,attitude_error_deg,ALL,1.853722111133483,17,608
endpoint,Hold,17,high,horizon_specific_train_quantiles,5,0.1,attitude_error_deg,Sep17,2.0779145019322893,8,294
endpoint,Hold,17,high,horizon_specific_train_quantiles,5,0.1,attitude_error_deg,Sep7,1.6544399859789882,9,314
endpoint,Hold,17,high,horizon_specific_train_quantiles,5,0.1,body_rate_rmse_rad_s,ALL,0.578147709622921,17,608
endpoint,Hold,17,high,horizon_specific_train_quantiles,5,0.1,body_rate_rmse_rad_s,Sep17,0.6242006837828251,8,294
endpoint,Hold,17,high,horizon_specific_train_quantiles,5,0.1,body_rate_rmse_rad_s,Sep7,0.5372117325918953,9,314
endpoint,Hold,17,high,horizon_specific_train_quantiles,5,0.1,position_rmse_m,ALL,0.04081025284689296,17,608
endpoint,Hold,17,high,horizon_specific_train_quantiles,5,0.1,position_rmse_m,Sep17,0.021423868656490354,8,294
endpoint,Hold,17,high,horizon_specific_train_quantiles,5,0.1,position_rmse_m,Sep7,0.058042594349473044,9,314
endpoint,Hold,17,high,horizon_specific_train_quantiles,5,0.1,velocity_rmse_m_s,ALL,0.1913224312598451,17,608
endpoint,Hold,17,high,horizon_specific_train_quantiles,5,0.1,velocity_rmse_m_s,Sep17,0.20876854929145428,8,294
endpoint,Hold,17,high,horizon_specific_train_quantiles,5,0.1,velocity_rmse_m_s,Sep7,0.17581477078730362,9,314
endpoint,Hold,17,high,horizon_specific_train_quantiles,10,0.2,attitude_error_deg,ALL,3.055372889201498,17,503
endpoint,Hold,17,high,horizon_specific_train_quantiles,10,0.2,attitude_error_deg,Sep17,3.562464355412189,8,272
endpoint,Hold,17,high,horizon_specific_train_quantiles,10,0.2,attitude_error_deg,Sep7,2.6046249192364397,9,231
endpoint,Hold,17,high,horizon_specific_train_quantiles,10,0.2,body_rate_rmse_rad_s,ALL,0.6307750435507994,17,503
endpoint,Hold,17,high,horizon_specific_train_quantiles,10,0.2,body_rate_rmse_rad_s,Sep17,0.6246287632250531,8,272
endpoint,Hold,17,high,horizon_specific_train_quantiles,10,0.2,body_rate_rmse_rad_s,Sep7,0.6362384038403515,9,231
endpoint,Hold,17,high,horizon_specific_train_quantiles,10,0.2,position_rmse_m,ALL,0.08556621320961084,17,503
endpoint,Hold,17,high,horizon_specific_train_quantiles,10,0.2,position_rmse_m,Sep17,0.05187982570003376,8,272
endpoint,Hold,17,high,horizon_specific_train_quantiles,10,0.2,position_rmse_m,Sep7,0.11550966877367935,9,231
endpoint,Hold,17,high,horizon_specific_train_quantiles,10,0.2,velocity_rmse_m_s,ALL,0.2813993416139007,17,503
endpoint,Hold,17,high,horizon_specific_train_quantiles,10,0.2,velocity_rmse_m_s,Sep17,0.33383296787386263,8,272
endpoint,Hold,17,high,horizon_specific_train_quantiles,10,0.2,velocity_rmse_m_s,Sep7,0.23479167382726784,9,231
endpoint,Hold,17,high,horizon_specific_train_quantiles,25,0.5,attitude_error_deg,ALL,6.139716169079168,17,454
endpoint,Hold,17,high,horizon_specific_train_quantiles,25,0.5,attitude_error_deg,Sep17,6.914167882768236,8,269
endpoint,Hold,17,high,horizon_specific_train_quantiles,25,0.5,attitude_error_deg,Sep7,5.4513146457999975,9,185
endpoint,Hold,17,high,horizon_specific_train_quantiles,25,0.5,body_rate_rmse_rad_s,ALL,0.7296614571682009,17,454
endpoint,Hold,17,high,horizon_specific_train_quantiles,25,0.5,body_rate_rmse_rad_s,Sep17,0.7141851161122299,8,269
endpoint,Hold,17,high,horizon_specific_train_quantiles,25,0.5,body_rate_rmse_rad_s,Sep7,0.7434182047735083,9,185
endpoint,Hold,17,high,horizon_specific_train_quantiles,25,0.5,position_rmse_m,ALL,0.2416594799535583,17,454
endpoint,Hold,17,high,horizon_specific_train_quantiles,25,0.5,position_rmse_m,Sep17,0.19129036591840293,8,269
endpoint,Hold,17,high,horizon_specific_train_quantiles,25,0.5,position_rmse_m,Sep7,0.2864320257625853,9,185
endpoint,Hold,17,high,horizon_specific_train_quantiles,25,0.5,velocity_rmse_m_s,ALL,0.6076697068610963,17,454
endpoint,Hold,17,high,horizon_specific_train_quantiles,25,0.5,velocity_rmse_m_s,Sep17,0.6556168209870327,8,269
endpoint,Hold,17,high,horizon_specific_train_quantiles,25,0.5,velocity_rmse_m_s,Sep7,0.565050049860264,9,185
endpoint,Hold,17,high,horizon_specific_train_quantiles,50,1.0,attitude_error_deg,ALL,10.543525887411924,17,468
endpoint,Hold,17,high,horizon_specific_train_quantiles,50,1.0,attitude_error_deg,Sep17,11.083405412494903,8,273
endpoint,Hold,17,high,horizon_specific_train_quantiles,50,1.0,attitude_error_deg,Sep7,10.063632976227055,9,195
endpoint,Hold,17,high,horizon_specific_train_quantiles,50,1.0,body_rate_rmse_rad_s,ALL,0.8764995272729132,17,468
endpoint,Hold,17,high,horizon_specific_train_quantiles,50,1.0,body_rate_rmse_rad_s,Sep17,0.9619169195803209,8,273
endpoint,Hold,17,high,horizon_specific_train_quantiles,50,1.0,body_rate_rmse_rad_s,Sep7,0.8005729563329953,9,195
endpoint,Hold,17,high,horizon_specific_train_quantiles,50,1.0,position_rmse_m,ALL,0.6821280256779185,17,468
endpoint,Hold,17,high,horizon_specific_train_quantiles,50,1.0,position_rmse_m,Sep17,0.5985311429047486,8,273
endpoint,Hold,17,high,horizon_specific_train_quantiles,50,1.0,position_rmse_m,Sep7,0.756436365920736,9,195
endpoint,Hold,17,high,horizon_specific_train_quantiles,50,1.0,velocity_rmse_m_s,ALL,1.1489479245887315,17,468
endpoint,Hold,17,high,horizon_specific_train_quantiles,50,1.0,velocity_rmse_m_s,Sep17,1.2848257339120779,8,273
endpoint,Hold,17,high,horizon_specific_train_quantiles,50,1.0,velocity_rmse_m_s,Sep7,1.028167649634646,9,195
endpoint,Hold,17,low,horizon_specific_train_quantiles,5,0.1,attitude_error_deg,ALL,1.2350556037629414,17,684
endpoint,Hold,17,low,horizon_specific_train_quantiles,5,0.1,attitude_error_deg,Sep17,1.2075102743390145,8,228
endpoint,Hold,17,low,horizon_specific_train_quantiles,5,0.1,attitude_error_deg,Sep7,1.2595403410286543,9,456
endpoint,Hold,17,low,horizon_specific_train_quantiles,5,0.1,body_rate_rmse_rad_s,ALL,0.5186383006876025,17,684
endpoint,Hold,17,low,horizon_specific_train_quantiles,5,0.1,body_rate_rmse_rad_s,Sep17,0.47034701686952207,8,228
endpoint,Hold,17,low,horizon_specific_train_quantiles,5,0.1,body_rate_rmse_rad_s,Sep7,0.561563886303674,9,456
endpoint,Hold,17,low,horizon_specific_train_quantiles,5,0.1,position_rmse_m,ALL,0.029880273581430344,17,684
endpoint,Hold,17,low,horizon_specific_train_quantiles,5,0.1,position_rmse_m,Sep17,0.016964134915903706,8,228
endpoint,Hold,17,low,horizon_specific_train_quantiles,5,0.1,position_rmse_m,Sep7,0.041361285728565136,9,456
endpoint,Hold,17,low,horizon_specific_train_quantiles,5,0.1,velocity_rmse_m_s,ALL,0.11339027843703146,17,684
endpoint,Hold,17,low,horizon_specific_train_quantiles,5,0.1,velocity_rmse_m_s,Sep17,0.12045977699537487,8,228
endpoint,Hold,17,low,horizon_specific_train_quantiles,5,0.1,velocity_rmse_m_s,Sep7,0.107106279718504,9,456
endpoint,Hold,17,low,horizon_specific_train_quantiles,10,0.2,attitude_error_deg,ALL,1.9427806894205044,17,787
endpoint,Hold,17,low,horizon_specific_train_quantiles,10,0.2,attitude_error_deg,Sep17,1.9253365262381186,8,240
endpoint,Hold,17,low,horizon_specific_train_quantiles,10,0.2,attitude_error_deg,Sep7,1.9582866122492923,9,547
endpoint,Hold,17,low,horizon_specific_train_quantiles,10,0.2,body_rate_rmse_rad_s,ALL,0.5784984838444108,17,787
endpoint,Hold,17,low,horizon_specific_train_quantiles,10,0.2,body_rate_rmse_rad_s,Sep17,0.5448821204910328,8,240
endpoint,Hold,17,low,horizon_specific_train_quantiles,10,0.2,body_rate_rmse_rad_s,Sep7,0.6083796957140803,9,547
endpoint,Hold,17,low,horizon_specific_train_quantiles,10,0.2,position_rmse_m,ALL,0.0670178947149724,17,787
endpoint,Hold,17,low,horizon_specific_train_quantiles,10,0.2,position_rmse_m,Sep17,0.036697534879475184,8,240
endpoint,Hold,17,low,horizon_specific_train_quantiles,10,0.2,position_rmse_m,Sep7,0.0939693256798588,9,547
endpoint,Hold,17,low,horizon_specific_train_quantiles,10,0.2,velocity_rmse_m_s,ALL,0.1637352675921446,17,787
endpoint,Hold,17,low,horizon_specific_train_quantiles,10,0.2,velocity_rmse_m_s,Sep17,0.18440916334381757,8,240
endpoint,Hold,17,low,horizon_specific_train_quantiles,10,0.2,velocity_rmse_m_s,Sep7,0.1453584713684353,9,547
endpoint,Hold,17,low,horizon_specific_train_quantiles,25,0.5,attitude_error_deg,ALL,3.641252989154888,17,888
endpoint,Hold,17,low,horizon_specific_train_quantiles,25,0.5,attitude_error_deg,Sep17,3.5943544276248516,8,201
endpoint,Hold,17,low,horizon_specific_train_quantiles,25,0.5,attitude_error_deg,Sep7,3.6829405994038087,9,687
endpoint,Hold,17,low,horizon_specific_train_quantiles,25,0.5,body_rate_rmse_rad_s,ALL,0.5878154897693664,17,888
endpoint,Hold,17,low,horizon_specific_train_quantiles,25,0.5,body_rate_rmse_rad_s,Sep17,0.5294030170523965,8,201
endpoint,Hold,17,low,horizon_specific_train_quantiles,25,0.5,body_rate_rmse_rad_s,Sep7,0.6397376877400061,9,687
endpoint,Hold,17,low,horizon_specific_train_quantiles,25,0.5,position_rmse_m,ALL,0.1889791478932614,17,888
endpoint,Hold,17,low,horizon_specific_train_quantiles,25,0.5,position_rmse_m,Sep17,0.12508593272623658,8,201
endpoint,Hold,17,low,horizon_specific_train_quantiles,25,0.5,position_rmse_m,Sep7,0.2457731169306168,9,687
endpoint,Hold,17,low,horizon_specific_train_quantiles,25,0.5,velocity_rmse_m_s,ALL,0.32540847306324716,17,888
endpoint,Hold,17,low,horizon_specific_train_quantiles,25,0.5,velocity_rmse_m_s,Sep17,0.3419933038172302,8,201
endpoint,Hold,17,low,horizon_specific_train_quantiles,25,0.5,velocity_rmse_m_s,Sep7,0.31066640128192885,9,687
endpoint,Hold,17,low,horizon_specific_train_quantiles,50,1.0,attitude_error_deg,ALL,6.516889601529256,17,926
endpoint,Hold,17,low,horizon_specific_train_quantiles,50,1.0,attitude_error_deg,Sep17,6.575509797655343,8,208
endpoint,Hold,17,low,horizon_specific_train_quantiles,50,1.0,attitude_error_deg,Sep7,6.464782760528291,9,718
endpoint,Hold,17,low,horizon_specific_train_quantiles,50,1.0,body_rate_rmse_rad_s,ALL,0.6692109447534215,17,926
endpoint,Hold,17,low,horizon_specific_train_quantiles,50,1.0,body_rate_rmse_rad_s,Sep17,0.6756867231514299,8,208
endpoint,Hold,17,low,horizon_specific_train_quantiles,50,1.0,body_rate_rmse_rad_s,Sep7,0.6634546972885251,9,718
endpoint,Hold,17,low,horizon_specific_train_quantiles,50,1.0,position_rmse_m,ALL,0.4865022838789561,17,926
endpoint,Hold,17,low,horizon_specific_train_quantiles,50,1.0,position_rmse_m,Sep17,0.35934666299931994,8,208
endpoint,Hold,17,low,horizon_specific_train_quantiles,50,1.0,position_rmse_m,Sep7,0.5995295024386326,9,718
endpoint,Hold,17,low,horizon_specific_train_quantiles,50,1.0,velocity_rmse_m_s,ALL,0.66176837897274,17,926
endpoint,Hold,17,low,horizon_specific_train_quantiles,50,1.0,velocity_rmse_m_s,Sep17,0.6830449844173291,8,208
endpoint,Hold,17,low,horizon_specific_train_quantiles,50,1.0,velocity_rmse_m_s,Sep7,0.6428558407997719,9,718
endpoint,Hold,17,middle,horizon_specific_train_quantiles,5,0.1,attitude_error_deg,ALL,1.4279775165582727,17,1290
endpoint,Hold,17,middle,horizon_specific_train_quantiles,5,0.1,attitude_error_deg,Sep17,1.4685440427307925,8,579
endpoint,Hold,17,middle,horizon_specific_train_quantiles,5,0.1,attitude_error_deg,Sep7,1.3919183821826993,9,711
endpoint,Hold,17,middle,horizon_specific_train_quantiles,5,0.1,body_rate_rmse_rad_s,ALL,0.5273093987129066,17,1290
endpoint,Hold,17,middle,horizon_specific_train_quantiles,5,0.1,body_rate_rmse_rad_s,Sep17,0.5066490811276215,8,579
endpoint,Hold,17,middle,horizon_specific_train_quantiles,5,0.1,body_rate_rmse_rad_s,Sep7,0.5456741254553824,9,711
endpoint,Hold,17,middle,horizon_specific_train_quantiles,5,0.1,position_rmse_m,ALL,0.03447906332302952,17,1290
endpoint,Hold,17,middle,horizon_specific_train_quantiles,5,0.1,position_rmse_m,Sep17,0.01781254615788702,8,579
endpoint,Hold,17,middle,horizon_specific_train_quantiles,5,0.1,position_rmse_m,Sep7,0.04929374524760063,9,711
endpoint,Hold,17,middle,horizon_specific_train_quantiles,5,0.1,velocity_rmse_m_s,ALL,0.12029099885679027,17,1290
endpoint,Hold,17,middle,horizon_specific_train_quantiles,5,0.1,velocity_rmse_m_s,Sep17,0.13172747687591996,8,579
endpoint,Hold,17,middle,horizon_specific_train_quantiles,5,0.1,velocity_rmse_m_s,Sep7,0.1101252406175639,9,711
endpoint,Hold,17,middle,horizon_specific_train_quantiles,10,0.2,attitude_error_deg,ALL,2.2312700439613393,17,1292
endpoint,Hold,17,middle,horizon_specific_train_quantiles,10,0.2,attitude_error_deg,Sep17,2.368820363331056,8,589
endpoint,Hold,17,middle,horizon_specific_train_quantiles,10,0.2,attitude_error_deg,Sep7,2.10900309341048,9,703
endpoint,Hold,17,middle,horizon_specific_train_quantiles,10,0.2,body_rate_rmse_rad_s,ALL,0.5548921019107261,17,1292
endpoint,Hold,17,middle,horizon_specific_train_quantiles,10,0.2,body_rate_rmse_rad_s,Sep17,0.5227008402590116,8,589
endpoint,Hold,17,middle,horizon_specific_train_quantiles,10,0.2,body_rate_rmse_rad_s,Sep7,0.5835065567122502,9,703
endpoint,Hold,17,middle,horizon_specific_train_quantiles,10,0.2,position_rmse_m,ALL,0.06365687199686268,17,1292
endpoint,Hold,17,middle,horizon_specific_train_quantiles,10,0.2,position_rmse_m,Sep17,0.03628349457260151,8,589
endpoint,Hold,17,middle,horizon_specific_train_quantiles,10,0.2,position_rmse_m,Sep7,0.08798876304065038,9,703
endpoint,Hold,17,middle,horizon_specific_train_quantiles,10,0.2,velocity_rmse_m_s,ALL,0.1768420728408303,17,1292
endpoint,Hold,17,middle,horizon_specific_train_quantiles,10,0.2,velocity_rmse_m_s,Sep17,0.2030792475941849,8,589
endpoint,Hold,17,middle,horizon_specific_train_quantiles,10,0.2,velocity_rmse_m_s,Sep7,0.15352013972673734,9,703
endpoint,Hold,17,middle,horizon_specific_train_quantiles,25,0.5,attitude_error_deg,ALL,4.437098805298753,17,1240
endpoint,Hold,17,middle,horizon_specific_train_quantiles,25,0.5,attitude_error_deg,Sep17,4.784927290054231,8,631
endpoint,Hold,17,middle,horizon_specific_train_quantiles,25,0.5,attitude_error_deg,Sep7,4.12791792996055,9,609
endpoint,Hold,17,middle,horizon_specific_train_quantiles,25,0.5,body_rate_rmse_rad_s,ALL,0.6312721859693722,17,1240
endpoint,Hold,17,middle,horizon_specific_train_quantiles,25,0.5,body_rate_rmse_rad_s,Sep17,0.6289506964724582,8,631
endpoint,Hold,17,middle,horizon_specific_train_quantiles,25,0.5,body_rate_rmse_rad_s,Sep7,0.6333357321888513,9,609
endpoint,Hold,17,middle,horizon_specific_train_quantiles,25,0.5,position_rmse_m,ALL,0.1917862909349156,17,1240
endpoint,Hold,17,middle,horizon_specific_train_quantiles,25,0.5,position_rmse_m,Sep17,0.12198389576704943,8,631
endpoint,Hold,17,middle,horizon_specific_train_quantiles,25,0.5,position_rmse_m,Sep7,0.2538328644174633,9,609
endpoint,Hold,17,middle,horizon_specific_train_quantiles,25,0.5,velocity_rmse_m_s,ALL,0.39474357867553045,17,1240
endpoint,Hold,17,middle,horizon_specific_train_quantiles,25,0.5,velocity_rmse_m_s,Sep17,0.4161192389563541,8,631
endpoint,Hold,17,middle,horizon_specific_train_quantiles,25,0.5,velocity_rmse_m_s,Sep7,0.37574299175924275,9,609
endpoint,Hold,17,middle,horizon_specific_train_quantiles,50,1.0,attitude_error_deg,ALL,7.534909214887544,17,1188
endpoint,Hold,17,middle,horizon_specific_train_quantiles,50,1.0,attitude_error_deg,Sep17,7.818110196550888,8,620
endpoint,Hold,17,middle,horizon_specific_train_quantiles,50,1.0,attitude_error_deg,Sep7,7.28317500896457,9,568
endpoint,Hold,17,middle,horizon_specific_train_quantiles,50,1.0,body_rate_rmse_rad_s,ALL,0.816736834236175,17,1188
endpoint,Hold,17,middle,horizon_specific_train_quantiles,50,1.0,body_rate_rmse_rad_s,Sep17,0.879339637157358,8,620
endpoint,Hold,17,middle,horizon_specific_train_quantiles,50,1.0,body_rate_rmse_rad_s,Sep7,0.7610898983062349,9,568
endpoint,Hold,17,middle,horizon_specific_train_quantiles,50,1.0,position_rmse_m,ALL,0.4753710809781236,17,1188
endpoint,Hold,17,middle,horizon_specific_train_quantiles,50,1.0,position_rmse_m,Sep17,0.3916538081552608,8,620
endpoint,Hold,17,middle,horizon_specific_train_quantiles,50,1.0,position_rmse_m,Sep7,0.5497864345984461,9,568
endpoint,Hold,17,middle,horizon_specific_train_quantiles,50,1.0,velocity_rmse_m_s,ALL,0.7981815568354211,17,1188
endpoint,Hold,17,middle,horizon_specific_train_quantiles,50,1.0,velocity_rmse_m_s,Sep17,0.8530585027635086,8,620
endpoint,Hold,17,middle,horizon_specific_train_quantiles,50,1.0,velocity_rmse_m_s,Sep7,0.749402049343788,9,568
endpoint,Hold,23,ALL,horizon_specific_train_quantiles,5,0.1,attitude_error_deg,ALL,1.5453235058738355,17,2582
endpoint,Hold,23,ALL,horizon_specific_train_quantiles,5,0.1,attitude_error_deg,Sep17,1.6288479273227883,8,1101
endpoint,Hold,23,ALL,horizon_specific_train_quantiles,5,0.1,attitude_error_deg,Sep7,1.4710795756969886,9,1481
endpoint,Hold,23,ALL,horizon_specific_train_quantiles,5,0.1,body_rate_rmse_rad_s,ALL,0.5443730234838422,17,2582
endpoint,Hold,23,ALL,horizon_specific_train_quantiles,5,0.1,body_rate_rmse_rad_s,Sep17,0.53451304891981,8,1101
endpoint,Hold,23,ALL,horizon_specific_train_quantiles,5,0.1,body_rate_rmse_rad_s,Sep7,0.5531374453185375,9,1481
endpoint,Hold,23,ALL,horizon_specific_train_quantiles,5,0.1,position_rmse_m,ALL,0.03553728440061116,17,2582
endpoint,Hold,23,ALL,horizon_specific_train_quantiles,5,0.1,position_rmse_m,Sep17,0.01920514926781196,8,1101
endpoint,Hold,23,ALL,horizon_specific_train_quantiles,5,0.1,position_rmse_m,Sep7,0.05005473785198822,9,1481
endpoint,Hold,23,ALL,horizon_specific_train_quantiles,5,0.1,velocity_rmse_m_s,ALL,0.15333204157888347,17,2582
endpoint,Hold,23,ALL,horizon_specific_train_quantiles,5,0.1,velocity_rmse_m_s,Sep17,0.16628207172989112,8,1101
endpoint,Hold,23,ALL,horizon_specific_train_quantiles,5,0.1,velocity_rmse_m_s,Sep7,0.14182090366687664,9,1481
endpoint,Hold,23,ALL,horizon_specific_train_quantiles,10,0.2,attitude_error_deg,ALL,2.4004646741784716,17,2582
endpoint,Hold,23,ALL,horizon_specific_train_quantiles,10,0.2,attitude_error_deg,Sep17,2.7024193884890924,8,1101
endpoint,Hold,23,ALL,horizon_specific_train_quantiles,10,0.2,attitude_error_deg,Sep7,2.132060483680142,9,1481
endpoint,Hold,23,ALL,horizon_specific_train_quantiles,10,0.2,body_rate_rmse_rad_s,ALL,0.588221928948566,17,2582
endpoint,Hold,23,ALL,horizon_specific_train_quantiles,10,0.2,body_rate_rmse_rad_s,Sep17,0.5590143594076782,8,1101
endpoint,Hold,23,ALL,horizon_specific_train_quantiles,10,0.2,body_rate_rmse_rad_s,Sep7,0.6141842129849107,9,1481
endpoint,Hold,23,ALL,horizon_specific_train_quantiles,10,0.2,position_rmse_m,ALL,0.07149177567480679,17,2582
endpoint,Hold,23,ALL,horizon_specific_train_quantiles,10,0.2,position_rmse_m,Sep17,0.04261414703426647,8,1101
endpoint,Hold,23,ALL,horizon_specific_train_quantiles,10,0.2,position_rmse_m,Sep7,0.09716077891084263,9,1481
endpoint,Hold,23,ALL,horizon_specific_train_quantiles,10,0.2,velocity_rmse_m_s,ALL,0.21268688988820747,17,2582
endpoint,Hold,23,ALL,horizon_specific_train_quantiles,10,0.2,velocity_rmse_m_s,Sep17,0.24973104394641094,8,1101
endpoint,Hold,23,ALL,horizon_specific_train_quantiles,10,0.2,velocity_rmse_m_s,Sep7,0.17975875294758212,9,1481
endpoint,Hold,23,ALL,horizon_specific_train_quantiles,25,0.5,attitude_error_deg,ALL,4.722507820642919,17,2582
endpoint,Hold,23,ALL,horizon_specific_train_quantiles,25,0.5,attitude_error_deg,Sep17,5.3541051693531,8,1101
endpoint,Hold,23,ALL,horizon_specific_train_quantiles,25,0.5,attitude_error_deg,Sep7,4.161087955122759,9,1481
endpoint,Hold,23,ALL,horizon_specific_train_quantiles,25,0.5,body_rate_rmse_rad_s,ALL,0.650017305461307,17,2582
endpoint,Hold,23,ALL,horizon_specific_train_quantiles,25,0.5,body_rate_rmse_rad_s,Sep17,0.6472926905931925,8,1101
endpoint,Hold,23,ALL,horizon_specific_train_quantiles,25,0.5,body_rate_rmse_rad_s,Sep7,0.6524391853440754,9,1481
endpoint,Hold,23,ALL,horizon_specific_train_quantiles,25,0.5,position_rmse_m,ALL,0.20508616227355408,17,2582
endpoint,Hold,23,ALL,horizon_specific_train_quantiles,25,0.5,position_rmse_m,Sep17,0.15208515281534102,8,1101
endpoint,Hold,23,ALL,horizon_specific_train_quantiles,25,0.5,position_rmse_m,Sep7,0.2521981706808546,9,1481
endpoint,Hold,23,ALL,horizon_specific_train_quantiles,25,0.5,velocity_rmse_m_s,ALL,0.44182595054035273,17,2582
endpoint,Hold,23,ALL,horizon_specific_train_quantiles,25,0.5,velocity_rmse_m_s,Sep17,0.5026311581490952,8,1101
endpoint,Hold,23,ALL,horizon_specific_train_quantiles,25,0.5,velocity_rmse_m_s,Sep7,0.3877768771103594,9,1481
endpoint,Hold,23,ALL,horizon_specific_train_quantiles,50,1.0,attitude_error_deg,ALL,8.2327376730908,17,2582
endpoint,Hold,23,ALL,horizon_specific_train_quantiles,50,1.0,attitude_error_deg,Sep17,8.960510083847822,8,1101
endpoint,Hold,23,ALL,horizon_specific_train_quantiles,50,1.0,attitude_error_deg,Sep7,7.585828863529004,9,1481
endpoint,Hold,23,ALL,horizon_specific_train_quantiles,50,1.0,body_rate_rmse_rad_s,ALL,0.8040863764259933,17,2582
endpoint,Hold,23,ALL,horizon_specific_train_quantiles,50,1.0,body_rate_rmse_rad_s,Sep17,0.8746368848010433,8,1101
endpoint,Hold,23,ALL,horizon_specific_train_quantiles,50,1.0,body_rate_rmse_rad_s,Sep7,0.7413748134259491,9,1481
endpoint,Hold,23,ALL,horizon_specific_train_quantiles,50,1.0,position_rmse_m,ALL,0.5435184711387413,17,2582
endpoint,Hold,23,ALL,horizon_specific_train_quantiles,50,1.0,position_rmse_m,Sep17,0.4776121598872773,8,1101
endpoint,Hold,23,ALL,horizon_specific_train_quantiles,50,1.0,position_rmse_m,Sep7,0.6021018589178203,9,1481
endpoint,Hold,23,ALL,horizon_specific_train_quantiles,50,1.0,velocity_rmse_m_s,ALL,0.8562203383044106,17,2582
endpoint,Hold,23,ALL,horizon_specific_train_quantiles,50,1.0,velocity_rmse_m_s,Sep17,0.9826971782797216,8,1101
endpoint,Hold,23,ALL,horizon_specific_train_quantiles,50,1.0,velocity_rmse_m_s,Sep7,0.7437964805485787,9,1481
endpoint,Hold,23,high,horizon_specific_train_quantiles,5,0.1,attitude_error_deg,ALL,1.8733752646737178,17,608
endpoint,Hold,23,high,horizon_specific_train_quantiles,5,0.1,attitude_error_deg,Sep17,2.092563499123937,8,294
endpoint,Hold,23,high,horizon_specific_train_quantiles,5,0.1,attitude_error_deg,Sep7,1.6785412784957452,9,314
endpoint,Hold,23,high,horizon_specific_train_quantiles,5,0.1,body_rate_rmse_rad_s,ALL,0.587769717433436,17,608
endpoint,Hold,23,high,horizon_specific_train_quantiles,5,0.1,body_rate_rmse_rad_s,Sep17,0.6370757367004992,8,294
endpoint,Hold,23,high,horizon_specific_train_quantiles,5,0.1,body_rate_rmse_rad_s,Sep7,0.543942144751602,9,314
endpoint,Hold,23,high,horizon_specific_train_quantiles,5,0.1,position_rmse_m,ALL,0.0409418992013896,17,608
endpoint,Hold,23,high,horizon_specific_train_quantiles,5,0.1,position_rmse_m,Sep17,0.021649803838572335,8,294
endpoint,Hold,23,high,horizon_specific_train_quantiles,5,0.1,position_rmse_m,Sep7,0.05809042841278273,9,314
endpoint,Hold,23,high,horizon_specific_train_quantiles,5,0.1,velocity_rmse_m_s,ALL,0.20246167889089756,17,608
endpoint,Hold,23,high,horizon_specific_train_quantiles,5,0.1,velocity_rmse_m_s,Sep17,0.2252950346311478,8,294
endpoint,Hold,23,high,horizon_specific_train_quantiles,5,0.1,velocity_rmse_m_s,Sep7,0.18216536267734182,9,314
endpoint,Hold,23,high,horizon_specific_train_quantiles,10,0.2,attitude_error_deg,ALL,3.0949066309567685,17,503
endpoint,Hold,23,high,horizon_specific_train_quantiles,10,0.2,attitude_error_deg,Sep17,3.6614137966238376,8,272
endpoint,Hold,23,high,horizon_specific_train_quantiles,10,0.2,attitude_error_deg,Sep7,2.591344705919374,9,231
endpoint,Hold,23,high,horizon_specific_train_quantiles,10,0.2,body_rate_rmse_rad_s,ALL,0.637397885754772,17,503
endpoint,Hold,23,high,horizon_specific_train_quantiles,10,0.2,body_rate_rmse_rad_s,Sep17,0.6351559903937088,8,272
endpoint,Hold,23,high,horizon_specific_train_quantiles,10,0.2,body_rate_rmse_rad_s,Sep7,0.6393906816312724,9,231
endpoint,Hold,23,high,horizon_specific_train_quantiles,10,0.2,position_rmse_m,ALL,0.08654591222338977,17,503
endpoint,Hold,23,high,horizon_specific_train_quantiles,10,0.2,position_rmse_m,Sep17,0.05335517249877761,8,272
endpoint,Hold,23,high,horizon_specific_train_quantiles,10,0.2,position_rmse_m,Sep7,0.11604879197860057,9,231
endpoint,Hold,23,high,horizon_specific_train_quantiles,10,0.2,velocity_rmse_m_s,ALL,0.28834002521052726,17,503
endpoint,Hold,23,high,horizon_specific_train_quantiles,10,0.2,velocity_rmse_m_s,Sep17,0.3441183416521745,8,272
endpoint,Hold,23,high,horizon_specific_train_quantiles,10,0.2,velocity_rmse_m_s,Sep7,0.2387592994846187,9,231
endpoint,Hold,23,high,horizon_specific_train_quantiles,25,0.5,attitude_error_deg,ALL,6.14227836192231,17,454
endpoint,Hold,23,high,horizon_specific_train_quantiles,25,0.5,attitude_error_deg,Sep17,6.991423568353507,8,269
endpoint,Hold,23,high,horizon_specific_train_quantiles,25,0.5,attitude_error_deg,Sep7,5.3874826228723585,9,185
endpoint,Hold,23,high,horizon_specific_train_quantiles,25,0.5,body_rate_rmse_rad_s,ALL,0.72533744636993,17,454
endpoint,Hold,23,high,horizon_specific_train_quantiles,25,0.5,body_rate_rmse_rad_s,Sep17,0.7129101122436733,8,269
endpoint,Hold,23,high,horizon_specific_train_quantiles,25,0.5,body_rate_rmse_rad_s,Sep7,0.7363839655932691,9,185
endpoint,Hold,23,high,horizon_specific_train_quantiles,25,0.5,position_rmse_m,ALL,0.24439043620842213,17,454
endpoint,Hold,23,high,horizon_specific_train_quantiles,25,0.5,position_rmse_m,Sep17,0.19898796398580834,8,269
endpoint,Hold,23,high,horizon_specific_train_quantiles,25,0.5,position_rmse_m,Sep7,0.28474818929518986,9,185
endpoint,Hold,23,high,horizon_specific_train_quantiles,25,0.5,velocity_rmse_m_s,ALL,0.6205095014735501,17,454
endpoint,Hold,23,high,horizon_specific_train_quantiles,25,0.5,velocity_rmse_m_s,Sep17,0.677555264183261,8,269
endpoint,Hold,23,high,horizon_specific_train_quantiles,25,0.5,velocity_rmse_m_s,Sep7,0.5698021568426961,9,185
endpoint,Hold,23,high,horizon_specific_train_quantiles,50,1.0,attitude_error_deg,ALL,10.546515651874314,17,468
endpoint,Hold,23,high,horizon_specific_train_quantiles,50,1.0,attitude_error_deg,Sep17,11.16438747584214,8,273
endpoint,Hold,23,high,horizon_specific_train_quantiles,50,1.0,attitude_error_deg,Sep7,9.997296252791802,9,195
endpoint,Hold,23,high,horizon_specific_train_quantiles,50,1.0,body_rate_rmse_rad_s,ALL,0.8849846223279215,17,468
endpoint,Hold,23,high,horizon_specific_train_quantiles,50,1.0,body_rate_rmse_rad_s,Sep17,0.971998257080508,8,273
endpoint,Hold,23,high,horizon_specific_train_quantiles,50,1.0,body_rate_rmse_rad_s,Sep7,0.8076391692145113,9,195
endpoint,Hold,23,high,horizon_specific_train_quantiles,50,1.0,position_rmse_m,ALL,0.6787860968602395,17,468
endpoint,Hold,23,high,horizon_specific_train_quantiles,50,1.0,position_rmse_m,Sep17,0.6104724275833211,8,273
endpoint,Hold,23,high,horizon_specific_train_quantiles,50,1.0,position_rmse_m,Sep7,0.7395093584397225,9,195
endpoint,Hold,23,high,horizon_specific_train_quantiles,50,1.0,velocity_rmse_m_s,ALL,1.1069641301801627,17,468
endpoint,Hold,23,high,horizon_specific_train_quantiles,50,1.0,velocity_rmse_m_s,Sep17,1.2372667774600923,8,273
endpoint,Hold,23,high,horizon_specific_train_quantiles,50,1.0,velocity_rmse_m_s,Sep7,0.9911395548202255,9,195
endpoint,Hold,23,low,horizon_specific_train_quantiles,5,0.1,attitude_error_deg,ALL,1.2855199193970006,17,684
endpoint,Hold,23,low,horizon_specific_train_quantiles,5,0.1,attitude_error_deg,Sep17,1.259852794210509,8,228
endpoint,Hold,23,low,horizon_specific_train_quantiles,5,0.1,attitude_error_deg,Sep7,1.3083351417849929,9,456
endpoint,Hold,23,low,horizon_specific_train_quantiles,5,0.1,body_rate_rmse_rad_s,ALL,0.5169385890338853,17,684
endpoint,Hold,23,low,horizon_specific_train_quantiles,5,0.1,body_rate_rmse_rad_s,Sep17,0.46408634595339426,8,228
endpoint,Hold,23,low,horizon_specific_train_quantiles,5,0.1,body_rate_rmse_rad_s,Sep7,0.5639183606609888,9,456
endpoint,Hold,23,low,horizon_specific_train_quantiles,5,0.1,position_rmse_m,ALL,0.029981249836457054,17,684
endpoint,Hold,23,low,horizon_specific_train_quantiles,5,0.1,position_rmse_m,Sep17,0.017464295751914095,8,228
endpoint,Hold,23,low,horizon_specific_train_quantiles,5,0.1,position_rmse_m,Sep7,0.04110743124493968,9,456
endpoint,Hold,23,low,horizon_specific_train_quantiles,5,0.1,velocity_rmse_m_s,ALL,0.11791682815920057,17,684
endpoint,Hold,23,low,horizon_specific_train_quantiles,5,0.1,velocity_rmse_m_s,Sep17,0.12361472432019455,8,228
endpoint,Hold,23,low,horizon_specific_train_quantiles,5,0.1,velocity_rmse_m_s,Sep7,0.11285203157165036,9,456
endpoint,Hold,23,low,horizon_specific_train_quantiles,10,0.2,attitude_error_deg,ALL,1.9955571624757231,17,787
endpoint,Hold,23,low,horizon_specific_train_quantiles,10,0.2,attitude_error_deg,Sep17,2.020881524740427,8,240
endpoint,Hold,23,low,horizon_specific_train_quantiles,10,0.2,attitude_error_deg,Sep7,1.973046618240431,9,547
endpoint,Hold,23,low,horizon_specific_train_quantiles,10,0.2,body_rate_rmse_rad_s,ALL,0.581702387751445,17,787
endpoint,Hold,23,low,horizon_specific_train_quantiles,10,0.2,body_rate_rmse_rad_s,Sep17,0.5452047910767516,8,240
endpoint,Hold,23,low,horizon_specific_train_quantiles,10,0.2,body_rate_rmse_rad_s,Sep7,0.614144695906728,9,547
endpoint,Hold,23,low,horizon_specific_train_quantiles,10,0.2,position_rmse_m,ALL,0.06725400207712684,17,787
endpoint,Hold,23,low,horizon_specific_train_quantiles,10,0.2,position_rmse_m,Sep17,0.037703250125030466,8,240
endpoint,Hold,23,low,horizon_specific_train_quantiles,10,0.2,position_rmse_m,Sep7,0.09352133714565695,9,547
endpoint,Hold,23,low,horizon_specific_train_quantiles,10,0.2,velocity_rmse_m_s,ALL,0.1662382773990507,17,787
endpoint,Hold,23,low,horizon_specific_train_quantiles,10,0.2,velocity_rmse_m_s,Sep17,0.18624926685730395,8,240
endpoint,Hold,23,low,horizon_specific_train_quantiles,10,0.2,velocity_rmse_m_s,Sep7,0.14845073121393668,9,547
endpoint,Hold,23,low,horizon_specific_train_quantiles,25,0.5,attitude_error_deg,ALL,3.838700076876117,17,888
endpoint,Hold,23,low,horizon_specific_train_quantiles,25,0.5,attitude_error_deg,Sep17,3.9159961751139702,8,201
endpoint,Hold,23,low,horizon_specific_train_quantiles,25,0.5,attitude_error_deg,Sep7,3.769992433998025,9,687
endpoint,Hold,23,low,horizon_specific_train_quantiles,25,0.5,body_rate_rmse_rad_s,ALL,0.587386913407211,17,888
endpoint,Hold,23,low,horizon_specific_train_quantiles,25,0.5,body_rate_rmse_rad_s,Sep17,0.5359856179752098,8,201
endpoint,Hold,23,low,horizon_specific_train_quantiles,25,0.5,body_rate_rmse_rad_s,Sep7,0.6330769537912121,9,687
endpoint,Hold,23,low,horizon_specific_train_quantiles,25,0.5,position_rmse_m,ALL,0.19460958383921456,17,888
endpoint,Hold,23,low,horizon_specific_train_quantiles,25,0.5,position_rmse_m,Sep17,0.1379159673346605,8,201
endpoint,Hold,23,low,horizon_specific_train_quantiles,25,0.5,position_rmse_m,Sep7,0.2450039096210404,9,687
endpoint,Hold,23,low,horizon_specific_train_quantiles,25,0.5,velocity_rmse_m_s,ALL,0.35357059808866026,17,888
endpoint,Hold,23,low,horizon_specific_train_quantiles,25,0.5,velocity_rmse_m_s,Sep17,0.39808391961053485,8,201
endpoint,Hold,23,low,horizon_specific_train_quantiles,25,0.5,velocity_rmse_m_s,Sep7,0.31400320118032726,9,687
endpoint,Hold,23,low,horizon_specific_train_quantiles,50,1.0,attitude_error_deg,ALL,7.070995863879102,17,926
endpoint,Hold,23,low,horizon_specific_train_quantiles,50,1.0,attitude_error_deg,Sep17,7.392441556756404,8,208
endpoint,Hold,23,low,horizon_specific_train_quantiles,50,1.0,attitude_error_deg,Sep7,6.785266359099278,9,718
endpoint,Hold,23,low,horizon_specific_train_quantiles,50,1.0,body_rate_rmse_rad_s,ALL,0.6906087275401857,17,926
endpoint,Hold,23,low,horizon_specific_train_quantiles,50,1.0,body_rate_rmse_rad_s,Sep17,0.7093679142843229,8,208
endpoint,Hold,23,low,horizon_specific_train_quantiles,50,1.0,body_rate_rmse_rad_s,Sep7,0.6739338948787305,9,718
endpoint,Hold,23,low,horizon_specific_train_quantiles,50,1.0,position_rmse_m,ALL,0.5116002992487563,17,926
endpoint,Hold,23,low,horizon_specific_train_quantiles,50,1.0,position_rmse_m,Sep17,0.41908780869807033,8,208
endpoint,Hold,23,low,horizon_specific_train_quantiles,50,1.0,position_rmse_m,Sep7,0.5938336241826995,9,718
endpoint,Hold,23,low,horizon_specific_train_quantiles,50,1.0,velocity_rmse_m_s,ALL,0.720567229976039,17,926
endpoint,Hold,23,low,horizon_specific_train_quantiles,50,1.0,velocity_rmse_m_s,Sep17,0.810546153573529,8,208
endpoint,Hold,23,low,horizon_specific_train_quantiles,50,1.0,velocity_rmse_m_s,Sep7,0.6405859645560478,9,718
endpoint,Hold,23,middle,horizon_specific_train_quantiles,5,0.1,attitude_error_deg,ALL,1.4761042935296143,17,1290
endpoint,Hold,23,middle,horizon_specific_train_quantiles,5,0.1,attitude_error_deg,Sep17,1.4890026177848537,8,579
endpoint,Hold,23,middle,horizon_specific_train_quantiles,5,0.1,attitude_error_deg,Sep7,1.4646391164138457,9,711
endpoint,Hold,23,middle,horizon_specific_train_quantiles,5,0.1,body_rate_rmse_rad_s,ALL,0.5264032880000664,17,1290
endpoint,Hold,23,middle,horizon_specific_train_quantiles,5,0.1,body_rate_rmse_rad_s,Sep17,0.5005614286276013,8,579
endpoint,Hold,23,middle,horizon_specific_train_quantiles,5,0.1,body_rate_rmse_rad_s,Sep7,0.5493738296644798,9,711
endpoint,Hold,23,middle,horizon_specific_train_quantiles,5,0.1,position_rmse_m,ALL,0.0346000607022195,17,1290
endpoint,Hold,23,middle,horizon_specific_train_quantiles,5,0.1,position_rmse_m,Sep17,0.01818182171982583,8,579
endpoint,Hold,23,middle,horizon_specific_train_quantiles,5,0.1,position_rmse_m,Sep7,0.04919405090879165,9,711
endpoint,Hold,23,middle,horizon_specific_train_quantiles,5,0.1,velocity_rmse_m_s,ALL,0.12966043701597235,17,1290
endpoint,Hold,23,middle,horizon_specific_train_quantiles,5,0.1,velocity_rmse_m_s,Sep17,0.1399629377242425,8,579
endpoint,Hold,23,middle,horizon_specific_train_quantiles,5,0.1,velocity_rmse_m_s,Sep7,0.12050265860862111,9,711
endpoint,Hold,23,middle,horizon_specific_train_quantiles,10,0.2,attitude_error_deg,ALL,2.243325910353104,17,1292
endpoint,Hold,23,middle,horizon_specific_train_quantiles,10,0.2,attitude_error_deg,Sep17,2.3904972972175953,8,589
endpoint,Hold,23,middle,horizon_specific_train_quantiles,10,0.2,attitude_error_deg,Sep7,2.11250689980689,9,703
endpoint,Hold,23,middle,horizon_specific_train_quantiles,10,0.2,body_rate_rmse_rad_s,ALL,0.5657567132126355,17,1292
endpoint,Hold,23,middle,horizon_specific_train_quantiles,10,0.2,body_rate_rmse_rad_s,Sep17,0.5217368298090489,8,589
endpoint,Hold,23,middle,horizon_specific_train_quantiles,10,0.2,body_rate_rmse_rad_s,Sep7,0.6048854984602683,9,703
endpoint,Hold,23,middle,horizon_specific_train_quantiles,10,0.2,position_rmse_m,ALL,0.06432900660488011,17,1292
endpoint,Hold,23,middle,horizon_specific_train_quantiles,10,0.2,position_rmse_m,Sep17,0.03739981129045897,8,589
endpoint,Hold,23,middle,horizon_specific_train_quantiles,10,0.2,position_rmse_m,Sep7,0.0882660691065878,9,703
endpoint,Hold,23,middle,horizon_specific_train_quantiles,10,0.2,velocity_rmse_m_s,ALL,0.18994398595589357,17,1292
endpoint,Hold,23,middle,horizon_specific_train_quantiles,10,0.2,velocity_rmse_m_s,Sep17,0.20754490916407184,8,589
endpoint,Hold,23,middle,horizon_specific_train_quantiles,10,0.2,velocity_rmse_m_s,Sep7,0.1742987208819573,9,703
endpoint,Hold,23,middle,horizon_specific_train_quantiles,25,0.5,attitude_error_deg,ALL,4.522427728311598,17,1240
endpoint,Hold,23,middle,horizon_specific_train_quantiles,25,0.5,attitude_error_deg,Sep17,4.920841191732023,8,631
endpoint,Hold,23,middle,horizon_specific_train_quantiles,25,0.5,attitude_error_deg,Sep7,4.168282427493442,9,609
endpoint,Hold,23,middle,horizon_specific_train_quantiles,25,0.5,body_rate_rmse_rad_s,ALL,0.6368581728500713,17,1240
endpoint,Hold,23,middle,horizon_specific_train_quantiles,25,0.5,body_rate_rmse_rad_s,Sep17,0.6426443376236425,8,631
endpoint,Hold,23,middle,horizon_specific_train_quantiles,25,0.5,body_rate_rmse_rad_s,Sep7,0.6317149152735636,9,609
endpoint,Hold,23,middle,horizon_specific_train_quantiles,25,0.5,position_rmse_m,ALL,0.19436078242532223,17,1240
endpoint,Hold,23,middle,horizon_specific_train_quantiles,25,0.5,position_rmse_m,Sep17,0.12831909822743057,8,631
endpoint,Hold,23,middle,horizon_specific_train_quantiles,25,0.5,position_rmse_m,Sep7,0.2530645017123371,9,609
endpoint,Hold,23,middle,horizon_specific_train_quantiles,25,0.5,velocity_rmse_m_s,ALL,0.40218988063891087,17,1240
endpoint,Hold,23,middle,horizon_specific_train_quantiles,25,0.5,velocity_rmse_m_s,Sep17,0.43505400820105816,8,631
endpoint,Hold,23,middle,horizon_specific_train_quantiles,25,0.5,velocity_rmse_m_s,Sep7,0.3729773228058911,9,609
endpoint,Hold,23,middle,horizon_specific_train_quantiles,50,1.0,attitude_error_deg,ALL,7.856356729282921,17,1188
endpoint,Hold,23,middle,horizon_specific_train_quantiles,50,1.0,attitude_error_deg,Sep17,8.233268245657808,8,620
endpoint,Hold,23,middle,horizon_specific_train_quantiles,50,1.0,attitude_error_deg,Sep7,7.521324270283021,9,568
endpoint,Hold,23,middle,horizon_specific_train_quantiles,50,1.0,body_rate_rmse_rad_s,ALL,0.8220614115022389,17,1188
endpoint,Hold,23,middle,horizon_specific_train_quantiles,50,1.0,body_rate_rmse_rad_s,Sep17,0.879772440817586,8,620
endpoint,Hold,23,middle,horizon_specific_train_quantiles,50,1.0,body_rate_rmse_rad_s,Sep7,0.7707627187774858,9,568
endpoint,Hold,23,middle,horizon_specific_train_quantiles,50,1.0,position_rmse_m,ALL,0.4859579698648413,17,1188
endpoint,Hold,23,middle,horizon_specific_train_quantiles,50,1.0,position_rmse_m,Sep17,0.4168576666816001,8,620
endpoint,Hold,23,middle,horizon_specific_train_quantiles,50,1.0,position_rmse_m,Sep7,0.5473804615832779,9,568
endpoint,Hold,23,middle,horizon_specific_train_quantiles,50,1.0,velocity_rmse_m_s,ALL,0.814994525704163,17,1188
endpoint,Hold,23,middle,horizon_specific_train_quantiles,50,1.0,velocity_rmse_m_s,Sep17,0.8853741613782937,8,620
endpoint,Hold,23,middle,horizon_specific_train_quantiles,50,1.0,velocity_rmse_m_s,Sep7,0.7524348495493801,9,568
endpoint,Hold,42,ALL,horizon_specific_train_quantiles,5,0.1,attitude_error_deg,ALL,1.5234546110163463,17,2582
endpoint,Hold,42,ALL,horizon_specific_train_quantiles,5,0.1,attitude_error_deg,Sep17,1.6132562694055055,8,1101
endpoint,Hold,42,ALL,horizon_specific_train_quantiles,5,0.1,attitude_error_deg,Sep7,1.443630914670427,9,1481
endpoint,Hold,42,ALL,horizon_specific_train_quantiles,5,0.1,body_rate_rmse_rad_s,ALL,0.5456270594756473,17,2582
endpoint,Hold,42,ALL,horizon_specific_train_quantiles,5,0.1,body_rate_rmse_rad_s,Sep17,0.5358366442815078,8,1101
endpoint,Hold,42,ALL,horizon_specific_train_quantiles,5,0.1,body_rate_rmse_rad_s,Sep7,0.5543296507593267,9,1481
endpoint,Hold,42,ALL,horizon_specific_train_quantiles,5,0.1,position_rmse_m,ALL,0.03521131630915443,17,2582
endpoint,Hold,42,ALL,horizon_specific_train_quantiles,5,0.1,position_rmse_m,Sep17,0.018603401823727363,8,1101
endpoint,Hold,42,ALL,horizon_specific_train_quantiles,5,0.1,position_rmse_m,Sep7,0.04997390696286738,9,1481
endpoint,Hold,42,ALL,horizon_specific_train_quantiles,5,0.1,velocity_rmse_m_s,ALL,0.14783215467857702,17,2582
endpoint,Hold,42,ALL,horizon_specific_train_quantiles,5,0.1,velocity_rmse_m_s,Sep17,0.15784002793969176,8,1101
endpoint,Hold,42,ALL,horizon_specific_train_quantiles,5,0.1,velocity_rmse_m_s,Sep7,0.13893626733536393,9,1481
endpoint,Hold,42,ALL,horizon_specific_train_quantiles,10,0.2,attitude_error_deg,ALL,2.4154764610919766,17,2582
endpoint,Hold,42,ALL,horizon_specific_train_quantiles,10,0.2,attitude_error_deg,Sep17,2.7170085502729973,8,1101
endpoint,Hold,42,ALL,horizon_specific_train_quantiles,10,0.2,attitude_error_deg,Sep7,2.1474479373755138,9,1481
endpoint,Hold,42,ALL,horizon_specific_train_quantiles,10,0.2,body_rate_rmse_rad_s,ALL,0.577798709689304,17,2582
endpoint,Hold,42,ALL,horizon_specific_train_quantiles,10,0.2,body_rate_rmse_rad_s,Sep17,0.5526161254109196,8,1101
endpoint,Hold,42,ALL,horizon_specific_train_quantiles,10,0.2,body_rate_rmse_rad_s,Sep7,0.6001832290478678,9,1481
endpoint,Hold,42,ALL,horizon_specific_train_quantiles,10,0.2,position_rmse_m,ALL,0.07043233764689334,17,2582
endpoint,Hold,42,ALL,horizon_specific_train_quantiles,10,0.2,position_rmse_m,Sep17,0.04085049155363639,8,1101
endpoint,Hold,42,ALL,horizon_specific_train_quantiles,10,0.2,position_rmse_m,Sep7,0.09672731195201065,9,1481
endpoint,Hold,42,ALL,horizon_specific_train_quantiles,10,0.2,velocity_rmse_m_s,ALL,0.2083052952929546,17,2582
endpoint,Hold,42,ALL,horizon_specific_train_quantiles,10,0.2,velocity_rmse_m_s,Sep17,0.24542025799854245,8,1101
endpoint,Hold,42,ALL,horizon_specific_train_quantiles,10,0.2,velocity_rmse_m_s,Sep7,0.1753142173324321,9,1481
endpoint,Hold,42,ALL,horizon_specific_train_quantiles,25,0.5,attitude_error_deg,ALL,4.749961737187508,17,2582
endpoint,Hold,42,ALL,horizon_specific_train_quantiles,25,0.5,attitude_error_deg,Sep17,5.4002551942311,8,1101
endpoint,Hold,42,ALL,horizon_specific_train_quantiles,25,0.5,attitude_error_deg,Sep7,4.171923108704315,9,1481
endpoint,Hold,42,ALL,horizon_specific_train_quantiles,25,0.5,body_rate_rmse_rad_s,ALL,0.6331627661560314,17,2582
endpoint,Hold,42,ALL,horizon_specific_train_quantiles,25,0.5,body_rate_rmse_rad_s,Sep17,0.6231783184766657,8,1101
endpoint,Hold,42,ALL,horizon_specific_train_quantiles,25,0.5,body_rate_rmse_rad_s,Sep7,0.6420378307599122,9,1481
endpoint,Hold,42,ALL,horizon_specific_train_quantiles,25,0.5,position_rmse_m,ALL,0.2006089708510369,17,2582
endpoint,Hold,42,ALL,horizon_specific_train_quantiles,25,0.5,position_rmse_m,Sep17,0.14418344006982528,8,1101
endpoint,Hold,42,ALL,horizon_specific_train_quantiles,25,0.5,position_rmse_m,Sep7,0.2507649982121139,9,1481
endpoint,Hold,42,ALL,horizon_specific_train_quantiles,25,0.5,velocity_rmse_m_s,ALL,0.4267776942210104,17,2582
endpoint,Hold,42,ALL,horizon_specific_train_quantiles,25,0.5,velocity_rmse_m_s,Sep17,0.4824386427285815,8,1101
endpoint,Hold,42,ALL,horizon_specific_train_quantiles,25,0.5,velocity_rmse_m_s,Sep7,0.3773012955476139,9,1481
endpoint,Hold,42,ALL,horizon_specific_train_quantiles,50,1.0,attitude_error_deg,ALL,8.147167758275176,17,2582
endpoint,Hold,42,ALL,horizon_specific_train_quantiles,50,1.0,attitude_error_deg,Sep17,8.913173725730967,8,1101
endpoint,Hold,42,ALL,horizon_specific_train_quantiles,50,1.0,attitude_error_deg,Sep7,7.46627356498114,9,1481
endpoint,Hold,42,ALL,horizon_specific_train_quantiles,50,1.0,body_rate_rmse_rad_s,ALL,0.7896211528397015,17,2582
endpoint,Hold,42,ALL,horizon_specific_train_quantiles,50,1.0,body_rate_rmse_rad_s,Sep17,0.8759314477277533,8,1101
endpoint,Hold,42,ALL,horizon_specific_train_quantiles,50,1.0,body_rate_rmse_rad_s,Sep7,0.7129008907169887,9,1481
endpoint,Hold,42,ALL,horizon_specific_train_quantiles,50,1.0,position_rmse_m,ALL,0.5284810585779918,17,2582
endpoint,Hold,42,ALL,horizon_specific_train_quantiles,50,1.0,position_rmse_m,Sep17,0.4552313117764896,8,1101
endpoint,Hold,42,ALL,horizon_specific_train_quantiles,50,1.0,position_rmse_m,Sep7,0.5935919446237714,9,1481
endpoint,Hold,42,ALL,horizon_specific_train_quantiles,50,1.0,velocity_rmse_m_s,ALL,0.8387088635593241,17,2582
endpoint,Hold,42,ALL,horizon_specific_train_quantiles,50,1.0,velocity_rmse_m_s,Sep17,0.9657303293430525,8,1101
endpoint,Hold,42,ALL,horizon_specific_train_quantiles,50,1.0,velocity_rmse_m_s,Sep7,0.7258008939737876,9,1481
endpoint,Hold,42,high,horizon_specific_train_quantiles,5,0.1,attitude_error_deg,ALL,1.8763091973080916,17,608
endpoint,Hold,42,high,horizon_specific_train_quantiles,5,0.1,attitude_error_deg,Sep17,2.081719314435251,8,294
endpoint,Hold,42,high,horizon_specific_train_quantiles,5,0.1,attitude_error_deg,Sep7,1.6937224265283946,9,314
endpoint,Hold,42,high,horizon_specific_train_quantiles,5,0.1,body_rate_rmse_rad_s,ALL,0.5852535489034487,17,608
endpoint,Hold,42,high,horizon_specific_train_quantiles,5,0.1,body_rate_rmse_rad_s,Sep17,0.6319485419506004,8,294
endpoint,Hold,42,high,horizon_specific_train_quantiles,5,0.1,body_rate_rmse_rad_s,Sep7,0.5437468884170918,9,314
endpoint,Hold,42,high,horizon_specific_train_quantiles,5,0.1,position_rmse_m,ALL,0.04052442626638072,17,608
endpoint,Hold,42,high,horizon_specific_train_quantiles,5,0.1,position_rmse_m,Sep17,0.02097322204232257,8,294
endpoint,Hold,42,high,horizon_specific_train_quantiles,5,0.1,position_rmse_m,Sep7,0.05790327446554352,9,314
endpoint,Hold,42,high,horizon_specific_train_quantiles,5,0.1,velocity_rmse_m_s,ALL,0.19552376611094513,17,608
endpoint,Hold,42,high,horizon_specific_train_quantiles,5,0.1,velocity_rmse_m_s,Sep17,0.21001502081730633,8,294
endpoint,Hold,42,high,horizon_specific_train_quantiles,5,0.1,velocity_rmse_m_s,Sep7,0.18264265081640182,9,314
endpoint,Hold,42,high,horizon_specific_train_quantiles,10,0.2,attitude_error_deg,ALL,3.156958061245346,17,503
endpoint,Hold,42,high,horizon_specific_train_quantiles,10,0.2,attitude_error_deg,Sep17,3.73490427049506,8,272
endpoint,Hold,42,high,horizon_specific_train_quantiles,10,0.2,attitude_error_deg,Sep7,2.6432280974678224,9,231
endpoint,Hold,42,high,horizon_specific_train_quantiles,10,0.2,body_rate_rmse_rad_s,ALL,0.6328324197617186,17,503
endpoint,Hold,42,high,horizon_specific_train_quantiles,10,0.2,body_rate_rmse_rad_s,Sep17,0.6207615657724789,8,272
endpoint,Hold,42,high,horizon_specific_train_quantiles,10,0.2,body_rate_rmse_rad_s,Sep7,0.6435620677521539,9,231
endpoint,Hold,42,high,horizon_specific_train_quantiles,10,0.2,position_rmse_m,ALL,0.08482464228721674,17,503
endpoint,Hold,42,high,horizon_specific_train_quantiles,10,0.2,position_rmse_m,Sep17,0.051218687220240554,8,272
endpoint,Hold,42,high,horizon_specific_train_quantiles,10,0.2,position_rmse_m,Sep7,0.11469660234675112,9,231
endpoint,Hold,42,high,horizon_specific_train_quantiles,10,0.2,velocity_rmse_m_s,ALL,0.28876862883811355,17,503
endpoint,Hold,42,high,horizon_specific_train_quantiles,10,0.2,velocity_rmse_m_s,Sep17,0.3455338457671058,8,272
endpoint,Hold,42,high,horizon_specific_train_quantiles,10,0.2,velocity_rmse_m_s,Sep7,0.23831065823456488,9,231
endpoint,Hold,42,high,horizon_specific_train_quantiles,25,0.5,attitude_error_deg,ALL,6.146825988900431,17,454
endpoint,Hold,42,high,horizon_specific_train_quantiles,25,0.5,attitude_error_deg,Sep17,7.1023689241726915,8,269
endpoint,Hold,42,high,horizon_specific_train_quantiles,25,0.5,attitude_error_deg,Sep7,5.297454490880643,9,185
endpoint,Hold,42,high,horizon_specific_train_quantiles,25,0.5,body_rate_rmse_rad_s,ALL,0.7136919532613055,17,454
endpoint,Hold,42,high,horizon_specific_train_quantiles,25,0.5,body_rate_rmse_rad_s,Sep17,0.7001338596252198,8,269
endpoint,Hold,42,high,horizon_specific_train_quantiles,25,0.5,body_rate_rmse_rad_s,Sep7,0.7257435920489373,9,185
endpoint,Hold,42,high,horizon_specific_train_quantiles,25,0.5,position_rmse_m,ALL,0.23949613446416396,17,454
endpoint,Hold,42,high,horizon_specific_train_quantiles,25,0.5,position_rmse_m,Sep17,0.19332886552219933,8,269
endpoint,Hold,42,high,horizon_specific_train_quantiles,25,0.5,position_rmse_m,Sep7,0.28053370685702145,9,185
endpoint,Hold,42,high,horizon_specific_train_quantiles,25,0.5,velocity_rmse_m_s,ALL,0.606512898123274,17,454
endpoint,Hold,42,high,horizon_specific_train_quantiles,25,0.5,velocity_rmse_m_s,Sep17,0.6694263691004908,8,269
endpoint,Hold,42,high,horizon_specific_train_quantiles,25,0.5,velocity_rmse_m_s,Sep7,0.5505898128101925,9,185
endpoint,Hold,42,high,horizon_specific_train_quantiles,50,1.0,attitude_error_deg,ALL,10.396890247835106,17,468
endpoint,Hold,42,high,horizon_specific_train_quantiles,50,1.0,attitude_error_deg,Sep17,11.057382263353237,8,273
endpoint,Hold,42,high,horizon_specific_train_quantiles,50,1.0,attitude_error_deg,Sep7,9.809786234041214,9,195
endpoint,Hold,42,high,horizon_specific_train_quantiles,50,1.0,body_rate_rmse_rad_s,ALL,0.8752354101213762,17,468
endpoint,Hold,42,high,horizon_specific_train_quantiles,50,1.0,body_rate_rmse_rad_s,Sep17,0.9695675608634304,8,273
endpoint,Hold,42,high,horizon_specific_train_quantiles,50,1.0,body_rate_rmse_rad_s,Sep7,0.7913846094617725,9,195
endpoint,Hold,42,high,horizon_specific_train_quantiles,50,1.0,position_rmse_m,ALL,0.6761674447094872,17,468
endpoint,Hold,42,high,horizon_specific_train_quantiles,50,1.0,position_rmse_m,Sep17,0.6101390850059144,8,273
endpoint,Hold,42,high,horizon_specific_train_quantiles,50,1.0,position_rmse_m,Sep7,0.734859320001552,9,195
endpoint,Hold,42,high,horizon_specific_train_quantiles,50,1.0,velocity_rmse_m_s,ALL,1.1391771748400723,17,468
endpoint,Hold,42,high,horizon_specific_train_quantiles,50,1.0,velocity_rmse_m_s,Sep17,1.290257387419167,8,273
endpoint,Hold,42,high,horizon_specific_train_quantiles,50,1.0,velocity_rmse_m_s,Sep7,1.0048836525475435,9,195
endpoint,Hold,42,low,horizon_specific_train_quantiles,5,0.1,attitude_error_deg,ALL,1.2882988695570172,17,684
endpoint,Hold,42,low,horizon_specific_train_quantiles,5,0.1,attitude_error_deg,Sep17,1.2484827016929063,8,228
endpoint,Hold,42,low,horizon_specific_train_quantiles,5,0.1,attitude_error_deg,Sep7,1.32369101876956,9,456
endpoint,Hold,42,low,horizon_specific_train_quantiles,5,0.1,body_rate_rmse_rad_s,ALL,0.518468990478435,17,684
endpoint,Hold,42,low,horizon_specific_train_quantiles,5,0.1,body_rate_rmse_rad_s,Sep17,0.4676456737403426,8,228
endpoint,Hold,42,low,horizon_specific_train_quantiles,5,0.1,body_rate_rmse_rad_s,Sep7,0.5636452720234061,9,456
endpoint,Hold,42,low,horizon_specific_train_quantiles,5,0.1,position_rmse_m,ALL,0.029811005143972804,17,684
endpoint,Hold,42,low,horizon_specific_train_quantiles,5,0.1,position_rmse_m,Sep17,0.016987985834259225,8,228
endpoint,Hold,42,low,horizon_specific_train_quantiles,5,0.1,position_rmse_m,Sep7,0.04120924453038487,9,456
endpoint,Hold,42,low,horizon_specific_train_quantiles,5,0.1,velocity_rmse_m_s,ALL,0.12095906735156314,17,684
endpoint,Hold,42,low,horizon_specific_train_quantiles,5,0.1,velocity_rmse_m_s,Sep17,0.12908831846432528,8,228
endpoint,Hold,42,low,horizon_specific_train_quantiles,5,0.1,velocity_rmse_m_s,Sep7,0.11373306636244125,9,456
endpoint,Hold,42,low,horizon_specific_train_quantiles,10,0.2,attitude_error_deg,ALL,1.981286353471981,17,787
endpoint,Hold,42,low,horizon_specific_train_quantiles,10,0.2,attitude_error_deg,Sep17,1.9610710228651829,8,240
endpoint,Hold,42,low,horizon_specific_train_quantiles,10,0.2,attitude_error_deg,Sep7,1.999255536233579,9,547
endpoint,Hold,42,low,horizon_specific_train_quantiles,10,0.2,body_rate_rmse_rad_s,ALL,0.5697713688664919,17,787
endpoint,Hold,42,low,horizon_specific_train_quantiles,10,0.2,body_rate_rmse_rad_s,Sep17,0.5357557528631745,8,240
endpoint,Hold,42,low,horizon_specific_train_quantiles,10,0.2,body_rate_rmse_rad_s,Sep7,0.6000074719805518,9,547
endpoint,Hold,42,low,horizon_specific_train_quantiles,10,0.2,position_rmse_m,ALL,0.0665284686580154,17,787
endpoint,Hold,42,low,horizon_specific_train_quantiles,10,0.2,position_rmse_m,Sep17,0.03608455982489053,8,240
endpoint,Hold,42,low,horizon_specific_train_quantiles,10,0.2,position_rmse_m,Sep7,0.09358972095412639,9,547
endpoint,Hold,42,low,horizon_specific_train_quantiles,10,0.2,velocity_rmse_m_s,ALL,0.16753335604143818,17,787
endpoint,Hold,42,low,horizon_specific_train_quantiles,10,0.2,velocity_rmse_m_s,Sep17,0.18472248067164582,8,240
endpoint,Hold,42,low,horizon_specific_train_quantiles,10,0.2,velocity_rmse_m_s,Sep7,0.1522541341479203,9,547
endpoint,Hold,42,low,horizon_specific_train_quantiles,25,0.5,attitude_error_deg,ALL,3.8173628223553653,17,888
endpoint,Hold,42,low,horizon_specific_train_quantiles,25,0.5,attitude_error_deg,Sep17,3.8719017641257953,8,201
endpoint,Hold,42,low,horizon_specific_train_quantiles,25,0.5,attitude_error_deg,Sep7,3.7688837630038723,9,687
endpoint,Hold,42,low,horizon_specific_train_quantiles,25,0.5,body_rate_rmse_rad_s,ALL,0.5676254321995694,17,888
endpoint,Hold,42,low,horizon_specific_train_quantiles,25,0.5,body_rate_rmse_rad_s,Sep17,0.5059001430090828,8,201
endpoint,Hold,42,low,horizon_specific_train_quantiles,25,0.5,body_rate_rmse_rad_s,Sep7,0.6224923559244464,9,687
endpoint,Hold,42,low,horizon_specific_train_quantiles,25,0.5,position_rmse_m,ALL,0.18635290489950015,17,888
endpoint,Hold,42,low,horizon_specific_train_quantiles,25,0.5,position_rmse_m,Sep17,0.12196709773922376,8,201
endpoint,Hold,42,low,horizon_specific_train_quantiles,25,0.5,position_rmse_m,Sep7,0.2435847334864125,9,687
endpoint,Hold,42,low,horizon_specific_train_quantiles,25,0.5,velocity_rmse_m_s,ALL,0.3219253007227976,17,888
endpoint,Hold,42,low,horizon_specific_train_quantiles,25,0.5,velocity_rmse_m_s,Sep17,0.34066389641976635,8,201
endpoint,Hold,42,low,horizon_specific_train_quantiles,25,0.5,velocity_rmse_m_s,Sep7,0.30526877121438106,9,687
endpoint,Hold,42,low,horizon_specific_train_quantiles,50,1.0,attitude_error_deg,ALL,6.938457002427289,17,926
endpoint,Hold,42,low,horizon_specific_train_quantiles,50,1.0,attitude_error_deg,Sep17,7.212605721842824,8,208
endpoint,Hold,42,low,horizon_specific_train_quantiles,50,1.0,attitude_error_deg,Sep7,6.694769251835702,9,718
endpoint,Hold,42,low,horizon_specific_train_quantiles,50,1.0,body_rate_rmse_rad_s,ALL,0.6514597172642762,17,926
endpoint,Hold,42,low,horizon_specific_train_quantiles,50,1.0,body_rate_rmse_rad_s,Sep17,0.6684171504029173,8,208
endpoint,Hold,42,low,horizon_specific_train_quantiles,50,1.0,body_rate_rmse_rad_s,Sep7,0.6363864433632619,9,718
endpoint,Hold,42,low,horizon_specific_train_quantiles,50,1.0,position_rmse_m,ALL,0.4779226846330615,17,926
endpoint,Hold,42,low,horizon_specific_train_quantiles,50,1.0,position_rmse_m,Sep17,0.35917213598767156,8,208
endpoint,Hold,42,low,horizon_specific_train_quantiles,50,1.0,position_rmse_m,Sep7,0.583478727873408,9,718
endpoint,Hold,42,low,horizon_specific_train_quantiles,50,1.0,velocity_rmse_m_s,ALL,0.6449496066405249,17,926
endpoint,Hold,42,low,horizon_specific_train_quantiles,50,1.0,velocity_rmse_m_s,Sep17,0.6871910484968831,8,208
endpoint,Hold,42,low,horizon_specific_train_quantiles,50,1.0,velocity_rmse_m_s,Sep7,0.6074016583237623,9,718
endpoint,Hold,42,middle,horizon_specific_train_quantiles,5,0.1,attitude_error_deg,ALL,1.42435961846775,17,1290
endpoint,Hold,42,middle,horizon_specific_train_quantiles,5,0.1,attitude_error_deg,Sep17,1.4637320421576046,8,579
endpoint,Hold,42,middle,horizon_specific_train_quantiles,5,0.1,attitude_error_deg,Sep7,1.389361908521213,9,711
endpoint,Hold,42,middle,horizon_specific_train_quantiles,5,0.1,body_rate_rmse_rad_s,ALL,0.529841891799087,17,1290
endpoint,Hold,42,middle,horizon_specific_train_quantiles,5,0.1,body_rate_rmse_rad_s,Sep17,0.5046044781839036,8,579
endpoint,Hold,42,middle,horizon_specific_train_quantiles,5,0.1,body_rate_rmse_rad_s,Sep7,0.5522751483459168,9,711
endpoint,Hold,42,middle,horizon_specific_train_quantiles,5,0.1,position_rmse_m,ALL,0.03430660346484715,17,1290
endpoint,Hold,42,middle,horizon_specific_train_quantiles,5,0.1,position_rmse_m,Sep17,0.017566421119188973,8,579
endpoint,Hold,42,middle,horizon_specific_train_quantiles,5,0.1,position_rmse_m,Sep7,0.049186765549876645,9,711
endpoint,Hold,42,middle,horizon_specific_train_quantiles,5,0.1,velocity_rmse_m_s,ALL,0.1246528822657302,17,1290
endpoint,Hold,42,middle,horizon_specific_train_quantiles,5,0.1,velocity_rmse_m_s,Sep17,0.13247392830734125,8,579
endpoint,Hold,42,middle,horizon_specific_train_quantiles,5,0.1,velocity_rmse_m_s,Sep7,0.11770084133985373,9,711
endpoint,Hold,42,middle,horizon_specific_train_quantiles,10,0.2,attitude_error_deg,ALL,2.2404101484476615,17,1292
endpoint,Hold,42,middle,horizon_specific_train_quantiles,10,0.2,attitude_error_deg,Sep17,2.3908590725466254,8,589
endpoint,Hold,42,middle,horizon_specific_train_quantiles,10,0.2,attitude_error_deg,Sep7,2.1066777714708045,9,703
endpoint,Hold,42,middle,horizon_specific_train_quantiles,10,0.2,body_rate_rmse_rad_s,ALL,0.5534627052511845,17,1292
endpoint,Hold,42,middle,horizon_specific_train_quantiles,10,0.2,body_rate_rmse_rad_s,Sep17,0.5228914139711092,8,589
endpoint,Hold,42,middle,horizon_specific_train_quantiles,10,0.2,body_rate_rmse_rad_s,Sep7,0.5806371863890293,9,703
endpoint,Hold,42,middle,horizon_specific_train_quantiles,10,0.2,position_rmse_m,ALL,0.06321960172861579,17,1292
endpoint,Hold,42,middle,horizon_specific_train_quantiles,10,0.2,position_rmse_m,Sep17,0.03575400850256211,8,589
endpoint,Hold,42,middle,horizon_specific_train_quantiles,10,0.2,position_rmse_m,Sep7,0.08763346237399684,9,703
endpoint,Hold,42,middle,horizon_specific_train_quantiles,10,0.2,velocity_rmse_m_s,ALL,0.18097887272232874,17,1292
endpoint,Hold,42,middle,horizon_specific_train_quantiles,10,0.2,velocity_rmse_m_s,Sep17,0.1998540929313689,8,589
endpoint,Hold,42,middle,horizon_specific_train_quantiles,10,0.2,velocity_rmse_m_s,Sep7,0.16420089920318193,9,703
endpoint,Hold,42,middle,horizon_specific_train_quantiles,25,0.5,attitude_error_deg,ALL,4.5712163006982856,17,1240
endpoint,Hold,42,middle,horizon_specific_train_quantiles,25,0.5,attitude_error_deg,Sep17,4.947499712261612,8,631
endpoint,Hold,42,middle,horizon_specific_train_quantiles,25,0.5,attitude_error_deg,Sep7,4.236742157086439,9,609
endpoint,Hold,42,middle,horizon_specific_train_quantiles,25,0.5,body_rate_rmse_rad_s,ALL,0.6181556310127893,17,1240
endpoint,Hold,42,middle,horizon_specific_train_quantiles,25,0.5,body_rate_rmse_rad_s,Sep17,0.6129136554375517,8,631
endpoint,Hold,42,middle,horizon_specific_train_quantiles,25,0.5,body_rate_rmse_rad_s,Sep7,0.6228151648574447,9,609
endpoint,Hold,42,middle,horizon_specific_train_quantiles,25,0.5,position_rmse_m,ALL,0.1907773207400939,17,1240
endpoint,Hold,42,middle,horizon_specific_train_quantiles,25,0.5,position_rmse_m,Sep17,0.12178670185863724,8,631
endpoint,Hold,42,middle,horizon_specific_train_quantiles,25,0.5,position_rmse_m,Sep7,0.2521023153013887,9,609
endpoint,Hold,42,middle,horizon_specific_train_quantiles,25,0.5,velocity_rmse_m_s,ALL,0.39170423421862066,17,1240
endpoint,Hold,42,middle,horizon_specific_train_quantiles,25,0.5,velocity_rmse_m_s,Sep17,0.4203978217214876,8,631
endpoint,Hold,42,middle,horizon_specific_train_quantiles,25,0.5,velocity_rmse_m_s,Sep7,0.3661988231049611,9,609
endpoint,Hold,42,middle,horizon_specific_train_quantiles,50,1.0,attitude_error_deg,ALL,7.812055801884945,17,1188
endpoint,Hold,42,middle,horizon_specific_train_quantiles,50,1.0,attitude_error_deg,Sep17,8.243277547355495,8,620
endpoint,Hold,42,middle,horizon_specific_train_quantiles,50,1.0,attitude_error_deg,Sep7,7.428747583688903,9,568
endpoint,Hold,42,middle,horizon_specific_train_quantiles,50,1.0,body_rate_rmse_rad_s,ALL,0.813833499211294,17,1188
endpoint,Hold,42,middle,horizon_specific_train_quantiles,50,1.0,body_rate_rmse_rad_s,Sep17,0.8923711284572075,8,620
endpoint,Hold,42,middle,horizon_specific_train_quantiles,50,1.0,body_rate_rmse_rad_s,Sep7,0.7440222732149264,9,568
endpoint,Hold,42,middle,horizon_specific_train_quantiles,50,1.0,position_rmse_m,ALL,0.471975041335944,17,1188
endpoint,Hold,42,middle,horizon_specific_train_quantiles,50,1.0,position_rmse_m,Sep17,0.39305948693789655,8,620
endpoint,Hold,42,middle,horizon_specific_train_quantiles,50,1.0,position_rmse_m,Sep7,0.542122200800875,9,568
endpoint,Hold,42,middle,horizon_specific_train_quantiles,50,1.0,velocity_rmse_m_s,ALL,0.7951774520241265,17,1188
endpoint,Hold,42,middle,horizon_specific_train_quantiles,50,1.0,velocity_rmse_m_s,Sep17,0.8576434599012167,8,620
endpoint,Hold,42,middle,horizon_specific_train_quantiles,50,1.0,velocity_rmse_m_s,Sep7,0.7396521116889353,9,568
interval,Actual,17,ALL,horizon_specific_train_quantiles,5,0.1,attitude_error_deg,ALL,1.0139689623691042,17,2582
interval,Actual,17,ALL,horizon_specific_train_quantiles,5,0.1,attitude_error_deg,Sep17,1.0284816088662754,8,1101
interval,Actual,17,ALL,horizon_specific_train_quantiles,5,0.1,attitude_error_deg,Sep7,1.0010688321493963,9,1481
interval,Actual,17,ALL,horizon_specific_train_quantiles,5,0.1,body_rate_rmse_rad_s,ALL,0.5377850934492537,17,2582
interval,Actual,17,ALL,horizon_specific_train_quantiles,5,0.1,body_rate_rmse_rad_s,Sep17,0.5126502074443591,8,1101
interval,Actual,17,ALL,horizon_specific_train_quantiles,5,0.1,body_rate_rmse_rad_s,Sep7,0.5601272143424934,9,1481
interval,Actual,17,ALL,horizon_specific_train_quantiles,5,0.1,position_rmse_m,ALL,0.02419030719824592,17,2582
interval,Actual,17,ALL,horizon_specific_train_quantiles,5,0.1,position_rmse_m,Sep17,0.01293916113589183,8,1101
interval,Actual,17,ALL,horizon_specific_train_quantiles,5,0.1,position_rmse_m,Sep7,0.034191325920338446,9,1481
interval,Actual,17,ALL,horizon_specific_train_quantiles,5,0.1,velocity_rmse_m_s,ALL,0.10426362486571786,17,2582
interval,Actual,17,ALL,horizon_specific_train_quantiles,5,0.1,velocity_rmse_m_s,Sep17,0.10892219303451126,8,1101
interval,Actual,17,ALL,horizon_specific_train_quantiles,5,0.1,velocity_rmse_m_s,Sep7,0.10012267538234595,9,1481
interval,Actual,17,ALL,horizon_specific_train_quantiles,10,0.2,attitude_error_deg,ALL,1.4980386337152183,17,2582
interval,Actual,17,ALL,horizon_specific_train_quantiles,10,0.2,attitude_error_deg,Sep17,1.5836816960803572,8,1101
interval,Actual,17,ALL,horizon_specific_train_quantiles,10,0.2,attitude_error_deg,Sep7,1.421911467168428,9,1481
interval,Actual,17,ALL,horizon_specific_train_quantiles,10,0.2,body_rate_rmse_rad_s,ALL,0.5502662841425284,17,2582
interval,Actual,17,ALL,horizon_specific_train_quantiles,10,0.2,body_rate_rmse_rad_s,Sep17,0.5219023684646024,8,1101
interval,Actual,17,ALL,horizon_specific_train_quantiles,10,0.2,body_rate_rmse_rad_s,Sep7,0.5754786536340182,9,1481
interval,Actual,17,ALL,horizon_specific_train_quantiles,10,0.2,position_rmse_m,ALL,0.043882091613458504,17,2582
interval,Actual,17,ALL,horizon_specific_train_quantiles,10,0.2,position_rmse_m,Sep17,0.024221281907187045,8,1101
interval,Actual,17,ALL,horizon_specific_train_quantiles,10,0.2,position_rmse_m,Sep7,0.06135836690792202,9,1481
interval,Actual,17,ALL,horizon_specific_train_quantiles,10,0.2,velocity_rmse_m_s,ALL,0.1456001902655794,17,2582
interval,Actual,17,ALL,horizon_specific_train_quantiles,10,0.2,velocity_rmse_m_s,Sep17,0.16225793553392814,8,1101
interval,Actual,17,ALL,horizon_specific_train_quantiles,10,0.2,velocity_rmse_m_s,Sep7,0.13079330558260277,9,1481
interval,Actual,17,ALL,horizon_specific_train_quantiles,25,0.5,attitude_error_deg,ALL,2.6878141172982706,17,2582
interval,Actual,17,ALL,horizon_specific_train_quantiles,25,0.5,attitude_error_deg,Sep17,2.9688090045722424,8,1101
interval,Actual,17,ALL,horizon_specific_train_quantiles,25,0.5,attitude_error_deg,Sep7,2.438040884165852,9,1481
interval,Actual,17,ALL,horizon_specific_train_quantiles,25,0.5,body_rate_rmse_rad_s,ALL,0.5670763531062886,17,2582
interval,Actual,17,ALL,horizon_specific_train_quantiles,25,0.5,body_rate_rmse_rad_s,Sep17,0.5453938295042287,8,1101
interval,Actual,17,ALL,horizon_specific_train_quantiles,25,0.5,body_rate_rmse_rad_s,Sep7,0.5863497074192308,9,1481
interval,Actual,17,ALL,horizon_specific_train_quantiles,25,0.5,position_rmse_m,ALL,0.11024861966575723,17,2582
interval,Actual,17,ALL,horizon_specific_train_quantiles,25,0.5,position_rmse_m,Sep17,0.06951366272878629,8,1101
interval,Actual,17,ALL,horizon_specific_train_quantiles,25,0.5,position_rmse_m,Sep7,0.14645747027639805,9,1481
interval,Actual,17,ALL,horizon_specific_train_quantiles,25,0.5,velocity_rmse_m_s,ALL,0.23524000656620814,17,2582
interval,Actual,17,ALL,horizon_specific_train_quantiles,25,0.5,velocity_rmse_m_s,Sep17,0.2586624908043639,8,1101
interval,Actual,17,ALL,horizon_specific_train_quantiles,25,0.5,velocity_rmse_m_s,Sep7,0.2144200205767364,9,1481
interval,Actual,17,ALL,horizon_specific_train_quantiles,50,1.0,attitude_error_deg,ALL,4.322521741868818,17,2582
interval,Actual,17,ALL,horizon_specific_train_quantiles,50,1.0,attitude_error_deg,Sep17,4.868334922086438,8,1101
interval,Actual,17,ALL,horizon_specific_train_quantiles,50,1.0,attitude_error_deg,Sep7,3.837354470564266,9,1481
interval,Actual,17,ALL,horizon_specific_train_quantiles,50,1.0,body_rate_rmse_rad_s,ALL,0.5847222699951844,17,2582
interval,Actual,17,ALL,horizon_specific_train_quantiles,50,1.0,body_rate_rmse_rad_s,Sep17,0.5669793407626247,8,1101
interval,Actual,17,ALL,horizon_specific_train_quantiles,50,1.0,body_rate_rmse_rad_s,Sep7,0.6004937626463487,9,1481
interval,Actual,17,ALL,horizon_specific_train_quantiles,50,1.0,position_rmse_m,ALL,0.25114986764108455,17,2582
interval,Actual,17,ALL,horizon_specific_train_quantiles,50,1.0,position_rmse_m,Sep17,0.17941845466249629,8,1101
interval,Actual,17,ALL,horizon_specific_train_quantiles,50,1.0,position_rmse_m,Sep7,0.31491112362205187,9,1481
interval,Actual,17,ALL,horizon_specific_train_quantiles,50,1.0,velocity_rmse_m_s,ALL,0.3920586808832183,17,2582
interval,Actual,17,ALL,horizon_specific_train_quantiles,50,1.0,velocity_rmse_m_s,Sep17,0.41360273740892756,8,1101
interval,Actual,17,ALL,horizon_specific_train_quantiles,50,1.0,velocity_rmse_m_s,Sep7,0.3729084084159213,9,1481
interval,Actual,17,high,horizon_specific_train_quantiles,5,0.1,attitude_error_deg,ALL,1.162033725774935,17,608
interval,Actual,17,high,horizon_specific_train_quantiles,5,0.1,attitude_error_deg,Sep17,1.212819513128817,8,294
interval,Actual,17,high,horizon_specific_train_quantiles,5,0.1,attitude_error_deg,Sep7,1.1168908036825953,9,314
interval,Actual,17,high,horizon_specific_train_quantiles,5,0.1,body_rate_rmse_rad_s,ALL,0.5834389570368702,17,608
interval,Actual,17,high,horizon_specific_train_quantiles,5,0.1,body_rate_rmse_rad_s,Sep17,0.5694289847322755,8,294
interval,Actual,17,high,horizon_specific_train_quantiles,5,0.1,body_rate_rmse_rad_s,Sep7,0.5958922657520653,9,314
interval,Actual,17,high,horizon_specific_train_quantiles,5,0.1,position_rmse_m,ALL,0.027525262497786647,17,608
interval,Actual,17,high,horizon_specific_train_quantiles,5,0.1,position_rmse_m,Sep17,0.014298280045623096,8,294
interval,Actual,17,high,horizon_specific_train_quantiles,5,0.1,position_rmse_m,Sep7,0.03928258023304314,9,314
interval,Actual,17,high,horizon_specific_train_quantiles,5,0.1,velocity_rmse_m_s,ALL,0.14020717051654646,17,608
interval,Actual,17,high,horizon_specific_train_quantiles,5,0.1,velocity_rmse_m_s,Sep17,0.14633530732825265,8,294
interval,Actual,17,high,horizon_specific_train_quantiles,5,0.1,velocity_rmse_m_s,Sep7,0.13475993779502987,9,314
interval,Actual,17,high,horizon_specific_train_quantiles,10,0.2,attitude_error_deg,ALL,1.8294853901078023,17,503
interval,Actual,17,high,horizon_specific_train_quantiles,10,0.2,attitude_error_deg,Sep17,2.009998177823784,8,272
interval,Actual,17,high,horizon_specific_train_quantiles,10,0.2,attitude_error_deg,Sep7,1.6690295788047071,9,231
interval,Actual,17,high,horizon_specific_train_quantiles,10,0.2,body_rate_rmse_rad_s,ALL,0.601493965050425,17,503
interval,Actual,17,high,horizon_specific_train_quantiles,10,0.2,body_rate_rmse_rad_s,Sep17,0.5880997366137669,8,272
interval,Actual,17,high,horizon_specific_train_quantiles,10,0.2,body_rate_rmse_rad_s,Sep7,0.61339994588301,9,231
interval,Actual,17,high,horizon_specific_train_quantiles,10,0.2,position_rmse_m,ALL,0.05184173873050329,17,503
interval,Actual,17,high,horizon_specific_train_quantiles,10,0.2,position_rmse_m,Sep17,0.02953396128584226,8,272
interval,Actual,17,high,horizon_specific_train_quantiles,10,0.2,position_rmse_m,Sep7,0.07167087423686865,9,231
interval,Actual,17,high,horizon_specific_train_quantiles,10,0.2,velocity_rmse_m_s,ALL,0.206431321272499,17,503
interval,Actual,17,high,horizon_specific_train_quantiles,10,0.2,velocity_rmse_m_s,Sep17,0.22543101321524578,8,272
interval,Actual,17,high,horizon_specific_train_quantiles,10,0.2,velocity_rmse_m_s,Sep7,0.18954270621227964,9,231
interval,Actual,17,high,horizon_specific_train_quantiles,25,0.5,attitude_error_deg,ALL,3.367857173509291,17,454
interval,Actual,17,high,horizon_specific_train_quantiles,25,0.5,attitude_error_deg,Sep17,3.7941549739776588,8,269
interval,Actual,17,high,horizon_specific_train_quantiles,25,0.5,attitude_error_deg,Sep7,2.988925795315186,9,185
interval,Actual,17,high,horizon_specific_train_quantiles,25,0.5,body_rate_rmse_rad_s,ALL,0.6203802919258606,17,454
interval,Actual,17,high,horizon_specific_train_quantiles,25,0.5,body_rate_rmse_rad_s,Sep17,0.6149939795041075,8,269
interval,Actual,17,high,horizon_specific_train_quantiles,25,0.5,body_rate_rmse_rad_s,Sep7,0.625168125189641,9,185
interval,Actual,17,high,horizon_specific_train_quantiles,25,0.5,position_rmse_m,ALL,0.12981111088072214,17,454
interval,Actual,17,high,horizon_specific_train_quantiles,25,0.5,position_rmse_m,Sep17,0.08843463461238968,8,269
interval,Actual,17,high,horizon_specific_train_quantiles,25,0.5,position_rmse_m,Sep7,0.16659020089701768,9,185
interval,Actual,17,high,horizon_specific_train_quantiles,25,0.5,velocity_rmse_m_s,ALL,0.34531942516787073,17,454
interval,Actual,17,high,horizon_specific_train_quantiles,25,0.5,velocity_rmse_m_s,Sep17,0.36480842873762037,8,269
interval,Actual,17,high,horizon_specific_train_quantiles,25,0.5,velocity_rmse_m_s,Sep7,0.3279958664392043,9,185
interval,Actual,17,high,horizon_specific_train_quantiles,50,1.0,attitude_error_deg,ALL,5.321833673703107,17,468
interval,Actual,17,high,horizon_specific_train_quantiles,50,1.0,attitude_error_deg,Sep17,5.943299203046453,8,273
interval,Actual,17,high,horizon_specific_train_quantiles,50,1.0,attitude_error_deg,Sep7,4.7694198698423556,9,195
interval,Actual,17,high,horizon_specific_train_quantiles,50,1.0,body_rate_rmse_rad_s,ALL,0.6402245761506358,17,468
interval,Actual,17,high,horizon_specific_train_quantiles,50,1.0,body_rate_rmse_rad_s,Sep17,0.6311372258602447,8,273
interval,Actual,17,high,horizon_specific_train_quantiles,50,1.0,body_rate_rmse_rad_s,Sep7,0.6483022208532058,9,195
interval,Actual,17,high,horizon_specific_train_quantiles,50,1.0,position_rmse_m,ALL,0.317688150861274,17,468
interval,Actual,17,high,horizon_specific_train_quantiles,50,1.0,position_rmse_m,Sep17,0.22744826994308814,8,273
interval,Actual,17,high,horizon_specific_train_quantiles,50,1.0,position_rmse_m,Sep7,0.3979013783441058,9,195
interval,Actual,17,high,horizon_specific_train_quantiles,50,1.0,velocity_rmse_m_s,ALL,0.5401196257048231,17,468
interval,Actual,17,high,horizon_specific_train_quantiles,50,1.0,velocity_rmse_m_s,Sep17,0.5426794443224461,8,273
interval,Actual,17,high,horizon_specific_train_quantiles,50,1.0,velocity_rmse_m_s,Sep7,0.5378442313780472,9,195
interval,Actual,17,low,horizon_specific_train_quantiles,5,0.1,attitude_error_deg,ALL,0.9032348223102149,17,684
interval,Actual,17,low,horizon_specific_train_quantiles,5,0.1,attitude_error_deg,Sep17,0.8789807171269698,8,228
interval,Actual,17,low,horizon_specific_train_quantiles,5,0.1,attitude_error_deg,Sep7,0.9247940269175441,9,456
interval,Actual,17,low,horizon_specific_train_quantiles,5,0.1,body_rate_rmse_rad_s,ALL,0.47579634984771885,17,684
interval,Actual,17,low,horizon_specific_train_quantiles,5,0.1,body_rate_rmse_rad_s,Sep17,0.43766173095309713,8,228
interval,Actual,17,low,horizon_specific_train_quantiles,5,0.1,body_rate_rmse_rad_s,Sep7,0.5096937888651604,9,456
interval,Actual,17,low,horizon_specific_train_quantiles,5,0.1,position_rmse_m,ALL,0.02054837276219458,17,684
interval,Actual,17,low,horizon_specific_train_quantiles,5,0.1,position_rmse_m,Sep17,0.011747480158569721,8,228
interval,Actual,17,low,horizon_specific_train_quantiles,5,0.1,position_rmse_m,Sep7,0.028371388409861125,9,456
interval,Actual,17,low,horizon_specific_train_quantiles,5,0.1,velocity_rmse_m_s,ALL,0.08213788948245442,17,684
interval,Actual,17,low,horizon_specific_train_quantiles,5,0.1,velocity_rmse_m_s,Sep17,0.0852494515158988,8,228
interval,Actual,17,low,horizon_specific_train_quantiles,5,0.1,velocity_rmse_m_s,Sep7,0.07937205656383721,9,456
interval,Actual,17,low,horizon_specific_train_quantiles,10,0.2,attitude_error_deg,ALL,1.3222475090620236,17,787
interval,Actual,17,low,horizon_specific_train_quantiles,10,0.2,attitude_error_deg,Sep17,1.3049737082341404,8,240
interval,Actual,17,low,horizon_specific_train_quantiles,10,0.2,attitude_error_deg,Sep7,1.3376019986868086,9,547
interval,Actual,17,low,horizon_specific_train_quantiles,10,0.2,body_rate_rmse_rad_s,ALL,0.5290911040207565,17,787
interval,Actual,17,low,horizon_specific_train_quantiles,10,0.2,body_rate_rmse_rad_s,Sep17,0.4889375943804853,8,240
interval,Actual,17,low,horizon_specific_train_quantiles,10,0.2,body_rate_rmse_rad_s,Sep7,0.5647831125898866,9,547
interval,Actual,17,low,horizon_specific_train_quantiles,10,0.2,position_rmse_m,ALL,0.041703778565484434,17,787
interval,Actual,17,low,horizon_specific_train_quantiles,10,0.2,position_rmse_m,Sep17,0.022081300244360856,8,240
interval,Actual,17,low,horizon_specific_train_quantiles,10,0.2,position_rmse_m,Sep7,0.05914598151759429,9,547
interval,Actual,17,low,horizon_specific_train_quantiles,10,0.2,velocity_rmse_m_s,ALL,0.11827308618676412,17,787
interval,Actual,17,low,horizon_specific_train_quantiles,10,0.2,velocity_rmse_m_s,Sep17,0.1276884337397509,8,240
interval,Actual,17,low,horizon_specific_train_quantiles,10,0.2,velocity_rmse_m_s,Sep7,0.10990388836188698,9,547
interval,Actual,17,low,horizon_specific_train_quantiles,25,0.5,attitude_error_deg,ALL,2.236478535622243,17,888
interval,Actual,17,low,horizon_specific_train_quantiles,25,0.5,attitude_error_deg,Sep17,2.232795266572189,8,201
interval,Actual,17,low,horizon_specific_train_quantiles,25,0.5,attitude_error_deg,Sep7,2.2397525525556237,9,687
interval,Actual,17,low,horizon_specific_train_quantiles,25,0.5,body_rate_rmse_rad_s,ALL,0.5465237290412961,17,888
interval,Actual,17,low,horizon_specific_train_quantiles,25,0.5,body_rate_rmse_rad_s,Sep17,0.5181262225025987,8,201
interval,Actual,17,low,horizon_specific_train_quantiles,25,0.5,body_rate_rmse_rad_s,Sep7,0.5717659570756938,9,687
interval,Actual,17,low,horizon_specific_train_quantiles,25,0.5,position_rmse_m,ALL,0.1047540589443402,17,888
interval,Actual,17,low,horizon_specific_train_quantiles,25,0.5,position_rmse_m,Sep17,0.06373286631174291,8,201
interval,Actual,17,low,horizon_specific_train_quantiles,25,0.5,position_rmse_m,Sep7,0.1412173412844267,9,687
interval,Actual,17,low,horizon_specific_train_quantiles,25,0.5,velocity_rmse_m_s,ALL,0.19155185988721016,17,888
interval,Actual,17,low,horizon_specific_train_quantiles,25,0.5,velocity_rmse_m_s,Sep17,0.2047995875160737,8,201
interval,Actual,17,low,horizon_specific_train_quantiles,25,0.5,velocity_rmse_m_s,Sep7,0.17977610199488703,9,687
interval,Actual,17,low,horizon_specific_train_quantiles,50,1.0,attitude_error_deg,ALL,3.689309055623457,17,926
interval,Actual,17,low,horizon_specific_train_quantiles,50,1.0,attitude_error_deg,Sep17,3.895652697410303,8,208
interval,Actual,17,low,horizon_specific_train_quantiles,50,1.0,attitude_error_deg,Sep7,3.5058924851462603,9,718
interval,Actual,17,low,horizon_specific_train_quantiles,50,1.0,body_rate_rmse_rad_s,ALL,0.5609708024165339,17,926
interval,Actual,17,low,horizon_specific_train_quantiles,50,1.0,body_rate_rmse_rad_s,Sep17,0.5335793331196388,8,208
interval,Actual,17,low,horizon_specific_train_quantiles,50,1.0,body_rate_rmse_rad_s,Sep7,0.5853187751248851,9,718
interval,Actual,17,low,horizon_specific_train_quantiles,50,1.0,position_rmse_m,ALL,0.24243110834546158,17,926
interval,Actual,17,low,horizon_specific_train_quantiles,50,1.0,position_rmse_m,Sep17,0.16102055835883824,8,208
interval,Actual,17,low,horizon_specific_train_quantiles,50,1.0,position_rmse_m,Sep7,0.3147960416669046,9,718
interval,Actual,17,low,horizon_specific_train_quantiles,50,1.0,velocity_rmse_m_s,ALL,0.33800392751593356,17,926
interval,Actual,17,low,horizon_specific_train_quantiles,50,1.0,velocity_rmse_m_s,Sep17,0.34113228265643936,8,208
interval,Actual,17,low,horizon_specific_train_quantiles,50,1.0,velocity_rmse_m_s,Sep7,0.3352231673910395,9,718
interval,Actual,17,middle,horizon_specific_train_quantiles,5,0.1,attitude_error_deg,ALL,0.9851384143378513,17,1290
interval,Actual,17,middle,horizon_specific_train_quantiles,5,0.1,attitude_error_deg,Sep17,0.9824336087865866,8,579
interval,Actual,17,middle,horizon_specific_train_quantiles,5,0.1,attitude_error_deg,Sep7,0.9875426859389757,9,711
interval,Actual,17,middle,horizon_specific_train_quantiles,5,0.1,body_rate_rmse_rad_s,ALL,0.5416860448292711,17,1290
interval,Actual,17,middle,horizon_specific_train_quantiles,5,0.1,body_rate_rmse_rad_s,Sep17,0.5082660155071039,8,579
interval,Actual,17,middle,horizon_specific_train_quantiles,5,0.1,body_rate_rmse_rad_s,Sep7,0.5713927375600865,9,711
interval,Actual,17,middle,horizon_specific_train_quantiles,5,0.1,position_rmse_m,ALL,0.023774140866442275,17,1290
interval,Actual,17,middle,horizon_specific_train_quantiles,5,0.1,position_rmse_m,Sep17,0.012442444020070291,8,579
interval,Actual,17,middle,horizon_specific_train_quantiles,5,0.1,position_rmse_m,Sep7,0.033846760285439585,9,711
interval,Actual,17,middle,horizon_specific_train_quantiles,5,0.1,velocity_rmse_m_s,ALL,0.0862898874458558,17,1290
interval,Actual,17,middle,horizon_specific_train_quantiles,5,0.1,velocity_rmse_m_s,Sep17,0.09265135395832111,8,579
interval,Actual,17,middle,horizon_specific_train_quantiles,5,0.1,velocity_rmse_m_s,Sep7,0.08063525054588666,9,711
interval,Actual,17,middle,horizon_specific_train_quantiles,10,0.2,attitude_error_deg,ALL,1.4351135294815118,17,1292
interval,Actual,17,middle,horizon_specific_train_quantiles,10,0.2,attitude_error_deg,Sep17,1.460099404529368,8,589
interval,Actual,17,middle,horizon_specific_train_quantiles,10,0.2,attitude_error_deg,Sep7,1.4129038627723065,9,703
interval,Actual,17,middle,horizon_specific_train_quantiles,10,0.2,body_rate_rmse_rad_s,ALL,0.5391757006110601,17,1292
interval,Actual,17,middle,horizon_specific_train_quantiles,10,0.2,body_rate_rmse_rad_s,Sep17,0.5037088129825872,8,589
interval,Actual,17,middle,horizon_specific_train_quantiles,10,0.2,body_rate_rmse_rad_s,Sep7,0.5707018229474805,9,703
interval,Actual,17,middle,horizon_specific_train_quantiles,10,0.2,position_rmse_m,ALL,0.039916256165329816,17,1292
interval,Actual,17,middle,horizon_specific_train_quantiles,10,0.2,position_rmse_m,Sep17,0.021739216156011633,8,589
interval,Actual,17,middle,horizon_specific_train_quantiles,10,0.2,position_rmse_m,Sep7,0.05607362506250153,9,703
interval,Actual,17,middle,horizon_specific_train_quantiles,10,0.2,velocity_rmse_m_s,ALL,0.12175708550909344,17,1292
interval,Actual,17,middle,horizon_specific_train_quantiles,10,0.2,velocity_rmse_m_s,Sep17,0.13313295666725164,8,589
interval,Actual,17,middle,horizon_specific_train_quantiles,10,0.2,velocity_rmse_m_s,Sep7,0.11164520003517502,9,703
interval,Actual,17,middle,horizon_specific_train_quantiles,25,0.5,attitude_error_deg,ALL,2.616705139022075,17,1240
interval,Actual,17,middle,horizon_specific_train_quantiles,25,0.5,attitude_error_deg,Sep17,2.7601037369756916,8,631
interval,Actual,17,middle,horizon_specific_train_quantiles,25,0.5,attitude_error_deg,Sep7,2.48923971861886,9,609
interval,Actual,17,middle,horizon_specific_train_quantiles,25,0.5,body_rate_rmse_rad_s,ALL,0.5590516359522496,17,1240
interval,Actual,17,middle,horizon_specific_train_quantiles,25,0.5,body_rate_rmse_rad_s,Sep17,0.5240852680082676,8,631
interval,Actual,17,middle,horizon_specific_train_quantiles,25,0.5,body_rate_rmse_rad_s,Sep7,0.5901328519024557,9,609
interval,Actual,17,middle,horizon_specific_train_quantiles,25,0.5,position_rmse_m,ALL,0.10522437498950245,17,1240
interval,Actual,17,middle,horizon_specific_train_quantiles,25,0.5,position_rmse_m,Sep17,0.06016943970262491,8,631
interval,Actual,17,middle,horizon_specific_train_quantiles,25,0.5,position_rmse_m,Sep7,0.14527320635561583,9,609
interval,Actual,17,middle,horizon_specific_train_quantiles,25,0.5,velocity_rmse_m_s,ALL,0.20782526631355866,17,1240
interval,Actual,17,middle,horizon_specific_train_quantiles,25,0.5,velocity_rmse_m_s,Sep17,0.21519954204295652,8,631
interval,Actual,17,middle,horizon_specific_train_quantiles,25,0.5,velocity_rmse_m_s,Sep7,0.2012703545540939,9,609
interval,Actual,17,middle,horizon_specific_train_quantiles,50,1.0,attitude_error_deg,ALL,4.245962674189573,17,1188
interval,Actual,17,middle,horizon_specific_train_quantiles,50,1.0,attitude_error_deg,Sep17,4.597752074252219,8,620
interval,Actual,17,middle,horizon_specific_train_quantiles,50,1.0,attitude_error_deg,Sep7,3.9332609852449982,9,568
interval,Actual,17,middle,horizon_specific_train_quantiles,50,1.0,body_rate_rmse_rad_s,ALL,0.5768541646922567,17,1188
interval,Actual,17,middle,horizon_specific_train_quantiles,50,1.0,body_rate_rmse_rad_s,Sep17,0.5471004712040792,8,620
interval,Actual,17,middle,horizon_specific_train_quantiles,50,1.0,body_rate_rmse_rad_s,Sep7,0.6033018922373032,9,568
interval,Actual,17,middle,horizon_specific_train_quantiles,50,1.0,position_rmse_m,ALL,0.22235852452454302,17,1188
interval,Actual,17,middle,horizon_specific_train_quantiles,50,1.0,position_rmse_m,Sep17,0.15654297989793367,8,620
interval,Actual,17,middle,horizon_specific_train_quantiles,50,1.0,position_rmse_m,Sep7,0.2808612308593069,9,568
interval,Actual,17,middle,horizon_specific_train_quantiles,50,1.0,velocity_rmse_m_s,ALL,0.3541702163041367,17,1188
interval,Actual,17,middle,horizon_specific_train_quantiles,50,1.0,velocity_rmse_m_s,Sep17,0.3642240708813808,8,620
interval,Actual,17,middle,horizon_specific_train_quantiles,50,1.0,velocity_rmse_m_s,Sep7,0.3452334566799197,9,568
interval,Actual,23,ALL,horizon_specific_train_quantiles,5,0.1,attitude_error_deg,ALL,1.0385084739666826,17,2582
interval,Actual,23,ALL,horizon_specific_train_quantiles,5,0.1,attitude_error_deg,Sep17,1.0390669089152211,8,1101
interval,Actual,23,ALL,horizon_specific_train_quantiles,5,0.1,attitude_error_deg,Sep7,1.0380120873457597,9,1481
interval,Actual,23,ALL,horizon_specific_train_quantiles,5,0.1,body_rate_rmse_rad_s,ALL,0.5395646945598254,17,2582
interval,Actual,23,ALL,horizon_specific_train_quantiles,5,0.1,body_rate_rmse_rad_s,Sep17,0.5110284977428449,8,1101
interval,Actual,23,ALL,horizon_specific_train_quantiles,5,0.1,body_rate_rmse_rad_s,Sep7,0.5649302028415858,9,1481
interval,Actual,23,ALL,horizon_specific_train_quantiles,5,0.1,position_rmse_m,ALL,0.02424341345464687,17,2582
interval,Actual,23,ALL,horizon_specific_train_quantiles,5,0.1,position_rmse_m,Sep17,0.013113854415457135,8,1101
interval,Actual,23,ALL,horizon_specific_train_quantiles,5,0.1,position_rmse_m,Sep7,0.034136354822815525,9,1481
interval,Actual,23,ALL,horizon_specific_train_quantiles,5,0.1,velocity_rmse_m_s,ALL,0.1104486514290517,17,2582
interval,Actual,23,ALL,horizon_specific_train_quantiles,5,0.1,velocity_rmse_m_s,Sep17,0.11567165554923689,8,1101
interval,Actual,23,ALL,horizon_specific_train_quantiles,5,0.1,velocity_rmse_m_s,Sep7,0.10580598109999823,9,1481
interval,Actual,23,ALL,horizon_specific_train_quantiles,10,0.2,attitude_error_deg,ALL,1.5380271949452549,17,2582
interval,Actual,23,ALL,horizon_specific_train_quantiles,10,0.2,attitude_error_deg,Sep17,1.6168584231130003,8,1101
interval,Actual,23,ALL,horizon_specific_train_quantiles,10,0.2,attitude_error_deg,Sep7,1.467954992129481,9,1481
interval,Actual,23,ALL,horizon_specific_train_quantiles,10,0.2,body_rate_rmse_rad_s,ALL,0.5514523352373073,17,2582
interval,Actual,23,ALL,horizon_specific_train_quantiles,10,0.2,body_rate_rmse_rad_s,Sep17,0.521360679006193,8,1101
interval,Actual,23,ALL,horizon_specific_train_quantiles,10,0.2,body_rate_rmse_rad_s,Sep7,0.5782004741094089,9,1481
interval,Actual,23,ALL,horizon_specific_train_quantiles,10,0.2,position_rmse_m,ALL,0.04414902700533518,17,2582
interval,Actual,23,ALL,horizon_specific_train_quantiles,10,0.2,position_rmse_m,Sep17,0.024874988407770422,8,1101
interval,Actual,23,ALL,horizon_specific_train_quantiles,10,0.2,position_rmse_m,Sep7,0.06128150575872607,9,1481
interval,Actual,23,ALL,horizon_specific_train_quantiles,10,0.2,velocity_rmse_m_s,ALL,0.15306116333916608,17,2582
interval,Actual,23,ALL,horizon_specific_train_quantiles,10,0.2,velocity_rmse_m_s,Sep17,0.1662693107022999,8,1101
interval,Actual,23,ALL,horizon_specific_train_quantiles,10,0.2,velocity_rmse_m_s,Sep7,0.14132058790526933,9,1481
interval,Actual,23,ALL,horizon_specific_train_quantiles,25,0.5,attitude_error_deg,ALL,2.7292931286411792,17,2582
interval,Actual,23,ALL,horizon_specific_train_quantiles,25,0.5,attitude_error_deg,Sep17,2.993080373528775,8,1101
interval,Actual,23,ALL,horizon_specific_train_quantiles,25,0.5,attitude_error_deg,Sep7,2.4948155776299834,9,1481
interval,Actual,23,ALL,horizon_specific_train_quantiles,25,0.5,body_rate_rmse_rad_s,ALL,0.5667346177011522,17,2582
interval,Actual,23,ALL,horizon_specific_train_quantiles,25,0.5,body_rate_rmse_rad_s,Sep17,0.54424274647921,8,1101
interval,Actual,23,ALL,horizon_specific_train_quantiles,25,0.5,body_rate_rmse_rad_s,Sep7,0.5867273921206563,9,1481
interval,Actual,23,ALL,horizon_specific_train_quantiles,25,0.5,position_rmse_m,ALL,0.11138193939900011,17,2582
interval,Actual,23,ALL,horizon_specific_train_quantiles,25,0.5,position_rmse_m,Sep17,0.07254267089989916,8,1101
interval,Actual,23,ALL,horizon_specific_train_quantiles,25,0.5,position_rmse_m,Sep7,0.14590573362042317,9,1481
interval,Actual,23,ALL,horizon_specific_train_quantiles,25,0.5,velocity_rmse_m_s,ALL,0.2438976676361052,17,2582
interval,Actual,23,ALL,horizon_specific_train_quantiles,25,0.5,velocity_rmse_m_s,Sep17,0.27048194124485586,8,1101
interval,Actual,23,ALL,horizon_specific_train_quantiles,25,0.5,velocity_rmse_m_s,Sep7,0.22026720220610463,9,1481
interval,Actual,23,ALL,horizon_specific_train_quantiles,50,1.0,attitude_error_deg,ALL,4.2833469643426,17,2582
interval,Actual,23,ALL,horizon_specific_train_quantiles,50,1.0,attitude_error_deg,Sep17,4.7140759148059415,8,1101
interval,Actual,23,ALL,horizon_specific_train_quantiles,50,1.0,attitude_error_deg,Sep7,3.9004767861529634,9,1481
interval,Actual,23,ALL,horizon_specific_train_quantiles,50,1.0,body_rate_rmse_rad_s,ALL,0.5877588701060052,17,2582
interval,Actual,23,ALL,horizon_specific_train_quantiles,50,1.0,body_rate_rmse_rad_s,Sep17,0.5723728172859642,8,1101
interval,Actual,23,ALL,horizon_specific_train_quantiles,50,1.0,body_rate_rmse_rad_s,Sep7,0.6014353615015974,9,1481
interval,Actual,23,ALL,horizon_specific_train_quantiles,50,1.0,position_rmse_m,ALL,0.2561871346149431,17,2582
interval,Actual,23,ALL,horizon_specific_train_quantiles,50,1.0,position_rmse_m,Sep17,0.19256794498822702,8,1101
interval,Actual,23,ALL,horizon_specific_train_quantiles,50,1.0,position_rmse_m,Sep7,0.3127375253942462,9,1481
interval,Actual,23,ALL,horizon_specific_train_quantiles,50,1.0,velocity_rmse_m_s,ALL,0.404650637786371,17,2582
interval,Actual,23,ALL,horizon_specific_train_quantiles,50,1.0,velocity_rmse_m_s,Sep17,0.43626713447258525,8,1101
interval,Actual,23,ALL,horizon_specific_train_quantiles,50,1.0,velocity_rmse_m_s,Sep7,0.37654708517640273,9,1481
interval,Actual,23,high,horizon_specific_train_quantiles,5,0.1,attitude_error_deg,ALL,1.1762763337233098,17,608
interval,Actual,23,high,horizon_specific_train_quantiles,5,0.1,attitude_error_deg,Sep17,1.2173244446275855,8,294
interval,Actual,23,high,horizon_specific_train_quantiles,5,0.1,attitude_error_deg,Sep7,1.1397891240306202,9,314
interval,Actual,23,high,horizon_specific_train_quantiles,5,0.1,body_rate_rmse_rad_s,ALL,0.5829995183191833,17,608
interval,Actual,23,high,horizon_specific_train_quantiles,5,0.1,body_rate_rmse_rad_s,Sep17,0.5671850348223537,8,294
interval,Actual,23,high,horizon_specific_train_quantiles,5,0.1,body_rate_rmse_rad_s,Sep7,0.5970568369830319,9,314
interval,Actual,23,high,horizon_specific_train_quantiles,5,0.1,position_rmse_m,ALL,0.02757157524986622,17,608
interval,Actual,23,high,horizon_specific_train_quantiles,5,0.1,position_rmse_m,Sep17,0.014402747321133431,8,294
interval,Actual,23,high,horizon_specific_train_quantiles,5,0.1,position_rmse_m,Sep7,0.03927720007540647,9,314
interval,Actual,23,high,horizon_specific_train_quantiles,5,0.1,velocity_rmse_m_s,ALL,0.14911289585691725,17,608
interval,Actual,23,high,horizon_specific_train_quantiles,5,0.1,velocity_rmse_m_s,Sep17,0.15665942396647461,8,294
interval,Actual,23,high,horizon_specific_train_quantiles,5,0.1,velocity_rmse_m_s,Sep7,0.14240487087064407,9,314
interval,Actual,23,high,horizon_specific_train_quantiles,10,0.2,attitude_error_deg,ALL,1.8565396403920413,17,503
interval,Actual,23,high,horizon_specific_train_quantiles,10,0.2,attitude_error_deg,Sep17,2.048854261921487,8,272
interval,Actual,23,high,horizon_specific_train_quantiles,10,0.2,attitude_error_deg,Sep7,1.685593310143645,9,231
interval,Actual,23,high,horizon_specific_train_quantiles,10,0.2,body_rate_rmse_rad_s,ALL,0.6016601039555683,17,503
interval,Actual,23,high,horizon_specific_train_quantiles,10,0.2,body_rate_rmse_rad_s,Sep17,0.5923794925140048,8,272
interval,Actual,23,high,horizon_specific_train_quantiles,10,0.2,body_rate_rmse_rad_s,Sep7,0.6099095363480693,9,231
interval,Actual,23,high,horizon_specific_train_quantiles,10,0.2,position_rmse_m,ALL,0.05236016558755981,17,503
interval,Actual,23,high,horizon_specific_train_quantiles,10,0.2,position_rmse_m,Sep17,0.030375625255625628,8,272
interval,Actual,23,high,horizon_specific_train_quantiles,10,0.2,position_rmse_m,Sep7,0.07190197921594575,9,231
interval,Actual,23,high,horizon_specific_train_quantiles,10,0.2,velocity_rmse_m_s,ALL,0.21330782789878147,17,503
interval,Actual,23,high,horizon_specific_train_quantiles,10,0.2,velocity_rmse_m_s,Sep17,0.23415231221157717,8,272
interval,Actual,23,high,horizon_specific_train_quantiles,10,0.2,velocity_rmse_m_s,Sep7,0.19477939739851866,9,231
interval,Actual,23,high,horizon_specific_train_quantiles,25,0.5,attitude_error_deg,ALL,3.4019916556674654,17,454
interval,Actual,23,high,horizon_specific_train_quantiles,25,0.5,attitude_error_deg,Sep17,3.8776458115092165,8,269
interval,Actual,23,high,horizon_specific_train_quantiles,25,0.5,attitude_error_deg,Sep7,2.979187961585909,9,185
interval,Actual,23,high,horizon_specific_train_quantiles,25,0.5,body_rate_rmse_rad_s,ALL,0.6221144102939081,17,454
interval,Actual,23,high,horizon_specific_train_quantiles,25,0.5,body_rate_rmse_rad_s,Sep17,0.6221929682743519,8,269
interval,Actual,23,high,horizon_specific_train_quantiles,25,0.5,body_rate_rmse_rad_s,Sep7,0.6220445809779582,9,185
interval,Actual,23,high,horizon_specific_train_quantiles,25,0.5,position_rmse_m,ALL,0.13112686566888368,17,454
interval,Actual,23,high,horizon_specific_train_quantiles,25,0.5,position_rmse_m,Sep17,0.09271799141257053,8,269
interval,Actual,23,high,horizon_specific_train_quantiles,25,0.5,position_rmse_m,Sep7,0.16526808723005093,9,185
interval,Actual,23,high,horizon_specific_train_quantiles,25,0.5,velocity_rmse_m_s,ALL,0.35525352361874274,17,454
interval,Actual,23,high,horizon_specific_train_quantiles,25,0.5,velocity_rmse_m_s,Sep17,0.3855322586927916,8,269
interval,Actual,23,high,horizon_specific_train_quantiles,25,0.5,velocity_rmse_m_s,Sep7,0.3283390924418104,9,185
interval,Actual,23,high,horizon_specific_train_quantiles,50,1.0,attitude_error_deg,ALL,5.316198271849883,17,468
interval,Actual,23,high,horizon_specific_train_quantiles,50,1.0,attitude_error_deg,Sep17,5.93898311686244,8,273
interval,Actual,23,high,horizon_specific_train_quantiles,50,1.0,attitude_error_deg,Sep7,4.762611742949833,9,195
interval,Actual,23,high,horizon_specific_train_quantiles,50,1.0,body_rate_rmse_rad_s,ALL,0.6422470886142664,17,468
interval,Actual,23,high,horizon_specific_train_quantiles,50,1.0,body_rate_rmse_rad_s,Sep17,0.6389664452287424,8,273
interval,Actual,23,high,horizon_specific_train_quantiles,50,1.0,body_rate_rmse_rad_s,Sep7,0.6451632160680655,9,195
interval,Actual,23,high,horizon_specific_train_quantiles,50,1.0,position_rmse_m,ALL,0.32468927190725116,17,468
interval,Actual,23,high,horizon_specific_train_quantiles,50,1.0,position_rmse_m,Sep17,0.25025513518258335,8,273
interval,Actual,23,high,horizon_specific_train_quantiles,50,1.0,position_rmse_m,Sep7,0.39085294899584483,9,195
interval,Actual,23,high,horizon_specific_train_quantiles,50,1.0,velocity_rmse_m_s,ALL,0.5558009047652055,17,468
interval,Actual,23,high,horizon_specific_train_quantiles,50,1.0,velocity_rmse_m_s,Sep17,0.5808854201948204,8,273
interval,Actual,23,high,horizon_specific_train_quantiles,50,1.0,velocity_rmse_m_s,Sep7,0.5335035577166589,9,195
interval,Actual,23,low,horizon_specific_train_quantiles,5,0.1,attitude_error_deg,ALL,0.9349725942281389,17,684
interval,Actual,23,low,horizon_specific_train_quantiles,5,0.1,attitude_error_deg,Sep17,0.9074463804503091,8,228
interval,Actual,23,low,horizon_specific_train_quantiles,5,0.1,attitude_error_deg,Sep7,0.9594403398084322,9,456
interval,Actual,23,low,horizon_specific_train_quantiles,5,0.1,body_rate_rmse_rad_s,ALL,0.4825666822851493,17,684
interval,Actual,23,low,horizon_specific_train_quantiles,5,0.1,body_rate_rmse_rad_s,Sep17,0.4441012134465593,8,228
interval,Actual,23,low,horizon_specific_train_quantiles,5,0.1,body_rate_rmse_rad_s,Sep7,0.5167582101416739,9,456
interval,Actual,23,low,horizon_specific_train_quantiles,5,0.1,position_rmse_m,ALL,0.020582792205374408,17,684
interval,Actual,23,low,horizon_specific_train_quantiles,5,0.1,position_rmse_m,Sep17,0.011979573285427354,8,228
interval,Actual,23,low,horizon_specific_train_quantiles,5,0.1,position_rmse_m,Sep7,0.028230097911994014,9,456
interval,Actual,23,low,horizon_specific_train_quantiles,5,0.1,velocity_rmse_m_s,ALL,0.0856844867092484,17,684
interval,Actual,23,low,horizon_specific_train_quantiles,5,0.1,velocity_rmse_m_s,Sep17,0.08841438607435304,8,228
interval,Actual,23,low,horizon_specific_train_quantiles,5,0.1,velocity_rmse_m_s,Sep7,0.08325790949582206,9,456
interval,Actual,23,low,horizon_specific_train_quantiles,10,0.2,attitude_error_deg,ALL,1.3718465361739025,17,787
interval,Actual,23,low,horizon_specific_train_quantiles,10,0.2,attitude_error_deg,Sep17,1.3611797714174012,8,240
interval,Actual,23,low,horizon_specific_train_quantiles,10,0.2,attitude_error_deg,Sep7,1.3813281048463477,9,547
interval,Actual,23,low,horizon_specific_train_quantiles,10,0.2,body_rate_rmse_rad_s,ALL,0.5292983439081234,17,787
interval,Actual,23,low,horizon_specific_train_quantiles,10,0.2,body_rate_rmse_rad_s,Sep17,0.48654049911177255,8,240
interval,Actual,23,low,horizon_specific_train_quantiles,10,0.2,body_rate_rmse_rad_s,Sep7,0.5673053170604352,9,547
interval,Actual,23,low,horizon_specific_train_quantiles,10,0.2,position_rmse_m,ALL,0.04176495834726805,17,787
interval,Actual,23,low,horizon_specific_train_quantiles,10,0.2,position_rmse_m,Sep17,0.02251528922681332,8,240
interval,Actual,23,low,horizon_specific_train_quantiles,10,0.2,position_rmse_m,Sep7,0.058875775343227806,9,547
interval,Actual,23,low,horizon_specific_train_quantiles,10,0.2,velocity_rmse_m_s,ALL,0.12040045643505352,17,787
interval,Actual,23,low,horizon_specific_train_quantiles,10,0.2,velocity_rmse_m_s,Sep17,0.12866443900721092,8,240
interval,Actual,23,low,horizon_specific_train_quantiles,10,0.2,velocity_rmse_m_s,Sep7,0.11305469414869143,9,547
interval,Actual,23,low,horizon_specific_train_quantiles,25,0.5,attitude_error_deg,ALL,2.2889224368162613,17,888
interval,Actual,23,low,horizon_specific_train_quantiles,25,0.5,attitude_error_deg,Sep17,2.266276542612044,8,201
interval,Actual,23,low,horizon_specific_train_quantiles,25,0.5,attitude_error_deg,Sep7,2.309052120553344,9,687
interval,Actual,23,low,horizon_specific_train_quantiles,25,0.5,body_rate_rmse_rad_s,ALL,0.5459194449633012,17,888
interval,Actual,23,low,horizon_specific_train_quantiles,25,0.5,body_rate_rmse_rad_s,Sep17,0.5167874521233989,8,201
interval,Actual,23,low,horizon_specific_train_quantiles,25,0.5,body_rate_rmse_rad_s,Sep7,0.5718145497098812,9,687
interval,Actual,23,low,horizon_specific_train_quantiles,25,0.5,position_rmse_m,ALL,0.10612200055461891,17,888
interval,Actual,23,low,horizon_specific_train_quantiles,25,0.5,position_rmse_m,Sep17,0.0672116299353249,8,201
interval,Actual,23,low,horizon_specific_train_quantiles,25,0.5,position_rmse_m,Sep7,0.14070899666065803,9,687
interval,Actual,23,low,horizon_specific_train_quantiles,25,0.5,velocity_rmse_m_s,ALL,0.20023558996680393,17,888
interval,Actual,23,low,horizon_specific_train_quantiles,25,0.5,velocity_rmse_m_s,Sep17,0.2190961654422791,8,201
interval,Actual,23,low,horizon_specific_train_quantiles,25,0.5,velocity_rmse_m_s,Sep7,0.1834706339886038,9,687
interval,Actual,23,low,horizon_specific_train_quantiles,50,1.0,attitude_error_deg,ALL,3.644910409182712,17,926
interval,Actual,23,low,horizon_specific_train_quantiles,50,1.0,attitude_error_deg,Sep17,3.7507742833906996,8,208
interval,Actual,23,low,horizon_specific_train_quantiles,50,1.0,attitude_error_deg,Sep7,3.5508091876645014,9,718
interval,Actual,23,low,horizon_specific_train_quantiles,50,1.0,body_rate_rmse_rad_s,ALL,0.5657013186493922,17,926
interval,Actual,23,low,horizon_specific_train_quantiles,50,1.0,body_rate_rmse_rad_s,Sep17,0.5425680834103135,8,208
interval,Actual,23,low,horizon_specific_train_quantiles,50,1.0,body_rate_rmse_rad_s,Sep7,0.5862641944174621,9,718
interval,Actual,23,low,horizon_specific_train_quantiles,50,1.0,position_rmse_m,ALL,0.24689321838065167,17,926
interval,Actual,23,low,horizon_specific_train_quantiles,50,1.0,position_rmse_m,Sep17,0.17518139426806584,8,208
interval,Actual,23,low,horizon_specific_train_quantiles,50,1.0,position_rmse_m,Sep7,0.31063706203628355,9,718
interval,Actual,23,low,horizon_specific_train_quantiles,50,1.0,velocity_rmse_m_s,ALL,0.35355856318885526,17,926
interval,Actual,23,low,horizon_specific_train_quantiles,50,1.0,velocity_rmse_m_s,Sep17,0.37589040615790476,8,208
interval,Actual,23,low,horizon_specific_train_quantiles,50,1.0,velocity_rmse_m_s,Sep7,0.33370803610525573,9,718
interval,Actual,23,middle,horizon_specific_train_quantiles,5,0.1,attitude_error_deg,ALL,1.0148997997808178,17,1290
interval,Actual,23,middle,horizon_specific_train_quantiles,5,0.1,attitude_error_deg,Sep17,0.9911876938885967,8,579
interval,Actual,23,middle,horizon_specific_train_quantiles,5,0.1,attitude_error_deg,Sep7,1.0359772272405696,9,711
interval,Actual,23,middle,horizon_specific_train_quantiles,5,0.1,body_rate_rmse_rad_s,ALL,0.5440871402215988,17,1290
interval,Actual,23,middle,horizon_specific_train_quantiles,5,0.1,body_rate_rmse_rad_s,Sep17,0.5058811249838469,8,579
interval,Actual,23,middle,horizon_specific_train_quantiles,5,0.1,body_rate_rmse_rad_s,Sep7,0.5780480426551562,9,711
interval,Actual,23,middle,horizon_specific_train_quantiles,5,0.1,position_rmse_m,ALL,0.023830222502645215,17,1290
interval,Actual,23,middle,horizon_specific_train_quantiles,5,0.1,position_rmse_m,Sep17,0.012621447976329376,8,579
interval,Actual,23,middle,horizon_specific_train_quantiles,5,0.1,position_rmse_m,Sep7,0.03379357763714819,9,711
interval,Actual,23,middle,horizon_specific_train_quantiles,5,0.1,velocity_rmse_m_s,ALL,0.09210590934579359,17,1290
interval,Actual,23,middle,horizon_specific_train_quantiles,5,0.1,velocity_rmse_m_s,Sep17,0.09789362286682672,8,579
interval,Actual,23,middle,horizon_specific_train_quantiles,5,0.1,velocity_rmse_m_s,Sep7,0.08696127510487524,9,711
interval,Actual,23,middle,horizon_specific_train_quantiles,10,0.2,attitude_error_deg,ALL,1.4767574028990862,17,1292
interval,Actual,23,middle,horizon_specific_train_quantiles,10,0.2,attitude_error_deg,Sep17,1.4807228708774713,8,589
interval,Actual,23,middle,horizon_specific_train_quantiles,10,0.2,attitude_error_deg,Sep7,1.4732325424738548,9,703
interval,Actual,23,middle,horizon_specific_train_quantiles,10,0.2,body_rate_rmse_rad_s,ALL,0.541288370842566,17,1292
interval,Actual,23,middle,horizon_specific_train_quantiles,10,0.2,body_rate_rmse_rad_s,Sep17,0.5017451201061562,8,589
interval,Actual,23,middle,horizon_specific_train_quantiles,10,0.2,body_rate_rmse_rad_s,Sep7,0.5764379270527079,9,703
interval,Actual,23,middle,horizon_specific_train_quantiles,10,0.2,position_rmse_m,ALL,0.04020179035052705,17,1292
interval,Actual,23,middle,horizon_specific_train_quantiles,10,0.2,position_rmse_m,Sep17,0.022274898219682995,8,589
interval,Actual,23,middle,horizon_specific_train_quantiles,10,0.2,position_rmse_m,Sep7,0.056136805577943996,9,703
interval,Actual,23,middle,horizon_specific_train_quantiles,10,0.2,velocity_rmse_m_s,ALL,0.13305264495456134,17,1292
interval,Actual,23,middle,horizon_specific_train_quantiles,10,0.2,velocity_rmse_m_s,Sep17,0.13475768052095968,8,589
interval,Actual,23,middle,horizon_specific_train_quantiles,10,0.2,velocity_rmse_m_s,Sep7,0.13153705778442948,9,703
interval,Actual,23,middle,horizon_specific_train_quantiles,25,0.5,attitude_error_deg,ALL,2.6424424920623624,17,1240
interval,Actual,23,middle,horizon_specific_train_quantiles,25,0.5,attitude_error_deg,Sep17,2.753847638821277,8,631
interval,Actual,23,middle,horizon_specific_train_quantiles,25,0.5,attitude_error_deg,Sep7,2.543415694943327,9,609
interval,Actual,23,middle,horizon_specific_train_quantiles,25,0.5,body_rate_rmse_rad_s,ALL,0.5579557658158663,17,1240
interval,Actual,23,middle,horizon_specific_train_quantiles,25,0.5,body_rate_rmse_rad_s,Sep17,0.5189924232200331,8,631
interval,Actual,23,middle,horizon_specific_train_quantiles,25,0.5,body_rate_rmse_rad_s,Sep7,0.5925898481232734,9,609
interval,Actual,23,middle,horizon_specific_train_quantiles,25,0.5,position_rmse_m,ALL,0.10600600583666428,17,1240
interval,Actual,23,middle,horizon_specific_train_quantiles,25,0.5,position_rmse_m,Sep17,0.06192776586151539,8,631
interval,Actual,23,middle,horizon_specific_train_quantiles,25,0.5,position_rmse_m,Sep7,0.1451866635923522,9,609
interval,Actual,23,middle,horizon_specific_train_quantiles,25,0.5,velocity_rmse_m_s,ALL,0.2163813414063501,17,1240
interval,Actual,23,middle,horizon_specific_train_quantiles,25,0.5,velocity_rmse_m_s,Sep17,0.21910960293056972,8,631
interval,Actual,23,middle,horizon_specific_train_quantiles,25,0.5,velocity_rmse_m_s,Sep7,0.21395622005148823,9,609
interval,Actual,23,middle,horizon_specific_train_quantiles,50,1.0,attitude_error_deg,ALL,4.174991876959496,17,1188
interval,Actual,23,middle,horizon_specific_train_quantiles,50,1.0,attitude_error_deg,Sep17,4.353517655229769,8,620
interval,Actual,23,middle,horizon_specific_train_quantiles,50,1.0,attitude_error_deg,Sep7,4.016302296274809,9,568
interval,Actual,23,middle,horizon_specific_train_quantiles,50,1.0,body_rate_rmse_rad_s,ALL,0.5804440860042036,17,1188
interval,Actual,23,middle,horizon_specific_train_quantiles,50,1.0,body_rate_rmse_rad_s,Sep17,0.550659412896113,8,620
interval,Actual,23,middle,horizon_specific_train_quantiles,50,1.0,body_rate_rmse_rad_s,Sep7,0.6069193509891728,9,568
interval,Actual,23,middle,horizon_specific_train_quantiles,50,1.0,position_rmse_m,ALL,0.22650345888143916,17,1188
interval,Actual,23,middle,horizon_specific_train_quantiles,50,1.0,position_rmse_m,Sep17,0.16446927711353032,8,620
interval,Actual,23,middle,horizon_specific_train_quantiles,50,1.0,position_rmse_m,Sep7,0.28164495378624704,9,568
interval,Actual,23,middle,horizon_specific_train_quantiles,50,1.0,velocity_rmse_m_s,ALL,0.3660936729620698,17,1188
interval,Actual,23,middle,horizon_specific_train_quantiles,50,1.0,velocity_rmse_m_s,Sep17,0.3730907604180171,8,620
interval,Actual,23,middle,horizon_specific_train_quantiles,50,1.0,velocity_rmse_m_s,Sep7,0.3598740396678944,9,568
interval,Actual,42,ALL,horizon_specific_train_quantiles,5,0.1,attitude_error_deg,ALL,1.0292652775686815,17,2582
interval,Actual,42,ALL,horizon_specific_train_quantiles,5,0.1,attitude_error_deg,Sep17,1.0430983551595607,8,1101
interval,Actual,42,ALL,horizon_specific_train_quantiles,5,0.1,attitude_error_deg,Sep7,1.0169692085990112,9,1481
interval,Actual,42,ALL,horizon_specific_train_quantiles,5,0.1,body_rate_rmse_rad_s,ALL,0.5409337442751566,17,2582
interval,Actual,42,ALL,horizon_specific_train_quantiles,5,0.1,body_rate_rmse_rad_s,Sep17,0.5146097331719874,8,1101
interval,Actual,42,ALL,horizon_specific_train_quantiles,5,0.1,body_rate_rmse_rad_s,Sep7,0.5643328652557513,9,1481
interval,Actual,42,ALL,horizon_specific_train_quantiles,5,0.1,position_rmse_m,ALL,0.024083007405277943,17,2582
interval,Actual,42,ALL,horizon_specific_train_quantiles,5,0.1,position_rmse_m,Sep17,0.012819574148930979,8,1101
interval,Actual,42,ALL,horizon_specific_train_quantiles,5,0.1,position_rmse_m,Sep7,0.03409494807758636,9,1481
interval,Actual,42,ALL,horizon_specific_train_quantiles,5,0.1,velocity_rmse_m_s,ALL,0.10703165880061793,17,2582
interval,Actual,42,ALL,horizon_specific_train_quantiles,5,0.1,velocity_rmse_m_s,Sep17,0.11003819077214189,8,1101
interval,Actual,42,ALL,horizon_specific_train_quantiles,5,0.1,velocity_rmse_m_s,Sep7,0.10435918593704109,9,1481
interval,Actual,42,ALL,horizon_specific_train_quantiles,10,0.2,attitude_error_deg,ALL,1.5411118330453166,17,2582
interval,Actual,42,ALL,horizon_specific_train_quantiles,10,0.2,attitude_error_deg,Sep17,1.6366931725595468,8,1101
interval,Actual,42,ALL,horizon_specific_train_quantiles,10,0.2,attitude_error_deg,Sep7,1.4561506423660007,9,1481
interval,Actual,42,ALL,horizon_specific_train_quantiles,10,0.2,body_rate_rmse_rad_s,ALL,0.5532172887551086,17,2582
interval,Actual,42,ALL,horizon_specific_train_quantiles,10,0.2,body_rate_rmse_rad_s,Sep17,0.5237930838905104,8,1101
interval,Actual,42,ALL,horizon_specific_train_quantiles,10,0.2,body_rate_rmse_rad_s,Sep7,0.5793721375236403,9,1481
interval,Actual,42,ALL,horizon_specific_train_quantiles,10,0.2,position_rmse_m,ALL,0.043610460316361115,17,2582
interval,Actual,42,ALL,horizon_specific_train_quantiles,10,0.2,position_rmse_m,Sep17,0.023961218317260315,8,1101
interval,Actual,42,ALL,horizon_specific_train_quantiles,10,0.2,position_rmse_m,Sep7,0.061076453204450716,9,1481
interval,Actual,42,ALL,horizon_specific_train_quantiles,10,0.2,velocity_rmse_m_s,ALL,0.1496385363076669,17,2582
interval,Actual,42,ALL,horizon_specific_train_quantiles,10,0.2,velocity_rmse_m_s,Sep17,0.1628607714384704,8,1101
interval,Actual,42,ALL,horizon_specific_train_quantiles,10,0.2,velocity_rmse_m_s,Sep7,0.1378854384136194,9,1481
interval,Actual,42,ALL,horizon_specific_train_quantiles,25,0.5,attitude_error_deg,ALL,2.745185058669094,17,2582
interval,Actual,42,ALL,horizon_specific_train_quantiles,25,0.5,attitude_error_deg,Sep17,3.0650592042352502,8,1101
interval,Actual,42,ALL,horizon_specific_train_quantiles,25,0.5,attitude_error_deg,Sep7,2.46085248483251,9,1481
interval,Actual,42,ALL,horizon_specific_train_quantiles,25,0.5,body_rate_rmse_rad_s,ALL,0.5657999593957922,17,2582
interval,Actual,42,ALL,horizon_specific_train_quantiles,25,0.5,body_rate_rmse_rad_s,Sep17,0.5426081487798768,8,1101
interval,Actual,42,ALL,horizon_specific_train_quantiles,25,0.5,body_rate_rmse_rad_s,Sep7,0.5864149021654946,9,1481
interval,Actual,42,ALL,horizon_specific_train_quantiles,25,0.5,position_rmse_m,ALL,0.10958481301193758,17,2582
interval,Actual,42,ALL,horizon_specific_train_quantiles,25,0.5,position_rmse_m,Sep17,0.06913315337138969,8,1101
interval,Actual,42,ALL,horizon_specific_train_quantiles,25,0.5,position_rmse_m,Sep7,0.14554184380353574,9,1481
interval,Actual,42,ALL,horizon_specific_train_quantiles,25,0.5,velocity_rmse_m_s,ALL,0.2389721569622474,17,2582
interval,Actual,42,ALL,horizon_specific_train_quantiles,25,0.5,velocity_rmse_m_s,Sep17,0.2622414007720761,8,1101
interval,Actual,42,ALL,horizon_specific_train_quantiles,25,0.5,velocity_rmse_m_s,Sep7,0.2182883846868441,9,1481
interval,Actual,42,ALL,horizon_specific_train_quantiles,50,1.0,attitude_error_deg,ALL,4.375670870526626,17,2582
interval,Actual,42,ALL,horizon_specific_train_quantiles,50,1.0,attitude_error_deg,Sep17,4.989116391534675,8,1101
interval,Actual,42,ALL,horizon_specific_train_quantiles,50,1.0,attitude_error_deg,Sep7,3.830385962963918,9,1481
interval,Actual,42,ALL,horizon_specific_train_quantiles,50,1.0,body_rate_rmse_rad_s,ALL,0.5818226804206029,17,2582
interval,Actual,42,ALL,horizon_specific_train_quantiles,50,1.0,body_rate_rmse_rad_s,Sep17,0.5633880126787938,8,1101
interval,Actual,42,ALL,horizon_specific_train_quantiles,50,1.0,body_rate_rmse_rad_s,Sep7,0.5982090517466555,9,1481
interval,Actual,42,ALL,horizon_specific_train_quantiles,50,1.0,position_rmse_m,ALL,0.25024539676131813,17,2582
interval,Actual,42,ALL,horizon_specific_train_quantiles,50,1.0,position_rmse_m,Sep17,0.18109779471706475,8,1101
interval,Actual,42,ALL,horizon_specific_train_quantiles,50,1.0,position_rmse_m,Sep7,0.3117099319117656,9,1481
interval,Actual,42,ALL,horizon_specific_train_quantiles,50,1.0,velocity_rmse_m_s,ALL,0.398709030314338,17,2582
interval,Actual,42,ALL,horizon_specific_train_quantiles,50,1.0,velocity_rmse_m_s,Sep17,0.4258921859375761,8,1101
interval,Actual,42,ALL,horizon_specific_train_quantiles,50,1.0,velocity_rmse_m_s,Sep7,0.3745462253159041,9,1481
interval,Actual,42,high,horizon_specific_train_quantiles,5,0.1,attitude_error_deg,ALL,1.183758703209561,17,608
interval,Actual,42,high,horizon_specific_train_quantiles,5,0.1,attitude_error_deg,Sep17,1.2311276971917045,8,294
interval,Actual,42,high,horizon_specific_train_quantiles,5,0.1,attitude_error_deg,Sep7,1.1416529307809886,9,314
interval,Actual,42,high,horizon_specific_train_quantiles,5,0.1,body_rate_rmse_rad_s,ALL,0.5857233288871679,17,608
interval,Actual,42,high,horizon_specific_train_quantiles,5,0.1,body_rate_rmse_rad_s,Sep17,0.5704298309379668,8,294
interval,Actual,42,high,horizon_specific_train_quantiles,5,0.1,body_rate_rmse_rad_s,Sep7,0.5993175492864578,9,314
interval,Actual,42,high,horizon_specific_train_quantiles,5,0.1,position_rmse_m,ALL,0.027370372823656893,17,608
interval,Actual,42,high,horizon_specific_train_quantiles,5,0.1,position_rmse_m,Sep17,0.014089927136757396,8,294
interval,Actual,42,high,horizon_specific_train_quantiles,5,0.1,position_rmse_m,Sep7,0.03917521343423422,9,314
interval,Actual,42,high,horizon_specific_train_quantiles,5,0.1,velocity_rmse_m_s,ALL,0.14380618621533367,17,608
interval,Actual,42,high,horizon_specific_train_quantiles,5,0.1,velocity_rmse_m_s,Sep17,0.14733063963070522,8,294
interval,Actual,42,high,horizon_specific_train_quantiles,5,0.1,velocity_rmse_m_s,Sep7,0.14067333873500337,9,314
interval,Actual,42,high,horizon_specific_train_quantiles,10,0.2,attitude_error_deg,ALL,1.9068796317466767,17,503
interval,Actual,42,high,horizon_specific_train_quantiles,10,0.2,attitude_error_deg,Sep17,2.1348786148283025,8,272
interval,Actual,42,high,horizon_specific_train_quantiles,10,0.2,attitude_error_deg,Sep7,1.704213869007454,9,231
interval,Actual,42,high,horizon_specific_train_quantiles,10,0.2,body_rate_rmse_rad_s,ALL,0.6056624690269428,17,503
interval,Actual,42,high,horizon_specific_train_quantiles,10,0.2,body_rate_rmse_rad_s,Sep17,0.5933587201555719,8,272
interval,Actual,42,high,horizon_specific_train_quantiles,10,0.2,body_rate_rmse_rad_s,Sep7,0.6165991346903835,9,231
interval,Actual,42,high,horizon_specific_train_quantiles,10,0.2,position_rmse_m,ALL,0.051370811568551014,17,503
interval,Actual,42,high,horizon_specific_train_quantiles,10,0.2,position_rmse_m,Sep17,0.029135189260467816,8,272
interval,Actual,42,high,horizon_specific_train_quantiles,10,0.2,position_rmse_m,Sep7,0.07113580917573609,9,231
interval,Actual,42,high,horizon_specific_train_quantiles,10,0.2,velocity_rmse_m_s,ALL,0.2116361430781321,17,503
interval,Actual,42,high,horizon_specific_train_quantiles,10,0.2,velocity_rmse_m_s,Sep17,0.22924691834812988,8,272
interval,Actual,42,high,horizon_specific_train_quantiles,10,0.2,velocity_rmse_m_s,Sep7,0.19598212061591183,9,231
interval,Actual,42,high,horizon_specific_train_quantiles,25,0.5,attitude_error_deg,ALL,3.4126980728216116,17,454
interval,Actual,42,high,horizon_specific_train_quantiles,25,0.5,attitude_error_deg,Sep17,3.9655348839414204,8,269
interval,Actual,42,high,horizon_specific_train_quantiles,25,0.5,attitude_error_deg,Sep7,2.921287574048448,9,185
interval,Actual,42,high,horizon_specific_train_quantiles,25,0.5,body_rate_rmse_rad_s,ALL,0.6212688842233962,17,454
interval,Actual,42,high,horizon_specific_train_quantiles,25,0.5,body_rate_rmse_rad_s,Sep17,0.6211513915916234,8,269
interval,Actual,42,high,horizon_specific_train_quantiles,25,0.5,body_rate_rmse_rad_s,Sep7,0.6213733221183054,9,185
interval,Actual,42,high,horizon_specific_train_quantiles,25,0.5,position_rmse_m,ALL,0.12871822354675577,17,454
interval,Actual,42,high,horizon_specific_train_quantiles,25,0.5,position_rmse_m,Sep17,0.08942673405012379,8,269
interval,Actual,42,high,horizon_specific_train_quantiles,25,0.5,position_rmse_m,Sep7,0.16364399198820642,9,185
interval,Actual,42,high,horizon_specific_train_quantiles,25,0.5,velocity_rmse_m_s,ALL,0.3508030305367272,17,454
interval,Actual,42,high,horizon_specific_train_quantiles,25,0.5,velocity_rmse_m_s,Sep17,0.37984798893308247,8,269
interval,Actual,42,high,horizon_specific_train_quantiles,25,0.5,velocity_rmse_m_s,Sep7,0.3249852897399668,9,185
interval,Actual,42,high,horizon_specific_train_quantiles,50,1.0,attitude_error_deg,ALL,5.398805794792238,17,468
interval,Actual,42,high,horizon_specific_train_quantiles,50,1.0,attitude_error_deg,Sep17,6.098262698538001,8,273
interval,Actual,42,high,horizon_specific_train_quantiles,50,1.0,attitude_error_deg,Sep7,4.777066324796003,9,195
interval,Actual,42,high,horizon_specific_train_quantiles,50,1.0,body_rate_rmse_rad_s,ALL,0.6393420821973907,17,468
interval,Actual,42,high,horizon_specific_train_quantiles,50,1.0,body_rate_rmse_rad_s,Sep17,0.6313316686158308,8,273
interval,Actual,42,high,horizon_specific_train_quantiles,50,1.0,body_rate_rmse_rad_s,Sep7,0.646462449825444,9,195
interval,Actual,42,high,horizon_specific_train_quantiles,50,1.0,position_rmse_m,ALL,0.3216000114728687,17,468
interval,Actual,42,high,horizon_specific_train_quantiles,50,1.0,position_rmse_m,Sep17,0.24166637973303173,8,273
interval,Actual,42,high,horizon_specific_train_quantiles,50,1.0,position_rmse_m,Sep7,0.3926521285749461,9,195
interval,Actual,42,high,horizon_specific_train_quantiles,50,1.0,velocity_rmse_m_s,ALL,0.5629173141422052,17,468
interval,Actual,42,high,horizon_specific_train_quantiles,50,1.0,velocity_rmse_m_s,Sep17,0.5927408870662979,8,273
interval,Actual,42,high,horizon_specific_train_quantiles,50,1.0,velocity_rmse_m_s,Sep7,0.5364074715430116,9,195
interval,Actual,42,low,horizon_specific_train_quantiles,5,0.1,attitude_error_deg,ALL,0.9307548262796334,17,684
interval,Actual,42,low,horizon_specific_train_quantiles,5,0.1,attitude_error_deg,Sep17,0.9020828732006458,8,228
interval,Actual,42,low,horizon_specific_train_quantiles,5,0.1,attitude_error_deg,Sep7,0.9562410067942889,9,456
interval,Actual,42,low,horizon_specific_train_quantiles,5,0.1,body_rate_rmse_rad_s,ALL,0.4851560637807412,17,684
interval,Actual,42,low,horizon_specific_train_quantiles,5,0.1,body_rate_rmse_rad_s,Sep17,0.4484090666181791,8,228
interval,Actual,42,low,horizon_specific_train_quantiles,5,0.1,body_rate_rmse_rad_s,Sep7,0.5178200612585743,9,456
interval,Actual,42,low,horizon_specific_train_quantiles,5,0.1,position_rmse_m,ALL,0.020479457568044007,17,684
interval,Actual,42,low,horizon_specific_train_quantiles,5,0.1,position_rmse_m,Sep17,0.01170839422528175,8,228
interval,Actual,42,low,horizon_specific_train_quantiles,5,0.1,position_rmse_m,Sep7,0.02827595831716602,9,456
interval,Actual,42,low,horizon_specific_train_quantiles,5,0.1,velocity_rmse_m_s,ALL,0.08726335539400756,17,684
interval,Actual,42,low,horizon_specific_train_quantiles,5,0.1,velocity_rmse_m_s,Sep17,0.09106101603646516,8,228
interval,Actual,42,low,horizon_specific_train_quantiles,5,0.1,velocity_rmse_m_s,Sep7,0.08388765704515638,9,456
interval,Actual,42,low,horizon_specific_train_quantiles,10,0.2,attitude_error_deg,ALL,1.358636316685085,17,787
interval,Actual,42,low,horizon_specific_train_quantiles,10,0.2,attitude_error_deg,Sep17,1.3348596192801119,8,240
interval,Actual,42,low,horizon_specific_train_quantiles,10,0.2,attitude_error_deg,Sep7,1.3797711588228392,9,547
interval,Actual,42,low,horizon_specific_train_quantiles,10,0.2,body_rate_rmse_rad_s,ALL,0.5313254427324611,17,787
interval,Actual,42,low,horizon_specific_train_quantiles,10,0.2,body_rate_rmse_rad_s,Sep17,0.48794953840235644,8,240
interval,Actual,42,low,horizon_specific_train_quantiles,10,0.2,body_rate_rmse_rad_s,Sep7,0.5698818021369985,9,547
interval,Actual,42,low,horizon_specific_train_quantiles,10,0.2,position_rmse_m,ALL,0.041438676370842364,17,787
interval,Actual,42,low,horizon_specific_train_quantiles,10,0.2,position_rmse_m,Sep17,0.02173830969190619,8,240
interval,Actual,42,low,horizon_specific_train_quantiles,10,0.2,position_rmse_m,Sep7,0.05895011341878563,9,547
interval,Actual,42,low,horizon_specific_train_quantiles,10,0.2,velocity_rmse_m_s,ALL,0.12232954113401849,17,787
interval,Actual,42,low,horizon_specific_train_quantiles,10,0.2,velocity_rmse_m_s,Sep17,0.12731942796486337,8,240
interval,Actual,42,low,horizon_specific_train_quantiles,10,0.2,velocity_rmse_m_s,Sep7,0.1178940861732675,9,547
interval,Actual,42,low,horizon_specific_train_quantiles,25,0.5,attitude_error_deg,ALL,2.295900877394322,17,888
interval,Actual,42,low,horizon_specific_train_quantiles,25,0.5,attitude_error_deg,Sep17,2.3276321875992676,8,201
interval,Actual,42,low,horizon_specific_train_quantiles,25,0.5,attitude_error_deg,Sep7,2.26769526832326,9,687
interval,Actual,42,low,horizon_specific_train_quantiles,25,0.5,body_rate_rmse_rad_s,ALL,0.5430716011844126,17,888
interval,Actual,42,low,horizon_specific_train_quantiles,25,0.5,body_rate_rmse_rad_s,Sep17,0.5095407215433558,8,201
interval,Actual,42,low,horizon_specific_train_quantiles,25,0.5,body_rate_rmse_rad_s,Sep7,0.5728768275320184,9,687
interval,Actual,42,low,horizon_specific_train_quantiles,25,0.5,position_rmse_m,ALL,0.10333098002783783,17,888
interval,Actual,42,low,horizon_specific_train_quantiles,25,0.5,position_rmse_m,Sep17,0.06142161082088946,8,201
interval,Actual,42,low,horizon_specific_train_quantiles,25,0.5,position_rmse_m,Sep7,0.1405837526562364,9,687
interval,Actual,42,low,horizon_specific_train_quantiles,25,0.5,velocity_rmse_m_s,ALL,0.19246757138028903,17,888
interval,Actual,42,low,horizon_specific_train_quantiles,25,0.5,velocity_rmse_m_s,Sep17,0.1993280987143853,8,201
interval,Actual,42,low,horizon_specific_train_quantiles,25,0.5,velocity_rmse_m_s,Sep7,0.1863693248610923,9,687
interval,Actual,42,low,horizon_specific_train_quantiles,50,1.0,attitude_error_deg,ALL,3.77476810256049,17,926
interval,Actual,42,low,horizon_specific_train_quantiles,50,1.0,attitude_error_deg,Sep17,4.092825442207915,8,208
interval,Actual,42,low,horizon_specific_train_quantiles,50,1.0,attitude_error_deg,Sep7,3.4920504673183332,9,718
interval,Actual,42,low,horizon_specific_train_quantiles,50,1.0,body_rate_rmse_rad_s,ALL,0.5575511136849448,17,926
interval,Actual,42,low,horizon_specific_train_quantiles,50,1.0,body_rate_rmse_rad_s,Sep17,0.5291201732701285,8,208
interval,Actual,42,low,horizon_specific_train_quantiles,50,1.0,body_rate_rmse_rad_s,Sep7,0.5828230607203371,9,718
interval,Actual,42,low,horizon_specific_train_quantiles,50,1.0,position_rmse_m,ALL,0.2380986092228067,17,926
interval,Actual,42,low,horizon_specific_train_quantiles,50,1.0,position_rmse_m,Sep17,0.15720489450189679,8,208
interval,Actual,42,low,horizon_specific_train_quantiles,50,1.0,position_rmse_m,Sep7,0.31000413341917105,9,718
interval,Actual,42,low,horizon_specific_train_quantiles,50,1.0,velocity_rmse_m_s,ALL,0.33615601389025485,17,926
interval,Actual,42,low,horizon_specific_train_quantiles,50,1.0,velocity_rmse_m_s,Sep17,0.33842817115888313,8,208
interval,Actual,42,low,horizon_specific_train_quantiles,50,1.0,velocity_rmse_m_s,Sep7,0.334136318540363,9,718
interval,Actual,42,middle,horizon_specific_train_quantiles,5,0.1,attitude_error_deg,ALL,0.9921457024756135,17,1290
interval,Actual,42,middle,horizon_specific_train_quantiles,5,0.1,attitude_error_deg,Sep17,0.9901693369826852,8,579
interval,Actual,42,middle,horizon_specific_train_quantiles,5,0.1,attitude_error_deg,Sep7,0.993902471802661,9,711
interval,Actual,42,middle,horizon_specific_train_quantiles,5,0.1,body_rate_rmse_rad_s,ALL,0.5433617129157413,17,1290
interval,Actual,42,middle,horizon_specific_train_quantiles,5,0.1,body_rate_rmse_rad_s,Sep17,0.5081193759800644,8,579
interval,Actual,42,middle,horizon_specific_train_quantiles,5,0.1,body_rate_rmse_rad_s,Sep7,0.574688234636343,9,711
interval,Actual,42,middle,horizon_specific_train_quantiles,5,0.1,position_rmse_m,ALL,0.023684621715877797,17,1290
interval,Actual,42,middle,horizon_specific_train_quantiles,5,0.1,position_rmse_m,Sep17,0.012314644224322588,8,579
interval,Actual,42,middle,horizon_specific_train_quantiles,5,0.1,position_rmse_m,Sep7,0.033791268375037986,9,711
interval,Actual,42,middle,horizon_specific_train_quantiles,5,0.1,velocity_rmse_m_s,ALL,0.08918745336968043,17,1290
interval,Actual,42,middle,horizon_specific_train_quantiles,5,0.1,velocity_rmse_m_s,Sep17,0.0919747710758991,8,579
interval,Actual,42,middle,horizon_specific_train_quantiles,5,0.1,velocity_rmse_m_s,Sep7,0.08670983763081937,9,711
interval,Actual,42,middle,horizon_specific_train_quantiles,10,0.2,attitude_error_deg,ALL,1.4554111157510226,17,1292
interval,Actual,42,middle,horizon_specific_train_quantiles,10,0.2,attitude_error_deg,Sep17,1.4733685861672101,8,589
interval,Actual,42,middle,horizon_specific_train_quantiles,10,0.2,attitude_error_deg,Sep7,1.4394489198255227,9,703
interval,Actual,42,middle,horizon_specific_train_quantiles,10,0.2,body_rate_rmse_rad_s,ALL,0.5412236573521588,17,1292
interval,Actual,42,middle,horizon_specific_train_quantiles,10,0.2,body_rate_rmse_rad_s,Sep17,0.5046436135487454,8,589
interval,Actual,42,middle,horizon_specific_train_quantiles,10,0.2,body_rate_rmse_rad_s,Sep7,0.5737392518440818,9,703
interval,Actual,42,middle,horizon_specific_train_quantiles,10,0.2,position_rmse_m,ALL,0.039695726022711736,17,1292
interval,Actual,42,middle,horizon_specific_train_quantiles,10,0.2,position_rmse_m,Sep17,0.02145350750310979,8,589
interval,Actual,42,middle,horizon_specific_train_quantiles,10,0.2,position_rmse_m,Sep7,0.055911031373469026,9,703
interval,Actual,42,middle,horizon_specific_train_quantiles,10,0.2,velocity_rmse_m_s,ALL,0.12603750517081358,17,1292
interval,Actual,42,middle,horizon_specific_train_quantiles,10,0.2,velocity_rmse_m_s,Sep17,0.13137767386126795,8,589
interval,Actual,42,middle,horizon_specific_train_quantiles,10,0.2,velocity_rmse_m_s,Sep7,0.12129068855707639,9,703
interval,Actual,42,middle,horizon_specific_train_quantiles,25,0.5,attitude_error_deg,ALL,2.6603484965363418,17,1240
interval,Actual,42,middle,horizon_specific_train_quantiles,25,0.5,attitude_error_deg,Sep17,2.817392005683541,8,631
interval,Actual,42,middle,horizon_specific_train_quantiles,25,0.5,attitude_error_deg,Sep7,2.520754266183276,9,609
interval,Actual,42,middle,horizon_specific_train_quantiles,25,0.5,body_rate_rmse_rad_s,ALL,0.5561669474212981,17,1240
interval,Actual,42,middle,horizon_specific_train_quantiles,25,0.5,body_rate_rmse_rad_s,Sep17,0.5185280528083454,8,631
interval,Actual,42,middle,horizon_specific_train_quantiles,25,0.5,body_rate_rmse_rad_s,Sep7,0.5896237426328116,9,609
interval,Actual,42,middle,horizon_specific_train_quantiles,25,0.5,position_rmse_m,ALL,0.1046677960971395,17,1240
interval,Actual,42,middle,horizon_specific_train_quantiles,25,0.5,position_rmse_m,Sep17,0.05928639833088607,8,631
interval,Actual,42,middle,horizon_specific_train_quantiles,25,0.5,position_rmse_m,Sep7,0.1450068163338092,9,609
interval,Actual,42,middle,horizon_specific_train_quantiles,25,0.5,velocity_rmse_m_s,ALL,0.21086963984787976,17,1240
interval,Actual,42,middle,horizon_specific_train_quantiles,25,0.5,velocity_rmse_m_s,Sep17,0.21451436007731134,8,631
interval,Actual,42,middle,horizon_specific_train_quantiles,25,0.5,velocity_rmse_m_s,Sep7,0.20762988853282946,9,609
interval,Actual,42,middle,horizon_specific_train_quantiles,50,1.0,attitude_error_deg,ALL,4.271354642344501,17,1188
interval,Actual,42,middle,horizon_specific_train_quantiles,50,1.0,attitude_error_deg,Sep17,4.675671032339885,8,620
interval,Actual,42,middle,horizon_specific_train_quantiles,50,1.0,attitude_error_deg,Sep7,3.9119622956819375,9,568
interval,Actual,42,middle,horizon_specific_train_quantiles,50,1.0,body_rate_rmse_rad_s,ALL,0.5731471640319443,17,1188
interval,Actual,42,middle,horizon_specific_train_quantiles,50,1.0,body_rate_rmse_rad_s,Sep17,0.5420519602881052,8,620
interval,Actual,42,middle,horizon_specific_train_quantiles,50,1.0,body_rate_rmse_rad_s,Sep7,0.6007873451375789,9,568
interval,Actual,42,middle,horizon_specific_train_quantiles,50,1.0,position_rmse_m,ALL,0.2210540155808874,17,1188
interval,Actual,42,middle,horizon_specific_train_quantiles,50,1.0,position_rmse_m,Sep17,0.154394429566162,8,620
interval,Actual,42,middle,horizon_specific_train_quantiles,50,1.0,position_rmse_m,Sep7,0.28030698092730993,9,568
interval,Actual,42,middle,horizon_specific_train_quantiles,50,1.0,velocity_rmse_m_s,ALL,0.35648286905214427,17,1188
interval,Actual,42,middle,horizon_specific_train_quantiles,50,1.0,velocity_rmse_m_s,Sep17,0.3602616781695806,8,620
interval,Actual,42,middle,horizon_specific_train_quantiles,50,1.0,velocity_rmse_m_s,Sep7,0.3531239276144231,9,568
interval,Hold,17,ALL,horizon_specific_train_quantiles,5,0.1,attitude_error_deg,ALL,1.0766601783568206,17,2582
interval,Hold,17,ALL,horizon_specific_train_quantiles,5,0.1,attitude_error_deg,Sep17,1.103197979910733,8,1101
interval,Hold,17,ALL,horizon_specific_train_quantiles,5,0.1,attitude_error_deg,Sep7,1.0530710214200096,9,1481
interval,Hold,17,ALL,horizon_specific_train_quantiles,5,0.1,body_rate_rmse_rad_s,ALL,0.5385561583824341,17,2582
interval,Hold,17,ALL,horizon_specific_train_quantiles,5,0.1,body_rate_rmse_rad_s,Sep17,0.5199722530349371,8,1101
interval,Hold,17,ALL,horizon_specific_train_quantiles,5,0.1,body_rate_rmse_rad_s,Sep7,0.5550751853579868,9,1481
interval,Hold,17,ALL,horizon_specific_train_quantiles,5,0.1,position_rmse_m,ALL,0.024205563939507155,17,2582
interval,Hold,17,ALL,horizon_specific_train_quantiles,5,0.1,position_rmse_m,Sep17,0.012977130519657893,8,1101
interval,Hold,17,ALL,horizon_specific_train_quantiles,5,0.1,position_rmse_m,Sep7,0.034186393646039835,9,1481
interval,Hold,17,ALL,horizon_specific_train_quantiles,5,0.1,velocity_rmse_m_s,ALL,0.10611896606970939,17,2582
interval,Hold,17,ALL,horizon_specific_train_quantiles,5,0.1,velocity_rmse_m_s,Sep17,0.11223797220549282,8,1101
interval,Hold,17,ALL,horizon_specific_train_quantiles,5,0.1,velocity_rmse_m_s,Sep7,0.10067984950456857,9,1481
interval,Hold,17,ALL,horizon_specific_train_quantiles,10,0.2,attitude_error_deg,ALL,1.6339641854334077,17,2582
interval,Hold,17,ALL,horizon_specific_train_quantiles,10,0.2,attitude_error_deg,Sep17,1.7756549321986312,8,1101
interval,Hold,17,ALL,horizon_specific_train_quantiles,10,0.2,attitude_error_deg,Sep7,1.508016854975431,9,1481
interval,Hold,17,ALL,horizon_specific_train_quantiles,10,0.2,body_rate_rmse_rad_s,ALL,0.5549824884274591,17,2582
interval,Hold,17,ALL,horizon_specific_train_quantiles,10,0.2,body_rate_rmse_rad_s,Sep17,0.5330513727188972,8,1101
interval,Hold,17,ALL,horizon_specific_train_quantiles,10,0.2,body_rate_rmse_rad_s,Sep7,0.5744768135017364,9,1481
interval,Hold,17,ALL,horizon_specific_train_quantiles,10,0.2,position_rmse_m,ALL,0.04410245905719411,17,2582
interval,Hold,17,ALL,horizon_specific_train_quantiles,10,0.2,position_rmse_m,Sep17,0.024681951395549618,8,1101
interval,Hold,17,ALL,horizon_specific_train_quantiles,10,0.2,position_rmse_m,Sep7,0.06136513253421142,9,1481
interval,Hold,17,ALL,horizon_specific_train_quantiles,10,0.2,velocity_rmse_m_s,ALL,0.15155125125483226,17,2582
interval,Hold,17,ALL,horizon_specific_train_quantiles,10,0.2,velocity_rmse_m_s,Sep17,0.17342101554575998,8,1101
interval,Hold,17,ALL,horizon_specific_train_quantiles,10,0.2,velocity_rmse_m_s,Sep7,0.13211146077400765,9,1481
interval,Hold,17,ALL,horizon_specific_train_quantiles,25,0.5,attitude_error_deg,ALL,3.0199627615167595,17,2582
interval,Hold,17,ALL,horizon_specific_train_quantiles,25,0.5,attitude_error_deg,Sep17,3.389494389453455,8,1101
interval,Hold,17,ALL,horizon_specific_train_quantiles,25,0.5,attitude_error_deg,Sep7,2.6914902033508077,9,1481
interval,Hold,17,ALL,horizon_specific_train_quantiles,25,0.5,body_rate_rmse_rad_s,ALL,0.58898739680502,17,2582
interval,Hold,17,ALL,horizon_specific_train_quantiles,25,0.5,body_rate_rmse_rad_s,Sep17,0.5767901633766489,8,1101
interval,Hold,17,ALL,horizon_specific_train_quantiles,25,0.5,body_rate_rmse_rad_s,Sep7,0.5998293820746833,9,1481
interval,Hold,17,ALL,horizon_specific_train_quantiles,25,0.5,position_rmse_m,ALL,0.11418839731117215,17,2582
interval,Hold,17,ALL,horizon_specific_train_quantiles,25,0.5,position_rmse_m,Sep17,0.07645195735617588,8,1101
interval,Hold,17,ALL,horizon_specific_train_quantiles,25,0.5,position_rmse_m,Sep7,0.14773189949339105,9,1481
interval,Hold,17,ALL,horizon_specific_train_quantiles,25,0.5,velocity_rmse_m_s,ALL,0.2694494286026272,17,2582
interval,Hold,17,ALL,horizon_specific_train_quantiles,25,0.5,velocity_rmse_m_s,Sep17,0.3095287840137007,8,1101
interval,Hold,17,ALL,horizon_specific_train_quantiles,25,0.5,velocity_rmse_m_s,Sep7,0.23382333490389526,9,1481
interval,Hold,17,ALL,horizon_specific_train_quantiles,50,1.0,attitude_error_deg,ALL,5.034271360924967,17,2582
interval,Hold,17,ALL,horizon_specific_train_quantiles,50,1.0,attitude_error_deg,Sep17,5.556578499898285,8,1101
interval,Hold,17,ALL,horizon_specific_train_quantiles,50,1.0,attitude_error_deg,Sep7,4.569998348504239,9,1481
interval,Hold,17,ALL,horizon_specific_train_quantiles,50,1.0,body_rate_rmse_rad_s,ALL,0.6597907039610261,17,2582
interval,Hold,17,ALL,horizon_specific_train_quantiles,50,1.0,body_rate_rmse_rad_s,Sep17,0.6777235545726543,8,1101
interval,Hold,17,ALL,horizon_specific_train_quantiles,50,1.0,body_rate_rmse_rad_s,Sep7,0.6438503923062453,9,1481
interval,Hold,17,ALL,horizon_specific_train_quantiles,50,1.0,position_rmse_m,ALL,0.2772920989815249,17,2582
interval,Hold,17,ALL,horizon_specific_train_quantiles,50,1.0,position_rmse_m,Sep17,0.22000248428448574,8,1101
interval,Hold,17,ALL,horizon_specific_train_quantiles,50,1.0,position_rmse_m,Sep7,0.32821620093444864,9,1481
interval,Hold,17,ALL,horizon_specific_train_quantiles,50,1.0,velocity_rmse_m_s,ALL,0.49800772231776014,17,2582
interval,Hold,17,ALL,horizon_specific_train_quantiles,50,1.0,velocity_rmse_m_s,Sep17,0.5624314853307437,8,1101
interval,Hold,17,ALL,horizon_specific_train_quantiles,50,1.0,velocity_rmse_m_s,Sep7,0.4407421551951081,9,1481
interval,Hold,17,high,horizon_specific_train_quantiles,5,0.1,attitude_error_deg,ALL,1.2876492229483367,17,608
interval,Hold,17,high,horizon_specific_train_quantiles,5,0.1,attitude_error_deg,Sep17,1.3549204786062892,8,294
interval,Hold,17,high,horizon_specific_train_quantiles,5,0.1,attitude_error_deg,Sep7,1.2278525512523788,9,314
interval,Hold,17,high,horizon_specific_train_quantiles,5,0.1,body_rate_rmse_rad_s,ALL,0.587091127026205,17,608
interval,Hold,17,high,horizon_specific_train_quantiles,5,0.1,body_rate_rmse_rad_s,Sep17,0.5874946939097146,8,294
interval,Hold,17,high,horizon_specific_train_quantiles,5,0.1,body_rate_rmse_rad_s,Sep7,0.58673240090753,9,314
interval,Hold,17,high,horizon_specific_train_quantiles,5,0.1,position_rmse_m,ALL,0.027544220748591454,17,608
interval,Hold,17,high,horizon_specific_train_quantiles,5,0.1,position_rmse_m,Sep17,0.014364517979579028,8,294
interval,Hold,17,high,horizon_specific_train_quantiles,5,0.1,position_rmse_m,Sep7,0.03925951209882472,9,314
interval,Hold,17,high,horizon_specific_train_quantiles,5,0.1,velocity_rmse_m_s,ALL,0.14204356540788415,17,608
interval,Hold,17,high,horizon_specific_train_quantiles,5,0.1,velocity_rmse_m_s,Sep17,0.15039058315759393,8,294
interval,Hold,17,high,horizon_specific_train_quantiles,5,0.1,velocity_rmse_m_s,Sep7,0.13462399407480877,9,314
interval,Hold,17,high,horizon_specific_train_quantiles,10,0.2,attitude_error_deg,ALL,2.0730314819895006,17,503
interval,Hold,17,high,horizon_specific_train_quantiles,10,0.2,attitude_error_deg,Sep17,2.3543179360751436,8,272
interval,Hold,17,high,horizon_specific_train_quantiles,10,0.2,attitude_error_deg,Sep7,1.8229990783578183,9,231
interval,Hold,17,high,horizon_specific_train_quantiles,10,0.2,body_rate_rmse_rad_s,ALL,0.613105843672731,17,503
interval,Hold,17,high,horizon_specific_train_quantiles,10,0.2,body_rate_rmse_rad_s,Sep17,0.6154061401591068,8,272
interval,Hold,17,high,horizon_specific_train_quantiles,10,0.2,body_rate_rmse_rad_s,Sep7,0.6110611356848415,9,231
interval,Hold,17,high,horizon_specific_train_quantiles,10,0.2,position_rmse_m,ALL,0.05217566135804958,17,503
interval,Hold,17,high,horizon_specific_train_quantiles,10,0.2,position_rmse_m,Sep17,0.03025898096280676,8,272
interval,Hold,17,high,horizon_specific_train_quantiles,10,0.2,position_rmse_m,Sep7,0.07165715504270986,9,231
interval,Hold,17,high,horizon_specific_train_quantiles,10,0.2,velocity_rmse_m_s,ALL,0.21224575621325376,17,503
interval,Hold,17,high,horizon_specific_train_quantiles,10,0.2,velocity_rmse_m_s,Sep17,0.2383052627620993,8,272
interval,Hold,17,high,horizon_specific_train_quantiles,10,0.2,velocity_rmse_m_s,Sep7,0.18908175039205768,9,231
interval,Hold,17,high,horizon_specific_train_quantiles,25,0.5,attitude_error_deg,ALL,3.9263522340009747,17,454
interval,Hold,17,high,horizon_specific_train_quantiles,25,0.5,attitude_error_deg,Sep17,4.551832646283385,8,269
interval,Hold,17,high,horizon_specific_train_quantiles,25,0.5,attitude_error_deg,Sep7,3.370369645305499,9,185
interval,Hold,17,high,horizon_specific_train_quantiles,25,0.5,body_rate_rmse_rad_s,ALL,0.6507336268417346,17,454
interval,Hold,17,high,horizon_specific_train_quantiles,25,0.5,body_rate_rmse_rad_s,Sep17,0.6605138462995408,8,269
interval,Hold,17,high,horizon_specific_train_quantiles,25,0.5,body_rate_rmse_rad_s,Sep7,0.6420400984347958,9,185
interval,Hold,17,high,horizon_specific_train_quantiles,25,0.5,position_rmse_m,ALL,0.135810286864149,17,454
interval,Hold,17,high,horizon_specific_train_quantiles,25,0.5,position_rmse_m,Sep17,0.09963139910471248,8,269
interval,Hold,17,high,horizon_specific_train_quantiles,25,0.5,position_rmse_m,Sep7,0.16796929820587037,9,185
interval,Hold,17,high,horizon_specific_train_quantiles,25,0.5,velocity_rmse_m_s,ALL,0.3897416412954244,17,454
interval,Hold,17,high,horizon_specific_train_quantiles,25,0.5,velocity_rmse_m_s,Sep17,0.43770825505853356,8,269
interval,Hold,17,high,horizon_specific_train_quantiles,25,0.5,velocity_rmse_m_s,Sep7,0.3471046512837718,9,185
interval,Hold,17,high,horizon_specific_train_quantiles,50,1.0,attitude_error_deg,ALL,6.671684316239879,17,468
interval,Hold,17,high,horizon_specific_train_quantiles,50,1.0,attitude_error_deg,Sep17,7.269696604248631,8,273
interval,Hold,17,high,horizon_specific_train_quantiles,50,1.0,attitude_error_deg,Sep7,6.140117838009876,9,195
interval,Hold,17,high,horizon_specific_train_quantiles,50,1.0,body_rate_rmse_rad_s,ALL,0.7353889380709808,17,468
interval,Hold,17,high,horizon_specific_train_quantiles,50,1.0,body_rate_rmse_rad_s,Sep17,0.7695422141952197,8,273
interval,Hold,17,high,horizon_specific_train_quantiles,50,1.0,body_rate_rmse_rad_s,Sep7,0.7050304704049907,9,195
interval,Hold,17,high,horizon_specific_train_quantiles,50,1.0,position_rmse_m,ALL,0.35651577810607177,17,468
interval,Hold,17,high,horizon_specific_train_quantiles,50,1.0,position_rmse_m,Sep17,0.2911004169725053,8,273
interval,Hold,17,high,horizon_specific_train_quantiles,50,1.0,position_rmse_m,Sep7,0.41466276578035305,9,195
interval,Hold,17,high,horizon_specific_train_quantiles,50,1.0,velocity_rmse_m_s,ALL,0.6982030552337521,17,468
interval,Hold,17,high,horizon_specific_train_quantiles,50,1.0,velocity_rmse_m_s,Sep17,0.7554866272350744,8,273
interval,Hold,17,high,horizon_specific_train_quantiles,50,1.0,velocity_rmse_m_s,Sep7,0.6472843245659103,9,195
interval,Hold,17,low,horizon_specific_train_quantiles,5,0.1,attitude_error_deg,ALL,0.9191595349918034,17,684
interval,Hold,17,low,horizon_specific_train_quantiles,5,0.1,attitude_error_deg,Sep17,0.8970497089827785,8,228
interval,Hold,17,low,horizon_specific_train_quantiles,5,0.1,attitude_error_deg,Sep7,0.9388127136664921,9,456
interval,Hold,17,low,horizon_specific_train_quantiles,5,0.1,body_rate_rmse_rad_s,ALL,0.47444680615914014,17,684
interval,Hold,17,low,horizon_specific_train_quantiles,5,0.1,body_rate_rmse_rad_s,Sep17,0.4359720647843031,8,228
interval,Hold,17,low,horizon_specific_train_quantiles,5,0.1,body_rate_rmse_rad_s,Sep7,0.5086465762701065,9,456
interval,Hold,17,low,horizon_specific_train_quantiles,5,0.1,position_rmse_m,ALL,0.020546682006170623,17,684
interval,Hold,17,low,horizon_specific_train_quantiles,5,0.1,position_rmse_m,Sep17,0.011739799751765636,8,228
interval,Hold,17,low,horizon_specific_train_quantiles,5,0.1,position_rmse_m,Sep7,0.028375021787863948,9,456
interval,Hold,17,low,horizon_specific_train_quantiles,5,0.1,velocity_rmse_m_s,ALL,0.0831187522795096,17,684
interval,Hold,17,low,horizon_specific_train_quantiles,5,0.1,velocity_rmse_m_s,Sep17,0.08686029996626368,8,228
interval,Hold,17,low,horizon_specific_train_quantiles,5,0.1,velocity_rmse_m_s,Sep7,0.07979293211350597,9,456
interval,Hold,17,low,horizon_specific_train_quantiles,10,0.2,attitude_error_deg,ALL,1.3650156993063127,17,787
interval,Hold,17,low,horizon_specific_train_quantiles,10,0.2,attitude_error_deg,Sep17,1.3670344018342797,8,240
interval,Hold,17,low,horizon_specific_train_quantiles,10,0.2,attitude_error_deg,Sep7,1.3632212970592308,9,547
interval,Hold,17,low,horizon_specific_train_quantiles,10,0.2,body_rate_rmse_rad_s,ALL,0.5255171157406613,17,787
interval,Hold,17,low,horizon_specific_train_quantiles,10,0.2,body_rate_rmse_rad_s,Sep17,0.48739322780048583,8,240
interval,Hold,17,low,horizon_specific_train_quantiles,10,0.2,body_rate_rmse_rad_s,Sep7,0.5594050161319284,9,547
interval,Hold,17,low,horizon_specific_train_quantiles,10,0.2,position_rmse_m,ALL,0.04185081852211352,17,787
interval,Hold,17,low,horizon_specific_train_quantiles,10,0.2,position_rmse_m,Sep17,0.022399304435020945,8,240
interval,Hold,17,low,horizon_specific_train_quantiles,10,0.2,position_rmse_m,Sep7,0.0591410532661958,9,547
interval,Hold,17,low,horizon_specific_train_quantiles,10,0.2,velocity_rmse_m_s,ALL,0.12294031012727456,17,787
interval,Hold,17,low,horizon_specific_train_quantiles,10,0.2,velocity_rmse_m_s,Sep17,0.13693904160809584,8,240
interval,Hold,17,low,horizon_specific_train_quantiles,10,0.2,velocity_rmse_m_s,Sep7,0.11049699325543345,9,547
interval,Hold,17,low,horizon_specific_train_quantiles,25,0.5,attitude_error_deg,ALL,2.401308718730359,17,888
interval,Hold,17,low,horizon_specific_train_quantiles,25,0.5,attitude_error_deg,Sep17,2.3725132668315507,8,201
interval,Hold,17,low,horizon_specific_train_quantiles,25,0.5,attitude_error_deg,Sep7,2.4269046759737445,9,687
interval,Hold,17,low,horizon_specific_train_quantiles,25,0.5,body_rate_rmse_rad_s,ALL,0.5563456208834541,17,888
interval,Hold,17,low,horizon_specific_train_quantiles,25,0.5,body_rate_rmse_rad_s,Sep17,0.5292989045345511,8,201
interval,Hold,17,low,horizon_specific_train_quantiles,25,0.5,body_rate_rmse_rad_s,Sep7,0.5803871465269235,9,687
interval,Hold,17,low,horizon_specific_train_quantiles,25,0.5,position_rmse_m,ALL,0.10725284137341075,17,888
interval,Hold,17,low,horizon_specific_train_quantiles,25,0.5,position_rmse_m,Sep17,0.06778188676399079,8,201
interval,Hold,17,low,horizon_specific_train_quantiles,25,0.5,position_rmse_m,Sep7,0.14233813435956186,9,687
interval,Hold,17,low,horizon_specific_train_quantiles,25,0.5,velocity_rmse_m_s,ALL,0.2107795212277659,17,888
interval,Hold,17,low,horizon_specific_train_quantiles,25,0.5,velocity_rmse_m_s,Sep17,0.23038741806730173,8,201
interval,Hold,17,low,horizon_specific_train_quantiles,25,0.5,velocity_rmse_m_s,Sep7,0.1933502795926229,9,687
interval,Hold,17,low,horizon_specific_train_quantiles,50,1.0,attitude_error_deg,ALL,4.096557651540006,17,926
interval,Hold,17,low,horizon_specific_train_quantiles,50,1.0,attitude_error_deg,Sep17,4.130802488736297,8,208
interval,Hold,17,low,horizon_specific_train_quantiles,50,1.0,attitude_error_deg,Sep7,4.066117796254415,9,718
interval,Hold,17,low,horizon_specific_train_quantiles,50,1.0,body_rate_rmse_rad_s,ALL,0.600654907272897,17,926
interval,Hold,17,low,horizon_specific_train_quantiles,50,1.0,body_rate_rmse_rad_s,Sep17,0.5895069488822592,8,208
interval,Hold,17,low,horizon_specific_train_quantiles,50,1.0,body_rate_rmse_rad_s,Sep7,0.6105642036201309,9,718
interval,Hold,17,low,horizon_specific_train_quantiles,50,1.0,position_rmse_m,ALL,0.2573852826778698,17,926
interval,Hold,17,low,horizon_specific_train_quantiles,50,1.0,position_rmse_m,Sep17,0.18103228187639633,8,208
interval,Hold,17,low,horizon_specific_train_quantiles,50,1.0,position_rmse_m,Sep7,0.32525461672362405,9,718
interval,Hold,17,low,horizon_specific_train_quantiles,50,1.0,velocity_rmse_m_s,ALL,0.3910118241220394,17,926
interval,Hold,17,low,horizon_specific_train_quantiles,50,1.0,velocity_rmse_m_s,Sep17,0.4090474348397881,8,208
interval,Hold,17,low,horizon_specific_train_quantiles,50,1.0,velocity_rmse_m_s,Sep7,0.3749801701507072,9,718
interval,Hold,17,middle,horizon_specific_train_quantiles,5,0.1,attitude_error_deg,ALL,1.0321102365781794,17,1290
interval,Hold,17,middle,horizon_specific_train_quantiles,5,0.1,attitude_error_deg,Sep17,1.0341557568848514,8,579
interval,Hold,17,middle,horizon_specific_train_quantiles,5,0.1,attitude_error_deg,Sep7,1.030291996305582,9,711
interval,Hold,17,middle,horizon_specific_train_quantiles,5,0.1,body_rate_rmse_rad_s,ALL,0.540866225347942,17,1290
interval,Hold,17,middle,horizon_specific_train_quantiles,5,0.1,body_rate_rmse_rad_s,Sep17,0.5125305878979868,8,579
interval,Hold,17,middle,horizon_specific_train_quantiles,5,0.1,body_rate_rmse_rad_s,Sep7,0.5660534586367912,9,711
interval,Hold,17,middle,horizon_specific_train_quantiles,5,0.1,position_rmse_m,ALL,0.02378818188771901,17,1290
interval,Hold,17,middle,horizon_specific_train_quantiles,5,0.1,position_rmse_m,Sep17,0.012476002672241067,8,579
interval,Hold,17,middle,horizon_specific_train_quantiles,5,0.1,position_rmse_m,Sep7,0.03384345230147719,9,711
interval,Hold,17,middle,horizon_specific_train_quantiles,5,0.1,velocity_rmse_m_s,ALL,0.08841754887870469,17,1290
interval,Hold,17,middle,horizon_specific_train_quantiles,5,0.1,velocity_rmse_m_s,Sep17,0.09610040174849291,8,579
interval,Hold,17,middle,horizon_specific_train_quantiles,5,0.1,velocity_rmse_m_s,Sep7,0.08158834632778184,9,711
interval,Hold,17,middle,horizon_specific_train_quantiles,10,0.2,attitude_error_deg,ALL,1.5573857567220866,17,1292
interval,Hold,17,middle,horizon_specific_train_quantiles,10,0.2,attitude_error_deg,Sep17,1.6045343680629538,8,589
interval,Hold,17,middle,horizon_specific_train_quantiles,10,0.2,attitude_error_deg,Sep7,1.5154758799746493,9,703
interval,Hold,17,middle,horizon_specific_train_quantiles,10,0.2,body_rate_rmse_rad_s,ALL,0.5438080296268998,17,1292
interval,Hold,17,middle,horizon_specific_train_quantiles,10,0.2,body_rate_rmse_rad_s,Sep17,0.5107581140302385,8,589
interval,Hold,17,middle,horizon_specific_train_quantiles,10,0.2,body_rate_rmse_rad_s,Sep7,0.5731857323794876,9,703
interval,Hold,17,middle,horizon_specific_train_quantiles,10,0.2,position_rmse_m,ALL,0.04010560399668208,17,1292
interval,Hold,17,middle,horizon_specific_train_quantiles,10,0.2,position_rmse_m,Sep17,0.022067405688383043,8,589
interval,Hold,17,middle,horizon_specific_train_quantiles,10,0.2,position_rmse_m,Sep7,0.05613955804850344,9,703
interval,Hold,17,middle,horizon_specific_train_quantiles,10,0.2,velocity_rmse_m_s,ALL,0.12840209351366766,17,1292
interval,Hold,17,middle,horizon_specific_train_quantiles,10,0.2,velocity_rmse_m_s,Sep17,0.14423833775022402,8,589
interval,Hold,17,middle,horizon_specific_train_quantiles,10,0.2,velocity_rmse_m_s,Sep7,0.11432543197006202,9,703
interval,Hold,17,middle,horizon_specific_train_quantiles,25,0.5,attitude_error_deg,ALL,2.9034254170389824,17,1240
interval,Hold,17,middle,horizon_specific_train_quantiles,25,0.5,attitude_error_deg,Sep17,3.071057128574553,8,631
interval,Hold,17,middle,horizon_specific_train_quantiles,25,0.5,attitude_error_deg,Sep7,2.7544194512295856,9,609
interval,Hold,17,middle,horizon_specific_train_quantiles,25,0.5,body_rate_rmse_rad_s,ALL,0.5817197611347222,17,1240
interval,Hold,17,middle,horizon_specific_train_quantiles,25,0.5,body_rate_rmse_rad_s,Sep17,0.5541627766354433,8,631
interval,Hold,17,middle,horizon_specific_train_quantiles,25,0.5,body_rate_rmse_rad_s,Sep7,0.6062148584674147,9,609
interval,Hold,17,middle,horizon_specific_train_quantiles,25,0.5,position_rmse_m,ALL,0.10844127480809272,17,1240
interval,Hold,17,middle,horizon_specific_train_quantiles,25,0.5,position_rmse_m,Sep17,0.06517004636454674,8,631
interval,Hold,17,middle,horizon_specific_train_quantiles,25,0.5,position_rmse_m,Sep7,0.1469045889801336,9,609
interval,Hold,17,middle,horizon_specific_train_quantiles,25,0.5,velocity_rmse_m_s,ALL,0.2425436482144379,17,1240
interval,Hold,17,middle,horizon_specific_train_quantiles,25,0.5,velocity_rmse_m_s,Sep17,0.26041238146664786,8,631
interval,Hold,17,middle,horizon_specific_train_quantiles,25,0.5,velocity_rmse_m_s,Sep7,0.22666032976802913,9,609
interval,Hold,17,middle,horizon_specific_train_quantiles,50,1.0,attitude_error_deg,ALL,4.8040736808473286,17,1188
interval,Hold,17,middle,horizon_specific_train_quantiles,50,1.0,attitude_error_deg,Sep17,5.068281478289738,8,620
interval,Hold,17,middle,horizon_specific_train_quantiles,50,1.0,attitude_error_deg,Sep7,4.569222305342965,9,568
interval,Hold,17,middle,horizon_specific_train_quantiles,50,1.0,body_rate_rmse_rad_s,ALL,0.6597315625448688,17,1188
interval,Hold,17,middle,horizon_specific_train_quantiles,50,1.0,body_rate_rmse_rad_s,Sep17,0.663147308825988,8,620
interval,Hold,17,middle,horizon_specific_train_quantiles,50,1.0,body_rate_rmse_rad_s,Sep7,0.6566953436283183,9,568
interval,Hold,17,middle,horizon_specific_train_quantiles,50,1.0,position_rmse_m,ALL,0.24617330016998124,17,1188
interval,Hold,17,middle,horizon_specific_train_quantiles,50,1.0,position_rmse_m,Sep17,0.18971588520531882,8,620
interval,Hold,17,middle,horizon_specific_train_quantiles,50,1.0,position_rmse_m,Sep7,0.29635766902745897,9,568
interval,Hold,17,middle,horizon_specific_train_quantiles,50,1.0,velocity_rmse_m_s,ALL,0.4604055042677255,17,1188
interval,Hold,17,middle,horizon_specific_train_quantiles,50,1.0,velocity_rmse_m_s,Sep17,0.49994341383785806,8,620
interval,Hold,17,middle,horizon_specific_train_quantiles,50,1.0,velocity_rmse_m_s,Sep7,0.4252606957609409,9,568
interval,Hold,23,ALL,horizon_specific_train_quantiles,5,0.1,attitude_error_deg,ALL,1.1008445730311611,17,2582
interval,Hold,23,ALL,horizon_specific_train_quantiles,5,0.1,attitude_error_deg,Sep17,1.114890330619935,8,1101
interval,Hold,23,ALL,horizon_specific_train_quantiles,5,0.1,attitude_error_deg,Sep7,1.0883594551744735,9,1481
interval,Hold,23,ALL,horizon_specific_train_quantiles,5,0.1,body_rate_rmse_rad_s,ALL,0.5413483919780003,17,2582
interval,Hold,23,ALL,horizon_specific_train_quantiles,5,0.1,body_rate_rmse_rad_s,Sep17,0.519447943926236,8,1101
interval,Hold,23,ALL,horizon_specific_train_quantiles,5,0.1,body_rate_rmse_rad_s,Sep7,0.5608154569129016,9,1481
interval,Hold,23,ALL,horizon_specific_train_quantiles,5,0.1,position_rmse_m,ALL,0.02426180659656128,17,2582
interval,Hold,23,ALL,horizon_specific_train_quantiles,5,0.1,position_rmse_m,Sep17,0.013159387818626965,8,1101
interval,Hold,23,ALL,horizon_specific_train_quantiles,5,0.1,position_rmse_m,Sep7,0.03413062328805846,9,1481
interval,Hold,23,ALL,horizon_specific_train_quantiles,5,0.1,velocity_rmse_m_s,ALL,0.11246720240230035,17,2582
interval,Hold,23,ALL,horizon_specific_train_quantiles,5,0.1,velocity_rmse_m_s,Sep17,0.119601057354834,8,1101
interval,Hold,23,ALL,horizon_specific_train_quantiles,5,0.1,velocity_rmse_m_s,Sep7,0.10612599800004822,9,1481
interval,Hold,23,ALL,horizon_specific_train_quantiles,10,0.2,attitude_error_deg,ALL,1.667049025748384,17,2582
interval,Hold,23,ALL,horizon_specific_train_quantiles,10,0.2,attitude_error_deg,Sep17,1.8070692373131827,8,1101
interval,Hold,23,ALL,horizon_specific_train_quantiles,10,0.2,attitude_error_deg,Sep7,1.542586615468563,9,1481
interval,Hold,23,ALL,horizon_specific_train_quantiles,10,0.2,body_rate_rmse_rad_s,ALL,0.5579687258442435,17,2582
interval,Hold,23,ALL,horizon_specific_train_quantiles,10,0.2,body_rate_rmse_rad_s,Sep17,0.5340726826546986,8,1101
interval,Hold,23,ALL,horizon_specific_train_quantiles,10,0.2,body_rate_rmse_rad_s,Sep7,0.579209653123839,9,1481
interval,Hold,23,ALL,horizon_specific_train_quantiles,10,0.2,position_rmse_m,ALL,0.04439119992599799,17,2582
interval,Hold,23,ALL,horizon_specific_train_quantiles,10,0.2,position_rmse_m,Sep17,0.025393606975733028,8,1101
interval,Hold,23,ALL,horizon_specific_train_quantiles,10,0.2,position_rmse_m,Sep7,0.06127794921512239,9,1481
interval,Hold,23,ALL,horizon_specific_train_quantiles,10,0.2,velocity_rmse_m_s,ALL,0.15957861694061246,17,2582
interval,Hold,23,ALL,horizon_specific_train_quantiles,10,0.2,velocity_rmse_m_s,Sep17,0.1798501580386717,8,1101
interval,Hold,23,ALL,horizon_specific_train_quantiles,10,0.2,velocity_rmse_m_s,Sep7,0.14155946929789318,9,1481
interval,Hold,23,ALL,horizon_specific_train_quantiles,25,0.5,attitude_error_deg,ALL,3.0702299384426577,17,2582
interval,Hold,23,ALL,horizon_specific_train_quantiles,25,0.5,attitude_error_deg,Sep17,3.4710628579555927,8,1101
interval,Hold,23,ALL,horizon_specific_train_quantiles,25,0.5,attitude_error_deg,Sep7,2.7139340099867155,9,1481
interval,Hold,23,ALL,horizon_specific_train_quantiles,25,0.5,body_rate_rmse_rad_s,ALL,0.5916462508987452,17,2582
interval,Hold,23,ALL,horizon_specific_train_quantiles,25,0.5,body_rate_rmse_rad_s,Sep17,0.5790448725770926,8,1101
interval,Hold,23,ALL,horizon_specific_train_quantiles,25,0.5,body_rate_rmse_rad_s,Sep7,0.6028474760735476,9,1481
interval,Hold,23,ALL,horizon_specific_train_quantiles,25,0.5,position_rmse_m,ALL,0.11547120173492939,17,2582
interval,Hold,23,ALL,horizon_specific_train_quantiles,25,0.5,position_rmse_m,Sep17,0.079811336225615,8,1101
interval,Hold,23,ALL,horizon_specific_train_quantiles,25,0.5,position_rmse_m,Sep7,0.14716885996543105,9,1481
interval,Hold,23,ALL,horizon_specific_train_quantiles,25,0.5,velocity_rmse_m_s,ALL,0.27714521827992916,17,2582
interval,Hold,23,ALL,horizon_specific_train_quantiles,25,0.5,velocity_rmse_m_s,Sep17,0.3229608475852369,8,1101
interval,Hold,23,ALL,horizon_specific_train_quantiles,25,0.5,velocity_rmse_m_s,Sep7,0.236420214452989,9,1481
interval,Hold,23,ALL,horizon_specific_train_quantiles,50,1.0,attitude_error_deg,ALL,5.184987394114341,17,2582
interval,Hold,23,ALL,horizon_specific_train_quantiles,50,1.0,attitude_error_deg,Sep17,5.77618694751854,8,1101
interval,Hold,23,ALL,horizon_specific_train_quantiles,50,1.0,attitude_error_deg,Sep7,4.659476679977274,9,1481
interval,Hold,23,ALL,horizon_specific_train_quantiles,50,1.0,body_rate_rmse_rad_s,ALL,0.664792345143626,17,2582
interval,Hold,23,ALL,horizon_specific_train_quantiles,50,1.0,body_rate_rmse_rad_s,Sep17,0.6834286571902193,8,1101
interval,Hold,23,ALL,horizon_specific_train_quantiles,50,1.0,body_rate_rmse_rad_s,Sep7,0.648226734435543,9,1481
interval,Hold,23,ALL,horizon_specific_train_quantiles,50,1.0,position_rmse_m,ALL,0.2821749493725929,17,2582
interval,Hold,23,ALL,horizon_specific_train_quantiles,50,1.0,position_rmse_m,Sep17,0.23310223766753,8,1101
interval,Hold,23,ALL,horizon_specific_train_quantiles,50,1.0,position_rmse_m,Sep7,0.325795137554871,9,1481
interval,Hold,23,ALL,horizon_specific_train_quantiles,50,1.0,velocity_rmse_m_s,ALL,0.5075123442762184,17,2582
interval,Hold,23,ALL,horizon_specific_train_quantiles,50,1.0,velocity_rmse_m_s,Sep17,0.5831055468341976,8,1101
interval,Hold,23,ALL,horizon_specific_train_quantiles,50,1.0,velocity_rmse_m_s,Sep7,0.4403183864469035,9,1481
interval,Hold,23,high,horizon_specific_train_quantiles,5,0.1,attitude_error_deg,ALL,1.302820778255209,17,608
interval,Hold,23,high,horizon_specific_train_quantiles,5,0.1,attitude_error_deg,Sep17,1.3628334974439926,8,294
interval,Hold,23,high,horizon_specific_train_quantiles,5,0.1,attitude_error_deg,Sep7,1.2494761389762905,9,314
interval,Hold,23,high,horizon_specific_train_quantiles,5,0.1,body_rate_rmse_rad_s,ALL,0.5889728051768808,17,608
interval,Hold,23,high,horizon_specific_train_quantiles,5,0.1,body_rate_rmse_rad_s,Sep17,0.5885741046311873,8,294
interval,Hold,23,high,horizon_specific_train_quantiles,5,0.1,body_rate_rmse_rad_s,Sep7,0.5893272056619415,9,314
interval,Hold,23,high,horizon_specific_train_quantiles,5,0.1,position_rmse_m,ALL,0.027599965745107032,17,608
interval,Hold,23,high,horizon_specific_train_quantiles,5,0.1,position_rmse_m,Sep17,0.01448526109911956,8,294
interval,Hold,23,high,horizon_specific_train_quantiles,5,0.1,position_rmse_m,Sep7,0.039257480985984784,9,314
interval,Hold,23,high,horizon_specific_train_quantiles,5,0.1,velocity_rmse_m_s,ALL,0.15107145387907586,17,608
interval,Hold,23,high,horizon_specific_train_quantiles,5,0.1,velocity_rmse_m_s,Sep17,0.16101779058863322,8,294
interval,Hold,23,high,horizon_specific_train_quantiles,5,0.1,velocity_rmse_m_s,Sep7,0.14223026569280264,9,314
interval,Hold,23,high,horizon_specific_train_quantiles,10,0.2,attitude_error_deg,ALL,2.0937733116496657,17,503
interval,Hold,23,high,horizon_specific_train_quantiles,10,0.2,attitude_error_deg,Sep17,2.3857648139489096,8,272
interval,Hold,23,high,horizon_specific_train_quantiles,10,0.2,attitude_error_deg,Sep7,1.8342253096058936,9,231
interval,Hold,23,high,horizon_specific_train_quantiles,10,0.2,body_rate_rmse_rad_s,ALL,0.6155656470677318,17,503
interval,Hold,23,high,horizon_specific_train_quantiles,10,0.2,body_rate_rmse_rad_s,Sep17,0.6201588558732987,8,272
interval,Hold,23,high,horizon_specific_train_quantiles,10,0.2,body_rate_rmse_rad_s,Sep7,0.6114827947961166,9,231
interval,Hold,23,high,horizon_specific_train_quantiles,10,0.2,position_rmse_m,ALL,0.052722059675993936,17,503
interval,Hold,23,high,horizon_specific_train_quantiles,10,0.2,position_rmse_m,Sep17,0.031106904126025233,8,272
interval,Hold,23,high,horizon_specific_train_quantiles,10,0.2,position_rmse_m,Sep7,0.07193553127596612,9,231
interval,Hold,23,high,horizon_specific_train_quantiles,10,0.2,velocity_rmse_m_s,ALL,0.21956749737392378,17,503
interval,Hold,23,high,horizon_specific_train_quantiles,10,0.2,velocity_rmse_m_s,Sep17,0.2486025739731776,8,272
interval,Hold,23,high,horizon_specific_train_quantiles,10,0.2,velocity_rmse_m_s,Sep7,0.1937585403968093,9,231
interval,Hold,23,high,horizon_specific_train_quantiles,25,0.5,attitude_error_deg,ALL,3.948126858918414,17,454
interval,Hold,23,high,horizon_specific_train_quantiles,25,0.5,attitude_error_deg,Sep17,4.61943158862027,8,269
interval,Hold,23,high,horizon_specific_train_quantiles,25,0.5,attitude_error_deg,Sep7,3.351411543627874,9,185
interval,Hold,23,high,horizon_specific_train_quantiles,25,0.5,body_rate_rmse_rad_s,ALL,0.6544423618299898,17,454
interval,Hold,23,high,horizon_specific_train_quantiles,25,0.5,body_rate_rmse_rad_s,Sep17,0.6678551204256181,8,269
interval,Hold,23,high,horizon_specific_train_quantiles,25,0.5,body_rate_rmse_rad_s,Sep7,0.6425199097449869,9,185
interval,Hold,23,high,horizon_specific_train_quantiles,25,0.5,position_rmse_m,ALL,0.1370858020360064,17,454
interval,Hold,23,high,horizon_specific_train_quantiles,25,0.5,position_rmse_m,Sep17,0.10321374756782513,8,269
interval,Hold,23,high,horizon_specific_train_quantiles,25,0.5,position_rmse_m,Sep7,0.167194294896612,9,185
interval,Hold,23,high,horizon_specific_train_quantiles,25,0.5,velocity_rmse_m_s,ALL,0.39399084916217625,17,454
interval,Hold,23,high,horizon_specific_train_quantiles,25,0.5,velocity_rmse_m_s,Sep17,0.4499918977389086,8,269
interval,Hold,23,high,horizon_specific_train_quantiles,25,0.5,velocity_rmse_m_s,Sep7,0.34421213931619193,9,185
interval,Hold,23,high,horizon_specific_train_quantiles,50,1.0,attitude_error_deg,ALL,6.659058367810906,17,468
interval,Hold,23,high,horizon_specific_train_quantiles,50,1.0,attitude_error_deg,Sep17,7.373510995734032,8,273
interval,Hold,23,high,horizon_specific_train_quantiles,50,1.0,attitude_error_deg,Sep7,6.023989365212572,9,195
interval,Hold,23,high,horizon_specific_train_quantiles,50,1.0,body_rate_rmse_rad_s,ALL,0.7389330521218066,17,468
interval,Hold,23,high,horizon_specific_train_quantiles,50,1.0,body_rate_rmse_rad_s,Sep17,0.7759146519926013,8,273
interval,Hold,23,high,horizon_specific_train_quantiles,50,1.0,body_rate_rmse_rad_s,Sep7,0.7060605189033223,9,195
interval,Hold,23,high,horizon_specific_train_quantiles,50,1.0,position_rmse_m,ALL,0.35744449640962217,17,468
interval,Hold,23,high,horizon_specific_train_quantiles,50,1.0,position_rmse_m,Sep17,0.3013512408487641,8,273
interval,Hold,23,high,horizon_specific_train_quantiles,50,1.0,position_rmse_m,Sep7,0.4073051680192738,9,195
interval,Hold,23,high,horizon_specific_train_quantiles,50,1.0,velocity_rmse_m_s,ALL,0.6892302654471072,17,468
interval,Hold,23,high,horizon_specific_train_quantiles,50,1.0,velocity_rmse_m_s,Sep17,0.7522484886453686,8,273
interval,Hold,23,high,horizon_specific_train_quantiles,50,1.0,velocity_rmse_m_s,Sep7,0.6332140670486526,9,195
interval,Hold,23,low,horizon_specific_train_quantiles,5,0.1,attitude_error_deg,ALL,0.9493749086868654,17,684
interval,Hold,23,low,horizon_specific_train_quantiles,5,0.1,attitude_error_deg,Sep17,0.9233393518630348,8,228
interval,Hold,23,low,horizon_specific_train_quantiles,5,0.1,attitude_error_deg,Sep7,0.9725176258636036,9,456
interval,Hold,23,low,horizon_specific_train_quantiles,5,0.1,body_rate_rmse_rad_s,ALL,0.4809814566488657,17,684
interval,Hold,23,low,horizon_specific_train_quantiles,5,0.1,body_rate_rmse_rad_s,Sep17,0.44142919900547095,8,228
interval,Hold,23,low,horizon_specific_train_quantiles,5,0.1,body_rate_rmse_rad_s,Sep7,0.51613901899855,9,456
interval,Hold,23,low,horizon_specific_train_quantiles,5,0.1,position_rmse_m,ALL,0.02057949974559077,17,684
interval,Hold,23,low,horizon_specific_train_quantiles,5,0.1,position_rmse_m,Sep17,0.01197037121220674,8,228
interval,Hold,23,low,horizon_specific_train_quantiles,5,0.1,position_rmse_m,Sep7,0.02823205844193213,9,456
interval,Hold,23,low,horizon_specific_train_quantiles,5,0.1,velocity_rmse_m_s,ALL,0.08666336384016936,17,684
interval,Hold,23,low,horizon_specific_train_quantiles,5,0.1,velocity_rmse_m_s,Sep17,0.09035635719506092,8,228
interval,Hold,23,low,horizon_specific_train_quantiles,5,0.1,velocity_rmse_m_s,Sep7,0.08338070308026574,9,456
interval,Hold,23,low,horizon_specific_train_quantiles,10,0.2,attitude_error_deg,ALL,1.4108660713997503,17,787
interval,Hold,23,low,horizon_specific_train_quantiles,10,0.2,attitude_error_deg,Sep17,1.4202447445527038,8,240
interval,Hold,23,low,horizon_specific_train_quantiles,10,0.2,attitude_error_deg,Sep7,1.4025294730415692,9,547
interval,Hold,23,low,horizon_specific_train_quantiles,10,0.2,body_rate_rmse_rad_s,ALL,0.527323471521248,17,787
interval,Hold,23,low,horizon_specific_train_quantiles,10,0.2,body_rate_rmse_rad_s,Sep17,0.48629877481717604,8,240
interval,Hold,23,low,horizon_specific_train_quantiles,10,0.2,body_rate_rmse_rad_s,Sep7,0.5637898685915342,9,547
interval,Hold,23,low,horizon_specific_train_quantiles,10,0.2,position_rmse_m,ALL,0.04194918158087152,17,787
interval,Hold,23,low,horizon_specific_train_quantiles,10,0.2,position_rmse_m,Sep17,0.02292169258871434,8,240
interval,Hold,23,low,horizon_specific_train_quantiles,10,0.2,position_rmse_m,Sep7,0.058862505129455664,9,547
interval,Hold,23,low,horizon_specific_train_quantiles,10,0.2,velocity_rmse_m_s,ALL,0.12616549203641486,17,787
interval,Hold,23,low,horizon_specific_train_quantiles,10,0.2,velocity_rmse_m_s,Sep17,0.14068864071307532,8,240
interval,Hold,23,low,horizon_specific_train_quantiles,10,0.2,velocity_rmse_m_s,Sep7,0.11325602654604999,9,547
interval,Hold,23,low,horizon_specific_train_quantiles,25,0.5,attitude_error_deg,ALL,2.493752948734983,17,888
interval,Hold,23,low,horizon_specific_train_quantiles,25,0.5,attitude_error_deg,Sep17,2.534337701199091,8,201
interval,Hold,23,low,horizon_specific_train_quantiles,25,0.5,attitude_error_deg,Sep7,2.4576776132113327,9,687
interval,Hold,23,low,horizon_specific_train_quantiles,25,0.5,body_rate_rmse_rad_s,ALL,0.5589669954338703,17,888
interval,Hold,23,low,horizon_specific_train_quantiles,25,0.5,body_rate_rmse_rad_s,Sep17,0.531845458342811,8,201
interval,Hold,23,low,horizon_specific_train_quantiles,25,0.5,body_rate_rmse_rad_s,Sep7,0.5830750284037007,9,687
interval,Hold,23,low,horizon_specific_train_quantiles,25,0.5,position_rmse_m,ALL,0.10939465535242361,17,888
interval,Hold,23,low,horizon_specific_train_quantiles,25,0.5,position_rmse_m,Sep17,0.0730503162055302,8,201
interval,Hold,23,low,horizon_specific_train_quantiles,25,0.5,position_rmse_m,Sep7,0.14170073459410668,9,687
interval,Hold,23,low,horizon_specific_train_quantiles,25,0.5,velocity_rmse_m_s,ALL,0.22391904289141104,17,888
interval,Hold,23,low,horizon_specific_train_quantiles,25,0.5,velocity_rmse_m_s,Sep17,0.25707878583368915,8,201
interval,Hold,23,low,horizon_specific_train_quantiles,25,0.5,velocity_rmse_m_s,Sep7,0.19444371583160827,9,687
interval,Hold,23,low,horizon_specific_train_quantiles,50,1.0,attitude_error_deg,ALL,4.388778876401862,17,926
interval,Hold,23,low,horizon_specific_train_quantiles,50,1.0,attitude_error_deg,Sep17,4.609509434565053,8,208
interval,Hold,23,low,horizon_specific_train_quantiles,50,1.0,attitude_error_deg,Sep7,4.192573935812359,9,718
interval,Hold,23,low,horizon_specific_train_quantiles,50,1.0,body_rate_rmse_rad_s,ALL,0.6094220060167512,17,926
interval,Hold,23,low,horizon_specific_train_quantiles,50,1.0,body_rate_rmse_rad_s,Sep17,0.602819035499143,8,208
interval,Hold,23,low,horizon_specific_train_quantiles,50,1.0,body_rate_rmse_rad_s,Sep7,0.6152913131435143,9,718
interval,Hold,23,low,horizon_specific_train_quantiles,50,1.0,position_rmse_m,ALL,0.2676055451044493,17,926
interval,Hold,23,low,horizon_specific_train_quantiles,50,1.0,position_rmse_m,Sep17,0.20623005250842533,8,208
interval,Hold,23,low,horizon_specific_train_quantiles,50,1.0,position_rmse_m,Sep7,0.32216153852313717,9,718
interval,Hold,23,low,horizon_specific_train_quantiles,50,1.0,velocity_rmse_m_s,ALL,0.42280834546874935,17,926
interval,Hold,23,low,horizon_specific_train_quantiles,50,1.0,velocity_rmse_m_s,Sep17,0.4769203638514095,8,208
interval,Hold,23,low,horizon_specific_train_quantiles,50,1.0,velocity_rmse_m_s,Sep7,0.37470877357305143,9,718
interval,Hold,23,middle,horizon_specific_train_quantiles,5,0.1,attitude_error_deg,ALL,1.061928226858903,17,1290
interval,Hold,23,middle,horizon_specific_train_quantiles,5,0.1,attitude_error_deg,Sep17,1.044289116992506,8,579
interval,Hold,23,middle,horizon_specific_train_quantiles,5,0.1,attitude_error_deg,Sep7,1.077607435629034,9,711
interval,Hold,23,middle,horizon_specific_train_quantiles,5,0.1,body_rate_rmse_rad_s,ALL,0.5440217303368522,17,1290
interval,Hold,23,middle,horizon_specific_train_quantiles,5,0.1,body_rate_rmse_rad_s,Sep17,0.5105311286295223,8,579
interval,Hold,23,middle,horizon_specific_train_quantiles,5,0.1,body_rate_rmse_rad_s,Sep7,0.573791154076701,9,711
interval,Hold,23,middle,horizon_specific_train_quantiles,5,0.1,position_rmse_m,ALL,0.02384610444583926,17,1290
interval,Hold,23,middle,horizon_specific_train_quantiles,5,0.1,position_rmse_m,Sep17,0.012661287935545095,8,579
interval,Hold,23,middle,horizon_specific_train_quantiles,5,0.1,position_rmse_m,Sep7,0.033788163566100746,9,711
interval,Hold,23,middle,horizon_specific_train_quantiles,5,0.1,velocity_rmse_m_s,ALL,0.0945232150114914,17,1290
interval,Hold,23,middle,horizon_specific_train_quantiles,5,0.1,velocity_rmse_m_s,Sep17,0.10231116688766485,8,579
interval,Hold,23,middle,horizon_specific_train_quantiles,5,0.1,velocity_rmse_m_s,Sep7,0.08760059112155943,9,711
interval,Hold,23,middle,horizon_specific_train_quantiles,10,0.2,attitude_error_deg,ALL,1.589570602349374,17,1292
interval,Hold,23,middle,horizon_specific_train_quantiles,10,0.2,attitude_error_deg,Sep17,1.6274572282349102,8,589
interval,Hold,23,middle,horizon_specific_train_quantiles,10,0.2,attitude_error_deg,Sep7,1.5558936015622307,9,703
interval,Hold,23,middle,horizon_specific_train_quantiles,10,0.2,body_rate_rmse_rad_s,ALL,0.5477517184222443,17,1292
interval,Hold,23,middle,horizon_specific_train_quantiles,10,0.2,body_rate_rmse_rad_s,Sep17,0.5108604643589771,8,589
interval,Hold,23,middle,horizon_specific_train_quantiles,10,0.2,body_rate_rmse_rad_s,Sep7,0.5805439442562597,9,703
interval,Hold,23,middle,horizon_specific_train_quantiles,10,0.2,position_rmse_m,ALL,0.04042277309519813,17,1292
interval,Hold,23,middle,horizon_specific_train_quantiles,10,0.2,position_rmse_m,Sep17,0.022694550321133836,8,589
interval,Hold,23,middle,horizon_specific_train_quantiles,10,0.2,position_rmse_m,Sep7,0.05618119333881084,9,703
interval,Hold,23,middle,horizon_specific_train_quantiles,10,0.2,velocity_rmse_m_s,ALL,0.14028238764118794,17,1292
interval,Hold,23,middle,horizon_specific_train_quantiles,10,0.2,velocity_rmse_m_s,Sep17,0.14911201715401995,8,589
interval,Hold,23,middle,horizon_specific_train_quantiles,10,0.2,velocity_rmse_m_s,Sep7,0.13243382807422618,9,703
interval,Hold,23,middle,horizon_specific_train_quantiles,25,0.5,attitude_error_deg,ALL,2.946204698544209,17,1240
interval,Hold,23,middle,horizon_specific_train_quantiles,25,0.5,attitude_error_deg,Sep17,3.1440293760524813,8,631
interval,Hold,23,middle,horizon_specific_train_quantiles,25,0.5,attitude_error_deg,Sep7,2.7703605407590777,9,609
interval,Hold,23,middle,horizon_specific_train_quantiles,25,0.5,body_rate_rmse_rad_s,ALL,0.5840659225647633,17,1240
interval,Hold,23,middle,horizon_specific_train_quantiles,25,0.5,body_rate_rmse_rad_s,Sep17,0.5539056175239405,8,631
interval,Hold,23,middle,horizon_specific_train_quantiles,25,0.5,body_rate_rmse_rad_s,Sep7,0.6108750826010502,9,609
interval,Hold,23,middle,horizon_specific_train_quantiles,25,0.5,position_rmse_m,ALL,0.10956627444856143,17,1240
interval,Hold,23,middle,horizon_specific_train_quantiles,25,0.5,position_rmse_m,Sep17,0.06775656565341373,8,631
interval,Hold,23,middle,horizon_specific_train_quantiles,25,0.5,position_rmse_m,Sep7,0.14673046004424828,9,609
interval,Hold,23,middle,horizon_specific_train_quantiles,25,0.5,velocity_rmse_m_s,ALL,0.25109868656021017,17,1240
interval,Hold,23,middle,horizon_specific_train_quantiles,25,0.5,velocity_rmse_m_s,Sep17,0.27066443486692165,8,631
interval,Hold,23,middle,horizon_specific_train_quantiles,25,0.5,velocity_rmse_m_s,Sep7,0.2337069102875777,9,609
interval,Hold,23,middle,horizon_specific_train_quantiles,50,1.0,attitude_error_deg,ALL,4.965399410806265,17,1188
interval,Hold,23,middle,horizon_specific_train_quantiles,50,1.0,attitude_error_deg,Sep17,5.289765722920487,8,620
interval,Hold,23,middle,horizon_specific_train_quantiles,50,1.0,attitude_error_deg,Sep7,4.67707380003807,9,568
interval,Hold,23,middle,horizon_specific_train_quantiles,50,1.0,body_rate_rmse_rad_s,ALL,0.664412896475491,17,1188
interval,Hold,23,middle,horizon_specific_train_quantiles,50,1.0,body_rate_rmse_rad_s,Sep17,0.6665528287380741,8,620
interval,Hold,23,middle,horizon_specific_train_quantiles,50,1.0,body_rate_rmse_rad_s,Sep7,0.662510734464306,9,568
interval,Hold,23,middle,horizon_specific_train_quantiles,50,1.0,position_rmse_m,ALL,0.25151966474303433,17,1188
interval,Hold,23,middle,horizon_specific_train_quantiles,50,1.0,position_rmse_m,Sep17,0.20199734238919445,8,620
interval,Hold,23,middle,horizon_specific_train_quantiles,50,1.0,position_rmse_m,Sep7,0.29553950683533636,9,568
interval,Hold,23,middle,horizon_specific_train_quantiles,50,1.0,velocity_rmse_m_s,ALL,0.47316848572128345,17,1188
interval,Hold,23,middle,horizon_specific_train_quantiles,50,1.0,velocity_rmse_m_s,Sep17,0.5222049179356533,8,620
interval,Hold,23,middle,horizon_specific_train_quantiles,50,1.0,velocity_rmse_m_s,Sep7,0.4295805459751768,9,568
interval,Hold,42,ALL,horizon_specific_train_quantiles,5,0.1,attitude_error_deg,ALL,1.0857408674554545,17,2582
interval,Hold,42,ALL,horizon_specific_train_quantiles,5,0.1,attitude_error_deg,Sep17,1.1094619735044278,8,1101
interval,Hold,42,ALL,horizon_specific_train_quantiles,5,0.1,attitude_error_deg,Sep7,1.064655439856367,9,1481
interval,Hold,42,ALL,horizon_specific_train_quantiles,5,0.1,body_rate_rmse_rad_s,ALL,0.540817024114947,17,2582
interval,Hold,42,ALL,horizon_specific_train_quantiles,5,0.1,body_rate_rmse_rad_s,Sep17,0.5204173368597598,8,1101
interval,Hold,42,ALL,horizon_specific_train_quantiles,5,0.1,body_rate_rmse_rad_s,Sep7,0.5589500794528912,9,1481
interval,Hold,42,ALL,horizon_specific_train_quantiles,5,0.1,position_rmse_m,ALL,0.02409806994689269,17,2582
interval,Hold,42,ALL,horizon_specific_train_quantiles,5,0.1,position_rmse_m,Sep17,0.012851864750886713,8,1101
interval,Hold,42,ALL,horizon_specific_train_quantiles,5,0.1,position_rmse_m,Sep7,0.03409469678778689,9,1481
interval,Hold,42,ALL,horizon_specific_train_quantiles,5,0.1,velocity_rmse_m_s,ALL,0.10851159347461582,17,2582
interval,Hold,42,ALL,horizon_specific_train_quantiles,5,0.1,velocity_rmse_m_s,Sep17,0.1128629159386605,8,1101
interval,Hold,42,ALL,horizon_specific_train_quantiles,5,0.1,velocity_rmse_m_s,Sep7,0.10464375128435391,9,1481
interval,Hold,42,ALL,horizon_specific_train_quantiles,10,0.2,attitude_error_deg,ALL,1.661782146874896,17,2582
interval,Hold,42,ALL,horizon_specific_train_quantiles,10,0.2,attitude_error_deg,Sep17,1.8073889729455643,8,1101
interval,Hold,42,ALL,horizon_specific_train_quantiles,10,0.2,attitude_error_deg,Sep7,1.5323538570343016,9,1481
interval,Hold,42,ALL,horizon_specific_train_quantiles,10,0.2,body_rate_rmse_rad_s,ALL,0.5562579589038067,17,2582
interval,Hold,42,ALL,horizon_specific_train_quantiles,10,0.2,body_rate_rmse_rad_s,Sep17,0.5329780815278901,8,1101
interval,Hold,42,ALL,horizon_specific_train_quantiles,10,0.2,body_rate_rmse_rad_s,Sep7,0.5769511832379548,9,1481
interval,Hold,42,ALL,horizon_specific_train_quantiles,10,0.2,position_rmse_m,ALL,0.04382205967913427,17,2582
interval,Hold,42,ALL,horizon_specific_train_quantiles,10,0.2,position_rmse_m,Sep17,0.024402685973290105,8,1101
interval,Hold,42,ALL,horizon_specific_train_quantiles,10,0.2,position_rmse_m,Sep7,0.06108372519544019,9,1481
interval,Hold,42,ALL,horizon_specific_train_quantiles,10,0.2,velocity_rmse_m_s,ALL,0.1550052734243333,17,2582
interval,Hold,42,ALL,horizon_specific_train_quantiles,10,0.2,velocity_rmse_m_s,Sep17,0.17408468005458105,8,1101
interval,Hold,42,ALL,horizon_specific_train_quantiles,10,0.2,velocity_rmse_m_s,Sep7,0.1380458008641131,9,1481
interval,Hold,42,ALL,horizon_specific_train_quantiles,25,0.5,attitude_error_deg,ALL,3.0754170921370663,17,2582
interval,Hold,42,ALL,horizon_specific_train_quantiles,25,0.5,attitude_error_deg,Sep17,3.4752068151687454,8,1101
interval,Hold,42,ALL,horizon_specific_train_quantiles,25,0.5,attitude_error_deg,Sep7,2.72004844944224,9,1481
interval,Hold,42,ALL,horizon_specific_train_quantiles,25,0.5,body_rate_rmse_rad_s,ALL,0.583282234000294,17,2582
interval,Hold,42,ALL,horizon_specific_train_quantiles,25,0.5,body_rate_rmse_rad_s,Sep17,0.5693452084218285,8,1101
interval,Hold,42,ALL,horizon_specific_train_quantiles,25,0.5,body_rate_rmse_rad_s,Sep7,0.5956707011811522,9,1481
interval,Hold,42,ALL,horizon_specific_train_quantiles,25,0.5,position_rmse_m,ALL,0.11333736677145947,17,2582
interval,Hold,42,ALL,horizon_specific_train_quantiles,25,0.5,position_rmse_m,Sep17,0.07601286403115284,8,1101
interval,Hold,42,ALL,horizon_specific_train_quantiles,25,0.5,position_rmse_m,Sep7,0.1465147025406209,9,1481
interval,Hold,42,ALL,horizon_specific_train_quantiles,25,0.5,velocity_rmse_m_s,ALL,0.2693052452898166,17,2582
interval,Hold,42,ALL,horizon_specific_train_quantiles,25,0.5,velocity_rmse_m_s,Sep17,0.3109128680653813,8,1101
interval,Hold,42,ALL,horizon_specific_train_quantiles,25,0.5,velocity_rmse_m_s,Sep7,0.23232069171153677,9,1481
interval,Hold,42,ALL,horizon_specific_train_quantiles,50,1.0,attitude_error_deg,ALL,5.167917927615651,17,2582
interval,Hold,42,ALL,horizon_specific_train_quantiles,50,1.0,attitude_error_deg,Sep17,5.753576799362841,8,1101
interval,Hold,42,ALL,horizon_specific_train_quantiles,50,1.0,attitude_error_deg,Sep7,4.647332263840372,9,1481
interval,Hold,42,ALL,horizon_specific_train_quantiles,50,1.0,body_rate_rmse_rad_s,ALL,0.6523228145077982,17,2582
interval,Hold,42,ALL,horizon_specific_train_quantiles,50,1.0,body_rate_rmse_rad_s,Sep17,0.6725487819992373,8,1101
interval,Hold,42,ALL,horizon_specific_train_quantiles,50,1.0,body_rate_rmse_rad_s,Sep7,0.6343441767376299,9,1481
interval,Hold,42,ALL,horizon_specific_train_quantiles,50,1.0,position_rmse_m,ALL,0.27481173527938707,17,2582
interval,Hold,42,ALL,horizon_specific_train_quantiles,50,1.0,position_rmse_m,Sep17,0.22128930473235925,8,1101
interval,Hold,42,ALL,horizon_specific_train_quantiles,50,1.0,position_rmse_m,Sep7,0.3223872290989674,9,1481
interval,Hold,42,ALL,horizon_specific_train_quantiles,50,1.0,velocity_rmse_m_s,ALL,0.4950257443228446,17,2582
interval,Hold,42,ALL,horizon_specific_train_quantiles,50,1.0,velocity_rmse_m_s,Sep17,0.5668582949811911,8,1101
interval,Hold,42,ALL,horizon_specific_train_quantiles,50,1.0,velocity_rmse_m_s,Sep7,0.431174588182092,9,1481
interval,Hold,42,high,horizon_specific_train_quantiles,5,0.1,attitude_error_deg,ALL,1.2979324765667113,17,608
interval,Hold,42,high,horizon_specific_train_quantiles,5,0.1,attitude_error_deg,Sep17,1.356900364232262,8,294
interval,Hold,42,high,horizon_specific_train_quantiles,5,0.1,attitude_error_deg,Sep7,1.245516576419555,9,314
interval,Hold,42,high,horizon_specific_train_quantiles,5,0.1,body_rate_rmse_rad_s,ALL,0.588804711830077,17,608
interval,Hold,42,high,horizon_specific_train_quantiles,5,0.1,body_rate_rmse_rad_s,Sep17,0.5870786761688522,8,294
interval,Hold,42,high,horizon_specific_train_quantiles,5,0.1,body_rate_rmse_rad_s,Sep7,0.5903389657511657,9,314
interval,Hold,42,high,horizon_specific_train_quantiles,5,0.1,position_rmse_m,ALL,0.027399221709331616,17,608
interval,Hold,42,high,horizon_specific_train_quantiles,5,0.1,position_rmse_m,Sep17,0.0141567800682891,8,294
interval,Hold,42,high,horizon_specific_train_quantiles,5,0.1,position_rmse_m,Sep7,0.039170280945813846,9,314
interval,Hold,42,high,horizon_specific_train_quantiles,5,0.1,velocity_rmse_m_s,ALL,0.14541787178759635,17,608
interval,Hold,42,high,horizon_specific_train_quantiles,5,0.1,velocity_rmse_m_s,Sep17,0.15045526111329685,8,294
interval,Hold,42,high,horizon_specific_train_quantiles,5,0.1,velocity_rmse_m_s,Sep7,0.14094019238697367,9,314
interval,Hold,42,high,horizon_specific_train_quantiles,10,0.2,attitude_error_deg,ALL,2.133759159560047,17,503
interval,Hold,42,high,horizon_specific_train_quantiles,10,0.2,attitude_error_deg,Sep17,2.442887781672089,8,272
interval,Hold,42,high,horizon_specific_train_quantiles,10,0.2,attitude_error_deg,Sep7,1.8589781621271204,9,231
interval,Hold,42,high,horizon_specific_train_quantiles,10,0.2,body_rate_rmse_rad_s,ALL,0.6161599135357945,17,503
interval,Hold,42,high,horizon_specific_train_quantiles,10,0.2,body_rate_rmse_rad_s,Sep17,0.6175597594256663,8,272
interval,Hold,42,high,horizon_specific_train_quantiles,10,0.2,body_rate_rmse_rad_s,Sep7,0.6149156060781306,9,231
interval,Hold,42,high,horizon_specific_train_quantiles,10,0.2,position_rmse_m,ALL,0.051747009892540656,17,503
interval,Hold,42,high,horizon_specific_train_quantiles,10,0.2,position_rmse_m,Sep17,0.029816814838306407,8,272
interval,Hold,42,high,horizon_specific_train_quantiles,10,0.2,position_rmse_m,Sep7,0.07124051660741555,9,231
interval,Hold,42,high,horizon_specific_train_quantiles,10,0.2,velocity_rmse_m_s,ALL,0.21714931636040255,17,503
interval,Hold,42,high,horizon_specific_train_quantiles,10,0.2,velocity_rmse_m_s,Sep17,0.24163049576352613,8,272
interval,Hold,42,high,horizon_specific_train_quantiles,10,0.2,velocity_rmse_m_s,Sep7,0.19538826800207046,9,231
interval,Hold,42,high,horizon_specific_train_quantiles,25,0.5,attitude_error_deg,ALL,3.9499035737696158,17,454
interval,Hold,42,high,horizon_specific_train_quantiles,25,0.5,attitude_error_deg,Sep17,4.662480598288264,8,269
interval,Hold,42,high,horizon_specific_train_quantiles,25,0.5,attitude_error_deg,Sep7,3.316501774197485,9,185
interval,Hold,42,high,horizon_specific_train_quantiles,25,0.5,body_rate_rmse_rad_s,ALL,0.6471080017823425,17,454
interval,Hold,42,high,horizon_specific_train_quantiles,25,0.5,body_rate_rmse_rad_s,Sep17,0.6610073353499332,8,269
interval,Hold,42,high,horizon_specific_train_quantiles,25,0.5,body_rate_rmse_rad_s,Sep7,0.634753038611151,9,185
interval,Hold,42,high,horizon_specific_train_quantiles,25,0.5,position_rmse_m,ALL,0.13445286996867628,17,454
interval,Hold,42,high,horizon_specific_train_quantiles,25,0.5,position_rmse_m,Sep17,0.1000743050082321,8,269
interval,Hold,42,high,horizon_specific_train_quantiles,25,0.5,position_rmse_m,Sep7,0.16501159437796,9,185
interval,Hold,42,high,horizon_specific_train_quantiles,25,0.5,velocity_rmse_m_s,ALL,0.3879013542724663,17,454
interval,Hold,42,high,horizon_specific_train_quantiles,25,0.5,velocity_rmse_m_s,Sep17,0.44491026678958423,8,269
interval,Hold,42,high,horizon_specific_train_quantiles,25,0.5,velocity_rmse_m_s,Sep7,0.33722676536836144,9,185
interval,Hold,42,high,horizon_specific_train_quantiles,50,1.0,attitude_error_deg,ALL,6.6585325539631555,17,468
interval,Hold,42,high,horizon_specific_train_quantiles,50,1.0,attitude_error_deg,Sep17,7.388178312584149,8,273
interval,Hold,42,high,horizon_specific_train_quantiles,50,1.0,attitude_error_deg,Sep7,6.0099585463000516,9,195
interval,Hold,42,high,horizon_specific_train_quantiles,50,1.0,body_rate_rmse_rad_s,ALL,0.7309418551300094,17,468
interval,Hold,42,high,horizon_specific_train_quantiles,50,1.0,body_rate_rmse_rad_s,Sep17,0.7692214215339164,8,273
interval,Hold,42,high,horizon_specific_train_quantiles,50,1.0,body_rate_rmse_rad_s,Sep7,0.696915573882092,9,195
interval,Hold,42,high,horizon_specific_train_quantiles,50,1.0,position_rmse_m,ALL,0.3538048397106676,17,468
interval,Hold,42,high,horizon_specific_train_quantiles,50,1.0,position_rmse_m,Sep17,0.29746268664571435,8,273
interval,Hold,42,high,horizon_specific_train_quantiles,50,1.0,position_rmse_m,Sep7,0.40388675354618164,9,195
interval,Hold,42,high,horizon_specific_train_quantiles,50,1.0,velocity_rmse_m_s,ALL,0.6924129879979026,17,468
interval,Hold,42,high,horizon_specific_train_quantiles,50,1.0,velocity_rmse_m_s,Sep17,0.7691516963154421,8,273
interval,Hold,42,high,horizon_specific_train_quantiles,50,1.0,velocity_rmse_m_s,Sep7,0.6242008028267564,9,195
interval,Hold,42,low,horizon_specific_train_quantiles,5,0.1,attitude_error_deg,ALL,0.9452628249258299,17,684
interval,Hold,42,low,horizon_specific_train_quantiles,5,0.1,attitude_error_deg,Sep17,0.9183894720653565,8,228
interval,Hold,42,low,horizon_specific_train_quantiles,5,0.1,attitude_error_deg,Sep7,0.9691502496906952,9,456
interval,Hold,42,low,horizon_specific_train_quantiles,5,0.1,body_rate_rmse_rad_s,ALL,0.48285678402335463,17,684
interval,Hold,42,low,horizon_specific_train_quantiles,5,0.1,body_rate_rmse_rad_s,Sep17,0.44524031376505774,8,228
interval,Hold,42,low,horizon_specific_train_quantiles,5,0.1,body_rate_rmse_rad_s,Sep7,0.5162936464751742,9,456
interval,Hold,42,low,horizon_specific_train_quantiles,5,0.1,position_rmse_m,ALL,0.020477051295581663,17,684
interval,Hold,42,low,horizon_specific_train_quantiles,5,0.1,position_rmse_m,Sep17,0.011699818886591181,8,228
interval,Hold,42,low,horizon_specific_train_quantiles,5,0.1,position_rmse_m,Sep7,0.028279035659128753,9,456
interval,Hold,42,low,horizon_specific_train_quantiles,5,0.1,velocity_rmse_m_s,ALL,0.0880691432088166,17,684
interval,Hold,42,low,horizon_specific_train_quantiles,5,0.1,velocity_rmse_m_s,Sep17,0.0926795705212527,8,228
interval,Hold,42,low,horizon_specific_train_quantiles,5,0.1,velocity_rmse_m_s,Sep7,0.08397098559776228,9,456
interval,Hold,42,low,horizon_specific_train_quantiles,10,0.2,attitude_error_deg,ALL,1.3901708899066507,17,787
interval,Hold,42,low,horizon_specific_train_quantiles,10,0.2,attitude_error_deg,Sep17,1.3779275716583792,8,240
interval,Hold,42,low,horizon_specific_train_quantiles,10,0.2,attitude_error_deg,Sep7,1.4010538394606697,9,547
interval,Hold,42,low,horizon_specific_train_quantiles,10,0.2,body_rate_rmse_rad_s,ALL,0.5264791168576242,17,787
interval,Hold,42,low,horizon_specific_train_quantiles,10,0.2,body_rate_rmse_rad_s,Sep17,0.48483751669705877,8,240
interval,Hold,42,low,horizon_specific_train_quantiles,10,0.2,body_rate_rmse_rad_s,Sep7,0.5634938725559046,9,547
interval,Hold,42,low,horizon_specific_train_quantiles,10,0.2,position_rmse_m,ALL,0.0415736839475169,17,787
interval,Hold,42,low,horizon_specific_train_quantiles,10,0.2,position_rmse_m,Sep17,0.022055427522453066,8,240
interval,Hold,42,low,horizon_specific_train_quantiles,10,0.2,position_rmse_m,Sep7,0.058923245214240305,9,547
interval,Hold,42,low,horizon_specific_train_quantiles,10,0.2,velocity_rmse_m_s,ALL,0.12640972017260402,17,787
interval,Hold,42,low,horizon_specific_train_quantiles,10,0.2,velocity_rmse_m_s,Sep17,0.13676038875738208,8,240
interval,Hold,42,low,horizon_specific_train_quantiles,10,0.2,velocity_rmse_m_s,Sep7,0.11720912587502351,9,547
interval,Hold,42,low,horizon_specific_train_quantiles,25,0.5,attitude_error_deg,ALL,2.4663922550023405,17,888
interval,Hold,42,low,horizon_specific_train_quantiles,25,0.5,attitude_error_deg,Sep17,2.475163714716863,8,201
interval,Hold,42,low,horizon_specific_train_quantiles,25,0.5,attitude_error_deg,Sep7,2.4585954019227647,9,687
interval,Hold,42,low,horizon_specific_train_quantiles,25,0.5,body_rate_rmse_rad_s,ALL,0.5481392777268207,17,888
interval,Hold,42,low,horizon_specific_train_quantiles,25,0.5,body_rate_rmse_rad_s,Sep17,0.5158850399628055,8,201
interval,Hold,42,low,horizon_specific_train_quantiles,25,0.5,body_rate_rmse_rad_s,Sep7,0.576809711294834,9,687
interval,Hold,42,low,horizon_specific_train_quantiles,25,0.5,position_rmse_m,ALL,0.10586350480822804,17,888
interval,Hold,42,low,horizon_specific_train_quantiles,25,0.5,position_rmse_m,Sep17,0.06597687589481026,8,201
interval,Hold,42,low,horizon_specific_train_quantiles,25,0.5,position_rmse_m,Sep7,0.1413182860645994,9,687
interval,Hold,42,low,horizon_specific_train_quantiles,25,0.5,velocity_rmse_m_s,ALL,0.20944836010332224,17,888
interval,Hold,42,low,horizon_specific_train_quantiles,25,0.5,velocity_rmse_m_s,Sep17,0.2262144312698246,8,201
interval,Hold,42,low,horizon_specific_train_quantiles,25,0.5,velocity_rmse_m_s,Sep7,0.19454518573309793,9,687
interval,Hold,42,low,horizon_specific_train_quantiles,50,1.0,attitude_error_deg,ALL,4.331697746996423,17,926
interval,Hold,42,low,horizon_specific_train_quantiles,50,1.0,attitude_error_deg,Sep17,4.484561718276353,8,208
interval,Hold,42,low,horizon_specific_train_quantiles,50,1.0,attitude_error_deg,Sep7,4.195818661414263,9,718
interval,Hold,42,low,horizon_specific_train_quantiles,50,1.0,body_rate_rmse_rad_s,ALL,0.5889640677330237,17,926
interval,Hold,42,low,horizon_specific_train_quantiles,50,1.0,body_rate_rmse_rad_s,Sep17,0.5771854919906718,8,208
interval,Hold,42,low,horizon_specific_train_quantiles,50,1.0,body_rate_rmse_rad_s,Sep7,0.5994339128373365,9,718
interval,Hold,42,low,horizon_specific_train_quantiles,50,1.0,position_rmse_m,ALL,0.2534239902091948,17,926
interval,Hold,42,low,horizon_specific_train_quantiles,50,1.0,position_rmse_m,Sep17,0.18022457181020937,8,208
interval,Hold,42,low,horizon_specific_train_quantiles,50,1.0,position_rmse_m,Sep7,0.31849013989718183,9,718
interval,Hold,42,low,horizon_specific_train_quantiles,50,1.0,velocity_rmse_m_s,ALL,0.38509865774941043,17,926
interval,Hold,42,low,horizon_specific_train_quantiles,50,1.0,velocity_rmse_m_s,Sep17,0.4092640071477176,8,208
interval,Hold,42,low,horizon_specific_train_quantiles,50,1.0,velocity_rmse_m_s,Sep7,0.3636183471731374,9,718
interval,Hold,42,middle,horizon_specific_train_quantiles,5,0.1,attitude_error_deg,ALL,1.0337504765774215,17,1290
interval,Hold,42,middle,horizon_specific_train_quantiles,5,0.1,attitude_error_deg,Sep17,1.0357007426696154,8,579
interval,Hold,42,middle,horizon_specific_train_quantiles,5,0.1,attitude_error_deg,Sep7,1.0320169067176934,9,711
interval,Hold,42,middle,horizon_specific_train_quantiles,5,0.1,body_rate_rmse_rad_s,ALL,0.5414821547345126,17,1290
interval,Hold,42,middle,horizon_specific_train_quantiles,5,0.1,body_rate_rmse_rad_s,Sep17,0.5106495598262487,8,579
interval,Hold,42,middle,horizon_specific_train_quantiles,5,0.1,body_rate_rmse_rad_s,Sep7,0.5688889057640805,9,711
interval,Hold,42,middle,horizon_specific_train_quantiles,5,0.1,position_rmse_m,ALL,0.0236941207432371,17,1290
interval,Hold,42,middle,horizon_specific_train_quantiles,5,0.1,position_rmse_m,Sep17,0.012340577943283675,8,579
interval,Hold,42,middle,horizon_specific_train_quantiles,5,0.1,position_rmse_m,Sep7,0.033786158787640144,9,711
interval,Hold,42,middle,horizon_specific_train_quantiles,5,0.1,velocity_rmse_m_s,ALL,0.09074532272116292,17,1290
interval,Hold,42,middle,horizon_specific_train_quantiles,5,0.1,velocity_rmse_m_s,Sep17,0.0951386567154893,8,579
interval,Hold,42,middle,horizon_specific_train_quantiles,5,0.1,velocity_rmse_m_s,Sep7,0.08684013694842838,9,711
interval,Hold,42,middle,horizon_specific_train_quantiles,10,0.2,attitude_error_deg,ALL,1.5610170831165284,17,1292
interval,Hold,42,middle,horizon_specific_train_quantiles,10,0.2,attitude_error_deg,Sep17,1.6016519938784248,8,589
interval,Hold,42,middle,horizon_specific_train_quantiles,10,0.2,attitude_error_deg,Sep7,1.524897162439287,9,703
interval,Hold,42,middle,horizon_specific_train_quantiles,10,0.2,body_rate_rmse_rad_s,ALL,0.543960084878278,17,1292
interval,Hold,42,middle,horizon_specific_train_quantiles,10,0.2,body_rate_rmse_rad_s,Sep17,0.5101835836553574,8,589
interval,Hold,42,middle,horizon_specific_train_quantiles,10,0.2,body_rate_rmse_rad_s,Sep7,0.5739836415208742,9,703
interval,Hold,42,middle,horizon_specific_train_quantiles,10,0.2,position_rmse_m,ALL,0.039872337198956546,17,1292
interval,Hold,42,middle,horizon_specific_train_quantiles,10,0.2,position_rmse_m,Sep17,0.021794274311922365,8,589
interval,Hold,42,middle,horizon_specific_train_quantiles,10,0.2,position_rmse_m,Sep7,0.05594172643187582,9,703
interval,Hold,42,middle,horizon_specific_train_quantiles,10,0.2,velocity_rmse_m_s,ALL,0.13218492135716023,17,1292
interval,Hold,42,middle,horizon_specific_train_quantiles,10,0.2,velocity_rmse_m_s,Sep17,0.14303204210513137,8,589
interval,Hold,42,middle,horizon_specific_train_quantiles,10,0.2,velocity_rmse_m_s,Sep7,0.12254303624785257,9,703
interval,Hold,42,middle,horizon_specific_train_quantiles,25,0.5,attitude_error_deg,ALL,2.9579006727247723,17,1240
interval,Hold,42,middle,horizon_specific_train_quantiles,25,0.5,attitude_error_deg,Sep17,3.139691997798846,8,631
interval,Hold,42,middle,horizon_specific_train_quantiles,25,0.5,attitude_error_deg,Sep7,2.7963083837700404,9,609
interval,Hold,42,middle,horizon_specific_train_quantiles,25,0.5,body_rate_rmse_rad_s,ALL,0.5749435665308364,17,1240
interval,Hold,42,middle,horizon_specific_train_quantiles,25,0.5,body_rate_rmse_rad_s,Sep17,0.5446045379487774,8,631
interval,Hold,42,middle,horizon_specific_train_quantiles,25,0.5,body_rate_rmse_rad_s,Sep7,0.6019115919371111,9,609
interval,Hold,42,middle,horizon_specific_train_quantiles,25,0.5,position_rmse_m,ALL,0.10786801296861835,17,1240
interval,Hold,42,middle,horizon_specific_train_quantiles,25,0.5,position_rmse_m,Sep17,0.0646921287502002,8,631
interval,Hold,42,middle,horizon_specific_train_quantiles,25,0.5,position_rmse_m,Sep7,0.14624657671832336,9,609
interval,Hold,42,middle,horizon_specific_train_quantiles,25,0.5,velocity_rmse_m_s,ALL,0.24385265854145222,17,1240
interval,Hold,42,middle,horizon_specific_train_quantiles,25,0.5,velocity_rmse_m_s,Sep17,0.2606418604588064,8,631
interval,Hold,42,middle,horizon_specific_train_quantiles,25,0.5,velocity_rmse_m_s,Sep7,0.22892892350380403,9,609
interval,Hold,42,middle,horizon_specific_train_quantiles,50,1.0,attitude_error_deg,ALL,4.950031479704869,17,1188
interval,Hold,42,middle,horizon_specific_train_quantiles,50,1.0,attitude_error_deg,Sep17,5.270453486172207,8,620
interval,Hold,42,middle,horizon_specific_train_quantiles,50,1.0,attitude_error_deg,Sep7,4.665211918400568,9,568
interval,Hold,42,middle,horizon_specific_train_quantiles,50,1.0,body_rate_rmse_rad_s,ALL,0.6526652508069911,17,1188
interval,Hold,42,middle,horizon_specific_train_quantiles,50,1.0,body_rate_rmse_rad_s,Sep17,0.6579386804920594,8,620
interval,Hold,42,middle,horizon_specific_train_quantiles,50,1.0,body_rate_rmse_rad_s,Sep7,0.6479777577535972,9,568
interval,Hold,42,middle,horizon_specific_train_quantiles,50,1.0,position_rmse_m,ALL,0.24490431401941926,17,1188
interval,Hold,42,middle,horizon_specific_train_quantiles,50,1.0,position_rmse_m,Sep17,0.19009558939528015,8,620
interval,Hold,42,middle,horizon_specific_train_quantiles,50,1.0,position_rmse_m,Sep7,0.29362318035198737,9,568
interval,Hold,42,middle,horizon_specific_train_quantiles,50,1.0,velocity_rmse_m_s,ALL,0.46043272866330825,17,1188
interval,Hold,42,middle,horizon_specific_train_quantiles,50,1.0,velocity_rmse_m_s,Sep17,0.5006191906518789,8,620
interval,Hold,42,middle,horizon_specific_train_quantiles,50,1.0,velocity_rmse_m_s,Sep7,0.4247114291179122,9,568
