partition,steps,variant,log_id,axis,rmse,n
train_oof,1,history,2026.9.6/log_17_2026-9-6-18-34-06.ulg,vx,0.06037733754259441,895
train_oof,1,history,2026.9.6/log_17_2026-9-6-18-34-06.ulg,vy,0.06605266854072825,895
train_oof,1,history,2026.9.6/log_17_2026-9-6-18-34-06.ulg,vz,0.07378742003194859,895
train_oof,1,history,2026.9.6/log_17_2026-9-6-18-34-06.ulg,p,0.46316194400767063,895
train_oof,1,history,2026.9.6/log_17_2026-9-6-18-34-06.ulg,q,0.22553129072659994,895
train_oof,1,history,2026.9.6/log_17_2026-9-6-18-34-06.ulg,r,0.08174279849116838,895
train_oof,1,history,2026.9.6/log_18_2026-9-6-18-46-20.ulg,vx,0.062235558351611146,695
train_oof,1,history,2026.9.6/log_18_2026-9-6-18-46-20.ulg,vy,0.07081484857583858,695
train_oof,1,history,2026.9.6/log_18_2026-9-6-18-46-20.ulg,vz,0.07813910113734297,695
train_oof,1,history,2026.9.6/log_18_2026-9-6-18-46-20.ulg,p,0.5036979566530168,695
train_oof,1,history,2026.9.6/log_18_2026-9-6-18-46-20.ulg,q,0.23997955831575482,695
train_oof,1,history,2026.9.6/log_18_2026-9-6-18-46-20.ulg,r,0.09401084069850746,695
train_oof,1,history,2026.9.6/log_19_2026-9-6-18-52-30.ulg,vx,0.05377221967981176,774
train_oof,1,history,2026.9.6/log_19_2026-9-6-18-52-30.ulg,vy,0.05860533374671012,774
train_oof,1,history,2026.9.6/log_19_2026-9-6-18-52-30.ulg,vz,0.06615003352322506,774
train_oof,1,history,2026.9.6/log_19_2026-9-6-18-52-30.ulg,p,0.5447085227673565,774
train_oof,1,history,2026.9.6/log_19_2026-9-6-18-52-30.ulg,q,0.2290730490235726,774
train_oof,1,history,2026.9.6/log_19_2026-9-6-18-52-30.ulg,r,0.07984227996454264,774
train_oof,1,history,2026.9.6/log_20_2026-9-6-18-58-10.ulg,vx,0.06689117104105405,588
train_oof,1,history,2026.9.6/log_20_2026-9-6-18-58-10.ulg,vy,0.06184102774949093,588
train_oof,1,history,2026.9.6/log_20_2026-9-6-18-58-10.ulg,vz,0.07329737237625582,588
train_oof,1,history,2026.9.6/log_20_2026-9-6-18-58-10.ulg,p,0.5701803938118081,588
train_oof,1,history,2026.9.6/log_20_2026-9-6-18-58-10.ulg,q,0.2370347178623258,588
train_oof,1,history,2026.9.6/log_20_2026-9-6-18-58-10.ulg,r,0.08898198153388394,588
train_oof,1,history,2026.9.6/log_24_2026-9-6-06-28-38.ulg,vx,0.06205945477930195,702
train_oof,1,history,2026.9.6/log_24_2026-9-6-06-28-38.ulg,vy,0.06832991905756212,702
train_oof,1,history,2026.9.6/log_24_2026-9-6-06-28-38.ulg,vz,0.07456097242986329,702
train_oof,1,history,2026.9.6/log_24_2026-9-6-06-28-38.ulg,p,0.33667292644674446,702
train_oof,1,history,2026.9.6/log_24_2026-9-6-06-28-38.ulg,q,0.25018093617942416,702
train_oof,1,history,2026.9.6/log_24_2026-9-6-06-28-38.ulg,r,0.07024825214936174,702
train_oof,1,history,2026.9.6/log_28_2026-9-6-07-01-38.ulg,vx,0.06638191461762634,727
train_oof,1,history,2026.9.6/log_28_2026-9-6-07-01-38.ulg,vy,0.07459244174373095,727
train_oof,1,history,2026.9.6/log_28_2026-9-6-07-01-38.ulg,vz,0.08217435738580137,727
train_oof,1,history,2026.9.6/log_28_2026-9-6-07-01-38.ulg,p,0.37734364706256424,727
train_oof,1,history,2026.9.6/log_28_2026-9-6-07-01-38.ulg,q,0.25136286159578236,727
train_oof,1,history,2026.9.6/log_28_2026-9-6-07-01-38.ulg,r,0.08059627651053651,727
train_oof,1,history,9.11数据/log_13_2026-9-11-18-28-08.ulg,vx,0.05605290944271198,447
train_oof,1,history,9.11数据/log_13_2026-9-11-18-28-08.ulg,vy,0.05640129810611146,447
train_oof,1,history,9.11数据/log_13_2026-9-11-18-28-08.ulg,vz,0.07485630807412005,447
train_oof,1,history,9.11数据/log_13_2026-9-11-18-28-08.ulg,p,0.3910902379934874,447
train_oof,1,history,9.11数据/log_13_2026-9-11-18-28-08.ulg,q,0.20466421028363949,447
train_oof,1,history,9.11数据/log_13_2026-9-11-18-28-08.ulg,r,0.06661459535261192,447
train_oof,1,history,9.11数据/log_14_2026-9-11-18-34-58.ulg,vx,0.05646563967584339,592
train_oof,1,history,9.11数据/log_14_2026-9-11-18-34-58.ulg,vy,0.04535963077586813,592
train_oof,1,history,9.11数据/log_14_2026-9-11-18-34-58.ulg,vz,0.07082859970373812,592
train_oof,1,history,9.11数据/log_14_2026-9-11-18-34-58.ulg,p,0.3579961836179877,592
train_oof,1,history,9.11数据/log_14_2026-9-11-18-34-58.ulg,q,0.19460323054885506,592
train_oof,1,history,9.11数据/log_14_2026-9-11-18-34-58.ulg,r,0.0590670781162612,592
train_oof,1,history,9.11数据/log_15_2026-9-11-18-40-48.ulg,vx,0.07022617705409778,440
train_oof,1,history,9.11数据/log_15_2026-9-11-18-40-48.ulg,vy,0.06148699954519708,440
train_oof,1,history,9.11数据/log_15_2026-9-11-18-40-48.ulg,vz,0.06971979916985907,440
train_oof,1,history,9.11数据/log_15_2026-9-11-18-40-48.ulg,p,0.3964478531645535,440
train_oof,1,history,9.11数据/log_15_2026-9-11-18-40-48.ulg,q,0.2315283803712773,440
train_oof,1,history,9.11数据/log_15_2026-9-11-18-40-48.ulg,r,0.07708281919266656,440
train_oof,1,history,9.12数据/log_10_2026-9-12-06-13-40.ulg,vx,0.06123311216787142,758
train_oof,1,history,9.12数据/log_10_2026-9-12-06-13-40.ulg,vy,0.059643952363837925,758
train_oof,1,history,9.12数据/log_10_2026-9-12-06-13-40.ulg,vz,0.06728550252160444,758
train_oof,1,history,9.12数据/log_10_2026-9-12-06-13-40.ulg,p,0.5083359499900981,758
train_oof,1,history,9.12数据/log_10_2026-9-12-06-13-40.ulg,q,0.21949369776236313,758
train_oof,1,history,9.12数据/log_10_2026-9-12-06-13-40.ulg,r,0.07300707902923739,758
train_oof,1,history,9.12数据/log_11_2026-9-12-06-21-12.ulg,vx,0.06454957779109029,720
train_oof,1,history,9.12数据/log_11_2026-9-12-06-21-12.ulg,vy,0.05933353378860637,720
train_oof,1,history,9.12数据/log_11_2026-9-12-06-21-12.ulg,vz,0.0749600888180748,720
train_oof,1,history,9.12数据/log_11_2026-9-12-06-21-12.ulg,p,0.5309438888881581,720
train_oof,1,history,9.12数据/log_11_2026-9-12-06-21-12.ulg,q,0.20869556414322019,720
train_oof,1,history,9.12数据/log_11_2026-9-12-06-21-12.ulg,r,0.0789400263473135,720
train_oof,1,history,9.12数据/log_12_2026-9-12-06-29-44.ulg,vx,0.06245411811786623,683
train_oof,1,history,9.12数据/log_12_2026-9-12-06-29-44.ulg,vy,0.0635987656956515,683
train_oof,1,history,9.12数据/log_12_2026-9-12-06-29-44.ulg,vz,0.07793412295052957,683
train_oof,1,history,9.12数据/log_12_2026-9-12-06-29-44.ulg,p,0.488734741320401,683
train_oof,1,history,9.12数据/log_12_2026-9-12-06-29-44.ulg,q,0.21729878889615775,683
train_oof,1,history,9.12数据/log_12_2026-9-12-06-29-44.ulg,r,0.08359185675976853,683
train_oof,1,history,9.12数据/log_2_2026-9-12-18-32-54.ulg,vx,0.0594759307973862,753
train_oof,1,history,9.12数据/log_2_2026-9-12-18-32-54.ulg,vy,0.05398611707125123,753
train_oof,1,history,9.12数据/log_2_2026-9-12-18-32-54.ulg,vz,0.06972371457297191,753
train_oof,1,history,9.12数据/log_2_2026-9-12-18-32-54.ulg,p,0.41739018363532815,753
train_oof,1,history,9.12数据/log_2_2026-9-12-18-32-54.ulg,q,0.20256362924810242,753
train_oof,1,history,9.12数据/log_2_2026-9-12-18-32-54.ulg,r,0.06859761308457733,753
train_oof,1,history,9.12数据/log_3_2026-9-12-18-40-02.ulg,vx,0.06065612744640215,792
train_oof,1,history,9.12数据/log_3_2026-9-12-18-40-02.ulg,vy,0.050593925723000865,792
train_oof,1,history,9.12数据/log_3_2026-9-12-18-40-02.ulg,vz,0.06691193256779969,792
train_oof,1,history,9.12数据/log_3_2026-9-12-18-40-02.ulg,p,0.43129563464746873,792
train_oof,1,history,9.12数据/log_3_2026-9-12-18-40-02.ulg,q,0.1999885534702522,792
train_oof,1,history,9.12数据/log_3_2026-9-12-18-40-02.ulg,r,0.0653688333895254,792
train_oof,1,history,9.12数据/log_7_2026-9-12-05-49-02.ulg,vx,0.05928425178527219,655
train_oof,1,history,9.12数据/log_7_2026-9-12-05-49-02.ulg,vy,0.06463234928973798,655
train_oof,1,history,9.12数据/log_7_2026-9-12-05-49-02.ulg,vz,0.07222681529862182,655
train_oof,1,history,9.12数据/log_7_2026-9-12-05-49-02.ulg,p,0.38209939925951886,655
train_oof,1,history,9.12数据/log_7_2026-9-12-05-49-02.ulg,q,0.20999531785752018,655
train_oof,1,history,9.12数据/log_7_2026-9-12-05-49-02.ulg,r,0.08005655401260163,655
train_oof,1,history,9.12数据/log_8_2026-9-12-05-55-30.ulg,vx,0.06013495816100404,815
train_oof,1,history,9.12数据/log_8_2026-9-12-05-55-30.ulg,vy,0.058693885179701914,815
train_oof,1,history,9.12数据/log_8_2026-9-12-05-55-30.ulg,vz,0.0711712655716057,815
train_oof,1,history,9.12数据/log_8_2026-9-12-05-55-30.ulg,p,0.4986449222227308,815
train_oof,1,history,9.12数据/log_8_2026-9-12-05-55-30.ulg,q,0.19999139179090555,815
train_oof,1,history,9.12数据/log_8_2026-9-12-05-55-30.ulg,r,0.08195431321721403,815
train_oof,1,history,9.12数据/log_9_2026-9-12-06-03-32.ulg,vx,0.06252768453425911,1017
train_oof,1,history,9.12数据/log_9_2026-9-12-06-03-32.ulg,vy,0.058067691733071004,1017
train_oof,1,history,9.12数据/log_9_2026-9-12-06-03-32.ulg,vz,0.07415107723504771,1017
train_oof,1,history,9.12数据/log_9_2026-9-12-06-03-32.ulg,p,0.5010104421590977,1017
train_oof,1,history,9.12数据/log_9_2026-9-12-06-03-32.ulg,q,0.21237421946509097,1017
train_oof,1,history,9.12数据/log_9_2026-9-12-06-03-32.ulg,r,0.07964328838039096,1017
train_oof,1,history,9.13数据/log_1_2026-9-13-06-11-06.ulg,vx,0.05882803858564366,712
train_oof,1,history,9.13数据/log_1_2026-9-13-06-11-06.ulg,vy,0.051018166579533474,712
train_oof,1,history,9.13数据/log_1_2026-9-13-06-11-06.ulg,vz,0.06937667488352227,712
train_oof,1,history,9.13数据/log_1_2026-9-13-06-11-06.ulg,p,0.34994815630038206,712
train_oof,1,history,9.13数据/log_1_2026-9-13-06-11-06.ulg,q,0.21020086900908325,712
train_oof,1,history,9.13数据/log_1_2026-9-13-06-11-06.ulg,r,0.053381649047822416,712
train_oof,1,history,9.13数据/log_2_2026-9-13-06-20-06.ulg,vx,0.06158652305982272,710
train_oof,1,history,9.13数据/log_2_2026-9-13-06-20-06.ulg,vy,0.048969868282149304,710
train_oof,1,history,9.13数据/log_2_2026-9-13-06-20-06.ulg,vz,0.06724029707235307,710
train_oof,1,history,9.13数据/log_2_2026-9-13-06-20-06.ulg,p,0.4022189191776124,710
train_oof,1,history,9.13数据/log_2_2026-9-13-06-20-06.ulg,q,0.2103665311752692,710
train_oof,1,history,9.13数据/log_2_2026-9-13-06-20-06.ulg,r,0.05466122209049344,710
train_oof,1,history,9.13数据/log_3_2026-9-13-06-31-26.ulg,vx,0.06269979906615515,710
train_oof,1,history,9.13数据/log_3_2026-9-13-06-31-26.ulg,vy,0.05497456058420365,710
train_oof,1,history,9.13数据/log_3_2026-9-13-06-31-26.ulg,vz,0.06933064307037941,710
train_oof,1,history,9.13数据/log_3_2026-9-13-06-31-26.ulg,p,0.45207269764609087,710
train_oof,1,history,9.13数据/log_3_2026-9-13-06-31-26.ulg,q,0.21281744759522986,710
train_oof,1,history,9.13数据/log_3_2026-9-13-06-31-26.ulg,r,0.060588130535841174,710
train_oof,1,history,9.13数据/log_4_2026-9-13-06-36-26.ulg,vx,0.05746254181185705,696
train_oof,1,history,9.13数据/log_4_2026-9-13-06-36-26.ulg,vy,0.056281081661111516,696
train_oof,1,history,9.13数据/log_4_2026-9-13-06-36-26.ulg,vz,0.06478119329886867,696
train_oof,1,history,9.13数据/log_4_2026-9-13-06-36-26.ulg,p,0.3782173958634805,696
train_oof,1,history,9.13数据/log_4_2026-9-13-06-36-26.ulg,q,0.2022464488078245,696
train_oof,1,history,9.13数据/log_4_2026-9-13-06-36-26.ulg,r,0.054026106863990536,696
train_oof,1,history,9.13数据/log_5_2026-9-13-06-42-40.ulg,vx,0.05980188330388355,730
train_oof,1,history,9.13数据/log_5_2026-9-13-06-42-40.ulg,vy,0.054397593359296635,730
train_oof,1,history,9.13数据/log_5_2026-9-13-06-42-40.ulg,vz,0.06959526457880612,730
train_oof,1,history,9.13数据/log_5_2026-9-13-06-42-40.ulg,p,0.45497085893151296,730
train_oof,1,history,9.13数据/log_5_2026-9-13-06-42-40.ulg,q,0.20032505211726817,730
train_oof,1,history,9.13数据/log_5_2026-9-13-06-42-40.ulg,r,0.06573726005049942,730
train_oof,1,history,9.13数据/log_7_2026-9-13-18-12-52.ulg,vx,0.06172667017000655,450
train_oof,1,history,9.13数据/log_7_2026-9-13-18-12-52.ulg,vy,0.06286328858429818,450
train_oof,1,history,9.13数据/log_7_2026-9-13-18-12-52.ulg,vz,0.07441469327388313,450
train_oof,1,history,9.13数据/log_7_2026-9-13-18-12-52.ulg,p,0.5519218469176502,450
train_oof,1,history,9.13数据/log_7_2026-9-13-18-12-52.ulg,q,0.22097537268525078,450
train_oof,1,history,9.13数据/log_7_2026-9-13-18-12-52.ulg,r,0.08902502164723201,450
train_oof,1,history,9.14数据/log_11_2026-9-14-18-13-22.ulg,vx,0.0659461368715657,756
train_oof,1,history,9.14数据/log_11_2026-9-14-18-13-22.ulg,vy,0.05839886132789247,756
train_oof,1,history,9.14数据/log_11_2026-9-14-18-13-22.ulg,vz,0.07467539831518001,756
train_oof,1,history,9.14数据/log_11_2026-9-14-18-13-22.ulg,p,0.562851531683457,756
train_oof,1,history,9.14数据/log_11_2026-9-14-18-13-22.ulg,q,0.23290683341059146,756
train_oof,1,history,9.14数据/log_11_2026-9-14-18-13-22.ulg,r,0.07333186148921075,756
train_oof,1,history,9.14数据/log_12_2026-9-14-18-20-30.ulg,vx,0.06537645929429947,768
train_oof,1,history,9.14数据/log_12_2026-9-14-18-20-30.ulg,vy,0.053449467942831036,768
train_oof,1,history,9.14数据/log_12_2026-9-14-18-20-30.ulg,vz,0.07748407282616052,768
train_oof,1,history,9.14数据/log_12_2026-9-14-18-20-30.ulg,p,0.574183500711371,768
train_oof,1,history,9.14数据/log_12_2026-9-14-18-20-30.ulg,q,0.24407902178289492,768
train_oof,1,history,9.14数据/log_12_2026-9-14-18-20-30.ulg,r,0.0821818291113167,768
train_oof,1,history,9.14数据/log_13_2026-9-14-18-28-32.ulg,vx,0.07061221331765326,883
train_oof,1,history,9.14数据/log_13_2026-9-14-18-28-32.ulg,vy,0.06440996627344336,883
train_oof,1,history,9.14数据/log_13_2026-9-14-18-28-32.ulg,vz,0.07820416582645631,883
train_oof,1,history,9.14数据/log_13_2026-9-14-18-28-32.ulg,p,0.5767870612508709,883
train_oof,1,history,9.14数据/log_13_2026-9-14-18-28-32.ulg,q,0.24013323815008328,883
train_oof,1,history,9.14数据/log_13_2026-9-14-18-28-32.ulg,r,0.09389039981626264,883
train_oof,1,history,9.14数据/log_14_2026-9-14-18-34-22.ulg,vx,0.06222029230250703,600
train_oof,1,history,9.14数据/log_14_2026-9-14-18-34-22.ulg,vy,0.05329851553241013,600
train_oof,1,history,9.14数据/log_14_2026-9-14-18-34-22.ulg,vz,0.08338662636089346,600
train_oof,1,history,9.14数据/log_14_2026-9-14-18-34-22.ulg,p,1.024688566612433,600
train_oof,1,history,9.14数据/log_14_2026-9-14-18-34-22.ulg,q,0.24669330092928873,600
train_oof,1,history,9.14数据/log_14_2026-9-14-18-34-22.ulg,r,0.09126735650741344,600
train_oof,1,history,9.15数据/log_10_2026-9-15-17-44-04.ulg,vx,0.06592157971091012,594
train_oof,1,history,9.15数据/log_10_2026-9-15-17-44-04.ulg,vy,0.05749487723986267,594
train_oof,1,history,9.15数据/log_10_2026-9-15-17-44-04.ulg,vz,0.07930852669382686,594
train_oof,1,history,9.15数据/log_10_2026-9-15-17-44-04.ulg,p,0.30462138588018445,594
train_oof,1,history,9.15数据/log_10_2026-9-15-17-44-04.ulg,q,0.3049247770932776,594
train_oof,1,history,9.15数据/log_10_2026-9-15-17-44-04.ulg,r,0.0647348735904891,594
train_oof,1,history,9.15数据/log_11_2026-9-15-17-51-56.ulg,vx,0.062426736513927446,538
train_oof,1,history,9.15数据/log_11_2026-9-15-17-51-56.ulg,vy,0.05629272152465802,538
train_oof,1,history,9.15数据/log_11_2026-9-15-17-51-56.ulg,vz,0.07624148400456608,538
train_oof,1,history,9.15数据/log_11_2026-9-15-17-51-56.ulg,p,0.3270792035018499,538
train_oof,1,history,9.15数据/log_11_2026-9-15-17-51-56.ulg,q,0.2519243852313195,538
train_oof,1,history,9.15数据/log_11_2026-9-15-17-51-56.ulg,r,0.0823362009426612,538
train_oof,1,history,9.15数据/log_12_2026-9-15-18-03-58.ulg,vx,0.05539089983168094,704
train_oof,1,history,9.15数据/log_12_2026-9-15-18-03-58.ulg,vy,0.05050340085719351,704
train_oof,1,history,9.15数据/log_12_2026-9-15-18-03-58.ulg,vz,0.06997784264299221,704
train_oof,1,history,9.15数据/log_12_2026-9-15-18-03-58.ulg,p,0.28799909683929165,704
train_oof,1,history,9.15数据/log_12_2026-9-15-18-03-58.ulg,q,0.23565452657036054,704
train_oof,1,history,9.15数据/log_12_2026-9-15-18-03-58.ulg,r,0.06742130732318895,704
train_oof,1,history,9.15数据/log_13_2026-9-15-18-10-58.ulg,vx,0.06272148161828969,690
train_oof,1,history,9.15数据/log_13_2026-9-15-18-10-58.ulg,vy,0.05155322576118034,690
train_oof,1,history,9.15数据/log_13_2026-9-15-18-10-58.ulg,vz,0.06533023332999231,690
train_oof,1,history,9.15数据/log_13_2026-9-15-18-10-58.ulg,p,0.2540106696861594,690
train_oof,1,history,9.15数据/log_13_2026-9-15-18-10-58.ulg,q,0.21599313381129104,690
train_oof,1,history,9.15数据/log_13_2026-9-15-18-10-58.ulg,r,0.06026404483687363,690
train_oof,1,history,9.15数据/log_14_2026-9-15-18-17-26.ulg,vx,0.06115279197170276,685
train_oof,1,history,9.15数据/log_14_2026-9-15-18-17-26.ulg,vy,0.051868781154461724,685
train_oof,1,history,9.15数据/log_14_2026-9-15-18-17-26.ulg,vz,0.06826943395587477,685
train_oof,1,history,9.15数据/log_14_2026-9-15-18-17-26.ulg,p,0.29542003998162947,685
train_oof,1,history,9.15数据/log_14_2026-9-15-18-17-26.ulg,q,0.21950280236043831,685
train_oof,1,history,9.15数据/log_14_2026-9-15-18-17-26.ulg,r,0.06658781567985256,685
train_oof,1,history,9.15数据/log_15_2026-9-15-18-23-44.ulg,vx,0.06415216291310778,702
train_oof,1,history,9.15数据/log_15_2026-9-15-18-23-44.ulg,vy,0.05844099977729772,702
train_oof,1,history,9.15数据/log_15_2026-9-15-18-23-44.ulg,vz,0.06666607769184225,702
train_oof,1,history,9.15数据/log_15_2026-9-15-18-23-44.ulg,p,0.29287343638412083,702
train_oof,1,history,9.15数据/log_15_2026-9-15-18-23-44.ulg,q,0.21976348707249962,702
train_oof,1,history,9.15数据/log_15_2026-9-15-18-23-44.ulg,r,0.06840082911470882,702
train_oof,1,history,9.16数据/log_1_2026-9-16-18-02-34.ulg,vx,0.056651971312014666,576
train_oof,1,history,9.16数据/log_1_2026-9-16-18-02-34.ulg,vy,0.056574880855169,576
train_oof,1,history,9.16数据/log_1_2026-9-16-18-02-34.ulg,vz,0.06856003784716833,576
train_oof,1,history,9.16数据/log_1_2026-9-16-18-02-34.ulg,p,0.29814837295699204,576
train_oof,1,history,9.16数据/log_1_2026-9-16-18-02-34.ulg,q,0.2518223869735151,576
train_oof,1,history,9.16数据/log_1_2026-9-16-18-02-34.ulg,r,0.06657422098992885,576
train_oof,1,history,9.16数据/log_2_2026-9-16-18-08-46.ulg,vx,0.0647257641362776,691
train_oof,1,history,9.16数据/log_2_2026-9-16-18-08-46.ulg,vy,0.05406799424819334,691
train_oof,1,history,9.16数据/log_2_2026-9-16-18-08-46.ulg,vz,0.06874202422362163,691
train_oof,1,history,9.16数据/log_2_2026-9-16-18-08-46.ulg,p,0.2892543576355261,691
train_oof,1,history,9.16数据/log_2_2026-9-16-18-08-46.ulg,q,0.2318054599225634,691
train_oof,1,history,9.16数据/log_2_2026-9-16-18-08-46.ulg,r,0.06465630266307444,691
train_oof,1,history,9.16数据/log_3_2026-9-16-18-13-58.ulg,vx,0.058819165640198706,521
train_oof,1,history,9.16数据/log_3_2026-9-16-18-13-58.ulg,vy,0.05131538393697101,521
train_oof,1,history,9.16数据/log_3_2026-9-16-18-13-58.ulg,vz,0.07030357480790315,521
train_oof,1,history,9.16数据/log_3_2026-9-16-18-13-58.ulg,p,0.2747409155214002,521
train_oof,1,history,9.16数据/log_3_2026-9-16-18-13-58.ulg,q,0.22056489524368733,521
train_oof,1,history,9.16数据/log_3_2026-9-16-18-13-58.ulg,r,0.06056420703768107,521
train_oof,1,history,9.16数据/log_4_2026-9-16-18-20-50.ulg,vx,0.06006761869807718,689
train_oof,1,history,9.16数据/log_4_2026-9-16-18-20-50.ulg,vy,0.05605950994892522,689
train_oof,1,history,9.16数据/log_4_2026-9-16-18-20-50.ulg,vz,0.06797411475936685,689
train_oof,1,history,9.16数据/log_4_2026-9-16-18-20-50.ulg,p,0.2705153480782971,689
train_oof,1,history,9.16数据/log_4_2026-9-16-18-20-50.ulg,q,0.23899486634568692,689
train_oof,1,history,9.16数据/log_4_2026-9-16-18-20-50.ulg,r,0.0636540598521204,689
train_oof,1,history,9.16数据/log_5_2026-9-16-18-26-48.ulg,vx,0.06184768868636926,658
train_oof,1,history,9.16数据/log_5_2026-9-16-18-26-48.ulg,vy,0.05648333133201103,658
train_oof,1,history,9.16数据/log_5_2026-9-16-18-26-48.ulg,vz,0.06695673356260755,658
train_oof,1,history,9.16数据/log_5_2026-9-16-18-26-48.ulg,p,0.3985958102871525,658
train_oof,1,history,9.16数据/log_5_2026-9-16-18-26-48.ulg,q,0.2297643376848251,658
train_oof,1,history,9.16数据/log_5_2026-9-16-18-26-48.ulg,r,0.0663502193494292,658
train_oof,1,history,9.18数据/log_0_2026-9-18-18-15-06.ulg,vx,0.058820268580227625,742
train_oof,1,history,9.18数据/log_0_2026-9-18-18-15-06.ulg,vy,0.062164312687457264,742
train_oof,1,history,9.18数据/log_0_2026-9-18-18-15-06.ulg,vz,0.08521282539866218,742
train_oof,1,history,9.18数据/log_0_2026-9-18-18-15-06.ulg,p,0.3302655619045535,742
train_oof,1,history,9.18数据/log_0_2026-9-18-18-15-06.ulg,q,0.270491308488028,742
train_oof,1,history,9.18数据/log_0_2026-9-18-18-15-06.ulg,r,0.07056372253610095,742
train_oof,1,history,9.18数据/log_1_2026-9-18-18-23-36.ulg,vx,0.062157835768756914,693
train_oof,1,history,9.18数据/log_1_2026-9-18-18-23-36.ulg,vy,0.07299764282874356,693
train_oof,1,history,9.18数据/log_1_2026-9-18-18-23-36.ulg,vz,0.07831387236782643,693
train_oof,1,history,9.18数据/log_1_2026-9-18-18-23-36.ulg,p,0.3962460942774184,693
train_oof,1,history,9.18数据/log_1_2026-9-18-18-23-36.ulg,q,0.24658735355115274,693
train_oof,1,history,9.18数据/log_1_2026-9-18-18-23-36.ulg,r,0.08805045376527246,693
train_oof,1,history,9.18数据/log_2_2026-9-18-18-29-40.ulg,vx,0.06182433096944687,742
train_oof,1,history,9.18数据/log_2_2026-9-18-18-29-40.ulg,vy,0.0682788713916553,742
train_oof,1,history,9.18数据/log_2_2026-9-18-18-29-40.ulg,vz,0.08280446625610643,742
train_oof,1,history,9.18数据/log_2_2026-9-18-18-29-40.ulg,p,0.378510155283935,742
train_oof,1,history,9.18数据/log_2_2026-9-18-18-29-40.ulg,q,0.2730556364557259,742
train_oof,1,history,9.18数据/log_2_2026-9-18-18-29-40.ulg,r,0.08540251941390316,742
validation,1,history,2026.9.7/log_21_2026-9-7-05-54-56.ulg,vx,0.051706581994889714,168
validation,1,history,2026.9.7/log_21_2026-9-7-05-54-56.ulg,vy,0.05872366597589745,168
validation,1,history,2026.9.7/log_21_2026-9-7-05-54-56.ulg,vz,0.07149449777669963,168
validation,1,history,2026.9.7/log_21_2026-9-7-05-54-56.ulg,p,0.5173832469913913,168
validation,1,history,2026.9.7/log_21_2026-9-7-05-54-56.ulg,q,0.25347649739309963,168
validation,1,history,2026.9.7/log_21_2026-9-7-05-54-56.ulg,r,0.08887276030176539,168
validation,1,history,2026.9.7/log_22_2026-9-7-06-01-40.ulg,vx,0.06250043661879068,182
validation,1,history,2026.9.7/log_22_2026-9-7-06-01-40.ulg,vy,0.05878294880047829,182
validation,1,history,2026.9.7/log_22_2026-9-7-06-01-40.ulg,vz,0.0649082480912466,182
validation,1,history,2026.9.7/log_22_2026-9-7-06-01-40.ulg,p,0.5493976824405851,182
validation,1,history,2026.9.7/log_22_2026-9-7-06-01-40.ulg,q,0.22694089982450893,182
validation,1,history,2026.9.7/log_22_2026-9-7-06-01-40.ulg,r,0.08736166875749087,182
validation,1,history,2026.9.7/log_23_2026-9-7-06-09-22.ulg,vx,0.06305550379128864,160
validation,1,history,2026.9.7/log_23_2026-9-7-06-09-22.ulg,vy,0.07504646606266997,160
validation,1,history,2026.9.7/log_23_2026-9-7-06-09-22.ulg,vz,0.0678085545157918,160
validation,1,history,2026.9.7/log_23_2026-9-7-06-09-22.ulg,p,0.606521940345443,160
validation,1,history,2026.9.7/log_23_2026-9-7-06-09-22.ulg,q,0.2503900375418847,160
validation,1,history,2026.9.7/log_23_2026-9-7-06-09-22.ulg,r,0.08353145508457178,160
validation,1,history,2026.9.7/log_24_2026-9-7-06-16-04.ulg,vx,0.05526080603995203,161
validation,1,history,2026.9.7/log_24_2026-9-7-06-16-04.ulg,vy,0.05236707258834053,161
validation,1,history,2026.9.7/log_24_2026-9-7-06-16-04.ulg,vz,0.07014059478922234,161
validation,1,history,2026.9.7/log_24_2026-9-7-06-16-04.ulg,p,0.5602750541406322,161
validation,1,history,2026.9.7/log_24_2026-9-7-06-16-04.ulg,q,0.25136759362568156,161
validation,1,history,2026.9.7/log_24_2026-9-7-06-16-04.ulg,r,0.08816715467865398,161
validation,1,history,2026.9.7/log_26_2026-9-7-06-30-26.ulg,vx,0.06394189561404381,150
validation,1,history,2026.9.7/log_26_2026-9-7-06-30-26.ulg,vy,0.07559831399548875,150
validation,1,history,2026.9.7/log_26_2026-9-7-06-30-26.ulg,vz,0.08602380528847009,150
validation,1,history,2026.9.7/log_26_2026-9-7-06-30-26.ulg,p,0.4760081533678733,150
validation,1,history,2026.9.7/log_26_2026-9-7-06-30-26.ulg,q,0.2569464195169109,150
validation,1,history,2026.9.7/log_26_2026-9-7-06-30-26.ulg,r,0.08995946666254269,150
validation,1,history,2026.9.7/log_27_2026-9-7-06-37-24.ulg,vx,0.05329240890845899,155
validation,1,history,2026.9.7/log_27_2026-9-7-06-37-24.ulg,vy,0.06703394093315675,155
validation,1,history,2026.9.7/log_27_2026-9-7-06-37-24.ulg,vz,0.07205825573390705,155
validation,1,history,2026.9.7/log_27_2026-9-7-06-37-24.ulg,p,0.5248919040893387,155
validation,1,history,2026.9.7/log_27_2026-9-7-06-37-24.ulg,q,0.22479768521940313,155
validation,1,history,2026.9.7/log_27_2026-9-7-06-37-24.ulg,r,0.07630527973276391,155
validation,1,history,2026.9.7/log_28_2026-9-7-06-44-02.ulg,vx,0.05629989141970927,140
validation,1,history,2026.9.7/log_28_2026-9-7-06-44-02.ulg,vy,0.0605272512810974,140
validation,1,history,2026.9.7/log_28_2026-9-7-06-44-02.ulg,vz,0.0689640769371884,140
validation,1,history,2026.9.7/log_28_2026-9-7-06-44-02.ulg,p,0.6182050062697216,140
validation,1,history,2026.9.7/log_28_2026-9-7-06-44-02.ulg,q,0.23604911073254278,140
validation,1,history,2026.9.7/log_28_2026-9-7-06-44-02.ulg,r,0.08329404699001988,140
validation,1,history,2026.9.7/log_29_2026-9-7-06-51-04.ulg,vx,0.055233709100428276,201
validation,1,history,2026.9.7/log_29_2026-9-7-06-51-04.ulg,vy,0.057466971578586344,201
validation,1,history,2026.9.7/log_29_2026-9-7-06-51-04.ulg,vz,0.06685687424355052,201
validation,1,history,2026.9.7/log_29_2026-9-7-06-51-04.ulg,p,0.5231945647467058,201
validation,1,history,2026.9.7/log_29_2026-9-7-06-51-04.ulg,q,0.23222934735378845,201
validation,1,history,2026.9.7/log_29_2026-9-7-06-51-04.ulg,r,0.0816916523471664,201
validation,1,history,2026.9.7/log_30_2026-9-7-06-58-22.ulg,vx,0.06496148349296915,164
validation,1,history,2026.9.7/log_30_2026-9-7-06-58-22.ulg,vy,0.05892487889511862,164
validation,1,history,2026.9.7/log_30_2026-9-7-06-58-22.ulg,vz,0.0707213305452437,164
validation,1,history,2026.9.7/log_30_2026-9-7-06-58-22.ulg,p,0.505029208223948,164
validation,1,history,2026.9.7/log_30_2026-9-7-06-58-22.ulg,q,0.22611234632297164,164
validation,1,history,2026.9.7/log_30_2026-9-7-06-58-22.ulg,r,0.09376740197391628,164
validation,1,history,9.17数据/log_10_2026-9-17-06-34-34.ulg,vx,0.054172527688270064,130
validation,1,history,9.17数据/log_10_2026-9-17-06-34-34.ulg,vy,0.056171435671137054,130
validation,1,history,9.17数据/log_10_2026-9-17-06-34-34.ulg,vz,0.06499187749118036,130
validation,1,history,9.17数据/log_10_2026-9-17-06-34-34.ulg,p,0.46777985647581855,130
validation,1,history,9.17数据/log_10_2026-9-17-06-34-34.ulg,q,0.2759032240864687,130
validation,1,history,9.17数据/log_10_2026-9-17-06-34-34.ulg,r,0.08008766055708867,130
validation,1,history,9.17数据/log_11_2026-9-17-06-40-30.ulg,vx,0.05214471473100102,145
validation,1,history,9.17数据/log_11_2026-9-17-06-40-30.ulg,vy,0.04389292149901488,145
validation,1,history,9.17数据/log_11_2026-9-17-06-40-30.ulg,vz,0.06591919446064691,145
validation,1,history,9.17数据/log_11_2026-9-17-06-40-30.ulg,p,0.505942723519213,145
validation,1,history,9.17数据/log_11_2026-9-17-06-40-30.ulg,q,0.24440439285891588,145
validation,1,history,9.17数据/log_11_2026-9-17-06-40-30.ulg,r,0.07248574421928525,145
validation,1,history,9.17数据/log_12_2026-9-17-06-46-02.ulg,vx,0.056450860397510044,144
validation,1,history,9.17数据/log_12_2026-9-17-06-46-02.ulg,vy,0.05801793016742938,144
validation,1,history,9.17数据/log_12_2026-9-17-06-46-02.ulg,vz,0.07694568813190242,144
validation,1,history,9.17数据/log_12_2026-9-17-06-46-02.ulg,p,0.47374270057633455,144
validation,1,history,9.17数据/log_12_2026-9-17-06-46-02.ulg,q,0.23790551610048133,144
validation,1,history,9.17数据/log_12_2026-9-17-06-46-02.ulg,r,0.0734739230456677,144
validation,1,history,9.17数据/log_13_2026-9-17-06-52-30.ulg,vx,0.061477250755348274,153
validation,1,history,9.17数据/log_13_2026-9-17-06-52-30.ulg,vy,0.0583711602466766,153
validation,1,history,9.17数据/log_13_2026-9-17-06-52-30.ulg,vz,0.08399782109984148,153
validation,1,history,9.17数据/log_13_2026-9-17-06-52-30.ulg,p,0.47816003325965395,153
validation,1,history,9.17数据/log_13_2026-9-17-06-52-30.ulg,q,0.2759236960974648,153
validation,1,history,9.17数据/log_13_2026-9-17-06-52-30.ulg,r,0.08050502909003678,153
validation,1,history,9.17数据/log_6_2026-9-17-06-02-24.ulg,vx,0.04486767002545072,138
validation,1,history,9.17数据/log_6_2026-9-17-06-02-24.ulg,vy,0.05576104334465313,138
validation,1,history,9.17数据/log_6_2026-9-17-06-02-24.ulg,vz,0.0641845608473482,138
validation,1,history,9.17数据/log_6_2026-9-17-06-02-24.ulg,p,0.3996099061765823,138
validation,1,history,9.17数据/log_6_2026-9-17-06-02-24.ulg,q,0.23501617786992002,138
validation,1,history,9.17数据/log_6_2026-9-17-06-02-24.ulg,r,0.0671399618041889,138
validation,1,history,9.17数据/log_7_2026-9-17-06-12-16.ulg,vx,0.054723426827829706,131
validation,1,history,9.17数据/log_7_2026-9-17-06-12-16.ulg,vy,0.04601181991477754,131
validation,1,history,9.17数据/log_7_2026-9-17-06-12-16.ulg,vz,0.07664622947918816,131
validation,1,history,9.17数据/log_7_2026-9-17-06-12-16.ulg,p,0.4432884550633492,131
validation,1,history,9.17数据/log_7_2026-9-17-06-12-16.ulg,q,0.23964363273057346,131
validation,1,history,9.17数据/log_7_2026-9-17-06-12-16.ulg,r,0.07091954607743557,131
validation,1,history,9.17数据/log_8_2026-9-17-06-17-52.ulg,vx,0.06252646744523657,146
validation,1,history,9.17数据/log_8_2026-9-17-06-17-52.ulg,vy,0.05866437530941629,146
validation,1,history,9.17数据/log_8_2026-9-17-06-17-52.ulg,vz,0.07913945440618123,146
validation,1,history,9.17数据/log_8_2026-9-17-06-17-52.ulg,p,0.4788923800114736,146
validation,1,history,9.17数据/log_8_2026-9-17-06-17-52.ulg,q,0.22346467524742464,146
validation,1,history,9.17数据/log_8_2026-9-17-06-17-52.ulg,r,0.06774731466108297,146
validation,1,history,9.17数据/log_9_2026-9-17-06-28-10.ulg,vx,0.061788383882210675,114
validation,1,history,9.17数据/log_9_2026-9-17-06-28-10.ulg,vy,0.05076627323874832,114
validation,1,history,9.17数据/log_9_2026-9-17-06-28-10.ulg,vz,0.06824512727419232,114
validation,1,history,9.17数据/log_9_2026-9-17-06-28-10.ulg,p,0.44938866831352736,114
validation,1,history,9.17数据/log_9_2026-9-17-06-28-10.ulg,q,0.24082437938786877,114
validation,1,history,9.17数据/log_9_2026-9-17-06-28-10.ulg,r,0.0907378489312451,114
train_oof,1,planned,2026.9.6/log_17_2026-9-6-18-34-06.ulg,vx,0.06036423894989263,895
train_oof,1,planned,2026.9.6/log_17_2026-9-6-18-34-06.ulg,vy,0.06601203916431422,895
train_oof,1,planned,2026.9.6/log_17_2026-9-6-18-34-06.ulg,vz,0.07377766983277144,895
train_oof,1,planned,2026.9.6/log_17_2026-9-6-18-34-06.ulg,p,0.46304989594169327,895
train_oof,1,planned,2026.9.6/log_17_2026-9-6-18-34-06.ulg,q,0.22507704984771212,895
train_oof,1,planned,2026.9.6/log_17_2026-9-6-18-34-06.ulg,r,0.08165751869137117,895
train_oof,1,planned,2026.9.6/log_18_2026-9-6-18-46-20.ulg,vx,0.06224662146913353,695
train_oof,1,planned,2026.9.6/log_18_2026-9-6-18-46-20.ulg,vy,0.07103128106554557,695
train_oof,1,planned,2026.9.6/log_18_2026-9-6-18-46-20.ulg,vz,0.07810741305909792,695
train_oof,1,planned,2026.9.6/log_18_2026-9-6-18-46-20.ulg,p,0.503343746383053,695
train_oof,1,planned,2026.9.6/log_18_2026-9-6-18-46-20.ulg,q,0.2393886217245642,695
train_oof,1,planned,2026.9.6/log_18_2026-9-6-18-46-20.ulg,r,0.09364674348716526,695
train_oof,1,planned,2026.9.6/log_19_2026-9-6-18-52-30.ulg,vx,0.053780017387904944,774
train_oof,1,planned,2026.9.6/log_19_2026-9-6-18-52-30.ulg,vy,0.058561225284508106,774
train_oof,1,planned,2026.9.6/log_19_2026-9-6-18-52-30.ulg,vz,0.06605885136102754,774
train_oof,1,planned,2026.9.6/log_19_2026-9-6-18-52-30.ulg,p,0.5445230218367773,774
train_oof,1,planned,2026.9.6/log_19_2026-9-6-18-52-30.ulg,q,0.22931907844199448,774
train_oof,1,planned,2026.9.6/log_19_2026-9-6-18-52-30.ulg,r,0.07966295083592875,774
train_oof,1,planned,2026.9.6/log_20_2026-9-6-18-58-10.ulg,vx,0.06697509491161556,588
train_oof,1,planned,2026.9.6/log_20_2026-9-6-18-58-10.ulg,vy,0.06190462747332734,588
train_oof,1,planned,2026.9.6/log_20_2026-9-6-18-58-10.ulg,vz,0.07319646423614447,588
train_oof,1,planned,2026.9.6/log_20_2026-9-6-18-58-10.ulg,p,0.5701756336181661,588
train_oof,1,planned,2026.9.6/log_20_2026-9-6-18-58-10.ulg,q,0.2366897324314895,588
train_oof,1,planned,2026.9.6/log_20_2026-9-6-18-58-10.ulg,r,0.08879046217705967,588
train_oof,1,planned,2026.9.6/log_24_2026-9-6-06-28-38.ulg,vx,0.062056484944278095,702
train_oof,1,planned,2026.9.6/log_24_2026-9-6-06-28-38.ulg,vy,0.06841411860678014,702
train_oof,1,planned,2026.9.6/log_24_2026-9-6-06-28-38.ulg,vz,0.0745873367083833,702
train_oof,1,planned,2026.9.6/log_24_2026-9-6-06-28-38.ulg,p,0.3362822942545605,702
train_oof,1,planned,2026.9.6/log_24_2026-9-6-06-28-38.ulg,q,0.24929449932735553,702
train_oof,1,planned,2026.9.6/log_24_2026-9-6-06-28-38.ulg,r,0.07030040048070871,702
train_oof,1,planned,2026.9.6/log_28_2026-9-6-07-01-38.ulg,vx,0.0663338243028453,727
train_oof,1,planned,2026.9.6/log_28_2026-9-6-07-01-38.ulg,vy,0.07454509638016726,727
train_oof,1,planned,2026.9.6/log_28_2026-9-6-07-01-38.ulg,vz,0.08202240243247601,727
train_oof,1,planned,2026.9.6/log_28_2026-9-6-07-01-38.ulg,p,0.3772771751678762,727
train_oof,1,planned,2026.9.6/log_28_2026-9-6-07-01-38.ulg,q,0.25083556619693514,727
train_oof,1,planned,2026.9.6/log_28_2026-9-6-07-01-38.ulg,r,0.08054049067613908,727
train_oof,1,planned,9.11数据/log_13_2026-9-11-18-28-08.ulg,vx,0.05595803643216797,447
train_oof,1,planned,9.11数据/log_13_2026-9-11-18-28-08.ulg,vy,0.05619663799815897,447
train_oof,1,planned,9.11数据/log_13_2026-9-11-18-28-08.ulg,vz,0.07489096727896154,447
train_oof,1,planned,9.11数据/log_13_2026-9-11-18-28-08.ulg,p,0.39103907548885347,447
train_oof,1,planned,9.11数据/log_13_2026-9-11-18-28-08.ulg,q,0.20328673551214388,447
train_oof,1,planned,9.11数据/log_13_2026-9-11-18-28-08.ulg,r,0.06670662530671062,447
train_oof,1,planned,9.11数据/log_14_2026-9-11-18-34-58.ulg,vx,0.05646360611973813,592
train_oof,1,planned,9.11数据/log_14_2026-9-11-18-34-58.ulg,vy,0.04539403376112438,592
train_oof,1,planned,9.11数据/log_14_2026-9-11-18-34-58.ulg,vz,0.07082467005624539,592
train_oof,1,planned,9.11数据/log_14_2026-9-11-18-34-58.ulg,p,0.35785600879328655,592
train_oof,1,planned,9.11数据/log_14_2026-9-11-18-34-58.ulg,q,0.19440766353204275,592
train_oof,1,planned,9.11数据/log_14_2026-9-11-18-34-58.ulg,r,0.05893362629798258,592
train_oof,1,planned,9.11数据/log_15_2026-9-11-18-40-48.ulg,vx,0.07020174748464837,440
train_oof,1,planned,9.11数据/log_15_2026-9-11-18-40-48.ulg,vy,0.06145597426124359,440
train_oof,1,planned,9.11数据/log_15_2026-9-11-18-40-48.ulg,vz,0.06953002882755709,440
train_oof,1,planned,9.11数据/log_15_2026-9-11-18-40-48.ulg,p,0.39666348766273957,440
train_oof,1,planned,9.11数据/log_15_2026-9-11-18-40-48.ulg,q,0.23042829137928617,440
train_oof,1,planned,9.11数据/log_15_2026-9-11-18-40-48.ulg,r,0.0770080518622753,440
train_oof,1,planned,9.12数据/log_10_2026-9-12-06-13-40.ulg,vx,0.06120250664533621,758
train_oof,1,planned,9.12数据/log_10_2026-9-12-06-13-40.ulg,vy,0.059607578789482626,758
train_oof,1,planned,9.12数据/log_10_2026-9-12-06-13-40.ulg,vz,0.0671839000892623,758
train_oof,1,planned,9.12数据/log_10_2026-9-12-06-13-40.ulg,p,0.5080131177655279,758
train_oof,1,planned,9.12数据/log_10_2026-9-12-06-13-40.ulg,q,0.21863692885398875,758
train_oof,1,planned,9.12数据/log_10_2026-9-12-06-13-40.ulg,r,0.07296612899935165,758
train_oof,1,planned,9.12数据/log_11_2026-9-12-06-21-12.ulg,vx,0.06452900163679035,720
train_oof,1,planned,9.12数据/log_11_2026-9-12-06-21-12.ulg,vy,0.059329827942299594,720
train_oof,1,planned,9.12数据/log_11_2026-9-12-06-21-12.ulg,vz,0.0747813671814065,720
train_oof,1,planned,9.12数据/log_11_2026-9-12-06-21-12.ulg,p,0.5310422989168168,720
train_oof,1,planned,9.12数据/log_11_2026-9-12-06-21-12.ulg,q,0.20719113432811276,720
train_oof,1,planned,9.12数据/log_11_2026-9-12-06-21-12.ulg,r,0.07877531840450658,720
train_oof,1,planned,9.12数据/log_12_2026-9-12-06-29-44.ulg,vx,0.06240988525656665,683
train_oof,1,planned,9.12数据/log_12_2026-9-12-06-29-44.ulg,vy,0.0634819140628947,683
train_oof,1,planned,9.12数据/log_12_2026-9-12-06-29-44.ulg,vz,0.07765452441740521,683
train_oof,1,planned,9.12数据/log_12_2026-9-12-06-29-44.ulg,p,0.48892379458308793,683
train_oof,1,planned,9.12数据/log_12_2026-9-12-06-29-44.ulg,q,0.2167798754126473,683
train_oof,1,planned,9.12数据/log_12_2026-9-12-06-29-44.ulg,r,0.08347814211878003,683
train_oof,1,planned,9.12数据/log_2_2026-9-12-18-32-54.ulg,vx,0.05950010328487215,753
train_oof,1,planned,9.12数据/log_2_2026-9-12-18-32-54.ulg,vy,0.053959582403890524,753
train_oof,1,planned,9.12数据/log_2_2026-9-12-18-32-54.ulg,vz,0.06959685420788088,753
train_oof,1,planned,9.12数据/log_2_2026-9-12-18-32-54.ulg,p,0.41723549820345696,753
train_oof,1,planned,9.12数据/log_2_2026-9-12-18-32-54.ulg,q,0.20220719602869042,753
train_oof,1,planned,9.12数据/log_2_2026-9-12-18-32-54.ulg,r,0.06856235327266277,753
train_oof,1,planned,9.12数据/log_3_2026-9-12-18-40-02.ulg,vx,0.060719686666236984,792
train_oof,1,planned,9.12数据/log_3_2026-9-12-18-40-02.ulg,vy,0.050580282784207925,792
train_oof,1,planned,9.12数据/log_3_2026-9-12-18-40-02.ulg,vz,0.06669390841524846,792
train_oof,1,planned,9.12数据/log_3_2026-9-12-18-40-02.ulg,p,0.4315818068723001,792
train_oof,1,planned,9.12数据/log_3_2026-9-12-18-40-02.ulg,q,0.19753338721318953,792
train_oof,1,planned,9.12数据/log_3_2026-9-12-18-40-02.ulg,r,0.0652593155820623,792
train_oof,1,planned,9.12数据/log_7_2026-9-12-05-49-02.ulg,vx,0.05920538702059498,655
train_oof,1,planned,9.12数据/log_7_2026-9-12-05-49-02.ulg,vy,0.06461795767755554,655
train_oof,1,planned,9.12数据/log_7_2026-9-12-05-49-02.ulg,vz,0.07191841493753323,655
train_oof,1,planned,9.12数据/log_7_2026-9-12-05-49-02.ulg,p,0.38177581450784864,655
train_oof,1,planned,9.12数据/log_7_2026-9-12-05-49-02.ulg,q,0.20911252694594287,655
train_oof,1,planned,9.12数据/log_7_2026-9-12-05-49-02.ulg,r,0.07996859765827555,655
train_oof,1,planned,9.12数据/log_8_2026-9-12-05-55-30.ulg,vx,0.06013083038459028,815
train_oof,1,planned,9.12数据/log_8_2026-9-12-05-55-30.ulg,vy,0.05868614109957119,815
train_oof,1,planned,9.12数据/log_8_2026-9-12-05-55-30.ulg,vz,0.07110144174892954,815
train_oof,1,planned,9.12数据/log_8_2026-9-12-05-55-30.ulg,p,0.49886683613863014,815
train_oof,1,planned,9.12数据/log_8_2026-9-12-05-55-30.ulg,q,0.19923198739475026,815
train_oof,1,planned,9.12数据/log_8_2026-9-12-05-55-30.ulg,r,0.08187536512009129,815
train_oof,1,planned,9.12数据/log_9_2026-9-12-06-03-32.ulg,vx,0.062499414107461966,1017
train_oof,1,planned,9.12数据/log_9_2026-9-12-06-03-32.ulg,vy,0.058047952435050586,1017
train_oof,1,planned,9.12数据/log_9_2026-9-12-06-03-32.ulg,vz,0.07408673852118021,1017
train_oof,1,planned,9.12数据/log_9_2026-9-12-06-03-32.ulg,p,0.5010500459737595,1017
train_oof,1,planned,9.12数据/log_9_2026-9-12-06-03-32.ulg,q,0.21157806106838434,1017
train_oof,1,planned,9.12数据/log_9_2026-9-12-06-03-32.ulg,r,0.07960316250352718,1017
train_oof,1,planned,9.13数据/log_1_2026-9-13-06-11-06.ulg,vx,0.05885933010467038,712
train_oof,1,planned,9.13数据/log_1_2026-9-13-06-11-06.ulg,vy,0.05100409687096892,712
train_oof,1,planned,9.13数据/log_1_2026-9-13-06-11-06.ulg,vz,0.06924576016214458,712
train_oof,1,planned,9.13数据/log_1_2026-9-13-06-11-06.ulg,p,0.3502332481708887,712
train_oof,1,planned,9.13数据/log_1_2026-9-13-06-11-06.ulg,q,0.20954226862333383,712
train_oof,1,planned,9.13数据/log_1_2026-9-13-06-11-06.ulg,r,0.05325627242875165,712
train_oof,1,planned,9.13数据/log_2_2026-9-13-06-20-06.ulg,vx,0.06157900212130591,710
train_oof,1,planned,9.13数据/log_2_2026-9-13-06-20-06.ulg,vy,0.04892772197794757,710
train_oof,1,planned,9.13数据/log_2_2026-9-13-06-20-06.ulg,vz,0.0672280886822524,710
train_oof,1,planned,9.13数据/log_2_2026-9-13-06-20-06.ulg,p,0.4019066701652621,710
train_oof,1,planned,9.13数据/log_2_2026-9-13-06-20-06.ulg,q,0.20944672334597703,710
train_oof,1,planned,9.13数据/log_2_2026-9-13-06-20-06.ulg,r,0.054554757729587476,710
train_oof,1,planned,9.13数据/log_3_2026-9-13-06-31-26.ulg,vx,0.0627524867294698,710
train_oof,1,planned,9.13数据/log_3_2026-9-13-06-31-26.ulg,vy,0.055186026638384754,710
train_oof,1,planned,9.13数据/log_3_2026-9-13-06-31-26.ulg,vz,0.06920888215400332,710
train_oof,1,planned,9.13数据/log_3_2026-9-13-06-31-26.ulg,p,0.4520948591527449,710
train_oof,1,planned,9.13数据/log_3_2026-9-13-06-31-26.ulg,q,0.21164114767471026,710
train_oof,1,planned,9.13数据/log_3_2026-9-13-06-31-26.ulg,r,0.060503432713791966,710
train_oof,1,planned,9.13数据/log_4_2026-9-13-06-36-26.ulg,vx,0.05735968085238929,696
train_oof,1,planned,9.13数据/log_4_2026-9-13-06-36-26.ulg,vy,0.05617849554750114,696
train_oof,1,planned,9.13数据/log_4_2026-9-13-06-36-26.ulg,vz,0.06447275738999035,696
train_oof,1,planned,9.13数据/log_4_2026-9-13-06-36-26.ulg,p,0.37763437319425974,696
train_oof,1,planned,9.13数据/log_4_2026-9-13-06-36-26.ulg,q,0.2000236472427105,696
train_oof,1,planned,9.13数据/log_4_2026-9-13-06-36-26.ulg,r,0.05392132153343132,696
train_oof,1,planned,9.13数据/log_5_2026-9-13-06-42-40.ulg,vx,0.059837775632107106,730
train_oof,1,planned,9.13数据/log_5_2026-9-13-06-42-40.ulg,vy,0.054636072649033404,730
train_oof,1,planned,9.13数据/log_5_2026-9-13-06-42-40.ulg,vz,0.06934171176754482,730
train_oof,1,planned,9.13数据/log_5_2026-9-13-06-42-40.ulg,p,0.4553363191480453,730
train_oof,1,planned,9.13数据/log_5_2026-9-13-06-42-40.ulg,q,0.19976026432034058,730
train_oof,1,planned,9.13数据/log_5_2026-9-13-06-42-40.ulg,r,0.06561430142230958,730
train_oof,1,planned,9.13数据/log_7_2026-9-13-18-12-52.ulg,vx,0.0617558496964044,450
train_oof,1,planned,9.13数据/log_7_2026-9-13-18-12-52.ulg,vy,0.06287573035625413,450
train_oof,1,planned,9.13数据/log_7_2026-9-13-18-12-52.ulg,vz,0.07415216384785361,450
train_oof,1,planned,9.13数据/log_7_2026-9-13-18-12-52.ulg,p,0.5515305882246764,450
train_oof,1,planned,9.13数据/log_7_2026-9-13-18-12-52.ulg,q,0.22004098345524506,450
train_oof,1,planned,9.13数据/log_7_2026-9-13-18-12-52.ulg,r,0.08913761754259664,450
train_oof,1,planned,9.14数据/log_11_2026-9-14-18-13-22.ulg,vx,0.06597986844650826,756
train_oof,1,planned,9.14数据/log_11_2026-9-14-18-13-22.ulg,vy,0.058381810006975586,756
train_oof,1,planned,9.14数据/log_11_2026-9-14-18-13-22.ulg,vz,0.0746656143569158,756
train_oof,1,planned,9.14数据/log_11_2026-9-14-18-13-22.ulg,p,0.5628221280939478,756
train_oof,1,planned,9.14数据/log_11_2026-9-14-18-13-22.ulg,q,0.231358907404173,756
train_oof,1,planned,9.14数据/log_11_2026-9-14-18-13-22.ulg,r,0.07323216439397959,756
train_oof,1,planned,9.14数据/log_12_2026-9-14-18-20-30.ulg,vx,0.06535661714884439,768
train_oof,1,planned,9.14数据/log_12_2026-9-14-18-20-30.ulg,vy,0.05343914796305441,768
train_oof,1,planned,9.14数据/log_12_2026-9-14-18-20-30.ulg,vz,0.07732904888563331,768
train_oof,1,planned,9.14数据/log_12_2026-9-14-18-20-30.ulg,p,0.5738523835078206,768
train_oof,1,planned,9.14数据/log_12_2026-9-14-18-20-30.ulg,q,0.2428773025714072,768
train_oof,1,planned,9.14数据/log_12_2026-9-14-18-20-30.ulg,r,0.08204570507112781,768
train_oof,1,planned,9.14数据/log_13_2026-9-14-18-28-32.ulg,vx,0.07060120117114838,883
train_oof,1,planned,9.14数据/log_13_2026-9-14-18-28-32.ulg,vy,0.06447596698465666,883
train_oof,1,planned,9.14数据/log_13_2026-9-14-18-28-32.ulg,vz,0.07816091037365908,883
train_oof,1,planned,9.14数据/log_13_2026-9-14-18-28-32.ulg,p,0.5765010314325969,883
train_oof,1,planned,9.14数据/log_13_2026-9-14-18-28-32.ulg,q,0.23939902272609456,883
train_oof,1,planned,9.14数据/log_13_2026-9-14-18-28-32.ulg,r,0.09389321072757688,883
train_oof,1,planned,9.14数据/log_14_2026-9-14-18-34-22.ulg,vx,0.062206795339062634,600
train_oof,1,planned,9.14数据/log_14_2026-9-14-18-34-22.ulg,vy,0.053259976339164114,600
train_oof,1,planned,9.14数据/log_14_2026-9-14-18-34-22.ulg,vz,0.08334521594362977,600
train_oof,1,planned,9.14数据/log_14_2026-9-14-18-34-22.ulg,p,1.024801004680145,600
train_oof,1,planned,9.14数据/log_14_2026-9-14-18-34-22.ulg,q,0.24542945088632293,600
train_oof,1,planned,9.14数据/log_14_2026-9-14-18-34-22.ulg,r,0.09099586184739472,600
train_oof,1,planned,9.15数据/log_10_2026-9-15-17-44-04.ulg,vx,0.06592127248399218,594
train_oof,1,planned,9.15数据/log_10_2026-9-15-17-44-04.ulg,vy,0.057504659430308226,594
train_oof,1,planned,9.15数据/log_10_2026-9-15-17-44-04.ulg,vz,0.07901318547509707,594
train_oof,1,planned,9.15数据/log_10_2026-9-15-17-44-04.ulg,p,0.3040782764656976,594
train_oof,1,planned,9.15数据/log_10_2026-9-15-17-44-04.ulg,q,0.30344083649973524,594
train_oof,1,planned,9.15数据/log_10_2026-9-15-17-44-04.ulg,r,0.06467372501081979,594
train_oof,1,planned,9.15数据/log_11_2026-9-15-17-51-56.ulg,vx,0.06242262006177269,538
train_oof,1,planned,9.15数据/log_11_2026-9-15-17-51-56.ulg,vy,0.05632856174171218,538
train_oof,1,planned,9.15数据/log_11_2026-9-15-17-51-56.ulg,vz,0.07602429979777835,538
train_oof,1,planned,9.15数据/log_11_2026-9-15-17-51-56.ulg,p,0.32678305022860155,538
train_oof,1,planned,9.15数据/log_11_2026-9-15-17-51-56.ulg,q,0.2509357461189183,538
train_oof,1,planned,9.15数据/log_11_2026-9-15-17-51-56.ulg,r,0.08237207252898579,538
train_oof,1,planned,9.15数据/log_12_2026-9-15-18-03-58.ulg,vx,0.05538497109933601,704
train_oof,1,planned,9.15数据/log_12_2026-9-15-18-03-58.ulg,vy,0.05051584104032025,704
train_oof,1,planned,9.15数据/log_12_2026-9-15-18-03-58.ulg,vz,0.06999665676047755,704
train_oof,1,planned,9.15数据/log_12_2026-9-15-18-03-58.ulg,p,0.2881559674585521,704
train_oof,1,planned,9.15数据/log_12_2026-9-15-18-03-58.ulg,q,0.23448447661668834,704
train_oof,1,planned,9.15数据/log_12_2026-9-15-18-03-58.ulg,r,0.06755405307545535,704
train_oof,1,planned,9.15数据/log_13_2026-9-15-18-10-58.ulg,vx,0.0626999618704128,690
train_oof,1,planned,9.15数据/log_13_2026-9-15-18-10-58.ulg,vy,0.05155911340497894,690
train_oof,1,planned,9.15数据/log_13_2026-9-15-18-10-58.ulg,vz,0.06526440178504027,690
train_oof,1,planned,9.15数据/log_13_2026-9-15-18-10-58.ulg,p,0.25407653214755604,690
train_oof,1,planned,9.15数据/log_13_2026-9-15-18-10-58.ulg,q,0.21595036056040526,690
train_oof,1,planned,9.15数据/log_13_2026-9-15-18-10-58.ulg,r,0.060245754149540635,690
train_oof,1,planned,9.15数据/log_14_2026-9-15-18-17-26.ulg,vx,0.06115532000538914,685
train_oof,1,planned,9.15数据/log_14_2026-9-15-18-17-26.ulg,vy,0.051895979556941356,685
train_oof,1,planned,9.15数据/log_14_2026-9-15-18-17-26.ulg,vz,0.0682669873959951,685
train_oof,1,planned,9.15数据/log_14_2026-9-15-18-17-26.ulg,p,0.295096874548874,685
train_oof,1,planned,9.15数据/log_14_2026-9-15-18-17-26.ulg,q,0.219146739714373,685
train_oof,1,planned,9.15数据/log_14_2026-9-15-18-17-26.ulg,r,0.06656239684981073,685
train_oof,1,planned,9.15数据/log_15_2026-9-15-18-23-44.ulg,vx,0.06409813575209751,702
train_oof,1,planned,9.15数据/log_15_2026-9-15-18-23-44.ulg,vy,0.05841417324983714,702
train_oof,1,planned,9.15数据/log_15_2026-9-15-18-23-44.ulg,vz,0.06666103954652497,702
train_oof,1,planned,9.15数据/log_15_2026-9-15-18-23-44.ulg,p,0.292244672289713,702
train_oof,1,planned,9.15数据/log_15_2026-9-15-18-23-44.ulg,q,0.21960739362450551,702
train_oof,1,planned,9.15数据/log_15_2026-9-15-18-23-44.ulg,r,0.06850193701401137,702
train_oof,1,planned,9.16数据/log_1_2026-9-16-18-02-34.ulg,vx,0.0566164680226771,576
train_oof,1,planned,9.16数据/log_1_2026-9-16-18-02-34.ulg,vy,0.056544542470643805,576
train_oof,1,planned,9.16数据/log_1_2026-9-16-18-02-34.ulg,vz,0.06845446337330226,576
train_oof,1,planned,9.16数据/log_1_2026-9-16-18-02-34.ulg,p,0.298017516064653,576
train_oof,1,planned,9.16数据/log_1_2026-9-16-18-02-34.ulg,q,0.25159644700186323,576
train_oof,1,planned,9.16数据/log_1_2026-9-16-18-02-34.ulg,r,0.06645326041964368,576
train_oof,1,planned,9.16数据/log_2_2026-9-16-18-08-46.ulg,vx,0.06472239596638595,691
train_oof,1,planned,9.16数据/log_2_2026-9-16-18-08-46.ulg,vy,0.05422369409259051,691
train_oof,1,planned,9.16数据/log_2_2026-9-16-18-08-46.ulg,vz,0.06872922535264937,691
train_oof,1,planned,9.16数据/log_2_2026-9-16-18-08-46.ulg,p,0.28928000112821173,691
train_oof,1,planned,9.16数据/log_2_2026-9-16-18-08-46.ulg,q,0.2310860596284483,691
train_oof,1,planned,9.16数据/log_2_2026-9-16-18-08-46.ulg,r,0.06475771280966318,691
train_oof,1,planned,9.16数据/log_3_2026-9-16-18-13-58.ulg,vx,0.058806656521037226,521
train_oof,1,planned,9.16数据/log_3_2026-9-16-18-13-58.ulg,vy,0.05129322551843919,521
train_oof,1,planned,9.16数据/log_3_2026-9-16-18-13-58.ulg,vz,0.07017699148370816,521
train_oof,1,planned,9.16数据/log_3_2026-9-16-18-13-58.ulg,p,0.2746122720903253,521
train_oof,1,planned,9.16数据/log_3_2026-9-16-18-13-58.ulg,q,0.22008949096442118,521
train_oof,1,planned,9.16数据/log_3_2026-9-16-18-13-58.ulg,r,0.06061184375201518,521
train_oof,1,planned,9.16数据/log_4_2026-9-16-18-20-50.ulg,vx,0.06005489542978438,689
train_oof,1,planned,9.16数据/log_4_2026-9-16-18-20-50.ulg,vy,0.05602723035826191,689
train_oof,1,planned,9.16数据/log_4_2026-9-16-18-20-50.ulg,vz,0.0680012866188546,689
train_oof,1,planned,9.16数据/log_4_2026-9-16-18-20-50.ulg,p,0.2704141698897929,689
train_oof,1,planned,9.16数据/log_4_2026-9-16-18-20-50.ulg,q,0.2389652260712721,689
train_oof,1,planned,9.16数据/log_4_2026-9-16-18-20-50.ulg,r,0.06361097861639466,689
train_oof,1,planned,9.16数据/log_5_2026-9-16-18-26-48.ulg,vx,0.0618654612517947,658
train_oof,1,planned,9.16数据/log_5_2026-9-16-18-26-48.ulg,vy,0.05639857765349793,658
train_oof,1,planned,9.16数据/log_5_2026-9-16-18-26-48.ulg,vz,0.06694188945196514,658
train_oof,1,planned,9.16数据/log_5_2026-9-16-18-26-48.ulg,p,0.39825374565166516,658
train_oof,1,planned,9.16数据/log_5_2026-9-16-18-26-48.ulg,q,0.228694404639261,658
train_oof,1,planned,9.16数据/log_5_2026-9-16-18-26-48.ulg,r,0.06630793591052171,658
train_oof,1,planned,9.18数据/log_0_2026-9-18-18-15-06.ulg,vx,0.058857230962434025,742
train_oof,1,planned,9.18数据/log_0_2026-9-18-18-15-06.ulg,vy,0.06212407529087597,742
train_oof,1,planned,9.18数据/log_0_2026-9-18-18-15-06.ulg,vz,0.08513569988683584,742
train_oof,1,planned,9.18数据/log_0_2026-9-18-18-15-06.ulg,p,0.3306420365361866,742
train_oof,1,planned,9.18数据/log_0_2026-9-18-18-15-06.ulg,q,0.2708872810801884,742
train_oof,1,planned,9.18数据/log_0_2026-9-18-18-15-06.ulg,r,0.07053634790605462,742
train_oof,1,planned,9.18数据/log_1_2026-9-18-18-23-36.ulg,vx,0.06214658441333256,693
train_oof,1,planned,9.18数据/log_1_2026-9-18-18-23-36.ulg,vy,0.07303337286319406,693
train_oof,1,planned,9.18数据/log_1_2026-9-18-18-23-36.ulg,vz,0.07817785810348914,693
train_oof,1,planned,9.18数据/log_1_2026-9-18-18-23-36.ulg,p,0.39616834620893354,693
train_oof,1,planned,9.18数据/log_1_2026-9-18-18-23-36.ulg,q,0.24559878272983687,693
train_oof,1,planned,9.18数据/log_1_2026-9-18-18-23-36.ulg,r,0.08810374535112496,693
train_oof,1,planned,9.18数据/log_2_2026-9-18-18-29-40.ulg,vx,0.06180884012952086,742
train_oof,1,planned,9.18数据/log_2_2026-9-18-18-29-40.ulg,vy,0.0682516465329591,742
train_oof,1,planned,9.18数据/log_2_2026-9-18-18-29-40.ulg,vz,0.08287438063361556,742
train_oof,1,planned,9.18数据/log_2_2026-9-18-18-29-40.ulg,p,0.3782930856880943,742
train_oof,1,planned,9.18数据/log_2_2026-9-18-18-29-40.ulg,q,0.2729781570565511,742
train_oof,1,planned,9.18数据/log_2_2026-9-18-18-29-40.ulg,r,0.0853558247252089,742
validation,1,planned,2026.9.7/log_21_2026-9-7-05-54-56.ulg,vx,0.05165035616726654,168
validation,1,planned,2026.9.7/log_21_2026-9-7-05-54-56.ulg,vy,0.058777140496953706,168
validation,1,planned,2026.9.7/log_21_2026-9-7-05-54-56.ulg,vz,0.07150346442521127,168
validation,1,planned,2026.9.7/log_21_2026-9-7-05-54-56.ulg,p,0.5174979824895339,168
validation,1,planned,2026.9.7/log_21_2026-9-7-05-54-56.ulg,q,0.25301598479806775,168
validation,1,planned,2026.9.7/log_21_2026-9-7-05-54-56.ulg,r,0.0886970707141224,168
validation,1,planned,2026.9.7/log_22_2026-9-7-06-01-40.ulg,vx,0.06252194157700913,182
validation,1,planned,2026.9.7/log_22_2026-9-7-06-01-40.ulg,vy,0.05866725009748336,182
validation,1,planned,2026.9.7/log_22_2026-9-7-06-01-40.ulg,vz,0.06484569056557939,182
validation,1,planned,2026.9.7/log_22_2026-9-7-06-01-40.ulg,p,0.5488132109244651,182
validation,1,planned,2026.9.7/log_22_2026-9-7-06-01-40.ulg,q,0.22534098534598032,182
validation,1,planned,2026.9.7/log_22_2026-9-7-06-01-40.ulg,r,0.0871551089819838,182
validation,1,planned,2026.9.7/log_23_2026-9-7-06-09-22.ulg,vx,0.06299994281344366,160
validation,1,planned,2026.9.7/log_23_2026-9-7-06-09-22.ulg,vy,0.0750115125647158,160
validation,1,planned,2026.9.7/log_23_2026-9-7-06-09-22.ulg,vz,0.06761278343261158,160
validation,1,planned,2026.9.7/log_23_2026-9-7-06-09-22.ulg,p,0.6062064870379053,160
validation,1,planned,2026.9.7/log_23_2026-9-7-06-09-22.ulg,q,0.2485559497033214,160
validation,1,planned,2026.9.7/log_23_2026-9-7-06-09-22.ulg,r,0.08346049750325052,160
validation,1,planned,2026.9.7/log_24_2026-9-7-06-16-04.ulg,vx,0.05527492847062047,161
validation,1,planned,2026.9.7/log_24_2026-9-7-06-16-04.ulg,vy,0.05232803739164688,161
validation,1,planned,2026.9.7/log_24_2026-9-7-06-16-04.ulg,vz,0.07025365247840498,161
validation,1,planned,2026.9.7/log_24_2026-9-7-06-16-04.ulg,p,0.5601637462245528,161
validation,1,planned,2026.9.7/log_24_2026-9-7-06-16-04.ulg,q,0.2496967905370599,161
validation,1,planned,2026.9.7/log_24_2026-9-7-06-16-04.ulg,r,0.08803440031822769,161
validation,1,planned,2026.9.7/log_26_2026-9-7-06-30-26.ulg,vx,0.06386414680005348,150
validation,1,planned,2026.9.7/log_26_2026-9-7-06-30-26.ulg,vy,0.07562577063648018,150
validation,1,planned,2026.9.7/log_26_2026-9-7-06-30-26.ulg,vz,0.08581423179087362,150
validation,1,planned,2026.9.7/log_26_2026-9-7-06-30-26.ulg,p,0.4760909079810166,150
validation,1,planned,2026.9.7/log_26_2026-9-7-06-30-26.ulg,q,0.2573514926079283,150
validation,1,planned,2026.9.7/log_26_2026-9-7-06-30-26.ulg,r,0.08972786264645395,150
validation,1,planned,2026.9.7/log_27_2026-9-7-06-37-24.ulg,vx,0.05323742313748515,155
validation,1,planned,2026.9.7/log_27_2026-9-7-06-37-24.ulg,vy,0.06703445440032603,155
validation,1,planned,2026.9.7/log_27_2026-9-7-06-37-24.ulg,vz,0.07231918961009341,155
validation,1,planned,2026.9.7/log_27_2026-9-7-06-37-24.ulg,p,0.5247784347864868,155
validation,1,planned,2026.9.7/log_27_2026-9-7-06-37-24.ulg,q,0.22399232041846714,155
validation,1,planned,2026.9.7/log_27_2026-9-7-06-37-24.ulg,r,0.07608946040237283,155
validation,1,planned,2026.9.7/log_28_2026-9-7-06-44-02.ulg,vx,0.056281686619051155,140
validation,1,planned,2026.9.7/log_28_2026-9-7-06-44-02.ulg,vy,0.06059758350482923,140
validation,1,planned,2026.9.7/log_28_2026-9-7-06-44-02.ulg,vz,0.06883594811703826,140
validation,1,planned,2026.9.7/log_28_2026-9-7-06-44-02.ulg,p,0.618230749842064,140
validation,1,planned,2026.9.7/log_28_2026-9-7-06-44-02.ulg,q,0.23495539941373048,140
validation,1,planned,2026.9.7/log_28_2026-9-7-06-44-02.ulg,r,0.08335171475706418,140
validation,1,planned,2026.9.7/log_29_2026-9-7-06-51-04.ulg,vx,0.055211630137235186,201
validation,1,planned,2026.9.7/log_29_2026-9-7-06-51-04.ulg,vy,0.05740665754259267,201
validation,1,planned,2026.9.7/log_29_2026-9-7-06-51-04.ulg,vz,0.06692406923015165,201
validation,1,planned,2026.9.7/log_29_2026-9-7-06-51-04.ulg,p,0.5231056803590823,201
validation,1,planned,2026.9.7/log_29_2026-9-7-06-51-04.ulg,q,0.23150173451132486,201
validation,1,planned,2026.9.7/log_29_2026-9-7-06-51-04.ulg,r,0.0815949541825711,201
validation,1,planned,2026.9.7/log_30_2026-9-7-06-58-22.ulg,vx,0.06495731977169142,164
validation,1,planned,2026.9.7/log_30_2026-9-7-06-58-22.ulg,vy,0.05891635874643739,164
validation,1,planned,2026.9.7/log_30_2026-9-7-06-58-22.ulg,vz,0.07078179838625911,164
validation,1,planned,2026.9.7/log_30_2026-9-7-06-58-22.ulg,p,0.5056173057089758,164
validation,1,planned,2026.9.7/log_30_2026-9-7-06-58-22.ulg,q,0.22663119477868424,164
validation,1,planned,2026.9.7/log_30_2026-9-7-06-58-22.ulg,r,0.09373142193017198,164
validation,1,planned,9.17数据/log_10_2026-9-17-06-34-34.ulg,vx,0.05421509103685535,130
validation,1,planned,9.17数据/log_10_2026-9-17-06-34-34.ulg,vy,0.05618976241222311,130
validation,1,planned,9.17数据/log_10_2026-9-17-06-34-34.ulg,vz,0.06500473051951917,130
validation,1,planned,9.17数据/log_10_2026-9-17-06-34-34.ulg,p,0.4674610001394772,130
validation,1,planned,9.17数据/log_10_2026-9-17-06-34-34.ulg,q,0.2749317464513342,130
validation,1,planned,9.17数据/log_10_2026-9-17-06-34-34.ulg,r,0.08023346342733816,130
validation,1,planned,9.17数据/log_11_2026-9-17-06-40-30.ulg,vx,0.05212376690820061,145
validation,1,planned,9.17数据/log_11_2026-9-17-06-40-30.ulg,vy,0.043914297247929335,145
validation,1,planned,9.17数据/log_11_2026-9-17-06-40-30.ulg,vz,0.06579013579131546,145
validation,1,planned,9.17数据/log_11_2026-9-17-06-40-30.ulg,p,0.5063339774002911,145
validation,1,planned,9.17数据/log_11_2026-9-17-06-40-30.ulg,q,0.24494304787832175,145
validation,1,planned,9.17数据/log_11_2026-9-17-06-40-30.ulg,r,0.0723247085031546,145
validation,1,planned,9.17数据/log_12_2026-9-17-06-46-02.ulg,vx,0.05651861230029291,144
validation,1,planned,9.17数据/log_12_2026-9-17-06-46-02.ulg,vy,0.058098588233300184,144
validation,1,planned,9.17数据/log_12_2026-9-17-06-46-02.ulg,vz,0.07709900038149406,144
validation,1,planned,9.17数据/log_12_2026-9-17-06-46-02.ulg,p,0.47359919116740123,144
validation,1,planned,9.17数据/log_12_2026-9-17-06-46-02.ulg,q,0.23831283991129143,144
validation,1,planned,9.17数据/log_12_2026-9-17-06-46-02.ulg,r,0.0731990037369857,144
validation,1,planned,9.17数据/log_13_2026-9-17-06-52-30.ulg,vx,0.06159152050310517,153
validation,1,planned,9.17数据/log_13_2026-9-17-06-52-30.ulg,vy,0.05839968426533372,153
validation,1,planned,9.17数据/log_13_2026-9-17-06-52-30.ulg,vz,0.08433683792175599,153
validation,1,planned,9.17数据/log_13_2026-9-17-06-52-30.ulg,p,0.477313216015591,153
validation,1,planned,9.17数据/log_13_2026-9-17-06-52-30.ulg,q,0.27813150814600357,153
validation,1,planned,9.17数据/log_13_2026-9-17-06-52-30.ulg,r,0.08104348231759487,153
validation,1,planned,9.17数据/log_6_2026-9-17-06-02-24.ulg,vx,0.04477995956703312,138
validation,1,planned,9.17数据/log_6_2026-9-17-06-02-24.ulg,vy,0.055701732261623185,138
validation,1,planned,9.17数据/log_6_2026-9-17-06-02-24.ulg,vz,0.06433404585663825,138
validation,1,planned,9.17数据/log_6_2026-9-17-06-02-24.ulg,p,0.39940040954559386,138
validation,1,planned,9.17数据/log_6_2026-9-17-06-02-24.ulg,q,0.23460242258320588,138
validation,1,planned,9.17数据/log_6_2026-9-17-06-02-24.ulg,r,0.06717049340837072,138
validation,1,planned,9.17数据/log_7_2026-9-17-06-12-16.ulg,vx,0.05464457351145378,131
validation,1,planned,9.17数据/log_7_2026-9-17-06-12-16.ulg,vy,0.04599416171036573,131
validation,1,planned,9.17数据/log_7_2026-9-17-06-12-16.ulg,vz,0.07664041932620669,131
validation,1,planned,9.17数据/log_7_2026-9-17-06-12-16.ulg,p,0.4429287578566071,131
validation,1,planned,9.17数据/log_7_2026-9-17-06-12-16.ulg,q,0.2378000766593582,131
validation,1,planned,9.17数据/log_7_2026-9-17-06-12-16.ulg,r,0.07091172912346427,131
validation,1,planned,9.17数据/log_8_2026-9-17-06-17-52.ulg,vx,0.06251208018546717,146
validation,1,planned,9.17数据/log_8_2026-9-17-06-17-52.ulg,vy,0.058756165068661964,146
validation,1,planned,9.17数据/log_8_2026-9-17-06-17-52.ulg,vz,0.07897886062666053,146
validation,1,planned,9.17数据/log_8_2026-9-17-06-17-52.ulg,p,0.47909171739405226,146
validation,1,planned,9.17数据/log_8_2026-9-17-06-17-52.ulg,q,0.22387645568467301,146
validation,1,planned,9.17数据/log_8_2026-9-17-06-17-52.ulg,r,0.0679891839474229,146
validation,1,planned,9.17数据/log_9_2026-9-17-06-28-10.ulg,vx,0.062002314874421705,114
validation,1,planned,9.17数据/log_9_2026-9-17-06-28-10.ulg,vy,0.050835154226419994,114
validation,1,planned,9.17数据/log_9_2026-9-17-06-28-10.ulg,vz,0.06762806548930249,114
validation,1,planned,9.17数据/log_9_2026-9-17-06-28-10.ulg,p,0.44933221384497063,114
validation,1,planned,9.17数据/log_9_2026-9-17-06-28-10.ulg,q,0.24483626216012686,114
validation,1,planned,9.17数据/log_9_2026-9-17-06-28-10.ulg,r,0.09061149211990568,114
train_oof,5,history,2026.9.6/log_17_2026-9-6-18-34-06.ulg,vx,0.20783936100062025,895
train_oof,5,history,2026.9.6/log_17_2026-9-6-18-34-06.ulg,vy,0.2408709066812245,895
train_oof,5,history,2026.9.6/log_17_2026-9-6-18-34-06.ulg,vz,0.22592796581687843,895
train_oof,5,history,2026.9.6/log_17_2026-9-6-18-34-06.ulg,p,0.46693007420693067,895
train_oof,5,history,2026.9.6/log_17_2026-9-6-18-34-06.ulg,q,0.32640540527929973,895
train_oof,5,history,2026.9.6/log_17_2026-9-6-18-34-06.ulg,r,0.13395285416611963,895
train_oof,5,history,2026.9.6/log_18_2026-9-6-18-46-20.ulg,vx,0.2025769322521233,695
train_oof,5,history,2026.9.6/log_18_2026-9-6-18-46-20.ulg,vy,0.23659968986938915,695
train_oof,5,history,2026.9.6/log_18_2026-9-6-18-46-20.ulg,vz,0.22313742665572792,695
train_oof,5,history,2026.9.6/log_18_2026-9-6-18-46-20.ulg,p,0.5317747785852409,695
train_oof,5,history,2026.9.6/log_18_2026-9-6-18-46-20.ulg,q,0.32217254341236196,695
train_oof,5,history,2026.9.6/log_18_2026-9-6-18-46-20.ulg,r,0.14934069171726777,695
train_oof,5,history,2026.9.6/log_19_2026-9-6-18-52-30.ulg,vx,0.17656583621612362,774
train_oof,5,history,2026.9.6/log_19_2026-9-6-18-52-30.ulg,vy,0.20162498205632276,774
train_oof,5,history,2026.9.6/log_19_2026-9-6-18-52-30.ulg,vz,0.20010563965036102,774
train_oof,5,history,2026.9.6/log_19_2026-9-6-18-52-30.ulg,p,0.5447871447123461,774
train_oof,5,history,2026.9.6/log_19_2026-9-6-18-52-30.ulg,q,0.31991290596304583,774
train_oof,5,history,2026.9.6/log_19_2026-9-6-18-52-30.ulg,r,0.13865836093823622,774
train_oof,5,history,2026.9.6/log_20_2026-9-6-18-58-10.ulg,vx,0.2694085541649477,588
train_oof,5,history,2026.9.6/log_20_2026-9-6-18-58-10.ulg,vy,0.21473030891285463,588
train_oof,5,history,2026.9.6/log_20_2026-9-6-18-58-10.ulg,vz,0.2427500447404436,588
train_oof,5,history,2026.9.6/log_20_2026-9-6-18-58-10.ulg,p,0.5385358861757475,588
train_oof,5,history,2026.9.6/log_20_2026-9-6-18-58-10.ulg,q,0.336590408327604,588
train_oof,5,history,2026.9.6/log_20_2026-9-6-18-58-10.ulg,r,0.1395299680119029,588
train_oof,5,history,2026.9.6/log_24_2026-9-6-06-28-38.ulg,vx,0.224626883211089,702
train_oof,5,history,2026.9.6/log_24_2026-9-6-06-28-38.ulg,vy,0.2588401655854498,702
train_oof,5,history,2026.9.6/log_24_2026-9-6-06-28-38.ulg,vz,0.24066103923268864,702
train_oof,5,history,2026.9.6/log_24_2026-9-6-06-28-38.ulg,p,0.4035658084708669,702
train_oof,5,history,2026.9.6/log_24_2026-9-6-06-28-38.ulg,q,0.41851754258974727,702
train_oof,5,history,2026.9.6/log_24_2026-9-6-06-28-38.ulg,r,0.1567720574330153,702
train_oof,5,history,2026.9.6/log_28_2026-9-6-07-01-38.ulg,vx,0.2304281884271027,727
train_oof,5,history,2026.9.6/log_28_2026-9-6-07-01-38.ulg,vy,0.2670123382623482,727
train_oof,5,history,2026.9.6/log_28_2026-9-6-07-01-38.ulg,vz,0.2755977966904375,727
train_oof,5,history,2026.9.6/log_28_2026-9-6-07-01-38.ulg,p,0.49577666577580143,727
train_oof,5,history,2026.9.6/log_28_2026-9-6-07-01-38.ulg,q,0.43015924706196557,727
train_oof,5,history,2026.9.6/log_28_2026-9-6-07-01-38.ulg,r,0.18176965048322338,727
train_oof,5,history,9.11数据/log_13_2026-9-11-18-28-08.ulg,vx,0.17816918381572913,447
train_oof,5,history,9.11数据/log_13_2026-9-11-18-28-08.ulg,vy,0.20391958063043714,447
train_oof,5,history,9.11数据/log_13_2026-9-11-18-28-08.ulg,vz,0.2533916921922264,447
train_oof,5,history,9.11数据/log_13_2026-9-11-18-28-08.ulg,p,0.4383052172827402,447
train_oof,5,history,9.11数据/log_13_2026-9-11-18-28-08.ulg,q,0.3752214015040238,447
train_oof,5,history,9.11数据/log_13_2026-9-11-18-28-08.ulg,r,0.14930861800401107,447
train_oof,5,history,9.11数据/log_14_2026-9-11-18-34-58.ulg,vx,0.17931569154095936,592
train_oof,5,history,9.11数据/log_14_2026-9-11-18-34-58.ulg,vy,0.16523637854979076,592
train_oof,5,history,9.11数据/log_14_2026-9-11-18-34-58.ulg,vz,0.22215619243679566,592
train_oof,5,history,9.11数据/log_14_2026-9-11-18-34-58.ulg,p,0.36390559890725727,592
train_oof,5,history,9.11数据/log_14_2026-9-11-18-34-58.ulg,q,0.3541700580297154,592
train_oof,5,history,9.11数据/log_14_2026-9-11-18-34-58.ulg,r,0.13344529123621574,592
train_oof,5,history,9.11数据/log_15_2026-9-11-18-40-48.ulg,vx,0.2436071408349259,440
train_oof,5,history,9.11数据/log_15_2026-9-11-18-40-48.ulg,vy,0.2412420423565765,440
train_oof,5,history,9.11数据/log_15_2026-9-11-18-40-48.ulg,vz,0.2566362167113213,440
train_oof,5,history,9.11数据/log_15_2026-9-11-18-40-48.ulg,p,0.4489376827345746,440
train_oof,5,history,9.11数据/log_15_2026-9-11-18-40-48.ulg,q,0.39076641077459134,440
train_oof,5,history,9.11数据/log_15_2026-9-11-18-40-48.ulg,r,0.18657846064198755,440
train_oof,5,history,9.12数据/log_10_2026-9-12-06-13-40.ulg,vx,0.20889090930551668,758
train_oof,5,history,9.12数据/log_10_2026-9-12-06-13-40.ulg,vy,0.2369672948965532,758
train_oof,5,history,9.12数据/log_10_2026-9-12-06-13-40.ulg,vz,0.20226616975622125,758
train_oof,5,history,9.12数据/log_10_2026-9-12-06-13-40.ulg,p,0.510713075392921,758
train_oof,5,history,9.12数据/log_10_2026-9-12-06-13-40.ulg,q,0.3112997636001839,758
train_oof,5,history,9.12数据/log_10_2026-9-12-06-13-40.ulg,r,0.1353724006927547,758
train_oof,5,history,9.12数据/log_11_2026-9-12-06-21-12.ulg,vx,0.1921659856621059,720
train_oof,5,history,9.12数据/log_11_2026-9-12-06-21-12.ulg,vy,0.22207564414908942,720
train_oof,5,history,9.12数据/log_11_2026-9-12-06-21-12.ulg,vz,0.21065652840766722,720
train_oof,5,history,9.12数据/log_11_2026-9-12-06-21-12.ulg,p,0.5684280611307894,720
train_oof,5,history,9.12数据/log_11_2026-9-12-06-21-12.ulg,q,0.33857622450771613,720
train_oof,5,history,9.12数据/log_11_2026-9-12-06-21-12.ulg,r,0.14208899415636975,720
train_oof,5,history,9.12数据/log_12_2026-9-12-06-29-44.ulg,vx,0.1926179955046293,683
train_oof,5,history,9.12数据/log_12_2026-9-12-06-29-44.ulg,vy,0.25218366508085344,683
train_oof,5,history,9.12数据/log_12_2026-9-12-06-29-44.ulg,vz,0.2481058946389225,683
train_oof,5,history,9.12数据/log_12_2026-9-12-06-29-44.ulg,p,0.5419188634164053,683
train_oof,5,history,9.12数据/log_12_2026-9-12-06-29-44.ulg,q,0.3683087827281536,683
train_oof,5,history,9.12数据/log_12_2026-9-12-06-29-44.ulg,r,0.1369689675728666,683
train_oof,5,history,9.12数据/log_2_2026-9-12-18-32-54.ulg,vx,0.18813620190539543,753
train_oof,5,history,9.12数据/log_2_2026-9-12-18-32-54.ulg,vy,0.17297250307261955,753
train_oof,5,history,9.12数据/log_2_2026-9-12-18-32-54.ulg,vz,0.1813779203134946,753
train_oof,5,history,9.12数据/log_2_2026-9-12-18-32-54.ulg,p,0.4026713611165222,753
train_oof,5,history,9.12数据/log_2_2026-9-12-18-32-54.ulg,q,0.3157186041908889,753
train_oof,5,history,9.12数据/log_2_2026-9-12-18-32-54.ulg,r,0.11287719684845049,753
train_oof,5,history,9.12数据/log_3_2026-9-12-18-40-02.ulg,vx,0.1956759207465768,792
train_oof,5,history,9.12数据/log_3_2026-9-12-18-40-02.ulg,vy,0.17429397054539075,792
train_oof,5,history,9.12数据/log_3_2026-9-12-18-40-02.ulg,vz,0.20465580951298631,792
train_oof,5,history,9.12数据/log_3_2026-9-12-18-40-02.ulg,p,0.43560290684241854,792
train_oof,5,history,9.12数据/log_3_2026-9-12-18-40-02.ulg,q,0.33664786591771734,792
train_oof,5,history,9.12数据/log_3_2026-9-12-18-40-02.ulg,r,0.11624329676294812,792
train_oof,5,history,9.12数据/log_7_2026-9-12-05-49-02.ulg,vx,0.17400224019346566,655
train_oof,5,history,9.12数据/log_7_2026-9-12-05-49-02.ulg,vy,0.22597377473803806,655
train_oof,5,history,9.12数据/log_7_2026-9-12-05-49-02.ulg,vz,0.25941385386352594,655
train_oof,5,history,9.12数据/log_7_2026-9-12-05-49-02.ulg,p,0.4516954851887926,655
train_oof,5,history,9.12数据/log_7_2026-9-12-05-49-02.ulg,q,0.3758964512263516,655
train_oof,5,history,9.12数据/log_7_2026-9-12-05-49-02.ulg,r,0.14579382819978462,655
train_oof,5,history,9.12数据/log_8_2026-9-12-05-55-30.ulg,vx,0.1944349772124391,815
train_oof,5,history,9.12数据/log_8_2026-9-12-05-55-30.ulg,vy,0.213442542807822,815
train_oof,5,history,9.12数据/log_8_2026-9-12-05-55-30.ulg,vz,0.22775563242753946,815
train_oof,5,history,9.12数据/log_8_2026-9-12-05-55-30.ulg,p,0.5332799488237289,815
train_oof,5,history,9.12数据/log_8_2026-9-12-05-55-30.ulg,q,0.3527977304455367,815
train_oof,5,history,9.12数据/log_8_2026-9-12-05-55-30.ulg,r,0.14694026853168127,815
train_oof,5,history,9.12数据/log_9_2026-9-12-06-03-32.ulg,vx,0.20229619518428268,1017
train_oof,5,history,9.12数据/log_9_2026-9-12-06-03-32.ulg,vy,0.21264211929999688,1017
train_oof,5,history,9.12数据/log_9_2026-9-12-06-03-32.ulg,vz,0.23087274670850572,1017
train_oof,5,history,9.12数据/log_9_2026-9-12-06-03-32.ulg,p,0.5128865833368484,1017
train_oof,5,history,9.12数据/log_9_2026-9-12-06-03-32.ulg,q,0.3479711228693087,1017
train_oof,5,history,9.12数据/log_9_2026-9-12-06-03-32.ulg,r,0.14214080113175195,1017
train_oof,5,history,9.13数据/log_1_2026-9-13-06-11-06.ulg,vx,0.17873249262149724,712
train_oof,5,history,9.13数据/log_1_2026-9-13-06-11-06.ulg,vy,0.17709562098544587,712
train_oof,5,history,9.13数据/log_1_2026-9-13-06-11-06.ulg,vz,0.20483683261635538,712
train_oof,5,history,9.13数据/log_1_2026-9-13-06-11-06.ulg,p,0.3511146252643688,712
train_oof,5,history,9.13数据/log_1_2026-9-13-06-11-06.ulg,q,0.32351439286826866,712
train_oof,5,history,9.13数据/log_1_2026-9-13-06-11-06.ulg,r,0.09187819261502696,712
train_oof,5,history,9.13数据/log_2_2026-9-13-06-20-06.ulg,vx,0.19464867930074048,710
train_oof,5,history,9.13数据/log_2_2026-9-13-06-20-06.ulg,vy,0.1738338054689785,710
train_oof,5,history,9.13数据/log_2_2026-9-13-06-20-06.ulg,vz,0.1883812130171827,710
train_oof,5,history,9.13数据/log_2_2026-9-13-06-20-06.ulg,p,0.3884310163627898,710
train_oof,5,history,9.13数据/log_2_2026-9-13-06-20-06.ulg,q,0.34303990297130293,710
train_oof,5,history,9.13数据/log_2_2026-9-13-06-20-06.ulg,r,0.0980828332013109,710
train_oof,5,history,9.13数据/log_3_2026-9-13-06-31-26.ulg,vx,0.19727206229391545,710
train_oof,5,history,9.13数据/log_3_2026-9-13-06-31-26.ulg,vy,0.19635156929156164,710
train_oof,5,history,9.13数据/log_3_2026-9-13-06-31-26.ulg,vz,0.21646796282919173,710
train_oof,5,history,9.13数据/log_3_2026-9-13-06-31-26.ulg,p,0.4573803014918196,710
train_oof,5,history,9.13数据/log_3_2026-9-13-06-31-26.ulg,q,0.36275340112101,710
train_oof,5,history,9.13数据/log_3_2026-9-13-06-31-26.ulg,r,0.11605193401421544,710
train_oof,5,history,9.13数据/log_4_2026-9-13-06-36-26.ulg,vx,0.17873391858416612,696
train_oof,5,history,9.13数据/log_4_2026-9-13-06-36-26.ulg,vy,0.1968974194200948,696
train_oof,5,history,9.13数据/log_4_2026-9-13-06-36-26.ulg,vz,0.19605562252021372,696
train_oof,5,history,9.13数据/log_4_2026-9-13-06-36-26.ulg,p,0.3824775225825612,696
train_oof,5,history,9.13数据/log_4_2026-9-13-06-36-26.ulg,q,0.3073819086345053,696
train_oof,5,history,9.13数据/log_4_2026-9-13-06-36-26.ulg,r,0.10402120797875591,696
train_oof,5,history,9.13数据/log_5_2026-9-13-06-42-40.ulg,vx,0.18575182105376484,730
train_oof,5,history,9.13数据/log_5_2026-9-13-06-42-40.ulg,vy,0.18673462126446497,730
train_oof,5,history,9.13数据/log_5_2026-9-13-06-42-40.ulg,vz,0.19995030564219837,730
train_oof,5,history,9.13数据/log_5_2026-9-13-06-42-40.ulg,p,0.45279638189012933,730
train_oof,5,history,9.13数据/log_5_2026-9-13-06-42-40.ulg,q,0.33626665872306655,730
train_oof,5,history,9.13数据/log_5_2026-9-13-06-42-40.ulg,r,0.10699287011692121,730
train_oof,5,history,9.13数据/log_7_2026-9-13-18-12-52.ulg,vx,0.20072121692500292,450
train_oof,5,history,9.13数据/log_7_2026-9-13-18-12-52.ulg,vy,0.22797433502062073,450
train_oof,5,history,9.13数据/log_7_2026-9-13-18-12-52.ulg,vz,0.21150020560688879,450
train_oof,5,history,9.13数据/log_7_2026-9-13-18-12-52.ulg,p,0.6037641948605347,450
train_oof,5,history,9.13数据/log_7_2026-9-13-18-12-52.ulg,q,0.34092057731195047,450
train_oof,5,history,9.13数据/log_7_2026-9-13-18-12-52.ulg,r,0.13472399367294155,450
train_oof,5,history,9.14数据/log_11_2026-9-14-18-13-22.ulg,vx,0.19224377807733709,756
train_oof,5,history,9.14数据/log_11_2026-9-14-18-13-22.ulg,vy,0.19778071597915356,756
train_oof,5,history,9.14数据/log_11_2026-9-14-18-13-22.ulg,vz,0.2215250233538907,756
train_oof,5,history,9.14数据/log_11_2026-9-14-18-13-22.ulg,p,0.5680172050715071,756
train_oof,5,history,9.14数据/log_11_2026-9-14-18-13-22.ulg,q,0.38061472123171236,756
train_oof,5,history,9.14数据/log_11_2026-9-14-18-13-22.ulg,r,0.13576647264783354,756
train_oof,5,history,9.14数据/log_12_2026-9-14-18-20-30.ulg,vx,0.1856397630185892,768
train_oof,5,history,9.14数据/log_12_2026-9-14-18-20-30.ulg,vy,0.17936992706138502,768
train_oof,5,history,9.14数据/log_12_2026-9-14-18-20-30.ulg,vz,0.22591788024987824,768
train_oof,5,history,9.14数据/log_12_2026-9-14-18-20-30.ulg,p,0.581385175330586,768
train_oof,5,history,9.14数据/log_12_2026-9-14-18-20-30.ulg,q,0.3518115792557947,768
train_oof,5,history,9.14数据/log_12_2026-9-14-18-20-30.ulg,r,0.15578352760585035,768
train_oof,5,history,9.14数据/log_13_2026-9-14-18-28-32.ulg,vx,0.2276405980538153,883
train_oof,5,history,9.14数据/log_13_2026-9-14-18-28-32.ulg,vy,0.21381826985694075,883
train_oof,5,history,9.14数据/log_13_2026-9-14-18-28-32.ulg,vz,0.21964197401382168,883
train_oof,5,history,9.14数据/log_13_2026-9-14-18-28-32.ulg,p,0.5596746397027007,883
train_oof,5,history,9.14数据/log_13_2026-9-14-18-28-32.ulg,q,0.35472195346411717,883
train_oof,5,history,9.14数据/log_13_2026-9-14-18-28-32.ulg,r,0.1461461698075082,883
train_oof,5,history,9.14数据/log_14_2026-9-14-18-34-22.ulg,vx,0.19265323298038844,600
train_oof,5,history,9.14数据/log_14_2026-9-14-18-34-22.ulg,vy,0.19628228486898294,600
train_oof,5,history,9.14数据/log_14_2026-9-14-18-34-22.ulg,vz,0.27851081894729535,600
train_oof,5,history,9.14数据/log_14_2026-9-14-18-34-22.ulg,p,0.9876639249362443,600
train_oof,5,history,9.14数据/log_14_2026-9-14-18-34-22.ulg,q,0.3912384635358421,600
train_oof,5,history,9.14数据/log_14_2026-9-14-18-34-22.ulg,r,0.2221721615796326,600
train_oof,5,history,9.15数据/log_10_2026-9-15-17-44-04.ulg,vx,0.20954205375325102,594
train_oof,5,history,9.15数据/log_10_2026-9-15-17-44-04.ulg,vy,0.217485811687745,594
train_oof,5,history,9.15数据/log_10_2026-9-15-17-44-04.ulg,vz,0.2612351462012505,594
train_oof,5,history,9.15数据/log_10_2026-9-15-17-44-04.ulg,p,0.3715364337932532,594
train_oof,5,history,9.15数据/log_10_2026-9-15-17-44-04.ulg,q,0.5444630839137525,594
train_oof,5,history,9.15数据/log_10_2026-9-15-17-44-04.ulg,r,0.1577245723309576,594
train_oof,5,history,9.15数据/log_11_2026-9-15-17-51-56.ulg,vx,0.23106791675993496,538
train_oof,5,history,9.15数据/log_11_2026-9-15-17-51-56.ulg,vy,0.20723765188902377,538
train_oof,5,history,9.15数据/log_11_2026-9-15-17-51-56.ulg,vz,0.27415954732779646,538
train_oof,5,history,9.15数据/log_11_2026-9-15-17-51-56.ulg,p,0.42767776387820894,538
train_oof,5,history,9.15数据/log_11_2026-9-15-17-51-56.ulg,q,0.4126885184176141,538
train_oof,5,history,9.15数据/log_11_2026-9-15-17-51-56.ulg,r,0.15771273965570626,538
train_oof,5,history,9.15数据/log_12_2026-9-15-18-03-58.ulg,vx,0.17760778032539137,704
train_oof,5,history,9.15数据/log_12_2026-9-15-18-03-58.ulg,vy,0.18131950519703197,704
train_oof,5,history,9.15数据/log_12_2026-9-15-18-03-58.ulg,vz,0.23659431261589478,704
train_oof,5,history,9.15数据/log_12_2026-9-15-18-03-58.ulg,p,0.37214626944156887,704
train_oof,5,history,9.15数据/log_12_2026-9-15-18-03-58.ulg,q,0.34991201732147653,704
train_oof,5,history,9.15数据/log_12_2026-9-15-18-03-58.ulg,r,0.13161991441961596,704
train_oof,5,history,9.15数据/log_13_2026-9-15-18-10-58.ulg,vx,0.19068599413402226,690
train_oof,5,history,9.15数据/log_13_2026-9-15-18-10-58.ulg,vy,0.18528577019930226,690
train_oof,5,history,9.15数据/log_13_2026-9-15-18-10-58.ulg,vz,0.20072856746191947,690
train_oof,5,history,9.15数据/log_13_2026-9-15-18-10-58.ulg,p,0.33990062537045374,690
train_oof,5,history,9.15数据/log_13_2026-9-15-18-10-58.ulg,q,0.35089983378062367,690
train_oof,5,history,9.15数据/log_13_2026-9-15-18-10-58.ulg,r,0.11730294883389736,690
train_oof,5,history,9.15数据/log_14_2026-9-15-18-17-26.ulg,vx,0.19138705234101103,685
train_oof,5,history,9.15数据/log_14_2026-9-15-18-17-26.ulg,vy,0.18161770200724056,685
train_oof,5,history,9.15数据/log_14_2026-9-15-18-17-26.ulg,vz,0.22017722518311597,685
train_oof,5,history,9.15数据/log_14_2026-9-15-18-17-26.ulg,p,0.36411372599955444,685
train_oof,5,history,9.15数据/log_14_2026-9-15-18-17-26.ulg,q,0.34528831431366974,685
train_oof,5,history,9.15数据/log_14_2026-9-15-18-17-26.ulg,r,0.1314940058902269,685
train_oof,5,history,9.15数据/log_15_2026-9-15-18-23-44.ulg,vx,0.19949532739011858,702
train_oof,5,history,9.15数据/log_15_2026-9-15-18-23-44.ulg,vy,0.19040829586578678,702
train_oof,5,history,9.15数据/log_15_2026-9-15-18-23-44.ulg,vz,0.221031570330517,702
train_oof,5,history,9.15数据/log_15_2026-9-15-18-23-44.ulg,p,0.34314821619101343,702
train_oof,5,history,9.15数据/log_15_2026-9-15-18-23-44.ulg,q,0.3586388087350411,702
train_oof,5,history,9.15数据/log_15_2026-9-15-18-23-44.ulg,r,0.12948067646574843,702
train_oof,5,history,9.16数据/log_1_2026-9-16-18-02-34.ulg,vx,0.1758465993898162,576
train_oof,5,history,9.16数据/log_1_2026-9-16-18-02-34.ulg,vy,0.21083249621374434,576
train_oof,5,history,9.16数据/log_1_2026-9-16-18-02-34.ulg,vz,0.23197455158951907,576
train_oof,5,history,9.16数据/log_1_2026-9-16-18-02-34.ulg,p,0.36269186561049316,576
train_oof,5,history,9.16数据/log_1_2026-9-16-18-02-34.ulg,q,0.3677299927390563,576
train_oof,5,history,9.16数据/log_1_2026-9-16-18-02-34.ulg,r,0.14291500070886418,576
train_oof,5,history,9.16数据/log_2_2026-9-16-18-08-46.ulg,vx,0.20929734243966888,691
train_oof,5,history,9.16数据/log_2_2026-9-16-18-08-46.ulg,vy,0.19233562662026543,691
train_oof,5,history,9.16数据/log_2_2026-9-16-18-08-46.ulg,vz,0.24098570346591786,691
train_oof,5,history,9.16数据/log_2_2026-9-16-18-08-46.ulg,p,0.3434958174864104,691
train_oof,5,history,9.16数据/log_2_2026-9-16-18-08-46.ulg,q,0.3810401175346818,691
train_oof,5,history,9.16数据/log_2_2026-9-16-18-08-46.ulg,r,0.12904597564655007,691
train_oof,5,history,9.16数据/log_3_2026-9-16-18-13-58.ulg,vx,0.1791177185743691,521
train_oof,5,history,9.16数据/log_3_2026-9-16-18-13-58.ulg,vy,0.18388736418239746,521
train_oof,5,history,9.16数据/log_3_2026-9-16-18-13-58.ulg,vz,0.2362925373524403,521
train_oof,5,history,9.16数据/log_3_2026-9-16-18-13-58.ulg,p,0.33746982785863894,521
train_oof,5,history,9.16数据/log_3_2026-9-16-18-13-58.ulg,q,0.3720707473152091,521
train_oof,5,history,9.16数据/log_3_2026-9-16-18-13-58.ulg,r,0.12806185642598356,521
train_oof,5,history,9.16数据/log_4_2026-9-16-18-20-50.ulg,vx,0.2059612612844573,689
train_oof,5,history,9.16数据/log_4_2026-9-16-18-20-50.ulg,vy,0.21059247556649308,689
train_oof,5,history,9.16数据/log_4_2026-9-16-18-20-50.ulg,vz,0.24337394023224107,689
train_oof,5,history,9.16数据/log_4_2026-9-16-18-20-50.ulg,p,0.3388090031710293,689
train_oof,5,history,9.16数据/log_4_2026-9-16-18-20-50.ulg,q,0.37900384579644364,689
train_oof,5,history,9.16数据/log_4_2026-9-16-18-20-50.ulg,r,0.13330286938560829,689
train_oof,5,history,9.16数据/log_5_2026-9-16-18-26-48.ulg,vx,0.19570311921719447,658
train_oof,5,history,9.16数据/log_5_2026-9-16-18-26-48.ulg,vy,0.19881113914425033,658
train_oof,5,history,9.16数据/log_5_2026-9-16-18-26-48.ulg,vz,0.19540457924660443,658
train_oof,5,history,9.16数据/log_5_2026-9-16-18-26-48.ulg,p,0.43385397929895436,658
train_oof,5,history,9.16数据/log_5_2026-9-16-18-26-48.ulg,q,0.3522478044305063,658
train_oof,5,history,9.16数据/log_5_2026-9-16-18-26-48.ulg,r,0.12054571373603525,658
train_oof,5,history,9.18数据/log_0_2026-9-18-18-15-06.ulg,vx,0.21370233289353502,742
train_oof,5,history,9.18数据/log_0_2026-9-18-18-15-06.ulg,vy,0.2495676648518339,742
train_oof,5,history,9.18数据/log_0_2026-9-18-18-15-06.ulg,vz,0.3433435576169288,742
train_oof,5,history,9.18数据/log_0_2026-9-18-18-15-06.ulg,p,0.41282074561090587,742
train_oof,5,history,9.18数据/log_0_2026-9-18-18-15-06.ulg,q,0.49598277068657987,742
train_oof,5,history,9.18数据/log_0_2026-9-18-18-15-06.ulg,r,0.16932474673620374,742
train_oof,5,history,9.18数据/log_1_2026-9-18-18-23-36.ulg,vx,0.22831534497644382,693
train_oof,5,history,9.18数据/log_1_2026-9-18-18-23-36.ulg,vy,0.3045094394353,693
train_oof,5,history,9.18数据/log_1_2026-9-18-18-23-36.ulg,vz,0.29005112484811646,693
train_oof,5,history,9.18数据/log_1_2026-9-18-18-23-36.ulg,p,0.49562066959438483,693
train_oof,5,history,9.18数据/log_1_2026-9-18-18-23-36.ulg,q,0.44631753950594866,693
train_oof,5,history,9.18数据/log_1_2026-9-18-18-23-36.ulg,r,0.21574127514036745,693
train_oof,5,history,9.18数据/log_2_2026-9-18-18-29-40.ulg,vx,0.20607053361121752,742
train_oof,5,history,9.18数据/log_2_2026-9-18-18-29-40.ulg,vy,0.2653537667531386,742
train_oof,5,history,9.18数据/log_2_2026-9-18-18-29-40.ulg,vz,0.2926071401942184,742
train_oof,5,history,9.18数据/log_2_2026-9-18-18-29-40.ulg,p,0.4534565224879391,742
train_oof,5,history,9.18数据/log_2_2026-9-18-18-29-40.ulg,q,0.437634569263007,742
train_oof,5,history,9.18数据/log_2_2026-9-18-18-29-40.ulg,r,0.18069649105307709,742
validation,5,history,2026.9.7/log_21_2026-9-7-05-54-56.ulg,vx,0.17433604173870643,168
validation,5,history,2026.9.7/log_21_2026-9-7-05-54-56.ulg,vy,0.1846820108040935,168
validation,5,history,2026.9.7/log_21_2026-9-7-05-54-56.ulg,vz,0.20689045804526848,168
validation,5,history,2026.9.7/log_21_2026-9-7-05-54-56.ulg,p,0.5232171608063189,168
validation,5,history,2026.9.7/log_21_2026-9-7-05-54-56.ulg,q,0.3776826902419759,168
validation,5,history,2026.9.7/log_21_2026-9-7-05-54-56.ulg,r,0.1340113508295911,168
validation,5,history,2026.9.7/log_22_2026-9-7-06-01-40.ulg,vx,0.17526906460525127,182
validation,5,history,2026.9.7/log_22_2026-9-7-06-01-40.ulg,vy,0.18467020142192225,182
validation,5,history,2026.9.7/log_22_2026-9-7-06-01-40.ulg,vz,0.20131982325027925,182
validation,5,history,2026.9.7/log_22_2026-9-7-06-01-40.ulg,p,0.5681681307690256,182
validation,5,history,2026.9.7/log_22_2026-9-7-06-01-40.ulg,q,0.3040742055186723,182
validation,5,history,2026.9.7/log_22_2026-9-7-06-01-40.ulg,r,0.13473095467207527,182
validation,5,history,2026.9.7/log_23_2026-9-7-06-09-22.ulg,vx,0.20657919148251772,160
validation,5,history,2026.9.7/log_23_2026-9-7-06-09-22.ulg,vy,0.24532286323222752,160
validation,5,history,2026.9.7/log_23_2026-9-7-06-09-22.ulg,vz,0.2211861223477707,160
validation,5,history,2026.9.7/log_23_2026-9-7-06-09-22.ulg,p,0.529109089169654,160
validation,5,history,2026.9.7/log_23_2026-9-7-06-09-22.ulg,q,0.29844435879864806,160
validation,5,history,2026.9.7/log_23_2026-9-7-06-09-22.ulg,r,0.16237086450384297,160
validation,5,history,2026.9.7/log_24_2026-9-7-06-16-04.ulg,vx,0.1744555740194342,161
validation,5,history,2026.9.7/log_24_2026-9-7-06-16-04.ulg,vy,0.1942261369502686,161
validation,5,history,2026.9.7/log_24_2026-9-7-06-16-04.ulg,vz,0.20962018995498527,161
validation,5,history,2026.9.7/log_24_2026-9-7-06-16-04.ulg,p,0.5482926970717443,161
validation,5,history,2026.9.7/log_24_2026-9-7-06-16-04.ulg,q,0.3073740627901055,161
validation,5,history,2026.9.7/log_24_2026-9-7-06-16-04.ulg,r,0.14031927457847415,161
validation,5,history,2026.9.7/log_26_2026-9-7-06-30-26.ulg,vx,0.2337220963283572,150
validation,5,history,2026.9.7/log_26_2026-9-7-06-30-26.ulg,vy,0.313166656560626,150
validation,5,history,2026.9.7/log_26_2026-9-7-06-30-26.ulg,vz,0.20177503674321776,150
validation,5,history,2026.9.7/log_26_2026-9-7-06-30-26.ulg,p,0.43397161949822344,150
validation,5,history,2026.9.7/log_26_2026-9-7-06-30-26.ulg,q,0.35189077555173726,150
validation,5,history,2026.9.7/log_26_2026-9-7-06-30-26.ulg,r,0.13483827797336284,150
validation,5,history,2026.9.7/log_27_2026-9-7-06-37-24.ulg,vx,0.18941796571594097,155
validation,5,history,2026.9.7/log_27_2026-9-7-06-37-24.ulg,vy,0.22370111612216975,155
validation,5,history,2026.9.7/log_27_2026-9-7-06-37-24.ulg,vz,0.18536215666311362,155
validation,5,history,2026.9.7/log_27_2026-9-7-06-37-24.ulg,p,0.51966110647514,155
validation,5,history,2026.9.7/log_27_2026-9-7-06-37-24.ulg,q,0.30405218508137494,155
validation,5,history,2026.9.7/log_27_2026-9-7-06-37-24.ulg,r,0.1276796826043078,155
validation,5,history,2026.9.7/log_28_2026-9-7-06-44-02.ulg,vx,0.21910113881911483,140
validation,5,history,2026.9.7/log_28_2026-9-7-06-44-02.ulg,vy,0.20972782895578795,140
validation,5,history,2026.9.7/log_28_2026-9-7-06-44-02.ulg,vz,0.1650371585286934,140
validation,5,history,2026.9.7/log_28_2026-9-7-06-44-02.ulg,p,0.5153967209410613,140
validation,5,history,2026.9.7/log_28_2026-9-7-06-44-02.ulg,q,0.32873448084180357,140
validation,5,history,2026.9.7/log_28_2026-9-7-06-44-02.ulg,r,0.13163039213673436,140
validation,5,history,2026.9.7/log_29_2026-9-7-06-51-04.ulg,vx,0.19469731145653985,201
validation,5,history,2026.9.7/log_29_2026-9-7-06-51-04.ulg,vy,0.18123493644633917,201
validation,5,history,2026.9.7/log_29_2026-9-7-06-51-04.ulg,vz,0.18404970517052832,201
validation,5,history,2026.9.7/log_29_2026-9-7-06-51-04.ulg,p,0.5760798273228522,201
validation,5,history,2026.9.7/log_29_2026-9-7-06-51-04.ulg,q,0.294031990616579,201
validation,5,history,2026.9.7/log_29_2026-9-7-06-51-04.ulg,r,0.1389666324100296,201
validation,5,history,2026.9.7/log_30_2026-9-7-06-58-22.ulg,vx,0.23986673277495354,164
validation,5,history,2026.9.7/log_30_2026-9-7-06-58-22.ulg,vy,0.20983864984305062,164
validation,5,history,2026.9.7/log_30_2026-9-7-06-58-22.ulg,vz,0.18759234570615155,164
validation,5,history,2026.9.7/log_30_2026-9-7-06-58-22.ulg,p,0.5087245815636883,164
validation,5,history,2026.9.7/log_30_2026-9-7-06-58-22.ulg,q,0.3182766735546019,164
validation,5,history,2026.9.7/log_30_2026-9-7-06-58-22.ulg,r,0.14406411690344584,164
validation,5,history,9.17数据/log_10_2026-9-17-06-34-34.ulg,vx,0.22712466045131888,130
validation,5,history,9.17数据/log_10_2026-9-17-06-34-34.ulg,vy,0.19468922674985534,130
validation,5,history,9.17数据/log_10_2026-9-17-06-34-34.ulg,vz,0.2102658793661593,130
validation,5,history,9.17数据/log_10_2026-9-17-06-34-34.ulg,p,0.5106467178726563,130
validation,5,history,9.17数据/log_10_2026-9-17-06-34-34.ulg,q,0.37502368830268357,130
validation,5,history,9.17数据/log_10_2026-9-17-06-34-34.ulg,r,0.14216971861906863,130
validation,5,history,9.17数据/log_11_2026-9-17-06-40-30.ulg,vx,0.14023535720745092,145
validation,5,history,9.17数据/log_11_2026-9-17-06-40-30.ulg,vy,0.1785402627100362,145
validation,5,history,9.17数据/log_11_2026-9-17-06-40-30.ulg,vz,0.22296118063324472,145
validation,5,history,9.17数据/log_11_2026-9-17-06-40-30.ulg,p,0.563278764755243,145
validation,5,history,9.17数据/log_11_2026-9-17-06-40-30.ulg,q,0.3577801783348721,145
validation,5,history,9.17数据/log_11_2026-9-17-06-40-30.ulg,r,0.14946994520582,145
validation,5,history,9.17数据/log_12_2026-9-17-06-46-02.ulg,vx,0.1991029511610683,144
validation,5,history,9.17数据/log_12_2026-9-17-06-46-02.ulg,vy,0.1867597130662722,144
validation,5,history,9.17数据/log_12_2026-9-17-06-46-02.ulg,vz,0.22332120423554977,144
validation,5,history,9.17数据/log_12_2026-9-17-06-46-02.ulg,p,0.4918095759466908,144
validation,5,history,9.17数据/log_12_2026-9-17-06-46-02.ulg,q,0.3449399982766751,144
validation,5,history,9.17数据/log_12_2026-9-17-06-46-02.ulg,r,0.1444237589813933,144
validation,5,history,9.17数据/log_13_2026-9-17-06-52-30.ulg,vx,0.2021835715155684,153
validation,5,history,9.17数据/log_13_2026-9-17-06-52-30.ulg,vy,0.2063949760280579,153
validation,5,history,9.17数据/log_13_2026-9-17-06-52-30.ulg,vz,0.28218887102871915,153
validation,5,history,9.17数据/log_13_2026-9-17-06-52-30.ulg,p,0.5374180069726965,153
validation,5,history,9.17数据/log_13_2026-9-17-06-52-30.ulg,q,0.42750142166784094,153
validation,5,history,9.17数据/log_13_2026-9-17-06-52-30.ulg,r,0.13557366826312728,153
validation,5,history,9.17数据/log_6_2026-9-17-06-02-24.ulg,vx,0.18466830521973138,138
validation,5,history,9.17数据/log_6_2026-9-17-06-02-24.ulg,vy,0.22380865109088677,138
validation,5,history,9.17数据/log_6_2026-9-17-06-02-24.ulg,vz,0.220117014278186,138
validation,5,history,9.17数据/log_6_2026-9-17-06-02-24.ulg,p,0.4749149080777966,138
validation,5,history,9.17数据/log_6_2026-9-17-06-02-24.ulg,q,0.42867121062075686,138
validation,5,history,9.17数据/log_6_2026-9-17-06-02-24.ulg,r,0.12242915921544906,138
validation,5,history,9.17数据/log_7_2026-9-17-06-12-16.ulg,vx,0.18396960159877962,131
validation,5,history,9.17数据/log_7_2026-9-17-06-12-16.ulg,vy,0.16692248672803287,131
validation,5,history,9.17数据/log_7_2026-9-17-06-12-16.ulg,vz,0.22553005712982735,131
validation,5,history,9.17数据/log_7_2026-9-17-06-12-16.ulg,p,0.48013861564630733,131
validation,5,history,9.17数据/log_7_2026-9-17-06-12-16.ulg,q,0.41147693485578746,131
validation,5,history,9.17数据/log_7_2026-9-17-06-12-16.ulg,r,0.13039404495617565,131
validation,5,history,9.17数据/log_8_2026-9-17-06-17-52.ulg,vx,0.17818610351210176,146
validation,5,history,9.17数据/log_8_2026-9-17-06-17-52.ulg,vy,0.20812929122361562,146
validation,5,history,9.17数据/log_8_2026-9-17-06-17-52.ulg,vz,0.24094766251746955,146
validation,5,history,9.17数据/log_8_2026-9-17-06-17-52.ulg,p,0.493139415963252,146
validation,5,history,9.17数据/log_8_2026-9-17-06-17-52.ulg,q,0.3995196322397737,146
validation,5,history,9.17数据/log_8_2026-9-17-06-17-52.ulg,r,0.13707116262622773,146
validation,5,history,9.17数据/log_9_2026-9-17-06-28-10.ulg,vx,0.1917431064648568,114
validation,5,history,9.17数据/log_9_2026-9-17-06-28-10.ulg,vy,0.18848834838533335,114
validation,5,history,9.17数据/log_9_2026-9-17-06-28-10.ulg,vz,0.22380220629149536,114
validation,5,history,9.17数据/log_9_2026-9-17-06-28-10.ulg,p,0.5569721647907061,114
validation,5,history,9.17数据/log_9_2026-9-17-06-28-10.ulg,q,0.3648856615655845,114
validation,5,history,9.17数据/log_9_2026-9-17-06-28-10.ulg,r,0.15453145886708913,114
train_oof,5,planned,2026.9.6/log_17_2026-9-6-18-34-06.ulg,vx,0.20750669219393378,895
train_oof,5,planned,2026.9.6/log_17_2026-9-6-18-34-06.ulg,vy,0.2403305762742011,895
train_oof,5,planned,2026.9.6/log_17_2026-9-6-18-34-06.ulg,vz,0.22751121586239936,895
train_oof,5,planned,2026.9.6/log_17_2026-9-6-18-34-06.ulg,p,0.46496885852745595,895
train_oof,5,planned,2026.9.6/log_17_2026-9-6-18-34-06.ulg,q,0.32263698161903626,895
train_oof,5,planned,2026.9.6/log_17_2026-9-6-18-34-06.ulg,r,0.12597787496558763,895
train_oof,5,planned,2026.9.6/log_18_2026-9-6-18-46-20.ulg,vx,0.20243213656000383,695
train_oof,5,planned,2026.9.6/log_18_2026-9-6-18-46-20.ulg,vy,0.23676050894415612,695
train_oof,5,planned,2026.9.6/log_18_2026-9-6-18-46-20.ulg,vz,0.22465643613218136,695
train_oof,5,planned,2026.9.6/log_18_2026-9-6-18-46-20.ulg,p,0.5327410956468048,695
train_oof,5,planned,2026.9.6/log_18_2026-9-6-18-46-20.ulg,q,0.3185571750996487,695
train_oof,5,planned,2026.9.6/log_18_2026-9-6-18-46-20.ulg,r,0.1432220327800755,695
train_oof,5,planned,2026.9.6/log_19_2026-9-6-18-52-30.ulg,vx,0.17637426330801173,774
train_oof,5,planned,2026.9.6/log_19_2026-9-6-18-52-30.ulg,vy,0.20171424233354937,774
train_oof,5,planned,2026.9.6/log_19_2026-9-6-18-52-30.ulg,vz,0.20055898582932186,774
train_oof,5,planned,2026.9.6/log_19_2026-9-6-18-52-30.ulg,p,0.5422720287431048,774
train_oof,5,planned,2026.9.6/log_19_2026-9-6-18-52-30.ulg,q,0.3205366562533076,774
train_oof,5,planned,2026.9.6/log_19_2026-9-6-18-52-30.ulg,r,0.13196750301183227,774
train_oof,5,planned,2026.9.6/log_20_2026-9-6-18-58-10.ulg,vx,0.26958870702527143,588
train_oof,5,planned,2026.9.6/log_20_2026-9-6-18-58-10.ulg,vy,0.21489876365952232,588
train_oof,5,planned,2026.9.6/log_20_2026-9-6-18-58-10.ulg,vz,0.24452125333077054,588
train_oof,5,planned,2026.9.6/log_20_2026-9-6-18-58-10.ulg,p,0.5397646513098364,588
train_oof,5,planned,2026.9.6/log_20_2026-9-6-18-58-10.ulg,q,0.33547051905942077,588
train_oof,5,planned,2026.9.6/log_20_2026-9-6-18-58-10.ulg,r,0.13455294139252433,588
train_oof,5,planned,2026.9.6/log_24_2026-9-6-06-28-38.ulg,vx,0.22462481969159193,702
train_oof,5,planned,2026.9.6/log_24_2026-9-6-06-28-38.ulg,vy,0.2587780737239219,702
train_oof,5,planned,2026.9.6/log_24_2026-9-6-06-28-38.ulg,vz,0.24046726420520403,702
train_oof,5,planned,2026.9.6/log_24_2026-9-6-06-28-38.ulg,p,0.3950921529706973,702
train_oof,5,planned,2026.9.6/log_24_2026-9-6-06-28-38.ulg,q,0.41190181489570815,702
train_oof,5,planned,2026.9.6/log_24_2026-9-6-06-28-38.ulg,r,0.14976426326276068,702
train_oof,5,planned,2026.9.6/log_28_2026-9-6-07-01-38.ulg,vx,0.23052521626644668,727
train_oof,5,planned,2026.9.6/log_28_2026-9-6-07-01-38.ulg,vy,0.26688686113337357,727
train_oof,5,planned,2026.9.6/log_28_2026-9-6-07-01-38.ulg,vz,0.2725453691373169,727
train_oof,5,planned,2026.9.6/log_28_2026-9-6-07-01-38.ulg,p,0.48615552082837055,727
train_oof,5,planned,2026.9.6/log_28_2026-9-6-07-01-38.ulg,q,0.42138636176622923,727
train_oof,5,planned,2026.9.6/log_28_2026-9-6-07-01-38.ulg,r,0.1751047507094788,727
train_oof,5,planned,9.11数据/log_13_2026-9-11-18-28-08.ulg,vx,0.17769777450033708,447
train_oof,5,planned,9.11数据/log_13_2026-9-11-18-28-08.ulg,vy,0.203854933053269,447
train_oof,5,planned,9.11数据/log_13_2026-9-11-18-28-08.ulg,vz,0.24925683296444007,447
train_oof,5,planned,9.11数据/log_13_2026-9-11-18-28-08.ulg,p,0.43545780702315284,447
train_oof,5,planned,9.11数据/log_13_2026-9-11-18-28-08.ulg,q,0.36665770062831543,447
train_oof,5,planned,9.11数据/log_13_2026-9-11-18-28-08.ulg,r,0.14245827595060476,447
train_oof,5,planned,9.11数据/log_14_2026-9-11-18-34-58.ulg,vx,0.17967264867563879,592
train_oof,5,planned,9.11数据/log_14_2026-9-11-18-34-58.ulg,vy,0.1656986440532663,592
train_oof,5,planned,9.11数据/log_14_2026-9-11-18-34-58.ulg,vz,0.21821201064100834,592
train_oof,5,planned,9.11数据/log_14_2026-9-11-18-34-58.ulg,p,0.3570096487699598,592
train_oof,5,planned,9.11数据/log_14_2026-9-11-18-34-58.ulg,q,0.34534074846079366,592
train_oof,5,planned,9.11数据/log_14_2026-9-11-18-34-58.ulg,r,0.12580268065463832,592
train_oof,5,planned,9.11数据/log_15_2026-9-11-18-40-48.ulg,vx,0.24340267026793488,440
train_oof,5,planned,9.11数据/log_15_2026-9-11-18-40-48.ulg,vy,0.24086177708892512,440
train_oof,5,planned,9.11数据/log_15_2026-9-11-18-40-48.ulg,vz,0.2563164465817739,440
train_oof,5,planned,9.11数据/log_15_2026-9-11-18-40-48.ulg,p,0.4348398711343563,440
train_oof,5,planned,9.11数据/log_15_2026-9-11-18-40-48.ulg,q,0.3808435057172287,440
train_oof,5,planned,9.11数据/log_15_2026-9-11-18-40-48.ulg,r,0.17025898032935577,440
train_oof,5,planned,9.12数据/log_10_2026-9-12-06-13-40.ulg,vx,0.2090825825948105,758
train_oof,5,planned,9.12数据/log_10_2026-9-12-06-13-40.ulg,vy,0.23627185615092955,758
train_oof,5,planned,9.12数据/log_10_2026-9-12-06-13-40.ulg,vz,0.20500155789138574,758
train_oof,5,planned,9.12数据/log_10_2026-9-12-06-13-40.ulg,p,0.5087120233292994,758
train_oof,5,planned,9.12数据/log_10_2026-9-12-06-13-40.ulg,q,0.3014670002962336,758
train_oof,5,planned,9.12数据/log_10_2026-9-12-06-13-40.ulg,r,0.12870145199790586,758
train_oof,5,planned,9.12数据/log_11_2026-9-12-06-21-12.ulg,vx,0.19205439843201694,720
train_oof,5,planned,9.12数据/log_11_2026-9-12-06-21-12.ulg,vy,0.2224782889754674,720
train_oof,5,planned,9.12数据/log_11_2026-9-12-06-21-12.ulg,vz,0.2063380151367395,720
train_oof,5,planned,9.12数据/log_11_2026-9-12-06-21-12.ulg,p,0.5629134143884967,720
train_oof,5,planned,9.12数据/log_11_2026-9-12-06-21-12.ulg,q,0.3300329582235412,720
train_oof,5,planned,9.12数据/log_11_2026-9-12-06-21-12.ulg,r,0.13598617922384248,720
train_oof,5,planned,9.12数据/log_12_2026-9-12-06-29-44.ulg,vx,0.19177170246060588,683
train_oof,5,planned,9.12数据/log_12_2026-9-12-06-29-44.ulg,vy,0.25200840788706563,683
train_oof,5,planned,9.12数据/log_12_2026-9-12-06-29-44.ulg,vz,0.24408711737760858,683
train_oof,5,planned,9.12数据/log_12_2026-9-12-06-29-44.ulg,p,0.5402839302407767,683
train_oof,5,planned,9.12数据/log_12_2026-9-12-06-29-44.ulg,q,0.3586210161349348,683
train_oof,5,planned,9.12数据/log_12_2026-9-12-06-29-44.ulg,r,0.1312788401963404,683
train_oof,5,planned,9.12数据/log_2_2026-9-12-18-32-54.ulg,vx,0.18824527227060925,753
train_oof,5,planned,9.12数据/log_2_2026-9-12-18-32-54.ulg,vy,0.17323943424048463,753
train_oof,5,planned,9.12数据/log_2_2026-9-12-18-32-54.ulg,vz,0.173877649208979,753
train_oof,5,planned,9.12数据/log_2_2026-9-12-18-32-54.ulg,p,0.3994451927697511,753
train_oof,5,planned,9.12数据/log_2_2026-9-12-18-32-54.ulg,q,0.30598272654270836,753
train_oof,5,planned,9.12数据/log_2_2026-9-12-18-32-54.ulg,r,0.10876875397226309,753
train_oof,5,planned,9.12数据/log_3_2026-9-12-18-40-02.ulg,vx,0.19553798969134947,792
train_oof,5,planned,9.12数据/log_3_2026-9-12-18-40-02.ulg,vy,0.1739528276163741,792
train_oof,5,planned,9.12数据/log_3_2026-9-12-18-40-02.ulg,vz,0.19913339410516823,792
train_oof,5,planned,9.12数据/log_3_2026-9-12-18-40-02.ulg,p,0.4370354185639654,792
train_oof,5,planned,9.12数据/log_3_2026-9-12-18-40-02.ulg,q,0.32713978208461825,792
train_oof,5,planned,9.12数据/log_3_2026-9-12-18-40-02.ulg,r,0.11119548827696071,792
train_oof,5,planned,9.12数据/log_7_2026-9-12-05-49-02.ulg,vx,0.17436341794285318,655
train_oof,5,planned,9.12数据/log_7_2026-9-12-05-49-02.ulg,vy,0.22626637907125083,655
train_oof,5,planned,9.12数据/log_7_2026-9-12-05-49-02.ulg,vz,0.25834703976345075,655
train_oof,5,planned,9.12数据/log_7_2026-9-12-05-49-02.ulg,p,0.44545102453256546,655
train_oof,5,planned,9.12数据/log_7_2026-9-12-05-49-02.ulg,q,0.3687138209906295,655
train_oof,5,planned,9.12数据/log_7_2026-9-12-05-49-02.ulg,r,0.1385210764288535,655
train_oof,5,planned,9.12数据/log_8_2026-9-12-05-55-30.ulg,vx,0.194493523770354,815
train_oof,5,planned,9.12数据/log_8_2026-9-12-05-55-30.ulg,vy,0.21311213757515918,815
train_oof,5,planned,9.12数据/log_8_2026-9-12-05-55-30.ulg,vz,0.22092712200674966,815
train_oof,5,planned,9.12数据/log_8_2026-9-12-05-55-30.ulg,p,0.5286469697195785,815
train_oof,5,planned,9.12数据/log_8_2026-9-12-05-55-30.ulg,q,0.34156477251664824,815
train_oof,5,planned,9.12数据/log_8_2026-9-12-05-55-30.ulg,r,0.14094395094419387,815
train_oof,5,planned,9.12数据/log_9_2026-9-12-06-03-32.ulg,vx,0.20240043721793857,1017
train_oof,5,planned,9.12数据/log_9_2026-9-12-06-03-32.ulg,vy,0.21231253553456658,1017
train_oof,5,planned,9.12数据/log_9_2026-9-12-06-03-32.ulg,vz,0.22804515007326945,1017
train_oof,5,planned,9.12数据/log_9_2026-9-12-06-03-32.ulg,p,0.5054990800981386,1017
train_oof,5,planned,9.12数据/log_9_2026-9-12-06-03-32.ulg,q,0.3401793921080544,1017
train_oof,5,planned,9.12数据/log_9_2026-9-12-06-03-32.ulg,r,0.13404383252568544,1017
train_oof,5,planned,9.13数据/log_1_2026-9-13-06-11-06.ulg,vx,0.17829526962983977,712
train_oof,5,planned,9.13数据/log_1_2026-9-13-06-11-06.ulg,vy,0.17720799474540055,712
train_oof,5,planned,9.13数据/log_1_2026-9-13-06-11-06.ulg,vz,0.1986879198323107,712
train_oof,5,planned,9.13数据/log_1_2026-9-13-06-11-06.ulg,p,0.34670613617696505,712
train_oof,5,planned,9.13数据/log_1_2026-9-13-06-11-06.ulg,q,0.3151629486263977,712
train_oof,5,planned,9.13数据/log_1_2026-9-13-06-11-06.ulg,r,0.0862899947751075,712
train_oof,5,planned,9.13数据/log_2_2026-9-13-06-20-06.ulg,vx,0.19477955517040801,710
train_oof,5,planned,9.13数据/log_2_2026-9-13-06-20-06.ulg,vy,0.1735967627983274,710
train_oof,5,planned,9.13数据/log_2_2026-9-13-06-20-06.ulg,vz,0.18148923578994275,710
train_oof,5,planned,9.13数据/log_2_2026-9-13-06-20-06.ulg,p,0.3855928519489747,710
train_oof,5,planned,9.13数据/log_2_2026-9-13-06-20-06.ulg,q,0.3344797808566057,710
train_oof,5,planned,9.13数据/log_2_2026-9-13-06-20-06.ulg,r,0.0945424867475629,710
train_oof,5,planned,9.13数据/log_3_2026-9-13-06-31-26.ulg,vx,0.19731272369922723,710
train_oof,5,planned,9.13数据/log_3_2026-9-13-06-31-26.ulg,vy,0.19650356121045529,710
train_oof,5,planned,9.13数据/log_3_2026-9-13-06-31-26.ulg,vz,0.2104706152591493,710
train_oof,5,planned,9.13数据/log_3_2026-9-13-06-31-26.ulg,p,0.4468416299792309,710
train_oof,5,planned,9.13数据/log_3_2026-9-13-06-31-26.ulg,q,0.35423955866454476,710
train_oof,5,planned,9.13数据/log_3_2026-9-13-06-31-26.ulg,r,0.11258094573061511,710
train_oof,5,planned,9.13数据/log_4_2026-9-13-06-36-26.ulg,vx,0.17861603075950727,696
train_oof,5,planned,9.13数据/log_4_2026-9-13-06-36-26.ulg,vy,0.19662121954064757,696
train_oof,5,planned,9.13数据/log_4_2026-9-13-06-36-26.ulg,vz,0.18974447870327368,696
train_oof,5,planned,9.13数据/log_4_2026-9-13-06-36-26.ulg,p,0.37775679046067834,696
train_oof,5,planned,9.13数据/log_4_2026-9-13-06-36-26.ulg,q,0.29666894813031286,696
train_oof,5,planned,9.13数据/log_4_2026-9-13-06-36-26.ulg,r,0.10094991219635531,696
train_oof,5,planned,9.13数据/log_5_2026-9-13-06-42-40.ulg,vx,0.18571826011234258,730
train_oof,5,planned,9.13数据/log_5_2026-9-13-06-42-40.ulg,vy,0.18707137448491618,730
train_oof,5,planned,9.13数据/log_5_2026-9-13-06-42-40.ulg,vz,0.19372425839219792,730
train_oof,5,planned,9.13数据/log_5_2026-9-13-06-42-40.ulg,p,0.44969982719575624,730
train_oof,5,planned,9.13数据/log_5_2026-9-13-06-42-40.ulg,q,0.3296571169535576,730
train_oof,5,planned,9.13数据/log_5_2026-9-13-06-42-40.ulg,r,0.100962766010276,730
train_oof,5,planned,9.13数据/log_7_2026-9-13-18-12-52.ulg,vx,0.20052145212275094,450
train_oof,5,planned,9.13数据/log_7_2026-9-13-18-12-52.ulg,vy,0.2284067671107875,450
train_oof,5,planned,9.13数据/log_7_2026-9-13-18-12-52.ulg,vz,0.1993381998279596,450
train_oof,5,planned,9.13数据/log_7_2026-9-13-18-12-52.ulg,p,0.6009752230741355,450
train_oof,5,planned,9.13数据/log_7_2026-9-13-18-12-52.ulg,q,0.33209342833399524,450
train_oof,5,planned,9.13数据/log_7_2026-9-13-18-12-52.ulg,r,0.13159126135248408,450
train_oof,5,planned,9.14数据/log_11_2026-9-14-18-13-22.ulg,vx,0.19211226668778264,756
train_oof,5,planned,9.14数据/log_11_2026-9-14-18-13-22.ulg,vy,0.1980289416938967,756
train_oof,5,planned,9.14数据/log_11_2026-9-14-18-13-22.ulg,vz,0.21276931929712717,756
train_oof,5,planned,9.14数据/log_11_2026-9-14-18-13-22.ulg,p,0.5639961164498587,756
train_oof,5,planned,9.14数据/log_11_2026-9-14-18-13-22.ulg,q,0.37229976589237795,756
train_oof,5,planned,9.14数据/log_11_2026-9-14-18-13-22.ulg,r,0.13137773295910007,756
train_oof,5,planned,9.14数据/log_12_2026-9-14-18-20-30.ulg,vx,0.1855290303793654,768
train_oof,5,planned,9.14数据/log_12_2026-9-14-18-20-30.ulg,vy,0.17960569696592074,768
train_oof,5,planned,9.14数据/log_12_2026-9-14-18-20-30.ulg,vz,0.22140424620757534,768
train_oof,5,planned,9.14数据/log_12_2026-9-14-18-20-30.ulg,p,0.5735979601258281,768
train_oof,5,planned,9.14数据/log_12_2026-9-14-18-20-30.ulg,q,0.3450070165494124,768
train_oof,5,planned,9.14数据/log_12_2026-9-14-18-20-30.ulg,r,0.1503957979352254,768
train_oof,5,planned,9.14数据/log_13_2026-9-14-18-28-32.ulg,vx,0.2277571800392418,883
train_oof,5,planned,9.14数据/log_13_2026-9-14-18-28-32.ulg,vy,0.21402813698574033,883
train_oof,5,planned,9.14数据/log_13_2026-9-14-18-28-32.ulg,vz,0.210921417582154,883
train_oof,5,planned,9.14数据/log_13_2026-9-14-18-28-32.ulg,p,0.5549380469734343,883
train_oof,5,planned,9.14数据/log_13_2026-9-14-18-28-32.ulg,q,0.3448955781730986,883
train_oof,5,planned,9.14数据/log_13_2026-9-14-18-28-32.ulg,r,0.14384851808600568,883
train_oof,5,planned,9.14数据/log_14_2026-9-14-18-34-22.ulg,vx,0.19313289105367584,600
train_oof,5,planned,9.14数据/log_14_2026-9-14-18-34-22.ulg,vy,0.19629292467342527,600
train_oof,5,planned,9.14数据/log_14_2026-9-14-18-34-22.ulg,vz,0.2698723286742363,600
train_oof,5,planned,9.14数据/log_14_2026-9-14-18-34-22.ulg,p,0.9690393764679959,600
train_oof,5,planned,9.14数据/log_14_2026-9-14-18-34-22.ulg,q,0.38084463939928004,600
train_oof,5,planned,9.14数据/log_14_2026-9-14-18-34-22.ulg,r,0.21367971500682656,600
train_oof,5,planned,9.15数据/log_10_2026-9-15-17-44-04.ulg,vx,0.21007800898928763,594
train_oof,5,planned,9.15数据/log_10_2026-9-15-17-44-04.ulg,vy,0.21726194720662734,594
train_oof,5,planned,9.15数据/log_10_2026-9-15-17-44-04.ulg,vz,0.2615817745598473,594
train_oof,5,planned,9.15数据/log_10_2026-9-15-17-44-04.ulg,p,0.367089428057472,594
train_oof,5,planned,9.15数据/log_10_2026-9-15-17-44-04.ulg,q,0.535667594155324,594
train_oof,5,planned,9.15数据/log_10_2026-9-15-17-44-04.ulg,r,0.15054894526112728,594
train_oof,5,planned,9.15数据/log_11_2026-9-15-17-51-56.ulg,vx,0.23058018930519952,538
train_oof,5,planned,9.15数据/log_11_2026-9-15-17-51-56.ulg,vy,0.20737070621535117,538
train_oof,5,planned,9.15数据/log_11_2026-9-15-17-51-56.ulg,vz,0.2692458797943311,538
train_oof,5,planned,9.15数据/log_11_2026-9-15-17-51-56.ulg,p,0.41578049359943503,538
train_oof,5,planned,9.15数据/log_11_2026-9-15-17-51-56.ulg,q,0.4027057431253569,538
train_oof,5,planned,9.15数据/log_11_2026-9-15-17-51-56.ulg,r,0.1492391991111727,538
train_oof,5,planned,9.15数据/log_12_2026-9-15-18-03-58.ulg,vx,0.1774059286810854,704
train_oof,5,planned,9.15数据/log_12_2026-9-15-18-03-58.ulg,vy,0.1813234322649884,704
train_oof,5,planned,9.15数据/log_12_2026-9-15-18-03-58.ulg,vz,0.22995194123005652,704
train_oof,5,planned,9.15数据/log_12_2026-9-15-18-03-58.ulg,p,0.36124823207872864,704
train_oof,5,planned,9.15数据/log_12_2026-9-15-18-03-58.ulg,q,0.34667160624858956,704
train_oof,5,planned,9.15数据/log_12_2026-9-15-18-03-58.ulg,r,0.1230566116055416,704
train_oof,5,planned,9.15数据/log_13_2026-9-15-18-10-58.ulg,vx,0.1905189752891487,690
train_oof,5,planned,9.15数据/log_13_2026-9-15-18-10-58.ulg,vy,0.18535937983736106,690
train_oof,5,planned,9.15数据/log_13_2026-9-15-18-10-58.ulg,vz,0.19474594917280963,690
train_oof,5,planned,9.15数据/log_13_2026-9-15-18-10-58.ulg,p,0.3322215285124134,690
train_oof,5,planned,9.15数据/log_13_2026-9-15-18-10-58.ulg,q,0.3455622924617715,690
train_oof,5,planned,9.15数据/log_13_2026-9-15-18-10-58.ulg,r,0.11337994730254396,690
train_oof,5,planned,9.15数据/log_14_2026-9-15-18-17-26.ulg,vx,0.19136612352511922,685
train_oof,5,planned,9.15数据/log_14_2026-9-15-18-17-26.ulg,vy,0.18182420124596876,685
train_oof,5,planned,9.15数据/log_14_2026-9-15-18-17-26.ulg,vz,0.214158268310429,685
train_oof,5,planned,9.15数据/log_14_2026-9-15-18-17-26.ulg,p,0.3585586042522896,685
train_oof,5,planned,9.15数据/log_14_2026-9-15-18-17-26.ulg,q,0.3403547698838731,685
train_oof,5,planned,9.15数据/log_14_2026-9-15-18-17-26.ulg,r,0.12582154830753545,685
train_oof,5,planned,9.15数据/log_15_2026-9-15-18-23-44.ulg,vx,0.19886941006036757,702
train_oof,5,planned,9.15数据/log_15_2026-9-15-18-23-44.ulg,vy,0.1908679556426098,702
train_oof,5,planned,9.15数据/log_15_2026-9-15-18-23-44.ulg,vz,0.21562986147401128,702
train_oof,5,planned,9.15数据/log_15_2026-9-15-18-23-44.ulg,p,0.3348151033578131,702
train_oof,5,planned,9.15数据/log_15_2026-9-15-18-23-44.ulg,q,0.35075571006693723,702
train_oof,5,planned,9.15数据/log_15_2026-9-15-18-23-44.ulg,r,0.12382675702840673,702
train_oof,5,planned,9.16数据/log_1_2026-9-16-18-02-34.ulg,vx,0.17583700844512787,576
train_oof,5,planned,9.16数据/log_1_2026-9-16-18-02-34.ulg,vy,0.210707541047402,576
train_oof,5,planned,9.16数据/log_1_2026-9-16-18-02-34.ulg,vz,0.2250297435702138,576
train_oof,5,planned,9.16数据/log_1_2026-9-16-18-02-34.ulg,p,0.3577528988655606,576
train_oof,5,planned,9.16数据/log_1_2026-9-16-18-02-34.ulg,q,0.36063179701197945,576
train_oof,5,planned,9.16数据/log_1_2026-9-16-18-02-34.ulg,r,0.13655787773303305,576
train_oof,5,planned,9.16数据/log_2_2026-9-16-18-08-46.ulg,vx,0.20927791267848245,691
train_oof,5,planned,9.16数据/log_2_2026-9-16-18-08-46.ulg,vy,0.19352317618753317,691
train_oof,5,planned,9.16数据/log_2_2026-9-16-18-08-46.ulg,vz,0.23264081246273802,691
train_oof,5,planned,9.16数据/log_2_2026-9-16-18-08-46.ulg,p,0.33703865607577915,691
train_oof,5,planned,9.16数据/log_2_2026-9-16-18-08-46.ulg,q,0.3680082613717823,691
train_oof,5,planned,9.16数据/log_2_2026-9-16-18-08-46.ulg,r,0.12281419029053021,691
train_oof,5,planned,9.16数据/log_3_2026-9-16-18-13-58.ulg,vx,0.1788088818711627,521
train_oof,5,planned,9.16数据/log_3_2026-9-16-18-13-58.ulg,vy,0.1833255605283979,521
train_oof,5,planned,9.16数据/log_3_2026-9-16-18-13-58.ulg,vz,0.22995981813866861,521
train_oof,5,planned,9.16数据/log_3_2026-9-16-18-13-58.ulg,p,0.32682651198795903,521
train_oof,5,planned,9.16数据/log_3_2026-9-16-18-13-58.ulg,q,0.36490475400747435,521
train_oof,5,planned,9.16数据/log_3_2026-9-16-18-13-58.ulg,r,0.12225254265404137,521
train_oof,5,planned,9.16数据/log_4_2026-9-16-18-20-50.ulg,vx,0.20511525926780294,689
train_oof,5,planned,9.16数据/log_4_2026-9-16-18-20-50.ulg,vy,0.21055108659891544,689
train_oof,5,planned,9.16数据/log_4_2026-9-16-18-20-50.ulg,vz,0.23488101126290226,689
train_oof,5,planned,9.16数据/log_4_2026-9-16-18-20-50.ulg,p,0.33206556003630716,689
train_oof,5,planned,9.16数据/log_4_2026-9-16-18-20-50.ulg,q,0.3692134359361679,689
train_oof,5,planned,9.16数据/log_4_2026-9-16-18-20-50.ulg,r,0.1234707721356394,689
train_oof,5,planned,9.16数据/log_5_2026-9-16-18-26-48.ulg,vx,0.19558630388534567,658
train_oof,5,planned,9.16数据/log_5_2026-9-16-18-26-48.ulg,vy,0.1982053635219041,658
train_oof,5,planned,9.16数据/log_5_2026-9-16-18-26-48.ulg,vz,0.19255535366057272,658
train_oof,5,planned,9.16数据/log_5_2026-9-16-18-26-48.ulg,p,0.43404683792509335,658
train_oof,5,planned,9.16数据/log_5_2026-9-16-18-26-48.ulg,q,0.3462839360766583,658
train_oof,5,planned,9.16数据/log_5_2026-9-16-18-26-48.ulg,r,0.11373500924883073,658
train_oof,5,planned,9.18数据/log_0_2026-9-18-18-15-06.ulg,vx,0.21458002813354704,742
train_oof,5,planned,9.18数据/log_0_2026-9-18-18-15-06.ulg,vy,0.24896789059171195,742
train_oof,5,planned,9.18数据/log_0_2026-9-18-18-15-06.ulg,vz,0.34427823564663557,742
train_oof,5,planned,9.18数据/log_0_2026-9-18-18-15-06.ulg,p,0.4042900584825531,742
train_oof,5,planned,9.18数据/log_0_2026-9-18-18-15-06.ulg,q,0.48203606575283975,742
train_oof,5,planned,9.18数据/log_0_2026-9-18-18-15-06.ulg,r,0.15983050908285013,742
train_oof,5,planned,9.18数据/log_1_2026-9-18-18-23-36.ulg,vx,0.22833225346633287,693
train_oof,5,planned,9.18数据/log_1_2026-9-18-18-23-36.ulg,vy,0.30472329264543707,693
train_oof,5,planned,9.18数据/log_1_2026-9-18-18-23-36.ulg,vz,0.2887871290644132,693
train_oof,5,planned,9.18数据/log_1_2026-9-18-18-23-36.ulg,p,0.4841150117342058,693
train_oof,5,planned,9.18数据/log_1_2026-9-18-18-23-36.ulg,q,0.44081842146972655,693
train_oof,5,planned,9.18数据/log_1_2026-9-18-18-23-36.ulg,r,0.20470916769204622,693
train_oof,5,planned,9.18数据/log_2_2026-9-18-18-29-40.ulg,vx,0.20580570200567497,742
train_oof,5,planned,9.18数据/log_2_2026-9-18-18-29-40.ulg,vy,0.26485073607747317,742
train_oof,5,planned,9.18数据/log_2_2026-9-18-18-29-40.ulg,vz,0.28907385811065284,742
train_oof,5,planned,9.18数据/log_2_2026-9-18-18-29-40.ulg,p,0.44126189363756174,742
train_oof,5,planned,9.18数据/log_2_2026-9-18-18-29-40.ulg,q,0.42348424415647523,742
train_oof,5,planned,9.18数据/log_2_2026-9-18-18-29-40.ulg,r,0.1718961936398168,742
validation,5,planned,2026.9.7/log_21_2026-9-7-05-54-56.ulg,vx,0.17429340918164846,168
validation,5,planned,2026.9.7/log_21_2026-9-7-05-54-56.ulg,vy,0.18518346299573984,168
validation,5,planned,2026.9.7/log_21_2026-9-7-05-54-56.ulg,vz,0.20892258320575433,168
validation,5,planned,2026.9.7/log_21_2026-9-7-05-54-56.ulg,p,0.5266251305439734,168
validation,5,planned,2026.9.7/log_21_2026-9-7-05-54-56.ulg,q,0.3711543492768465,168
validation,5,planned,2026.9.7/log_21_2026-9-7-05-54-56.ulg,r,0.1264844004635824,168
validation,5,planned,2026.9.7/log_22_2026-9-7-06-01-40.ulg,vx,0.17529967949492753,182
validation,5,planned,2026.9.7/log_22_2026-9-7-06-01-40.ulg,vy,0.18416640804087245,182
validation,5,planned,2026.9.7/log_22_2026-9-7-06-01-40.ulg,vz,0.20571543529783204,182
validation,5,planned,2026.9.7/log_22_2026-9-7-06-01-40.ulg,p,0.571337359802932,182
validation,5,planned,2026.9.7/log_22_2026-9-7-06-01-40.ulg,q,0.3056847668171568,182
validation,5,planned,2026.9.7/log_22_2026-9-7-06-01-40.ulg,r,0.12727905816704857,182
validation,5,planned,2026.9.7/log_23_2026-9-7-06-09-22.ulg,vx,0.20714047918807904,160
validation,5,planned,2026.9.7/log_23_2026-9-7-06-09-22.ulg,vy,0.24495938570333367,160
validation,5,planned,2026.9.7/log_23_2026-9-7-06-09-22.ulg,vz,0.22577814807996896,160
validation,5,planned,2026.9.7/log_23_2026-9-7-06-09-22.ulg,p,0.5318425152099707,160
validation,5,planned,2026.9.7/log_23_2026-9-7-06-09-22.ulg,q,0.2988050925460987,160
validation,5,planned,2026.9.7/log_23_2026-9-7-06-09-22.ulg,r,0.14954256576588648,160
validation,5,planned,2026.9.7/log_24_2026-9-7-06-16-04.ulg,vx,0.1747073328944319,161
validation,5,planned,2026.9.7/log_24_2026-9-7-06-16-04.ulg,vy,0.19352151296626993,161
validation,5,planned,2026.9.7/log_24_2026-9-7-06-16-04.ulg,vz,0.2068663190146154,161
validation,5,planned,2026.9.7/log_24_2026-9-7-06-16-04.ulg,p,0.5542173350531112,161
validation,5,planned,2026.9.7/log_24_2026-9-7-06-16-04.ulg,q,0.3037025141986595,161
validation,5,planned,2026.9.7/log_24_2026-9-7-06-16-04.ulg,r,0.13482586691235746,161
validation,5,planned,2026.9.7/log_26_2026-9-7-06-30-26.ulg,vx,0.23787204502468687,150
validation,5,planned,2026.9.7/log_26_2026-9-7-06-30-26.ulg,vy,0.31511843729311256,150
validation,5,planned,2026.9.7/log_26_2026-9-7-06-30-26.ulg,vz,0.20653660347934674,150
validation,5,planned,2026.9.7/log_26_2026-9-7-06-30-26.ulg,p,0.4398573918974373,150
validation,5,planned,2026.9.7/log_26_2026-9-7-06-30-26.ulg,q,0.3615129359033055,150
validation,5,planned,2026.9.7/log_26_2026-9-7-06-30-26.ulg,r,0.12441288445525663,150
validation,5,planned,2026.9.7/log_27_2026-9-7-06-37-24.ulg,vx,0.18950523228535354,155
validation,5,planned,2026.9.7/log_27_2026-9-7-06-37-24.ulg,vy,0.2235679507105016,155
validation,5,planned,2026.9.7/log_27_2026-9-7-06-37-24.ulg,vz,0.18926488671662287,155
validation,5,planned,2026.9.7/log_27_2026-9-7-06-37-24.ulg,p,0.5229193869468594,155
validation,5,planned,2026.9.7/log_27_2026-9-7-06-37-24.ulg,q,0.303105118525217,155
validation,5,planned,2026.9.7/log_27_2026-9-7-06-37-24.ulg,r,0.12395750733400424,155
validation,5,planned,2026.9.7/log_28_2026-9-7-06-44-02.ulg,vx,0.2188140145070087,140
validation,5,planned,2026.9.7/log_28_2026-9-7-06-44-02.ulg,vy,0.20988258083062847,140
validation,5,planned,2026.9.7/log_28_2026-9-7-06-44-02.ulg,vz,0.16680409674688865,140
validation,5,planned,2026.9.7/log_28_2026-9-7-06-44-02.ulg,p,0.5238648455374815,140
validation,5,planned,2026.9.7/log_28_2026-9-7-06-44-02.ulg,q,0.33417287815972485,140
validation,5,planned,2026.9.7/log_28_2026-9-7-06-44-02.ulg,r,0.1261725447626934,140
validation,5,planned,2026.9.7/log_29_2026-9-7-06-51-04.ulg,vx,0.1946462311872425,201
validation,5,planned,2026.9.7/log_29_2026-9-7-06-51-04.ulg,vy,0.1805850527115397,201
validation,5,planned,2026.9.7/log_29_2026-9-7-06-51-04.ulg,vz,0.18273733372469333,201
validation,5,planned,2026.9.7/log_29_2026-9-7-06-51-04.ulg,p,0.580264297294267,201
validation,5,planned,2026.9.7/log_29_2026-9-7-06-51-04.ulg,q,0.29408134901337957,201
validation,5,planned,2026.9.7/log_29_2026-9-7-06-51-04.ulg,r,0.13111928484025887,201
validation,5,planned,2026.9.7/log_30_2026-9-7-06-58-22.ulg,vx,0.23995288375457763,164
validation,5,planned,2026.9.7/log_30_2026-9-7-06-58-22.ulg,vy,0.21007797602934433,164
validation,5,planned,2026.9.7/log_30_2026-9-7-06-58-22.ulg,vz,0.18676859809019658,164
validation,5,planned,2026.9.7/log_30_2026-9-7-06-58-22.ulg,p,0.5161674883306604,164
validation,5,planned,2026.9.7/log_30_2026-9-7-06-58-22.ulg,q,0.31822734441349854,164
validation,5,planned,2026.9.7/log_30_2026-9-7-06-58-22.ulg,r,0.13527641065674628,164
validation,5,planned,9.17数据/log_10_2026-9-17-06-34-34.ulg,vx,0.2276454359288156,130
validation,5,planned,9.17数据/log_10_2026-9-17-06-34-34.ulg,vy,0.19501083853249784,130
validation,5,planned,9.17数据/log_10_2026-9-17-06-34-34.ulg,vz,0.2053301663199313,130
validation,5,planned,9.17数据/log_10_2026-9-17-06-34-34.ulg,p,0.5085152076981474,130
validation,5,planned,9.17数据/log_10_2026-9-17-06-34-34.ulg,q,0.37473369752075736,130
validation,5,planned,9.17数据/log_10_2026-9-17-06-34-34.ulg,r,0.13877322317992283,130
validation,5,planned,9.17数据/log_11_2026-9-17-06-40-30.ulg,vx,0.14064584929444152,145
validation,5,planned,9.17数据/log_11_2026-9-17-06-40-30.ulg,vy,0.17850746980233723,145
validation,5,planned,9.17数据/log_11_2026-9-17-06-40-30.ulg,vz,0.2181449060058018,145
validation,5,planned,9.17数据/log_11_2026-9-17-06-40-30.ulg,p,0.5589622487588435,145
validation,5,planned,9.17数据/log_11_2026-9-17-06-40-30.ulg,q,0.35088480097332203,145
validation,5,planned,9.17数据/log_11_2026-9-17-06-40-30.ulg,r,0.1388875140316606,145
validation,5,planned,9.17数据/log_12_2026-9-17-06-46-02.ulg,vx,0.19876094239875033,144
validation,5,planned,9.17数据/log_12_2026-9-17-06-46-02.ulg,vy,0.18841000471187386,144
validation,5,planned,9.17数据/log_12_2026-9-17-06-46-02.ulg,vz,0.21756472750300304,144
validation,5,planned,9.17数据/log_12_2026-9-17-06-46-02.ulg,p,0.49144072066526034,144
validation,5,planned,9.17数据/log_12_2026-9-17-06-46-02.ulg,q,0.3406495110364826,144
validation,5,planned,9.17数据/log_12_2026-9-17-06-46-02.ulg,r,0.13101106148159644,144
validation,5,planned,9.17数据/log_13_2026-9-17-06-52-30.ulg,vx,0.20317003798898667,153
validation,5,planned,9.17数据/log_13_2026-9-17-06-52-30.ulg,vy,0.20608896366765675,153
validation,5,planned,9.17数据/log_13_2026-9-17-06-52-30.ulg,vz,0.26918353736492834,153
validation,5,planned,9.17数据/log_13_2026-9-17-06-52-30.ulg,p,0.5325079382356709,153
validation,5,planned,9.17数据/log_13_2026-9-17-06-52-30.ulg,q,0.42522762501577493,153
validation,5,planned,9.17数据/log_13_2026-9-17-06-52-30.ulg,r,0.13198311776892097,153
validation,5,planned,9.17数据/log_6_2026-9-17-06-02-24.ulg,vx,0.18496089798086549,138
validation,5,planned,9.17数据/log_6_2026-9-17-06-02-24.ulg,vy,0.22373231505283087,138
validation,5,planned,9.17数据/log_6_2026-9-17-06-02-24.ulg,vz,0.21748797577950676,138
validation,5,planned,9.17数据/log_6_2026-9-17-06-02-24.ulg,p,0.4785857705861377,138
validation,5,planned,9.17数据/log_6_2026-9-17-06-02-24.ulg,q,0.41963079030156103,138
validation,5,planned,9.17数据/log_6_2026-9-17-06-02-24.ulg,r,0.11842620199534444,138
validation,5,planned,9.17数据/log_7_2026-9-17-06-12-16.ulg,vx,0.18438572528432243,131
validation,5,planned,9.17数据/log_7_2026-9-17-06-12-16.ulg,vy,0.16698033047554314,131
validation,5,planned,9.17数据/log_7_2026-9-17-06-12-16.ulg,vz,0.21760175969571896,131
validation,5,planned,9.17数据/log_7_2026-9-17-06-12-16.ulg,p,0.47592944283558986,131
validation,5,planned,9.17数据/log_7_2026-9-17-06-12-16.ulg,q,0.4031629012510975,131
validation,5,planned,9.17数据/log_7_2026-9-17-06-12-16.ulg,r,0.12478646696786586,131
validation,5,planned,9.17数据/log_8_2026-9-17-06-17-52.ulg,vx,0.1783413383279691,146
validation,5,planned,9.17数据/log_8_2026-9-17-06-17-52.ulg,vy,0.20687296625621132,146
validation,5,planned,9.17数据/log_8_2026-9-17-06-17-52.ulg,vz,0.23753190041153538,146
validation,5,planned,9.17数据/log_8_2026-9-17-06-17-52.ulg,p,0.490534311704083,146
validation,5,planned,9.17数据/log_8_2026-9-17-06-17-52.ulg,q,0.3908871491933284,146
validation,5,planned,9.17数据/log_8_2026-9-17-06-17-52.ulg,r,0.12877239605108026,146
validation,5,planned,9.17数据/log_9_2026-9-17-06-28-10.ulg,vx,0.193719832065485,114
validation,5,planned,9.17数据/log_9_2026-9-17-06-28-10.ulg,vy,0.18767118943918423,114
validation,5,planned,9.17数据/log_9_2026-9-17-06-28-10.ulg,vz,0.21116771149462957,114
validation,5,planned,9.17数据/log_9_2026-9-17-06-28-10.ulg,p,0.5430229967773462,114
validation,5,planned,9.17数据/log_9_2026-9-17-06-28-10.ulg,q,0.37239857912966123,114
validation,5,planned,9.17数据/log_9_2026-9-17-06-28-10.ulg,r,0.14207708735433558,114
train_oof,10,history,2026.9.6/log_17_2026-9-6-18-34-06.ulg,vx,0.32135803775129224,895
train_oof,10,history,2026.9.6/log_17_2026-9-6-18-34-06.ulg,vy,0.3570443635597691,895
train_oof,10,history,2026.9.6/log_17_2026-9-6-18-34-06.ulg,vz,0.22034420238662256,895
train_oof,10,history,2026.9.6/log_17_2026-9-6-18-34-06.ulg,p,0.5039629016992597,895
train_oof,10,history,2026.9.6/log_17_2026-9-6-18-34-06.ulg,q,0.39742370767485913,895
train_oof,10,history,2026.9.6/log_17_2026-9-6-18-34-06.ulg,r,0.14097055295110109,895
train_oof,10,history,2026.9.6/log_18_2026-9-6-18-46-20.ulg,vx,0.3219753820917932,695
train_oof,10,history,2026.9.6/log_18_2026-9-6-18-46-20.ulg,vy,0.3996282531494086,695
train_oof,10,history,2026.9.6/log_18_2026-9-6-18-46-20.ulg,vz,0.22262165451119925,695
train_oof,10,history,2026.9.6/log_18_2026-9-6-18-46-20.ulg,p,0.5007966295649037,695
train_oof,10,history,2026.9.6/log_18_2026-9-6-18-46-20.ulg,q,0.3583692424804503,695
train_oof,10,history,2026.9.6/log_18_2026-9-6-18-46-20.ulg,r,0.14734169336368777,695
train_oof,10,history,2026.9.6/log_19_2026-9-6-18-52-30.ulg,vx,0.30085111444480267,774
train_oof,10,history,2026.9.6/log_19_2026-9-6-18-52-30.ulg,vy,0.3184994624225588,774
train_oof,10,history,2026.9.6/log_19_2026-9-6-18-52-30.ulg,vz,0.21517217026687324,774
train_oof,10,history,2026.9.6/log_19_2026-9-6-18-52-30.ulg,p,0.5513665031825052,774
train_oof,10,history,2026.9.6/log_19_2026-9-6-18-52-30.ulg,q,0.3686694816832051,774
train_oof,10,history,2026.9.6/log_19_2026-9-6-18-52-30.ulg,r,0.1310449616961639,774
train_oof,10,history,2026.9.6/log_20_2026-9-6-18-58-10.ulg,vx,0.3853289283605327,588
train_oof,10,history,2026.9.6/log_20_2026-9-6-18-58-10.ulg,vy,0.33239286159808085,588
train_oof,10,history,2026.9.6/log_20_2026-9-6-18-58-10.ulg,vz,0.22830069449693538,588
train_oof,10,history,2026.9.6/log_20_2026-9-6-18-58-10.ulg,p,0.5353729959686797,588
train_oof,10,history,2026.9.6/log_20_2026-9-6-18-58-10.ulg,q,0.3850159763311383,588
train_oof,10,history,2026.9.6/log_20_2026-9-6-18-58-10.ulg,r,0.12853794032809135,588
train_oof,10,history,2026.9.6/log_24_2026-9-6-06-28-38.ulg,vx,0.3490321837516019,702
train_oof,10,history,2026.9.6/log_24_2026-9-6-06-28-38.ulg,vy,0.39402276530325153,702
train_oof,10,history,2026.9.6/log_24_2026-9-6-06-28-38.ulg,vz,0.2809060450952277,702
train_oof,10,history,2026.9.6/log_24_2026-9-6-06-28-38.ulg,p,0.47112038744159324,702
train_oof,10,history,2026.9.6/log_24_2026-9-6-06-28-38.ulg,q,0.42824686174320475,702
train_oof,10,history,2026.9.6/log_24_2026-9-6-06-28-38.ulg,r,0.171619098774955,702
train_oof,10,history,2026.9.6/log_28_2026-9-6-07-01-38.ulg,vx,0.362120681098538,727
train_oof,10,history,2026.9.6/log_28_2026-9-6-07-01-38.ulg,vy,0.4111946475047808,727
train_oof,10,history,2026.9.6/log_28_2026-9-6-07-01-38.ulg,vz,0.33030061620094386,727
train_oof,10,history,2026.9.6/log_28_2026-9-6-07-01-38.ulg,p,0.5069624862718451,727
train_oof,10,history,2026.9.6/log_28_2026-9-6-07-01-38.ulg,q,0.42854788998473736,727
train_oof,10,history,2026.9.6/log_28_2026-9-6-07-01-38.ulg,r,0.20669937286168227,727
train_oof,10,history,9.11数据/log_13_2026-9-11-18-28-08.ulg,vx,0.27168766805789435,447
train_oof,10,history,9.11数据/log_13_2026-9-11-18-28-08.ulg,vy,0.3222667956508753,447
train_oof,10,history,9.11数据/log_13_2026-9-11-18-28-08.ulg,vz,0.2942153477008191,447
train_oof,10,history,9.11数据/log_13_2026-9-11-18-28-08.ulg,p,0.4553722120939365,447
train_oof,10,history,9.11数据/log_13_2026-9-11-18-28-08.ulg,q,0.47093368881177083,447
train_oof,10,history,9.11数据/log_13_2026-9-11-18-28-08.ulg,r,0.1736118272370019,447
train_oof,10,history,9.11数据/log_14_2026-9-11-18-34-58.ulg,vx,0.24935933421227213,592
train_oof,10,history,9.11数据/log_14_2026-9-11-18-34-58.ulg,vy,0.25291931361045494,592
train_oof,10,history,9.11数据/log_14_2026-9-11-18-34-58.ulg,vz,0.22238710842172216,592
train_oof,10,history,9.11数据/log_14_2026-9-11-18-34-58.ulg,p,0.3771454635274094,592
train_oof,10,history,9.11数据/log_14_2026-9-11-18-34-58.ulg,q,0.39489156972064926,592
train_oof,10,history,9.11数据/log_14_2026-9-11-18-34-58.ulg,r,0.15310616584217074,592
train_oof,10,history,9.11数据/log_15_2026-9-11-18-40-48.ulg,vx,0.3578303960933699,440
train_oof,10,history,9.11数据/log_15_2026-9-11-18-40-48.ulg,vy,0.39957944644147814,440
train_oof,10,history,9.11数据/log_15_2026-9-11-18-40-48.ulg,vz,0.2665243927898211,440
train_oof,10,history,9.11数据/log_15_2026-9-11-18-40-48.ulg,p,0.5328796897645861,440
train_oof,10,history,9.11数据/log_15_2026-9-11-18-40-48.ulg,q,0.43483179292904495,440
train_oof,10,history,9.11数据/log_15_2026-9-11-18-40-48.ulg,r,0.21152629566797523,440
train_oof,10,history,9.12数据/log_10_2026-9-12-06-13-40.ulg,vx,0.30973353885218063,758
train_oof,10,history,9.12数据/log_10_2026-9-12-06-13-40.ulg,vy,0.3768226694752258,758
train_oof,10,history,9.12数据/log_10_2026-9-12-06-13-40.ulg,vz,0.2006679201179828,758
train_oof,10,history,9.12数据/log_10_2026-9-12-06-13-40.ulg,p,0.5221599854495018,758
train_oof,10,history,9.12数据/log_10_2026-9-12-06-13-40.ulg,q,0.36668447666322856,758
train_oof,10,history,9.12数据/log_10_2026-9-12-06-13-40.ulg,r,0.14737619512570976,758
train_oof,10,history,9.12数据/log_11_2026-9-12-06-21-12.ulg,vx,0.27686585588476564,720
train_oof,10,history,9.12数据/log_11_2026-9-12-06-21-12.ulg,vy,0.3434085940348923,720
train_oof,10,history,9.12数据/log_11_2026-9-12-06-21-12.ulg,vz,0.2094587559909149,720
train_oof,10,history,9.12数据/log_11_2026-9-12-06-21-12.ulg,p,0.5828525976155178,720
train_oof,10,history,9.12数据/log_11_2026-9-12-06-21-12.ulg,q,0.39686836377229,720
train_oof,10,history,9.12数据/log_11_2026-9-12-06-21-12.ulg,r,0.15914490510040083,720
train_oof,10,history,9.12数据/log_12_2026-9-12-06-29-44.ulg,vx,0.27019655668085374,683
train_oof,10,history,9.12数据/log_12_2026-9-12-06-29-44.ulg,vy,0.3721565075478058,683
train_oof,10,history,9.12数据/log_12_2026-9-12-06-29-44.ulg,vz,0.26589855411509483,683
train_oof,10,history,9.12数据/log_12_2026-9-12-06-29-44.ulg,p,0.5458852924178235,683
train_oof,10,history,9.12数据/log_12_2026-9-12-06-29-44.ulg,q,0.41807066325100134,683
train_oof,10,history,9.12数据/log_12_2026-9-12-06-29-44.ulg,r,0.15392829757954513,683
train_oof,10,history,9.12数据/log_2_2026-9-12-18-32-54.ulg,vx,0.2631366698275511,753
train_oof,10,history,9.12数据/log_2_2026-9-12-18-32-54.ulg,vy,0.24831220993112962,753
train_oof,10,history,9.12数据/log_2_2026-9-12-18-32-54.ulg,vz,0.1901839050205653,753
train_oof,10,history,9.12数据/log_2_2026-9-12-18-32-54.ulg,p,0.4456744856776448,753
train_oof,10,history,9.12数据/log_2_2026-9-12-18-32-54.ulg,q,0.37127870668227014,753
train_oof,10,history,9.12数据/log_2_2026-9-12-18-32-54.ulg,r,0.12326240481667589,753
train_oof,10,history,9.12数据/log_3_2026-9-12-18-40-02.ulg,vx,0.2953499945625719,792
train_oof,10,history,9.12数据/log_3_2026-9-12-18-40-02.ulg,vy,0.2761941377689389,792
train_oof,10,history,9.12数据/log_3_2026-9-12-18-40-02.ulg,vz,0.25387255195891445,792
train_oof,10,history,9.12数据/log_3_2026-9-12-18-40-02.ulg,p,0.4589496637952983,792
train_oof,10,history,9.12数据/log_3_2026-9-12-18-40-02.ulg,q,0.39220860798061324,792
train_oof,10,history,9.12数据/log_3_2026-9-12-18-40-02.ulg,r,0.13704873800090747,792
train_oof,10,history,9.12数据/log_7_2026-9-12-05-49-02.ulg,vx,0.2587333020831468,655
train_oof,10,history,9.12数据/log_7_2026-9-12-05-49-02.ulg,vy,0.3536692451619899,655
train_oof,10,history,9.12数据/log_7_2026-9-12-05-49-02.ulg,vz,0.2655496728655221,655
train_oof,10,history,9.12数据/log_7_2026-9-12-05-49-02.ulg,p,0.45297458667616164,655
train_oof,10,history,9.12数据/log_7_2026-9-12-05-49-02.ulg,q,0.388243628067411,655
train_oof,10,history,9.12数据/log_7_2026-9-12-05-49-02.ulg,r,0.15868631362839855,655
train_oof,10,history,9.12数据/log_8_2026-9-12-05-55-30.ulg,vx,0.2882883570230026,815
train_oof,10,history,9.12数据/log_8_2026-9-12-05-55-30.ulg,vy,0.3285726832374638,815
train_oof,10,history,9.12数据/log_8_2026-9-12-05-55-30.ulg,vz,0.2627171637081506,815
train_oof,10,history,9.12数据/log_8_2026-9-12-05-55-30.ulg,p,0.5881082205513534,815
train_oof,10,history,9.12数据/log_8_2026-9-12-05-55-30.ulg,q,0.3909346500702754,815
train_oof,10,history,9.12数据/log_8_2026-9-12-05-55-30.ulg,r,0.15958390036901632,815
train_oof,10,history,9.12数据/log_9_2026-9-12-06-03-32.ulg,vx,0.2963362088930645,1017
train_oof,10,history,9.12数据/log_9_2026-9-12-06-03-32.ulg,vy,0.3131317127355823,1017
train_oof,10,history,9.12数据/log_9_2026-9-12-06-03-32.ulg,vz,0.2464745487815198,1017
train_oof,10,history,9.12数据/log_9_2026-9-12-06-03-32.ulg,p,0.559656682814842,1017
train_oof,10,history,9.12数据/log_9_2026-9-12-06-03-32.ulg,q,0.4011204237413734,1017
train_oof,10,history,9.12数据/log_9_2026-9-12-06-03-32.ulg,r,0.15562781732778364,1017
train_oof,10,history,9.13数据/log_1_2026-9-13-06-11-06.ulg,vx,0.2615292607279005,712
train_oof,10,history,9.13数据/log_1_2026-9-13-06-11-06.ulg,vy,0.2943292717351843,712
train_oof,10,history,9.13数据/log_1_2026-9-13-06-11-06.ulg,vz,0.20616573983807746,712
train_oof,10,history,9.13数据/log_1_2026-9-13-06-11-06.ulg,p,0.3654880241900743,712
train_oof,10,history,9.13数据/log_1_2026-9-13-06-11-06.ulg,q,0.35543981739091624,712
train_oof,10,history,9.13数据/log_1_2026-9-13-06-11-06.ulg,r,0.10967525704309972,712
train_oof,10,history,9.13数据/log_2_2026-9-13-06-20-06.ulg,vx,0.2878895281174974,710
train_oof,10,history,9.13数据/log_2_2026-9-13-06-20-06.ulg,vy,0.2702199737538184,710
train_oof,10,history,9.13数据/log_2_2026-9-13-06-20-06.ulg,vz,0.18656838771665346,710
train_oof,10,history,9.13数据/log_2_2026-9-13-06-20-06.ulg,p,0.43909408048493553,710
train_oof,10,history,9.13数据/log_2_2026-9-13-06-20-06.ulg,q,0.3810207132235147,710
train_oof,10,history,9.13数据/log_2_2026-9-13-06-20-06.ulg,r,0.10734004482970914,710
train_oof,10,history,9.13数据/log_3_2026-9-13-06-31-26.ulg,vx,0.2949226292884367,710
train_oof,10,history,9.13数据/log_3_2026-9-13-06-31-26.ulg,vy,0.29809844203599606,710
train_oof,10,history,9.13数据/log_3_2026-9-13-06-31-26.ulg,vz,0.21156876263074456,710
train_oof,10,history,9.13数据/log_3_2026-9-13-06-31-26.ulg,p,0.5204002250466921,710
train_oof,10,history,9.13数据/log_3_2026-9-13-06-31-26.ulg,q,0.408871696226057,710
train_oof,10,history,9.13数据/log_3_2026-9-13-06-31-26.ulg,r,0.13204935714388144,710
train_oof,10,history,9.13数据/log_4_2026-9-13-06-36-26.ulg,vx,0.2544135852492293,696
train_oof,10,history,9.13数据/log_4_2026-9-13-06-36-26.ulg,vy,0.30290398020822334,696
train_oof,10,history,9.13数据/log_4_2026-9-13-06-36-26.ulg,vz,0.19578236125196352,696
train_oof,10,history,9.13数据/log_4_2026-9-13-06-36-26.ulg,p,0.44344527716228704,696
train_oof,10,history,9.13数据/log_4_2026-9-13-06-36-26.ulg,q,0.3788516799645039,696
train_oof,10,history,9.13数据/log_4_2026-9-13-06-36-26.ulg,r,0.11842042312102816,696
train_oof,10,history,9.13数据/log_5_2026-9-13-06-42-40.ulg,vx,0.28623387273122686,730
train_oof,10,history,9.13数据/log_5_2026-9-13-06-42-40.ulg,vy,0.2861854495860634,730
train_oof,10,history,9.13数据/log_5_2026-9-13-06-42-40.ulg,vz,0.22531338048507704,730
train_oof,10,history,9.13数据/log_5_2026-9-13-06-42-40.ulg,p,0.5263409822734869,730
train_oof,10,history,9.13数据/log_5_2026-9-13-06-42-40.ulg,q,0.39060685803144074,730
train_oof,10,history,9.13数据/log_5_2026-9-13-06-42-40.ulg,r,0.12510713990647232,730
train_oof,10,history,9.13数据/log_7_2026-9-13-18-12-52.ulg,vx,0.29538869182949906,450
train_oof,10,history,9.13数据/log_7_2026-9-13-18-12-52.ulg,vy,0.38072312053956003,450
train_oof,10,history,9.13数据/log_7_2026-9-13-18-12-52.ulg,vz,0.25617902065180465,450
train_oof,10,history,9.13数据/log_7_2026-9-13-18-12-52.ulg,p,0.6542237474628725,450
train_oof,10,history,9.13数据/log_7_2026-9-13-18-12-52.ulg,q,0.38935625339992486,450
train_oof,10,history,9.13数据/log_7_2026-9-13-18-12-52.ulg,r,0.15208149823758368,450
train_oof,10,history,9.14数据/log_11_2026-9-14-18-13-22.ulg,vx,0.2787769380698884,756
train_oof,10,history,9.14数据/log_11_2026-9-14-18-13-22.ulg,vy,0.27945110311027244,756
train_oof,10,history,9.14数据/log_11_2026-9-14-18-13-22.ulg,vz,0.25935485994458934,756
train_oof,10,history,9.14数据/log_11_2026-9-14-18-13-22.ulg,p,0.5807456206305973,756
train_oof,10,history,9.14数据/log_11_2026-9-14-18-13-22.ulg,q,0.43594544845839905,756
train_oof,10,history,9.14数据/log_11_2026-9-14-18-13-22.ulg,r,0.1525511638419733,756
train_oof,10,history,9.14数据/log_12_2026-9-14-18-20-30.ulg,vx,0.2729661105798974,768
train_oof,10,history,9.14数据/log_12_2026-9-14-18-20-30.ulg,vy,0.26570319807330994,768
train_oof,10,history,9.14数据/log_12_2026-9-14-18-20-30.ulg,vz,0.27286811121450955,768
train_oof,10,history,9.14数据/log_12_2026-9-14-18-20-30.ulg,p,0.597899601124624,768
train_oof,10,history,9.14数据/log_12_2026-9-14-18-20-30.ulg,q,0.42336800838908295,768
train_oof,10,history,9.14数据/log_12_2026-9-14-18-20-30.ulg,r,0.17739015546776024,768
train_oof,10,history,9.14数据/log_13_2026-9-14-18-28-32.ulg,vx,0.34520257160333473,883
train_oof,10,history,9.14数据/log_13_2026-9-14-18-28-32.ulg,vy,0.3149447547823389,883
train_oof,10,history,9.14数据/log_13_2026-9-14-18-28-32.ulg,vz,0.24591690221066728,883
train_oof,10,history,9.14数据/log_13_2026-9-14-18-28-32.ulg,p,0.626775274952253,883
train_oof,10,history,9.14数据/log_13_2026-9-14-18-28-32.ulg,q,0.4278513092811165,883
train_oof,10,history,9.14数据/log_13_2026-9-14-18-28-32.ulg,r,0.17125863089044485,883
train_oof,10,history,9.14数据/log_14_2026-9-14-18-34-22.ulg,vx,0.2549590565353193,600
train_oof,10,history,9.14数据/log_14_2026-9-14-18-34-22.ulg,vy,0.24684990910019355,600
train_oof,10,history,9.14数据/log_14_2026-9-14-18-34-22.ulg,vz,0.2731180768286147,600
train_oof,10,history,9.14数据/log_14_2026-9-14-18-34-22.ulg,p,1.3494074881316838,600
train_oof,10,history,9.14数据/log_14_2026-9-14-18-34-22.ulg,q,0.4494897157759996,600
train_oof,10,history,9.14数据/log_14_2026-9-14-18-34-22.ulg,r,0.17824201756211994,600
train_oof,10,history,9.15数据/log_10_2026-9-15-17-44-04.ulg,vx,0.31981989014396167,594
train_oof,10,history,9.15数据/log_10_2026-9-15-17-44-04.ulg,vy,0.3368806428880762,594
train_oof,10,history,9.15数据/log_10_2026-9-15-17-44-04.ulg,vz,0.3507445147156597,594
train_oof,10,history,9.15数据/log_10_2026-9-15-17-44-04.ulg,p,0.3845341527324044,594
train_oof,10,history,9.15数据/log_10_2026-9-15-17-44-04.ulg,q,0.5090320478410125,594
train_oof,10,history,9.15数据/log_10_2026-9-15-17-44-04.ulg,r,0.1805404087691773,594
train_oof,10,history,9.15数据/log_11_2026-9-15-17-51-56.ulg,vx,0.33289198114458574,538
train_oof,10,history,9.15数据/log_11_2026-9-15-17-51-56.ulg,vy,0.31553804861881224,538
train_oof,10,history,9.15数据/log_11_2026-9-15-17-51-56.ulg,vz,0.31520486652378366,538
train_oof,10,history,9.15数据/log_11_2026-9-15-17-51-56.ulg,p,0.4539870186084989,538
train_oof,10,history,9.15数据/log_11_2026-9-15-17-51-56.ulg,q,0.46241403442805673,538
train_oof,10,history,9.15数据/log_11_2026-9-15-17-51-56.ulg,r,0.1885302910059291,538
train_oof,10,history,9.15数据/log_12_2026-9-15-18-03-58.ulg,vx,0.2537041158066141,704
train_oof,10,history,9.15数据/log_12_2026-9-15-18-03-58.ulg,vy,0.27886417651153145,704
train_oof,10,history,9.15数据/log_12_2026-9-15-18-03-58.ulg,vz,0.2500429937592464,704
train_oof,10,history,9.15数据/log_12_2026-9-15-18-03-58.ulg,p,0.383181243663288,704
train_oof,10,history,9.15数据/log_12_2026-9-15-18-03-58.ulg,q,0.43226488781101974,704
train_oof,10,history,9.15数据/log_12_2026-9-15-18-03-58.ulg,r,0.156440738280579,704
train_oof,10,history,9.15数据/log_13_2026-9-15-18-10-58.ulg,vx,0.2891529807870945,690
train_oof,10,history,9.15数据/log_13_2026-9-15-18-10-58.ulg,vy,0.2822522014920332,690
train_oof,10,history,9.15数据/log_13_2026-9-15-18-10-58.ulg,vz,0.23419516981285038,690
train_oof,10,history,9.15数据/log_13_2026-9-15-18-10-58.ulg,p,0.3651115935313924,690
train_oof,10,history,9.15数据/log_13_2026-9-15-18-10-58.ulg,q,0.4079832037647705,690
train_oof,10,history,9.15数据/log_13_2026-9-15-18-10-58.ulg,r,0.14120636804505113,690
train_oof,10,history,9.15数据/log_14_2026-9-15-18-17-26.ulg,vx,0.2638951964426424,685
train_oof,10,history,9.15数据/log_14_2026-9-15-18-17-26.ulg,vy,0.25565370636831497,685
train_oof,10,history,9.15数据/log_14_2026-9-15-18-17-26.ulg,vz,0.24837028981133968,685
train_oof,10,history,9.15数据/log_14_2026-9-15-18-17-26.ulg,p,0.40443823601323065,685
train_oof,10,history,9.15数据/log_14_2026-9-15-18-17-26.ulg,q,0.40905852615391486,685
train_oof,10,history,9.15数据/log_14_2026-9-15-18-17-26.ulg,r,0.15134664927996175,685
train_oof,10,history,9.15数据/log_15_2026-9-15-18-23-44.ulg,vx,0.28619203823948763,702
train_oof,10,history,9.15数据/log_15_2026-9-15-18-23-44.ulg,vy,0.2804641467754559,702
train_oof,10,history,9.15数据/log_15_2026-9-15-18-23-44.ulg,vz,0.2543900842249975,702
train_oof,10,history,9.15数据/log_15_2026-9-15-18-23-44.ulg,p,0.38166695760869335,702
train_oof,10,history,9.15数据/log_15_2026-9-15-18-23-44.ulg,q,0.4375468789506759,702
train_oof,10,history,9.15数据/log_15_2026-9-15-18-23-44.ulg,r,0.15719040559418443,702
train_oof,10,history,9.16数据/log_1_2026-9-16-18-02-34.ulg,vx,0.2584994518239445,576
train_oof,10,history,9.16数据/log_1_2026-9-16-18-02-34.ulg,vy,0.3206408228479964,576
train_oof,10,history,9.16数据/log_1_2026-9-16-18-02-34.ulg,vz,0.3023016379171623,576
train_oof,10,history,9.16数据/log_1_2026-9-16-18-02-34.ulg,p,0.35545045689527915,576
train_oof,10,history,9.16数据/log_1_2026-9-16-18-02-34.ulg,q,0.42224102317962303,576
train_oof,10,history,9.16数据/log_1_2026-9-16-18-02-34.ulg,r,0.1570279074807726,576
train_oof,10,history,9.16数据/log_2_2026-9-16-18-08-46.ulg,vx,0.3099221580601175,691
train_oof,10,history,9.16数据/log_2_2026-9-16-18-08-46.ulg,vy,0.301401650514386,691
train_oof,10,history,9.16数据/log_2_2026-9-16-18-08-46.ulg,vz,0.2486012700246199,691
train_oof,10,history,9.16数据/log_2_2026-9-16-18-08-46.ulg,p,0.36396952554667633,691
train_oof,10,history,9.16数据/log_2_2026-9-16-18-08-46.ulg,q,0.4472668659451419,691
train_oof,10,history,9.16数据/log_2_2026-9-16-18-08-46.ulg,r,0.1545047252872832,691
train_oof,10,history,9.16数据/log_3_2026-9-16-18-13-58.ulg,vx,0.2658531764526633,521
train_oof,10,history,9.16数据/log_3_2026-9-16-18-13-58.ulg,vy,0.29577131557809694,521
train_oof,10,history,9.16数据/log_3_2026-9-16-18-13-58.ulg,vz,0.2705789333809149,521
train_oof,10,history,9.16数据/log_3_2026-9-16-18-13-58.ulg,p,0.37183516379147225,521
train_oof,10,history,9.16数据/log_3_2026-9-16-18-13-58.ulg,q,0.4352887504029201,521
train_oof,10,history,9.16数据/log_3_2026-9-16-18-13-58.ulg,r,0.14022357529525417,521
train_oof,10,history,9.16数据/log_4_2026-9-16-18-20-50.ulg,vx,0.2976572297947302,689
train_oof,10,history,9.16数据/log_4_2026-9-16-18-20-50.ulg,vy,0.3256590532313184,689
train_oof,10,history,9.16数据/log_4_2026-9-16-18-20-50.ulg,vz,0.29288421951341,689
train_oof,10,history,9.16数据/log_4_2026-9-16-18-20-50.ulg,p,0.3909227295430537,689
train_oof,10,history,9.16数据/log_4_2026-9-16-18-20-50.ulg,q,0.4421491897194294,689
train_oof,10,history,9.16数据/log_4_2026-9-16-18-20-50.ulg,r,0.14901844354283394,689
train_oof,10,history,9.16数据/log_5_2026-9-16-18-26-48.ulg,vx,0.3016826200447088,658
train_oof,10,history,9.16数据/log_5_2026-9-16-18-26-48.ulg,vy,0.3152383113692603,658
train_oof,10,history,9.16数据/log_5_2026-9-16-18-26-48.ulg,vz,0.2301297758239678,658
train_oof,10,history,9.16数据/log_5_2026-9-16-18-26-48.ulg,p,0.453654774455,658
train_oof,10,history,9.16数据/log_5_2026-9-16-18-26-48.ulg,q,0.41187646201732064,658
train_oof,10,history,9.16数据/log_5_2026-9-16-18-26-48.ulg,r,0.14177536188988837,658
train_oof,10,history,9.18数据/log_0_2026-9-18-18-15-06.ulg,vx,0.3202211115408297,742
train_oof,10,history,9.18数据/log_0_2026-9-18-18-15-06.ulg,vy,0.39212619533065957,742
train_oof,10,history,9.18数据/log_0_2026-9-18-18-15-06.ulg,vz,0.3928530689798048,742
train_oof,10,history,9.18数据/log_0_2026-9-18-18-15-06.ulg,p,0.43542947649121094,742
train_oof,10,history,9.18数据/log_0_2026-9-18-18-15-06.ulg,q,0.49681211196260205,742
train_oof,10,history,9.18数据/log_0_2026-9-18-18-15-06.ulg,r,0.1794045219130362,742
train_oof,10,history,9.18数据/log_1_2026-9-18-18-23-36.ulg,vx,0.34767675108829066,693
train_oof,10,history,9.18数据/log_1_2026-9-18-18-23-36.ulg,vy,0.471266639041085,693
train_oof,10,history,9.18数据/log_1_2026-9-18-18-23-36.ulg,vz,0.3069776235249427,693
train_oof,10,history,9.18数据/log_1_2026-9-18-18-23-36.ulg,p,0.544973674275145,693
train_oof,10,history,9.18数据/log_1_2026-9-18-18-23-36.ulg,q,0.47705332625625074,693
train_oof,10,history,9.18数据/log_1_2026-9-18-18-23-36.ulg,r,0.23155583860652998,693
train_oof,10,history,9.18数据/log_2_2026-9-18-18-29-40.ulg,vx,0.3199464713840945,742
train_oof,10,history,9.18数据/log_2_2026-9-18-18-29-40.ulg,vy,0.4085820244400774,742
train_oof,10,history,9.18数据/log_2_2026-9-18-18-29-40.ulg,vz,0.2991515778330997,742
train_oof,10,history,9.18数据/log_2_2026-9-18-18-29-40.ulg,p,0.5245717909418195,742
train_oof,10,history,9.18数据/log_2_2026-9-18-18-29-40.ulg,q,0.4388595045633234,742
train_oof,10,history,9.18数据/log_2_2026-9-18-18-29-40.ulg,r,0.2034323249316204,742
validation,10,history,2026.9.7/log_21_2026-9-7-05-54-56.ulg,vx,0.2788838381795158,168
validation,10,history,2026.9.7/log_21_2026-9-7-05-54-56.ulg,vy,0.2641180106511942,168
validation,10,history,2026.9.7/log_21_2026-9-7-05-54-56.ulg,vz,0.21759777571844488,168
validation,10,history,2026.9.7/log_21_2026-9-7-05-54-56.ulg,p,0.48665496071259357,168
validation,10,history,2026.9.7/log_21_2026-9-7-05-54-56.ulg,q,0.3570628130907256,168
validation,10,history,2026.9.7/log_21_2026-9-7-05-54-56.ulg,r,0.14042312176923252,168
validation,10,history,2026.9.7/log_22_2026-9-7-06-01-40.ulg,vx,0.24156912519619952,182
validation,10,history,2026.9.7/log_22_2026-9-7-06-01-40.ulg,vy,0.27716112750644656,182
validation,10,history,2026.9.7/log_22_2026-9-7-06-01-40.ulg,vz,0.21381420012635027,182
validation,10,history,2026.9.7/log_22_2026-9-7-06-01-40.ulg,p,0.5632167688813915,182
validation,10,history,2026.9.7/log_22_2026-9-7-06-01-40.ulg,q,0.34042766330016866,182
validation,10,history,2026.9.7/log_22_2026-9-7-06-01-40.ulg,r,0.1461725915170291,182
validation,10,history,2026.9.7/log_23_2026-9-7-06-09-22.ulg,vx,0.2606097425949931,160
validation,10,history,2026.9.7/log_23_2026-9-7-06-09-22.ulg,vy,0.33993190593607897,160
validation,10,history,2026.9.7/log_23_2026-9-7-06-09-22.ulg,vz,0.2260574196608864,160
validation,10,history,2026.9.7/log_23_2026-9-7-06-09-22.ulg,p,0.6435567305236329,160
validation,10,history,2026.9.7/log_23_2026-9-7-06-09-22.ulg,q,0.36210543910789095,160
validation,10,history,2026.9.7/log_23_2026-9-7-06-09-22.ulg,r,0.12214383606385637,160
validation,10,history,2026.9.7/log_24_2026-9-7-06-16-04.ulg,vx,0.23310357837490384,161
validation,10,history,2026.9.7/log_24_2026-9-7-06-16-04.ulg,vy,0.27493977240339773,161
validation,10,history,2026.9.7/log_24_2026-9-7-06-16-04.ulg,vz,0.19511318190654242,161
validation,10,history,2026.9.7/log_24_2026-9-7-06-16-04.ulg,p,0.5535493996463826,161
validation,10,history,2026.9.7/log_24_2026-9-7-06-16-04.ulg,q,0.3682353378696718,161
validation,10,history,2026.9.7/log_24_2026-9-7-06-16-04.ulg,r,0.11997377664572441,161
validation,10,history,2026.9.7/log_26_2026-9-7-06-30-26.ulg,vx,0.2853450931012881,150
validation,10,history,2026.9.7/log_26_2026-9-7-06-30-26.ulg,vy,0.34282836023986846,150
validation,10,history,2026.9.7/log_26_2026-9-7-06-30-26.ulg,vz,0.23549180148655124,150
validation,10,history,2026.9.7/log_26_2026-9-7-06-30-26.ulg,p,0.6240802242364295,150
validation,10,history,2026.9.7/log_26_2026-9-7-06-30-26.ulg,q,0.3774204057963094,150
validation,10,history,2026.9.7/log_26_2026-9-7-06-30-26.ulg,r,0.13285557225663738,150
validation,10,history,2026.9.7/log_27_2026-9-7-06-37-24.ulg,vx,0.31902453116904184,155
validation,10,history,2026.9.7/log_27_2026-9-7-06-37-24.ulg,vy,0.35823831493134267,155
validation,10,history,2026.9.7/log_27_2026-9-7-06-37-24.ulg,vz,0.18543947533236368,155
validation,10,history,2026.9.7/log_27_2026-9-7-06-37-24.ulg,p,0.6260191483615756,155
validation,10,history,2026.9.7/log_27_2026-9-7-06-37-24.ulg,q,0.3567600287448195,155
validation,10,history,2026.9.7/log_27_2026-9-7-06-37-24.ulg,r,0.106290115478096,155
validation,10,history,2026.9.7/log_28_2026-9-7-06-44-02.ulg,vx,0.3448986846194795,140
validation,10,history,2026.9.7/log_28_2026-9-7-06-44-02.ulg,vy,0.30993927452654707,140
validation,10,history,2026.9.7/log_28_2026-9-7-06-44-02.ulg,vz,0.18337684222206235,140
validation,10,history,2026.9.7/log_28_2026-9-7-06-44-02.ulg,p,0.5531600401190707,140
validation,10,history,2026.9.7/log_28_2026-9-7-06-44-02.ulg,q,0.4145540850804364,140
validation,10,history,2026.9.7/log_28_2026-9-7-06-44-02.ulg,r,0.11605470083455921,140
validation,10,history,2026.9.7/log_29_2026-9-7-06-51-04.ulg,vx,0.3055954490405931,201
validation,10,history,2026.9.7/log_29_2026-9-7-06-51-04.ulg,vy,0.30039370177287433,201
validation,10,history,2026.9.7/log_29_2026-9-7-06-51-04.ulg,vz,0.19180596343485093,201
validation,10,history,2026.9.7/log_29_2026-9-7-06-51-04.ulg,p,0.5949439058233792,201
validation,10,history,2026.9.7/log_29_2026-9-7-06-51-04.ulg,q,0.3166772521940076,201
validation,10,history,2026.9.7/log_29_2026-9-7-06-51-04.ulg,r,0.10484316857780604,201
validation,10,history,2026.9.7/log_30_2026-9-7-06-58-22.ulg,vx,0.3456232171387529,164
validation,10,history,2026.9.7/log_30_2026-9-7-06-58-22.ulg,vy,0.3439757606282898,164
validation,10,history,2026.9.7/log_30_2026-9-7-06-58-22.ulg,vz,0.20979873787095815,164
validation,10,history,2026.9.7/log_30_2026-9-7-06-58-22.ulg,p,0.4902566548847114,164
validation,10,history,2026.9.7/log_30_2026-9-7-06-58-22.ulg,q,0.38663592442981487,164
validation,10,history,2026.9.7/log_30_2026-9-7-06-58-22.ulg,r,0.13946156741840363,164
validation,10,history,9.17数据/log_10_2026-9-17-06-34-34.ulg,vx,0.324506169535965,130
validation,10,history,9.17数据/log_10_2026-9-17-06-34-34.ulg,vy,0.29097605270188154,130
validation,10,history,9.17数据/log_10_2026-9-17-06-34-34.ulg,vz,0.2505481665510985,130
validation,10,history,9.17数据/log_10_2026-9-17-06-34-34.ulg,p,0.5665057922600283,130
validation,10,history,9.17数据/log_10_2026-9-17-06-34-34.ulg,q,0.4632057841844961,130
validation,10,history,9.17数据/log_10_2026-9-17-06-34-34.ulg,r,0.1732074253881705,130
validation,10,history,9.17数据/log_11_2026-9-17-06-40-30.ulg,vx,0.2675713259430088,145
validation,10,history,9.17数据/log_11_2026-9-17-06-40-30.ulg,vy,0.3211374853759599,145
validation,10,history,9.17数据/log_11_2026-9-17-06-40-30.ulg,vz,0.3323008879503502,145
validation,10,history,9.17数据/log_11_2026-9-17-06-40-30.ulg,p,0.5286904103043151,145
validation,10,history,9.17数据/log_11_2026-9-17-06-40-30.ulg,q,0.39846816908923194,145
validation,10,history,9.17数据/log_11_2026-9-17-06-40-30.ulg,r,0.1870588243955497,145
validation,10,history,9.17数据/log_12_2026-9-17-06-46-02.ulg,vx,0.28619643208821827,144
validation,10,history,9.17数据/log_12_2026-9-17-06-46-02.ulg,vy,0.32757522595156374,144
validation,10,history,9.17数据/log_12_2026-9-17-06-46-02.ulg,vz,0.25936877594497726,144
validation,10,history,9.17数据/log_12_2026-9-17-06-46-02.ulg,p,0.47455427340277206,144
validation,10,history,9.17数据/log_12_2026-9-17-06-46-02.ulg,q,0.40168793953895027,144
validation,10,history,9.17数据/log_12_2026-9-17-06-46-02.ulg,r,0.16709444343364757,144
validation,10,history,9.17数据/log_13_2026-9-17-06-52-30.ulg,vx,0.31232362069946196,153
validation,10,history,9.17数据/log_13_2026-9-17-06-52-30.ulg,vy,0.3701001597245937,153
validation,10,history,9.17数据/log_13_2026-9-17-06-52-30.ulg,vz,0.27987576844913864,153
validation,10,history,9.17数据/log_13_2026-9-17-06-52-30.ulg,p,0.5002929439387673,153
validation,10,history,9.17数据/log_13_2026-9-17-06-52-30.ulg,q,0.4936112644213336,153
validation,10,history,9.17数据/log_13_2026-9-17-06-52-30.ulg,r,0.15460700775740344,153
validation,10,history,9.17数据/log_6_2026-9-17-06-02-24.ulg,vx,0.299389184895542,138
validation,10,history,9.17数据/log_6_2026-9-17-06-02-24.ulg,vy,0.3416616725578324,138
validation,10,history,9.17数据/log_6_2026-9-17-06-02-24.ulg,vz,0.21822297222356082,138
validation,10,history,9.17数据/log_6_2026-9-17-06-02-24.ulg,p,0.48598936329493364,138
validation,10,history,9.17数据/log_6_2026-9-17-06-02-24.ulg,q,0.42053941630511743,138
validation,10,history,9.17数据/log_6_2026-9-17-06-02-24.ulg,r,0.16241159815793696,138
validation,10,history,9.17数据/log_7_2026-9-17-06-12-16.ulg,vx,0.3202788937381425,131
validation,10,history,9.17数据/log_7_2026-9-17-06-12-16.ulg,vy,0.306593368255433,131
validation,10,history,9.17数据/log_7_2026-9-17-06-12-16.ulg,vz,0.2794156990258539,131
validation,10,history,9.17数据/log_7_2026-9-17-06-12-16.ulg,p,0.42505429666150535,131
validation,10,history,9.17数据/log_7_2026-9-17-06-12-16.ulg,q,0.47776221004997077,131
validation,10,history,9.17数据/log_7_2026-9-17-06-12-16.ulg,r,0.15717257396263862,131
validation,10,history,9.17数据/log_8_2026-9-17-06-17-52.ulg,vx,0.25670596841723753,146
validation,10,history,9.17数据/log_8_2026-9-17-06-17-52.ulg,vy,0.3033334946654763,146
validation,10,history,9.17数据/log_8_2026-9-17-06-17-52.ulg,vz,0.2580044382769296,146
validation,10,history,9.17数据/log_8_2026-9-17-06-17-52.ulg,p,0.5673617156798645,146
validation,10,history,9.17数据/log_8_2026-9-17-06-17-52.ulg,q,0.4786703246766468,146
validation,10,history,9.17数据/log_8_2026-9-17-06-17-52.ulg,r,0.15065439165503683,146
validation,10,history,9.17数据/log_9_2026-9-17-06-28-10.ulg,vx,0.2802330929678373,114
validation,10,history,9.17数据/log_9_2026-9-17-06-28-10.ulg,vy,0.3126355464327443,114
validation,10,history,9.17数据/log_9_2026-9-17-06-28-10.ulg,vz,0.2734436126588605,114
validation,10,history,9.17数据/log_9_2026-9-17-06-28-10.ulg,p,0.5284928805189588,114
validation,10,history,9.17数据/log_9_2026-9-17-06-28-10.ulg,q,0.47904223254275574,114
validation,10,history,9.17数据/log_9_2026-9-17-06-28-10.ulg,r,0.17579474882167914,114
train_oof,10,planned,2026.9.6/log_17_2026-9-6-18-34-06.ulg,vx,0.3218486922308578,895
train_oof,10,planned,2026.9.6/log_17_2026-9-6-18-34-06.ulg,vy,0.3551066691624706,895
train_oof,10,planned,2026.9.6/log_17_2026-9-6-18-34-06.ulg,vz,0.22057533200702462,895
train_oof,10,planned,2026.9.6/log_17_2026-9-6-18-34-06.ulg,p,0.49468035976217195,895
train_oof,10,planned,2026.9.6/log_17_2026-9-6-18-34-06.ulg,q,0.3989903759334162,895
train_oof,10,planned,2026.9.6/log_17_2026-9-6-18-34-06.ulg,r,0.1351203943378246,895
train_oof,10,planned,2026.9.6/log_18_2026-9-6-18-46-20.ulg,vx,0.32228582132852573,695
train_oof,10,planned,2026.9.6/log_18_2026-9-6-18-46-20.ulg,vy,0.40087255169235914,695
train_oof,10,planned,2026.9.6/log_18_2026-9-6-18-46-20.ulg,vz,0.2293513763049776,695
train_oof,10,planned,2026.9.6/log_18_2026-9-6-18-46-20.ulg,p,0.4878634988225139,695
train_oof,10,planned,2026.9.6/log_18_2026-9-6-18-46-20.ulg,q,0.3630500947873294,695
train_oof,10,planned,2026.9.6/log_18_2026-9-6-18-46-20.ulg,r,0.13550883116441034,695
train_oof,10,planned,2026.9.6/log_19_2026-9-6-18-52-30.ulg,vx,0.3013321741832694,774
train_oof,10,planned,2026.9.6/log_19_2026-9-6-18-52-30.ulg,vy,0.3193130256835853,774
train_oof,10,planned,2026.9.6/log_19_2026-9-6-18-52-30.ulg,vz,0.21302835817339028,774
train_oof,10,planned,2026.9.6/log_19_2026-9-6-18-52-30.ulg,p,0.5426065040628577,774
train_oof,10,planned,2026.9.6/log_19_2026-9-6-18-52-30.ulg,q,0.37518188020017657,774
train_oof,10,planned,2026.9.6/log_19_2026-9-6-18-52-30.ulg,r,0.1269818962186929,774
train_oof,10,planned,2026.9.6/log_20_2026-9-6-18-58-10.ulg,vx,0.3852660636244028,588
train_oof,10,planned,2026.9.6/log_20_2026-9-6-18-58-10.ulg,vy,0.33105439591671665,588
train_oof,10,planned,2026.9.6/log_20_2026-9-6-18-58-10.ulg,vz,0.22802771883936596,588
train_oof,10,planned,2026.9.6/log_20_2026-9-6-18-58-10.ulg,p,0.5357377900063891,588
train_oof,10,planned,2026.9.6/log_20_2026-9-6-18-58-10.ulg,q,0.3900341821762002,588
train_oof,10,planned,2026.9.6/log_20_2026-9-6-18-58-10.ulg,r,0.125524202817307,588
train_oof,10,planned,2026.9.6/log_24_2026-9-6-06-28-38.ulg,vx,0.3489617346547326,702
train_oof,10,planned,2026.9.6/log_24_2026-9-6-06-28-38.ulg,vy,0.3938346398132914,702
train_oof,10,planned,2026.9.6/log_24_2026-9-6-06-28-38.ulg,vz,0.28236209287311154,702
train_oof,10,planned,2026.9.6/log_24_2026-9-6-06-28-38.ulg,p,0.4525218170324188,702
train_oof,10,planned,2026.9.6/log_24_2026-9-6-06-28-38.ulg,q,0.4292204921964551,702
train_oof,10,planned,2026.9.6/log_24_2026-9-6-06-28-38.ulg,r,0.1614019869049047,702
train_oof,10,planned,2026.9.6/log_28_2026-9-6-07-01-38.ulg,vx,0.36210835449845513,727
train_oof,10,planned,2026.9.6/log_28_2026-9-6-07-01-38.ulg,vy,0.4107093043630136,727
train_oof,10,planned,2026.9.6/log_28_2026-9-6-07-01-38.ulg,vz,0.3295007594783153,727
train_oof,10,planned,2026.9.6/log_28_2026-9-6-07-01-38.ulg,p,0.49013302543025405,727
train_oof,10,planned,2026.9.6/log_28_2026-9-6-07-01-38.ulg,q,0.43346393647828285,727
train_oof,10,planned,2026.9.6/log_28_2026-9-6-07-01-38.ulg,r,0.19855507369484307,727
train_oof,10,planned,9.11数据/log_13_2026-9-11-18-28-08.ulg,vx,0.2715154494411964,447
train_oof,10,planned,9.11数据/log_13_2026-9-11-18-28-08.ulg,vy,0.32217857043919146,447
train_oof,10,planned,9.11数据/log_13_2026-9-11-18-28-08.ulg,vz,0.28867515755480294,447
train_oof,10,planned,9.11数据/log_13_2026-9-11-18-28-08.ulg,p,0.4436910986144551,447
train_oof,10,planned,9.11数据/log_13_2026-9-11-18-28-08.ulg,q,0.4635080906934754,447
train_oof,10,planned,9.11数据/log_13_2026-9-11-18-28-08.ulg,r,0.1600695180112835,447
train_oof,10,planned,9.11数据/log_14_2026-9-11-18-34-58.ulg,vx,0.24952237718875325,592
train_oof,10,planned,9.11数据/log_14_2026-9-11-18-34-58.ulg,vy,0.2532211251919736,592
train_oof,10,planned,9.11数据/log_14_2026-9-11-18-34-58.ulg,vz,0.22264446209974662,592
train_oof,10,planned,9.11数据/log_14_2026-9-11-18-34-58.ulg,p,0.35816456683919784,592
train_oof,10,planned,9.11数据/log_14_2026-9-11-18-34-58.ulg,q,0.3896605990537571,592
train_oof,10,planned,9.11数据/log_14_2026-9-11-18-34-58.ulg,r,0.14243641660359257,592
train_oof,10,planned,9.11数据/log_15_2026-9-11-18-40-48.ulg,vx,0.35778886691587675,440
train_oof,10,planned,9.11数据/log_15_2026-9-11-18-40-48.ulg,vy,0.39603016584921774,440
train_oof,10,planned,9.11数据/log_15_2026-9-11-18-40-48.ulg,vz,0.27561609814507426,440
train_oof,10,planned,9.11数据/log_15_2026-9-11-18-40-48.ulg,p,0.5065771757647812,440
train_oof,10,planned,9.11数据/log_15_2026-9-11-18-40-48.ulg,q,0.4474105106900337,440
train_oof,10,planned,9.11数据/log_15_2026-9-11-18-40-48.ulg,r,0.18469701688708934,440
train_oof,10,planned,9.12数据/log_10_2026-9-12-06-13-40.ulg,vx,0.3113447903197731,758
train_oof,10,planned,9.12数据/log_10_2026-9-12-06-13-40.ulg,vy,0.37371101243449334,758
train_oof,10,planned,9.12数据/log_10_2026-9-12-06-13-40.ulg,vz,0.19781275162374368,758
train_oof,10,planned,9.12数据/log_10_2026-9-12-06-13-40.ulg,p,0.5147468862682579,758
train_oof,10,planned,9.12数据/log_10_2026-9-12-06-13-40.ulg,q,0.36222363881889647,758
train_oof,10,planned,9.12数据/log_10_2026-9-12-06-13-40.ulg,r,0.13654081223845488,758
train_oof,10,planned,9.12数据/log_11_2026-9-12-06-21-12.ulg,vx,0.27672307513002325,720
train_oof,10,planned,9.12数据/log_11_2026-9-12-06-21-12.ulg,vy,0.3440611048119561,720
train_oof,10,planned,9.12数据/log_11_2026-9-12-06-21-12.ulg,vz,0.20881998116410178,720
train_oof,10,planned,9.12数据/log_11_2026-9-12-06-21-12.ulg,p,0.5605383901408517,720
train_oof,10,planned,9.12数据/log_11_2026-9-12-06-21-12.ulg,q,0.39073081093428325,720
train_oof,10,planned,9.12数据/log_11_2026-9-12-06-21-12.ulg,r,0.15006703741596086,720
train_oof,10,planned,9.12数据/log_12_2026-9-12-06-29-44.ulg,vx,0.2691658238974443,683
train_oof,10,planned,9.12数据/log_12_2026-9-12-06-29-44.ulg,vy,0.3725984802999995,683
train_oof,10,planned,9.12数据/log_12_2026-9-12-06-29-44.ulg,vz,0.25959033316567276,683
train_oof,10,planned,9.12数据/log_12_2026-9-12-06-29-44.ulg,p,0.5326755821623861,683
train_oof,10,planned,9.12数据/log_12_2026-9-12-06-29-44.ulg,q,0.41210349441455063,683
train_oof,10,planned,9.12数据/log_12_2026-9-12-06-29-44.ulg,r,0.14216046030715018,683
train_oof,10,planned,9.12数据/log_2_2026-9-12-18-32-54.ulg,vx,0.26385668177797456,753
train_oof,10,planned,9.12数据/log_2_2026-9-12-18-32-54.ulg,vy,0.248593938968082,753
train_oof,10,planned,9.12数据/log_2_2026-9-12-18-32-54.ulg,vz,0.18393500600484947,753
train_oof,10,planned,9.12数据/log_2_2026-9-12-18-32-54.ulg,p,0.4323589220816959,753
train_oof,10,planned,9.12数据/log_2_2026-9-12-18-32-54.ulg,q,0.3622124654528648,753
train_oof,10,planned,9.12数据/log_2_2026-9-12-18-32-54.ulg,r,0.11420484888831205,753
train_oof,10,planned,9.12数据/log_3_2026-9-12-18-40-02.ulg,vx,0.29459708221850467,792
train_oof,10,planned,9.12数据/log_3_2026-9-12-18-40-02.ulg,vy,0.2767165314159442,792
train_oof,10,planned,9.12数据/log_3_2026-9-12-18-40-02.ulg,vz,0.24919211151990878,792
train_oof,10,planned,9.12数据/log_3_2026-9-12-18-40-02.ulg,p,0.4352333045065628,792
train_oof,10,planned,9.12数据/log_3_2026-9-12-18-40-02.ulg,q,0.384029946637065,792
train_oof,10,planned,9.12数据/log_3_2026-9-12-18-40-02.ulg,r,0.12846953658417168,792
train_oof,10,planned,9.12数据/log_7_2026-9-12-05-49-02.ulg,vx,0.2583870216422078,655
train_oof,10,planned,9.12数据/log_7_2026-9-12-05-49-02.ulg,vy,0.3522878735829582,655
train_oof,10,planned,9.12数据/log_7_2026-9-12-05-49-02.ulg,vz,0.2583212004938774,655
train_oof,10,planned,9.12数据/log_7_2026-9-12-05-49-02.ulg,p,0.43351300263967124,655
train_oof,10,planned,9.12数据/log_7_2026-9-12-05-49-02.ulg,q,0.37465410331015514,655
train_oof,10,planned,9.12数据/log_7_2026-9-12-05-49-02.ulg,r,0.1506233501501181,655
train_oof,10,planned,9.12数据/log_8_2026-9-12-05-55-30.ulg,vx,0.28875205403667803,815
train_oof,10,planned,9.12数据/log_8_2026-9-12-05-55-30.ulg,vy,0.32690967119138625,815
train_oof,10,planned,9.12数据/log_8_2026-9-12-05-55-30.ulg,vz,0.2560043438140821,815
train_oof,10,planned,9.12数据/log_8_2026-9-12-05-55-30.ulg,p,0.5750360054943996,815
train_oof,10,planned,9.12数据/log_8_2026-9-12-05-55-30.ulg,q,0.3863067518591958,815
train_oof,10,planned,9.12数据/log_8_2026-9-12-05-55-30.ulg,r,0.14889768677503015,815
train_oof,10,planned,9.12数据/log_9_2026-9-12-06-03-32.ulg,vx,0.29563720414944,1017
train_oof,10,planned,9.12数据/log_9_2026-9-12-06-03-32.ulg,vy,0.3127593181227981,1017
train_oof,10,planned,9.12数据/log_9_2026-9-12-06-03-32.ulg,vz,0.2441968784453454,1017
train_oof,10,planned,9.12数据/log_9_2026-9-12-06-03-32.ulg,p,0.5469739658911328,1017
train_oof,10,planned,9.12数据/log_9_2026-9-12-06-03-32.ulg,q,0.3982695733772449,1017
train_oof,10,planned,9.12数据/log_9_2026-9-12-06-03-32.ulg,r,0.14701238967437313,1017
train_oof,10,planned,9.13数据/log_1_2026-9-13-06-11-06.ulg,vx,0.261691815576901,712
train_oof,10,planned,9.13数据/log_1_2026-9-13-06-11-06.ulg,vy,0.2927322862274584,712
train_oof,10,planned,9.13数据/log_1_2026-9-13-06-11-06.ulg,vz,0.19821990066284081,712
train_oof,10,planned,9.13数据/log_1_2026-9-13-06-11-06.ulg,p,0.3595538135711918,712
train_oof,10,planned,9.13数据/log_1_2026-9-13-06-11-06.ulg,q,0.34397883523193873,712
train_oof,10,planned,9.13数据/log_1_2026-9-13-06-11-06.ulg,r,0.09576704561579157,712
train_oof,10,planned,9.13数据/log_2_2026-9-13-06-20-06.ulg,vx,0.28860526166833916,710
train_oof,10,planned,9.13数据/log_2_2026-9-13-06-20-06.ulg,vy,0.2700011273344985,710
train_oof,10,planned,9.13数据/log_2_2026-9-13-06-20-06.ulg,vz,0.18106593307908528,710
train_oof,10,planned,9.13数据/log_2_2026-9-13-06-20-06.ulg,p,0.42721777513988807,710
train_oof,10,planned,9.13数据/log_2_2026-9-13-06-20-06.ulg,q,0.36984471515805817,710
train_oof,10,planned,9.13数据/log_2_2026-9-13-06-20-06.ulg,r,0.10199264681372913,710
train_oof,10,planned,9.13数据/log_3_2026-9-13-06-31-26.ulg,vx,0.2950951442653814,710
train_oof,10,planned,9.13数据/log_3_2026-9-13-06-31-26.ulg,vy,0.29737792823524084,710
train_oof,10,planned,9.13数据/log_3_2026-9-13-06-31-26.ulg,vz,0.20251942423895633,710
train_oof,10,planned,9.13数据/log_3_2026-9-13-06-31-26.ulg,p,0.49646268707664876,710
train_oof,10,planned,9.13数据/log_3_2026-9-13-06-31-26.ulg,q,0.39799087232296937,710
train_oof,10,planned,9.13数据/log_3_2026-9-13-06-31-26.ulg,r,0.1284499848118583,710
train_oof,10,planned,9.13数据/log_4_2026-9-13-06-36-26.ulg,vx,0.25454885860821513,696
train_oof,10,planned,9.13数据/log_4_2026-9-13-06-36-26.ulg,vy,0.3023042443100316,696
train_oof,10,planned,9.13数据/log_4_2026-9-13-06-36-26.ulg,vz,0.1897521825904435,696
train_oof,10,planned,9.13数据/log_4_2026-9-13-06-36-26.ulg,p,0.43143679364494325,696
train_oof,10,planned,9.13数据/log_4_2026-9-13-06-36-26.ulg,q,0.3670844095535838,696
train_oof,10,planned,9.13数据/log_4_2026-9-13-06-36-26.ulg,r,0.11501173564008191,696
train_oof,10,planned,9.13数据/log_5_2026-9-13-06-42-40.ulg,vx,0.28552827665137853,730
train_oof,10,planned,9.13数据/log_5_2026-9-13-06-42-40.ulg,vy,0.2860710857419899,730
train_oof,10,planned,9.13数据/log_5_2026-9-13-06-42-40.ulg,vz,0.21671386576059826,730
train_oof,10,planned,9.13数据/log_5_2026-9-13-06-42-40.ulg,p,0.5072259807765883,730
train_oof,10,planned,9.13数据/log_5_2026-9-13-06-42-40.ulg,q,0.38227399897719605,730
train_oof,10,planned,9.13数据/log_5_2026-9-13-06-42-40.ulg,r,0.11731960327867617,730
train_oof,10,planned,9.13数据/log_7_2026-9-13-18-12-52.ulg,vx,0.29490442949223966,450
train_oof,10,planned,9.13数据/log_7_2026-9-13-18-12-52.ulg,vy,0.3814824933064101,450
train_oof,10,planned,9.13数据/log_7_2026-9-13-18-12-52.ulg,vz,0.2602249748663198,450
train_oof,10,planned,9.13数据/log_7_2026-9-13-18-12-52.ulg,p,0.6335210333966461,450
train_oof,10,planned,9.13数据/log_7_2026-9-13-18-12-52.ulg,q,0.37909046659842693,450
train_oof,10,planned,9.13数据/log_7_2026-9-13-18-12-52.ulg,r,0.1438555466505764,450
train_oof,10,planned,9.14数据/log_11_2026-9-14-18-13-22.ulg,vx,0.2787508876658634,756
train_oof,10,planned,9.14数据/log_11_2026-9-14-18-13-22.ulg,vy,0.2799431093264061,756
train_oof,10,planned,9.14数据/log_11_2026-9-14-18-13-22.ulg,vz,0.252107393836028,756
train_oof,10,planned,9.14数据/log_11_2026-9-14-18-13-22.ulg,p,0.56620776664242,756
train_oof,10,planned,9.14数据/log_11_2026-9-14-18-13-22.ulg,q,0.424416099001199,756
train_oof,10,planned,9.14数据/log_11_2026-9-14-18-13-22.ulg,r,0.14455808649970076,756
train_oof,10,planned,9.14数据/log_12_2026-9-14-18-20-30.ulg,vx,0.2726526549865175,768
train_oof,10,planned,9.14数据/log_12_2026-9-14-18-20-30.ulg,vy,0.2651973525640368,768
train_oof,10,planned,9.14数据/log_12_2026-9-14-18-20-30.ulg,vz,0.26489335588360036,768
train_oof,10,planned,9.14数据/log_12_2026-9-14-18-20-30.ulg,p,0.5793822354938053,768
train_oof,10,planned,9.14数据/log_12_2026-9-14-18-20-30.ulg,q,0.4165966895097634,768
train_oof,10,planned,9.14数据/log_12_2026-9-14-18-20-30.ulg,r,0.16750288957690848,768
train_oof,10,planned,9.14数据/log_13_2026-9-14-18-28-32.ulg,vx,0.34469852692615266,883
train_oof,10,planned,9.14数据/log_13_2026-9-14-18-28-32.ulg,vy,0.315136752622338,883
train_oof,10,planned,9.14数据/log_13_2026-9-14-18-28-32.ulg,vz,0.241068971959176,883
train_oof,10,planned,9.14数据/log_13_2026-9-14-18-28-32.ulg,p,0.6117509240911793,883
train_oof,10,planned,9.14数据/log_13_2026-9-14-18-28-32.ulg,q,0.42178341879131187,883
train_oof,10,planned,9.14数据/log_13_2026-9-14-18-28-32.ulg,r,0.1624147096387687,883
train_oof,10,planned,9.14数据/log_14_2026-9-14-18-34-22.ulg,vx,0.2554501697861808,600
train_oof,10,planned,9.14数据/log_14_2026-9-14-18-34-22.ulg,vy,0.24852053377101788,600
train_oof,10,planned,9.14数据/log_14_2026-9-14-18-34-22.ulg,vz,0.26697778078366413,600
train_oof,10,planned,9.14数据/log_14_2026-9-14-18-34-22.ulg,p,1.276361693115636,600
train_oof,10,planned,9.14数据/log_14_2026-9-14-18-34-22.ulg,q,0.4435222638081192,600
train_oof,10,planned,9.14数据/log_14_2026-9-14-18-34-22.ulg,r,0.16579815345194493,600
train_oof,10,planned,9.15数据/log_10_2026-9-15-17-44-04.ulg,vx,0.3202505978898431,594
train_oof,10,planned,9.15数据/log_10_2026-9-15-17-44-04.ulg,vy,0.3343465297161263,594
train_oof,10,planned,9.15数据/log_10_2026-9-15-17-44-04.ulg,vz,0.3490667868295899,594
train_oof,10,planned,9.15数据/log_10_2026-9-15-17-44-04.ulg,p,0.3807579025665977,594
train_oof,10,planned,9.15数据/log_10_2026-9-15-17-44-04.ulg,q,0.48884214728487835,594
train_oof,10,planned,9.15数据/log_10_2026-9-15-17-44-04.ulg,r,0.18098345117769046,594
train_oof,10,planned,9.15数据/log_11_2026-9-15-17-51-56.ulg,vx,0.3315919999657332,538
train_oof,10,planned,9.15数据/log_11_2026-9-15-17-51-56.ulg,vy,0.31696262300857203,538
train_oof,10,planned,9.15数据/log_11_2026-9-15-17-51-56.ulg,vz,0.3090207069644669,538
train_oof,10,planned,9.15数据/log_11_2026-9-15-17-51-56.ulg,p,0.43919188369134654,538
train_oof,10,planned,9.15数据/log_11_2026-9-15-17-51-56.ulg,q,0.4565295046146583,538
train_oof,10,planned,9.15数据/log_11_2026-9-15-17-51-56.ulg,r,0.17503633909336191,538
train_oof,10,planned,9.15数据/log_12_2026-9-15-18-03-58.ulg,vx,0.25277707379261205,704
train_oof,10,planned,9.15数据/log_12_2026-9-15-18-03-58.ulg,vy,0.2809245249143449,704
train_oof,10,planned,9.15数据/log_12_2026-9-15-18-03-58.ulg,vz,0.24605606835355967,704
train_oof,10,planned,9.15数据/log_12_2026-9-15-18-03-58.ulg,p,0.3629045700829029,704
train_oof,10,planned,9.15数据/log_12_2026-9-15-18-03-58.ulg,q,0.4274615689541996,704
train_oof,10,planned,9.15数据/log_12_2026-9-15-18-03-58.ulg,r,0.14533702573836454,704
train_oof,10,planned,9.15数据/log_13_2026-9-15-18-10-58.ulg,vx,0.28939483759949225,690
train_oof,10,planned,9.15数据/log_13_2026-9-15-18-10-58.ulg,vy,0.28058764650613216,690
train_oof,10,planned,9.15数据/log_13_2026-9-15-18-10-58.ulg,vz,0.23204274232765232,690
train_oof,10,planned,9.15数据/log_13_2026-9-15-18-10-58.ulg,p,0.3476655275380411,690
train_oof,10,planned,9.15数据/log_13_2026-9-15-18-10-58.ulg,q,0.3990616707847729,690
train_oof,10,planned,9.15数据/log_13_2026-9-15-18-10-58.ulg,r,0.13123743055146145,690
train_oof,10,planned,9.15数据/log_14_2026-9-15-18-17-26.ulg,vx,0.2634679026039443,685
train_oof,10,planned,9.15数据/log_14_2026-9-15-18-17-26.ulg,vy,0.25637365128198913,685
train_oof,10,planned,9.15数据/log_14_2026-9-15-18-17-26.ulg,vz,0.2437091726564856,685
train_oof,10,planned,9.15数据/log_14_2026-9-15-18-17-26.ulg,p,0.38221037981577605,685
train_oof,10,planned,9.15数据/log_14_2026-9-15-18-17-26.ulg,q,0.40678563502574444,685
train_oof,10,planned,9.15数据/log_14_2026-9-15-18-17-26.ulg,r,0.14000862079735282,685
train_oof,10,planned,9.15数据/log_15_2026-9-15-18-23-44.ulg,vx,0.2847450011313647,702
train_oof,10,planned,9.15数据/log_15_2026-9-15-18-23-44.ulg,vy,0.28091026441001854,702
train_oof,10,planned,9.15数据/log_15_2026-9-15-18-23-44.ulg,vz,0.24946940200312917,702
train_oof,10,planned,9.15数据/log_15_2026-9-15-18-23-44.ulg,p,0.3702845307086406,702
train_oof,10,planned,9.15数据/log_15_2026-9-15-18-23-44.ulg,q,0.43880266442875165,702
train_oof,10,planned,9.15数据/log_15_2026-9-15-18-23-44.ulg,r,0.15123919381420986,702
train_oof,10,planned,9.16数据/log_1_2026-9-16-18-02-34.ulg,vx,0.2581856797601109,576
train_oof,10,planned,9.16数据/log_1_2026-9-16-18-02-34.ulg,vy,0.32029587026932976,576
train_oof,10,planned,9.16数据/log_1_2026-9-16-18-02-34.ulg,vz,0.2930493969005362,576
train_oof,10,planned,9.16数据/log_1_2026-9-16-18-02-34.ulg,p,0.34086751830971346,576
train_oof,10,planned,9.16数据/log_1_2026-9-16-18-02-34.ulg,q,0.41291614132649507,576
train_oof,10,planned,9.16数据/log_1_2026-9-16-18-02-34.ulg,r,0.147790166122728,576
train_oof,10,planned,9.16数据/log_2_2026-9-16-18-08-46.ulg,vx,0.3098446830841343,691
train_oof,10,planned,9.16数据/log_2_2026-9-16-18-08-46.ulg,vy,0.3024337864807374,691
train_oof,10,planned,9.16数据/log_2_2026-9-16-18-08-46.ulg,vz,0.2451716486140227,691
train_oof,10,planned,9.16数据/log_2_2026-9-16-18-08-46.ulg,p,0.3434251136629383,691
train_oof,10,planned,9.16数据/log_2_2026-9-16-18-08-46.ulg,q,0.43360529211630433,691
train_oof,10,planned,9.16数据/log_2_2026-9-16-18-08-46.ulg,r,0.13861173890379744,691
train_oof,10,planned,9.16数据/log_3_2026-9-16-18-13-58.ulg,vx,0.26531060665864936,521
train_oof,10,planned,9.16数据/log_3_2026-9-16-18-13-58.ulg,vy,0.29139086707176376,521
train_oof,10,planned,9.16数据/log_3_2026-9-16-18-13-58.ulg,vz,0.2661502891250182,521
train_oof,10,planned,9.16数据/log_3_2026-9-16-18-13-58.ulg,p,0.35326216802090316,521
train_oof,10,planned,9.16数据/log_3_2026-9-16-18-13-58.ulg,q,0.4327208320145103,521
train_oof,10,planned,9.16数据/log_3_2026-9-16-18-13-58.ulg,r,0.1301773881858388,521
train_oof,10,planned,9.16数据/log_4_2026-9-16-18-20-50.ulg,vx,0.2969884460440757,689
train_oof,10,planned,9.16数据/log_4_2026-9-16-18-20-50.ulg,vy,0.32724716309216584,689
train_oof,10,planned,9.16数据/log_4_2026-9-16-18-20-50.ulg,vz,0.28859053570936094,689
train_oof,10,planned,9.16数据/log_4_2026-9-16-18-20-50.ulg,p,0.3704822988410666,689
train_oof,10,planned,9.16数据/log_4_2026-9-16-18-20-50.ulg,q,0.43547003231737197,689
train_oof,10,planned,9.16数据/log_4_2026-9-16-18-20-50.ulg,r,0.1402904171502494,689
train_oof,10,planned,9.16数据/log_5_2026-9-16-18-26-48.ulg,vx,0.30206803685840006,658
train_oof,10,planned,9.16数据/log_5_2026-9-16-18-26-48.ulg,vy,0.31257550176711263,658
train_oof,10,planned,9.16数据/log_5_2026-9-16-18-26-48.ulg,vz,0.21938424346269997,658
train_oof,10,planned,9.16数据/log_5_2026-9-16-18-26-48.ulg,p,0.43681482586590586,658
train_oof,10,planned,9.16数据/log_5_2026-9-16-18-26-48.ulg,q,0.4035168751957417,658
train_oof,10,planned,9.16数据/log_5_2026-9-16-18-26-48.ulg,r,0.13185864661861454,658
train_oof,10,planned,9.18数据/log_0_2026-9-18-18-15-06.ulg,vx,0.32013363056129573,742
train_oof,10,planned,9.18数据/log_0_2026-9-18-18-15-06.ulg,vy,0.39001799462755943,742
train_oof,10,planned,9.18数据/log_0_2026-9-18-18-15-06.ulg,vz,0.37936370067781583,742
train_oof,10,planned,9.18数据/log_0_2026-9-18-18-15-06.ulg,p,0.4190732971473695,742
train_oof,10,planned,9.18数据/log_0_2026-9-18-18-15-06.ulg,q,0.4833418932607223,742
train_oof,10,planned,9.18数据/log_0_2026-9-18-18-15-06.ulg,r,0.16595691562424272,742
train_oof,10,planned,9.18数据/log_1_2026-9-18-18-23-36.ulg,vx,0.34728752024441356,693
train_oof,10,planned,9.18数据/log_1_2026-9-18-18-23-36.ulg,vy,0.47044624220489856,693
train_oof,10,planned,9.18数据/log_1_2026-9-18-18-23-36.ulg,vz,0.3052780722708193,693
train_oof,10,planned,9.18数据/log_1_2026-9-18-18-23-36.ulg,p,0.5144552084855564,693
train_oof,10,planned,9.18数据/log_1_2026-9-18-18-23-36.ulg,q,0.4702437166198714,693
train_oof,10,planned,9.18数据/log_1_2026-9-18-18-23-36.ulg,r,0.215252050287296,693
train_oof,10,planned,9.18数据/log_2_2026-9-18-18-29-40.ulg,vx,0.31963721537925727,742
train_oof,10,planned,9.18数据/log_2_2026-9-18-18-29-40.ulg,vy,0.4071627338222512,742
train_oof,10,planned,9.18数据/log_2_2026-9-18-18-29-40.ulg,vz,0.29380858476909977,742
train_oof,10,planned,9.18数据/log_2_2026-9-18-18-29-40.ulg,p,0.5080571350949585,742
train_oof,10,planned,9.18数据/log_2_2026-9-18-18-29-40.ulg,q,0.43041344096772166,742
train_oof,10,planned,9.18数据/log_2_2026-9-18-18-29-40.ulg,r,0.19253038766143962,742
validation,10,planned,2026.9.7/log_21_2026-9-7-05-54-56.ulg,vx,0.2802933443110876,168
validation,10,planned,2026.9.7/log_21_2026-9-7-05-54-56.ulg,vy,0.2658154690784757,168
validation,10,planned,2026.9.7/log_21_2026-9-7-05-54-56.ulg,vz,0.22254011941309215,168
validation,10,planned,2026.9.7/log_21_2026-9-7-05-54-56.ulg,p,0.4756454583220253,168
validation,10,planned,2026.9.7/log_21_2026-9-7-05-54-56.ulg,q,0.37278634791549436,168
validation,10,planned,2026.9.7/log_21_2026-9-7-05-54-56.ulg,r,0.1320878188999013,168
validation,10,planned,2026.9.7/log_22_2026-9-7-06-01-40.ulg,vx,0.2417973259101947,182
validation,10,planned,2026.9.7/log_22_2026-9-7-06-01-40.ulg,vy,0.27572443557269716,182
validation,10,planned,2026.9.7/log_22_2026-9-7-06-01-40.ulg,vz,0.21458135562989944,182
validation,10,planned,2026.9.7/log_22_2026-9-7-06-01-40.ulg,p,0.563987818724561,182
validation,10,planned,2026.9.7/log_22_2026-9-7-06-01-40.ulg,q,0.3486160533849229,182
validation,10,planned,2026.9.7/log_22_2026-9-7-06-01-40.ulg,r,0.13992413112079818,182
validation,10,planned,2026.9.7/log_23_2026-9-7-06-09-22.ulg,vx,0.2606747498277991,160
validation,10,planned,2026.9.7/log_23_2026-9-7-06-09-22.ulg,vy,0.34099519918802823,160
validation,10,planned,2026.9.7/log_23_2026-9-7-06-09-22.ulg,vz,0.21779593960110044,160
validation,10,planned,2026.9.7/log_23_2026-9-7-06-09-22.ulg,p,0.6477554683915502,160
validation,10,planned,2026.9.7/log_23_2026-9-7-06-09-22.ulg,q,0.36392341756768887,160
validation,10,planned,2026.9.7/log_23_2026-9-7-06-09-22.ulg,r,0.12052279017174226,160
validation,10,planned,2026.9.7/log_24_2026-9-7-06-16-04.ulg,vx,0.23310772407639582,161
validation,10,planned,2026.9.7/log_24_2026-9-7-06-16-04.ulg,vy,0.2733621291409244,161
validation,10,planned,2026.9.7/log_24_2026-9-7-06-16-04.ulg,vz,0.19235256989201555,161
validation,10,planned,2026.9.7/log_24_2026-9-7-06-16-04.ulg,p,0.5441999522244053,161
validation,10,planned,2026.9.7/log_24_2026-9-7-06-16-04.ulg,q,0.373688676604451,161
validation,10,planned,2026.9.7/log_24_2026-9-7-06-16-04.ulg,r,0.11976229286803271,161
validation,10,planned,2026.9.7/log_26_2026-9-7-06-30-26.ulg,vx,0.2867371435079477,150
validation,10,planned,2026.9.7/log_26_2026-9-7-06-30-26.ulg,vy,0.34429241733226695,150
validation,10,planned,2026.9.7/log_26_2026-9-7-06-30-26.ulg,vz,0.2280749373437879,150
validation,10,planned,2026.9.7/log_26_2026-9-7-06-30-26.ulg,p,0.60854368208932,150
validation,10,planned,2026.9.7/log_26_2026-9-7-06-30-26.ulg,q,0.38346713298425467,150
validation,10,planned,2026.9.7/log_26_2026-9-7-06-30-26.ulg,r,0.12937170445380022,150
validation,10,planned,2026.9.7/log_27_2026-9-7-06-37-24.ulg,vx,0.3192216562483746,155
validation,10,planned,2026.9.7/log_27_2026-9-7-06-37-24.ulg,vy,0.3582013673512531,155
validation,10,planned,2026.9.7/log_27_2026-9-7-06-37-24.ulg,vz,0.18814553980851692,155
validation,10,planned,2026.9.7/log_27_2026-9-7-06-37-24.ulg,p,0.6172175449376486,155
validation,10,planned,2026.9.7/log_27_2026-9-7-06-37-24.ulg,q,0.3624830081341152,155
validation,10,planned,2026.9.7/log_27_2026-9-7-06-37-24.ulg,r,0.106818155593344,155
validation,10,planned,2026.9.7/log_28_2026-9-7-06-44-02.ulg,vx,0.34436313092961224,140
validation,10,planned,2026.9.7/log_28_2026-9-7-06-44-02.ulg,vy,0.3100847187578431,140
validation,10,planned,2026.9.7/log_28_2026-9-7-06-44-02.ulg,vz,0.18037132513587456,140
validation,10,planned,2026.9.7/log_28_2026-9-7-06-44-02.ulg,p,0.5416460739935999,140
validation,10,planned,2026.9.7/log_28_2026-9-7-06-44-02.ulg,q,0.41248846241658443,140
validation,10,planned,2026.9.7/log_28_2026-9-7-06-44-02.ulg,r,0.1123571294846512,140
validation,10,planned,2026.9.7/log_29_2026-9-7-06-51-04.ulg,vx,0.30647886912968264,201
validation,10,planned,2026.9.7/log_29_2026-9-7-06-51-04.ulg,vy,0.2985019304431682,201
validation,10,planned,2026.9.7/log_29_2026-9-7-06-51-04.ulg,vz,0.18865331342212838,201
validation,10,planned,2026.9.7/log_29_2026-9-7-06-51-04.ulg,p,0.5817295114876553,201
validation,10,planned,2026.9.7/log_29_2026-9-7-06-51-04.ulg,q,0.324090307570862,201
validation,10,planned,2026.9.7/log_29_2026-9-7-06-51-04.ulg,r,0.10516196421139581,201
validation,10,planned,2026.9.7/log_30_2026-9-7-06-58-22.ulg,vx,0.3451206168144582,164
validation,10,planned,2026.9.7/log_30_2026-9-7-06-58-22.ulg,vy,0.34373976204289935,164
validation,10,planned,2026.9.7/log_30_2026-9-7-06-58-22.ulg,vz,0.2092218021927517,164
validation,10,planned,2026.9.7/log_30_2026-9-7-06-58-22.ulg,p,0.4857519274673819,164
validation,10,planned,2026.9.7/log_30_2026-9-7-06-58-22.ulg,q,0.38454679831811206,164
validation,10,planned,2026.9.7/log_30_2026-9-7-06-58-22.ulg,r,0.13319139085675735,164
validation,10,planned,9.17数据/log_10_2026-9-17-06-34-34.ulg,vx,0.3237876604084682,130
validation,10,planned,9.17数据/log_10_2026-9-17-06-34-34.ulg,vy,0.2911812580862511,130
validation,10,planned,9.17数据/log_10_2026-9-17-06-34-34.ulg,vz,0.24391947197737882,130
validation,10,planned,9.17数据/log_10_2026-9-17-06-34-34.ulg,p,0.5520023851420325,130
validation,10,planned,9.17数据/log_10_2026-9-17-06-34-34.ulg,q,0.458607758602165,130
validation,10,planned,9.17数据/log_10_2026-9-17-06-34-34.ulg,r,0.16122051604897122,130
validation,10,planned,9.17数据/log_11_2026-9-17-06-40-30.ulg,vx,0.26994587848450446,145
validation,10,planned,9.17数据/log_11_2026-9-17-06-40-30.ulg,vy,0.3212343320860452,145
validation,10,planned,9.17数据/log_11_2026-9-17-06-40-30.ulg,vz,0.32505991224009956,145
validation,10,planned,9.17数据/log_11_2026-9-17-06-40-30.ulg,p,0.5215783880327969,145
validation,10,planned,9.17数据/log_11_2026-9-17-06-40-30.ulg,q,0.3840006155473674,145
validation,10,planned,9.17数据/log_11_2026-9-17-06-40-30.ulg,r,0.1657309067451248,145
validation,10,planned,9.17数据/log_12_2026-9-17-06-46-02.ulg,vx,0.2827243576558629,144
validation,10,planned,9.17数据/log_12_2026-9-17-06-46-02.ulg,vy,0.32703754194495605,144
validation,10,planned,9.17数据/log_12_2026-9-17-06-46-02.ulg,vz,0.2580502451076045,144
validation,10,planned,9.17数据/log_12_2026-9-17-06-46-02.ulg,p,0.48099531936641626,144
validation,10,planned,9.17数据/log_12_2026-9-17-06-46-02.ulg,q,0.39388424182770915,144
validation,10,planned,9.17数据/log_12_2026-9-17-06-46-02.ulg,r,0.16110307795872175,144
validation,10,planned,9.17数据/log_13_2026-9-17-06-52-30.ulg,vx,0.31404168325144427,153
validation,10,planned,9.17数据/log_13_2026-9-17-06-52-30.ulg,vy,0.36983862283471747,153
validation,10,planned,9.17数据/log_13_2026-9-17-06-52-30.ulg,vz,0.2677265440722278,153
validation,10,planned,9.17数据/log_13_2026-9-17-06-52-30.ulg,p,0.499635071918284,153
validation,10,planned,9.17数据/log_13_2026-9-17-06-52-30.ulg,q,0.4808911160296846,153
validation,10,planned,9.17数据/log_13_2026-9-17-06-52-30.ulg,r,0.14261013654205332,153
validation,10,planned,9.17数据/log_6_2026-9-17-06-02-24.ulg,vx,0.2992506775503763,138
validation,10,planned,9.17数据/log_6_2026-9-17-06-02-24.ulg,vy,0.34153838562110156,138
validation,10,planned,9.17数据/log_6_2026-9-17-06-02-24.ulg,vz,0.21603022736461944,138
validation,10,planned,9.17数据/log_6_2026-9-17-06-02-24.ulg,p,0.4861981709533586,138
validation,10,planned,9.17数据/log_6_2026-9-17-06-02-24.ulg,q,0.4250636819872529,138
validation,10,planned,9.17数据/log_6_2026-9-17-06-02-24.ulg,r,0.15430408589020822,138
validation,10,planned,9.17数据/log_7_2026-9-17-06-12-16.ulg,vx,0.32065665875195737,131
validation,10,planned,9.17数据/log_7_2026-9-17-06-12-16.ulg,vy,0.3112346754611488,131
validation,10,planned,9.17数据/log_7_2026-9-17-06-12-16.ulg,vz,0.27386605844846035,131
validation,10,planned,9.17数据/log_7_2026-9-17-06-12-16.ulg,p,0.41617472820229684,131
validation,10,planned,9.17数据/log_7_2026-9-17-06-12-16.ulg,q,0.4606353533344765,131
validation,10,planned,9.17数据/log_7_2026-9-17-06-12-16.ulg,r,0.14977276788343502,131
validation,10,planned,9.17数据/log_8_2026-9-17-06-17-52.ulg,vx,0.2561934739421446,146
validation,10,planned,9.17数据/log_8_2026-9-17-06-17-52.ulg,vy,0.30132524764064256,146
validation,10,planned,9.17数据/log_8_2026-9-17-06-17-52.ulg,vz,0.24897984377507523,146
validation,10,planned,9.17数据/log_8_2026-9-17-06-17-52.ulg,p,0.5650405702243763,146
validation,10,planned,9.17数据/log_8_2026-9-17-06-17-52.ulg,q,0.4685473190427622,146
validation,10,planned,9.17数据/log_8_2026-9-17-06-17-52.ulg,r,0.14561440957312555,146
validation,10,planned,9.17数据/log_9_2026-9-17-06-28-10.ulg,vx,0.28342300136916254,114
validation,10,planned,9.17数据/log_9_2026-9-17-06-28-10.ulg,vy,0.3083933686063327,114
validation,10,planned,9.17数据/log_9_2026-9-17-06-28-10.ulg,vz,0.2630598147844196,114
validation,10,planned,9.17数据/log_9_2026-9-17-06-28-10.ulg,p,0.5179526900529746,114
validation,10,planned,9.17数据/log_9_2026-9-17-06-28-10.ulg,q,0.47608291428569044,114
validation,10,planned,9.17数据/log_9_2026-9-17-06-28-10.ulg,r,0.15089034364982465,114
train_oof,25,history,2026.9.6/log_17_2026-9-6-18-34-06.ulg,vx,0.7272772985303898,895
train_oof,25,history,2026.9.6/log_17_2026-9-6-18-34-06.ulg,vy,0.8140629801897173,895
train_oof,25,history,2026.9.6/log_17_2026-9-6-18-34-06.ulg,vz,0.4351877166628045,895
train_oof,25,history,2026.9.6/log_17_2026-9-6-18-34-06.ulg,p,0.5164434942367653,895
train_oof,25,history,2026.9.6/log_17_2026-9-6-18-34-06.ulg,q,0.4421421709914288,895
train_oof,25,history,2026.9.6/log_17_2026-9-6-18-34-06.ulg,r,0.17160657445463773,895
train_oof,25,history,2026.9.6/log_18_2026-9-6-18-46-20.ulg,vx,0.7134062801621426,695
train_oof,25,history,2026.9.6/log_18_2026-9-6-18-46-20.ulg,vy,0.9121838124838678,695
train_oof,25,history,2026.9.6/log_18_2026-9-6-18-46-20.ulg,vz,0.3929018749459408,695
train_oof,25,history,2026.9.6/log_18_2026-9-6-18-46-20.ulg,p,0.532704190263734,695
train_oof,25,history,2026.9.6/log_18_2026-9-6-18-46-20.ulg,q,0.4404293779892787,695
train_oof,25,history,2026.9.6/log_18_2026-9-6-18-46-20.ulg,r,0.1783935363647964,695
train_oof,25,history,2026.9.6/log_19_2026-9-6-18-52-30.ulg,vx,0.5803052253498748,774
train_oof,25,history,2026.9.6/log_19_2026-9-6-18-52-30.ulg,vy,0.7167629963411968,774
train_oof,25,history,2026.9.6/log_19_2026-9-6-18-52-30.ulg,vz,0.390547884006129,774
train_oof,25,history,2026.9.6/log_19_2026-9-6-18-52-30.ulg,p,0.6221782157933874,774
train_oof,25,history,2026.9.6/log_19_2026-9-6-18-52-30.ulg,q,0.4600002455658757,774
train_oof,25,history,2026.9.6/log_19_2026-9-6-18-52-30.ulg,r,0.15451972350532098,774
train_oof,25,history,2026.9.6/log_20_2026-9-6-18-58-10.ulg,vx,0.8626245207197715,588
train_oof,25,history,2026.9.6/log_20_2026-9-6-18-58-10.ulg,vy,0.7515919236883204,588
train_oof,25,history,2026.9.6/log_20_2026-9-6-18-58-10.ulg,vz,0.4514155753322009,588
train_oof,25,history,2026.9.6/log_20_2026-9-6-18-58-10.ulg,p,0.5840314586489471,588
train_oof,25,history,2026.9.6/log_20_2026-9-6-18-58-10.ulg,q,0.48122061332856236,588
train_oof,25,history,2026.9.6/log_20_2026-9-6-18-58-10.ulg,r,0.14953762453799255,588
train_oof,25,history,2026.9.6/log_24_2026-9-6-06-28-38.ulg,vx,0.783258614658568,702
train_oof,25,history,2026.9.6/log_24_2026-9-6-06-28-38.ulg,vy,0.8988139251943669,702
train_oof,25,history,2026.9.6/log_24_2026-9-6-06-28-38.ulg,vz,0.474539725851136,702
train_oof,25,history,2026.9.6/log_24_2026-9-6-06-28-38.ulg,p,0.5036595007420066,702
train_oof,25,history,2026.9.6/log_24_2026-9-6-06-28-38.ulg,q,0.5102732769688765,702
train_oof,25,history,2026.9.6/log_24_2026-9-6-06-28-38.ulg,r,0.22232349848869304,702
train_oof,25,history,2026.9.6/log_28_2026-9-6-07-01-38.ulg,vx,0.825120335793718,727
train_oof,25,history,2026.9.6/log_28_2026-9-6-07-01-38.ulg,vy,0.9290766157917236,727
train_oof,25,history,2026.9.6/log_28_2026-9-6-07-01-38.ulg,vz,0.5727532061659986,727
train_oof,25,history,2026.9.6/log_28_2026-9-6-07-01-38.ulg,p,0.5824056751978164,727
train_oof,25,history,2026.9.6/log_28_2026-9-6-07-01-38.ulg,q,0.5371144051182074,727
train_oof,25,history,2026.9.6/log_28_2026-9-6-07-01-38.ulg,r,0.25197824627582166,727
train_oof,25,history,9.11数据/log_13_2026-9-11-18-28-08.ulg,vx,0.5385295679650929,447
train_oof,25,history,9.11数据/log_13_2026-9-11-18-28-08.ulg,vy,0.6785547240968145,447
train_oof,25,history,9.11数据/log_13_2026-9-11-18-28-08.ulg,vz,0.5149122868067987,447
train_oof,25,history,9.11数据/log_13_2026-9-11-18-28-08.ulg,p,0.49634618556210536,447
train_oof,25,history,9.11数据/log_13_2026-9-11-18-28-08.ulg,q,0.5035417982899835,447
train_oof,25,history,9.11数据/log_13_2026-9-11-18-28-08.ulg,r,0.2139647330591874,447
train_oof,25,history,9.11数据/log_14_2026-9-11-18-34-58.ulg,vx,0.5369281259168467,592
train_oof,25,history,9.11数据/log_14_2026-9-11-18-34-58.ulg,vy,0.575067484749782,592
train_oof,25,history,9.11数据/log_14_2026-9-11-18-34-58.ulg,vz,0.4111168471350785,592
train_oof,25,history,9.11数据/log_14_2026-9-11-18-34-58.ulg,p,0.4161922247631824,592
train_oof,25,history,9.11数据/log_14_2026-9-11-18-34-58.ulg,q,0.5209005855233196,592
train_oof,25,history,9.11数据/log_14_2026-9-11-18-34-58.ulg,r,0.18764760244650708,592
train_oof,25,history,9.11数据/log_15_2026-9-11-18-40-48.ulg,vx,0.8058972635657156,440
train_oof,25,history,9.11数据/log_15_2026-9-11-18-40-48.ulg,vy,0.8176113364382434,440
train_oof,25,history,9.11数据/log_15_2026-9-11-18-40-48.ulg,vz,0.5140749462426624,440
train_oof,25,history,9.11数据/log_15_2026-9-11-18-40-48.ulg,p,0.530443052024448,440
train_oof,25,history,9.11数据/log_15_2026-9-11-18-40-48.ulg,q,0.5281445485366572,440
train_oof,25,history,9.11数据/log_15_2026-9-11-18-40-48.ulg,r,0.2525132512497009,440
train_oof,25,history,9.12数据/log_10_2026-9-12-06-13-40.ulg,vx,0.7080787079752995,758
train_oof,25,history,9.12数据/log_10_2026-9-12-06-13-40.ulg,vy,0.8357680917152416,758
train_oof,25,history,9.12数据/log_10_2026-9-12-06-13-40.ulg,vz,0.4192060865157663,758
train_oof,25,history,9.12数据/log_10_2026-9-12-06-13-40.ulg,p,0.5775571383734945,758
train_oof,25,history,9.12数据/log_10_2026-9-12-06-13-40.ulg,q,0.4633910889338791,758
train_oof,25,history,9.12数据/log_10_2026-9-12-06-13-40.ulg,r,0.19130152838760325,758
train_oof,25,history,9.12数据/log_11_2026-9-12-06-21-12.ulg,vx,0.6134505344124889,720
train_oof,25,history,9.12数据/log_11_2026-9-12-06-21-12.ulg,vy,0.8010791651941743,720
train_oof,25,history,9.12数据/log_11_2026-9-12-06-21-12.ulg,vz,0.4068344717803974,720
train_oof,25,history,9.12数据/log_11_2026-9-12-06-21-12.ulg,p,0.6400335839548416,720
train_oof,25,history,9.12数据/log_11_2026-9-12-06-21-12.ulg,q,0.4871993142722209,720
train_oof,25,history,9.12数据/log_11_2026-9-12-06-21-12.ulg,r,0.20628031218319137,720
train_oof,25,history,9.12数据/log_12_2026-9-12-06-29-44.ulg,vx,0.6002983481482355,683
train_oof,25,history,9.12数据/log_12_2026-9-12-06-29-44.ulg,vy,0.8662992485517722,683
train_oof,25,history,9.12数据/log_12_2026-9-12-06-29-44.ulg,vz,0.48489999422134555,683
train_oof,25,history,9.12数据/log_12_2026-9-12-06-29-44.ulg,p,0.6469618337125841,683
train_oof,25,history,9.12数据/log_12_2026-9-12-06-29-44.ulg,q,0.5303060767321426,683
train_oof,25,history,9.12数据/log_12_2026-9-12-06-29-44.ulg,r,0.19145831454041237,683
train_oof,25,history,9.12数据/log_2_2026-9-12-18-32-54.ulg,vx,0.5802893290261776,753
train_oof,25,history,9.12数据/log_2_2026-9-12-18-32-54.ulg,vy,0.5735238053963635,753
train_oof,25,history,9.12数据/log_2_2026-9-12-18-32-54.ulg,vz,0.3694044893641866,753
train_oof,25,history,9.12数据/log_2_2026-9-12-18-32-54.ulg,p,0.4637627719685503,753
train_oof,25,history,9.12数据/log_2_2026-9-12-18-32-54.ulg,q,0.4723538537339783,753
train_oof,25,history,9.12数据/log_2_2026-9-12-18-32-54.ulg,r,0.15882849721600814,753
train_oof,25,history,9.12数据/log_3_2026-9-12-18-40-02.ulg,vx,0.6235917349729191,792
train_oof,25,history,9.12数据/log_3_2026-9-12-18-40-02.ulg,vy,0.6196206353493633,792
train_oof,25,history,9.12数据/log_3_2026-9-12-18-40-02.ulg,vz,0.43214214471237966,792
train_oof,25,history,9.12数据/log_3_2026-9-12-18-40-02.ulg,p,0.5068025893548683,792
train_oof,25,history,9.12数据/log_3_2026-9-12-18-40-02.ulg,q,0.4946806196918263,792
train_oof,25,history,9.12数据/log_3_2026-9-12-18-40-02.ulg,r,0.15791968831352615,792
train_oof,25,history,9.12数据/log_7_2026-9-12-05-49-02.ulg,vx,0.5564081782493452,655
train_oof,25,history,9.12数据/log_7_2026-9-12-05-49-02.ulg,vy,0.7916373702573647,655
train_oof,25,history,9.12数据/log_7_2026-9-12-05-49-02.ulg,vz,0.41315257551403006,655
train_oof,25,history,9.12数据/log_7_2026-9-12-05-49-02.ulg,p,0.5802218156407939,655
train_oof,25,history,9.12数据/log_7_2026-9-12-05-49-02.ulg,q,0.5061897781093314,655
train_oof,25,history,9.12数据/log_7_2026-9-12-05-49-02.ulg,r,0.21322898280879357,655
train_oof,25,history,9.12数据/log_8_2026-9-12-05-55-30.ulg,vx,0.6406727736688692,815
train_oof,25,history,9.12数据/log_8_2026-9-12-05-55-30.ulg,vy,0.7083809548798922,815
train_oof,25,history,9.12数据/log_8_2026-9-12-05-55-30.ulg,vz,0.468700611577446,815
train_oof,25,history,9.12数据/log_8_2026-9-12-05-55-30.ulg,p,0.591438645422426,815
train_oof,25,history,9.12数据/log_8_2026-9-12-05-55-30.ulg,q,0.5192582657462156,815
train_oof,25,history,9.12数据/log_8_2026-9-12-05-55-30.ulg,r,0.1861512625259009,815
train_oof,25,history,9.12数据/log_9_2026-9-12-06-03-32.ulg,vx,0.651259710234101,1017
train_oof,25,history,9.12数据/log_9_2026-9-12-06-03-32.ulg,vy,0.6885644374686114,1017
train_oof,25,history,9.12数据/log_9_2026-9-12-06-03-32.ulg,vz,0.4458027658017315,1017
train_oof,25,history,9.12数据/log_9_2026-9-12-06-03-32.ulg,p,0.5723569909696214,1017
train_oof,25,history,9.12数据/log_9_2026-9-12-06-03-32.ulg,q,0.4915556474084107,1017
train_oof,25,history,9.12数据/log_9_2026-9-12-06-03-32.ulg,r,0.1943635977299191,1017
train_oof,25,history,9.13数据/log_1_2026-9-13-06-11-06.ulg,vx,0.5762370753976044,712
train_oof,25,history,9.13数据/log_1_2026-9-13-06-11-06.ulg,vy,0.6654717981526436,712
train_oof,25,history,9.13数据/log_1_2026-9-13-06-11-06.ulg,vz,0.36564891967065116,712
train_oof,25,history,9.13数据/log_1_2026-9-13-06-11-06.ulg,p,0.4298553926351386,712
train_oof,25,history,9.13数据/log_1_2026-9-13-06-11-06.ulg,q,0.4693095153928322,712
train_oof,25,history,9.13数据/log_1_2026-9-13-06-11-06.ulg,r,0.12467261083428542,712
train_oof,25,history,9.13数据/log_2_2026-9-13-06-20-06.ulg,vx,0.6499368983143742,710
train_oof,25,history,9.13数据/log_2_2026-9-13-06-20-06.ulg,vy,0.6273003893404508,710
train_oof,25,history,9.13数据/log_2_2026-9-13-06-20-06.ulg,vz,0.35784753126575997,710
train_oof,25,history,9.13数据/log_2_2026-9-13-06-20-06.ulg,p,0.4541910310906472,710
train_oof,25,history,9.13数据/log_2_2026-9-13-06-20-06.ulg,q,0.4901973460759973,710
train_oof,25,history,9.13数据/log_2_2026-9-13-06-20-06.ulg,r,0.13165762153622923,710
train_oof,25,history,9.13数据/log_3_2026-9-13-06-31-26.ulg,vx,0.6424920549677221,710
train_oof,25,history,9.13数据/log_3_2026-9-13-06-31-26.ulg,vy,0.6899808908820988,710
train_oof,25,history,9.13数据/log_3_2026-9-13-06-31-26.ulg,vz,0.4316357138083067,710
train_oof,25,history,9.13数据/log_3_2026-9-13-06-31-26.ulg,p,0.6017897034896069,710
train_oof,25,history,9.13数据/log_3_2026-9-13-06-31-26.ulg,q,0.5034502605248823,710
train_oof,25,history,9.13数据/log_3_2026-9-13-06-31-26.ulg,r,0.16368780350734657,710
train_oof,25,history,9.13数据/log_4_2026-9-13-06-36-26.ulg,vx,0.5402652660242725,696
train_oof,25,history,9.13数据/log_4_2026-9-13-06-36-26.ulg,vy,0.6909002326442483,696
train_oof,25,history,9.13数据/log_4_2026-9-13-06-36-26.ulg,vz,0.3893910485366642,696
train_oof,25,history,9.13数据/log_4_2026-9-13-06-36-26.ulg,p,0.48723374524271235,696
train_oof,25,history,9.13数据/log_4_2026-9-13-06-36-26.ulg,q,0.47162484380791225,696
train_oof,25,history,9.13数据/log_4_2026-9-13-06-36-26.ulg,r,0.15099924723681538,696
train_oof,25,history,9.13数据/log_5_2026-9-13-06-42-40.ulg,vx,0.6112561330253535,730
train_oof,25,history,9.13数据/log_5_2026-9-13-06-42-40.ulg,vy,0.6587121250433047,730
train_oof,25,history,9.13数据/log_5_2026-9-13-06-42-40.ulg,vz,0.4036402246479312,730
train_oof,25,history,9.13数据/log_5_2026-9-13-06-42-40.ulg,p,0.5392580225420105,730
train_oof,25,history,9.13数据/log_5_2026-9-13-06-42-40.ulg,q,0.48739701084859116,730
train_oof,25,history,9.13数据/log_5_2026-9-13-06-42-40.ulg,r,0.16133555198531901,730
train_oof,25,history,9.13数据/log_7_2026-9-13-18-12-52.ulg,vx,0.6308447663634578,450
train_oof,25,history,9.13数据/log_7_2026-9-13-18-12-52.ulg,vy,0.8777671309855585,450
train_oof,25,history,9.13数据/log_7_2026-9-13-18-12-52.ulg,vz,0.49803680056221994,450
train_oof,25,history,9.13数据/log_7_2026-9-13-18-12-52.ulg,p,0.7960485640697404,450
train_oof,25,history,9.13数据/log_7_2026-9-13-18-12-52.ulg,q,0.5106778416720302,450
train_oof,25,history,9.13数据/log_7_2026-9-13-18-12-52.ulg,r,0.1852160675908574,450
train_oof,25,history,9.14数据/log_11_2026-9-14-18-13-22.ulg,vx,0.6275175140767306,756
train_oof,25,history,9.14数据/log_11_2026-9-14-18-13-22.ulg,vy,0.6499043383580264,756
train_oof,25,history,9.14数据/log_11_2026-9-14-18-13-22.ulg,vz,0.4330350597374918,756
train_oof,25,history,9.14数据/log_11_2026-9-14-18-13-22.ulg,p,0.6758887135563041,756
train_oof,25,history,9.14数据/log_11_2026-9-14-18-13-22.ulg,q,0.5245778005829949,756
train_oof,25,history,9.14数据/log_11_2026-9-14-18-13-22.ulg,r,0.19246903084411965,756
train_oof,25,history,9.14数据/log_12_2026-9-14-18-20-30.ulg,vx,0.5942937530895525,768
train_oof,25,history,9.14数据/log_12_2026-9-14-18-20-30.ulg,vy,0.5969202768251399,768
train_oof,25,history,9.14数据/log_12_2026-9-14-18-20-30.ulg,vz,0.49686309526840916,768
train_oof,25,history,9.14数据/log_12_2026-9-14-18-20-30.ulg,p,0.6991419685937981,768
train_oof,25,history,9.14数据/log_12_2026-9-14-18-20-30.ulg,q,0.5146259379720904,768
train_oof,25,history,9.14数据/log_12_2026-9-14-18-20-30.ulg,r,0.22192623014065696,768
train_oof,25,history,9.14数据/log_13_2026-9-14-18-28-32.ulg,vx,0.7977109054027913,883
train_oof,25,history,9.14数据/log_13_2026-9-14-18-28-32.ulg,vy,0.730111394674474,883
train_oof,25,history,9.14数据/log_13_2026-9-14-18-28-32.ulg,vz,0.4638886773786977,883
train_oof,25,history,9.14数据/log_13_2026-9-14-18-28-32.ulg,p,0.7338901444870635,883
train_oof,25,history,9.14数据/log_13_2026-9-14-18-28-32.ulg,q,0.5378114230539589,883
train_oof,25,history,9.14数据/log_13_2026-9-14-18-28-32.ulg,r,0.2031892125937055,883
train_oof,25,history,9.14数据/log_14_2026-9-14-18-34-22.ulg,vx,0.5817659981481659,600
train_oof,25,history,9.14数据/log_14_2026-9-14-18-34-22.ulg,vy,0.5709953122999374,600
train_oof,25,history,9.14数据/log_14_2026-9-14-18-34-22.ulg,vz,0.5432265423505784,600
train_oof,25,history,9.14数据/log_14_2026-9-14-18-34-22.ulg,p,1.3445931333546848,600
train_oof,25,history,9.14数据/log_14_2026-9-14-18-34-22.ulg,q,0.5354963826553524,600
train_oof,25,history,9.14数据/log_14_2026-9-14-18-34-22.ulg,r,0.22791857766399246,600
train_oof,25,history,9.15数据/log_10_2026-9-15-17-44-04.ulg,vx,0.7230265623958805,594
train_oof,25,history,9.15数据/log_10_2026-9-15-17-44-04.ulg,vy,0.7770822154089865,594
train_oof,25,history,9.15数据/log_10_2026-9-15-17-44-04.ulg,vz,0.6607014565537495,594
train_oof,25,history,9.15数据/log_10_2026-9-15-17-44-04.ulg,p,0.4053194991509608,594
train_oof,25,history,9.15数据/log_10_2026-9-15-17-44-04.ulg,q,0.6804276342905454,594
train_oof,25,history,9.15数据/log_10_2026-9-15-17-44-04.ulg,r,0.21389805249025756,594
train_oof,25,history,9.15数据/log_11_2026-9-15-17-51-56.ulg,vx,0.7503809738288637,538
train_oof,25,history,9.15数据/log_11_2026-9-15-17-51-56.ulg,vy,0.6904734254664243,538
train_oof,25,history,9.15数据/log_11_2026-9-15-17-51-56.ulg,vz,0.5243463814044571,538
train_oof,25,history,9.15数据/log_11_2026-9-15-17-51-56.ulg,p,0.45143159975319713,538
train_oof,25,history,9.15数据/log_11_2026-9-15-17-51-56.ulg,q,0.5478820557197168,538
train_oof,25,history,9.15数据/log_11_2026-9-15-17-51-56.ulg,r,0.23416971279889834,538
train_oof,25,history,9.15数据/log_12_2026-9-15-18-03-58.ulg,vx,0.5458393442591944,704
train_oof,25,history,9.15数据/log_12_2026-9-15-18-03-58.ulg,vy,0.6198551547367698,704
train_oof,25,history,9.15数据/log_12_2026-9-15-18-03-58.ulg,vz,0.4789569094169512,704
train_oof,25,history,9.15数据/log_12_2026-9-15-18-03-58.ulg,p,0.3972264454587805,704
train_oof,25,history,9.15数据/log_12_2026-9-15-18-03-58.ulg,q,0.49575544617405043,704
train_oof,25,history,9.15数据/log_12_2026-9-15-18-03-58.ulg,r,0.19722353449533034,704
train_oof,25,history,9.15数据/log_13_2026-9-15-18-10-58.ulg,vx,0.6352230398091604,690
train_oof,25,history,9.15数据/log_13_2026-9-15-18-10-58.ulg,vy,0.6263362591113533,690
train_oof,25,history,9.15数据/log_13_2026-9-15-18-10-58.ulg,vz,0.41581343559196876,690
train_oof,25,history,9.15数据/log_13_2026-9-15-18-10-58.ulg,p,0.3746276083284028,690
train_oof,25,history,9.15数据/log_13_2026-9-15-18-10-58.ulg,q,0.510561275598239,690
train_oof,25,history,9.15数据/log_13_2026-9-15-18-10-58.ulg,r,0.17150031440576727,690
train_oof,25,history,9.15数据/log_14_2026-9-15-18-17-26.ulg,vx,0.5833237012176602,685
train_oof,25,history,9.15数据/log_14_2026-9-15-18-17-26.ulg,vy,0.5603285876298227,685
train_oof,25,history,9.15数据/log_14_2026-9-15-18-17-26.ulg,vz,0.4575566598631937,685
train_oof,25,history,9.15数据/log_14_2026-9-15-18-17-26.ulg,p,0.40188228674731036,685
train_oof,25,history,9.15数据/log_14_2026-9-15-18-17-26.ulg,q,0.499461231186698,685
train_oof,25,history,9.15数据/log_14_2026-9-15-18-17-26.ulg,r,0.1906805972432117,685
train_oof,25,history,9.15数据/log_15_2026-9-15-18-23-44.ulg,vx,0.6282664782556001,702
train_oof,25,history,9.15数据/log_15_2026-9-15-18-23-44.ulg,vy,0.6364411121246085,702
train_oof,25,history,9.15数据/log_15_2026-9-15-18-23-44.ulg,vz,0.47914896430280474,702
train_oof,25,history,9.15数据/log_15_2026-9-15-18-23-44.ulg,p,0.38122311089572813,702
train_oof,25,history,9.15数据/log_15_2026-9-15-18-23-44.ulg,q,0.503313119926088,702
train_oof,25,history,9.15数据/log_15_2026-9-15-18-23-44.ulg,r,0.17649282583778164,702
train_oof,25,history,9.16数据/log_1_2026-9-16-18-02-34.ulg,vx,0.5539776815044444,576
train_oof,25,history,9.16数据/log_1_2026-9-16-18-02-34.ulg,vy,0.7218085778837396,576
train_oof,25,history,9.16数据/log_1_2026-9-16-18-02-34.ulg,vz,0.457686246824953,576
train_oof,25,history,9.16数据/log_1_2026-9-16-18-02-34.ulg,p,0.40789613576132855,576
train_oof,25,history,9.16数据/log_1_2026-9-16-18-02-34.ulg,q,0.5270214790985681,576
train_oof,25,history,9.16数据/log_1_2026-9-16-18-02-34.ulg,r,0.1977339769827859,576
train_oof,25,history,9.16数据/log_2_2026-9-16-18-08-46.ulg,vx,0.7014143076075461,691
train_oof,25,history,9.16数据/log_2_2026-9-16-18-08-46.ulg,vy,0.6917258211299459,691
train_oof,25,history,9.16数据/log_2_2026-9-16-18-08-46.ulg,vz,0.4863307951189162,691
train_oof,25,history,9.16数据/log_2_2026-9-16-18-08-46.ulg,p,0.4180294448943672,691
train_oof,25,history,9.16数据/log_2_2026-9-16-18-08-46.ulg,q,0.5067751776972131,691
train_oof,25,history,9.16数据/log_2_2026-9-16-18-08-46.ulg,r,0.177572597327049,691
train_oof,25,history,9.16数据/log_3_2026-9-16-18-13-58.ulg,vx,0.560019494495311,521
train_oof,25,history,9.16数据/log_3_2026-9-16-18-13-58.ulg,vy,0.6329418068787676,521
train_oof,25,history,9.16数据/log_3_2026-9-16-18-13-58.ulg,vz,0.4800665326242429,521
train_oof,25,history,9.16数据/log_3_2026-9-16-18-13-58.ulg,p,0.38621431956506713,521
train_oof,25,history,9.16数据/log_3_2026-9-16-18-13-58.ulg,q,0.51982202409689,521
train_oof,25,history,9.16数据/log_3_2026-9-16-18-13-58.ulg,r,0.17809066969254997,521
train_oof,25,history,9.16数据/log_4_2026-9-16-18-20-50.ulg,vx,0.6691225894653049,689
train_oof,25,history,9.16数据/log_4_2026-9-16-18-20-50.ulg,vy,0.7440222343444304,689
train_oof,25,history,9.16数据/log_4_2026-9-16-18-20-50.ulg,vz,0.5140353832133773,689
train_oof,25,history,9.16数据/log_4_2026-9-16-18-20-50.ulg,p,0.40787705741929803,689
train_oof,25,history,9.16数据/log_4_2026-9-16-18-20-50.ulg,q,0.5146023084936605,689
train_oof,25,history,9.16数据/log_4_2026-9-16-18-20-50.ulg,r,0.17971336964948673,689
train_oof,25,history,9.16数据/log_5_2026-9-16-18-26-48.ulg,vx,0.6522836617150892,658
train_oof,25,history,9.16数据/log_5_2026-9-16-18-26-48.ulg,vy,0.7217109738947488,658
train_oof,25,history,9.16数据/log_5_2026-9-16-18-26-48.ulg,vz,0.4125788859616093,658
train_oof,25,history,9.16数据/log_5_2026-9-16-18-26-48.ulg,p,0.5062127954025566,658
train_oof,25,history,9.16数据/log_5_2026-9-16-18-26-48.ulg,q,0.5153870838037207,658
train_oof,25,history,9.16数据/log_5_2026-9-16-18-26-48.ulg,r,0.16190075773134413,658
train_oof,25,history,9.18数据/log_0_2026-9-18-18-15-06.ulg,vx,0.6575998980752298,742
train_oof,25,history,9.18数据/log_0_2026-9-18-18-15-06.ulg,vy,0.8624484038262947,742
train_oof,25,history,9.18数据/log_0_2026-9-18-18-15-06.ulg,vz,0.657515174846158,742
train_oof,25,history,9.18数据/log_0_2026-9-18-18-15-06.ulg,p,0.49749222950746713,742
train_oof,25,history,9.18数据/log_0_2026-9-18-18-15-06.ulg,q,0.5145314576742749,742
train_oof,25,history,9.18数据/log_0_2026-9-18-18-15-06.ulg,r,0.1939837693693852,742
train_oof,25,history,9.18数据/log_1_2026-9-18-18-23-36.ulg,vx,0.7606588453447308,693
train_oof,25,history,9.18数据/log_1_2026-9-18-18-23-36.ulg,vy,1.0430593354770863,693
train_oof,25,history,9.18数据/log_1_2026-9-18-18-23-36.ulg,vz,0.5900965133292219,693
train_oof,25,history,9.18数据/log_1_2026-9-18-18-23-36.ulg,p,0.5793254265999211,693
train_oof,25,history,9.18数据/log_1_2026-9-18-18-23-36.ulg,q,0.5170498796660516,693
train_oof,25,history,9.18数据/log_1_2026-9-18-18-23-36.ulg,r,0.2531217546109378,693
train_oof,25,history,9.18数据/log_2_2026-9-18-18-29-40.ulg,vx,0.690089448239276,742
train_oof,25,history,9.18数据/log_2_2026-9-18-18-29-40.ulg,vy,0.9165811448529774,742
train_oof,25,history,9.18数据/log_2_2026-9-18-18-29-40.ulg,vz,0.5490757385899128,742
train_oof,25,history,9.18数据/log_2_2026-9-18-18-29-40.ulg,p,0.5355321858612492,742
train_oof,25,history,9.18数据/log_2_2026-9-18-18-29-40.ulg,q,0.5074881583325533,742
train_oof,25,history,9.18数据/log_2_2026-9-18-18-29-40.ulg,r,0.22502090836364871,742
validation,25,history,2026.9.7/log_21_2026-9-7-05-54-56.ulg,vx,0.6196981303226929,168
validation,25,history,2026.9.7/log_21_2026-9-7-05-54-56.ulg,vy,0.6630243703349431,168
validation,25,history,2026.9.7/log_21_2026-9-7-05-54-56.ulg,vz,0.4096497294546634,168
validation,25,history,2026.9.7/log_21_2026-9-7-05-54-56.ulg,p,0.5269553540984139,168
validation,25,history,2026.9.7/log_21_2026-9-7-05-54-56.ulg,q,0.4715375409518398,168
validation,25,history,2026.9.7/log_21_2026-9-7-05-54-56.ulg,r,0.1602607945355333,168
validation,25,history,2026.9.7/log_22_2026-9-7-06-01-40.ulg,vx,0.5712134421989432,182
validation,25,history,2026.9.7/log_22_2026-9-7-06-01-40.ulg,vy,0.636326557850482,182
validation,25,history,2026.9.7/log_22_2026-9-7-06-01-40.ulg,vz,0.35781101615130234,182
validation,25,history,2026.9.7/log_22_2026-9-7-06-01-40.ulg,p,0.5874346923072213,182
validation,25,history,2026.9.7/log_22_2026-9-7-06-01-40.ulg,q,0.4280289553870004,182
validation,25,history,2026.9.7/log_22_2026-9-7-06-01-40.ulg,r,0.1602382413692643,182
validation,25,history,2026.9.7/log_23_2026-9-7-06-09-22.ulg,vx,0.5990523008244096,160
validation,25,history,2026.9.7/log_23_2026-9-7-06-09-22.ulg,vy,0.813208682901402,160
validation,25,history,2026.9.7/log_23_2026-9-7-06-09-22.ulg,vz,0.41028549728349095,160
validation,25,history,2026.9.7/log_23_2026-9-7-06-09-22.ulg,p,0.7811618419331775,160
validation,25,history,2026.9.7/log_23_2026-9-7-06-09-22.ulg,q,0.4509091084597912,160
validation,25,history,2026.9.7/log_23_2026-9-7-06-09-22.ulg,r,0.1464646013005816,160
validation,25,history,2026.9.7/log_24_2026-9-7-06-16-04.ulg,vx,0.5374621319410325,161
validation,25,history,2026.9.7/log_24_2026-9-7-06-16-04.ulg,vy,0.7068472730712255,161
validation,25,history,2026.9.7/log_24_2026-9-7-06-16-04.ulg,vz,0.39595303101003454,161
validation,25,history,2026.9.7/log_24_2026-9-7-06-16-04.ulg,p,0.6074696387421715,161
validation,25,history,2026.9.7/log_24_2026-9-7-06-16-04.ulg,q,0.4630694910598805,161
validation,25,history,2026.9.7/log_24_2026-9-7-06-16-04.ulg,r,0.16303738180767133,161
validation,25,history,2026.9.7/log_26_2026-9-7-06-30-26.ulg,vx,0.5853937358945938,150
validation,25,history,2026.9.7/log_26_2026-9-7-06-30-26.ulg,vy,0.6091228038817181,150
validation,25,history,2026.9.7/log_26_2026-9-7-06-30-26.ulg,vz,0.4243909184833077,150
validation,25,history,2026.9.7/log_26_2026-9-7-06-30-26.ulg,p,0.5471085188334713,150
validation,25,history,2026.9.7/log_26_2026-9-7-06-30-26.ulg,q,0.45012814564764175,150
validation,25,history,2026.9.7/log_26_2026-9-7-06-30-26.ulg,r,0.13828154170453275,150
validation,25,history,2026.9.7/log_27_2026-9-7-06-37-24.ulg,vx,0.7145720329655523,155
validation,25,history,2026.9.7/log_27_2026-9-7-06-37-24.ulg,vy,0.7999994209607202,155
validation,25,history,2026.9.7/log_27_2026-9-7-06-37-24.ulg,vz,0.3509790003568129,155
validation,25,history,2026.9.7/log_27_2026-9-7-06-37-24.ulg,p,0.6119339889052702,155
validation,25,history,2026.9.7/log_27_2026-9-7-06-37-24.ulg,q,0.421504507386217,155
validation,25,history,2026.9.7/log_27_2026-9-7-06-37-24.ulg,r,0.10920898426879717,155
validation,25,history,2026.9.7/log_28_2026-9-7-06-44-02.ulg,vx,0.7462466648397742,140
validation,25,history,2026.9.7/log_28_2026-9-7-06-44-02.ulg,vy,0.7018658938553609,140
validation,25,history,2026.9.7/log_28_2026-9-7-06-44-02.ulg,vz,0.311945945895707,140
validation,25,history,2026.9.7/log_28_2026-9-7-06-44-02.ulg,p,0.5668777482320159,140
validation,25,history,2026.9.7/log_28_2026-9-7-06-44-02.ulg,q,0.4487364942202167,140
validation,25,history,2026.9.7/log_28_2026-9-7-06-44-02.ulg,r,0.133579356277145,140
validation,25,history,2026.9.7/log_29_2026-9-7-06-51-04.ulg,vx,0.671316505927771,201
validation,25,history,2026.9.7/log_29_2026-9-7-06-51-04.ulg,vy,0.7416262384327061,201
validation,25,history,2026.9.7/log_29_2026-9-7-06-51-04.ulg,vz,0.3700465089550158,201
validation,25,history,2026.9.7/log_29_2026-9-7-06-51-04.ulg,p,0.6379997400912311,201
validation,25,history,2026.9.7/log_29_2026-9-7-06-51-04.ulg,q,0.4686236412762557,201
validation,25,history,2026.9.7/log_29_2026-9-7-06-51-04.ulg,r,0.14427390628178524,201
validation,25,history,2026.9.7/log_30_2026-9-7-06-58-22.ulg,vx,0.7999374242320842,164
validation,25,history,2026.9.7/log_30_2026-9-7-06-58-22.ulg,vy,0.808303328530485,164
validation,25,history,2026.9.7/log_30_2026-9-7-06-58-22.ulg,vz,0.3941926975362803,164
validation,25,history,2026.9.7/log_30_2026-9-7-06-58-22.ulg,p,0.5752219859222528,164
validation,25,history,2026.9.7/log_30_2026-9-7-06-58-22.ulg,q,0.45788251203651104,164
validation,25,history,2026.9.7/log_30_2026-9-7-06-58-22.ulg,r,0.15652802320240866,164
validation,25,history,9.17数据/log_10_2026-9-17-06-34-34.ulg,vx,0.7264658960876129,130
validation,25,history,9.17数据/log_10_2026-9-17-06-34-34.ulg,vy,0.6971832271226626,130
validation,25,history,9.17数据/log_10_2026-9-17-06-34-34.ulg,vz,0.6048712712727063,130
validation,25,history,9.17数据/log_10_2026-9-17-06-34-34.ulg,p,0.5440457192317418,130
validation,25,history,9.17数据/log_10_2026-9-17-06-34-34.ulg,q,0.520411251829671,130
validation,25,history,9.17数据/log_10_2026-9-17-06-34-34.ulg,r,0.1932154128657342,130
validation,25,history,9.17数据/log_11_2026-9-17-06-40-30.ulg,vx,0.5226884613670133,145
validation,25,history,9.17数据/log_11_2026-9-17-06-40-30.ulg,vy,0.7179917138770305,145
validation,25,history,9.17数据/log_11_2026-9-17-06-40-30.ulg,vz,0.5140617030517913,145
validation,25,history,9.17数据/log_11_2026-9-17-06-40-30.ulg,p,0.5555682787978918,145
validation,25,history,9.17数据/log_11_2026-9-17-06-40-30.ulg,q,0.5104030753837512,145
validation,25,history,9.17数据/log_11_2026-9-17-06-40-30.ulg,r,0.20397665631214063,145
validation,25,history,9.17数据/log_12_2026-9-17-06-46-02.ulg,vx,0.6216722985046025,144
validation,25,history,9.17数据/log_12_2026-9-17-06-46-02.ulg,vy,0.685223558536396,144
validation,25,history,9.17数据/log_12_2026-9-17-06-46-02.ulg,vz,0.45123831798610137,144
validation,25,history,9.17数据/log_12_2026-9-17-06-46-02.ulg,p,0.56151065230033,144
validation,25,history,9.17数据/log_12_2026-9-17-06-46-02.ulg,q,0.6079012346077394,144
validation,25,history,9.17数据/log_12_2026-9-17-06-46-02.ulg,r,0.1930665067415869,144
validation,25,history,9.17数据/log_13_2026-9-17-06-52-30.ulg,vx,0.7130323375991305,153
validation,25,history,9.17数据/log_13_2026-9-17-06-52-30.ulg,vy,0.8437006317917362,153
validation,25,history,9.17数据/log_13_2026-9-17-06-52-30.ulg,vz,0.5455486967839284,153
validation,25,history,9.17数据/log_13_2026-9-17-06-52-30.ulg,p,0.5324475301020465,153
validation,25,history,9.17数据/log_13_2026-9-17-06-52-30.ulg,q,0.5788943021058853,153
validation,25,history,9.17数据/log_13_2026-9-17-06-52-30.ulg,r,0.19111124675758195,153
validation,25,history,9.17数据/log_6_2026-9-17-06-02-24.ulg,vx,0.6045683130683214,138
validation,25,history,9.17数据/log_6_2026-9-17-06-02-24.ulg,vy,0.7164197378000235,138
validation,25,history,9.17数据/log_6_2026-9-17-06-02-24.ulg,vz,0.45677617855639097,138
validation,25,history,9.17数据/log_6_2026-9-17-06-02-24.ulg,p,0.47138392112010197,138
validation,25,history,9.17数据/log_6_2026-9-17-06-02-24.ulg,q,0.47169380322265764,138
validation,25,history,9.17数据/log_6_2026-9-17-06-02-24.ulg,r,0.16327105742837844,138
validation,25,history,9.17数据/log_7_2026-9-17-06-12-16.ulg,vx,0.672284242349362,131
validation,25,history,9.17数据/log_7_2026-9-17-06-12-16.ulg,vy,0.6696263931539831,131
validation,25,history,9.17数据/log_7_2026-9-17-06-12-16.ulg,vz,0.49817834020971763,131
validation,25,history,9.17数据/log_7_2026-9-17-06-12-16.ulg,p,0.534284134200429,131
validation,25,history,9.17数据/log_7_2026-9-17-06-12-16.ulg,q,0.517654497704864,131
validation,25,history,9.17数据/log_7_2026-9-17-06-12-16.ulg,r,0.17242907633152943,131
validation,25,history,9.17数据/log_8_2026-9-17-06-17-52.ulg,vx,0.5751958672018671,146
validation,25,history,9.17数据/log_8_2026-9-17-06-17-52.ulg,vy,0.704246051123238,146
validation,25,history,9.17数据/log_8_2026-9-17-06-17-52.ulg,vz,0.47630726755426595,146
validation,25,history,9.17数据/log_8_2026-9-17-06-17-52.ulg,p,0.549257230730322,146
validation,25,history,9.17数据/log_8_2026-9-17-06-17-52.ulg,q,0.5565147058453869,146
validation,25,history,9.17数据/log_8_2026-9-17-06-17-52.ulg,r,0.2060986081436195,146
validation,25,history,9.17数据/log_9_2026-9-17-06-28-10.ulg,vx,0.5981812512787106,114
validation,25,history,9.17数据/log_9_2026-9-17-06-28-10.ulg,vy,0.7621501661715113,114
validation,25,history,9.17数据/log_9_2026-9-17-06-28-10.ulg,vz,0.5551203522709147,114
validation,25,history,9.17数据/log_9_2026-9-17-06-28-10.ulg,p,0.56525628143705,114
validation,25,history,9.17数据/log_9_2026-9-17-06-28-10.ulg,q,0.5410603015748602,114
validation,25,history,9.17数据/log_9_2026-9-17-06-28-10.ulg,r,0.20280447851143713,114
train_oof,25,planned,2026.9.6/log_17_2026-9-6-18-34-06.ulg,vx,0.7297239277966046,895
train_oof,25,planned,2026.9.6/log_17_2026-9-6-18-34-06.ulg,vy,0.8108496617944235,895
train_oof,25,planned,2026.9.6/log_17_2026-9-6-18-34-06.ulg,vz,0.4019216855831532,895
train_oof,25,planned,2026.9.6/log_17_2026-9-6-18-34-06.ulg,p,0.5142177302869927,895
train_oof,25,planned,2026.9.6/log_17_2026-9-6-18-34-06.ulg,q,0.436289675431469,895
train_oof,25,planned,2026.9.6/log_17_2026-9-6-18-34-06.ulg,r,0.16898070939566812,895
train_oof,25,planned,2026.9.6/log_18_2026-9-6-18-46-20.ulg,vx,0.7118000669790309,695
train_oof,25,planned,2026.9.6/log_18_2026-9-6-18-46-20.ulg,vy,0.9137428323977704,695
train_oof,25,planned,2026.9.6/log_18_2026-9-6-18-46-20.ulg,vz,0.3773467054405482,695
train_oof,25,planned,2026.9.6/log_18_2026-9-6-18-46-20.ulg,p,0.5287052983711488,695
train_oof,25,planned,2026.9.6/log_18_2026-9-6-18-46-20.ulg,q,0.4274416107889121,695
train_oof,25,planned,2026.9.6/log_18_2026-9-6-18-46-20.ulg,r,0.17267024247993465,695
train_oof,25,planned,2026.9.6/log_19_2026-9-6-18-52-30.ulg,vx,0.5800230032115085,774
train_oof,25,planned,2026.9.6/log_19_2026-9-6-18-52-30.ulg,vy,0.7143138396781018,774
train_oof,25,planned,2026.9.6/log_19_2026-9-6-18-52-30.ulg,vz,0.37713256390818556,774
train_oof,25,planned,2026.9.6/log_19_2026-9-6-18-52-30.ulg,p,0.6157395765455475,774
train_oof,25,planned,2026.9.6/log_19_2026-9-6-18-52-30.ulg,q,0.440764307640392,774
train_oof,25,planned,2026.9.6/log_19_2026-9-6-18-52-30.ulg,r,0.1510617090241926,774
train_oof,25,planned,2026.9.6/log_20_2026-9-6-18-58-10.ulg,vx,0.8604498228315022,588
train_oof,25,planned,2026.9.6/log_20_2026-9-6-18-58-10.ulg,vy,0.7477619148328747,588
train_oof,25,planned,2026.9.6/log_20_2026-9-6-18-58-10.ulg,vz,0.3981794905198486,588
train_oof,25,planned,2026.9.6/log_20_2026-9-6-18-58-10.ulg,p,0.5820165378752469,588
train_oof,25,planned,2026.9.6/log_20_2026-9-6-18-58-10.ulg,q,0.4616358679696851,588
train_oof,25,planned,2026.9.6/log_20_2026-9-6-18-58-10.ulg,r,0.14849921385533252,588
train_oof,25,planned,2026.9.6/log_24_2026-9-6-06-28-38.ulg,vx,0.7833695761574462,702
train_oof,25,planned,2026.9.6/log_24_2026-9-6-06-28-38.ulg,vy,0.8984372326825459,702
train_oof,25,planned,2026.9.6/log_24_2026-9-6-06-28-38.ulg,vz,0.44722344613910436,702
train_oof,25,planned,2026.9.6/log_24_2026-9-6-06-28-38.ulg,p,0.5009445470019616,702
train_oof,25,planned,2026.9.6/log_24_2026-9-6-06-28-38.ulg,q,0.4938748181563351,702
train_oof,25,planned,2026.9.6/log_24_2026-9-6-06-28-38.ulg,r,0.21717146742077742,702
train_oof,25,planned,2026.9.6/log_28_2026-9-6-07-01-38.ulg,vx,0.8223713726261567,727
train_oof,25,planned,2026.9.6/log_28_2026-9-6-07-01-38.ulg,vy,0.9274284191821434,727
train_oof,25,planned,2026.9.6/log_28_2026-9-6-07-01-38.ulg,vz,0.5363921651441717,727
train_oof,25,planned,2026.9.6/log_28_2026-9-6-07-01-38.ulg,p,0.5830258665157555,727
train_oof,25,planned,2026.9.6/log_28_2026-9-6-07-01-38.ulg,q,0.5270978720020252,727
train_oof,25,planned,2026.9.6/log_28_2026-9-6-07-01-38.ulg,r,0.24943747717382647,727
train_oof,25,planned,9.11数据/log_13_2026-9-11-18-28-08.ulg,vx,0.5357318058108788,447
train_oof,25,planned,9.11数据/log_13_2026-9-11-18-28-08.ulg,vy,0.682526283274268,447
train_oof,25,planned,9.11数据/log_13_2026-9-11-18-28-08.ulg,vz,0.4892463411400021,447
train_oof,25,planned,9.11数据/log_13_2026-9-11-18-28-08.ulg,p,0.4963647961998324,447
train_oof,25,planned,9.11数据/log_13_2026-9-11-18-28-08.ulg,q,0.49442496049587326,447
train_oof,25,planned,9.11数据/log_13_2026-9-11-18-28-08.ulg,r,0.20801808811885764,447
train_oof,25,planned,9.11数据/log_14_2026-9-11-18-34-58.ulg,vx,0.537310208667481,592
train_oof,25,planned,9.11数据/log_14_2026-9-11-18-34-58.ulg,vy,0.5750000806536827,592
train_oof,25,planned,9.11数据/log_14_2026-9-11-18-34-58.ulg,vz,0.38794809946262837,592
train_oof,25,planned,9.11数据/log_14_2026-9-11-18-34-58.ulg,p,0.41644257351070996,592
train_oof,25,planned,9.11数据/log_14_2026-9-11-18-34-58.ulg,q,0.5019940022636479,592
train_oof,25,planned,9.11数据/log_14_2026-9-11-18-34-58.ulg,r,0.1816444087766972,592
train_oof,25,planned,9.11数据/log_15_2026-9-11-18-40-48.ulg,vx,0.8029033882935522,440
train_oof,25,planned,9.11数据/log_15_2026-9-11-18-40-48.ulg,vy,0.8194687889684883,440
train_oof,25,planned,9.11数据/log_15_2026-9-11-18-40-48.ulg,vz,0.4813051604090504,440
train_oof,25,planned,9.11数据/log_15_2026-9-11-18-40-48.ulg,p,0.5316774245524575,440
train_oof,25,planned,9.11数据/log_15_2026-9-11-18-40-48.ulg,q,0.5242652331209673,440
train_oof,25,planned,9.11数据/log_15_2026-9-11-18-40-48.ulg,r,0.24457819607023257,440
train_oof,25,planned,9.12数据/log_10_2026-9-12-06-13-40.ulg,vx,0.7102791514295638,758
train_oof,25,planned,9.12数据/log_10_2026-9-12-06-13-40.ulg,vy,0.832614752179121,758
train_oof,25,planned,9.12数据/log_10_2026-9-12-06-13-40.ulg,vz,0.39776368471799917,758
train_oof,25,planned,9.12数据/log_10_2026-9-12-06-13-40.ulg,p,0.5729947631065384,758
train_oof,25,planned,9.12数据/log_10_2026-9-12-06-13-40.ulg,q,0.4430162773196934,758
train_oof,25,planned,9.12数据/log_10_2026-9-12-06-13-40.ulg,r,0.18498870032495474,758
train_oof,25,planned,9.12数据/log_11_2026-9-12-06-21-12.ulg,vx,0.6130917761657726,720
train_oof,25,planned,9.12数据/log_11_2026-9-12-06-21-12.ulg,vy,0.8010375812066002,720
train_oof,25,planned,9.12数据/log_11_2026-9-12-06-21-12.ulg,vz,0.3762822552809334,720
train_oof,25,planned,9.12数据/log_11_2026-9-12-06-21-12.ulg,p,0.6370128576770971,720
train_oof,25,planned,9.12数据/log_11_2026-9-12-06-21-12.ulg,q,0.46330820226940356,720
train_oof,25,planned,9.12数据/log_11_2026-9-12-06-21-12.ulg,r,0.20252007449994164,720
train_oof,25,planned,9.12数据/log_12_2026-9-12-06-29-44.ulg,vx,0.599512845542593,683
train_oof,25,planned,9.12数据/log_12_2026-9-12-06-29-44.ulg,vy,0.8635469809574337,683
train_oof,25,planned,9.12数据/log_12_2026-9-12-06-29-44.ulg,vz,0.4254796405197688,683
train_oof,25,planned,9.12数据/log_12_2026-9-12-06-29-44.ulg,p,0.6375959969372482,683
train_oof,25,planned,9.12数据/log_12_2026-9-12-06-29-44.ulg,q,0.5015460085650951,683
train_oof,25,planned,9.12数据/log_12_2026-9-12-06-29-44.ulg,r,0.18496321233513502,683
train_oof,25,planned,9.12数据/log_2_2026-9-12-18-32-54.ulg,vx,0.5823134548230883,753
train_oof,25,planned,9.12数据/log_2_2026-9-12-18-32-54.ulg,vy,0.5742785294126259,753
train_oof,25,planned,9.12数据/log_2_2026-9-12-18-32-54.ulg,vz,0.3393707374204922,753
train_oof,25,planned,9.12数据/log_2_2026-9-12-18-32-54.ulg,p,0.45716692643254997,753
train_oof,25,planned,9.12数据/log_2_2026-9-12-18-32-54.ulg,q,0.4487584528462645,753
train_oof,25,planned,9.12数据/log_2_2026-9-12-18-32-54.ulg,r,0.15434857420042447,753
train_oof,25,planned,9.12数据/log_3_2026-9-12-18-40-02.ulg,vx,0.6166540190697251,792
train_oof,25,planned,9.12数据/log_3_2026-9-12-18-40-02.ulg,vy,0.6174540393539597,792
train_oof,25,planned,9.12数据/log_3_2026-9-12-18-40-02.ulg,vz,0.4004260917418867,792
train_oof,25,planned,9.12数据/log_3_2026-9-12-18-40-02.ulg,p,0.502764507383631,792
train_oof,25,planned,9.12数据/log_3_2026-9-12-18-40-02.ulg,q,0.46760179624982046,792
train_oof,25,planned,9.12数据/log_3_2026-9-12-18-40-02.ulg,r,0.15345356926698825,792
train_oof,25,planned,9.12数据/log_7_2026-9-12-05-49-02.ulg,vx,0.5548645459971446,655
train_oof,25,planned,9.12数据/log_7_2026-9-12-05-49-02.ulg,vy,0.789070963458039,655
train_oof,25,planned,9.12数据/log_7_2026-9-12-05-49-02.ulg,vz,0.377767837797185,655
train_oof,25,planned,9.12数据/log_7_2026-9-12-05-49-02.ulg,p,0.5754346002001496,655
train_oof,25,planned,9.12数据/log_7_2026-9-12-05-49-02.ulg,q,0.4898456221913227,655
train_oof,25,planned,9.12数据/log_7_2026-9-12-05-49-02.ulg,r,0.20532638783836935,655
train_oof,25,planned,9.12数据/log_8_2026-9-12-05-55-30.ulg,vx,0.6407771062253951,815
train_oof,25,planned,9.12数据/log_8_2026-9-12-05-55-30.ulg,vy,0.7052329278554398,815
train_oof,25,planned,9.12数据/log_8_2026-9-12-05-55-30.ulg,vz,0.4155859280387175,815
train_oof,25,planned,9.12数据/log_8_2026-9-12-05-55-30.ulg,p,0.5883450757400659,815
train_oof,25,planned,9.12数据/log_8_2026-9-12-05-55-30.ulg,q,0.498885700082919,815
train_oof,25,planned,9.12数据/log_8_2026-9-12-05-55-30.ulg,r,0.18104166478512837,815
train_oof,25,planned,9.12数据/log_9_2026-9-12-06-03-32.ulg,vx,0.646082077582399,1017
train_oof,25,planned,9.12数据/log_9_2026-9-12-06-03-32.ulg,vy,0.6897803570168144,1017
train_oof,25,planned,9.12数据/log_9_2026-9-12-06-03-32.ulg,vz,0.4057795023760673,1017
train_oof,25,planned,9.12数据/log_9_2026-9-12-06-03-32.ulg,p,0.5729008974696158,1017
train_oof,25,planned,9.12数据/log_9_2026-9-12-06-03-32.ulg,q,0.47542387476485304,1017
train_oof,25,planned,9.12数据/log_9_2026-9-12-06-03-32.ulg,r,0.18702702737116855,1017
train_oof,25,planned,9.13数据/log_1_2026-9-13-06-11-06.ulg,vx,0.5774089467558694,712
train_oof,25,planned,9.13数据/log_1_2026-9-13-06-11-06.ulg,vy,0.661234767528213,712
train_oof,25,planned,9.13数据/log_1_2026-9-13-06-11-06.ulg,vz,0.3448009074134152,712
train_oof,25,planned,9.13数据/log_1_2026-9-13-06-11-06.ulg,p,0.4218653360305696,712
train_oof,25,planned,9.13数据/log_1_2026-9-13-06-11-06.ulg,q,0.4507340567196495,712
train_oof,25,planned,9.13数据/log_1_2026-9-13-06-11-06.ulg,r,0.12127761971882915,712
train_oof,25,planned,9.13数据/log_2_2026-9-13-06-20-06.ulg,vx,0.6521787560606592,710
train_oof,25,planned,9.13数据/log_2_2026-9-13-06-20-06.ulg,vy,0.6277760932190953,710
train_oof,25,planned,9.13数据/log_2_2026-9-13-06-20-06.ulg,vz,0.313143686525361,710
train_oof,25,planned,9.13数据/log_2_2026-9-13-06-20-06.ulg,p,0.4519449940831924,710
train_oof,25,planned,9.13数据/log_2_2026-9-13-06-20-06.ulg,q,0.47733642099385626,710
train_oof,25,planned,9.13数据/log_2_2026-9-13-06-20-06.ulg,r,0.12914100577590204,710
train_oof,25,planned,9.13数据/log_3_2026-9-13-06-31-26.ulg,vx,0.6414919075306472,710
train_oof,25,planned,9.13数据/log_3_2026-9-13-06-31-26.ulg,vy,0.6878945553931916,710
train_oof,25,planned,9.13数据/log_3_2026-9-13-06-31-26.ulg,vz,0.3759817553407781,710
train_oof,25,planned,9.13数据/log_3_2026-9-13-06-31-26.ulg,p,0.5913007384064465,710
train_oof,25,planned,9.13数据/log_3_2026-9-13-06-31-26.ulg,q,0.4858508664245582,710
train_oof,25,planned,9.13数据/log_3_2026-9-13-06-31-26.ulg,r,0.16278094779605384,710
train_oof,25,planned,9.13数据/log_4_2026-9-13-06-36-26.ulg,vx,0.5386142459814358,696
train_oof,25,planned,9.13数据/log_4_2026-9-13-06-36-26.ulg,vy,0.6866705682939376,696
train_oof,25,planned,9.13数据/log_4_2026-9-13-06-36-26.ulg,vz,0.36122737516229175,696
train_oof,25,planned,9.13数据/log_4_2026-9-13-06-36-26.ulg,p,0.4751432618328035,696
train_oof,25,planned,9.13数据/log_4_2026-9-13-06-36-26.ulg,q,0.4469921657229563,696
train_oof,25,planned,9.13数据/log_4_2026-9-13-06-36-26.ulg,r,0.1467464050620967,696
train_oof,25,planned,9.13数据/log_5_2026-9-13-06-42-40.ulg,vx,0.6105795907463859,730
train_oof,25,planned,9.13数据/log_5_2026-9-13-06-42-40.ulg,vy,0.6580548153195157,730
train_oof,25,planned,9.13数据/log_5_2026-9-13-06-42-40.ulg,vz,0.3673694034894782,730
train_oof,25,planned,9.13数据/log_5_2026-9-13-06-42-40.ulg,p,0.5341799119092155,730
train_oof,25,planned,9.13数据/log_5_2026-9-13-06-42-40.ulg,q,0.46838293019450605,730
train_oof,25,planned,9.13数据/log_5_2026-9-13-06-42-40.ulg,r,0.1568858022415639,730
train_oof,25,planned,9.13数据/log_7_2026-9-13-18-12-52.ulg,vx,0.6299230139506616,450
train_oof,25,planned,9.13数据/log_7_2026-9-13-18-12-52.ulg,vy,0.8828340256860896,450
train_oof,25,planned,9.13数据/log_7_2026-9-13-18-12-52.ulg,vz,0.4770499786826898,450
train_oof,25,planned,9.13数据/log_7_2026-9-13-18-12-52.ulg,p,0.7805624293925751,450
train_oof,25,planned,9.13数据/log_7_2026-9-13-18-12-52.ulg,q,0.4914886997004919,450
train_oof,25,planned,9.13数据/log_7_2026-9-13-18-12-52.ulg,r,0.17725621701353955,450
train_oof,25,planned,9.14数据/log_11_2026-9-14-18-13-22.ulg,vx,0.6259172506051528,756
train_oof,25,planned,9.14数据/log_11_2026-9-14-18-13-22.ulg,vy,0.6487067057689917,756
train_oof,25,planned,9.14数据/log_11_2026-9-14-18-13-22.ulg,vz,0.38940287048349315,756
train_oof,25,planned,9.14数据/log_11_2026-9-14-18-13-22.ulg,p,0.6659969713513733,756
train_oof,25,planned,9.14数据/log_11_2026-9-14-18-13-22.ulg,q,0.5140374522363809,756
train_oof,25,planned,9.14数据/log_11_2026-9-14-18-13-22.ulg,r,0.18751791088145953,756
train_oof,25,planned,9.14数据/log_12_2026-9-14-18-20-30.ulg,vx,0.5920795425607164,768
train_oof,25,planned,9.14数据/log_12_2026-9-14-18-20-30.ulg,vy,0.5960842506621552,768
train_oof,25,planned,9.14数据/log_12_2026-9-14-18-20-30.ulg,vz,0.4532873404696224,768
train_oof,25,planned,9.14数据/log_12_2026-9-14-18-20-30.ulg,p,0.6905264632563144,768
train_oof,25,planned,9.14数据/log_12_2026-9-14-18-20-30.ulg,q,0.49543291285376967,768
train_oof,25,planned,9.14数据/log_12_2026-9-14-18-20-30.ulg,r,0.21893926743957814,768
train_oof,25,planned,9.14数据/log_13_2026-9-14-18-28-32.ulg,vx,0.797172358457963,883
train_oof,25,planned,9.14数据/log_13_2026-9-14-18-28-32.ulg,vy,0.7301410722829673,883
train_oof,25,planned,9.14数据/log_13_2026-9-14-18-28-32.ulg,vz,0.4249907681941655,883
train_oof,25,planned,9.14数据/log_13_2026-9-14-18-28-32.ulg,p,0.7236419614399499,883
train_oof,25,planned,9.14数据/log_13_2026-9-14-18-28-32.ulg,q,0.5238354977909165,883
train_oof,25,planned,9.14数据/log_13_2026-9-14-18-28-32.ulg,r,0.19941529581378234,883
train_oof,25,planned,9.14数据/log_14_2026-9-14-18-34-22.ulg,vx,0.5779410125123093,600
train_oof,25,planned,9.14数据/log_14_2026-9-14-18-34-22.ulg,vy,0.5731381081250978,600
train_oof,25,planned,9.14数据/log_14_2026-9-14-18-34-22.ulg,vz,0.5193651407966124,600
train_oof,25,planned,9.14数据/log_14_2026-9-14-18-34-22.ulg,p,1.3472788405631295,600
train_oof,25,planned,9.14数据/log_14_2026-9-14-18-34-22.ulg,q,0.5159574943398612,600
train_oof,25,planned,9.14数据/log_14_2026-9-14-18-34-22.ulg,r,0.22193109552106816,600
train_oof,25,planned,9.15数据/log_10_2026-9-15-17-44-04.ulg,vx,0.723013548610202,594
train_oof,25,planned,9.15数据/log_10_2026-9-15-17-44-04.ulg,vy,0.7717822823142315,594
train_oof,25,planned,9.15数据/log_10_2026-9-15-17-44-04.ulg,vz,0.6261305087680867,594
train_oof,25,planned,9.15数据/log_10_2026-9-15-17-44-04.ulg,p,0.41012133798057765,594
train_oof,25,planned,9.15数据/log_10_2026-9-15-17-44-04.ulg,q,0.6926691535540815,594
train_oof,25,planned,9.15数据/log_10_2026-9-15-17-44-04.ulg,r,0.21887285424489392,594
train_oof,25,planned,9.15数据/log_11_2026-9-15-17-51-56.ulg,vx,0.7445865438491758,538
train_oof,25,planned,9.15数据/log_11_2026-9-15-17-51-56.ulg,vy,0.6817391356611836,538
train_oof,25,planned,9.15数据/log_11_2026-9-15-17-51-56.ulg,vz,0.49004880816649843,538
train_oof,25,planned,9.15数据/log_11_2026-9-15-17-51-56.ulg,p,0.44882938639837794,538
train_oof,25,planned,9.15数据/log_11_2026-9-15-17-51-56.ulg,q,0.5212285643204712,538
train_oof,25,planned,9.15数据/log_11_2026-9-15-17-51-56.ulg,r,0.22643452522607313,538
train_oof,25,planned,9.15数据/log_12_2026-9-15-18-03-58.ulg,vx,0.5419192922294724,704
train_oof,25,planned,9.15数据/log_12_2026-9-15-18-03-58.ulg,vy,0.6231167065301861,704
train_oof,25,planned,9.15数据/log_12_2026-9-15-18-03-58.ulg,vz,0.4354108130755472,704
train_oof,25,planned,9.15数据/log_12_2026-9-15-18-03-58.ulg,p,0.39476071867857876,704
train_oof,25,planned,9.15数据/log_12_2026-9-15-18-03-58.ulg,q,0.477525358395253,704
train_oof,25,planned,9.15数据/log_12_2026-9-15-18-03-58.ulg,r,0.19220303392409813,704
train_oof,25,planned,9.15数据/log_13_2026-9-15-18-10-58.ulg,vx,0.6361962650650327,690
train_oof,25,planned,9.15数据/log_13_2026-9-15-18-10-58.ulg,vy,0.6284621972059691,690
train_oof,25,planned,9.15数据/log_13_2026-9-15-18-10-58.ulg,vz,0.39729354517784354,690
train_oof,25,planned,9.15数据/log_13_2026-9-15-18-10-58.ulg,p,0.3760124841911725,690
train_oof,25,planned,9.15数据/log_13_2026-9-15-18-10-58.ulg,q,0.4875748737122241,690
train_oof,25,planned,9.15数据/log_13_2026-9-15-18-10-58.ulg,r,0.1682327372504788,690
train_oof,25,planned,9.15数据/log_14_2026-9-15-18-17-26.ulg,vx,0.581975224065409,685
train_oof,25,planned,9.15数据/log_14_2026-9-15-18-17-26.ulg,vy,0.5599921388393393,685
train_oof,25,planned,9.15数据/log_14_2026-9-15-18-17-26.ulg,vz,0.42365876123666024,685
train_oof,25,planned,9.15数据/log_14_2026-9-15-18-17-26.ulg,p,0.39863549443158913,685
train_oof,25,planned,9.15数据/log_14_2026-9-15-18-17-26.ulg,q,0.488253849418781,685
train_oof,25,planned,9.15数据/log_14_2026-9-15-18-17-26.ulg,r,0.18728068755484056,685
train_oof,25,planned,9.15数据/log_15_2026-9-15-18-23-44.ulg,vx,0.6267059914906159,702
train_oof,25,planned,9.15数据/log_15_2026-9-15-18-23-44.ulg,vy,0.6405312514078163,702
train_oof,25,planned,9.15数据/log_15_2026-9-15-18-23-44.ulg,vz,0.4331181748977912,702
train_oof,25,planned,9.15数据/log_15_2026-9-15-18-23-44.ulg,p,0.3778391838713237,702
train_oof,25,planned,9.15数据/log_15_2026-9-15-18-23-44.ulg,q,0.48892265422300274,702
train_oof,25,planned,9.15数据/log_15_2026-9-15-18-23-44.ulg,r,0.17219299843526753,702
train_oof,25,planned,9.16数据/log_1_2026-9-16-18-02-34.ulg,vx,0.5528914412619903,576
train_oof,25,planned,9.16数据/log_1_2026-9-16-18-02-34.ulg,vy,0.7156937284412803,576
train_oof,25,planned,9.16数据/log_1_2026-9-16-18-02-34.ulg,vz,0.41782193728016853,576
train_oof,25,planned,9.16数据/log_1_2026-9-16-18-02-34.ulg,p,0.40101830152066337,576
train_oof,25,planned,9.16数据/log_1_2026-9-16-18-02-34.ulg,q,0.5011860061847623,576
train_oof,25,planned,9.16数据/log_1_2026-9-16-18-02-34.ulg,r,0.1924279466451777,576
train_oof,25,planned,9.16数据/log_2_2026-9-16-18-08-46.ulg,vx,0.6991696060835402,691
train_oof,25,planned,9.16数据/log_2_2026-9-16-18-08-46.ulg,vy,0.6915649576188923,691
train_oof,25,planned,9.16数据/log_2_2026-9-16-18-08-46.ulg,vz,0.4389183463499365,691
train_oof,25,planned,9.16数据/log_2_2026-9-16-18-08-46.ulg,p,0.40938863319274277,691
train_oof,25,planned,9.16数据/log_2_2026-9-16-18-08-46.ulg,q,0.48745965424714516,691
train_oof,25,planned,9.16数据/log_2_2026-9-16-18-08-46.ulg,r,0.17234545346115135,691
train_oof,25,planned,9.16数据/log_3_2026-9-16-18-13-58.ulg,vx,0.5580054447832141,521
train_oof,25,planned,9.16数据/log_3_2026-9-16-18-13-58.ulg,vy,0.6267871613959284,521
train_oof,25,planned,9.16数据/log_3_2026-9-16-18-13-58.ulg,vz,0.4528834926312479,521
train_oof,25,planned,9.16数据/log_3_2026-9-16-18-13-58.ulg,p,0.3799761788385775,521
train_oof,25,planned,9.16数据/log_3_2026-9-16-18-13-58.ulg,q,0.4977062871512472,521
train_oof,25,planned,9.16数据/log_3_2026-9-16-18-13-58.ulg,r,0.17627303262782398,521
train_oof,25,planned,9.16数据/log_4_2026-9-16-18-20-50.ulg,vx,0.6676999386374892,689
train_oof,25,planned,9.16数据/log_4_2026-9-16-18-20-50.ulg,vy,0.7398585356368581,689
train_oof,25,planned,9.16数据/log_4_2026-9-16-18-20-50.ulg,vz,0.4502762852911856,689
train_oof,25,planned,9.16数据/log_4_2026-9-16-18-20-50.ulg,p,0.40043164396510983,689
train_oof,25,planned,9.16数据/log_4_2026-9-16-18-20-50.ulg,q,0.4905669127957505,689
train_oof,25,planned,9.16数据/log_4_2026-9-16-18-20-50.ulg,r,0.17494198219023147,689
train_oof,25,planned,9.16数据/log_5_2026-9-16-18-26-48.ulg,vx,0.6506333859266852,658
train_oof,25,planned,9.16数据/log_5_2026-9-16-18-26-48.ulg,vy,0.7192483132817583,658
train_oof,25,planned,9.16数据/log_5_2026-9-16-18-26-48.ulg,vz,0.39612655959548876,658
train_oof,25,planned,9.16数据/log_5_2026-9-16-18-26-48.ulg,p,0.5002907290326922,658
train_oof,25,planned,9.16数据/log_5_2026-9-16-18-26-48.ulg,q,0.48675474332721114,658
train_oof,25,planned,9.16数据/log_5_2026-9-16-18-26-48.ulg,r,0.15523940538474107,658
train_oof,25,planned,9.18数据/log_0_2026-9-18-18-15-06.ulg,vx,0.6567469450996762,742
train_oof,25,planned,9.18数据/log_0_2026-9-18-18-15-06.ulg,vy,0.8490226700551298,742
train_oof,25,planned,9.18数据/log_0_2026-9-18-18-15-06.ulg,vz,0.6262898936119798,742
train_oof,25,planned,9.18数据/log_0_2026-9-18-18-15-06.ulg,p,0.4916940477880157,742
train_oof,25,planned,9.18数据/log_0_2026-9-18-18-15-06.ulg,q,0.5096900668600609,742
train_oof,25,planned,9.18数据/log_0_2026-9-18-18-15-06.ulg,r,0.1892163885943278,742
train_oof,25,planned,9.18数据/log_1_2026-9-18-18-23-36.ulg,vx,0.7591746799755453,693
train_oof,25,planned,9.18数据/log_1_2026-9-18-18-23-36.ulg,vy,1.0378350544331847,693
train_oof,25,planned,9.18数据/log_1_2026-9-18-18-23-36.ulg,vz,0.5508709620827291,693
train_oof,25,planned,9.18数据/log_1_2026-9-18-18-23-36.ulg,p,0.5757300150734341,693
train_oof,25,planned,9.18数据/log_1_2026-9-18-18-23-36.ulg,q,0.49623961364802815,693
train_oof,25,planned,9.18数据/log_1_2026-9-18-18-23-36.ulg,r,0.24728909979094416,693
train_oof,25,planned,9.18数据/log_2_2026-9-18-18-29-40.ulg,vx,0.6877464219661898,742
train_oof,25,planned,9.18数据/log_2_2026-9-18-18-29-40.ulg,vy,0.9095761259752584,742
train_oof,25,planned,9.18数据/log_2_2026-9-18-18-29-40.ulg,vz,0.5025286243516788,742
train_oof,25,planned,9.18数据/log_2_2026-9-18-18-29-40.ulg,p,0.5259509570026641,742
train_oof,25,planned,9.18数据/log_2_2026-9-18-18-29-40.ulg,q,0.4897908843406777,742
train_oof,25,planned,9.18数据/log_2_2026-9-18-18-29-40.ulg,r,0.2192619139932199,742
validation,25,planned,2026.9.7/log_21_2026-9-7-05-54-56.ulg,vx,0.6217642002114986,168
validation,25,planned,2026.9.7/log_21_2026-9-7-05-54-56.ulg,vy,0.6695344383485051,168
validation,25,planned,2026.9.7/log_21_2026-9-7-05-54-56.ulg,vz,0.3665700893241032,168
validation,25,planned,2026.9.7/log_21_2026-9-7-05-54-56.ulg,p,0.5214598528688502,168
validation,25,planned,2026.9.7/log_21_2026-9-7-05-54-56.ulg,q,0.4469253691870422,168
validation,25,planned,2026.9.7/log_21_2026-9-7-05-54-56.ulg,r,0.15762445759125776,168
validation,25,planned,2026.9.7/log_22_2026-9-7-06-01-40.ulg,vx,0.5672569874844325,182
validation,25,planned,2026.9.7/log_22_2026-9-7-06-01-40.ulg,vy,0.6389027323307324,182
validation,25,planned,2026.9.7/log_22_2026-9-7-06-01-40.ulg,vz,0.3432787256848042,182
validation,25,planned,2026.9.7/log_22_2026-9-7-06-01-40.ulg,p,0.5910036779835078,182
validation,25,planned,2026.9.7/log_22_2026-9-7-06-01-40.ulg,q,0.42820385135141914,182
validation,25,planned,2026.9.7/log_22_2026-9-7-06-01-40.ulg,r,0.15746582436345358,182
validation,25,planned,2026.9.7/log_23_2026-9-7-06-09-22.ulg,vx,0.5963829190399482,160
validation,25,planned,2026.9.7/log_23_2026-9-7-06-09-22.ulg,vy,0.8104706086242266,160
validation,25,planned,2026.9.7/log_23_2026-9-7-06-09-22.ulg,vz,0.40454676755862634,160
validation,25,planned,2026.9.7/log_23_2026-9-7-06-09-22.ulg,p,0.7829610332610866,160
validation,25,planned,2026.9.7/log_23_2026-9-7-06-09-22.ulg,q,0.4431936547436589,160
validation,25,planned,2026.9.7/log_23_2026-9-7-06-09-22.ulg,r,0.14118373278933663,160
validation,25,planned,2026.9.7/log_24_2026-9-7-06-16-04.ulg,vx,0.5343005600586389,161
validation,25,planned,2026.9.7/log_24_2026-9-7-06-16-04.ulg,vy,0.7035866142341652,161
validation,25,planned,2026.9.7/log_24_2026-9-7-06-16-04.ulg,vz,0.36008890344629163,161
validation,25,planned,2026.9.7/log_24_2026-9-7-06-16-04.ulg,p,0.6101346892191819,161
validation,25,planned,2026.9.7/log_24_2026-9-7-06-16-04.ulg,q,0.4497071055041316,161
validation,25,planned,2026.9.7/log_24_2026-9-7-06-16-04.ulg,r,0.1598674859940012,161
validation,25,planned,2026.9.7/log_26_2026-9-7-06-30-26.ulg,vx,0.5880460257031592,150
validation,25,planned,2026.9.7/log_26_2026-9-7-06-30-26.ulg,vy,0.6045767117188956,150
validation,25,planned,2026.9.7/log_26_2026-9-7-06-30-26.ulg,vz,0.38052692176408265,150
validation,25,planned,2026.9.7/log_26_2026-9-7-06-30-26.ulg,p,0.5508552863892727,150
validation,25,planned,2026.9.7/log_26_2026-9-7-06-30-26.ulg,q,0.46384201959119414,150
validation,25,planned,2026.9.7/log_26_2026-9-7-06-30-26.ulg,r,0.13385368363047737,150
validation,25,planned,2026.9.7/log_27_2026-9-7-06-37-24.ulg,vx,0.7160358433400459,155
validation,25,planned,2026.9.7/log_27_2026-9-7-06-37-24.ulg,vy,0.8040607681386648,155
validation,25,planned,2026.9.7/log_27_2026-9-7-06-37-24.ulg,vz,0.35046819948658803,155
validation,25,planned,2026.9.7/log_27_2026-9-7-06-37-24.ulg,p,0.6104520448866892,155
validation,25,planned,2026.9.7/log_27_2026-9-7-06-37-24.ulg,q,0.41802851998232343,155
validation,25,planned,2026.9.7/log_27_2026-9-7-06-37-24.ulg,r,0.10731581352421897,155
validation,25,planned,2026.9.7/log_28_2026-9-7-06-44-02.ulg,vx,0.7438065515830223,140
validation,25,planned,2026.9.7/log_28_2026-9-7-06-44-02.ulg,vy,0.6995462298061896,140
validation,25,planned,2026.9.7/log_28_2026-9-7-06-44-02.ulg,vz,0.30630987573713936,140
validation,25,planned,2026.9.7/log_28_2026-9-7-06-44-02.ulg,p,0.5672220498871594,140
validation,25,planned,2026.9.7/log_28_2026-9-7-06-44-02.ulg,q,0.4195397721003255,140
validation,25,planned,2026.9.7/log_28_2026-9-7-06-44-02.ulg,r,0.13392829392954606,140
validation,25,planned,2026.9.7/log_29_2026-9-7-06-51-04.ulg,vx,0.6732586485183879,201
validation,25,planned,2026.9.7/log_29_2026-9-7-06-51-04.ulg,vy,0.7476619071194857,201
validation,25,planned,2026.9.7/log_29_2026-9-7-06-51-04.ulg,vz,0.3437882898653017,201
validation,25,planned,2026.9.7/log_29_2026-9-7-06-51-04.ulg,p,0.6375497288557398,201
validation,25,planned,2026.9.7/log_29_2026-9-7-06-51-04.ulg,q,0.4617063109328537,201
validation,25,planned,2026.9.7/log_29_2026-9-7-06-51-04.ulg,r,0.144983853810954,201
validation,25,planned,2026.9.7/log_30_2026-9-7-06-58-22.ulg,vx,0.7970949704589952,164
validation,25,planned,2026.9.7/log_30_2026-9-7-06-58-22.ulg,vy,0.8147084882295593,164
validation,25,planned,2026.9.7/log_30_2026-9-7-06-58-22.ulg,vz,0.3632209030959139,164
validation,25,planned,2026.9.7/log_30_2026-9-7-06-58-22.ulg,p,0.5700641727080674,164
validation,25,planned,2026.9.7/log_30_2026-9-7-06-58-22.ulg,q,0.4462814432010429,164
validation,25,planned,2026.9.7/log_30_2026-9-7-06-58-22.ulg,r,0.15271724649150414,164
validation,25,planned,9.17数据/log_10_2026-9-17-06-34-34.ulg,vx,0.7249300580386158,130
validation,25,planned,9.17数据/log_10_2026-9-17-06-34-34.ulg,vy,0.7037014877649044,130
validation,25,planned,9.17数据/log_10_2026-9-17-06-34-34.ulg,vz,0.5638542602207999,130
validation,25,planned,9.17数据/log_10_2026-9-17-06-34-34.ulg,p,0.5450560924253944,130
validation,25,planned,9.17数据/log_10_2026-9-17-06-34-34.ulg,q,0.5098753899552938,130
validation,25,planned,9.17数据/log_10_2026-9-17-06-34-34.ulg,r,0.1927454254681419,130
validation,25,planned,9.17数据/log_11_2026-9-17-06-40-30.ulg,vx,0.5259798120222897,145
validation,25,planned,9.17数据/log_11_2026-9-17-06-40-30.ulg,vy,0.7133382408742346,145
validation,25,planned,9.17数据/log_11_2026-9-17-06-40-30.ulg,vz,0.479266880507037,145
validation,25,planned,9.17数据/log_11_2026-9-17-06-40-30.ulg,p,0.5472123486384559,145
validation,25,planned,9.17数据/log_11_2026-9-17-06-40-30.ulg,q,0.48981124634803463,145
validation,25,planned,9.17数据/log_11_2026-9-17-06-40-30.ulg,r,0.19656782098544437,145
validation,25,planned,9.17数据/log_12_2026-9-17-06-46-02.ulg,vx,0.6141210445262383,144
validation,25,planned,9.17数据/log_12_2026-9-17-06-46-02.ulg,vy,0.6876338685601869,144
validation,25,planned,9.17数据/log_12_2026-9-17-06-46-02.ulg,vz,0.41626164958656986,144
validation,25,planned,9.17数据/log_12_2026-9-17-06-46-02.ulg,p,0.5584001826360147,144
validation,25,planned,9.17数据/log_12_2026-9-17-06-46-02.ulg,q,0.5805535388612978,144
validation,25,planned,9.17数据/log_12_2026-9-17-06-46-02.ulg,r,0.19349755124569992,144
validation,25,planned,9.17数据/log_13_2026-9-17-06-52-30.ulg,vx,0.7166956342779304,153
validation,25,planned,9.17数据/log_13_2026-9-17-06-52-30.ulg,vy,0.8342413233319758,153
validation,25,planned,9.17数据/log_13_2026-9-17-06-52-30.ulg,vz,0.475514256829706,153
validation,25,planned,9.17数据/log_13_2026-9-17-06-52-30.ulg,p,0.5310226472849456,153
validation,25,planned,9.17数据/log_13_2026-9-17-06-52-30.ulg,q,0.5683818051983363,153
validation,25,planned,9.17数据/log_13_2026-9-17-06-52-30.ulg,r,0.18756117444427664,153
validation,25,planned,9.17数据/log_6_2026-9-17-06-02-24.ulg,vx,0.6040950644029272,138
validation,25,planned,9.17数据/log_6_2026-9-17-06-02-24.ulg,vy,0.7230103521217267,138
validation,25,planned,9.17数据/log_6_2026-9-17-06-02-24.ulg,vz,0.4132385982382266,138
validation,25,planned,9.17数据/log_6_2026-9-17-06-02-24.ulg,p,0.4757708694063005,138
validation,25,planned,9.17数据/log_6_2026-9-17-06-02-24.ulg,q,0.47299224847805416,138
validation,25,planned,9.17数据/log_6_2026-9-17-06-02-24.ulg,r,0.1608834380956192,138
validation,25,planned,9.17数据/log_7_2026-9-17-06-12-16.ulg,vx,0.6638387183736244,131
validation,25,planned,9.17数据/log_7_2026-9-17-06-12-16.ulg,vy,0.6690143627281777,131
validation,25,planned,9.17数据/log_7_2026-9-17-06-12-16.ulg,vz,0.4751246013111015,131
validation,25,planned,9.17数据/log_7_2026-9-17-06-12-16.ulg,p,0.5319990011994693,131
validation,25,planned,9.17数据/log_7_2026-9-17-06-12-16.ulg,q,0.512844013753082,131
validation,25,planned,9.17数据/log_7_2026-9-17-06-12-16.ulg,r,0.1707248589348982,131
validation,25,planned,9.17数据/log_8_2026-9-17-06-17-52.ulg,vx,0.5804247330081783,146
validation,25,planned,9.17数据/log_8_2026-9-17-06-17-52.ulg,vy,0.6961059976349984,146
validation,25,planned,9.17数据/log_8_2026-9-17-06-17-52.ulg,vz,0.4378254009516887,146
validation,25,planned,9.17数据/log_8_2026-9-17-06-17-52.ulg,p,0.5351201465500857,146
validation,25,planned,9.17数据/log_8_2026-9-17-06-17-52.ulg,q,0.540286933818479,146
validation,25,planned,9.17数据/log_8_2026-9-17-06-17-52.ulg,r,0.19023209809406388,146
validation,25,planned,9.17数据/log_9_2026-9-17-06-28-10.ulg,vx,0.5956622701267685,114
validation,25,planned,9.17数据/log_9_2026-9-17-06-28-10.ulg,vy,0.7516560333457684,114
validation,25,planned,9.17数据/log_9_2026-9-17-06-28-10.ulg,vz,0.4903753797003948,114
validation,25,planned,9.17数据/log_9_2026-9-17-06-28-10.ulg,p,0.5707482912059068,114
validation,25,planned,9.17数据/log_9_2026-9-17-06-28-10.ulg,q,0.5197188077776957,114
validation,25,planned,9.17数据/log_9_2026-9-17-06-28-10.ulg,r,0.19056836045396264,114
