partition,steps,log_id,group,axis,coverage,n
train,5,2026.9.6/log_17_2026-9-6-18-34-06.ulg,ALL,vx,0.9910614525139665,895
train,5,2026.9.6/log_17_2026-9-6-18-34-06.ulg,ALL,vy,0.9888268156424581,895
train,5,2026.9.6/log_17_2026-9-6-18-34-06.ulg,ALL,vz,0.9921787709497206,895
train,5,2026.9.6/log_17_2026-9-6-18-34-06.ulg,ALL,p,0.9743016759776536,895
train,5,2026.9.6/log_17_2026-9-6-18-34-06.ulg,ALL,q,0.9854748603351955,895
train,5,2026.9.6/log_17_2026-9-6-18-34-06.ulg,ALL,r,0.994413407821229,895
train,5,2026.9.6/log_17_2026-9-6-18-34-06.ulg,high_change,vx,0.98,200
train,5,2026.9.6/log_17_2026-9-6-18-34-06.ulg,high_change,vy,0.96,200
train,5,2026.9.6/log_17_2026-9-6-18-34-06.ulg,high_change,vz,0.97,200
train,5,2026.9.6/log_17_2026-9-6-18-34-06.ulg,high_change,p,0.96,200
train,5,2026.9.6/log_17_2026-9-6-18-34-06.ulg,high_change,q,0.965,200
train,5,2026.9.6/log_17_2026-9-6-18-34-06.ulg,high_change,r,0.98,200
train,5,2026.9.6/log_18_2026-9-6-18-46-20.ulg,ALL,vx,0.9942446043165467,695
train,5,2026.9.6/log_18_2026-9-6-18-46-20.ulg,ALL,vy,0.9884892086330935,695
train,5,2026.9.6/log_18_2026-9-6-18-46-20.ulg,ALL,vz,0.9971223021582734,695
train,5,2026.9.6/log_18_2026-9-6-18-46-20.ulg,ALL,p,0.9496402877697842,695
train,5,2026.9.6/log_18_2026-9-6-18-46-20.ulg,ALL,q,0.9928057553956835,695
train,5,2026.9.6/log_18_2026-9-6-18-46-20.ulg,ALL,r,0.9884892086330935,695
train,5,2026.9.6/log_18_2026-9-6-18-46-20.ulg,high_change,vx,0.9903381642512077,207
train,5,2026.9.6/log_18_2026-9-6-18-46-20.ulg,high_change,vy,0.9710144927536232,207
train,5,2026.9.6/log_18_2026-9-6-18-46-20.ulg,high_change,vz,0.9903381642512077,207
train,5,2026.9.6/log_18_2026-9-6-18-46-20.ulg,high_change,p,0.9468599033816425,207
train,5,2026.9.6/log_18_2026-9-6-18-46-20.ulg,high_change,q,0.9951690821256038,207
train,5,2026.9.6/log_18_2026-9-6-18-46-20.ulg,high_change,r,0.9806763285024155,207
train,5,2026.9.6/log_19_2026-9-6-18-52-30.ulg,ALL,vx,0.9832041343669251,774
train,5,2026.9.6/log_19_2026-9-6-18-52-30.ulg,ALL,vy,0.9909560723514211,774
train,5,2026.9.6/log_19_2026-9-6-18-52-30.ulg,ALL,vz,0.9961240310077519,774
train,5,2026.9.6/log_19_2026-9-6-18-52-30.ulg,ALL,p,0.958656330749354,774
train,5,2026.9.6/log_19_2026-9-6-18-52-30.ulg,ALL,q,0.9909560723514211,774
train,5,2026.9.6/log_19_2026-9-6-18-52-30.ulg,ALL,r,0.9844961240310077,774
train,5,2026.9.6/log_19_2026-9-6-18-52-30.ulg,high_change,vx,0.9393939393939394,165
train,5,2026.9.6/log_19_2026-9-6-18-52-30.ulg,high_change,vy,0.9696969696969697,165
train,5,2026.9.6/log_19_2026-9-6-18-52-30.ulg,high_change,vz,0.9878787878787879,165
train,5,2026.9.6/log_19_2026-9-6-18-52-30.ulg,high_change,p,0.9575757575757575,165
train,5,2026.9.6/log_19_2026-9-6-18-52-30.ulg,high_change,q,0.9696969696969697,165
train,5,2026.9.6/log_19_2026-9-6-18-52-30.ulg,high_change,r,0.9818181818181818,165
train,5,2026.9.6/log_20_2026-9-6-18-58-10.ulg,ALL,vx,0.9863945578231292,588
train,5,2026.9.6/log_20_2026-9-6-18-58-10.ulg,ALL,vy,0.9914965986394558,588
train,5,2026.9.6/log_20_2026-9-6-18-58-10.ulg,ALL,vz,0.9931972789115646,588
train,5,2026.9.6/log_20_2026-9-6-18-58-10.ulg,ALL,p,0.95578231292517,588
train,5,2026.9.6/log_20_2026-9-6-18-58-10.ulg,ALL,q,0.9863945578231292,588
train,5,2026.9.6/log_20_2026-9-6-18-58-10.ulg,ALL,r,0.9863945578231292,588
train,5,2026.9.6/log_20_2026-9-6-18-58-10.ulg,high_change,vx,0.9539473684210527,152
train,5,2026.9.6/log_20_2026-9-6-18-58-10.ulg,high_change,vy,0.9802631578947368,152
train,5,2026.9.6/log_20_2026-9-6-18-58-10.ulg,high_change,vz,0.9868421052631579,152
train,5,2026.9.6/log_20_2026-9-6-18-58-10.ulg,high_change,p,0.9671052631578947,152
train,5,2026.9.6/log_20_2026-9-6-18-58-10.ulg,high_change,q,0.9539473684210527,152
train,5,2026.9.6/log_20_2026-9-6-18-58-10.ulg,high_change,r,0.9736842105263158,152
train,5,2026.9.6/log_24_2026-9-6-06-28-38.ulg,ALL,vx,0.9829059829059829,702
train,5,2026.9.6/log_24_2026-9-6-06-28-38.ulg,ALL,vy,0.9829059829059829,702
train,5,2026.9.6/log_24_2026-9-6-06-28-38.ulg,ALL,vz,0.9814814814814815,702
train,5,2026.9.6/log_24_2026-9-6-06-28-38.ulg,ALL,p,1.0,702
train,5,2026.9.6/log_24_2026-9-6-06-28-38.ulg,ALL,q,0.9615384615384616,702
train,5,2026.9.6/log_24_2026-9-6-06-28-38.ulg,ALL,r,0.99002849002849,702
train,5,2026.9.6/log_24_2026-9-6-06-28-38.ulg,high_change,vx,0.9702602230483272,269
train,5,2026.9.6/log_24_2026-9-6-06-28-38.ulg,high_change,vy,0.9776951672862454,269
train,5,2026.9.6/log_24_2026-9-6-06-28-38.ulg,high_change,vz,0.9739776951672863,269
train,5,2026.9.6/log_24_2026-9-6-06-28-38.ulg,high_change,p,1.0,269
train,5,2026.9.6/log_24_2026-9-6-06-28-38.ulg,high_change,q,0.9516728624535316,269
train,5,2026.9.6/log_24_2026-9-6-06-28-38.ulg,high_change,r,0.9851301115241635,269
train,5,2026.9.6/log_28_2026-9-6-07-01-38.ulg,ALL,vx,0.9491059147180193,727
train,5,2026.9.6/log_28_2026-9-6-07-01-38.ulg,ALL,vy,0.9642365887207703,727
train,5,2026.9.6/log_28_2026-9-6-07-01-38.ulg,ALL,vz,0.9683631361760661,727
train,5,2026.9.6/log_28_2026-9-6-07-01-38.ulg,ALL,p,0.9903713892709766,727
train,5,2026.9.6/log_28_2026-9-6-07-01-38.ulg,ALL,q,0.9491059147180193,727
train,5,2026.9.6/log_28_2026-9-6-07-01-38.ulg,ALL,r,0.9683631361760661,727
train,5,2026.9.6/log_28_2026-9-6-07-01-38.ulg,high_change,vx,0.9490909090909091,275
train,5,2026.9.6/log_28_2026-9-6-07-01-38.ulg,high_change,vy,0.9345454545454546,275
train,5,2026.9.6/log_28_2026-9-6-07-01-38.ulg,high_change,vz,0.96,275
train,5,2026.9.6/log_28_2026-9-6-07-01-38.ulg,high_change,p,0.9818181818181818,275
train,5,2026.9.6/log_28_2026-9-6-07-01-38.ulg,high_change,q,0.9127272727272727,275
train,5,2026.9.6/log_28_2026-9-6-07-01-38.ulg,high_change,r,0.9454545454545454,275
train,5,9.11数据/log_13_2026-9-11-18-28-08.ulg,ALL,vx,0.9574944071588367,447
train,5,9.11数据/log_13_2026-9-11-18-28-08.ulg,ALL,vy,0.9888143176733781,447
train,5,9.11数据/log_13_2026-9-11-18-28-08.ulg,ALL,vz,0.9798657718120806,447
train,5,9.11数据/log_13_2026-9-11-18-28-08.ulg,ALL,p,0.9910514541387024,447
train,5,9.11数据/log_13_2026-9-11-18-28-08.ulg,ALL,q,0.9888143176733781,447
train,5,9.11数据/log_13_2026-9-11-18-28-08.ulg,ALL,r,0.9955257270693513,447
train,5,9.11数据/log_13_2026-9-11-18-28-08.ulg,high_change,vx,0.9415204678362573,171
train,5,9.11数据/log_13_2026-9-11-18-28-08.ulg,high_change,vy,0.9824561403508771,171
train,5,9.11数据/log_13_2026-9-11-18-28-08.ulg,high_change,vz,0.9649122807017544,171
train,5,9.11数据/log_13_2026-9-11-18-28-08.ulg,high_change,p,0.9824561403508771,171
train,5,9.11数据/log_13_2026-9-11-18-28-08.ulg,high_change,q,0.9766081871345029,171
train,5,9.11数据/log_13_2026-9-11-18-28-08.ulg,high_change,r,0.9941520467836257,171
train,5,9.11数据/log_14_2026-9-11-18-34-58.ulg,ALL,vx,0.9695945945945946,592
train,5,9.11数据/log_14_2026-9-11-18-34-58.ulg,ALL,vy,0.9763513513513513,592
train,5,9.11数据/log_14_2026-9-11-18-34-58.ulg,ALL,vz,0.9881756756756757,592
train,5,9.11数据/log_14_2026-9-11-18-34-58.ulg,ALL,p,0.9983108108108109,592
train,5,9.11数据/log_14_2026-9-11-18-34-58.ulg,ALL,q,0.9831081081081081,592
train,5,9.11数据/log_14_2026-9-11-18-34-58.ulg,ALL,r,0.9949324324324325,592
train,5,9.11数据/log_14_2026-9-11-18-34-58.ulg,high_change,vx,0.95625,160
train,5,9.11数据/log_14_2026-9-11-18-34-58.ulg,high_change,vy,0.9625,160
train,5,9.11数据/log_14_2026-9-11-18-34-58.ulg,high_change,vz,0.9875,160
train,5,9.11数据/log_14_2026-9-11-18-34-58.ulg,high_change,p,0.99375,160
train,5,9.11数据/log_14_2026-9-11-18-34-58.ulg,high_change,q,0.96875,160
train,5,9.11数据/log_14_2026-9-11-18-34-58.ulg,high_change,r,1.0,160
train,5,9.11数据/log_15_2026-9-11-18-40-48.ulg,ALL,vx,0.9681818181818181,440
train,5,9.11数据/log_15_2026-9-11-18-40-48.ulg,ALL,vy,0.9681818181818181,440
train,5,9.11数据/log_15_2026-9-11-18-40-48.ulg,ALL,vz,0.9659090909090909,440
train,5,9.11数据/log_15_2026-9-11-18-40-48.ulg,ALL,p,0.990909090909091,440
train,5,9.11数据/log_15_2026-9-11-18-40-48.ulg,ALL,q,0.9727272727272728,440
train,5,9.11数据/log_15_2026-9-11-18-40-48.ulg,ALL,r,0.9659090909090909,440
train,5,9.11数据/log_15_2026-9-11-18-40-48.ulg,high_change,vx,0.9712643678160919,174
train,5,9.11数据/log_15_2026-9-11-18-40-48.ulg,high_change,vy,0.9597701149425287,174
train,5,9.11数据/log_15_2026-9-11-18-40-48.ulg,high_change,vz,0.9712643678160919,174
train,5,9.11数据/log_15_2026-9-11-18-40-48.ulg,high_change,p,0.9942528735632183,174
train,5,9.11数据/log_15_2026-9-11-18-40-48.ulg,high_change,q,0.9540229885057471,174
train,5,9.11数据/log_15_2026-9-11-18-40-48.ulg,high_change,r,0.9310344827586207,174
train,5,9.12数据/log_10_2026-9-12-06-13-40.ulg,ALL,vx,0.9894459102902374,758
train,5,9.12数据/log_10_2026-9-12-06-13-40.ulg,ALL,vy,0.9894459102902374,758
train,5,9.12数据/log_10_2026-9-12-06-13-40.ulg,ALL,vz,0.9920844327176781,758
train,5,9.12数据/log_10_2026-9-12-06-13-40.ulg,ALL,p,0.9802110817941952,758
train,5,9.12数据/log_10_2026-9-12-06-13-40.ulg,ALL,q,0.9920844327176781,758
train,5,9.12数据/log_10_2026-9-12-06-13-40.ulg,ALL,r,0.9947229551451188,758
train,5,9.12数据/log_10_2026-9-12-06-13-40.ulg,high_change,vx,0.9811320754716981,159
train,5,9.12数据/log_10_2026-9-12-06-13-40.ulg,high_change,vy,0.9622641509433962,159
train,5,9.12数据/log_10_2026-9-12-06-13-40.ulg,high_change,vz,0.9748427672955975,159
train,5,9.12数据/log_10_2026-9-12-06-13-40.ulg,high_change,p,0.9748427672955975,159
train,5,9.12数据/log_10_2026-9-12-06-13-40.ulg,high_change,q,0.9874213836477987,159
train,5,9.12数据/log_10_2026-9-12-06-13-40.ulg,high_change,r,0.9811320754716981,159
train,5,9.12数据/log_11_2026-9-12-06-21-12.ulg,ALL,vx,0.9791666666666666,720
train,5,9.12数据/log_11_2026-9-12-06-21-12.ulg,ALL,vy,0.9819444444444444,720
train,5,9.12数据/log_11_2026-9-12-06-21-12.ulg,ALL,vz,0.9861111111111112,720
train,5,9.12数据/log_11_2026-9-12-06-21-12.ulg,ALL,p,0.9625,720
train,5,9.12数据/log_11_2026-9-12-06-21-12.ulg,ALL,q,0.9833333333333333,720
train,5,9.12数据/log_11_2026-9-12-06-21-12.ulg,ALL,r,0.9958333333333333,720
train,5,9.12数据/log_11_2026-9-12-06-21-12.ulg,high_change,vx,0.965,200
train,5,9.12数据/log_11_2026-9-12-06-21-12.ulg,high_change,vy,0.96,200
train,5,9.12数据/log_11_2026-9-12-06-21-12.ulg,high_change,vz,0.97,200
train,5,9.12数据/log_11_2026-9-12-06-21-12.ulg,high_change,p,0.94,200
train,5,9.12数据/log_11_2026-9-12-06-21-12.ulg,high_change,q,0.96,200
train,5,9.12数据/log_11_2026-9-12-06-21-12.ulg,high_change,r,0.995,200
train,5,9.12数据/log_12_2026-9-12-06-29-44.ulg,ALL,vx,0.9882869692532943,683
train,5,9.12数据/log_12_2026-9-12-06-29-44.ulg,ALL,vy,0.9795021961932651,683
train,5,9.12数据/log_12_2026-9-12-06-29-44.ulg,ALL,vz,0.9838945827232797,683
train,5,9.12数据/log_12_2026-9-12-06-29-44.ulg,ALL,p,0.9736456808199122,683
train,5,9.12数据/log_12_2026-9-12-06-29-44.ulg,ALL,q,0.9795021961932651,683
train,5,9.12数据/log_12_2026-9-12-06-29-44.ulg,ALL,r,0.9912152269399708,683
train,5,9.12数据/log_12_2026-9-12-06-29-44.ulg,high_change,vx,0.9700598802395209,167
train,5,9.12数据/log_12_2026-9-12-06-29-44.ulg,high_change,vy,0.9520958083832335,167
train,5,9.12数据/log_12_2026-9-12-06-29-44.ulg,high_change,vz,0.9700598802395209,167
train,5,9.12数据/log_12_2026-9-12-06-29-44.ulg,high_change,p,0.9461077844311377,167
train,5,9.12数据/log_12_2026-9-12-06-29-44.ulg,high_change,q,0.9580838323353293,167
train,5,9.12数据/log_12_2026-9-12-06-29-44.ulg,high_change,r,0.9700598802395209,167
train,5,9.12数据/log_2_2026-9-12-18-32-54.ulg,ALL,vx,0.99867197875166,753
train,5,9.12数据/log_2_2026-9-12-18-32-54.ulg,ALL,vy,0.9960159362549801,753
train,5,9.12数据/log_2_2026-9-12-18-32-54.ulg,ALL,vz,0.99734395750332,753
train,5,9.12数据/log_2_2026-9-12-18-32-54.ulg,ALL,p,0.9920318725099602,753
train,5,9.12数据/log_2_2026-9-12-18-32-54.ulg,ALL,q,0.9946879150066401,753
train,5,9.12数据/log_2_2026-9-12-18-32-54.ulg,ALL,r,1.0,753
train,5,9.12数据/log_2_2026-9-12-18-32-54.ulg,high_change,vx,1.0,103
train,5,9.12数据/log_2_2026-9-12-18-32-54.ulg,high_change,vy,1.0,103
train,5,9.12数据/log_2_2026-9-12-18-32-54.ulg,high_change,vz,0.9902912621359223,103
train,5,9.12数据/log_2_2026-9-12-18-32-54.ulg,high_change,p,1.0,103
train,5,9.12数据/log_2_2026-9-12-18-32-54.ulg,high_change,q,0.9902912621359223,103
train,5,9.12数据/log_2_2026-9-12-18-32-54.ulg,high_change,r,1.0,103
train,5,9.12数据/log_3_2026-9-12-18-40-02.ulg,ALL,vx,0.9924242424242424,792
train,5,9.12数据/log_3_2026-9-12-18-40-02.ulg,ALL,vy,0.9924242424242424,792
train,5,9.12数据/log_3_2026-9-12-18-40-02.ulg,ALL,vz,0.9873737373737373,792
train,5,9.12数据/log_3_2026-9-12-18-40-02.ulg,ALL,p,0.9861111111111112,792
train,5,9.12数据/log_3_2026-9-12-18-40-02.ulg,ALL,q,0.9949494949494949,792
train,5,9.12数据/log_3_2026-9-12-18-40-02.ulg,ALL,r,0.9962121212121212,792
train,5,9.12数据/log_3_2026-9-12-18-40-02.ulg,high_change,vx,0.961038961038961,154
train,5,9.12数据/log_3_2026-9-12-18-40-02.ulg,high_change,vy,0.9675324675324676,154
train,5,9.12数据/log_3_2026-9-12-18-40-02.ulg,high_change,vz,0.961038961038961,154
train,5,9.12数据/log_3_2026-9-12-18-40-02.ulg,high_change,p,0.9805194805194806,154
train,5,9.12数据/log_3_2026-9-12-18-40-02.ulg,high_change,q,0.974025974025974,154
train,5,9.12数据/log_3_2026-9-12-18-40-02.ulg,high_change,r,0.9805194805194806,154
train,5,9.12数据/log_7_2026-9-12-05-49-02.ulg,ALL,vx,0.981679389312977,655
train,5,9.12数据/log_7_2026-9-12-05-49-02.ulg,ALL,vy,0.9862595419847329,655
train,5,9.12数据/log_7_2026-9-12-05-49-02.ulg,ALL,vz,0.9893129770992366,655
train,5,9.12数据/log_7_2026-9-12-05-49-02.ulg,ALL,p,0.9877862595419847,655
train,5,9.12数据/log_7_2026-9-12-05-49-02.ulg,ALL,q,0.9877862595419847,655
train,5,9.12数据/log_7_2026-9-12-05-49-02.ulg,ALL,r,0.9923664122137404,655
train,5,9.12数据/log_7_2026-9-12-05-49-02.ulg,high_change,vx,0.948905109489051,137
train,5,9.12数据/log_7_2026-9-12-05-49-02.ulg,high_change,vy,0.9708029197080292,137
train,5,9.12数据/log_7_2026-9-12-05-49-02.ulg,high_change,vz,0.9708029197080292,137
train,5,9.12数据/log_7_2026-9-12-05-49-02.ulg,high_change,p,0.9927007299270073,137
train,5,9.12数据/log_7_2026-9-12-05-49-02.ulg,high_change,q,0.9635036496350365,137
train,5,9.12数据/log_7_2026-9-12-05-49-02.ulg,high_change,r,0.9854014598540146,137
train,5,9.12数据/log_8_2026-9-12-05-55-30.ulg,ALL,vx,0.9852760736196319,815
train,5,9.12数据/log_8_2026-9-12-05-55-30.ulg,ALL,vy,0.9889570552147239,815
train,5,9.12数据/log_8_2026-9-12-05-55-30.ulg,ALL,vz,0.9840490797546012,815
train,5,9.12数据/log_8_2026-9-12-05-55-30.ulg,ALL,p,0.9791411042944785,815
train,5,9.12数据/log_8_2026-9-12-05-55-30.ulg,ALL,q,0.9877300613496932,815
train,5,9.12数据/log_8_2026-9-12-05-55-30.ulg,ALL,r,0.9938650306748467,815
train,5,9.12数据/log_8_2026-9-12-05-55-30.ulg,high_change,vx,0.9581151832460733,191
train,5,9.12数据/log_8_2026-9-12-05-55-30.ulg,high_change,vy,0.9685863874345549,191
train,5,9.12数据/log_8_2026-9-12-05-55-30.ulg,high_change,vz,0.9581151832460733,191
train,5,9.12数据/log_8_2026-9-12-05-55-30.ulg,high_change,p,0.9790575916230366,191
train,5,9.12数据/log_8_2026-9-12-05-55-30.ulg,high_change,q,0.9633507853403142,191
train,5,9.12数据/log_8_2026-9-12-05-55-30.ulg,high_change,r,0.9895287958115183,191
train,5,9.12数据/log_9_2026-9-12-06-03-32.ulg,ALL,vx,0.9626352015732547,1017
train,5,9.12数据/log_9_2026-9-12-06-03-32.ulg,ALL,vy,0.9705014749262537,1017
train,5,9.12数据/log_9_2026-9-12-06-03-32.ulg,ALL,vz,0.9862340216322517,1017
train,5,9.12数据/log_9_2026-9-12-06-03-32.ulg,ALL,p,0.9803343166175025,1017
train,5,9.12数据/log_9_2026-9-12-06-03-32.ulg,ALL,q,0.9901671583087512,1017
train,5,9.12数据/log_9_2026-9-12-06-03-32.ulg,ALL,r,0.9911504424778761,1017
train,5,9.12数据/log_9_2026-9-12-06-03-32.ulg,high_change,vx,0.940677966101695,236
train,5,9.12数据/log_9_2026-9-12-06-03-32.ulg,high_change,vy,0.9491525423728814,236
train,5,9.12数据/log_9_2026-9-12-06-03-32.ulg,high_change,vz,0.9830508474576272,236
train,5,9.12数据/log_9_2026-9-12-06-03-32.ulg,high_change,p,0.9661016949152542,236
train,5,9.12数据/log_9_2026-9-12-06-03-32.ulg,high_change,q,0.9788135593220338,236
train,5,9.12数据/log_9_2026-9-12-06-03-32.ulg,high_change,r,0.9745762711864406,236
train,5,9.13数据/log_1_2026-9-13-06-11-06.ulg,ALL,vx,0.9971910112359551,712
train,5,9.13数据/log_1_2026-9-13-06-11-06.ulg,ALL,vy,0.9985955056179775,712
train,5,9.13数据/log_1_2026-9-13-06-11-06.ulg,ALL,vz,0.9971910112359551,712
train,5,9.13数据/log_1_2026-9-13-06-11-06.ulg,ALL,p,0.9985955056179775,712
train,5,9.13数据/log_1_2026-9-13-06-11-06.ulg,ALL,q,0.9929775280898876,712
train,5,9.13数据/log_1_2026-9-13-06-11-06.ulg,ALL,r,0.9985955056179775,712
train,5,9.13数据/log_1_2026-9-13-06-11-06.ulg,high_change,vx,0.9696969696969697,66
train,5,9.13数据/log_1_2026-9-13-06-11-06.ulg,high_change,vy,0.9848484848484849,66
train,5,9.13数据/log_1_2026-9-13-06-11-06.ulg,high_change,vz,0.9696969696969697,66
train,5,9.13数据/log_1_2026-9-13-06-11-06.ulg,high_change,p,1.0,66
train,5,9.13数据/log_1_2026-9-13-06-11-06.ulg,high_change,q,0.9393939393939394,66
train,5,9.13数据/log_1_2026-9-13-06-11-06.ulg,high_change,r,0.9848484848484849,66
train,5,9.13数据/log_2_2026-9-13-06-20-06.ulg,ALL,vx,0.9985915492957746,710
train,5,9.13数据/log_2_2026-9-13-06-20-06.ulg,ALL,vy,0.9985915492957746,710
train,5,9.13数据/log_2_2026-9-13-06-20-06.ulg,ALL,vz,0.9985915492957746,710
train,5,9.13数据/log_2_2026-9-13-06-20-06.ulg,ALL,p,0.9943661971830986,710
train,5,9.13数据/log_2_2026-9-13-06-20-06.ulg,ALL,q,0.9985915492957746,710
train,5,9.13数据/log_2_2026-9-13-06-20-06.ulg,ALL,r,1.0,710
train,5,9.13数据/log_2_2026-9-13-06-20-06.ulg,high_change,vx,0.9911504424778761,113
train,5,9.13数据/log_2_2026-9-13-06-20-06.ulg,high_change,vy,0.9911504424778761,113
train,5,9.13数据/log_2_2026-9-13-06-20-06.ulg,high_change,vz,0.9911504424778761,113
train,5,9.13数据/log_2_2026-9-13-06-20-06.ulg,high_change,p,0.9823008849557522,113
train,5,9.13数据/log_2_2026-9-13-06-20-06.ulg,high_change,q,1.0,113
train,5,9.13数据/log_2_2026-9-13-06-20-06.ulg,high_change,r,1.0,113
train,5,9.13数据/log_3_2026-9-13-06-31-26.ulg,ALL,vx,0.9929577464788732,710
train,5,9.13数据/log_3_2026-9-13-06-31-26.ulg,ALL,vy,0.995774647887324,710
train,5,9.13数据/log_3_2026-9-13-06-31-26.ulg,ALL,vz,0.9971830985915493,710
train,5,9.13数据/log_3_2026-9-13-06-31-26.ulg,ALL,p,0.9943661971830986,710
train,5,9.13数据/log_3_2026-9-13-06-31-26.ulg,ALL,q,0.9985915492957746,710
train,5,9.13数据/log_3_2026-9-13-06-31-26.ulg,ALL,r,0.9971830985915493,710
train,5,9.13数据/log_3_2026-9-13-06-31-26.ulg,high_change,vx,0.9553571428571429,112
train,5,9.13数据/log_3_2026-9-13-06-31-26.ulg,high_change,vy,0.9732142857142857,112
train,5,9.13数据/log_3_2026-9-13-06-31-26.ulg,high_change,vz,0.9821428571428571,112
train,5,9.13数据/log_3_2026-9-13-06-31-26.ulg,high_change,p,1.0,112
train,5,9.13数据/log_3_2026-9-13-06-31-26.ulg,high_change,q,1.0,112
train,5,9.13数据/log_3_2026-9-13-06-31-26.ulg,high_change,r,0.9821428571428571,112
train,5,9.13数据/log_4_2026-9-13-06-36-26.ulg,ALL,vx,0.9956896551724138,696
train,5,9.13数据/log_4_2026-9-13-06-36-26.ulg,ALL,vy,0.9942528735632183,696
train,5,9.13数据/log_4_2026-9-13-06-36-26.ulg,ALL,vz,0.992816091954023,696
train,5,9.13数据/log_4_2026-9-13-06-36-26.ulg,ALL,p,0.9971264367816092,696
train,5,9.13数据/log_4_2026-9-13-06-36-26.ulg,ALL,q,0.9985632183908046,696
train,5,9.13数据/log_4_2026-9-13-06-36-26.ulg,ALL,r,1.0,696
train,5,9.13数据/log_4_2026-9-13-06-36-26.ulg,high_change,vx,0.978494623655914,93
train,5,9.13数据/log_4_2026-9-13-06-36-26.ulg,high_change,vy,0.956989247311828,93
train,5,9.13数据/log_4_2026-9-13-06-36-26.ulg,high_change,vz,0.967741935483871,93
train,5,9.13数据/log_4_2026-9-13-06-36-26.ulg,high_change,p,0.989247311827957,93
train,5,9.13数据/log_4_2026-9-13-06-36-26.ulg,high_change,q,1.0,93
train,5,9.13数据/log_4_2026-9-13-06-36-26.ulg,high_change,r,1.0,93
train,5,9.13数据/log_5_2026-9-13-06-42-40.ulg,ALL,vx,0.9904109589041096,730
train,5,9.13数据/log_5_2026-9-13-06-42-40.ulg,ALL,vy,0.9972602739726028,730
train,5,9.13数据/log_5_2026-9-13-06-42-40.ulg,ALL,vz,0.9931506849315068,730
train,5,9.13数据/log_5_2026-9-13-06-42-40.ulg,ALL,p,0.9808219178082191,730
train,5,9.13数据/log_5_2026-9-13-06-42-40.ulg,ALL,q,0.9972602739726028,730
train,5,9.13数据/log_5_2026-9-13-06-42-40.ulg,ALL,r,0.9986301369863013,730
train,5,9.13数据/log_5_2026-9-13-06-42-40.ulg,high_change,vx,0.9814814814814815,108
train,5,9.13数据/log_5_2026-9-13-06-42-40.ulg,high_change,vy,0.9814814814814815,108
train,5,9.13数据/log_5_2026-9-13-06-42-40.ulg,high_change,vz,0.9814814814814815,108
train,5,9.13数据/log_5_2026-9-13-06-42-40.ulg,high_change,p,0.9722222222222222,108
train,5,9.13数据/log_5_2026-9-13-06-42-40.ulg,high_change,q,1.0,108
train,5,9.13数据/log_5_2026-9-13-06-42-40.ulg,high_change,r,1.0,108
train,5,9.13数据/log_7_2026-9-13-18-12-52.ulg,ALL,vx,0.9733333333333334,450
train,5,9.13数据/log_7_2026-9-13-18-12-52.ulg,ALL,vy,0.9888888888888889,450
train,5,9.13数据/log_7_2026-9-13-18-12-52.ulg,ALL,vz,0.9711111111111111,450
train,5,9.13数据/log_7_2026-9-13-18-12-52.ulg,ALL,p,0.9644444444444444,450
train,5,9.13数据/log_7_2026-9-13-18-12-52.ulg,ALL,q,0.9866666666666667,450
train,5,9.13数据/log_7_2026-9-13-18-12-52.ulg,ALL,r,0.9911111111111112,450
train,5,9.13数据/log_7_2026-9-13-18-12-52.ulg,high_change,vx,0.9444444444444444,144
train,5,9.13数据/log_7_2026-9-13-18-12-52.ulg,high_change,vy,0.9791666666666666,144
train,5,9.13数据/log_7_2026-9-13-18-12-52.ulg,high_change,vz,0.9583333333333334,144
train,5,9.13数据/log_7_2026-9-13-18-12-52.ulg,high_change,p,0.9652777777777778,144
train,5,9.13数据/log_7_2026-9-13-18-12-52.ulg,high_change,q,0.9652777777777778,144
train,5,9.13数据/log_7_2026-9-13-18-12-52.ulg,high_change,r,0.9861111111111112,144
train,5,9.14数据/log_11_2026-9-14-18-13-22.ulg,ALL,vx,0.9761904761904762,756
train,5,9.14数据/log_11_2026-9-14-18-13-22.ulg,ALL,vy,0.9854497354497355,756
train,5,9.14数据/log_11_2026-9-14-18-13-22.ulg,ALL,vz,0.9920634920634921,756
train,5,9.14数据/log_11_2026-9-14-18-13-22.ulg,ALL,p,0.9603174603174603,756
train,5,9.14数据/log_11_2026-9-14-18-13-22.ulg,ALL,q,0.9801587301587301,756
train,5,9.14数据/log_11_2026-9-14-18-13-22.ulg,ALL,r,0.9947089947089947,756
train,5,9.14数据/log_11_2026-9-14-18-13-22.ulg,high_change,vx,0.9731182795698925,186
train,5,9.14数据/log_11_2026-9-14-18-13-22.ulg,high_change,vy,0.9731182795698925,186
train,5,9.14数据/log_11_2026-9-14-18-13-22.ulg,high_change,vz,0.989247311827957,186
train,5,9.14数据/log_11_2026-9-14-18-13-22.ulg,high_change,p,0.9623655913978495,186
train,5,9.14数据/log_11_2026-9-14-18-13-22.ulg,high_change,q,0.9838709677419355,186
train,5,9.14数据/log_11_2026-9-14-18-13-22.ulg,high_change,r,0.989247311827957,186
train,5,9.14数据/log_12_2026-9-14-18-20-30.ulg,ALL,vx,0.9856770833333334,768
train,5,9.14数据/log_12_2026-9-14-18-20-30.ulg,ALL,vy,0.9908854166666666,768
train,5,9.14数据/log_12_2026-9-14-18-20-30.ulg,ALL,vz,0.96875,768
train,5,9.14数据/log_12_2026-9-14-18-20-30.ulg,ALL,p,0.97265625,768
train,5,9.14数据/log_12_2026-9-14-18-20-30.ulg,ALL,q,0.98828125,768
train,5,9.14数据/log_12_2026-9-14-18-20-30.ulg,ALL,r,0.9921875,768
train,5,9.14数据/log_12_2026-9-14-18-20-30.ulg,high_change,vx,0.9754901960784313,204
train,5,9.14数据/log_12_2026-9-14-18-20-30.ulg,high_change,vy,0.9803921568627451,204
train,5,9.14数据/log_12_2026-9-14-18-20-30.ulg,high_change,vz,0.9509803921568627,204
train,5,9.14数据/log_12_2026-9-14-18-20-30.ulg,high_change,p,0.9656862745098039,204
train,5,9.14数据/log_12_2026-9-14-18-20-30.ulg,high_change,q,0.9803921568627451,204
train,5,9.14数据/log_12_2026-9-14-18-20-30.ulg,high_change,r,0.9950980392156863,204
train,5,9.14数据/log_13_2026-9-14-18-28-32.ulg,ALL,vx,0.9852774631936579,883
train,5,9.14数据/log_13_2026-9-14-18-28-32.ulg,ALL,vy,0.9796149490373726,883
train,5,9.14数据/log_13_2026-9-14-18-28-32.ulg,ALL,vz,0.9762174405436014,883
train,5,9.14数据/log_13_2026-9-14-18-28-32.ulg,ALL,p,0.9762174405436014,883
train,5,9.14数据/log_13_2026-9-14-18-28-32.ulg,ALL,q,0.9852774631936579,883
train,5,9.14数据/log_13_2026-9-14-18-28-32.ulg,ALL,r,0.9954699886749717,883
train,5,9.14数据/log_13_2026-9-14-18-28-32.ulg,high_change,vx,0.967741935483871,186
train,5,9.14数据/log_13_2026-9-14-18-28-32.ulg,high_change,vy,0.9623655913978495,186
train,5,9.14数据/log_13_2026-9-14-18-28-32.ulg,high_change,vz,0.9623655913978495,186
train,5,9.14数据/log_13_2026-9-14-18-28-32.ulg,high_change,p,0.9623655913978495,186
train,5,9.14数据/log_13_2026-9-14-18-28-32.ulg,high_change,q,0.989247311827957,186
train,5,9.14数据/log_13_2026-9-14-18-28-32.ulg,high_change,r,0.989247311827957,186
train,5,9.14数据/log_14_2026-9-14-18-34-22.ulg,ALL,vx,0.9716666666666667,600
train,5,9.14数据/log_14_2026-9-14-18-34-22.ulg,ALL,vy,0.975,600
train,5,9.14数据/log_14_2026-9-14-18-34-22.ulg,ALL,vz,0.9833333333333333,600
train,5,9.14数据/log_14_2026-9-14-18-34-22.ulg,ALL,p,0.95,600
train,5,9.14数据/log_14_2026-9-14-18-34-22.ulg,ALL,q,0.975,600
train,5,9.14数据/log_14_2026-9-14-18-34-22.ulg,ALL,r,0.9783333333333334,600
train,5,9.14数据/log_14_2026-9-14-18-34-22.ulg,high_change,vx,0.8709677419354839,93
train,5,9.14数据/log_14_2026-9-14-18-34-22.ulg,high_change,vy,0.8924731182795699,93
train,5,9.14数据/log_14_2026-9-14-18-34-22.ulg,high_change,vz,0.9247311827956989,93
train,5,9.14数据/log_14_2026-9-14-18-34-22.ulg,high_change,p,0.8817204301075269,93
train,5,9.14数据/log_14_2026-9-14-18-34-22.ulg,high_change,q,0.8817204301075269,93
train,5,9.14数据/log_14_2026-9-14-18-34-22.ulg,high_change,r,0.8709677419354839,93
train,5,9.15数据/log_10_2026-9-15-17-44-04.ulg,ALL,vx,0.9781144781144782,594
train,5,9.15数据/log_10_2026-9-15-17-44-04.ulg,ALL,vy,0.9730639730639731,594
train,5,9.15数据/log_10_2026-9-15-17-44-04.ulg,ALL,vz,0.9747474747474747,594
train,5,9.15数据/log_10_2026-9-15-17-44-04.ulg,ALL,p,0.9983164983164983,594
train,5,9.15数据/log_10_2026-9-15-17-44-04.ulg,ALL,q,0.9814814814814815,594
train,5,9.15数据/log_10_2026-9-15-17-44-04.ulg,ALL,r,0.9865319865319865,594
train,5,9.15数据/log_10_2026-9-15-17-44-04.ulg,high_change,vx,0.9613733905579399,233
train,5,9.15数据/log_10_2026-9-15-17-44-04.ulg,high_change,vy,0.9656652360515021,233
train,5,9.15数据/log_10_2026-9-15-17-44-04.ulg,high_change,vz,0.9613733905579399,233
train,5,9.15数据/log_10_2026-9-15-17-44-04.ulg,high_change,p,0.9957081545064378,233
train,5,9.15数据/log_10_2026-9-15-17-44-04.ulg,high_change,q,0.9613733905579399,233
train,5,9.15数据/log_10_2026-9-15-17-44-04.ulg,high_change,r,0.9742489270386266,233
train,5,9.15数据/log_11_2026-9-15-17-51-56.ulg,ALL,vx,0.9646840148698885,538
train,5,9.15数据/log_11_2026-9-15-17-51-56.ulg,ALL,vy,0.9646840148698885,538
train,5,9.15数据/log_11_2026-9-15-17-51-56.ulg,ALL,vz,0.9628252788104089,538
train,5,9.15数据/log_11_2026-9-15-17-51-56.ulg,ALL,p,0.9981412639405205,538
train,5,9.15数据/log_11_2026-9-15-17-51-56.ulg,ALL,q,0.983271375464684,538
train,5,9.15数据/log_11_2026-9-15-17-51-56.ulg,ALL,r,0.983271375464684,538
train,5,9.15数据/log_11_2026-9-15-17-51-56.ulg,high_change,vx,0.9382022471910112,178
train,5,9.15数据/log_11_2026-9-15-17-51-56.ulg,high_change,vy,0.9213483146067416,178
train,5,9.15数据/log_11_2026-9-15-17-51-56.ulg,high_change,vz,0.9382022471910112,178
train,5,9.15数据/log_11_2026-9-15-17-51-56.ulg,high_change,p,0.9943820224719101,178
train,5,9.15数据/log_11_2026-9-15-17-51-56.ulg,high_change,q,0.9719101123595506,178
train,5,9.15数据/log_11_2026-9-15-17-51-56.ulg,high_change,r,0.9662921348314607,178
train,5,9.15数据/log_12_2026-9-15-18-03-58.ulg,ALL,vx,0.9801136363636364,704
train,5,9.15数据/log_12_2026-9-15-18-03-58.ulg,ALL,vy,0.9872159090909091,704
train,5,9.15数据/log_12_2026-9-15-18-03-58.ulg,ALL,vz,0.9872159090909091,704
train,5,9.15数据/log_12_2026-9-15-18-03-58.ulg,ALL,p,0.9971590909090909,704
train,5,9.15数据/log_12_2026-9-15-18-03-58.ulg,ALL,q,0.9914772727272727,704
train,5,9.15数据/log_12_2026-9-15-18-03-58.ulg,ALL,r,0.9943181818181818,704
train,5,9.15数据/log_12_2026-9-15-18-03-58.ulg,high_change,vx,0.9386503067484663,163
train,5,9.15数据/log_12_2026-9-15-18-03-58.ulg,high_change,vy,0.9631901840490797,163
train,5,9.15数据/log_12_2026-9-15-18-03-58.ulg,high_change,vz,0.9815950920245399,163
train,5,9.15数据/log_12_2026-9-15-18-03-58.ulg,high_change,p,0.9877300613496932,163
train,5,9.15数据/log_12_2026-9-15-18-03-58.ulg,high_change,q,0.9815950920245399,163
train,5,9.15数据/log_12_2026-9-15-18-03-58.ulg,high_change,r,0.9754601226993865,163
train,5,9.15数据/log_13_2026-9-15-18-10-58.ulg,ALL,vx,0.9956521739130435,690
train,5,9.15数据/log_13_2026-9-15-18-10-58.ulg,ALL,vy,0.9971014492753624,690
train,5,9.15数据/log_13_2026-9-15-18-10-58.ulg,ALL,vz,0.9898550724637681,690
train,5,9.15数据/log_13_2026-9-15-18-10-58.ulg,ALL,p,1.0,690
train,5,9.15数据/log_13_2026-9-15-18-10-58.ulg,ALL,q,0.9942028985507246,690
train,5,9.15数据/log_13_2026-9-15-18-10-58.ulg,ALL,r,0.9942028985507246,690
train,5,9.15数据/log_13_2026-9-15-18-10-58.ulg,high_change,vx,0.9811320754716981,106
train,5,9.15数据/log_13_2026-9-15-18-10-58.ulg,high_change,vy,0.9811320754716981,106
train,5,9.15数据/log_13_2026-9-15-18-10-58.ulg,high_change,vz,0.9528301886792453,106
train,5,9.15数据/log_13_2026-9-15-18-10-58.ulg,high_change,p,1.0,106
train,5,9.15数据/log_13_2026-9-15-18-10-58.ulg,high_change,q,0.9716981132075472,106
train,5,9.15数据/log_13_2026-9-15-18-10-58.ulg,high_change,r,0.9811320754716981,106
train,5,9.15数据/log_14_2026-9-15-18-17-26.ulg,ALL,vx,0.983941605839416,685
train,5,9.15数据/log_14_2026-9-15-18-17-26.ulg,ALL,vy,0.9883211678832117,685
train,5,9.15数据/log_14_2026-9-15-18-17-26.ulg,ALL,vz,0.9883211678832117,685
train,5,9.15数据/log_14_2026-9-15-18-17-26.ulg,ALL,p,0.9985401459854014,685
train,5,9.15数据/log_14_2026-9-15-18-17-26.ulg,ALL,q,0.9912408759124087,685
train,5,9.15数据/log_14_2026-9-15-18-17-26.ulg,ALL,r,0.9912408759124087,685
train,5,9.15数据/log_14_2026-9-15-18-17-26.ulg,high_change,vx,0.9572192513368984,187
train,5,9.15数据/log_14_2026-9-15-18-17-26.ulg,high_change,vy,0.9679144385026738,187
train,5,9.15数据/log_14_2026-9-15-18-17-26.ulg,high_change,vz,0.9786096256684492,187
train,5,9.15数据/log_14_2026-9-15-18-17-26.ulg,high_change,p,0.9946524064171123,187
train,5,9.15数据/log_14_2026-9-15-18-17-26.ulg,high_change,q,0.9786096256684492,187
train,5,9.15数据/log_14_2026-9-15-18-17-26.ulg,high_change,r,0.9732620320855615,187
train,5,9.15数据/log_15_2026-9-15-18-23-44.ulg,ALL,vx,0.9914529914529915,702
train,5,9.15数据/log_15_2026-9-15-18-23-44.ulg,ALL,vy,0.9814814814814815,702
train,5,9.15数据/log_15_2026-9-15-18-23-44.ulg,ALL,vz,0.9914529914529915,702
train,5,9.15数据/log_15_2026-9-15-18-23-44.ulg,ALL,p,1.0,702
train,5,9.15数据/log_15_2026-9-15-18-23-44.ulg,ALL,q,0.9971509971509972,702
train,5,9.15数据/log_15_2026-9-15-18-23-44.ulg,ALL,r,0.9957264957264957,702
train,5,9.15数据/log_15_2026-9-15-18-23-44.ulg,high_change,vx,0.9786096256684492,187
train,5,9.15数据/log_15_2026-9-15-18-23-44.ulg,high_change,vy,0.9572192513368984,187
train,5,9.15数据/log_15_2026-9-15-18-23-44.ulg,high_change,vz,0.983957219251337,187
train,5,9.15数据/log_15_2026-9-15-18-23-44.ulg,high_change,p,1.0,187
train,5,9.15数据/log_15_2026-9-15-18-23-44.ulg,high_change,q,1.0,187
train,5,9.15数据/log_15_2026-9-15-18-23-44.ulg,high_change,r,0.983957219251337,187
train,5,9.16数据/log_1_2026-9-16-18-02-34.ulg,ALL,vx,0.9930555555555556,576
train,5,9.16数据/log_1_2026-9-16-18-02-34.ulg,ALL,vy,0.984375,576
train,5,9.16数据/log_1_2026-9-16-18-02-34.ulg,ALL,vz,0.9913194444444444,576
train,5,9.16数据/log_1_2026-9-16-18-02-34.ulg,ALL,p,1.0,576
train,5,9.16数据/log_1_2026-9-16-18-02-34.ulg,ALL,q,0.9930555555555556,576
train,5,9.16数据/log_1_2026-9-16-18-02-34.ulg,ALL,r,0.9965277777777778,576
train,5,9.16数据/log_1_2026-9-16-18-02-34.ulg,high_change,vx,0.9791666666666666,144
train,5,9.16数据/log_1_2026-9-16-18-02-34.ulg,high_change,vy,0.9444444444444444,144
train,5,9.16数据/log_1_2026-9-16-18-02-34.ulg,high_change,vz,0.9722222222222222,144
train,5,9.16数据/log_1_2026-9-16-18-02-34.ulg,high_change,p,1.0,144
train,5,9.16数据/log_1_2026-9-16-18-02-34.ulg,high_change,q,0.9791666666666666,144
train,5,9.16数据/log_1_2026-9-16-18-02-34.ulg,high_change,r,0.9930555555555556,144
train,5,9.16数据/log_2_2026-9-16-18-08-46.ulg,ALL,vx,0.984081041968162,691
train,5,9.16数据/log_2_2026-9-16-18-08-46.ulg,ALL,vy,0.9942112879884226,691
train,5,9.16数据/log_2_2026-9-16-18-08-46.ulg,ALL,vz,0.9927641099855282,691
train,5,9.16数据/log_2_2026-9-16-18-08-46.ulg,ALL,p,1.0,691
train,5,9.16数据/log_2_2026-9-16-18-08-46.ulg,ALL,q,0.9927641099855282,691
train,5,9.16数据/log_2_2026-9-16-18-08-46.ulg,ALL,r,0.9869753979739508,691
train,5,9.16数据/log_2_2026-9-16-18-08-46.ulg,high_change,vx,0.9583333333333334,168
train,5,9.16数据/log_2_2026-9-16-18-08-46.ulg,high_change,vy,0.9761904761904762,168
train,5,9.16数据/log_2_2026-9-16-18-08-46.ulg,high_change,vz,0.9821428571428571,168
train,5,9.16数据/log_2_2026-9-16-18-08-46.ulg,high_change,p,1.0,168
train,5,9.16数据/log_2_2026-9-16-18-08-46.ulg,high_change,q,0.9821428571428571,168
train,5,9.16数据/log_2_2026-9-16-18-08-46.ulg,high_change,r,0.9642857142857143,168
train,5,9.16数据/log_3_2026-9-16-18-13-58.ulg,ALL,vx,0.9942418426103646,521
train,5,9.16数据/log_3_2026-9-16-18-13-58.ulg,ALL,vy,0.9942418426103646,521
train,5,9.16数据/log_3_2026-9-16-18-13-58.ulg,ALL,vz,0.9961612284069098,521
train,5,9.16数据/log_3_2026-9-16-18-13-58.ulg,ALL,p,0.9980806142034548,521
train,5,9.16数据/log_3_2026-9-16-18-13-58.ulg,ALL,q,0.9904030710172744,521
train,5,9.16数据/log_3_2026-9-16-18-13-58.ulg,ALL,r,0.9961612284069098,521
train,5,9.16数据/log_3_2026-9-16-18-13-58.ulg,high_change,vx,0.9774436090225563,133
train,5,9.16数据/log_3_2026-9-16-18-13-58.ulg,high_change,vy,0.9849624060150376,133
train,5,9.16数据/log_3_2026-9-16-18-13-58.ulg,high_change,vz,0.9924812030075187,133
train,5,9.16数据/log_3_2026-9-16-18-13-58.ulg,high_change,p,1.0,133
train,5,9.16数据/log_3_2026-9-16-18-13-58.ulg,high_change,q,0.9699248120300752,133
train,5,9.16数据/log_3_2026-9-16-18-13-58.ulg,high_change,r,0.9849624060150376,133
train,5,9.16数据/log_4_2026-9-16-18-20-50.ulg,ALL,vx,0.9898403483309144,689
train,5,9.16数据/log_4_2026-9-16-18-20-50.ulg,ALL,vy,0.9956458635703919,689
train,5,9.16数据/log_4_2026-9-16-18-20-50.ulg,ALL,vz,0.9912917271407837,689
train,5,9.16数据/log_4_2026-9-16-18-20-50.ulg,ALL,p,0.9970972423802612,689
train,5,9.16数据/log_4_2026-9-16-18-20-50.ulg,ALL,q,0.9912917271407837,689
train,5,9.16数据/log_4_2026-9-16-18-20-50.ulg,ALL,r,0.9854862119013063,689
train,5,9.16数据/log_4_2026-9-16-18-20-50.ulg,high_change,vx,0.9696969696969697,165
train,5,9.16数据/log_4_2026-9-16-18-20-50.ulg,high_change,vy,0.9939393939393939,165
train,5,9.16数据/log_4_2026-9-16-18-20-50.ulg,high_change,vz,0.9757575757575757,165
train,5,9.16数据/log_4_2026-9-16-18-20-50.ulg,high_change,p,0.9878787878787879,165
train,5,9.16数据/log_4_2026-9-16-18-20-50.ulg,high_change,q,0.9757575757575757,165
train,5,9.16数据/log_4_2026-9-16-18-20-50.ulg,high_change,r,0.9575757575757575,165
train,5,9.16数据/log_5_2026-9-16-18-26-48.ulg,ALL,vx,0.9908814589665653,658
train,5,9.16数据/log_5_2026-9-16-18-26-48.ulg,ALL,vy,0.993920972644377,658
train,5,9.16数据/log_5_2026-9-16-18-26-48.ulg,ALL,vz,0.9924012158054711,658
train,5,9.16数据/log_5_2026-9-16-18-26-48.ulg,ALL,p,0.9832826747720365,658
train,5,9.16数据/log_5_2026-9-16-18-26-48.ulg,ALL,q,0.9954407294832827,658
train,5,9.16数据/log_5_2026-9-16-18-26-48.ulg,ALL,r,0.9924012158054711,658
train,5,9.16数据/log_5_2026-9-16-18-26-48.ulg,high_change,vx,0.963963963963964,111
train,5,9.16数据/log_5_2026-9-16-18-26-48.ulg,high_change,vy,0.972972972972973,111
train,5,9.16数据/log_5_2026-9-16-18-26-48.ulg,high_change,vz,0.972972972972973,111
train,5,9.16数据/log_5_2026-9-16-18-26-48.ulg,high_change,p,0.9819819819819819,111
train,5,9.16数据/log_5_2026-9-16-18-26-48.ulg,high_change,q,0.9819819819819819,111
train,5,9.16数据/log_5_2026-9-16-18-26-48.ulg,high_change,r,0.972972972972973,111
train,5,9.18数据/log_0_2026-9-18-18-15-06.ulg,ALL,vx,0.9636118598382749,742
train,5,9.18数据/log_0_2026-9-18-18-15-06.ulg,ALL,vy,0.9622641509433962,742
train,5,9.18数据/log_0_2026-9-18-18-15-06.ulg,ALL,vz,0.9487870619946092,742
train,5,9.18数据/log_0_2026-9-18-18-15-06.ulg,ALL,p,0.9932614555256065,742
train,5,9.18数据/log_0_2026-9-18-18-15-06.ulg,ALL,q,0.9690026954177897,742
train,5,9.18数据/log_0_2026-9-18-18-15-06.ulg,ALL,r,0.9811320754716981,742
train,5,9.18数据/log_0_2026-9-18-18-15-06.ulg,high_change,vx,0.9586466165413534,266
train,5,9.18数据/log_0_2026-9-18-18-15-06.ulg,high_change,vy,0.9511278195488722,266
train,5,9.18数据/log_0_2026-9-18-18-15-06.ulg,high_change,vz,0.9210526315789473,266
train,5,9.18数据/log_0_2026-9-18-18-15-06.ulg,high_change,p,0.9849624060150376,266
train,5,9.18数据/log_0_2026-9-18-18-15-06.ulg,high_change,q,0.9586466165413534,266
train,5,9.18数据/log_0_2026-9-18-18-15-06.ulg,high_change,r,0.9661654135338346,266
train,5,9.18数据/log_1_2026-9-18-18-23-36.ulg,ALL,vx,0.950937950937951,693
train,5,9.18数据/log_1_2026-9-18-18-23-36.ulg,ALL,vy,0.9494949494949495,693
train,5,9.18数据/log_1_2026-9-18-18-23-36.ulg,ALL,vz,0.9653679653679653,693
train,5,9.18数据/log_1_2026-9-18-18-23-36.ulg,ALL,p,0.9797979797979798,693
train,5,9.18数据/log_1_2026-9-18-18-23-36.ulg,ALL,q,0.963924963924964,693
train,5,9.18数据/log_1_2026-9-18-18-23-36.ulg,ALL,r,0.9494949494949495,693
train,5,9.18数据/log_1_2026-9-18-18-23-36.ulg,high_change,vx,0.9557522123893806,339
train,5,9.18数据/log_1_2026-9-18-18-23-36.ulg,high_change,vy,0.9321533923303835,339
train,5,9.18数据/log_1_2026-9-18-18-23-36.ulg,high_change,vz,0.9616519174041298,339
train,5,9.18数据/log_1_2026-9-18-18-23-36.ulg,high_change,p,0.9705014749262537,339
train,5,9.18数据/log_1_2026-9-18-18-23-36.ulg,high_change,q,0.9498525073746312,339
train,5,9.18数据/log_1_2026-9-18-18-23-36.ulg,high_change,r,0.9380530973451328,339
train,5,9.18数据/log_2_2026-9-18-18-29-40.ulg,ALL,vx,0.954177897574124,742
train,5,9.18数据/log_2_2026-9-18-18-29-40.ulg,ALL,vy,0.9568733153638814,742
train,5,9.18数据/log_2_2026-9-18-18-29-40.ulg,ALL,vz,0.9703504043126685,742
train,5,9.18数据/log_2_2026-9-18-18-29-40.ulg,ALL,p,0.9878706199460916,742
train,5,9.18数据/log_2_2026-9-18-18-29-40.ulg,ALL,q,0.9636118598382749,742
train,5,9.18数据/log_2_2026-9-18-18-29-40.ulg,ALL,r,0.9663072776280324,742
train,5,9.18数据/log_2_2026-9-18-18-29-40.ulg,high_change,vx,0.917910447761194,268
train,5,9.18数据/log_2_2026-9-18-18-29-40.ulg,high_change,vy,0.9328358208955224,268
train,5,9.18数据/log_2_2026-9-18-18-29-40.ulg,high_change,vz,0.9664179104477612,268
train,5,9.18数据/log_2_2026-9-18-18-29-40.ulg,high_change,p,0.9813432835820896,268
train,5,9.18数据/log_2_2026-9-18-18-29-40.ulg,high_change,q,0.9440298507462687,268
train,5,9.18数据/log_2_2026-9-18-18-29-40.ulg,high_change,r,0.9514925373134329,268
validation,5,2026.9.7/log_21_2026-9-7-05-54-56.ulg,ALL,vx,1.0,168
validation,5,2026.9.7/log_21_2026-9-7-05-54-56.ulg,ALL,vy,1.0,168
validation,5,2026.9.7/log_21_2026-9-7-05-54-56.ulg,ALL,vz,0.9880952380952381,168
validation,5,2026.9.7/log_21_2026-9-7-05-54-56.ulg,ALL,p,0.9583333333333334,168
validation,5,2026.9.7/log_21_2026-9-7-05-54-56.ulg,ALL,q,0.9821428571428571,168
validation,5,2026.9.7/log_21_2026-9-7-05-54-56.ulg,ALL,r,0.9761904761904762,168
validation,5,2026.9.7/log_21_2026-9-7-05-54-56.ulg,high_change,vx,1.0,24
validation,5,2026.9.7/log_21_2026-9-7-05-54-56.ulg,high_change,vy,1.0,24
validation,5,2026.9.7/log_21_2026-9-7-05-54-56.ulg,high_change,vz,0.9166666666666666,24
validation,5,2026.9.7/log_21_2026-9-7-05-54-56.ulg,high_change,p,0.9583333333333334,24
validation,5,2026.9.7/log_21_2026-9-7-05-54-56.ulg,high_change,q,0.875,24
validation,5,2026.9.7/log_21_2026-9-7-05-54-56.ulg,high_change,r,1.0,24
validation,5,2026.9.7/log_22_2026-9-7-06-01-40.ulg,ALL,vx,0.989010989010989,182
validation,5,2026.9.7/log_22_2026-9-7-06-01-40.ulg,ALL,vy,1.0,182
validation,5,2026.9.7/log_22_2026-9-7-06-01-40.ulg,ALL,vz,0.989010989010989,182
validation,5,2026.9.7/log_22_2026-9-7-06-01-40.ulg,ALL,p,0.945054945054945,182
validation,5,2026.9.7/log_22_2026-9-7-06-01-40.ulg,ALL,q,0.978021978021978,182
validation,5,2026.9.7/log_22_2026-9-7-06-01-40.ulg,ALL,r,1.0,182
validation,5,2026.9.7/log_22_2026-9-7-06-01-40.ulg,high_change,vx,1.0,30
validation,5,2026.9.7/log_22_2026-9-7-06-01-40.ulg,high_change,vy,1.0,30
validation,5,2026.9.7/log_22_2026-9-7-06-01-40.ulg,high_change,vz,1.0,30
validation,5,2026.9.7/log_22_2026-9-7-06-01-40.ulg,high_change,p,0.9666666666666667,30
validation,5,2026.9.7/log_22_2026-9-7-06-01-40.ulg,high_change,q,1.0,30
validation,5,2026.9.7/log_22_2026-9-7-06-01-40.ulg,high_change,r,1.0,30
validation,5,2026.9.7/log_23_2026-9-7-06-09-22.ulg,ALL,vx,0.98125,160
validation,5,2026.9.7/log_23_2026-9-7-06-09-22.ulg,ALL,vy,0.9875,160
validation,5,2026.9.7/log_23_2026-9-7-06-09-22.ulg,ALL,vz,0.9875,160
validation,5,2026.9.7/log_23_2026-9-7-06-09-22.ulg,ALL,p,0.975,160
validation,5,2026.9.7/log_23_2026-9-7-06-09-22.ulg,ALL,q,0.975,160
validation,5,2026.9.7/log_23_2026-9-7-06-09-22.ulg,ALL,r,0.9625,160
validation,5,2026.9.7/log_23_2026-9-7-06-09-22.ulg,high_change,vx,0.9333333333333333,30
validation,5,2026.9.7/log_23_2026-9-7-06-09-22.ulg,high_change,vy,0.9333333333333333,30
validation,5,2026.9.7/log_23_2026-9-7-06-09-22.ulg,high_change,vz,0.9333333333333333,30
validation,5,2026.9.7/log_23_2026-9-7-06-09-22.ulg,high_change,p,0.9666666666666667,30
validation,5,2026.9.7/log_23_2026-9-7-06-09-22.ulg,high_change,q,0.9333333333333333,30
validation,5,2026.9.7/log_23_2026-9-7-06-09-22.ulg,high_change,r,0.8666666666666667,30
validation,5,2026.9.7/log_24_2026-9-7-06-16-04.ulg,ALL,vx,0.9813664596273292,161
validation,5,2026.9.7/log_24_2026-9-7-06-16-04.ulg,ALL,vy,0.9813664596273292,161
validation,5,2026.9.7/log_24_2026-9-7-06-16-04.ulg,ALL,vz,0.9937888198757764,161
validation,5,2026.9.7/log_24_2026-9-7-06-16-04.ulg,ALL,p,0.9440993788819876,161
validation,5,2026.9.7/log_24_2026-9-7-06-16-04.ulg,ALL,q,0.9875776397515528,161
validation,5,2026.9.7/log_24_2026-9-7-06-16-04.ulg,ALL,r,0.9875776397515528,161
validation,5,2026.9.7/log_24_2026-9-7-06-16-04.ulg,high_change,vx,0.9473684210526315,19
validation,5,2026.9.7/log_24_2026-9-7-06-16-04.ulg,high_change,vy,0.9473684210526315,19
validation,5,2026.9.7/log_24_2026-9-7-06-16-04.ulg,high_change,vz,0.9473684210526315,19
validation,5,2026.9.7/log_24_2026-9-7-06-16-04.ulg,high_change,p,0.9473684210526315,19
validation,5,2026.9.7/log_24_2026-9-7-06-16-04.ulg,high_change,q,1.0,19
validation,5,2026.9.7/log_24_2026-9-7-06-16-04.ulg,high_change,r,1.0,19
validation,5,2026.9.7/log_26_2026-9-7-06-30-26.ulg,ALL,vx,0.9866666666666667,150
validation,5,2026.9.7/log_26_2026-9-7-06-30-26.ulg,ALL,vy,0.9866666666666667,150
validation,5,2026.9.7/log_26_2026-9-7-06-30-26.ulg,ALL,vz,0.9933333333333333,150
validation,5,2026.9.7/log_26_2026-9-7-06-30-26.ulg,ALL,p,0.9666666666666667,150
validation,5,2026.9.7/log_26_2026-9-7-06-30-26.ulg,ALL,q,0.9733333333333334,150
validation,5,2026.9.7/log_26_2026-9-7-06-30-26.ulg,ALL,r,0.9733333333333334,150
validation,5,2026.9.7/log_26_2026-9-7-06-30-26.ulg,high_change,vx,0.9375,16
validation,5,2026.9.7/log_26_2026-9-7-06-30-26.ulg,high_change,vy,0.875,16
validation,5,2026.9.7/log_26_2026-9-7-06-30-26.ulg,high_change,vz,0.9375,16
validation,5,2026.9.7/log_26_2026-9-7-06-30-26.ulg,high_change,p,1.0,16
validation,5,2026.9.7/log_26_2026-9-7-06-30-26.ulg,high_change,q,0.875,16
validation,5,2026.9.7/log_26_2026-9-7-06-30-26.ulg,high_change,r,0.875,16
validation,5,2026.9.7/log_27_2026-9-7-06-37-24.ulg,ALL,vx,0.9935483870967742,155
validation,5,2026.9.7/log_27_2026-9-7-06-37-24.ulg,ALL,vy,1.0,155
validation,5,2026.9.7/log_27_2026-9-7-06-37-24.ulg,ALL,vz,1.0,155
validation,5,2026.9.7/log_27_2026-9-7-06-37-24.ulg,ALL,p,0.9419354838709677,155
validation,5,2026.9.7/log_27_2026-9-7-06-37-24.ulg,ALL,q,0.9935483870967742,155
validation,5,2026.9.7/log_27_2026-9-7-06-37-24.ulg,ALL,r,1.0,155
validation,5,2026.9.7/log_27_2026-9-7-06-37-24.ulg,high_change,vx,1.0,18
validation,5,2026.9.7/log_27_2026-9-7-06-37-24.ulg,high_change,vy,1.0,18
validation,5,2026.9.7/log_27_2026-9-7-06-37-24.ulg,high_change,vz,1.0,18
validation,5,2026.9.7/log_27_2026-9-7-06-37-24.ulg,high_change,p,0.9444444444444444,18
validation,5,2026.9.7/log_27_2026-9-7-06-37-24.ulg,high_change,q,1.0,18
validation,5,2026.9.7/log_27_2026-9-7-06-37-24.ulg,high_change,r,1.0,18
validation,5,2026.9.7/log_28_2026-9-7-06-44-02.ulg,ALL,vx,0.9857142857142858,140
validation,5,2026.9.7/log_28_2026-9-7-06-44-02.ulg,ALL,vy,0.9928571428571429,140
validation,5,2026.9.7/log_28_2026-9-7-06-44-02.ulg,ALL,vz,1.0,140
validation,5,2026.9.7/log_28_2026-9-7-06-44-02.ulg,ALL,p,0.9714285714285714,140
validation,5,2026.9.7/log_28_2026-9-7-06-44-02.ulg,ALL,q,0.9928571428571429,140
validation,5,2026.9.7/log_28_2026-9-7-06-44-02.ulg,ALL,r,0.9928571428571429,140
validation,5,2026.9.7/log_28_2026-9-7-06-44-02.ulg,high_change,vx,1.0,18
validation,5,2026.9.7/log_28_2026-9-7-06-44-02.ulg,high_change,vy,0.9444444444444444,18
validation,5,2026.9.7/log_28_2026-9-7-06-44-02.ulg,high_change,vz,1.0,18
validation,5,2026.9.7/log_28_2026-9-7-06-44-02.ulg,high_change,p,1.0,18
validation,5,2026.9.7/log_28_2026-9-7-06-44-02.ulg,high_change,q,0.9444444444444444,18
validation,5,2026.9.7/log_28_2026-9-7-06-44-02.ulg,high_change,r,0.9444444444444444,18
validation,5,2026.9.7/log_29_2026-9-7-06-51-04.ulg,ALL,vx,0.9900497512437811,201
validation,5,2026.9.7/log_29_2026-9-7-06-51-04.ulg,ALL,vy,1.0,201
validation,5,2026.9.7/log_29_2026-9-7-06-51-04.ulg,ALL,vz,1.0,201
validation,5,2026.9.7/log_29_2026-9-7-06-51-04.ulg,ALL,p,0.9203980099502488,201
validation,5,2026.9.7/log_29_2026-9-7-06-51-04.ulg,ALL,q,0.9850746268656716,201
validation,5,2026.9.7/log_29_2026-9-7-06-51-04.ulg,ALL,r,1.0,201
validation,5,2026.9.7/log_29_2026-9-7-06-51-04.ulg,high_change,vx,0.9545454545454546,22
validation,5,2026.9.7/log_29_2026-9-7-06-51-04.ulg,high_change,vy,1.0,22
validation,5,2026.9.7/log_29_2026-9-7-06-51-04.ulg,high_change,vz,1.0,22
validation,5,2026.9.7/log_29_2026-9-7-06-51-04.ulg,high_change,p,0.8636363636363636,22
validation,5,2026.9.7/log_29_2026-9-7-06-51-04.ulg,high_change,q,0.9090909090909091,22
validation,5,2026.9.7/log_29_2026-9-7-06-51-04.ulg,high_change,r,1.0,22
validation,5,2026.9.7/log_30_2026-9-7-06-58-22.ulg,ALL,vx,0.975609756097561,164
validation,5,2026.9.7/log_30_2026-9-7-06-58-22.ulg,ALL,vy,0.975609756097561,164
validation,5,2026.9.7/log_30_2026-9-7-06-58-22.ulg,ALL,vz,1.0,164
validation,5,2026.9.7/log_30_2026-9-7-06-58-22.ulg,ALL,p,0.9573170731707317,164
validation,5,2026.9.7/log_30_2026-9-7-06-58-22.ulg,ALL,q,0.9939024390243902,164
validation,5,2026.9.7/log_30_2026-9-7-06-58-22.ulg,ALL,r,1.0,164
validation,5,2026.9.7/log_30_2026-9-7-06-58-22.ulg,high_change,vx,1.0,8
validation,5,2026.9.7/log_30_2026-9-7-06-58-22.ulg,high_change,vy,1.0,8
validation,5,2026.9.7/log_30_2026-9-7-06-58-22.ulg,high_change,vz,1.0,8
validation,5,2026.9.7/log_30_2026-9-7-06-58-22.ulg,high_change,p,0.875,8
validation,5,2026.9.7/log_30_2026-9-7-06-58-22.ulg,high_change,q,1.0,8
validation,5,2026.9.7/log_30_2026-9-7-06-58-22.ulg,high_change,r,1.0,8
validation,5,9.17数据/log_10_2026-9-17-06-34-34.ulg,ALL,vx,0.9846153846153847,130
validation,5,9.17数据/log_10_2026-9-17-06-34-34.ulg,ALL,vy,0.9846153846153847,130
validation,5,9.17数据/log_10_2026-9-17-06-34-34.ulg,ALL,vz,0.9846153846153847,130
validation,5,9.17数据/log_10_2026-9-17-06-34-34.ulg,ALL,p,0.9615384615384616,130
validation,5,9.17数据/log_10_2026-9-17-06-34-34.ulg,ALL,q,0.9923076923076923,130
validation,5,9.17数据/log_10_2026-9-17-06-34-34.ulg,ALL,r,0.9692307692307692,130
validation,5,9.17数据/log_10_2026-9-17-06-34-34.ulg,high_change,vx,0.9705882352941176,34
validation,5,9.17数据/log_10_2026-9-17-06-34-34.ulg,high_change,vy,0.9705882352941176,34
validation,5,9.17数据/log_10_2026-9-17-06-34-34.ulg,high_change,vz,0.9705882352941176,34
validation,5,9.17数据/log_10_2026-9-17-06-34-34.ulg,high_change,p,0.9411764705882353,34
validation,5,9.17数据/log_10_2026-9-17-06-34-34.ulg,high_change,q,0.9705882352941176,34
validation,5,9.17数据/log_10_2026-9-17-06-34-34.ulg,high_change,r,0.9117647058823529,34
validation,5,9.17数据/log_11_2026-9-17-06-40-30.ulg,ALL,vx,0.9655172413793104,145
validation,5,9.17数据/log_11_2026-9-17-06-40-30.ulg,ALL,vy,0.9862068965517241,145
validation,5,9.17数据/log_11_2026-9-17-06-40-30.ulg,ALL,vz,0.9793103448275862,145
validation,5,9.17数据/log_11_2026-9-17-06-40-30.ulg,ALL,p,0.9724137931034482,145
validation,5,9.17数据/log_11_2026-9-17-06-40-30.ulg,ALL,q,0.993103448275862,145
validation,5,9.17数据/log_11_2026-9-17-06-40-30.ulg,ALL,r,0.9655172413793104,145
validation,5,9.17数据/log_11_2026-9-17-06-40-30.ulg,high_change,vx,0.9117647058823529,34
validation,5,9.17数据/log_11_2026-9-17-06-40-30.ulg,high_change,vy,0.9411764705882353,34
validation,5,9.17数据/log_11_2026-9-17-06-40-30.ulg,high_change,vz,0.9117647058823529,34
validation,5,9.17数据/log_11_2026-9-17-06-40-30.ulg,high_change,p,0.9705882352941176,34
validation,5,9.17数据/log_11_2026-9-17-06-40-30.ulg,high_change,q,0.9705882352941176,34
validation,5,9.17数据/log_11_2026-9-17-06-40-30.ulg,high_change,r,0.9117647058823529,34
validation,5,9.17数据/log_12_2026-9-17-06-46-02.ulg,ALL,vx,0.9930555555555556,144
validation,5,9.17数据/log_12_2026-9-17-06-46-02.ulg,ALL,vy,0.9791666666666666,144
validation,5,9.17数据/log_12_2026-9-17-06-46-02.ulg,ALL,vz,0.9930555555555556,144
validation,5,9.17数据/log_12_2026-9-17-06-46-02.ulg,ALL,p,0.9791666666666666,144
validation,5,9.17数据/log_12_2026-9-17-06-46-02.ulg,ALL,q,0.9861111111111112,144
validation,5,9.17数据/log_12_2026-9-17-06-46-02.ulg,ALL,r,0.9791666666666666,144
validation,5,9.17数据/log_12_2026-9-17-06-46-02.ulg,high_change,vx,0.9629629629629629,27
validation,5,9.17数据/log_12_2026-9-17-06-46-02.ulg,high_change,vy,0.9259259259259259,27
validation,5,9.17数据/log_12_2026-9-17-06-46-02.ulg,high_change,vz,0.9629629629629629,27
validation,5,9.17数据/log_12_2026-9-17-06-46-02.ulg,high_change,p,0.9259259259259259,27
validation,5,9.17数据/log_12_2026-9-17-06-46-02.ulg,high_change,q,0.9259259259259259,27
validation,5,9.17数据/log_12_2026-9-17-06-46-02.ulg,high_change,r,0.9259259259259259,27
validation,5,9.17数据/log_13_2026-9-17-06-52-30.ulg,ALL,vx,0.9738562091503268,153
validation,5,9.17数据/log_13_2026-9-17-06-52-30.ulg,ALL,vy,0.9738562091503268,153
validation,5,9.17数据/log_13_2026-9-17-06-52-30.ulg,ALL,vz,0.954248366013072,153
validation,5,9.17数据/log_13_2026-9-17-06-52-30.ulg,ALL,p,0.9738562091503268,153
validation,5,9.17数据/log_13_2026-9-17-06-52-30.ulg,ALL,q,0.9803921568627451,153
validation,5,9.17数据/log_13_2026-9-17-06-52-30.ulg,ALL,r,1.0,153
validation,5,9.17数据/log_13_2026-9-17-06-52-30.ulg,high_change,vx,0.9655172413793104,58
validation,5,9.17数据/log_13_2026-9-17-06-52-30.ulg,high_change,vy,0.9482758620689655,58
validation,5,9.17数据/log_13_2026-9-17-06-52-30.ulg,high_change,vz,0.9310344827586207,58
validation,5,9.17数据/log_13_2026-9-17-06-52-30.ulg,high_change,p,0.9655172413793104,58
validation,5,9.17数据/log_13_2026-9-17-06-52-30.ulg,high_change,q,0.9827586206896551,58
validation,5,9.17数据/log_13_2026-9-17-06-52-30.ulg,high_change,r,1.0,58
validation,5,9.17数据/log_6_2026-9-17-06-02-24.ulg,ALL,vx,0.9710144927536232,138
validation,5,9.17数据/log_6_2026-9-17-06-02-24.ulg,ALL,vy,0.9782608695652174,138
validation,5,9.17数据/log_6_2026-9-17-06-02-24.ulg,ALL,vz,0.9855072463768116,138
validation,5,9.17数据/log_6_2026-9-17-06-02-24.ulg,ALL,p,0.9855072463768116,138
validation,5,9.17数据/log_6_2026-9-17-06-02-24.ulg,ALL,q,0.9855072463768116,138
validation,5,9.17数据/log_6_2026-9-17-06-02-24.ulg,ALL,r,0.9927536231884058,138
validation,5,9.17数据/log_6_2026-9-17-06-02-24.ulg,high_change,vx,0.9142857142857143,35
validation,5,9.17数据/log_6_2026-9-17-06-02-24.ulg,high_change,vy,0.9428571428571428,35
validation,5,9.17数据/log_6_2026-9-17-06-02-24.ulg,high_change,vz,0.9714285714285714,35
validation,5,9.17数据/log_6_2026-9-17-06-02-24.ulg,high_change,p,0.9714285714285714,35
validation,5,9.17数据/log_6_2026-9-17-06-02-24.ulg,high_change,q,0.9714285714285714,35
validation,5,9.17数据/log_6_2026-9-17-06-02-24.ulg,high_change,r,0.9714285714285714,35
validation,5,9.17数据/log_7_2026-9-17-06-12-16.ulg,ALL,vx,0.9770992366412213,131
validation,5,9.17数据/log_7_2026-9-17-06-12-16.ulg,ALL,vy,0.9923664122137404,131
validation,5,9.17数据/log_7_2026-9-17-06-12-16.ulg,ALL,vz,0.9847328244274809,131
validation,5,9.17数据/log_7_2026-9-17-06-12-16.ulg,ALL,p,0.9923664122137404,131
validation,5,9.17数据/log_7_2026-9-17-06-12-16.ulg,ALL,q,0.9847328244274809,131
validation,5,9.17数据/log_7_2026-9-17-06-12-16.ulg,ALL,r,1.0,131
validation,5,9.17数据/log_7_2026-9-17-06-12-16.ulg,high_change,vx,0.9411764705882353,17
validation,5,9.17数据/log_7_2026-9-17-06-12-16.ulg,high_change,vy,0.9411764705882353,17
validation,5,9.17数据/log_7_2026-9-17-06-12-16.ulg,high_change,vz,0.9411764705882353,17
validation,5,9.17数据/log_7_2026-9-17-06-12-16.ulg,high_change,p,1.0,17
validation,5,9.17数据/log_7_2026-9-17-06-12-16.ulg,high_change,q,0.8823529411764706,17
validation,5,9.17数据/log_7_2026-9-17-06-12-16.ulg,high_change,r,1.0,17
validation,5,9.17数据/log_8_2026-9-17-06-17-52.ulg,ALL,vx,0.9794520547945206,146
validation,5,9.17数据/log_8_2026-9-17-06-17-52.ulg,ALL,vy,0.9863013698630136,146
validation,5,9.17数据/log_8_2026-9-17-06-17-52.ulg,ALL,vz,0.9794520547945206,146
validation,5,9.17数据/log_8_2026-9-17-06-17-52.ulg,ALL,p,0.9863013698630136,146
validation,5,9.17数据/log_8_2026-9-17-06-17-52.ulg,ALL,q,0.9794520547945206,146
validation,5,9.17数据/log_8_2026-9-17-06-17-52.ulg,ALL,r,0.9726027397260274,146
validation,5,9.17数据/log_8_2026-9-17-06-17-52.ulg,high_change,vx,0.9696969696969697,33
validation,5,9.17数据/log_8_2026-9-17-06-17-52.ulg,high_change,vy,0.9696969696969697,33
validation,5,9.17数据/log_8_2026-9-17-06-17-52.ulg,high_change,vz,1.0,33
validation,5,9.17数据/log_8_2026-9-17-06-17-52.ulg,high_change,p,0.9696969696969697,33
validation,5,9.17数据/log_8_2026-9-17-06-17-52.ulg,high_change,q,0.9696969696969697,33
validation,5,9.17数据/log_8_2026-9-17-06-17-52.ulg,high_change,r,0.8787878787878788,33
validation,5,9.17数据/log_9_2026-9-17-06-28-10.ulg,ALL,vx,0.9912280701754386,114
validation,5,9.17数据/log_9_2026-9-17-06-28-10.ulg,ALL,vy,0.9824561403508771,114
validation,5,9.17数据/log_9_2026-9-17-06-28-10.ulg,ALL,vz,0.9824561403508771,114
validation,5,9.17数据/log_9_2026-9-17-06-28-10.ulg,ALL,p,0.956140350877193,114
validation,5,9.17数据/log_9_2026-9-17-06-28-10.ulg,ALL,q,0.9912280701754386,114
validation,5,9.17数据/log_9_2026-9-17-06-28-10.ulg,ALL,r,0.9736842105263158,114
validation,5,9.17数据/log_9_2026-9-17-06-28-10.ulg,high_change,vx,0.967741935483871,31
validation,5,9.17数据/log_9_2026-9-17-06-28-10.ulg,high_change,vy,0.9354838709677419,31
validation,5,9.17数据/log_9_2026-9-17-06-28-10.ulg,high_change,vz,0.9354838709677419,31
validation,5,9.17数据/log_9_2026-9-17-06-28-10.ulg,high_change,p,0.9354838709677419,31
validation,5,9.17数据/log_9_2026-9-17-06-28-10.ulg,high_change,q,0.967741935483871,31
validation,5,9.17数据/log_9_2026-9-17-06-28-10.ulg,high_change,r,0.9354838709677419,31
train,10,2026.9.6/log_17_2026-9-6-18-34-06.ulg,ALL,vx,0.9955307262569832,895
train,10,2026.9.6/log_17_2026-9-6-18-34-06.ulg,ALL,vy,0.9888268156424581,895
train,10,2026.9.6/log_17_2026-9-6-18-34-06.ulg,ALL,vz,0.9921787709497206,895
train,10,2026.9.6/log_17_2026-9-6-18-34-06.ulg,ALL,p,0.9743016759776536,895
train,10,2026.9.6/log_17_2026-9-6-18-34-06.ulg,ALL,q,0.9899441340782122,895
train,10,2026.9.6/log_17_2026-9-6-18-34-06.ulg,ALL,r,0.9877094972067039,895
train,10,2026.9.6/log_17_2026-9-6-18-34-06.ulg,high_change,vx,0.985,200
train,10,2026.9.6/log_17_2026-9-6-18-34-06.ulg,high_change,vy,0.955,200
train,10,2026.9.6/log_17_2026-9-6-18-34-06.ulg,high_change,vz,0.965,200
train,10,2026.9.6/log_17_2026-9-6-18-34-06.ulg,high_change,p,0.975,200
train,10,2026.9.6/log_17_2026-9-6-18-34-06.ulg,high_change,q,0.97,200
train,10,2026.9.6/log_17_2026-9-6-18-34-06.ulg,high_change,r,0.975,200
train,10,2026.9.6/log_18_2026-9-6-18-46-20.ulg,ALL,vx,0.9928057553956835,695
train,10,2026.9.6/log_18_2026-9-6-18-46-20.ulg,ALL,vy,0.9913669064748202,695
train,10,2026.9.6/log_18_2026-9-6-18-46-20.ulg,ALL,vz,0.9942446043165467,695
train,10,2026.9.6/log_18_2026-9-6-18-46-20.ulg,ALL,p,0.9697841726618706,695
train,10,2026.9.6/log_18_2026-9-6-18-46-20.ulg,ALL,q,0.9856115107913669,695
train,10,2026.9.6/log_18_2026-9-6-18-46-20.ulg,ALL,r,0.9697841726618706,695
train,10,2026.9.6/log_18_2026-9-6-18-46-20.ulg,high_change,vx,0.9758454106280193,207
train,10,2026.9.6/log_18_2026-9-6-18-46-20.ulg,high_change,vy,0.9710144927536232,207
train,10,2026.9.6/log_18_2026-9-6-18-46-20.ulg,high_change,vz,0.9855072463768116,207
train,10,2026.9.6/log_18_2026-9-6-18-46-20.ulg,high_change,p,0.9758454106280193,207
train,10,2026.9.6/log_18_2026-9-6-18-46-20.ulg,high_change,q,0.9710144927536232,207
train,10,2026.9.6/log_18_2026-9-6-18-46-20.ulg,high_change,r,0.9420289855072463,207
train,10,2026.9.6/log_19_2026-9-6-18-52-30.ulg,ALL,vx,0.9922480620155039,774
train,10,2026.9.6/log_19_2026-9-6-18-52-30.ulg,ALL,vy,0.9974160206718347,774
train,10,2026.9.6/log_19_2026-9-6-18-52-30.ulg,ALL,vz,0.9909560723514211,774
train,10,2026.9.6/log_19_2026-9-6-18-52-30.ulg,ALL,p,0.9651162790697675,774
train,10,2026.9.6/log_19_2026-9-6-18-52-30.ulg,ALL,q,0.9896640826873385,774
train,10,2026.9.6/log_19_2026-9-6-18-52-30.ulg,ALL,r,0.9922480620155039,774
train,10,2026.9.6/log_19_2026-9-6-18-52-30.ulg,high_change,vx,0.9636363636363636,165
train,10,2026.9.6/log_19_2026-9-6-18-52-30.ulg,high_change,vy,0.9878787878787879,165
train,10,2026.9.6/log_19_2026-9-6-18-52-30.ulg,high_change,vz,0.9636363636363636,165
train,10,2026.9.6/log_19_2026-9-6-18-52-30.ulg,high_change,p,0.9696969696969697,165
train,10,2026.9.6/log_19_2026-9-6-18-52-30.ulg,high_change,q,0.9757575757575757,165
train,10,2026.9.6/log_19_2026-9-6-18-52-30.ulg,high_change,r,0.9757575757575757,165
train,10,2026.9.6/log_20_2026-9-6-18-58-10.ulg,ALL,vx,0.9863945578231292,588
train,10,2026.9.6/log_20_2026-9-6-18-58-10.ulg,ALL,vy,0.9965986394557823,588
train,10,2026.9.6/log_20_2026-9-6-18-58-10.ulg,ALL,vz,0.9948979591836735,588
train,10,2026.9.6/log_20_2026-9-6-18-58-10.ulg,ALL,p,0.9591836734693877,588
train,10,2026.9.6/log_20_2026-9-6-18-58-10.ulg,ALL,q,0.9829931972789115,588
train,10,2026.9.6/log_20_2026-9-6-18-58-10.ulg,ALL,r,0.9897959183673469,588
train,10,2026.9.6/log_20_2026-9-6-18-58-10.ulg,high_change,vx,0.9473684210526315,152
train,10,2026.9.6/log_20_2026-9-6-18-58-10.ulg,high_change,vy,0.9868421052631579,152
train,10,2026.9.6/log_20_2026-9-6-18-58-10.ulg,high_change,vz,0.9802631578947368,152
train,10,2026.9.6/log_20_2026-9-6-18-58-10.ulg,high_change,p,0.9342105263157895,152
train,10,2026.9.6/log_20_2026-9-6-18-58-10.ulg,high_change,q,0.9736842105263158,152
train,10,2026.9.6/log_20_2026-9-6-18-58-10.ulg,high_change,r,0.9802631578947368,152
train,10,2026.9.6/log_24_2026-9-6-06-28-38.ulg,ALL,vx,0.9857549857549858,702
train,10,2026.9.6/log_24_2026-9-6-06-28-38.ulg,ALL,vy,0.9843304843304843,702
train,10,2026.9.6/log_24_2026-9-6-06-28-38.ulg,ALL,vz,0.9814814814814815,702
train,10,2026.9.6/log_24_2026-9-6-06-28-38.ulg,ALL,p,0.9957264957264957,702
train,10,2026.9.6/log_24_2026-9-6-06-28-38.ulg,ALL,q,0.9629629629629629,702
train,10,2026.9.6/log_24_2026-9-6-06-28-38.ulg,ALL,r,0.9843304843304843,702
train,10,2026.9.6/log_24_2026-9-6-06-28-38.ulg,high_change,vx,0.9739776951672863,269
train,10,2026.9.6/log_24_2026-9-6-06-28-38.ulg,high_change,vy,0.9702602230483272,269
train,10,2026.9.6/log_24_2026-9-6-06-28-38.ulg,high_change,vz,0.9702602230483272,269
train,10,2026.9.6/log_24_2026-9-6-06-28-38.ulg,high_change,p,0.9962825278810409,269
train,10,2026.9.6/log_24_2026-9-6-06-28-38.ulg,high_change,q,0.9516728624535316,269
train,10,2026.9.6/log_24_2026-9-6-06-28-38.ulg,high_change,r,0.9814126394052045,269
train,10,2026.9.6/log_28_2026-9-6-07-01-38.ulg,ALL,vx,0.9491059147180193,727
train,10,2026.9.6/log_28_2026-9-6-07-01-38.ulg,ALL,vy,0.9669876203576341,727
train,10,2026.9.6/log_28_2026-9-6-07-01-38.ulg,ALL,vz,0.9601100412654745,727
train,10,2026.9.6/log_28_2026-9-6-07-01-38.ulg,ALL,p,0.9972489683631361,727
train,10,2026.9.6/log_28_2026-9-6-07-01-38.ulg,ALL,q,0.9642365887207703,727
train,10,2026.9.6/log_28_2026-9-6-07-01-38.ulg,ALL,r,0.9559834938101788,727
train,10,2026.9.6/log_28_2026-9-6-07-01-38.ulg,high_change,vx,0.9418181818181818,275
train,10,2026.9.6/log_28_2026-9-6-07-01-38.ulg,high_change,vy,0.9527272727272728,275
train,10,2026.9.6/log_28_2026-9-6-07-01-38.ulg,high_change,vz,0.9709090909090909,275
train,10,2026.9.6/log_28_2026-9-6-07-01-38.ulg,high_change,p,0.9927272727272727,275
train,10,2026.9.6/log_28_2026-9-6-07-01-38.ulg,high_change,q,0.9563636363636364,275
train,10,2026.9.6/log_28_2026-9-6-07-01-38.ulg,high_change,r,0.9309090909090909,275
train,10,9.11数据/log_13_2026-9-11-18-28-08.ulg,ALL,vx,0.9776286353467561,447
train,10,9.11数据/log_13_2026-9-11-18-28-08.ulg,ALL,vy,0.9753914988814317,447
train,10,9.11数据/log_13_2026-9-11-18-28-08.ulg,ALL,vz,0.9888143176733781,447
train,10,9.11数据/log_13_2026-9-11-18-28-08.ulg,ALL,p,0.9932885906040269,447
train,10,9.11数据/log_13_2026-9-11-18-28-08.ulg,ALL,q,0.9753914988814317,447
train,10,9.11数据/log_13_2026-9-11-18-28-08.ulg,ALL,r,0.9843400447427293,447
train,10,9.11数据/log_13_2026-9-11-18-28-08.ulg,high_change,vx,0.9473684210526315,171
train,10,9.11数据/log_13_2026-9-11-18-28-08.ulg,high_change,vy,0.9532163742690059,171
train,10,9.11数据/log_13_2026-9-11-18-28-08.ulg,high_change,vz,0.9707602339181286,171
train,10,9.11数据/log_13_2026-9-11-18-28-08.ulg,high_change,p,0.9883040935672515,171
train,10,9.11数据/log_13_2026-9-11-18-28-08.ulg,high_change,q,0.9590643274853801,171
train,10,9.11数据/log_13_2026-9-11-18-28-08.ulg,high_change,r,0.9590643274853801,171
train,10,9.11数据/log_14_2026-9-11-18-34-58.ulg,ALL,vx,0.9746621621621622,592
train,10,9.11数据/log_14_2026-9-11-18-34-58.ulg,ALL,vy,0.9695945945945946,592
train,10,9.11数据/log_14_2026-9-11-18-34-58.ulg,ALL,vz,0.9949324324324325,592
train,10,9.11数据/log_14_2026-9-11-18-34-58.ulg,ALL,p,1.0,592
train,10,9.11数据/log_14_2026-9-11-18-34-58.ulg,ALL,q,0.9679054054054054,592
train,10,9.11数据/log_14_2026-9-11-18-34-58.ulg,ALL,r,0.9881756756756757,592
train,10,9.11数据/log_14_2026-9-11-18-34-58.ulg,high_change,vx,0.95625,160
train,10,9.11数据/log_14_2026-9-11-18-34-58.ulg,high_change,vy,0.95625,160
train,10,9.11数据/log_14_2026-9-11-18-34-58.ulg,high_change,vz,0.99375,160
train,10,9.11数据/log_14_2026-9-11-18-34-58.ulg,high_change,p,1.0,160
train,10,9.11数据/log_14_2026-9-11-18-34-58.ulg,high_change,q,0.95,160
train,10,9.11数据/log_14_2026-9-11-18-34-58.ulg,high_change,r,0.975,160
train,10,9.11数据/log_15_2026-9-11-18-40-48.ulg,ALL,vx,0.9818181818181818,440
train,10,9.11数据/log_15_2026-9-11-18-40-48.ulg,ALL,vy,0.95,440
train,10,9.11数据/log_15_2026-9-11-18-40-48.ulg,ALL,vz,0.9613636363636363,440
train,10,9.11数据/log_15_2026-9-11-18-40-48.ulg,ALL,p,0.9818181818181818,440
train,10,9.11数据/log_15_2026-9-11-18-40-48.ulg,ALL,q,0.9681818181818181,440
train,10,9.11数据/log_15_2026-9-11-18-40-48.ulg,ALL,r,0.9590909090909091,440
train,10,9.11数据/log_15_2026-9-11-18-40-48.ulg,high_change,vx,0.9597701149425287,174
train,10,9.11数据/log_15_2026-9-11-18-40-48.ulg,high_change,vy,0.9252873563218391,174
train,10,9.11数据/log_15_2026-9-11-18-40-48.ulg,high_change,vz,0.9597701149425287,174
train,10,9.11数据/log_15_2026-9-11-18-40-48.ulg,high_change,p,0.9712643678160919,174
train,10,9.11数据/log_15_2026-9-11-18-40-48.ulg,high_change,q,0.9540229885057471,174
train,10,9.11数据/log_15_2026-9-11-18-40-48.ulg,high_change,r,0.9252873563218391,174
train,10,9.12数据/log_10_2026-9-12-06-13-40.ulg,ALL,vx,0.9920844327176781,758
train,10,9.12数据/log_10_2026-9-12-06-13-40.ulg,ALL,vy,0.9868073878627969,758
train,10,9.12数据/log_10_2026-9-12-06-13-40.ulg,ALL,vz,0.9881266490765171,758
train,10,9.12数据/log_10_2026-9-12-06-13-40.ulg,ALL,p,0.9854881266490765,758
train,10,9.12数据/log_10_2026-9-12-06-13-40.ulg,ALL,q,0.9907651715039578,758
train,10,9.12数据/log_10_2026-9-12-06-13-40.ulg,ALL,r,0.996042216358839,758
train,10,9.12数据/log_10_2026-9-12-06-13-40.ulg,high_change,vx,0.9748427672955975,159
train,10,9.12数据/log_10_2026-9-12-06-13-40.ulg,high_change,vy,0.9559748427672956,159
train,10,9.12数据/log_10_2026-9-12-06-13-40.ulg,high_change,vz,0.9685534591194969,159
train,10,9.12数据/log_10_2026-9-12-06-13-40.ulg,high_change,p,0.9811320754716981,159
train,10,9.12数据/log_10_2026-9-12-06-13-40.ulg,high_change,q,0.9811320754716981,159
train,10,9.12数据/log_10_2026-9-12-06-13-40.ulg,high_change,r,0.9937106918238994,159
train,10,9.12数据/log_11_2026-9-12-06-21-12.ulg,ALL,vx,0.9861111111111112,720
train,10,9.12数据/log_11_2026-9-12-06-21-12.ulg,ALL,vy,0.9819444444444444,720
train,10,9.12数据/log_11_2026-9-12-06-21-12.ulg,ALL,vz,0.9944444444444445,720
train,10,9.12数据/log_11_2026-9-12-06-21-12.ulg,ALL,p,0.9736111111111111,720
train,10,9.12数据/log_11_2026-9-12-06-21-12.ulg,ALL,q,0.9847222222222223,720
train,10,9.12数据/log_11_2026-9-12-06-21-12.ulg,ALL,r,0.9847222222222223,720
train,10,9.12数据/log_11_2026-9-12-06-21-12.ulg,high_change,vx,0.985,200
train,10,9.12数据/log_11_2026-9-12-06-21-12.ulg,high_change,vy,0.99,200
train,10,9.12数据/log_11_2026-9-12-06-21-12.ulg,high_change,vz,0.995,200
train,10,9.12数据/log_11_2026-9-12-06-21-12.ulg,high_change,p,0.97,200
train,10,9.12数据/log_11_2026-9-12-06-21-12.ulg,high_change,q,0.975,200
train,10,9.12数据/log_11_2026-9-12-06-21-12.ulg,high_change,r,0.98,200
train,10,9.12数据/log_12_2026-9-12-06-29-44.ulg,ALL,vx,0.9897510980966325,683
train,10,9.12数据/log_12_2026-9-12-06-29-44.ulg,ALL,vy,0.9897510980966325,683
train,10,9.12数据/log_12_2026-9-12-06-29-44.ulg,ALL,vz,0.9853587115666179,683
train,10,9.12数据/log_12_2026-9-12-06-29-44.ulg,ALL,p,0.9838945827232797,683
train,10,9.12数据/log_12_2026-9-12-06-29-44.ulg,ALL,q,0.9853587115666179,683
train,10,9.12数据/log_12_2026-9-12-06-29-44.ulg,ALL,r,0.9956076134699854,683
train,10,9.12数据/log_12_2026-9-12-06-29-44.ulg,high_change,vx,0.9760479041916168,167
train,10,9.12数据/log_12_2026-9-12-06-29-44.ulg,high_change,vy,0.9700598802395209,167
train,10,9.12数据/log_12_2026-9-12-06-29-44.ulg,high_change,vz,0.9820359281437125,167
train,10,9.12数据/log_12_2026-9-12-06-29-44.ulg,high_change,p,0.9760479041916168,167
train,10,9.12数据/log_12_2026-9-12-06-29-44.ulg,high_change,q,0.9760479041916168,167
train,10,9.12数据/log_12_2026-9-12-06-29-44.ulg,high_change,r,0.9880239520958084,167
train,10,9.12数据/log_2_2026-9-12-18-32-54.ulg,ALL,vx,0.99734395750332,753
train,10,9.12数据/log_2_2026-9-12-18-32-54.ulg,ALL,vy,0.9933598937583001,753
train,10,9.12数据/log_2_2026-9-12-18-32-54.ulg,ALL,vz,0.9946879150066401,753
train,10,9.12数据/log_2_2026-9-12-18-32-54.ulg,ALL,p,0.9867197875166003,753
train,10,9.12数据/log_2_2026-9-12-18-32-54.ulg,ALL,q,0.9946879150066401,753
train,10,9.12数据/log_2_2026-9-12-18-32-54.ulg,ALL,r,0.9946879150066401,753
train,10,9.12数据/log_2_2026-9-12-18-32-54.ulg,high_change,vx,1.0,103
train,10,9.12数据/log_2_2026-9-12-18-32-54.ulg,high_change,vy,0.9902912621359223,103
train,10,9.12数据/log_2_2026-9-12-18-32-54.ulg,high_change,vz,0.9902912621359223,103
train,10,9.12数据/log_2_2026-9-12-18-32-54.ulg,high_change,p,0.9514563106796117,103
train,10,9.12数据/log_2_2026-9-12-18-32-54.ulg,high_change,q,0.9805825242718447,103
train,10,9.12数据/log_2_2026-9-12-18-32-54.ulg,high_change,r,0.9902912621359223,103
train,10,9.12数据/log_3_2026-9-12-18-40-02.ulg,ALL,vx,0.9924242424242424,792
train,10,9.12数据/log_3_2026-9-12-18-40-02.ulg,ALL,vy,0.9962121212121212,792
train,10,9.12数据/log_3_2026-9-12-18-40-02.ulg,ALL,vz,0.9936868686868687,792
train,10,9.12数据/log_3_2026-9-12-18-40-02.ulg,ALL,p,0.9886363636363636,792
train,10,9.12数据/log_3_2026-9-12-18-40-02.ulg,ALL,q,0.9848484848484849,792
train,10,9.12数据/log_3_2026-9-12-18-40-02.ulg,ALL,r,0.9962121212121212,792
train,10,9.12数据/log_3_2026-9-12-18-40-02.ulg,high_change,vx,0.9675324675324676,154
train,10,9.12数据/log_3_2026-9-12-18-40-02.ulg,high_change,vy,0.9805194805194806,154
train,10,9.12数据/log_3_2026-9-12-18-40-02.ulg,high_change,vz,0.987012987012987,154
train,10,9.12数据/log_3_2026-9-12-18-40-02.ulg,high_change,p,1.0,154
train,10,9.12数据/log_3_2026-9-12-18-40-02.ulg,high_change,q,0.948051948051948,154
train,10,9.12数据/log_3_2026-9-12-18-40-02.ulg,high_change,r,0.987012987012987,154
train,10,9.12数据/log_7_2026-9-12-05-49-02.ulg,ALL,vx,0.9877862595419847,655
train,10,9.12数据/log_7_2026-9-12-05-49-02.ulg,ALL,vy,0.9893129770992366,655
train,10,9.12数据/log_7_2026-9-12-05-49-02.ulg,ALL,vz,0.9908396946564886,655
train,10,9.12数据/log_7_2026-9-12-05-49-02.ulg,ALL,p,0.9877862595419847,655
train,10,9.12数据/log_7_2026-9-12-05-49-02.ulg,ALL,q,0.981679389312977,655
train,10,9.12数据/log_7_2026-9-12-05-49-02.ulg,ALL,r,0.9908396946564886,655
train,10,9.12数据/log_7_2026-9-12-05-49-02.ulg,high_change,vx,0.9708029197080292,137
train,10,9.12数据/log_7_2026-9-12-05-49-02.ulg,high_change,vy,0.948905109489051,137
train,10,9.12数据/log_7_2026-9-12-05-49-02.ulg,high_change,vz,0.9708029197080292,137
train,10,9.12数据/log_7_2026-9-12-05-49-02.ulg,high_change,p,0.9708029197080292,137
train,10,9.12数据/log_7_2026-9-12-05-49-02.ulg,high_change,q,0.9343065693430657,137
train,10,9.12数据/log_7_2026-9-12-05-49-02.ulg,high_change,r,0.9854014598540146,137
train,10,9.12数据/log_8_2026-9-12-05-55-30.ulg,ALL,vx,0.9889570552147239,815
train,10,9.12数据/log_8_2026-9-12-05-55-30.ulg,ALL,vy,0.9914110429447853,815
train,10,9.12数据/log_8_2026-9-12-05-55-30.ulg,ALL,vz,0.9889570552147239,815
train,10,9.12数据/log_8_2026-9-12-05-55-30.ulg,ALL,p,0.9730061349693252,815
train,10,9.12数据/log_8_2026-9-12-05-55-30.ulg,ALL,q,0.9852760736196319,815
train,10,9.12数据/log_8_2026-9-12-05-55-30.ulg,ALL,r,0.9950920245398773,815
train,10,9.12数据/log_8_2026-9-12-05-55-30.ulg,high_change,vx,0.9581151832460733,191
train,10,9.12数据/log_8_2026-9-12-05-55-30.ulg,high_change,vy,0.9738219895287958,191
train,10,9.12数据/log_8_2026-9-12-05-55-30.ulg,high_change,vz,0.9685863874345549,191
train,10,9.12数据/log_8_2026-9-12-05-55-30.ulg,high_change,p,0.9581151832460733,191
train,10,9.12数据/log_8_2026-9-12-05-55-30.ulg,high_change,q,0.9738219895287958,191
train,10,9.12数据/log_8_2026-9-12-05-55-30.ulg,high_change,r,0.9947643979057592,191
train,10,9.12数据/log_9_2026-9-12-06-03-32.ulg,ALL,vx,0.9616519174041298,1017
train,10,9.12数据/log_9_2026-9-12-06-03-32.ulg,ALL,vy,0.9646017699115044,1017
train,10,9.12数据/log_9_2026-9-12-06-03-32.ulg,ALL,vz,0.9891838741396264,1017
train,10,9.12数据/log_9_2026-9-12-06-03-32.ulg,ALL,p,0.9803343166175025,1017
train,10,9.12数据/log_9_2026-9-12-06-03-32.ulg,ALL,q,0.984267453294002,1017
train,10,9.12数据/log_9_2026-9-12-06-03-32.ulg,ALL,r,0.9872173058013766,1017
train,10,9.12数据/log_9_2026-9-12-06-03-32.ulg,high_change,vx,0.923728813559322,236
train,10,9.12数据/log_9_2026-9-12-06-03-32.ulg,high_change,vy,0.9364406779661016,236
train,10,9.12数据/log_9_2026-9-12-06-03-32.ulg,high_change,vz,0.9788135593220338,236
train,10,9.12数据/log_9_2026-9-12-06-03-32.ulg,high_change,p,0.9830508474576272,236
train,10,9.12数据/log_9_2026-9-12-06-03-32.ulg,high_change,q,0.9703389830508474,236
train,10,9.12数据/log_9_2026-9-12-06-03-32.ulg,high_change,r,0.9661016949152542,236
train,10,9.13数据/log_1_2026-9-13-06-11-06.ulg,ALL,vx,0.9985955056179775,712
train,10,9.13数据/log_1_2026-9-13-06-11-06.ulg,ALL,vy,0.9957865168539326,712
train,10,9.13数据/log_1_2026-9-13-06-11-06.ulg,ALL,vz,0.9971910112359551,712
train,10,9.13数据/log_1_2026-9-13-06-11-06.ulg,ALL,p,1.0,712
train,10,9.13数据/log_1_2026-9-13-06-11-06.ulg,ALL,q,0.9971910112359551,712
train,10,9.13数据/log_1_2026-9-13-06-11-06.ulg,ALL,r,0.9985955056179775,712
train,10,9.13数据/log_1_2026-9-13-06-11-06.ulg,high_change,vx,0.9848484848484849,66
train,10,9.13数据/log_1_2026-9-13-06-11-06.ulg,high_change,vy,0.9545454545454546,66
train,10,9.13数据/log_1_2026-9-13-06-11-06.ulg,high_change,vz,0.9696969696969697,66
train,10,9.13数据/log_1_2026-9-13-06-11-06.ulg,high_change,p,1.0,66
train,10,9.13数据/log_1_2026-9-13-06-11-06.ulg,high_change,q,0.9696969696969697,66
train,10,9.13数据/log_1_2026-9-13-06-11-06.ulg,high_change,r,1.0,66
train,10,9.13数据/log_2_2026-9-13-06-20-06.ulg,ALL,vx,1.0,710
train,10,9.13数据/log_2_2026-9-13-06-20-06.ulg,ALL,vy,0.9985915492957746,710
train,10,9.13数据/log_2_2026-9-13-06-20-06.ulg,ALL,vz,1.0,710
train,10,9.13数据/log_2_2026-9-13-06-20-06.ulg,ALL,p,0.9943661971830986,710
train,10,9.13数据/log_2_2026-9-13-06-20-06.ulg,ALL,q,0.9929577464788732,710
train,10,9.13数据/log_2_2026-9-13-06-20-06.ulg,ALL,r,1.0,710
train,10,9.13数据/log_2_2026-9-13-06-20-06.ulg,high_change,vx,1.0,113
train,10,9.13数据/log_2_2026-9-13-06-20-06.ulg,high_change,vy,1.0,113
train,10,9.13数据/log_2_2026-9-13-06-20-06.ulg,high_change,vz,1.0,113
train,10,9.13数据/log_2_2026-9-13-06-20-06.ulg,high_change,p,0.9911504424778761,113
train,10,9.13数据/log_2_2026-9-13-06-20-06.ulg,high_change,q,0.9823008849557522,113
train,10,9.13数据/log_2_2026-9-13-06-20-06.ulg,high_change,r,1.0,113
train,10,9.13数据/log_3_2026-9-13-06-31-26.ulg,ALL,vx,0.9943661971830986,710
train,10,9.13数据/log_3_2026-9-13-06-31-26.ulg,ALL,vy,0.995774647887324,710
train,10,9.13数据/log_3_2026-9-13-06-31-26.ulg,ALL,vz,0.9971830985915493,710
train,10,9.13数据/log_3_2026-9-13-06-31-26.ulg,ALL,p,0.995774647887324,710
train,10,9.13数据/log_3_2026-9-13-06-31-26.ulg,ALL,q,0.9915492957746479,710
train,10,9.13数据/log_3_2026-9-13-06-31-26.ulg,ALL,r,0.9985915492957746,710
train,10,9.13数据/log_3_2026-9-13-06-31-26.ulg,high_change,vx,0.9642857142857143,112
train,10,9.13数据/log_3_2026-9-13-06-31-26.ulg,high_change,vy,0.9732142857142857,112
train,10,9.13数据/log_3_2026-9-13-06-31-26.ulg,high_change,vz,0.9821428571428571,112
train,10,9.13数据/log_3_2026-9-13-06-31-26.ulg,high_change,p,0.9910714285714286,112
train,10,9.13数据/log_3_2026-9-13-06-31-26.ulg,high_change,q,0.9732142857142857,112
train,10,9.13数据/log_3_2026-9-13-06-31-26.ulg,high_change,r,0.9910714285714286,112
train,10,9.13数据/log_4_2026-9-13-06-36-26.ulg,ALL,vx,0.9985632183908046,696
train,10,9.13数据/log_4_2026-9-13-06-36-26.ulg,ALL,vy,0.9971264367816092,696
train,10,9.13数据/log_4_2026-9-13-06-36-26.ulg,ALL,vz,0.9956896551724138,696
train,10,9.13数据/log_4_2026-9-13-06-36-26.ulg,ALL,p,0.9956896551724138,696
train,10,9.13数据/log_4_2026-9-13-06-36-26.ulg,ALL,q,0.992816091954023,696
train,10,9.13数据/log_4_2026-9-13-06-36-26.ulg,ALL,r,0.9985632183908046,696
train,10,9.13数据/log_4_2026-9-13-06-36-26.ulg,high_change,vx,0.989247311827957,93
train,10,9.13数据/log_4_2026-9-13-06-36-26.ulg,high_change,vy,0.978494623655914,93
train,10,9.13数据/log_4_2026-9-13-06-36-26.ulg,high_change,vz,0.989247311827957,93
train,10,9.13数据/log_4_2026-9-13-06-36-26.ulg,high_change,p,0.989247311827957,93
train,10,9.13数据/log_4_2026-9-13-06-36-26.ulg,high_change,q,0.956989247311828,93
train,10,9.13数据/log_4_2026-9-13-06-36-26.ulg,high_change,r,0.989247311827957,93
train,10,9.13数据/log_5_2026-9-13-06-42-40.ulg,ALL,vx,0.9958904109589041,730
train,10,9.13数据/log_5_2026-9-13-06-42-40.ulg,ALL,vy,0.9972602739726028,730
train,10,9.13数据/log_5_2026-9-13-06-42-40.ulg,ALL,vz,0.9958904109589041,730
train,10,9.13数据/log_5_2026-9-13-06-42-40.ulg,ALL,p,0.9835616438356164,730
train,10,9.13数据/log_5_2026-9-13-06-42-40.ulg,ALL,q,0.9972602739726028,730
train,10,9.13数据/log_5_2026-9-13-06-42-40.ulg,ALL,r,0.9972602739726028,730
train,10,9.13数据/log_5_2026-9-13-06-42-40.ulg,high_change,vx,0.9722222222222222,108
train,10,9.13数据/log_5_2026-9-13-06-42-40.ulg,high_change,vy,0.9814814814814815,108
train,10,9.13数据/log_5_2026-9-13-06-42-40.ulg,high_change,vz,0.9907407407407407,108
train,10,9.13数据/log_5_2026-9-13-06-42-40.ulg,high_change,p,0.9537037037037037,108
train,10,9.13数据/log_5_2026-9-13-06-42-40.ulg,high_change,q,0.9907407407407407,108
train,10,9.13数据/log_5_2026-9-13-06-42-40.ulg,high_change,r,0.9814814814814815,108
train,10,9.13数据/log_7_2026-9-13-18-12-52.ulg,ALL,vx,0.9866666666666667,450
train,10,9.13数据/log_7_2026-9-13-18-12-52.ulg,ALL,vy,0.9755555555555555,450
train,10,9.13数据/log_7_2026-9-13-18-12-52.ulg,ALL,vz,0.9888888888888889,450
train,10,9.13数据/log_7_2026-9-13-18-12-52.ulg,ALL,p,0.9666666666666667,450
train,10,9.13数据/log_7_2026-9-13-18-12-52.ulg,ALL,q,0.9822222222222222,450
train,10,9.13数据/log_7_2026-9-13-18-12-52.ulg,ALL,r,0.9888888888888889,450
train,10,9.13数据/log_7_2026-9-13-18-12-52.ulg,high_change,vx,0.9791666666666666,144
train,10,9.13数据/log_7_2026-9-13-18-12-52.ulg,high_change,vy,0.9444444444444444,144
train,10,9.13数据/log_7_2026-9-13-18-12-52.ulg,high_change,vz,0.9791666666666666,144
train,10,9.13数据/log_7_2026-9-13-18-12-52.ulg,high_change,p,0.9444444444444444,144
train,10,9.13数据/log_7_2026-9-13-18-12-52.ulg,high_change,q,0.9652777777777778,144
train,10,9.13数据/log_7_2026-9-13-18-12-52.ulg,high_change,r,0.9652777777777778,144
train,10,9.14数据/log_11_2026-9-14-18-13-22.ulg,ALL,vx,0.9867724867724867,756
train,10,9.14数据/log_11_2026-9-14-18-13-22.ulg,ALL,vy,0.9854497354497355,756
train,10,9.14数据/log_11_2026-9-14-18-13-22.ulg,ALL,vz,0.9907407407407407,756
train,10,9.14数据/log_11_2026-9-14-18-13-22.ulg,ALL,p,0.9814814814814815,756
train,10,9.14数据/log_11_2026-9-14-18-13-22.ulg,ALL,q,0.9867724867724867,756
train,10,9.14数据/log_11_2026-9-14-18-13-22.ulg,ALL,r,0.9920634920634921,756
train,10,9.14数据/log_11_2026-9-14-18-13-22.ulg,high_change,vx,0.9731182795698925,186
train,10,9.14数据/log_11_2026-9-14-18-13-22.ulg,high_change,vy,0.9731182795698925,186
train,10,9.14数据/log_11_2026-9-14-18-13-22.ulg,high_change,vz,0.989247311827957,186
train,10,9.14数据/log_11_2026-9-14-18-13-22.ulg,high_change,p,0.978494623655914,186
train,10,9.14数据/log_11_2026-9-14-18-13-22.ulg,high_change,q,0.989247311827957,186
train,10,9.14数据/log_11_2026-9-14-18-13-22.ulg,high_change,r,0.9838709677419355,186
train,10,9.14数据/log_12_2026-9-14-18-20-30.ulg,ALL,vx,0.9947916666666666,768
train,10,9.14数据/log_12_2026-9-14-18-20-30.ulg,ALL,vy,0.9895833333333334,768
train,10,9.14数据/log_12_2026-9-14-18-20-30.ulg,ALL,vz,0.9778645833333334,768
train,10,9.14数据/log_12_2026-9-14-18-20-30.ulg,ALL,p,0.9778645833333334,768
train,10,9.14数据/log_12_2026-9-14-18-20-30.ulg,ALL,q,0.9895833333333334,768
train,10,9.14数据/log_12_2026-9-14-18-20-30.ulg,ALL,r,0.9934895833333334,768
train,10,9.14数据/log_12_2026-9-14-18-20-30.ulg,high_change,vx,0.9852941176470589,204
train,10,9.14数据/log_12_2026-9-14-18-20-30.ulg,high_change,vy,0.9803921568627451,204
train,10,9.14数据/log_12_2026-9-14-18-20-30.ulg,high_change,vz,0.946078431372549,204
train,10,9.14数据/log_12_2026-9-14-18-20-30.ulg,high_change,p,0.9803921568627451,204
train,10,9.14数据/log_12_2026-9-14-18-20-30.ulg,high_change,q,0.9803921568627451,204
train,10,9.14数据/log_12_2026-9-14-18-20-30.ulg,high_change,r,0.9950980392156863,204
train,10,9.14数据/log_13_2026-9-14-18-28-32.ulg,ALL,vx,0.9977349943374858,883
train,10,9.14数据/log_13_2026-9-14-18-28-32.ulg,ALL,vy,0.9943374858437146,883
train,10,9.14数据/log_13_2026-9-14-18-28-32.ulg,ALL,vz,0.986409966024915,883
train,10,9.14数据/log_13_2026-9-14-18-28-32.ulg,ALL,p,0.9796149490373726,883
train,10,9.14数据/log_13_2026-9-14-18-28-32.ulg,ALL,q,0.9807474518686297,883
train,10,9.14数据/log_13_2026-9-14-18-28-32.ulg,ALL,r,0.9886749716874292,883
train,10,9.14数据/log_13_2026-9-14-18-28-32.ulg,high_change,vx,0.9946236559139785,186
train,10,9.14数据/log_13_2026-9-14-18-28-32.ulg,high_change,vy,0.978494623655914,186
train,10,9.14数据/log_13_2026-9-14-18-28-32.ulg,high_change,vz,0.9731182795698925,186
train,10,9.14数据/log_13_2026-9-14-18-28-32.ulg,high_change,p,0.9516129032258065,186
train,10,9.14数据/log_13_2026-9-14-18-28-32.ulg,high_change,q,0.967741935483871,186
train,10,9.14数据/log_13_2026-9-14-18-28-32.ulg,high_change,r,0.967741935483871,186
train,10,9.14数据/log_14_2026-9-14-18-34-22.ulg,ALL,vx,0.985,600
train,10,9.14数据/log_14_2026-9-14-18-34-22.ulg,ALL,vy,0.9766666666666667,600
train,10,9.14数据/log_14_2026-9-14-18-34-22.ulg,ALL,vz,0.9833333333333333,600
train,10,9.14数据/log_14_2026-9-14-18-34-22.ulg,ALL,p,0.95,600
train,10,9.14数据/log_14_2026-9-14-18-34-22.ulg,ALL,q,0.9733333333333334,600
train,10,9.14数据/log_14_2026-9-14-18-34-22.ulg,ALL,r,0.9733333333333334,600
train,10,9.14数据/log_14_2026-9-14-18-34-22.ulg,high_change,vx,0.9139784946236559,93
train,10,9.14数据/log_14_2026-9-14-18-34-22.ulg,high_change,vy,0.8817204301075269,93
train,10,9.14数据/log_14_2026-9-14-18-34-22.ulg,high_change,vz,0.8924731182795699,93
train,10,9.14数据/log_14_2026-9-14-18-34-22.ulg,high_change,p,0.8817204301075269,93
train,10,9.14数据/log_14_2026-9-14-18-34-22.ulg,high_change,q,0.9032258064516129,93
train,10,9.14数据/log_14_2026-9-14-18-34-22.ulg,high_change,r,0.8817204301075269,93
train,10,9.15数据/log_10_2026-9-15-17-44-04.ulg,ALL,vx,0.9865319865319865,594
train,10,9.15数据/log_10_2026-9-15-17-44-04.ulg,ALL,vy,0.9932659932659933,594
train,10,9.15数据/log_10_2026-9-15-17-44-04.ulg,ALL,vz,0.9730639730639731,594
train,10,9.15数据/log_10_2026-9-15-17-44-04.ulg,ALL,p,0.9983164983164983,594
train,10,9.15数据/log_10_2026-9-15-17-44-04.ulg,ALL,q,0.9764309764309764,594
train,10,9.15数据/log_10_2026-9-15-17-44-04.ulg,ALL,r,0.9814814814814815,594
train,10,9.15数据/log_10_2026-9-15-17-44-04.ulg,high_change,vx,0.9656652360515021,233
train,10,9.15数据/log_10_2026-9-15-17-44-04.ulg,high_change,vy,0.9828326180257511,233
train,10,9.15数据/log_10_2026-9-15-17-44-04.ulg,high_change,vz,0.9570815450643777,233
train,10,9.15数据/log_10_2026-9-15-17-44-04.ulg,high_change,p,0.9957081545064378,233
train,10,9.15数据/log_10_2026-9-15-17-44-04.ulg,high_change,q,0.9484978540772532,233
train,10,9.15数据/log_10_2026-9-15-17-44-04.ulg,high_change,r,0.9699570815450643,233
train,10,9.15数据/log_11_2026-9-15-17-51-56.ulg,ALL,vx,0.9795539033457249,538
train,10,9.15数据/log_11_2026-9-15-17-51-56.ulg,ALL,vy,0.9851301115241635,538
train,10,9.15数据/log_11_2026-9-15-17-51-56.ulg,ALL,vz,0.9609665427509294,538
train,10,9.15数据/log_11_2026-9-15-17-51-56.ulg,ALL,p,0.9981412639405205,538
train,10,9.15数据/log_11_2026-9-15-17-51-56.ulg,ALL,q,0.9814126394052045,538
train,10,9.15数据/log_11_2026-9-15-17-51-56.ulg,ALL,r,0.9814126394052045,538
train,10,9.15数据/log_11_2026-9-15-17-51-56.ulg,high_change,vx,0.949438202247191,178
train,10,9.15数据/log_11_2026-9-15-17-51-56.ulg,high_change,vy,0.9662921348314607,178
train,10,9.15数据/log_11_2026-9-15-17-51-56.ulg,high_change,vz,0.9438202247191011,178
train,10,9.15数据/log_11_2026-9-15-17-51-56.ulg,high_change,p,0.9943820224719101,178
train,10,9.15数据/log_11_2026-9-15-17-51-56.ulg,high_change,q,0.9719101123595506,178
train,10,9.15数据/log_11_2026-9-15-17-51-56.ulg,high_change,r,0.9662921348314607,178
train,10,9.15数据/log_12_2026-9-15-18-03-58.ulg,ALL,vx,0.9914772727272727,704
train,10,9.15数据/log_12_2026-9-15-18-03-58.ulg,ALL,vy,0.9914772727272727,704
train,10,9.15数据/log_12_2026-9-15-18-03-58.ulg,ALL,vz,0.9829545454545454,704
train,10,9.15数据/log_12_2026-9-15-18-03-58.ulg,ALL,p,0.9957386363636364,704
train,10,9.15数据/log_12_2026-9-15-18-03-58.ulg,ALL,q,0.9900568181818182,704
train,10,9.15数据/log_12_2026-9-15-18-03-58.ulg,ALL,r,0.9914772727272727,704
train,10,9.15数据/log_12_2026-9-15-18-03-58.ulg,high_change,vx,0.9631901840490797,163
train,10,9.15数据/log_12_2026-9-15-18-03-58.ulg,high_change,vy,0.9693251533742331,163
train,10,9.15数据/log_12_2026-9-15-18-03-58.ulg,high_change,vz,0.9631901840490797,163
train,10,9.15数据/log_12_2026-9-15-18-03-58.ulg,high_change,p,0.9815950920245399,163
train,10,9.15数据/log_12_2026-9-15-18-03-58.ulg,high_change,q,0.9815950920245399,163
train,10,9.15数据/log_12_2026-9-15-18-03-58.ulg,high_change,r,0.9693251533742331,163
train,10,9.15数据/log_13_2026-9-15-18-10-58.ulg,ALL,vx,0.9971014492753624,690
train,10,9.15数据/log_13_2026-9-15-18-10-58.ulg,ALL,vy,0.9971014492753624,690
train,10,9.15数据/log_13_2026-9-15-18-10-58.ulg,ALL,vz,0.9898550724637681,690
train,10,9.15数据/log_13_2026-9-15-18-10-58.ulg,ALL,p,0.9956521739130435,690
train,10,9.15数据/log_13_2026-9-15-18-10-58.ulg,ALL,q,0.9898550724637681,690
train,10,9.15数据/log_13_2026-9-15-18-10-58.ulg,ALL,r,0.9942028985507246,690
train,10,9.15数据/log_13_2026-9-15-18-10-58.ulg,high_change,vx,0.9811320754716981,106
train,10,9.15数据/log_13_2026-9-15-18-10-58.ulg,high_change,vy,0.9811320754716981,106
train,10,9.15数据/log_13_2026-9-15-18-10-58.ulg,high_change,vz,0.9433962264150944,106
train,10,9.15数据/log_13_2026-9-15-18-10-58.ulg,high_change,p,0.9811320754716981,106
train,10,9.15数据/log_13_2026-9-15-18-10-58.ulg,high_change,q,0.9622641509433962,106
train,10,9.15数据/log_13_2026-9-15-18-10-58.ulg,high_change,r,0.9905660377358491,106
train,10,9.15数据/log_14_2026-9-15-18-17-26.ulg,ALL,vx,0.9927007299270073,685
train,10,9.15数据/log_14_2026-9-15-18-17-26.ulg,ALL,vy,0.9927007299270073,685
train,10,9.15数据/log_14_2026-9-15-18-17-26.ulg,ALL,vz,0.9854014598540146,685
train,10,9.15数据/log_14_2026-9-15-18-17-26.ulg,ALL,p,0.9985401459854014,685
train,10,9.15数据/log_14_2026-9-15-18-17-26.ulg,ALL,q,0.9868613138686131,685
train,10,9.15数据/log_14_2026-9-15-18-17-26.ulg,ALL,r,0.9912408759124087,685
train,10,9.15数据/log_14_2026-9-15-18-17-26.ulg,high_change,vx,0.9786096256684492,187
train,10,9.15数据/log_14_2026-9-15-18-17-26.ulg,high_change,vy,0.9732620320855615,187
train,10,9.15数据/log_14_2026-9-15-18-17-26.ulg,high_change,vz,0.9732620320855615,187
train,10,9.15数据/log_14_2026-9-15-18-17-26.ulg,high_change,p,0.9946524064171123,187
train,10,9.15数据/log_14_2026-9-15-18-17-26.ulg,high_change,q,0.9679144385026738,187
train,10,9.15数据/log_14_2026-9-15-18-17-26.ulg,high_change,r,0.9732620320855615,187
train,10,9.15数据/log_15_2026-9-15-18-23-44.ulg,ALL,vx,0.9971509971509972,702
train,10,9.15数据/log_15_2026-9-15-18-23-44.ulg,ALL,vy,0.9886039886039886,702
train,10,9.15数据/log_15_2026-9-15-18-23-44.ulg,ALL,vz,0.9886039886039886,702
train,10,9.15数据/log_15_2026-9-15-18-23-44.ulg,ALL,p,0.9971509971509972,702
train,10,9.15数据/log_15_2026-9-15-18-23-44.ulg,ALL,q,0.9914529914529915,702
train,10,9.15数据/log_15_2026-9-15-18-23-44.ulg,ALL,r,0.9914529914529915,702
train,10,9.15数据/log_15_2026-9-15-18-23-44.ulg,high_change,vx,0.9946524064171123,187
train,10,9.15数据/log_15_2026-9-15-18-23-44.ulg,high_change,vy,0.9679144385026738,187
train,10,9.15数据/log_15_2026-9-15-18-23-44.ulg,high_change,vz,0.9893048128342246,187
train,10,9.15数据/log_15_2026-9-15-18-23-44.ulg,high_change,p,0.9946524064171123,187
train,10,9.15数据/log_15_2026-9-15-18-23-44.ulg,high_change,q,0.983957219251337,187
train,10,9.15数据/log_15_2026-9-15-18-23-44.ulg,high_change,r,0.9679144385026738,187
train,10,9.16数据/log_1_2026-9-16-18-02-34.ulg,ALL,vx,0.9947916666666666,576
train,10,9.16数据/log_1_2026-9-16-18-02-34.ulg,ALL,vy,0.9895833333333334,576
train,10,9.16数据/log_1_2026-9-16-18-02-34.ulg,ALL,vz,0.984375,576
train,10,9.16数据/log_1_2026-9-16-18-02-34.ulg,ALL,p,1.0,576
train,10,9.16数据/log_1_2026-9-16-18-02-34.ulg,ALL,q,0.9947916666666666,576
train,10,9.16数据/log_1_2026-9-16-18-02-34.ulg,ALL,r,0.9947916666666666,576
train,10,9.16数据/log_1_2026-9-16-18-02-34.ulg,high_change,vx,0.9930555555555556,144
train,10,9.16数据/log_1_2026-9-16-18-02-34.ulg,high_change,vy,0.9722222222222222,144
train,10,9.16数据/log_1_2026-9-16-18-02-34.ulg,high_change,vz,0.9583333333333334,144
train,10,9.16数据/log_1_2026-9-16-18-02-34.ulg,high_change,p,1.0,144
train,10,9.16数据/log_1_2026-9-16-18-02-34.ulg,high_change,q,0.9861111111111112,144
train,10,9.16数据/log_1_2026-9-16-18-02-34.ulg,high_change,r,0.9861111111111112,144
train,10,9.16数据/log_2_2026-9-16-18-08-46.ulg,ALL,vx,0.9884225759768451,691
train,10,9.16数据/log_2_2026-9-16-18-08-46.ulg,ALL,vy,0.9884225759768451,691
train,10,9.16数据/log_2_2026-9-16-18-08-46.ulg,ALL,vz,0.9942112879884226,691
train,10,9.16数据/log_2_2026-9-16-18-08-46.ulg,ALL,p,1.0,691
train,10,9.16数据/log_2_2026-9-16-18-08-46.ulg,ALL,q,0.9884225759768451,691
train,10,9.16数据/log_2_2026-9-16-18-08-46.ulg,ALL,r,0.9898697539797395,691
train,10,9.16数据/log_2_2026-9-16-18-08-46.ulg,high_change,vx,0.9702380952380952,168
train,10,9.16数据/log_2_2026-9-16-18-08-46.ulg,high_change,vy,0.9642857142857143,168
train,10,9.16数据/log_2_2026-9-16-18-08-46.ulg,high_change,vz,0.9761904761904762,168
train,10,9.16数据/log_2_2026-9-16-18-08-46.ulg,high_change,p,1.0,168
train,10,9.16数据/log_2_2026-9-16-18-08-46.ulg,high_change,q,0.9761904761904762,168
train,10,9.16数据/log_2_2026-9-16-18-08-46.ulg,high_change,r,0.9761904761904762,168
train,10,9.16数据/log_3_2026-9-16-18-13-58.ulg,ALL,vx,0.9904030710172744,521
train,10,9.16数据/log_3_2026-9-16-18-13-58.ulg,ALL,vy,0.9923224568138196,521
train,10,9.16数据/log_3_2026-9-16-18-13-58.ulg,ALL,vz,0.9904030710172744,521
train,10,9.16数据/log_3_2026-9-16-18-13-58.ulg,ALL,p,0.9980806142034548,521
train,10,9.16数据/log_3_2026-9-16-18-13-58.ulg,ALL,q,0.9942418426103646,521
train,10,9.16数据/log_3_2026-9-16-18-13-58.ulg,ALL,r,0.9961612284069098,521
train,10,9.16数据/log_3_2026-9-16-18-13-58.ulg,high_change,vx,0.9624060150375939,133
train,10,9.16数据/log_3_2026-9-16-18-13-58.ulg,high_change,vy,0.9699248120300752,133
train,10,9.16数据/log_3_2026-9-16-18-13-58.ulg,high_change,vz,0.9849624060150376,133
train,10,9.16数据/log_3_2026-9-16-18-13-58.ulg,high_change,p,0.9924812030075187,133
train,10,9.16数据/log_3_2026-9-16-18-13-58.ulg,high_change,q,0.9924812030075187,133
train,10,9.16数据/log_3_2026-9-16-18-13-58.ulg,high_change,r,0.9924812030075187,133
train,10,9.16数据/log_4_2026-9-16-18-20-50.ulg,ALL,vx,0.9970972423802612,689
train,10,9.16数据/log_4_2026-9-16-18-20-50.ulg,ALL,vy,0.9941944847605225,689
train,10,9.16数据/log_4_2026-9-16-18-20-50.ulg,ALL,vz,0.9927431059506531,689
train,10,9.16数据/log_4_2026-9-16-18-20-50.ulg,ALL,p,0.9985486211901307,689
train,10,9.16数据/log_4_2026-9-16-18-20-50.ulg,ALL,q,0.9941944847605225,689
train,10,9.16数据/log_4_2026-9-16-18-20-50.ulg,ALL,r,0.9898403483309144,689
train,10,9.16数据/log_4_2026-9-16-18-20-50.ulg,high_change,vx,0.9878787878787879,165
train,10,9.16数据/log_4_2026-9-16-18-20-50.ulg,high_change,vy,0.9878787878787879,165
train,10,9.16数据/log_4_2026-9-16-18-20-50.ulg,high_change,vz,0.9757575757575757,165
train,10,9.16数据/log_4_2026-9-16-18-20-50.ulg,high_change,p,1.0,165
train,10,9.16数据/log_4_2026-9-16-18-20-50.ulg,high_change,q,0.9757575757575757,165
train,10,9.16数据/log_4_2026-9-16-18-20-50.ulg,high_change,r,0.9818181818181818,165
train,10,9.16数据/log_5_2026-9-16-18-26-48.ulg,ALL,vx,0.9969604863221885,658
train,10,9.16数据/log_5_2026-9-16-18-26-48.ulg,ALL,vy,0.9954407294832827,658
train,10,9.16数据/log_5_2026-9-16-18-26-48.ulg,ALL,vz,0.993920972644377,658
train,10,9.16数据/log_5_2026-9-16-18-26-48.ulg,ALL,p,0.9787234042553191,658
train,10,9.16数据/log_5_2026-9-16-18-26-48.ulg,ALL,q,0.9878419452887538,658
train,10,9.16数据/log_5_2026-9-16-18-26-48.ulg,ALL,r,0.9924012158054711,658
train,10,9.16数据/log_5_2026-9-16-18-26-48.ulg,high_change,vx,0.990990990990991,111
train,10,9.16数据/log_5_2026-9-16-18-26-48.ulg,high_change,vy,0.972972972972973,111
train,10,9.16数据/log_5_2026-9-16-18-26-48.ulg,high_change,vz,0.972972972972973,111
train,10,9.16数据/log_5_2026-9-16-18-26-48.ulg,high_change,p,0.972972972972973,111
train,10,9.16数据/log_5_2026-9-16-18-26-48.ulg,high_change,q,0.954954954954955,111
train,10,9.16数据/log_5_2026-9-16-18-26-48.ulg,high_change,r,0.9819819819819819,111
train,10,9.18数据/log_0_2026-9-18-18-15-06.ulg,ALL,vx,0.9757412398921833,742
train,10,9.18数据/log_0_2026-9-18-18-15-06.ulg,ALL,vy,0.967654986522911,742
train,10,9.18数据/log_0_2026-9-18-18-15-06.ulg,ALL,vz,0.9487870619946092,742
train,10,9.18数据/log_0_2026-9-18-18-15-06.ulg,ALL,p,0.9986522911051213,742
train,10,9.18数据/log_0_2026-9-18-18-15-06.ulg,ALL,q,0.9663072776280324,742
train,10,9.18数据/log_0_2026-9-18-18-15-06.ulg,ALL,r,0.9730458221024259,742
train,10,9.18数据/log_0_2026-9-18-18-15-06.ulg,high_change,vx,0.9511278195488722,266
train,10,9.18数据/log_0_2026-9-18-18-15-06.ulg,high_change,vy,0.9511278195488722,266
train,10,9.18数据/log_0_2026-9-18-18-15-06.ulg,high_change,vz,0.9210526315789473,266
train,10,9.18数据/log_0_2026-9-18-18-15-06.ulg,high_change,p,1.0,266
train,10,9.18数据/log_0_2026-9-18-18-15-06.ulg,high_change,q,0.9323308270676691,266
train,10,9.18数据/log_0_2026-9-18-18-15-06.ulg,high_change,r,0.9586466165413534,266
train,10,9.18数据/log_1_2026-9-18-18-23-36.ulg,ALL,vx,0.9783549783549783,693
train,10,9.18数据/log_1_2026-9-18-18-23-36.ulg,ALL,vy,0.9754689754689755,693
train,10,9.18数据/log_1_2026-9-18-18-23-36.ulg,ALL,vz,0.9567099567099567,693
train,10,9.18数据/log_1_2026-9-18-18-23-36.ulg,ALL,p,0.98989898989899,693
train,10,9.18数据/log_1_2026-9-18-18-23-36.ulg,ALL,q,0.9494949494949495,693
train,10,9.18数据/log_1_2026-9-18-18-23-36.ulg,ALL,r,0.9494949494949495,693
train,10,9.18数据/log_1_2026-9-18-18-23-36.ulg,high_change,vx,0.9705014749262537,339
train,10,9.18数据/log_1_2026-9-18-18-23-36.ulg,high_change,vy,0.967551622418879,339
train,10,9.18数据/log_1_2026-9-18-18-23-36.ulg,high_change,vz,0.9469026548672567,339
train,10,9.18数据/log_1_2026-9-18-18-23-36.ulg,high_change,p,0.9882005899705014,339
train,10,9.18数据/log_1_2026-9-18-18-23-36.ulg,high_change,q,0.9351032448377581,339
train,10,9.18数据/log_1_2026-9-18-18-23-36.ulg,high_change,r,0.9410029498525073,339
train,10,9.18数据/log_2_2026-9-18-18-29-40.ulg,ALL,vx,0.9838274932614556,742
train,10,9.18数据/log_2_2026-9-18-18-29-40.ulg,ALL,vy,0.9824797843665768,742
train,10,9.18数据/log_2_2026-9-18-18-29-40.ulg,ALL,vz,0.9703504043126685,742
train,10,9.18数据/log_2_2026-9-18-18-29-40.ulg,ALL,p,0.9838274932614556,742
train,10,9.18数据/log_2_2026-9-18-18-29-40.ulg,ALL,q,0.9582210242587601,742
train,10,9.18数据/log_2_2026-9-18-18-29-40.ulg,ALL,r,0.9514824797843666,742
train,10,9.18数据/log_2_2026-9-18-18-29-40.ulg,high_change,vx,0.9701492537313433,268
train,10,9.18数据/log_2_2026-9-18-18-29-40.ulg,high_change,vy,0.9776119402985075,268
train,10,9.18数据/log_2_2026-9-18-18-29-40.ulg,high_change,vz,0.9589552238805971,268
train,10,9.18数据/log_2_2026-9-18-18-29-40.ulg,high_change,p,0.9701492537313433,268
train,10,9.18数据/log_2_2026-9-18-18-29-40.ulg,high_change,q,0.9477611940298507,268
train,10,9.18数据/log_2_2026-9-18-18-29-40.ulg,high_change,r,0.9328358208955224,268
validation,10,2026.9.7/log_21_2026-9-7-05-54-56.ulg,ALL,vx,0.9940476190476191,168
validation,10,2026.9.7/log_21_2026-9-7-05-54-56.ulg,ALL,vy,0.9940476190476191,168
validation,10,2026.9.7/log_21_2026-9-7-05-54-56.ulg,ALL,vz,0.9940476190476191,168
validation,10,2026.9.7/log_21_2026-9-7-05-54-56.ulg,ALL,p,0.9642857142857143,168
validation,10,2026.9.7/log_21_2026-9-7-05-54-56.ulg,ALL,q,0.9940476190476191,168
validation,10,2026.9.7/log_21_2026-9-7-05-54-56.ulg,ALL,r,0.9642857142857143,168
validation,10,2026.9.7/log_21_2026-9-7-05-54-56.ulg,high_change,vx,0.9583333333333334,24
validation,10,2026.9.7/log_21_2026-9-7-05-54-56.ulg,high_change,vy,0.9583333333333334,24
validation,10,2026.9.7/log_21_2026-9-7-05-54-56.ulg,high_change,vz,1.0,24
validation,10,2026.9.7/log_21_2026-9-7-05-54-56.ulg,high_change,p,0.9583333333333334,24
validation,10,2026.9.7/log_21_2026-9-7-05-54-56.ulg,high_change,q,1.0,24
validation,10,2026.9.7/log_21_2026-9-7-05-54-56.ulg,high_change,r,0.9583333333333334,24
validation,10,2026.9.7/log_22_2026-9-7-06-01-40.ulg,ALL,vx,0.9835164835164835,182
validation,10,2026.9.7/log_22_2026-9-7-06-01-40.ulg,ALL,vy,1.0,182
validation,10,2026.9.7/log_22_2026-9-7-06-01-40.ulg,ALL,vz,0.9835164835164835,182
validation,10,2026.9.7/log_22_2026-9-7-06-01-40.ulg,ALL,p,0.9505494505494505,182
validation,10,2026.9.7/log_22_2026-9-7-06-01-40.ulg,ALL,q,0.9835164835164835,182
validation,10,2026.9.7/log_22_2026-9-7-06-01-40.ulg,ALL,r,0.9835164835164835,182
validation,10,2026.9.7/log_22_2026-9-7-06-01-40.ulg,high_change,vx,1.0,30
validation,10,2026.9.7/log_22_2026-9-7-06-01-40.ulg,high_change,vy,1.0,30
validation,10,2026.9.7/log_22_2026-9-7-06-01-40.ulg,high_change,vz,0.9666666666666667,30
validation,10,2026.9.7/log_22_2026-9-7-06-01-40.ulg,high_change,p,0.9666666666666667,30
validation,10,2026.9.7/log_22_2026-9-7-06-01-40.ulg,high_change,q,1.0,30
validation,10,2026.9.7/log_22_2026-9-7-06-01-40.ulg,high_change,r,0.9666666666666667,30
validation,10,2026.9.7/log_23_2026-9-7-06-09-22.ulg,ALL,vx,1.0,160
validation,10,2026.9.7/log_23_2026-9-7-06-09-22.ulg,ALL,vy,0.99375,160
validation,10,2026.9.7/log_23_2026-9-7-06-09-22.ulg,ALL,vz,1.0,160
validation,10,2026.9.7/log_23_2026-9-7-06-09-22.ulg,ALL,p,0.94375,160
validation,10,2026.9.7/log_23_2026-9-7-06-09-22.ulg,ALL,q,1.0,160
validation,10,2026.9.7/log_23_2026-9-7-06-09-22.ulg,ALL,r,0.99375,160
validation,10,2026.9.7/log_23_2026-9-7-06-09-22.ulg,high_change,vx,1.0,30
validation,10,2026.9.7/log_23_2026-9-7-06-09-22.ulg,high_change,vy,0.9666666666666667,30
validation,10,2026.9.7/log_23_2026-9-7-06-09-22.ulg,high_change,vz,1.0,30
validation,10,2026.9.7/log_23_2026-9-7-06-09-22.ulg,high_change,p,0.9666666666666667,30
validation,10,2026.9.7/log_23_2026-9-7-06-09-22.ulg,high_change,q,1.0,30
validation,10,2026.9.7/log_23_2026-9-7-06-09-22.ulg,high_change,r,1.0,30
validation,10,2026.9.7/log_24_2026-9-7-06-16-04.ulg,ALL,vx,0.9937888198757764,161
validation,10,2026.9.7/log_24_2026-9-7-06-16-04.ulg,ALL,vy,0.9875776397515528,161
validation,10,2026.9.7/log_24_2026-9-7-06-16-04.ulg,ALL,vz,0.9937888198757764,161
validation,10,2026.9.7/log_24_2026-9-7-06-16-04.ulg,ALL,p,0.9813664596273292,161
validation,10,2026.9.7/log_24_2026-9-7-06-16-04.ulg,ALL,q,0.9813664596273292,161
validation,10,2026.9.7/log_24_2026-9-7-06-16-04.ulg,ALL,r,0.9627329192546584,161
validation,10,2026.9.7/log_24_2026-9-7-06-16-04.ulg,high_change,vx,1.0,19
validation,10,2026.9.7/log_24_2026-9-7-06-16-04.ulg,high_change,vy,0.9473684210526315,19
validation,10,2026.9.7/log_24_2026-9-7-06-16-04.ulg,high_change,vz,0.9473684210526315,19
validation,10,2026.9.7/log_24_2026-9-7-06-16-04.ulg,high_change,p,1.0,19
validation,10,2026.9.7/log_24_2026-9-7-06-16-04.ulg,high_change,q,1.0,19
validation,10,2026.9.7/log_24_2026-9-7-06-16-04.ulg,high_change,r,0.8947368421052632,19
validation,10,2026.9.7/log_26_2026-9-7-06-30-26.ulg,ALL,vx,0.9866666666666667,150
validation,10,2026.9.7/log_26_2026-9-7-06-30-26.ulg,ALL,vy,0.9866666666666667,150
validation,10,2026.9.7/log_26_2026-9-7-06-30-26.ulg,ALL,vz,0.9866666666666667,150
validation,10,2026.9.7/log_26_2026-9-7-06-30-26.ulg,ALL,p,0.92,150
validation,10,2026.9.7/log_26_2026-9-7-06-30-26.ulg,ALL,q,1.0,150
validation,10,2026.9.7/log_26_2026-9-7-06-30-26.ulg,ALL,r,0.9733333333333334,150
validation,10,2026.9.7/log_26_2026-9-7-06-30-26.ulg,high_change,vx,0.875,16
validation,10,2026.9.7/log_26_2026-9-7-06-30-26.ulg,high_change,vy,0.875,16
validation,10,2026.9.7/log_26_2026-9-7-06-30-26.ulg,high_change,vz,0.875,16
validation,10,2026.9.7/log_26_2026-9-7-06-30-26.ulg,high_change,p,0.8125,16
validation,10,2026.9.7/log_26_2026-9-7-06-30-26.ulg,high_change,q,1.0,16
validation,10,2026.9.7/log_26_2026-9-7-06-30-26.ulg,high_change,r,0.875,16
validation,10,2026.9.7/log_27_2026-9-7-06-37-24.ulg,ALL,vx,0.9935483870967742,155
validation,10,2026.9.7/log_27_2026-9-7-06-37-24.ulg,ALL,vy,0.9935483870967742,155
validation,10,2026.9.7/log_27_2026-9-7-06-37-24.ulg,ALL,vz,1.0,155
validation,10,2026.9.7/log_27_2026-9-7-06-37-24.ulg,ALL,p,0.9483870967741935,155
validation,10,2026.9.7/log_27_2026-9-7-06-37-24.ulg,ALL,q,0.9935483870967742,155
validation,10,2026.9.7/log_27_2026-9-7-06-37-24.ulg,ALL,r,0.9935483870967742,155
validation,10,2026.9.7/log_27_2026-9-7-06-37-24.ulg,high_change,vx,0.9444444444444444,18
validation,10,2026.9.7/log_27_2026-9-7-06-37-24.ulg,high_change,vy,1.0,18
validation,10,2026.9.7/log_27_2026-9-7-06-37-24.ulg,high_change,vz,1.0,18
validation,10,2026.9.7/log_27_2026-9-7-06-37-24.ulg,high_change,p,1.0,18
validation,10,2026.9.7/log_27_2026-9-7-06-37-24.ulg,high_change,q,1.0,18
validation,10,2026.9.7/log_27_2026-9-7-06-37-24.ulg,high_change,r,1.0,18
validation,10,2026.9.7/log_28_2026-9-7-06-44-02.ulg,ALL,vx,0.9928571428571429,140
validation,10,2026.9.7/log_28_2026-9-7-06-44-02.ulg,ALL,vy,0.9857142857142858,140
validation,10,2026.9.7/log_28_2026-9-7-06-44-02.ulg,ALL,vz,0.9857142857142858,140
validation,10,2026.9.7/log_28_2026-9-7-06-44-02.ulg,ALL,p,0.9428571428571428,140
validation,10,2026.9.7/log_28_2026-9-7-06-44-02.ulg,ALL,q,0.9928571428571429,140
validation,10,2026.9.7/log_28_2026-9-7-06-44-02.ulg,ALL,r,0.9928571428571429,140
validation,10,2026.9.7/log_28_2026-9-7-06-44-02.ulg,high_change,vx,1.0,18
validation,10,2026.9.7/log_28_2026-9-7-06-44-02.ulg,high_change,vy,0.9444444444444444,18
validation,10,2026.9.7/log_28_2026-9-7-06-44-02.ulg,high_change,vz,0.9444444444444444,18
validation,10,2026.9.7/log_28_2026-9-7-06-44-02.ulg,high_change,p,0.9444444444444444,18
validation,10,2026.9.7/log_28_2026-9-7-06-44-02.ulg,high_change,q,1.0,18
validation,10,2026.9.7/log_28_2026-9-7-06-44-02.ulg,high_change,r,0.9444444444444444,18
validation,10,2026.9.7/log_29_2026-9-7-06-51-04.ulg,ALL,vx,0.9950248756218906,201
validation,10,2026.9.7/log_29_2026-9-7-06-51-04.ulg,ALL,vy,0.9950248756218906,201
validation,10,2026.9.7/log_29_2026-9-7-06-51-04.ulg,ALL,vz,1.0,201
validation,10,2026.9.7/log_29_2026-9-7-06-51-04.ulg,ALL,p,0.9552238805970149,201
validation,10,2026.9.7/log_29_2026-9-7-06-51-04.ulg,ALL,q,1.0,201
validation,10,2026.9.7/log_29_2026-9-7-06-51-04.ulg,ALL,r,1.0,201
validation,10,2026.9.7/log_29_2026-9-7-06-51-04.ulg,high_change,vx,1.0,22
validation,10,2026.9.7/log_29_2026-9-7-06-51-04.ulg,high_change,vy,0.9545454545454546,22
validation,10,2026.9.7/log_29_2026-9-7-06-51-04.ulg,high_change,vz,1.0,22
validation,10,2026.9.7/log_29_2026-9-7-06-51-04.ulg,high_change,p,1.0,22
validation,10,2026.9.7/log_29_2026-9-7-06-51-04.ulg,high_change,q,1.0,22
validation,10,2026.9.7/log_29_2026-9-7-06-51-04.ulg,high_change,r,1.0,22
validation,10,2026.9.7/log_30_2026-9-7-06-58-22.ulg,ALL,vx,0.9695121951219512,164
validation,10,2026.9.7/log_30_2026-9-7-06-58-22.ulg,ALL,vy,0.9634146341463414,164
validation,10,2026.9.7/log_30_2026-9-7-06-58-22.ulg,ALL,vz,1.0,164
validation,10,2026.9.7/log_30_2026-9-7-06-58-22.ulg,ALL,p,0.9695121951219512,164
validation,10,2026.9.7/log_30_2026-9-7-06-58-22.ulg,ALL,q,0.975609756097561,164
validation,10,2026.9.7/log_30_2026-9-7-06-58-22.ulg,ALL,r,0.9939024390243902,164
validation,10,2026.9.7/log_30_2026-9-7-06-58-22.ulg,high_change,vx,0.875,8
validation,10,2026.9.7/log_30_2026-9-7-06-58-22.ulg,high_change,vy,1.0,8
validation,10,2026.9.7/log_30_2026-9-7-06-58-22.ulg,high_change,vz,1.0,8
validation,10,2026.9.7/log_30_2026-9-7-06-58-22.ulg,high_change,p,1.0,8
validation,10,2026.9.7/log_30_2026-9-7-06-58-22.ulg,high_change,q,1.0,8
validation,10,2026.9.7/log_30_2026-9-7-06-58-22.ulg,high_change,r,1.0,8
validation,10,9.17数据/log_10_2026-9-17-06-34-34.ulg,ALL,vx,0.9846153846153847,130
validation,10,9.17数据/log_10_2026-9-17-06-34-34.ulg,ALL,vy,0.9923076923076923,130
validation,10,9.17数据/log_10_2026-9-17-06-34-34.ulg,ALL,vz,0.9846153846153847,130
validation,10,9.17数据/log_10_2026-9-17-06-34-34.ulg,ALL,p,0.9769230769230769,130
validation,10,9.17数据/log_10_2026-9-17-06-34-34.ulg,ALL,q,0.9923076923076923,130
validation,10,9.17数据/log_10_2026-9-17-06-34-34.ulg,ALL,r,0.9846153846153847,130
validation,10,9.17数据/log_10_2026-9-17-06-34-34.ulg,high_change,vx,0.9411764705882353,34
validation,10,9.17数据/log_10_2026-9-17-06-34-34.ulg,high_change,vy,1.0,34
validation,10,9.17数据/log_10_2026-9-17-06-34-34.ulg,high_change,vz,0.9705882352941176,34
validation,10,9.17数据/log_10_2026-9-17-06-34-34.ulg,high_change,p,0.9705882352941176,34
validation,10,9.17数据/log_10_2026-9-17-06-34-34.ulg,high_change,q,0.9705882352941176,34
validation,10,9.17数据/log_10_2026-9-17-06-34-34.ulg,high_change,r,0.9411764705882353,34
validation,10,9.17数据/log_11_2026-9-17-06-40-30.ulg,ALL,vx,0.993103448275862,145
validation,10,9.17数据/log_11_2026-9-17-06-40-30.ulg,ALL,vy,0.9793103448275862,145
validation,10,9.17数据/log_11_2026-9-17-06-40-30.ulg,ALL,vz,0.9862068965517241,145
validation,10,9.17数据/log_11_2026-9-17-06-40-30.ulg,ALL,p,0.9724137931034482,145
validation,10,9.17数据/log_11_2026-9-17-06-40-30.ulg,ALL,q,0.9724137931034482,145
validation,10,9.17数据/log_11_2026-9-17-06-40-30.ulg,ALL,r,0.9793103448275862,145
validation,10,9.17数据/log_11_2026-9-17-06-40-30.ulg,high_change,vx,0.9705882352941176,34
validation,10,9.17数据/log_11_2026-9-17-06-40-30.ulg,high_change,vy,0.9411764705882353,34
validation,10,9.17数据/log_11_2026-9-17-06-40-30.ulg,high_change,vz,0.9411764705882353,34
validation,10,9.17数据/log_11_2026-9-17-06-40-30.ulg,high_change,p,0.9705882352941176,34
validation,10,9.17数据/log_11_2026-9-17-06-40-30.ulg,high_change,q,0.8823529411764706,34
validation,10,9.17数据/log_11_2026-9-17-06-40-30.ulg,high_change,r,0.9117647058823529,34
validation,10,9.17数据/log_12_2026-9-17-06-46-02.ulg,ALL,vx,0.9791666666666666,144
validation,10,9.17数据/log_12_2026-9-17-06-46-02.ulg,ALL,vy,0.9861111111111112,144
validation,10,9.17数据/log_12_2026-9-17-06-46-02.ulg,ALL,vz,0.9930555555555556,144
validation,10,9.17数据/log_12_2026-9-17-06-46-02.ulg,ALL,p,0.9722222222222222,144
validation,10,9.17数据/log_12_2026-9-17-06-46-02.ulg,ALL,q,0.9722222222222222,144
validation,10,9.17数据/log_12_2026-9-17-06-46-02.ulg,ALL,r,0.9791666666666666,144
validation,10,9.17数据/log_12_2026-9-17-06-46-02.ulg,high_change,vx,0.9259259259259259,27
validation,10,9.17数据/log_12_2026-9-17-06-46-02.ulg,high_change,vy,0.9259259259259259,27
validation,10,9.17数据/log_12_2026-9-17-06-46-02.ulg,high_change,vz,0.9629629629629629,27
validation,10,9.17数据/log_12_2026-9-17-06-46-02.ulg,high_change,p,0.9629629629629629,27
validation,10,9.17数据/log_12_2026-9-17-06-46-02.ulg,high_change,q,0.9259259259259259,27
validation,10,9.17数据/log_12_2026-9-17-06-46-02.ulg,high_change,r,0.9259259259259259,27
validation,10,9.17数据/log_13_2026-9-17-06-52-30.ulg,ALL,vx,0.9869281045751634,153
validation,10,9.17数据/log_13_2026-9-17-06-52-30.ulg,ALL,vy,0.9803921568627451,153
validation,10,9.17数据/log_13_2026-9-17-06-52-30.ulg,ALL,vz,0.9738562091503268,153
validation,10,9.17数据/log_13_2026-9-17-06-52-30.ulg,ALL,p,0.9673202614379085,153
validation,10,9.17数据/log_13_2026-9-17-06-52-30.ulg,ALL,q,0.9673202614379085,153
validation,10,9.17数据/log_13_2026-9-17-06-52-30.ulg,ALL,r,0.9738562091503268,153
validation,10,9.17数据/log_13_2026-9-17-06-52-30.ulg,high_change,vx,0.9827586206896551,58
validation,10,9.17数据/log_13_2026-9-17-06-52-30.ulg,high_change,vy,0.9655172413793104,58
validation,10,9.17数据/log_13_2026-9-17-06-52-30.ulg,high_change,vz,0.9655172413793104,58
validation,10,9.17数据/log_13_2026-9-17-06-52-30.ulg,high_change,p,0.9655172413793104,58
validation,10,9.17数据/log_13_2026-9-17-06-52-30.ulg,high_change,q,0.9827586206896551,58
validation,10,9.17数据/log_13_2026-9-17-06-52-30.ulg,high_change,r,0.9655172413793104,58
validation,10,9.17数据/log_6_2026-9-17-06-02-24.ulg,ALL,vx,0.9927536231884058,138
validation,10,9.17数据/log_6_2026-9-17-06-02-24.ulg,ALL,vy,0.9855072463768116,138
validation,10,9.17数据/log_6_2026-9-17-06-02-24.ulg,ALL,vz,0.9855072463768116,138
validation,10,9.17数据/log_6_2026-9-17-06-02-24.ulg,ALL,p,0.9855072463768116,138
validation,10,9.17数据/log_6_2026-9-17-06-02-24.ulg,ALL,q,0.9710144927536232,138
validation,10,9.17数据/log_6_2026-9-17-06-02-24.ulg,ALL,r,0.9782608695652174,138
validation,10,9.17数据/log_6_2026-9-17-06-02-24.ulg,high_change,vx,0.9714285714285714,35
validation,10,9.17数据/log_6_2026-9-17-06-02-24.ulg,high_change,vy,0.9714285714285714,35
validation,10,9.17数据/log_6_2026-9-17-06-02-24.ulg,high_change,vz,0.9714285714285714,35
validation,10,9.17数据/log_6_2026-9-17-06-02-24.ulg,high_change,p,0.9714285714285714,35
validation,10,9.17数据/log_6_2026-9-17-06-02-24.ulg,high_change,q,0.9428571428571428,35
validation,10,9.17数据/log_6_2026-9-17-06-02-24.ulg,high_change,r,0.9428571428571428,35
validation,10,9.17数据/log_7_2026-9-17-06-12-16.ulg,ALL,vx,1.0,131
validation,10,9.17数据/log_7_2026-9-17-06-12-16.ulg,ALL,vy,1.0,131
validation,10,9.17数据/log_7_2026-9-17-06-12-16.ulg,ALL,vz,1.0,131
validation,10,9.17数据/log_7_2026-9-17-06-12-16.ulg,ALL,p,1.0,131
validation,10,9.17数据/log_7_2026-9-17-06-12-16.ulg,ALL,q,0.9923664122137404,131
validation,10,9.17数据/log_7_2026-9-17-06-12-16.ulg,ALL,r,0.9923664122137404,131
validation,10,9.17数据/log_7_2026-9-17-06-12-16.ulg,high_change,vx,1.0,17
validation,10,9.17数据/log_7_2026-9-17-06-12-16.ulg,high_change,vy,1.0,17
validation,10,9.17数据/log_7_2026-9-17-06-12-16.ulg,high_change,vz,1.0,17
validation,10,9.17数据/log_7_2026-9-17-06-12-16.ulg,high_change,p,1.0,17
validation,10,9.17数据/log_7_2026-9-17-06-12-16.ulg,high_change,q,0.9411764705882353,17
validation,10,9.17数据/log_7_2026-9-17-06-12-16.ulg,high_change,r,1.0,17
validation,10,9.17数据/log_8_2026-9-17-06-17-52.ulg,ALL,vx,0.9931506849315068,146
validation,10,9.17数据/log_8_2026-9-17-06-17-52.ulg,ALL,vy,0.9931506849315068,146
validation,10,9.17数据/log_8_2026-9-17-06-17-52.ulg,ALL,vz,0.9863013698630136,146
validation,10,9.17数据/log_8_2026-9-17-06-17-52.ulg,ALL,p,0.9726027397260274,146
validation,10,9.17数据/log_8_2026-9-17-06-17-52.ulg,ALL,q,0.9863013698630136,146
validation,10,9.17数据/log_8_2026-9-17-06-17-52.ulg,ALL,r,0.9863013698630136,146
validation,10,9.17数据/log_8_2026-9-17-06-17-52.ulg,high_change,vx,0.9696969696969697,33
validation,10,9.17数据/log_8_2026-9-17-06-17-52.ulg,high_change,vy,0.9696969696969697,33
validation,10,9.17数据/log_8_2026-9-17-06-17-52.ulg,high_change,vz,0.9696969696969697,33
validation,10,9.17数据/log_8_2026-9-17-06-17-52.ulg,high_change,p,0.9393939393939394,33
validation,10,9.17数据/log_8_2026-9-17-06-17-52.ulg,high_change,q,0.9696969696969697,33
validation,10,9.17数据/log_8_2026-9-17-06-17-52.ulg,high_change,r,0.9696969696969697,33
validation,10,9.17数据/log_9_2026-9-17-06-28-10.ulg,ALL,vx,0.9824561403508771,114
validation,10,9.17数据/log_9_2026-9-17-06-28-10.ulg,ALL,vy,0.9824561403508771,114
validation,10,9.17数据/log_9_2026-9-17-06-28-10.ulg,ALL,vz,0.9736842105263158,114
validation,10,9.17数据/log_9_2026-9-17-06-28-10.ulg,ALL,p,0.9912280701754386,114
validation,10,9.17数据/log_9_2026-9-17-06-28-10.ulg,ALL,q,0.9824561403508771,114
validation,10,9.17数据/log_9_2026-9-17-06-28-10.ulg,ALL,r,0.9736842105263158,114
validation,10,9.17数据/log_9_2026-9-17-06-28-10.ulg,high_change,vx,0.9354838709677419,31
validation,10,9.17数据/log_9_2026-9-17-06-28-10.ulg,high_change,vy,0.9354838709677419,31
validation,10,9.17数据/log_9_2026-9-17-06-28-10.ulg,high_change,vz,0.9354838709677419,31
validation,10,9.17数据/log_9_2026-9-17-06-28-10.ulg,high_change,p,0.967741935483871,31
validation,10,9.17数据/log_9_2026-9-17-06-28-10.ulg,high_change,q,0.967741935483871,31
validation,10,9.17数据/log_9_2026-9-17-06-28-10.ulg,high_change,r,0.9032258064516129,31
train,25,2026.9.6/log_17_2026-9-6-18-34-06.ulg,ALL,vx,0.9877094972067039,895
train,25,2026.9.6/log_17_2026-9-6-18-34-06.ulg,ALL,vy,0.9899441340782122,895
train,25,2026.9.6/log_17_2026-9-6-18-34-06.ulg,ALL,vz,0.9955307262569832,895
train,25,2026.9.6/log_17_2026-9-6-18-34-06.ulg,ALL,p,0.9787709497206704,895
train,25,2026.9.6/log_17_2026-9-6-18-34-06.ulg,ALL,q,0.982122905027933,895
train,25,2026.9.6/log_17_2026-9-6-18-34-06.ulg,ALL,r,0.994413407821229,895
train,25,2026.9.6/log_17_2026-9-6-18-34-06.ulg,high_change,vx,0.97,200
train,25,2026.9.6/log_17_2026-9-6-18-34-06.ulg,high_change,vy,0.96,200
train,25,2026.9.6/log_17_2026-9-6-18-34-06.ulg,high_change,vz,0.98,200
train,25,2026.9.6/log_17_2026-9-6-18-34-06.ulg,high_change,p,0.97,200
train,25,2026.9.6/log_17_2026-9-6-18-34-06.ulg,high_change,q,0.955,200
train,25,2026.9.6/log_17_2026-9-6-18-34-06.ulg,high_change,r,0.98,200
train,25,2026.9.6/log_18_2026-9-6-18-46-20.ulg,ALL,vx,0.9884892086330935,695
train,25,2026.9.6/log_18_2026-9-6-18-46-20.ulg,ALL,vy,0.9971223021582734,695
train,25,2026.9.6/log_18_2026-9-6-18-46-20.ulg,ALL,vz,0.9971223021582734,695
train,25,2026.9.6/log_18_2026-9-6-18-46-20.ulg,ALL,p,0.9654676258992806,695
train,25,2026.9.6/log_18_2026-9-6-18-46-20.ulg,ALL,q,0.9870503597122302,695
train,25,2026.9.6/log_18_2026-9-6-18-46-20.ulg,ALL,r,0.981294964028777,695
train,25,2026.9.6/log_18_2026-9-6-18-46-20.ulg,high_change,vx,0.966183574879227,207
train,25,2026.9.6/log_18_2026-9-6-18-46-20.ulg,high_change,vy,0.9903381642512077,207
train,25,2026.9.6/log_18_2026-9-6-18-46-20.ulg,high_change,vz,0.9903381642512077,207
train,25,2026.9.6/log_18_2026-9-6-18-46-20.ulg,high_change,p,0.9710144927536232,207
train,25,2026.9.6/log_18_2026-9-6-18-46-20.ulg,high_change,q,0.961352657004831,207
train,25,2026.9.6/log_18_2026-9-6-18-46-20.ulg,high_change,r,0.966183574879227,207
train,25,2026.9.6/log_19_2026-9-6-18-52-30.ulg,ALL,vx,0.9896640826873385,774
train,25,2026.9.6/log_19_2026-9-6-18-52-30.ulg,ALL,vy,0.9961240310077519,774
train,25,2026.9.6/log_19_2026-9-6-18-52-30.ulg,ALL,vz,0.9922480620155039,774
train,25,2026.9.6/log_19_2026-9-6-18-52-30.ulg,ALL,p,0.9664082687338501,774
train,25,2026.9.6/log_19_2026-9-6-18-52-30.ulg,ALL,q,0.9844961240310077,774
train,25,2026.9.6/log_19_2026-9-6-18-52-30.ulg,ALL,r,0.9935400516795866,774
train,25,2026.9.6/log_19_2026-9-6-18-52-30.ulg,high_change,vx,0.9636363636363636,165
train,25,2026.9.6/log_19_2026-9-6-18-52-30.ulg,high_change,vy,0.9818181818181818,165
train,25,2026.9.6/log_19_2026-9-6-18-52-30.ulg,high_change,vz,0.9696969696969697,165
train,25,2026.9.6/log_19_2026-9-6-18-52-30.ulg,high_change,p,0.9454545454545454,165
train,25,2026.9.6/log_19_2026-9-6-18-52-30.ulg,high_change,q,0.9818181818181818,165
train,25,2026.9.6/log_19_2026-9-6-18-52-30.ulg,high_change,r,0.9939393939393939,165
train,25,2026.9.6/log_20_2026-9-6-18-58-10.ulg,ALL,vx,0.9846938775510204,588
train,25,2026.9.6/log_20_2026-9-6-18-58-10.ulg,ALL,vy,0.9931972789115646,588
train,25,2026.9.6/log_20_2026-9-6-18-58-10.ulg,ALL,vz,0.9914965986394558,588
train,25,2026.9.6/log_20_2026-9-6-18-58-10.ulg,ALL,p,0.9574829931972789,588
train,25,2026.9.6/log_20_2026-9-6-18-58-10.ulg,ALL,q,0.9846938775510204,588
train,25,2026.9.6/log_20_2026-9-6-18-58-10.ulg,ALL,r,0.9965986394557823,588
train,25,2026.9.6/log_20_2026-9-6-18-58-10.ulg,high_change,vx,0.9407894736842105,152
train,25,2026.9.6/log_20_2026-9-6-18-58-10.ulg,high_change,vy,0.9868421052631579,152
train,25,2026.9.6/log_20_2026-9-6-18-58-10.ulg,high_change,vz,0.9802631578947368,152
train,25,2026.9.6/log_20_2026-9-6-18-58-10.ulg,high_change,p,0.9473684210526315,152
train,25,2026.9.6/log_20_2026-9-6-18-58-10.ulg,high_change,q,0.9539473684210527,152
train,25,2026.9.6/log_20_2026-9-6-18-58-10.ulg,high_change,r,0.9868421052631579,152
train,25,2026.9.6/log_24_2026-9-6-06-28-38.ulg,ALL,vx,0.9743589743589743,702
train,25,2026.9.6/log_24_2026-9-6-06-28-38.ulg,ALL,vy,0.9857549857549858,702
train,25,2026.9.6/log_24_2026-9-6-06-28-38.ulg,ALL,vz,0.9914529914529915,702
train,25,2026.9.6/log_24_2026-9-6-06-28-38.ulg,ALL,p,0.9943019943019943,702
train,25,2026.9.6/log_24_2026-9-6-06-28-38.ulg,ALL,q,0.9672364672364673,702
train,25,2026.9.6/log_24_2026-9-6-06-28-38.ulg,ALL,r,0.9700854700854701,702
train,25,2026.9.6/log_24_2026-9-6-06-28-38.ulg,high_change,vx,0.966542750929368,269
train,25,2026.9.6/log_24_2026-9-6-06-28-38.ulg,high_change,vy,0.9814126394052045,269
train,25,2026.9.6/log_24_2026-9-6-06-28-38.ulg,high_change,vz,0.9814126394052045,269
train,25,2026.9.6/log_24_2026-9-6-06-28-38.ulg,high_change,p,0.9925650557620818,269
train,25,2026.9.6/log_24_2026-9-6-06-28-38.ulg,high_change,q,0.9814126394052045,269
train,25,2026.9.6/log_24_2026-9-6-06-28-38.ulg,high_change,r,0.9628252788104089,269
train,25,2026.9.6/log_28_2026-9-6-07-01-38.ulg,ALL,vx,0.9491059147180193,727
train,25,2026.9.6/log_28_2026-9-6-07-01-38.ulg,ALL,vy,0.9642365887207703,727
train,25,2026.9.6/log_28_2026-9-6-07-01-38.ulg,ALL,vz,0.9491059147180193,727
train,25,2026.9.6/log_28_2026-9-6-07-01-38.ulg,ALL,p,0.9986244841815681,727
train,25,2026.9.6/log_28_2026-9-6-07-01-38.ulg,ALL,q,0.9491059147180193,727
train,25,2026.9.6/log_28_2026-9-6-07-01-38.ulg,ALL,r,0.9491059147180193,727
train,25,2026.9.6/log_28_2026-9-6-07-01-38.ulg,high_change,vx,0.92,275
train,25,2026.9.6/log_28_2026-9-6-07-01-38.ulg,high_change,vy,0.9454545454545454,275
train,25,2026.9.6/log_28_2026-9-6-07-01-38.ulg,high_change,vz,0.9563636363636364,275
train,25,2026.9.6/log_28_2026-9-6-07-01-38.ulg,high_change,p,1.0,275
train,25,2026.9.6/log_28_2026-9-6-07-01-38.ulg,high_change,q,0.92,275
train,25,2026.9.6/log_28_2026-9-6-07-01-38.ulg,high_change,r,0.9272727272727272,275
train,25,9.11数据/log_13_2026-9-11-18-28-08.ulg,ALL,vx,0.9664429530201343,447
train,25,9.11数据/log_13_2026-9-11-18-28-08.ulg,ALL,vy,0.9910514541387024,447
train,25,9.11数据/log_13_2026-9-11-18-28-08.ulg,ALL,vz,0.9843400447427293,447
train,25,9.11数据/log_13_2026-9-11-18-28-08.ulg,ALL,p,0.9932885906040269,447
train,25,9.11数据/log_13_2026-9-11-18-28-08.ulg,ALL,q,0.970917225950783,447
train,25,9.11数据/log_13_2026-9-11-18-28-08.ulg,ALL,r,0.9910514541387024,447
train,25,9.11数据/log_13_2026-9-11-18-28-08.ulg,high_change,vx,0.935672514619883,171
train,25,9.11数据/log_13_2026-9-11-18-28-08.ulg,high_change,vy,0.9883040935672515,171
train,25,9.11数据/log_13_2026-9-11-18-28-08.ulg,high_change,vz,0.9649122807017544,171
train,25,9.11数据/log_13_2026-9-11-18-28-08.ulg,high_change,p,0.9883040935672515,171
train,25,9.11数据/log_13_2026-9-11-18-28-08.ulg,high_change,q,0.9415204678362573,171
train,25,9.11数据/log_13_2026-9-11-18-28-08.ulg,high_change,r,0.9883040935672515,171
train,25,9.11数据/log_14_2026-9-11-18-34-58.ulg,ALL,vx,0.9662162162162162,592
train,25,9.11数据/log_14_2026-9-11-18-34-58.ulg,ALL,vy,0.9594594594594594,592
train,25,9.11数据/log_14_2026-9-11-18-34-58.ulg,ALL,vz,0.9983108108108109,592
train,25,9.11数据/log_14_2026-9-11-18-34-58.ulg,ALL,p,0.9983108108108109,592
train,25,9.11数据/log_14_2026-9-11-18-34-58.ulg,ALL,q,0.9864864864864865,592
train,25,9.11数据/log_14_2026-9-11-18-34-58.ulg,ALL,r,0.9881756756756757,592
train,25,9.11数据/log_14_2026-9-11-18-34-58.ulg,high_change,vx,0.9625,160
train,25,9.11数据/log_14_2026-9-11-18-34-58.ulg,high_change,vy,0.94375,160
train,25,9.11数据/log_14_2026-9-11-18-34-58.ulg,high_change,vz,0.99375,160
train,25,9.11数据/log_14_2026-9-11-18-34-58.ulg,high_change,p,0.99375,160
train,25,9.11数据/log_14_2026-9-11-18-34-58.ulg,high_change,q,0.98125,160
train,25,9.11数据/log_14_2026-9-11-18-34-58.ulg,high_change,r,0.975,160
train,25,9.11数据/log_15_2026-9-11-18-40-48.ulg,ALL,vx,0.9681818181818181,440
train,25,9.11数据/log_15_2026-9-11-18-40-48.ulg,ALL,vy,0.95,440
train,25,9.11数据/log_15_2026-9-11-18-40-48.ulg,ALL,vz,0.9704545454545455,440
train,25,9.11数据/log_15_2026-9-11-18-40-48.ulg,ALL,p,0.990909090909091,440
train,25,9.11数据/log_15_2026-9-11-18-40-48.ulg,ALL,q,0.9613636363636363,440
train,25,9.11数据/log_15_2026-9-11-18-40-48.ulg,ALL,r,0.9613636363636363,440
train,25,9.11数据/log_15_2026-9-11-18-40-48.ulg,high_change,vx,0.9367816091954023,174
train,25,9.11数据/log_15_2026-9-11-18-40-48.ulg,high_change,vy,0.9310344827586207,174
train,25,9.11数据/log_15_2026-9-11-18-40-48.ulg,high_change,vz,0.9655172413793104,174
train,25,9.11数据/log_15_2026-9-11-18-40-48.ulg,high_change,p,0.9885057471264368,174
train,25,9.11数据/log_15_2026-9-11-18-40-48.ulg,high_change,q,0.9482758620689655,174
train,25,9.11数据/log_15_2026-9-11-18-40-48.ulg,high_change,r,0.9367816091954023,174
train,25,9.12数据/log_10_2026-9-12-06-13-40.ulg,ALL,vx,0.9841688654353562,758
train,25,9.12数据/log_10_2026-9-12-06-13-40.ulg,ALL,vy,0.9881266490765171,758
train,25,9.12数据/log_10_2026-9-12-06-13-40.ulg,ALL,vz,0.9894459102902374,758
train,25,9.12数据/log_10_2026-9-12-06-13-40.ulg,ALL,p,0.974934036939314,758
train,25,9.12数据/log_10_2026-9-12-06-13-40.ulg,ALL,q,0.9881266490765171,758
train,25,9.12数据/log_10_2026-9-12-06-13-40.ulg,ALL,r,0.9828496042216359,758
train,25,9.12数据/log_10_2026-9-12-06-13-40.ulg,high_change,vx,0.9685534591194969,159
train,25,9.12数据/log_10_2026-9-12-06-13-40.ulg,high_change,vy,0.9622641509433962,159
train,25,9.12数据/log_10_2026-9-12-06-13-40.ulg,high_change,vz,0.9685534591194969,159
train,25,9.12数据/log_10_2026-9-12-06-13-40.ulg,high_change,p,0.9622641509433962,159
train,25,9.12数据/log_10_2026-9-12-06-13-40.ulg,high_change,q,0.9748427672955975,159
train,25,9.12数据/log_10_2026-9-12-06-13-40.ulg,high_change,r,0.9685534591194969,159
train,25,9.12数据/log_11_2026-9-12-06-21-12.ulg,ALL,vx,0.9888888888888889,720
train,25,9.12数据/log_11_2026-9-12-06-21-12.ulg,ALL,vy,0.9805555555555555,720
train,25,9.12数据/log_11_2026-9-12-06-21-12.ulg,ALL,vz,0.9986111111111111,720
train,25,9.12数据/log_11_2026-9-12-06-21-12.ulg,ALL,p,0.9680555555555556,720
train,25,9.12数据/log_11_2026-9-12-06-21-12.ulg,ALL,q,0.9736111111111111,720
train,25,9.12数据/log_11_2026-9-12-06-21-12.ulg,ALL,r,0.9888888888888889,720
train,25,9.12数据/log_11_2026-9-12-06-21-12.ulg,high_change,vx,0.99,200
train,25,9.12数据/log_11_2026-9-12-06-21-12.ulg,high_change,vy,0.985,200
train,25,9.12数据/log_11_2026-9-12-06-21-12.ulg,high_change,vz,1.0,200
train,25,9.12数据/log_11_2026-9-12-06-21-12.ulg,high_change,p,0.95,200
train,25,9.12数据/log_11_2026-9-12-06-21-12.ulg,high_change,q,0.95,200
train,25,9.12数据/log_11_2026-9-12-06-21-12.ulg,high_change,r,0.98,200
train,25,9.12数据/log_12_2026-9-12-06-29-44.ulg,ALL,vx,0.9882869692532943,683
train,25,9.12数据/log_12_2026-9-12-06-29-44.ulg,ALL,vy,0.9926793557833089,683
train,25,9.12数据/log_12_2026-9-12-06-29-44.ulg,ALL,vz,0.9912152269399708,683
train,25,9.12数据/log_12_2026-9-12-06-29-44.ulg,ALL,p,0.9780380673499268,683
train,25,9.12数据/log_12_2026-9-12-06-29-44.ulg,ALL,q,0.972181551976574,683
train,25,9.12数据/log_12_2026-9-12-06-29-44.ulg,ALL,r,0.9912152269399708,683
train,25,9.12数据/log_12_2026-9-12-06-29-44.ulg,high_change,vx,0.9760479041916168,167
train,25,9.12数据/log_12_2026-9-12-06-29-44.ulg,high_change,vy,0.9760479041916168,167
train,25,9.12数据/log_12_2026-9-12-06-29-44.ulg,high_change,vz,0.9820359281437125,167
train,25,9.12数据/log_12_2026-9-12-06-29-44.ulg,high_change,p,0.9700598802395209,167
train,25,9.12数据/log_12_2026-9-12-06-29-44.ulg,high_change,q,0.9461077844311377,167
train,25,9.12数据/log_12_2026-9-12-06-29-44.ulg,high_change,r,0.9760479041916168,167
train,25,9.12数据/log_2_2026-9-12-18-32-54.ulg,ALL,vx,0.9960159362549801,753
train,25,9.12数据/log_2_2026-9-12-18-32-54.ulg,ALL,vy,0.9946879150066401,753
train,25,9.12数据/log_2_2026-9-12-18-32-54.ulg,ALL,vz,0.99734395750332,753
train,25,9.12数据/log_2_2026-9-12-18-32-54.ulg,ALL,p,0.9907038512616202,753
train,25,9.12数据/log_2_2026-9-12-18-32-54.ulg,ALL,q,0.9893758300132802,753
train,25,9.12数据/log_2_2026-9-12-18-32-54.ulg,ALL,r,0.99734395750332,753
train,25,9.12数据/log_2_2026-9-12-18-32-54.ulg,high_change,vx,0.9902912621359223,103
train,25,9.12数据/log_2_2026-9-12-18-32-54.ulg,high_change,vy,1.0,103
train,25,9.12数据/log_2_2026-9-12-18-32-54.ulg,high_change,vz,0.9805825242718447,103
train,25,9.12数据/log_2_2026-9-12-18-32-54.ulg,high_change,p,1.0,103
train,25,9.12数据/log_2_2026-9-12-18-32-54.ulg,high_change,q,0.970873786407767,103
train,25,9.12数据/log_2_2026-9-12-18-32-54.ulg,high_change,r,0.9805825242718447,103
train,25,9.12数据/log_3_2026-9-12-18-40-02.ulg,ALL,vx,0.9911616161616161,792
train,25,9.12数据/log_3_2026-9-12-18-40-02.ulg,ALL,vy,0.9987373737373737,792
train,25,9.12数据/log_3_2026-9-12-18-40-02.ulg,ALL,vz,0.9924242424242424,792
train,25,9.12数据/log_3_2026-9-12-18-40-02.ulg,ALL,p,0.9886363636363636,792
train,25,9.12数据/log_3_2026-9-12-18-40-02.ulg,ALL,q,0.9911616161616161,792
train,25,9.12数据/log_3_2026-9-12-18-40-02.ulg,ALL,r,0.9962121212121212,792
train,25,9.12数据/log_3_2026-9-12-18-40-02.ulg,high_change,vx,0.9805194805194806,154
train,25,9.12数据/log_3_2026-9-12-18-40-02.ulg,high_change,vy,0.9935064935064936,154
train,25,9.12数据/log_3_2026-9-12-18-40-02.ulg,high_change,vz,0.9805194805194806,154
train,25,9.12数据/log_3_2026-9-12-18-40-02.ulg,high_change,p,0.9935064935064936,154
train,25,9.12数据/log_3_2026-9-12-18-40-02.ulg,high_change,q,0.974025974025974,154
train,25,9.12数据/log_3_2026-9-12-18-40-02.ulg,high_change,r,0.987012987012987,154
train,25,9.12数据/log_7_2026-9-12-05-49-02.ulg,ALL,vx,0.9786259541984733,655
train,25,9.12数据/log_7_2026-9-12-05-49-02.ulg,ALL,vy,0.9938931297709923,655
train,25,9.12数据/log_7_2026-9-12-05-49-02.ulg,ALL,vz,0.9969465648854962,655
train,25,9.12数据/log_7_2026-9-12-05-49-02.ulg,ALL,p,0.9847328244274809,655
train,25,9.12数据/log_7_2026-9-12-05-49-02.ulg,ALL,q,0.9801526717557252,655
train,25,9.12数据/log_7_2026-9-12-05-49-02.ulg,ALL,r,0.9938931297709923,655
train,25,9.12数据/log_7_2026-9-12-05-49-02.ulg,high_change,vx,0.948905109489051,137
train,25,9.12数据/log_7_2026-9-12-05-49-02.ulg,high_change,vy,0.9708029197080292,137
train,25,9.12数据/log_7_2026-9-12-05-49-02.ulg,high_change,vz,0.9927007299270073,137
train,25,9.12数据/log_7_2026-9-12-05-49-02.ulg,high_change,p,0.9854014598540146,137
train,25,9.12数据/log_7_2026-9-12-05-49-02.ulg,high_change,q,0.948905109489051,137
train,25,9.12数据/log_7_2026-9-12-05-49-02.ulg,high_change,r,0.9854014598540146,137
train,25,9.12数据/log_8_2026-9-12-05-55-30.ulg,ALL,vx,0.9852760736196319,815
train,25,9.12数据/log_8_2026-9-12-05-55-30.ulg,ALL,vy,0.9914110429447853,815
train,25,9.12数据/log_8_2026-9-12-05-55-30.ulg,ALL,vz,0.9901840490797545,815
train,25,9.12数据/log_8_2026-9-12-05-55-30.ulg,ALL,p,0.9791411042944785,815
train,25,9.12数据/log_8_2026-9-12-05-55-30.ulg,ALL,q,0.9852760736196319,815
train,25,9.12数据/log_8_2026-9-12-05-55-30.ulg,ALL,r,0.9901840490797545,815
train,25,9.12数据/log_8_2026-9-12-05-55-30.ulg,high_change,vx,0.9685863874345549,191
train,25,9.12数据/log_8_2026-9-12-05-55-30.ulg,high_change,vy,0.9790575916230366,191
train,25,9.12数据/log_8_2026-9-12-05-55-30.ulg,high_change,vz,0.9842931937172775,191
train,25,9.12数据/log_8_2026-9-12-05-55-30.ulg,high_change,p,0.9895287958115183,191
train,25,9.12数据/log_8_2026-9-12-05-55-30.ulg,high_change,q,0.9633507853403142,191
train,25,9.12数据/log_8_2026-9-12-05-55-30.ulg,high_change,r,0.9790575916230366,191
train,25,9.12数据/log_9_2026-9-12-06-03-32.ulg,ALL,vx,0.9577187807276303,1017
train,25,9.12数据/log_9_2026-9-12-06-03-32.ulg,ALL,vy,0.967551622418879,1017
train,25,9.12数据/log_9_2026-9-12-06-03-32.ulg,ALL,vz,0.9941002949852508,1017
train,25,9.12数据/log_9_2026-9-12-06-03-32.ulg,ALL,p,0.9773844641101278,1017
train,25,9.12数据/log_9_2026-9-12-06-03-32.ulg,ALL,q,0.9754178957718781,1017
train,25,9.12数据/log_9_2026-9-12-06-03-32.ulg,ALL,r,0.9901671583087512,1017
train,25,9.12数据/log_9_2026-9-12-06-03-32.ulg,high_change,vx,0.9152542372881356,236
train,25,9.12数据/log_9_2026-9-12-06-03-32.ulg,high_change,vy,0.9322033898305084,236
train,25,9.12数据/log_9_2026-9-12-06-03-32.ulg,high_change,vz,0.9957627118644068,236
train,25,9.12数据/log_9_2026-9-12-06-03-32.ulg,high_change,p,0.961864406779661,236
train,25,9.12数据/log_9_2026-9-12-06-03-32.ulg,high_change,q,0.9661016949152542,236
train,25,9.12数据/log_9_2026-9-12-06-03-32.ulg,high_change,r,0.9830508474576272,236
train,25,9.13数据/log_1_2026-9-13-06-11-06.ulg,ALL,vx,1.0,712
train,25,9.13数据/log_1_2026-9-13-06-11-06.ulg,ALL,vy,0.9957865168539326,712
train,25,9.13数据/log_1_2026-9-13-06-11-06.ulg,ALL,vz,0.9971910112359551,712
train,25,9.13数据/log_1_2026-9-13-06-11-06.ulg,ALL,p,0.9985955056179775,712
train,25,9.13数据/log_1_2026-9-13-06-11-06.ulg,ALL,q,0.9985955056179775,712
train,25,9.13数据/log_1_2026-9-13-06-11-06.ulg,ALL,r,0.9985955056179775,712
train,25,9.13数据/log_1_2026-9-13-06-11-06.ulg,high_change,vx,1.0,66
train,25,9.13数据/log_1_2026-9-13-06-11-06.ulg,high_change,vy,0.9545454545454546,66
train,25,9.13数据/log_1_2026-9-13-06-11-06.ulg,high_change,vz,0.9696969696969697,66
train,25,9.13数据/log_1_2026-9-13-06-11-06.ulg,high_change,p,0.9848484848484849,66
train,25,9.13数据/log_1_2026-9-13-06-11-06.ulg,high_change,q,0.9848484848484849,66
train,25,9.13数据/log_1_2026-9-13-06-11-06.ulg,high_change,r,0.9848484848484849,66
train,25,9.13数据/log_2_2026-9-13-06-20-06.ulg,ALL,vx,0.995774647887324,710
train,25,9.13数据/log_2_2026-9-13-06-20-06.ulg,ALL,vy,1.0,710
train,25,9.13数据/log_2_2026-9-13-06-20-06.ulg,ALL,vz,1.0,710
train,25,9.13数据/log_2_2026-9-13-06-20-06.ulg,ALL,p,0.9985915492957746,710
train,25,9.13数据/log_2_2026-9-13-06-20-06.ulg,ALL,q,1.0,710
train,25,9.13数据/log_2_2026-9-13-06-20-06.ulg,ALL,r,0.9971830985915493,710
train,25,9.13数据/log_2_2026-9-13-06-20-06.ulg,high_change,vx,0.9734513274336283,113
train,25,9.13数据/log_2_2026-9-13-06-20-06.ulg,high_change,vy,1.0,113
train,25,9.13数据/log_2_2026-9-13-06-20-06.ulg,high_change,vz,1.0,113
train,25,9.13数据/log_2_2026-9-13-06-20-06.ulg,high_change,p,1.0,113
train,25,9.13数据/log_2_2026-9-13-06-20-06.ulg,high_change,q,1.0,113
train,25,9.13数据/log_2_2026-9-13-06-20-06.ulg,high_change,r,0.9823008849557522,113
train,25,9.13数据/log_3_2026-9-13-06-31-26.ulg,ALL,vx,0.9985915492957746,710
train,25,9.13数据/log_3_2026-9-13-06-31-26.ulg,ALL,vy,0.9971830985915493,710
train,25,9.13数据/log_3_2026-9-13-06-31-26.ulg,ALL,vz,0.9985915492957746,710
train,25,9.13数据/log_3_2026-9-13-06-31-26.ulg,ALL,p,0.9943661971830986,710
train,25,9.13数据/log_3_2026-9-13-06-31-26.ulg,ALL,q,0.9971830985915493,710
train,25,9.13数据/log_3_2026-9-13-06-31-26.ulg,ALL,r,0.9943661971830986,710
train,25,9.13数据/log_3_2026-9-13-06-31-26.ulg,high_change,vx,0.9910714285714286,112
train,25,9.13数据/log_3_2026-9-13-06-31-26.ulg,high_change,vy,0.9910714285714286,112
train,25,9.13数据/log_3_2026-9-13-06-31-26.ulg,high_change,vz,1.0,112
train,25,9.13数据/log_3_2026-9-13-06-31-26.ulg,high_change,p,0.9821428571428571,112
train,25,9.13数据/log_3_2026-9-13-06-31-26.ulg,high_change,q,0.9910714285714286,112
train,25,9.13数据/log_3_2026-9-13-06-31-26.ulg,high_change,r,0.9732142857142857,112
train,25,9.13数据/log_4_2026-9-13-06-36-26.ulg,ALL,vx,0.9971264367816092,696
train,25,9.13数据/log_4_2026-9-13-06-36-26.ulg,ALL,vy,0.9971264367816092,696
train,25,9.13数据/log_4_2026-9-13-06-36-26.ulg,ALL,vz,0.9985632183908046,696
train,25,9.13数据/log_4_2026-9-13-06-36-26.ulg,ALL,p,0.9985632183908046,696
train,25,9.13数据/log_4_2026-9-13-06-36-26.ulg,ALL,q,0.9956896551724138,696
train,25,9.13数据/log_4_2026-9-13-06-36-26.ulg,ALL,r,0.9971264367816092,696
train,25,9.13数据/log_4_2026-9-13-06-36-26.ulg,high_change,vx,0.978494623655914,93
train,25,9.13数据/log_4_2026-9-13-06-36-26.ulg,high_change,vy,0.978494623655914,93
train,25,9.13数据/log_4_2026-9-13-06-36-26.ulg,high_change,vz,0.989247311827957,93
train,25,9.13数据/log_4_2026-9-13-06-36-26.ulg,high_change,p,0.989247311827957,93
train,25,9.13数据/log_4_2026-9-13-06-36-26.ulg,high_change,q,0.967741935483871,93
train,25,9.13数据/log_4_2026-9-13-06-36-26.ulg,high_change,r,1.0,93
train,25,9.13数据/log_5_2026-9-13-06-42-40.ulg,ALL,vx,0.9945205479452055,730
train,25,9.13数据/log_5_2026-9-13-06-42-40.ulg,ALL,vy,0.9986301369863013,730
train,25,9.13数据/log_5_2026-9-13-06-42-40.ulg,ALL,vz,1.0,730
train,25,9.13数据/log_5_2026-9-13-06-42-40.ulg,ALL,p,0.9849315068493151,730
train,25,9.13数据/log_5_2026-9-13-06-42-40.ulg,ALL,q,0.9958904109589041,730
train,25,9.13数据/log_5_2026-9-13-06-42-40.ulg,ALL,r,0.9931506849315068,730
train,25,9.13数据/log_5_2026-9-13-06-42-40.ulg,high_change,vx,0.9722222222222222,108
train,25,9.13数据/log_5_2026-9-13-06-42-40.ulg,high_change,vy,0.9907407407407407,108
train,25,9.13数据/log_5_2026-9-13-06-42-40.ulg,high_change,vz,1.0,108
train,25,9.13数据/log_5_2026-9-13-06-42-40.ulg,high_change,p,0.9907407407407407,108
train,25,9.13数据/log_5_2026-9-13-06-42-40.ulg,high_change,q,0.9814814814814815,108
train,25,9.13数据/log_5_2026-9-13-06-42-40.ulg,high_change,r,0.9629629629629629,108
train,25,9.13数据/log_7_2026-9-13-18-12-52.ulg,ALL,vx,0.9777777777777777,450
train,25,9.13数据/log_7_2026-9-13-18-12-52.ulg,ALL,vy,0.9777777777777777,450
train,25,9.13数据/log_7_2026-9-13-18-12-52.ulg,ALL,vz,0.9866666666666667,450
train,25,9.13数据/log_7_2026-9-13-18-12-52.ulg,ALL,p,0.9577777777777777,450
train,25,9.13数据/log_7_2026-9-13-18-12-52.ulg,ALL,q,0.98,450
train,25,9.13数据/log_7_2026-9-13-18-12-52.ulg,ALL,r,0.9911111111111112,450
train,25,9.13数据/log_7_2026-9-13-18-12-52.ulg,high_change,vx,0.9513888888888888,144
train,25,9.13数据/log_7_2026-9-13-18-12-52.ulg,high_change,vy,0.9375,144
train,25,9.13数据/log_7_2026-9-13-18-12-52.ulg,high_change,vz,0.9652777777777778,144
train,25,9.13数据/log_7_2026-9-13-18-12-52.ulg,high_change,p,0.9444444444444444,144
train,25,9.13数据/log_7_2026-9-13-18-12-52.ulg,high_change,q,0.9583333333333334,144
train,25,9.13数据/log_7_2026-9-13-18-12-52.ulg,high_change,r,0.9861111111111112,144
train,25,9.14数据/log_11_2026-9-14-18-13-22.ulg,ALL,vx,0.9933862433862434,756
train,25,9.14数据/log_11_2026-9-14-18-13-22.ulg,ALL,vy,0.9880952380952381,756
train,25,9.14数据/log_11_2026-9-14-18-13-22.ulg,ALL,vz,0.9894179894179894,756
train,25,9.14数据/log_11_2026-9-14-18-13-22.ulg,ALL,p,0.966931216931217,756
train,25,9.14数据/log_11_2026-9-14-18-13-22.ulg,ALL,q,0.9880952380952381,756
train,25,9.14数据/log_11_2026-9-14-18-13-22.ulg,ALL,r,0.9920634920634921,756
train,25,9.14数据/log_11_2026-9-14-18-13-22.ulg,high_change,vx,0.9838709677419355,186
train,25,9.14数据/log_11_2026-9-14-18-13-22.ulg,high_change,vy,0.9731182795698925,186
train,25,9.14数据/log_11_2026-9-14-18-13-22.ulg,high_change,vz,0.978494623655914,186
train,25,9.14数据/log_11_2026-9-14-18-13-22.ulg,high_change,p,0.9731182795698925,186
train,25,9.14数据/log_11_2026-9-14-18-13-22.ulg,high_change,q,0.978494623655914,186
train,25,9.14数据/log_11_2026-9-14-18-13-22.ulg,high_change,r,0.9838709677419355,186
train,25,9.14数据/log_12_2026-9-14-18-20-30.ulg,ALL,vx,0.9934895833333334,768
train,25,9.14数据/log_12_2026-9-14-18-20-30.ulg,ALL,vy,0.9947916666666666,768
train,25,9.14数据/log_12_2026-9-14-18-20-30.ulg,ALL,vz,0.9856770833333334,768
train,25,9.14数据/log_12_2026-9-14-18-20-30.ulg,ALL,p,0.9596354166666666,768
train,25,9.14数据/log_12_2026-9-14-18-20-30.ulg,ALL,q,0.9830729166666666,768
train,25,9.14数据/log_12_2026-9-14-18-20-30.ulg,ALL,r,0.9739583333333334,768
train,25,9.14数据/log_12_2026-9-14-18-20-30.ulg,high_change,vx,0.9852941176470589,204
train,25,9.14数据/log_12_2026-9-14-18-20-30.ulg,high_change,vy,0.9901960784313726,204
train,25,9.14数据/log_12_2026-9-14-18-20-30.ulg,high_change,vz,0.9705882352941176,204
train,25,9.14数据/log_12_2026-9-14-18-20-30.ulg,high_change,p,0.9411764705882353,204
train,25,9.14数据/log_12_2026-9-14-18-20-30.ulg,high_change,q,0.9803921568627451,204
train,25,9.14数据/log_12_2026-9-14-18-20-30.ulg,high_change,r,0.9558823529411765,204
train,25,9.14数据/log_13_2026-9-14-18-28-32.ulg,ALL,vx,0.9954699886749717,883
train,25,9.14数据/log_13_2026-9-14-18-28-32.ulg,ALL,vy,0.9920724801812004,883
train,25,9.14数据/log_13_2026-9-14-18-28-32.ulg,ALL,vz,0.9943374858437146,883
train,25,9.14数据/log_13_2026-9-14-18-28-32.ulg,ALL,p,0.9728199320498301,883
train,25,9.14数据/log_13_2026-9-14-18-28-32.ulg,ALL,q,0.9796149490373726,883
train,25,9.14数据/log_13_2026-9-14-18-28-32.ulg,ALL,r,0.9886749716874292,883
train,25,9.14数据/log_13_2026-9-14-18-28-32.ulg,high_change,vx,0.989247311827957,186
train,25,9.14数据/log_13_2026-9-14-18-28-32.ulg,high_change,vy,0.978494623655914,186
train,25,9.14数据/log_13_2026-9-14-18-28-32.ulg,high_change,vz,1.0,186
train,25,9.14数据/log_13_2026-9-14-18-28-32.ulg,high_change,p,0.9623655913978495,186
train,25,9.14数据/log_13_2026-9-14-18-28-32.ulg,high_change,q,0.967741935483871,186
train,25,9.14数据/log_13_2026-9-14-18-28-32.ulg,high_change,r,0.9946236559139785,186
train,25,9.14数据/log_14_2026-9-14-18-34-22.ulg,ALL,vx,0.9816666666666667,600
train,25,9.14数据/log_14_2026-9-14-18-34-22.ulg,ALL,vy,0.985,600
train,25,9.14数据/log_14_2026-9-14-18-34-22.ulg,ALL,vz,0.9833333333333333,600
train,25,9.14数据/log_14_2026-9-14-18-34-22.ulg,ALL,p,0.95,600
train,25,9.14数据/log_14_2026-9-14-18-34-22.ulg,ALL,q,0.9816666666666667,600
train,25,9.14数据/log_14_2026-9-14-18-34-22.ulg,ALL,r,0.975,600
train,25,9.14数据/log_14_2026-9-14-18-34-22.ulg,high_change,vx,0.9139784946236559,93
train,25,9.14数据/log_14_2026-9-14-18-34-22.ulg,high_change,vy,0.9139784946236559,93
train,25,9.14数据/log_14_2026-9-14-18-34-22.ulg,high_change,vz,0.956989247311828,93
train,25,9.14数据/log_14_2026-9-14-18-34-22.ulg,high_change,p,0.8602150537634409,93
train,25,9.14数据/log_14_2026-9-14-18-34-22.ulg,high_change,q,0.8924731182795699,93
train,25,9.14数据/log_14_2026-9-14-18-34-22.ulg,high_change,r,0.8924731182795699,93
train,25,9.15数据/log_10_2026-9-15-17-44-04.ulg,ALL,vx,0.9814814814814815,594
train,25,9.15数据/log_10_2026-9-15-17-44-04.ulg,ALL,vy,0.9882154882154882,594
train,25,9.15数据/log_10_2026-9-15-17-44-04.ulg,ALL,vz,0.9764309764309764,594
train,25,9.15数据/log_10_2026-9-15-17-44-04.ulg,ALL,p,0.9949494949494949,594
train,25,9.15数据/log_10_2026-9-15-17-44-04.ulg,ALL,q,0.9781144781144782,594
train,25,9.15数据/log_10_2026-9-15-17-44-04.ulg,ALL,r,0.9747474747474747,594
train,25,9.15数据/log_10_2026-9-15-17-44-04.ulg,high_change,vx,0.9570815450643777,233
train,25,9.15数据/log_10_2026-9-15-17-44-04.ulg,high_change,vy,0.9785407725321889,233
train,25,9.15数据/log_10_2026-9-15-17-44-04.ulg,high_change,vz,0.9613733905579399,233
train,25,9.15数据/log_10_2026-9-15-17-44-04.ulg,high_change,p,0.9871244635193133,233
train,25,9.15数据/log_10_2026-9-15-17-44-04.ulg,high_change,q,0.9527896995708155,233
train,25,9.15数据/log_10_2026-9-15-17-44-04.ulg,high_change,r,0.9399141630901288,233
train,25,9.15数据/log_11_2026-9-15-17-51-56.ulg,ALL,vx,0.9851301115241635,538
train,25,9.15数据/log_11_2026-9-15-17-51-56.ulg,ALL,vy,0.9814126394052045,538
train,25,9.15数据/log_11_2026-9-15-17-51-56.ulg,ALL,vz,0.9721189591078067,538
train,25,9.15数据/log_11_2026-9-15-17-51-56.ulg,ALL,p,0.9962825278810409,538
train,25,9.15数据/log_11_2026-9-15-17-51-56.ulg,ALL,q,0.9795539033457249,538
train,25,9.15数据/log_11_2026-9-15-17-51-56.ulg,ALL,r,0.9684014869888475,538
train,25,9.15数据/log_11_2026-9-15-17-51-56.ulg,high_change,vx,0.9550561797752809,178
train,25,9.15数据/log_11_2026-9-15-17-51-56.ulg,high_change,vy,0.9662921348314607,178
train,25,9.15数据/log_11_2026-9-15-17-51-56.ulg,high_change,vz,0.9550561797752809,178
train,25,9.15数据/log_11_2026-9-15-17-51-56.ulg,high_change,p,0.9943820224719101,178
train,25,9.15数据/log_11_2026-9-15-17-51-56.ulg,high_change,q,0.9550561797752809,178
train,25,9.15数据/log_11_2026-9-15-17-51-56.ulg,high_change,r,0.9325842696629213,178
train,25,9.15数据/log_12_2026-9-15-18-03-58.ulg,ALL,vx,0.9943181818181818,704
train,25,9.15数据/log_12_2026-9-15-18-03-58.ulg,ALL,vy,0.9928977272727273,704
train,25,9.15数据/log_12_2026-9-15-18-03-58.ulg,ALL,vz,0.9957386363636364,704
train,25,9.15数据/log_12_2026-9-15-18-03-58.ulg,ALL,p,0.9957386363636364,704
train,25,9.15数据/log_12_2026-9-15-18-03-58.ulg,ALL,q,0.984375,704
train,25,9.15数据/log_12_2026-9-15-18-03-58.ulg,ALL,r,0.9872159090909091,704
train,25,9.15数据/log_12_2026-9-15-18-03-58.ulg,high_change,vx,0.9754601226993865,163
train,25,9.15数据/log_12_2026-9-15-18-03-58.ulg,high_change,vy,0.9815950920245399,163
train,25,9.15数据/log_12_2026-9-15-18-03-58.ulg,high_change,vz,0.9815950920245399,163
train,25,9.15数据/log_12_2026-9-15-18-03-58.ulg,high_change,p,0.9877300613496932,163
train,25,9.15数据/log_12_2026-9-15-18-03-58.ulg,high_change,q,0.9570552147239264,163
train,25,9.15数据/log_12_2026-9-15-18-03-58.ulg,high_change,r,0.9631901840490797,163
train,25,9.15数据/log_13_2026-9-15-18-10-58.ulg,ALL,vx,0.9971014492753624,690
train,25,9.15数据/log_13_2026-9-15-18-10-58.ulg,ALL,vy,0.9971014492753624,690
train,25,9.15数据/log_13_2026-9-15-18-10-58.ulg,ALL,vz,1.0,690
train,25,9.15数据/log_13_2026-9-15-18-10-58.ulg,ALL,p,0.9985507246376811,690
train,25,9.15数据/log_13_2026-9-15-18-10-58.ulg,ALL,q,0.991304347826087,690
train,25,9.15数据/log_13_2026-9-15-18-10-58.ulg,ALL,r,0.9956521739130435,690
train,25,9.15数据/log_13_2026-9-15-18-10-58.ulg,high_change,vx,0.9811320754716981,106
train,25,9.15数据/log_13_2026-9-15-18-10-58.ulg,high_change,vy,0.9905660377358491,106
train,25,9.15数据/log_13_2026-9-15-18-10-58.ulg,high_change,vz,1.0,106
train,25,9.15数据/log_13_2026-9-15-18-10-58.ulg,high_change,p,0.9905660377358491,106
train,25,9.15数据/log_13_2026-9-15-18-10-58.ulg,high_change,q,0.9622641509433962,106
train,25,9.15数据/log_13_2026-9-15-18-10-58.ulg,high_change,r,0.9905660377358491,106
train,25,9.15数据/log_14_2026-9-15-18-17-26.ulg,ALL,vx,0.9956204379562044,685
train,25,9.15数据/log_14_2026-9-15-18-17-26.ulg,ALL,vy,0.9941605839416059,685
train,25,9.15数据/log_14_2026-9-15-18-17-26.ulg,ALL,vz,0.9941605839416059,685
train,25,9.15数据/log_14_2026-9-15-18-17-26.ulg,ALL,p,0.9985401459854014,685
train,25,9.15数据/log_14_2026-9-15-18-17-26.ulg,ALL,q,0.9854014598540146,685
train,25,9.15数据/log_14_2026-9-15-18-17-26.ulg,ALL,r,0.9897810218978103,685
train,25,9.15数据/log_14_2026-9-15-18-17-26.ulg,high_change,vx,0.9893048128342246,187
train,25,9.15数据/log_14_2026-9-15-18-17-26.ulg,high_change,vy,0.9786096256684492,187
train,25,9.15数据/log_14_2026-9-15-18-17-26.ulg,high_change,vz,0.9893048128342246,187
train,25,9.15数据/log_14_2026-9-15-18-17-26.ulg,high_change,p,0.9946524064171123,187
train,25,9.15数据/log_14_2026-9-15-18-17-26.ulg,high_change,q,0.9572192513368984,187
train,25,9.15数据/log_14_2026-9-15-18-17-26.ulg,high_change,r,0.9786096256684492,187
train,25,9.15数据/log_15_2026-9-15-18-23-44.ulg,ALL,vx,0.9943019943019943,702
train,25,9.15数据/log_15_2026-9-15-18-23-44.ulg,ALL,vy,0.9914529914529915,702
train,25,9.15数据/log_15_2026-9-15-18-23-44.ulg,ALL,vz,0.9928774928774928,702
train,25,9.15数据/log_15_2026-9-15-18-23-44.ulg,ALL,p,0.9985754985754985,702
train,25,9.15数据/log_15_2026-9-15-18-23-44.ulg,ALL,q,0.9914529914529915,702
train,25,9.15数据/log_15_2026-9-15-18-23-44.ulg,ALL,r,0.9957264957264957,702
train,25,9.15数据/log_15_2026-9-15-18-23-44.ulg,high_change,vx,0.9786096256684492,187
train,25,9.15数据/log_15_2026-9-15-18-23-44.ulg,high_change,vy,0.9786096256684492,187
train,25,9.15数据/log_15_2026-9-15-18-23-44.ulg,high_change,vz,0.9946524064171123,187
train,25,9.15数据/log_15_2026-9-15-18-23-44.ulg,high_change,p,1.0,187
train,25,9.15数据/log_15_2026-9-15-18-23-44.ulg,high_change,q,0.9946524064171123,187
train,25,9.15数据/log_15_2026-9-15-18-23-44.ulg,high_change,r,0.9946524064171123,187
train,25,9.16数据/log_1_2026-9-16-18-02-34.ulg,ALL,vx,0.9913194444444444,576
train,25,9.16数据/log_1_2026-9-16-18-02-34.ulg,ALL,vy,0.9913194444444444,576
train,25,9.16数据/log_1_2026-9-16-18-02-34.ulg,ALL,vz,0.9930555555555556,576
train,25,9.16数据/log_1_2026-9-16-18-02-34.ulg,ALL,p,0.9965277777777778,576
train,25,9.16数据/log_1_2026-9-16-18-02-34.ulg,ALL,q,0.9861111111111112,576
train,25,9.16数据/log_1_2026-9-16-18-02-34.ulg,ALL,r,0.9861111111111112,576
train,25,9.16数据/log_1_2026-9-16-18-02-34.ulg,high_change,vx,0.9791666666666666,144
train,25,9.16数据/log_1_2026-9-16-18-02-34.ulg,high_change,vy,0.9722222222222222,144
train,25,9.16数据/log_1_2026-9-16-18-02-34.ulg,high_change,vz,0.9791666666666666,144
train,25,9.16数据/log_1_2026-9-16-18-02-34.ulg,high_change,p,0.9930555555555556,144
train,25,9.16数据/log_1_2026-9-16-18-02-34.ulg,high_change,q,0.9722222222222222,144
train,25,9.16数据/log_1_2026-9-16-18-02-34.ulg,high_change,r,0.9722222222222222,144
train,25,9.16数据/log_2_2026-9-16-18-08-46.ulg,ALL,vx,0.9898697539797395,691
train,25,9.16数据/log_2_2026-9-16-18-08-46.ulg,ALL,vy,0.9927641099855282,691
train,25,9.16数据/log_2_2026-9-16-18-08-46.ulg,ALL,vz,0.9942112879884226,691
train,25,9.16数据/log_2_2026-9-16-18-08-46.ulg,ALL,p,0.9985528219971056,691
train,25,9.16数据/log_2_2026-9-16-18-08-46.ulg,ALL,q,0.9898697539797395,691
train,25,9.16数据/log_2_2026-9-16-18-08-46.ulg,ALL,r,0.9855282199710564,691
train,25,9.16数据/log_2_2026-9-16-18-08-46.ulg,high_change,vx,0.9702380952380952,168
train,25,9.16数据/log_2_2026-9-16-18-08-46.ulg,high_change,vy,0.9821428571428571,168
train,25,9.16数据/log_2_2026-9-16-18-08-46.ulg,high_change,vz,0.9940476190476191,168
train,25,9.16数据/log_2_2026-9-16-18-08-46.ulg,high_change,p,1.0,168
train,25,9.16数据/log_2_2026-9-16-18-08-46.ulg,high_change,q,0.9642857142857143,168
train,25,9.16数据/log_2_2026-9-16-18-08-46.ulg,high_change,r,0.9642857142857143,168
train,25,9.16数据/log_3_2026-9-16-18-13-58.ulg,ALL,vx,0.9904030710172744,521
train,25,9.16数据/log_3_2026-9-16-18-13-58.ulg,ALL,vy,0.9942418426103646,521
train,25,9.16数据/log_3_2026-9-16-18-13-58.ulg,ALL,vz,0.9923224568138196,521
train,25,9.16数据/log_3_2026-9-16-18-13-58.ulg,ALL,p,0.9980806142034548,521
train,25,9.16数据/log_3_2026-9-16-18-13-58.ulg,ALL,q,0.980806142034549,521
train,25,9.16数据/log_3_2026-9-16-18-13-58.ulg,ALL,r,0.9942418426103646,521
train,25,9.16数据/log_3_2026-9-16-18-13-58.ulg,high_change,vx,0.9699248120300752,133
train,25,9.16数据/log_3_2026-9-16-18-13-58.ulg,high_change,vy,0.9774436090225563,133
train,25,9.16数据/log_3_2026-9-16-18-13-58.ulg,high_change,vz,0.9774436090225563,133
train,25,9.16数据/log_3_2026-9-16-18-13-58.ulg,high_change,p,0.9924812030075187,133
train,25,9.16数据/log_3_2026-9-16-18-13-58.ulg,high_change,q,0.9323308270676691,133
train,25,9.16数据/log_3_2026-9-16-18-13-58.ulg,high_change,r,0.9849624060150376,133
train,25,9.16数据/log_4_2026-9-16-18-20-50.ulg,ALL,vx,0.9970972423802612,689
train,25,9.16数据/log_4_2026-9-16-18-20-50.ulg,ALL,vy,0.9956458635703919,689
train,25,9.16数据/log_4_2026-9-16-18-20-50.ulg,ALL,vz,0.9912917271407837,689
train,25,9.16数据/log_4_2026-9-16-18-20-50.ulg,ALL,p,0.9985486211901307,689
train,25,9.16数据/log_4_2026-9-16-18-20-50.ulg,ALL,q,0.9840348330914369,689
train,25,9.16数据/log_4_2026-9-16-18-20-50.ulg,ALL,r,0.9854862119013063,689
train,25,9.16数据/log_4_2026-9-16-18-20-50.ulg,high_change,vx,0.9878787878787879,165
train,25,9.16数据/log_4_2026-9-16-18-20-50.ulg,high_change,vy,0.9939393939393939,165
train,25,9.16数据/log_4_2026-9-16-18-20-50.ulg,high_change,vz,0.9636363636363636,165
train,25,9.16数据/log_4_2026-9-16-18-20-50.ulg,high_change,p,0.9939393939393939,165
train,25,9.16数据/log_4_2026-9-16-18-20-50.ulg,high_change,q,0.9454545454545454,165
train,25,9.16数据/log_4_2026-9-16-18-20-50.ulg,high_change,r,0.9636363636363636,165
train,25,9.16数据/log_5_2026-9-16-18-26-48.ulg,ALL,vx,0.9969604863221885,658
train,25,9.16数据/log_5_2026-9-16-18-26-48.ulg,ALL,vy,1.0,658
train,25,9.16数据/log_5_2026-9-16-18-26-48.ulg,ALL,vz,0.9984802431610942,658
train,25,9.16数据/log_5_2026-9-16-18-26-48.ulg,ALL,p,0.9832826747720365,658
train,25,9.16数据/log_5_2026-9-16-18-26-48.ulg,ALL,q,0.9954407294832827,658
train,25,9.16数据/log_5_2026-9-16-18-26-48.ulg,ALL,r,0.993920972644377,658
train,25,9.16数据/log_5_2026-9-16-18-26-48.ulg,high_change,vx,0.990990990990991,111
train,25,9.16数据/log_5_2026-9-16-18-26-48.ulg,high_change,vy,1.0,111
train,25,9.16数据/log_5_2026-9-16-18-26-48.ulg,high_change,vz,0.990990990990991,111
train,25,9.16数据/log_5_2026-9-16-18-26-48.ulg,high_change,p,0.963963963963964,111
train,25,9.16数据/log_5_2026-9-16-18-26-48.ulg,high_change,q,0.972972972972973,111
train,25,9.16数据/log_5_2026-9-16-18-26-48.ulg,high_change,r,0.972972972972973,111
train,25,9.18数据/log_0_2026-9-18-18-15-06.ulg,ALL,vx,0.9690026954177897,742
train,25,9.18数据/log_0_2026-9-18-18-15-06.ulg,ALL,vy,0.977088948787062,742
train,25,9.18数据/log_0_2026-9-18-18-15-06.ulg,ALL,vz,0.9555256064690026,742
train,25,9.18数据/log_0_2026-9-18-18-15-06.ulg,ALL,p,0.9946091644204852,742
train,25,9.18数据/log_0_2026-9-18-18-15-06.ulg,ALL,q,0.9555256064690026,742
train,25,9.18数据/log_0_2026-9-18-18-15-06.ulg,ALL,r,0.9878706199460916,742
train,25,9.18数据/log_0_2026-9-18-18-15-06.ulg,high_change,vx,0.9511278195488722,266
train,25,9.18数据/log_0_2026-9-18-18-15-06.ulg,high_change,vy,0.9624060150375939,266
train,25,9.18数据/log_0_2026-9-18-18-15-06.ulg,high_change,vz,0.9285714285714286,266
train,25,9.18数据/log_0_2026-9-18-18-15-06.ulg,high_change,p,0.9887218045112782,266
train,25,9.18数据/log_0_2026-9-18-18-15-06.ulg,high_change,q,0.9210526315789473,266
train,25,9.18数据/log_0_2026-9-18-18-15-06.ulg,high_change,r,0.9736842105263158,266
train,25,9.18数据/log_1_2026-9-18-18-23-36.ulg,ALL,vx,0.976911976911977,693
train,25,9.18数据/log_1_2026-9-18-18-23-36.ulg,ALL,vy,0.974025974025974,693
train,25,9.18数据/log_1_2026-9-18-18-23-36.ulg,ALL,vz,0.9668109668109668,693
train,25,9.18数据/log_1_2026-9-18-18-23-36.ulg,ALL,p,0.987012987012987,693
train,25,9.18数据/log_1_2026-9-18-18-23-36.ulg,ALL,q,0.9581529581529582,693
train,25,9.18数据/log_1_2026-9-18-18-23-36.ulg,ALL,r,0.950937950937951,693
train,25,9.18数据/log_1_2026-9-18-18-23-36.ulg,high_change,vx,0.967551622418879,339
train,25,9.18数据/log_1_2026-9-18-18-23-36.ulg,high_change,vy,0.9557522123893806,339
train,25,9.18数据/log_1_2026-9-18-18-23-36.ulg,high_change,vz,0.9646017699115044,339
train,25,9.18数据/log_1_2026-9-18-18-23-36.ulg,high_change,p,0.9852507374631269,339
train,25,9.18数据/log_1_2026-9-18-18-23-36.ulg,high_change,q,0.943952802359882,339
train,25,9.18数据/log_1_2026-9-18-18-23-36.ulg,high_change,r,0.9233038348082596,339
train,25,9.18数据/log_2_2026-9-18-18-29-40.ulg,ALL,vx,0.9743935309973046,742
train,25,9.18数据/log_2_2026-9-18-18-29-40.ulg,ALL,vy,0.9811320754716981,742
train,25,9.18数据/log_2_2026-9-18-18-29-40.ulg,ALL,vz,0.9743935309973046,742
train,25,9.18数据/log_2_2026-9-18-18-29-40.ulg,ALL,p,0.9919137466307277,742
train,25,9.18数据/log_2_2026-9-18-18-29-40.ulg,ALL,q,0.9514824797843666,742
train,25,9.18数据/log_2_2026-9-18-18-29-40.ulg,ALL,r,0.9595687331536388,742
train,25,9.18数据/log_2_2026-9-18-18-29-40.ulg,high_change,vx,0.9514925373134329,268
train,25,9.18数据/log_2_2026-9-18-18-29-40.ulg,high_change,vy,0.9701492537313433,268
train,25,9.18数据/log_2_2026-9-18-18-29-40.ulg,high_change,vz,0.9514925373134329,268
train,25,9.18数据/log_2_2026-9-18-18-29-40.ulg,high_change,p,0.9888059701492538,268
train,25,9.18数据/log_2_2026-9-18-18-29-40.ulg,high_change,q,0.917910447761194,268
train,25,9.18数据/log_2_2026-9-18-18-29-40.ulg,high_change,r,0.9328358208955224,268
validation,25,2026.9.7/log_21_2026-9-7-05-54-56.ulg,ALL,vx,0.9880952380952381,168
validation,25,2026.9.7/log_21_2026-9-7-05-54-56.ulg,ALL,vy,0.9940476190476191,168
validation,25,2026.9.7/log_21_2026-9-7-05-54-56.ulg,ALL,vz,0.9940476190476191,168
validation,25,2026.9.7/log_21_2026-9-7-05-54-56.ulg,ALL,p,0.9345238095238095,168
validation,25,2026.9.7/log_21_2026-9-7-05-54-56.ulg,ALL,q,0.9821428571428571,168
validation,25,2026.9.7/log_21_2026-9-7-05-54-56.ulg,ALL,r,0.9880952380952381,168
validation,25,2026.9.7/log_21_2026-9-7-05-54-56.ulg,high_change,vx,0.9583333333333334,24
validation,25,2026.9.7/log_21_2026-9-7-05-54-56.ulg,high_change,vy,0.9583333333333334,24
validation,25,2026.9.7/log_21_2026-9-7-05-54-56.ulg,high_change,vz,0.9583333333333334,24
validation,25,2026.9.7/log_21_2026-9-7-05-54-56.ulg,high_change,p,0.9166666666666666,24
validation,25,2026.9.7/log_21_2026-9-7-05-54-56.ulg,high_change,q,0.9583333333333334,24
validation,25,2026.9.7/log_21_2026-9-7-05-54-56.ulg,high_change,r,0.9166666666666666,24
validation,25,2026.9.7/log_22_2026-9-7-06-01-40.ulg,ALL,vx,0.978021978021978,182
validation,25,2026.9.7/log_22_2026-9-7-06-01-40.ulg,ALL,vy,0.989010989010989,182
validation,25,2026.9.7/log_22_2026-9-7-06-01-40.ulg,ALL,vz,0.9945054945054945,182
validation,25,2026.9.7/log_22_2026-9-7-06-01-40.ulg,ALL,p,0.945054945054945,182
validation,25,2026.9.7/log_22_2026-9-7-06-01-40.ulg,ALL,q,0.9835164835164835,182
validation,25,2026.9.7/log_22_2026-9-7-06-01-40.ulg,ALL,r,0.9945054945054945,182
validation,25,2026.9.7/log_22_2026-9-7-06-01-40.ulg,high_change,vx,1.0,30
validation,25,2026.9.7/log_22_2026-9-7-06-01-40.ulg,high_change,vy,0.9666666666666667,30
validation,25,2026.9.7/log_22_2026-9-7-06-01-40.ulg,high_change,vz,1.0,30
validation,25,2026.9.7/log_22_2026-9-7-06-01-40.ulg,high_change,p,0.9,30
validation,25,2026.9.7/log_22_2026-9-7-06-01-40.ulg,high_change,q,0.9333333333333333,30
validation,25,2026.9.7/log_22_2026-9-7-06-01-40.ulg,high_change,r,0.9666666666666667,30
validation,25,2026.9.7/log_23_2026-9-7-06-09-22.ulg,ALL,vx,0.98125,160
validation,25,2026.9.7/log_23_2026-9-7-06-09-22.ulg,ALL,vy,0.9875,160
validation,25,2026.9.7/log_23_2026-9-7-06-09-22.ulg,ALL,vz,1.0,160
validation,25,2026.9.7/log_23_2026-9-7-06-09-22.ulg,ALL,p,0.90625,160
validation,25,2026.9.7/log_23_2026-9-7-06-09-22.ulg,ALL,q,0.99375,160
validation,25,2026.9.7/log_23_2026-9-7-06-09-22.ulg,ALL,r,1.0,160
validation,25,2026.9.7/log_23_2026-9-7-06-09-22.ulg,high_change,vx,0.9666666666666667,30
validation,25,2026.9.7/log_23_2026-9-7-06-09-22.ulg,high_change,vy,0.9333333333333333,30
validation,25,2026.9.7/log_23_2026-9-7-06-09-22.ulg,high_change,vz,1.0,30
validation,25,2026.9.7/log_23_2026-9-7-06-09-22.ulg,high_change,p,0.8333333333333334,30
validation,25,2026.9.7/log_23_2026-9-7-06-09-22.ulg,high_change,q,1.0,30
validation,25,2026.9.7/log_23_2026-9-7-06-09-22.ulg,high_change,r,1.0,30
validation,25,2026.9.7/log_24_2026-9-7-06-16-04.ulg,ALL,vx,0.968944099378882,161
validation,25,2026.9.7/log_24_2026-9-7-06-16-04.ulg,ALL,vy,0.9937888198757764,161
validation,25,2026.9.7/log_24_2026-9-7-06-16-04.ulg,ALL,vz,0.9875776397515528,161
validation,25,2026.9.7/log_24_2026-9-7-06-16-04.ulg,ALL,p,0.9440993788819876,161
validation,25,2026.9.7/log_24_2026-9-7-06-16-04.ulg,ALL,q,0.9627329192546584,161
validation,25,2026.9.7/log_24_2026-9-7-06-16-04.ulg,ALL,r,0.9937888198757764,161
validation,25,2026.9.7/log_24_2026-9-7-06-16-04.ulg,high_change,vx,0.8947368421052632,19
validation,25,2026.9.7/log_24_2026-9-7-06-16-04.ulg,high_change,vy,1.0,19
validation,25,2026.9.7/log_24_2026-9-7-06-16-04.ulg,high_change,vz,0.9473684210526315,19
validation,25,2026.9.7/log_24_2026-9-7-06-16-04.ulg,high_change,p,0.8947368421052632,19
validation,25,2026.9.7/log_24_2026-9-7-06-16-04.ulg,high_change,q,1.0,19
validation,25,2026.9.7/log_24_2026-9-7-06-16-04.ulg,high_change,r,1.0,19
validation,25,2026.9.7/log_26_2026-9-7-06-30-26.ulg,ALL,vx,0.9933333333333333,150
validation,25,2026.9.7/log_26_2026-9-7-06-30-26.ulg,ALL,vy,0.9933333333333333,150
validation,25,2026.9.7/log_26_2026-9-7-06-30-26.ulg,ALL,vz,1.0,150
validation,25,2026.9.7/log_26_2026-9-7-06-30-26.ulg,ALL,p,0.9666666666666667,150
validation,25,2026.9.7/log_26_2026-9-7-06-30-26.ulg,ALL,q,0.9733333333333334,150
validation,25,2026.9.7/log_26_2026-9-7-06-30-26.ulg,ALL,r,1.0,150
validation,25,2026.9.7/log_26_2026-9-7-06-30-26.ulg,high_change,vx,0.9375,16
validation,25,2026.9.7/log_26_2026-9-7-06-30-26.ulg,high_change,vy,0.9375,16
validation,25,2026.9.7/log_26_2026-9-7-06-30-26.ulg,high_change,vz,1.0,16
validation,25,2026.9.7/log_26_2026-9-7-06-30-26.ulg,high_change,p,1.0,16
validation,25,2026.9.7/log_26_2026-9-7-06-30-26.ulg,high_change,q,0.9375,16
validation,25,2026.9.7/log_26_2026-9-7-06-30-26.ulg,high_change,r,1.0,16
validation,25,2026.9.7/log_27_2026-9-7-06-37-24.ulg,ALL,vx,0.9935483870967742,155
validation,25,2026.9.7/log_27_2026-9-7-06-37-24.ulg,ALL,vy,0.9935483870967742,155
validation,25,2026.9.7/log_27_2026-9-7-06-37-24.ulg,ALL,vz,1.0,155
validation,25,2026.9.7/log_27_2026-9-7-06-37-24.ulg,ALL,p,0.9483870967741935,155
validation,25,2026.9.7/log_27_2026-9-7-06-37-24.ulg,ALL,q,0.9870967741935484,155
validation,25,2026.9.7/log_27_2026-9-7-06-37-24.ulg,ALL,r,1.0,155
validation,25,2026.9.7/log_27_2026-9-7-06-37-24.ulg,high_change,vx,1.0,18
validation,25,2026.9.7/log_27_2026-9-7-06-37-24.ulg,high_change,vy,1.0,18
validation,25,2026.9.7/log_27_2026-9-7-06-37-24.ulg,high_change,vz,1.0,18
validation,25,2026.9.7/log_27_2026-9-7-06-37-24.ulg,high_change,p,0.8888888888888888,18
validation,25,2026.9.7/log_27_2026-9-7-06-37-24.ulg,high_change,q,1.0,18
validation,25,2026.9.7/log_27_2026-9-7-06-37-24.ulg,high_change,r,1.0,18
validation,25,2026.9.7/log_28_2026-9-7-06-44-02.ulg,ALL,vx,0.9785714285714285,140
validation,25,2026.9.7/log_28_2026-9-7-06-44-02.ulg,ALL,vy,1.0,140
validation,25,2026.9.7/log_28_2026-9-7-06-44-02.ulg,ALL,vz,0.9928571428571429,140
validation,25,2026.9.7/log_28_2026-9-7-06-44-02.ulg,ALL,p,0.95,140
validation,25,2026.9.7/log_28_2026-9-7-06-44-02.ulg,ALL,q,0.9857142857142858,140
validation,25,2026.9.7/log_28_2026-9-7-06-44-02.ulg,ALL,r,1.0,140
validation,25,2026.9.7/log_28_2026-9-7-06-44-02.ulg,high_change,vx,1.0,18
validation,25,2026.9.7/log_28_2026-9-7-06-44-02.ulg,high_change,vy,1.0,18
validation,25,2026.9.7/log_28_2026-9-7-06-44-02.ulg,high_change,vz,0.9444444444444444,18
validation,25,2026.9.7/log_28_2026-9-7-06-44-02.ulg,high_change,p,1.0,18
validation,25,2026.9.7/log_28_2026-9-7-06-44-02.ulg,high_change,q,0.8888888888888888,18
validation,25,2026.9.7/log_28_2026-9-7-06-44-02.ulg,high_change,r,1.0,18
validation,25,2026.9.7/log_29_2026-9-7-06-51-04.ulg,ALL,vx,0.9850746268656716,201
validation,25,2026.9.7/log_29_2026-9-7-06-51-04.ulg,ALL,vy,0.9950248756218906,201
validation,25,2026.9.7/log_29_2026-9-7-06-51-04.ulg,ALL,vz,0.9950248756218906,201
validation,25,2026.9.7/log_29_2026-9-7-06-51-04.ulg,ALL,p,0.9601990049751243,201
validation,25,2026.9.7/log_29_2026-9-7-06-51-04.ulg,ALL,q,0.9800995024875622,201
validation,25,2026.9.7/log_29_2026-9-7-06-51-04.ulg,ALL,r,0.9950248756218906,201
validation,25,2026.9.7/log_29_2026-9-7-06-51-04.ulg,high_change,vx,0.9545454545454546,22
validation,25,2026.9.7/log_29_2026-9-7-06-51-04.ulg,high_change,vy,0.9545454545454546,22
validation,25,2026.9.7/log_29_2026-9-7-06-51-04.ulg,high_change,vz,0.9545454545454546,22
validation,25,2026.9.7/log_29_2026-9-7-06-51-04.ulg,high_change,p,0.8636363636363636,22
validation,25,2026.9.7/log_29_2026-9-7-06-51-04.ulg,high_change,q,0.9545454545454546,22
validation,25,2026.9.7/log_29_2026-9-7-06-51-04.ulg,high_change,r,0.9545454545454546,22
validation,25,2026.9.7/log_30_2026-9-7-06-58-22.ulg,ALL,vx,0.9573170731707317,164
validation,25,2026.9.7/log_30_2026-9-7-06-58-22.ulg,ALL,vy,0.9512195121951219,164
validation,25,2026.9.7/log_30_2026-9-7-06-58-22.ulg,ALL,vz,1.0,164
validation,25,2026.9.7/log_30_2026-9-7-06-58-22.ulg,ALL,p,0.9634146341463414,164
validation,25,2026.9.7/log_30_2026-9-7-06-58-22.ulg,ALL,q,0.975609756097561,164
validation,25,2026.9.7/log_30_2026-9-7-06-58-22.ulg,ALL,r,1.0,164
validation,25,2026.9.7/log_30_2026-9-7-06-58-22.ulg,high_change,vx,0.875,8
validation,25,2026.9.7/log_30_2026-9-7-06-58-22.ulg,high_change,vy,1.0,8
validation,25,2026.9.7/log_30_2026-9-7-06-58-22.ulg,high_change,vz,1.0,8
validation,25,2026.9.7/log_30_2026-9-7-06-58-22.ulg,high_change,p,1.0,8
validation,25,2026.9.7/log_30_2026-9-7-06-58-22.ulg,high_change,q,1.0,8
validation,25,2026.9.7/log_30_2026-9-7-06-58-22.ulg,high_change,r,1.0,8
validation,25,9.17数据/log_10_2026-9-17-06-34-34.ulg,ALL,vx,0.9692307692307692,130
validation,25,9.17数据/log_10_2026-9-17-06-34-34.ulg,ALL,vy,0.9769230769230769,130
validation,25,9.17数据/log_10_2026-9-17-06-34-34.ulg,ALL,vz,0.9692307692307692,130
validation,25,9.17数据/log_10_2026-9-17-06-34-34.ulg,ALL,p,0.9461538461538461,130
validation,25,9.17数据/log_10_2026-9-17-06-34-34.ulg,ALL,q,0.9769230769230769,130
validation,25,9.17数据/log_10_2026-9-17-06-34-34.ulg,ALL,r,0.9923076923076923,130
validation,25,9.17数据/log_10_2026-9-17-06-34-34.ulg,high_change,vx,0.9411764705882353,34
validation,25,9.17数据/log_10_2026-9-17-06-34-34.ulg,high_change,vy,0.9411764705882353,34
validation,25,9.17数据/log_10_2026-9-17-06-34-34.ulg,high_change,vz,0.9411764705882353,34
validation,25,9.17数据/log_10_2026-9-17-06-34-34.ulg,high_change,p,0.9705882352941176,34
validation,25,9.17数据/log_10_2026-9-17-06-34-34.ulg,high_change,q,1.0,34
validation,25,9.17数据/log_10_2026-9-17-06-34-34.ulg,high_change,r,1.0,34
validation,25,9.17数据/log_11_2026-9-17-06-40-30.ulg,ALL,vx,0.993103448275862,145
validation,25,9.17数据/log_11_2026-9-17-06-40-30.ulg,ALL,vy,0.9793103448275862,145
validation,25,9.17数据/log_11_2026-9-17-06-40-30.ulg,ALL,vz,0.9862068965517241,145
validation,25,9.17数据/log_11_2026-9-17-06-40-30.ulg,ALL,p,0.9655172413793104,145
validation,25,9.17数据/log_11_2026-9-17-06-40-30.ulg,ALL,q,0.9793103448275862,145
validation,25,9.17数据/log_11_2026-9-17-06-40-30.ulg,ALL,r,0.9862068965517241,145
validation,25,9.17数据/log_11_2026-9-17-06-40-30.ulg,high_change,vx,0.9705882352941176,34
validation,25,9.17数据/log_11_2026-9-17-06-40-30.ulg,high_change,vy,0.9117647058823529,34
validation,25,9.17数据/log_11_2026-9-17-06-40-30.ulg,high_change,vz,0.9705882352941176,34
validation,25,9.17数据/log_11_2026-9-17-06-40-30.ulg,high_change,p,0.9705882352941176,34
validation,25,9.17数据/log_11_2026-9-17-06-40-30.ulg,high_change,q,0.9411764705882353,34
validation,25,9.17数据/log_11_2026-9-17-06-40-30.ulg,high_change,r,0.9411764705882353,34
validation,25,9.17数据/log_12_2026-9-17-06-46-02.ulg,ALL,vx,0.9444444444444444,144
validation,25,9.17数据/log_12_2026-9-17-06-46-02.ulg,ALL,vy,0.9861111111111112,144
validation,25,9.17数据/log_12_2026-9-17-06-46-02.ulg,ALL,vz,0.9791666666666666,144
validation,25,9.17数据/log_12_2026-9-17-06-46-02.ulg,ALL,p,0.9583333333333334,144
validation,25,9.17数据/log_12_2026-9-17-06-46-02.ulg,ALL,q,0.9722222222222222,144
validation,25,9.17数据/log_12_2026-9-17-06-46-02.ulg,ALL,r,0.9791666666666666,144
validation,25,9.17数据/log_12_2026-9-17-06-46-02.ulg,high_change,vx,0.8888888888888888,27
validation,25,9.17数据/log_12_2026-9-17-06-46-02.ulg,high_change,vy,0.9259259259259259,27
validation,25,9.17数据/log_12_2026-9-17-06-46-02.ulg,high_change,vz,0.9629629629629629,27
validation,25,9.17数据/log_12_2026-9-17-06-46-02.ulg,high_change,p,1.0,27
validation,25,9.17数据/log_12_2026-9-17-06-46-02.ulg,high_change,q,0.9259259259259259,27
validation,25,9.17数据/log_12_2026-9-17-06-46-02.ulg,high_change,r,0.9629629629629629,27
validation,25,9.17数据/log_13_2026-9-17-06-52-30.ulg,ALL,vx,0.9738562091503268,153
validation,25,9.17数据/log_13_2026-9-17-06-52-30.ulg,ALL,vy,0.9934640522875817,153
validation,25,9.17数据/log_13_2026-9-17-06-52-30.ulg,ALL,vz,0.9869281045751634,153
validation,25,9.17数据/log_13_2026-9-17-06-52-30.ulg,ALL,p,0.9803921568627451,153
validation,25,9.17数据/log_13_2026-9-17-06-52-30.ulg,ALL,q,0.9803921568627451,153
validation,25,9.17数据/log_13_2026-9-17-06-52-30.ulg,ALL,r,0.9934640522875817,153
validation,25,9.17数据/log_13_2026-9-17-06-52-30.ulg,high_change,vx,0.9655172413793104,58
validation,25,9.17数据/log_13_2026-9-17-06-52-30.ulg,high_change,vy,0.9827586206896551,58
validation,25,9.17数据/log_13_2026-9-17-06-52-30.ulg,high_change,vz,0.9655172413793104,58
validation,25,9.17数据/log_13_2026-9-17-06-52-30.ulg,high_change,p,0.9655172413793104,58
validation,25,9.17数据/log_13_2026-9-17-06-52-30.ulg,high_change,q,1.0,58
validation,25,9.17数据/log_13_2026-9-17-06-52-30.ulg,high_change,r,0.9827586206896551,58
validation,25,9.17数据/log_6_2026-9-17-06-02-24.ulg,ALL,vx,0.9927536231884058,138
validation,25,9.17数据/log_6_2026-9-17-06-02-24.ulg,ALL,vy,1.0,138
validation,25,9.17数据/log_6_2026-9-17-06-02-24.ulg,ALL,vz,0.9927536231884058,138
validation,25,9.17数据/log_6_2026-9-17-06-02-24.ulg,ALL,p,0.9855072463768116,138
validation,25,9.17数据/log_6_2026-9-17-06-02-24.ulg,ALL,q,0.9710144927536232,138
validation,25,9.17数据/log_6_2026-9-17-06-02-24.ulg,ALL,r,0.9927536231884058,138
validation,25,9.17数据/log_6_2026-9-17-06-02-24.ulg,high_change,vx,0.9714285714285714,35
validation,25,9.17数据/log_6_2026-9-17-06-02-24.ulg,high_change,vy,1.0,35
validation,25,9.17数据/log_6_2026-9-17-06-02-24.ulg,high_change,vz,0.9714285714285714,35
validation,25,9.17数据/log_6_2026-9-17-06-02-24.ulg,high_change,p,0.9428571428571428,35
validation,25,9.17数据/log_6_2026-9-17-06-02-24.ulg,high_change,q,0.9428571428571428,35
validation,25,9.17数据/log_6_2026-9-17-06-02-24.ulg,high_change,r,0.9714285714285714,35
validation,25,9.17数据/log_7_2026-9-17-06-12-16.ulg,ALL,vx,1.0,131
validation,25,9.17数据/log_7_2026-9-17-06-12-16.ulg,ALL,vy,1.0,131
validation,25,9.17数据/log_7_2026-9-17-06-12-16.ulg,ALL,vz,0.9923664122137404,131
validation,25,9.17数据/log_7_2026-9-17-06-12-16.ulg,ALL,p,0.9923664122137404,131
validation,25,9.17数据/log_7_2026-9-17-06-12-16.ulg,ALL,q,0.9923664122137404,131
validation,25,9.17数据/log_7_2026-9-17-06-12-16.ulg,ALL,r,1.0,131
validation,25,9.17数据/log_7_2026-9-17-06-12-16.ulg,high_change,vx,1.0,17
validation,25,9.17数据/log_7_2026-9-17-06-12-16.ulg,high_change,vy,1.0,17
validation,25,9.17数据/log_7_2026-9-17-06-12-16.ulg,high_change,vz,1.0,17
validation,25,9.17数据/log_7_2026-9-17-06-12-16.ulg,high_change,p,1.0,17
validation,25,9.17数据/log_7_2026-9-17-06-12-16.ulg,high_change,q,1.0,17
validation,25,9.17数据/log_7_2026-9-17-06-12-16.ulg,high_change,r,1.0,17
validation,25,9.17数据/log_8_2026-9-17-06-17-52.ulg,ALL,vx,0.9931506849315068,146
validation,25,9.17数据/log_8_2026-9-17-06-17-52.ulg,ALL,vy,0.9931506849315068,146
validation,25,9.17数据/log_8_2026-9-17-06-17-52.ulg,ALL,vz,0.9931506849315068,146
validation,25,9.17数据/log_8_2026-9-17-06-17-52.ulg,ALL,p,0.9726027397260274,146
validation,25,9.17数据/log_8_2026-9-17-06-17-52.ulg,ALL,q,0.9726027397260274,146
validation,25,9.17数据/log_8_2026-9-17-06-17-52.ulg,ALL,r,0.9657534246575342,146
validation,25,9.17数据/log_8_2026-9-17-06-17-52.ulg,high_change,vx,0.9696969696969697,33
validation,25,9.17数据/log_8_2026-9-17-06-17-52.ulg,high_change,vy,0.9696969696969697,33
validation,25,9.17数据/log_8_2026-9-17-06-17-52.ulg,high_change,vz,0.9696969696969697,33
validation,25,9.17数据/log_8_2026-9-17-06-17-52.ulg,high_change,p,0.9696969696969697,33
validation,25,9.17数据/log_8_2026-9-17-06-17-52.ulg,high_change,q,0.9090909090909091,33
validation,25,9.17数据/log_8_2026-9-17-06-17-52.ulg,high_change,r,0.9393939393939394,33
validation,25,9.17数据/log_9_2026-9-17-06-28-10.ulg,ALL,vx,0.9824561403508771,114
validation,25,9.17数据/log_9_2026-9-17-06-28-10.ulg,ALL,vy,0.9736842105263158,114
validation,25,9.17数据/log_9_2026-9-17-06-28-10.ulg,ALL,vz,1.0,114
validation,25,9.17数据/log_9_2026-9-17-06-28-10.ulg,ALL,p,0.9649122807017544,114
validation,25,9.17数据/log_9_2026-9-17-06-28-10.ulg,ALL,q,0.9736842105263158,114
validation,25,9.17数据/log_9_2026-9-17-06-28-10.ulg,ALL,r,0.9649122807017544,114
validation,25,9.17数据/log_9_2026-9-17-06-28-10.ulg,high_change,vx,0.9354838709677419,31
validation,25,9.17数据/log_9_2026-9-17-06-28-10.ulg,high_change,vy,0.9032258064516129,31
validation,25,9.17数据/log_9_2026-9-17-06-28-10.ulg,high_change,vz,1.0,31
validation,25,9.17数据/log_9_2026-9-17-06-28-10.ulg,high_change,p,0.9032258064516129,31
validation,25,9.17数据/log_9_2026-9-17-06-28-10.ulg,high_change,q,0.9354838709677419,31
validation,25,9.17数据/log_9_2026-9-17-06-28-10.ulg,high_change,r,0.9354838709677419,31
train,50,2026.9.6/log_17_2026-9-6-18-34-06.ulg,ALL,vx,0.9888268156424581,895
train,50,2026.9.6/log_17_2026-9-6-18-34-06.ulg,ALL,vy,0.9955307262569832,895
train,50,2026.9.6/log_17_2026-9-6-18-34-06.ulg,ALL,vz,1.0,895
train,50,2026.9.6/log_17_2026-9-6-18-34-06.ulg,ALL,p,0.9720670391061452,895
train,50,2026.9.6/log_17_2026-9-6-18-34-06.ulg,ALL,q,0.9843575418994414,895
train,50,2026.9.6/log_17_2026-9-6-18-34-06.ulg,ALL,r,0.9910614525139665,895
train,50,2026.9.6/log_17_2026-9-6-18-34-06.ulg,high_change,vx,0.97,200
train,50,2026.9.6/log_17_2026-9-6-18-34-06.ulg,high_change,vy,0.985,200
train,50,2026.9.6/log_17_2026-9-6-18-34-06.ulg,high_change,vz,1.0,200
train,50,2026.9.6/log_17_2026-9-6-18-34-06.ulg,high_change,p,0.96,200
train,50,2026.9.6/log_17_2026-9-6-18-34-06.ulg,high_change,q,0.975,200
train,50,2026.9.6/log_17_2026-9-6-18-34-06.ulg,high_change,r,0.985,200
train,50,2026.9.6/log_18_2026-9-6-18-46-20.ulg,ALL,vx,0.9928057553956835,695
train,50,2026.9.6/log_18_2026-9-6-18-46-20.ulg,ALL,vy,0.9985611510791367,695
train,50,2026.9.6/log_18_2026-9-6-18-46-20.ulg,ALL,vz,1.0,695
train,50,2026.9.6/log_18_2026-9-6-18-46-20.ulg,ALL,p,0.9870503597122302,695
train,50,2026.9.6/log_18_2026-9-6-18-46-20.ulg,ALL,q,0.9899280575539569,695
train,50,2026.9.6/log_18_2026-9-6-18-46-20.ulg,ALL,r,0.9899280575539569,695
train,50,2026.9.6/log_18_2026-9-6-18-46-20.ulg,high_change,vx,0.9806763285024155,207
train,50,2026.9.6/log_18_2026-9-6-18-46-20.ulg,high_change,vy,0.9951690821256038,207
train,50,2026.9.6/log_18_2026-9-6-18-46-20.ulg,high_change,vz,1.0,207
train,50,2026.9.6/log_18_2026-9-6-18-46-20.ulg,high_change,p,0.9855072463768116,207
train,50,2026.9.6/log_18_2026-9-6-18-46-20.ulg,high_change,q,0.9903381642512077,207
train,50,2026.9.6/log_18_2026-9-6-18-46-20.ulg,high_change,r,0.9806763285024155,207
train,50,2026.9.6/log_19_2026-9-6-18-52-30.ulg,ALL,vx,0.9844961240310077,774
train,50,2026.9.6/log_19_2026-9-6-18-52-30.ulg,ALL,vy,0.9961240310077519,774
train,50,2026.9.6/log_19_2026-9-6-18-52-30.ulg,ALL,vz,0.9961240310077519,774
train,50,2026.9.6/log_19_2026-9-6-18-52-30.ulg,ALL,p,0.9741602067183462,774
train,50,2026.9.6/log_19_2026-9-6-18-52-30.ulg,ALL,q,0.9870801033591732,774
train,50,2026.9.6/log_19_2026-9-6-18-52-30.ulg,ALL,r,0.9935400516795866,774
train,50,2026.9.6/log_19_2026-9-6-18-52-30.ulg,high_change,vx,0.9575757575757575,165
train,50,2026.9.6/log_19_2026-9-6-18-52-30.ulg,high_change,vy,0.9818181818181818,165
train,50,2026.9.6/log_19_2026-9-6-18-52-30.ulg,high_change,vz,0.9939393939393939,165
train,50,2026.9.6/log_19_2026-9-6-18-52-30.ulg,high_change,p,0.9939393939393939,165
train,50,2026.9.6/log_19_2026-9-6-18-52-30.ulg,high_change,q,0.9818181818181818,165
train,50,2026.9.6/log_19_2026-9-6-18-52-30.ulg,high_change,r,0.9878787878787879,165
train,50,2026.9.6/log_20_2026-9-6-18-58-10.ulg,ALL,vx,0.9846938775510204,588
train,50,2026.9.6/log_20_2026-9-6-18-58-10.ulg,ALL,vy,0.9965986394557823,588
train,50,2026.9.6/log_20_2026-9-6-18-58-10.ulg,ALL,vz,0.9914965986394558,588
train,50,2026.9.6/log_20_2026-9-6-18-58-10.ulg,ALL,p,0.9693877551020408,588
train,50,2026.9.6/log_20_2026-9-6-18-58-10.ulg,ALL,q,0.9846938775510204,588
train,50,2026.9.6/log_20_2026-9-6-18-58-10.ulg,ALL,r,0.9982993197278912,588
train,50,2026.9.6/log_20_2026-9-6-18-58-10.ulg,high_change,vx,0.9473684210526315,152
train,50,2026.9.6/log_20_2026-9-6-18-58-10.ulg,high_change,vy,0.993421052631579,152
train,50,2026.9.6/log_20_2026-9-6-18-58-10.ulg,high_change,vz,0.9868421052631579,152
train,50,2026.9.6/log_20_2026-9-6-18-58-10.ulg,high_change,p,0.9671052631578947,152
train,50,2026.9.6/log_20_2026-9-6-18-58-10.ulg,high_change,q,0.9868421052631579,152
train,50,2026.9.6/log_20_2026-9-6-18-58-10.ulg,high_change,r,0.993421052631579,152
train,50,2026.9.6/log_24_2026-9-6-06-28-38.ulg,ALL,vx,0.9772079772079773,702
train,50,2026.9.6/log_24_2026-9-6-06-28-38.ulg,ALL,vy,0.9857549857549858,702
train,50,2026.9.6/log_24_2026-9-6-06-28-38.ulg,ALL,vz,0.9957264957264957,702
train,50,2026.9.6/log_24_2026-9-6-06-28-38.ulg,ALL,p,0.9971509971509972,702
train,50,2026.9.6/log_24_2026-9-6-06-28-38.ulg,ALL,q,0.9786324786324786,702
train,50,2026.9.6/log_24_2026-9-6-06-28-38.ulg,ALL,r,0.9772079772079773,702
train,50,2026.9.6/log_24_2026-9-6-06-28-38.ulg,high_change,vx,0.9702602230483272,269
train,50,2026.9.6/log_24_2026-9-6-06-28-38.ulg,high_change,vy,0.9851301115241635,269
train,50,2026.9.6/log_24_2026-9-6-06-28-38.ulg,high_change,vz,0.9925650557620818,269
train,50,2026.9.6/log_24_2026-9-6-06-28-38.ulg,high_change,p,0.9962825278810409,269
train,50,2026.9.6/log_24_2026-9-6-06-28-38.ulg,high_change,q,0.9814126394052045,269
train,50,2026.9.6/log_24_2026-9-6-06-28-38.ulg,high_change,r,0.9702602230483272,269
train,50,2026.9.6/log_28_2026-9-6-07-01-38.ulg,ALL,vx,0.9683631361760661,727
train,50,2026.9.6/log_28_2026-9-6-07-01-38.ulg,ALL,vy,0.9752407152682255,727
train,50,2026.9.6/log_28_2026-9-6-07-01-38.ulg,ALL,vz,0.9491059147180193,727
train,50,2026.9.6/log_28_2026-9-6-07-01-38.ulg,ALL,p,0.9931224209078404,727
train,50,2026.9.6/log_28_2026-9-6-07-01-38.ulg,ALL,q,0.9697386519944979,727
train,50,2026.9.6/log_28_2026-9-6-07-01-38.ulg,ALL,r,0.9587345254470426,727
train,50,2026.9.6/log_28_2026-9-6-07-01-38.ulg,high_change,vx,0.9418181818181818,275
train,50,2026.9.6/log_28_2026-9-6-07-01-38.ulg,high_change,vy,0.9745454545454545,275
train,50,2026.9.6/log_28_2026-9-6-07-01-38.ulg,high_change,vz,0.9381818181818182,275
train,50,2026.9.6/log_28_2026-9-6-07-01-38.ulg,high_change,p,0.9818181818181818,275
train,50,2026.9.6/log_28_2026-9-6-07-01-38.ulg,high_change,q,0.9672727272727273,275
train,50,2026.9.6/log_28_2026-9-6-07-01-38.ulg,high_change,r,0.9527272727272728,275
train,50,9.11数据/log_13_2026-9-11-18-28-08.ulg,ALL,vx,0.9821029082774049,447
train,50,9.11数据/log_13_2026-9-11-18-28-08.ulg,ALL,vy,0.9910514541387024,447
train,50,9.11数据/log_13_2026-9-11-18-28-08.ulg,ALL,vz,0.9932885906040269,447
train,50,9.11数据/log_13_2026-9-11-18-28-08.ulg,ALL,p,0.9977628635346756,447
train,50,9.11数据/log_13_2026-9-11-18-28-08.ulg,ALL,q,0.970917225950783,447
train,50,9.11数据/log_13_2026-9-11-18-28-08.ulg,ALL,r,0.9865771812080537,447
train,50,9.11数据/log_13_2026-9-11-18-28-08.ulg,high_change,vx,0.9590643274853801,171
train,50,9.11数据/log_13_2026-9-11-18-28-08.ulg,high_change,vy,0.9766081871345029,171
train,50,9.11数据/log_13_2026-9-11-18-28-08.ulg,high_change,vz,0.9824561403508771,171
train,50,9.11数据/log_13_2026-9-11-18-28-08.ulg,high_change,p,0.9941520467836257,171
train,50,9.11数据/log_13_2026-9-11-18-28-08.ulg,high_change,q,0.9473684210526315,171
train,50,9.11数据/log_13_2026-9-11-18-28-08.ulg,high_change,r,0.9824561403508771,171
train,50,9.11数据/log_14_2026-9-11-18-34-58.ulg,ALL,vx,0.9780405405405406,592
train,50,9.11数据/log_14_2026-9-11-18-34-58.ulg,ALL,vy,0.9628378378378378,592
train,50,9.11数据/log_14_2026-9-11-18-34-58.ulg,ALL,vz,0.9983108108108109,592
train,50,9.11数据/log_14_2026-9-11-18-34-58.ulg,ALL,p,1.0,592
train,50,9.11数据/log_14_2026-9-11-18-34-58.ulg,ALL,q,0.981418918918919,592
train,50,9.11数据/log_14_2026-9-11-18-34-58.ulg,ALL,r,0.9881756756756757,592
train,50,9.11数据/log_14_2026-9-11-18-34-58.ulg,high_change,vx,0.9625,160
train,50,9.11数据/log_14_2026-9-11-18-34-58.ulg,high_change,vy,0.9625,160
train,50,9.11数据/log_14_2026-9-11-18-34-58.ulg,high_change,vz,1.0,160
train,50,9.11数据/log_14_2026-9-11-18-34-58.ulg,high_change,p,1.0,160
train,50,9.11数据/log_14_2026-9-11-18-34-58.ulg,high_change,q,0.96875,160
train,50,9.11数据/log_14_2026-9-11-18-34-58.ulg,high_change,r,0.98125,160
train,50,9.11数据/log_15_2026-9-11-18-40-48.ulg,ALL,vx,0.95,440
train,50,9.11数据/log_15_2026-9-11-18-40-48.ulg,ALL,vy,0.95,440
train,50,9.11数据/log_15_2026-9-11-18-40-48.ulg,ALL,vz,0.9863636363636363,440
train,50,9.11数据/log_15_2026-9-11-18-40-48.ulg,ALL,p,0.9795454545454545,440
train,50,9.11数据/log_15_2026-9-11-18-40-48.ulg,ALL,q,0.9590909090909091,440
train,50,9.11数据/log_15_2026-9-11-18-40-48.ulg,ALL,r,0.9590909090909091,440
train,50,9.11数据/log_15_2026-9-11-18-40-48.ulg,high_change,vx,0.9080459770114943,174
train,50,9.11数据/log_15_2026-9-11-18-40-48.ulg,high_change,vy,0.9252873563218391,174
train,50,9.11数据/log_15_2026-9-11-18-40-48.ulg,high_change,vz,0.9827586206896551,174
train,50,9.11数据/log_15_2026-9-11-18-40-48.ulg,high_change,p,0.9885057471264368,174
train,50,9.11数据/log_15_2026-9-11-18-40-48.ulg,high_change,q,0.9137931034482759,174
train,50,9.11数据/log_15_2026-9-11-18-40-48.ulg,high_change,r,0.9425287356321839,174
train,50,9.12数据/log_10_2026-9-12-06-13-40.ulg,ALL,vx,0.9841688654353562,758
train,50,9.12数据/log_10_2026-9-12-06-13-40.ulg,ALL,vy,0.996042216358839,758
train,50,9.12数据/log_10_2026-9-12-06-13-40.ulg,ALL,vz,0.9881266490765171,758
train,50,9.12数据/log_10_2026-9-12-06-13-40.ulg,ALL,p,0.9775725593667546,758
train,50,9.12数据/log_10_2026-9-12-06-13-40.ulg,ALL,q,0.9920844327176781,758
train,50,9.12数据/log_10_2026-9-12-06-13-40.ulg,ALL,r,0.9934036939313984,758
train,50,9.12数据/log_10_2026-9-12-06-13-40.ulg,high_change,vx,0.9874213836477987,159
train,50,9.12数据/log_10_2026-9-12-06-13-40.ulg,high_change,vy,0.9811320754716981,159
train,50,9.12数据/log_10_2026-9-12-06-13-40.ulg,high_change,vz,0.9811320754716981,159
train,50,9.12数据/log_10_2026-9-12-06-13-40.ulg,high_change,p,0.9622641509433962,159
train,50,9.12数据/log_10_2026-9-12-06-13-40.ulg,high_change,q,0.9937106918238994,159
train,50,9.12数据/log_10_2026-9-12-06-13-40.ulg,high_change,r,0.9811320754716981,159
train,50,9.12数据/log_11_2026-9-12-06-21-12.ulg,ALL,vx,0.9958333333333333,720
train,50,9.12数据/log_11_2026-9-12-06-21-12.ulg,ALL,vy,0.9708333333333333,720
train,50,9.12数据/log_11_2026-9-12-06-21-12.ulg,ALL,vz,0.9958333333333333,720
train,50,9.12数据/log_11_2026-9-12-06-21-12.ulg,ALL,p,0.9652777777777778,720
train,50,9.12数据/log_11_2026-9-12-06-21-12.ulg,ALL,q,0.9833333333333333,720
train,50,9.12数据/log_11_2026-9-12-06-21-12.ulg,ALL,r,0.9861111111111112,720
train,50,9.12数据/log_11_2026-9-12-06-21-12.ulg,high_change,vx,0.995,200
train,50,9.12数据/log_11_2026-9-12-06-21-12.ulg,high_change,vy,0.96,200
train,50,9.12数据/log_11_2026-9-12-06-21-12.ulg,high_change,vz,0.99,200
train,50,9.12数据/log_11_2026-9-12-06-21-12.ulg,high_change,p,0.97,200
train,50,9.12数据/log_11_2026-9-12-06-21-12.ulg,high_change,q,0.955,200
train,50,9.12数据/log_11_2026-9-12-06-21-12.ulg,high_change,r,0.975,200
train,50,9.12数据/log_12_2026-9-12-06-29-44.ulg,ALL,vx,0.9926793557833089,683
train,50,9.12数据/log_12_2026-9-12-06-29-44.ulg,ALL,vy,0.9882869692532943,683
train,50,9.12数据/log_12_2026-9-12-06-29-44.ulg,ALL,vz,0.9956076134699854,683
train,50,9.12数据/log_12_2026-9-12-06-29-44.ulg,ALL,p,0.9824304538799414,683
train,50,9.12数据/log_12_2026-9-12-06-29-44.ulg,ALL,q,0.9853587115666179,683
train,50,9.12数据/log_12_2026-9-12-06-29-44.ulg,ALL,r,0.9926793557833089,683
train,50,9.12数据/log_12_2026-9-12-06-29-44.ulg,high_change,vx,0.9820359281437125,167
train,50,9.12数据/log_12_2026-9-12-06-29-44.ulg,high_change,vy,0.9760479041916168,167
train,50,9.12数据/log_12_2026-9-12-06-29-44.ulg,high_change,vz,0.9880239520958084,167
train,50,9.12数据/log_12_2026-9-12-06-29-44.ulg,high_change,p,0.9760479041916168,167
train,50,9.12数据/log_12_2026-9-12-06-29-44.ulg,high_change,q,0.9760479041916168,167
train,50,9.12数据/log_12_2026-9-12-06-29-44.ulg,high_change,r,0.9760479041916168,167
train,50,9.12数据/log_2_2026-9-12-18-32-54.ulg,ALL,vx,1.0,753
train,50,9.12数据/log_2_2026-9-12-18-32-54.ulg,ALL,vy,0.9853917662682603,753
train,50,9.12数据/log_2_2026-9-12-18-32-54.ulg,ALL,vz,1.0,753
train,50,9.12数据/log_2_2026-9-12-18-32-54.ulg,ALL,p,0.9853917662682603,753
train,50,9.12数据/log_2_2026-9-12-18-32-54.ulg,ALL,q,0.99734395750332,753
train,50,9.12数据/log_2_2026-9-12-18-32-54.ulg,ALL,r,0.9960159362549801,753
train,50,9.12数据/log_2_2026-9-12-18-32-54.ulg,high_change,vx,1.0,103
train,50,9.12数据/log_2_2026-9-12-18-32-54.ulg,high_change,vy,0.9320388349514563,103
train,50,9.12数据/log_2_2026-9-12-18-32-54.ulg,high_change,vz,1.0,103
train,50,9.12数据/log_2_2026-9-12-18-32-54.ulg,high_change,p,0.9902912621359223,103
train,50,9.12数据/log_2_2026-9-12-18-32-54.ulg,high_change,q,0.9902912621359223,103
train,50,9.12数据/log_2_2026-9-12-18-32-54.ulg,high_change,r,1.0,103
train,50,9.12数据/log_3_2026-9-12-18-40-02.ulg,ALL,vx,0.9936868686868687,792
train,50,9.12数据/log_3_2026-9-12-18-40-02.ulg,ALL,vy,0.9974747474747475,792
train,50,9.12数据/log_3_2026-9-12-18-40-02.ulg,ALL,vz,0.9949494949494949,792
train,50,9.12数据/log_3_2026-9-12-18-40-02.ulg,ALL,p,0.98989898989899,792
train,50,9.12数据/log_3_2026-9-12-18-40-02.ulg,ALL,q,0.9886363636363636,792
train,50,9.12数据/log_3_2026-9-12-18-40-02.ulg,ALL,r,0.9987373737373737,792
train,50,9.12数据/log_3_2026-9-12-18-40-02.ulg,high_change,vx,0.9805194805194806,154
train,50,9.12数据/log_3_2026-9-12-18-40-02.ulg,high_change,vy,0.987012987012987,154
train,50,9.12数据/log_3_2026-9-12-18-40-02.ulg,high_change,vz,0.9805194805194806,154
train,50,9.12数据/log_3_2026-9-12-18-40-02.ulg,high_change,p,0.9805194805194806,154
train,50,9.12数据/log_3_2026-9-12-18-40-02.ulg,high_change,q,0.961038961038961,154
train,50,9.12数据/log_3_2026-9-12-18-40-02.ulg,high_change,r,0.9935064935064936,154
train,50,9.12数据/log_7_2026-9-12-05-49-02.ulg,ALL,vx,0.9908396946564886,655
train,50,9.12数据/log_7_2026-9-12-05-49-02.ulg,ALL,vy,0.9862595419847329,655
train,50,9.12数据/log_7_2026-9-12-05-49-02.ulg,ALL,vz,0.9969465648854962,655
train,50,9.12数据/log_7_2026-9-12-05-49-02.ulg,ALL,p,0.9908396946564886,655
train,50,9.12数据/log_7_2026-9-12-05-49-02.ulg,ALL,q,0.9923664122137404,655
train,50,9.12数据/log_7_2026-9-12-05-49-02.ulg,ALL,r,0.9938931297709923,655
train,50,9.12数据/log_7_2026-9-12-05-49-02.ulg,high_change,vx,0.9708029197080292,137
train,50,9.12数据/log_7_2026-9-12-05-49-02.ulg,high_change,vy,0.9781021897810219,137
train,50,9.12数据/log_7_2026-9-12-05-49-02.ulg,high_change,vz,1.0,137
train,50,9.12数据/log_7_2026-9-12-05-49-02.ulg,high_change,p,0.9927007299270073,137
train,50,9.12数据/log_7_2026-9-12-05-49-02.ulg,high_change,q,0.9927007299270073,137
train,50,9.12数据/log_7_2026-9-12-05-49-02.ulg,high_change,r,0.9927007299270073,137
train,50,9.12数据/log_8_2026-9-12-05-55-30.ulg,ALL,vx,0.9828220858895705,815
train,50,9.12数据/log_8_2026-9-12-05-55-30.ulg,ALL,vy,0.9865030674846625,815
train,50,9.12数据/log_8_2026-9-12-05-55-30.ulg,ALL,vz,0.9938650306748467,815
train,50,9.12数据/log_8_2026-9-12-05-55-30.ulg,ALL,p,0.9693251533742331,815
train,50,9.12数据/log_8_2026-9-12-05-55-30.ulg,ALL,q,0.9852760736196319,815
train,50,9.12数据/log_8_2026-9-12-05-55-30.ulg,ALL,r,0.9914110429447853,815
train,50,9.12数据/log_8_2026-9-12-05-55-30.ulg,high_change,vx,0.9528795811518325,191
train,50,9.12数据/log_8_2026-9-12-05-55-30.ulg,high_change,vy,0.9738219895287958,191
train,50,9.12数据/log_8_2026-9-12-05-55-30.ulg,high_change,vz,0.9790575916230366,191
train,50,9.12数据/log_8_2026-9-12-05-55-30.ulg,high_change,p,0.9633507853403142,191
train,50,9.12数据/log_8_2026-9-12-05-55-30.ulg,high_change,q,0.9685863874345549,191
train,50,9.12数据/log_8_2026-9-12-05-55-30.ulg,high_change,r,0.9895287958115183,191
train,50,9.12数据/log_9_2026-9-12-06-03-32.ulg,ALL,vx,0.9724680432645034,1017
train,50,9.12数据/log_9_2026-9-12-06-03-32.ulg,ALL,vy,0.9901671583087512,1017
train,50,9.12数据/log_9_2026-9-12-06-03-32.ulg,ALL,vz,0.9980334316617503,1017
train,50,9.12数据/log_9_2026-9-12-06-03-32.ulg,ALL,p,0.9655850540806293,1017
train,50,9.12数据/log_9_2026-9-12-06-03-32.ulg,ALL,q,0.9783677482792527,1017
train,50,9.12数据/log_9_2026-9-12-06-03-32.ulg,ALL,r,0.9931170108161259,1017
train,50,9.12数据/log_9_2026-9-12-06-03-32.ulg,high_change,vx,0.961864406779661,236
train,50,9.12数据/log_9_2026-9-12-06-03-32.ulg,high_change,vy,0.9745762711864406,236
train,50,9.12数据/log_9_2026-9-12-06-03-32.ulg,high_change,vz,0.9957627118644068,236
train,50,9.12数据/log_9_2026-9-12-06-03-32.ulg,high_change,p,0.9533898305084746,236
train,50,9.12数据/log_9_2026-9-12-06-03-32.ulg,high_change,q,0.9576271186440678,236
train,50,9.12数据/log_9_2026-9-12-06-03-32.ulg,high_change,r,0.9703389830508474,236
train,50,9.13数据/log_1_2026-9-13-06-11-06.ulg,ALL,vx,1.0,712
train,50,9.13数据/log_1_2026-9-13-06-11-06.ulg,ALL,vy,0.9957865168539326,712
train,50,9.13数据/log_1_2026-9-13-06-11-06.ulg,ALL,vz,1.0,712
train,50,9.13数据/log_1_2026-9-13-06-11-06.ulg,ALL,p,1.0,712
train,50,9.13数据/log_1_2026-9-13-06-11-06.ulg,ALL,q,0.9985955056179775,712
train,50,9.13数据/log_1_2026-9-13-06-11-06.ulg,ALL,r,0.9985955056179775,712
train,50,9.13数据/log_1_2026-9-13-06-11-06.ulg,high_change,vx,1.0,66
train,50,9.13数据/log_1_2026-9-13-06-11-06.ulg,high_change,vy,0.9545454545454546,66
train,50,9.13数据/log_1_2026-9-13-06-11-06.ulg,high_change,vz,1.0,66
train,50,9.13数据/log_1_2026-9-13-06-11-06.ulg,high_change,p,1.0,66
train,50,9.13数据/log_1_2026-9-13-06-11-06.ulg,high_change,q,1.0,66
train,50,9.13数据/log_1_2026-9-13-06-11-06.ulg,high_change,r,1.0,66
train,50,9.13数据/log_2_2026-9-13-06-20-06.ulg,ALL,vx,0.9971830985915493,710
train,50,9.13数据/log_2_2026-9-13-06-20-06.ulg,ALL,vy,1.0,710
train,50,9.13数据/log_2_2026-9-13-06-20-06.ulg,ALL,vz,1.0,710
train,50,9.13数据/log_2_2026-9-13-06-20-06.ulg,ALL,p,0.9943661971830986,710
train,50,9.13数据/log_2_2026-9-13-06-20-06.ulg,ALL,q,0.9971830985915493,710
train,50,9.13数据/log_2_2026-9-13-06-20-06.ulg,ALL,r,0.9971830985915493,710
train,50,9.13数据/log_2_2026-9-13-06-20-06.ulg,high_change,vx,0.9823008849557522,113
train,50,9.13数据/log_2_2026-9-13-06-20-06.ulg,high_change,vy,1.0,113
train,50,9.13数据/log_2_2026-9-13-06-20-06.ulg,high_change,vz,1.0,113
train,50,9.13数据/log_2_2026-9-13-06-20-06.ulg,high_change,p,0.9823008849557522,113
train,50,9.13数据/log_2_2026-9-13-06-20-06.ulg,high_change,q,1.0,113
train,50,9.13数据/log_2_2026-9-13-06-20-06.ulg,high_change,r,1.0,113
train,50,9.13数据/log_3_2026-9-13-06-31-26.ulg,ALL,vx,1.0,710
train,50,9.13数据/log_3_2026-9-13-06-31-26.ulg,ALL,vy,0.9971830985915493,710
train,50,9.13数据/log_3_2026-9-13-06-31-26.ulg,ALL,vz,1.0,710
train,50,9.13数据/log_3_2026-9-13-06-31-26.ulg,ALL,p,0.9985915492957746,710
train,50,9.13数据/log_3_2026-9-13-06-31-26.ulg,ALL,q,0.995774647887324,710
train,50,9.13数据/log_3_2026-9-13-06-31-26.ulg,ALL,r,1.0,710
train,50,9.13数据/log_3_2026-9-13-06-31-26.ulg,high_change,vx,1.0,112
train,50,9.13数据/log_3_2026-9-13-06-31-26.ulg,high_change,vy,0.9821428571428571,112
train,50,9.13数据/log_3_2026-9-13-06-31-26.ulg,high_change,vz,1.0,112
train,50,9.13数据/log_3_2026-9-13-06-31-26.ulg,high_change,p,1.0,112
train,50,9.13数据/log_3_2026-9-13-06-31-26.ulg,high_change,q,0.9910714285714286,112
train,50,9.13数据/log_3_2026-9-13-06-31-26.ulg,high_change,r,1.0,112
train,50,9.13数据/log_4_2026-9-13-06-36-26.ulg,ALL,vx,0.9985632183908046,696
train,50,9.13数据/log_4_2026-9-13-06-36-26.ulg,ALL,vy,0.992816091954023,696
train,50,9.13数据/log_4_2026-9-13-06-36-26.ulg,ALL,vz,1.0,696
train,50,9.13数据/log_4_2026-9-13-06-36-26.ulg,ALL,p,0.9942528735632183,696
train,50,9.13数据/log_4_2026-9-13-06-36-26.ulg,ALL,q,0.9971264367816092,696
train,50,9.13数据/log_4_2026-9-13-06-36-26.ulg,ALL,r,0.9971264367816092,696
train,50,9.13数据/log_4_2026-9-13-06-36-26.ulg,high_change,vx,1.0,93
train,50,9.13数据/log_4_2026-9-13-06-36-26.ulg,high_change,vy,0.956989247311828,93
train,50,9.13数据/log_4_2026-9-13-06-36-26.ulg,high_change,vz,1.0,93
train,50,9.13数据/log_4_2026-9-13-06-36-26.ulg,high_change,p,0.967741935483871,93
train,50,9.13数据/log_4_2026-9-13-06-36-26.ulg,high_change,q,1.0,93
train,50,9.13数据/log_4_2026-9-13-06-36-26.ulg,high_change,r,0.989247311827957,93
train,50,9.13数据/log_5_2026-9-13-06-42-40.ulg,ALL,vx,0.9958904109589041,730
train,50,9.13数据/log_5_2026-9-13-06-42-40.ulg,ALL,vy,0.9972602739726028,730
train,50,9.13数据/log_5_2026-9-13-06-42-40.ulg,ALL,vz,1.0,730
train,50,9.13数据/log_5_2026-9-13-06-42-40.ulg,ALL,p,0.9863013698630136,730
train,50,9.13数据/log_5_2026-9-13-06-42-40.ulg,ALL,q,0.9972602739726028,730
train,50,9.13数据/log_5_2026-9-13-06-42-40.ulg,ALL,r,1.0,730
train,50,9.13数据/log_5_2026-9-13-06-42-40.ulg,high_change,vx,0.9814814814814815,108
train,50,9.13数据/log_5_2026-9-13-06-42-40.ulg,high_change,vy,0.9814814814814815,108
train,50,9.13数据/log_5_2026-9-13-06-42-40.ulg,high_change,vz,1.0,108
train,50,9.13数据/log_5_2026-9-13-06-42-40.ulg,high_change,p,0.9907407407407407,108
train,50,9.13数据/log_5_2026-9-13-06-42-40.ulg,high_change,q,1.0,108
train,50,9.13数据/log_5_2026-9-13-06-42-40.ulg,high_change,r,1.0,108
train,50,9.13数据/log_7_2026-9-13-18-12-52.ulg,ALL,vx,0.9844444444444445,450
train,50,9.13数据/log_7_2026-9-13-18-12-52.ulg,ALL,vy,0.9644444444444444,450
train,50,9.13数据/log_7_2026-9-13-18-12-52.ulg,ALL,vz,0.9911111111111112,450
train,50,9.13数据/log_7_2026-9-13-18-12-52.ulg,ALL,p,0.9666666666666667,450
train,50,9.13数据/log_7_2026-9-13-18-12-52.ulg,ALL,q,0.9911111111111112,450
train,50,9.13数据/log_7_2026-9-13-18-12-52.ulg,ALL,r,0.9844444444444445,450
train,50,9.13数据/log_7_2026-9-13-18-12-52.ulg,high_change,vx,0.9722222222222222,144
train,50,9.13数据/log_7_2026-9-13-18-12-52.ulg,high_change,vy,0.9166666666666666,144
train,50,9.13数据/log_7_2026-9-13-18-12-52.ulg,high_change,vz,0.9930555555555556,144
train,50,9.13数据/log_7_2026-9-13-18-12-52.ulg,high_change,p,0.9513888888888888,144
train,50,9.13数据/log_7_2026-9-13-18-12-52.ulg,high_change,q,0.9791666666666666,144
train,50,9.13数据/log_7_2026-9-13-18-12-52.ulg,high_change,r,0.9861111111111112,144
train,50,9.14数据/log_11_2026-9-14-18-13-22.ulg,ALL,vx,1.0,756
train,50,9.14数据/log_11_2026-9-14-18-13-22.ulg,ALL,vy,0.9920634920634921,756
train,50,9.14数据/log_11_2026-9-14-18-13-22.ulg,ALL,vz,0.996031746031746,756
train,50,9.14数据/log_11_2026-9-14-18-13-22.ulg,ALL,p,0.9814814814814815,756
train,50,9.14数据/log_11_2026-9-14-18-13-22.ulg,ALL,q,0.9933862433862434,756
train,50,9.14数据/log_11_2026-9-14-18-13-22.ulg,ALL,r,0.996031746031746,756
train,50,9.14数据/log_11_2026-9-14-18-13-22.ulg,high_change,vx,1.0,186
train,50,9.14数据/log_11_2026-9-14-18-13-22.ulg,high_change,vy,0.978494623655914,186
train,50,9.14数据/log_11_2026-9-14-18-13-22.ulg,high_change,vz,0.9946236559139785,186
train,50,9.14数据/log_11_2026-9-14-18-13-22.ulg,high_change,p,0.978494623655914,186
train,50,9.14数据/log_11_2026-9-14-18-13-22.ulg,high_change,q,0.9946236559139785,186
train,50,9.14数据/log_11_2026-9-14-18-13-22.ulg,high_change,r,0.9946236559139785,186
train,50,9.14数据/log_12_2026-9-14-18-20-30.ulg,ALL,vx,0.9791666666666666,768
train,50,9.14数据/log_12_2026-9-14-18-20-30.ulg,ALL,vy,0.9830729166666666,768
train,50,9.14数据/log_12_2026-9-14-18-20-30.ulg,ALL,vz,0.9986979166666666,768
train,50,9.14数据/log_12_2026-9-14-18-20-30.ulg,ALL,p,0.98046875,768
train,50,9.14数据/log_12_2026-9-14-18-20-30.ulg,ALL,q,0.9934895833333334,768
train,50,9.14数据/log_12_2026-9-14-18-20-30.ulg,ALL,r,0.98046875,768
train,50,9.14数据/log_12_2026-9-14-18-20-30.ulg,high_change,vx,0.9754901960784313,204
train,50,9.14数据/log_12_2026-9-14-18-20-30.ulg,high_change,vy,0.9754901960784313,204
train,50,9.14数据/log_12_2026-9-14-18-20-30.ulg,high_change,vz,1.0,204
train,50,9.14数据/log_12_2026-9-14-18-20-30.ulg,high_change,p,0.9901960784313726,204
train,50,9.14数据/log_12_2026-9-14-18-20-30.ulg,high_change,q,0.9950980392156863,204
train,50,9.14数据/log_12_2026-9-14-18-20-30.ulg,high_change,r,0.9754901960784313,204
train,50,9.14数据/log_13_2026-9-14-18-28-32.ulg,ALL,vx,0.9943374858437146,883
train,50,9.14数据/log_13_2026-9-14-18-28-32.ulg,ALL,vy,0.9920724801812004,883
train,50,9.14数据/log_13_2026-9-14-18-28-32.ulg,ALL,vz,0.9966024915062288,883
train,50,9.14数据/log_13_2026-9-14-18-28-32.ulg,ALL,p,0.9728199320498301,883
train,50,9.14数据/log_13_2026-9-14-18-28-32.ulg,ALL,q,0.9875424688561721,883
train,50,9.14数据/log_13_2026-9-14-18-28-32.ulg,ALL,r,0.9898074745186863,883
train,50,9.14数据/log_13_2026-9-14-18-28-32.ulg,high_change,vx,0.9946236559139785,186
train,50,9.14数据/log_13_2026-9-14-18-28-32.ulg,high_change,vy,0.9838709677419355,186
train,50,9.14数据/log_13_2026-9-14-18-28-32.ulg,high_change,vz,1.0,186
train,50,9.14数据/log_13_2026-9-14-18-28-32.ulg,high_change,p,0.9731182795698925,186
train,50,9.14数据/log_13_2026-9-14-18-28-32.ulg,high_change,q,0.9838709677419355,186
train,50,9.14数据/log_13_2026-9-14-18-28-32.ulg,high_change,r,0.9838709677419355,186
train,50,9.14数据/log_14_2026-9-14-18-34-22.ulg,ALL,vx,1.0,600
train,50,9.14数据/log_14_2026-9-14-18-34-22.ulg,ALL,vy,0.9833333333333333,600
train,50,9.14数据/log_14_2026-9-14-18-34-22.ulg,ALL,vz,0.99,600
train,50,9.14数据/log_14_2026-9-14-18-34-22.ulg,ALL,p,0.95,600
train,50,9.14数据/log_14_2026-9-14-18-34-22.ulg,ALL,q,0.9916666666666667,600
train,50,9.14数据/log_14_2026-9-14-18-34-22.ulg,ALL,r,0.9733333333333334,600
train,50,9.14数据/log_14_2026-9-14-18-34-22.ulg,high_change,vx,1.0,93
train,50,9.14数据/log_14_2026-9-14-18-34-22.ulg,high_change,vy,0.9032258064516129,93
train,50,9.14数据/log_14_2026-9-14-18-34-22.ulg,high_change,vz,0.956989247311828,93
train,50,9.14数据/log_14_2026-9-14-18-34-22.ulg,high_change,p,0.8924731182795699,93
train,50,9.14数据/log_14_2026-9-14-18-34-22.ulg,high_change,q,0.956989247311828,93
train,50,9.14数据/log_14_2026-9-14-18-34-22.ulg,high_change,r,0.9139784946236559,93
train,50,9.15数据/log_10_2026-9-15-17-44-04.ulg,ALL,vx,0.9848484848484849,594
train,50,9.15数据/log_10_2026-9-15-17-44-04.ulg,ALL,vy,0.9966329966329966,594
train,50,9.15数据/log_10_2026-9-15-17-44-04.ulg,ALL,vz,0.9764309764309764,594
train,50,9.15数据/log_10_2026-9-15-17-44-04.ulg,ALL,p,0.9949494949494949,594
train,50,9.15数据/log_10_2026-9-15-17-44-04.ulg,ALL,q,0.9747474747474747,594
train,50,9.15数据/log_10_2026-9-15-17-44-04.ulg,ALL,r,0.9831649831649831,594
train,50,9.15数据/log_10_2026-9-15-17-44-04.ulg,high_change,vx,0.9699570815450643,233
train,50,9.15数据/log_10_2026-9-15-17-44-04.ulg,high_change,vy,0.9914163090128756,233
train,50,9.15数据/log_10_2026-9-15-17-44-04.ulg,high_change,vz,0.9570815450643777,233
train,50,9.15数据/log_10_2026-9-15-17-44-04.ulg,high_change,p,0.9871244635193133,233
train,50,9.15数据/log_10_2026-9-15-17-44-04.ulg,high_change,q,0.9613733905579399,233
train,50,9.15数据/log_10_2026-9-15-17-44-04.ulg,high_change,r,0.9742489270386266,233
train,50,9.15数据/log_11_2026-9-15-17-51-56.ulg,ALL,vx,0.9776951672862454,538
train,50,9.15数据/log_11_2026-9-15-17-51-56.ulg,ALL,vy,0.9851301115241635,538
train,50,9.15数据/log_11_2026-9-15-17-51-56.ulg,ALL,vz,0.9907063197026023,538
train,50,9.15数据/log_11_2026-9-15-17-51-56.ulg,ALL,p,0.9925650557620818,538
train,50,9.15数据/log_11_2026-9-15-17-51-56.ulg,ALL,q,0.9814126394052045,538
train,50,9.15数据/log_11_2026-9-15-17-51-56.ulg,ALL,r,0.9776951672862454,538
train,50,9.15数据/log_11_2026-9-15-17-51-56.ulg,high_change,vx,0.9662921348314607,178
train,50,9.15数据/log_11_2026-9-15-17-51-56.ulg,high_change,vy,0.9550561797752809,178
train,50,9.15数据/log_11_2026-9-15-17-51-56.ulg,high_change,vz,0.9887640449438202,178
train,50,9.15数据/log_11_2026-9-15-17-51-56.ulg,high_change,p,0.9887640449438202,178
train,50,9.15数据/log_11_2026-9-15-17-51-56.ulg,high_change,q,0.949438202247191,178
train,50,9.15数据/log_11_2026-9-15-17-51-56.ulg,high_change,r,0.9662921348314607,178
train,50,9.15数据/log_12_2026-9-15-18-03-58.ulg,ALL,vx,0.9886363636363636,704
train,50,9.15数据/log_12_2026-9-15-18-03-58.ulg,ALL,vy,0.9815340909090909,704
train,50,9.15数据/log_12_2026-9-15-18-03-58.ulg,ALL,vz,0.9985795454545454,704
train,50,9.15数据/log_12_2026-9-15-18-03-58.ulg,ALL,p,0.9971590909090909,704
train,50,9.15数据/log_12_2026-9-15-18-03-58.ulg,ALL,q,0.9928977272727273,704
train,50,9.15数据/log_12_2026-9-15-18-03-58.ulg,ALL,r,0.9872159090909091,704
train,50,9.15数据/log_12_2026-9-15-18-03-58.ulg,high_change,vx,0.9631901840490797,163
train,50,9.15数据/log_12_2026-9-15-18-03-58.ulg,high_change,vy,0.9631901840490797,163
train,50,9.15数据/log_12_2026-9-15-18-03-58.ulg,high_change,vz,0.9938650306748467,163
train,50,9.15数据/log_12_2026-9-15-18-03-58.ulg,high_change,p,0.9938650306748467,163
train,50,9.15数据/log_12_2026-9-15-18-03-58.ulg,high_change,q,0.9877300613496932,163
train,50,9.15数据/log_12_2026-9-15-18-03-58.ulg,high_change,r,0.950920245398773,163
train,50,9.15数据/log_13_2026-9-15-18-10-58.ulg,ALL,vx,0.9942028985507246,690
train,50,9.15数据/log_13_2026-9-15-18-10-58.ulg,ALL,vy,0.9898550724637681,690
train,50,9.15数据/log_13_2026-9-15-18-10-58.ulg,ALL,vz,0.9942028985507246,690
train,50,9.15数据/log_13_2026-9-15-18-10-58.ulg,ALL,p,0.9985507246376811,690
train,50,9.15数据/log_13_2026-9-15-18-10-58.ulg,ALL,q,0.9898550724637681,690
train,50,9.15数据/log_13_2026-9-15-18-10-58.ulg,ALL,r,0.9927536231884058,690
train,50,9.15数据/log_13_2026-9-15-18-10-58.ulg,high_change,vx,0.9716981132075472,106
train,50,9.15数据/log_13_2026-9-15-18-10-58.ulg,high_change,vy,0.9433962264150944,106
train,50,9.15数据/log_13_2026-9-15-18-10-58.ulg,high_change,vz,0.9811320754716981,106
train,50,9.15数据/log_13_2026-9-15-18-10-58.ulg,high_change,p,0.9905660377358491,106
train,50,9.15数据/log_13_2026-9-15-18-10-58.ulg,high_change,q,0.9905660377358491,106
train,50,9.15数据/log_13_2026-9-15-18-10-58.ulg,high_change,r,0.9905660377358491,106
train,50,9.15数据/log_14_2026-9-15-18-17-26.ulg,ALL,vx,0.9956204379562044,685
train,50,9.15数据/log_14_2026-9-15-18-17-26.ulg,ALL,vy,0.997080291970803,685
train,50,9.15数据/log_14_2026-9-15-18-17-26.ulg,ALL,vz,0.9985401459854014,685
train,50,9.15数据/log_14_2026-9-15-18-17-26.ulg,ALL,p,0.997080291970803,685
train,50,9.15数据/log_14_2026-9-15-18-17-26.ulg,ALL,q,0.9912408759124087,685
train,50,9.15数据/log_14_2026-9-15-18-17-26.ulg,ALL,r,0.997080291970803,685
train,50,9.15数据/log_14_2026-9-15-18-17-26.ulg,high_change,vx,0.983957219251337,187
train,50,9.15数据/log_14_2026-9-15-18-17-26.ulg,high_change,vy,0.9893048128342246,187
train,50,9.15数据/log_14_2026-9-15-18-17-26.ulg,high_change,vz,0.9946524064171123,187
train,50,9.15数据/log_14_2026-9-15-18-17-26.ulg,high_change,p,1.0,187
train,50,9.15数据/log_14_2026-9-15-18-17-26.ulg,high_change,q,0.9893048128342246,187
train,50,9.15数据/log_14_2026-9-15-18-17-26.ulg,high_change,r,0.9946524064171123,187
train,50,9.15数据/log_15_2026-9-15-18-23-44.ulg,ALL,vx,0.9985754985754985,702
train,50,9.15数据/log_15_2026-9-15-18-23-44.ulg,ALL,vy,0.9943019943019943,702
train,50,9.15数据/log_15_2026-9-15-18-23-44.ulg,ALL,vz,0.9971509971509972,702
train,50,9.15数据/log_15_2026-9-15-18-23-44.ulg,ALL,p,0.9985754985754985,702
train,50,9.15数据/log_15_2026-9-15-18-23-44.ulg,ALL,q,0.9886039886039886,702
train,50,9.15数据/log_15_2026-9-15-18-23-44.ulg,ALL,r,0.9957264957264957,702
train,50,9.15数据/log_15_2026-9-15-18-23-44.ulg,high_change,vx,0.9946524064171123,187
train,50,9.15数据/log_15_2026-9-15-18-23-44.ulg,high_change,vy,0.983957219251337,187
train,50,9.15数据/log_15_2026-9-15-18-23-44.ulg,high_change,vz,0.9946524064171123,187
train,50,9.15数据/log_15_2026-9-15-18-23-44.ulg,high_change,p,1.0,187
train,50,9.15数据/log_15_2026-9-15-18-23-44.ulg,high_change,q,0.983957219251337,187
train,50,9.15数据/log_15_2026-9-15-18-23-44.ulg,high_change,r,0.9893048128342246,187
train,50,9.16数据/log_1_2026-9-16-18-02-34.ulg,ALL,vx,0.9774305555555556,576
train,50,9.16数据/log_1_2026-9-16-18-02-34.ulg,ALL,vy,0.9982638888888888,576
train,50,9.16数据/log_1_2026-9-16-18-02-34.ulg,ALL,vz,0.9982638888888888,576
train,50,9.16数据/log_1_2026-9-16-18-02-34.ulg,ALL,p,0.9982638888888888,576
train,50,9.16数据/log_1_2026-9-16-18-02-34.ulg,ALL,q,0.9878472222222222,576
train,50,9.16数据/log_1_2026-9-16-18-02-34.ulg,ALL,r,0.9878472222222222,576
train,50,9.16数据/log_1_2026-9-16-18-02-34.ulg,high_change,vx,0.9652777777777778,144
train,50,9.16数据/log_1_2026-9-16-18-02-34.ulg,high_change,vy,1.0,144
train,50,9.16数据/log_1_2026-9-16-18-02-34.ulg,high_change,vz,0.9930555555555556,144
train,50,9.16数据/log_1_2026-9-16-18-02-34.ulg,high_change,p,1.0,144
train,50,9.16数据/log_1_2026-9-16-18-02-34.ulg,high_change,q,0.9652777777777778,144
train,50,9.16数据/log_1_2026-9-16-18-02-34.ulg,high_change,r,0.9791666666666666,144
train,50,9.16数据/log_2_2026-9-16-18-08-46.ulg,ALL,vx,0.9884225759768451,691
train,50,9.16数据/log_2_2026-9-16-18-08-46.ulg,ALL,vy,0.9942112879884226,691
train,50,9.16数据/log_2_2026-9-16-18-08-46.ulg,ALL,vz,0.9956584659913169,691
train,50,9.16数据/log_2_2026-9-16-18-08-46.ulg,ALL,p,0.9985528219971056,691
train,50,9.16数据/log_2_2026-9-16-18-08-46.ulg,ALL,q,0.9927641099855282,691
train,50,9.16数据/log_2_2026-9-16-18-08-46.ulg,ALL,r,0.9956584659913169,691
train,50,9.16数据/log_2_2026-9-16-18-08-46.ulg,high_change,vx,0.9642857142857143,168
train,50,9.16数据/log_2_2026-9-16-18-08-46.ulg,high_change,vy,0.9761904761904762,168
train,50,9.16数据/log_2_2026-9-16-18-08-46.ulg,high_change,vz,1.0,168
train,50,9.16数据/log_2_2026-9-16-18-08-46.ulg,high_change,p,0.9940476190476191,168
train,50,9.16数据/log_2_2026-9-16-18-08-46.ulg,high_change,q,0.9761904761904762,168
train,50,9.16数据/log_2_2026-9-16-18-08-46.ulg,high_change,r,0.9880952380952381,168
train,50,9.16数据/log_3_2026-9-16-18-13-58.ulg,ALL,vx,0.9942418426103646,521
train,50,9.16数据/log_3_2026-9-16-18-13-58.ulg,ALL,vy,0.9942418426103646,521
train,50,9.16数据/log_3_2026-9-16-18-13-58.ulg,ALL,vz,0.9980806142034548,521
train,50,9.16数据/log_3_2026-9-16-18-13-58.ulg,ALL,p,0.9980806142034548,521
train,50,9.16数据/log_3_2026-9-16-18-13-58.ulg,ALL,q,0.9884836852207294,521
train,50,9.16数据/log_3_2026-9-16-18-13-58.ulg,ALL,r,0.9923224568138196,521
train,50,9.16数据/log_3_2026-9-16-18-13-58.ulg,high_change,vx,0.9774436090225563,133
train,50,9.16数据/log_3_2026-9-16-18-13-58.ulg,high_change,vy,0.9774436090225563,133
train,50,9.16数据/log_3_2026-9-16-18-13-58.ulg,high_change,vz,1.0,133
train,50,9.16数据/log_3_2026-9-16-18-13-58.ulg,high_change,p,0.9924812030075187,133
train,50,9.16数据/log_3_2026-9-16-18-13-58.ulg,high_change,q,0.9849624060150376,133
train,50,9.16数据/log_3_2026-9-16-18-13-58.ulg,high_change,r,0.9849624060150376,133
train,50,9.16数据/log_4_2026-9-16-18-20-50.ulg,ALL,vx,0.9956458635703919,689
train,50,9.16数据/log_4_2026-9-16-18-20-50.ulg,ALL,vy,1.0,689
train,50,9.16数据/log_4_2026-9-16-18-20-50.ulg,ALL,vz,0.9941944847605225,689
train,50,9.16数据/log_4_2026-9-16-18-20-50.ulg,ALL,p,0.9985486211901307,689
train,50,9.16数据/log_4_2026-9-16-18-20-50.ulg,ALL,q,0.9970972423802612,689
train,50,9.16数据/log_4_2026-9-16-18-20-50.ulg,ALL,r,0.988388969521045,689
train,50,9.16数据/log_4_2026-9-16-18-20-50.ulg,high_change,vx,0.9878787878787879,165
train,50,9.16数据/log_4_2026-9-16-18-20-50.ulg,high_change,vy,1.0,165
train,50,9.16数据/log_4_2026-9-16-18-20-50.ulg,high_change,vz,0.9818181818181818,165
train,50,9.16数据/log_4_2026-9-16-18-20-50.ulg,high_change,p,0.9939393939393939,165
train,50,9.16数据/log_4_2026-9-16-18-20-50.ulg,high_change,q,0.9939393939393939,165
train,50,9.16数据/log_4_2026-9-16-18-20-50.ulg,high_change,r,0.9696969696969697,165
train,50,9.16数据/log_5_2026-9-16-18-26-48.ulg,ALL,vx,1.0,658
train,50,9.16数据/log_5_2026-9-16-18-26-48.ulg,ALL,vy,0.9954407294832827,658
train,50,9.16数据/log_5_2026-9-16-18-26-48.ulg,ALL,vz,1.0,658
train,50,9.16数据/log_5_2026-9-16-18-26-48.ulg,ALL,p,0.9878419452887538,658
train,50,9.16数据/log_5_2026-9-16-18-26-48.ulg,ALL,q,0.9924012158054711,658
train,50,9.16数据/log_5_2026-9-16-18-26-48.ulg,ALL,r,0.993920972644377,658
train,50,9.16数据/log_5_2026-9-16-18-26-48.ulg,high_change,vx,1.0,111
train,50,9.16数据/log_5_2026-9-16-18-26-48.ulg,high_change,vy,0.972972972972973,111
train,50,9.16数据/log_5_2026-9-16-18-26-48.ulg,high_change,vz,1.0,111
train,50,9.16数据/log_5_2026-9-16-18-26-48.ulg,high_change,p,0.990990990990991,111
train,50,9.16数据/log_5_2026-9-16-18-26-48.ulg,high_change,q,0.990990990990991,111
train,50,9.16数据/log_5_2026-9-16-18-26-48.ulg,high_change,r,0.990990990990991,111
train,50,9.18数据/log_0_2026-9-18-18-15-06.ulg,ALL,vx,0.9878706199460916,742
train,50,9.18数据/log_0_2026-9-18-18-15-06.ulg,ALL,vy,0.9919137466307277,742
train,50,9.18数据/log_0_2026-9-18-18-15-06.ulg,ALL,vz,0.9609164420485176,742
train,50,9.18数据/log_0_2026-9-18-18-15-06.ulg,ALL,p,1.0,742
train,50,9.18数据/log_0_2026-9-18-18-15-06.ulg,ALL,q,0.9487870619946092,742
train,50,9.18数据/log_0_2026-9-18-18-15-06.ulg,ALL,r,0.9851752021563343,742
train,50,9.18数据/log_0_2026-9-18-18-15-06.ulg,high_change,vx,0.9849624060150376,266
train,50,9.18数据/log_0_2026-9-18-18-15-06.ulg,high_change,vy,0.981203007518797,266
train,50,9.18数据/log_0_2026-9-18-18-15-06.ulg,high_change,vz,0.9398496240601504,266
train,50,9.18数据/log_0_2026-9-18-18-15-06.ulg,high_change,p,1.0,266
train,50,9.18数据/log_0_2026-9-18-18-15-06.ulg,high_change,q,0.924812030075188,266
train,50,9.18数据/log_0_2026-9-18-18-15-06.ulg,high_change,r,0.9849624060150376,266
train,50,9.18数据/log_1_2026-9-18-18-23-36.ulg,ALL,vx,0.9797979797979798,693
train,50,9.18数据/log_1_2026-9-18-18-23-36.ulg,ALL,vy,0.974025974025974,693
train,50,9.18数据/log_1_2026-9-18-18-23-36.ulg,ALL,vz,0.9696969696969697,693
train,50,9.18数据/log_1_2026-9-18-18-23-36.ulg,ALL,p,0.9884559884559885,693
train,50,9.18数据/log_1_2026-9-18-18-23-36.ulg,ALL,q,0.9581529581529582,693
train,50,9.18数据/log_1_2026-9-18-18-23-36.ulg,ALL,r,0.9494949494949495,693
train,50,9.18数据/log_1_2026-9-18-18-23-36.ulg,high_change,vx,0.9705014749262537,339
train,50,9.18数据/log_1_2026-9-18-18-23-36.ulg,high_change,vy,0.9469026548672567,339
train,50,9.18数据/log_1_2026-9-18-18-23-36.ulg,high_change,vz,0.9646017699115044,339
train,50,9.18数据/log_1_2026-9-18-18-23-36.ulg,high_change,p,0.9970501474926253,339
train,50,9.18数据/log_1_2026-9-18-18-23-36.ulg,high_change,q,0.9587020648967551,339
train,50,9.18数据/log_1_2026-9-18-18-23-36.ulg,high_change,r,0.9321533923303835,339
train,50,9.18数据/log_2_2026-9-18-18-29-40.ulg,ALL,vx,0.9690026954177897,742
train,50,9.18数据/log_2_2026-9-18-18-29-40.ulg,ALL,vy,0.9811320754716981,742
train,50,9.18数据/log_2_2026-9-18-18-29-40.ulg,ALL,vz,0.9905660377358491,742
train,50,9.18数据/log_2_2026-9-18-18-29-40.ulg,ALL,p,0.9824797843665768,742
train,50,9.18数据/log_2_2026-9-18-18-29-40.ulg,ALL,q,0.954177897574124,742
train,50,9.18数据/log_2_2026-9-18-18-29-40.ulg,ALL,r,0.9784366576819407,742
train,50,9.18数据/log_2_2026-9-18-18-29-40.ulg,high_change,vx,0.9477611940298507,268
train,50,9.18数据/log_2_2026-9-18-18-29-40.ulg,high_change,vy,0.9701492537313433,268
train,50,9.18数据/log_2_2026-9-18-18-29-40.ulg,high_change,vz,0.9813432835820896,268
train,50,9.18数据/log_2_2026-9-18-18-29-40.ulg,high_change,p,0.9850746268656716,268
train,50,9.18数据/log_2_2026-9-18-18-29-40.ulg,high_change,q,0.9328358208955224,268
train,50,9.18数据/log_2_2026-9-18-18-29-40.ulg,high_change,r,0.9626865671641791,268
validation,50,2026.9.7/log_21_2026-9-7-05-54-56.ulg,ALL,vx,1.0,168
validation,50,2026.9.7/log_21_2026-9-7-05-54-56.ulg,ALL,vy,0.9940476190476191,168
validation,50,2026.9.7/log_21_2026-9-7-05-54-56.ulg,ALL,vz,1.0,168
validation,50,2026.9.7/log_21_2026-9-7-05-54-56.ulg,ALL,p,0.9523809523809523,168
validation,50,2026.9.7/log_21_2026-9-7-05-54-56.ulg,ALL,q,0.9880952380952381,168
validation,50,2026.9.7/log_21_2026-9-7-05-54-56.ulg,ALL,r,0.9880952380952381,168
validation,50,2026.9.7/log_21_2026-9-7-05-54-56.ulg,high_change,vx,1.0,24
validation,50,2026.9.7/log_21_2026-9-7-05-54-56.ulg,high_change,vy,1.0,24
validation,50,2026.9.7/log_21_2026-9-7-05-54-56.ulg,high_change,vz,1.0,24
validation,50,2026.9.7/log_21_2026-9-7-05-54-56.ulg,high_change,p,0.9166666666666666,24
validation,50,2026.9.7/log_21_2026-9-7-05-54-56.ulg,high_change,q,0.9166666666666666,24
validation,50,2026.9.7/log_21_2026-9-7-05-54-56.ulg,high_change,r,0.9166666666666666,24
validation,50,2026.9.7/log_22_2026-9-7-06-01-40.ulg,ALL,vx,0.967032967032967,182
validation,50,2026.9.7/log_22_2026-9-7-06-01-40.ulg,ALL,vy,0.989010989010989,182
validation,50,2026.9.7/log_22_2026-9-7-06-01-40.ulg,ALL,vz,1.0,182
validation,50,2026.9.7/log_22_2026-9-7-06-01-40.ulg,ALL,p,0.9725274725274725,182
validation,50,2026.9.7/log_22_2026-9-7-06-01-40.ulg,ALL,q,0.9945054945054945,182
validation,50,2026.9.7/log_22_2026-9-7-06-01-40.ulg,ALL,r,1.0,182
validation,50,2026.9.7/log_22_2026-9-7-06-01-40.ulg,high_change,vx,1.0,30
validation,50,2026.9.7/log_22_2026-9-7-06-01-40.ulg,high_change,vy,0.9666666666666667,30
validation,50,2026.9.7/log_22_2026-9-7-06-01-40.ulg,high_change,vz,1.0,30
validation,50,2026.9.7/log_22_2026-9-7-06-01-40.ulg,high_change,p,0.9666666666666667,30
validation,50,2026.9.7/log_22_2026-9-7-06-01-40.ulg,high_change,q,1.0,30
validation,50,2026.9.7/log_22_2026-9-7-06-01-40.ulg,high_change,r,1.0,30
validation,50,2026.9.7/log_23_2026-9-7-06-09-22.ulg,ALL,vx,0.975,160
validation,50,2026.9.7/log_23_2026-9-7-06-09-22.ulg,ALL,vy,0.99375,160
validation,50,2026.9.7/log_23_2026-9-7-06-09-22.ulg,ALL,vz,1.0,160
validation,50,2026.9.7/log_23_2026-9-7-06-09-22.ulg,ALL,p,0.94375,160
validation,50,2026.9.7/log_23_2026-9-7-06-09-22.ulg,ALL,q,0.98125,160
validation,50,2026.9.7/log_23_2026-9-7-06-09-22.ulg,ALL,r,0.99375,160
validation,50,2026.9.7/log_23_2026-9-7-06-09-22.ulg,high_change,vx,0.9333333333333333,30
validation,50,2026.9.7/log_23_2026-9-7-06-09-22.ulg,high_change,vy,0.9666666666666667,30
validation,50,2026.9.7/log_23_2026-9-7-06-09-22.ulg,high_change,vz,1.0,30
validation,50,2026.9.7/log_23_2026-9-7-06-09-22.ulg,high_change,p,0.9333333333333333,30
validation,50,2026.9.7/log_23_2026-9-7-06-09-22.ulg,high_change,q,0.9333333333333333,30
validation,50,2026.9.7/log_23_2026-9-7-06-09-22.ulg,high_change,r,1.0,30
validation,50,2026.9.7/log_24_2026-9-7-06-16-04.ulg,ALL,vx,0.9813664596273292,161
validation,50,2026.9.7/log_24_2026-9-7-06-16-04.ulg,ALL,vy,0.9751552795031055,161
validation,50,2026.9.7/log_24_2026-9-7-06-16-04.ulg,ALL,vz,0.9937888198757764,161
validation,50,2026.9.7/log_24_2026-9-7-06-16-04.ulg,ALL,p,0.968944099378882,161
validation,50,2026.9.7/log_24_2026-9-7-06-16-04.ulg,ALL,q,0.9751552795031055,161
validation,50,2026.9.7/log_24_2026-9-7-06-16-04.ulg,ALL,r,0.9875776397515528,161
validation,50,2026.9.7/log_24_2026-9-7-06-16-04.ulg,high_change,vx,0.9473684210526315,19
validation,50,2026.9.7/log_24_2026-9-7-06-16-04.ulg,high_change,vy,0.9473684210526315,19
validation,50,2026.9.7/log_24_2026-9-7-06-16-04.ulg,high_change,vz,1.0,19
validation,50,2026.9.7/log_24_2026-9-7-06-16-04.ulg,high_change,p,0.9473684210526315,19
validation,50,2026.9.7/log_24_2026-9-7-06-16-04.ulg,high_change,q,1.0,19
validation,50,2026.9.7/log_24_2026-9-7-06-16-04.ulg,high_change,r,1.0,19
validation,50,2026.9.7/log_26_2026-9-7-06-30-26.ulg,ALL,vx,0.9933333333333333,150
validation,50,2026.9.7/log_26_2026-9-7-06-30-26.ulg,ALL,vy,0.9866666666666667,150
validation,50,2026.9.7/log_26_2026-9-7-06-30-26.ulg,ALL,vz,1.0,150
validation,50,2026.9.7/log_26_2026-9-7-06-30-26.ulg,ALL,p,0.9666666666666667,150
validation,50,2026.9.7/log_26_2026-9-7-06-30-26.ulg,ALL,q,0.9666666666666667,150
validation,50,2026.9.7/log_26_2026-9-7-06-30-26.ulg,ALL,r,1.0,150
validation,50,2026.9.7/log_26_2026-9-7-06-30-26.ulg,high_change,vx,0.9375,16
validation,50,2026.9.7/log_26_2026-9-7-06-30-26.ulg,high_change,vy,0.875,16
validation,50,2026.9.7/log_26_2026-9-7-06-30-26.ulg,high_change,vz,1.0,16
validation,50,2026.9.7/log_26_2026-9-7-06-30-26.ulg,high_change,p,1.0,16
validation,50,2026.9.7/log_26_2026-9-7-06-30-26.ulg,high_change,q,0.875,16
validation,50,2026.9.7/log_26_2026-9-7-06-30-26.ulg,high_change,r,1.0,16
validation,50,2026.9.7/log_27_2026-9-7-06-37-24.ulg,ALL,vx,1.0,155
validation,50,2026.9.7/log_27_2026-9-7-06-37-24.ulg,ALL,vy,0.9935483870967742,155
validation,50,2026.9.7/log_27_2026-9-7-06-37-24.ulg,ALL,vz,1.0,155
validation,50,2026.9.7/log_27_2026-9-7-06-37-24.ulg,ALL,p,0.9741935483870968,155
validation,50,2026.9.7/log_27_2026-9-7-06-37-24.ulg,ALL,q,0.9935483870967742,155
validation,50,2026.9.7/log_27_2026-9-7-06-37-24.ulg,ALL,r,1.0,155
validation,50,2026.9.7/log_27_2026-9-7-06-37-24.ulg,high_change,vx,1.0,18
validation,50,2026.9.7/log_27_2026-9-7-06-37-24.ulg,high_change,vy,1.0,18
validation,50,2026.9.7/log_27_2026-9-7-06-37-24.ulg,high_change,vz,1.0,18
validation,50,2026.9.7/log_27_2026-9-7-06-37-24.ulg,high_change,p,1.0,18
validation,50,2026.9.7/log_27_2026-9-7-06-37-24.ulg,high_change,q,1.0,18
validation,50,2026.9.7/log_27_2026-9-7-06-37-24.ulg,high_change,r,1.0,18
validation,50,2026.9.7/log_28_2026-9-7-06-44-02.ulg,ALL,vx,0.9785714285714285,140
validation,50,2026.9.7/log_28_2026-9-7-06-44-02.ulg,ALL,vy,0.9928571428571429,140
validation,50,2026.9.7/log_28_2026-9-7-06-44-02.ulg,ALL,vz,1.0,140
validation,50,2026.9.7/log_28_2026-9-7-06-44-02.ulg,ALL,p,0.9571428571428572,140
validation,50,2026.9.7/log_28_2026-9-7-06-44-02.ulg,ALL,q,0.9928571428571429,140
validation,50,2026.9.7/log_28_2026-9-7-06-44-02.ulg,ALL,r,1.0,140
validation,50,2026.9.7/log_28_2026-9-7-06-44-02.ulg,high_change,vx,1.0,18
validation,50,2026.9.7/log_28_2026-9-7-06-44-02.ulg,high_change,vy,1.0,18
validation,50,2026.9.7/log_28_2026-9-7-06-44-02.ulg,high_change,vz,1.0,18
validation,50,2026.9.7/log_28_2026-9-7-06-44-02.ulg,high_change,p,0.9444444444444444,18
validation,50,2026.9.7/log_28_2026-9-7-06-44-02.ulg,high_change,q,1.0,18
validation,50,2026.9.7/log_28_2026-9-7-06-44-02.ulg,high_change,r,1.0,18
validation,50,2026.9.7/log_29_2026-9-7-06-51-04.ulg,ALL,vx,0.9950248756218906,201
validation,50,2026.9.7/log_29_2026-9-7-06-51-04.ulg,ALL,vy,0.9950248756218906,201
validation,50,2026.9.7/log_29_2026-9-7-06-51-04.ulg,ALL,vz,1.0,201
validation,50,2026.9.7/log_29_2026-9-7-06-51-04.ulg,ALL,p,0.9850746268656716,201
validation,50,2026.9.7/log_29_2026-9-7-06-51-04.ulg,ALL,q,0.9900497512437811,201
validation,50,2026.9.7/log_29_2026-9-7-06-51-04.ulg,ALL,r,1.0,201
validation,50,2026.9.7/log_29_2026-9-7-06-51-04.ulg,high_change,vx,1.0,22
validation,50,2026.9.7/log_29_2026-9-7-06-51-04.ulg,high_change,vy,0.9545454545454546,22
validation,50,2026.9.7/log_29_2026-9-7-06-51-04.ulg,high_change,vz,1.0,22
validation,50,2026.9.7/log_29_2026-9-7-06-51-04.ulg,high_change,p,0.9545454545454546,22
validation,50,2026.9.7/log_29_2026-9-7-06-51-04.ulg,high_change,q,1.0,22
validation,50,2026.9.7/log_29_2026-9-7-06-51-04.ulg,high_change,r,1.0,22
validation,50,2026.9.7/log_30_2026-9-7-06-58-22.ulg,ALL,vx,0.975609756097561,164
validation,50,2026.9.7/log_30_2026-9-7-06-58-22.ulg,ALL,vy,0.9573170731707317,164
validation,50,2026.9.7/log_30_2026-9-7-06-58-22.ulg,ALL,vz,1.0,164
validation,50,2026.9.7/log_30_2026-9-7-06-58-22.ulg,ALL,p,0.9329268292682927,164
validation,50,2026.9.7/log_30_2026-9-7-06-58-22.ulg,ALL,q,0.9817073170731707,164
validation,50,2026.9.7/log_30_2026-9-7-06-58-22.ulg,ALL,r,0.9939024390243902,164
validation,50,2026.9.7/log_30_2026-9-7-06-58-22.ulg,high_change,vx,1.0,8
validation,50,2026.9.7/log_30_2026-9-7-06-58-22.ulg,high_change,vy,1.0,8
validation,50,2026.9.7/log_30_2026-9-7-06-58-22.ulg,high_change,vz,1.0,8
validation,50,2026.9.7/log_30_2026-9-7-06-58-22.ulg,high_change,p,1.0,8
validation,50,2026.9.7/log_30_2026-9-7-06-58-22.ulg,high_change,q,1.0,8
validation,50,2026.9.7/log_30_2026-9-7-06-58-22.ulg,high_change,r,1.0,8
validation,50,9.17数据/log_10_2026-9-17-06-34-34.ulg,ALL,vx,0.9384615384615385,130
validation,50,9.17数据/log_10_2026-9-17-06-34-34.ulg,ALL,vy,0.9769230769230769,130
validation,50,9.17数据/log_10_2026-9-17-06-34-34.ulg,ALL,vz,0.9615384615384616,130
validation,50,9.17数据/log_10_2026-9-17-06-34-34.ulg,ALL,p,0.9692307692307692,130
validation,50,9.17数据/log_10_2026-9-17-06-34-34.ulg,ALL,q,0.9692307692307692,130
validation,50,9.17数据/log_10_2026-9-17-06-34-34.ulg,ALL,r,0.9692307692307692,130
validation,50,9.17数据/log_10_2026-9-17-06-34-34.ulg,high_change,vx,0.8235294117647058,34
validation,50,9.17数据/log_10_2026-9-17-06-34-34.ulg,high_change,vy,0.9705882352941176,34
validation,50,9.17数据/log_10_2026-9-17-06-34-34.ulg,high_change,vz,0.9117647058823529,34
validation,50,9.17数据/log_10_2026-9-17-06-34-34.ulg,high_change,p,0.9705882352941176,34
validation,50,9.17数据/log_10_2026-9-17-06-34-34.ulg,high_change,q,0.9705882352941176,34
validation,50,9.17数据/log_10_2026-9-17-06-34-34.ulg,high_change,r,0.9411764705882353,34
validation,50,9.17数据/log_11_2026-9-17-06-40-30.ulg,ALL,vx,0.993103448275862,145
validation,50,9.17数据/log_11_2026-9-17-06-40-30.ulg,ALL,vy,0.993103448275862,145
validation,50,9.17数据/log_11_2026-9-17-06-40-30.ulg,ALL,vz,0.993103448275862,145
validation,50,9.17数据/log_11_2026-9-17-06-40-30.ulg,ALL,p,0.9724137931034482,145
validation,50,9.17数据/log_11_2026-9-17-06-40-30.ulg,ALL,q,0.9724137931034482,145
validation,50,9.17数据/log_11_2026-9-17-06-40-30.ulg,ALL,r,0.9793103448275862,145
validation,50,9.17数据/log_11_2026-9-17-06-40-30.ulg,high_change,vx,0.9705882352941176,34
validation,50,9.17数据/log_11_2026-9-17-06-40-30.ulg,high_change,vy,0.9705882352941176,34
validation,50,9.17数据/log_11_2026-9-17-06-40-30.ulg,high_change,vz,0.9705882352941176,34
validation,50,9.17数据/log_11_2026-9-17-06-40-30.ulg,high_change,p,0.9705882352941176,34
validation,50,9.17数据/log_11_2026-9-17-06-40-30.ulg,high_change,q,0.9411764705882353,34
validation,50,9.17数据/log_11_2026-9-17-06-40-30.ulg,high_change,r,0.9117647058823529,34
validation,50,9.17数据/log_12_2026-9-17-06-46-02.ulg,ALL,vx,0.9444444444444444,144
validation,50,9.17数据/log_12_2026-9-17-06-46-02.ulg,ALL,vy,0.9861111111111112,144
validation,50,9.17数据/log_12_2026-9-17-06-46-02.ulg,ALL,vz,0.9861111111111112,144
validation,50,9.17数据/log_12_2026-9-17-06-46-02.ulg,ALL,p,0.9930555555555556,144
validation,50,9.17数据/log_12_2026-9-17-06-46-02.ulg,ALL,q,0.9722222222222222,144
validation,50,9.17数据/log_12_2026-9-17-06-46-02.ulg,ALL,r,0.9930555555555556,144
validation,50,9.17数据/log_12_2026-9-17-06-46-02.ulg,high_change,vx,0.8518518518518519,27
validation,50,9.17数据/log_12_2026-9-17-06-46-02.ulg,high_change,vy,0.9259259259259259,27
validation,50,9.17数据/log_12_2026-9-17-06-46-02.ulg,high_change,vz,0.9629629629629629,27
validation,50,9.17数据/log_12_2026-9-17-06-46-02.ulg,high_change,p,1.0,27
validation,50,9.17数据/log_12_2026-9-17-06-46-02.ulg,high_change,q,0.9259259259259259,27
validation,50,9.17数据/log_12_2026-9-17-06-46-02.ulg,high_change,r,1.0,27
validation,50,9.17数据/log_13_2026-9-17-06-52-30.ulg,ALL,vx,0.9477124183006536,153
validation,50,9.17数据/log_13_2026-9-17-06-52-30.ulg,ALL,vy,0.9869281045751634,153
validation,50,9.17数据/log_13_2026-9-17-06-52-30.ulg,ALL,vz,0.9738562091503268,153
validation,50,9.17数据/log_13_2026-9-17-06-52-30.ulg,ALL,p,0.9673202614379085,153
validation,50,9.17数据/log_13_2026-9-17-06-52-30.ulg,ALL,q,0.9803921568627451,153
validation,50,9.17数据/log_13_2026-9-17-06-52-30.ulg,ALL,r,0.9869281045751634,153
validation,50,9.17数据/log_13_2026-9-17-06-52-30.ulg,high_change,vx,0.9482758620689655,58
validation,50,9.17数据/log_13_2026-9-17-06-52-30.ulg,high_change,vy,0.9655172413793104,58
validation,50,9.17数据/log_13_2026-9-17-06-52-30.ulg,high_change,vz,0.9482758620689655,58
validation,50,9.17数据/log_13_2026-9-17-06-52-30.ulg,high_change,p,0.9827586206896551,58
validation,50,9.17数据/log_13_2026-9-17-06-52-30.ulg,high_change,q,0.9655172413793104,58
validation,50,9.17数据/log_13_2026-9-17-06-52-30.ulg,high_change,r,0.9827586206896551,58
validation,50,9.17数据/log_6_2026-9-17-06-02-24.ulg,ALL,vx,1.0,138
validation,50,9.17数据/log_6_2026-9-17-06-02-24.ulg,ALL,vy,0.9927536231884058,138
validation,50,9.17数据/log_6_2026-9-17-06-02-24.ulg,ALL,vz,0.9855072463768116,138
validation,50,9.17数据/log_6_2026-9-17-06-02-24.ulg,ALL,p,0.9927536231884058,138
validation,50,9.17数据/log_6_2026-9-17-06-02-24.ulg,ALL,q,0.9782608695652174,138
validation,50,9.17数据/log_6_2026-9-17-06-02-24.ulg,ALL,r,1.0,138
validation,50,9.17数据/log_6_2026-9-17-06-02-24.ulg,high_change,vx,1.0,35
validation,50,9.17数据/log_6_2026-9-17-06-02-24.ulg,high_change,vy,0.9714285714285714,35
validation,50,9.17数据/log_6_2026-9-17-06-02-24.ulg,high_change,vz,0.9428571428571428,35
validation,50,9.17数据/log_6_2026-9-17-06-02-24.ulg,high_change,p,0.9714285714285714,35
validation,50,9.17数据/log_6_2026-9-17-06-02-24.ulg,high_change,q,0.9428571428571428,35
validation,50,9.17数据/log_6_2026-9-17-06-02-24.ulg,high_change,r,1.0,35
validation,50,9.17数据/log_7_2026-9-17-06-12-16.ulg,ALL,vx,0.9847328244274809,131
validation,50,9.17数据/log_7_2026-9-17-06-12-16.ulg,ALL,vy,0.9847328244274809,131
validation,50,9.17数据/log_7_2026-9-17-06-12-16.ulg,ALL,vz,1.0,131
validation,50,9.17数据/log_7_2026-9-17-06-12-16.ulg,ALL,p,0.9618320610687023,131
validation,50,9.17数据/log_7_2026-9-17-06-12-16.ulg,ALL,q,0.9770992366412213,131
validation,50,9.17数据/log_7_2026-9-17-06-12-16.ulg,ALL,r,1.0,131
validation,50,9.17数据/log_7_2026-9-17-06-12-16.ulg,high_change,vx,0.9411764705882353,17
validation,50,9.17数据/log_7_2026-9-17-06-12-16.ulg,high_change,vy,0.9411764705882353,17
validation,50,9.17数据/log_7_2026-9-17-06-12-16.ulg,high_change,vz,1.0,17
validation,50,9.17数据/log_7_2026-9-17-06-12-16.ulg,high_change,p,0.9411764705882353,17
validation,50,9.17数据/log_7_2026-9-17-06-12-16.ulg,high_change,q,1.0,17
validation,50,9.17数据/log_7_2026-9-17-06-12-16.ulg,high_change,r,1.0,17
validation,50,9.17数据/log_8_2026-9-17-06-17-52.ulg,ALL,vx,0.9863013698630136,146
validation,50,9.17数据/log_8_2026-9-17-06-17-52.ulg,ALL,vy,1.0,146
validation,50,9.17数据/log_8_2026-9-17-06-17-52.ulg,ALL,vz,1.0,146
validation,50,9.17数据/log_8_2026-9-17-06-17-52.ulg,ALL,p,0.9863013698630136,146
validation,50,9.17数据/log_8_2026-9-17-06-17-52.ulg,ALL,q,1.0,146
validation,50,9.17数据/log_8_2026-9-17-06-17-52.ulg,ALL,r,0.9931506849315068,146
validation,50,9.17数据/log_8_2026-9-17-06-17-52.ulg,high_change,vx,0.9696969696969697,33
validation,50,9.17数据/log_8_2026-9-17-06-17-52.ulg,high_change,vy,1.0,33
validation,50,9.17数据/log_8_2026-9-17-06-17-52.ulg,high_change,vz,1.0,33
validation,50,9.17数据/log_8_2026-9-17-06-17-52.ulg,high_change,p,1.0,33
validation,50,9.17数据/log_8_2026-9-17-06-17-52.ulg,high_change,q,1.0,33
validation,50,9.17数据/log_8_2026-9-17-06-17-52.ulg,high_change,r,1.0,33
validation,50,9.17数据/log_9_2026-9-17-06-28-10.ulg,ALL,vx,0.9736842105263158,114
validation,50,9.17数据/log_9_2026-9-17-06-28-10.ulg,ALL,vy,0.9649122807017544,114
validation,50,9.17数据/log_9_2026-9-17-06-28-10.ulg,ALL,vz,0.9912280701754386,114
validation,50,9.17数据/log_9_2026-9-17-06-28-10.ulg,ALL,p,0.9649122807017544,114
validation,50,9.17数据/log_9_2026-9-17-06-28-10.ulg,ALL,q,0.956140350877193,114
validation,50,9.17数据/log_9_2026-9-17-06-28-10.ulg,ALL,r,0.9824561403508771,114
validation,50,9.17数据/log_9_2026-9-17-06-28-10.ulg,high_change,vx,0.9354838709677419,31
validation,50,9.17数据/log_9_2026-9-17-06-28-10.ulg,high_change,vy,0.9032258064516129,31
validation,50,9.17数据/log_9_2026-9-17-06-28-10.ulg,high_change,vz,0.967741935483871,31
validation,50,9.17数据/log_9_2026-9-17-06-28-10.ulg,high_change,p,0.967741935483871,31
validation,50,9.17数据/log_9_2026-9-17-06-28-10.ulg,high_change,q,0.9354838709677419,31
validation,50,9.17数据/log_9_2026-9-17-06-28-10.ulg,high_change,r,0.9354838709677419,31
