h0_rmse,h1_rmse,h2_rmse,h3_rmse,h4_rmse,h5_rmse,h6_rmse,h7_rmse,h8_rmse,h9_rmse,h10_rmse,h11_rmse,h12_rmse,h13_rmse,h14_rmse,h15_rmse,h16_rmse,h17_rmse,h18_rmse,h19_rmse,h20_rmse,h21_rmse,h22_rmse,h23_rmse,h24_rmse,h25_rmse,h26_rmse,h27_rmse,h28_rmse,h29_rmse,h30_rmse,h31_rmse,h32_rmse,h33_rmse,h34_rmse,h35_rmse,h36_rmse,h37_rmse,h38_rmse,h39_rmse,h40_rmse,h41_rmse,h42_rmse,h43_rmse,h44_rmse,h45_rmse,h46_rmse,h47_rmse,h48_rmse,h49_rmse,h50_rmse,h51_rmse,h52_rmse,h53_rmse,h54_rmse,h55_rmse,h56_rmse,h57_rmse,h58_rmse,h59_rmse,h60_rmse,h61_rmse,h62_rmse,h63_rmse,step
0.0,0.0,0.0,0.0,0.0,0.0,0.0,0.0,0.0,0.0,0.0,0.0,0.0,0.0,0.0,0.0,0.0,0.0,0.0,0.0,0.0,0.0,0.0,0.0,0.0,0.0,0.0,0.0,0.0,0.0,0.0,0.0,0.0,0.0,0.0,0.0,0.0,0.0,0.0,0.0,0.0,0.0,0.0,0.0,0.0,0.0,0.0,0.0,0.0,0.0,0.0,0.0,0.0,0.0,0.0,0.0,0.0,0.0,0.0,0.0,0.0,0.0,0.0,0.0,0
0.052326463,0.03828185,0.07825,0.05533496,0.037847906,0.023588913,0.061056253,0.024733607,0.041800484,0.06692476,0.029186448,0.04616317,0.056177966,0.015986804,0.027807212,0.03935037,0.040386293,0.05779194,0.049032263,0.057607856,0.022228012,0.0465251,0.08201631,0.050528605,0.022219775,0.051994473,0.028555417,0.058933254,0.03736008,0.05073611,0.019352127,0.057020865,0.041737158,0.07314341,0.047586083,0.042491768,0.060112543,0.025052018,0.07719803,0.055343397,0.05159354,0.04006021,0.04412784,0.038265828,0.03355909,0.022294119,0.055362664,0.03812798,0.051644623,0.066089675,0.07232806,0.031285074,0.059429675,0.01428451,0.048315927,0.065945454,0.05957812,0.027079362,0.045576565,0.060762253,0.051031567,0.042549383,0.05585663,0.027980741,1
0.11127487,0.07160906,0.1473286,0.09959666,0.07346278,0.052924987,0.10962414,0.05975403,0.07652035,0.13186651,0.054301042,0.08858384,0.11223745,0.023087,0.052538093,0.077696174,0.08255188,0.10992606,0.10335591,0.10646006,0.04960096,0.08690197,0.15847494,0.0989731,0.052154798,0.10617821,0.0534684,0.09782485,0.08397804,0.08922374,0.056263015,0.08943552,0.08042701,0.12959757,0.09641903,0.08623768,0.10865245,0.052089643,0.11935946,0.10650491,0.10375733,0.08357268,0.08252586,0.078128025,0.07753441,0.056025807,0.09395431,0.08970319,0.09090312,0.12392123,0.14474043,0.07051459,0.12224451,0.033086795,0.08991062,0.12500471,0.121628754,0.059551448,0.079404496,0.118266866,0.11919978,0.08375584,0.08456586,0.05402374,2
0.15812318,0.09565017,0.18939511,0.13000469,0.110859975,0.08000197,0.14630052,0.10221104,0.09545573,0.18187475,0.07673787,0.12118866,0.15864727,0.030568084,0.08094183,0.11425778,0.126215,0.15373719,0.15504268,0.13780233,0.08212351,0.12275765,0.20469224,0.13341789,0.095019445,0.15478526,0.06977345,0.12653372,0.13958581,0.11739917,0.12075317,0.09982449,0.11968567,0.16209257,0.14209478,0.12524353,0.14071201,0.08040133,0.15085576,0.15661824,0.13887542,0.12961993,0.11104085,0.11220653,0.12185119,0.094769396,0.12185264,0.14150897,0.11732767,0.16143857,0.19458666,0.11364946,0.18088482,0.0544339,0.12509754,0.16950653,0.1732697,0.087414786,0.0916156,0.15617472,0.17764841,0.12164729,0.09866606,0.07654366,3
0.18554504,0.108827256,0.20120545,0.14806429,0.14073667,0.1041211,0.16497122,0.13853681,0.101102546,0.21258454,0.093727976,0.14288211,0.18267418,0.042069074,0.10563787,0.14052127,0.16305965,0.18601084,0.19421221,0.14554211,0.12301716,0.14438331,0.22054394,0.14733523,0.13613483,0.19473286,0.08377948,0.14956525,0.19213998,0.13657936,0.1806897,0.095735095,0.15032043,0.17083143,0.17035736,0.14818574,0.14900339,0.0968222,0.16988167,0.19164762,0.14354299,0.16735612,0.1326363,0.13804495,0.15736204,0.1257009,0.12791699,0.1846847,0.1264521,0.18399213,0.21225242,0.14632036,0.22560911,0.07621199,0.14653133,0.18830462,0.20126967,0.10857195,0.09048183,0.16916713,0.21307012,0.14660849,0.10489521,0.09057608,4
0.19863643,0.12158607,0.20016257,0.17008942,0.16371255,0.12581755,0.17035772,0.16467135,0.10068989,0.22786607,0.10569991,0.16024758,0.18863337,0.05618285,0.121046826,0.1608503,0.18501884,0.20829281,0.22246785,0.14428167,0.1676629,0.1488431,0.21781299,0.14813724,0.17888536,0.22659977,0.10231146,0.17169769,0.23554121,0.15353793,0.21986488,0.09980825,0.17228898,0.16617115,0.19214197,0.16226839,0.1485951,0.106213704,0.17630762,0.21306977,0.1310844,0.19610007,0.1477712,0.15938531,0.17721255,0.14311428,0.13775514,0.21869858,0.13353805,0.19924387,0.21098974,0.16380362,0.25593117,0.098790415,0.16611497,0.1857683,0.2067329,0.12202056,0.09821298,0.17358516,0.22893295,0.16671896,0.11088341,0.10558961,5
0.19749244,0.13555002,0.19135869,0.18453954,0.17716676,0.14378941,0.16707885,0.17780916,0.096812956,0.23511727,0.11362928,0.1674405,0.17849828,0.069538884,0.12445302,0.17582247,0.19063161,0.21638289,0.23887564,0.13992874,0.2123476,0.14250308,0.20497622,0.14205779,0.21184805,0.24671195,0.11944021,0.18379426,0.26479027,0.16261326,0.24150212,0.113879114,0.18161754,0.15656601,0.20608659,0.16604096,0.14799605,0.11354234,0.17468855,0.2190997,0.11865436,0.21727654,0.15436788,0.17736797,0.18405718,0.14909382,0.14720547,0.24177931,0.1464015,0.20435545,0.20057322,0.17612736,0.2697903,0.12100331,0.1798098,0.16669859,0.20438482,0.12812752,0.11936367,0.17687556,0.23067166,0.17971732,0.10925184,0.11848688,6
0.18644133,0.14825614,0.18181571,0.19038457,0.1818356,0.15961649,0.1609176,0.17988133,0.09415474,0.23221894,0.11883193,0.16448003,0.16151002,0.08197316,0.11829285,0.18075088,0.19426386,0.21418113,0.24570319,0.13689153,0.24198589,0.14343104,0.18892956,0.1371269,0.22961995,0.25001705,0.13269404,0.18689772,0.27944025,0.16418645,0.24813093,0.12760586,0.18271801,0.14975382,0.21178466,0.1681275,0.15083227,0.12271771,0.17615362,0.2161658,0.120395936,0.2292639,0.15800992,0.1903965,0.18830144,0.15245612,0.15705372,0.25001928,0.16021363,0.1989286,0.19156806,0.18258268,0.27194357,0.1383014,0.19008279,0.14742693,0.1979681,0.12882745,0.13891053,0.18103701,0.22694737,0.19352213,0.10598273,0.13216689,7
0.17352422,0.15323147,0.17917113,0.19361731,0.1811992,0.17488408,0.15468618,0.17716363,0.09748167,0.2206974,0.12333669,0.16265093,0.15059137,0.09405926,0.120382324,0.17767905,0.20205578,0.20683715,0.24204262,0.13521533,0.25020778,0.1512857,0.18055978,0.13795961,0.23323606,0.2384776,0.13772105,0.17794965,0.27669558,0.15881991,0.24800104,0.14207627,0.17858575,0.15024553,0.21152915,0.16780937,0.15948004,0.13551228,0.187983,0.2051497,0.13971591,0.23742817,0.16125439,0.19625345,0.19242248,0.15677188,0.16501863,0.24431555,0.16570474,0.19158962,0.18505083,0.18596235,0.26564428,0.14783975,0.19500436,0.14031124,0.19148856,0.12726682,0.15530583,0.18751328,0.21836069,0.20835498,0.11026503,0.14575668,8
0.16711274,0.15173148,0.17499425,0.1922934,0.17703196,0.18855725,0.14842102,0.17489576,0.108300835,0.20735934,0.1285776,0.17122248,0.14910659,0.106640294,0.13199264,0.17641915,0.2047811,0.20046902,0.23620273,0.13059625,0.23904957,0.15457746,0.18243985,0.14284706,0.2289445,0.2293274,0.13958715,0.16902429,0.26474854,0.15553774,0.2378352,0.14958765,0.1705046,0.1597692,0.21138476,0.16339304,0.16300158,0.14860347,0.19756816,0.18794452,0.16582479,0.24403761,0.16732319,0.19048028,0.19846763,0.16268787,0.16399331,0.2316581,0.16025995,0.193598,0.18440601,0.18779689,0.24958508,0.15012017,0.1996549,0.14446558,0.18653226,0.13169435,0.16222566,0.18633282,0.20668489,0.213754,0.11871754,0.15435623,9
0.16678299,0.14649604,0.1675962,0.18687034,0.16742252,0.19660112,0.14259094,0.17203559,0.12316068,0.20061077,0.13102241,0.18720584,0.15609232,0.12039737,0.14425363,0.1818884,0.20391427,0.19697368,0.22870484,0.12575836,0.21744914,0.1546014,0.18902189,0.15365331,0.21856734,0.23144482,0.14248501,0.16004755,0.24576497,0.15515046,0.22402687,0.15919979,0.1572252,0.17001395,0.2095781,0.15324187,0.1634254,0.15523967,0.20889509,0.16821007,0.18828018,0.24406387,0.16997819,0.178196,0.20206061,0.1656004,0.15558812,0.21468212,0.1493496,0.1993993,0.19364682,0.18915893,0.23239398,0.14776264,0.19817796,0.15318252,0.18267338,0.1415052,0.16609359,0.18217313,0.19611074,0.20461057,0.13239975,0.15937127,10
0.169421,0.13965479,0.1609921,0.18258336,0.15407738,0.19792175,0.1406258,0.16690344,0.1381719,0.20219578,0.13161635,0.20732361,0.16427645,0.1317763,0.14838403,0.19407158,0.20241922,0.20020048,0.22238034,0.12436767,0.19256957,0.15269066,0.19505598,0.16445799,0.20721127,0.23960374,0.14653534,0.15778394,0.22654854,0.15838479,0.21451592,0.16286153,0.14242162,0.17916214,0.20683068,0.14098665,0.16298896,0.15620723,0.21545881,0.15833037,0.20357436,0.2393339,0.17200424,0.16438074,0.20138618,0.16364709,0.1440973,0.2005747,0.13851553,0.2065968,0.20846763,0.18866475,0.22087769,0.14433722,0.19387817,0.16389221,0.18152656,0.1541043,0.1645686,0.1813087,0.18789737,0.18599105,0.14296864,0.16327022,11
0.17356955,0.1367652,0.16158415,0.17538401,0.14111951,0.19592705,0.14474894,0.16012545,0.15038231,0.21013902,0.12981595,0.2242824,0.16908191,0.13966997,0.14726034,0.21153405,0.2009394,0.20580974,0.21993843,0.12721407,0.1768064,0.15545629,0.19614449,0.17623046,0.19700864,0.24907729,0.1508888,0.15932965,0.20933107,0.16455637,0.20949145,0.16852203,0.12968339,0.1902813,0.20279388,0.13279283,0.16774328,0.15244813,0.21980636,0.1593093,0.21103556,0.23052055,0.17215829,0.15334342,0.1990575,0.16182236,0.13564901,0.19437936,0.13522281,0.21150842,0.2251143,0.18742886,0.21483652,0.14476039,0.19075882,0.17666575,0.18667948,0.16681331,0.16413593,0.18796253,0.1866515,0.1679382,0.15230002,0.16774744,12
0.17504461,0.13360986,0.17414497,0.1737526,0.1346891,0.19109797,0.15349275,0.15854806,0.15420379,0.2145776,0.12916596,0.23065735,0.17053321,0.14170039,0.14485088,0.22089696,0.2001904,0.21015628,0.21700206,0.13839553,0.17494732,0.16016583,0.19645089,0.18096499,0.18994308,0.25457475,0.15927354,0.15547672,0.19605634,0.16921924,0.21886557,0.17531389,0.12342233,0.18965286,0.20315227,0.13121568,0.18094152,0.14841992,0.22549677,0.16934885,0.21168917,0.22335644,0.16949631,0.14912266,0.19589543,0.1638348,0.13648908,0.19285017,0.14157365,0.21803029,0.23400415,0.18581383,0.21461853,0.14705978,0.18609592,0.18297033,0.19041786,0.17843196,0.1712898,0.1999792,0.19051605,0.16215408,0.15350953,0.17116404,13
0.17479724,0.1341516,0.18481022,0.17354634,0.13565984,0.18603672,0.16387323,0.16161534,0.15014477,0.21325032,0.13139293,0.22927292,0.17155431,0.13920042,0.14306474,0.220797,0.19808988,0.213317,0.21348964,0.14721815,0.18133052,0.16373394,0.19915895,0.17967792,0.18778026,0.25896817,0.16744323,0.15257992,0.18812646,0.17340264,0.23472734,0.17524116,0.12350144,0.18568373,0.2112928,0.13703592,0.1895386,0.14691187,0.2249649,0.1804672,0.21474674,0.22580533,0.1677364,0.14586778,0.19156936,0.16850469,0.14249471,0.19448194,0.14839208,0.22832087,0.23641507,0.18859355,0.21800403,0.15072836,0.18138777,0.18778679,0.18923321,0.18762444,0.17726552,0.20671503,0.19496621,0.16340034,0.15130919,0.17487437,14
0.17493092,0.13846883,0.19054098,0.17228828,0.13733546,0.18293212,0.17289357,0.16666491,0.14231648,0.21696632,0.13437134,0.22391446,0.17448604,0.13630126,0.14207579,0.22008193,0.19917825,0.21769808,0.2158393,0.15238592,0.1856344,0.16551782,0.20020889,0.17515709,0.19060612,0.26365957,0.17674674,0.15248634,0.18887368,0.18036927,0.25161746,0.17069139,0.12905155,0.17904499,0.2178731,0.14404462,0.19131185,0.14792848,0.21768211,0.19102663,0.2178691,0.23219225,0.1687208,0.14508747,0.18426,0.17288266,0.14478897,0.19840351,0.14777696,0.2389203,0.23458046,0.1937125,0.22458465,0.15663904,0.17872582,0.19198109,0.18650632,0.19396001,0.17952737,0.21002796,0.19643024,0.16508794,0.14632028,0.17893955,15
0.17973924,0.1460588,0.1915189,0.17154238,0.14212178,0.18185042,0.18319675,0.17193648,0.136779,0.22746262,0.13717265,0.21255296,0.17909658,0.13247499,0.14712669,0.22046752,0.19935907,0.22026913,0.22322519,0.15268193,0.19341893,0.17045046,0.20684884,0.17035592,0.20052598,0.26408318,0.18563123,0.15776215,0.19993646,0.19325732,0.26558512,0.16517791,0.1401584,0.17531759,0.22281916,0.15442058,0.1867108,0.1501148,0.20711832,0.20250139,0.21409284,0.2375501,0.1754273,0.15381342,0.1848709,0.17444429,0.14673251,0.21051922,0.14715901,0.2533093,0.22969928,0.20014098,0.23219319,0.16164744,0.18040279,0.19408752,0.19408435,0.1992166,0.1800521,0.21141022,0.20150448,0.17026126,0.14063835,0.18122812,16
0.18583894,0.1550078,0.19254658,0.17227581,0.15307,0.18368763,0.1925169,0.18084939,0.12997346,0.23354384,0.14035155,0.19451793,0.18539762,0.1279368,0.15150915,0.21729966,0.19725353,0.22152734,0.23718402,0.14858681,0.20830461,0.17363031,0.21354876,0.16826208,0.21863653,0.25969824,0.19309331,0.16532965,0.21942094,0.20295167,0.2754282,0.1628217,0.15437059,0.17352593,0.2263939,0.16559272,0.17954254,0.15450552,0.19875796,0.20983951,0.19768189,0.2379531,0.18253897,0.16946961,0.19167107,0.1759451,0.15314776,0.22936538,0.1527779,0.26400965,0.22419211,0.20241594,0.23722357,0.16695362,0.18718918,0.19178157,0.20186698,0.20446569,0.18430914,0.20687199,0.21101521,0.18489668,0.13870154,0.18571463,17
0.18813081,0.1641564,0.19654857,0.17976484,0.16544819,0.18705912,0.19879244,0.19413222,0.12415799,0.23296154,0.14527196,0.18184926,0.1860966,0.12448695,0.1528217,0.2103261,0.19641922,0.22749513,0.2502473,0.14609544,0.2264346,0.17628217,0.21663992,0.1682123,0.23919441,0.2563427,0.19748835,0.17283192,0.24366628,0.21023706,0.2814196,0.16680455,0.16791962,0.17285584,0.23451899,0.17617257,0.17647214,0.16107337,0.19812416,0.21626593,0.1780341,0.24094275,0.18917467,0.1885756,0.20034014,0.17974864,0.16114299,0.24771276,0.16477716,0.27213046,0.21963415,0.20492333,0.24145342,0.17443968,0.19285175,0.18278451,0.20636727,0.20819648,0.18843861,0.20433381,0.22236525,0.20030205,0.13579609,0.19404384,18
0.18607631,0.17504615,0.20045215,0.18892892,0.17405458,0.19294687,0.19875123,0.20520535,0.11955993,0.2304328,0.15143016,0.17945348,0.18139303,0.1268371,0.15114497,0.20253548,0.20003961,0.23637415,0.25737104,0.14496107,0.24252564,0.1759577,0.21496572,0.1694779,0.25759792,0.26325586,0.19869381,0.1748134,0.26162276,0.20885639,0.28135136,0.17181577,0.17861706,0.17345107,0.24492633,0.18295127,0.1742695,0.16774403,0.20140779,0.21933621,0.16721682,0.24879791,0.18970405,0.20210554,0.20783596,0.18300599,0.16732603,0.2596653,0.17545874,0.27082643,0.21886967,0.21053664,0.24604234,0.18319635,0.19657099,0.17181186,0.2054442,0.20806973,0.19112018,0.2042101,0.22936635,0.21070613,0.13310461,0.2028601,19
0.19108889,0.18471776,0.19304651,0.18948941,0.17423384,0.20036699,0.19359681,0.20878826,0.12207207,0.23478954,0.15644093,0.18207015,0.18288662,0.13343376,0.15205213,0.19933507,0.20441867,0.24348861,0.25811154,0.13766442,0.25286534,0.17322011,0.21426485,0.17576188,0.26861718,0.27415895,0.19619764,0.17860438,0.27384907,0.20572446,0.277581,0.17319596,0.18331666,0.18332775,0.24881618,0.18107815,0.1677739,0.17404926,0.20432186,0.21506114,0.17149359,0.25954705,0.18581797,0.21352555,0.21917772,0.1820656,0.1666249,0.26610202,0.16869986,0.26672378,0.22812745,0.21639957,0.24857013,0.18971062,0.19988626,0.17370477,0.20916884,0.20395131,0.18970639,0.2035742,0.23206827,0.20932835,0.13345192,0.2108241,20
0.20241468,0.19009231,0.18131839,0.18846479,0.17370133,0.20764966,0.18892366,0.20540798,0.1294647,0.23724613,0.15981205,0.18782163,0.18586873,0.14267954,0.15729703,0.20143703,0.21280536,0.250059,0.25571173,0.12933013,0.2548205,0.1707806,0.21514313,0.18291153,0.2741451,0.27782336,0.19503444,0.18434744,0.27868658,0.20222414,0.27230522,0.17771354,0.18510747,0.19304858,0.24883093,0.1758812,0.1623033,0.17935072,0.21195666,0.21186626,0.18119757,0.26513326,0.18344712,0.21695475,0.23035225,0.187622,0.1626896,0.26848987,0.15488607,0.26514974,0.23696715,0.21935323,0.24933632,0.19175856,0.20355375,0.17737484,0.21438906,0.19995818,0.19118021,0.20470482,0.23153089,0.20435473,0.13973553,0.21431823,21
0.20935632,0.19218242,0.17460825,0.19076452,0.17425346,0.21325897,0.1862677,0.20036967,0.13587432,0.23521885,0.16338715,0.19827455,0.18598364,0.15045159,0.16266398,0.2060691,0.226847,0.25816864,0.2528364,0.12780866,0.24985619,0.16970462,0.21263626,0.19057289,0.27263537,0.27934536,0.19704393,0.18675786,0.2775452,0.19762626,0.26666096,0.19069445,0.18160443,0.19902748,0.24661502,0.168385,0.16686709,0.18352506,0.22829494,0.20219995,0.1954903,0.26077366,0.18322828,0.21094391,0.23761165,0.19946931,0.16076957,0.26428434,0.15010491,0.26233977,0.24130969,0.21855122,0.24416302,0.18783766,0.20492437,0.18030795,0.21372229,0.19524336,0.1987569,0.20920679,0.23021273,0.20283903,0.14978479,0.21509725,22
0.20809428,0.19212931,0.17251064,0.20145157,0.17309429,0.21608484,0.18483697,0.19628944,0.14153597,0.23417513,0.16614811,0.21552558,0.1843065,0.16089956,0.16935872,0.21356846,0.2384023,0.26811442,0.24744663,0.12901585,0.24105515,0.16810526,0.20932399,0.19837663,0.26956975,0.2862554,0.2010131,0.18406954,0.26897272,0.19562691,0.26176298,0.20120819,0.176647,0.20291875,0.2435975,0.16303727,0.17298561,0.18505412,0.24419847,0.1902867,0.21364987,0.2556174,0.18457621,0.19974011,0.23935698,0.21080329,0.15956023,0.25496396,0.1534272,0.25685474,0.24408454,0.2165355,0.23425153,0.18292503,0.20307839,0.1842935,0.2126676,0.1918218,0.2049252,0.21296895,0.22714661,0.20257267,0.15905729,0.21329679,23
0.20589349,0.19622974,0.1759076,0.2101227,0.16918036,0.21565899,0.1858397,0.19278236,0.14688453,0.23275617,0.16994463,0.23610114,0.18253879,0.17054482,0.17148982,0.21911952,0.24374044,0.2772755,0.2442705,0.13383366,0.23017302,0.1657804,0.20528853,0.20576634,0.26538146,0.2963272,0.20744209,0.18307193,0.26062244,0.1964434,0.25957546,0.20311533,0.17157158,0.20589833,0.23903388,0.16050795,0.17879839,0.18496558,0.25593594,0.18296936,0.22897248,0.2527935,0.18776879,0.18917978,0.23570833,0.21611209,0.15781105,0.24733964,0.15608568,0.25210354,0.24740888,0.21201892,0.22635536,0.17747143,0.20187405,0.18583685,0.21248983,0.19013062,0.20665702,0.21642213,0.22368667,0.19839957,0.16499092,0.21061061,24
0.20246491,0.20012543,0.17872295,0.21556272,0.1661664,0.2137271,0.18907931,0.18935779,0.1493779,0.23423685,0.17342944,0.25423333,0.18395412,0.18073948,0.17480786,0.22361405,0.24426445,0.28140628,0.23980187,0.13897415,0.22178794,0.16835389,0.20888476,0.21187243,0.26106223,0.30570978,0.2131554,0.18065113,0.25190035,0.19779156,0.25993687,0.20210046,0.16776793,0.20880874,0.2388939,0.16178206,0.18367021,0.18416356,0.2603952,0.18361397,0.24113105,0.2550796,0.18602656,0.18358676,0.23016647,0.21635473,0.16054206,0.2426643,0.1609893,0.25316772,0.24735433,0.21117753,0.22109705,0.17311881,0.19792993,0.1862158,0.21462086,0.19236934,0.20604527,0.21929379,0.22066718,0.1947306,0.17308374,0.20879379,25
0.20114116,0.20372565,0.18428063,0.21561174,0.16534916,0.21145022,0.1972697,0.18846771,0.15083453,0.23474468,0.1791976,0.2655363,0.183873,0.18812776,0.1761715,0.22786318,0.24256392,0.28301415,0.24129404,0.1477156,0.21677202,0.17179215,0.21021841,0.21046834,0.25785053,0.31407169,0.21713673,0.18326353,0.2472189,0.19895811,0.26114297,0.2029084,0.16643026,0.20927434,0.2440796,0.1625907,0.19061531,0.18408513,0.2603968,0.18950427,0.24828233,0.2603847,0.18616772,0.18135779,0.22109474,0.2104953,0.1646378,0.24045326,0.16667645,0.258357,0.24778965,0.21318151,0.22453015,0.17293248,0.195701,0.19065298,0.21290171,0.19826877,0.20806527,0.22456586,0.21966636,0.19257191,0.17626224,0.20994005,26
0.20067671,0.2072411,0.18714026,0.21343508,0.16612118,0.20943196,0.20353231,0.1917956,0.15326644,0.23902579,0.18295738,0.26600584,0.18277945,0.19295774,0.17819639,0.23802267,0.242192,0.28235826,0.24683721,0.15104623,0.21651827,0.17437358,0.20899191,0.20728984,0.25935814,0.3152647,0.22602852,0.18686959,0.24638526,0.2024413,0.26329744,0.20186082,0.16412725,0.2063613,0.24922968,0.16554272,0.19150779,0.18449777,0.25111446,0.19611657,0.25166982,0.26672223,0.1923622,0.18132426,0.21246669,0.20369947,0.17139058,0.23820852,0.16969047,0.26394457,0.2440623,0.21930796,0.2295685,0.17474629,0.19493483,0.19288057,0.2101615,0.20473571,0.20750792,0.22732988,0.21714117,0.19172111,0.17502056,0.21049938,27
0.20773605,0.21047497,0.1899866,0.2073863,0.16918464,0.20578772,0.20156614,0.1921449,0.15224417,0.24701953,0.18696332,0.26019567,0.18702634,0.19300252,0.18460476,0.24136859,0.24453016,0.28174728,0.25139177,0.15448292,0.21601586,0.17863047,0.214945,0.20739527,0.26174158,0.31132323,0.23354068,0.18689469,0.24966721,0.20604528,0.26763734,0.20047797,0.16234338,0.20003223,0.2554872,0.17075144,0.1909605,0.18651576,0.24185298,0.20817192,0.24800582,0.26995346,0.19443925,0.18589404,0.21323515,0.19494869,0.17184542,0.24186343,0.16561574,0.27312502,0.24061619,0.22569746,0.24034731,0.17679694,0.1918509,0.1939735,0.214317,0.20900021,0.20749837,0.23342946,0.21575965,0.18899904,0.1691246,0.2132361,28
0.22274932,0.21107899,0.18930194,0.1978964,0.17442666,0.20315549,0.20688099,0.18951172,0.15177701,0.258024,0.18846749,0.2480527,0.19950008,0.18939342,0.1911022,0.24539942,0.24287604,0.27910283,0.25879982,0.15204124,0.22012971,0.18142211,0.22628854,0.2080324,0.26383367,0.30357355,0.24079962,0.1930852,0.26222,0.21279193,0.27377865,0.20089993,0.16415375,0.20012915,0.25729793,0.17594388,0.18606712,0.18763095,0.23304029,0.21325693,0.2411596,0.26468986,0.1971746,0.19686098,0.2204004,0.18960619,0.17399846,0.25600988,0.16484189,0.28536478,0.24344482,0.22915737,0.24496119,0.1793344,0.19397189,0.19686349,0.22565809,0.2154054,0.21109167,0.23308946,0.22187406,0.19000056,0.1667173,0.21790086,29
0.23178871,0.21266377,0.19219556,0.1923447,0.17919734,0.20205493,0.21529582,0.19327176,0.14852571,0.2595892,0.190222,0.23173521,0.20412377,0.18404394,0.1941837,0.24278057,0.23970808,0.27774367,0.2654604,0.14927617,0.2297675,0.18531948,0.23053007,0.20607299,0.2673613,0.29540375,0.24485664,0.19726202,0.2761673,0.21469359,0.28143394,0.20227729,0.16707887,0.19811507,0.2583536,0.18155614,0.1854872,0.18855274,0.22749713,0.21358661,0.22856866,0.25516278,0.19864134,0.20804308,0.22314869,0.19318317,0.18001214,0.27085686,0.17459095,0.2899647,0.2431316,0.23046856,0.24555822,0.18290226,0.19807321,0.19112988,0.23297307,0.22251792,0.21401118,0.2341126,0.23487955,0.19660933,0.1625852,0.22512193,30
0.23099129,0.2143244,0.19544375,0.19620487,0.18319662,0.20460977,0.22218262,0.20037925,0.14524034,0.2532769,0.19306466,0.2171796,0.20468046,0.18027803,0.1959174,0.2371875,0.23786587,0.27930948,0.26977244,0.14551416,0.2428,0.18926093,0.23119223,0.20372127,0.27252117,0.28974757,0.24534677,0.19846137,0.28662843,0.21524294,0.28675243,0.20378813,0.1745756,0.19773768,0.2605045,0.18645956,0.18360145,0.19245914,0.22675285,0.21078789,0.21682003,0.24959992,0.19962113,0.21939091,0.22567275,0.19855462,0.18741053,0.2800661,0.1845581,0.29010788,0.24187487,0.23232454,0.24339259,0.18650132,0.20361885,0.18873595,0.23374626,0.22909868,0.2125342,0.23435727,0.24743941,0.2062567,0.16390964,0.23329167,31
0.22969167,0.21740772,0.20267344,0.20302221,0.18758129,0.2111961,0.22478251,0.20644447,0.14566132,0.24253328,0.19707622,0.21420562,0.20072196,0.17842087,0.20070489,0.22934516,0.23614563,0.28184217,0.2695309,0.14760835,0.2530284,0.18793698,0.22704458,0.20176376,0.2781628,0.287836,0.24189708,0.19675976,0.2908125,0.21354079,0.28963873,0.20574419,0.18418047,0.19678271,0.2668393,0.18841584,0.18340534,0.19932465,0.23030668,0.21313103,0.21469833,0.25653666,0.19927414,0.22607031,0.23027119,0.2014369,0.19301815,0.28132024,0.18602952,0.28862458,0.24125794,0.23472454,0.24574687,0.19073936,0.2092318,0.18566428,0.22719665,0.23398602,0.21164812,0.23834656,0.25056008,0.21315172,0.16186051,0.23982951,32
0.23182961,0.22048284,0.20098084,0.20166431,0.18880282,0.21770866,0.22107978,0.20954679,0.14705072,0.23801988,0.20129694,0.21668881,0.20123152,0.17973723,0.2063633,0.22753115,0.23430003,0.28414848,0.26689646,0.14543504,0.25468442,0.18735276,0.2256192,0.20758978,0.28419814,0.2883137,0.23828992,0.1951376,0.2904167,0.21285738,0.2905176,0.20371218,0.19004531,0.19895695,0.2747383,0.18836303,0.17928669,0.20662622,0.22824667,0.21600409,0.21987806,0.2689989,0.1976717,0.22535908,0.23635268,0.20642398,0.19224696,0.27883172,0.17641659,0.28726068,0.24119362,0.23707935,0.24829751,0.1934018,0.21072894,0.18581243,0.22106658,0.23840624,0.20924605,0.2346788,0.24659137,0.21315375,0.1654117,0.24194318,33
0.23731385,0.22175159,0.19499755,0.20052044,0.1879637,0.2229555,0.21797988,0.20859538,0.15060845,0.24475184,0.20370997,0.21923226,0.2046265,0.18329911,0.20962892,0.23483841,0.23876584,0.28658074,0.2633457,0.14255393,0.25003323,0.18936375,0.23006445,0.21769652,0.28748462,0.2893642,0.2352456,0.19678725,0.28955755,0.2158815,0.28793654,0.20801963,0.19222017,0.2057974,0.27946264,0.18675844,0.17765486,0.21147218,0.23086193,0.21583499,0.2262175,0.27671644,0.19741496,0.22411218,0.24407472,0.21018554,0.19156903,0.27432126,0.16765039,0.29113474,0.24390703,0.23997505,0.24925482,0.19493294,0.21022256,0.18657473,0.22410467,0.24347948,0.21141703,0.23171996,0.24248561,0.20963454,0.17484915,0.24165913,34
0.24265689,0.22324665,0.18318444,0.20057797,0.1840776,0.22737388,0.21519801,0.20465434,0.15509075,0.25128952,0.20427187,0.22303769,0.2076672,0.18667954,0.20910452,0.24418579,0.24619879,0.2914458,0.26086146,0.13889864,0.24762169,0.18870778,0.23199461,0.22779523,0.28991297,0.29040176,0.23548925,0.20020802,0.2880254,0.22092131,0.28403163,0.21052429,0.19203609,0.2105181,0.27860975,0.18352444,0.17530754,0.21382043,0.2326555,0.21031104,0.23282063,0.2771839,0.2007364,0.22118556,0.2479139,0.21709739,0.18865414,0.26653627,0.16248281,0.29116327,0.24607016,0.2406028,0.24639268,0.19523047,0.20975462,0.1863041,0.22938779,0.24778248,0.21306695,0.23156461,0.23943251,0.20557779,0.18226463,0.23879197,35
0.24531347,0.22747709,0.17504334,0.20476803,0.18188518,0.22855164,0.21672496,0.1986521,0.15582187,0.2552038,0.20733093,0.22958715,0.20961998,0.189253,0.21176481,0.24942341,0.255309,0.2937549,0.25906837,0.14046018,0.25115576,0.1916845,0.23145545,0.23463678,0.29028568,0.28921768,0.23934422,0.20086077,0.28575566,0.22247027,0.2831518,0.21350774,0.18942168,0.21134594,0.2738756,0.18195324,0.17528932,0.21539654,0.24310115,0.20332673,0.23738004,0.2717069,0.203114,0.21767154,0.24884392,0.22467357,0.18491554,0.26329663,0.16462474,0.28670853,0.24535258,0.23694316,0.24054652,0.1936875,0.2087915,0.1875405,0.23496668,0.25025964,0.21827142,0.23170145,0.2361529,0.20523539,0.18797055,0.23526892,36
0.24301267,0.23283774,0.17827192,0.21611342,0.18307342,0.22705084,0.22310473,0.19410746,0.15669672,0.25432053,0.21187097,0.24232687,0.20924683,0.19305144,0.21713908,0.24937883,0.26286408,0.29992166,0.26081917,0.14789939,0.2552469,0.19312994,0.2270216,0.23593228,0.28952128,0.29400316,0.24329352,0.20096833,0.28678355,0.22374716,0.28233775,0.22189842,0.18832104,0.20997635,0.27124408,0.18085764,0.1821075,0.21799952,0.25828588,0.20034054,0.24567413,0.2655639,0.20430373,0.21354647,0.24472785,0.23066792,0.18613547,0.26574272,0.17354739,0.28236514,0.24523136,0.23204473,0.23434003,0.19176689,0.20837697,0.18830086,0.23549578,0.25085482,0.22553378,0.23616952,0.23386312,0.20571783,0.1931052,0.2345237,37
0.23909998,0.23727247,0.18154763,0.22540073,0.18591301,0.22483766,0.22836953,0.19111875,0.16105331,0.25118163,0.2185595,0.25720057,0.20691685,0.20086512,0.22072838,0.25230005,0.26493904,0.30833906,0.26415992,0.1561431,0.25853857,0.19155687,0.22327581,0.23695229,0.29033256,0.30666885,0.2492327,0.20326492,0.29021436,0.2226492,0.27819723,0.22391444,0.19002546,0.21434115,0.27290115,0.18089533,0.19010969,0.21974315,0.26343957,0.20413782,0.26016152,0.26572242,0.20441952,0.20911036,0.23419571,0.23232025,0.18995091,0.26800784,0.17916441,0.28144845,0.24957892,0.23105423,0.23307413,0.19142152,0.21011683,0.19295591,0.2312714,0.25022998,0.22763543,0.24172519,0.23351952,0.2048611,0.19827537,0.23689091,38
0.24039254,0.24414146,0.18532737,0.2284212,0.18991649,0.22424075,0.23345958,0.19383739,0.16593924,0.2532162,0.22595616,0.2638333,0.20580861,0.2080013,0.22267564,0.25683135,0.26509908,0.3146745,0.2724472,0.15972245,0.26028618,0.19178432,0.22498316,0.23908556,0.29423034,0.31748274,0.25897545,0.20984983,0.30065814,0.22259258,0.2760867,0.21783195,0.19104648,0.2206741,0.2778273,0.1838693,0.19531323,0.22142282,0.2601088,0.20557128,0.26804772,0.2712634,0.20653686,0.20887744,0.2272241,0.2271525,0.19440013,0.26902714,0.1790742,0.28080145,0.25663123,0.23467146,0.23902015,0.19237156,0.21521747,0.20003434,0.23118952,0.24865185,0.22301838,0.2475809,0.23546179,0.20753261,0.19843419,0.24147144,39
0.24447282,0.24936861,0.18519214,0.2256746,0.1952741,0.22440563,0.23567373,0.1988322,0.16515255,0.25359792,0.23132107,0.26237905,0.20767082,0.21368043,0.22951578,0.25895602,0.2620789,0.3134468,0.2769201,0.15709211,0.26196408,0.19452876,0.22838217,0.23692884,0.29839534,0.3155394,0.27116677,0.21083352,0.30818108,0.21903013,0.27906075,0.2130097,0.19076763,0.2183711,0.28571522,0.18631385,0.19275896,0.22227152,0.25315392,0.21049973,0.26783273,0.27710977,0.20642935,0.21230246,0.22706884,0.22032194,0.19283064,0.27206442,0.17639607,0.28258762,0.25571808,0.24024941,0.24406119,0.19574602,0.21613054,0.20415552,0.23086327,0.2474005,0.22110598,0.25156885,0.23973323,0.20715839,0.19618095,0.24640015,40
0.25062668,0.25412235,0.18584594,0.219903,0.19974224,0.22347364,0.23011526,0.20116489,0.16493413,0.25516778,0.23808017,0.25920594,0.20989583,0.21694289,0.23567691,0.2567046,0.2599158,0.3139389,0.27516037,0.15888211,0.25910166,0.19714497,0.22883138,0.23519567,0.30085108,0.3125167,0.27983445,0.21201926,0.31342286,0.2179424,0.28757513,0.2133537,0.18845052,0.21676894,0.2949838,0.18902233,0.19400452,0.22325109,0.2515483,0.2128009,0.26353472,0.2812666,0.20338725,0.21840125,0.22711328,0.21797289,0.19306879,0.2783103,0.17707796,0.28362203,0.2557847,0.24503995,0.24825275,0.19887379,0.21559978,0.20181382,0.23135915,0.24773832,0.22291481,0.2513065,0.24174824,0.20437865,0.19415966,0.25195265,41
0.25479424,0.2570137,0.18779111,0.21410988,0.20060271,0.22031786,0.22746967,0.19924498,0.16611472,0.26138905,0.24184173,0.256697,0.21229056,0.21671183,0.23996466,0.26072386,0.2596117,0.31580228,0.2708914,0.16101904,0.25269705,0.19882512,0.23315516,0.23548448,0.30109432,0.31042427,0.28542975,0.21156336,0.31613633,0.21944404,0.2908979,0.21672685,0.18666519,0.21671852,0.3017734,0.19388306,0.19550513,0.2234779,0.2482585,0.21682885,0.2626346,0.2814977,0.20064412,0.22966124,0.22708412,0.21564394,0.19511679,0.28480706,0.18123245,0.2866212,0.25385454,0.25414506,0.25134283,0.20238873,0.21071807,0.19655542,0.23654671,0.2526841,0.22585858,0.25359866,0.24184461,0.20282288,0.19181888,0.2564933,42
0.26075792,0.25783154,0.18683675,0.21019197,0.19995548,0.21878508,0.23100196,0.19458464,0.16816747,0.27081662,0.24386424,0.2508484,0.21916418,0.21649529,0.24602447,0.26705337,0.25781944,0.31690097,0.26996964,0.16050373,0.25247255,0.19899164,0.2386273,0.23922108,0.30197382,0.30964774,0.28477544,0.21347399,0.3154504,0.22350739,0.29303145,0.21688831,0.1871049,0.22000445,0.30360916,0.19657779,0.1932017,0.22658776,0.24232844,0.21769248,0.26213315,0.27843007,0.20139103,0.23647183,0.22856477,0.21406715,0.19849063,0.28488076,0.18464895,0.29107076,0.2569424,0.26424903,0.24838206,0.20602995,0.20914634,0.19866878,0.24467123,0.26147673,0.22578786,0.2560195,0.24222946,0.20287783,0.19442841,0.2601426,43
0.25979713,0.25724483,0.18550912,0.20905448,0.2015571,0.22145125,0.23706372,0.19369109,0.16932808,0.26770353,0.24570835,0.24476369,0.22133557,0.21589613,0.251782,0.2653518,0.25799346,0.32140285,0.27431646,0.16026929,0.25617445,0.20079638,0.23381616,0.23822989,0.3048578,0.30710608,0.28134674,0.2111927,0.3147097,0.22563694,0.29613528,0.21746467,0.19203179,0.21740311,0.30274928,0.19710155,0.190653,0.23169278,0.24263825,0.21791752,0.2565021,0.27442765,0.20627211,0.23564932,0.22862677,0.215715,0.20225357,0.27841592,0.18589748,0.29101804,0.25464022,0.26516944,0.24579878,0.20807126,0.2117084,0.19901429,0.24532919,0.27067512,0.22607438,0.25645953,0.24153368,0.20888117,0.1960394,0.26245913,44
0.25603446,0.2589747,0.18877664,0.2092446,0.19989201,0.2261841,0.23748265,0.20014559,0.16720055,0.25768757,0.24559343,0.23762411,0.21651962,0.21681441,0.25830495,0.26257595,0.25656623,0.3240215,0.27543542,0.15833613,0.26258108,0.20277801,0.22903839,0.23695676,0.30892912,0.30237386,0.28089085,0.20859323,0.3143227,0.22429806,0.30044177,0.21920903,0.19679569,0.21331789,0.30185658,0.1980827,0.18702373,0.23869035,0.23962358,0.21447553,0.2532128,0.27259573,0.2080804,0.2355205,0.22624348,0.21676825,0.2091436,0.27306882,0.18372351,0.2879748,0.25077638,0.2621621,0.24419864,0.20902364,0.21485895,0.1955636,0.24092795,0.27815267,0.22402386,0.25414455,0.2375479,0.21563336,0.19730788,0.26372713,45
0.25671354,0.261897,0.19401129,0.2136027,0.1975395,0.23132342,0.23658304,0.20665225,0.16640733,0.255854,0.24389748,0.23045084,0.21589449,0.2155894,0.26229876,0.26155627,0.25569007,0.32657757,0.27108154,0.15691794,0.2663214,0.20608032,0.23357815,0.24297118,0.3145987,0.29791218,0.2791885,0.20664799,0.31174332,0.22610486,0.3040021,0.21757078,0.20374605,0.21762747,0.30391702,0.20385084,0.18638015,0.24333626,0.23668407,0.21496148,0.2553162,0.27470967,0.20771149,0.23809563,0.22595955,0.21703464,0.21273908,0.2726301,0.18174529,0.29114568,0.25089294,0.2603051,0.24649946,0.20938927,0.21560939,0.19458431,0.24141999,0.28415397,0.22112042,0.25066608,0.23360819,0.22177735,0.20008804,0.26575887,46
0.26417017,0.26954564,0.19625142,0.2153691,0.1913728,0.2354737,0.2338669,0.21017285,0.16624343,0.2572488,0.24330616,0.22542265,0.2184301,0.21395369,0.26150683,0.26231232,0.2532278,0.3282344,0.26788968,0.1528068,0.26427346,0.20850477,0.23929997,0.25142837,0.32206926,0.2944697,0.27709457,0.2071827,0.31139264,0.22779061,0.30270576,0.21466327,0.2088322,0.22252093,0.30460146,0.21166177,0.18270034,0.2453062,0.23612408,0.21523702,0.2561418,0.27635056,0.20858367,0.24246377,0.23060644,0.21837156,0.2093876,0.274778,0.17892195,0.29733232,0.2532709,0.2591935,0.24958378,0.2099618,0.21537793,0.19313852,0.24361193,0.28811356,0.21949455,0.24624819,0.2321103,0.22429459,0.19989425,0.26837018,47
0.27244952,0.2767437,0.19972658,0.21553637,0.18781967,0.2386319,0.23299778,0.21005285,0.16604033,0.25459313,0.2454873,0.2288393,0.22130188,0.21390137,0.25974652,0.25855526,0.25176683,0.32803684,0.26374072,0.1556087,0.26461375,0.20948745,0.2374609,0.257619,0.32792726,0.29663968,0.27365726,0.2104298,0.3131519,0.23014922,0.2971559,0.2188696,0.21239069,0.22739686,0.3046706,0.21314482,0.18588442,0.24698074,0.24401231,0.2160888,0.25634494,0.28022337,0.20999613,0.24618474,0.23761307,0.22135192,0.20822962,0.27498382,0.17941758,0.2985402,0.25772238,0.25839505,0.25263712,0.21113381,0.21627113,0.19280253,0.24449274,0.28862914,0.22557767,0.2454483,0.23072666,0.22266153,0.20029181,0.2697492,48
0.27516368,0.28066322,0.19600207,0.2192794,0.18711902,0.23990871,0.23281753,0.20732266,0.16675986,0.25360754,0.24989463,0.23720482,0.2214656,0.21623357,0.2603778,0.25834554,0.25587976,0.32712036,0.26329532,0.15851076,0.26762995,0.21422803,0.23472017,0.25936094,0.32998684,0.30019906,0.27401248,0.21428397,0.3186201,0.23207292,0.2906008,0.22777073,0.21189915,0.22770292,0.30538207,0.2101548,0.19065467,0.25016665,0.25166115,0.2180927,0.2629716,0.27988127,0.21050972,0.2437854,0.24052335,0.22484426,0.2106915,0.2752809,0.17712964,0.29687977,0.25904205,0.25805515,0.2523703,0.21245675,0.2167453,0.1925949,0.24380079,0.2888877,0.23319732,0.24601662,0.229639,0.21964508,0.2037077,0.2707767,49
0.27602893,0.28431046,0.19705217,0.22111395,0.18852213,0.24062973,0.23377497,0.20477033,0.1680137,0.25599962,0.2564619,0.24449615,0.22111985,0.22026578,0.26349136,0.2623914,0.25802583,0.32889554,0.26377848,0.16361389,0.27242142,0.21427841,0.23621573,0.25996405,0.33290017,0.30327427,0.28035522,0.21897763,0.3248133,0.23255178,0.2878173,0.23281296,0.21037242,0.22756465,0.30670774,0.2071927,0.19629349,0.25235748,0.25607368,0.2223652,0.2719679,0.27575395,0.21330349,0.23962109,0.23988524,0.22868504,0.21194677,0.27843657,0.17576824,0.29798815,0.25966105,0.25728604,0.2521687,0.21281764,0.21616325,0.1931772,0.24299376,0.28826442,0.24096723,0.24698406,0.22822744,0.21705067,0.20830527,0.27031955,50
0.2785888,0.2880789,0.19825536,0.22330067,0.18974209,0.24242386,0.2370787,0.20336616,0.172606,0.26248297,0.26145104,0.24849841,0.22360511,0.22629991,0.26950264,0.27201965,0.26127622,0.33436388,0.27028504,0.16374944,0.27903473,0.2120483,0.24175711,0.26144153,0.33607483,0.3087505,0.28806168,0.22514392,0.33065176,0.23313424,0.28531802,0.23136683,0.21068944,0.23396167,0.3083963,0.20620017,0.19742611,0.25286055,0.2533015,0.22631423,0.28048587,0.27193615,0.2168531,0.24300998,0.23910028,0.22919145,0.21241051,0.28389603,0.17723185,0.30243918,0.26580486,0.25753164,0.25278565,0.21531793,0.21706638,0.19971524,0.24727933,0.28879523,0.24213219,0.25267348,0.23065601,0.21238425,0.21654323,0.27052855,51
0.2815751,0.29174778,0.20124839,0.22206533,0.19244197,0.24571744,0.24121176,0.20399688,0.17817076,0.26466677,0.26528722,0.24970344,0.22741282,0.23224778,0.2758477,0.27641135,0.26371297,0.3381887,0.27755564,0.16464768,0.28326008,0.20790428,0.2446894,0.2598397,0.33965582,0.31182602,0.29168344,0.22653678,0.3388406,0.2325002,0.28617847,0.22726566,0.21071851,0.23492801,0.31068546,0.20872562,0.19989167,0.25182652,0.25498763,0.22781438,0.28179815,0.2691948,0.2169394,0.25007164,0.23851937,0.23092511,0.20974018,0.28917348,0.18225612,0.30508175,0.2736624,0.256942,0.25606677,0.21756624,0.21825159,0.20643476,0.2476578,0.2910619,0.23879924,0.26093966,0.23659837,0.20751578,0.21997462,0.2710791,52
0.28442028,0.29613835,0.20157206,0.21898606,0.19446158,0.24820976,0.2435791,0.20695975,0.17914595,0.26202944,0.26765826,0.2478069,0.23143351,0.23672912,0.2802642,0.27707103,0.26562718,0.33982608,0.27791125,0.16429542,0.2796739,0.20499034,0.24282606,0.25750247,0.34446397,0.31061906,0.29687464,0.22729151,0.34418342,0.23248431,0.29452515,0.22224525,0.21207295,0.22876032,0.31111994,0.21433131,0.19895361,0.25018138,0.25477996,0.22769658,0.2814244,0.26812404,0.21460226,0.25702232,0.23961066,0.2352301,0.2085704,0.2958727,0.18366912,0.30513954,0.27413598,0.2564577,0.2599218,0.21806355,0.21522462,0.20924415,0.24419971,0.29494175,0.2341745,0.26781443,0.24050273,0.20780793,0.22090286,0.27158448,53
0.28864264,0.29969415,0.2020634,0.21741799,0.19512504,0.24940495,0.24553078,0.20826778,0.17904188,0.26102835,0.2692267,0.24904041,0.23382953,0.23814975,0.2827172,0.2769705,0.26919165,0.34368196,0.27577052,0.16325514,0.27583086,0.20489858,0.24481511,0.25493094,0.34951594,0.30852306,0.30179283,0.23062263,0.34931007,0.23303834,0.29874697,0.22378767,0.21538673,0.22781032,0.3107911,0.2185063,0.19740054,0.24887805,0.25694555,0.22910911,0.27709794,0.2687305,0.2118717,0.2609653,0.24297227,0.23894155,0.20753463,0.30103266,0.1849533,0.3075148,0.27095777,0.25615183,0.26359716,0.21758005,0.2126375,0.20817532,0.24269755,0.29901266,0.2315472,0.27297702,0.2454965,0.20907062,0.22166152,0.2740111,54
0.2935347,0.30266744,0.20294876,0.22132386,0.19949439,0.250301,0.2460777,0.20708035,0.17974408,0.2615795,0.27191737,0.2545627,0.23600994,0.24015969,0.28344375,0.2784323,0.2704201,0.3465352,0.27484512,0.16684414,0.27527696,0.206961,0.24650726,0.25824153,0.3546127,0.3104222,0.3026147,0.23433498,0.35060602,0.2339997,0.29519743,0.22527009,0.21937582,0.23255661,0.31360558,0.22238648,0.19664861,0.24961066,0.25675106,0.23100416,0.27726388,0.27327606,0.2119074,0.26283455,0.24442099,0.24286307,0.20854789,0.3017076,0.18957633,0.30889648,0.27032462,0.25967672,0.26696205,0.21690321,0.21352981,0.20908405,0.24279012,0.3020534,0.23414776,0.27454185,0.24931811,0.21319108,0.22384691,0.27569172,55
0.29754427,0.3033267,0.20621952,0.2287949,0.20514923,0.25125232,0.25014982,0.20542303,0.18037155,0.2655096,0.2738351,0.26193273,0.2372825,0.24348669,0.28664204,0.2803933,0.2711746,0.35036084,0.27907455,0.16910763,0.27878365,0.20791072,0.24691303,0.2633686,0.35767514,0.31714672,0.30008376,0.23255806,0.35171717,0.23488653,0.2945428,0.22814697,0.22338843,0.23645656,0.31400475,0.22276421,0.19501883,0.24985163,0.2592736,0.23249425,0.280846,0.27984762,0.21128388,0.26666057,0.24459542,0.24314342,0.20823024,0.30023432,0.1923343,0.30773062,0.27111638,0.2645659,0.26899087,0.2160767,0.21405205,0.20799188,0.24431919,0.30536053,0.23867676,0.27520865,0.25061318,0.21524784,0.2258153,0.27470478,56
0.29846683,0.30316085,0.20382325,0.23140702,0.2071134,0.25271884,0.25307676,0.20630789,0.18092442,0.26750252,0.27429825,0.26332736,0.23736797,0.24610442,0.2901049,0.27693784,0.26778424,0.35111812,0.2833955,0.16955975,0.28296578,0.20809147,0.24248706,0.2672274,0.36046377,0.3214037,0.29883984,0.22844093,0.35499483,0.23481196,0.30001274,0.22974712,0.2271735,0.23826844,0.3124825,0.22008216,0.18800788,0.2529103,0.2545257,0.23279774,0.28297487,0.2827915,0.20938684,0.27125022,0.24515435,0.23949738,0.21199962,0.29828498,0.1908267,0.3024481,0.2728235,0.26620525,0.27070165,0.21528675,0.21574908,0.20687236,0.2467821,0.30789834,0.23844013,0.2753007,0.25123027,0.21568602,0.22931227,0.2752327,57
0.30075222,0.30471092,0.2028219,0.23094171,0.20782432,0.25701922,0.25105333,0.20980556,0.18212971,0.26741782,0.27447063,0.25911745,0.23681772,0.24878246,0.2931501,0.27318108,0.26316002,0.35108972,0.2801066,0.17167306,0.28618196,0.2083078,0.23658843,0.2706572,0.36368492,0.31933746,0.3015204,0.22614168,0.3571635,0.23137456,0.30817267,0.2335713,0.23127407,0.23878603,0.31079173,0.21886575,0.18679027,0.25804943,0.25397864,0.23273091,0.28182843,0.2808612,0.20772292,0.27534774,0.24576522,0.23621245,0.21882276,0.2960149,0.19094355,0.2952178,0.27620122,0.26322383,0.2719984,0.21535765,0.21593879,0.20588392,0.25008085,0.30859408,0.23747425,0.27502972,0.24783824,0.21959135,0.23201755,0.2794479,58
0.30515411,0.308029,0.20646454,0.22865216,0.20687304,0.26302466,0.24831115,0.21790452,0.1841412,0.26337695,0.27582926,0.25529703,0.2355198,0.24935897,0.29358834,0.26956928,0.25515053,0.35071972,0.2778107,0.17235063,0.28577858,0.20831098,0.23160826,0.27452075,0.36992493,0.3146393,0.30520353,0.22527035,0.3567873,0.23177415,0.31006843,0.23495138,0.23493534,0.24420498,0.31268066,0.22064506,0.18833736,0.26414517,0.25494665,0.23258194,0.2814244,0.27924526,0.21031503,0.27616888,0.24760668,0.2360789,0.22755815,0.29573277,0.19525948,0.28967267,0.28342238,0.2610098,0.27180323,0.21614926,0.22115827,0.20625007,0.2527714,0.3086902,0.23636784,0.2710641,0.24183345,0.2290142,0.2310317,0.28437194,59
0.3119939,0.31175646,0.21365228,0.2282966,0.20596813,0.2680984,0.24613231,0.22836019,0.18694839,0.26282296,0.27834716,0.25681964,0.23993699,0.24852687,0.29365626,0.26632482,0.2500276,0.34906873,0.2805563,0.1738205,0.28156957,0.21047704,0.2344038,0.28000584,0.37548992,0.3144931,0.30513635,0.22521286,0.3561786,0.23594558,0.30808574,0.23940831,0.23660547,0.24813133,0.31866017,0.22092338,0.19273935,0.27016398,0.2584555,0.23375835,0.28632662,0.28380972,0.21311289,0.27823147,0.24938889,0.23514952,0.23466305,0.294652,0.19845216,0.29165715,0.29055902,0.2634452,0.2737519,0.21762781,0.22595395,0.209418,0.25197822,0.30923724,0.23920259,0.2687426,0.23620577,0.23602897,0.231552,0.2886395,60
0.3186258,0.31567094,0.2147274,0.22745809,0.20314363,0.27209017,0.2428804,0.23316959,0.18791445,0.2660037,0.28187427,0.26163432,0.24313529,0.24882613,0.29258943,0.26738986,0.2503985,0.34659174,0.28401944,0.17365164,0.2781186,0.21284734,0.23873927,0.28144392,0.38013488,0.31556067,0.30682835,0.22925937,0.35737592,0.23926495,0.30666023,0.24012214,0.23716588,0.24716535,0.32250616,0.22062841,0.19321467,0.2737548,0.25593638,0.23773567,0.29123935,0.28995,0.2165502,0.28184035,0.25382024,0.23198876,0.23333031,0.29577067,0.19229954,0.2967635,0.29279414,0.2660983,0.27755496,0.21976939,0.22892094,0.21168096,0.25235856,0.30948415,0.24196231,0.26708528,0.23385973,0.23366767,0.23168875,0.29130942,61
0.32332253,0.3200287,0.21175669,0.22247419,0.20245594,0.27316946,0.24345008,0.22956158,0.18641637,0.27299833,0.28503433,0.26525667,0.24403518,0.25128323,0.29476935,0.27437612,0.2520141,0.34244668,0.28712562,0.17180453,0.2803219,0.21512108,0.24612008,0.2822855,0.38195974,0.31613,0.31078398,0.2340962,0.36027658,0.24156868,0.3043603,0.24377573,0.23612109,0.24636054,0.32289693,0.21809708,0.19351955,0.27413392,0.25474387,0.23967122,0.29562515,0.29165447,0.21753423,0.28172645,0.2611446,0.22966373,0.23107976,0.2977645,0.18427016,0.3036757,0.2930391,0.27004635,0.2787277,0.22270714,0.23178725,0.21204038,0.25865152,0.3097793,0.24958225,0.26886827,0.23523632,0.22866955,0.23506136,0.2955961,62
0.32080454,0.32132012,0.21500538,0.22275023,0.2063832,0.27140942,0.24590886,0.22579879,0.18435228,0.27571848,0.28767395,0.26592276,0.24519457,0.25484008,0.30176792,0.27986446,0.2534671,0.3385801,0.28775367,0.1732784,0.28621006,0.21598673,0.2501022,0.2788608,0.38164842,0.31276444,0.31482196,0.23220684,0.36370477,0.24050249,0.30492437,0.25148904,0.2343424,0.24183539,0.32519495,0.21713313,0.20151997,0.27509123,0.2564985,0.24007145,0.29866862,0.29033864,0.21623158,0.28022283,0.26488298,0.23027745,0.23554888,0.29830563,0.18552291,0.30523306,0.28919277,0.2724898,0.27527878,0.22459263,0.23247765,0.2102112,0.26294747,0.31155378,0.25960714,0.27472174,0.23774646,0.23159021,0.23838602,0.29861346,63
0.31488365,0.3214225,0.21553348,0.22383437,0.2099273,0.270272,0.24957566,0.22437535,0.18362,0.27487266,0.29050854,0.2664163,0.24476007,0.25757402,0.30828553,0.2823312,0.2544247,0.33708182,0.28367516,0.17571664,0.2895197,0.21464038,0.25195274,0.2744429,0.38067886,0.31109634,0.3161274,0.2299448,0.3647437,0.23975226,0.30541012,0.25529766,0.23244292,0.23912024,0.329787,0.21764801,0.20964743,0.2753829,0.26286405,0.23812856,0.30499598,0.2910335,0.21603543,0.27975297,0.26374817,0.23411681,0.23683564,0.29630116,0.19205017,0.30729207,0.28440496,0.27747098,0.27098933,0.22645864,0.2293067,0.21091765,0.26293862,0.31569153,0.2640792,0.2763064,0.23744167,0.23203845,0.24453956,0.3001085,64
0.31483248,0.32407773,0.21493758,0.22290768,0.20832588,0.26973316,0.25561985,0.22424437,0.18580231,0.27447703,0.29277,0.2648657,0.2454905,0.25849417,0.31058335,0.28482717,0.25711328,0.34234676,0.28266257,0.17629907,0.28533462,0.20828427,0.24691492,0.27355906,0.38189495,0.31227434,0.319145,0.23235647,0.3659637,0.24084914,0.30682796,0.2536238,0.23187894,0.23681118,0.3279318,0.22022721,0.21247785,0.2750017,0.26818398,0.23365064,0.30623952,0.28920957,0.21781443,0.28273898,0.25960535,0.24225388,0.23639001,0.29660487,0.19222084,0.3089691,0.28497747,0.27896437,0.27119142,0.22868341,0.22758606,0.21248116,0.26154593,0.31963187,0.26106116,0.27574176,0.2376747,0.22905473,0.24525392,0.30211425,65
0.32212234,0.32871008,0.21492627,0.22390418,0.20794803,0.2701036,0.25985992,0.22343507,0.18814288,0.27445453,0.29614815,0.2640428,0.24505109,0.2578828,0.31128186,0.28577536,0.2598556,0.3495417,0.2823997,0.1767123,0.28089485,0.20819305,0.24656262,0.27642277,0.38396484,0.31506383,0.32345974,0.2396562,0.36918586,0.2443944,0.30557036,0.24923927,0.23345782,0.23704503,0.32457948,0.225012,0.20723343,0.27363545,0.26994732,0.2332661,0.30438107,0.28589234,0.22137505,0.2879873,0.2593794,0.24889,0.23344864,0.30119172,0.19312645,0.3135327,0.28578213,0.27844277,0.27582434,0.22797184,0.22742212,0.21169849,0.26416135,0.32329452,0.2563234,0.27644804,0.24100372,0.22854348,0.24576446,0.30282554,66
0.3278364,0.33187884,0.21302599,0.2255449,0.2116381,0.27104163,0.25931385,0.222034,0.1866007,0.27009925,0.30059695,0.2632514,0.24546498,0.25913838,0.31172377,0.28421083,0.26071808,0.35336727,0.283293,0.17564663,0.2812083,0.21054815,0.24497692,0.2782456,0.38507015,0.31673583,0.32748476,0.24308665,0.374006,0.24388207,0.30327252,0.2475798,0.23482263,0.23479234,0.32402334,0.22896475,0.2025942,0.2731079,0.26986155,0.23225696,0.30054256,0.28102347,0.22361596,0.2912081,0.25953534,0.25386637,0.2330181,0.30424467,0.19779962,0.3135113,0.2837239,0.27436748,0.2786995,0.22476025,0.23120889,0.20894654,0.2636042,0.32637095,0.25379458,0.2746865,0.24398085,0.23110859,0.24677806,0.30247137,67
0.32685423,0.33290476,0.20955153,0.22869436,0.2160312,0.27204502,0.25644743,0.22094497,0.1857957,0.26634902,0.30371946,0.2662317,0.2441006,0.2621915,0.31354225,0.28197533,0.2625003,0.3561748,0.28216493,0.17759605,0.28355464,0.21340351,0.24310808,0.27935192,0.38639006,0.3169954,0.3279012,0.24236305,0.3778683,0.2414317,0.30346334,0.24765313,0.23803775,0.23629208,0.32679984,0.23130065,0.20280375,0.27283373,0.27043533,0.2323791,0.3026719,0.28241554,0.22385022,0.29232737,0.25969672,0.25569832,0.23096332,0.30444264,0.20055838,0.3095464,0.28002536,0.27408874,0.28114146,0.22104387,0.23310766,0.2064012,0.26086152,0.32829845,0.2523392,0.27392235,0.24424528,0.23251143,0.24981181,0.30223277,68
0.32612288,0.33404362,0.20976911,0.23344044,0.21568514,0.27277008,0.2510568,0.2201702,0.18649162,0.2687961,0.30437773,0.27029666,0.24421276,0.26645795,0.31750828,0.28279343,0.26620886,0.3599368,0.27897826,0.17808093,0.2864495,0.21340612,0.24227226,0.2820634,0.3866348,0.32114848,0.3278896,0.2392739,0.3823804,0.23720904,0.30324212,0.25114316,0.23996955,0.23851945,0.32833654,0.2309045,0.2028187,0.27310953,0.2689066,0.23150308,0.3074452,0.28525054,0.21929339,0.2944555,0.2604772,0.25376666,0.23094223,0.30330685,0.19824803,0.30374396,0.27913204,0.27598637,0.28357378,0.2184081,0.23292254,0.20557103,0.25817692,0.32962072,0.2514423,0.27760175,0.24120319,0.23234653,0.25145924,0.30235222,69
0.32935292,0.3367819,0.20850293,0.23351692,0.20885667,0.27719566,0.24668525,0.22022532,0.19004187,0.27663535,0.30429083,0.26974523,0.2476542,0.26940796,0.3215407,0.28525135,0.266748,0.3624242,0.27640218,0.17775004,0.29063308,0.21051748,0.2434177,0.28287342,0.3896139,0.32681876,0.3270558,0.24027672,0.3843559,0.23396643,0.30326778,0.24770974,0.24312335,0.24449748,0.3260243,0.22794685,0.19856705,0.273735,0.26337472,0.23251742,0.3114839,0.284992,0.2130885,0.30198583,0.25985956,0.24642664,0.23122977,0.3041292,0.19368345,0.2980701,0.28768227,0.27658755,0.28463125,0.21885553,0.23219456,0.21291889,0.2629314,0.33084857,0.248377,0.27990198,0.23924822,0.22937524,0.25243834,0.30280614,70
0.3336534,0.3392558,0.2056941,0.23237744,0.20660369,0.2825423,0.24338585,0.22381073,0.19211757,0.27497652,0.3047224,0.26793498,0.24777997,0.27034333,0.3233034,0.2838517,0.2662459,0.36192653,0.27691168,0.17908867,0.2938269,0.2100342,0.24457183,0.28078592,0.39327526,0.32704106,0.32515803,0.24193965,0.3858564,0.2318315,0.30558208,0.24617116,0.24619628,0.24598446,0.32635242,0.22468312,0.19675179,0.27475816,0.26298845,0.23708913,0.30892423,0.2808134,0.20965162,0.3068213,0.2569441,0.2417322,0.23567589,0.3055735,0.19474068,0.2966258,0.2948549,0.27524102,0.28536987,0.22190936,0.23268415,0.21530955,0.26500255,0.33275375,0.24654351,0.2848481,0.23952049,0.23151854,0.25121343,0.30265546,71
0.33483717,0.3400521,0.2116909,0.23172036,0.21030971,0.28878707,0.24104258,0.23093572,0.19277993,0.2671565,0.30601528,0.26706648,0.24351019,0.26920107,0.32296503,0.28009158,0.26782995,0.36084208,0.27812332,0.1848415,0.2918119,0.21363617,0.24406235,0.28181413,0.39679047,0.32527414,0.32568663,0.241994,0.38578525,0.22966692,0.3094636,0.24635072,0.2504334,0.24980591,0.3318755,0.22576468,0.20108421,0.27755255,0.26758856,0.24224678,0.30994108,0.279647,0.20957012,0.30548662,0.25323793,0.24270211,0.24014676,0.3039511,0.20127928,0.2974058,0.29968426,0.27611893,0.28829953,0.22582485,0.2339668,0.2156157,0.26100826,0.33269536,0.2464531,0.28898907,0.24134594,0.23854405,0.25326872,0.3028524,72
0.33208093,0.3394096,0.21784376,0.23291159,0.21322788,0.29334885,0.24068208,0.2377481,0.19306333,0.26616827,0.30557144,0.26667213,0.24264015,0.26762834,0.32334363,0.28107637,0.26760775,0.36004266,0.2775087,0.18564722,0.287848,0.21510871,0.24514097,0.28448585,0.40081558,0.32385066,0.32919943,0.23847185,0.3829898,0.23103152,0.31240496,0.24767737,0.25378212,0.25256008,0.33639318,0.22528706,0.20338172,0.27928454,0.26879153,0.24288392,0.31161147,0.28498068,0.21109912,0.30208573,0.25384846,0.24422598,0.23982045,0.2997915,0.20138802,0.29705364,0.30190897,0.2809137,0.29024065,0.2298079,0.23344438,0.21713513,0.25786406,0.33265904,0.24671622,0.29069012,0.24167952,0.24275616,0.25557938,0.30179188,73
0.3315958,0.34051648,0.22295327,0.23041911,0.21216355,0.2958133,0.24207495,0.23955183,0.19147864,0.27232522,0.3059883,0.2666153,0.24716754,0.2671441,0.3249506,0.28255484,0.2645456,0.35833845,0.27982393,0.18665068,0.28538853,0.21470663,0.24881552,0.28898776,0.40419984,0.3215082,0.33334967,0.23739839,0.3794766,0.23540112,0.31578174,0.24732125,0.2547741,0.25305694,0.33638898,0.2252329,0.20406164,0.2803071,0.26874232,0.24343869,0.30920434,0.29010203,0.2138944,0.30300027,0.25914583,0.24311103,0.23634693,0.30062056,0.19713245,0.298096,0.3036624,0.28193513,0.29213205,0.2312234,0.23530342,0.21571906,0.2615848,0.33210683,0.25076178,0.29143682,0.24285458,0.24047653,0.25849566,0.30145064,74
0.32917628,0.33930704,0.22494896,0.2306815,0.21191482,0.29669103,0.24676478,0.23739131,0.1870786,0.2802023,0.3062261,0.26913527,0.2540045,0.26989937,0.331848,0.28490508,0.26230493,0.35474202,0.28134125,0.1863388,0.28666317,0.21433297,0.25626785,0.291618,0.40406445,0.3210504,0.33538595,0.23227847,0.37668297,0.23891872,0.31799892,0.251786,0.25441232,0.25122908,0.33562616,0.22298807,0.20452772,0.2812865,0.26879194,0.24429807,0.3105997,0.29379022,0.2112247,0.3037298,0.26588088,0.24265596,0.23729257,0.30361843,0.19497985,0.30067834,0.30011338,0.28451243,0.2880355,0.23182322,0.2343153,0.21348447,0.2684602,0.33279264,0.2581271,0.29045475,0.24447912,0.23979883,0.2636842,0.30318215,75
0.32805255,0.3394666,0.22661027,0.2319583,0.21213275,0.29743287,0.25582716,0.23618802,0.18446848,0.27946886,0.30676335,0.272127,0.25365865,0.27286214,0.3362953,0.2846239,0.26065275,0.3547557,0.28364408,0.18781444,0.29164654,0.21506356,0.25896978,0.28757447,0.40294808,0.32307455,0.3328416,0.23305465,0.37371916,0.23886508,0.31707442,0.25741112,0.25439784,0.24794169,0.33523628,0.22069883,0.20996241,0.28231832,0.27151746,0.24361208,0.31383604,0.29387876,0.20899193,0.3011501,0.26824656,0.24194062,0.2394136,0.3039615,0.19764358,0.30444083,0.29464972,0.2857965,0.28501317,0.23296039,0.23195554,0.21345372,0.27075076,0.3363062,0.26492542,0.29129186,0.24697194,0.24043663,0.26410127,0.30511424,76
0.3276261,0.3412795,0.22690253,0.23647323,0.21207853,0.2981113,0.26494908,0.23908694,0.18458757,0.27904058,0.30571857,0.27330065,0.25095564,0.27600995,0.33624235,0.28681487,0.26372084,0.35754403,0.28465438,0.18542102,0.29253548,0.21439403,0.25833216,0.28320435,0.4054972,0.3234349,0.33231422,0.23619308,0.37152562,0.24192677,0.3163525,0.26416466,0.25389257,0.24356039,0.3324998,0.22236814,0.21119392,0.28483754,0.2702631,0.23978487,0.31590074,0.29532766,0.21434723,0.29915932,0.26608527,0.2466099,0.24732882,0.30088332,0.20018657,0.3092223,0.28796005,0.28704587,0.28297302,0.23251434,0.2319209,0.21277584,0.2692071,0.3408597,0.26705456,0.29432288,0.24653201,0.24517001,0.26373428,0.3046292,77
0.33638576,0.3461546,0.2270353,0.2347571,0.2122954,0.29750693,0.2666538,0.2392039,0.1851849,0.2799508,0.30492815,0.27258912,0.24982695,0.27707073,0.33641684,0.28373224,0.2661857,0.36280644,0.2849073,0.18256274,0.28541803,0.21378885,0.26285517,0.28531545,0.40925136,0.32537836,0.33383083,0.24037436,0.3720945,0.24168988,0.31421033,0.26297256,0.2540535,0.24096818,0.3285478,0.22571543,0.20841157,0.28737035,0.27154708,0.23910011,0.31265622,0.29615864,0.21640472,0.30484185,0.26613778,0.2515331,0.24774805,0.30266115,0.19232818,0.31565008,0.28714773,0.2882086,0.2896387,0.2307522,0.23280662,0.21050508,0.27073738,0.3423952,0.26378173,0.29605168,0.24860847,0.24580944,0.26229608,0.30660552,78
0.34993795,0.3491127,0.22428276,0.22950324,0.21665551,0.296223,0.2710507,0.2346477,0.18807767,0.2827111,0.30567256,0.27245444,0.25546348,0.2765943,0.3356833,0.28287795,0.2653137,0.36664274,0.28748882,0.1816059,0.28204328,0.215362,0.26896447,0.2901651,0.41037565,0.3277001,0.335268,0.24869028,0.37599343,0.24620236,0.31021574,0.2633794,0.25414237,0.24537998,0.32290307,0.23005848,0.20410484,0.28687656,0.2786163,0.2397661,0.30864727,0.29253447,0.22087686,0.31344706,0.27104434,0.25521854,0.2457648,0.31097963,0.18820763,0.3238001,0.29241294,0.28670517,0.295855,0.22594373,0.23720032,0.21364586,0.27674204,0.34514585,0.26633164,0.2918149,0.25362527,0.24402536,0.26526088,0.30948246,79
0.3565413,0.34962314,0.2205533,0.22717592,0.22103825,0.29436827,0.27262112,0.2319319,0.19031276,0.28217387,0.30803853,0.27195626,0.25603327,0.27691805,0.33488324,0.28148443,0.26500934,0.3681064,0.29032904,0.18044451,0.2859714,0.21933188,0.2666121,0.29401913,0.40882677,0.33000976,0.3354848,0.25211227,0.38387617,0.2480001,0.3077935,0.2624612,0.25212267,0.2478442,0.32069853,0.2345297,0.20160124,0.28505075,0.27998957,0.2367424,0.3054358,0.28467727,0.22233725,0.3176888,0.27323267,0.26217487,0.24736458,0.31521696,0.19336058,0.32211995,0.29588622,0.2820532,0.3004263,0.22058725,0.24105099,0.21062666,0.27893183,0.34875938,0.26846996,0.28703308,0.25897124,0.24023587,0.2669615,0.3125023,80
0.35652196,0.3501271,0.2177927,0.2338555,0.22221456,0.29301995,0.27070063,0.23188213,0.19273625,0.28118712,0.31107414,0.27081525,0.2556526,0.2789973,0.3355439,0.28207293,0.26653773,0.36879188,0.29303637,0.17963405,0.2902305,0.22312517,0.2642873,0.29509023,0.4092336,0.33094895,0.3353995,0.25445622,0.39380765,0.24952754,0.30775875,0.26272696,0.25199142,0.2500236,0.32133597,0.23729686,0.20230882,0.2840575,0.28040633,0.23342061,0.30523443,0.27792886,0.22257993,0.32127067,0.27485842,0.26854953,0.24906236,0.31625167,0.20060216,0.31976852,0.3005187,0.2795057,0.30076844,0.21697327,0.24414013,0.21236163,0.27971816,0.35152516,0.26596034,0.28552866,0.2623753,0.23960836,0.26787424,0.3141346,81
0.35503316,0.35069993,0.21890995,0.24330933,0.2208393,0.2939946,0.2654806,0.23293932,0.19565617,0.27438086,0.3139633,0.27421072,0.25464317,0.28085557,0.33995768,0.2796637,0.26668525,0.3693976,0.29265964,0.18180978,0.29539123,0.22088201,0.26143512,0.29317513,0.41003925,0.33262116,0.33398816,0.25294626,0.40035695,0.24846058,0.30756032,0.26356408,0.2542207,0.24814619,0.32432905,0.23613888,0.2054528,0.2856247,0.28132302,0.23510078,0.3108817,0.28016558,0.22234856,0.3258724,0.27359763,0.2683948,0.25351852,0.31476986,0.20104147,0.31776518,0.30322632,0.27762198,0.30335078,0.21803947,0.24747682,0.2150494,0.27550268,0.35412595,0.26328295,0.29282033,0.26018286,0.24148723,0.2684997,0.31690747,82
0.35345188,0.35184044,0.2194068,0.24556875,0.2207478,0.29557744,0.25719813,0.23530896,0.19637892,0.2692971,0.31785908,0.28017262,0.255279,0.28112745,0.34424362,0.28061923,0.26670426,0.36918086,0.28936765,0.18664041,0.29859942,0.21974757,0.2606898,0.29082352,0.41077635,0.33306977,0.33411932,0.25172883,0.40516868,0.24618776,0.31006968,0.26068145,0.25576094,0.24596111,0.33097255,0.23450655,0.20514466,0.28793573,0.27965304,0.24137498,0.32026035,0.28807577,0.21903305,0.32435906,0.26969212,0.2655256,0.25408992,0.3127303,0.2010609,0.3164848,0.30277964,0.27902988,0.3074357,0.22190295,0.24465798,0.21658565,0.26867226,0.35651678,0.2610777,0.29628792,0.25614566,0.24237584,0.26735067,0.31966195,83
0.349527,0.35106575,0.21992674,0.23870851,0.22254707,0.29861316,0.2526175,0.23661098,0.19693775,0.27271873,0.32035902,0.2793955,0.25613648,0.281963,0.34588906,0.28815752,0.2713025,0.36438894,0.2846817,0.18848127,0.29967153,0.22578229,0.26267886,0.29133174,0.4106631,0.32867903,0.33482623,0.25017434,0.40711647,0.24755816,0.3107931,0.2594982,0.25606534,0.24753751,0.33798498,0.23278975,0.20958935,0.29082993,0.27993742,0.24643363,0.32593414,0.29309392,0.21765766,0.31810278,0.2640711,0.26364586,0.2552342,0.3073513,0.20069003,0.31882638,0.30265582,0.28520894,0.30889478,0.22643755,0.24090634,0.21836148,0.26610747,0.35914296,0.25944555,0.29739025,0.252436,0.24506159,0.27025783,0.32004368,84
0.34845293,0.34937876,0.22066665,0.23329905,0.22251569,0.30303082,0.2509332,0.23923217,0.19902468,0.27825338,0.32040772,0.2775613,0.25802833,0.2820803,0.34496123,0.29550454,0.27465382,0.36132982,0.28341934,0.18645917,0.29941896,0.22754543,0.2667973,0.29373866,0.41162682,0.32427624,0.34019116,0.2489209,0.40502346,0.2523795,0.30974013,0.255317,0.2573828,0.2496211,0.34252065,0.23440899,0.20811768,0.29314038,0.27326873,0.25006658,0.32670328,0.29576007,0.21894908,0.3153148,0.2617009,0.26138413,0.25592625,0.3023969,0.19740881,0.32150882,0.30304933,0.29227456,0.30887583,0.2302219,0.23975152,0.21604344,0.26857343,0.36161143,0.25729823,0.29779974,0.2499596,0.24701577,0.27375257,0.31442946,85
0.34688273,0.3474585,0.22117914,0.23193964,0.2211021,0.30696237,0.2549953,0.24057265,0.195614,0.2864557,0.32026353,0.27419582,0.2617458,0.28105262,0.34644264,0.30066746,0.27392954,0.35608205,0.28608912,0.18501833,0.30462062,0.2259366,0.27290452,0.29584214,0.41145006,0.31810263,0.3459339,0.24754179,0.4013252,0.25363547,0.31074458,0.25513533,0.2574461,0.2479088,0.34221873,0.23457813,0.2024994,0.29568756,0.26902255,0.25213048,0.323198,0.2943753,0.22164619,0.3178386,0.2631426,0.2583128,0.2564722,0.30376068,0.19553204,0.32322505,0.29867494,0.29496697,0.30391717,0.23252447,0.23888358,0.21188232,0.2767713,0.36317724,0.25921723,0.29702646,0.2503565,0.24703075,0.27630538,0.30726773,86
0.34099984,0.3455324,0.22594476,0.23558012,0.22065964,0.30920357,0.26299167,0.24034989,0.19209124,0.2878479,0.32074055,0.27426624,0.26250032,0.2791093,0.35041952,0.2980106,0.2696156,0.35258842,0.29293486,0.18862836,0.31235388,0.22428744,0.27241278,0.2963386,0.41039443,0.3152634,0.3453751,0.24442564,0.39922082,0.25170237,0.3111886,0.2618908,0.25779173,0.24534456,0.3419425,0.23180349,0.20226444,0.2984355,0.27319038,0.2533713,0.31916285,0.2901096,0.22345296,0.31865397,0.2642264,0.25794426,0.25739348,0.3114851,0.20189017,0.32024357,0.29438046,0.29354167,0.29685628,0.23494197,0.24075261,0.20875919,0.281862,0.36335984,0.26385516,0.29871634,0.2549148,0.24624042,0.2796974,0.30431706,87
0.33287132,0.34347868,0.22764567,0.23680373,0.22201826,0.31275877,0.27042136,0.24175753,0.19439073,0.285233,0.32133645,0.2759721,0.26104975,0.2805961,0.35365066,0.29674116,0.26380974,0.35379764,0.30016604,0.19331439,0.31635863,0.22257455,0.26664066,0.2976783,0.41081083,0.32070753,0.34302735,0.24123295,0.39678785,0.24754213,0.30933267,0.26376724,0.2603896,0.25218382,0.34226817,0.23074919,0.20256726,0.30011857,0.27639353,0.25352654,0.32210982,0.2896065,0.22369625,0.31723583,0.25912353,0.26245317,0.2612806,0.316458,0.2079001,0.31333083,0.2966809,0.29454485,0.29252326,0.23860624,0.24475454,0.21305342,0.28183103,0.362166,0.26442644,0.30030316,0.2600592,0.24737686,0.28336054,0.30675945,88
0.33342895,0.3439518,0.2276736,0.23332037,0.22247623,0.31625322,0.27594027,0.24718353,0.19652764,0.28488156,0.32138467,0.2747216,0.2594348,0.28263375,0.35329148,0.29436922,0.26326165,0.35871553,0.30660847,0.19404852,0.31356928,0.22103752,0.26431274,0.30008557,0.4146346,0.32729656,0.3417051,0.24544671,0.39742678,0.24621013,0.31030446,0.26189762,0.2626787,0.2576286,0.34113702,0.23255998,0.2023493,0.3018435,0.27457637,0.25034824,0.32259935,0.29128647,0.22544841,0.31632593,0.25739604,0.26636294,0.2644325,0.31669202,0.20630056,0.31177542,0.3014498,0.29660195,0.2929217,0.24149625,0.25006318,0.2192297,0.28234988,0.35885873,0.26000792,0.30109823,0.26445624,0.25076023,0.2826005,0.31101397,89
0.33819953,0.34545252,0.2233892,0.22824956,0.22320592,0.31777638,0.27800032,0.25119266,0.19290914,0.28260556,0.31947392,0.27109802,0.2590483,0.2853556,0.3535703,0.28975752,0.26582623,0.36146393,0.30651668,0.18987826,0.30594575,0.22275174,0.26386705,0.3025104,0.41961578,0.32722446,0.34449816,0.24490891,0.39636055,0.24554805,0.314817,0.26300523,0.26446208,0.25586537,0.33859596,0.2364765,0.20021953,0.30233213,0.27222034,0.24475038,0.320269,0.29311132,0.22188304,0.31589016,0.26121318,0.26978692,0.26212612,0.31476998,0.20098555,0.3131685,0.30067793,0.29947323,0.29325148,0.24101028,0.2507408,0.22217432,0.28151527,0.3541426,0.25979558,0.29989418,0.26730734,0.25108412,0.28336263,0.31361952,90
0.34381762,0.3478751,0.22203073,0.23050444,0.22494283,0.31730804,0.27318513,0.25037575,0.19349705,0.28065783,0.31971675,0.27516958,0.25938365,0.28736284,0.35293284,0.2807498,0.26807413,0.36680242,0.2996297,0.18942386,0.29930168,0.22515866,0.26242417,0.30590436,0.42339233,0.33139846,0.344939,0.24559984,0.39650756,0.24896318,0.32037216,0.265239,0.26454937,0.2549246,0.3366008,0.24259783,0.2023095,0.30165648,0.2757924,0.23980029,0.31737345,0.29676667,0.21678598,0.31921345,0.26495332,0.2724479,0.25940537,0.31455684,0.19681044,0.3132278,0.30368456,0.2987947,0.2960312,0.23549388,0.2515455,0.21833849,0.2804105,0.34989074,0.2645053,0.29618704,0.26491508,0.2518802,0.28605974,0.31602594,91
0.3501929,0.35163856,0.22328041,0.23214562,0.22576328,0.31446534,0.26856524,0.24774846,0.19717444,0.2835837,0.32119963,0.2837452,0.25983045,0.28830132,0.35183665,0.28122663,0.26595867,0.36990967,0.29313058,0.19122005,0.298503,0.22759408,0.26638776,0.3078138,0.42545307,0.33692434,0.3444155,0.2506965,0.3995097,0.25449532,0.31972235,0.27004015,0.26285985,0.25665867,0.33626878,0.24616323,0.2053741,0.29995844,0.27569795,0.24207255,0.31787416,0.29985583,0.21513194,0.32658303,0.26840594,0.2712493,0.25958753,0.316337,0.19496822,0.31595916,0.30575216,0.30069917,0.30048275,0.23001298,0.24941638,0.21353164,0.2828531,0.3491698,0.2696899,0.2946089,0.25982866,0.25166368,0.28576544,0.3153187,92
0.35584864,0.35478386,0.22215594,0.23383419,0.22602645,0.31198746,0.26677305,0.24281506,0.20146987,0.29264304,0.32275668,0.28748593,0.26284093,0.28935626,0.35419333,0.287819,0.26384348,0.36827222,0.2925993,0.19173695,0.30018345,0.22868848,0.27110663,0.30809155,0.42683834,0.33981013,0.34272975,0.25625113,0.40318534,0.25909856,0.31537816,0.27282402,0.25998035,0.25845787,0.3339879,0.24492143,0.20452358,0.3004158,0.27423486,0.24516289,0.31928673,0.29969567,0.21917625,0.3322159,0.27165917,0.2694505,0.2596506,0.31492645,0.19540244,0.31888917,0.30995303,0.30309495,0.30090138,0.226247,0.25085717,0.2157163,0.28927776,0.35349157,0.27256605,0.29443756,0.25607648,0.25006145,0.28756967,0.31597814,93
0.35328236,0.35611692,0.21788894,0.23602581,0.22841337,0.31195587,0.26594415,0.2396052,0.20683627,0.28914958,0.32497227,0.2867957,0.26032743,0.28983486,0.35856727,0.28810343,0.26503405,0.3693938,0.2992633,0.19251928,0.3021453,0.22908509,0.26596057,0.30215535,0.42780063,0.33669895,0.34159902,0.25379598,0.40599722,0.26003084,0.3118974,0.27620757,0.25967813,0.25471848,0.33177412,0.24282816,0.20428677,0.30171487,0.2777989,0.24900097,0.31837937,0.29595393,0.22697976,0.33113566,0.270202,0.27079925,0.26030225,0.30911034,0.19807869,0.3169813,0.30987263,0.2996295,0.30096766,0.22396676,0.25566828,0.21748878,0.29020587,0.3582219,0.27454093,0.29514357,0.25347894,0.25046304,0.28645915,0.31854862,94
0.34771073,0.35863385,0.21698236,0.23940869,0.23046124,0.31240305,0.26176104,0.24131718,0.2082443,0.27767244,0.32677522,0.2834786,0.25363076,0.2894167,0.36250564,0.28548446,0.2691001,0.3690627,0.3017027,0.19415802,0.30301753,0.23343228,0.26275653,0.30015326,0.4266726,0.3301383,0.3446398,0.25161478,0.41043073,0.25896072,0.31317484,0.2770942,0.25907955,0.25191587,0.33197105,0.24483895,0.20590544,0.30468544,0.28056842,0.25072178,0.32085234,0.29407996,0.2308746,0.32721004,0.26412073,0.2721922,0.26444966,0.3039177,0.20275337,0.31654269,0.30723923,0.29503763,0.30156058,0.22312552,0.2574956,0.21716538,0.28481126,0.36201593,0.2741554,0.29459184,0.24899171,0.25432876,0.28538522,0.321588,95
0.3434976,0.3600594,0.21957804,0.24562639,0.22971135,0.3122865,0.25436902,0.24414438,0.2061319,0.27508637,0.32678813,0.280987,0.25428483,0.28831476,0.36599422,0.28381944,0.27513137,0.36979294,0.2966894,0.1939299,0.30495825,0.23799129,0.26615584,0.30418575,0.4265283,0.32542798,0.34778985,0.249848,0.41290247,0.26119515,0.31495583,0.27504775,0.26039982,0.25310254,0.33701232,0.25228456,0.2084668,0.30581245,0.27856606,0.252303,0.3269826,0.29526928,0.2295543,0.31998298,0.257791,0.27114758,0.26551452,0.3020664,0.20604268,0.31969902,0.30532584,0.2934499,0.3053954,0.2242006,0.2537497,0.21799809,0.28020644,0.3663079,0.27072254,0.29433432,0.24378556,0.25701877,0.2889123,0.32326543,96
0.3437599,0.36327997,0.22228946,0.24881876,0.22377272,0.31122863,0.24849111,0.24658966,0.20349748,0.2794567,0.32755813,0.2774684,0.25977758,0.28740206,0.36698753,0.2861173,0.27755764,0.36924654,0.2906414,0.19315015,0.3085728,0.23929496,0.27133477,0.30781084,0.43046123,0.3182792,0.35133475,0.2499124,0.41436523,0.26542807,0.31348735,0.26983792,0.26118198,0.2524858,0.3422564,0.26055315,0.20641044,0.3061113,0.27386138,0.25558546,0.32826316,0.29499853,0.22848569,0.31838018,0.25759858,0.26581228,0.2642147,0.30450362,0.20541053,0.32635978,0.30368882,0.2933353,0.30998543,0.22744693,0.24757634,0.21512465,0.27928826,0.37132126,0.26611972,0.29397216,0.24203852,0.25446224,0.28828958,0.32194844,97
0.34735468,0.36558875,0.22560678,0.24761693,0.21861792,0.3109281,0.25006673,0.2448078,0.20228295,0.281537,0.32860947,0.27521196,0.26572514,0.28771383,0.36529407,0.28722766,0.2755025,0.36739498,0.28529617,0.19417438,0.31428313,0.23518603,0.27060422,0.30688822,0.43479094,0.3138739,0.3504707,0.25162268,0.41551894,0.26684004,0.30648643,0.27089363,0.2616395,0.2507582,0.34409583,0.2604063,0.20729458,0.30698723,0.27333763,0.26083583,0.32740876,0.29446858,0.22814013,0.32096297,0.26041442,0.2625087,0.26475546,0.3078827,0.20361856,0.3273887,0.30429634,0.29219735,0.31039077,0.23330908,0.24610503,0.21138345,0.28257546,0.3742447,0.2670342,0.2966951,0.24406324,0.24997501,0.28703046,0.3178908,98
0.34415832,0.36485177,0.22397858,0.24946764,0.21726708,0.3120713,0.2560249,0.24237931,0.20125706,0.27929783,0.32970914,0.27230316,0.26554498,0.28742304,0.36310378,0.28765485,0.27398634,0.36344424,0.28535336,0.19326247,0.32220146,0.23374617,0.2700541,0.30216452,0.43482766,0.30923206,0.34976152,0.25180173,0.41677293,0.26321834,0.30106312,0.27505326,0.26105127,0.24851656,0.34550986,0.25584343,0.20913526,0.30975208,0.27526623,0.26281956,0.3290225,0.29023942,0.22901723,0.3215782,0.25851858,0.26342553,0.26952544,0.31137046,0.20105675,0.32613444,0.30087382,0.29405528,0.30584952,0.23881666,0.24794282,0.20740932,0.2828575,0.37460288,0.26930347,0.29905173,0.24859834,0.24879847,0.28517798,0.31419745,99
0.33848086,0.36165896,0.22662178,0.2499719,0.21906321,0.31483495,0.26305676,0.24315265,0.20108877,0.27879062,0.33096144,0.26918843,0.26445833,0.28794974,0.3627574,0.28836694,0.27239838,0.3632076,0.28852692,0.19514337,0.32907125,0.23195669,0.26984888,0.3021583,0.43494445,0.30765185,0.34879586,0.25077748,0.4165721,0.2604445,0.30218118,0.27710944,0.2617142,0.252894,0.34757158,0.2545193,0.21209419,0.31329635,0.27692854,0.26256686,0.32992277,0.28740206,0.23172165,0.3207428,0.25353944,0.26925752,0.27173853,0.31453136,0.19908422,0.3242158,0.29960737,0.29709983,0.30416104,0.24362318,0.2494604,0.20790538,0.2823088,0.37265328,0.27131033,0.29933718,0.25190392,0.2500639,0.28622323,0.31261072,100
0.3383558,0.35795665,0.22880827,0.24950904,0.21813573,0.3192145,0.26824802,0.24663092,0.20270747,0.28245234,0.32919702,0.2650991,0.2647742,0.28938276,0.3641001,0.2937392,0.27248892,0.3663892,0.29520422,0.1939439,0.3297747,0.2314663,0.2704381,0.30643538,0.43670276,0.31101772,0.34801266,0.25130537,0.4120755,0.2608152,0.3046057,0.274317,0.2635916,0.2617761,0.34693846,0.25582382,0.20774618,0.31520247,0.27035108,0.26406783,0.33085212,0.285626,0.2332795,0.31926104,0.253414,0.27371532,0.27178875,0.3166456,0.19570732,0.32411996,0.30444455,0.30192974,0.306346,0.24706762,0.25112548,0.21443889,0.28466722,0.3702523,0.26857898,0.30166408,0.25620824,0.24730699,0.28977704,0.31338856,101
0.3426714,0.35608798,0.23134714,0.24398561,0.21817397,0.32453734,0.2725047,0.25069937,0.20497364,0.28388882,0.32759672,0.26222554,0.26678377,0.29154626,0.36434737,0.2936855,0.272584,0.3703808,0.30033147,0.1940612,0.3263838,0.2296189,0.2694111,0.31131613,0.4412888,0.31587344,0.34647235,0.25279418,0.40991184,0.2615075,0.30974594,0.27225977,0.26584157,0.26615146,0.34411418,0.2597167,0.20649648,0.31447643,0.2716417,0.26158905,0.32640803,0.2821707,0.23247394,0.3193346,0.25682914,0.27662283,0.27067465,0.3179598,0.19763069,0.32517987,0.3096124,0.3010282,0.3099405,0.24822254,0.25227734,0.21999934,0.28243014,0.36655512,0.267712,0.30364305,0.26086038,0.24557053,0.29412282,0.3134943,102
0.3461003,0.35561278,0.23172645,0.2400174,0.2178244,0.32882544,0.2747854,0.25468922,0.20368348,0.28254807,0.3268608,0.26305452,0.27003288,0.2951166,0.36422113,0.2906645,0.27079287,0.37285304,0.29968107,0.19660081,0.32380086,0.22735825,0.26566428,0.31228572,0.44754714,0.32126856,0.3464422,0.2549013,0.41127712,0.26378664,0.31815514,0.27245027,0.26913244,0.26367077,0.34141424,0.26463524,0.20510308,0.3118269,0.2724355,0.25990638,0.32332358,0.27965432,0.230064,0.32509953,0.26209933,0.27806488,0.27085996,0.31959245,0.20163351,0.32446,0.31032297,0.2961176,0.31401557,0.24628566,0.24878141,0.22343677,0.2779016,0.36402687,0.26866508,0.30600324,0.26066154,0.24426314,0.29759127,0.31177205,103
0.34836695,0.35664353,0.2322375,0.23745897,0.21672624,0.33226317,0.27296284,0.25553808,0.20308192,0.2826563,0.3272956,0.27129248,0.27247208,0.29748282,0.36391452,0.2879288,0.27108577,0.37539908,0.29715422,0.1986201,0.3246718,0.22714813,0.26455608,0.3124428,0.45418304,0.32646108,0.34662205,0.25651002,0.418155,0.26597622,0.32152876,0.2756015,0.27172816,0.26095644,0.33956328,0.26619434,0.20470464,0.30796978,0.27492616,0.26343882,0.32130685,0.28059393,0.22661607,0.3343643,0.26846185,0.27857384,0.26913914,0.32113808,0.20419726,0.32374454,0.31129876,0.29361793,0.3188178,0.24267468,0.247327,0.2230371,0.27593485,0.36277527,0.26966083,0.30568168,0.25972772,0.24276346,0.3009923,0.310529,104
0.35256886,0.36047643,0.23149318,0.24024822,0.22002892,0.3340255,0.26799986,0.25322914,0.20480569,0.28291073,0.32930487,0.28123733,0.27277413,0.2991397,0.36442617,0.28859022,0.2721778,0.37563542,0.2956338,0.20146817,0.3242016,0.22966051,0.267564,0.31363142,0.45887893,0.33244812,0.3451941,0.2599236,0.423368,0.2680013,0.31822127,0.2792124,0.27199554,0.26094386,0.34000394,0.2640807,0.20557784,0.30493498,0.27664018,0.2684781,0.32419515,0.28586477,0.22648159,0.3402323,0.27291104,0.28229526,0.2666598,0.3203566,0.20590779,0.32400602,0.31344682,0.29363108,0.32228196,0.23887846,0.24935605,0.22382797,0.27705538,0.3607847,0.27337897,0.30390304,0.25886714,0.24623203,0.30462152,0.30988955,105
0.35478523,0.36302415,0.23336487,0.24702014,0.22542909,0.33391467,0.26569107,0.24817307,0.20754485,0.28253695,0.3299112,0.29094878,0.2714353,0.300849,0.36727735,0.29006287,0.2696789,0.3744902,0.29756048,0.20116414,0.3226379,0.23145097,0.26954824,0.3113596,0.46029216,0.33943743,0.34586757,0.2593203,0.4255992,0.26716405,0.31505638,0.2855207,0.27120113,0.26236778,0.33678615,0.2599837,0.20802933,0.30244154,0.2822729,0.27316862,0.32763806,0.290835,0.22726531,0.3422603,0.2727535,0.28422704,0.26270717,0.3196578,0.20583333,0.32225484,0.31550652,0.29400462,0.3234384,0.23333739,0.25031465,0.22211285,0.27671698,0.35959232,0.27920324,0.30414295,0.25702137,0.25034922,0.30701414,0.3091323,106
0.3525358,0.36563614,0.23059288,0.2500388,0.22771098,0.3328628,0.262203,0.24358155,0.21145572,0.28281242,0.3291615,0.2922492,0.2702424,0.3014372,0.37053642,0.28679958,0.26423347,0.3702235,0.29839614,0.19941159,0.32035032,0.23238552,0.26566237,0.3089273,0.4596645,0.3407727,0.34728995,0.2570247,0.42672035,0.26588023,0.3151074,0.28701368,0.26995358,0.26370844,0.33231696,0.25640073,0.205518,0.30384567,0.27844378,0.27383047,0.32802522,0.29167527,0.22695555,0.33895743,0.269656,0.2837824,0.2627305,0.3186218,0.20325367,0.31693912,0.31940997,0.29280424,0.3231359,0.22620949,0.25281212,0.22135901,0.27777064,0.35874918,0.28105426,0.30536133,0.2552706,0.2523359,0.3088263,0.31048784,107
0.35105547,0.36904803,0.22923931,0.249632,0.23051818,0.3308624,0.256401,0.24026716,0.21470024,0.28204015,0.32965836,0.29131237,0.26688242,0.30194992,0.37247786,0.282025,0.26424894,0.3698073,0.2936938,0.19907004,0.31881478,0.23128766,0.2621564,0.30834195,0.45763415,0.3365953,0.35001287,0.25699645,0.4276252,0.26254982,0.31751066,0.28767204,0.269323,0.26306662,0.33056957,0.2556991,0.2065487,0.3052718,0.27803785,0.27149197,0.32687122,0.2890505,0.2255346,0.33362144,0.26447126,0.28094015,0.263753,0.31685457,0.20324712,0.31326726,0.32139352,0.28865302,0.32168916,0.22253382,0.25132996,0.2213419,0.2780011,0.35679272,0.28170907,0.30639535,0.25181323,0.25332776,0.30640733,0.31259245,108
0.35234708,0.3722697,0.23112062,0.24914072,0.2298168,0.3296073,0.2506111,0.24244058,0.21680279,0.2806344,0.33116934,0.2919572,0.26457784,0.30305907,0.37365702,0.2780161,0.26462176,0.37068886,0.2906387,0.19610515,0.31545016,0.23023383,0.26341507,0.3108579,0.4573953,0.3312323,0.35444707,0.25779122,0.4281544,0.26346794,0.31574243,0.28556,0.26966202,0.26691896,0.3339253,0.2582776,0.20612355,0.3081726,0.27506807,0.26742345,0.3260983,0.2878417,0.22613415,0.33006123,0.26164293,0.27456886,0.26781794,0.31454358,0.20560648,0.3127861,0.3244216,0.28547803,0.31900814,0.22194584,0.25484875,0.22165301,0.28009498,0.35656238,0.27832976,0.30568627,0.24696195,0.25731885,0.30268165,0.31278244,109
0.3561491,0.37434497,0.2358077,0.25432274,0.22931072,0.32907644,0.24989913,0.24955085,0.21704331,0.28108194,0.33225596,0.29502067,0.26945147,0.30418313,0.37310642,0.27670953,0.26558977,0.3702231,0.29248673,0.1955912,0.31023583,0.2317559,0.2700464,0.31321794,0.4576773,0.32870984,0.35542175,0.25863263,0.4290254,0.26732433,0.31238782,0.2869484,0.26992017,0.265738,0.34188357,0.26211467,0.20474982,0.31209335,0.27463475,0.26807672,0.33048484,0.29245695,0.22815457,0.32961857,0.26056862,0.2665189,0.2746526,0.3124631,0.20926736,0.3193838,0.3254559,0.28758362,0.3203414,0.22440557,0.25667167,0.22306423,0.27935567,0.35945266,0.2759053,0.30782077,0.24448365,0.26181293,0.29930255,0.31126136,110
0.35609916,0.37499526,0.23428491,0.2560582,0.22741413,0.32945338,0.249853,0.25348297,0.21541704,0.28390986,0.33272004,0.2952371,0.27397886,0.30470574,0.3701983,0.2805646,0.26579142,0.36667785,0.2951167,0.19768983,0.30930293,0.23025022,0.27225387,0.31263393,0.4569825,0.32489803,0.35560432,0.2595263,0.42979157,0.26798955,0.31180564,0.2871182,0.2699747,0.2607248,0.34766823,0.26310393,0.20062168,0.31656855,0.27236244,0.271527,0.33674502,0.29828304,0.23084909,0.33111677,0.2607657,0.2604045,0.27917552,0.31378406,0.20863356,0.32257366,0.32287794,0.29301915,0.32165354,0.2287725,0.25797996,0.22239546,0.28036842,0.36298224,0.2742125,0.3109477,0.24622792,0.25853705,0.2971395,0.30970043,111
0.35433853,0.37452245,0.22947723,0.25024655,0.2283918,0.32938427,0.25386882,0.2517889,0.21265654,0.28876376,0.33231732,0.28997555,0.27436143,0.30317175,0.3682421,0.28700465,0.26510462,0.363161,0.29743385,0.19872631,0.31510305,0.22940022,0.27407712,0.3114363,0.45504463,0.31870988,0.35341245,0.2596832,0.42984858,0.26855165,0.31245613,0.29058206,0.2688426,0.25812295,0.3493443,0.26234818,0.19862235,0.31786874,0.27102375,0.27246717,0.34110957,0.29989728,0.2301972,0.33177605,0.26305747,0.25991732,0.27649233,0.3162162,0.2037087,0.32445195,0.32048073,0.30192006,0.320719,0.23365249,0.25838417,0.22151627,0.28521407,0.36624146,0.27730432,0.31451344,0.25052524,0.25260273,0.29376408,0.31055155,112
0.3507858,0.37130642,0.23421004,0.24773143,0.23241629,0.32893476,0.2601681,0.2516373,0.21087684,0.28996333,0.33121377,0.28236857,0.27569136,0.3010399,0.3704316,0.28937554,0.26471198,0.3618853,0.2992526,0.19980094,0.32242298,0.22798954,0.2745878,0.31079584,0.45406264,0.310916,0.35170636,0.25505137,0.42871284,0.26947215,0.31576616,0.29442322,0.2692103,0.25685,0.35054845,0.2647854,0.20516546,0.31956714,0.27283657,0.27100748,0.3407188,0.29951072,0.22861145,0.33146155,0.2652345,0.2677966,0.27884564,0.31519166,0.20133527,0.32298553,0.31679773,0.31019363,0.3205324,0.23639858,0.25861666,0.21945529,0.2888248,0.36823347,0.28284135,0.31894943,0.25384155,0.25689423,0.2922994,0.31200632,113
0.3489574,0.36689186,0.23779961,0.24631165,0.23337403,0.32954252,0.26556212,0.25339198,0.20873453,0.28848016,0.33060813,0.27618372,0.27807313,0.2998074,0.37174338,0.28859428,0.26511523,0.36059865,0.2966438,0.19955705,0.32792208,0.22803056,0.27413133,0.31216168,0.45418218,0.30871767,0.3503213,0.25168556,0.42786816,0.2705061,0.3191961,0.29580933,0.26923037,0.25722274,0.35190168,0.26663235,0.21133627,0.3206576,0.27361345,0.26709706,0.34049135,0.2997744,0.22688118,0.328081,0.2683783,0.27783635,0.28122625,0.31195655,0.20184623,0.32473016,0.3134745,0.3160691,0.3198495,0.23679814,0.25617597,0.21966271,0.28638417,0.3700956,0.2848336,0.31905916,0.25438204,0.25883585,0.29407236,0.31433633,114
0.35039842,0.3642839,0.23760666,0.24454309,0.23019789,0.33071545,0.27098992,0.25516504,0.20782599,0.2886357,0.33080453,0.2739349,0.279296,0.300145,0.37115532,0.2875814,0.2662901,0.3617675,0.29797542,0.20015068,0.3321943,0.22332245,0.26624823,0.31474888,0.4564567,0.312111,0.35197803,0.25282112,0.43012586,0.27288505,0.32285553,0.29699922,0.2687997,0.2574062,0.3484339,0.26645243,0.21508613,0.32178834,0.27608472,0.26044,0.3362838,0.29812595,0.22655502,0.33067805,0.26978502,0.28258008,0.28509015,0.3125897,0.20143518,0.32355815,0.31464314,0.31521574,0.3204764,0.23746023,0.25583947,0.22130807,0.2840784,0.37085524,0.28430733,0.31636935,0.25468925,0.2557604,0.2968358,0.31690618,115
0.35482857,0.3638896,0.23630644,0.24631241,0.22916682,0.3323357,0.27366382,0.2557366,0.20780852,0.2874606,0.33392346,0.27903304,0.27692926,0.30212006,0.37005502,0.28639725,0.26628307,0.36439306,0.29855078,0.20167972,0.3377793,0.22263035,0.26222992,0.31596527,0.45853528,0.31896207,0.35552263,0.25806728,0.43438306,0.27580646,0.32382572,0.29640743,0.2693662,0.25816298,0.3458246,0.26511076,0.21204747,0.32103622,0.27912927,0.259852,0.3327251,0.2964789,0.22856888,0.33727837,0.27155682,0.28225893,0.28476846,0.31688967,0.20270588,0.32135382,0.31671482,0.31208858,0.32317978,0.23708282,0.256652,0.2200964,0.28449497,0.36979243,0.28239873,0.31169927,0.25740945,0.25405908,0.29854172,0.3182212,116
0.35658962,0.36473858,0.23184353,0.24544142,0.23243648,0.33335608,0.27013475,0.2544004,0.20671552,0.28272155,0.33838043,0.28350946,0.27318773,0.30666763,0.37069952,0.28444403,0.2649619,0.3639701,0.29895663,0.20135008,0.34144294,0.22301199,0.25913978,0.31616908,0.45906818,0.32233077,0.35945824,0.2604565,0.43767476,0.27395156,0.32162738,0.29652557,0.26828456,0.25886613,0.34402815,0.2624873,0.21032007,0.31929287,0.28116307,0.26151475,0.3309765,0.29390088,0.23103732,0.34196416,0.27113897,0.28498775,0.28381887,0.3185147,0.20470253,0.31807935,0.31679586,0.30700386,0.3241477,0.23696034,0.261535,0.21892686,0.28287202,0.36665016,0.2810035,0.30550522,0.2579837,0.2572409,0.30133942,0.31908965,117
0.35528323,0.36502475,0.22706479,0.24774334,0.23642801,0.33280453,0.2629495,0.25146994,0.20615971,0.28204527,0.34108073,0.288368,0.27288043,0.31092378,0.37376803,0.2826055,0.26784575,0.36459085,0.2966375,0.20283304,0.33791095,0.22540715,0.25955188,0.32048088,0.45885667,0.32318386,0.36084905,0.25978625,0.43994766,0.27270994,0.31797096,0.2954305,0.2674983,0.2597086,0.3444975,0.26167536,0.21231063,0.31702155,0.2829261,0.2623115,0.3343765,0.29566562,0.23399562,0.33956712,0.2690051,0.28814334,0.28182772,0.3156417,0.20877986,0.31846985,0.31517914,0.30358624,0.32325697,0.23560144,0.26335683,0.21863174,0.27986124,0.36331,0.27990568,0.30156174,0.25292018,0.2590723,0.3096694,0.31860685,118
0.35288483,0.36666766,0.22595546,0.25348395,0.23646101,0.33119625,0.25467485,0.24750902,0.20673624,0.287904,0.34060776,0.29115257,0.274137,0.31490725,0.37886283,0.28491834,0.27105492,0.36587587,0.29351416,0.20341375,0.33205324,0.227313,0.26311737,0.32204542,0.45814756,0.32741275,0.3624999,0.25716975,0.44152254,0.26758704,0.3138956,0.29482216,0.26659843,0.25735056,0.34424838,0.26016173,0.2133944,0.31512,0.27976897,0.26019394,0.33872116,0.2964031,0.23231389,0.3346271,0.26499212,0.28550255,0.28088176,0.312145,0.21090746,0.3170116,0.31486985,0.3038427,0.32061204,0.23193556,0.2635233,0.21826208,0.27906477,0.36081252,0.27918562,0.30254388,0.24616121,0.26050726,0.31555453,0.3170248,119
0.35037667,0.3699657,0.22366183,0.25326374,0.23114146,0.33103493,0.2498011,0.24425127,0.20973013,0.2932558,0.3394079,0.2901106,0.2747677,0.3157219,0.38360903,0.28771424,0.26943278,0.3658037,0.290245,0.20359512,0.32825983,0.22653942,0.26705757,0.31569657,0.45923215,0.33039728,0.3618902,0.259427,0.43984085,0.26114345,0.31122103,0.28775918,0.26763928,0.25783834,0.34187463,0.25906616,0.20990075,0.31267652,0.2745677,0.26033306,0.34020796,0.2930971,0.22835322,0.33397272,0.26117328,0.2781354,0.27607325,0.31074557,0.20829561,0.31369403,0.3208975,0.30262396,0.318561,0.22785576,0.26328102,0.2234061,0.2827338,0.35954744,0.27502024,0.3035152,0.24178776,0.26083937,0.31497505,0.315707,120
0.35065877,0.37293708,0.22244798,0.2519776,0.22910656,0.33227548,0.24517028,0.24577993,0.2130185,0.29070747,0.3373001,0.2874998,0.27279028,0.31385446,0.3861764,0.28732073,0.26651496,0.36577162,0.28883392,0.20149036,0.32560754,0.22436094,0.27188772,0.30637744,0.46006393,0.32895705,0.3613459,0.2614415,0.43728462,0.25661224,0.30904838,0.28222567,0.27009395,0.25918123,0.34155777,0.2588459,0.2031224,0.3120417,0.27182734,0.2637431,0.33547157,0.28792188,0.22513181,0.33459836,0.2585011,0.27408883,0.27713585,0.31203437,0.20777021,0.31357005,0.3255284,0.29993415,0.31858957,0.22605184,0.26553494,0.22545418,0.2852351,0.35897908,0.27030185,0.30792603,0.24105671,0.26341262,0.31104678,0.3137177,121
0.35113254,0.37620825,0.23084319,0.2544561,0.23163377,0.33598712,0.24166557,0.25242624,0.21399209,0.28334546,0.3371453,0.28828079,0.266556,0.31020376,0.3854331,0.28417787,0.2680351,0.36685398,0.28877217,0.20376353,0.32037932,0.2250737,0.27614787,0.30247554,0.46210518,0.32879338,0.36060214,0.26206937,0.43390694,0.25171313,0.3072492,0.2798417,0.2746843,0.2620622,0.34522977,0.2599198,0.20307572,0.31424117,0.27688897,0.26958227,0.33348727,0.2863665,0.22418654,0.33353758,0.256134,0.27167022,0.27927572,0.31202942,0.21283147,0.31583968,0.32645002,0.30193016,0.3221166,0.22642411,0.26747024,0.22472656,0.2842595,0.35677606,0.26805595,0.31425264,0.24357142,0.26821855,0.30936354,0.31223756,122
0.3473211,0.3773257,0.23635265,0.25869697,0.23125052,0.33972695,0.23935524,0.2591526,0.2127781,0.28098896,0.33558175,0.28932703,0.26252455,0.307934,0.38409764,0.2834688,0.27302378,0.36681125,0.28608653,0.20423315,0.31449503,0.22557735,0.280105,0.3038423,0.46409172,0.32713625,0.35953358,0.2572191,0.42962196,0.25168177,0.3063783,0.28086978,0.2775237,0.2606359,0.3497651,0.26011124,0.2039603,0.3163791,0.2811325,0.27308032,0.335127,0.29144052,0.22328947,0.3335822,0.25716367,0.26867756,0.27840072,0.31076416,0.21514644,0.31758395,0.32507244,0.30686486,0.3255911,0.22995369,0.26679713,0.22476813,0.2847104,0.35643244,0.26760322,0.31927365,0.24798802,0.26908752,0.30795297,0.31095985,123
0.345844,0.3782034,0.23879823,0.25717664,0.22846031,0.34277198,0.24071148,0.26181665,0.21259205,0.2841487,0.33344612,0.28679827,0.26486856,0.30571717,0.38306373,0.2835699,0.2749495,0.3656434,0.28565323,0.20685726,0.31179157,0.2263975,0.280166,0.30965677,0.4651052,0.32196957,0.3566582,0.2557358,0.42654312,0.25690416,0.30999488,0.2799082,0.2781607,0.26199493,0.35047668,0.262851,0.20445275,0.31776878,0.2842231,0.2746493,0.33574054,0.2979824,0.22567494,0.33794823,0.2633058,0.27066728,0.27297094,0.3140313,0.21345922,0.31910813,0.32640865,0.3117382,0.32893622,0.23125385,0.2649993,0.22552334,0.2895415,0.35762006,0.270267,0.3215821,0.25243613,0.2646432,0.30773813,0.31025514,124
0.34399214,0.37688974,0.23815688,0.25381622,0.22825688,0.3456506,0.24564973,0.26214814,0.2112382,0.29183713,0.33085677,0.2844489,0.27299494,0.3047893,0.38511768,0.28569296,0.2764846,0.3628619,0.28637263,0.20772938,0.31464413,0.22684939,0.2826582,0.31632286,0.4635379,0.31611818,0.35312808,0.25111702,0.42282706,0.26299873,0.3152857,0.28518304,0.27758116,0.26519647,0.34904823,0.26430008,0.2067545,0.31991792,0.2852382,0.27501962,0.33687332,0.3032845,0.22444704,0.34026304,0.27026713,0.27576956,0.27422103,0.31687346,0.21133758,0.32147112,0.32403743,0.31678015,0.3300071,0.2309247,0.26104504,0.22716528,0.29434192,0.3613643,0.27503324,0.32181334,0.25341967,0.2636657,0.31118616,0.30994633,125
0.3453961,0.374973,0.23602086,0.25324115,0.22663444,0.34819093,0.25549656,0.2642548,0.2086919,0.2944264,0.33064607,0.28307834,0.2798919,0.30401635,0.38568398,0.2866894,0.27809167,0.36232847,0.29067627,0.20769817,0.31854668,0.22651204,0.282662,0.3180284,0.46232325,0.31543604,0.35030133,0.25160575,0.4216523,0.2684917,0.3172999,0.29061133,0.27665004,0.26411852,0.34786627,0.26392838,0.21112907,0.3220928,0.28621787,0.2722284,0.33630112,0.30133298,0.22233075,0.3402743,0.27461094,0.27952695,0.27931386,0.31599218,0.21259923,0.32618588,0.32194862,0.31639883,0.33076847,0.2314043,0.2574924,0.23028934,0.2927178,0.367558,0.280795,0.32133725,0.25518548,0.26137283,0.3115914,0.30939552,126
0.3444973,0.37193078,0.23402837,0.2562799,0.22661512,0.3499698,0.26664132,0.26860845,0.2091598,0.29483497,0.3298821,0.2810182,0.2838462,0.30612305,0.38387454,0.28975034,0.27954713,0.36359635,0.29611185,0.20314695,0.32556757,0.22387287,0.27612302,0.31806937,0.4636413,0.31704858,0.3513229,0.2517796,0.42344198,0.27388203,0.32035217,0.2968116,0.2762167,0.26121888,0.34562388,0.26288733,0.21147576,0.32488912,0.28588402,0.26541987,0.33626217,0.29894996,0.22565143,0.33954337,0.27586183,0.28354275,0.28959963,0.31218815,0.21329543,0.3254753,0.31895232,0.31661317,0.3305244,0.23234043,0.25779626,0.23137395,0.28883907,0.37292045,0.2850769,0.32170442,0.2555408,0.26056704,0.31097084,0.30698043,127
0.34793204,0.3697452,0.23518331,0.25527808,0.22827236,0.3500232,0.26773044,0.26908767,0.20832385,0.29282537,0.3300236,0.28219667,0.28819573,0.3107054,0.3829925,0.2861127,0.27782464,0.3666785,0.29759604,0.20129725,0.33407885,0.22110616,0.27370995,0.32156315,0.46557644,0.322074,0.35504416,0.2539816,0.4264274,0.27393106,0.32187524,0.29840183,0.27561477,0.257346,0.34403864,0.26237008,0.20883757,0.32631347,0.28380895,0.2660658,0.3317079,0.29762095,0.22613461,0.34183812,0.27745306,0.28455743,0.2926044,0.31374982,0.20612742,0.32548073,0.31884998,0.31583437,0.33511543,0.23300958,0.2584209,0.23019616,0.28580403,0.374313,0.28352794,0.32136708,0.25723776,0.25963768,0.3096985,0.3061882,128
0.35462683,0.36819866,0.23279528,0.25045517,0.23336516,0.3485501,0.27173406,0.26530585,0.20962639,0.29178256,0.3308913,0.28697905,0.29229525,0.31472036,0.3824566,0.28478596,0.27199325,0.36874333,0.30047545,0.20107765,0.34408984,0.21847202,0.2733678,0.3237476,0.46542278,0.326149,0.35781783,0.25859874,0.43001664,0.27526686,0.32323542,0.30226177,0.27530265,0.25903645,0.34084496,0.26136705,0.206382,0.3256928,0.2864937,0.26685157,0.3299186,0.29475015,0.22944318,0.34453875,0.2775508,0.28624722,0.29350448,0.32014138,0.20128702,0.32664654,0.3217163,0.31489047,0.3363946,0.23324895,0.26346225,0.22925901,0.28604844,0.3741603,0.2845204,0.3184722,0.26078787,0.26132473,0.31019834,0.3074837,129
0.35950643,0.36858594,0.22808763,0.24696274,0.23864664,0.34492573,0.27255058,0.26163045,0.20891206,0.28954282,0.33197215,0.28829494,0.2896609,0.31614757,0.38220653,0.28180075,0.27094674,0.37040186,0.30354187,0.2007896,0.34725085,0.22363356,0.27374637,0.32645103,0.46302783,0.3277165,0.35999835,0.26124382,0.4345527,0.27352366,0.32376686,0.3040759,0.2717249,0.26008496,0.33897525,0.2596718,0.20686142,0.32313237,0.2866454,0.26380014,0.32939413,0.2903287,0.23136495,0.34523702,0.27251723,0.29118064,0.29744494,0.32292846,0.2037454,0.32514045,0.32195842,0.31302837,0.33530968,0.23332681,0.26719302,0.22205006,0.2845747,0.37244573,0.28527752,0.31386074,0.26463202,0.26246545,0.31134766,0.31055233,130
0.35880888,0.37022826,0.22379021,0.24982987,0.24161601,0.34001487,0.27013588,0.2570343,0.20940287,0.28924915,0.33353046,0.2901337,0.2866425,0.3180143,0.38252667,0.2812734,0.27402344,0.37190318,0.3061809,0.19998164,0.34635508,0.22786279,0.27532843,0.32889363,0.46147552,0.32852754,0.36221567,0.2636953,0.43885326,0.27040413,0.32381433,0.30264115,0.27051017,0.26152003,0.3377083,0.2589599,0.2061106,0.3197856,0.28621683,0.2590493,0.32884735,0.28927583,0.23133379,0.34588984,0.26805303,0.2939535,0.29630014,0.32201138,0.20832524,0.3244994,0.324017,0.31268165,0.33131826,0.2303904,0.27081886,0.22018501,0.2846714,0.36909917,0.28257537,0.3110026,0.26703942,0.26551005,0.31577063,0.31355938,131
0.35918435,0.3698295,0.22601308,0.25429165,0.23999757,0.33659157,0.2651066,0.25334772,0.21169946,0.28797475,0.33410478,0.29362288,0.2836014,0.3199624,0.38569656,0.27971172,0.27517503,0.3739635,0.30529588,0.20060293,0.3422464,0.2261502,0.27482218,0.3284155,0.46038103,0.33095476,0.362811,0.2637338,0.44196573,0.26533905,0.32287595,0.29920343,0.27285686,0.25971597,0.33825344,0.25868553,0.20497096,0.31831577,0.2828872,0.26103276,0.3317734,0.29328588,0.23109694,0.34163606,0.26481822,0.2930984,0.2956998,0.3173294,0.20659609,0.32498515,0.32625785,0.31358373,0.33169946,0.22698481,0.27551165,0.22183153,0.28274024,0.3644956,0.27893224,0.31369972,0.26404652,0.27075815,0.32041758,0.31393516,132
0.36014783,0.3694604,0.23083386,0.25915575,0.23920076,0.33472446,0.25810328,0.25397587,0.21162398,0.28637576,0.33460474,0.2967812,0.27908266,0.31927907,0.3879067,0.27952158,0.27534947,0.37398046,0.29976583,0.20255722,0.33469483,0.22509012,0.2782585,0.3226468,0.46066782,0.33319232,0.36264464,0.26365826,0.44349098,0.25996172,0.3230321,0.29035455,0.27528855,0.2567224,0.3415033,0.26187402,0.20124042,0.3169565,0.2776772,0.2664657,0.3338251,0.296702,0.22770172,0.33577126,0.26408643,0.28972417,0.29273027,0.31408328,0.20643993,0.32720605,0.32497403,0.3129864,0.3341199,0.22414826,0.27386624,0.22228228,0.27823046,0.36117274,0.27508777,0.3132428,0.25770825,0.27262124,0.3186505,0.31142354,133
0.35816923,0.36899373,0.2341132,0.25942186,0.23867525,0.33553913,0.2526088,0.25585684,0.21232493,0.28995264,0.33444896,0.29698426,0.2761544,0.31822607,0.38832402,0.28358334,0.27599943,0.3711498,0.29311076,0.20506261,0.3271401,0.22472796,0.2857338,0.3162003,0.4615286,0.33290607,0.35976216,0.2619082,0.441604,0.2582082,0.3189664,0.28592187,0.2760421,0.25652558,0.34688446,0.26321372,0.20026577,0.31769282,0.27269787,0.2703456,0.334225,0.29873854,0.22559214,0.3345858,0.26468316,0.2834813,0.29265305,0.31056374,0.21030481,0.33025944,0.32403123,0.31406292,0.33358452,0.22470038,0.27301913,0.22124632,0.27954137,0.35936278,0.2725963,0.31595093,0.2529591,0.2724092,0.31817034,0.30994204,134
0.3593516,0.37000498,0.23487577,0.25556707,0.23711213,0.33839336,0.24958773,0.25832585,0.21509682,0.2939466,0.33233508,0.29374892,0.2754742,0.3163387,0.38656366,0.28873155,0.27666628,0.36775315,0.28994286,0.2057715,0.31865466,0.22724764,0.2927212,0.31286237,0.46377695,0.32750097,0.35811177,0.2617317,0.4387377,0.26341426,0.312036,0.28193462,0.27681902,0.25655365,0.35002494,0.26622513,0.1986599,0.31871334,0.2695419,0.27551922,0.3347662,0.3000816,0.2283149,0.33686244,0.26873165,0.27902433,0.289501,0.30860144,0.21123323,0.3325734,0.32499453,0.31800565,0.33242804,0.22686355,0.27390268,0.21961713,0.28764093,0.35951152,0.27020675,0.31994405,0.25333047,0.27383125,0.3157829,0.30627713,135
0.35853872,0.37146223,0.23046891,0.24835132,0.23558685,0.34193292,0.25144994,0.25727025,0.21536341,0.29667723,0.3307126,0.28626668,0.2737759,0.31351694,0.38703272,0.29220006,0.28167027,0.36400563,0.2901353,0.2061238,0.31851062,0.23045425,0.29687414,0.31317788,0.46324512,0.31508985,0.35521957,0.25939646,0.43550962,0.26664996,0.30883428,0.2833414,0.27575704,0.2562686,0.3496432,0.26686653,0.20267147,0.32064235,0.27708608,0.27829325,0.33591485,0.29914743,0.23155612,0.34026718,0.2738531,0.28167957,0.28313416,0.3117251,0.21225585,0.3341538,0.32116908,0.32074988,0.3287838,0.22849503,0.27263045,0.22131915,0.2988183,0.36055094,0.27395847,0.32289076,0.25696266,0.27547616,0.31592306,0.3023301,136
0.35106817,0.37096953,0.23221064,0.24860683,0.23745386,0.3449191,0.25612885,0.25666156,0.21448264,0.29255658,0.33052,0.28401753,0.2721157,0.31012955,0.3892352,0.28801143,0.2882901,0.36375102,0.2933784,0.20972893,0.32359016,0.23556104,0.29458624,0.31547496,0.4605505,0.30923802,0.3503958,0.2551374,0.43520886,0.26938033,0.31035694,0.2897356,0.2747407,0.25757906,0.34892458,0.26930547,0.21301389,0.32366323,0.29382205,0.27804324,0.3361989,0.29849854,0.23110168,0.3420324,0.27539825,0.28857398,0.28071728,0.31850836,0.21648158,0.33364737,0.31664708,0.32091874,0.3264406,0.22760946,0.27118582,0.2238348,0.30110762,0.36259985,0.279627,0.32441863,0.26119503,0.27636743,0.31915402,0.3014921,137
0.3416794,0.36864442,0.23512945,0.25420347,0.23772284,0.34878883,0.2601308,0.2585641,0.21562193,0.29149258,0.33038077,0.28744438,0.27327716,0.30935544,0.3915741,0.28958383,0.29114255,0.36736426,0.29790962,0.21226826,0.32975513,0.23428062,0.28876486,0.3204457,0.4589562,0.31750944,0.34859878,0.2506755,0.4341911,0.27354297,0.31291205,0.29311225,0.27544117,0.26302797,0.34732726,0.27188104,0.21693924,0.32622457,0.2984869,0.2760598,0.34028232,0.30168176,0.22955744,0.34375834,0.26957205,0.29534337,0.28593346,0.32121193,0.21835789,0.3299808,0.3183393,0.32181823,0.32847112,0.2279748,0.2711185,0.23066045,0.29737446,0.36579752,0.27970025,0.32611886,0.2637365,0.27493396,0.32513347,0.30486286,138
0.34100333,0.36828157,0.23480341,0.26034588,0.23594898,0.3515486,0.26476792,0.2631539,0.21734227,0.29728088,0.3318066,0.2892629,0.27959543,0.310477,0.39112356,0.29216006,0.2925614,0.37014067,0.30437607,0.21281983,0.3355478,0.23021817,0.2862246,0.3261426,0.45984435,0.3269142,0.35049903,0.25315335,0.43672544,0.2794653,0.3160091,0.29310706,0.27511534,0.26540348,0.34536272,0.27345824,0.2165951,0.3283747,0.29626638,0.2727378,0.33961558,0.30201876,0.23032369,0.3432996,0.26649773,0.29664108,0.29015592,0.31996408,0.21599004,0.32796255,0.32464194,0.32118115,0.3329797,0.2292054,0.27370548,0.23746358,0.2970834,0.36980805,0.2773222,0.3258436,0.26588824,0.2720858,0.32744488,0.30806357,139
0.34120187,0.3675284,0.22776796,0.261654,0.2367758,0.35231712,0.26834413,0.26589295,0.21563348,0.2973979,0.33308703,0.2884901,0.28539872,0.3139981,0.39195266,0.29173985,0.2892344,0.36658555,0.30772778,0.20854497,0.34334078,0.22837673,0.2831315,0.32699406,0.46135834,0.32797226,0.35711393,0.25213066,0.43760604,0.27961254,0.32212657,0.2954839,0.2740166,0.26331115,0.34442833,0.27168137,0.21291159,0.32901815,0.29172343,0.26834148,0.3362843,0.29896644,0.22864154,0.34058398,0.2666549,0.29556638,0.29091167,0.31823877,0.21199,0.32501262,0.325424,0.3208318,0.33240116,0.23215786,0.2744474,0.23847093,0.29611224,0.37234333,0.27955323,0.32209355,0.26795885,0.26586777,0.3269971,0.30879128,140
0.339316,0.36703742,0.22276603,0.25942272,0.2419395,0.35110313,0.26564172,0.26625434,0.2158338,0.29455754,0.33515707,0.29169112,0.2878598,0.31708854,0.3924393,0.28630427,0.28242135,0.36693987,0.3059928,0.20869091,0.35162503,0.22669135,0.27443954,0.32796636,0.4618263,0.33022192,0.36213422,0.25071755,0.43902105,0.27951252,0.3311159,0.29870912,0.2719578,0.2631301,0.34563112,0.2707613,0.21509562,0.3284715,0.29394042,0.2646354,0.3323472,0.2983601,0.22734295,0.339549,0.2630518,0.29575542,0.29353416,0.3177009,0.21189477,0.31651932,0.32806173,0.31904715,0.3304499,0.23403141,0.27520823,0.23334599,0.29468593,0.3720701,0.2829388,0.31798753,0.2662972,0.26270518,0.32663962,0.31010723,141
0.33964983,0.36791655,0.2204142,0.25633806,0.24526916,0.34746027,0.26401043,0.2645155,0.21581477,0.29405805,0.33792102,0.2978128,0.2862119,0.31848308,0.39177912,0.28619897,0.2768894,0.3687309,0.303221,0.2106842,0.35552946,0.22799183,0.27541152,0.3299285,0.46076953,0.3326911,0.36550263,0.25409314,0.44099143,0.27940398,0.33421883,0.3012278,0.26961303,0.2647061,0.35031295,0.27014005,0.2143733,0.32719353,0.29122624,0.26671165,0.3322615,0.30214548,0.22683987,0.3427133,0.2583945,0.2956004,0.2962808,0.3175779,0.21103649,0.31537738,0.32762486,0.32264137,0.32981876,0.23647714,0.27385,0.22545186,0.294018,0.37135118,0.28464755,0.31550768,0.2624214,0.26505578,0.3244166,0.31206787,142
0.34524795,0.3681447,0.21727794,0.25241983,0.2463507,0.34436658,0.2653393,0.25877085,0.21726164,0.30111355,0.3389357,0.2985247,0.28705683,0.3195813,0.3942274,0.29031608,0.27739838,0.3704006,0.30338544,0.21070983,0.35635823,0.22798935,0.27969256,0.3344564,0.4601243,0.333273,0.36626136,0.25913864,0.44139704,0.2776854,0.33300287,0.3004018,0.26922664,0.26843005,0.35034728,0.26729447,0.21007413,0.3273288,0.28622732,0.26996866,0.3340954,0.30622116,0.22872765,0.34293395,0.25607756,0.2956862,0.29584846,0.3145485,0.20608698,0.3176698,0.33010045,0.32858616,0.32810983,0.23806258,0.27476177,0.22417925,0.29868105,0.3700872,0.2832364,0.31487736,0.2594875,0.2690475,0.3262296,0.3137775,143
0.34820867,0.36709306,0.2160086,0.2506747,0.24771045,0.34269816,0.26662782,0.25602818,0.21883559,0.29837236,0.33865824,0.2940949,0.28271702,0.31931242,0.3963831,0.2882999,0.2824656,0.37499484,0.30589074,0.20906082,0.3531759,0.22762796,0.2779426,0.3332712,0.4607817,0.32827616,0.36611044,0.2599769,0.44023037,0.2745535,0.32996616,0.30070642,0.27188858,0.26504165,0.34732068,0.26733077,0.20726375,0.32676354,0.28276488,0.2729481,0.3294845,0.30447498,0.23233916,0.3377048,0.25459757,0.29781428,0.29438546,0.3105298,0.20104112,0.32104808,0.32692522,0.3278008,0.32766563,0.23590298,0.27621436,0.22308958,0.29729372,0.36697394,0.28261167,0.3147078,0.25700274,0.27541247,0.32561773,0.313986,144
0.35027215,0.36699045,0.22038125,0.25302565,0.24627042,0.34188843,0.26426142,0.2572036,0.21723126,0.29186952,0.33751944,0.2878659,0.27541158,0.31859165,0.3977191,0.28511447,0.2871223,0.3777481,0.3045908,0.20759135,0.34452698,0.23001082,0.27920857,0.33145425,0.46060783,0.32228383,0.36900893,0.26123542,0.43993175,0.26973808,0.3274071,0.29999134,0.27406675,0.26158416,0.34430766,0.2708088,0.20534424,0.32726264,0.28012294,0.27447155,0.32689205,0.29735488,0.23314385,0.33042306,0.2516513,0.29902312,0.29784524,0.30779848,0.20147611,0.3245478,0.32207295,0.32299834,0.32837617,0.23286101,0.2754296,0.2204669,0.29247168,0.36381507,0.28286397,0.3129629,0.25275645,0.27864587,0.3266694,0.31292143,145
0.3537533,0.36770484,0.23033166,0.2635801,0.24341275,0.3409588,0.25896358,0.25980288,0.21502775,0.29095548,0.33587667,0.2848037,0.27193296,0.3179174,0.39807278,0.28061017,0.28907198,0.3813304,0.29801252,0.20616327,0.33760864,0.22958909,0.28578433,0.3314157,0.46306583,0.3208865,0.36943966,0.26306573,0.44040933,0.26984358,0.32498735,0.29904637,0.2773109,0.2615552,0.34530073,0.2768763,0.20786807,0.3257474,0.27631035,0.27399746,0.3263727,0.2921246,0.23257592,0.32864204,0.25066757,0.29636586,0.29867256,0.30845058,0.20903392,0.33072144,0.31880212,0.31948122,0.3281668,0.23128138,0.27017185,0.21925588,0.290345,0.36254495,0.2818821,0.31290564,0.24883589,0.27681053,0.32857573,0.31050313,146
0.3566069,0.37100315,0.23610803,0.27023333,0.2368479,0.34112918,0.2550759,0.26176506,0.21613042,0.29378656,0.33536255,0.2850236,0.27264193,0.3196909,0.3971831,0.279281,0.2875183,0.38282117,0.2918776,0.20615938,0.33526218,0.23007561,0.29124707,0.32912353,0.46968642,0.32296363,0.368588,0.26197395,0.44270605,0.27096546,0.31947696,0.29286823,0.27997854,0.26173404,0.34849972,0.2835579,0.20928799,0.32393688,0.27644038,0.2755886,0.32891405,0.28870976,0.2320323,0.33569783,0.2544428,0.2903567,0.2941288,0.3134538,0.21488217,0.33312294,0.31933063,0.3177513,0.33090764,0.23298089,0.2667963,0.21750197,0.29529828,0.36265534,0.27883443,0.31443644,0.2495315,0.27072608,0.32601592,0.3067104,147
0.35724956,0.37493724,0.2380252,0.2683324,0.2330489,0.34278086,0.2555314,0.26112777,0.21926752,0.29074204,0.33529863,0.28428257,0.2740345,0.32124296,0.39398682,0.27624017,0.28566355,0.3813909,0.2881056,0.20866743,0.33592364,0.22944753,0.28902134,0.3245085,0.47586635,0.3239496,0.3637483,0.26116124,0.44512227,0.27166906,0.31196985,0.2909556,0.2809746,0.26302886,0.3498157,0.28428,0.21491048,0.32326964,0.2824539,0.28095534,0.33103263,0.2908863,0.23165798,0.34318364,0.2606128,0.2877402,0.2878853,0.31886423,0.21626696,0.33070815,0.32290947,0.31795174,0.33421478,0.23549953,0.26684248,0.2207938,0.3002167,0.36097983,0.27834287,0.319151,0.25477237,0.26824498,0.31963244,0.30291864,148
0.35290864,0.3770187,0.23428416,0.2650616,0.23228177,0.3450627,0.2569842,0.25894433,0.22008859,0.2857046,0.33543107,0.28243196,0.2731901,0.32247877,0.39217815,0.27537334,0.28770545,0.37740728,0.2884896,0.20737083,0.33691105,0.23312113,0.28659874,0.32034597,0.47654825,0.32278332,0.36118189,0.2596809,0.44620228,0.27215365,0.30935603,0.2938311,0.279419,0.26213178,0.35062248,0.28374803,0.22019486,0.3261116,0.29055515,0.28305689,0.3349776,0.2927948,0.23252554,0.34643513,0.26265028,0.28910926,0.28825977,0.32213762,0.21203865,0.3278334,0.32275403,0.3196828,0.33610663,0.23582684,0.27126282,0.22359857,0.30097008,0.35924718,0.2803149,0.3237288,0.26122284,0.27230176,0.3166971,0.3011464,149
0.34570283,0.3760106,0.23274341,0.25891903,0.23364401,0.34706065,0.25501987,0.25787234,0.22116184,0.28488222,0.33502623,0.28260332,0.2747161,0.3243309,0.39368555,0.2781232,0.28839922,0.3741702,0.29059577,0.20774685,0.33797246,0.23560965,0.28409106,0.3219474,0.47545275,0.32203755,0.36139232,0.25642914,0.4443014,0.2755537,0.3115356,0.29862237,0.27673534,0.2642065,0.3506185,0.28361458,0.22170329,0.32990706,0.29278874,0.284109,0.33843505,0.29564288,0.23541042,0.34585437,0.26061118,0.29240286,0.29018593,0.32254842,0.20722726,0.324444,0.32144213,0.32018834,0.33862916,0.2345942,0.27374712,0.22678508,0.29966125,0.35907003,0.2843187,0.32559618,0.26228845,0.27348527,0.32117003,0.30111766,150
0.34181052,0.3744537,0.23075828,0.2550677,0.23272486,0.3490084,0.2532823,0.2582296,0.22454637,0.29024404,0.33418298,0.28144112,0.27874604,0.32499227,0.3960235,0.28842077,0.2923443,0.37384585,0.29613087,0.20913449,0.33978513,0.23899473,0.2846446,0.3259952,0.475022,0.3217733,0.36260974,0.25489923,0.44002107,0.28191075,0.31440195,0.30003303,0.27389425,0.2698898,0.34833497,0.2853742,0.21835758,0.33097702,0.28841203,0.28401545,0.34088162,0.29477182,0.23808318,0.34520265,0.2596583,0.2943188,0.2906794,0.32081696,0.2058889,0.32577303,0.32556513,0.32198313,0.3415863,0.23568115,0.27372047,0.23113361,0.29915807,0.36157224,0.2849527,0.3261102,0.26062566,0.2677481,0.32542002,0.3025785,151
0.34038672,0.3731028,0.22929542,0.2511675,0.23169564,0.35030875,0.25639755,0.25684783,0.22584608,0.29430985,0.33397296,0.27856463,0.28345892,0.32538602,0.39819098,0.2931302,0.2922995,0.3730071,0.30231488,0.21078685,0.34546277,0.23867762,0.2832632,0.32942933,0.47575647,0.3204315,0.36218923,0.2539119,0.44109827,0.28725365,0.31831527,0.30119905,0.27119476,0.26937574,0.34348488,0.2871997,0.2201668,0.32994336,0.288827,0.2807104,0.33788243,0.28834978,0.23858467,0.34362262,0.26038876,0.29647148,0.28917196,0.31999028,0.21227008,0.32869977,0.3297951,0.3221212,0.34211436,0.23789808,0.27309486,0.23469774,0.29712418,0.36571643,0.28582367,0.32360172,0.25873455,0.26367074,0.32892436,0.30433026,152
0.3389548,0.3711475,0.22791024,0.25379983,0.23260053,0.35160497,0.26039758,0.25913224,0.22416346,0.293441,0.33493915,0.2788714,0.2887868,0.3252028,0.39926365,0.29247388,0.287195,0.37250724,0.30395386,0.21280083,0.35446146,0.23642111,0.28024498,0.33012527,0.47720546,0.32051218,0.36353788,0.25496042,0.44634593,0.29011098,0.32490012,0.30104765,0.27162892,0.2665275,0.34003532,0.2905315,0.22063309,0.32867453,0.28825247,0.2769345,0.33519858,0.2846526,0.23730674,0.34169742,0.2605324,0.29820684,0.29056033,0.32226583,0.2190023,0.32935914,0.33021185,0.31934124,0.34211215,0.23936373,0.27090043,0.2352187,0.29222298,0.37030554,0.28548458,0.3219423,0.25494465,0.26455456,0.33192235,0.30505925,153
0.33858502,0.37005213,0.22883506,0.2578831,0.23356013,0.35304374,0.2631582,0.2618601,0.22319059,0.2934177,0.33577627,0.2846276,0.29191962,0.32471725,0.39885014,0.29243824,0.2827655,0.37378025,0.30354032,0.21263374,0.3643525,0.23367693,0.28029475,0.3302234,0.47907147,0.32280654,0.3671963,0.25655422,0.45199928,0.28946197,0.3281109,0.30287853,0.27339685,0.26620036,0.339611,0.29016736,0.21679741,0.3274287,0.28713405,0.2754492,0.33369553,0.28665474,0.23395503,0.3400936,0.2611373,0.29917675,0.29317397,0.32400855,0.21860272,0.328183,0.33151025,0.31787166,0.34303668,0.23808946,0.2723328,0.23252462,0.28823137,0.37322357,0.28402194,0.31892976,0.25493652,0.26613855,0.33489493,0.30568582,154
0.33934382,0.371503,0.22987458,0.2636084,0.23867448,0.3543288,0.26443776,0.26300868,0.22361174,0.29445043,0.33741975,0.29140893,0.29079366,0.32406288,0.39921042,0.29398805,0.27979586,0.37340868,0.30337608,0.21430807,0.3692567,0.23255667,0.28209642,0.3309233,0.48019326,0.32554448,0.36815923,0.25899997,0.45304912,0.28502008,0.32491902,0.3029697,0.27519313,0.26678842,0.3423934,0.28659946,0.2150556,0.32608193,0.2861709,0.27699402,0.33537474,0.2948961,0.23212013,0.34012544,0.26151294,0.29630518,0.29383162,0.32225096,0.21485034,0.32698408,0.33183157,0.31872946,0.34391013,0.23624474,0.27536774,0.22886568,0.28732812,0.37202153,0.28403425,0.31679896,0.25720152,0.27128604,0.3352379,0.30668253,155
0.34262803,0.3715282,0.23204924,0.26688418,0.24372166,0.35533318,0.2664487,0.26244798,0.22481726,0.29504254,0.3365485,0.2947396,0.2874747,0.32335466,0.40091208,0.2949129,0.27904648,0.37598848,0.3054347,0.21287997,0.36849904,0.23088008,0.28130156,0.3313008,0.48004198,0.32815912,0.36941442,0.25771436,0.44961095,0.27742776,0.321332,0.30610535,0.2781531,0.26895985,0.34217912,0.28336206,0.2121726,0.32446903,0.2857531,0.28300875,0.3378888,0.302731,0.23148856,0.34042382,0.259315,0.29392204,0.29317203,0.31961212,0.20987824,0.32512543,0.33080947,0.32088384,0.34591222,0.23431668,0.27487645,0.22605495,0.28748044,0.36780593,0.28531736,0.31755832,0.25881177,0.27465397,0.33249694,0.30651665,156
0.3484734,0.370945,0.23079978,0.2637926,0.24480626,0.3559298,0.2654263,0.26218343,0.2265729,0.29737505,0.33359882,0.2910113,0.28645295,0.32183674,0.40090948,0.29131967,0.28060365,0.37791896,0.30518928,0.20865218,0.36273637,0.23089725,0.2775413,0.3345482,0.47944555,0.3274954,0.36916408,0.25735337,0.44738808,0.27391052,0.32139206,0.30702713,0.28104433,0.27069217,0.33986267,0.2846016,0.20733708,0.3244681,0.28255454,0.2862285,0.337098,0.30477253,0.23096699,0.3402348,0.2586213,0.29383337,0.29489747,0.31709656,0.20304851,0.32360706,0.331756,0.31973252,0.34986687,0.23182143,0.27354103,0.22725342,0.28942943,0.3624313,0.28575426,0.31743604,0.2581245,0.2758567,0.3313751,0.30733892,157
0.3567572,0.37139505,0.23508772,0.2629956,0.24411215,0.3553185,0.26027578,0.26117024,0.22696696,0.29924333,0.33096454,0.2869726,0.28503186,0.32063612,0.39919826,0.28544834,0.28468707,0.38167804,0.29771015,0.20680565,0.35431772,0.23056524,0.2786058,0.33831477,0.47967955,0.32545123,0.3691345,0.2612257,0.44783652,0.2721038,0.32339326,0.3106496,0.28508294,0.27084437,0.3384168,0.28772005,0.20506948,0.32358983,0.2804541,0.2872711,0.33104765,0.29983768,0.23008846,0.34053466,0.25935626,0.2961078,0.29772764,0.3167894,0.20512171,0.32486507,0.33275104,0.31404644,0.35204622,0.23106478,0.26901764,0.22853002,0.29082024,0.3575816,0.28729656,0.31937495,0.2551796,0.27662814,0.32902572,0.30793217,158
0.36370057,0.37351438,0.24197757,0.2670568,0.23967403,0.35508135,0.25689718,0.26454422,0.2274429,0.29908127,0.3300504,0.2857337,0.28293735,0.32131085,0.39725336,0.27748004,0.2864693,0.38576853,0.29326463,0.20589152,0.34910467,0.22646898,0.28142247,0.33985782,0.48353073,0.32453102,0.3686193,0.26622888,0.45105135,0.27585602,0.32157412,0.31047502,0.28897095,0.27275965,0.34062177,0.291017,0.20483185,0.32459086,0.2783044,0.28478676,0.32640335,0.29378435,0.23249607,0.34220156,0.2621551,0.2968299,0.30298346,0.31822416,0.21496458,0.32652333,0.33474156,0.30829722,0.35174695,0.23180754,0.26951116,0.22737217,0.29507986,0.3547284,0.28707325,0.32130626,0.25230524,0.27888298,0.32912818,0.30612594,159
0.3679717,0.376402,0.2451284,0.27362517,0.23904254,0.35383585,0.25708485,0.2693274,0.22806035,0.29590574,0.33042845,0.28998172,0.28333676,0.32296997,0.39577493,0.27027422,0.28821617,0.38557458,0.29384604,0.20555806,0.3484667,0.22551735,0.2847518,0.33516085,0.48745322,0.3263617,0.36474702,0.26775283,0.455193,0.27899837,0.3184398,0.31070593,0.29004765,0.26859522,0.3475649,0.29102448,0.20998077,0.3259155,0.28383595,0.28376114,0.3314856,0.29554972,0.23389116,0.34522212,0.26293793,0.29592457,0.30512074,0.3201311,0.21992111,0.32827935,0.3357178,0.31206647,0.3521086,0.2334691,0.2714042,0.22572869,0.2979002,0.3537636,0.2877575,0.32464862,0.25487906,0.27937624,0.32693452,0.30428877,160
0.3661744,0.37766093,0.2394482,0.27672324,0.24048148,0.35340106,0.25653917,0.2698566,0.22714263,0.29357406,0.3314533,0.29172733,0.28247333,0.3254109,0.39370757,0.2708398,0.29220596,0.38314423,0.29648912,0.2049033,0.3485593,0.22486845,0.2849385,0.3308847,0.4890666,0.32667443,0.36150375,0.26688728,0.45786393,0.28030667,0.31862748,0.3072237,0.2887609,0.2651561,0.35273844,0.290603,0.21546444,0.3276026,0.29056877,0.28481328,0.33763903,0.30180323,0.23520692,0.34728786,0.2647907,0.29738617,0.29960936,0.32167163,0.21528083,0.3275211,0.33413753,0.31894755,0.352608,0.23411638,0.2743543,0.22784092,0.29843092,0.35411093,0.287472,0.3278976,0.25902003,0.27818313,0.32676458,0.30251378,161
0.36107227,0.37814304,0.23469947,0.2729019,0.24410495,0.35387266,0.25763425,0.26631066,0.22601958,0.2954259,0.33150896,0.29159665,0.28167996,0.32729334,0.3934281,0.2774694,0.2925901,0.37957647,0.2993129,0.20408401,0.3507086,0.22983013,0.28577182,0.32734564,0.48852348,0.32706133,0.35926118,0.26446798,0.45868698,0.28115872,0.31931296,0.30597812,0.28550947,0.2654284,0.35378152,0.289142,0.21728453,0.32700932,0.29198545,0.28418642,0.3422303,0.30588368,0.23399982,0.3489155,0.26965663,0.29637963,0.2919337,0.32258862,0.20818621,0.32607615,0.33266184,0.3258355,0.35322914,0.23478593,0.27661812,0.23057564,0.3005952,0.35534856,0.2896351,0.332085,0.2620695,0.27619967,0.3250374,0.30143115,162
0.35321388,0.37660736,0.23590015,0.271008,0.24682654,0.35507664,0.2578887,0.26478627,0.22571453,0.29555663,0.33117738,0.28975594,0.28332418,0.32818145,0.39642528,0.2825424,0.2934211,0.37670958,0.30317912,0.2066976,0.35381714,0.2336477,0.28412917,0.32540968,0.48753673,0.32423604,0.35839072,0.25718388,0.4552032,0.28403726,0.32332003,0.30845073,0.28256166,0.26702464,0.35244092,0.29082078,0.22285223,0.32799736,0.2910357,0.2834648,0.34257594,0.30721223,0.2334165,0.34722856,0.2736667,0.29617935,0.2920939,0.31795666,0.20751247,0.32355866,0.33020505,0.3293175,0.3537152,0.23465872,0.27929777,0.23178163,0.30155253,0.35854062,0.2936773,0.3374254,0.2616485,0.28062892,0.32498372,0.30358288,163
0.34737518,0.37429565,0.23612876,0.26744694,0.24524501,0.35679597,0.25819093,0.26394606,0.22499278,0.29754952,0.33120838,0.28706503,0.2884424,0.329487,0.399951,0.28675714,0.2943624,0.3705898,0.30358237,0.20942037,0.35343036,0.23606622,0.28413755,0.3262192,0.48598546,0.32229042,0.35830694,0.25136748,0.45110825,0.2880259,0.32514757,0.31033456,0.27827975,0.2684655,0.35061368,0.29034194,0.22887662,0.3291924,0.29177848,0.28074592,0.34354693,0.30713487,0.2319717,0.34205213,0.27557036,0.29769048,0.2927082,0.31168166,0.2137055,0.32472298,0.32998973,0.3316349,0.35300574,0.23684306,0.2781372,0.23287855,0.30106613,0.36359885,0.29539514,0.33585358,0.25815907,0.28122374,0.3289846,0.30807328,164
0.34519702,0.37136337,0.2378804,0.26562867,0.240761,0.3576475,0.26020783,0.2637399,0.22519486,0.2988433,0.3326375,0.28845036,0.29292905,0.32857063,0.40156484,0.28877118,0.29371673,0.3681897,0.30593958,0.21362554,0.35555515,0.23331375,0.2777224,0.3302726,0.48420072,0.32404223,0.3591536,0.25028855,0.451125,0.2927679,0.326352,0.31311932,0.27464738,0.2671675,0.34505215,0.28918096,0.22897632,0.3305362,0.28999767,0.27695516,0.33860973,0.30351624,0.23108955,0.33901495,0.27527082,0.30040133,0.29313323,0.30955198,0.2178002,0.32218844,0.33306652,0.3296677,0.35151827,0.23809527,0.2783753,0.23286262,0.29785597,0.36840913,0.29746825,0.33134866,0.2528424,0.27990422,0.33209348,0.31136665,165
0.34693238,0.3703632,0.23995088,0.26729202,0.23832037,0.35677162,0.25945112,0.26320824,0.22620347,0.2994988,0.3351023,0.29415512,0.292474,0.328428,0.4007713,0.28932434,0.29111758,0.36794388,0.30735216,0.21662746,0.36457622,0.23210949,0.2761649,0.3315819,0.48103204,0.32742572,0.3616953,0.2536009,0.45328915,0.29487017,0.32453313,0.3149493,0.27164477,0.26517403,0.34235176,0.2861159,0.22571355,0.3299664,0.28766337,0.27634832,0.33625904,0.2999759,0.23293097,0.3374104,0.2750994,0.3002004,0.29317036,0.31082678,0.21777827,0.32031897,0.33553,0.3273877,0.34874094,0.23660506,0.28003553,0.23145065,0.29843214,0.371703,0.29725096,0.32445726,0.25075376,0.2799174,0.33255687,0.31134066,166
0.34956968,0.3708985,0.23718482,0.26983577,0.23911008,0.3546042,0.25657693,0.26156315,0.22689097,0.29670572,0.33807433,0.29525682,0.28793222,0.32860878,0.39983785,0.28948316,0.2884583,0.3681996,0.3074183,0.21551386,0.37110198,0.23017463,0.2770949,0.33083102,0.47617218,0.3258663,0.36622363,0.25751162,0.45438308,0.28985238,0.32174024,0.31332973,0.26853177,0.26452813,0.34013835,0.28117305,0.22303438,0.32884347,0.28587353,0.27373973,0.33755144,0.29565364,0.23584495,0.3341851,0.27247435,0.29870018,0.2932481,0.3113644,0.2149445,0.3193231,0.33401984,0.3260114,0.34345642,0.2345174,0.28395885,0.22738582,0.29812634,0.3712181,0.29482046,0.31798556,0.2511303,0.28237334,0.3339338,0.3098027,167
0.34755215,0.36993325,0.23125072,0.27166542,0.24201728,0.35277897,0.25280353,0.25964147,0.22837712,0.29450685,0.33876523,0.295025,0.2842473,0.32712966,0.40049568,0.2878592,0.28772324,0.36825556,0.30458614,0.2162039,0.37272418,0.22941598,0.2776092,0.33211455,0.47181463,0.32064635,0.36902684,0.25536162,0.45261478,0.28307834,0.3183485,0.31170785,0.26779887,0.26560804,0.3404552,0.27747682,0.22388943,0.3277998,0.28768978,0.27113846,0.33899763,0.29565564,0.23720099,0.33340594,0.26639438,0.29499447,0.293658,0.3090553,0.21544108,0.3195942,0.33096614,0.32626814,0.33766994,0.2324001,0.2848393,0.2261621,0.29703265,0.367379,0.29278457,0.31417528,0.24935718,0.28140578,0.33550566,0.3095369,168
0.34555936,0.3695979,0.22709121,0.27145296,0.24205686,0.35134628,0.24907792,0.25829673,0.23006958,0.29609963,0.3372949,0.29448405,0.28065065,0.32464018,0.4015573,0.28872108,0.29134464,0.37158936,0.30002335,0.21593535,0.3688172,0.22916716,0.27872443,0.33444878,0.46950826,0.31818345,0.37054425,0.2532371,0.45095906,0.2749332,0.31552717,0.31007007,0.2683589,0.26674765,0.34182972,0.27755743,0.22239366,0.32646644,0.28779155,0.2689248,0.34022626,0.29656947,0.23438098,0.3365269,0.26153713,0.29295254,0.2956037,0.30616617,0.21472628,0.32054478,0.32931453,0.32737452,0.33571813,0.23237878,0.28261358,0.22803989,0.2948667,0.3616199,0.28927347,0.3141148,0.24542513,0.28176177,0.33349302,0.310253,169
0.34922224,0.37022704,0.22511211,0.26795352,0.23775303,0.35044774,0.24716833,0.25732738,0.2309943,0.29662204,0.33586946,0.29161397,0.28062066,0.32064828,0.40163308,0.2870316,0.29441714,0.37697235,0.29352397,0.21381913,0.3602752,0.22907159,0.28095222,0.33457956,0.4711812,0.31941846,0.36970922,0.2592539,0.44903105,0.26922145,0.31595802,0.3024523,0.271623,0.2653219,0.3423748,0.28166884,0.21667172,0.3234419,0.28872323,0.2697292,0.33880356,0.29464474,0.2300101,0.33903113,0.25929525,0.29359028,0.2952095,0.305306,0.2115639,0.32367846,0.3324763,0.32577276,0.34041426,0.23368482,0.27806222,0.23593548,0.29229873,0.35561863,0.283226,0.31315106,0.24403426,0.28134415,0.32938248,0.30877215,170
0.356773,0.370596,0.22832838,0.27157548,0.236511,0.34872377,0.24488486,0.25816193,0.23082891,0.29463527,0.33438018,0.2910668,0.28239468,0.31807345,0.40100852,0.28379816,0.29473934,0.3829575,0.2881615,0.20981058,0.35486323,0.22620165,0.28659517,0.3309801,0.47335362,0.32442766,0.36842352,0.266002,0.45032206,0.26723704,0.31663564,0.30174643,0.27633816,0.26160818,0.34624124,0.2857064,0.20608309,0.32107267,0.28542686,0.27573222,0.33295187,0.29017487,0.22703071,0.33917162,0.2569571,0.29568464,0.29910845,0.3076989,0.21096113,0.32698122,0.33429644,0.3226497,0.34653455,0.23611307,0.27388412,0.23724459,0.29078454,0.3519654,0.27967557,0.31791916,0.2457364,0.27919897,0.3269627,0.30520535,171
0.36100405,0.37363815,0.23747526,0.2772019,0.24035531,0.34774718,0.24591728,0.25985214,0.2305251,0.29079428,0.33514884,0.29231673,0.2796123,0.31697506,0.3996629,0.28081203,0.29452705,0.38647273,0.28685883,0.21023881,0.35248405,0.22447181,0.2917055,0.32519066,0.47624338,0.3286769,0.3666808,0.27004242,0.45451984,0.26558772,0.31538263,0.30340356,0.2819773,0.2611695,0.35217255,0.28845173,0.20297834,0.3193912,0.28896365,0.28341842,0.33267432,0.288221,0.22699577,0.3369641,0.2542504,0.29653108,0.30007073,0.31119603,0.2153834,0.32978386,0.3350512,0.32468584,0.3527786,0.23747945,0.27200478,0.23376124,0.289437,0.34779358,0.28050548,0.32587877,0.2518752,0.27683124,0.32346642,0.30165112,172
0.35688072,0.37600428,0.24299587,0.28188485,0.2453432,0.34807605,0.2472628,0.26236016,0.2278651,0.2902123,0.33400628,0.29360005,0.27555442,0.31992134,0.40017763,0.27957344,0.29408836,0.38686633,0.2847757,0.2072618,0.3529716,0.22278494,0.29401663,0.32262677,0.4781868,0.32854393,0.36545414,0.2653472,0.45548356,0.2651074,0.3140864,0.30610454,0.28510702,0.26255894,0.3563715,0.28781378,0.2043911,0.31828383,0.29217756,0.28670633,0.33567357,0.29358593,0.22730216,0.33814672,0.2548418,0.29746997,0.29793552,0.31299266,0.21553558,0.32804808,0.33268395,0.3310594,0.35430345,0.24007615,0.26930785,0.23083876,0.29163152,0.3445176,0.2830304,0.33423468,0.25932273,0.2749812,0.32255667,0.29858822,173
0.35244128,0.3776287,0.2428542,0.28108987,0.24877004,0.3501288,0.24983343,0.26314408,0.22553775,0.2927732,0.33316502,0.29263023,0.27711135,0.32192007,0.40159264,0.27890068,0.29253212,0.3864146,0.28682563,0.20728342,0.35235503,0.224782,0.29033986,0.32620358,0.4799889,0.32556775,0.36309057,0.26079172,0.4548883,0.2703493,0.31659633,0.30470335,0.28505355,0.26713148,0.35606843,0.28928435,0.21019217,0.31836516,0.2991795,0.28548908,0.33451355,0.3017359,0.23099038,0.342568,0.26024938,0.3000634,0.29177704,0.31709638,0.21316564,0.32400337,0.3336569,0.33552724,0.35513508,0.24139354,0.26918733,0.2298458,0.2978715,0.34288955,0.2857323,0.33957338,0.26560396,0.27214384,0.32355335,0.29699513,174
0.34707668,0.3771563,0.24219622,0.27945703,0.24938135,0.35376754,0.25330487,0.26375583,0.22098804,0.30039087,0.33148625,0.28984645,0.28443998,0.32384053,0.4055616,0.28074804,0.29354215,0.38435286,0.28864148,0.20955558,0.35142696,0.22783719,0.2902782,0.33321998,0.48044792,0.32368776,0.36024842,0.25269422,0.4512744,0.27593663,0.32018983,0.306496,0.28407818,0.2708761,0.35432714,0.29048133,0.21263333,0.32157388,0.29960492,0.28383437,0.33552778,0.30790547,0.22952624,0.34694105,0.26851764,0.30246532,0.29287785,0.32095978,0.21519177,0.32154134,0.33083904,0.33940294,0.35606855,0.24159615,0.2676846,0.22879162,0.30478272,0.3450391,0.28798074,0.34418896,0.26766023,0.27420837,0.32994604,0.29770947,175
0.34415188,0.37576172,0.23689272,0.2754363,0.24556184,0.35833803,0.25875357,0.26527894,0.21809377,0.30165905,0.33065906,0.28566873,0.28994712,0.32490647,0.40707937,0.2817836,0.29631037,0.38273746,0.29184514,0.21352255,0.34971267,0.22868755,0.28518546,0.33506513,0.4798445,0.325807,0.35599008,0.24906671,0.44737986,0.28138915,0.32129434,0.31124374,0.28262115,0.26825002,0.351464,0.29010445,0.21641739,0.32557935,0.29789948,0.2798476,0.33802363,0.30645153,0.22508153,0.3460849,0.27193335,0.305576,0.296052,0.31970072,0.22089186,0.32007548,0.32988104,0.3387225,0.35540575,0.24074017,0.26832575,0.22984996,0.30458638,0.35187668,0.29109737,0.34493247,0.26801455,0.27539343,0.33321247,0.3000731,176
0.33903432,0.37347612,0.23197338,0.27571806,0.24223001,0.36246136,0.26390418,0.2695109,0.22135411,0.29999265,0.3294314,0.28178352,0.29315943,0.327217,0.40651315,0.28483433,0.30023184,0.38133135,0.29649532,0.21376015,0.35355523,0.22712974,0.27643004,0.3348232,0.48089692,0.32655323,0.35413343,0.2471033,0.44585314,0.2873263,0.32292432,0.31594005,0.2817595,0.26717165,0.34684458,0.28939623,0.22016457,0.32880753,0.29614547,0.27400815,0.33892053,0.304908,0.22696562,0.3423017,0.27037323,0.30800232,0.30205294,0.3131483,0.22326928,0.31685123,0.32930773,0.3397387,0.3536777,0.23847361,0.27278215,0.23115602,0.29993767,0.3603237,0.29377073,0.3415612,0.26344058,0.2792862,0.33706045,0.29915807,177
0.34191787,0.37182307,0.23522921,0.2774616,0.24101481,0.3633986,0.25848123,0.27101406,0.22560297,0.2982333,0.32921854,0.28564087,0.29739016,0.33143085,0.4064149,0.28222126,0.30222163,0.38169754,0.2999001,0.21393113,0.36161947,0.23051007,0.27565053,0.33688015,0.4816544,0.32962325,0.35510463,0.24805745,0.4476715,0.29026955,0.32180607,0.3149242,0.28009975,0.26424435,0.34374976,0.28943667,0.22435062,0.33072326,0.29228038,0.2738696,0.33433756,0.3045502,0.2283392,0.33862492,0.268935,0.30513272,0.30173066,0.3090549,0.21595833,0.31863675,0.33272833,0.33909693,0.35638312,0.23469871,0.27775988,0.23229913,0.29486752,0.36644053,0.29217413,0.33701172,0.25675339,0.28368297,0.34001732,0.29899728,178
0.3508412,0.36978096,0.23773818,0.2780488,0.24134885,0.36229587,0.25645402,0.26877186,0.22865637,0.3017156,0.32947227,0.2932053,0.30200207,0.333008,0.40630203,0.28462663,0.29629847,0.3799407,0.30357468,0.21258989,0.3710811,0.23206809,0.28143665,0.33747917,0.48037124,0.33294967,0.35640773,0.2534285,0.45189834,0.29205608,0.3187361,0.31547874,0.27901417,0.26462805,0.34074208,0.28548598,0.22420481,0.3308738,0.28694627,0.27671528,0.33286265,0.30356646,0.23215452,0.33519948,0.27021503,0.29789618,0.29976228,0.31315586,0.20916638,0.32407182,0.33705848,0.3393118,0.35734043,0.232227,0.2842158,0.23438963,0.29577568,0.37052882,0.29380828,0.33087063,0.25366396,0.28670502,0.34213263,0.2996406,179
0.35523385,0.36879545,0.23370221,0.27555472,0.24181888,0.35978097,0.2568022,0.26575553,0.22980982,0.30313286,0.32922703,0.2947157,0.29559463,0.32937023,0.40625745,0.2859486,0.29105154,0.37687474,0.3062392,0.21142116,0.37730783,0.23492612,0.28688002,0.3351823,0.47767186,0.32977936,0.3577674,0.2555873,0.45434728,0.28690735,0.31680617,0.3140749,0.27494872,0.2643231,0.33995837,0.27971074,0.2222577,0.3293716,0.2829605,0.27752635,0.33193576,0.29883155,0.23361963,0.33505827,0.2691974,0.2933993,0.30013263,0.31693617,0.20921142,0.32527035,0.33787286,0.3374714,0.35466775,0.23270145,0.29079914,0.22981083,0.2989017,0.37045693,0.29508093,0.32448235,0.25694773,0.28736833,0.33871302,0.30397752,180
0.35487157,0.3690689,0.22802779,0.27432036,0.24331278,0.3561899,0.25987428,0.26254553,0.23096947,0.30203727,0.3288359,0.2923487,0.2876193,0.32427374,0.40646687,0.2869031,0.29324716,0.3777179,0.30750388,0.20930853,0.3789443,0.23490931,0.29172125,0.33277676,0.4750979,0.32312167,0.36023155,0.25853005,0.4551642,0.28023747,0.31688434,0.31162173,0.27328545,0.26350132,0.3391969,0.27762967,0.22024295,0.32636747,0.28689405,0.27319673,0.33118463,0.29451436,0.23354457,0.33924422,0.26991132,0.292512,0.300406,0.31739053,0.21300428,0.32763946,0.33743617,0.3349334,0.34950554,0.23320177,0.2955825,0.22945832,0.3031898,0.36724135,0.29338092,0.31992522,0.26269504,0.29207265,0.33471695,0.30888236,181
0.3562106,0.36847296,0.23060118,0.27550617,0.24202415,0.35280457,0.25902945,0.2619277,0.2341991,0.29561248,0.32800567,0.2924004,0.28181368,0.31949502,0.4075042,0.2828675,0.29738545,0.38123724,0.30414107,0.21089555,0.37427703,0.23106979,0.2929149,0.33056366,0.4730262,0.3193139,0.36194438,0.2589286,0.45294642,0.27190295,0.31818354,0.30857486,0.27551064,0.2621358,0.3414651,0.2787444,0.21664341,0.32493338,0.28971937,0.27502567,0.32995227,0.29546008,0.2317913,0.3423755,0.2702423,0.29321584,0.30416548,0.313373,0.21504286,0.33123878,0.33753276,0.33278024,0.34989664,0.23316643,0.2987227,0.23301716,0.30044946,0.36203584,0.28929755,0.32207382,0.26256347,0.2990949,0.3320015,0.31185478,182
0.35899967,0.36925986,0.2365182,0.28224543,0.24147528,0.34967554,0.25651762,0.26508695,0.2349404,0.29085034,0.32811025,0.2937361,0.28004044,0.31471732,0.40724266,0.2812358,0.30314738,0.38476068,0.29755685,0.21234393,0.3619093,0.23208,0.2981704,0.32746813,0.4732842,0.3205523,0.36294445,0.26104844,0.4503634,0.26621237,0.3196147,0.30170918,0.27887195,0.25869334,0.34594965,0.2851585,0.2103686,0.32381153,0.29261905,0.28051317,0.3302244,0.29831305,0.22781351,0.33781824,0.26819775,0.29854748,0.3031995,0.31014967,0.21444555,0.33678854,0.33521393,0.3318087,0.3547299,0.23203023,0.29390612,0.23587972,0.2923882,0.35872623,0.28501025,0.3222238,0.2592581,0.30029556,0.3282606,0.31152526,183
0.35885465,0.36906978,0.23874472,0.28772002,0.24094027,0.34851885,0.25390467,0.26600116,0.23527063,0.2932363,0.32856226,0.29472366,0.28143454,0.31331536,0.40587106,0.28517422,0.3064608,0.38603532,0.2923903,0.2103483,0.351086,0.23124719,0.30427793,0.32530063,0.47425112,0.3243572,0.3611282,0.26302424,0.44943675,0.26799604,0.31699792,0.30062383,0.28022164,0.25805214,0.35173377,0.28770778,0.20961162,0.324648,0.29276252,0.28454787,0.33096105,0.29914474,0.22701544,0.33302182,0.2651562,0.3017812,0.30555665,0.30775094,0.21495079,0.3418827,0.33505315,0.33331528,0.35789332,0.23331544,0.2856653,0.237576,0.2887461,0.3579543,0.28410232,0.3259774,0.25772262,0.2927258,0.3304465,0.30907965,184
0.3597068,0.36880347,0.23553643,0.28722057,0.24156012,0.3501334,0.25288644,0.26601088,0.23644379,0.29699054,0.32731324,0.2951169,0.28404063,0.31583333,0.4036128,0.29037172,0.30301797,0.38500682,0.29115152,0.20593889,0.35013217,0.23099259,0.30647323,0.3258122,0.47590798,0.32247135,0.36011374,0.26355648,0.4501924,0.27470276,0.3130265,0.2996479,0.2817028,0.2607692,0.35621476,0.28897744,0.21018071,0.3254075,0.2910519,0.28861928,0.3307472,0.29935193,0.23030676,0.337114,0.26492718,0.30090111,0.30443352,0.30578107,0.2134859,0.3422619,0.33516422,0.3359535,0.35994092,0.23664168,0.27825257,0.23642215,0.29110715,0.35806316,0.28364718,0.33035585,0.25976795,0.2839667,0.3324724,0.30276257,185
0.35748127,0.36911225,0.23169185,0.28073564,0.24499445,0.35382655,0.2559284,0.26330292,0.23311159,0.3006901,0.3263681,0.2950923,0.28397408,0.31903,0.40476552,0.2927995,0.3016226,0.3823925,0.2915626,0.20256472,0.3574932,0.23304899,0.30644608,0.328018,0.47516832,0.3162111,0.3581823,0.2597245,0.45121092,0.2777314,0.31174412,0.30180356,0.2815082,0.26252177,0.357474,0.28983828,0.21463238,0.32576057,0.29670233,0.28826636,0.33080387,0.2995369,0.23308095,0.34331483,0.26594192,0.30463377,0.29933786,0.30845046,0.21034834,0.3383458,0.32984018,0.33858743,0.35877797,0.23947136,0.27182114,0.2357404,0.2997927,0.35775024,0.28656703,0.33319858,0.26327896,0.27949515,0.3326316,0.2958911,186
0.3516964,0.36855796,0.23500654,0.27961016,0.24892643,0.35641134,0.2618683,0.26110372,0.22805305,0.29948032,0.32789356,0.29722953,0.28315124,0.32132617,0.40801314,0.28873146,0.30197424,0.38183767,0.29421392,0.20437288,0.36169058,0.23682925,0.30082393,0.33301774,0.47294444,0.3168132,0.3560749,0.25457913,0.45248964,0.28013995,0.31389177,0.3072921,0.28010753,0.26312175,0.35803232,0.29195756,0.22154538,0.32720357,0.30891997,0.2856524,0.33088252,0.29833165,0.23265485,0.34520838,0.26767042,0.31273186,0.2991546,0.31629825,0.21223505,0.33322904,0.32469,0.33898875,0.3555624,0.24168177,0.27021018,0.23528528,0.30329147,0.356636,0.2910919,0.33608112,0.26627508,0.27922866,0.33276638,0.29165548,187
0.34334275,0.366203,0.23891747,0.28191403,0.24834564,0.3602509,0.26590848,0.26152036,0.22597592,0.29929677,0.32826746,0.29859352,0.28466228,0.3258251,0.41131166,0.2892004,0.3011258,0.38324797,0.29892263,0.20869069,0.36257398,0.23500548,0.29449856,0.33798128,0.47233203,0.32716632,0.35540202,0.24800867,0.45229894,0.2812812,0.31471643,0.30989072,0.28053966,0.26799354,0.35784435,0.29227793,0.22179385,0.32930133,0.30834106,0.28369188,0.33821315,0.29869568,0.23051953,0.3459459,0.26459324,0.31772906,0.30592197,0.31885174,0.21848087,0.32659286,0.32638964,0.3412943,0.35509565,0.24369206,0.2732609,0.23600934,0.30332196,0.35578156,0.29087865,0.34038135,0.26780754,0.2797329,0.33857894,0.2909732,188
0.34052387,0.36664483,0.23548011,0.2782413,0.24698871,0.36355558,0.27058253,0.2643824,0.2294017,0.30102783,0.329032,0.29566973,0.28972718,0.32881612,0.40993518,0.28874978,0.3022935,0.38640422,0.30624938,0.21305685,0.365103,0.2339035,0.28883526,0.3415522,0.47341374,0.3338738,0.35364044,0.24780095,0.45438427,0.28473014,0.31671625,0.30827624,0.27970374,0.27171603,0.35398036,0.29320243,0.22060363,0.33057767,0.30586985,0.27971813,0.34290284,0.29870725,0.23088081,0.34342903,0.26255897,0.318731,0.3063124,0.315478,0.21998745,0.32053876,0.33360448,0.34557375,0.35654706,0.24336837,0.27950594,0.2395377,0.30408135,0.35632727,0.28713927,0.34123334,0.26909688,0.28222507,0.3413676,0.2921209,189
0.34088054,0.36655802,0.22856677,0.27446944,0.24769625,0.36525324,0.27150732,0.26665157,0.2316813,0.2962423,0.32876945,0.2898677,0.29340902,0.3311617,0.4093553,0.28590786,0.30121106,0.38678572,0.3108336,0.21237017,0.37089095,0.23552614,0.2829716,0.3427425,0.47463113,0.33115637,0.35648432,0.24828014,0.4563044,0.2869714,0.32150614,0.30860138,0.27862576,0.27222383,0.34891224,0.29340556,0.21933417,0.32959506,0.30231535,0.27252537,0.34066013,0.298506,0.23074728,0.33748442,0.26171306,0.31972373,0.30165234,0.31115898,0.21637982,0.31656832,0.33692247,0.34995604,0.3549366,0.24135457,0.28309903,0.24208163,0.30088907,0.356831,0.2863951,0.3361511,0.26926914,0.2844803,0.34244686,0.29385123,190
0.3424266,0.36555827,0.22724023,0.27837625,0.2496999,0.3643445,0.262121,0.26730603,0.23512809,0.2931491,0.33026662,0.29406354,0.29429913,0.33169553,0.4086283,0.27912113,0.29608095,0.38886333,0.30898836,0.2143786,0.37763095,0.23578255,0.2755805,0.3455139,0.47484806,0.3343015,0.35897574,0.24952045,0.45784283,0.2913984,0.32771072,0.3090165,0.27612802,0.27236578,0.34782645,0.2944151,0.221204,0.32812548,0.29914737,0.26695043,0.33460224,0.30218506,0.23126511,0.33364382,0.25786465,0.31718144,0.29751283,0.30846676,0.21602848,0.31248444,0.34153005,0.3492012,0.35435823,0.23796381,0.28541747,0.23967524,0.29698512,0.35728323,0.2885935,0.3289775,0.264122,0.28407386,0.34677824,0.29745275,191
0.34508952,0.36483672,0.22845696,0.2805492,0.2496708,0.3607168,0.2526756,0.26585484,0.2356488,0.2985766,0.3326193,0.3027749,0.29312485,0.33022368,0.40770254,0.28151935,0.29071352,0.3880406,0.30284414,0.21719436,0.38126093,0.23815481,0.27854714,0.34731397,0.47436702,0.34014216,0.36011872,0.25256598,0.45885277,0.29330757,0.32921627,0.31171384,0.273745,0.2712322,0.3521949,0.29296893,0.22234096,0.32581326,0.29215384,0.27071065,0.33255455,0.3087637,0.23024261,0.33227658,0.25612274,0.30692405,0.29547843,0.30797103,0.21347265,0.31462213,0.34243083,0.35125002,0.35460573,0.23884073,0.28625655,0.23534048,0.2990939,0.35862827,0.2905961,0.32318082,0.2570392,0.28348914,0.34594893,0.3008825,192
0.3505215,0.36341786,0.22556251,0.27424094,0.24757892,0.35672215,0.25025865,0.2599189,0.23645878,0.31014392,0.33265033,0.30403414,0.29406774,0.32797566,0.41027758,0.28927636,0.28909808,0.38538057,0.29896298,0.21792553,0.381948,0.2376078,0.28731436,0.34669828,0.4738366,0.34007564,0.36093485,0.2563562,0.4585019,0.29183564,0.32742906,0.31208715,0.2718015,0.2704491,0.35341808,0.28970137,0.22019698,0.3250285,0.28100437,0.27549985,0.33339754,0.3114241,0.23018017,0.3313113,0.25935712,0.29469213,0.29553828,0.3059552,0.21012905,0.32097054,0.34363487,0.35405108,0.35132083,0.24126402,0.29025963,0.23469621,0.3089072,0.3604205,0.29118782,0.31997946,0.25188997,0.28479823,0.34388384,0.30351928,193
0.35071164,0.3632934,0.22369438,0.2688461,0.24645932,0.35327032,0.25284654,0.25828573,0.23738202,0.30882844,0.3308429,0.2980791,0.28916216,0.32361847,0.41257918,0.2902552,0.2913614,0.38542336,0.3019999,0.21758053,0.3806799,0.23747742,0.29052982,0.3378941,0.47359014,0.3304205,0.36220118,0.256935,0.45781764,0.2871906,0.32443488,0.3123554,0.27249223,0.262348,0.35322478,0.28859022,0.21682602,0.32490563,0.2746069,0.2833402,0.32919014,0.30704495,0.23272637,0.33049423,0.26075318,0.2879909,0.2986831,0.30284497,0.21100922,0.3274933,0.3368786,0.35156253,0.34756637,0.24124289,0.29369998,0.23224823,0.3109597,0.36206317,0.29158103,0.32038075,0.24937804,0.2918871,0.33741832,0.3041845,194
0.34827438,0.36580268,0.22625409,0.26862964,0.24505216,0.35024536,0.2543322,0.26096252,0.23598222,0.29907,0.32808542,0.28902194,0.27884942,0.31718943,0.41409722,0.28717285,0.296974,0.38546398,0.30271232,0.21756753,0.3771635,0.23872057,0.2940736,0.32953784,0.4719289,0.31981227,0.3657603,0.25828025,0.45842516,0.28039324,0.32347584,0.31240305,0.27314425,0.25389478,0.35299474,0.291238,0.2162003,0.3266242,0.27545723,0.28691095,0.32571453,0.29820332,0.23437235,0.32917857,0.25675952,0.28861496,0.3049885,0.3016266,0.21702632,0.33292627,0.3295914,0.34797078,0.34338188,0.23930249,0.2936784,0.2273868,0.30802742,0.3626671,0.29110703,0.32221156,0.24821523,0.29759797,0.33408773,0.30418688,195
0.34773904,0.36840886,0.23263946,0.27850112,0.24743344,0.34814432,0.25504485,0.26539576,0.23543231,0.29180798,0.32567206,0.28235066,0.27106312,0.31157926,0.41370627,0.27937412,0.30412108,0.39017588,0.2994733,0.21419631,0.37342733,0.2396987,0.3017854,0.32437116,0.47268313,0.31491548,0.36674333,0.2594716,0.45796198,0.27672777,0.32308528,0.30871964,0.27651867,0.25389516,0.35467908,0.29717803,0.21779619,0.32720956,0.28084892,0.2870938,0.32501718,0.29415193,0.23377576,0.33242628,0.25223988,0.295467,0.3038253,0.30542338,0.22140871,0.33847296,0.32730973,0.34691143,0.34268883,0.23791507,0.2895071,0.22478423,0.30596268,0.36165446,0.28836107,0.32573396,0.2505292,0.2987647,0.33287734,0.3041072,196
0.35042426,0.37215668,0.23460443,0.2868255,0.24791026,0.34840655,0.2555254,0.26703194,0.23962969,0.2920634,0.32589018,0.28142175,0.27106556,0.31063473,0.4123674,0.2761074,0.3072507,0.39523426,0.29679245,0.2104589,0.37107965,0.24091113,0.3060363,0.32624683,0.477375,0.31380314,0.3658604,0.25920412,0.45669082,0.2785324,0.31971338,0.3034517,0.28049758,0.2616973,0.35646358,0.3062626,0.21873681,0.32815632,0.28965405,0.287781,0.32470796,0.29569155,0.2338448,0.3400263,0.25356415,0.3026977,0.29837635,0.31258968,0.21788271,0.33992442,0.33090243,0.34640354,0.349623,0.2383334,0.28544676,0.22660269,0.3062941,0.36119667,0.28599894,0.3297504,0.25695187,0.29398453,0.33428714,0.30363598,197
0.353642,0.37378493,0.23409665,0.28936052,0.24852052,0.35022187,0.2572672,0.26649305,0.24252012,0.29190436,0.32689497,0.2852575,0.27734607,0.31268775,0.40966123,0.27421135,0.3085197,0.3970725,0.2953489,0.20813294,0.36758304,0.23813358,0.30064553,0.33256522,0.48130548,0.31660944,0.36165765,0.25795564,0.45444646,0.2815364,0.31295985,0.3049897,0.28299657,0.27026385,0.35673088,0.30880058,0.2202603,0.32989192,0.29766297,0.28810403,0.32254428,0.30193016,0.23347816,0.34531143,0.25958306,0.30784333,0.29346025,0.3173054,0.21317546,0.33613977,0.33690223,0.34508544,0.3569513,0.24116062,0.28217906,0.23267995,0.30556318,0.35912105,0.28783366,0.3335531,0.26393518,0.2876029,0.33404547,0.30202407,198
0.35258195,0.3725433,0.23099725,0.28805622,0.24744551,0.35319412,0.25709087,0.26539174,0.24046399,0.29342797,0.32859197,0.2896272,0.2838511,0.31850353,0.4101986,0.27530548,0.31137577,0.3952319,0.29444852,0.20550618,0.3647834,0.23875594,0.29477406,0.34002802,0.4814166,0.318924,0.36095423,0.2554869,0.4533635,0.28546205,0.31099686,0.31323186,0.28337714,0.26983905,0.35746026,0.30776823,0.22207494,0.33391786,0.30521646,0.28573063,0.32586518,0.30282882,0.23484516,0.34523353,0.26243916,0.31267613,0.3006451,0.31885973,0.2107763,0.33232826,0.33625612,0.3430351,0.3600122,0.24496639,0.27906966,0.23620482,0.3041667,0.3568324,0.29309216,0.33517078,0.26781464,0.28248185,0.3369164,0.29983065,199
0.3478667,0.36983502,0.22980587,0.28478467,0.24631393,0.35594615,0.25556144,0.26431477,0.23847488,0.29731047,0.3290314,0.2935512,0.28861275,0.32620904,0.41181803,0.27963984,0.3138676,0.39477208,0.29325747,0.2057695,0.36561313,0.24033825,0.29117233,0.34552425,0.48102587,0.32201347,0.361374,0.25138623,0.45353857,0.29035592,0.31298622,0.32153746,0.28220886,0.27191332,0.35864994,0.30807695,0.22402236,0.33650747,0.3069897,0.28285155,0.33394703,0.30255547,0.2378262,0.3421597,0.26181313,0.3170208,0.3085729,0.31642288,0.2108987,0.32916436,0.3332615,0.34341243,0.360737,0.24729711,0.27674386,0.23792377,0.3043295,0.35662782,0.2980865,0.33390954,0.26386398,0.28075695,0.34243745,0.29746035,200
0.3452065,0.36829337,0.2265904,0.28319904,0.2419937,0.35824293,0.25764078,0.26310068,0.23745693,0.3046303,0.32871234,0.29403558,0.29321298,0.33251062,0.4137471,0.29011974,0.3173911,0.3963609,0.2976009,0.20717616,0.37132344,0.24382746,0.29338935,0.34882882,0.48145235,0.326422,0.36135158,0.2517679,0.45493886,0.2961264,0.31443256,0.32289582,0.28010833,0.27964687,0.35718215,0.30876017,0.22559822,0.33488265,0.30352274,0.28213274,0.34053388,0.2984281,0.23891205,0.33695117,0.26240742,0.31683815,0.3097318,0.314183,0.21160811,0.33134907,0.3359823,0.34847873,0.36118546,0.249432,0.27497825,0.24258469,0.30660906,0.35724384,0.2967738,0.33299237,0.25881314,0.27877876,0.3491109,0.29448962,201
0.34508926,0.36821267,0.22798786,0.28470105,0.23864318,0.35997525,0.26244053,0.26217318,0.23534139,0.3072725,0.32894373,0.29100114,0.2949561,0.33584875,0.41495612,0.29338944,0.31620923,0.3962855,0.30329084,0.2080178,0.3818802,0.2451647,0.29506445,0.3484802,0.48296672,0.32671198,0.35987562,0.25269967,0.45798224,0.29898313,0.3172448,0.31992435,0.27745405,0.2789735,0.35258013,0.3097489,0.22991511,0.33131802,0.30273002,0.28051624,0.34017423,0.2913755,0.23768294,0.33144695,0.26515228,0.3148803,0.30393827,0.31264594,0.21504791,0.334054,0.33834353,0.34843916,0.36136842,0.24957503,0.27612412,0.24388666,0.3078888,0.35866284,0.29522222,0.33350545,0.25664967,0.28033593,0.3501688,0.2928696,202
0.34414035,0.3687896,0.2281667,0.28724247,0.23779704,0.36156815,0.2674497,0.2634663,0.2337575,0.3008541,0.3301229,0.2894646,0.29552826,0.33694613,0.4149288,0.29013857,0.3104083,0.3953729,0.30431727,0.2120264,0.39247292,0.24311526,0.28837815,0.34426358,0.48509514,0.3275576,0.36159828,0.25386065,0.46211064,0.29680702,0.32427838,0.31319952,0.2777015,0.2713558,0.34944034,0.31109565,0.23171273,0.32710952,0.3027352,0.27805483,0.33998778,0.28833854,0.23660693,0.33098093,0.26298404,0.3132041,0.29941398,0.3132398,0.22065352,0.32955375,0.33712128,0.34512195,0.36257118,0.24921179,0.27924475,0.24035229,0.3059286,0.3592799,0.29198524,0.33401772,0.25699162,0.28125787,0.3479261,0.29386556,203
0.34146565,0.36773604,0.22915985,0.2863786,0.23793903,0.36330417,0.26797044,0.26435417,0.23473765,0.2963397,0.33143076,0.29394558,0.29394767,0.33578068,0.41393733,0.28736332,0.3046046,0.3955275,0.30165055,0.21837617,0.39827573,0.23916304,0.2822997,0.34046397,0.4869687,0.33105883,0.3640735,0.25295842,0.46524516,0.29326415,0.32930258,0.31169584,0.2784995,0.26953524,0.3484675,0.30922365,0.23013361,0.32345042,0.30258986,0.27992967,0.3396453,0.29138204,0.23308139,0.33255365,0.25851697,0.31188828,0.2949878,0.3121418,0.2215394,0.32330602,0.33879018,0.34442297,0.36511233,0.24862163,0.28529924,0.23910515,0.3049677,0.3589616,0.29045936,0.3314915,0.25881395,0.2815692,0.3469885,0.29629293,204
0.34219283,0.36707705,0.23277515,0.28721616,0.24126913,0.36472064,0.26466036,0.26563716,0.23838672,0.29737017,0.33233604,0.29883403,0.29202774,0.33279237,0.41331846,0.28892437,0.3039107,0.3956118,0.30048016,0.22381471,0.3956579,0.2395682,0.28362477,0.342934,0.48782766,0.33380532,0.36493465,0.25558773,0.464291,0.29211968,0.32764786,0.3113013,0.27971196,0.2764674,0.3497168,0.30791393,0.22850028,0.32086024,0.29950902,0.28340045,0.33848423,0.2993469,0.23319401,0.32992613,0.25824615,0.30953586,0.29227504,0.30880824,0.21929272,0.32421547,0.3415243,0.34649858,0.36696345,0.24803473,0.28941268,0.24263804,0.30333915,0.35726517,0.2921968,0.32741266,0.25654462,0.28635386,0.34785601,0.2986926,205
0.34693787,0.36617044,0.23968978,0.28760302,0.24191284,0.36494315,0.26192343,0.26671588,0.23920865,0.30217025,0.33012825,0.30056453,0.29235557,0.32926998,0.41434106,0.29211897,0.3041772,0.39644367,0.3017489,0.22345603,0.3906368,0.23846667,0.28999054,0.3441637,0.4873463,0.33725598,0.36610135,0.25768548,0.46136683,0.2901029,0.324261,0.315133,0.28124982,0.27864355,0.34860328,0.30573803,0.22518162,0.31892434,0.2939333,0.29074,0.3350167,0.3024737,0.23363605,0.32691738,0.26106924,0.30036753,0.2933417,0.30739862,0.21933025,0.33013278,0.34035274,0.34621304,0.3673656,0.24547648,0.28978187,0.24087556,0.3024595,0.3566448,0.29610386,0.32599628,0.2528461,0.28899038,0.3467696,0.2991071,206
0.35032508,0.3665665,0.23796357,0.28360316,0.24041283,0.36440176,0.2591419,0.2678979,0.2406888,0.30395773,0.32622787,0.29459628,0.29094455,0.32356784,0.41487736,0.28979215,0.30113405,0.3948248,0.30273944,0.22161146,0.3897269,0.23480807,0.29098934,0.342355,0.48724842,0.3350036,0.36638218,0.25986847,0.4611362,0.28860837,0.32336456,0.31736392,0.28239015,0.27629843,0.34649333,0.30345562,0.22037238,0.3209359,0.28612188,0.29402113,0.33052418,0.29752433,0.23416477,0.3289129,0.26296976,0.2923886,0.2987109,0.30700302,0.22113968,0.3323407,0.3390403,0.34245598,0.36641344,0.24195647,0.28857097,0.23776634,0.30307737,0.35578173,0.29768145,0.3259582,0.25132656,0.28799754,0.34434184,0.29889774,207
0.35292196,0.36932838,0.23911667,0.28187665,0.24308923,0.36235774,0.25666428,0.26663667,0.24263613,0.29965279,0.3228545,0.28790548,0.28504935,0.31749776,0.4133849,0.28398457,0.2988858,0.3962212,0.29841968,0.2188306,0.3899127,0.23196289,0.29238626,0.336474,0.48763058,0.32942525,0.36663234,0.2616315,0.46345943,0.2844326,0.32400113,0.3181356,0.28430077,0.27089426,0.3458703,0.30357006,0.22114438,0.32153255,0.28871498,0.2953981,0.3247388,0.2900749,0.23237751,0.33577472,0.2596696,0.29149327,0.3013679,0.31015638,0.22424203,0.33247235,0.33903185,0.3385462,0.36587682,0.24005985,0.28471857,0.23427105,0.3034789,0.35361424,0.29694358,0.32617244,0.25267488,0.2867983,0.339846,0.29870626,208
0.3553767,0.37298307,0.24400592,0.2882756,0.24678141,0.36094886,0.25724587,0.26778707,0.24460283,0.2921468,0.32226765,0.2864569,0.27920097,0.3141943,0.40981832,0.2751986,0.29857245,0.39988846,0.2961575,0.21364765,0.38642046,0.23036598,0.29433993,0.33368045,0.490537,0.32509613,0.36583742,0.2621739,0.4651668,0.28329712,0.32164556,0.31589344,0.28715897,0.2701726,0.34850654,0.30643672,0.21906114,0.32345885,0.29020807,0.29510573,0.32077453,0.2897043,0.23226067,0.33750376,0.2559701,0.2960178,0.30070534,0.3141596,0.2237982,0.33133307,0.3408877,0.33554277,0.36618826,0.23962328,0.28605795,0.23389687,0.30255735,0.35156617,0.29578835,0.3285509,0.2547203,0.29318783,0.33680448,0.2994295,209
0.3603843,0.3749352,0.2464581,0.29657835,0.25101492,0.35933283,0.25878766,0.27197754,0.24689947,0.29029822,0.32308438,0.2908902,0.2826182,0.3136724,0.4080075,0.26978204,0.30090725,0.40201208,0.29746765,0.21017283,0.37845445,0.23260947,0.29890078,0.3354951,0.49320427,0.32697362,0.36305058,0.26176035,0.46574754,0.28591993,0.31902605,0.31691632,0.28951198,0.26785097,0.35438356,0.30949646,0.21760193,0.32650465,0.2944309,0.29544136,0.32349655,0.29908195,0.23273148,0.33762953,0.25581414,0.3015475,0.2997611,0.31665203,0.22061712,0.33542353,0.3437556,0.3358374,0.36871618,0.23967479,0.2857657,0.23702484,0.29877198,0.34990844,0.29693267,0.3334539,0.2581726,0.296603,0.33526427,0.30076724,210
0.36203256,0.37683243,0.23982494,0.29945356,0.25163144,0.35848477,0.2577654,0.27317327,0.24682483,0.29300037,0.32435966,0.29453224,0.2870921,0.3155195,0.40711823,0.27116147,0.30071115,0.39981282,0.2993108,0.20987272,0.3721711,0.23182344,0.29643947,0.33630222,0.49422628,0.32778263,0.36318517,0.25956836,0.46351352,0.28737766,0.31928682,0.31959134,0.2896274,0.26642725,0.35785696,0.3089106,0.21544883,0.33036265,0.29819334,0.29761097,0.3285083,0.30744022,0.23387176,0.341894,0.26012993,0.3050318,0.3020341,0.3177718,0.21703565,0.3340847,0.34337202,0.33721012,0.37229836,0.24180189,0.28324327,0.23955433,0.2963277,0.34911767,0.3002403,0.33780852,0.26180142,0.2877692,0.3338005,0.30169472,211
0.36104384,0.3781897,0.2317763,0.2916783,0.2527613,0.3587803,0.2598892,0.26978433,0.2462697,0.29884264,0.32585832,0.29523084,0.29149318,0.31988603,0.40840188,0.27880955,0.29707304,0.39553222,0.30189404,0.20990731,0.37040856,0.23391762,0.29411048,0.3377142,0.49366286,0.32520685,0.36309886,0.25808772,0.4621924,0.29160783,0.31818697,0.3239785,0.28686994,0.2710653,0.35858184,0.30757403,0.21512945,0.33160678,0.2984656,0.29563725,0.3344486,0.30973357,0.23437639,0.3455318,0.26729578,0.30716196,0.304548,0.31714165,0.21419196,0.33248,0.34422064,0.34358853,0.3730582,0.24659656,0.27972403,0.2428894,0.29909077,0.34886277,0.30537722,0.3403143,0.26307932,0.2784958,0.33392507,0.30128095,212
0.35737652,0.37594926,0.23162615,0.28455836,0.2529552,0.35960037,0.26201525,0.26788306,0.24488634,0.30252105,0.3263532,0.29555225,0.29751736,0.3253074,0.41149932,0.2837996,0.29918352,0.39442962,0.30476686,0.21122722,0.37194055,0.2362799,0.29156005,0.34246877,0.493445,0.32237604,0.36216158,0.25326553,0.46134153,0.29763198,0.31876522,0.3290869,0.28400534,0.27341288,0.35888267,0.308935,0.22330715,0.3323527,0.30015552,0.29159182,0.33731398,0.3075859,0.23511149,0.34298766,0.27277032,0.3113927,0.30978552,0.31329462,0.21722856,0.32988968,0.3428544,0.34751633,0.37320006,0.24911669,0.27784404,0.24486096,0.30149236,0.3512538,0.3112685,0.3435693,0.26204848,0.28100997,0.3413097,0.2999166,213
0.35276377,0.37112054,0.23264858,0.28080145,0.24965835,0.36157367,0.2631329,0.26713252,0.24064258,0.30555072,0.3264458,0.29451644,0.30353427,0.33077696,0.4137024,0.28590527,0.3051609,0.39182973,0.3034941,0.21247652,0.37664896,0.23789373,0.28972867,0.3452618,0.49220508,0.32477638,0.35861135,0.2494909,0.46020496,0.3018512,0.32098654,0.33186764,0.28102577,0.2740534,0.3585661,0.30918118,0.2316394,0.33157435,0.30119947,0.2847981,0.3422611,0.30714867,0.23450838,0.33486003,0.27468675,0.31489283,0.30995286,0.30727026,0.22328784,0.3298049,0.3412025,0.35316354,0.37277788,0.24805823,0.2754866,0.24622673,0.3045189,0.35664794,0.31156558,0.3407049,0.25733376,0.28388938,0.3490987,0.2998588,214
0.34973338,0.3675196,0.23196644,0.2801983,0.24433649,0.3627177,0.2662425,0.2670269,0.23859994,0.3074126,0.32697248,0.29569012,0.30660656,0.33357474,0.41391286,0.2878263,0.30728227,0.39126423,0.3055123,0.21499845,0.3836485,0.232284,0.2823559,0.34462476,0.4905832,0.3297557,0.3574389,0.2488307,0.46108952,0.30292398,0.32355657,0.33068368,0.27867693,0.27117154,0.35262293,0.30702415,0.23741704,0.33000296,0.30150843,0.2762802,0.34168473,0.30516556,0.23377863,0.33393455,0.27183497,0.31439927,0.30606264,0.30454767,0.22384572,0.3257452,0.34243768,0.3540319,0.37124842,0.24574688,0.27916133,0.2446841,0.30847433,0.36134174,0.30757108,0.33519027,0.25326836,0.2851677,0.35089186,0.30123273,215
0.34899238,0.36703613,0.23335671,0.2804042,0.24087834,0.36288017,0.26608983,0.265241,0.2393615,0.30601925,0.32819745,0.30083296,0.3037485,0.33447826,0.4129852,0.2880042,0.3079962,0.39199924,0.30607456,0.21713646,0.39267406,0.23155628,0.27814534,0.34192777,0.4884279,0.3328908,0.35941896,0.25089547,0.4619666,0.30286753,0.32445192,0.32875806,0.2773432,0.27128628,0.3485263,0.30530044,0.23743765,0.32684204,0.30080062,0.27289924,0.34019384,0.30478245,0.23413272,0.33545944,0.26891026,0.3148453,0.30216226,0.3041588,0.22077027,0.3228538,0.34491625,0.3545974,0.36954957,0.24247585,0.28514802,0.24105181,0.3132717,0.3626796,0.30377367,0.32847542,0.25224432,0.2910836,0.34887764,0.30388263,216
0.34931183,0.36739495,0.23462637,0.28129643,0.23915565,0.36207256,0.26162657,0.26411593,0.23972623,0.30191353,0.33004466,0.3028062,0.2969397,0.3336396,0.4119492,0.28756332,0.30899,0.39121264,0.3047291,0.21545224,0.39638504,0.23549207,0.27718967,0.3406568,0.48581904,0.33217123,0.36361092,0.25346798,0.4631658,0.2982112,0.32450357,0.32624844,0.27553138,0.27220306,0.3463776,0.3048057,0.23631862,0.32293275,0.2988596,0.27327305,0.33892727,0.30157492,0.2349901,0.3328428,0.2669449,0.31509578,0.30073068,0.30325747,0.21726799,0.32357925,0.3439352,0.3535718,0.3667836,0.24055037,0.29211026,0.23724069,0.3126709,0.36064178,0.30168965,0.32219264,0.24963795,0.29966483,0.34846416,0.30608377,217
0.34798312,0.3667253,0.23506427,0.2893931,0.24106102,0.36119792,0.25608587,0.26392385,0.23956867,0.30099675,0.3300701,0.302785,0.29173642,0.33090827,0.41248167,0.28539094,0.31213072,0.38922116,0.30178905,0.21579364,0.39480567,0.24012423,0.28056425,0.34166098,0.483445,0.32983038,0.36482435,0.25230026,0.46318987,0.29331225,0.32341984,0.32239488,0.27512208,0.27290517,0.3472932,0.30533004,0.2338979,0.32070237,0.29942632,0.27352637,0.34037325,0.29954258,0.23463735,0.33022484,0.2653409,0.3103414,0.29831365,0.30278236,0.21702625,0.32650644,0.34040278,0.35232294,0.36321458,0.23895873,0.29613525,0.23470998,0.31067938,0.3573366,0.30121565,0.31769958,0.24538843,0.30287045,0.34826684,0.30626357,218
0.34857082,0.3667641,0.23470858,0.29628623,0.2404767,0.3593356,0.25073618,0.26514664,0.24187277,0.30258742,0.32827723,0.30026898,0.28863597,0.32641944,0.4137429,0.28682536,0.31312636,0.3899836,0.29986364,0.21626438,0.3938707,0.23802626,0.28921106,0.33798787,0.48148125,0.330817,0.3667098,0.251414,0.4646596,0.28727752,0.32172814,0.31885105,0.27447248,0.2686724,0.34740403,0.30468178,0.22863993,0.3206204,0.29591596,0.2744212,0.34107107,0.29644644,0.23187488,0.33150527,0.26472676,0.29917794,0.29803115,0.3053855,0.21872571,0.33009905,0.3376021,0.35155886,0.35923183,0.23662327,0.29701522,0.23163146,0.30755466,0.35453606,0.29940927,0.3187932,0.2430933,0.30124906,0.34526876,0.3049813,219
0.34961903,0.36912954,0.2323296,0.2944533,0.23840441,0.3576953,0.24798892,0.26521248,0.24656962,0.29878008,0.32770756,0.29501945,0.28534633,0.3202724,0.41283065,0.28638193,0.3096112,0.3919916,0.29732272,0.21861492,0.39615536,0.23288138,0.2954696,0.32767636,0.482025,0.3282214,0.36570355,0.2557113,0.46566856,0.27976942,0.32125005,0.31080186,0.27571306,0.2668797,0.34570518,0.3054243,0.22248733,0.32005984,0.29331324,0.27942854,0.33911783,0.29007974,0.22785883,0.3360411,0.26326075,0.29105276,0.29433623,0.30968878,0.2203763,0.33101472,0.34021452,0.34815413,0.35825855,0.23601505,0.29370856,0.23513749,0.3035617,0.35184458,0.2943286,0.32150218,0.24654439,0.2962862,0.3357797,0.30050454,220
0.3519233,0.3713367,0.23256129,0.29247576,0.24312106,0.35556567,0.2475737,0.2650338,0.2493601,0.28875577,0.32723573,0.28984976,0.28116092,0.3146657,0.4115365,0.28154302,0.30786848,0.39535517,0.2967867,0.21471623,0.39577287,0.23148043,0.30023342,0.32160437,0.4831989,0.32485268,0.36431804,0.25919247,0.46665835,0.2757611,0.32082874,0.30753002,0.27919462,0.2667869,0.34796083,0.30753016,0.21901861,0.32088363,0.2956782,0.28467846,0.33235192,0.2878956,0.22502936,0.33805117,0.25863558,0.2941687,0.29289585,0.31299013,0.21906476,0.33139163,0.34345594,0.34553114,0.36064067,0.23757215,0.29011515,0.23943326,0.29824737,0.34880608,0.29038036,0.3260553,0.25094476,0.2954869,0.32960963,0.29619318,221
0.35568252,0.3731872,0.24040397,0.29643348,0.25022382,0.35469916,0.24742028,0.26555663,0.24805532,0.28303096,0.32914305,0.28979915,0.27769822,0.31052577,0.4098914,0.27820435,0.30927816,0.40034333,0.29593697,0.2136574,0.38635302,0.23250963,0.30539647,0.32549998,0.48475233,0.32672033,0.36322886,0.2629033,0.46774292,0.27565125,0.3175325,0.31016055,0.28324327,0.26772332,0.3539217,0.30991092,0.21880756,0.32151824,0.30148864,0.2920063,0.32882738,0.2907061,0.22558662,0.33833987,0.25631037,0.3032923,0.29043025,0.3151036,0.21994013,0.33660272,0.344789,0.34453723,0.36667448,0.24127819,0.28453285,0.24294147,0.29098865,0.34582523,0.29287755,0.33144847,0.2547551,0.29413453,0.33166316,0.29397485,222
0.35639942,0.37434787,0.24457099,0.30151048,0.2543994,0.35532025,0.24791503,0.26677912,0.24398093,0.28634292,0.32965642,0.29179165,0.27545643,0.3106859,0.40992072,0.2786061,0.30875722,0.40283856,0.29170188,0.2133269,0.37943742,0.2308283,0.30806637,0.3314867,0.48538724,0.32789275,0.36405453,0.26065332,0.4661206,0.2769893,0.31529215,0.31538945,0.28602052,0.26753485,0.35920602,0.30940947,0.21551773,0.32233766,0.30268613,0.2945846,0.3287482,0.29736006,0.22763224,0.3396346,0.25905165,0.3094515,0.29293495,0.3152593,0.22247137,0.33946025,0.3422233,0.34598798,0.3710046,0.24566203,0.27797276,0.24088547,0.29013747,0.34431645,0.2953055,0.3380309,0.26036453,0.29009262,0.33585027,0.29353273,223
0.35467818,0.37713253,0.24111305,0.2971713,0.25650242,0.35738778,0.2526904,0.2664584,0.24188282,0.293469,0.32961175,0.29330823,0.27826837,0.31200695,0.41109094,0.27979842,0.30681673,0.4023973,0.29203418,0.21715976,0.37725,0.22960794,0.3027083,0.33821192,0.4861592,0.32730594,0.36403584,0.25717032,0.46533516,0.2822,0.31508154,0.31724554,0.2861339,0.26806477,0.36012667,0.30793148,0.21736418,0.32300466,0.3072958,0.29239243,0.3306863,0.30325913,0.23190299,0.34146348,0.2661254,0.3137377,0.2947627,0.3164964,0.22451122,0.3334573,0.34301588,0.34808457,0.3722547,0.24824157,0.27354047,0.2396851,0.29797855,0.34290546,0.29773235,0.34177303,0.26597652,0.2814888,0.33784536,0.29312238,224
0.35021797,0.37679833,0.2362463,0.29366145,0.25632367,0.3615596,0.25878495,0.26673475,0.2389403,0.30175424,0.32918128,0.2940006,0.28550538,0.3170488,0.4157671,0.2791064,0.3075739,0.40021572,0.2929893,0.21845919,0.37776732,0.22897558,0.30067292,0.34416667,0.48581406,0.3247628,0.36190295,0.24982016,0.46143132,0.28429568,0.31602153,0.3192234,0.28548995,0.27183035,0.35955378,0.30611318,0.2212855,0.32529312,0.3097522,0.2894353,0.33624825,0.3080167,0.2295231,0.34150502,0.27434987,0.3169976,0.29984626,0.3160952,0.22532587,0.32830107,0.3404026,0.35315883,0.37234232,0.24966024,0.27012148,0.2400704,0.307762,0.34288728,0.30068448,0.3438976,0.26644185,0.27965593,0.34422973,0.29139036,225
0.3490682,0.37487605,0.23385191,0.29173428,0.25170723,0.36629638,0.2646923,0.26916727,0.23818126,0.30547708,0.3287799,0.29415044,0.29470932,0.32360473,0.4177664,0.2788842,0.31030643,0.40042678,0.29611695,0.21746375,0.3778576,0.22944395,0.29642662,0.34459653,0.48609543,0.3271573,0.3580841,0.24864669,0.45844242,0.2855835,0.31599885,0.3228498,0.2849051,0.27173278,0.3560581,0.30327758,0.22890541,0.327021,0.30752066,0.28374982,0.34093338,0.3081073,0.2265814,0.3380682,0.27710128,0.31583285,0.30258718,0.31387666,0.22482961,0.32593864,0.34045056,0.35510233,0.3720215,0.24856573,0.26992813,0.24588008,0.30958867,0.3454766,0.3033228,0.34520668,0.26459333,0.2815786,0.34990916,0.2905014,226
0.34511545,0.37281287,0.2320702,0.2938739,0.24776669,0.36938718,0.2696736,0.27274996,0.23888564,0.3067063,0.32753626,0.29455864,0.2997977,0.3298171,0.41743076,0.28307414,0.315278,0.4009072,0.29936236,0.2147141,0.37786347,0.22933973,0.28798816,0.3405583,0.48777345,0.32998833,0.35684326,0.2485148,0.45528287,0.28851965,0.3183189,0.32802567,0.28407598,0.26778692,0.3502379,0.3009995,0.23160161,0.3290903,0.30460823,0.27727228,0.34137562,0.30757326,0.22921196,0.3340765,0.27228954,0.31457192,0.3063496,0.30874896,0.22395277,0.32089987,0.33978525,0.35690203,0.37062892,0.24406521,0.27541885,0.24617642,0.31004858,0.35061356,0.30458277,0.34557986,0.26309952,0.28781947,0.35179928,0.2903956,227
0.34491876,0.37129542,0.23348351,0.29349798,0.24504061,0.37022412,0.26455092,0.27336615,0.2418528,0.30442825,0.3267888,0.2980031,0.30218574,0.3347586,0.41776595,0.2804614,0.31776932,0.4018227,0.29942122,0.2137189,0.3788222,0.23197417,0.28162894,0.339876,0.489766,0.33259034,0.36033902,0.24688962,0.45165676,0.2894738,0.3205963,0.32925913,0.28361508,0.2667193,0.34701806,0.30031198,0.23263031,0.33166173,0.30273667,0.2751533,0.3359109,0.3068967,0.2287068,0.33420384,0.26668996,0.31336197,0.30851918,0.3043213,0.21737999,0.3177709,0.3428011,0.35691914,0.37303752,0.2403393,0.2827814,0.24319807,0.31032473,0.35298097,0.30273294,0.3445802,0.2612073,0.2922844,0.35102808,0.29440588,228
0.3501763,0.36982775,0.2332605,0.2895845,0.24555697,0.3699365,0.2622044,0.27153996,0.2462974,0.30388013,0.32580215,0.30259526,0.30310854,0.33558214,0.4170481,0.28082278,0.3172616,0.40259618,0.3002853,0.21245869,0.38080603,0.23606811,0.28229174,0.34181207,0.49053532,0.335068,0.36387882,0.24956949,0.4492189,0.2937518,0.3204537,0.330366,0.2845172,0.27340356,0.34378833,0.30052307,0.23166838,0.33179438,0.3038685,0.2754672,0.33337113,0.30668718,0.23127624,0.33874962,0.26506338,0.31149104,0.30760625,0.3060518,0.20992571,0.32258937,0.3481677,0.35654768,0.37591228,0.23974818,0.29061437,0.24380837,0.31339028,0.3539699,0.30402908,0.33718506,0.2594471,0.29864556,0.3507513,0.29935396,229
0.35475332,0.36892372,0.23497063,0.29149744,0.24367262,0.36834788,0.2615938,0.27129278,0.24684739,0.30539462,0.3242016,0.30209553,0.29852778,0.3322255,0.41720232,0.2825162,0.31998903,0.4024088,0.30339885,0.20987582,0.37979573,0.24160579,0.2894536,0.345728,0.48911816,0.33537832,0.36477822,0.25269806,0.4497941,0.2953949,0.31871104,0.3271594,0.28342268,0.2772581,0.34153473,0.30186135,0.22785151,0.33047947,0.30179235,0.2750405,0.33087987,0.30298728,0.23269458,0.34057778,0.2650287,0.31095344,0.30803183,0.30934632,0.20912209,0.32840478,0.34991378,0.35537434,0.37928298,0.24059497,0.29578197,0.23872411,0.3164302,0.35538694,0.30508846,0.32933274,0.26030436,0.30370936,0.34920278,0.30389586,230
0.357727,0.3685815,0.23614505,0.29797068,0.2397857,0.36521786,0.26169643,0.27064362,0.24629764,0.30975825,0.32384506,0.30130985,0.29688674,0.32828948,0.41736484,0.28741914,0.32376754,0.4022569,0.30730596,0.20813827,0.3763874,0.24463154,0.30234662,0.34795645,0.48690608,0.3330491,0.36323377,0.25727576,0.4545175,0.2958611,0.31763905,0.3262124,0.28247356,0.27376628,0.34133637,0.30415028,0.22297642,0.32813954,0.2969686,0.27543402,0.3296848,0.29588377,0.2343016,0.33969185,0.26891217,0.30817556,0.30750826,0.31039917,0.2154042,0.33871648,0.34992117,0.35267675,0.37588784,0.24066138,0.29788804,0.23836203,0.3173049,0.35763302,0.30512884,0.32583153,0.2633963,0.3059622,0.34962443,0.30526504,231
0.35896766,0.3694039,0.2386088,0.30604398,0.23461075,0.3619452,0.25883535,0.27037463,0.24919976,0.3052002,0.32384095,0.30007526,0.29434446,0.32426924,0.4178514,0.2854305,0.3221899,0.40300143,0.3085011,0.21175237,0.37599504,0.23944359,0.3063812,0.34005,0.48477757,0.332118,0.36073187,0.25680387,0.4615547,0.29009873,0.31930166,0.3230365,0.28276363,0.26368114,0.34490773,0.30590284,0.21824604,0.3292477,0.2956259,0.27871093,0.3295077,0.29020903,0.23494989,0.33978704,0.26845276,0.3041599,0.3113508,0.30910614,0.2207964,0.34081382,0.34931317,0.35003075,0.37341267,0.23910597,0.30049604,0.23700929,0.31368563,0.35940439,0.3018561,0.33038956,0.264852,0.30553877,0.34574118,0.30390993,232
0.3571915,0.37080795,0.23655629,0.30831996,0.23665498,0.3585656,0.2552909,0.27050704,0.25077647,0.29406965,0.32465893,0.2974444,0.29050428,0.31989503,0.41668388,0.28235942,0.31843138,0.40399823,0.3050167,0.2146608,0.38052663,0.23590781,0.30663195,0.32651058,0.48362666,0.3319513,0.35826114,0.25482386,0.46805638,0.28402984,0.32271403,0.31490627,0.2822344,0.2557252,0.35079226,0.30978832,0.21690646,0.32918543,0.30088884,0.28444147,0.33133486,0.29008454,0.23060568,0.33848056,0.2634836,0.3032699,0.30877295,0.30895954,0.22281472,0.3398484,0.34657386,0.35165638,0.37320375,0.24049482,0.29540557,0.23537302,0.30477986,0.35940024,0.29587698,0.33193454,0.26425818,0.30195674,0.33806273,0.29838628,233
0.35552558,0.37062207,0.23599975,0.3056263,0.24370724,0.35667408,0.2552156,0.26890612,0.25216097,0.2884686,0.32479438,0.2945591,0.2852552,0.31705627,0.41442588,0.28350124,0.31580555,0.40401727,0.30105138,0.21263145,0.38625538,0.23391859,0.30556038,0.32146987,0.48203388,0.33084717,0.35432848,0.2536548,0.46956548,0.2806674,0.32090938,0.30945483,0.28159192,0.25913653,0.3566902,0.31166762,0.22006962,0.3285118,0.30585828,0.28651994,0.33384025,0.2947746,0.22678845,0.33723524,0.25844455,0.3088868,0.30441934,0.30772355,0.21975207,0.3384086,0.34710187,0.35622776,0.3750586,0.24427794,0.2899646,0.23668028,0.2989578,0.35608095,0.2926675,0.33445174,0.26380193,0.29745102,0.33344704,0.29495886,234
0.36063132,0.36911952,0.23601417,0.30215973,0.24903463,0.35730657,0.25666866,0.2676172,0.25247252,0.2916461,0.32370844,0.29317844,0.28452826,0.31470668,0.40928012,0.28693333,0.31318328,0.40478188,0.2989871,0.20742077,0.3844645,0.23577648,0.30710056,0.3290046,0.48164448,0.32717186,0.35280582,0.25542215,0.46828315,0.28478846,0.31589147,0.30594644,0.28235936,0.26325083,0.3601456,0.31500855,0.21611124,0.32754412,0.3019008,0.28841475,0.33314633,0.30059537,0.22914754,0.33805594,0.26065382,0.3150743,0.30021042,0.3060709,0.21461044,0.3386069,0.34741405,0.3600806,0.37773222,0.24801615,0.28672436,0.2373268,0.29887313,0.35166392,0.29161146,0.33683258,0.26460156,0.2968139,0.33350822,0.29160768,235
0.36297214,0.36683145,0.23486288,0.29929554,0.25276083,0.36038202,0.2605556,0.26537105,0.2465616,0.29723325,0.32340857,0.29363182,0.28437814,0.31138209,0.4085868,0.28714937,0.30950794,0.40321803,0.29684535,0.2074186,0.3832904,0.23637515,0.3107972,0.33900216,0.47962517,0.32177833,0.35047945,0.2537457,0.46656165,0.28731227,0.31171027,0.31111494,0.2824172,0.26382503,0.3615747,0.31392285,0.2114771,0.32736778,0.30056646,0.28997034,0.33110395,0.30269623,0.23244733,0.3381071,0.26852542,0.31998956,0.29737425,0.3075559,0.21608415,0.3406184,0.34046292,0.36108118,0.37548357,0.2497109,0.28100297,0.23649278,0.3030209,0.34846702,0.29690528,0.3385956,0.2652939,0.2951317,0.33741978,0.28934327,236
0.35828498,0.3649673,0.23649238,0.29537544,0.25453725,0.36397606,0.26542714,0.26444852,0.24113683,0.29926848,0.32433197,0.29544792,0.28553522,0.31014276,0.41172588,0.2838056,0.304529,0.40057018,0.2964376,0.2144872,0.38574722,0.23628117,0.3092395,0.3441499,0.47724363,0.3209434,0.34823978,0.25100905,0.46606162,0.28836152,0.30882955,0.3209548,0.2820607,0.26361388,0.36236778,0.30773547,0.21695696,0.32854676,0.30540878,0.28808093,0.33321634,0.3011444,0.23295169,0.33908874,0.27484185,0.32136744,0.3019256,0.3128697,0.22481407,0.34115502,0.3348645,0.36002523,0.37062192,0.24924628,0.2769623,0.2366504,0.30612168,0.34773144,0.30204245,0.3392722,0.2662235,0.290281,0.3431321,0.28828654,237
0.35091892,0.36393273,0.23614478,0.2912162,0.25396493,0.36857888,0.26983482,0.26575005,0.24175192,0.30106422,0.32433853,0.2956661,0.2873112,0.31314376,0.4156629,0.28593948,0.3005967,0.40005702,0.29961586,0.21872288,0.38912857,0.23489286,0.30428302,0.346299,0.47718674,0.32641396,0.34900114,0.24884205,0.46352512,0.28790936,0.30637017,0.32443744,0.28298512,0.26911303,0.3601563,0.3013067,0.22433184,0.32952324,0.3073359,0.28577444,0.3415329,0.2999396,0.23212266,0.3385224,0.27366197,0.32160184,0.3078713,0.31460133,0.22873464,0.33652574,0.3370152,0.36197618,0.36838382,0.24851087,0.2765938,0.24163882,0.3078777,0.34817788,0.2996306,0.34076187,0.26738855,0.2881777,0.35114792,0.28941214,238
0.35038093,0.36557585,0.23612878,0.28849444,0.25320724,0.37154874,0.27279007,0.27016732,0.24405926,0.30263105,0.3260133,0.29503694,0.29267684,0.31749097,0.4154365,0.28535,0.30362964,0.4029485,0.30577034,0.21766023,0.3902699,0.2316459,0.30217093,0.34660938,0.48051172,0.33299032,0.3516992,0.25267106,0.46193454,0.28889957,0.3064268,0.3219371,0.28263947,0.27143976,0.35443416,0.29911605,0.23085004,0.32904056,0.30913305,0.2811998,0.34050632,0.29832327,0.23160087,0.3368786,0.27220985,0.31888598,0.30604118,0.31294277,0.22454165,0.3341139,0.34307188,0.36473095,0.36813876,0.24502927,0.2810367,0.24871336,0.3091396,0.34785017,0.29494888,0.3385711,0.2681659,0.29175842,0.35230398,0.29055148,239
0.350143,0.36534762,0.23350735,0.2885963,0.25426406,0.37189463,0.2699218,0.27267596,0.24407963,0.29910195,0.3265983,0.29717347,0.2972518,0.3230096,0.4152209,0.28050378,0.30656943,0.40265438,0.30824158,0.21197294,0.39043856,0.23157789,0.2987637,0.34462473,0.48416883,0.3347213,0.35729033,0.25073075,0.45966637,0.2894378,0.3091349,0.322489,0.28131798,0.2670855,0.35008067,0.2974176,0.23139147,0.32761395,0.3094639,0.27523133,0.33295426,0.29744777,0.22886975,0.33689666,0.2711134,0.31866935,0.30099916,0.31031078,0.21781437,0.33044323,0.3444142,0.36278957,0.36569437,0.24177703,0.2845255,0.24931893,0.30631116,0.34706172,0.2956478,0.33519098,0.26971918,0.29251012,0.35181352,0.29274645,240
0.34829408,0.365074,0.22943316,0.2904648,0.2551775,0.36955804,0.25897196,0.2700024,0.24807039,0.2989107,0.32797948,0.30505794,0.29833865,0.3267656,0.4157032,0.27533862,0.3095366,0.40346512,0.30423632,0.21325429,0.38911468,0.23383893,0.2908416,0.34461272,0.4861477,0.33968863,0.3627312,0.24846184,0.45685223,0.29144526,0.31449667,0.32201332,0.27845928,0.26846844,0.34947014,0.29800013,0.23086347,0.32613015,0.3097958,0.27212054,0.32915324,0.3014619,0.2271946,0.33937585,0.26525682,0.32047042,0.2979253,0.30863827,0.21522056,0.32219318,0.34980017,0.35903358,0.36556607,0.23957929,0.2884995,0.24415046,0.30794597,0.3461631,0.29814804,0.33080658,0.2680995,0.2900886,0.35283577,0.29658523,241
0.34766492,0.3664741,0.22714615,0.28830594,0.25396207,0.3641497,0.25408965,0.26482323,0.25332776,0.3039212,0.32919827,0.31114727,0.29735473,0.32757154,0.41572082,0.27896255,0.31063655,0.4025637,0.29985464,0.21727808,0.38460633,0.23879243,0.2905729,0.34542552,0.4863574,0.3421422,0.36684522,0.24945992,0.45337433,0.29444382,0.3171036,0.32500604,0.2758227,0.2719201,0.3523739,0.29849696,0.2290006,0.324084,0.30760387,0.27784848,0.32997105,0.3072737,0.22667849,0.34452593,0.26050395,0.32027665,0.29862297,0.30885017,0.21338116,0.3201522,0.35429198,0.35960123,0.36699995,0.24163799,0.29157054,0.23930766,0.31544387,0.3479066,0.30198365,0.32789508,0.26499128,0.29095063,0.35129213,0.29911733,242
0.35213757,0.36626837,0.22722584,0.28592628,0.25188187,0.3588513,0.25440225,0.25922295,0.2581122,0.3127551,0.3290504,0.30946034,0.29827935,0.32655227,0.41826978,0.28737375,0.3128375,0.4008646,0.30083472,0.21741714,0.37698084,0.2403282,0.2955157,0.34870526,0.48507375,0.33989117,0.36834627,0.25399145,0.45118636,0.2986336,0.31758055,0.3280264,0.27436757,0.27799436,0.3523651,0.3002403,0.2235143,0.32568157,0.3003942,0.28361806,0.32947186,0.3078058,0.23069313,0.34475306,0.26023456,0.3193275,0.30374122,0.3070565,0.21124877,0.3233854,0.35851204,0.36145076,0.36591342,0.24496645,0.29372028,0.24127549,0.32424194,0.3518602,0.30397418,0.32830933,0.26217228,0.29281372,0.35437295,0.2999831,243
0.35193667,0.36474514,0.22578354,0.28453436,0.25026363,0.3548768,0.25585434,0.25866708,0.26085952,0.30781582,0.3289582,0.3041854,0.29429027,0.32422036,0.41988698,0.2880069,0.32048827,0.40448105,0.3057359,0.21649924,0.3724305,0.24275498,0.2961294,0.34379497,0.4834008,0.33180633,0.36614498,0.25407055,0.4534396,0.3002248,0.3173097,0.33023268,0.2759807,0.2693462,0.35287243,0.30635795,0.21880707,0.32782504,0.29718053,0.2889854,0.32477412,0.3024085,0.23662391,0.3390281,0.25920993,0.3166188,0.3080586,0.30117184,0.21475704,0.32774562,0.35242522,0.3590188,0.36517945,0.24604134,0.29481596,0.24036449,0.3207903,0.35581374,0.30400306,0.3280725,0.25741488,0.29822877,0.35127142,0.29777202,244
0.3507401,0.36577818,0.22963892,0.2922049,0.24855015,0.35201213,0.2559274,0.2615671,0.26079732,0.29640552,0.32805437,0.29870045,0.28614238,0.3207352,0.42076448,0.2842828,0.32548264,0.40891397,0.3079965,0.21432869,0.37499103,0.244029,0.2991705,0.33806533,0.48051345,0.32521516,0.36510623,0.25467077,0.46056956,0.29825473,0.31787708,0.32896027,0.27772266,0.25954625,0.3543146,0.31559545,0.21416491,0.33055106,0.29665098,0.28808802,0.32349533,0.29619187,0.23977363,0.33134958,0.25417522,0.3145426,0.31158492,0.29661167,0.2193898,0.3313711,0.34612566,0.35784557,0.36483586,0.24477595,0.2958194,0.23369338,0.31381652,0.3584363,0.30144385,0.32782233,0.25285107,0.30420023,0.34655222,0.29546076,245
0.3529113,0.36726215,0.2356565,0.30715287,0.2490729,0.35032254,0.252797,0.26612803,0.2588569,0.29060197,0.3262748,0.29577172,0.28198475,0.31791577,0.42007783,0.2782457,0.3276949,0.4149442,0.3065468,0.21228379,0.3800869,0.24090661,0.30496764,0.3370579,0.47942564,0.3228672,0.363097,0.25422496,0.4670929,0.29883814,0.3188282,0.3255252,0.2806316,0.2573862,0.35826257,0.32509875,0.21099126,0.33165675,0.29315385,0.28562844,0.3261214,0.29507232,0.23931481,0.32837647,0.2501888,0.3164616,0.31034487,0.297014,0.221528,0.33553413,0.34307608,0.35968322,0.36632857,0.2464044,0.29200706,0.2296706,0.30950925,0.35968232,0.29829958,0.3319346,0.25096467,0.3023287,0.34546262,0.29193985,246
0.35809264,0.37026402,0.237548,0.3177541,0.24612907,0.35133672,0.25116953,0.2687179,0.25738978,0.29350972,0.32563528,0.2929923,0.28255266,0.31579426,0.41713306,0.27602375,0.32590312,0.419084,0.3029348,0.21122523,0.38682744,0.2383549,0.307211,0.33914974,0.4817937,0.32215315,0.3604329,0.25292087,0.4727656,0.30064425,0.31746483,0.31835043,0.28265968,0.26174802,0.36190724,0.3341483,0.20977461,0.3314545,0.29411438,0.28498107,0.32761073,0.2956261,0.2383493,0.3313458,0.2527235,0.31665987,0.30454424,0.30321926,0.21982759,0.33722076,0.34389222,0.36213568,0.372126,0.25033918,0.28630704,0.22729945,0.3120748,0.35983217,0.2956142,0.3356859,0.25370562,0.29478666,0.3431678,0.29042646,247
0.36138827,0.371537,0.23720895,0.31776816,0.24565986,0.35405573,0.25447232,0.26774898,0.25414926,0.29603168,0.3254416,0.29330957,0.28663704,0.31394565,0.412517,0.27425084,0.32163018,0.41918752,0.29992527,0.21302754,0.39502487,0.23547786,0.3016196,0.341246,0.48384866,0.32335272,0.35421938,0.2524584,0.4756745,0.30201972,0.31098858,0.31676012,0.2839019,0.26742473,0.36469567,0.33439657,0.21505544,0.33132222,0.30036387,0.28653115,0.3275196,0.29829952,0.23637487,0.33463338,0.25965452,0.3155075,0.298696,0.30888152,0.21949507,0.3356394,0.34638196,0.36391938,0.37515897,0.25556573,0.28191566,0.23368333,0.31551486,0.35693222,0.29678532,0.33821675,0.25815848,0.2877852,0.33999023,0.29074636,248
0.35966036,0.37066123,0.23433563,0.31293377,0.2471511,0.35805887,0.25824675,0.26543123,0.24843825,0.2951925,0.32696787,0.29514506,0.28968704,0.31414738,0.41141576,0.27419493,0.31796998,0.41676188,0.29717103,0.21428335,0.40388113,0.23694752,0.29613516,0.34502956,0.48238608,0.3245355,0.35098267,0.2529824,0.47711283,0.30164397,0.30541456,0.32170483,0.28360143,0.26892895,0.36617917,0.3284637,0.2217229,0.3323117,0.30810437,0.2869807,0.33000684,0.29917866,0.2358818,0.3332464,0.2637152,0.31444636,0.30273166,0.31172857,0.21893375,0.33421525,0.34317854,0.36655012,0.37473252,0.25829166,0.28070047,0.23736358,0.31635505,0.35269704,0.3003108,0.33754563,0.26100767,0.28615198,0.33959785,0.29169422,249
0.35514525,0.3686174,0.2347096,0.3051547,0.24837555,0.3620603,0.26039925,0.26507375,0.24353439,0.2980325,0.32760677,0.29806024,0.29275063,0.31677717,0.41361022,0.27755442,0.3147414,0.41341013,0.2957908,0.2153118,0.41048402,0.23824213,0.29614606,0.34835157,0.4821223,0.32793435,0.35339668,0.2524926,0.47703856,0.2994591,0.3043342,0.326731,0.2821044,0.26861227,0.36785978,0.32101238,0.22580521,0.33320194,0.3087542,0.28883442,0.3371244,0.29943782,0.23648727,0.3305924,0.26303092,0.3144204,0.30891567,0.31167245,0.21882069,0.33240223,0.33806038,0.36861232,0.3738199,0.25918934,0.28107175,0.23882234,0.31613794,0.34895843,0.30186388,0.33506602,0.2602152,0.285801,0.3445544,0.29153097,250
