seed,flight_id,cohort,horizon_s,n_windows,metric,value
17,9.17数据/log_10_2026-9-17-06-34-34.ulg,Sep17,0.1,130,position_rmse_m,0.01853939189092232
17,9.17数据/log_10_2026-9-17-06-34-34.ulg,Sep17,0.2,130,position_rmse_m,0.03867769552026107
17,9.17数据/log_10_2026-9-17-06-34-34.ulg,Sep17,0.5,130,position_rmse_m,0.13107758997422356
17,9.17数据/log_10_2026-9-17-06-34-34.ulg,Sep17,1.0,130,position_rmse_m,0.4025489010780478
17,9.17数据/log_11_2026-9-17-06-40-30.ulg,Sep17,0.1,145,position_rmse_m,0.020477508605037165
17,9.17数据/log_11_2026-9-17-06-40-30.ulg,Sep17,0.2,145,position_rmse_m,0.04212449116997084
17,9.17数据/log_11_2026-9-17-06-40-30.ulg,Sep17,0.5,145,position_rmse_m,0.12367400627447614
17,9.17数据/log_11_2026-9-17-06-40-30.ulg,Sep17,1.0,145,position_rmse_m,0.3554838635661094
17,9.17数据/log_12_2026-9-17-06-46-02.ulg,Sep17,0.1,144,position_rmse_m,0.01577274263192388
17,9.17数据/log_12_2026-9-17-06-46-02.ulg,Sep17,0.2,144,position_rmse_m,0.034232690006334394
17,9.17数据/log_12_2026-9-17-06-46-02.ulg,Sep17,0.5,144,position_rmse_m,0.1122917034999642
17,9.17数据/log_12_2026-9-17-06-46-02.ulg,Sep17,1.0,144,position_rmse_m,0.3401198048160254
17,9.17数据/log_13_2026-9-17-06-52-30.ulg,Sep17,0.1,153,position_rmse_m,0.018297520092448984
17,9.17数据/log_13_2026-9-17-06-52-30.ulg,Sep17,0.2,153,position_rmse_m,0.04074705310380606
17,9.17数据/log_13_2026-9-17-06-52-30.ulg,Sep17,0.5,153,position_rmse_m,0.13869285323066954
17,9.17数据/log_13_2026-9-17-06-52-30.ulg,Sep17,1.0,153,position_rmse_m,0.397251003766311
17,9.17数据/log_6_2026-9-17-06-02-24.ulg,Sep17,0.1,138,position_rmse_m,0.021628590020485408
17,9.17数据/log_6_2026-9-17-06-02-24.ulg,Sep17,0.2,138,position_rmse_m,0.041032205824233864
17,9.17数据/log_6_2026-9-17-06-02-24.ulg,Sep17,0.5,138,position_rmse_m,0.12372357928529704
17,9.17数据/log_6_2026-9-17-06-02-24.ulg,Sep17,1.0,138,position_rmse_m,0.3396401553755459
17,9.17数据/log_7_2026-9-17-06-12-16.ulg,Sep17,0.1,131,position_rmse_m,0.023055611492101252
17,9.17数据/log_7_2026-9-17-06-12-16.ulg,Sep17,0.2,131,position_rmse_m,0.0460354612543846
17,9.17数据/log_7_2026-9-17-06-12-16.ulg,Sep17,0.5,131,position_rmse_m,0.1310759135376375
17,9.17数据/log_7_2026-9-17-06-12-16.ulg,Sep17,1.0,131,position_rmse_m,0.34962494775138275
17,9.17数据/log_8_2026-9-17-06-17-52.ulg,Sep17,0.1,146,position_rmse_m,0.0160476254743038
17,9.17数据/log_8_2026-9-17-06-17-52.ulg,Sep17,0.2,146,position_rmse_m,0.03727305950297965
17,9.17数据/log_8_2026-9-17-06-17-52.ulg,Sep17,0.5,146,position_rmse_m,0.12016761384861706
17,9.17数据/log_8_2026-9-17-06-17-52.ulg,Sep17,1.0,146,position_rmse_m,0.3292222409366492
17,9.17数据/log_9_2026-9-17-06-28-10.ulg,Sep17,0.1,114,position_rmse_m,0.016038578241960946
17,9.17数据/log_9_2026-9-17-06-28-10.ulg,Sep17,0.2,114,position_rmse_m,0.040990408729152786
17,9.17数据/log_9_2026-9-17-06-28-10.ulg,Sep17,0.5,114,position_rmse_m,0.13558910826364737
17,9.17数据/log_9_2026-9-17-06-28-10.ulg,Sep17,1.0,114,position_rmse_m,0.34690435331965913
17,2026.9.7/log_21_2026-9-7-05-54-56.ulg,Sep7,0.1,168,position_rmse_m,0.015249058942216504
17,2026.9.7/log_21_2026-9-7-05-54-56.ulg,Sep7,0.2,168,position_rmse_m,0.0290790905238958
17,2026.9.7/log_21_2026-9-7-05-54-56.ulg,Sep7,0.5,168,position_rmse_m,0.09124618567845837
17,2026.9.7/log_21_2026-9-7-05-54-56.ulg,Sep7,1.0,168,position_rmse_m,0.2919045976760462
17,2026.9.7/log_22_2026-9-7-06-01-40.ulg,Sep7,0.1,182,position_rmse_m,0.059582695341743604
17,2026.9.7/log_22_2026-9-7-06-01-40.ulg,Sep7,0.2,182,position_rmse_m,0.11304232238609381
17,2026.9.7/log_22_2026-9-7-06-01-40.ulg,Sep7,0.5,182,position_rmse_m,0.2746770761572336
17,2026.9.7/log_22_2026-9-7-06-01-40.ulg,Sep7,1.0,182,position_rmse_m,0.635073430162332
17,2026.9.7/log_23_2026-9-7-06-09-22.ulg,Sep7,0.1,160,position_rmse_m,0.021796018823468613
17,2026.9.7/log_23_2026-9-7-06-09-22.ulg,Sep7,0.2,160,position_rmse_m,0.041525996400820386
17,2026.9.7/log_23_2026-9-7-06-09-22.ulg,Sep7,0.5,160,position_rmse_m,0.1226711070619163
17,2026.9.7/log_23_2026-9-7-06-09-22.ulg,Sep7,1.0,160,position_rmse_m,0.3449458758420377
17,2026.9.7/log_24_2026-9-7-06-16-04.ulg,Sep7,0.1,161,position_rmse_m,0.020835595757850097
17,2026.9.7/log_24_2026-9-7-06-16-04.ulg,Sep7,0.2,161,position_rmse_m,0.03901581336585204
17,2026.9.7/log_24_2026-9-7-06-16-04.ulg,Sep7,0.5,161,position_rmse_m,0.1156689763249565
17,2026.9.7/log_24_2026-9-7-06-16-04.ulg,Sep7,1.0,161,position_rmse_m,0.360899576750326
17,2026.9.7/log_26_2026-9-7-06-30-26.ulg,Sep7,0.1,150,position_rmse_m,0.022509578436654253
17,2026.9.7/log_26_2026-9-7-06-30-26.ulg,Sep7,0.2,150,position_rmse_m,0.04555640619081967
17,2026.9.7/log_26_2026-9-7-06-30-26.ulg,Sep7,0.5,150,position_rmse_m,0.11671210512973947
17,2026.9.7/log_26_2026-9-7-06-30-26.ulg,Sep7,1.0,150,position_rmse_m,0.32740504291302536
17,2026.9.7/log_27_2026-9-7-06-37-24.ulg,Sep7,0.1,155,position_rmse_m,0.05907500997990514
17,2026.9.7/log_27_2026-9-7-06-37-24.ulg,Sep7,0.2,155,position_rmse_m,0.10615664093616234
17,2026.9.7/log_27_2026-9-7-06-37-24.ulg,Sep7,0.5,155,position_rmse_m,0.23171066510259727
17,2026.9.7/log_27_2026-9-7-06-37-24.ulg,Sep7,1.0,155,position_rmse_m,0.458123034675128
17,2026.9.7/log_28_2026-9-7-06-44-02.ulg,Sep7,0.1,140,position_rmse_m,0.08520116605069257
17,2026.9.7/log_28_2026-9-7-06-44-02.ulg,Sep7,0.2,140,position_rmse_m,0.1655099660065887
17,2026.9.7/log_28_2026-9-7-06-44-02.ulg,Sep7,0.5,140,position_rmse_m,0.4198476200525967
17,2026.9.7/log_28_2026-9-7-06-44-02.ulg,Sep7,1.0,140,position_rmse_m,0.852175463407855
17,2026.9.7/log_29_2026-9-7-06-51-04.ulg,Sep7,0.1,201,position_rmse_m,0.039225204724890876
17,2026.9.7/log_29_2026-9-7-06-51-04.ulg,Sep7,0.2,201,position_rmse_m,0.06989867351261184
17,2026.9.7/log_29_2026-9-7-06-51-04.ulg,Sep7,0.5,201,position_rmse_m,0.20227588205091837
17,2026.9.7/log_29_2026-9-7-06-51-04.ulg,Sep7,1.0,201,position_rmse_m,0.483770604234896
17,2026.9.7/log_30_2026-9-7-06-58-22.ulg,Sep7,0.1,164,position_rmse_m,0.12782978464594535
17,2026.9.7/log_30_2026-9-7-06-58-22.ulg,Sep7,0.2,164,position_rmse_m,0.26542433465655013
17,2026.9.7/log_30_2026-9-7-06-58-22.ulg,Sep7,0.5,164,position_rmse_m,0.6697965642625322
17,2026.9.7/log_30_2026-9-7-06-58-22.ulg,Sep7,1.0,164,position_rmse_m,1.3921083133817704
23,9.17数据/log_10_2026-9-17-06-34-34.ulg,Sep17,0.1,130,position_rmse_m,0.01907695495692875
23,9.17数据/log_10_2026-9-17-06-34-34.ulg,Sep17,0.2,130,position_rmse_m,0.03960856464188177
23,9.17数据/log_10_2026-9-17-06-34-34.ulg,Sep17,0.5,130,position_rmse_m,0.1318920357736623
23,9.17数据/log_10_2026-9-17-06-34-34.ulg,Sep17,1.0,130,position_rmse_m,0.415799451898983
23,9.17数据/log_11_2026-9-17-06-40-30.ulg,Sep17,0.1,145,position_rmse_m,0.02076680086737308
23,9.17数据/log_11_2026-9-17-06-40-30.ulg,Sep17,0.2,145,position_rmse_m,0.04362017592351084
23,9.17数据/log_11_2026-9-17-06-40-30.ulg,Sep17,0.5,145,position_rmse_m,0.13532809686346053
23,9.17数据/log_11_2026-9-17-06-40-30.ulg,Sep17,1.0,145,position_rmse_m,0.3933929037853785
23,9.17数据/log_12_2026-9-17-06-46-02.ulg,Sep17,0.1,144,position_rmse_m,0.016511575149261687
23,9.17数据/log_12_2026-9-17-06-46-02.ulg,Sep17,0.2,144,position_rmse_m,0.03599450166341838
23,9.17数据/log_12_2026-9-17-06-46-02.ulg,Sep17,0.5,144,position_rmse_m,0.12011301169414243
23,9.17数据/log_12_2026-9-17-06-46-02.ulg,Sep17,1.0,144,position_rmse_m,0.36406304176636833
23,9.17数据/log_13_2026-9-17-06-52-30.ulg,Sep17,0.1,153,position_rmse_m,0.018548585431572787
23,9.17数据/log_13_2026-9-17-06-52-30.ulg,Sep17,0.2,153,position_rmse_m,0.04083725222684426
23,9.17数据/log_13_2026-9-17-06-52-30.ulg,Sep17,0.5,153,position_rmse_m,0.1395521789599699
23,9.17数据/log_13_2026-9-17-06-52-30.ulg,Sep17,1.0,153,position_rmse_m,0.40861663561524714
23,9.17数据/log_6_2026-9-17-06-02-24.ulg,Sep17,0.1,138,position_rmse_m,0.022164307199246384
23,9.17数据/log_6_2026-9-17-06-02-24.ulg,Sep17,0.2,138,position_rmse_m,0.04177970992232627
23,9.17数据/log_6_2026-9-17-06-02-24.ulg,Sep17,0.5,138,position_rmse_m,0.13010219551608332
23,9.17数据/log_6_2026-9-17-06-02-24.ulg,Sep17,1.0,138,position_rmse_m,0.36894017580037086
23,9.17数据/log_7_2026-9-17-06-12-16.ulg,Sep17,0.1,131,position_rmse_m,0.02325914294061614
23,9.17数据/log_7_2026-9-17-06-12-16.ulg,Sep17,0.2,131,position_rmse_m,0.04723982756458893
23,9.17数据/log_7_2026-9-17-06-12-16.ulg,Sep17,0.5,131,position_rmse_m,0.13571553894336624
23,9.17数据/log_7_2026-9-17-06-12-16.ulg,Sep17,1.0,131,position_rmse_m,0.36863612047155797
23,9.17数据/log_8_2026-9-17-06-17-52.ulg,Sep17,0.1,146,position_rmse_m,0.01621454128236996
23,9.17数据/log_8_2026-9-17-06-17-52.ulg,Sep17,0.2,146,position_rmse_m,0.03844810507098976
23,9.17数据/log_8_2026-9-17-06-17-52.ulg,Sep17,0.5,146,position_rmse_m,0.13076838544040353
23,9.17数据/log_8_2026-9-17-06-17-52.ulg,Sep17,1.0,146,position_rmse_m,0.3500410397562451
23,9.17数据/log_9_2026-9-17-06-28-10.ulg,Sep17,0.1,114,position_rmse_m,0.016176475977852742
23,9.17数据/log_9_2026-9-17-06-28-10.ulg,Sep17,0.2,114,position_rmse_m,0.04288389657547548
23,9.17数据/log_9_2026-9-17-06-28-10.ulg,Sep17,0.5,114,position_rmse_m,0.14792047390568597
23,9.17数据/log_9_2026-9-17-06-28-10.ulg,Sep17,1.0,114,position_rmse_m,0.40442819085501963
23,2026.9.7/log_21_2026-9-7-05-54-56.ulg,Sep7,0.1,168,position_rmse_m,0.01518423346611398
23,2026.9.7/log_21_2026-9-7-05-54-56.ulg,Sep7,0.2,168,position_rmse_m,0.028814084137350034
23,2026.9.7/log_21_2026-9-7-05-54-56.ulg,Sep7,0.5,168,position_rmse_m,0.09568540061045072
23,2026.9.7/log_21_2026-9-7-05-54-56.ulg,Sep7,1.0,168,position_rmse_m,0.30624805578570535
23,2026.9.7/log_22_2026-9-7-06-01-40.ulg,Sep7,0.1,182,position_rmse_m,0.05964922872129753
23,2026.9.7/log_22_2026-9-7-06-01-40.ulg,Sep7,0.2,182,position_rmse_m,0.11429651759810008
23,2026.9.7/log_22_2026-9-7-06-01-40.ulg,Sep7,0.5,182,position_rmse_m,0.27441744044920074
23,2026.9.7/log_22_2026-9-7-06-01-40.ulg,Sep7,1.0,182,position_rmse_m,0.6336872986828277
23,2026.9.7/log_23_2026-9-7-06-09-22.ulg,Sep7,0.1,160,position_rmse_m,0.021408084198495186
23,2026.9.7/log_23_2026-9-7-06-09-22.ulg,Sep7,0.2,160,position_rmse_m,0.04139787026688672
23,2026.9.7/log_23_2026-9-7-06-09-22.ulg,Sep7,0.5,160,position_rmse_m,0.12217727883905118
23,2026.9.7/log_23_2026-9-7-06-09-22.ulg,Sep7,1.0,160,position_rmse_m,0.3479184228165161
23,2026.9.7/log_24_2026-9-7-06-16-04.ulg,Sep7,0.1,161,position_rmse_m,0.020577885987312045
23,2026.9.7/log_24_2026-9-7-06-16-04.ulg,Sep7,0.2,161,position_rmse_m,0.03778853198818879
23,2026.9.7/log_24_2026-9-7-06-16-04.ulg,Sep7,0.5,161,position_rmse_m,0.11139300900752257
23,2026.9.7/log_24_2026-9-7-06-16-04.ulg,Sep7,1.0,161,position_rmse_m,0.3434803732862088
23,2026.9.7/log_26_2026-9-7-06-30-26.ulg,Sep7,0.1,150,position_rmse_m,0.022158926433253522
23,2026.9.7/log_26_2026-9-7-06-30-26.ulg,Sep7,0.2,150,position_rmse_m,0.044494898103584146
23,2026.9.7/log_26_2026-9-7-06-30-26.ulg,Sep7,0.5,150,position_rmse_m,0.10731706984934375
23,2026.9.7/log_26_2026-9-7-06-30-26.ulg,Sep7,1.0,150,position_rmse_m,0.3115836701095942
23,2026.9.7/log_27_2026-9-7-06-37-24.ulg,Sep7,0.1,155,position_rmse_m,0.05944509778654659
23,2026.9.7/log_27_2026-9-7-06-37-24.ulg,Sep7,0.2,155,position_rmse_m,0.10699188195921609
23,2026.9.7/log_27_2026-9-7-06-37-24.ulg,Sep7,0.5,155,position_rmse_m,0.2344170878031286
23,2026.9.7/log_27_2026-9-7-06-37-24.ulg,Sep7,1.0,155,position_rmse_m,0.45960481009641146
23,2026.9.7/log_28_2026-9-7-06-44-02.ulg,Sep7,0.1,140,position_rmse_m,0.0852055229634317
23,2026.9.7/log_28_2026-9-7-06-44-02.ulg,Sep7,0.2,140,position_rmse_m,0.16557670511323902
23,2026.9.7/log_28_2026-9-7-06-44-02.ulg,Sep7,0.5,140,position_rmse_m,0.42085448411357806
23,2026.9.7/log_28_2026-9-7-06-44-02.ulg,Sep7,1.0,140,position_rmse_m,0.8591112622619135
23,2026.9.7/log_29_2026-9-7-06-51-04.ulg,Sep7,0.1,201,position_rmse_m,0.039004843872534424
23,2026.9.7/log_29_2026-9-7-06-51-04.ulg,Sep7,0.2,201,position_rmse_m,0.06945573146235777
23,2026.9.7/log_29_2026-9-7-06-51-04.ulg,Sep7,0.5,201,position_rmse_m,0.19738628685761844
23,2026.9.7/log_29_2026-9-7-06-51-04.ulg,Sep7,1.0,201,position_rmse_m,0.4497585155739368
23,2026.9.7/log_30_2026-9-7-06-58-22.ulg,Sep7,0.1,164,position_rmse_m,0.12792867185874007
23,2026.9.7/log_30_2026-9-7-06-58-22.ulg,Sep7,0.2,164,position_rmse_m,0.26565520501859374
23,2026.9.7/log_30_2026-9-7-06-58-22.ulg,Sep7,0.5,164,position_rmse_m,0.6709929328075863
23,2026.9.7/log_30_2026-9-7-06-58-22.ulg,Sep7,1.0,164,position_rmse_m,1.3968359487165825
42,9.17数据/log_10_2026-9-17-06-34-34.ulg,Sep17,0.1,130,position_rmse_m,0.018766628246954395
42,9.17数据/log_10_2026-9-17-06-34-34.ulg,Sep17,0.2,130,position_rmse_m,0.038800797060481104
42,9.17数据/log_10_2026-9-17-06-34-34.ulg,Sep17,0.5,130,position_rmse_m,0.12570405387743017
42,9.17数据/log_10_2026-9-17-06-34-34.ulg,Sep17,1.0,130,position_rmse_m,0.3978165589109359
42,9.17数据/log_11_2026-9-17-06-40-30.ulg,Sep17,0.1,145,position_rmse_m,0.019960698641346242
42,9.17数据/log_11_2026-9-17-06-40-30.ulg,Sep17,0.2,145,position_rmse_m,0.04059163532073293
42,9.17数据/log_11_2026-9-17-06-40-30.ulg,Sep17,0.5,145,position_rmse_m,0.12113383302407822
42,9.17数据/log_11_2026-9-17-06-40-30.ulg,Sep17,1.0,145,position_rmse_m,0.3535114875832967
42,9.17数据/log_12_2026-9-17-06-46-02.ulg,Sep17,0.1,144,position_rmse_m,0.015978486952122405
42,9.17数据/log_12_2026-9-17-06-46-02.ulg,Sep17,0.2,144,position_rmse_m,0.03517473118565176
42,9.17数据/log_12_2026-9-17-06-46-02.ulg,Sep17,0.5,144,position_rmse_m,0.11806332490354246
42,9.17数据/log_12_2026-9-17-06-46-02.ulg,Sep17,1.0,144,position_rmse_m,0.36712023366064034
42,9.17数据/log_13_2026-9-17-06-52-30.ulg,Sep17,0.1,153,position_rmse_m,0.018184826129416076
42,9.17数据/log_13_2026-9-17-06-52-30.ulg,Sep17,0.2,153,position_rmse_m,0.039745904676685075
42,9.17数据/log_13_2026-9-17-06-52-30.ulg,Sep17,0.5,153,position_rmse_m,0.14075102856010266
42,9.17数据/log_13_2026-9-17-06-52-30.ulg,Sep17,1.0,153,position_rmse_m,0.40742323064937996
42,9.17数据/log_6_2026-9-17-06-02-24.ulg,Sep17,0.1,138,position_rmse_m,0.02141733752474187
42,9.17数据/log_6_2026-9-17-06-02-24.ulg,Sep17,0.2,138,position_rmse_m,0.04014026354601294
42,9.17数据/log_6_2026-9-17-06-02-24.ulg,Sep17,0.5,138,position_rmse_m,0.1211285007316368
42,9.17数据/log_6_2026-9-17-06-02-24.ulg,Sep17,1.0,138,position_rmse_m,0.3431625497727713
42,9.17数据/log_7_2026-9-17-06-12-16.ulg,Sep17,0.1,131,position_rmse_m,0.022393611262463545
42,9.17数据/log_7_2026-9-17-06-12-16.ulg,Sep17,0.2,131,position_rmse_m,0.0441910131276687
42,9.17数据/log_7_2026-9-17-06-12-16.ulg,Sep17,0.5,131,position_rmse_m,0.12455081058497523
42,9.17数据/log_7_2026-9-17-06-12-16.ulg,Sep17,1.0,131,position_rmse_m,0.34032639178955293
42,9.17数据/log_8_2026-9-17-06-17-52.ulg,Sep17,0.1,146,position_rmse_m,0.01604953156861117
42,9.17数据/log_8_2026-9-17-06-17-52.ulg,Sep17,0.2,146,position_rmse_m,0.038428230039853156
42,9.17数据/log_8_2026-9-17-06-17-52.ulg,Sep17,0.5,146,position_rmse_m,0.1298482609629456
42,9.17数据/log_8_2026-9-17-06-17-52.ulg,Sep17,1.0,146,position_rmse_m,0.3187264415533827
42,9.17数据/log_9_2026-9-17-06-28-10.ulg,Sep17,0.1,114,position_rmse_m,0.015403086106199964
42,9.17数据/log_9_2026-9-17-06-28-10.ulg,Sep17,0.2,114,position_rmse_m,0.04042362902506477
42,9.17数据/log_9_2026-9-17-06-28-10.ulg,Sep17,0.5,114,position_rmse_m,0.133972485272502
42,9.17数据/log_9_2026-9-17-06-28-10.ulg,Sep17,1.0,114,position_rmse_m,0.3732598471921949
42,2026.9.7/log_21_2026-9-7-05-54-56.ulg,Sep7,0.1,168,position_rmse_m,0.0154870374366681
42,2026.9.7/log_21_2026-9-7-05-54-56.ulg,Sep7,0.2,168,position_rmse_m,0.030860065242581225
42,2026.9.7/log_21_2026-9-7-05-54-56.ulg,Sep7,0.5,168,position_rmse_m,0.09982235296650889
42,2026.9.7/log_21_2026-9-7-05-54-56.ulg,Sep7,1.0,168,position_rmse_m,0.30145936965189096
42,2026.9.7/log_22_2026-9-7-06-01-40.ulg,Sep7,0.1,182,position_rmse_m,0.05926051573009462
42,2026.9.7/log_22_2026-9-7-06-01-40.ulg,Sep7,0.2,182,position_rmse_m,0.1120569415359417
42,2026.9.7/log_22_2026-9-7-06-01-40.ulg,Sep7,0.5,182,position_rmse_m,0.27025991433547875
42,2026.9.7/log_22_2026-9-7-06-01-40.ulg,Sep7,1.0,182,position_rmse_m,0.6337792453412039
42,2026.9.7/log_23_2026-9-7-06-09-22.ulg,Sep7,0.1,160,position_rmse_m,0.021540074865662145
42,2026.9.7/log_23_2026-9-7-06-09-22.ulg,Sep7,0.2,160,position_rmse_m,0.04226068784668871
42,2026.9.7/log_23_2026-9-7-06-09-22.ulg,Sep7,0.5,160,position_rmse_m,0.12659765739700252
42,2026.9.7/log_23_2026-9-7-06-09-22.ulg,Sep7,1.0,160,position_rmse_m,0.3470010498614486
42,2026.9.7/log_24_2026-9-7-06-16-04.ulg,Sep7,0.1,161,position_rmse_m,0.020647105271521686
42,2026.9.7/log_24_2026-9-7-06-16-04.ulg,Sep7,0.2,161,position_rmse_m,0.03696015339539028
42,2026.9.7/log_24_2026-9-7-06-16-04.ulg,Sep7,0.5,161,position_rmse_m,0.10780688014886484
42,2026.9.7/log_24_2026-9-7-06-16-04.ulg,Sep7,1.0,161,position_rmse_m,0.3349359471975047
42,2026.9.7/log_26_2026-9-7-06-30-26.ulg,Sep7,0.1,150,position_rmse_m,0.02180509624637793
42,2026.9.7/log_26_2026-9-7-06-30-26.ulg,Sep7,0.2,150,position_rmse_m,0.04214234205758563
42,2026.9.7/log_26_2026-9-7-06-30-26.ulg,Sep7,0.5,150,position_rmse_m,0.11022781051187289
42,2026.9.7/log_26_2026-9-7-06-30-26.ulg,Sep7,1.0,150,position_rmse_m,0.32450514732433283
42,2026.9.7/log_27_2026-9-7-06-37-24.ulg,Sep7,0.1,155,position_rmse_m,0.059141413301127065
42,2026.9.7/log_27_2026-9-7-06-37-24.ulg,Sep7,0.2,155,position_rmse_m,0.10653266440707994
42,2026.9.7/log_27_2026-9-7-06-37-24.ulg,Sep7,0.5,155,position_rmse_m,0.2318906538961374
42,2026.9.7/log_27_2026-9-7-06-37-24.ulg,Sep7,1.0,155,position_rmse_m,0.4448460498547707
42,2026.9.7/log_28_2026-9-7-06-44-02.ulg,Sep7,0.1,140,position_rmse_m,0.0853579236886691
42,2026.9.7/log_28_2026-9-7-06-44-02.ulg,Sep7,0.2,140,position_rmse_m,0.16586136750408725
42,2026.9.7/log_28_2026-9-7-06-44-02.ulg,Sep7,0.5,140,position_rmse_m,0.42092019665513497
42,2026.9.7/log_28_2026-9-7-06-44-02.ulg,Sep7,1.0,140,position_rmse_m,0.8483005272314539
42,2026.9.7/log_29_2026-9-7-06-51-04.ulg,Sep7,0.1,201,position_rmse_m,0.03874886845919224
42,2026.9.7/log_29_2026-9-7-06-51-04.ulg,Sep7,0.2,201,position_rmse_m,0.06858825365238003
42,2026.9.7/log_29_2026-9-7-06-51-04.ulg,Sep7,0.5,201,position_rmse_m,0.19431233378575144
42,2026.9.7/log_29_2026-9-7-06-51-04.ulg,Sep7,1.0,201,position_rmse_m,0.4639935170377682
42,2026.9.7/log_30_2026-9-7-06-58-22.ulg,Sep7,0.1,164,position_rmse_m,0.12774295324746807
42,2026.9.7/log_30_2026-9-7-06-58-22.ulg,Sep7,0.2,164,position_rmse_m,0.2652051635911827
42,2026.9.7/log_30_2026-9-7-06-58-22.ulg,Sep7,0.5,164,position_rmse_m,0.6682477329167995
42,2026.9.7/log_30_2026-9-7-06-58-22.ulg,Sep7,1.0,164,position_rmse_m,1.3851783551030987
17,9.17数据/log_10_2026-9-17-06-34-34.ulg,Sep17,0.1,130,velocity_rmse_m_s,0.13067711940661134
17,9.17数据/log_10_2026-9-17-06-34-34.ulg,Sep17,0.2,130,velocity_rmse_m_s,0.1975644321531554
17,9.17数据/log_10_2026-9-17-06-34-34.ulg,Sep17,0.5,130,velocity_rmse_m_s,0.38397355688232554
17,9.17数据/log_10_2026-9-17-06-34-34.ulg,Sep17,1.0,130,velocity_rmse_m_s,0.7903291329319034
17,9.17数据/log_11_2026-9-17-06-40-30.ulg,Sep17,0.1,145,velocity_rmse_m_s,0.15217442089129157
17,9.17数据/log_11_2026-9-17-06-40-30.ulg,Sep17,0.2,145,velocity_rmse_m_s,0.23575164100411014
17,9.17数据/log_11_2026-9-17-06-40-30.ulg,Sep17,0.5,145,velocity_rmse_m_s,0.3590129320489538
17,9.17数据/log_11_2026-9-17-06-40-30.ulg,Sep17,1.0,145,velocity_rmse_m_s,0.6463293235582406
17,9.17数据/log_12_2026-9-17-06-46-02.ulg,Sep17,0.1,144,velocity_rmse_m_s,0.13086222058661023
17,9.17数据/log_12_2026-9-17-06-46-02.ulg,Sep17,0.2,144,velocity_rmse_m_s,0.19705070468957156
17,9.17数据/log_12_2026-9-17-06-46-02.ulg,Sep17,0.5,144,velocity_rmse_m_s,0.37032161531341384
17,9.17数据/log_12_2026-9-17-06-46-02.ulg,Sep17,1.0,144,velocity_rmse_m_s,0.6599768267369087
17,9.17数据/log_13_2026-9-17-06-52-30.ulg,Sep17,0.1,153,velocity_rmse_m_s,0.1700440305343062
17,9.17数据/log_13_2026-9-17-06-52-30.ulg,Sep17,0.2,153,velocity_rmse_m_s,0.23836151876922873
17,9.17数据/log_13_2026-9-17-06-52-30.ulg,Sep17,0.5,153,velocity_rmse_m_s,0.39186896036113855
17,9.17数据/log_13_2026-9-17-06-52-30.ulg,Sep17,1.0,153,velocity_rmse_m_s,0.7317053681279885
17,9.17数据/log_6_2026-9-17-06-02-24.ulg,Sep17,0.1,138,velocity_rmse_m_s,0.13475604185415352
17,9.17数据/log_6_2026-9-17-06-02-24.ulg,Sep17,0.2,138,velocity_rmse_m_s,0.19759175744723662
17,9.17数据/log_6_2026-9-17-06-02-24.ulg,Sep17,0.5,138,velocity_rmse_m_s,0.3355868909071546
17,9.17数据/log_6_2026-9-17-06-02-24.ulg,Sep17,1.0,138,velocity_rmse_m_s,0.60644964886933
17,9.17数据/log_7_2026-9-17-06-12-16.ulg,Sep17,0.1,131,velocity_rmse_m_s,0.13032111327186263
17,9.17数据/log_7_2026-9-17-06-12-16.ulg,Sep17,0.2,131,velocity_rmse_m_s,0.17154600481196064
17,9.17数据/log_7_2026-9-17-06-12-16.ulg,Sep17,0.5,131,velocity_rmse_m_s,0.29859648491782387
17,9.17数据/log_7_2026-9-17-06-12-16.ulg,Sep17,1.0,131,velocity_rmse_m_s,0.6279970495934822
17,9.17数据/log_8_2026-9-17-06-17-52.ulg,Sep17,0.1,146,velocity_rmse_m_s,0.1438878117561204
17,9.17数据/log_8_2026-9-17-06-17-52.ulg,Sep17,0.2,146,velocity_rmse_m_s,0.2094634403429353
17,9.17数据/log_8_2026-9-17-06-17-52.ulg,Sep17,0.5,146,velocity_rmse_m_s,0.3594692435803127
17,9.17数据/log_8_2026-9-17-06-17-52.ulg,Sep17,1.0,146,velocity_rmse_m_s,0.6467712541104693
17,9.17数据/log_9_2026-9-17-06-28-10.ulg,Sep17,0.1,114,velocity_rmse_m_s,0.20052790687115676
17,9.17数据/log_9_2026-9-17-06-28-10.ulg,Sep17,0.2,114,velocity_rmse_m_s,0.30918460956241817
17,9.17数据/log_9_2026-9-17-06-28-10.ulg,Sep17,0.5,114,velocity_rmse_m_s,0.389508621094766
17,9.17数据/log_9_2026-9-17-06-28-10.ulg,Sep17,1.0,114,velocity_rmse_m_s,0.6860771118640652
17,2026.9.7/log_21_2026-9-7-05-54-56.ulg,Sep7,0.1,168,velocity_rmse_m_s,0.11923349609670052
17,2026.9.7/log_21_2026-9-7-05-54-56.ulg,Sep7,0.2,168,velocity_rmse_m_s,0.15533909426952716
17,2026.9.7/log_21_2026-9-7-05-54-56.ulg,Sep7,0.5,168,velocity_rmse_m_s,0.34723804138317155
17,2026.9.7/log_21_2026-9-7-05-54-56.ulg,Sep7,1.0,168,velocity_rmse_m_s,0.5861489990208459
17,2026.9.7/log_22_2026-9-7-06-01-40.ulg,Sep7,0.1,182,velocity_rmse_m_s,0.11732436847647199
17,2026.9.7/log_22_2026-9-7-06-01-40.ulg,Sep7,0.2,182,velocity_rmse_m_s,0.1716009906153253
17,2026.9.7/log_22_2026-9-7-06-01-40.ulg,Sep7,0.5,182,velocity_rmse_m_s,0.3182390753516594
17,2026.9.7/log_22_2026-9-7-06-01-40.ulg,Sep7,1.0,182,velocity_rmse_m_s,0.6059490982028282
17,2026.9.7/log_23_2026-9-7-06-09-22.ulg,Sep7,0.1,160,velocity_rmse_m_s,0.12228191324464899
17,2026.9.7/log_23_2026-9-7-06-09-22.ulg,Sep7,0.2,160,velocity_rmse_m_s,0.1565015760387926
17,2026.9.7/log_23_2026-9-7-06-09-22.ulg,Sep7,0.5,160,velocity_rmse_m_s,0.30603857174514276
17,2026.9.7/log_23_2026-9-7-06-09-22.ulg,Sep7,1.0,160,velocity_rmse_m_s,0.6854492390177201
17,2026.9.7/log_24_2026-9-7-06-16-04.ulg,Sep7,0.1,161,velocity_rmse_m_s,0.12387283284648468
17,2026.9.7/log_24_2026-9-7-06-16-04.ulg,Sep7,0.2,161,velocity_rmse_m_s,0.18094644455692704
17,2026.9.7/log_24_2026-9-7-06-16-04.ulg,Sep7,0.5,161,velocity_rmse_m_s,0.4282776879939973
17,2026.9.7/log_24_2026-9-7-06-16-04.ulg,Sep7,1.0,161,velocity_rmse_m_s,0.693525290746372
17,2026.9.7/log_26_2026-9-7-06-30-26.ulg,Sep7,0.1,150,velocity_rmse_m_s,0.277848067263074
17,2026.9.7/log_26_2026-9-7-06-30-26.ulg,Sep7,0.2,150,velocity_rmse_m_s,0.23156956397733564
17,2026.9.7/log_26_2026-9-7-06-30-26.ulg,Sep7,0.5,150,velocity_rmse_m_s,0.31259749246144486
17,2026.9.7/log_26_2026-9-7-06-30-26.ulg,Sep7,1.0,150,velocity_rmse_m_s,0.549460871926039
17,2026.9.7/log_27_2026-9-7-06-37-24.ulg,Sep7,0.1,155,velocity_rmse_m_s,0.0988383195147788
17,2026.9.7/log_27_2026-9-7-06-37-24.ulg,Sep7,0.2,155,velocity_rmse_m_s,0.12537205353900013
17,2026.9.7/log_27_2026-9-7-06-37-24.ulg,Sep7,0.5,155,velocity_rmse_m_s,0.26970378257979244
17,2026.9.7/log_27_2026-9-7-06-37-24.ulg,Sep7,1.0,155,velocity_rmse_m_s,0.5629421428144887
17,2026.9.7/log_28_2026-9-7-06-44-02.ulg,Sep7,0.1,140,velocity_rmse_m_s,0.11586115213308808
17,2026.9.7/log_28_2026-9-7-06-44-02.ulg,Sep7,0.2,140,velocity_rmse_m_s,0.16805572760176574
17,2026.9.7/log_28_2026-9-7-06-44-02.ulg,Sep7,0.5,140,velocity_rmse_m_s,0.2833550599047995
17,2026.9.7/log_28_2026-9-7-06-44-02.ulg,Sep7,1.0,140,velocity_rmse_m_s,0.574934828098384
17,2026.9.7/log_29_2026-9-7-06-51-04.ulg,Sep7,0.1,201,velocity_rmse_m_s,0.09883087135281898
17,2026.9.7/log_29_2026-9-7-06-51-04.ulg,Sep7,0.2,201,velocity_rmse_m_s,0.13699178263631911
17,2026.9.7/log_29_2026-9-7-06-51-04.ulg,Sep7,0.5,201,velocity_rmse_m_s,0.45625683945038514
17,2026.9.7/log_29_2026-9-7-06-51-04.ulg,Sep7,1.0,201,velocity_rmse_m_s,0.5463839115254244
17,2026.9.7/log_30_2026-9-7-06-58-22.ulg,Sep7,0.1,164,velocity_rmse_m_s,0.11875372556944028
17,2026.9.7/log_30_2026-9-7-06-58-22.ulg,Sep7,0.2,164,velocity_rmse_m_s,0.16984190724315706
17,2026.9.7/log_30_2026-9-7-06-58-22.ulg,Sep7,0.5,164,velocity_rmse_m_s,0.36052035082151257
17,2026.9.7/log_30_2026-9-7-06-58-22.ulg,Sep7,1.0,164,velocity_rmse_m_s,0.6751381607299684
23,9.17数据/log_10_2026-9-17-06-34-34.ulg,Sep17,0.1,130,velocity_rmse_m_s,0.13811248432822024
23,9.17数据/log_10_2026-9-17-06-34-34.ulg,Sep17,0.2,130,velocity_rmse_m_s,0.19947674516524377
23,9.17数据/log_10_2026-9-17-06-34-34.ulg,Sep17,0.5,130,velocity_rmse_m_s,0.3862584462394438
23,9.17数据/log_10_2026-9-17-06-34-34.ulg,Sep17,1.0,130,velocity_rmse_m_s,0.7894268211525483
23,9.17数据/log_11_2026-9-17-06-40-30.ulg,Sep17,0.1,145,velocity_rmse_m_s,0.1785442671327195
23,9.17数据/log_11_2026-9-17-06-40-30.ulg,Sep17,0.2,145,velocity_rmse_m_s,0.2202462849660264
23,9.17数据/log_11_2026-9-17-06-40-30.ulg,Sep17,0.5,145,velocity_rmse_m_s,0.3866210710875046
23,9.17数据/log_11_2026-9-17-06-40-30.ulg,Sep17,1.0,145,velocity_rmse_m_s,0.6987296819381121
23,9.17数据/log_12_2026-9-17-06-46-02.ulg,Sep17,0.1,144,velocity_rmse_m_s,0.1332084890887313
23,9.17数据/log_12_2026-9-17-06-46-02.ulg,Sep17,0.2,144,velocity_rmse_m_s,0.1961171088355189
23,9.17数据/log_12_2026-9-17-06-46-02.ulg,Sep17,0.5,144,velocity_rmse_m_s,0.39922960389047596
23,9.17数据/log_12_2026-9-17-06-46-02.ulg,Sep17,1.0,144,velocity_rmse_m_s,0.7080083569482151
23,9.17数据/log_13_2026-9-17-06-52-30.ulg,Sep17,0.1,153,velocity_rmse_m_s,0.17132903482544115
23,9.17数据/log_13_2026-9-17-06-52-30.ulg,Sep17,0.2,153,velocity_rmse_m_s,0.23587856525635897
23,9.17数据/log_13_2026-9-17-06-52-30.ulg,Sep17,0.5,153,velocity_rmse_m_s,0.39863636196677055
23,9.17数据/log_13_2026-9-17-06-52-30.ulg,Sep17,1.0,153,velocity_rmse_m_s,0.74096536971764
23,9.17数据/log_6_2026-9-17-06-02-24.ulg,Sep17,0.1,138,velocity_rmse_m_s,0.14121628432043956
23,9.17数据/log_6_2026-9-17-06-02-24.ulg,Sep17,0.2,138,velocity_rmse_m_s,0.1921631740471985
23,9.17数据/log_6_2026-9-17-06-02-24.ulg,Sep17,0.5,138,velocity_rmse_m_s,0.3606865547596277
23,9.17数据/log_6_2026-9-17-06-02-24.ulg,Sep17,1.0,138,velocity_rmse_m_s,0.6203611072989392
23,9.17数据/log_7_2026-9-17-06-12-16.ulg,Sep17,0.1,131,velocity_rmse_m_s,0.1402913767261068
23,9.17数据/log_7_2026-9-17-06-12-16.ulg,Sep17,0.2,131,velocity_rmse_m_s,0.17065828658369644
23,9.17数据/log_7_2026-9-17-06-12-16.ulg,Sep17,0.5,131,velocity_rmse_m_s,0.32279164667635823
23,9.17数据/log_7_2026-9-17-06-12-16.ulg,Sep17,1.0,131,velocity_rmse_m_s,0.6175674878544526
23,9.17数据/log_8_2026-9-17-06-17-52.ulg,Sep17,0.1,146,velocity_rmse_m_s,0.14711975613922548
23,9.17数据/log_8_2026-9-17-06-17-52.ulg,Sep17,0.2,146,velocity_rmse_m_s,0.21520195439331766
23,9.17数据/log_8_2026-9-17-06-17-52.ulg,Sep17,0.5,146,velocity_rmse_m_s,0.4020895005105765
23,9.17数据/log_8_2026-9-17-06-17-52.ulg,Sep17,1.0,146,velocity_rmse_m_s,0.6456370282736422
23,9.17数据/log_9_2026-9-17-06-28-10.ulg,Sep17,0.1,114,velocity_rmse_m_s,0.21892278342183658
23,9.17数据/log_9_2026-9-17-06-28-10.ulg,Sep17,0.2,114,velocity_rmse_m_s,0.3409771489399579
23,9.17数据/log_9_2026-9-17-06-28-10.ulg,Sep17,0.5,114,velocity_rmse_m_s,0.45713074459321773
23,9.17数据/log_9_2026-9-17-06-28-10.ulg,Sep17,1.0,114,velocity_rmse_m_s,0.7356089850098653
23,2026.9.7/log_21_2026-9-7-05-54-56.ulg,Sep7,0.1,168,velocity_rmse_m_s,0.1169695125208257
23,2026.9.7/log_21_2026-9-7-05-54-56.ulg,Sep7,0.2,168,velocity_rmse_m_s,0.15519208286322372
23,2026.9.7/log_21_2026-9-7-05-54-56.ulg,Sep7,0.5,168,velocity_rmse_m_s,0.36650845624687406
23,2026.9.7/log_21_2026-9-7-05-54-56.ulg,Sep7,1.0,168,velocity_rmse_m_s,0.6090187276483905
23,2026.9.7/log_22_2026-9-7-06-01-40.ulg,Sep7,0.1,182,velocity_rmse_m_s,0.1693473407766938
23,2026.9.7/log_22_2026-9-7-06-01-40.ulg,Sep7,0.2,182,velocity_rmse_m_s,0.2392015908623134
23,2026.9.7/log_22_2026-9-7-06-01-40.ulg,Sep7,0.5,182,velocity_rmse_m_s,0.3558167052204585
23,2026.9.7/log_22_2026-9-7-06-01-40.ulg,Sep7,1.0,182,velocity_rmse_m_s,0.6522470331071407
23,2026.9.7/log_23_2026-9-7-06-09-22.ulg,Sep7,0.1,160,velocity_rmse_m_s,0.1330555535458376
23,2026.9.7/log_23_2026-9-7-06-09-22.ulg,Sep7,0.2,160,velocity_rmse_m_s,0.1687508261218181
23,2026.9.7/log_23_2026-9-7-06-09-22.ulg,Sep7,0.5,160,velocity_rmse_m_s,0.31320209526008796
23,2026.9.7/log_23_2026-9-7-06-09-22.ulg,Sep7,1.0,160,velocity_rmse_m_s,0.6838612647480785
23,2026.9.7/log_24_2026-9-7-06-16-04.ulg,Sep7,0.1,161,velocity_rmse_m_s,0.12059192460014553
23,2026.9.7/log_24_2026-9-7-06-16-04.ulg,Sep7,0.2,161,velocity_rmse_m_s,0.19018714066739667
23,2026.9.7/log_24_2026-9-7-06-16-04.ulg,Sep7,0.5,161,velocity_rmse_m_s,0.38941938237993395
23,2026.9.7/log_24_2026-9-7-06-16-04.ulg,Sep7,1.0,161,velocity_rmse_m_s,0.7189910944977189
23,2026.9.7/log_26_2026-9-7-06-30-26.ulg,Sep7,0.1,150,velocity_rmse_m_s,0.28064132898929883
23,2026.9.7/log_26_2026-9-7-06-30-26.ulg,Sep7,0.2,150,velocity_rmse_m_s,0.22619789599463613
23,2026.9.7/log_26_2026-9-7-06-30-26.ulg,Sep7,0.5,150,velocity_rmse_m_s,0.30086537468273794
23,2026.9.7/log_26_2026-9-7-06-30-26.ulg,Sep7,1.0,150,velocity_rmse_m_s,0.5629157287770605
23,2026.9.7/log_27_2026-9-7-06-37-24.ulg,Sep7,0.1,155,velocity_rmse_m_s,0.10415698823010253
23,2026.9.7/log_27_2026-9-7-06-37-24.ulg,Sep7,0.2,155,velocity_rmse_m_s,0.13196227704759592
23,2026.9.7/log_27_2026-9-7-06-37-24.ulg,Sep7,0.5,155,velocity_rmse_m_s,0.2670856723591935
23,2026.9.7/log_27_2026-9-7-06-37-24.ulg,Sep7,1.0,155,velocity_rmse_m_s,0.5333151567377336
23,2026.9.7/log_28_2026-9-7-06-44-02.ulg,Sep7,0.1,140,velocity_rmse_m_s,0.12227364847184458
23,2026.9.7/log_28_2026-9-7-06-44-02.ulg,Sep7,0.2,140,velocity_rmse_m_s,0.17759708299061713
23,2026.9.7/log_28_2026-9-7-06-44-02.ulg,Sep7,0.5,140,velocity_rmse_m_s,0.30897446266150946
23,2026.9.7/log_28_2026-9-7-06-44-02.ulg,Sep7,1.0,140,velocity_rmse_m_s,0.6208578470408732
23,2026.9.7/log_29_2026-9-7-06-51-04.ulg,Sep7,0.1,201,velocity_rmse_m_s,0.107903055752255
23,2026.9.7/log_29_2026-9-7-06-51-04.ulg,Sep7,0.2,201,velocity_rmse_m_s,0.1413051237293334
23,2026.9.7/log_29_2026-9-7-06-51-04.ulg,Sep7,0.5,201,velocity_rmse_m_s,0.42813047751903954
23,2026.9.7/log_29_2026-9-7-06-51-04.ulg,Sep7,1.0,201,velocity_rmse_m_s,0.4812583057921266
23,2026.9.7/log_30_2026-9-7-06-58-22.ulg,Sep7,0.1,164,velocity_rmse_m_s,0.1174110797441378
23,2026.9.7/log_30_2026-9-7-06-58-22.ulg,Sep7,0.2,164,velocity_rmse_m_s,0.17789096983694314
23,2026.9.7/log_30_2026-9-7-06-58-22.ulg,Sep7,0.5,164,velocity_rmse_m_s,0.3647444723301574
23,2026.9.7/log_30_2026-9-7-06-58-22.ulg,Sep7,1.0,164,velocity_rmse_m_s,0.6789886762607458
42,9.17数据/log_10_2026-9-17-06-34-34.ulg,Sep17,0.1,130,velocity_rmse_m_s,0.14206310705695252
42,9.17数据/log_10_2026-9-17-06-34-34.ulg,Sep17,0.2,130,velocity_rmse_m_s,0.19692718551015728
42,9.17数据/log_10_2026-9-17-06-34-34.ulg,Sep17,0.5,130,velocity_rmse_m_s,0.3848589387100279
42,9.17数据/log_10_2026-9-17-06-34-34.ulg,Sep17,1.0,130,velocity_rmse_m_s,0.7957967742545887
42,9.17数据/log_11_2026-9-17-06-40-30.ulg,Sep17,0.1,145,velocity_rmse_m_s,0.14996517739859483
42,9.17数据/log_11_2026-9-17-06-40-30.ulg,Sep17,0.2,145,velocity_rmse_m_s,0.2338380656381941
42,9.17数据/log_11_2026-9-17-06-40-30.ulg,Sep17,0.5,145,velocity_rmse_m_s,0.3687931140137959
42,9.17数据/log_11_2026-9-17-06-40-30.ulg,Sep17,1.0,145,velocity_rmse_m_s,0.6620180260057575
42,9.17数据/log_12_2026-9-17-06-46-02.ulg,Sep17,0.1,144,velocity_rmse_m_s,0.13596617032485903
42,9.17数据/log_12_2026-9-17-06-46-02.ulg,Sep17,0.2,144,velocity_rmse_m_s,0.199586514843223
42,9.17数据/log_12_2026-9-17-06-46-02.ulg,Sep17,0.5,144,velocity_rmse_m_s,0.39892961064843624
42,9.17数据/log_12_2026-9-17-06-46-02.ulg,Sep17,1.0,144,velocity_rmse_m_s,0.7079242756189372
42,9.17数据/log_13_2026-9-17-06-52-30.ulg,Sep17,0.1,153,velocity_rmse_m_s,0.17028540981885812
42,9.17数据/log_13_2026-9-17-06-52-30.ulg,Sep17,0.2,153,velocity_rmse_m_s,0.2292626956400352
42,9.17数据/log_13_2026-9-17-06-52-30.ulg,Sep17,0.5,153,velocity_rmse_m_s,0.4164131618642604
42,9.17数据/log_13_2026-9-17-06-52-30.ulg,Sep17,1.0,153,velocity_rmse_m_s,0.7072043755148842
42,9.17数据/log_6_2026-9-17-06-02-24.ulg,Sep17,0.1,138,velocity_rmse_m_s,0.13607714477938557
42,9.17数据/log_6_2026-9-17-06-02-24.ulg,Sep17,0.2,138,velocity_rmse_m_s,0.19595186459678318
42,9.17数据/log_6_2026-9-17-06-02-24.ulg,Sep17,0.5,138,velocity_rmse_m_s,0.32977520054779624
42,9.17数据/log_6_2026-9-17-06-02-24.ulg,Sep17,1.0,138,velocity_rmse_m_s,0.6359082002556945
42,9.17数据/log_7_2026-9-17-06-12-16.ulg,Sep17,0.1,131,velocity_rmse_m_s,0.13009969904283591
42,9.17数据/log_7_2026-9-17-06-12-16.ulg,Sep17,0.2,131,velocity_rmse_m_s,0.1663972750539803
42,9.17数据/log_7_2026-9-17-06-12-16.ulg,Sep17,0.5,131,velocity_rmse_m_s,0.30595495365593833
42,9.17数据/log_7_2026-9-17-06-12-16.ulg,Sep17,1.0,131,velocity_rmse_m_s,0.6367439049479311
42,9.17数据/log_8_2026-9-17-06-17-52.ulg,Sep17,0.1,146,velocity_rmse_m_s,0.14969195009194394
42,9.17数据/log_8_2026-9-17-06-17-52.ulg,Sep17,0.2,146,velocity_rmse_m_s,0.22295186363057676
42,9.17数据/log_8_2026-9-17-06-17-52.ulg,Sep17,0.5,146,velocity_rmse_m_s,0.3758458482707969
42,9.17数据/log_8_2026-9-17-06-17-52.ulg,Sep17,1.0,146,velocity_rmse_m_s,0.6359673400637449
42,9.17数据/log_9_2026-9-17-06-28-10.ulg,Sep17,0.1,114,velocity_rmse_m_s,0.20265708177969272
42,9.17数据/log_9_2026-9-17-06-28-10.ulg,Sep17,0.2,114,velocity_rmse_m_s,0.32051912156780077
42,9.17数据/log_9_2026-9-17-06-28-10.ulg,Sep17,0.5,114,velocity_rmse_m_s,0.38429110691282975
42,9.17数据/log_9_2026-9-17-06-28-10.ulg,Sep17,1.0,114,velocity_rmse_m_s,0.7825321363954548
42,2026.9.7/log_21_2026-9-7-05-54-56.ulg,Sep7,0.1,168,velocity_rmse_m_s,0.12524269694487253
42,2026.9.7/log_21_2026-9-7-05-54-56.ulg,Sep7,0.2,168,velocity_rmse_m_s,0.16144649613539874
42,2026.9.7/log_21_2026-9-7-05-54-56.ulg,Sep7,0.5,168,velocity_rmse_m_s,0.3461571489395044
42,2026.9.7/log_21_2026-9-7-05-54-56.ulg,Sep7,1.0,168,velocity_rmse_m_s,0.585267912673652
42,2026.9.7/log_22_2026-9-7-06-01-40.ulg,Sep7,0.1,182,velocity_rmse_m_s,0.12250210005503467
42,2026.9.7/log_22_2026-9-7-06-01-40.ulg,Sep7,0.2,182,velocity_rmse_m_s,0.17765236176274804
42,2026.9.7/log_22_2026-9-7-06-01-40.ulg,Sep7,0.5,182,velocity_rmse_m_s,0.33027805266817356
42,2026.9.7/log_22_2026-9-7-06-01-40.ulg,Sep7,1.0,182,velocity_rmse_m_s,0.6489428867382232
42,2026.9.7/log_23_2026-9-7-06-09-22.ulg,Sep7,0.1,160,velocity_rmse_m_s,0.1394272815235629
42,2026.9.7/log_23_2026-9-7-06-09-22.ulg,Sep7,0.2,160,velocity_rmse_m_s,0.18050711642909664
42,2026.9.7/log_23_2026-9-7-06-09-22.ulg,Sep7,0.5,160,velocity_rmse_m_s,0.32650911375185804
42,2026.9.7/log_23_2026-9-7-06-09-22.ulg,Sep7,1.0,160,velocity_rmse_m_s,0.6645561862438991
42,2026.9.7/log_24_2026-9-7-06-16-04.ulg,Sep7,0.1,161,velocity_rmse_m_s,0.13075393058745077
42,2026.9.7/log_24_2026-9-7-06-16-04.ulg,Sep7,0.2,161,velocity_rmse_m_s,0.19759683429491212
42,2026.9.7/log_24_2026-9-7-06-16-04.ulg,Sep7,0.5,161,velocity_rmse_m_s,0.39680031421937323
42,2026.9.7/log_24_2026-9-7-06-16-04.ulg,Sep7,1.0,161,velocity_rmse_m_s,0.7230552703712687
42,2026.9.7/log_26_2026-9-7-06-30-26.ulg,Sep7,0.1,150,velocity_rmse_m_s,0.26296657387802536
42,2026.9.7/log_26_2026-9-7-06-30-26.ulg,Sep7,0.2,150,velocity_rmse_m_s,0.20615194195757097
42,2026.9.7/log_26_2026-9-7-06-30-26.ulg,Sep7,0.5,150,velocity_rmse_m_s,0.3077489273170418
42,2026.9.7/log_26_2026-9-7-06-30-26.ulg,Sep7,1.0,150,velocity_rmse_m_s,0.5700250182015881
42,2026.9.7/log_27_2026-9-7-06-37-24.ulg,Sep7,0.1,155,velocity_rmse_m_s,0.10922603803826703
42,2026.9.7/log_27_2026-9-7-06-37-24.ulg,Sep7,0.2,155,velocity_rmse_m_s,0.1347865517510413
42,2026.9.7/log_27_2026-9-7-06-37-24.ulg,Sep7,0.5,155,velocity_rmse_m_s,0.25864588495340907
42,2026.9.7/log_27_2026-9-7-06-37-24.ulg,Sep7,1.0,155,velocity_rmse_m_s,0.5145601198951297
42,2026.9.7/log_28_2026-9-7-06-44-02.ulg,Sep7,0.1,140,velocity_rmse_m_s,0.120684916729796
42,2026.9.7/log_28_2026-9-7-06-44-02.ulg,Sep7,0.2,140,velocity_rmse_m_s,0.18095493489329512
42,2026.9.7/log_28_2026-9-7-06-44-02.ulg,Sep7,0.5,140,velocity_rmse_m_s,0.28380529210668676
42,2026.9.7/log_28_2026-9-7-06-44-02.ulg,Sep7,1.0,140,velocity_rmse_m_s,0.5689370083603463
42,2026.9.7/log_29_2026-9-7-06-51-04.ulg,Sep7,0.1,201,velocity_rmse_m_s,0.1083829500438471
42,2026.9.7/log_29_2026-9-7-06-51-04.ulg,Sep7,0.2,201,velocity_rmse_m_s,0.15039265619812986
42,2026.9.7/log_29_2026-9-7-06-51-04.ulg,Sep7,0.5,201,velocity_rmse_m_s,0.4589685713111272
42,2026.9.7/log_29_2026-9-7-06-51-04.ulg,Sep7,1.0,201,velocity_rmse_m_s,0.5187300208485336
42,2026.9.7/log_30_2026-9-7-06-58-22.ulg,Sep7,0.1,164,velocity_rmse_m_s,0.12819453219059426
42,2026.9.7/log_30_2026-9-7-06-58-22.ulg,Sep7,0.2,164,velocity_rmse_m_s,0.1803877753860598
42,2026.9.7/log_30_2026-9-7-06-58-22.ulg,Sep7,0.5,164,velocity_rmse_m_s,0.3691362030312705
42,2026.9.7/log_30_2026-9-7-06-58-22.ulg,Sep7,1.0,164,velocity_rmse_m_s,0.7036729382554192
17,9.17数据/log_10_2026-9-17-06-34-34.ulg,Sep17,0.1,130,attitude_error_deg,1.4410999360178014
17,9.17数据/log_10_2026-9-17-06-34-34.ulg,Sep17,0.2,130,attitude_error_deg,2.3960610729695992
17,9.17数据/log_10_2026-9-17-06-34-34.ulg,Sep17,0.5,130,attitude_error_deg,4.985910059134662
17,9.17数据/log_10_2026-9-17-06-34-34.ulg,Sep17,1.0,130,attitude_error_deg,8.853941372264952
17,9.17数据/log_11_2026-9-17-06-40-30.ulg,Sep17,0.1,145,attitude_error_deg,1.6259623537931107
17,9.17数据/log_11_2026-9-17-06-40-30.ulg,Sep17,0.2,145,attitude_error_deg,2.329150837533536
17,9.17数据/log_11_2026-9-17-06-40-30.ulg,Sep17,0.5,145,attitude_error_deg,4.505579050261945
17,9.17数据/log_11_2026-9-17-06-40-30.ulg,Sep17,1.0,145,attitude_error_deg,7.415776127747257
17,9.17数据/log_12_2026-9-17-06-46-02.ulg,Sep17,0.1,144,attitude_error_deg,1.372988414283706
17,9.17数据/log_12_2026-9-17-06-46-02.ulg,Sep17,0.2,144,attitude_error_deg,2.0131216708758846
17,9.17数据/log_12_2026-9-17-06-46-02.ulg,Sep17,0.5,144,attitude_error_deg,4.22265671060065
17,9.17数据/log_12_2026-9-17-06-46-02.ulg,Sep17,1.0,144,attitude_error_deg,6.456471918787028
17,9.17数据/log_13_2026-9-17-06-52-30.ulg,Sep17,0.1,153,attitude_error_deg,1.5619469278092148
17,9.17数据/log_13_2026-9-17-06-52-30.ulg,Sep17,0.2,153,attitude_error_deg,2.5979264990960917
17,9.17数据/log_13_2026-9-17-06-52-30.ulg,Sep17,0.5,153,attitude_error_deg,5.048225138399652
17,9.17数据/log_13_2026-9-17-06-52-30.ulg,Sep17,1.0,153,attitude_error_deg,8.37128908537877
17,9.17数据/log_6_2026-9-17-06-02-24.ulg,Sep17,0.1,138,attitude_error_deg,1.3584131333836744
17,9.17数据/log_6_2026-9-17-06-02-24.ulg,Sep17,0.2,138,attitude_error_deg,2.5304852326887937
17,9.17数据/log_6_2026-9-17-06-02-24.ulg,Sep17,0.5,138,attitude_error_deg,4.677233335191161
17,9.17数据/log_6_2026-9-17-06-02-24.ulg,Sep17,1.0,138,attitude_error_deg,7.578453866323518
17,9.17数据/log_7_2026-9-17-06-12-16.ulg,Sep17,0.1,131,attitude_error_deg,1.4079197599700108
17,9.17数据/log_7_2026-9-17-06-12-16.ulg,Sep17,0.2,131,attitude_error_deg,1.959053231765182
17,9.17数据/log_7_2026-9-17-06-12-16.ulg,Sep17,0.5,131,attitude_error_deg,4.081483297050321
17,9.17数据/log_7_2026-9-17-06-12-16.ulg,Sep17,1.0,131,attitude_error_deg,7.450525921721815
17,9.17数据/log_8_2026-9-17-06-17-52.ulg,Sep17,0.1,146,attitude_error_deg,1.4032411079469826
17,9.17数据/log_8_2026-9-17-06-17-52.ulg,Sep17,0.2,146,attitude_error_deg,2.3728601924869186
17,9.17数据/log_8_2026-9-17-06-17-52.ulg,Sep17,0.5,146,attitude_error_deg,4.275844100866328
17,9.17数据/log_8_2026-9-17-06-17-52.ulg,Sep17,1.0,146,attitude_error_deg,7.212742927965045
17,9.17数据/log_9_2026-9-17-06-28-10.ulg,Sep17,0.1,114,attitude_error_deg,1.4716326013254215
17,9.17数据/log_9_2026-9-17-06-28-10.ulg,Sep17,0.2,114,attitude_error_deg,2.3246061939618996
17,9.17数据/log_9_2026-9-17-06-28-10.ulg,Sep17,0.5,114,attitude_error_deg,4.413815737028658
17,9.17数据/log_9_2026-9-17-06-28-10.ulg,Sep17,1.0,114,attitude_error_deg,8.065678914528227
17,2026.9.7/log_21_2026-9-7-05-54-56.ulg,Sep7,0.1,168,attitude_error_deg,1.3165172441700261
17,2026.9.7/log_21_2026-9-7-05-54-56.ulg,Sep7,0.2,168,attitude_error_deg,2.1672846472838296
17,2026.9.7/log_21_2026-9-7-05-54-56.ulg,Sep7,0.5,168,attitude_error_deg,4.136544675776466
17,2026.9.7/log_21_2026-9-7-05-54-56.ulg,Sep7,1.0,168,attitude_error_deg,6.869961961100897
17,2026.9.7/log_22_2026-9-7-06-01-40.ulg,Sep7,0.1,182,attitude_error_deg,1.401723855665228
17,2026.9.7/log_22_2026-9-7-06-01-40.ulg,Sep7,0.2,182,attitude_error_deg,2.2468225055099533
17,2026.9.7/log_22_2026-9-7-06-01-40.ulg,Sep7,0.5,182,attitude_error_deg,3.9011101617353527
17,2026.9.7/log_22_2026-9-7-06-01-40.ulg,Sep7,1.0,182,attitude_error_deg,5.761672012596997
17,2026.9.7/log_23_2026-9-7-06-09-22.ulg,Sep7,0.1,160,attitude_error_deg,1.4271107125535334
17,2026.9.7/log_23_2026-9-7-06-09-22.ulg,Sep7,0.2,160,attitude_error_deg,2.2354934342852286
17,2026.9.7/log_23_2026-9-7-06-09-22.ulg,Sep7,0.5,160,attitude_error_deg,3.8318947678208937
17,2026.9.7/log_23_2026-9-7-06-09-22.ulg,Sep7,1.0,160,attitude_error_deg,6.09011037483899
17,2026.9.7/log_24_2026-9-7-06-16-04.ulg,Sep7,0.1,161,attitude_error_deg,1.4021935754925106
17,2026.9.7/log_24_2026-9-7-06-16-04.ulg,Sep7,0.2,161,attitude_error_deg,2.220722223160671
17,2026.9.7/log_24_2026-9-7-06-16-04.ulg,Sep7,0.5,161,attitude_error_deg,4.13966367708682
17,2026.9.7/log_24_2026-9-7-06-16-04.ulg,Sep7,1.0,161,attitude_error_deg,6.94548536787599
17,2026.9.7/log_26_2026-9-7-06-30-26.ulg,Sep7,0.1,150,attitude_error_deg,1.259540986268535
17,2026.9.7/log_26_2026-9-7-06-30-26.ulg,Sep7,0.2,150,attitude_error_deg,1.9873065906407763
17,2026.9.7/log_26_2026-9-7-06-30-26.ulg,Sep7,0.5,150,attitude_error_deg,3.5228423126998925
17,2026.9.7/log_26_2026-9-7-06-30-26.ulg,Sep7,1.0,150,attitude_error_deg,5.264845878903599
17,2026.9.7/log_27_2026-9-7-06-37-24.ulg,Sep7,0.1,155,attitude_error_deg,1.2146077739879368
17,2026.9.7/log_27_2026-9-7-06-37-24.ulg,Sep7,0.2,155,attitude_error_deg,1.7833133968606287
17,2026.9.7/log_27_2026-9-7-06-37-24.ulg,Sep7,0.5,155,attitude_error_deg,3.025534219122878
17,2026.9.7/log_27_2026-9-7-06-37-24.ulg,Sep7,1.0,155,attitude_error_deg,5.523693698464578
17,2026.9.7/log_28_2026-9-7-06-44-02.ulg,Sep7,0.1,140,attitude_error_deg,1.222540263772063
17,2026.9.7/log_28_2026-9-7-06-44-02.ulg,Sep7,0.2,140,attitude_error_deg,1.7316458490071949
17,2026.9.7/log_28_2026-9-7-06-44-02.ulg,Sep7,0.5,140,attitude_error_deg,3.1110810861331375
17,2026.9.7/log_28_2026-9-7-06-44-02.ulg,Sep7,1.0,140,attitude_error_deg,5.3289770812417805
17,2026.9.7/log_29_2026-9-7-06-51-04.ulg,Sep7,0.1,201,attitude_error_deg,1.2962024433458856
17,2026.9.7/log_29_2026-9-7-06-51-04.ulg,Sep7,0.2,201,attitude_error_deg,1.8216191094505327
17,2026.9.7/log_29_2026-9-7-06-51-04.ulg,Sep7,0.5,201,attitude_error_deg,3.137735206994753
17,2026.9.7/log_29_2026-9-7-06-51-04.ulg,Sep7,1.0,201,attitude_error_deg,5.732273202765129
17,2026.9.7/log_30_2026-9-7-06-58-22.ulg,Sep7,0.1,164,attitude_error_deg,1.3529983087127788
17,2026.9.7/log_30_2026-9-7-06-58-22.ulg,Sep7,0.2,164,attitude_error_deg,1.8992514633199413
17,2026.9.7/log_30_2026-9-7-06-58-22.ulg,Sep7,0.5,164,attitude_error_deg,3.556422583398095
17,2026.9.7/log_30_2026-9-7-06-58-22.ulg,Sep7,1.0,164,attitude_error_deg,5.720498697395104
23,9.17数据/log_10_2026-9-17-06-34-34.ulg,Sep17,0.1,130,attitude_error_deg,1.4332487400108433
23,9.17数据/log_10_2026-9-17-06-34-34.ulg,Sep17,0.2,130,attitude_error_deg,2.402760284007449
23,9.17数据/log_10_2026-9-17-06-34-34.ulg,Sep17,0.5,130,attitude_error_deg,4.848701375581996
23,9.17数据/log_10_2026-9-17-06-34-34.ulg,Sep17,1.0,130,attitude_error_deg,8.096153644525796
23,9.17数据/log_11_2026-9-17-06-40-30.ulg,Sep17,0.1,145,attitude_error_deg,1.5953261403915036
23,9.17数据/log_11_2026-9-17-06-40-30.ulg,Sep17,0.2,145,attitude_error_deg,2.2769621319070716
23,9.17数据/log_11_2026-9-17-06-40-30.ulg,Sep17,0.5,145,attitude_error_deg,4.491426186810249
23,9.17数据/log_11_2026-9-17-06-40-30.ulg,Sep17,1.0,145,attitude_error_deg,7.140609043755597
23,9.17数据/log_12_2026-9-17-06-46-02.ulg,Sep17,0.1,144,attitude_error_deg,1.3882249491639935
23,9.17数据/log_12_2026-9-17-06-46-02.ulg,Sep17,0.2,144,attitude_error_deg,2.1152253464663406
23,9.17数据/log_12_2026-9-17-06-46-02.ulg,Sep17,0.5,144,attitude_error_deg,4.307539174364803
23,9.17数据/log_12_2026-9-17-06-46-02.ulg,Sep17,1.0,144,attitude_error_deg,6.643860392797955
23,9.17数据/log_13_2026-9-17-06-52-30.ulg,Sep17,0.1,153,attitude_error_deg,1.6077823507425213
23,9.17数据/log_13_2026-9-17-06-52-30.ulg,Sep17,0.2,153,attitude_error_deg,2.6247150492351836
23,9.17数据/log_13_2026-9-17-06-52-30.ulg,Sep17,0.5,153,attitude_error_deg,5.0649545268639695
23,9.17数据/log_13_2026-9-17-06-52-30.ulg,Sep17,1.0,153,attitude_error_deg,7.485016395672595
23,9.17数据/log_6_2026-9-17-06-02-24.ulg,Sep17,0.1,138,attitude_error_deg,1.4028923077092343
23,9.17数据/log_6_2026-9-17-06-02-24.ulg,Sep17,0.2,138,attitude_error_deg,2.662667441813176
23,9.17数据/log_6_2026-9-17-06-02-24.ulg,Sep17,0.5,138,attitude_error_deg,4.619271495048223
23,9.17数据/log_6_2026-9-17-06-02-24.ulg,Sep17,1.0,138,attitude_error_deg,6.923517435978626
23,9.17数据/log_7_2026-9-17-06-12-16.ulg,Sep17,0.1,131,attitude_error_deg,1.4567956821848602
23,9.17数据/log_7_2026-9-17-06-12-16.ulg,Sep17,0.2,131,attitude_error_deg,2.086558475570407
23,9.17数据/log_7_2026-9-17-06-12-16.ulg,Sep17,0.5,131,attitude_error_deg,4.077390711100409
23,9.17数据/log_7_2026-9-17-06-12-16.ulg,Sep17,1.0,131,attitude_error_deg,6.79692473975602
23,9.17数据/log_8_2026-9-17-06-17-52.ulg,Sep17,0.1,146,attitude_error_deg,1.4127356415364263
23,9.17数据/log_8_2026-9-17-06-17-52.ulg,Sep17,0.2,146,attitude_error_deg,2.4472499351997326
23,9.17数据/log_8_2026-9-17-06-17-52.ulg,Sep17,0.5,146,attitude_error_deg,4.274135278391905
23,9.17数据/log_8_2026-9-17-06-17-52.ulg,Sep17,1.0,146,attitude_error_deg,6.762144433818969
23,9.17数据/log_9_2026-9-17-06-28-10.ulg,Sep17,0.1,114,attitude_error_deg,1.5122530740150777
23,9.17数据/log_9_2026-9-17-06-28-10.ulg,Sep17,0.2,114,attitude_error_deg,2.467632476403345
23,9.17数据/log_9_2026-9-17-06-28-10.ulg,Sep17,0.5,114,attitude_error_deg,4.25690012236009
23,9.17数据/log_9_2026-9-17-06-28-10.ulg,Sep17,1.0,114,attitude_error_deg,7.5336624831474905
23,2026.9.7/log_21_2026-9-7-05-54-56.ulg,Sep7,0.1,168,attitude_error_deg,1.347610088229258
23,2026.9.7/log_21_2026-9-7-05-54-56.ulg,Sep7,0.2,168,attitude_error_deg,2.231111083898359
23,2026.9.7/log_21_2026-9-7-05-54-56.ulg,Sep7,0.5,168,attitude_error_deg,4.224605493060557
23,2026.9.7/log_21_2026-9-7-05-54-56.ulg,Sep7,1.0,168,attitude_error_deg,7.110265342712697
23,2026.9.7/log_22_2026-9-7-06-01-40.ulg,Sep7,0.1,182,attitude_error_deg,1.5366032081087821
23,2026.9.7/log_22_2026-9-7-06-01-40.ulg,Sep7,0.2,182,attitude_error_deg,2.30732591968709
23,2026.9.7/log_22_2026-9-7-06-01-40.ulg,Sep7,0.5,182,attitude_error_deg,3.9497741868988303
23,2026.9.7/log_22_2026-9-7-06-01-40.ulg,Sep7,1.0,182,attitude_error_deg,5.871075966549847
23,2026.9.7/log_23_2026-9-7-06-09-22.ulg,Sep7,0.1,160,attitude_error_deg,1.4773970360594233
23,2026.9.7/log_23_2026-9-7-06-09-22.ulg,Sep7,0.2,160,attitude_error_deg,2.308166573682918
23,2026.9.7/log_23_2026-9-7-06-09-22.ulg,Sep7,0.5,160,attitude_error_deg,4.039917319037453
23,2026.9.7/log_23_2026-9-7-06-09-22.ulg,Sep7,1.0,160,attitude_error_deg,6.29555648122565
23,2026.9.7/log_24_2026-9-7-06-16-04.ulg,Sep7,0.1,161,attitude_error_deg,1.5147492714257353
23,2026.9.7/log_24_2026-9-7-06-16-04.ulg,Sep7,0.2,161,attitude_error_deg,2.289356771616991
23,2026.9.7/log_24_2026-9-7-06-16-04.ulg,Sep7,0.5,161,attitude_error_deg,4.454458565325227
23,2026.9.7/log_24_2026-9-7-06-16-04.ulg,Sep7,1.0,161,attitude_error_deg,7.441181853630654
23,2026.9.7/log_26_2026-9-7-06-30-26.ulg,Sep7,0.1,150,attitude_error_deg,1.329448634749611
23,2026.9.7/log_26_2026-9-7-06-30-26.ulg,Sep7,0.2,150,attitude_error_deg,1.9473180294529673
23,2026.9.7/log_26_2026-9-7-06-30-26.ulg,Sep7,0.5,150,attitude_error_deg,3.5949874401715864
23,2026.9.7/log_26_2026-9-7-06-30-26.ulg,Sep7,1.0,150,attitude_error_deg,5.41559753833608
23,2026.9.7/log_27_2026-9-7-06-37-24.ulg,Sep7,0.1,155,attitude_error_deg,1.2946412941033656
23,2026.9.7/log_27_2026-9-7-06-37-24.ulg,Sep7,0.2,155,attitude_error_deg,1.804040672968872
23,2026.9.7/log_27_2026-9-7-06-37-24.ulg,Sep7,0.5,155,attitude_error_deg,3.087966686632683
23,2026.9.7/log_27_2026-9-7-06-37-24.ulg,Sep7,1.0,155,attitude_error_deg,5.0600653802261055
23,2026.9.7/log_28_2026-9-7-06-44-02.ulg,Sep7,0.1,140,attitude_error_deg,1.2016251100208595
23,2026.9.7/log_28_2026-9-7-06-44-02.ulg,Sep7,0.2,140,attitude_error_deg,1.7303175087440328
23,2026.9.7/log_28_2026-9-7-06-44-02.ulg,Sep7,0.5,140,attitude_error_deg,3.2283746097132973
23,2026.9.7/log_28_2026-9-7-06-44-02.ulg,Sep7,1.0,140,attitude_error_deg,5.40897547845963
23,2026.9.7/log_29_2026-9-7-06-51-04.ulg,Sep7,0.1,201,attitude_error_deg,1.33270034797992
23,2026.9.7/log_29_2026-9-7-06-51-04.ulg,Sep7,0.2,201,attitude_error_deg,1.8189507903948767
23,2026.9.7/log_29_2026-9-7-06-51-04.ulg,Sep7,0.5,201,attitude_error_deg,3.12423615822614
23,2026.9.7/log_29_2026-9-7-06-51-04.ulg,Sep7,1.0,201,attitude_error_deg,5.58181543728021
23,2026.9.7/log_30_2026-9-7-06-58-22.ulg,Sep7,0.1,164,attitude_error_deg,1.3746668229296035
23,2026.9.7/log_30_2026-9-7-06-58-22.ulg,Sep7,0.2,164,attitude_error_deg,1.9917612017720427
23,2026.9.7/log_30_2026-9-7-06-58-22.ulg,Sep7,0.5,164,attitude_error_deg,3.6420646917898933
23,2026.9.7/log_30_2026-9-7-06-58-22.ulg,Sep7,1.0,164,attitude_error_deg,5.65515124703263
42,9.17数据/log_10_2026-9-17-06-34-34.ulg,Sep17,0.1,130,attitude_error_deg,1.4313910536925332
42,9.17数据/log_10_2026-9-17-06-34-34.ulg,Sep17,0.2,130,attitude_error_deg,2.4272051464929167
42,9.17数据/log_10_2026-9-17-06-34-34.ulg,Sep17,0.5,130,attitude_error_deg,5.089979765987883
42,9.17数据/log_10_2026-9-17-06-34-34.ulg,Sep17,1.0,130,attitude_error_deg,8.712782194714038
42,9.17数据/log_11_2026-9-17-06-40-30.ulg,Sep17,0.1,145,attitude_error_deg,1.580875086343199
42,9.17数据/log_11_2026-9-17-06-40-30.ulg,Sep17,0.2,145,attitude_error_deg,2.3019290183442345
42,9.17数据/log_11_2026-9-17-06-40-30.ulg,Sep17,0.5,145,attitude_error_deg,4.601717289712312
42,9.17数据/log_11_2026-9-17-06-40-30.ulg,Sep17,1.0,145,attitude_error_deg,7.183740862583435
42,9.17数据/log_12_2026-9-17-06-46-02.ulg,Sep17,0.1,144,attitude_error_deg,1.3651247791549745
42,9.17数据/log_12_2026-9-17-06-46-02.ulg,Sep17,0.2,144,attitude_error_deg,2.1297464381569875
42,9.17数据/log_12_2026-9-17-06-46-02.ulg,Sep17,0.5,144,attitude_error_deg,4.266206165740824
42,9.17数据/log_12_2026-9-17-06-46-02.ulg,Sep17,1.0,144,attitude_error_deg,6.663523549222292
42,9.17数据/log_13_2026-9-17-06-52-30.ulg,Sep17,0.1,153,attitude_error_deg,1.5975086131451322
42,9.17数据/log_13_2026-9-17-06-52-30.ulg,Sep17,0.2,153,attitude_error_deg,2.6326737873363
42,9.17数据/log_13_2026-9-17-06-52-30.ulg,Sep17,0.5,153,attitude_error_deg,5.14215135980124
42,9.17数据/log_13_2026-9-17-06-52-30.ulg,Sep17,1.0,153,attitude_error_deg,7.976358721520959
42,9.17数据/log_6_2026-9-17-06-02-24.ulg,Sep17,0.1,138,attitude_error_deg,1.4131560661908456
42,9.17数据/log_6_2026-9-17-06-02-24.ulg,Sep17,0.2,138,attitude_error_deg,2.721305928591298
42,9.17数据/log_6_2026-9-17-06-02-24.ulg,Sep17,0.5,138,attitude_error_deg,4.8671327814116125
42,9.17数据/log_6_2026-9-17-06-02-24.ulg,Sep17,1.0,138,attitude_error_deg,7.890427767248598
42,9.17数据/log_7_2026-9-17-06-12-16.ulg,Sep17,0.1,131,attitude_error_deg,1.439642622428517
42,9.17数据/log_7_2026-9-17-06-12-16.ulg,Sep17,0.2,131,attitude_error_deg,2.1073857085160905
42,9.17数据/log_7_2026-9-17-06-12-16.ulg,Sep17,0.5,131,attitude_error_deg,4.3827501780245255
42,9.17数据/log_7_2026-9-17-06-12-16.ulg,Sep17,1.0,131,attitude_error_deg,8.049469229526261
42,9.17数据/log_8_2026-9-17-06-17-52.ulg,Sep17,0.1,146,attitude_error_deg,1.4714812538522843
42,9.17数据/log_8_2026-9-17-06-17-52.ulg,Sep17,0.2,146,attitude_error_deg,2.4819371454972994
42,9.17数据/log_8_2026-9-17-06-17-52.ulg,Sep17,0.5,146,attitude_error_deg,4.501562062462141
42,9.17数据/log_8_2026-9-17-06-17-52.ulg,Sep17,1.0,146,attitude_error_deg,7.729249353540057
42,9.17数据/log_9_2026-9-17-06-28-10.ulg,Sep17,0.1,114,attitude_error_deg,1.5242289707110548
42,9.17数据/log_9_2026-9-17-06-28-10.ulg,Sep17,0.2,114,attitude_error_deg,2.6187128140935476
42,9.17数据/log_9_2026-9-17-06-28-10.ulg,Sep17,0.5,114,attitude_error_deg,4.665651582223881
42,9.17数据/log_9_2026-9-17-06-28-10.ulg,Sep17,1.0,114,attitude_error_deg,8.577750787367266
42,2026.9.7/log_21_2026-9-7-05-54-56.ulg,Sep7,0.1,168,attitude_error_deg,1.4226517224739157
42,2026.9.7/log_21_2026-9-7-05-54-56.ulg,Sep7,0.2,168,attitude_error_deg,2.34904561197168
42,2026.9.7/log_21_2026-9-7-05-54-56.ulg,Sep7,0.5,168,attitude_error_deg,4.136865145420412
42,2026.9.7/log_21_2026-9-7-05-54-56.ulg,Sep7,1.0,168,attitude_error_deg,6.637740914414329
42,2026.9.7/log_22_2026-9-7-06-01-40.ulg,Sep7,0.1,182,attitude_error_deg,1.4355474025247774
42,2026.9.7/log_22_2026-9-7-06-01-40.ulg,Sep7,0.2,182,attitude_error_deg,2.2949620460281346
42,2026.9.7/log_22_2026-9-7-06-01-40.ulg,Sep7,0.5,182,attitude_error_deg,3.968292637444162
42,2026.9.7/log_22_2026-9-7-06-01-40.ulg,Sep7,1.0,182,attitude_error_deg,5.966883160744056
42,2026.9.7/log_23_2026-9-7-06-09-22.ulg,Sep7,0.1,160,attitude_error_deg,1.4631887032274489
42,2026.9.7/log_23_2026-9-7-06-09-22.ulg,Sep7,0.2,160,attitude_error_deg,2.3166626506158994
42,2026.9.7/log_23_2026-9-7-06-09-22.ulg,Sep7,0.5,160,attitude_error_deg,3.950515575352584
42,2026.9.7/log_23_2026-9-7-06-09-22.ulg,Sep7,1.0,160,attitude_error_deg,6.070941448273149
42,2026.9.7/log_24_2026-9-7-06-16-04.ulg,Sep7,0.1,161,attitude_error_deg,1.4712373933863874
42,2026.9.7/log_24_2026-9-7-06-16-04.ulg,Sep7,0.2,161,attitude_error_deg,2.2694286161902433
42,2026.9.7/log_24_2026-9-7-06-16-04.ulg,Sep7,0.5,161,attitude_error_deg,4.284552650891433
42,2026.9.7/log_24_2026-9-7-06-16-04.ulg,Sep7,1.0,161,attitude_error_deg,6.944584189686468
42,2026.9.7/log_26_2026-9-7-06-30-26.ulg,Sep7,0.1,150,attitude_error_deg,1.2840112265699586
42,2026.9.7/log_26_2026-9-7-06-30-26.ulg,Sep7,0.2,150,attitude_error_deg,1.9992274551921854
42,2026.9.7/log_26_2026-9-7-06-30-26.ulg,Sep7,0.5,150,attitude_error_deg,3.5710877054027392
42,2026.9.7/log_26_2026-9-7-06-30-26.ulg,Sep7,1.0,150,attitude_error_deg,5.296727329046424
42,2026.9.7/log_27_2026-9-7-06-37-24.ulg,Sep7,0.1,155,attitude_error_deg,1.1988268766190742
42,2026.9.7/log_27_2026-9-7-06-37-24.ulg,Sep7,0.2,155,attitude_error_deg,1.772567958511711
42,2026.9.7/log_27_2026-9-7-06-37-24.ulg,Sep7,0.5,155,attitude_error_deg,3.035588538802986
42,2026.9.7/log_27_2026-9-7-06-37-24.ulg,Sep7,1.0,155,attitude_error_deg,5.351825507347558
42,2026.9.7/log_28_2026-9-7-06-44-02.ulg,Sep7,0.1,140,attitude_error_deg,1.2722876915818946
42,2026.9.7/log_28_2026-9-7-06-44-02.ulg,Sep7,0.2,140,attitude_error_deg,1.7000519522039286
42,2026.9.7/log_28_2026-9-7-06-44-02.ulg,Sep7,0.5,140,attitude_error_deg,3.064477419802634
42,2026.9.7/log_28_2026-9-7-06-44-02.ulg,Sep7,1.0,140,attitude_error_deg,5.061718236809398
42,2026.9.7/log_29_2026-9-7-06-51-04.ulg,Sep7,0.1,201,attitude_error_deg,1.2922674160820848
42,2026.9.7/log_29_2026-9-7-06-51-04.ulg,Sep7,0.2,201,attitude_error_deg,1.779724413444253
42,2026.9.7/log_29_2026-9-7-06-51-04.ulg,Sep7,0.5,201,attitude_error_deg,2.979850810522697
42,2026.9.7/log_29_2026-9-7-06-51-04.ulg,Sep7,1.0,201,attitude_error_deg,5.510551294112624
42,2026.9.7/log_30_2026-9-7-06-58-22.ulg,Sep7,0.1,164,attitude_error_deg,1.3580090529712796
42,2026.9.7/log_30_2026-9-7-06-58-22.ulg,Sep7,0.2,164,attitude_error_deg,1.9893249658681535
42,2026.9.7/log_30_2026-9-7-06-58-22.ulg,Sep7,0.5,164,attitude_error_deg,3.629601687028138
42,2026.9.7/log_30_2026-9-7-06-58-22.ulg,Sep7,1.0,164,attitude_error_deg,5.828795561179275
17,9.17数据/log_10_2026-9-17-06-34-34.ulg,Sep17,0.1,130,body_rate_rmse_rad_s,0.5619771453138035
17,9.17数据/log_10_2026-9-17-06-34-34.ulg,Sep17,0.2,130,body_rate_rmse_rad_s,0.5316276862954696
17,9.17数据/log_10_2026-9-17-06-34-34.ulg,Sep17,0.5,130,body_rate_rmse_rad_s,0.6061456647058073
17,9.17数据/log_10_2026-9-17-06-34-34.ulg,Sep17,1.0,130,body_rate_rmse_rad_s,0.6932807119455628
17,9.17数据/log_11_2026-9-17-06-40-30.ulg,Sep17,0.1,145,body_rate_rmse_rad_s,0.5437917577858278
17,9.17数据/log_11_2026-9-17-06-40-30.ulg,Sep17,0.2,145,body_rate_rmse_rad_s,0.554091411948374
17,9.17数据/log_11_2026-9-17-06-40-30.ulg,Sep17,0.5,145,body_rate_rmse_rad_s,0.5822998166571918
17,9.17数据/log_11_2026-9-17-06-40-30.ulg,Sep17,1.0,145,body_rate_rmse_rad_s,0.6291595462385188
17,9.17数据/log_12_2026-9-17-06-46-02.ulg,Sep17,0.1,144,body_rate_rmse_rad_s,0.4493565761941317
17,9.17数据/log_12_2026-9-17-06-46-02.ulg,Sep17,0.2,144,body_rate_rmse_rad_s,0.511005679256703
17,9.17数据/log_12_2026-9-17-06-46-02.ulg,Sep17,0.5,144,body_rate_rmse_rad_s,0.5645281878432944
17,9.17数据/log_12_2026-9-17-06-46-02.ulg,Sep17,1.0,144,body_rate_rmse_rad_s,0.5352832406710408
17,9.17数据/log_13_2026-9-17-06-52-30.ulg,Sep17,0.1,153,body_rate_rmse_rad_s,0.5399545934367994
17,9.17数据/log_13_2026-9-17-06-52-30.ulg,Sep17,0.2,153,body_rate_rmse_rad_s,0.5665396637858569
17,9.17数据/log_13_2026-9-17-06-52-30.ulg,Sep17,0.5,153,body_rate_rmse_rad_s,0.5690288190031161
17,9.17数据/log_13_2026-9-17-06-52-30.ulg,Sep17,1.0,153,body_rate_rmse_rad_s,0.6562789623120678
17,9.17数据/log_6_2026-9-17-06-02-24.ulg,Sep17,0.1,138,body_rate_rmse_rad_s,0.5445082624346029
17,9.17数据/log_6_2026-9-17-06-02-24.ulg,Sep17,0.2,138,body_rate_rmse_rad_s,0.522308483154721
17,9.17数据/log_6_2026-9-17-06-02-24.ulg,Sep17,0.5,138,body_rate_rmse_rad_s,0.4988036644677375
17,9.17数据/log_6_2026-9-17-06-02-24.ulg,Sep17,1.0,138,body_rate_rmse_rad_s,0.48780969191912743
17,9.17数据/log_7_2026-9-17-06-12-16.ulg,Sep17,0.1,131,body_rate_rmse_rad_s,0.49777231742328726
17,9.17数据/log_7_2026-9-17-06-12-16.ulg,Sep17,0.2,131,body_rate_rmse_rad_s,0.44846489035804804
17,9.17数据/log_7_2026-9-17-06-12-16.ulg,Sep17,0.5,131,body_rate_rmse_rad_s,0.49335305394405465
17,9.17数据/log_7_2026-9-17-06-12-16.ulg,Sep17,1.0,131,body_rate_rmse_rad_s,0.5951478011068103
17,9.17数据/log_8_2026-9-17-06-17-52.ulg,Sep17,0.1,146,body_rate_rmse_rad_s,0.4790180664383273
17,9.17数据/log_8_2026-9-17-06-17-52.ulg,Sep17,0.2,146,body_rate_rmse_rad_s,0.6090293458554911
17,9.17数据/log_8_2026-9-17-06-17-52.ulg,Sep17,0.5,146,body_rate_rmse_rad_s,0.5618948720015354
17,9.17数据/log_8_2026-9-17-06-17-52.ulg,Sep17,1.0,146,body_rate_rmse_rad_s,0.5708199369381322
17,9.17数据/log_9_2026-9-17-06-28-10.ulg,Sep17,0.1,114,body_rate_rmse_rad_s,0.6007279920790904
17,9.17数据/log_9_2026-9-17-06-28-10.ulg,Sep17,0.2,114,body_rate_rmse_rad_s,0.5466583348245261
17,9.17数据/log_9_2026-9-17-06-28-10.ulg,Sep17,0.5,114,body_rate_rmse_rad_s,0.6206696513729096
17,9.17数据/log_9_2026-9-17-06-28-10.ulg,Sep17,1.0,114,body_rate_rmse_rad_s,0.7023231379627503
17,2026.9.7/log_21_2026-9-7-05-54-56.ulg,Sep7,0.1,168,body_rate_rmse_rad_s,0.5445551940421941
17,2026.9.7/log_21_2026-9-7-05-54-56.ulg,Sep7,0.2,168,body_rate_rmse_rad_s,0.5543507125138374
17,2026.9.7/log_21_2026-9-7-05-54-56.ulg,Sep7,0.5,168,body_rate_rmse_rad_s,0.6545154805428604
17,2026.9.7/log_21_2026-9-7-05-54-56.ulg,Sep7,1.0,168,body_rate_rmse_rad_s,0.6460150876402315
17,2026.9.7/log_22_2026-9-7-06-01-40.ulg,Sep7,0.1,182,body_rate_rmse_rad_s,0.6010194332979779
17,2026.9.7/log_22_2026-9-7-06-01-40.ulg,Sep7,0.2,182,body_rate_rmse_rad_s,0.5643999571269996
17,2026.9.7/log_22_2026-9-7-06-01-40.ulg,Sep7,0.5,182,body_rate_rmse_rad_s,0.6260238415548602
17,2026.9.7/log_22_2026-9-7-06-01-40.ulg,Sep7,1.0,182,body_rate_rmse_rad_s,0.5804222422906736
17,2026.9.7/log_23_2026-9-7-06-09-22.ulg,Sep7,0.1,160,body_rate_rmse_rad_s,0.5242412525417668
17,2026.9.7/log_23_2026-9-7-06-09-22.ulg,Sep7,0.2,160,body_rate_rmse_rad_s,0.6337594479467622
17,2026.9.7/log_23_2026-9-7-06-09-22.ulg,Sep7,0.5,160,body_rate_rmse_rad_s,0.7322075821227971
17,2026.9.7/log_23_2026-9-7-06-09-22.ulg,Sep7,1.0,160,body_rate_rmse_rad_s,0.6475085025456018
17,2026.9.7/log_24_2026-9-7-06-16-04.ulg,Sep7,0.1,161,body_rate_rmse_rad_s,0.5464108966705735
17,2026.9.7/log_24_2026-9-7-06-16-04.ulg,Sep7,0.2,161,body_rate_rmse_rad_s,0.5759970064113579
17,2026.9.7/log_24_2026-9-7-06-16-04.ulg,Sep7,0.5,161,body_rate_rmse_rad_s,0.6510973122987423
17,2026.9.7/log_24_2026-9-7-06-16-04.ulg,Sep7,1.0,161,body_rate_rmse_rad_s,0.6382837517426422
17,2026.9.7/log_26_2026-9-7-06-30-26.ulg,Sep7,0.1,150,body_rate_rmse_rad_s,0.5528062519712666
17,2026.9.7/log_26_2026-9-7-06-30-26.ulg,Sep7,0.2,150,body_rate_rmse_rad_s,0.6332639074145637
17,2026.9.7/log_26_2026-9-7-06-30-26.ulg,Sep7,0.5,150,body_rate_rmse_rad_s,0.5991301289312887
17,2026.9.7/log_26_2026-9-7-06-30-26.ulg,Sep7,1.0,150,body_rate_rmse_rad_s,0.6349718524928125
17,2026.9.7/log_27_2026-9-7-06-37-24.ulg,Sep7,0.1,155,body_rate_rmse_rad_s,0.54457490223179
17,2026.9.7/log_27_2026-9-7-06-37-24.ulg,Sep7,0.2,155,body_rate_rmse_rad_s,0.6085769338565149
17,2026.9.7/log_27_2026-9-7-06-37-24.ulg,Sep7,0.5,155,body_rate_rmse_rad_s,0.6163981944800815
17,2026.9.7/log_27_2026-9-7-06-37-24.ulg,Sep7,1.0,155,body_rate_rmse_rad_s,0.626157035822806
17,2026.9.7/log_28_2026-9-7-06-44-02.ulg,Sep7,0.1,140,body_rate_rmse_rad_s,0.5449412823835681
17,2026.9.7/log_28_2026-9-7-06-44-02.ulg,Sep7,0.2,140,body_rate_rmse_rad_s,0.6064975686880584
17,2026.9.7/log_28_2026-9-7-06-44-02.ulg,Sep7,0.5,140,body_rate_rmse_rad_s,0.6092795082548232
17,2026.9.7/log_28_2026-9-7-06-44-02.ulg,Sep7,1.0,140,body_rate_rmse_rad_s,0.6352426736720638
17,2026.9.7/log_29_2026-9-7-06-51-04.ulg,Sep7,0.1,201,body_rate_rmse_rad_s,0.6126144949965739
17,2026.9.7/log_29_2026-9-7-06-51-04.ulg,Sep7,0.2,201,body_rate_rmse_rad_s,0.5579676095359404
17,2026.9.7/log_29_2026-9-7-06-51-04.ulg,Sep7,0.5,201,body_rate_rmse_rad_s,0.6004105487149611
17,2026.9.7/log_29_2026-9-7-06-51-04.ulg,Sep7,1.0,201,body_rate_rmse_rad_s,0.566723098718402
17,2026.9.7/log_30_2026-9-7-06-58-22.ulg,Sep7,0.1,164,body_rate_rmse_rad_s,0.5578743898629627
17,2026.9.7/log_30_2026-9-7-06-58-22.ulg,Sep7,0.2,164,body_rate_rmse_rad_s,0.5676522980112023
17,2026.9.7/log_30_2026-9-7-06-58-22.ulg,Sep7,0.5,164,body_rate_rmse_rad_s,0.5923038011365261
17,2026.9.7/log_30_2026-9-7-06-58-22.ulg,Sep7,1.0,164,body_rate_rmse_rad_s,0.6599216548452717
23,9.17数据/log_10_2026-9-17-06-34-34.ulg,Sep17,0.1,130,body_rate_rmse_rad_s,0.5558465823670794
23,9.17数据/log_10_2026-9-17-06-34-34.ulg,Sep17,0.2,130,body_rate_rmse_rad_s,0.5411726831280687
23,9.17数据/log_10_2026-9-17-06-34-34.ulg,Sep17,0.5,130,body_rate_rmse_rad_s,0.6041233972044874
23,9.17数据/log_10_2026-9-17-06-34-34.ulg,Sep17,1.0,130,body_rate_rmse_rad_s,0.7325986708092026
23,9.17数据/log_11_2026-9-17-06-40-30.ulg,Sep17,0.1,145,body_rate_rmse_rad_s,0.539208574187658
23,9.17数据/log_11_2026-9-17-06-40-30.ulg,Sep17,0.2,145,body_rate_rmse_rad_s,0.5671006840867485
23,9.17数据/log_11_2026-9-17-06-40-30.ulg,Sep17,0.5,145,body_rate_rmse_rad_s,0.5707310194212849
23,9.17数据/log_11_2026-9-17-06-40-30.ulg,Sep17,1.0,145,body_rate_rmse_rad_s,0.6729043564035379
23,9.17数据/log_12_2026-9-17-06-46-02.ulg,Sep17,0.1,144,body_rate_rmse_rad_s,0.4422824102509942
23,9.17数据/log_12_2026-9-17-06-46-02.ulg,Sep17,0.2,144,body_rate_rmse_rad_s,0.5147095697886742
23,9.17数据/log_12_2026-9-17-06-46-02.ulg,Sep17,0.5,144,body_rate_rmse_rad_s,0.5784621157596689
23,9.17数据/log_12_2026-9-17-06-46-02.ulg,Sep17,1.0,144,body_rate_rmse_rad_s,0.5523639010689453
23,9.17数据/log_13_2026-9-17-06-52-30.ulg,Sep17,0.1,153,body_rate_rmse_rad_s,0.5470719089159553
23,9.17数据/log_13_2026-9-17-06-52-30.ulg,Sep17,0.2,153,body_rate_rmse_rad_s,0.5642192825769928
23,9.17数据/log_13_2026-9-17-06-52-30.ulg,Sep17,0.5,153,body_rate_rmse_rad_s,0.5654766928435675
23,9.17数据/log_13_2026-9-17-06-52-30.ulg,Sep17,1.0,153,body_rate_rmse_rad_s,0.6913309766749968
23,9.17数据/log_6_2026-9-17-06-02-24.ulg,Sep17,0.1,138,body_rate_rmse_rad_s,0.5231667664739533
23,9.17数据/log_6_2026-9-17-06-02-24.ulg,Sep17,0.2,138,body_rate_rmse_rad_s,0.522129232093861
23,9.17数据/log_6_2026-9-17-06-02-24.ulg,Sep17,0.5,138,body_rate_rmse_rad_s,0.5301689694759586
23,9.17数据/log_6_2026-9-17-06-02-24.ulg,Sep17,1.0,138,body_rate_rmse_rad_s,0.5212452045334924
23,9.17数据/log_7_2026-9-17-06-12-16.ulg,Sep17,0.1,131,body_rate_rmse_rad_s,0.5096393519910623
23,9.17数据/log_7_2026-9-17-06-12-16.ulg,Sep17,0.2,131,body_rate_rmse_rad_s,0.45467306097881505
23,9.17数据/log_7_2026-9-17-06-12-16.ulg,Sep17,0.5,131,body_rate_rmse_rad_s,0.5029258268266432
23,9.17数据/log_7_2026-9-17-06-12-16.ulg,Sep17,1.0,131,body_rate_rmse_rad_s,0.6151156460961337
23,9.17数据/log_8_2026-9-17-06-17-52.ulg,Sep17,0.1,146,body_rate_rmse_rad_s,0.48567701039661587
23,9.17数据/log_8_2026-9-17-06-17-52.ulg,Sep17,0.2,146,body_rate_rmse_rad_s,0.6087787131174904
23,9.17数据/log_8_2026-9-17-06-17-52.ulg,Sep17,0.5,146,body_rate_rmse_rad_s,0.5487277716240767
23,9.17数据/log_8_2026-9-17-06-17-52.ulg,Sep17,1.0,146,body_rate_rmse_rad_s,0.5940831431281236
23,9.17数据/log_9_2026-9-17-06-28-10.ulg,Sep17,0.1,114,body_rate_rmse_rad_s,0.5954270615459528
23,9.17数据/log_9_2026-9-17-06-28-10.ulg,Sep17,0.2,114,body_rate_rmse_rad_s,0.5266860621463204
23,9.17数据/log_9_2026-9-17-06-28-10.ulg,Sep17,0.5,114,body_rate_rmse_rad_s,0.6178828583756419
23,9.17数据/log_9_2026-9-17-06-28-10.ulg,Sep17,1.0,114,body_rate_rmse_rad_s,0.7076759855493193
23,2026.9.7/log_21_2026-9-7-05-54-56.ulg,Sep7,0.1,168,body_rate_rmse_rad_s,0.5457492045416003
23,2026.9.7/log_21_2026-9-7-05-54-56.ulg,Sep7,0.2,168,body_rate_rmse_rad_s,0.5683764116255585
23,2026.9.7/log_21_2026-9-7-05-54-56.ulg,Sep7,0.5,168,body_rate_rmse_rad_s,0.6510191398865701
23,2026.9.7/log_21_2026-9-7-05-54-56.ulg,Sep7,1.0,168,body_rate_rmse_rad_s,0.6273475980597581
23,2026.9.7/log_22_2026-9-7-06-01-40.ulg,Sep7,0.1,182,body_rate_rmse_rad_s,0.6127930652359399
23,2026.9.7/log_22_2026-9-7-06-01-40.ulg,Sep7,0.2,182,body_rate_rmse_rad_s,0.6067550006710819
23,2026.9.7/log_22_2026-9-7-06-01-40.ulg,Sep7,0.5,182,body_rate_rmse_rad_s,0.6171671097110557
23,2026.9.7/log_22_2026-9-7-06-01-40.ulg,Sep7,1.0,182,body_rate_rmse_rad_s,0.5991787655192855
23,2026.9.7/log_23_2026-9-7-06-09-22.ulg,Sep7,0.1,160,body_rate_rmse_rad_s,0.5494887389948218
23,2026.9.7/log_23_2026-9-7-06-09-22.ulg,Sep7,0.2,160,body_rate_rmse_rad_s,0.6375170376071397
23,2026.9.7/log_23_2026-9-7-06-09-22.ulg,Sep7,0.5,160,body_rate_rmse_rad_s,0.7238169258758133
23,2026.9.7/log_23_2026-9-7-06-09-22.ulg,Sep7,1.0,160,body_rate_rmse_rad_s,0.6404503462608535
23,2026.9.7/log_24_2026-9-7-06-16-04.ulg,Sep7,0.1,161,body_rate_rmse_rad_s,0.552668069934205
23,2026.9.7/log_24_2026-9-7-06-16-04.ulg,Sep7,0.2,161,body_rate_rmse_rad_s,0.5822528522925022
23,2026.9.7/log_24_2026-9-7-06-16-04.ulg,Sep7,0.5,161,body_rate_rmse_rad_s,0.6473349101913747
23,2026.9.7/log_24_2026-9-7-06-16-04.ulg,Sep7,1.0,161,body_rate_rmse_rad_s,0.6525660241191702
23,2026.9.7/log_26_2026-9-7-06-30-26.ulg,Sep7,0.1,150,body_rate_rmse_rad_s,0.5312620649585565
23,2026.9.7/log_26_2026-9-7-06-30-26.ulg,Sep7,0.2,150,body_rate_rmse_rad_s,0.6325053637359764
23,2026.9.7/log_26_2026-9-7-06-30-26.ulg,Sep7,0.5,150,body_rate_rmse_rad_s,0.5903795251926333
23,2026.9.7/log_26_2026-9-7-06-30-26.ulg,Sep7,1.0,150,body_rate_rmse_rad_s,0.6304331125841188
23,2026.9.7/log_27_2026-9-7-06-37-24.ulg,Sep7,0.1,155,body_rate_rmse_rad_s,0.5241918085082813
23,2026.9.7/log_27_2026-9-7-06-37-24.ulg,Sep7,0.2,155,body_rate_rmse_rad_s,0.6146622700095467
23,2026.9.7/log_27_2026-9-7-06-37-24.ulg,Sep7,0.5,155,body_rate_rmse_rad_s,0.6244909286479984
23,2026.9.7/log_27_2026-9-7-06-37-24.ulg,Sep7,1.0,155,body_rate_rmse_rad_s,0.614333980579427
23,2026.9.7/log_28_2026-9-7-06-44-02.ulg,Sep7,0.1,140,body_rate_rmse_rad_s,0.553110961758129
23,2026.9.7/log_28_2026-9-7-06-44-02.ulg,Sep7,0.2,140,body_rate_rmse_rad_s,0.6088945223242851
23,2026.9.7/log_28_2026-9-7-06-44-02.ulg,Sep7,0.5,140,body_rate_rmse_rad_s,0.5958104171782584
23,2026.9.7/log_28_2026-9-7-06-44-02.ulg,Sep7,1.0,140,body_rate_rmse_rad_s,0.6410302466864863
23,2026.9.7/log_29_2026-9-7-06-51-04.ulg,Sep7,0.1,201,body_rate_rmse_rad_s,0.6043080681181473
23,2026.9.7/log_29_2026-9-7-06-51-04.ulg,Sep7,0.2,201,body_rate_rmse_rad_s,0.5671484906265277
23,2026.9.7/log_29_2026-9-7-06-51-04.ulg,Sep7,0.5,201,body_rate_rmse_rad_s,0.5995224461368729
23,2026.9.7/log_29_2026-9-7-06-51-04.ulg,Sep7,1.0,201,body_rate_rmse_rad_s,0.5985507015568878
23,2026.9.7/log_30_2026-9-7-06-58-22.ulg,Sep7,0.1,164,body_rate_rmse_rad_s,0.5712828689355605
23,2026.9.7/log_30_2026-9-7-06-58-22.ulg,Sep7,0.2,164,body_rate_rmse_rad_s,0.5644908052724318
23,2026.9.7/log_30_2026-9-7-06-58-22.ulg,Sep7,0.5,164,body_rate_rmse_rad_s,0.5916859188727831
23,2026.9.7/log_30_2026-9-7-06-58-22.ulg,Sep7,1.0,164,body_rate_rmse_rad_s,0.6719187211312787
42,9.17数据/log_10_2026-9-17-06-34-34.ulg,Sep17,0.1,130,body_rate_rmse_rad_s,0.5537834689827106
42,9.17数据/log_10_2026-9-17-06-34-34.ulg,Sep17,0.2,130,body_rate_rmse_rad_s,0.5365734880009264
42,9.17数据/log_10_2026-9-17-06-34-34.ulg,Sep17,0.5,130,body_rate_rmse_rad_s,0.5885311725914473
42,9.17数据/log_10_2026-9-17-06-34-34.ulg,Sep17,1.0,130,body_rate_rmse_rad_s,0.6776381298227778
42,9.17数据/log_11_2026-9-17-06-40-30.ulg,Sep17,0.1,145,body_rate_rmse_rad_s,0.5504526383144165
42,9.17数据/log_11_2026-9-17-06-40-30.ulg,Sep17,0.2,145,body_rate_rmse_rad_s,0.5645660843076179
42,9.17数据/log_11_2026-9-17-06-40-30.ulg,Sep17,0.5,145,body_rate_rmse_rad_s,0.5857766889757076
42,9.17数据/log_11_2026-9-17-06-40-30.ulg,Sep17,1.0,145,body_rate_rmse_rad_s,0.6367480503292501
42,9.17数据/log_12_2026-9-17-06-46-02.ulg,Sep17,0.1,144,body_rate_rmse_rad_s,0.4601633584574671
42,9.17数据/log_12_2026-9-17-06-46-02.ulg,Sep17,0.2,144,body_rate_rmse_rad_s,0.5070936983587367
42,9.17数据/log_12_2026-9-17-06-46-02.ulg,Sep17,0.5,144,body_rate_rmse_rad_s,0.5647518691684843
42,9.17数据/log_12_2026-9-17-06-46-02.ulg,Sep17,1.0,144,body_rate_rmse_rad_s,0.5487903751145408
42,9.17数据/log_13_2026-9-17-06-52-30.ulg,Sep17,0.1,153,body_rate_rmse_rad_s,0.5404964252053598
42,9.17数据/log_13_2026-9-17-06-52-30.ulg,Sep17,0.2,153,body_rate_rmse_rad_s,0.5680757024016273
42,9.17数据/log_13_2026-9-17-06-52-30.ulg,Sep17,0.5,153,body_rate_rmse_rad_s,0.5668789445112856
42,9.17数据/log_13_2026-9-17-06-52-30.ulg,Sep17,1.0,153,body_rate_rmse_rad_s,0.6561727139460221
42,9.17数据/log_6_2026-9-17-06-02-24.ulg,Sep17,0.1,138,body_rate_rmse_rad_s,0.5306515658933975
42,9.17数据/log_6_2026-9-17-06-02-24.ulg,Sep17,0.2,138,body_rate_rmse_rad_s,0.5122405687595857
42,9.17数据/log_6_2026-9-17-06-02-24.ulg,Sep17,0.5,138,body_rate_rmse_rad_s,0.4980371822751314
42,9.17数据/log_6_2026-9-17-06-02-24.ulg,Sep17,1.0,138,body_rate_rmse_rad_s,0.4837148216887644
42,9.17数据/log_7_2026-9-17-06-12-16.ulg,Sep17,0.1,131,body_rate_rmse_rad_s,0.5054657464452337
42,9.17数据/log_7_2026-9-17-06-12-16.ulg,Sep17,0.2,131,body_rate_rmse_rad_s,0.4537014765554417
42,9.17数据/log_7_2026-9-17-06-12-16.ulg,Sep17,0.5,131,body_rate_rmse_rad_s,0.4868608974763897
42,9.17数据/log_7_2026-9-17-06-12-16.ulg,Sep17,1.0,131,body_rate_rmse_rad_s,0.5774958044691417
42,9.17数据/log_8_2026-9-17-06-17-52.ulg,Sep17,0.1,146,body_rate_rmse_rad_s,0.4855990421164905
42,9.17数据/log_8_2026-9-17-06-17-52.ulg,Sep17,0.2,146,body_rate_rmse_rad_s,0.6061766550777882
42,9.17数据/log_8_2026-9-17-06-17-52.ulg,Sep17,0.5,146,body_rate_rmse_rad_s,0.5532196266290988
42,9.17数据/log_8_2026-9-17-06-17-52.ulg,Sep17,1.0,146,body_rate_rmse_rad_s,0.5726344504257705
42,9.17数据/log_9_2026-9-17-06-28-10.ulg,Sep17,0.1,114,body_rate_rmse_rad_s,0.615355487035623
42,9.17数据/log_9_2026-9-17-06-28-10.ulg,Sep17,0.2,114,body_rate_rmse_rad_s,0.5512048298906576
42,9.17数据/log_9_2026-9-17-06-28-10.ulg,Sep17,0.5,114,body_rate_rmse_rad_s,0.6027709264453955
42,9.17数据/log_9_2026-9-17-06-28-10.ulg,Sep17,1.0,114,body_rate_rmse_rad_s,0.7061478754301193
42,2026.9.7/log_21_2026-9-7-05-54-56.ulg,Sep7,0.1,168,body_rate_rmse_rad_s,0.5687223014359676
42,2026.9.7/log_21_2026-9-7-05-54-56.ulg,Sep7,0.2,168,body_rate_rmse_rad_s,0.5685507418097692
42,2026.9.7/log_21_2026-9-7-05-54-56.ulg,Sep7,0.5,168,body_rate_rmse_rad_s,0.6611257531811762
42,2026.9.7/log_21_2026-9-7-05-54-56.ulg,Sep7,1.0,168,body_rate_rmse_rad_s,0.6171677206092125
42,2026.9.7/log_22_2026-9-7-06-01-40.ulg,Sep7,0.1,182,body_rate_rmse_rad_s,0.6056462302335865
42,2026.9.7/log_22_2026-9-7-06-01-40.ulg,Sep7,0.2,182,body_rate_rmse_rad_s,0.5769891421954801
42,2026.9.7/log_22_2026-9-7-06-01-40.ulg,Sep7,0.5,182,body_rate_rmse_rad_s,0.6106643856461941
42,2026.9.7/log_22_2026-9-7-06-01-40.ulg,Sep7,1.0,182,body_rate_rmse_rad_s,0.5797177574763934
42,2026.9.7/log_23_2026-9-7-06-09-22.ulg,Sep7,0.1,160,body_rate_rmse_rad_s,0.5402132062168389
42,2026.9.7/log_23_2026-9-7-06-09-22.ulg,Sep7,0.2,160,body_rate_rmse_rad_s,0.6483647037301845
42,2026.9.7/log_23_2026-9-7-06-09-22.ulg,Sep7,0.5,160,body_rate_rmse_rad_s,0.7490378161965617
42,2026.9.7/log_23_2026-9-7-06-09-22.ulg,Sep7,1.0,160,body_rate_rmse_rad_s,0.6530316529784579
42,2026.9.7/log_24_2026-9-7-06-16-04.ulg,Sep7,0.1,161,body_rate_rmse_rad_s,0.5476413019531
42,2026.9.7/log_24_2026-9-7-06-16-04.ulg,Sep7,0.2,161,body_rate_rmse_rad_s,0.5634197399131794
42,2026.9.7/log_24_2026-9-7-06-16-04.ulg,Sep7,0.5,161,body_rate_rmse_rad_s,0.6352492593171818
42,2026.9.7/log_24_2026-9-7-06-16-04.ulg,Sep7,1.0,161,body_rate_rmse_rad_s,0.6440741633819678
42,2026.9.7/log_26_2026-9-7-06-30-26.ulg,Sep7,0.1,150,body_rate_rmse_rad_s,0.5407381136437887
42,2026.9.7/log_26_2026-9-7-06-30-26.ulg,Sep7,0.2,150,body_rate_rmse_rad_s,0.6383190811741031
42,2026.9.7/log_26_2026-9-7-06-30-26.ulg,Sep7,0.5,150,body_rate_rmse_rad_s,0.5923878200656783
42,2026.9.7/log_26_2026-9-7-06-30-26.ulg,Sep7,1.0,150,body_rate_rmse_rad_s,0.6136344478774937
42,2026.9.7/log_27_2026-9-7-06-37-24.ulg,Sep7,0.1,155,body_rate_rmse_rad_s,0.5383523602244054
42,2026.9.7/log_27_2026-9-7-06-37-24.ulg,Sep7,0.2,155,body_rate_rmse_rad_s,0.6037287330722884
42,2026.9.7/log_27_2026-9-7-06-37-24.ulg,Sep7,0.5,155,body_rate_rmse_rad_s,0.6083040182310151
42,2026.9.7/log_27_2026-9-7-06-37-24.ulg,Sep7,1.0,155,body_rate_rmse_rad_s,0.5981962975608573
42,2026.9.7/log_28_2026-9-7-06-44-02.ulg,Sep7,0.1,140,body_rate_rmse_rad_s,0.5543989269227464
42,2026.9.7/log_28_2026-9-7-06-44-02.ulg,Sep7,0.2,140,body_rate_rmse_rad_s,0.594800737415926
42,2026.9.7/log_28_2026-9-7-06-44-02.ulg,Sep7,0.5,140,body_rate_rmse_rad_s,0.6008072006879432
42,2026.9.7/log_28_2026-9-7-06-44-02.ulg,Sep7,1.0,140,body_rate_rmse_rad_s,0.6234862069308917
42,2026.9.7/log_29_2026-9-7-06-51-04.ulg,Sep7,0.1,201,body_rate_rmse_rad_s,0.6126936616487727
42,2026.9.7/log_29_2026-9-7-06-51-04.ulg,Sep7,0.2,201,body_rate_rmse_rad_s,0.5477626819294313
42,2026.9.7/log_29_2026-9-7-06-51-04.ulg,Sep7,0.5,201,body_rate_rmse_rad_s,0.6002356506515469
42,2026.9.7/log_29_2026-9-7-06-51-04.ulg,Sep7,1.0,201,body_rate_rmse_rad_s,0.5637150453241199
42,2026.9.7/log_30_2026-9-7-06-58-22.ulg,Sep7,0.1,164,body_rate_rmse_rad_s,0.5720765288425828
42,2026.9.7/log_30_2026-9-7-06-58-22.ulg,Sep7,0.2,164,body_rate_rmse_rad_s,0.5645971989209042
42,2026.9.7/log_30_2026-9-7-06-58-22.ulg,Sep7,0.5,164,body_rate_rmse_rad_s,0.5829496604021719
42,2026.9.7/log_30_2026-9-7-06-58-22.ulg,Sep7,1.0,164,body_rate_rmse_rad_s,0.6538843749633954
17,9.17数据/log_10_2026-9-17-06-34-34.ulg,Sep17,0.1,130,delta_v_rmse_m_s,0.13067711940661134
17,9.17数据/log_10_2026-9-17-06-34-34.ulg,Sep17,0.2,130,delta_v_rmse_m_s,0.1975644321531554
17,9.17数据/log_10_2026-9-17-06-34-34.ulg,Sep17,0.5,130,delta_v_rmse_m_s,0.38397355688232554
17,9.17数据/log_10_2026-9-17-06-34-34.ulg,Sep17,1.0,130,delta_v_rmse_m_s,0.7903291329319034
17,9.17数据/log_11_2026-9-17-06-40-30.ulg,Sep17,0.1,145,delta_v_rmse_m_s,0.15217442089129157
17,9.17数据/log_11_2026-9-17-06-40-30.ulg,Sep17,0.2,145,delta_v_rmse_m_s,0.23575164100411014
17,9.17数据/log_11_2026-9-17-06-40-30.ulg,Sep17,0.5,145,delta_v_rmse_m_s,0.3590129320489538
17,9.17数据/log_11_2026-9-17-06-40-30.ulg,Sep17,1.0,145,delta_v_rmse_m_s,0.6463293235582406
17,9.17数据/log_12_2026-9-17-06-46-02.ulg,Sep17,0.1,144,delta_v_rmse_m_s,0.13086222058661023
17,9.17数据/log_12_2026-9-17-06-46-02.ulg,Sep17,0.2,144,delta_v_rmse_m_s,0.19705070468957156
17,9.17数据/log_12_2026-9-17-06-46-02.ulg,Sep17,0.5,144,delta_v_rmse_m_s,0.37032161531341384
17,9.17数据/log_12_2026-9-17-06-46-02.ulg,Sep17,1.0,144,delta_v_rmse_m_s,0.6599768267369087
17,9.17数据/log_13_2026-9-17-06-52-30.ulg,Sep17,0.1,153,delta_v_rmse_m_s,0.1700440305343062
17,9.17数据/log_13_2026-9-17-06-52-30.ulg,Sep17,0.2,153,delta_v_rmse_m_s,0.23836151876922873
17,9.17数据/log_13_2026-9-17-06-52-30.ulg,Sep17,0.5,153,delta_v_rmse_m_s,0.39186896036113855
17,9.17数据/log_13_2026-9-17-06-52-30.ulg,Sep17,1.0,153,delta_v_rmse_m_s,0.7317053681279885
17,9.17数据/log_6_2026-9-17-06-02-24.ulg,Sep17,0.1,138,delta_v_rmse_m_s,0.13475604185415352
17,9.17数据/log_6_2026-9-17-06-02-24.ulg,Sep17,0.2,138,delta_v_rmse_m_s,0.19759175744723662
17,9.17数据/log_6_2026-9-17-06-02-24.ulg,Sep17,0.5,138,delta_v_rmse_m_s,0.3355868909071546
17,9.17数据/log_6_2026-9-17-06-02-24.ulg,Sep17,1.0,138,delta_v_rmse_m_s,0.60644964886933
17,9.17数据/log_7_2026-9-17-06-12-16.ulg,Sep17,0.1,131,delta_v_rmse_m_s,0.13032111327186263
17,9.17数据/log_7_2026-9-17-06-12-16.ulg,Sep17,0.2,131,delta_v_rmse_m_s,0.17154600481196064
17,9.17数据/log_7_2026-9-17-06-12-16.ulg,Sep17,0.5,131,delta_v_rmse_m_s,0.29859648491782387
17,9.17数据/log_7_2026-9-17-06-12-16.ulg,Sep17,1.0,131,delta_v_rmse_m_s,0.6279970495934822
17,9.17数据/log_8_2026-9-17-06-17-52.ulg,Sep17,0.1,146,delta_v_rmse_m_s,0.1438878117561204
17,9.17数据/log_8_2026-9-17-06-17-52.ulg,Sep17,0.2,146,delta_v_rmse_m_s,0.2094634403429353
17,9.17数据/log_8_2026-9-17-06-17-52.ulg,Sep17,0.5,146,delta_v_rmse_m_s,0.3594692435803127
17,9.17数据/log_8_2026-9-17-06-17-52.ulg,Sep17,1.0,146,delta_v_rmse_m_s,0.6467712541104693
17,9.17数据/log_9_2026-9-17-06-28-10.ulg,Sep17,0.1,114,delta_v_rmse_m_s,0.20052790687115676
17,9.17数据/log_9_2026-9-17-06-28-10.ulg,Sep17,0.2,114,delta_v_rmse_m_s,0.30918460956241817
17,9.17数据/log_9_2026-9-17-06-28-10.ulg,Sep17,0.5,114,delta_v_rmse_m_s,0.389508621094766
17,9.17数据/log_9_2026-9-17-06-28-10.ulg,Sep17,1.0,114,delta_v_rmse_m_s,0.6860771118640652
17,2026.9.7/log_21_2026-9-7-05-54-56.ulg,Sep7,0.1,168,delta_v_rmse_m_s,0.11923349609670052
17,2026.9.7/log_21_2026-9-7-05-54-56.ulg,Sep7,0.2,168,delta_v_rmse_m_s,0.15533909426952716
17,2026.9.7/log_21_2026-9-7-05-54-56.ulg,Sep7,0.5,168,delta_v_rmse_m_s,0.34723804138317155
17,2026.9.7/log_21_2026-9-7-05-54-56.ulg,Sep7,1.0,168,delta_v_rmse_m_s,0.5861489990208459
17,2026.9.7/log_22_2026-9-7-06-01-40.ulg,Sep7,0.1,182,delta_v_rmse_m_s,0.11732436847647199
17,2026.9.7/log_22_2026-9-7-06-01-40.ulg,Sep7,0.2,182,delta_v_rmse_m_s,0.1716009906153253
17,2026.9.7/log_22_2026-9-7-06-01-40.ulg,Sep7,0.5,182,delta_v_rmse_m_s,0.3182390753516594
17,2026.9.7/log_22_2026-9-7-06-01-40.ulg,Sep7,1.0,182,delta_v_rmse_m_s,0.6059490982028282
17,2026.9.7/log_23_2026-9-7-06-09-22.ulg,Sep7,0.1,160,delta_v_rmse_m_s,0.12228191324464899
17,2026.9.7/log_23_2026-9-7-06-09-22.ulg,Sep7,0.2,160,delta_v_rmse_m_s,0.1565015760387926
17,2026.9.7/log_23_2026-9-7-06-09-22.ulg,Sep7,0.5,160,delta_v_rmse_m_s,0.30603857174514276
17,2026.9.7/log_23_2026-9-7-06-09-22.ulg,Sep7,1.0,160,delta_v_rmse_m_s,0.6854492390177201
17,2026.9.7/log_24_2026-9-7-06-16-04.ulg,Sep7,0.1,161,delta_v_rmse_m_s,0.12387283284648468
17,2026.9.7/log_24_2026-9-7-06-16-04.ulg,Sep7,0.2,161,delta_v_rmse_m_s,0.18094644455692704
17,2026.9.7/log_24_2026-9-7-06-16-04.ulg,Sep7,0.5,161,delta_v_rmse_m_s,0.4282776879939973
17,2026.9.7/log_24_2026-9-7-06-16-04.ulg,Sep7,1.0,161,delta_v_rmse_m_s,0.693525290746372
17,2026.9.7/log_26_2026-9-7-06-30-26.ulg,Sep7,0.1,150,delta_v_rmse_m_s,0.277848067263074
17,2026.9.7/log_26_2026-9-7-06-30-26.ulg,Sep7,0.2,150,delta_v_rmse_m_s,0.23156956397733564
17,2026.9.7/log_26_2026-9-7-06-30-26.ulg,Sep7,0.5,150,delta_v_rmse_m_s,0.31259749246144486
17,2026.9.7/log_26_2026-9-7-06-30-26.ulg,Sep7,1.0,150,delta_v_rmse_m_s,0.549460871926039
17,2026.9.7/log_27_2026-9-7-06-37-24.ulg,Sep7,0.1,155,delta_v_rmse_m_s,0.0988383195147788
17,2026.9.7/log_27_2026-9-7-06-37-24.ulg,Sep7,0.2,155,delta_v_rmse_m_s,0.12537205353900013
17,2026.9.7/log_27_2026-9-7-06-37-24.ulg,Sep7,0.5,155,delta_v_rmse_m_s,0.26970378257979244
17,2026.9.7/log_27_2026-9-7-06-37-24.ulg,Sep7,1.0,155,delta_v_rmse_m_s,0.5629421428144887
17,2026.9.7/log_28_2026-9-7-06-44-02.ulg,Sep7,0.1,140,delta_v_rmse_m_s,0.11586115213308808
17,2026.9.7/log_28_2026-9-7-06-44-02.ulg,Sep7,0.2,140,delta_v_rmse_m_s,0.16805572760176574
17,2026.9.7/log_28_2026-9-7-06-44-02.ulg,Sep7,0.5,140,delta_v_rmse_m_s,0.2833550599047995
17,2026.9.7/log_28_2026-9-7-06-44-02.ulg,Sep7,1.0,140,delta_v_rmse_m_s,0.574934828098384
17,2026.9.7/log_29_2026-9-7-06-51-04.ulg,Sep7,0.1,201,delta_v_rmse_m_s,0.09883087135281898
17,2026.9.7/log_29_2026-9-7-06-51-04.ulg,Sep7,0.2,201,delta_v_rmse_m_s,0.13699178263631911
17,2026.9.7/log_29_2026-9-7-06-51-04.ulg,Sep7,0.5,201,delta_v_rmse_m_s,0.45625683945038514
17,2026.9.7/log_29_2026-9-7-06-51-04.ulg,Sep7,1.0,201,delta_v_rmse_m_s,0.5463839115254244
17,2026.9.7/log_30_2026-9-7-06-58-22.ulg,Sep7,0.1,164,delta_v_rmse_m_s,0.11875372556944028
17,2026.9.7/log_30_2026-9-7-06-58-22.ulg,Sep7,0.2,164,delta_v_rmse_m_s,0.16984190724315706
17,2026.9.7/log_30_2026-9-7-06-58-22.ulg,Sep7,0.5,164,delta_v_rmse_m_s,0.36052035082151257
17,2026.9.7/log_30_2026-9-7-06-58-22.ulg,Sep7,1.0,164,delta_v_rmse_m_s,0.6751381607299684
23,9.17数据/log_10_2026-9-17-06-34-34.ulg,Sep17,0.1,130,delta_v_rmse_m_s,0.13811248432822024
23,9.17数据/log_10_2026-9-17-06-34-34.ulg,Sep17,0.2,130,delta_v_rmse_m_s,0.19947674516524377
23,9.17数据/log_10_2026-9-17-06-34-34.ulg,Sep17,0.5,130,delta_v_rmse_m_s,0.3862584462394438
23,9.17数据/log_10_2026-9-17-06-34-34.ulg,Sep17,1.0,130,delta_v_rmse_m_s,0.7894268211525483
23,9.17数据/log_11_2026-9-17-06-40-30.ulg,Sep17,0.1,145,delta_v_rmse_m_s,0.1785442671327195
23,9.17数据/log_11_2026-9-17-06-40-30.ulg,Sep17,0.2,145,delta_v_rmse_m_s,0.2202462849660264
23,9.17数据/log_11_2026-9-17-06-40-30.ulg,Sep17,0.5,145,delta_v_rmse_m_s,0.3866210710875046
23,9.17数据/log_11_2026-9-17-06-40-30.ulg,Sep17,1.0,145,delta_v_rmse_m_s,0.6987296819381121
23,9.17数据/log_12_2026-9-17-06-46-02.ulg,Sep17,0.1,144,delta_v_rmse_m_s,0.1332084890887313
23,9.17数据/log_12_2026-9-17-06-46-02.ulg,Sep17,0.2,144,delta_v_rmse_m_s,0.1961171088355189
23,9.17数据/log_12_2026-9-17-06-46-02.ulg,Sep17,0.5,144,delta_v_rmse_m_s,0.39922960389047596
23,9.17数据/log_12_2026-9-17-06-46-02.ulg,Sep17,1.0,144,delta_v_rmse_m_s,0.7080083569482151
23,9.17数据/log_13_2026-9-17-06-52-30.ulg,Sep17,0.1,153,delta_v_rmse_m_s,0.17132903482544115
23,9.17数据/log_13_2026-9-17-06-52-30.ulg,Sep17,0.2,153,delta_v_rmse_m_s,0.23587856525635897
23,9.17数据/log_13_2026-9-17-06-52-30.ulg,Sep17,0.5,153,delta_v_rmse_m_s,0.39863636196677055
23,9.17数据/log_13_2026-9-17-06-52-30.ulg,Sep17,1.0,153,delta_v_rmse_m_s,0.74096536971764
23,9.17数据/log_6_2026-9-17-06-02-24.ulg,Sep17,0.1,138,delta_v_rmse_m_s,0.14121628432043956
23,9.17数据/log_6_2026-9-17-06-02-24.ulg,Sep17,0.2,138,delta_v_rmse_m_s,0.1921631740471985
23,9.17数据/log_6_2026-9-17-06-02-24.ulg,Sep17,0.5,138,delta_v_rmse_m_s,0.3606865547596277
23,9.17数据/log_6_2026-9-17-06-02-24.ulg,Sep17,1.0,138,delta_v_rmse_m_s,0.6203611072989392
23,9.17数据/log_7_2026-9-17-06-12-16.ulg,Sep17,0.1,131,delta_v_rmse_m_s,0.1402913767261068
23,9.17数据/log_7_2026-9-17-06-12-16.ulg,Sep17,0.2,131,delta_v_rmse_m_s,0.17065828658369644
23,9.17数据/log_7_2026-9-17-06-12-16.ulg,Sep17,0.5,131,delta_v_rmse_m_s,0.32279164667635823
23,9.17数据/log_7_2026-9-17-06-12-16.ulg,Sep17,1.0,131,delta_v_rmse_m_s,0.6175674878544526
23,9.17数据/log_8_2026-9-17-06-17-52.ulg,Sep17,0.1,146,delta_v_rmse_m_s,0.14711975613922548
23,9.17数据/log_8_2026-9-17-06-17-52.ulg,Sep17,0.2,146,delta_v_rmse_m_s,0.21520195439331766
23,9.17数据/log_8_2026-9-17-06-17-52.ulg,Sep17,0.5,146,delta_v_rmse_m_s,0.4020895005105765
23,9.17数据/log_8_2026-9-17-06-17-52.ulg,Sep17,1.0,146,delta_v_rmse_m_s,0.6456370282736422
23,9.17数据/log_9_2026-9-17-06-28-10.ulg,Sep17,0.1,114,delta_v_rmse_m_s,0.21892278342183658
23,9.17数据/log_9_2026-9-17-06-28-10.ulg,Sep17,0.2,114,delta_v_rmse_m_s,0.3409771489399579
23,9.17数据/log_9_2026-9-17-06-28-10.ulg,Sep17,0.5,114,delta_v_rmse_m_s,0.45713074459321773
23,9.17数据/log_9_2026-9-17-06-28-10.ulg,Sep17,1.0,114,delta_v_rmse_m_s,0.7356089850098653
23,2026.9.7/log_21_2026-9-7-05-54-56.ulg,Sep7,0.1,168,delta_v_rmse_m_s,0.1169695125208257
23,2026.9.7/log_21_2026-9-7-05-54-56.ulg,Sep7,0.2,168,delta_v_rmse_m_s,0.15519208286322372
23,2026.9.7/log_21_2026-9-7-05-54-56.ulg,Sep7,0.5,168,delta_v_rmse_m_s,0.36650845624687406
23,2026.9.7/log_21_2026-9-7-05-54-56.ulg,Sep7,1.0,168,delta_v_rmse_m_s,0.6090187276483905
23,2026.9.7/log_22_2026-9-7-06-01-40.ulg,Sep7,0.1,182,delta_v_rmse_m_s,0.1693473407766938
23,2026.9.7/log_22_2026-9-7-06-01-40.ulg,Sep7,0.2,182,delta_v_rmse_m_s,0.2392015908623134
23,2026.9.7/log_22_2026-9-7-06-01-40.ulg,Sep7,0.5,182,delta_v_rmse_m_s,0.3558167052204585
23,2026.9.7/log_22_2026-9-7-06-01-40.ulg,Sep7,1.0,182,delta_v_rmse_m_s,0.6522470331071407
23,2026.9.7/log_23_2026-9-7-06-09-22.ulg,Sep7,0.1,160,delta_v_rmse_m_s,0.1330555535458376
23,2026.9.7/log_23_2026-9-7-06-09-22.ulg,Sep7,0.2,160,delta_v_rmse_m_s,0.1687508261218181
23,2026.9.7/log_23_2026-9-7-06-09-22.ulg,Sep7,0.5,160,delta_v_rmse_m_s,0.31320209526008796
23,2026.9.7/log_23_2026-9-7-06-09-22.ulg,Sep7,1.0,160,delta_v_rmse_m_s,0.6838612647480785
23,2026.9.7/log_24_2026-9-7-06-16-04.ulg,Sep7,0.1,161,delta_v_rmse_m_s,0.12059192460014553
23,2026.9.7/log_24_2026-9-7-06-16-04.ulg,Sep7,0.2,161,delta_v_rmse_m_s,0.19018714066739667
23,2026.9.7/log_24_2026-9-7-06-16-04.ulg,Sep7,0.5,161,delta_v_rmse_m_s,0.38941938237993395
23,2026.9.7/log_24_2026-9-7-06-16-04.ulg,Sep7,1.0,161,delta_v_rmse_m_s,0.7189910944977189
23,2026.9.7/log_26_2026-9-7-06-30-26.ulg,Sep7,0.1,150,delta_v_rmse_m_s,0.28064132898929883
23,2026.9.7/log_26_2026-9-7-06-30-26.ulg,Sep7,0.2,150,delta_v_rmse_m_s,0.22619789599463613
23,2026.9.7/log_26_2026-9-7-06-30-26.ulg,Sep7,0.5,150,delta_v_rmse_m_s,0.30086537468273794
23,2026.9.7/log_26_2026-9-7-06-30-26.ulg,Sep7,1.0,150,delta_v_rmse_m_s,0.5629157287770605
23,2026.9.7/log_27_2026-9-7-06-37-24.ulg,Sep7,0.1,155,delta_v_rmse_m_s,0.10415698823010253
23,2026.9.7/log_27_2026-9-7-06-37-24.ulg,Sep7,0.2,155,delta_v_rmse_m_s,0.13196227704759592
23,2026.9.7/log_27_2026-9-7-06-37-24.ulg,Sep7,0.5,155,delta_v_rmse_m_s,0.2670856723591935
23,2026.9.7/log_27_2026-9-7-06-37-24.ulg,Sep7,1.0,155,delta_v_rmse_m_s,0.5333151567377336
23,2026.9.7/log_28_2026-9-7-06-44-02.ulg,Sep7,0.1,140,delta_v_rmse_m_s,0.12227364847184458
23,2026.9.7/log_28_2026-9-7-06-44-02.ulg,Sep7,0.2,140,delta_v_rmse_m_s,0.17759708299061713
23,2026.9.7/log_28_2026-9-7-06-44-02.ulg,Sep7,0.5,140,delta_v_rmse_m_s,0.30897446266150946
23,2026.9.7/log_28_2026-9-7-06-44-02.ulg,Sep7,1.0,140,delta_v_rmse_m_s,0.6208578470408732
23,2026.9.7/log_29_2026-9-7-06-51-04.ulg,Sep7,0.1,201,delta_v_rmse_m_s,0.107903055752255
23,2026.9.7/log_29_2026-9-7-06-51-04.ulg,Sep7,0.2,201,delta_v_rmse_m_s,0.1413051237293334
23,2026.9.7/log_29_2026-9-7-06-51-04.ulg,Sep7,0.5,201,delta_v_rmse_m_s,0.42813047751903954
23,2026.9.7/log_29_2026-9-7-06-51-04.ulg,Sep7,1.0,201,delta_v_rmse_m_s,0.4812583057921266
23,2026.9.7/log_30_2026-9-7-06-58-22.ulg,Sep7,0.1,164,delta_v_rmse_m_s,0.1174110797441378
23,2026.9.7/log_30_2026-9-7-06-58-22.ulg,Sep7,0.2,164,delta_v_rmse_m_s,0.17789096983694314
23,2026.9.7/log_30_2026-9-7-06-58-22.ulg,Sep7,0.5,164,delta_v_rmse_m_s,0.3647444723301574
23,2026.9.7/log_30_2026-9-7-06-58-22.ulg,Sep7,1.0,164,delta_v_rmse_m_s,0.6789886762607458
42,9.17数据/log_10_2026-9-17-06-34-34.ulg,Sep17,0.1,130,delta_v_rmse_m_s,0.14206310705695252
42,9.17数据/log_10_2026-9-17-06-34-34.ulg,Sep17,0.2,130,delta_v_rmse_m_s,0.19692718551015728
42,9.17数据/log_10_2026-9-17-06-34-34.ulg,Sep17,0.5,130,delta_v_rmse_m_s,0.3848589387100279
42,9.17数据/log_10_2026-9-17-06-34-34.ulg,Sep17,1.0,130,delta_v_rmse_m_s,0.7957967742545887
42,9.17数据/log_11_2026-9-17-06-40-30.ulg,Sep17,0.1,145,delta_v_rmse_m_s,0.14996517739859483
42,9.17数据/log_11_2026-9-17-06-40-30.ulg,Sep17,0.2,145,delta_v_rmse_m_s,0.2338380656381941
42,9.17数据/log_11_2026-9-17-06-40-30.ulg,Sep17,0.5,145,delta_v_rmse_m_s,0.3687931140137959
42,9.17数据/log_11_2026-9-17-06-40-30.ulg,Sep17,1.0,145,delta_v_rmse_m_s,0.6620180260057575
42,9.17数据/log_12_2026-9-17-06-46-02.ulg,Sep17,0.1,144,delta_v_rmse_m_s,0.13596617032485903
42,9.17数据/log_12_2026-9-17-06-46-02.ulg,Sep17,0.2,144,delta_v_rmse_m_s,0.199586514843223
42,9.17数据/log_12_2026-9-17-06-46-02.ulg,Sep17,0.5,144,delta_v_rmse_m_s,0.39892961064843624
42,9.17数据/log_12_2026-9-17-06-46-02.ulg,Sep17,1.0,144,delta_v_rmse_m_s,0.7079242756189372
42,9.17数据/log_13_2026-9-17-06-52-30.ulg,Sep17,0.1,153,delta_v_rmse_m_s,0.17028540981885812
42,9.17数据/log_13_2026-9-17-06-52-30.ulg,Sep17,0.2,153,delta_v_rmse_m_s,0.2292626956400352
42,9.17数据/log_13_2026-9-17-06-52-30.ulg,Sep17,0.5,153,delta_v_rmse_m_s,0.4164131618642604
42,9.17数据/log_13_2026-9-17-06-52-30.ulg,Sep17,1.0,153,delta_v_rmse_m_s,0.7072043755148842
42,9.17数据/log_6_2026-9-17-06-02-24.ulg,Sep17,0.1,138,delta_v_rmse_m_s,0.13607714477938557
42,9.17数据/log_6_2026-9-17-06-02-24.ulg,Sep17,0.2,138,delta_v_rmse_m_s,0.19595186459678318
42,9.17数据/log_6_2026-9-17-06-02-24.ulg,Sep17,0.5,138,delta_v_rmse_m_s,0.32977520054779624
42,9.17数据/log_6_2026-9-17-06-02-24.ulg,Sep17,1.0,138,delta_v_rmse_m_s,0.6359082002556945
42,9.17数据/log_7_2026-9-17-06-12-16.ulg,Sep17,0.1,131,delta_v_rmse_m_s,0.13009969904283591
42,9.17数据/log_7_2026-9-17-06-12-16.ulg,Sep17,0.2,131,delta_v_rmse_m_s,0.1663972750539803
42,9.17数据/log_7_2026-9-17-06-12-16.ulg,Sep17,0.5,131,delta_v_rmse_m_s,0.30595495365593833
42,9.17数据/log_7_2026-9-17-06-12-16.ulg,Sep17,1.0,131,delta_v_rmse_m_s,0.6367439049479311
42,9.17数据/log_8_2026-9-17-06-17-52.ulg,Sep17,0.1,146,delta_v_rmse_m_s,0.14969195009194394
42,9.17数据/log_8_2026-9-17-06-17-52.ulg,Sep17,0.2,146,delta_v_rmse_m_s,0.22295186363057676
42,9.17数据/log_8_2026-9-17-06-17-52.ulg,Sep17,0.5,146,delta_v_rmse_m_s,0.3758458482707969
42,9.17数据/log_8_2026-9-17-06-17-52.ulg,Sep17,1.0,146,delta_v_rmse_m_s,0.6359673400637449
42,9.17数据/log_9_2026-9-17-06-28-10.ulg,Sep17,0.1,114,delta_v_rmse_m_s,0.20265708177969272
42,9.17数据/log_9_2026-9-17-06-28-10.ulg,Sep17,0.2,114,delta_v_rmse_m_s,0.32051912156780077
42,9.17数据/log_9_2026-9-17-06-28-10.ulg,Sep17,0.5,114,delta_v_rmse_m_s,0.38429110691282975
42,9.17数据/log_9_2026-9-17-06-28-10.ulg,Sep17,1.0,114,delta_v_rmse_m_s,0.7825321363954548
42,2026.9.7/log_21_2026-9-7-05-54-56.ulg,Sep7,0.1,168,delta_v_rmse_m_s,0.12524269694487253
42,2026.9.7/log_21_2026-9-7-05-54-56.ulg,Sep7,0.2,168,delta_v_rmse_m_s,0.16144649613539874
42,2026.9.7/log_21_2026-9-7-05-54-56.ulg,Sep7,0.5,168,delta_v_rmse_m_s,0.3461571489395044
42,2026.9.7/log_21_2026-9-7-05-54-56.ulg,Sep7,1.0,168,delta_v_rmse_m_s,0.585267912673652
42,2026.9.7/log_22_2026-9-7-06-01-40.ulg,Sep7,0.1,182,delta_v_rmse_m_s,0.12250210005503467
42,2026.9.7/log_22_2026-9-7-06-01-40.ulg,Sep7,0.2,182,delta_v_rmse_m_s,0.17765236176274804
42,2026.9.7/log_22_2026-9-7-06-01-40.ulg,Sep7,0.5,182,delta_v_rmse_m_s,0.33027805266817356
42,2026.9.7/log_22_2026-9-7-06-01-40.ulg,Sep7,1.0,182,delta_v_rmse_m_s,0.6489428867382232
42,2026.9.7/log_23_2026-9-7-06-09-22.ulg,Sep7,0.1,160,delta_v_rmse_m_s,0.1394272815235629
42,2026.9.7/log_23_2026-9-7-06-09-22.ulg,Sep7,0.2,160,delta_v_rmse_m_s,0.18050711642909664
42,2026.9.7/log_23_2026-9-7-06-09-22.ulg,Sep7,0.5,160,delta_v_rmse_m_s,0.32650911375185804
42,2026.9.7/log_23_2026-9-7-06-09-22.ulg,Sep7,1.0,160,delta_v_rmse_m_s,0.6645561862438991
42,2026.9.7/log_24_2026-9-7-06-16-04.ulg,Sep7,0.1,161,delta_v_rmse_m_s,0.13075393058745077
42,2026.9.7/log_24_2026-9-7-06-16-04.ulg,Sep7,0.2,161,delta_v_rmse_m_s,0.19759683429491212
42,2026.9.7/log_24_2026-9-7-06-16-04.ulg,Sep7,0.5,161,delta_v_rmse_m_s,0.39680031421937323
42,2026.9.7/log_24_2026-9-7-06-16-04.ulg,Sep7,1.0,161,delta_v_rmse_m_s,0.7230552703712687
42,2026.9.7/log_26_2026-9-7-06-30-26.ulg,Sep7,0.1,150,delta_v_rmse_m_s,0.26296657387802536
42,2026.9.7/log_26_2026-9-7-06-30-26.ulg,Sep7,0.2,150,delta_v_rmse_m_s,0.20615194195757097
42,2026.9.7/log_26_2026-9-7-06-30-26.ulg,Sep7,0.5,150,delta_v_rmse_m_s,0.3077489273170418
42,2026.9.7/log_26_2026-9-7-06-30-26.ulg,Sep7,1.0,150,delta_v_rmse_m_s,0.5700250182015881
42,2026.9.7/log_27_2026-9-7-06-37-24.ulg,Sep7,0.1,155,delta_v_rmse_m_s,0.10922603803826703
42,2026.9.7/log_27_2026-9-7-06-37-24.ulg,Sep7,0.2,155,delta_v_rmse_m_s,0.1347865517510413
42,2026.9.7/log_27_2026-9-7-06-37-24.ulg,Sep7,0.5,155,delta_v_rmse_m_s,0.25864588495340907
42,2026.9.7/log_27_2026-9-7-06-37-24.ulg,Sep7,1.0,155,delta_v_rmse_m_s,0.5145601198951297
42,2026.9.7/log_28_2026-9-7-06-44-02.ulg,Sep7,0.1,140,delta_v_rmse_m_s,0.120684916729796
42,2026.9.7/log_28_2026-9-7-06-44-02.ulg,Sep7,0.2,140,delta_v_rmse_m_s,0.18095493489329512
42,2026.9.7/log_28_2026-9-7-06-44-02.ulg,Sep7,0.5,140,delta_v_rmse_m_s,0.28380529210668676
42,2026.9.7/log_28_2026-9-7-06-44-02.ulg,Sep7,1.0,140,delta_v_rmse_m_s,0.5689370083603463
42,2026.9.7/log_29_2026-9-7-06-51-04.ulg,Sep7,0.1,201,delta_v_rmse_m_s,0.1083829500438471
42,2026.9.7/log_29_2026-9-7-06-51-04.ulg,Sep7,0.2,201,delta_v_rmse_m_s,0.15039265619812986
42,2026.9.7/log_29_2026-9-7-06-51-04.ulg,Sep7,0.5,201,delta_v_rmse_m_s,0.4589685713111272
42,2026.9.7/log_29_2026-9-7-06-51-04.ulg,Sep7,1.0,201,delta_v_rmse_m_s,0.5187300208485336
42,2026.9.7/log_30_2026-9-7-06-58-22.ulg,Sep7,0.1,164,delta_v_rmse_m_s,0.12819453219059426
42,2026.9.7/log_30_2026-9-7-06-58-22.ulg,Sep7,0.2,164,delta_v_rmse_m_s,0.1803877753860598
42,2026.9.7/log_30_2026-9-7-06-58-22.ulg,Sep7,0.5,164,delta_v_rmse_m_s,0.3691362030312705
42,2026.9.7/log_30_2026-9-7-06-58-22.ulg,Sep7,1.0,164,delta_v_rmse_m_s,0.7036729382554192
17,9.17数据/log_10_2026-9-17-06-34-34.ulg,Sep17,0.1,130,delta_omega_rmse_rad_s,0.5619771453138035
17,9.17数据/log_10_2026-9-17-06-34-34.ulg,Sep17,0.2,130,delta_omega_rmse_rad_s,0.5316276862954696
17,9.17数据/log_10_2026-9-17-06-34-34.ulg,Sep17,0.5,130,delta_omega_rmse_rad_s,0.6061456647058073
17,9.17数据/log_10_2026-9-17-06-34-34.ulg,Sep17,1.0,130,delta_omega_rmse_rad_s,0.6932807119455628
17,9.17数据/log_11_2026-9-17-06-40-30.ulg,Sep17,0.1,145,delta_omega_rmse_rad_s,0.5437917577858278
17,9.17数据/log_11_2026-9-17-06-40-30.ulg,Sep17,0.2,145,delta_omega_rmse_rad_s,0.554091411948374
17,9.17数据/log_11_2026-9-17-06-40-30.ulg,Sep17,0.5,145,delta_omega_rmse_rad_s,0.5822998166571918
17,9.17数据/log_11_2026-9-17-06-40-30.ulg,Sep17,1.0,145,delta_omega_rmse_rad_s,0.6291595462385188
17,9.17数据/log_12_2026-9-17-06-46-02.ulg,Sep17,0.1,144,delta_omega_rmse_rad_s,0.4493565761941317
17,9.17数据/log_12_2026-9-17-06-46-02.ulg,Sep17,0.2,144,delta_omega_rmse_rad_s,0.511005679256703
17,9.17数据/log_12_2026-9-17-06-46-02.ulg,Sep17,0.5,144,delta_omega_rmse_rad_s,0.5645281878432944
17,9.17数据/log_12_2026-9-17-06-46-02.ulg,Sep17,1.0,144,delta_omega_rmse_rad_s,0.5352832406710408
17,9.17数据/log_13_2026-9-17-06-52-30.ulg,Sep17,0.1,153,delta_omega_rmse_rad_s,0.5399545934367994
17,9.17数据/log_13_2026-9-17-06-52-30.ulg,Sep17,0.2,153,delta_omega_rmse_rad_s,0.5665396637858569
17,9.17数据/log_13_2026-9-17-06-52-30.ulg,Sep17,0.5,153,delta_omega_rmse_rad_s,0.5690288190031161
17,9.17数据/log_13_2026-9-17-06-52-30.ulg,Sep17,1.0,153,delta_omega_rmse_rad_s,0.6562789623120678
17,9.17数据/log_6_2026-9-17-06-02-24.ulg,Sep17,0.1,138,delta_omega_rmse_rad_s,0.5445082624346029
17,9.17数据/log_6_2026-9-17-06-02-24.ulg,Sep17,0.2,138,delta_omega_rmse_rad_s,0.522308483154721
17,9.17数据/log_6_2026-9-17-06-02-24.ulg,Sep17,0.5,138,delta_omega_rmse_rad_s,0.4988036644677375
17,9.17数据/log_6_2026-9-17-06-02-24.ulg,Sep17,1.0,138,delta_omega_rmse_rad_s,0.48780969191912743
17,9.17数据/log_7_2026-9-17-06-12-16.ulg,Sep17,0.1,131,delta_omega_rmse_rad_s,0.49777231742328726
17,9.17数据/log_7_2026-9-17-06-12-16.ulg,Sep17,0.2,131,delta_omega_rmse_rad_s,0.44846489035804804
17,9.17数据/log_7_2026-9-17-06-12-16.ulg,Sep17,0.5,131,delta_omega_rmse_rad_s,0.49335305394405465
17,9.17数据/log_7_2026-9-17-06-12-16.ulg,Sep17,1.0,131,delta_omega_rmse_rad_s,0.5951478011068103
17,9.17数据/log_8_2026-9-17-06-17-52.ulg,Sep17,0.1,146,delta_omega_rmse_rad_s,0.4790180664383273
17,9.17数据/log_8_2026-9-17-06-17-52.ulg,Sep17,0.2,146,delta_omega_rmse_rad_s,0.6090293458554911
17,9.17数据/log_8_2026-9-17-06-17-52.ulg,Sep17,0.5,146,delta_omega_rmse_rad_s,0.5618948720015354
17,9.17数据/log_8_2026-9-17-06-17-52.ulg,Sep17,1.0,146,delta_omega_rmse_rad_s,0.5708199369381322
17,9.17数据/log_9_2026-9-17-06-28-10.ulg,Sep17,0.1,114,delta_omega_rmse_rad_s,0.6007279920790904
17,9.17数据/log_9_2026-9-17-06-28-10.ulg,Sep17,0.2,114,delta_omega_rmse_rad_s,0.5466583348245261
17,9.17数据/log_9_2026-9-17-06-28-10.ulg,Sep17,0.5,114,delta_omega_rmse_rad_s,0.6206696513729096
17,9.17数据/log_9_2026-9-17-06-28-10.ulg,Sep17,1.0,114,delta_omega_rmse_rad_s,0.7023231379627503
17,2026.9.7/log_21_2026-9-7-05-54-56.ulg,Sep7,0.1,168,delta_omega_rmse_rad_s,0.5445551940421941
17,2026.9.7/log_21_2026-9-7-05-54-56.ulg,Sep7,0.2,168,delta_omega_rmse_rad_s,0.5543507125138374
17,2026.9.7/log_21_2026-9-7-05-54-56.ulg,Sep7,0.5,168,delta_omega_rmse_rad_s,0.6545154805428604
17,2026.9.7/log_21_2026-9-7-05-54-56.ulg,Sep7,1.0,168,delta_omega_rmse_rad_s,0.6460150876402315
17,2026.9.7/log_22_2026-9-7-06-01-40.ulg,Sep7,0.1,182,delta_omega_rmse_rad_s,0.6010194332979779
17,2026.9.7/log_22_2026-9-7-06-01-40.ulg,Sep7,0.2,182,delta_omega_rmse_rad_s,0.5643999571269996
17,2026.9.7/log_22_2026-9-7-06-01-40.ulg,Sep7,0.5,182,delta_omega_rmse_rad_s,0.6260238415548602
17,2026.9.7/log_22_2026-9-7-06-01-40.ulg,Sep7,1.0,182,delta_omega_rmse_rad_s,0.5804222422906736
17,2026.9.7/log_23_2026-9-7-06-09-22.ulg,Sep7,0.1,160,delta_omega_rmse_rad_s,0.5242412525417668
17,2026.9.7/log_23_2026-9-7-06-09-22.ulg,Sep7,0.2,160,delta_omega_rmse_rad_s,0.6337594479467622
17,2026.9.7/log_23_2026-9-7-06-09-22.ulg,Sep7,0.5,160,delta_omega_rmse_rad_s,0.7322075821227971
17,2026.9.7/log_23_2026-9-7-06-09-22.ulg,Sep7,1.0,160,delta_omega_rmse_rad_s,0.6475085025456018
17,2026.9.7/log_24_2026-9-7-06-16-04.ulg,Sep7,0.1,161,delta_omega_rmse_rad_s,0.5464108966705735
17,2026.9.7/log_24_2026-9-7-06-16-04.ulg,Sep7,0.2,161,delta_omega_rmse_rad_s,0.5759970064113579
17,2026.9.7/log_24_2026-9-7-06-16-04.ulg,Sep7,0.5,161,delta_omega_rmse_rad_s,0.6510973122987423
17,2026.9.7/log_24_2026-9-7-06-16-04.ulg,Sep7,1.0,161,delta_omega_rmse_rad_s,0.6382837517426422
17,2026.9.7/log_26_2026-9-7-06-30-26.ulg,Sep7,0.1,150,delta_omega_rmse_rad_s,0.5528062519712666
17,2026.9.7/log_26_2026-9-7-06-30-26.ulg,Sep7,0.2,150,delta_omega_rmse_rad_s,0.6332639074145637
17,2026.9.7/log_26_2026-9-7-06-30-26.ulg,Sep7,0.5,150,delta_omega_rmse_rad_s,0.5991301289312887
17,2026.9.7/log_26_2026-9-7-06-30-26.ulg,Sep7,1.0,150,delta_omega_rmse_rad_s,0.6349718524928125
17,2026.9.7/log_27_2026-9-7-06-37-24.ulg,Sep7,0.1,155,delta_omega_rmse_rad_s,0.54457490223179
17,2026.9.7/log_27_2026-9-7-06-37-24.ulg,Sep7,0.2,155,delta_omega_rmse_rad_s,0.6085769338565149
17,2026.9.7/log_27_2026-9-7-06-37-24.ulg,Sep7,0.5,155,delta_omega_rmse_rad_s,0.6163981944800815
17,2026.9.7/log_27_2026-9-7-06-37-24.ulg,Sep7,1.0,155,delta_omega_rmse_rad_s,0.626157035822806
17,2026.9.7/log_28_2026-9-7-06-44-02.ulg,Sep7,0.1,140,delta_omega_rmse_rad_s,0.5449412823835681
17,2026.9.7/log_28_2026-9-7-06-44-02.ulg,Sep7,0.2,140,delta_omega_rmse_rad_s,0.6064975686880584
17,2026.9.7/log_28_2026-9-7-06-44-02.ulg,Sep7,0.5,140,delta_omega_rmse_rad_s,0.6092795082548232
17,2026.9.7/log_28_2026-9-7-06-44-02.ulg,Sep7,1.0,140,delta_omega_rmse_rad_s,0.6352426736720638
17,2026.9.7/log_29_2026-9-7-06-51-04.ulg,Sep7,0.1,201,delta_omega_rmse_rad_s,0.6126144949965739
17,2026.9.7/log_29_2026-9-7-06-51-04.ulg,Sep7,0.2,201,delta_omega_rmse_rad_s,0.5579676095359404
17,2026.9.7/log_29_2026-9-7-06-51-04.ulg,Sep7,0.5,201,delta_omega_rmse_rad_s,0.6004105487149611
17,2026.9.7/log_29_2026-9-7-06-51-04.ulg,Sep7,1.0,201,delta_omega_rmse_rad_s,0.566723098718402
17,2026.9.7/log_30_2026-9-7-06-58-22.ulg,Sep7,0.1,164,delta_omega_rmse_rad_s,0.5578743898629627
17,2026.9.7/log_30_2026-9-7-06-58-22.ulg,Sep7,0.2,164,delta_omega_rmse_rad_s,0.5676522980112023
17,2026.9.7/log_30_2026-9-7-06-58-22.ulg,Sep7,0.5,164,delta_omega_rmse_rad_s,0.5923038011365261
17,2026.9.7/log_30_2026-9-7-06-58-22.ulg,Sep7,1.0,164,delta_omega_rmse_rad_s,0.6599216548452717
23,9.17数据/log_10_2026-9-17-06-34-34.ulg,Sep17,0.1,130,delta_omega_rmse_rad_s,0.5558465823670794
23,9.17数据/log_10_2026-9-17-06-34-34.ulg,Sep17,0.2,130,delta_omega_rmse_rad_s,0.5411726831280687
23,9.17数据/log_10_2026-9-17-06-34-34.ulg,Sep17,0.5,130,delta_omega_rmse_rad_s,0.6041233972044874
23,9.17数据/log_10_2026-9-17-06-34-34.ulg,Sep17,1.0,130,delta_omega_rmse_rad_s,0.7325986708092026
23,9.17数据/log_11_2026-9-17-06-40-30.ulg,Sep17,0.1,145,delta_omega_rmse_rad_s,0.539208574187658
23,9.17数据/log_11_2026-9-17-06-40-30.ulg,Sep17,0.2,145,delta_omega_rmse_rad_s,0.5671006840867485
23,9.17数据/log_11_2026-9-17-06-40-30.ulg,Sep17,0.5,145,delta_omega_rmse_rad_s,0.5707310194212849
23,9.17数据/log_11_2026-9-17-06-40-30.ulg,Sep17,1.0,145,delta_omega_rmse_rad_s,0.6729043564035379
23,9.17数据/log_12_2026-9-17-06-46-02.ulg,Sep17,0.1,144,delta_omega_rmse_rad_s,0.4422824102509942
23,9.17数据/log_12_2026-9-17-06-46-02.ulg,Sep17,0.2,144,delta_omega_rmse_rad_s,0.5147095697886742
23,9.17数据/log_12_2026-9-17-06-46-02.ulg,Sep17,0.5,144,delta_omega_rmse_rad_s,0.5784621157596689
23,9.17数据/log_12_2026-9-17-06-46-02.ulg,Sep17,1.0,144,delta_omega_rmse_rad_s,0.5523639010689453
23,9.17数据/log_13_2026-9-17-06-52-30.ulg,Sep17,0.1,153,delta_omega_rmse_rad_s,0.5470719089159553
23,9.17数据/log_13_2026-9-17-06-52-30.ulg,Sep17,0.2,153,delta_omega_rmse_rad_s,0.5642192825769928
23,9.17数据/log_13_2026-9-17-06-52-30.ulg,Sep17,0.5,153,delta_omega_rmse_rad_s,0.5654766928435675
23,9.17数据/log_13_2026-9-17-06-52-30.ulg,Sep17,1.0,153,delta_omega_rmse_rad_s,0.6913309766749968
23,9.17数据/log_6_2026-9-17-06-02-24.ulg,Sep17,0.1,138,delta_omega_rmse_rad_s,0.5231667664739533
23,9.17数据/log_6_2026-9-17-06-02-24.ulg,Sep17,0.2,138,delta_omega_rmse_rad_s,0.522129232093861
23,9.17数据/log_6_2026-9-17-06-02-24.ulg,Sep17,0.5,138,delta_omega_rmse_rad_s,0.5301689694759586
23,9.17数据/log_6_2026-9-17-06-02-24.ulg,Sep17,1.0,138,delta_omega_rmse_rad_s,0.5212452045334924
23,9.17数据/log_7_2026-9-17-06-12-16.ulg,Sep17,0.1,131,delta_omega_rmse_rad_s,0.5096393519910623
23,9.17数据/log_7_2026-9-17-06-12-16.ulg,Sep17,0.2,131,delta_omega_rmse_rad_s,0.45467306097881505
23,9.17数据/log_7_2026-9-17-06-12-16.ulg,Sep17,0.5,131,delta_omega_rmse_rad_s,0.5029258268266432
23,9.17数据/log_7_2026-9-17-06-12-16.ulg,Sep17,1.0,131,delta_omega_rmse_rad_s,0.6151156460961337
23,9.17数据/log_8_2026-9-17-06-17-52.ulg,Sep17,0.1,146,delta_omega_rmse_rad_s,0.48567701039661587
23,9.17数据/log_8_2026-9-17-06-17-52.ulg,Sep17,0.2,146,delta_omega_rmse_rad_s,0.6087787131174904
23,9.17数据/log_8_2026-9-17-06-17-52.ulg,Sep17,0.5,146,delta_omega_rmse_rad_s,0.5487277716240767
23,9.17数据/log_8_2026-9-17-06-17-52.ulg,Sep17,1.0,146,delta_omega_rmse_rad_s,0.5940831431281236
23,9.17数据/log_9_2026-9-17-06-28-10.ulg,Sep17,0.1,114,delta_omega_rmse_rad_s,0.5954270615459528
23,9.17数据/log_9_2026-9-17-06-28-10.ulg,Sep17,0.2,114,delta_omega_rmse_rad_s,0.5266860621463204
23,9.17数据/log_9_2026-9-17-06-28-10.ulg,Sep17,0.5,114,delta_omega_rmse_rad_s,0.6178828583756419
23,9.17数据/log_9_2026-9-17-06-28-10.ulg,Sep17,1.0,114,delta_omega_rmse_rad_s,0.7076759855493193
23,2026.9.7/log_21_2026-9-7-05-54-56.ulg,Sep7,0.1,168,delta_omega_rmse_rad_s,0.5457492045416003
23,2026.9.7/log_21_2026-9-7-05-54-56.ulg,Sep7,0.2,168,delta_omega_rmse_rad_s,0.5683764116255585
23,2026.9.7/log_21_2026-9-7-05-54-56.ulg,Sep7,0.5,168,delta_omega_rmse_rad_s,0.6510191398865701
23,2026.9.7/log_21_2026-9-7-05-54-56.ulg,Sep7,1.0,168,delta_omega_rmse_rad_s,0.6273475980597581
23,2026.9.7/log_22_2026-9-7-06-01-40.ulg,Sep7,0.1,182,delta_omega_rmse_rad_s,0.6127930652359399
23,2026.9.7/log_22_2026-9-7-06-01-40.ulg,Sep7,0.2,182,delta_omega_rmse_rad_s,0.6067550006710819
23,2026.9.7/log_22_2026-9-7-06-01-40.ulg,Sep7,0.5,182,delta_omega_rmse_rad_s,0.6171671097110557
23,2026.9.7/log_22_2026-9-7-06-01-40.ulg,Sep7,1.0,182,delta_omega_rmse_rad_s,0.5991787655192855
23,2026.9.7/log_23_2026-9-7-06-09-22.ulg,Sep7,0.1,160,delta_omega_rmse_rad_s,0.5494887389948218
23,2026.9.7/log_23_2026-9-7-06-09-22.ulg,Sep7,0.2,160,delta_omega_rmse_rad_s,0.6375170376071397
23,2026.9.7/log_23_2026-9-7-06-09-22.ulg,Sep7,0.5,160,delta_omega_rmse_rad_s,0.7238169258758133
23,2026.9.7/log_23_2026-9-7-06-09-22.ulg,Sep7,1.0,160,delta_omega_rmse_rad_s,0.6404503462608535
23,2026.9.7/log_24_2026-9-7-06-16-04.ulg,Sep7,0.1,161,delta_omega_rmse_rad_s,0.552668069934205
23,2026.9.7/log_24_2026-9-7-06-16-04.ulg,Sep7,0.2,161,delta_omega_rmse_rad_s,0.5822528522925022
23,2026.9.7/log_24_2026-9-7-06-16-04.ulg,Sep7,0.5,161,delta_omega_rmse_rad_s,0.6473349101913747
23,2026.9.7/log_24_2026-9-7-06-16-04.ulg,Sep7,1.0,161,delta_omega_rmse_rad_s,0.6525660241191702
23,2026.9.7/log_26_2026-9-7-06-30-26.ulg,Sep7,0.1,150,delta_omega_rmse_rad_s,0.5312620649585565
23,2026.9.7/log_26_2026-9-7-06-30-26.ulg,Sep7,0.2,150,delta_omega_rmse_rad_s,0.6325053637359764
23,2026.9.7/log_26_2026-9-7-06-30-26.ulg,Sep7,0.5,150,delta_omega_rmse_rad_s,0.5903795251926333
23,2026.9.7/log_26_2026-9-7-06-30-26.ulg,Sep7,1.0,150,delta_omega_rmse_rad_s,0.6304331125841188
23,2026.9.7/log_27_2026-9-7-06-37-24.ulg,Sep7,0.1,155,delta_omega_rmse_rad_s,0.5241918085082813
23,2026.9.7/log_27_2026-9-7-06-37-24.ulg,Sep7,0.2,155,delta_omega_rmse_rad_s,0.6146622700095467
23,2026.9.7/log_27_2026-9-7-06-37-24.ulg,Sep7,0.5,155,delta_omega_rmse_rad_s,0.6244909286479984
23,2026.9.7/log_27_2026-9-7-06-37-24.ulg,Sep7,1.0,155,delta_omega_rmse_rad_s,0.614333980579427
23,2026.9.7/log_28_2026-9-7-06-44-02.ulg,Sep7,0.1,140,delta_omega_rmse_rad_s,0.553110961758129
23,2026.9.7/log_28_2026-9-7-06-44-02.ulg,Sep7,0.2,140,delta_omega_rmse_rad_s,0.6088945223242851
23,2026.9.7/log_28_2026-9-7-06-44-02.ulg,Sep7,0.5,140,delta_omega_rmse_rad_s,0.5958104171782584
23,2026.9.7/log_28_2026-9-7-06-44-02.ulg,Sep7,1.0,140,delta_omega_rmse_rad_s,0.6410302466864863
23,2026.9.7/log_29_2026-9-7-06-51-04.ulg,Sep7,0.1,201,delta_omega_rmse_rad_s,0.6043080681181473
23,2026.9.7/log_29_2026-9-7-06-51-04.ulg,Sep7,0.2,201,delta_omega_rmse_rad_s,0.5671484906265277
23,2026.9.7/log_29_2026-9-7-06-51-04.ulg,Sep7,0.5,201,delta_omega_rmse_rad_s,0.5995224461368729
23,2026.9.7/log_29_2026-9-7-06-51-04.ulg,Sep7,1.0,201,delta_omega_rmse_rad_s,0.5985507015568878
23,2026.9.7/log_30_2026-9-7-06-58-22.ulg,Sep7,0.1,164,delta_omega_rmse_rad_s,0.5712828689355605
23,2026.9.7/log_30_2026-9-7-06-58-22.ulg,Sep7,0.2,164,delta_omega_rmse_rad_s,0.5644908052724318
23,2026.9.7/log_30_2026-9-7-06-58-22.ulg,Sep7,0.5,164,delta_omega_rmse_rad_s,0.5916859188727831
23,2026.9.7/log_30_2026-9-7-06-58-22.ulg,Sep7,1.0,164,delta_omega_rmse_rad_s,0.6719187211312787
42,9.17数据/log_10_2026-9-17-06-34-34.ulg,Sep17,0.1,130,delta_omega_rmse_rad_s,0.5537834689827106
42,9.17数据/log_10_2026-9-17-06-34-34.ulg,Sep17,0.2,130,delta_omega_rmse_rad_s,0.5365734880009264
42,9.17数据/log_10_2026-9-17-06-34-34.ulg,Sep17,0.5,130,delta_omega_rmse_rad_s,0.5885311725914473
42,9.17数据/log_10_2026-9-17-06-34-34.ulg,Sep17,1.0,130,delta_omega_rmse_rad_s,0.6776381298227778
42,9.17数据/log_11_2026-9-17-06-40-30.ulg,Sep17,0.1,145,delta_omega_rmse_rad_s,0.5504526383144165
42,9.17数据/log_11_2026-9-17-06-40-30.ulg,Sep17,0.2,145,delta_omega_rmse_rad_s,0.5645660843076179
42,9.17数据/log_11_2026-9-17-06-40-30.ulg,Sep17,0.5,145,delta_omega_rmse_rad_s,0.5857766889757076
42,9.17数据/log_11_2026-9-17-06-40-30.ulg,Sep17,1.0,145,delta_omega_rmse_rad_s,0.6367480503292501
42,9.17数据/log_12_2026-9-17-06-46-02.ulg,Sep17,0.1,144,delta_omega_rmse_rad_s,0.4601633584574671
42,9.17数据/log_12_2026-9-17-06-46-02.ulg,Sep17,0.2,144,delta_omega_rmse_rad_s,0.5070936983587367
42,9.17数据/log_12_2026-9-17-06-46-02.ulg,Sep17,0.5,144,delta_omega_rmse_rad_s,0.5647518691684843
42,9.17数据/log_12_2026-9-17-06-46-02.ulg,Sep17,1.0,144,delta_omega_rmse_rad_s,0.5487903751145408
42,9.17数据/log_13_2026-9-17-06-52-30.ulg,Sep17,0.1,153,delta_omega_rmse_rad_s,0.5404964252053598
42,9.17数据/log_13_2026-9-17-06-52-30.ulg,Sep17,0.2,153,delta_omega_rmse_rad_s,0.5680757024016273
42,9.17数据/log_13_2026-9-17-06-52-30.ulg,Sep17,0.5,153,delta_omega_rmse_rad_s,0.5668789445112856
42,9.17数据/log_13_2026-9-17-06-52-30.ulg,Sep17,1.0,153,delta_omega_rmse_rad_s,0.6561727139460221
42,9.17数据/log_6_2026-9-17-06-02-24.ulg,Sep17,0.1,138,delta_omega_rmse_rad_s,0.5306515658933975
42,9.17数据/log_6_2026-9-17-06-02-24.ulg,Sep17,0.2,138,delta_omega_rmse_rad_s,0.5122405687595857
42,9.17数据/log_6_2026-9-17-06-02-24.ulg,Sep17,0.5,138,delta_omega_rmse_rad_s,0.4980371822751314
42,9.17数据/log_6_2026-9-17-06-02-24.ulg,Sep17,1.0,138,delta_omega_rmse_rad_s,0.4837148216887644
42,9.17数据/log_7_2026-9-17-06-12-16.ulg,Sep17,0.1,131,delta_omega_rmse_rad_s,0.5054657464452337
42,9.17数据/log_7_2026-9-17-06-12-16.ulg,Sep17,0.2,131,delta_omega_rmse_rad_s,0.4537014765554417
42,9.17数据/log_7_2026-9-17-06-12-16.ulg,Sep17,0.5,131,delta_omega_rmse_rad_s,0.4868608974763897
42,9.17数据/log_7_2026-9-17-06-12-16.ulg,Sep17,1.0,131,delta_omega_rmse_rad_s,0.5774958044691417
42,9.17数据/log_8_2026-9-17-06-17-52.ulg,Sep17,0.1,146,delta_omega_rmse_rad_s,0.4855990421164905
42,9.17数据/log_8_2026-9-17-06-17-52.ulg,Sep17,0.2,146,delta_omega_rmse_rad_s,0.6061766550777882
42,9.17数据/log_8_2026-9-17-06-17-52.ulg,Sep17,0.5,146,delta_omega_rmse_rad_s,0.5532196266290988
42,9.17数据/log_8_2026-9-17-06-17-52.ulg,Sep17,1.0,146,delta_omega_rmse_rad_s,0.5726344504257705
42,9.17数据/log_9_2026-9-17-06-28-10.ulg,Sep17,0.1,114,delta_omega_rmse_rad_s,0.615355487035623
42,9.17数据/log_9_2026-9-17-06-28-10.ulg,Sep17,0.2,114,delta_omega_rmse_rad_s,0.5512048298906576
42,9.17数据/log_9_2026-9-17-06-28-10.ulg,Sep17,0.5,114,delta_omega_rmse_rad_s,0.6027709264453955
42,9.17数据/log_9_2026-9-17-06-28-10.ulg,Sep17,1.0,114,delta_omega_rmse_rad_s,0.7061478754301193
42,2026.9.7/log_21_2026-9-7-05-54-56.ulg,Sep7,0.1,168,delta_omega_rmse_rad_s,0.5687223014359676
42,2026.9.7/log_21_2026-9-7-05-54-56.ulg,Sep7,0.2,168,delta_omega_rmse_rad_s,0.5685507418097692
42,2026.9.7/log_21_2026-9-7-05-54-56.ulg,Sep7,0.5,168,delta_omega_rmse_rad_s,0.6611257531811762
42,2026.9.7/log_21_2026-9-7-05-54-56.ulg,Sep7,1.0,168,delta_omega_rmse_rad_s,0.6171677206092125
42,2026.9.7/log_22_2026-9-7-06-01-40.ulg,Sep7,0.1,182,delta_omega_rmse_rad_s,0.6056462302335865
42,2026.9.7/log_22_2026-9-7-06-01-40.ulg,Sep7,0.2,182,delta_omega_rmse_rad_s,0.5769891421954801
42,2026.9.7/log_22_2026-9-7-06-01-40.ulg,Sep7,0.5,182,delta_omega_rmse_rad_s,0.6106643856461941
42,2026.9.7/log_22_2026-9-7-06-01-40.ulg,Sep7,1.0,182,delta_omega_rmse_rad_s,0.5797177574763934
42,2026.9.7/log_23_2026-9-7-06-09-22.ulg,Sep7,0.1,160,delta_omega_rmse_rad_s,0.5402132062168389
42,2026.9.7/log_23_2026-9-7-06-09-22.ulg,Sep7,0.2,160,delta_omega_rmse_rad_s,0.6483647037301845
42,2026.9.7/log_23_2026-9-7-06-09-22.ulg,Sep7,0.5,160,delta_omega_rmse_rad_s,0.7490378161965617
42,2026.9.7/log_23_2026-9-7-06-09-22.ulg,Sep7,1.0,160,delta_omega_rmse_rad_s,0.6530316529784579
42,2026.9.7/log_24_2026-9-7-06-16-04.ulg,Sep7,0.1,161,delta_omega_rmse_rad_s,0.5476413019531
42,2026.9.7/log_24_2026-9-7-06-16-04.ulg,Sep7,0.2,161,delta_omega_rmse_rad_s,0.5634197399131794
42,2026.9.7/log_24_2026-9-7-06-16-04.ulg,Sep7,0.5,161,delta_omega_rmse_rad_s,0.6352492593171818
42,2026.9.7/log_24_2026-9-7-06-16-04.ulg,Sep7,1.0,161,delta_omega_rmse_rad_s,0.6440741633819678
42,2026.9.7/log_26_2026-9-7-06-30-26.ulg,Sep7,0.1,150,delta_omega_rmse_rad_s,0.5407381136437887
42,2026.9.7/log_26_2026-9-7-06-30-26.ulg,Sep7,0.2,150,delta_omega_rmse_rad_s,0.6383190811741031
42,2026.9.7/log_26_2026-9-7-06-30-26.ulg,Sep7,0.5,150,delta_omega_rmse_rad_s,0.5923878200656783
42,2026.9.7/log_26_2026-9-7-06-30-26.ulg,Sep7,1.0,150,delta_omega_rmse_rad_s,0.6136344478774937
42,2026.9.7/log_27_2026-9-7-06-37-24.ulg,Sep7,0.1,155,delta_omega_rmse_rad_s,0.5383523602244054
42,2026.9.7/log_27_2026-9-7-06-37-24.ulg,Sep7,0.2,155,delta_omega_rmse_rad_s,0.6037287330722884
42,2026.9.7/log_27_2026-9-7-06-37-24.ulg,Sep7,0.5,155,delta_omega_rmse_rad_s,0.6083040182310151
42,2026.9.7/log_27_2026-9-7-06-37-24.ulg,Sep7,1.0,155,delta_omega_rmse_rad_s,0.5981962975608573
42,2026.9.7/log_28_2026-9-7-06-44-02.ulg,Sep7,0.1,140,delta_omega_rmse_rad_s,0.5543989269227464
42,2026.9.7/log_28_2026-9-7-06-44-02.ulg,Sep7,0.2,140,delta_omega_rmse_rad_s,0.594800737415926
42,2026.9.7/log_28_2026-9-7-06-44-02.ulg,Sep7,0.5,140,delta_omega_rmse_rad_s,0.6008072006879432
42,2026.9.7/log_28_2026-9-7-06-44-02.ulg,Sep7,1.0,140,delta_omega_rmse_rad_s,0.6234862069308917
42,2026.9.7/log_29_2026-9-7-06-51-04.ulg,Sep7,0.1,201,delta_omega_rmse_rad_s,0.6126936616487727
42,2026.9.7/log_29_2026-9-7-06-51-04.ulg,Sep7,0.2,201,delta_omega_rmse_rad_s,0.5477626819294313
42,2026.9.7/log_29_2026-9-7-06-51-04.ulg,Sep7,0.5,201,delta_omega_rmse_rad_s,0.6002356506515469
42,2026.9.7/log_29_2026-9-7-06-51-04.ulg,Sep7,1.0,201,delta_omega_rmse_rad_s,0.5637150453241199
42,2026.9.7/log_30_2026-9-7-06-58-22.ulg,Sep7,0.1,164,delta_omega_rmse_rad_s,0.5720765288425828
42,2026.9.7/log_30_2026-9-7-06-58-22.ulg,Sep7,0.2,164,delta_omega_rmse_rad_s,0.5645971989209042
42,2026.9.7/log_30_2026-9-7-06-58-22.ulg,Sep7,0.5,164,delta_omega_rmse_rad_s,0.5829496604021719
42,2026.9.7/log_30_2026-9-7-06-58-22.ulg,Sep7,1.0,164,delta_omega_rmse_rad_s,0.6538843749633954
17,9.17数据/log_10_2026-9-17-06-34-34.ulg,Sep17,0.1,130,velocity_x_rmse_m_s,0.058291971834207854
17,9.17数据/log_10_2026-9-17-06-34-34.ulg,Sep17,0.2,130,velocity_x_rmse_m_s,0.0920663710177921
17,9.17数据/log_10_2026-9-17-06-34-34.ulg,Sep17,0.5,130,velocity_x_rmse_m_s,0.17334710967730504
17,9.17数据/log_10_2026-9-17-06-34-34.ulg,Sep17,1.0,130,velocity_x_rmse_m_s,0.4444415492913846
17,9.17数据/log_11_2026-9-17-06-40-30.ulg,Sep17,0.1,145,velocity_x_rmse_m_s,0.06108696951920964
17,9.17数据/log_11_2026-9-17-06-40-30.ulg,Sep17,0.2,145,velocity_x_rmse_m_s,0.08291295476976847
17,9.17数据/log_11_2026-9-17-06-40-30.ulg,Sep17,0.5,145,velocity_x_rmse_m_s,0.15521319268172254
17,9.17数据/log_11_2026-9-17-06-40-30.ulg,Sep17,1.0,145,velocity_x_rmse_m_s,0.36940366253280704
17,9.17数据/log_12_2026-9-17-06-46-02.ulg,Sep17,0.1,144,velocity_x_rmse_m_s,0.06123690069976087
17,9.17数据/log_12_2026-9-17-06-46-02.ulg,Sep17,0.2,144,velocity_x_rmse_m_s,0.085480891357182
17,9.17数据/log_12_2026-9-17-06-46-02.ulg,Sep17,0.5,144,velocity_x_rmse_m_s,0.2073093496755299
17,9.17数据/log_12_2026-9-17-06-46-02.ulg,Sep17,1.0,144,velocity_x_rmse_m_s,0.4125278681674823
17,9.17数据/log_13_2026-9-17-06-52-30.ulg,Sep17,0.1,153,velocity_x_rmse_m_s,0.06359155554609393
17,9.17数据/log_13_2026-9-17-06-52-30.ulg,Sep17,0.2,153,velocity_x_rmse_m_s,0.09448069735736332
17,9.17数据/log_13_2026-9-17-06-52-30.ulg,Sep17,0.5,153,velocity_x_rmse_m_s,0.19666061697464454
17,9.17数据/log_13_2026-9-17-06-52-30.ulg,Sep17,1.0,153,velocity_x_rmse_m_s,0.4533797405997089
17,9.17数据/log_6_2026-9-17-06-02-24.ulg,Sep17,0.1,138,velocity_x_rmse_m_s,0.06045709361969187
17,9.17数据/log_6_2026-9-17-06-02-24.ulg,Sep17,0.2,138,velocity_x_rmse_m_s,0.07828055967826915
17,9.17数据/log_6_2026-9-17-06-02-24.ulg,Sep17,0.5,138,velocity_x_rmse_m_s,0.1393715752668991
17,9.17数据/log_6_2026-9-17-06-02-24.ulg,Sep17,1.0,138,velocity_x_rmse_m_s,0.3409426436917362
17,9.17数据/log_7_2026-9-17-06-12-16.ulg,Sep17,0.1,131,velocity_x_rmse_m_s,0.05371970511613164
17,9.17数据/log_7_2026-9-17-06-12-16.ulg,Sep17,0.2,131,velocity_x_rmse_m_s,0.07701399057930697
17,9.17数据/log_7_2026-9-17-06-12-16.ulg,Sep17,0.5,131,velocity_x_rmse_m_s,0.14416560358103198
17,9.17数据/log_7_2026-9-17-06-12-16.ulg,Sep17,1.0,131,velocity_x_rmse_m_s,0.34830090819469595
17,9.17数据/log_8_2026-9-17-06-17-52.ulg,Sep17,0.1,146,velocity_x_rmse_m_s,0.05665198067383063
17,9.17数据/log_8_2026-9-17-06-17-52.ulg,Sep17,0.2,146,velocity_x_rmse_m_s,0.10453388495463517
17,9.17数据/log_8_2026-9-17-06-17-52.ulg,Sep17,0.5,146,velocity_x_rmse_m_s,0.1941625343989882
17,9.17数据/log_8_2026-9-17-06-17-52.ulg,Sep17,1.0,146,velocity_x_rmse_m_s,0.403528557785219
17,9.17数据/log_9_2026-9-17-06-28-10.ulg,Sep17,0.1,114,velocity_x_rmse_m_s,0.10228254357905432
17,9.17数据/log_9_2026-9-17-06-28-10.ulg,Sep17,0.2,114,velocity_x_rmse_m_s,0.19380261124915288
17,9.17数据/log_9_2026-9-17-06-28-10.ulg,Sep17,0.5,114,velocity_x_rmse_m_s,0.24331011002123834
17,9.17数据/log_9_2026-9-17-06-28-10.ulg,Sep17,1.0,114,velocity_x_rmse_m_s,0.40389766686305717
17,2026.9.7/log_21_2026-9-7-05-54-56.ulg,Sep7,0.1,168,velocity_x_rmse_m_s,0.047165190007563695
17,2026.9.7/log_21_2026-9-7-05-54-56.ulg,Sep7,0.2,168,velocity_x_rmse_m_s,0.06548194528522523
17,2026.9.7/log_21_2026-9-7-05-54-56.ulg,Sep7,0.5,168,velocity_x_rmse_m_s,0.20191933083521257
17,2026.9.7/log_21_2026-9-7-05-54-56.ulg,Sep7,1.0,168,velocity_x_rmse_m_s,0.3347492074292128
17,2026.9.7/log_22_2026-9-7-06-01-40.ulg,Sep7,0.1,182,velocity_x_rmse_m_s,0.05168466401721478
17,2026.9.7/log_22_2026-9-7-06-01-40.ulg,Sep7,0.2,182,velocity_x_rmse_m_s,0.07685759530067089
17,2026.9.7/log_22_2026-9-7-06-01-40.ulg,Sep7,0.5,182,velocity_x_rmse_m_s,0.17769341672161243
17,2026.9.7/log_22_2026-9-7-06-01-40.ulg,Sep7,1.0,182,velocity_x_rmse_m_s,0.3816391171208314
17,2026.9.7/log_23_2026-9-7-06-09-22.ulg,Sep7,0.1,160,velocity_x_rmse_m_s,0.055882739771449315
17,2026.9.7/log_23_2026-9-7-06-09-22.ulg,Sep7,0.2,160,velocity_x_rmse_m_s,0.07102257388101207
17,2026.9.7/log_23_2026-9-7-06-09-22.ulg,Sep7,0.5,160,velocity_x_rmse_m_s,0.1709586718480133
17,2026.9.7/log_23_2026-9-7-06-09-22.ulg,Sep7,1.0,160,velocity_x_rmse_m_s,0.39314749559329076
17,2026.9.7/log_24_2026-9-7-06-16-04.ulg,Sep7,0.1,161,velocity_x_rmse_m_s,0.05028742084450637
17,2026.9.7/log_24_2026-9-7-06-16-04.ulg,Sep7,0.2,161,velocity_x_rmse_m_s,0.08206783051563299
17,2026.9.7/log_24_2026-9-7-06-16-04.ulg,Sep7,0.5,161,velocity_x_rmse_m_s,0.24719770244257697
17,2026.9.7/log_24_2026-9-7-06-16-04.ulg,Sep7,1.0,161,velocity_x_rmse_m_s,0.43812362360722523
17,2026.9.7/log_26_2026-9-7-06-30-26.ulg,Sep7,0.1,150,velocity_x_rmse_m_s,0.14425357009187229
17,2026.9.7/log_26_2026-9-7-06-30-26.ulg,Sep7,0.2,150,velocity_x_rmse_m_s,0.0915052007543823
17,2026.9.7/log_26_2026-9-7-06-30-26.ulg,Sep7,0.5,150,velocity_x_rmse_m_s,0.16838571267349994
17,2026.9.7/log_26_2026-9-7-06-30-26.ulg,Sep7,1.0,150,velocity_x_rmse_m_s,0.33276019453255884
17,2026.9.7/log_27_2026-9-7-06-37-24.ulg,Sep7,0.1,155,velocity_x_rmse_m_s,0.043935254181840445
17,2026.9.7/log_27_2026-9-7-06-37-24.ulg,Sep7,0.2,155,velocity_x_rmse_m_s,0.058540750152197826
17,2026.9.7/log_27_2026-9-7-06-37-24.ulg,Sep7,0.5,155,velocity_x_rmse_m_s,0.13793513227273554
17,2026.9.7/log_27_2026-9-7-06-37-24.ulg,Sep7,1.0,155,velocity_x_rmse_m_s,0.33702466896008026
17,2026.9.7/log_28_2026-9-7-06-44-02.ulg,Sep7,0.1,140,velocity_x_rmse_m_s,0.042743062939128794
17,2026.9.7/log_28_2026-9-7-06-44-02.ulg,Sep7,0.2,140,velocity_x_rmse_m_s,0.07198330021249609
17,2026.9.7/log_28_2026-9-7-06-44-02.ulg,Sep7,0.5,140,velocity_x_rmse_m_s,0.16602647138294824
17,2026.9.7/log_28_2026-9-7-06-44-02.ulg,Sep7,1.0,140,velocity_x_rmse_m_s,0.39584384715865356
17,2026.9.7/log_29_2026-9-7-06-51-04.ulg,Sep7,0.1,201,velocity_x_rmse_m_s,0.04887258412024115
17,2026.9.7/log_29_2026-9-7-06-51-04.ulg,Sep7,0.2,201,velocity_x_rmse_m_s,0.07173526741754219
17,2026.9.7/log_29_2026-9-7-06-51-04.ulg,Sep7,0.5,201,velocity_x_rmse_m_s,0.23537807654899923
17,2026.9.7/log_29_2026-9-7-06-51-04.ulg,Sep7,1.0,201,velocity_x_rmse_m_s,0.3333416965623778
17,2026.9.7/log_30_2026-9-7-06-58-22.ulg,Sep7,0.1,164,velocity_x_rmse_m_s,0.0596597813459468
17,2026.9.7/log_30_2026-9-7-06-58-22.ulg,Sep7,0.2,164,velocity_x_rmse_m_s,0.09892550049254943
17,2026.9.7/log_30_2026-9-7-06-58-22.ulg,Sep7,0.5,164,velocity_x_rmse_m_s,0.2191605468648924
17,2026.9.7/log_30_2026-9-7-06-58-22.ulg,Sep7,1.0,164,velocity_x_rmse_m_s,0.4078557648700837
23,9.17数据/log_10_2026-9-17-06-34-34.ulg,Sep17,0.1,130,velocity_x_rmse_m_s,0.060950953829132785
23,9.17数据/log_10_2026-9-17-06-34-34.ulg,Sep17,0.2,130,velocity_x_rmse_m_s,0.07843136458088588
23,9.17数据/log_10_2026-9-17-06-34-34.ulg,Sep17,0.5,130,velocity_x_rmse_m_s,0.16916612568145364
23,9.17数据/log_10_2026-9-17-06-34-34.ulg,Sep17,1.0,130,velocity_x_rmse_m_s,0.40786695947074886
23,9.17数据/log_11_2026-9-17-06-40-30.ulg,Sep17,0.1,145,velocity_x_rmse_m_s,0.06235628648180278
23,9.17数据/log_11_2026-9-17-06-40-30.ulg,Sep17,0.2,145,velocity_x_rmse_m_s,0.08387343593697281
23,9.17数据/log_11_2026-9-17-06-40-30.ulg,Sep17,0.5,145,velocity_x_rmse_m_s,0.17293096682272296
23,9.17数据/log_11_2026-9-17-06-40-30.ulg,Sep17,1.0,145,velocity_x_rmse_m_s,0.37766626663911146
23,9.17数据/log_12_2026-9-17-06-46-02.ulg,Sep17,0.1,144,velocity_x_rmse_m_s,0.0627052887587185
23,9.17数据/log_12_2026-9-17-06-46-02.ulg,Sep17,0.2,144,velocity_x_rmse_m_s,0.10023133773581566
23,9.17数据/log_12_2026-9-17-06-46-02.ulg,Sep17,0.5,144,velocity_x_rmse_m_s,0.2401550772196487
23,9.17数据/log_12_2026-9-17-06-46-02.ulg,Sep17,1.0,144,velocity_x_rmse_m_s,0.44912083814274373
23,9.17数据/log_13_2026-9-17-06-52-30.ulg,Sep17,0.1,153,velocity_x_rmse_m_s,0.06488340025665464
23,9.17数据/log_13_2026-9-17-06-52-30.ulg,Sep17,0.2,153,velocity_x_rmse_m_s,0.09278486075894961
23,9.17数据/log_13_2026-9-17-06-52-30.ulg,Sep17,0.5,153,velocity_x_rmse_m_s,0.20439053907429972
23,9.17数据/log_13_2026-9-17-06-52-30.ulg,Sep17,1.0,153,velocity_x_rmse_m_s,0.4606435074920075
23,9.17数据/log_6_2026-9-17-06-02-24.ulg,Sep17,0.1,138,velocity_x_rmse_m_s,0.05466175870900628
23,9.17数据/log_6_2026-9-17-06-02-24.ulg,Sep17,0.2,138,velocity_x_rmse_m_s,0.0731704411229799
23,9.17数据/log_6_2026-9-17-06-02-24.ulg,Sep17,0.5,138,velocity_x_rmse_m_s,0.1565361751645795
23,9.17数据/log_6_2026-9-17-06-02-24.ulg,Sep17,1.0,138,velocity_x_rmse_m_s,0.34562872398830063
23,9.17数据/log_7_2026-9-17-06-12-16.ulg,Sep17,0.1,131,velocity_x_rmse_m_s,0.056636344338053764
23,9.17数据/log_7_2026-9-17-06-12-16.ulg,Sep17,0.2,131,velocity_x_rmse_m_s,0.07135796288676781
23,9.17数据/log_7_2026-9-17-06-12-16.ulg,Sep17,0.5,131,velocity_x_rmse_m_s,0.16125040833689003
23,9.17数据/log_7_2026-9-17-06-12-16.ulg,Sep17,1.0,131,velocity_x_rmse_m_s,0.3597819558261362
23,9.17数据/log_8_2026-9-17-06-17-52.ulg,Sep17,0.1,146,velocity_x_rmse_m_s,0.0533358480086792
23,9.17数据/log_8_2026-9-17-06-17-52.ulg,Sep17,0.2,146,velocity_x_rmse_m_s,0.11010893932331033
23,9.17数据/log_8_2026-9-17-06-17-52.ulg,Sep17,0.5,146,velocity_x_rmse_m_s,0.2196641214412134
23,9.17数据/log_8_2026-9-17-06-17-52.ulg,Sep17,1.0,146,velocity_x_rmse_m_s,0.4054114582213595
23,9.17数据/log_9_2026-9-17-06-28-10.ulg,Sep17,0.1,114,velocity_x_rmse_m_s,0.11237697458314168
23,9.17数据/log_9_2026-9-17-06-28-10.ulg,Sep17,0.2,114,velocity_x_rmse_m_s,0.20789841741878504
23,9.17数据/log_9_2026-9-17-06-28-10.ulg,Sep17,0.5,114,velocity_x_rmse_m_s,0.3092423162536691
23,9.17数据/log_9_2026-9-17-06-28-10.ulg,Sep17,1.0,114,velocity_x_rmse_m_s,0.47498340578253645
23,2026.9.7/log_21_2026-9-7-05-54-56.ulg,Sep7,0.1,168,velocity_x_rmse_m_s,0.05073820931927662
23,2026.9.7/log_21_2026-9-7-05-54-56.ulg,Sep7,0.2,168,velocity_x_rmse_m_s,0.07210862282480208
23,2026.9.7/log_21_2026-9-7-05-54-56.ulg,Sep7,0.5,168,velocity_x_rmse_m_s,0.21482323333760142
23,2026.9.7/log_21_2026-9-7-05-54-56.ulg,Sep7,1.0,168,velocity_x_rmse_m_s,0.34150013138870255
23,2026.9.7/log_22_2026-9-7-06-01-40.ulg,Sep7,0.1,182,velocity_x_rmse_m_s,0.07121137649066378
23,2026.9.7/log_22_2026-9-7-06-01-40.ulg,Sep7,0.2,182,velocity_x_rmse_m_s,0.09426585253244633
23,2026.9.7/log_22_2026-9-7-06-01-40.ulg,Sep7,0.5,182,velocity_x_rmse_m_s,0.20280402769059666
23,2026.9.7/log_22_2026-9-7-06-01-40.ulg,Sep7,1.0,182,velocity_x_rmse_m_s,0.42881930408479074
23,2026.9.7/log_23_2026-9-7-06-09-22.ulg,Sep7,0.1,160,velocity_x_rmse_m_s,0.053711718153393935
23,2026.9.7/log_23_2026-9-7-06-09-22.ulg,Sep7,0.2,160,velocity_x_rmse_m_s,0.06744673949046236
23,2026.9.7/log_23_2026-9-7-06-09-22.ulg,Sep7,0.5,160,velocity_x_rmse_m_s,0.1690860065541002
23,2026.9.7/log_23_2026-9-7-06-09-22.ulg,Sep7,1.0,160,velocity_x_rmse_m_s,0.3744533508641326
23,2026.9.7/log_24_2026-9-7-06-16-04.ulg,Sep7,0.1,161,velocity_x_rmse_m_s,0.04525094382713463
23,2026.9.7/log_24_2026-9-7-06-16-04.ulg,Sep7,0.2,161,velocity_x_rmse_m_s,0.08322020379222007
23,2026.9.7/log_24_2026-9-7-06-16-04.ulg,Sep7,0.5,161,velocity_x_rmse_m_s,0.22491021858894675
23,2026.9.7/log_24_2026-9-7-06-16-04.ulg,Sep7,1.0,161,velocity_x_rmse_m_s,0.444671737840933
23,2026.9.7/log_26_2026-9-7-06-30-26.ulg,Sep7,0.1,150,velocity_x_rmse_m_s,0.1442351417925009
23,2026.9.7/log_26_2026-9-7-06-30-26.ulg,Sep7,0.2,150,velocity_x_rmse_m_s,0.08150341968870495
23,2026.9.7/log_26_2026-9-7-06-30-26.ulg,Sep7,0.5,150,velocity_x_rmse_m_s,0.16662071568937395
23,2026.9.7/log_26_2026-9-7-06-30-26.ulg,Sep7,1.0,150,velocity_x_rmse_m_s,0.35201734265866724
23,2026.9.7/log_27_2026-9-7-06-37-24.ulg,Sep7,0.1,155,velocity_x_rmse_m_s,0.046947121073592286
23,2026.9.7/log_27_2026-9-7-06-37-24.ulg,Sep7,0.2,155,velocity_x_rmse_m_s,0.06679831862331954
23,2026.9.7/log_27_2026-9-7-06-37-24.ulg,Sep7,0.5,155,velocity_x_rmse_m_s,0.15342861827508103
23,2026.9.7/log_27_2026-9-7-06-37-24.ulg,Sep7,1.0,155,velocity_x_rmse_m_s,0.34400391600884744
23,2026.9.7/log_28_2026-9-7-06-44-02.ulg,Sep7,0.1,140,velocity_x_rmse_m_s,0.04410396355260816
23,2026.9.7/log_28_2026-9-7-06-44-02.ulg,Sep7,0.2,140,velocity_x_rmse_m_s,0.07513384196383632
23,2026.9.7/log_28_2026-9-7-06-44-02.ulg,Sep7,0.5,140,velocity_x_rmse_m_s,0.1813322969192303
23,2026.9.7/log_28_2026-9-7-06-44-02.ulg,Sep7,1.0,140,velocity_x_rmse_m_s,0.41683300027424997
23,2026.9.7/log_29_2026-9-7-06-51-04.ulg,Sep7,0.1,201,velocity_x_rmse_m_s,0.04856604090094198
23,2026.9.7/log_29_2026-9-7-06-51-04.ulg,Sep7,0.2,201,velocity_x_rmse_m_s,0.0690613619279993
23,2026.9.7/log_29_2026-9-7-06-51-04.ulg,Sep7,0.5,201,velocity_x_rmse_m_s,0.23683815197610955
23,2026.9.7/log_29_2026-9-7-06-51-04.ulg,Sep7,1.0,201,velocity_x_rmse_m_s,0.2975445900781637
23,2026.9.7/log_30_2026-9-7-06-58-22.ulg,Sep7,0.1,164,velocity_x_rmse_m_s,0.05589400306476697
23,2026.9.7/log_30_2026-9-7-06-58-22.ulg,Sep7,0.2,164,velocity_x_rmse_m_s,0.10193329370659779
23,2026.9.7/log_30_2026-9-7-06-58-22.ulg,Sep7,0.5,164,velocity_x_rmse_m_s,0.22222967897158036
23,2026.9.7/log_30_2026-9-7-06-58-22.ulg,Sep7,1.0,164,velocity_x_rmse_m_s,0.41420351624814367
42,9.17数据/log_10_2026-9-17-06-34-34.ulg,Sep17,0.1,130,velocity_x_rmse_m_s,0.061603346390594366
42,9.17数据/log_10_2026-9-17-06-34-34.ulg,Sep17,0.2,130,velocity_x_rmse_m_s,0.08657003900618232
42,9.17数据/log_10_2026-9-17-06-34-34.ulg,Sep17,0.5,130,velocity_x_rmse_m_s,0.19745562325122937
42,9.17数据/log_10_2026-9-17-06-34-34.ulg,Sep17,1.0,130,velocity_x_rmse_m_s,0.4691387487505879
42,9.17数据/log_11_2026-9-17-06-40-30.ulg,Sep17,0.1,145,velocity_x_rmse_m_s,0.06300723770013174
42,9.17数据/log_11_2026-9-17-06-40-30.ulg,Sep17,0.2,145,velocity_x_rmse_m_s,0.08847669584302734
42,9.17数据/log_11_2026-9-17-06-40-30.ulg,Sep17,0.5,145,velocity_x_rmse_m_s,0.1856676343209679
42,9.17数据/log_11_2026-9-17-06-40-30.ulg,Sep17,1.0,145,velocity_x_rmse_m_s,0.39198538751572326
42,9.17数据/log_12_2026-9-17-06-46-02.ulg,Sep17,0.1,144,velocity_x_rmse_m_s,0.062319668110046945
42,9.17数据/log_12_2026-9-17-06-46-02.ulg,Sep17,0.2,144,velocity_x_rmse_m_s,0.10316592027365545
42,9.17数据/log_12_2026-9-17-06-46-02.ulg,Sep17,0.5,144,velocity_x_rmse_m_s,0.24697419650301342
42,9.17数据/log_12_2026-9-17-06-46-02.ulg,Sep17,1.0,144,velocity_x_rmse_m_s,0.4401533572606835
42,9.17数据/log_13_2026-9-17-06-52-30.ulg,Sep17,0.1,153,velocity_x_rmse_m_s,0.059249593171710496
42,9.17数据/log_13_2026-9-17-06-52-30.ulg,Sep17,0.2,153,velocity_x_rmse_m_s,0.08981615366121073
42,9.17数据/log_13_2026-9-17-06-52-30.ulg,Sep17,0.5,153,velocity_x_rmse_m_s,0.2075016090153945
42,9.17数据/log_13_2026-9-17-06-52-30.ulg,Sep17,1.0,153,velocity_x_rmse_m_s,0.44415094708557185
42,9.17数据/log_6_2026-9-17-06-02-24.ulg,Sep17,0.1,138,velocity_x_rmse_m_s,0.055308650652008164
42,9.17数据/log_6_2026-9-17-06-02-24.ulg,Sep17,0.2,138,velocity_x_rmse_m_s,0.06622931627825304
42,9.17数据/log_6_2026-9-17-06-02-24.ulg,Sep17,0.5,138,velocity_x_rmse_m_s,0.14616089877623456
42,9.17数据/log_6_2026-9-17-06-02-24.ulg,Sep17,1.0,138,velocity_x_rmse_m_s,0.3373769244005272
42,9.17数据/log_7_2026-9-17-06-12-16.ulg,Sep17,0.1,131,velocity_x_rmse_m_s,0.057984541165557534
42,9.17数据/log_7_2026-9-17-06-12-16.ulg,Sep17,0.2,131,velocity_x_rmse_m_s,0.06696222805099263
42,9.17数据/log_7_2026-9-17-06-12-16.ulg,Sep17,0.5,131,velocity_x_rmse_m_s,0.16049248285735176
42,9.17数据/log_7_2026-9-17-06-12-16.ulg,Sep17,1.0,131,velocity_x_rmse_m_s,0.3741673089294122
42,9.17数据/log_8_2026-9-17-06-17-52.ulg,Sep17,0.1,146,velocity_x_rmse_m_s,0.059242331304592284
42,9.17数据/log_8_2026-9-17-06-17-52.ulg,Sep17,0.2,146,velocity_x_rmse_m_s,0.11576226466156062
42,9.17数据/log_8_2026-9-17-06-17-52.ulg,Sep17,0.5,146,velocity_x_rmse_m_s,0.2033804230068485
42,9.17数据/log_8_2026-9-17-06-17-52.ulg,Sep17,1.0,146,velocity_x_rmse_m_s,0.394792187477311
42,9.17数据/log_9_2026-9-17-06-28-10.ulg,Sep17,0.1,114,velocity_x_rmse_m_s,0.1111772823071947
42,9.17数据/log_9_2026-9-17-06-28-10.ulg,Sep17,0.2,114,velocity_x_rmse_m_s,0.2017831158574533
42,9.17数据/log_9_2026-9-17-06-28-10.ulg,Sep17,0.5,114,velocity_x_rmse_m_s,0.2354470710050967
42,9.17数据/log_9_2026-9-17-06-28-10.ulg,Sep17,1.0,114,velocity_x_rmse_m_s,0.4609842415628877
42,2026.9.7/log_21_2026-9-7-05-54-56.ulg,Sep7,0.1,168,velocity_x_rmse_m_s,0.04610604755942946
42,2026.9.7/log_21_2026-9-7-05-54-56.ulg,Sep7,0.2,168,velocity_x_rmse_m_s,0.0645520672576778
42,2026.9.7/log_21_2026-9-7-05-54-56.ulg,Sep7,0.5,168,velocity_x_rmse_m_s,0.19502156975738683
42,2026.9.7/log_21_2026-9-7-05-54-56.ulg,Sep7,1.0,168,velocity_x_rmse_m_s,0.3106298268859845
42,2026.9.7/log_22_2026-9-7-06-01-40.ulg,Sep7,0.1,182,velocity_x_rmse_m_s,0.05244360243322844
42,2026.9.7/log_22_2026-9-7-06-01-40.ulg,Sep7,0.2,182,velocity_x_rmse_m_s,0.07727348657171403
42,2026.9.7/log_22_2026-9-7-06-01-40.ulg,Sep7,0.5,182,velocity_x_rmse_m_s,0.20026078118946178
42,2026.9.7/log_22_2026-9-7-06-01-40.ulg,Sep7,1.0,182,velocity_x_rmse_m_s,0.43290246829750567
42,2026.9.7/log_23_2026-9-7-06-09-22.ulg,Sep7,0.1,160,velocity_x_rmse_m_s,0.05295636699891752
42,2026.9.7/log_23_2026-9-7-06-09-22.ulg,Sep7,0.2,160,velocity_x_rmse_m_s,0.0682879683252161
42,2026.9.7/log_23_2026-9-7-06-09-22.ulg,Sep7,0.5,160,velocity_x_rmse_m_s,0.18023698381085623
42,2026.9.7/log_23_2026-9-7-06-09-22.ulg,Sep7,1.0,160,velocity_x_rmse_m_s,0.3966755415281074
42,2026.9.7/log_24_2026-9-7-06-16-04.ulg,Sep7,0.1,161,velocity_x_rmse_m_s,0.05546607792518822
42,2026.9.7/log_24_2026-9-7-06-16-04.ulg,Sep7,0.2,161,velocity_x_rmse_m_s,0.09651430136783419
42,2026.9.7/log_24_2026-9-7-06-16-04.ulg,Sep7,0.5,161,velocity_x_rmse_m_s,0.23831309194569725
42,2026.9.7/log_24_2026-9-7-06-16-04.ulg,Sep7,1.0,161,velocity_x_rmse_m_s,0.43691800600679453
42,2026.9.7/log_26_2026-9-7-06-30-26.ulg,Sep7,0.1,150,velocity_x_rmse_m_s,0.1363359772267208
42,2026.9.7/log_26_2026-9-7-06-30-26.ulg,Sep7,0.2,150,velocity_x_rmse_m_s,0.08544588510769119
42,2026.9.7/log_26_2026-9-7-06-30-26.ulg,Sep7,0.5,150,velocity_x_rmse_m_s,0.1795908693156021
42,2026.9.7/log_26_2026-9-7-06-30-26.ulg,Sep7,1.0,150,velocity_x_rmse_m_s,0.3631484226178159
42,2026.9.7/log_27_2026-9-7-06-37-24.ulg,Sep7,0.1,155,velocity_x_rmse_m_s,0.04485617181848317
42,2026.9.7/log_27_2026-9-7-06-37-24.ulg,Sep7,0.2,155,velocity_x_rmse_m_s,0.055174230164920256
42,2026.9.7/log_27_2026-9-7-06-37-24.ulg,Sep7,0.5,155,velocity_x_rmse_m_s,0.13399635056001255
42,2026.9.7/log_27_2026-9-7-06-37-24.ulg,Sep7,1.0,155,velocity_x_rmse_m_s,0.3142690666741204
42,2026.9.7/log_28_2026-9-7-06-44-02.ulg,Sep7,0.1,140,velocity_x_rmse_m_s,0.04356000587670898
42,2026.9.7/log_28_2026-9-7-06-44-02.ulg,Sep7,0.2,140,velocity_x_rmse_m_s,0.07581964229961494
42,2026.9.7/log_28_2026-9-7-06-44-02.ulg,Sep7,0.5,140,velocity_x_rmse_m_s,0.17735283806578278
42,2026.9.7/log_28_2026-9-7-06-44-02.ulg,Sep7,1.0,140,velocity_x_rmse_m_s,0.3820002845697162
42,2026.9.7/log_29_2026-9-7-06-51-04.ulg,Sep7,0.1,201,velocity_x_rmse_m_s,0.04724606476308569
42,2026.9.7/log_29_2026-9-7-06-51-04.ulg,Sep7,0.2,201,velocity_x_rmse_m_s,0.06255083013788726
42,2026.9.7/log_29_2026-9-7-06-51-04.ulg,Sep7,0.5,201,velocity_x_rmse_m_s,0.22663079084149224
42,2026.9.7/log_29_2026-9-7-06-51-04.ulg,Sep7,1.0,201,velocity_x_rmse_m_s,0.2884136452051742
42,2026.9.7/log_30_2026-9-7-06-58-22.ulg,Sep7,0.1,164,velocity_x_rmse_m_s,0.059112784605374294
42,2026.9.7/log_30_2026-9-7-06-58-22.ulg,Sep7,0.2,164,velocity_x_rmse_m_s,0.10114587222362485
42,2026.9.7/log_30_2026-9-7-06-58-22.ulg,Sep7,0.5,164,velocity_x_rmse_m_s,0.2226651137519371
42,2026.9.7/log_30_2026-9-7-06-58-22.ulg,Sep7,1.0,164,velocity_x_rmse_m_s,0.4127190752267412
17,9.17数据/log_10_2026-9-17-06-34-34.ulg,Sep17,0.1,130,velocity_y_rmse_m_s,0.051318091243944625
17,9.17数据/log_10_2026-9-17-06-34-34.ulg,Sep17,0.2,130,velocity_y_rmse_m_s,0.07285222451687876
17,9.17数据/log_10_2026-9-17-06-34-34.ulg,Sep17,0.5,130,velocity_y_rmse_m_s,0.19697926537580177
17,9.17数据/log_10_2026-9-17-06-34-34.ulg,Sep17,1.0,130,velocity_y_rmse_m_s,0.5155169735309735
17,9.17数据/log_11_2026-9-17-06-40-30.ulg,Sep17,0.1,145,velocity_y_rmse_m_s,0.06451754306470583
17,9.17数据/log_11_2026-9-17-06-40-30.ulg,Sep17,0.2,145,velocity_y_rmse_m_s,0.10865236889547117
17,9.17数据/log_11_2026-9-17-06-40-30.ulg,Sep17,0.5,145,velocity_y_rmse_m_s,0.19861228635316797
17,9.17数据/log_11_2026-9-17-06-40-30.ulg,Sep17,1.0,145,velocity_y_rmse_m_s,0.39251358414696397
17,9.17数据/log_12_2026-9-17-06-46-02.ulg,Sep17,0.1,144,velocity_y_rmse_m_s,0.049392847453606205
17,9.17数据/log_12_2026-9-17-06-46-02.ulg,Sep17,0.2,144,velocity_y_rmse_m_s,0.08344664303915991
17,9.17数据/log_12_2026-9-17-06-46-02.ulg,Sep17,0.5,144,velocity_y_rmse_m_s,0.17504092225815476
17,9.17数据/log_12_2026-9-17-06-46-02.ulg,Sep17,1.0,144,velocity_y_rmse_m_s,0.38278556022512805
17,9.17数据/log_13_2026-9-17-06-52-30.ulg,Sep17,0.1,153,velocity_y_rmse_m_s,0.061448509040108124
17,9.17数据/log_13_2026-9-17-06-52-30.ulg,Sep17,0.2,153,velocity_y_rmse_m_s,0.08455871115948774
17,9.17数据/log_13_2026-9-17-06-52-30.ulg,Sep17,0.5,153,velocity_y_rmse_m_s,0.17813791842731744
17,9.17数据/log_13_2026-9-17-06-52-30.ulg,Sep17,1.0,153,velocity_y_rmse_m_s,0.42205980443421576
17,9.17数据/log_6_2026-9-17-06-02-24.ulg,Sep17,0.1,138,velocity_y_rmse_m_s,0.05686994092792071
17,9.17数据/log_6_2026-9-17-06-02-24.ulg,Sep17,0.2,138,velocity_y_rmse_m_s,0.1157833329357346
17,9.17数据/log_6_2026-9-17-06-02-24.ulg,Sep17,0.5,138,velocity_y_rmse_m_s,0.1392829889321544
17,9.17数据/log_6_2026-9-17-06-02-24.ulg,Sep17,1.0,138,velocity_y_rmse_m_s,0.38323877149151664
17,9.17数据/log_7_2026-9-17-06-12-16.ulg,Sep17,0.1,131,velocity_y_rmse_m_s,0.04626279959022744
17,9.17数据/log_7_2026-9-17-06-12-16.ulg,Sep17,0.2,131,velocity_y_rmse_m_s,0.06238602011677307
17,9.17数据/log_7_2026-9-17-06-12-16.ulg,Sep17,0.5,131,velocity_y_rmse_m_s,0.13336489514873556
17,9.17数据/log_7_2026-9-17-06-12-16.ulg,Sep17,1.0,131,velocity_y_rmse_m_s,0.4249491902450295
17,9.17数据/log_8_2026-9-17-06-17-52.ulg,Sep17,0.1,146,velocity_y_rmse_m_s,0.06907149442584778
17,9.17数据/log_8_2026-9-17-06-17-52.ulg,Sep17,0.2,146,velocity_y_rmse_m_s,0.08463887228740856
17,9.17数据/log_8_2026-9-17-06-17-52.ulg,Sep17,0.5,146,velocity_y_rmse_m_s,0.17978360272821495
17,9.17数据/log_8_2026-9-17-06-17-52.ulg,Sep17,1.0,146,velocity_y_rmse_m_s,0.36262419948211866
17,9.17数据/log_9_2026-9-17-06-28-10.ulg,Sep17,0.1,114,velocity_y_rmse_m_s,0.08444088869582024
17,9.17数据/log_9_2026-9-17-06-28-10.ulg,Sep17,0.2,114,velocity_y_rmse_m_s,0.12943713215463512
17,9.17数据/log_9_2026-9-17-06-28-10.ulg,Sep17,0.5,114,velocity_y_rmse_m_s,0.1971468537033689
17,9.17数据/log_9_2026-9-17-06-28-10.ulg,Sep17,1.0,114,velocity_y_rmse_m_s,0.45063194641092774
17,2026.9.7/log_21_2026-9-7-05-54-56.ulg,Sep7,0.1,168,velocity_y_rmse_m_s,0.04387396477196346
17,2026.9.7/log_21_2026-9-7-05-54-56.ulg,Sep7,0.2,168,velocity_y_rmse_m_s,0.07777946172054634
17,2026.9.7/log_21_2026-9-7-05-54-56.ulg,Sep7,0.5,168,velocity_y_rmse_m_s,0.16715305768598848
17,2026.9.7/log_21_2026-9-7-05-54-56.ulg,Sep7,1.0,168,velocity_y_rmse_m_s,0.3893922284901701
17,2026.9.7/log_22_2026-9-7-06-01-40.ulg,Sep7,0.1,182,velocity_y_rmse_m_s,0.04215262216203516
17,2026.9.7/log_22_2026-9-7-06-01-40.ulg,Sep7,0.2,182,velocity_y_rmse_m_s,0.0641163173332986
17,2026.9.7/log_22_2026-9-7-06-01-40.ulg,Sep7,0.5,182,velocity_y_rmse_m_s,0.15396838509875815
17,2026.9.7/log_22_2026-9-7-06-01-40.ulg,Sep7,1.0,182,velocity_y_rmse_m_s,0.36454158237600903
17,2026.9.7/log_23_2026-9-7-06-09-22.ulg,Sep7,0.1,160,velocity_y_rmse_m_s,0.04758222353522311
17,2026.9.7/log_23_2026-9-7-06-09-22.ulg,Sep7,0.2,160,velocity_y_rmse_m_s,0.06686810608783432
17,2026.9.7/log_23_2026-9-7-06-09-22.ulg,Sep7,0.5,160,velocity_y_rmse_m_s,0.1664473457861936
17,2026.9.7/log_23_2026-9-7-06-09-22.ulg,Sep7,1.0,160,velocity_y_rmse_m_s,0.4867669104458423
17,2026.9.7/log_24_2026-9-7-06-16-04.ulg,Sep7,0.1,161,velocity_y_rmse_m_s,0.050347667196423224
17,2026.9.7/log_24_2026-9-7-06-16-04.ulg,Sep7,0.2,161,velocity_y_rmse_m_s,0.08025337035009346
17,2026.9.7/log_24_2026-9-7-06-16-04.ulg,Sep7,0.5,161,velocity_y_rmse_m_s,0.24062876351891213
17,2026.9.7/log_24_2026-9-7-06-16-04.ulg,Sep7,1.0,161,velocity_y_rmse_m_s,0.44650511370983387
17,2026.9.7/log_26_2026-9-7-06-30-26.ulg,Sep7,0.1,150,velocity_y_rmse_m_s,0.2232573244167804
17,2026.9.7/log_26_2026-9-7-06-30-26.ulg,Sep7,0.2,150,velocity_y_rmse_m_s,0.17169977819318114
17,2026.9.7/log_26_2026-9-7-06-30-26.ulg,Sep7,0.5,150,velocity_y_rmse_m_s,0.18619172187403973
17,2026.9.7/log_26_2026-9-7-06-30-26.ulg,Sep7,1.0,150,velocity_y_rmse_m_s,0.3501300742947789
17,2026.9.7/log_27_2026-9-7-06-37-24.ulg,Sep7,0.1,155,velocity_y_rmse_m_s,0.046615398021407406
17,2026.9.7/log_27_2026-9-7-06-37-24.ulg,Sep7,0.2,155,velocity_y_rmse_m_s,0.06284493793848989
17,2026.9.7/log_27_2026-9-7-06-37-24.ulg,Sep7,0.5,155,velocity_y_rmse_m_s,0.1429498669555614
17,2026.9.7/log_27_2026-9-7-06-37-24.ulg,Sep7,1.0,155,velocity_y_rmse_m_s,0.3528571618576803
17,2026.9.7/log_28_2026-9-7-06-44-02.ulg,Sep7,0.1,140,velocity_y_rmse_m_s,0.054814390014388
17,2026.9.7/log_28_2026-9-7-06-44-02.ulg,Sep7,0.2,140,velocity_y_rmse_m_s,0.08969715279244715
17,2026.9.7/log_28_2026-9-7-06-44-02.ulg,Sep7,0.5,140,velocity_y_rmse_m_s,0.14929793592233784
17,2026.9.7/log_28_2026-9-7-06-44-02.ulg,Sep7,1.0,140,velocity_y_rmse_m_s,0.3489889142922981
17,2026.9.7/log_29_2026-9-7-06-51-04.ulg,Sep7,0.1,201,velocity_y_rmse_m_s,0.04072351700773847
17,2026.9.7/log_29_2026-9-7-06-51-04.ulg,Sep7,0.2,201,velocity_y_rmse_m_s,0.07209697642172895
17,2026.9.7/log_29_2026-9-7-06-51-04.ulg,Sep7,0.5,201,velocity_y_rmse_m_s,0.34049452914258327
17,2026.9.7/log_29_2026-9-7-06-51-04.ulg,Sep7,1.0,201,velocity_y_rmse_m_s,0.3680994034776845
17,2026.9.7/log_30_2026-9-7-06-58-22.ulg,Sep7,0.1,164,velocity_y_rmse_m_s,0.050022738209745767
17,2026.9.7/log_30_2026-9-7-06-58-22.ulg,Sep7,0.2,164,velocity_y_rmse_m_s,0.09030743697294595
17,2026.9.7/log_30_2026-9-7-06-58-22.ulg,Sep7,0.5,164,velocity_y_rmse_m_s,0.21929485672673724
17,2026.9.7/log_30_2026-9-7-06-58-22.ulg,Sep7,1.0,164,velocity_y_rmse_m_s,0.4720131383060287
23,9.17数据/log_10_2026-9-17-06-34-34.ulg,Sep17,0.1,130,velocity_y_rmse_m_s,0.053223179034587495
23,9.17数据/log_10_2026-9-17-06-34-34.ulg,Sep17,0.2,130,velocity_y_rmse_m_s,0.07875067361208926
23,9.17数据/log_10_2026-9-17-06-34-34.ulg,Sep17,0.5,130,velocity_y_rmse_m_s,0.20902317038488583
23,9.17数据/log_10_2026-9-17-06-34-34.ulg,Sep17,1.0,130,velocity_y_rmse_m_s,0.532855390492514
23,9.17数据/log_11_2026-9-17-06-40-30.ulg,Sep17,0.1,145,velocity_y_rmse_m_s,0.0860131419637529
23,9.17数据/log_11_2026-9-17-06-40-30.ulg,Sep17,0.2,145,velocity_y_rmse_m_s,0.12975610563628387
23,9.17数据/log_11_2026-9-17-06-40-30.ulg,Sep17,0.5,145,velocity_y_rmse_m_s,0.23231205902124413
23,9.17数据/log_11_2026-9-17-06-40-30.ulg,Sep17,1.0,145,velocity_y_rmse_m_s,0.475531317944497
23,9.17数据/log_12_2026-9-17-06-46-02.ulg,Sep17,0.1,144,velocity_y_rmse_m_s,0.048888922468845124
23,9.17数据/log_12_2026-9-17-06-46-02.ulg,Sep17,0.2,144,velocity_y_rmse_m_s,0.07485367867433121
23,9.17数据/log_12_2026-9-17-06-46-02.ulg,Sep17,0.5,144,velocity_y_rmse_m_s,0.16646222798677215
23,9.17数据/log_12_2026-9-17-06-46-02.ulg,Sep17,1.0,144,velocity_y_rmse_m_s,0.39843611584425126
23,9.17数据/log_13_2026-9-17-06-52-30.ulg,Sep17,0.1,153,velocity_y_rmse_m_s,0.06194739724978367
23,9.17数据/log_13_2026-9-17-06-52-30.ulg,Sep17,0.2,153,velocity_y_rmse_m_s,0.07702565441328842
23,9.17数据/log_13_2026-9-17-06-52-30.ulg,Sep17,0.5,153,velocity_y_rmse_m_s,0.1860953132138088
23,9.17数据/log_13_2026-9-17-06-52-30.ulg,Sep17,1.0,153,velocity_y_rmse_m_s,0.3802609010423198
23,9.17数据/log_6_2026-9-17-06-02-24.ulg,Sep17,0.1,138,velocity_y_rmse_m_s,0.048315230640467076
23,9.17数据/log_6_2026-9-17-06-02-24.ulg,Sep17,0.2,138,velocity_y_rmse_m_s,0.1066517876600109
23,9.17数据/log_6_2026-9-17-06-02-24.ulg,Sep17,0.5,138,velocity_y_rmse_m_s,0.15527202676554377
23,9.17数据/log_6_2026-9-17-06-02-24.ulg,Sep17,1.0,138,velocity_y_rmse_m_s,0.36689176038564436
23,9.17数据/log_7_2026-9-17-06-12-16.ulg,Sep17,0.1,131,velocity_y_rmse_m_s,0.0473860676474562
23,9.17数据/log_7_2026-9-17-06-12-16.ulg,Sep17,0.2,131,velocity_y_rmse_m_s,0.06216129547226405
23,9.17数据/log_7_2026-9-17-06-12-16.ulg,Sep17,0.5,131,velocity_y_rmse_m_s,0.14195156849500418
23,9.17数据/log_7_2026-9-17-06-12-16.ulg,Sep17,1.0,131,velocity_y_rmse_m_s,0.3947811323748095
23,9.17数据/log_8_2026-9-17-06-17-52.ulg,Sep17,0.1,146,velocity_y_rmse_m_s,0.06966210122118273
23,9.17数据/log_8_2026-9-17-06-17-52.ulg,Sep17,0.2,146,velocity_y_rmse_m_s,0.09577299956509684
23,9.17数据/log_8_2026-9-17-06-17-52.ulg,Sep17,0.5,146,velocity_y_rmse_m_s,0.2141940959756651
23,9.17数据/log_8_2026-9-17-06-17-52.ulg,Sep17,1.0,146,velocity_y_rmse_m_s,0.3497961523686457
23,9.17数据/log_9_2026-9-17-06-28-10.ulg,Sep17,0.1,114,velocity_y_rmse_m_s,0.09608936053772407
23,9.17数据/log_9_2026-9-17-06-28-10.ulg,Sep17,0.2,114,velocity_y_rmse_m_s,0.14753127784254458
23,9.17数据/log_9_2026-9-17-06-28-10.ulg,Sep17,0.5,114,velocity_y_rmse_m_s,0.22183877705882526
23,9.17数据/log_9_2026-9-17-06-28-10.ulg,Sep17,1.0,114,velocity_y_rmse_m_s,0.40521545215870897
23,2026.9.7/log_21_2026-9-7-05-54-56.ulg,Sep7,0.1,168,velocity_y_rmse_m_s,0.043670399682128
23,2026.9.7/log_21_2026-9-7-05-54-56.ulg,Sep7,0.2,168,velocity_y_rmse_m_s,0.0663591003427175
23,2026.9.7/log_21_2026-9-7-05-54-56.ulg,Sep7,0.5,168,velocity_y_rmse_m_s,0.19976858233398365
23,2026.9.7/log_21_2026-9-7-05-54-56.ulg,Sep7,1.0,168,velocity_y_rmse_m_s,0.4095745299796028
23,2026.9.7/log_22_2026-9-7-06-01-40.ulg,Sep7,0.1,182,velocity_y_rmse_m_s,0.053416606283400274
23,2026.9.7/log_22_2026-9-7-06-01-40.ulg,Sep7,0.2,182,velocity_y_rmse_m_s,0.07386118308093725
23,2026.9.7/log_22_2026-9-7-06-01-40.ulg,Sep7,0.5,182,velocity_y_rmse_m_s,0.16373186076289026
23,2026.9.7/log_22_2026-9-7-06-01-40.ulg,Sep7,1.0,182,velocity_y_rmse_m_s,0.3721632814455729
23,2026.9.7/log_23_2026-9-7-06-09-22.ulg,Sep7,0.1,160,velocity_y_rmse_m_s,0.0466276601710278
23,2026.9.7/log_23_2026-9-7-06-09-22.ulg,Sep7,0.2,160,velocity_y_rmse_m_s,0.07248486579670316
23,2026.9.7/log_23_2026-9-7-06-09-22.ulg,Sep7,0.5,160,velocity_y_rmse_m_s,0.17911464017855544
23,2026.9.7/log_23_2026-9-7-06-09-22.ulg,Sep7,1.0,160,velocity_y_rmse_m_s,0.5055486710499176
23,2026.9.7/log_24_2026-9-7-06-16-04.ulg,Sep7,0.1,161,velocity_y_rmse_m_s,0.059298384157512894
23,2026.9.7/log_24_2026-9-7-06-16-04.ulg,Sep7,0.2,161,velocity_y_rmse_m_s,0.10344865998406169
23,2026.9.7/log_24_2026-9-7-06-16-04.ulg,Sep7,0.5,161,velocity_y_rmse_m_s,0.2092574969980659
23,2026.9.7/log_24_2026-9-7-06-16-04.ulg,Sep7,1.0,161,velocity_y_rmse_m_s,0.47930278554075073
23,2026.9.7/log_26_2026-9-7-06-30-26.ulg,Sep7,0.1,150,velocity_y_rmse_m_s,0.22126136300122382
23,2026.9.7/log_26_2026-9-7-06-30-26.ulg,Sep7,0.2,150,velocity_y_rmse_m_s,0.1672368257286327
23,2026.9.7/log_26_2026-9-7-06-30-26.ulg,Sep7,0.5,150,velocity_y_rmse_m_s,0.17123680358951024
23,2026.9.7/log_26_2026-9-7-06-30-26.ulg,Sep7,1.0,150,velocity_y_rmse_m_s,0.3667957074638024
23,2026.9.7/log_27_2026-9-7-06-37-24.ulg,Sep7,0.1,155,velocity_y_rmse_m_s,0.04618886373842379
23,2026.9.7/log_27_2026-9-7-06-37-24.ulg,Sep7,0.2,155,velocity_y_rmse_m_s,0.06541763061769133
23,2026.9.7/log_27_2026-9-7-06-37-24.ulg,Sep7,0.5,155,velocity_y_rmse_m_s,0.144476575708657
23,2026.9.7/log_27_2026-9-7-06-37-24.ulg,Sep7,1.0,155,velocity_y_rmse_m_s,0.3350492960848922
23,2026.9.7/log_28_2026-9-7-06-44-02.ulg,Sep7,0.1,140,velocity_y_rmse_m_s,0.05903355380215322
23,2026.9.7/log_28_2026-9-7-06-44-02.ulg,Sep7,0.2,140,velocity_y_rmse_m_s,0.08951186219963332
23,2026.9.7/log_28_2026-9-7-06-44-02.ulg,Sep7,0.5,140,velocity_y_rmse_m_s,0.17576084571265038
23,2026.9.7/log_28_2026-9-7-06-44-02.ulg,Sep7,1.0,140,velocity_y_rmse_m_s,0.41282923492797924
23,2026.9.7/log_29_2026-9-7-06-51-04.ulg,Sep7,0.1,201,velocity_y_rmse_m_s,0.041610183329594125
23,2026.9.7/log_29_2026-9-7-06-51-04.ulg,Sep7,0.2,201,velocity_y_rmse_m_s,0.06992601877905678
23,2026.9.7/log_29_2026-9-7-06-51-04.ulg,Sep7,0.5,201,velocity_y_rmse_m_s,0.29754569352198956
23,2026.9.7/log_29_2026-9-7-06-51-04.ulg,Sep7,1.0,201,velocity_y_rmse_m_s,0.2947991470294329
23,2026.9.7/log_30_2026-9-7-06-58-22.ulg,Sep7,0.1,164,velocity_y_rmse_m_s,0.05235311463172712
23,2026.9.7/log_30_2026-9-7-06-58-22.ulg,Sep7,0.2,164,velocity_y_rmse_m_s,0.09342466476667063
23,2026.9.7/log_30_2026-9-7-06-58-22.ulg,Sep7,0.5,164,velocity_y_rmse_m_s,0.22245151862298748
23,2026.9.7/log_30_2026-9-7-06-58-22.ulg,Sep7,1.0,164,velocity_y_rmse_m_s,0.4780090202841685
42,9.17数据/log_10_2026-9-17-06-34-34.ulg,Sep17,0.1,130,velocity_y_rmse_m_s,0.05160725331760642
42,9.17数据/log_10_2026-9-17-06-34-34.ulg,Sep17,0.2,130,velocity_y_rmse_m_s,0.07639667635942102
42,9.17数据/log_10_2026-9-17-06-34-34.ulg,Sep17,0.5,130,velocity_y_rmse_m_s,0.19986932171782504
42,9.17数据/log_10_2026-9-17-06-34-34.ulg,Sep17,1.0,130,velocity_y_rmse_m_s,0.5120760942786264
42,9.17数据/log_11_2026-9-17-06-40-30.ulg,Sep17,0.1,145,velocity_y_rmse_m_s,0.06035788134471345
42,9.17数据/log_11_2026-9-17-06-40-30.ulg,Sep17,0.2,145,velocity_y_rmse_m_s,0.1013026296065138
42,9.17数据/log_11_2026-9-17-06-40-30.ulg,Sep17,0.5,145,velocity_y_rmse_m_s,0.1921531843722484
42,9.17数据/log_11_2026-9-17-06-40-30.ulg,Sep17,1.0,145,velocity_y_rmse_m_s,0.40425950121090054
42,9.17数据/log_12_2026-9-17-06-46-02.ulg,Sep17,0.1,144,velocity_y_rmse_m_s,0.04956801104377136
42,9.17数据/log_12_2026-9-17-06-46-02.ulg,Sep17,0.2,144,velocity_y_rmse_m_s,0.08535991834490754
42,9.17数据/log_12_2026-9-17-06-46-02.ulg,Sep17,0.5,144,velocity_y_rmse_m_s,0.18649806744151198
42,9.17数据/log_12_2026-9-17-06-46-02.ulg,Sep17,1.0,144,velocity_y_rmse_m_s,0.423629340888417
42,9.17数据/log_13_2026-9-17-06-52-30.ulg,Sep17,0.1,153,velocity_y_rmse_m_s,0.07288937562808515
42,9.17数据/log_13_2026-9-17-06-52-30.ulg,Sep17,0.2,153,velocity_y_rmse_m_s,0.09027513404592764
42,9.17数据/log_13_2026-9-17-06-52-30.ulg,Sep17,0.5,153,velocity_y_rmse_m_s,0.21811965427419458
42,9.17数据/log_13_2026-9-17-06-52-30.ulg,Sep17,1.0,153,velocity_y_rmse_m_s,0.39379233737513597
42,9.17数据/log_6_2026-9-17-06-02-24.ulg,Sep17,0.1,138,velocity_y_rmse_m_s,0.05548283378502893
42,9.17数据/log_6_2026-9-17-06-02-24.ulg,Sep17,0.2,138,velocity_y_rmse_m_s,0.11772013206698959
42,9.17数据/log_6_2026-9-17-06-02-24.ulg,Sep17,0.5,138,velocity_y_rmse_m_s,0.1423875772395261
42,9.17数据/log_6_2026-9-17-06-02-24.ulg,Sep17,1.0,138,velocity_y_rmse_m_s,0.4264984273283882
42,9.17数据/log_7_2026-9-17-06-12-16.ulg,Sep17,0.1,131,velocity_y_rmse_m_s,0.04971706251469864
42,9.17数据/log_7_2026-9-17-06-12-16.ulg,Sep17,0.2,131,velocity_y_rmse_m_s,0.06177277775170339
42,9.17数据/log_7_2026-9-17-06-12-16.ulg,Sep17,0.5,131,velocity_y_rmse_m_s,0.13111508537238575
42,9.17数据/log_7_2026-9-17-06-12-16.ulg,Sep17,1.0,131,velocity_y_rmse_m_s,0.4369634241513384
42,9.17数据/log_8_2026-9-17-06-17-52.ulg,Sep17,0.1,146,velocity_y_rmse_m_s,0.07305409002023534
42,9.17数据/log_8_2026-9-17-06-17-52.ulg,Sep17,0.2,146,velocity_y_rmse_m_s,0.09549372852214076
42,9.17数据/log_8_2026-9-17-06-17-52.ulg,Sep17,0.5,146,velocity_y_rmse_m_s,0.2052515872616179
42,9.17数据/log_8_2026-9-17-06-17-52.ulg,Sep17,1.0,146,velocity_y_rmse_m_s,0.36987717777913165
42,9.17数据/log_9_2026-9-17-06-28-10.ulg,Sep17,0.1,114,velocity_y_rmse_m_s,0.10555828060257161
42,9.17数据/log_9_2026-9-17-06-28-10.ulg,Sep17,0.2,114,velocity_y_rmse_m_s,0.1540853847883347
42,9.17数据/log_9_2026-9-17-06-28-10.ulg,Sep17,0.5,114,velocity_y_rmse_m_s,0.20343499721511157
42,9.17数据/log_9_2026-9-17-06-28-10.ulg,Sep17,1.0,114,velocity_y_rmse_m_s,0.5368328044778349
42,2026.9.7/log_21_2026-9-7-05-54-56.ulg,Sep7,0.1,168,velocity_y_rmse_m_s,0.04396155841597206
42,2026.9.7/log_21_2026-9-7-05-54-56.ulg,Sep7,0.2,168,velocity_y_rmse_m_s,0.06971474902431327
42,2026.9.7/log_21_2026-9-7-05-54-56.ulg,Sep7,0.5,168,velocity_y_rmse_m_s,0.18964331612170662
42,2026.9.7/log_21_2026-9-7-05-54-56.ulg,Sep7,1.0,168,velocity_y_rmse_m_s,0.4118706470751582
42,2026.9.7/log_22_2026-9-7-06-01-40.ulg,Sep7,0.1,182,velocity_y_rmse_m_s,0.043414150535616584
42,2026.9.7/log_22_2026-9-7-06-01-40.ulg,Sep7,0.2,182,velocity_y_rmse_m_s,0.07073571660484428
42,2026.9.7/log_22_2026-9-7-06-01-40.ulg,Sep7,0.5,182,velocity_y_rmse_m_s,0.1662068767338785
42,2026.9.7/log_22_2026-9-7-06-01-40.ulg,Sep7,1.0,182,velocity_y_rmse_m_s,0.38856229084315197
42,2026.9.7/log_23_2026-9-7-06-09-22.ulg,Sep7,0.1,160,velocity_y_rmse_m_s,0.06144020818069926
42,2026.9.7/log_23_2026-9-7-06-09-22.ulg,Sep7,0.2,160,velocity_y_rmse_m_s,0.07751039873415538
42,2026.9.7/log_23_2026-9-7-06-09-22.ulg,Sep7,0.5,160,velocity_y_rmse_m_s,0.17366982170737494
42,2026.9.7/log_23_2026-9-7-06-09-22.ulg,Sep7,1.0,160,velocity_y_rmse_m_s,0.45137405278793674
42,2026.9.7/log_24_2026-9-7-06-16-04.ulg,Sep7,0.1,161,velocity_y_rmse_m_s,0.0676404417722481
42,2026.9.7/log_24_2026-9-7-06-16-04.ulg,Sep7,0.2,161,velocity_y_rmse_m_s,0.10362671852138404
42,2026.9.7/log_24_2026-9-7-06-16-04.ulg,Sep7,0.5,161,velocity_y_rmse_m_s,0.2050589498219084
42,2026.9.7/log_24_2026-9-7-06-16-04.ulg,Sep7,1.0,161,velocity_y_rmse_m_s,0.44209493668986977
42,2026.9.7/log_26_2026-9-7-06-30-26.ulg,Sep7,0.1,150,velocity_y_rmse_m_s,0.20640699290247136
42,2026.9.7/log_26_2026-9-7-06-30-26.ulg,Sep7,0.2,150,velocity_y_rmse_m_s,0.15238582014285454
42,2026.9.7/log_26_2026-9-7-06-30-26.ulg,Sep7,0.5,150,velocity_y_rmse_m_s,0.18289349359710694
42,2026.9.7/log_26_2026-9-7-06-30-26.ulg,Sep7,1.0,150,velocity_y_rmse_m_s,0.36743593597712154
42,2026.9.7/log_27_2026-9-7-06-37-24.ulg,Sep7,0.1,155,velocity_y_rmse_m_s,0.04526831483007474
42,2026.9.7/log_27_2026-9-7-06-37-24.ulg,Sep7,0.2,155,velocity_y_rmse_m_s,0.06294282852176411
42,2026.9.7/log_27_2026-9-7-06-37-24.ulg,Sep7,0.5,155,velocity_y_rmse_m_s,0.14133794477023764
42,2026.9.7/log_27_2026-9-7-06-37-24.ulg,Sep7,1.0,155,velocity_y_rmse_m_s,0.337762759430581
42,2026.9.7/log_28_2026-9-7-06-44-02.ulg,Sep7,0.1,140,velocity_y_rmse_m_s,0.057254227859984845
42,2026.9.7/log_28_2026-9-7-06-44-02.ulg,Sep7,0.2,140,velocity_y_rmse_m_s,0.10041059524020775
42,2026.9.7/log_28_2026-9-7-06-44-02.ulg,Sep7,0.5,140,velocity_y_rmse_m_s,0.15685370589701306
42,2026.9.7/log_28_2026-9-7-06-44-02.ulg,Sep7,1.0,140,velocity_y_rmse_m_s,0.3634359826480324
42,2026.9.7/log_29_2026-9-7-06-51-04.ulg,Sep7,0.1,201,velocity_y_rmse_m_s,0.04237250779115524
42,2026.9.7/log_29_2026-9-7-06-51-04.ulg,Sep7,0.2,201,velocity_y_rmse_m_s,0.06445940281940991
42,2026.9.7/log_29_2026-9-7-06-51-04.ulg,Sep7,0.5,201,velocity_y_rmse_m_s,0.31779449224214584
42,2026.9.7/log_29_2026-9-7-06-51-04.ulg,Sep7,1.0,201,velocity_y_rmse_m_s,0.33874050900038327
42,2026.9.7/log_30_2026-9-7-06-58-22.ulg,Sep7,0.1,164,velocity_y_rmse_m_s,0.05276854343590015
42,2026.9.7/log_30_2026-9-7-06-58-22.ulg,Sep7,0.2,164,velocity_y_rmse_m_s,0.0968507847857349
42,2026.9.7/log_30_2026-9-7-06-58-22.ulg,Sep7,0.5,164,velocity_y_rmse_m_s,0.2293217113697958
42,2026.9.7/log_30_2026-9-7-06-58-22.ulg,Sep7,1.0,164,velocity_y_rmse_m_s,0.49849312341941354
17,9.17数据/log_10_2026-9-17-06-34-34.ulg,Sep17,0.1,130,velocity_z_rmse_m_s,0.10509523808036136
17,9.17数据/log_10_2026-9-17-06-34-34.ulg,Sep17,0.2,130,velocity_z_rmse_m_s,0.15889632331352188
17,9.17数据/log_10_2026-9-17-06-34-34.ulg,Sep17,0.5,130,velocity_z_rmse_m_s,0.28033130571414655
17,9.17数据/log_10_2026-9-17-06-34-34.ulg,Sep17,1.0,130,velocity_z_rmse_m_s,0.40166416024563784
17,9.17数据/log_11_2026-9-17-06-40-30.ulg,Sep17,0.1,145,velocity_z_rmse_m_s,0.12354320363926512
17,9.17数据/log_11_2026-9-17-06-40-30.ulg,Sep17,0.2,145,velocity_z_rmse_m_s,0.19209097037830694
17,9.17数据/log_11_2026-9-17-06-40-30.ulg,Sep17,0.5,145,velocity_z_rmse_m_s,0.25564097853337286
17,9.17数据/log_11_2026-9-17-06-40-30.ulg,Sep17,1.0,145,velocity_z_rmse_m_s,0.3566729802756373
17,9.17数据/log_12_2026-9-17-06-46-02.ulg,Sep17,0.1,144,velocity_z_rmse_m_s,0.10457202967319244
17,9.17数据/log_12_2026-9-17-06-46-02.ulg,Sep17,0.2,144,velocity_z_rmse_m_s,0.1567120135692647
17,9.17数据/log_12_2026-9-17-06-46-02.ulg,Sep17,0.5,144,velocity_z_rmse_m_s,0.25203493377002234
17,9.17数据/log_12_2026-9-17-06-46-02.ulg,Sep17,1.0,144,velocity_z_rmse_m_s,0.34476859586981945
17,9.17数据/log_13_2026-9-17-06-52-30.ulg,Sep17,0.1,153,velocity_z_rmse_m_s,0.14524175405277873
17,9.17数据/log_13_2026-9-17-06-52-30.ulg,Sep17,0.2,153,velocity_z_rmse_m_s,0.20184012441505778
17,9.17数据/log_13_2026-9-17-06-52-30.ulg,Sep17,0.5,153,velocity_z_rmse_m_s,0.28836221292682246
17,9.17数据/log_13_2026-9-17-06-52-30.ulg,Sep17,1.0,153,velocity_z_rmse_m_s,0.38949336071620944
17,9.17数据/log_6_2026-9-17-06-02-24.ulg,Sep17,0.1,138,velocity_z_rmse_m_s,0.10615997582004716
17,9.17数据/log_6_2026-9-17-06-02-24.ulg,Sep17,0.2,138,velocity_z_rmse_m_s,0.13967417943856825
17,9.17数据/log_6_2026-9-17-06-02-24.ulg,Sep17,0.5,138,velocity_z_rmse_m_s,0.27165119979576546
17,9.17数据/log_6_2026-9-17-06-02-24.ulg,Sep17,1.0,138,velocity_z_rmse_m_s,0.3235233134596277
17,9.17数据/log_7_2026-9-17-06-12-16.ulg,Sep17,0.1,131,velocity_z_rmse_m_s,0.1093505337011574
17,9.17数据/log_7_2026-9-17-06-12-16.ulg,Sep17,0.2,131,velocity_z_rmse_m_s,0.14001736148058647
17,9.17数据/log_7_2026-9-17-06-12-16.ulg,Sep17,0.5,131,velocity_z_rmse_m_s,0.2249220849346807
17,9.17数据/log_7_2026-9-17-06-12-16.ulg,Sep17,1.0,131,velocity_z_rmse_m_s,0.30411339555988376
17,9.17数据/log_8_2026-9-17-06-17-52.ulg,Sep17,0.1,146,velocity_z_rmse_m_s,0.11279797921716832
17,9.17数据/log_8_2026-9-17-06-17-52.ulg,Sep17,0.2,146,velocity_z_rmse_m_s,0.16057353777788308
17,9.17数据/log_8_2026-9-17-06-17-52.ulg,Sep17,0.5,146,velocity_z_rmse_m_s,0.24330413787280167
17,9.17数据/log_8_2026-9-17-06-17-52.ulg,Sep17,1.0,146,velocity_z_rmse_m_s,0.3521099943843729
17,9.17数据/log_9_2026-9-17-06-28-10.ulg,Sep17,0.1,114,velocity_z_rmse_m_s,0.15039766962751214
17,9.17数据/log_9_2026-9-17-06-28-10.ulg,Sep17,0.2,114,velocity_z_rmse_m_s,0.20317898386117156
17,9.17数据/log_9_2026-9-17-06-28-10.ulg,Sep17,0.5,114,velocity_z_rmse_m_s,0.23162528865273196
17,9.17数据/log_9_2026-9-17-06-28-10.ulg,Sep17,1.0,114,velocity_z_rmse_m_s,0.3232635565606098
17,2026.9.7/log_21_2026-9-7-05-54-56.ulg,Sep7,0.1,168,velocity_z_rmse_m_s,0.10033517159092725
17,2026.9.7/log_21_2026-9-7-05-54-56.ulg,Sep7,0.2,168,velocity_z_rmse_m_s,0.11744234493827972
17,2026.9.7/log_21_2026-9-7-05-54-56.ulg,Sep7,0.5,168,velocity_z_rmse_m_s,0.22773382824013153
17,2026.9.7/log_21_2026-9-7-05-54-56.ulg,Sep7,1.0,168,velocity_z_rmse_m_s,0.28264343185383367
17,2026.9.7/log_22_2026-9-7-06-01-40.ulg,Sep7,0.1,182,velocity_z_rmse_m_s,0.09652387988832242
17,2026.9.7/log_22_2026-9-7-06-01-40.ulg,Sep7,0.2,182,velocity_z_rmse_m_s,0.1393876173710384
17,2026.9.7/log_22_2026-9-7-06-01-40.ulg,Sep7,0.5,182,velocity_z_rmse_m_s,0.21446420476284395
17,2026.9.7/log_22_2026-9-7-06-01-40.ulg,Sep7,1.0,182,velocity_z_rmse_m_s,0.2977168598095319
17,2026.9.7/log_23_2026-9-7-06-09-22.ulg,Sep7,0.1,160,velocity_z_rmse_m_s,0.0978055095884296
17,2026.9.7/log_23_2026-9-7-06-09-22.ulg,Sep7,0.2,160,velocity_z_rmse_m_s,0.12238134535201145
17,2026.9.7/log_23_2026-9-7-06-09-22.ulg,Sep7,0.5,160,velocity_z_rmse_m_s,0.191645560857802
17,2026.9.7/log_23_2026-9-7-06-09-22.ulg,Sep7,1.0,160,velocity_z_rmse_m_s,0.2798815479335934
17,2026.9.7/log_24_2026-9-7-06-16-04.ulg,Sep7,0.1,161,velocity_z_rmse_m_s,0.10139411437602701
17,2026.9.7/log_24_2026-9-7-06-16-04.ulg,Sep7,0.2,161,velocity_z_rmse_m_s,0.13987810243101367
17,2026.9.7/log_24_2026-9-7-06-16-04.ulg,Sep7,0.5,161,velocity_z_rmse_m_s,0.2537969111473864
17,2026.9.7/log_24_2026-9-7-06-16-04.ulg,Sep7,1.0,161,velocity_z_rmse_m_s,0.2994297960675971
17,2026.9.7/log_26_2026-9-7-06-30-26.ulg,Sep7,0.1,150,velocity_z_rmse_m_s,0.08091120498321268
17,2026.9.7/log_26_2026-9-7-06-30-26.ulg,Sep7,0.2,150,velocity_z_rmse_m_s,0.12558044180510727
17,2026.9.7/log_26_2026-9-7-06-30-26.ulg,Sep7,0.5,150,velocity_z_rmse_m_s,0.186268856135965
17,2026.9.7/log_26_2026-9-7-06-30-26.ulg,Sep7,1.0,150,velocity_z_rmse_m_s,0.2618908814500979
17,2026.9.7/log_27_2026-9-7-06-37-24.ulg,Sep7,0.1,155,velocity_z_rmse_m_s,0.07527092075820739
17,2026.9.7/log_27_2026-9-7-06-37-24.ulg,Sep7,0.2,155,velocity_z_rmse_m_s,0.0913326127717324
17,2026.9.7/log_27_2026-9-7-06-37-24.ulg,Sep7,0.5,155,velocity_z_rmse_m_s,0.1824263280344649
17,2026.9.7/log_27_2026-9-7-06-37-24.ulg,Sep7,1.0,155,velocity_z_rmse_m_s,0.28073128075556414
17,2026.9.7/log_28_2026-9-7-06-44-02.ulg,Sep7,0.1,140,velocity_z_rmse_m_s,0.0926942273905922
17,2026.9.7/log_28_2026-9-7-06-44-02.ulg,Sep7,0.2,140,velocity_z_rmse_m_s,0.12253796493823832
17,2026.9.7/log_28_2026-9-7-06-44-02.ulg,Sep7,0.5,140,velocity_z_rmse_m_s,0.1744575223460114
17,2026.9.7/log_28_2026-9-7-06-44-02.ulg,Sep7,1.0,140,velocity_z_rmse_m_s,0.2281763417364689
17,2026.9.7/log_29_2026-9-7-06-51-04.ulg,Sep7,0.1,201,velocity_z_rmse_m_s,0.075634693205485
17,2026.9.7/log_29_2026-9-7-06-51-04.ulg,Sep7,0.2,201,velocity_z_rmse_m_s,0.09177595496236944
17,2026.9.7/log_29_2026-9-7-06-51-04.ulg,Sep7,0.5,201,velocity_z_rmse_m_s,0.19191388758846623
17,2026.9.7/log_29_2026-9-7-06-51-04.ulg,Sep7,1.0,201,velocity_z_rmse_m_s,0.22786294403897986
17,2026.9.7/log_30_2026-9-7-06-58-22.ulg,Sep7,0.1,164,velocity_z_rmse_m_s,0.0896709734996503
17,2026.9.7/log_30_2026-9-7-06-58-22.ulg,Sep7,0.2,164,velocity_z_rmse_m_s,0.10442502399170975
17,2026.9.7/log_30_2026-9-7-06-58-22.ulg,Sep7,0.5,164,velocity_z_rmse_m_s,0.1839927821072
17,2026.9.7/log_30_2026-9-7-06-58-22.ulg,Sep7,1.0,164,velocity_z_rmse_m_s,0.2582030371676086
23,9.17数据/log_10_2026-9-17-06-34-34.ulg,Sep17,0.1,130,velocity_z_rmse_m_s,0.11192556798195867
23,9.17数据/log_10_2026-9-17-06-34-34.ulg,Sep17,0.2,130,velocity_z_rmse_m_s,0.1656436666985549
23,9.17数据/log_10_2026-9-17-06-34-34.ulg,Sep17,0.5,130,velocity_z_rmse_m_s,0.27728635641784993
23,9.17数据/log_10_2026-9-17-06-34-34.ulg,Sep17,1.0,130,velocity_z_rmse_m_s,0.4158177270754271
23,9.17数据/log_11_2026-9-17-06-40-30.ulg,Sep17,0.1,145,velocity_z_rmse_m_s,0.14349734586981927
23,9.17数据/log_11_2026-9-17-06-40-30.ulg,Sep17,0.2,145,velocity_z_rmse_m_s,0.1569618610859599
23,9.17数据/log_11_2026-9-17-06-40-30.ulg,Sep17,0.5,145,velocity_z_rmse_m_s,0.2561285625538814
23,9.17数据/log_11_2026-9-17-06-40-30.ulg,Sep17,1.0,145,velocity_z_rmse_m_s,0.3456317767772238
23,9.17数据/log_12_2026-9-17-06-46-02.ulg,Sep17,0.1,144,velocity_z_rmse_m_s,0.10687572964346782
23,9.17数据/log_12_2026-9-17-06-46-02.ulg,Sep17,0.2,144,velocity_z_rmse_m_s,0.1510381610806077
23,9.17数据/log_12_2026-9-17-06-46-02.ulg,Sep17,0.5,144,velocity_z_rmse_m_s,0.27202967147326196
23,9.17数据/log_12_2026-9-17-06-46-02.ulg,Sep17,1.0,144,velocity_z_rmse_m_s,0.3752532049768754
23,9.17数据/log_13_2026-9-17-06-52-30.ulg,Sep17,0.1,153,velocity_z_rmse_m_s,0.145966785671705
23,9.17数据/log_13_2026-9-17-06-52-30.ulg,Sep17,0.2,153,velocity_z_rmse_m_s,0.20272324909478293
23,9.17数据/log_13_2026-9-17-06-52-30.ulg,Sep17,0.5,153,velocity_z_rmse_m_s,0.2872350797149849
23,9.17数据/log_13_2026-9-17-06-52-30.ulg,Sep17,1.0,153,velocity_z_rmse_m_s,0.43845055053534016
23,9.17数据/log_6_2026-9-17-06-02-24.ulg,Sep17,0.1,138,velocity_z_rmse_m_s,0.12091223916654621
23,9.17数据/log_6_2026-9-17-06-02-24.ulg,Sep17,0.2,138,velocity_z_rmse_m_s,0.14212025962080982
23,9.17数据/log_6_2026-9-17-06-02-24.ulg,Sep17,0.5,138,velocity_z_rmse_m_s,0.285450195924498
23,9.17数据/log_6_2026-9-17-06-02-24.ulg,Sep17,1.0,138,velocity_z_rmse_m_s,0.3616339651699049
23,9.17数据/log_7_2026-9-17-06-12-16.ulg,Sep17,0.1,131,velocity_z_rmse_m_s,0.11928350882095369
23,9.17数据/log_7_2026-9-17-06-12-16.ulg,Sep17,0.2,131,velocity_z_rmse_m_s,0.1420150177183513
23,9.17数据/log_7_2026-9-17-06-12-16.ulg,Sep17,0.5,131,velocity_z_rmse_m_s,0.24092012198450602
23,9.17数据/log_7_2026-9-17-06-12-16.ulg,Sep17,1.0,131,velocity_z_rmse_m_s,0.30999097380027496
23,9.17数据/log_8_2026-9-17-06-17-52.ulg,Sep17,0.1,146,velocity_z_rmse_m_s,0.11809615411650769
23,9.17数据/log_8_2026-9-17-06-17-52.ulg,Sep17,0.2,146,velocity_z_rmse_m_s,0.15816268589684201
23,9.17数据/log_8_2026-9-17-06-17-52.ulg,Sep17,0.5,146,velocity_z_rmse_m_s,0.2598933039181124
23,9.17数据/log_8_2026-9-17-06-17-52.ulg,Sep17,1.0,146,velocity_z_rmse_m_s,0.360737263959439
23,9.17数据/log_9_2026-9-17-06-28-10.ulg,Sep17,0.1,114,velocity_z_rmse_m_s,0.16144793425793832
23,9.17数据/log_9_2026-9-17-06-28-10.ulg,Sep17,0.2,114,velocity_z_rmse_m_s,0.2264468727806431
23,9.17数据/log_9_2026-9-17-06-28-10.ulg,Sep17,0.5,114,velocity_z_rmse_m_s,0.25322966746307635
23,9.17数据/log_9_2026-9-17-06-28-10.ulg,Sep17,1.0,114,velocity_z_rmse_m_s,0.3889881494213925
23,2026.9.7/log_21_2026-9-7-05-54-56.ulg,Sep7,0.1,168,velocity_z_rmse_m_s,0.09591870081499264
23,2026.9.7/log_21_2026-9-7-05-54-56.ulg,Sep7,0.2,168,velocity_z_rmse_m_s,0.12033868413540709
23,2026.9.7/log_21_2026-9-7-05-54-56.ulg,Sep7,0.5,168,velocity_z_rmse_m_s,0.2197087627545057
23,2026.9.7/log_21_2026-9-7-05-54-56.ulg,Sep7,1.0,168,velocity_z_rmse_m_s,0.2941601184388373
23,2026.9.7/log_22_2026-9-7-06-01-40.ulg,Sep7,0.1,182,velocity_z_rmse_m_s,0.1440629302062359
23,2026.9.7/log_22_2026-9-7-06-01-40.ulg,Sep7,0.2,182,velocity_z_rmse_m_s,0.20706490709745318
23,2026.9.7/log_22_2026-9-7-06-01-40.ulg,Sep7,0.5,182,velocity_z_rmse_m_s,0.2422146400148758
23,2026.9.7/log_22_2026-9-7-06-01-40.ulg,Sep7,1.0,182,velocity_z_rmse_m_s,0.32099016898491844
23,2026.9.7/log_23_2026-9-7-06-09-22.ulg,Sep7,0.1,160,velocity_z_rmse_m_s,0.11244862368821941
23,2026.9.7/log_23_2026-9-7-06-09-22.ulg,Sep7,0.2,160,velocity_z_rmse_m_s,0.13665183086711913
23,2026.9.7/log_23_2026-9-7-06-09-22.ulg,Sep7,0.5,160,velocity_z_rmse_m_s,0.1934513389372185
23,2026.9.7/log_23_2026-9-7-06-09-22.ulg,Sep7,1.0,160,velocity_z_rmse_m_s,0.2680885276342993
23,2026.9.7/log_24_2026-9-7-06-16-04.ulg,Sep7,0.1,161,velocity_z_rmse_m_s,0.0947547676786172
23,2026.9.7/log_24_2026-9-7-06-16-04.ulg,Sep7,0.2,161,velocity_z_rmse_m_s,0.1361760658248118
23,2026.9.7/log_24_2026-9-7-06-16-04.ulg,Sep7,0.5,161,velocity_z_rmse_m_s,0.23932018071517883
23,2026.9.7/log_24_2026-9-7-06-16-04.ulg,Sep7,1.0,161,velocity_z_rmse_m_s,0.29913889634320284
23,2026.9.7/log_26_2026-9-7-06-30-26.ulg,Sep7,0.1,150,velocity_z_rmse_m_s,0.09486405352828707
23,2026.9.7/log_26_2026-9-7-06-30-26.ulg,Sep7,0.2,150,velocity_z_rmse_m_s,0.12866438843618686
23,2026.9.7/log_26_2026-9-7-06-30-26.ulg,Sep7,0.5,150,velocity_z_rmse_m_s,0.1828536788872256
23,2026.9.7/log_26_2026-9-7-06-30-26.ulg,Sep7,1.0,150,velocity_z_rmse_m_s,0.24169984931370617
23,2026.9.7/log_27_2026-9-7-06-37-24.ulg,Sep7,0.1,155,velocity_z_rmse_m_s,0.08069222321029766
23,2026.9.7/log_27_2026-9-7-06-37-24.ulg,Sep7,0.2,155,velocity_z_rmse_m_s,0.09312658480289734
23,2026.9.7/log_27_2026-9-7-06-37-24.ulg,Sep7,0.5,155,velocity_z_rmse_m_s,0.16407600234422656
23,2026.9.7/log_27_2026-9-7-06-37-24.ulg,Sep7,1.0,155,velocity_z_rmse_m_s,0.23200933466089096
23,2026.9.7/log_28_2026-9-7-06-44-02.ulg,Sep7,0.1,140,velocity_z_rmse_m_s,0.09757420271288265
23,2026.9.7/log_28_2026-9-7-06-44-02.ulg,Sep7,0.2,140,velocity_z_rmse_m_s,0.13372829245931195
23,2026.9.7/log_28_2026-9-7-06-44-02.ulg,Sep7,0.5,140,velocity_z_rmse_m_s,0.17802230698802465
23,2026.9.7/log_28_2026-9-7-06-44-02.ulg,Sep7,1.0,140,velocity_z_rmse_m_s,0.20319138491425956
23,2026.9.7/log_29_2026-9-7-06-51-04.ulg,Sep7,0.1,201,velocity_z_rmse_m_s,0.08690800742831382
23,2026.9.7/log_29_2026-9-7-06-51-04.ulg,Sep7,0.2,201,velocity_z_rmse_m_s,0.10152841069633221
23,2026.9.7/log_29_2026-9-7-06-51-04.ulg,Sep7,0.5,201,velocity_z_rmse_m_s,0.19664677931697822
23,2026.9.7/log_29_2026-9-7-06-51-04.ulg,Sep7,1.0,201,velocity_z_rmse_m_s,0.23700260909923412
23,2026.9.7/log_30_2026-9-7-06-58-22.ulg,Sep7,0.1,164,velocity_z_rmse_m_s,0.08899648002273657
23,2026.9.7/log_30_2026-9-7-06-58-22.ulg,Sep7,0.2,164,velocity_z_rmse_m_s,0.11192244098878425
23,2026.9.7/log_30_2026-9-7-06-58-22.ulg,Sep7,0.5,164,velocity_z_rmse_m_s,0.1848453995692615
23,2026.9.7/log_30_2026-9-7-06-58-22.ulg,Sep7,1.0,164,velocity_z_rmse_m_s,0.24691789352933288
42,9.17数据/log_10_2026-9-17-06-34-34.ulg,Sep17,0.1,130,velocity_z_rmse_m_s,0.11714796415289515
42,9.17数据/log_10_2026-9-17-06-34-34.ulg,Sep17,0.2,130,velocity_z_rmse_m_s,0.15952897097597618
42,9.17数据/log_10_2026-9-17-06-34-34.ulg,Sep17,0.5,130,velocity_z_rmse_m_s,0.2630207858469253
42,9.17数据/log_10_2026-9-17-06-34-34.ulg,Sep17,1.0,130,velocity_z_rmse_m_s,0.3885606953914521
42,9.17数据/log_11_2026-9-17-06-40-30.ulg,Sep17,0.1,145,velocity_z_rmse_m_s,0.12196953959562448
42,9.17数据/log_11_2026-9-17-06-40-30.ulg,Sep17,0.2,145,velocity_z_rmse_m_s,0.19128484641737376
42,9.17数据/log_11_2026-9-17-06-40-30.ulg,Sep17,0.5,145,velocity_z_rmse_m_s,0.25419096019578025
42,9.17数据/log_11_2026-9-17-06-40-30.ulg,Sep17,1.0,145,velocity_z_rmse_m_s,0.3481229357733013
42,9.17数据/log_12_2026-9-17-06-46-02.ulg,Sep17,0.1,144,velocity_z_rmse_m_s,0.11020921341079762
42,9.17数据/log_12_2026-9-17-06-46-02.ulg,Sep17,0.2,144,velocity_z_rmse_m_s,0.14800423690389594
42,9.17数据/log_12_2026-9-17-06-46-02.ulg,Sep17,0.5,144,velocity_z_rmse_m_s,0.2517281298432598
42,9.17数据/log_12_2026-9-17-06-46-02.ulg,Sep17,1.0,144,velocity_z_rmse_m_s,0.3577149474668225
42,9.17数据/log_13_2026-9-17-06-52-30.ulg,Sep17,0.1,153,velocity_z_rmse_m_s,0.1420343107376213
42,9.17数据/log_13_2026-9-17-06-52-30.ulg,Sep17,0.2,153,velocity_z_rmse_m_s,0.19064323309950185
42,9.17数据/log_13_2026-9-17-06-52-30.ulg,Sep17,0.5,153,velocity_z_rmse_m_s,0.2876922314716178
42,9.17数据/log_13_2026-9-17-06-52-30.ulg,Sep17,1.0,153,velocity_z_rmse_m_s,0.38444188114071814
42,9.17数据/log_6_2026-9-17-06-02-24.ulg,Sep17,0.1,138,velocity_z_rmse_m_s,0.11126364028534583
42,9.17数据/log_6_2026-9-17-06-02-24.ulg,Sep17,0.2,138,velocity_z_rmse_m_s,0.14196049242800513
42,9.17数据/log_6_2026-9-17-06-02-24.ulg,Sep17,0.5,138,velocity_z_rmse_m_s,0.25906457189882315
42,9.17数据/log_6_2026-9-17-06-02-24.ulg,Sep17,1.0,138,velocity_z_rmse_m_s,0.3296287935252153
42,9.17数据/log_7_2026-9-17-06-12-16.ulg,Sep17,0.1,131,velocity_z_rmse_m_s,0.10531827178493669
42,9.17数据/log_7_2026-9-17-06-12-16.ulg,Sep17,0.2,131,velocity_z_rmse_m_s,0.1392416499782859
42,9.17数据/log_7_2026-9-17-06-12-16.ulg,Sep17,0.5,131,velocity_z_rmse_m_s,0.22507650032973686
42,9.17数据/log_7_2026-9-17-06-12-16.ulg,Sep17,1.0,131,velocity_z_rmse_m_s,0.27295529189008083
42,9.17数据/log_8_2026-9-17-06-17-52.ulg,Sep17,0.1,146,velocity_z_rmse_m_s,0.1164522478754331
42,9.17数据/log_8_2026-9-17-06-17-52.ulg,Sep17,0.2,146,velocity_z_rmse_m_s,0.16488656521898248
42,9.17数据/log_8_2026-9-17-06-17-52.ulg,Sep17,0.5,146,velocity_z_rmse_m_s,0.2403503507934547
42,9.17数据/log_8_2026-9-17-06-17-52.ulg,Sep17,1.0,146,velocity_z_rmse_m_s,0.33434183060571304
42,9.17数据/log_9_2026-9-17-06-28-10.ulg,Sep17,0.1,114,velocity_z_rmse_m_s,0.13254038663922837
42,9.17数据/log_9_2026-9-17-06-28-10.ulg,Sep17,0.2,114,velocity_z_rmse_m_s,0.19563684632523354
42,9.17数据/log_9_2026-9-17-06-28-10.ulg,Sep17,0.5,114,velocity_z_rmse_m_s,0.22551836624873026
42,9.17数据/log_9_2026-9-17-06-28-10.ulg,Sep17,1.0,114,velocity_z_rmse_m_s,0.33415657042588076
42,2026.9.7/log_21_2026-9-7-05-54-56.ulg,Sep7,0.1,168,velocity_z_rmse_m_s,0.10783017619438395
42,2026.9.7/log_21_2026-9-7-05-54-56.ulg,Sep7,0.2,168,velocity_z_rmse_m_s,0.1305291365773733
42,2026.9.7/log_21_2026-9-7-05-54-56.ulg,Sep7,0.5,168,velocity_z_rmse_m_s,0.21407188451932074
42,2026.9.7/log_21_2026-9-7-05-54-56.ulg,Sep7,1.0,168,velocity_z_rmse_m_s,0.2764239684471071
42,2026.9.7/log_22_2026-9-7-06-01-40.ulg,Sep7,0.1,182,velocity_z_rmse_m_s,0.1018412716681701
42,2026.9.7/log_22_2026-9-7-06-01-40.ulg,Sep7,0.2,182,velocity_z_rmse_m_s,0.14347692605200532
42,2026.9.7/log_22_2026-9-7-06-01-40.ulg,Sep7,0.5,182,velocity_z_rmse_m_s,0.2033580234906817
42,2026.9.7/log_22_2026-9-7-06-01-40.ulg,Sep7,1.0,182,velocity_z_rmse_m_s,0.28764851698694244
42,2026.9.7/log_23_2026-9-7-06-09-22.ulg,Sep7,0.1,160,velocity_z_rmse_m_s,0.11340498598403494
42,2026.9.7/log_23_2026-9-7-06-09-22.ulg,Sep7,0.2,160,velocity_z_rmse_m_s,0.14802604686890067
42,2026.9.7/log_23_2026-9-7-06-09-22.ulg,Sep7,0.5,160,velocity_z_rmse_m_s,0.20967027461687915
42,2026.9.7/log_23_2026-9-7-06-09-22.ulg,Sep7,1.0,160,velocity_z_rmse_m_s,0.283804340872742
42,2026.9.7/log_24_2026-9-7-06-16-04.ulg,Sep7,0.1,161,velocity_z_rmse_m_s,0.09718474777721017
42,2026.9.7/log_24_2026-9-7-06-16-04.ulg,Sep7,0.2,161,velocity_z_rmse_m_s,0.13780784362052723
42,2026.9.7/log_24_2026-9-7-06-16-04.ulg,Sep7,0.5,161,velocity_z_rmse_m_s,0.24209127755830243
42,2026.9.7/log_24_2026-9-7-06-16-04.ulg,Sep7,1.0,161,velocity_z_rmse_m_s,0.3694098631491792
42,2026.9.7/log_26_2026-9-7-06-30-26.ulg,Sep7,0.1,150,velocity_z_rmse_m_s,0.08921924440243369
42,2026.9.7/log_26_2026-9-7-06-30-26.ulg,Sep7,0.2,150,velocity_z_rmse_m_s,0.10943576065633451
42,2026.9.7/log_26_2026-9-7-06-30-26.ulg,Sep7,0.5,150,velocity_z_rmse_m_s,0.1703129235351833
42,2026.9.7/log_26_2026-9-7-06-30-26.ulg,Sep7,1.0,150,velocity_z_rmse_m_s,0.24092027203730657
42,2026.9.7/log_27_2026-9-7-06-37-24.ulg,Sep7,0.1,155,velocity_z_rmse_m_s,0.08870755834636024
42,2026.9.7/log_27_2026-9-7-06-37-24.ulg,Sep7,0.2,155,velocity_z_rmse_m_s,0.1056476180343141
42,2026.9.7/log_27_2026-9-7-06-37-24.ulg,Sep7,0.5,155,velocity_z_rmse_m_s,0.17019476257527902
42,2026.9.7/log_27_2026-9-7-06-37-24.ulg,Sep7,1.0,155,velocity_z_rmse_m_s,0.2278670425052888
42,2026.9.7/log_28_2026-9-7-06-44-02.ulg,Sep7,0.1,140,velocity_z_rmse_m_s,0.09689854697700997
42,2026.9.7/log_28_2026-9-7-06-44-02.ulg,Sep7,0.2,140,velocity_z_rmse_m_s,0.1300529994552309
42,2026.9.7/log_28_2026-9-7-06-44-02.ulg,Sep7,0.5,140,velocity_z_rmse_m_s,0.15648747427237553
42,2026.9.7/log_28_2026-9-7-06-44-02.ulg,Sep7,1.0,140,velocity_z_rmse_m_s,0.213727369766569
42,2026.9.7/log_29_2026-9-7-06-51-04.ulg,Sep7,0.1,201,velocity_z_rmse_m_s,0.08785922722228927
42,2026.9.7/log_29_2026-9-7-06-51-04.ulg,Sep7,0.2,201,velocity_z_rmse_m_s,0.1206247490175839
42,2026.9.7/log_29_2026-9-7-06-51-04.ulg,Sep7,0.5,201,velocity_z_rmse_m_s,0.24144832737978086
42,2026.9.7/log_29_2026-9-7-06-51-04.ulg,Sep7,1.0,201,velocity_z_rmse_m_s,0.26674570540337733
42,2026.9.7/log_30_2026-9-7-06-58-22.ulg,Sep7,0.1,164,velocity_z_rmse_m_s,0.1007720080350563
42,2026.9.7/log_30_2026-9-7-06-58-22.ulg,Sep7,0.2,164,velocity_z_rmse_m_s,0.1137065852413174
42,2026.9.7/log_30_2026-9-7-06-58-22.ulg,Sep7,0.5,164,velocity_z_rmse_m_s,0.18464380899615424
42,2026.9.7/log_30_2026-9-7-06-58-22.ulg,Sep7,1.0,164,velocity_z_rmse_m_s,0.27626649250416846
17,9.17数据/log_10_2026-9-17-06-34-34.ulg,Sep17,0.1,130,body_rate_p_rmse_rad_s,0.4970242826503458
17,9.17数据/log_10_2026-9-17-06-34-34.ulg,Sep17,0.2,130,body_rate_p_rmse_rad_s,0.46622199270665915
17,9.17数据/log_10_2026-9-17-06-34-34.ulg,Sep17,0.5,130,body_rate_p_rmse_rad_s,0.5312025042737144
17,9.17数据/log_10_2026-9-17-06-34-34.ulg,Sep17,1.0,130,body_rate_p_rmse_rad_s,0.5560433984091466
17,9.17数据/log_11_2026-9-17-06-40-30.ulg,Sep17,0.1,145,body_rate_p_rmse_rad_s,0.4931478409373068
17,9.17数据/log_11_2026-9-17-06-40-30.ulg,Sep17,0.2,145,body_rate_p_rmse_rad_s,0.4853676472424532
17,9.17数据/log_11_2026-9-17-06-40-30.ulg,Sep17,0.5,145,body_rate_p_rmse_rad_s,0.5039272661737739
17,9.17数据/log_11_2026-9-17-06-40-30.ulg,Sep17,1.0,145,body_rate_p_rmse_rad_s,0.5146852866472263
17,9.17数据/log_12_2026-9-17-06-46-02.ulg,Sep17,0.1,144,body_rate_p_rmse_rad_s,0.3822281169794774
17,9.17数据/log_12_2026-9-17-06-46-02.ulg,Sep17,0.2,144,body_rate_p_rmse_rad_s,0.43594313836305176
17,9.17数据/log_12_2026-9-17-06-46-02.ulg,Sep17,0.5,144,body_rate_p_rmse_rad_s,0.49086082810331855
17,9.17数据/log_12_2026-9-17-06-46-02.ulg,Sep17,1.0,144,body_rate_p_rmse_rad_s,0.43145601631285246
17,9.17数据/log_13_2026-9-17-06-52-30.ulg,Sep17,0.1,153,body_rate_p_rmse_rad_s,0.4726451361130596
17,9.17数据/log_13_2026-9-17-06-52-30.ulg,Sep17,0.2,153,body_rate_p_rmse_rad_s,0.4905483785069589
17,9.17数据/log_13_2026-9-17-06-52-30.ulg,Sep17,0.5,153,body_rate_p_rmse_rad_s,0.4809149258192525
17,9.17数据/log_13_2026-9-17-06-52-30.ulg,Sep17,1.0,153,body_rate_p_rmse_rad_s,0.551612754399496
17,9.17数据/log_6_2026-9-17-06-02-24.ulg,Sep17,0.1,138,body_rate_p_rmse_rad_s,0.4409948623106812
17,9.17数据/log_6_2026-9-17-06-02-24.ulg,Sep17,0.2,138,body_rate_p_rmse_rad_s,0.4424020609347349
17,9.17数据/log_6_2026-9-17-06-02-24.ulg,Sep17,0.5,138,body_rate_p_rmse_rad_s,0.4130722592962104
17,9.17数据/log_6_2026-9-17-06-02-24.ulg,Sep17,1.0,138,body_rate_p_rmse_rad_s,0.36534569050409116
17,9.17数据/log_7_2026-9-17-06-12-16.ulg,Sep17,0.1,131,body_rate_p_rmse_rad_s,0.41422562277221237
17,9.17数据/log_7_2026-9-17-06-12-16.ulg,Sep17,0.2,131,body_rate_p_rmse_rad_s,0.3743529495376977
17,9.17数据/log_7_2026-9-17-06-12-16.ulg,Sep17,0.5,131,body_rate_p_rmse_rad_s,0.41327750148729203
17,9.17数据/log_7_2026-9-17-06-12-16.ulg,Sep17,1.0,131,body_rate_p_rmse_rad_s,0.5166513645321836
17,9.17数据/log_8_2026-9-17-06-17-52.ulg,Sep17,0.1,146,body_rate_p_rmse_rad_s,0.4076336911068177
17,9.17数据/log_8_2026-9-17-06-17-52.ulg,Sep17,0.2,146,body_rate_p_rmse_rad_s,0.5384413122814165
17,9.17数据/log_8_2026-9-17-06-17-52.ulg,Sep17,0.5,146,body_rate_p_rmse_rad_s,0.4841455985255234
17,9.17数据/log_8_2026-9-17-06-17-52.ulg,Sep17,1.0,146,body_rate_p_rmse_rad_s,0.47216582465391627
17,9.17数据/log_9_2026-9-17-06-28-10.ulg,Sep17,0.1,114,body_rate_p_rmse_rad_s,0.5341071720823035
17,9.17数据/log_9_2026-9-17-06-28-10.ulg,Sep17,0.2,114,body_rate_p_rmse_rad_s,0.47365350750203944
17,9.17数据/log_9_2026-9-17-06-28-10.ulg,Sep17,0.5,114,body_rate_p_rmse_rad_s,0.5441541429280213
17,9.17数据/log_9_2026-9-17-06-28-10.ulg,Sep17,1.0,114,body_rate_p_rmse_rad_s,0.5817185906516339
17,2026.9.7/log_21_2026-9-7-05-54-56.ulg,Sep7,0.1,168,body_rate_p_rmse_rad_s,0.4770357572314942
17,2026.9.7/log_21_2026-9-7-05-54-56.ulg,Sep7,0.2,168,body_rate_p_rmse_rad_s,0.48865231146992133
17,2026.9.7/log_21_2026-9-7-05-54-56.ulg,Sep7,0.5,168,body_rate_p_rmse_rad_s,0.5679533177634598
17,2026.9.7/log_21_2026-9-7-05-54-56.ulg,Sep7,1.0,168,body_rate_p_rmse_rad_s,0.5251594172110202
17,2026.9.7/log_22_2026-9-7-06-01-40.ulg,Sep7,0.1,182,body_rate_p_rmse_rad_s,0.5361106402145758
17,2026.9.7/log_22_2026-9-7-06-01-40.ulg,Sep7,0.2,182,body_rate_p_rmse_rad_s,0.4945519573092956
17,2026.9.7/log_22_2026-9-7-06-01-40.ulg,Sep7,0.5,182,body_rate_p_rmse_rad_s,0.5480085273123871
17,2026.9.7/log_22_2026-9-7-06-01-40.ulg,Sep7,1.0,182,body_rate_p_rmse_rad_s,0.4937963154959712
17,2026.9.7/log_23_2026-9-7-06-09-22.ulg,Sep7,0.1,160,body_rate_p_rmse_rad_s,0.44139872405194597
17,2026.9.7/log_23_2026-9-7-06-09-22.ulg,Sep7,0.2,160,body_rate_p_rmse_rad_s,0.5833123433878056
17,2026.9.7/log_23_2026-9-7-06-09-22.ulg,Sep7,0.5,160,body_rate_p_rmse_rad_s,0.6855887940517508
17,2026.9.7/log_23_2026-9-7-06-09-22.ulg,Sep7,1.0,160,body_rate_p_rmse_rad_s,0.5626259867310199
17,2026.9.7/log_24_2026-9-7-06-16-04.ulg,Sep7,0.1,161,body_rate_p_rmse_rad_s,0.48033914197514205
17,2026.9.7/log_24_2026-9-7-06-16-04.ulg,Sep7,0.2,161,body_rate_p_rmse_rad_s,0.501062091035732
17,2026.9.7/log_24_2026-9-7-06-16-04.ulg,Sep7,0.5,161,body_rate_p_rmse_rad_s,0.5496792660975702
17,2026.9.7/log_24_2026-9-7-06-16-04.ulg,Sep7,1.0,161,body_rate_p_rmse_rad_s,0.5436839676722531
17,2026.9.7/log_26_2026-9-7-06-30-26.ulg,Sep7,0.1,150,body_rate_p_rmse_rad_s,0.47153528126264993
17,2026.9.7/log_26_2026-9-7-06-30-26.ulg,Sep7,0.2,150,body_rate_p_rmse_rad_s,0.5797040483777651
17,2026.9.7/log_26_2026-9-7-06-30-26.ulg,Sep7,0.5,150,body_rate_p_rmse_rad_s,0.5240440381469167
17,2026.9.7/log_26_2026-9-7-06-30-26.ulg,Sep7,1.0,150,body_rate_p_rmse_rad_s,0.4802331997782848
17,2026.9.7/log_27_2026-9-7-06-37-24.ulg,Sep7,0.1,155,body_rate_p_rmse_rad_s,0.49260528484642385
17,2026.9.7/log_27_2026-9-7-06-37-24.ulg,Sep7,0.2,155,body_rate_p_rmse_rad_s,0.5465328888859994
17,2026.9.7/log_27_2026-9-7-06-37-24.ulg,Sep7,0.5,155,body_rate_p_rmse_rad_s,0.5484732507479463
17,2026.9.7/log_27_2026-9-7-06-37-24.ulg,Sep7,1.0,155,body_rate_p_rmse_rad_s,0.519569732969547
17,2026.9.7/log_28_2026-9-7-06-44-02.ulg,Sep7,0.1,140,body_rate_p_rmse_rad_s,0.4811522288969825
17,2026.9.7/log_28_2026-9-7-06-44-02.ulg,Sep7,0.2,140,body_rate_p_rmse_rad_s,0.5553051553002601
17,2026.9.7/log_28_2026-9-7-06-44-02.ulg,Sep7,0.5,140,body_rate_p_rmse_rad_s,0.5566122874894516
17,2026.9.7/log_28_2026-9-7-06-44-02.ulg,Sep7,1.0,140,body_rate_p_rmse_rad_s,0.5667951616484244
17,2026.9.7/log_29_2026-9-7-06-51-04.ulg,Sep7,0.1,201,body_rate_p_rmse_rad_s,0.5660647982409919
17,2026.9.7/log_29_2026-9-7-06-51-04.ulg,Sep7,0.2,201,body_rate_p_rmse_rad_s,0.5183986745982764
17,2026.9.7/log_29_2026-9-7-06-51-04.ulg,Sep7,0.5,201,body_rate_p_rmse_rad_s,0.5225230811708109
17,2026.9.7/log_29_2026-9-7-06-51-04.ulg,Sep7,1.0,201,body_rate_p_rmse_rad_s,0.4885793312158038
17,2026.9.7/log_30_2026-9-7-06-58-22.ulg,Sep7,0.1,164,body_rate_p_rmse_rad_s,0.5084829257910422
17,2026.9.7/log_30_2026-9-7-06-58-22.ulg,Sep7,0.2,164,body_rate_p_rmse_rad_s,0.5052769888999616
17,2026.9.7/log_30_2026-9-7-06-58-22.ulg,Sep7,0.5,164,body_rate_p_rmse_rad_s,0.5339794428610246
17,2026.9.7/log_30_2026-9-7-06-58-22.ulg,Sep7,1.0,164,body_rate_p_rmse_rad_s,0.5782137361106364
23,9.17数据/log_10_2026-9-17-06-34-34.ulg,Sep17,0.1,130,body_rate_p_rmse_rad_s,0.47474149512367625
23,9.17数据/log_10_2026-9-17-06-34-34.ulg,Sep17,0.2,130,body_rate_p_rmse_rad_s,0.47658451685412384
23,9.17数据/log_10_2026-9-17-06-34-34.ulg,Sep17,0.5,130,body_rate_p_rmse_rad_s,0.5142075289239789
23,9.17数据/log_10_2026-9-17-06-34-34.ulg,Sep17,1.0,130,body_rate_p_rmse_rad_s,0.5430929176142374
23,9.17数据/log_11_2026-9-17-06-40-30.ulg,Sep17,0.1,145,body_rate_p_rmse_rad_s,0.47973923543835906
23,9.17数据/log_11_2026-9-17-06-40-30.ulg,Sep17,0.2,145,body_rate_p_rmse_rad_s,0.48770841397907067
23,9.17数据/log_11_2026-9-17-06-40-30.ulg,Sep17,0.5,145,body_rate_p_rmse_rad_s,0.4743951703383823
23,9.17数据/log_11_2026-9-17-06-40-30.ulg,Sep17,1.0,145,body_rate_p_rmse_rad_s,0.518826554162174
23,9.17数据/log_12_2026-9-17-06-46-02.ulg,Sep17,0.1,144,body_rate_p_rmse_rad_s,0.37042059615377915
23,9.17数据/log_12_2026-9-17-06-46-02.ulg,Sep17,0.2,144,body_rate_p_rmse_rad_s,0.4336451579778252
23,9.17数据/log_12_2026-9-17-06-46-02.ulg,Sep17,0.5,144,body_rate_p_rmse_rad_s,0.4930358113032023
23,9.17数据/log_12_2026-9-17-06-46-02.ulg,Sep17,1.0,144,body_rate_p_rmse_rad_s,0.4351519362578006
23,9.17数据/log_13_2026-9-17-06-52-30.ulg,Sep17,0.1,153,body_rate_p_rmse_rad_s,0.476042593094593
23,9.17数据/log_13_2026-9-17-06-52-30.ulg,Sep17,0.2,153,body_rate_p_rmse_rad_s,0.4785337162348705
23,9.17数据/log_13_2026-9-17-06-52-30.ulg,Sep17,0.5,153,body_rate_p_rmse_rad_s,0.46693959030151105
23,9.17数据/log_13_2026-9-17-06-52-30.ulg,Sep17,1.0,153,body_rate_p_rmse_rad_s,0.558593168726983
23,9.17数据/log_6_2026-9-17-06-02-24.ulg,Sep17,0.1,138,body_rate_p_rmse_rad_s,0.4181116367810321
23,9.17数据/log_6_2026-9-17-06-02-24.ulg,Sep17,0.2,138,body_rate_p_rmse_rad_s,0.42378388661222405
23,9.17数据/log_6_2026-9-17-06-02-24.ulg,Sep17,0.5,138,body_rate_p_rmse_rad_s,0.43549655270676835
23,9.17数据/log_6_2026-9-17-06-02-24.ulg,Sep17,1.0,138,body_rate_p_rmse_rad_s,0.36398356629209977
23,9.17数据/log_7_2026-9-17-06-12-16.ulg,Sep17,0.1,131,body_rate_p_rmse_rad_s,0.41822804168765443
23,9.17数据/log_7_2026-9-17-06-12-16.ulg,Sep17,0.2,131,body_rate_p_rmse_rad_s,0.37024423401778134
23,9.17数据/log_7_2026-9-17-06-12-16.ulg,Sep17,0.5,131,body_rate_p_rmse_rad_s,0.41222176643289316
23,9.17数据/log_7_2026-9-17-06-12-16.ulg,Sep17,1.0,131,body_rate_p_rmse_rad_s,0.5166656704827187
23,9.17数据/log_8_2026-9-17-06-17-52.ulg,Sep17,0.1,146,body_rate_p_rmse_rad_s,0.40672634017011594
23,9.17数据/log_8_2026-9-17-06-17-52.ulg,Sep17,0.2,146,body_rate_p_rmse_rad_s,0.5265125428218328
23,9.17数据/log_8_2026-9-17-06-17-52.ulg,Sep17,0.5,146,body_rate_p_rmse_rad_s,0.46702049686190844
23,9.17数据/log_8_2026-9-17-06-17-52.ulg,Sep17,1.0,146,body_rate_p_rmse_rad_s,0.47901232414178624
23,9.17数据/log_9_2026-9-17-06-28-10.ulg,Sep17,0.1,114,body_rate_p_rmse_rad_s,0.5279691746961548
23,9.17数据/log_9_2026-9-17-06-28-10.ulg,Sep17,0.2,114,body_rate_p_rmse_rad_s,0.43690667460228794
23,9.17数据/log_9_2026-9-17-06-28-10.ulg,Sep17,0.5,114,body_rate_p_rmse_rad_s,0.5186618122768163
23,9.17数据/log_9_2026-9-17-06-28-10.ulg,Sep17,1.0,114,body_rate_p_rmse_rad_s,0.5447589224282914
23,2026.9.7/log_21_2026-9-7-05-54-56.ulg,Sep7,0.1,168,body_rate_p_rmse_rad_s,0.47739545817489903
23,2026.9.7/log_21_2026-9-7-05-54-56.ulg,Sep7,0.2,168,body_rate_p_rmse_rad_s,0.5028405766608468
23,2026.9.7/log_21_2026-9-7-05-54-56.ulg,Sep7,0.5,168,body_rate_p_rmse_rad_s,0.5716120032782054
23,2026.9.7/log_21_2026-9-7-05-54-56.ulg,Sep7,1.0,168,body_rate_p_rmse_rad_s,0.5172513159572484
23,2026.9.7/log_22_2026-9-7-06-01-40.ulg,Sep7,0.1,182,body_rate_p_rmse_rad_s,0.5462425947755618
23,2026.9.7/log_22_2026-9-7-06-01-40.ulg,Sep7,0.2,182,body_rate_p_rmse_rad_s,0.5450318148318206
23,2026.9.7/log_22_2026-9-7-06-01-40.ulg,Sep7,0.5,182,body_rate_p_rmse_rad_s,0.5446375407620123
23,2026.9.7/log_22_2026-9-7-06-01-40.ulg,Sep7,1.0,182,body_rate_p_rmse_rad_s,0.5090708211106347
23,2026.9.7/log_23_2026-9-7-06-09-22.ulg,Sep7,0.1,160,body_rate_p_rmse_rad_s,0.4627494768004044
23,2026.9.7/log_23_2026-9-7-06-09-22.ulg,Sep7,0.2,160,body_rate_p_rmse_rad_s,0.5834838542570213
23,2026.9.7/log_23_2026-9-7-06-09-22.ulg,Sep7,0.5,160,body_rate_p_rmse_rad_s,0.6732580049621392
23,2026.9.7/log_23_2026-9-7-06-09-22.ulg,Sep7,1.0,160,body_rate_p_rmse_rad_s,0.5518405775951539
23,2026.9.7/log_24_2026-9-7-06-16-04.ulg,Sep7,0.1,161,body_rate_p_rmse_rad_s,0.4891274663006128
23,2026.9.7/log_24_2026-9-7-06-16-04.ulg,Sep7,0.2,161,body_rate_p_rmse_rad_s,0.5120405881279013
23,2026.9.7/log_24_2026-9-7-06-16-04.ulg,Sep7,0.5,161,body_rate_p_rmse_rad_s,0.5508521173696572
23,2026.9.7/log_24_2026-9-7-06-16-04.ulg,Sep7,1.0,161,body_rate_p_rmse_rad_s,0.5561998761837519
23,2026.9.7/log_26_2026-9-7-06-30-26.ulg,Sep7,0.1,150,body_rate_p_rmse_rad_s,0.4598581517538798
23,2026.9.7/log_26_2026-9-7-06-30-26.ulg,Sep7,0.2,150,body_rate_p_rmse_rad_s,0.5792477981893162
23,2026.9.7/log_26_2026-9-7-06-30-26.ulg,Sep7,0.5,150,body_rate_p_rmse_rad_s,0.5175567757339492
23,2026.9.7/log_26_2026-9-7-06-30-26.ulg,Sep7,1.0,150,body_rate_p_rmse_rad_s,0.48015183191471955
23,2026.9.7/log_27_2026-9-7-06-37-24.ulg,Sep7,0.1,155,body_rate_p_rmse_rad_s,0.4738576660548917
23,2026.9.7/log_27_2026-9-7-06-37-24.ulg,Sep7,0.2,155,body_rate_p_rmse_rad_s,0.5534569750609631
23,2026.9.7/log_27_2026-9-7-06-37-24.ulg,Sep7,0.5,155,body_rate_p_rmse_rad_s,0.5599583374985226
23,2026.9.7/log_27_2026-9-7-06-37-24.ulg,Sep7,1.0,155,body_rate_p_rmse_rad_s,0.512391000585321
23,2026.9.7/log_28_2026-9-7-06-44-02.ulg,Sep7,0.1,140,body_rate_p_rmse_rad_s,0.4873177042006856
23,2026.9.7/log_28_2026-9-7-06-44-02.ulg,Sep7,0.2,140,body_rate_p_rmse_rad_s,0.555662547581646
23,2026.9.7/log_28_2026-9-7-06-44-02.ulg,Sep7,0.5,140,body_rate_p_rmse_rad_s,0.5405449519421527
23,2026.9.7/log_28_2026-9-7-06-44-02.ulg,Sep7,1.0,140,body_rate_p_rmse_rad_s,0.5683743794463219
23,2026.9.7/log_29_2026-9-7-06-51-04.ulg,Sep7,0.1,201,body_rate_p_rmse_rad_s,0.5534745825353393
23,2026.9.7/log_29_2026-9-7-06-51-04.ulg,Sep7,0.2,201,body_rate_p_rmse_rad_s,0.5228688768959748
23,2026.9.7/log_29_2026-9-7-06-51-04.ulg,Sep7,0.5,201,body_rate_p_rmse_rad_s,0.5203190213946166
23,2026.9.7/log_29_2026-9-7-06-51-04.ulg,Sep7,1.0,201,body_rate_p_rmse_rad_s,0.5043126329854611
23,2026.9.7/log_30_2026-9-7-06-58-22.ulg,Sep7,0.1,164,body_rate_p_rmse_rad_s,0.5205032895661589
23,2026.9.7/log_30_2026-9-7-06-58-22.ulg,Sep7,0.2,164,body_rate_p_rmse_rad_s,0.49640154183374685
23,2026.9.7/log_30_2026-9-7-06-58-22.ulg,Sep7,0.5,164,body_rate_p_rmse_rad_s,0.5287205191961428
23,2026.9.7/log_30_2026-9-7-06-58-22.ulg,Sep7,1.0,164,body_rate_p_rmse_rad_s,0.580036452975075
42,9.17数据/log_10_2026-9-17-06-34-34.ulg,Sep17,0.1,130,body_rate_p_rmse_rad_s,0.4882498322770036
42,9.17数据/log_10_2026-9-17-06-34-34.ulg,Sep17,0.2,130,body_rate_p_rmse_rad_s,0.4720229199660623
42,9.17数据/log_10_2026-9-17-06-34-34.ulg,Sep17,0.5,130,body_rate_p_rmse_rad_s,0.513253381781863
42,9.17数据/log_10_2026-9-17-06-34-34.ulg,Sep17,1.0,130,body_rate_p_rmse_rad_s,0.5501719351009539
42,9.17数据/log_11_2026-9-17-06-40-30.ulg,Sep17,0.1,145,body_rate_p_rmse_rad_s,0.5003891778476743
42,9.17数据/log_11_2026-9-17-06-40-30.ulg,Sep17,0.2,145,body_rate_p_rmse_rad_s,0.48020502156953737
42,9.17数据/log_11_2026-9-17-06-40-30.ulg,Sep17,0.5,145,body_rate_p_rmse_rad_s,0.4930357286237547
42,9.17数据/log_11_2026-9-17-06-40-30.ulg,Sep17,1.0,145,body_rate_p_rmse_rad_s,0.5215045581502428
42,9.17数据/log_12_2026-9-17-06-46-02.ulg,Sep17,0.1,144,body_rate_p_rmse_rad_s,0.39412525341279203
42,9.17数据/log_12_2026-9-17-06-46-02.ulg,Sep17,0.2,144,body_rate_p_rmse_rad_s,0.4389596620019573
42,9.17数据/log_12_2026-9-17-06-46-02.ulg,Sep17,0.5,144,body_rate_p_rmse_rad_s,0.49211174683713815
42,9.17数据/log_12_2026-9-17-06-46-02.ulg,Sep17,1.0,144,body_rate_p_rmse_rad_s,0.44066859677922476
42,9.17数据/log_13_2026-9-17-06-52-30.ulg,Sep17,0.1,153,body_rate_p_rmse_rad_s,0.4790275080135602
42,9.17数据/log_13_2026-9-17-06-52-30.ulg,Sep17,0.2,153,body_rate_p_rmse_rad_s,0.48751307292245677
42,9.17数据/log_13_2026-9-17-06-52-30.ulg,Sep17,0.5,153,body_rate_p_rmse_rad_s,0.48023985277414055
42,9.17数据/log_13_2026-9-17-06-52-30.ulg,Sep17,1.0,153,body_rate_p_rmse_rad_s,0.5615573884625302
42,9.17数据/log_6_2026-9-17-06-02-24.ulg,Sep17,0.1,138,body_rate_p_rmse_rad_s,0.42182561423539433
42,9.17数据/log_6_2026-9-17-06-02-24.ulg,Sep17,0.2,138,body_rate_p_rmse_rad_s,0.4290094553332609
42,9.17数据/log_6_2026-9-17-06-02-24.ulg,Sep17,0.5,138,body_rate_p_rmse_rad_s,0.4086473989526132
42,9.17数据/log_6_2026-9-17-06-02-24.ulg,Sep17,1.0,138,body_rate_p_rmse_rad_s,0.3623808962011316
42,9.17数据/log_7_2026-9-17-06-12-16.ulg,Sep17,0.1,131,body_rate_p_rmse_rad_s,0.423911974034681
42,9.17数据/log_7_2026-9-17-06-12-16.ulg,Sep17,0.2,131,body_rate_p_rmse_rad_s,0.3745514520712674
42,9.17数据/log_7_2026-9-17-06-12-16.ulg,Sep17,0.5,131,body_rate_p_rmse_rad_s,0.40819076562789797
42,9.17数据/log_7_2026-9-17-06-12-16.ulg,Sep17,1.0,131,body_rate_p_rmse_rad_s,0.4950453922544916
42,9.17数据/log_8_2026-9-17-06-17-52.ulg,Sep17,0.1,146,body_rate_p_rmse_rad_s,0.4120053276390275
42,9.17数据/log_8_2026-9-17-06-17-52.ulg,Sep17,0.2,146,body_rate_p_rmse_rad_s,0.5374419859354896
42,9.17数据/log_8_2026-9-17-06-17-52.ulg,Sep17,0.5,146,body_rate_p_rmse_rad_s,0.4738751904875866
42,9.17数据/log_8_2026-9-17-06-17-52.ulg,Sep17,1.0,146,body_rate_p_rmse_rad_s,0.473483214158372
42,9.17数据/log_9_2026-9-17-06-28-10.ulg,Sep17,0.1,114,body_rate_p_rmse_rad_s,0.5407950699204092
42,9.17数据/log_9_2026-9-17-06-28-10.ulg,Sep17,0.2,114,body_rate_p_rmse_rad_s,0.47710142561648616
42,9.17数据/log_9_2026-9-17-06-28-10.ulg,Sep17,0.5,114,body_rate_p_rmse_rad_s,0.5313128959592873
42,9.17数据/log_9_2026-9-17-06-28-10.ulg,Sep17,1.0,114,body_rate_p_rmse_rad_s,0.5766945583245542
42,2026.9.7/log_21_2026-9-7-05-54-56.ulg,Sep7,0.1,168,body_rate_p_rmse_rad_s,0.4984031341690273
42,2026.9.7/log_21_2026-9-7-05-54-56.ulg,Sep7,0.2,168,body_rate_p_rmse_rad_s,0.5095747852440666
42,2026.9.7/log_21_2026-9-7-05-54-56.ulg,Sep7,0.5,168,body_rate_p_rmse_rad_s,0.5933349400865796
42,2026.9.7/log_21_2026-9-7-05-54-56.ulg,Sep7,1.0,168,body_rate_p_rmse_rad_s,0.5359550364967655
42,2026.9.7/log_22_2026-9-7-06-01-40.ulg,Sep7,0.1,182,body_rate_p_rmse_rad_s,0.5427778598358048
42,2026.9.7/log_22_2026-9-7-06-01-40.ulg,Sep7,0.2,182,body_rate_p_rmse_rad_s,0.5147349869954905
42,2026.9.7/log_22_2026-9-7-06-01-40.ulg,Sep7,0.5,182,body_rate_p_rmse_rad_s,0.5509960035093878
42,2026.9.7/log_22_2026-9-7-06-01-40.ulg,Sep7,1.0,182,body_rate_p_rmse_rad_s,0.5028844447221241
42,2026.9.7/log_23_2026-9-7-06-09-22.ulg,Sep7,0.1,160,body_rate_p_rmse_rad_s,0.4542202718088689
42,2026.9.7/log_23_2026-9-7-06-09-22.ulg,Sep7,0.2,160,body_rate_p_rmse_rad_s,0.5988792663090391
42,2026.9.7/log_23_2026-9-7-06-09-22.ulg,Sep7,0.5,160,body_rate_p_rmse_rad_s,0.7115719476148141
42,2026.9.7/log_23_2026-9-7-06-09-22.ulg,Sep7,1.0,160,body_rate_p_rmse_rad_s,0.579451110385574
42,2026.9.7/log_24_2026-9-7-06-16-04.ulg,Sep7,0.1,161,body_rate_p_rmse_rad_s,0.48172592909684214
42,2026.9.7/log_24_2026-9-7-06-16-04.ulg,Sep7,0.2,161,body_rate_p_rmse_rad_s,0.49947155811614374
42,2026.9.7/log_24_2026-9-7-06-16-04.ulg,Sep7,0.5,161,body_rate_p_rmse_rad_s,0.5464862264604556
42,2026.9.7/log_24_2026-9-7-06-16-04.ulg,Sep7,1.0,161,body_rate_p_rmse_rad_s,0.5556656209274422
42,2026.9.7/log_26_2026-9-7-06-30-26.ulg,Sep7,0.1,150,body_rate_p_rmse_rad_s,0.47211545707787456
42,2026.9.7/log_26_2026-9-7-06-30-26.ulg,Sep7,0.2,150,body_rate_p_rmse_rad_s,0.5886755698757736
42,2026.9.7/log_26_2026-9-7-06-30-26.ulg,Sep7,0.5,150,body_rate_p_rmse_rad_s,0.5283961270171824
42,2026.9.7/log_26_2026-9-7-06-30-26.ulg,Sep7,1.0,150,body_rate_p_rmse_rad_s,0.49641579037285105
42,2026.9.7/log_27_2026-9-7-06-37-24.ulg,Sep7,0.1,155,body_rate_p_rmse_rad_s,0.4897792720706277
42,2026.9.7/log_27_2026-9-7-06-37-24.ulg,Sep7,0.2,155,body_rate_p_rmse_rad_s,0.54588907195093
42,2026.9.7/log_27_2026-9-7-06-37-24.ulg,Sep7,0.5,155,body_rate_p_rmse_rad_s,0.5499795908172685
42,2026.9.7/log_27_2026-9-7-06-37-24.ulg,Sep7,1.0,155,body_rate_p_rmse_rad_s,0.5201140802630937
42,2026.9.7/log_28_2026-9-7-06-44-02.ulg,Sep7,0.1,140,body_rate_p_rmse_rad_s,0.4940142991310513
42,2026.9.7/log_28_2026-9-7-06-44-02.ulg,Sep7,0.2,140,body_rate_p_rmse_rad_s,0.5440135171150924
42,2026.9.7/log_28_2026-9-7-06-44-02.ulg,Sep7,0.5,140,body_rate_p_rmse_rad_s,0.548087701740645
42,2026.9.7/log_28_2026-9-7-06-44-02.ulg,Sep7,1.0,140,body_rate_p_rmse_rad_s,0.5684528226950893
42,2026.9.7/log_29_2026-9-7-06-51-04.ulg,Sep7,0.1,201,body_rate_p_rmse_rad_s,0.5641855471989291
42,2026.9.7/log_29_2026-9-7-06-51-04.ulg,Sep7,0.2,201,body_rate_p_rmse_rad_s,0.5080843712356726
42,2026.9.7/log_29_2026-9-7-06-51-04.ulg,Sep7,0.5,201,body_rate_p_rmse_rad_s,0.5270348594653131
42,2026.9.7/log_29_2026-9-7-06-51-04.ulg,Sep7,1.0,201,body_rate_p_rmse_rad_s,0.4920975964690577
42,2026.9.7/log_30_2026-9-7-06-58-22.ulg,Sep7,0.1,164,body_rate_p_rmse_rad_s,0.5214640251385109
42,2026.9.7/log_30_2026-9-7-06-58-22.ulg,Sep7,0.2,164,body_rate_p_rmse_rad_s,0.5027284368603955
42,2026.9.7/log_30_2026-9-7-06-58-22.ulg,Sep7,0.5,164,body_rate_p_rmse_rad_s,0.5219735269308314
42,2026.9.7/log_30_2026-9-7-06-58-22.ulg,Sep7,1.0,164,body_rate_p_rmse_rad_s,0.5816221207536912
17,9.17数据/log_10_2026-9-17-06-34-34.ulg,Sep17,0.1,130,body_rate_q_rmse_rad_s,0.22595597409562837
17,9.17数据/log_10_2026-9-17-06-34-34.ulg,Sep17,0.2,130,body_rate_q_rmse_rad_s,0.21322426971454347
17,9.17数据/log_10_2026-9-17-06-34-34.ulg,Sep17,0.5,130,body_rate_q_rmse_rad_s,0.2290236012062069
17,9.17数据/log_10_2026-9-17-06-34-34.ulg,Sep17,1.0,130,body_rate_q_rmse_rad_s,0.3557228351817772
17,9.17数据/log_11_2026-9-17-06-40-30.ulg,Sep17,0.1,145,body_rate_q_rmse_rad_s,0.18719650004309624
17,9.17数据/log_11_2026-9-17-06-40-30.ulg,Sep17,0.2,145,body_rate_q_rmse_rad_s,0.21379445441125666
17,9.17数据/log_11_2026-9-17-06-40-30.ulg,Sep17,0.5,145,body_rate_q_rmse_rad_s,0.2369753493898945
17,9.17数据/log_11_2026-9-17-06-40-30.ulg,Sep17,1.0,145,body_rate_q_rmse_rad_s,0.30158695733447943
17,9.17数据/log_12_2026-9-17-06-46-02.ulg,Sep17,0.1,144,body_rate_q_rmse_rad_s,0.2004893402822789
17,9.17数据/log_12_2026-9-17-06-46-02.ulg,Sep17,0.2,144,body_rate_q_rmse_rad_s,0.22311542941763446
17,9.17数据/log_12_2026-9-17-06-46-02.ulg,Sep17,0.5,144,body_rate_q_rmse_rad_s,0.22971113722570416
17,9.17数据/log_12_2026-9-17-06-46-02.ulg,Sep17,1.0,144,body_rate_q_rmse_rad_s,0.27099286859856453
17,9.17数据/log_13_2026-9-17-06-52-30.ulg,Sep17,0.1,153,body_rate_q_rmse_rad_s,0.23473577642862495
17,9.17数据/log_13_2026-9-17-06-52-30.ulg,Sep17,0.2,153,body_rate_q_rmse_rad_s,0.244374126096879
17,9.17数据/log_13_2026-9-17-06-52-30.ulg,Sep17,0.5,153,body_rate_q_rmse_rad_s,0.25723817475887994
17,9.17数据/log_13_2026-9-17-06-52-30.ulg,Sep17,1.0,153,body_rate_q_rmse_rad_s,0.299314464237024
17,9.17数据/log_6_2026-9-17-06-02-24.ulg,Sep17,0.1,138,body_rate_q_rmse_rad_s,0.2910439926607739
17,9.17数据/log_6_2026-9-17-06-02-24.ulg,Sep17,0.2,138,body_rate_q_rmse_rad_s,0.21576978752108
17,9.17数据/log_6_2026-9-17-06-02-24.ulg,Sep17,0.5,138,body_rate_q_rmse_rad_s,0.2330241148931336
17,9.17数据/log_6_2026-9-17-06-02-24.ulg,Sep17,1.0,138,body_rate_q_rmse_rad_s,0.2651005560016062
17,9.17数据/log_7_2026-9-17-06-12-16.ulg,Sep17,0.1,131,body_rate_q_rmse_rad_s,0.24541751478838528
17,9.17数据/log_7_2026-9-17-06-12-16.ulg,Sep17,0.2,131,body_rate_q_rmse_rad_s,0.205694066365441
17,9.17数据/log_7_2026-9-17-06-12-16.ulg,Sep17,0.5,131,body_rate_q_rmse_rad_s,0.22191354353377718
17,9.17数据/log_7_2026-9-17-06-12-16.ulg,Sep17,1.0,131,body_rate_q_rmse_rad_s,0.252683264093179
17,9.17数据/log_8_2026-9-17-06-17-52.ulg,Sep17,0.1,146,body_rate_q_rmse_rad_s,0.21433416392718782
17,9.17数据/log_8_2026-9-17-06-17-52.ulg,Sep17,0.2,146,body_rate_q_rmse_rad_s,0.24081377942233437
17,9.17数据/log_8_2026-9-17-06-17-52.ulg,Sep17,0.5,146,body_rate_q_rmse_rad_s,0.2203287119442763
17,9.17数据/log_8_2026-9-17-06-17-52.ulg,Sep17,1.0,146,body_rate_q_rmse_rad_s,0.26337101847874556
17,9.17数据/log_9_2026-9-17-06-28-10.ulg,Sep17,0.1,114,body_rate_q_rmse_rad_s,0.23385204254363134
17,9.17数据/log_9_2026-9-17-06-28-10.ulg,Sep17,0.2,114,body_rate_q_rmse_rad_s,0.22087066533168478
17,9.17数据/log_9_2026-9-17-06-28-10.ulg,Sep17,0.5,114,body_rate_q_rmse_rad_s,0.2411718995145227
17,9.17数据/log_9_2026-9-17-06-28-10.ulg,Sep17,1.0,114,body_rate_q_rmse_rad_s,0.335577149139525
17,2026.9.7/log_21_2026-9-7-05-54-56.ulg,Sep7,0.1,168,body_rate_q_rmse_rad_s,0.20202250218275786
17,2026.9.7/log_21_2026-9-7-05-54-56.ulg,Sep7,0.2,168,body_rate_q_rmse_rad_s,0.21409210530758488
17,2026.9.7/log_21_2026-9-7-05-54-56.ulg,Sep7,0.5,168,body_rate_q_rmse_rad_s,0.27544350763964404
17,2026.9.7/log_21_2026-9-7-05-54-56.ulg,Sep7,1.0,168,body_rate_q_rmse_rad_s,0.3281443336377889
17,2026.9.7/log_22_2026-9-7-06-01-40.ulg,Sep7,0.1,182,body_rate_q_rmse_rad_s,0.2254218704625809
17,2026.9.7/log_22_2026-9-7-06-01-40.ulg,Sep7,0.2,182,body_rate_q_rmse_rad_s,0.22103829952464585
17,2026.9.7/log_22_2026-9-7-06-01-40.ulg,Sep7,0.5,182,body_rate_q_rmse_rad_s,0.2614255816041486
17,2026.9.7/log_22_2026-9-7-06-01-40.ulg,Sep7,1.0,182,body_rate_q_rmse_rad_s,0.263378381397071
17,2026.9.7/log_23_2026-9-7-06-09-22.ulg,Sep7,0.1,160,body_rate_q_rmse_rad_s,0.23577403762854277
17,2026.9.7/log_23_2026-9-7-06-09-22.ulg,Sep7,0.2,160,body_rate_q_rmse_rad_s,0.20163354739146683
17,2026.9.7/log_23_2026-9-7-06-09-22.ulg,Sep7,0.5,160,body_rate_q_rmse_rad_s,0.21466545677900206
17,2026.9.7/log_23_2026-9-7-06-09-22.ulg,Sep7,1.0,160,body_rate_q_rmse_rad_s,0.2830917855543607
17,2026.9.7/log_24_2026-9-7-06-16-04.ulg,Sep7,0.1,161,body_rate_q_rmse_rad_s,0.212788629360327
17,2026.9.7/log_24_2026-9-7-06-16-04.ulg,Sep7,0.2,161,body_rate_q_rmse_rad_s,0.22351258207597274
17,2026.9.7/log_24_2026-9-7-06-16-04.ulg,Sep7,0.5,161,body_rate_q_rmse_rad_s,0.3125923838282644
17,2026.9.7/log_24_2026-9-7-06-16-04.ulg,Sep7,1.0,161,body_rate_q_rmse_rad_s,0.2877806771902082
17,2026.9.7/log_26_2026-9-7-06-30-26.ulg,Sep7,0.1,150,body_rate_q_rmse_rad_s,0.2516401090700663
17,2026.9.7/log_26_2026-9-7-06-30-26.ulg,Sep7,0.2,150,body_rate_q_rmse_rad_s,0.2041489913706895
17,2026.9.7/log_26_2026-9-7-06-30-26.ulg,Sep7,0.5,150,body_rate_q_rmse_rad_s,0.2572967857221741
17,2026.9.7/log_26_2026-9-7-06-30-26.ulg,Sep7,1.0,150,body_rate_q_rmse_rad_s,0.38533535311987244
17,2026.9.7/log_27_2026-9-7-06-37-24.ulg,Sep7,0.1,155,body_rate_q_rmse_rad_s,0.198774501959985
17,2026.9.7/log_27_2026-9-7-06-37-24.ulg,Sep7,0.2,155,body_rate_q_rmse_rad_s,0.24233387416475824
17,2026.9.7/log_27_2026-9-7-06-37-24.ulg,Sep7,0.5,155,body_rate_q_rmse_rad_s,0.25477579894277297
17,2026.9.7/log_27_2026-9-7-06-37-24.ulg,Sep7,1.0,155,body_rate_q_rmse_rad_s,0.32267272029408656
17,2026.9.7/log_28_2026-9-7-06-44-02.ulg,Sep7,0.1,140,body_rate_q_rmse_rad_s,0.21614532167912168
17,2026.9.7/log_28_2026-9-7-06-44-02.ulg,Sep7,0.2,140,body_rate_q_rmse_rad_s,0.19626780930155774
17,2026.9.7/log_28_2026-9-7-06-44-02.ulg,Sep7,0.5,140,body_rate_q_rmse_rad_s,0.21202668802888686
17,2026.9.7/log_28_2026-9-7-06-44-02.ulg,Sep7,1.0,140,body_rate_q_rmse_rad_s,0.25426353830677045
17,2026.9.7/log_29_2026-9-7-06-51-04.ulg,Sep7,0.1,201,body_rate_q_rmse_rad_s,0.2100236488827544
17,2026.9.7/log_29_2026-9-7-06-51-04.ulg,Sep7,0.2,201,body_rate_q_rmse_rad_s,0.18249067840058272
17,2026.9.7/log_29_2026-9-7-06-51-04.ulg,Sep7,0.5,201,body_rate_q_rmse_rad_s,0.26054383919149904
17,2026.9.7/log_29_2026-9-7-06-51-04.ulg,Sep7,1.0,201,body_rate_q_rmse_rad_s,0.2540724317328501
17,2026.9.7/log_30_2026-9-7-06-58-22.ulg,Sep7,0.1,164,body_rate_q_rmse_rad_s,0.189819004246854
17,2026.9.7/log_30_2026-9-7-06-58-22.ulg,Sep7,0.2,164,body_rate_q_rmse_rad_s,0.22568962728577177
17,2026.9.7/log_30_2026-9-7-06-58-22.ulg,Sep7,0.5,164,body_rate_q_rmse_rad_s,0.22147203971927565
17,2026.9.7/log_30_2026-9-7-06-58-22.ulg,Sep7,1.0,164,body_rate_q_rmse_rad_s,0.2869088052540715
23,9.17数据/log_10_2026-9-17-06-34-34.ulg,Sep17,0.1,130,body_rate_q_rmse_rad_s,0.24597248216044956
23,9.17数据/log_10_2026-9-17-06-34-34.ulg,Sep17,0.2,130,body_rate_q_rmse_rad_s,0.21133227949399705
23,9.17数据/log_10_2026-9-17-06-34-34.ulg,Sep17,0.5,130,body_rate_q_rmse_rad_s,0.2649824374579102
23,9.17数据/log_10_2026-9-17-06-34-34.ulg,Sep17,1.0,130,body_rate_q_rmse_rad_s,0.45077982998949756
23,9.17数据/log_11_2026-9-17-06-40-30.ulg,Sep17,0.1,145,body_rate_q_rmse_rad_s,0.19925075787020302
23,9.17数据/log_11_2026-9-17-06-40-30.ulg,Sep17,0.2,145,body_rate_q_rmse_rad_s,0.2413494033728994
23,9.17数据/log_11_2026-9-17-06-40-30.ulg,Sep17,0.5,145,body_rate_q_rmse_rad_s,0.27066928263913376
23,9.17数据/log_11_2026-9-17-06-40-30.ulg,Sep17,1.0,145,body_rate_q_rmse_rad_s,0.3747179819650113
23,9.17数据/log_12_2026-9-17-06-46-02.ulg,Sep17,0.1,144,body_rate_q_rmse_rad_s,0.19714062430629073
23,9.17数据/log_12_2026-9-17-06-46-02.ulg,Sep17,0.2,144,body_rate_q_rmse_rad_s,0.23639890584298828
23,9.17数据/log_12_2026-9-17-06-46-02.ulg,Sep17,0.5,144,body_rate_q_rmse_rad_s,0.2524025598079838
23,9.17数据/log_12_2026-9-17-06-46-02.ulg,Sep17,1.0,144,body_rate_q_rmse_rad_s,0.29905550553210597
23,9.17数据/log_13_2026-9-17-06-52-30.ulg,Sep17,0.1,153,body_rate_q_rmse_rad_s,0.2375695925052097
23,9.17数据/log_13_2026-9-17-06-52-30.ulg,Sep17,0.2,153,body_rate_q_rmse_rad_s,0.2596455938398359
23,9.17数据/log_13_2026-9-17-06-52-30.ulg,Sep17,0.5,153,body_rate_q_rmse_rad_s,0.27998168240119625
23,9.17数据/log_13_2026-9-17-06-52-30.ulg,Sep17,1.0,153,body_rate_q_rmse_rad_s,0.3690749730704936
23,9.17数据/log_6_2026-9-17-06-02-24.ulg,Sep17,0.1,138,body_rate_q_rmse_rad_s,0.28126450006605397
23,9.17数据/log_6_2026-9-17-06-02-24.ulg,Sep17,0.2,138,body_rate_q_rmse_rad_s,0.25977775496157984
23,9.17数据/log_6_2026-9-17-06-02-24.ulg,Sep17,0.5,138,body_rate_q_rmse_rad_s,0.2645595730826317
23,9.17数据/log_6_2026-9-17-06-02-24.ulg,Sep17,1.0,138,body_rate_q_rmse_rad_s,0.3318765769270231
23,9.17数据/log_7_2026-9-17-06-12-16.ulg,Sep17,0.1,131,body_rate_q_rmse_rad_s,0.2622853856139816
23,9.17数据/log_7_2026-9-17-06-12-16.ulg,Sep17,0.2,131,body_rate_q_rmse_rad_s,0.22955838386052596
23,9.17数据/log_7_2026-9-17-06-12-16.ulg,Sep17,0.5,131,body_rate_q_rmse_rad_s,0.24818485518279523
23,9.17数据/log_7_2026-9-17-06-12-16.ulg,Sep17,1.0,131,body_rate_q_rmse_rad_s,0.3000722454416523
23,9.17数据/log_8_2026-9-17-06-17-52.ulg,Sep17,0.1,146,body_rate_q_rmse_rad_s,0.22827868241467777
23,9.17数据/log_8_2026-9-17-06-17-52.ulg,Sep17,0.2,146,body_rate_q_rmse_rad_s,0.2686524832580765
23,9.17数据/log_8_2026-9-17-06-17-52.ulg,Sep17,0.5,146,body_rate_q_rmse_rad_s,0.230963505953654
23,9.17数据/log_8_2026-9-17-06-17-52.ulg,Sep17,1.0,146,body_rate_q_rmse_rad_s,0.30534257983835017
23,9.17数据/log_9_2026-9-17-06-28-10.ulg,Sep17,0.1,114,body_rate_q_rmse_rad_s,0.23092204412640385
23,9.17数据/log_9_2026-9-17-06-28-10.ulg,Sep17,0.2,114,body_rate_q_rmse_rad_s,0.24890164583243088
23,9.17数据/log_9_2026-9-17-06-28-10.ulg,Sep17,0.5,114,body_rate_q_rmse_rad_s,0.2907848897554827
23,9.17数据/log_9_2026-9-17-06-28-10.ulg,Sep17,1.0,114,body_rate_q_rmse_rad_s,0.4091739264755919
23,2026.9.7/log_21_2026-9-7-05-54-56.ulg,Sep7,0.1,168,body_rate_q_rmse_rad_s,0.21222789866528605
23,2026.9.7/log_21_2026-9-7-05-54-56.ulg,Sep7,0.2,168,body_rate_q_rmse_rad_s,0.21694471397177859
23,2026.9.7/log_21_2026-9-7-05-54-56.ulg,Sep7,0.5,168,body_rate_q_rmse_rad_s,0.25825887137446124
23,2026.9.7/log_21_2026-9-7-05-54-56.ulg,Sep7,1.0,168,body_rate_q_rmse_rad_s,0.30458079868742866
23,2026.9.7/log_22_2026-9-7-06-01-40.ulg,Sep7,0.1,182,body_rate_q_rmse_rad_s,0.23511627027788762
23,2026.9.7/log_22_2026-9-7-06-01-40.ulg,Sep7,0.2,182,body_rate_q_rmse_rad_s,0.21675875826909344
23,2026.9.7/log_22_2026-9-7-06-01-40.ulg,Sep7,0.5,182,body_rate_q_rmse_rad_s,0.24884355327623314
23,2026.9.7/log_22_2026-9-7-06-01-40.ulg,Sep7,1.0,182,body_rate_q_rmse_rad_s,0.2757507091944382
23,2026.9.7/log_23_2026-9-7-06-09-22.ulg,Sep7,0.1,160,body_rate_q_rmse_rad_s,0.25362425220668106
23,2026.9.7/log_23_2026-9-7-06-09-22.ulg,Sep7,0.2,160,body_rate_q_rmse_rad_s,0.21246477385493728
23,2026.9.7/log_23_2026-9-7-06-09-22.ulg,Sep7,0.5,160,body_rate_q_rmse_rad_s,0.21976618734702333
23,2026.9.7/log_23_2026-9-7-06-09-22.ulg,Sep7,1.0,160,body_rate_q_rmse_rad_s,0.28529494561681285
23,2026.9.7/log_24_2026-9-7-06-16-04.ulg,Sep7,0.1,161,body_rate_q_rmse_rad_s,0.2136591745194779
23,2026.9.7/log_24_2026-9-7-06-16-04.ulg,Sep7,0.2,161,body_rate_q_rmse_rad_s,0.21703766657634774
23,2026.9.7/log_24_2026-9-7-06-16-04.ulg,Sep7,0.5,161,body_rate_q_rmse_rad_s,0.30271347049339103
23,2026.9.7/log_24_2026-9-7-06-16-04.ulg,Sep7,1.0,161,body_rate_q_rmse_rad_s,0.29037111919066433
23,2026.9.7/log_26_2026-9-7-06-30-26.ulg,Sep7,0.1,150,body_rate_q_rmse_rad_s,0.2280132315651871
23,2026.9.7/log_26_2026-9-7-06-30-26.ulg,Sep7,0.2,150,body_rate_q_rmse_rad_s,0.202225587935755
23,2026.9.7/log_26_2026-9-7-06-30-26.ulg,Sep7,0.5,150,body_rate_q_rmse_rad_s,0.25018354303118284
23,2026.9.7/log_26_2026-9-7-06-30-26.ulg,Sep7,1.0,150,body_rate_q_rmse_rad_s,0.3779875397375156
23,2026.9.7/log_27_2026-9-7-06-37-24.ulg,Sep7,0.1,155,body_rate_q_rmse_rad_s,0.1914078156857397
23,2026.9.7/log_27_2026-9-7-06-37-24.ulg,Sep7,0.2,155,body_rate_q_rmse_rad_s,0.24032658862936587
23,2026.9.7/log_27_2026-9-7-06-37-24.ulg,Sep7,0.5,155,body_rate_q_rmse_rad_s,0.2511365581611607
23,2026.9.7/log_27_2026-9-7-06-37-24.ulg,Sep7,1.0,155,body_rate_q_rmse_rad_s,0.316092403804293
23,2026.9.7/log_28_2026-9-7-06-44-02.ulg,Sep7,0.1,140,body_rate_q_rmse_rad_s,0.22419936679728122
23,2026.9.7/log_28_2026-9-7-06-44-02.ulg,Sep7,0.2,140,body_rate_q_rmse_rad_s,0.20707169420067498
23,2026.9.7/log_28_2026-9-7-06-44-02.ulg,Sep7,0.5,140,body_rate_q_rmse_rad_s,0.21668367486448054
23,2026.9.7/log_28_2026-9-7-06-44-02.ulg,Sep7,1.0,140,body_rate_q_rmse_rad_s,0.2664312982543931
23,2026.9.7/log_29_2026-9-7-06-51-04.ulg,Sep7,0.1,201,body_rate_q_rmse_rad_s,0.21746346112082154
23,2026.9.7/log_29_2026-9-7-06-51-04.ulg,Sep7,0.2,201,body_rate_q_rmse_rad_s,0.19380748162055356
23,2026.9.7/log_29_2026-9-7-06-51-04.ulg,Sep7,0.5,201,body_rate_q_rmse_rad_s,0.26286268516071126
23,2026.9.7/log_29_2026-9-7-06-51-04.ulg,Sep7,1.0,201,body_rate_q_rmse_rad_s,0.2949549554135376
23,2026.9.7/log_30_2026-9-7-06-58-22.ulg,Sep7,0.1,164,body_rate_q_rmse_rad_s,0.1963549133372184
23,2026.9.7/log_30_2026-9-7-06-58-22.ulg,Sep7,0.2,164,body_rate_q_rmse_rad_s,0.23565010109937756
23,2026.9.7/log_30_2026-9-7-06-58-22.ulg,Sep7,0.5,164,body_rate_q_rmse_rad_s,0.23193390231250294
23,2026.9.7/log_30_2026-9-7-06-58-22.ulg,Sep7,1.0,164,body_rate_q_rmse_rad_s,0.30928843402423645
42,9.17数据/log_10_2026-9-17-06-34-34.ulg,Sep17,0.1,130,body_rate_q_rmse_rad_s,0.22105868627935427
42,9.17数据/log_10_2026-9-17-06-34-34.ulg,Sep17,0.2,130,body_rate_q_rmse_rad_s,0.21028556948660534
42,9.17数据/log_10_2026-9-17-06-34-34.ulg,Sep17,0.5,130,body_rate_q_rmse_rad_s,0.23659440508778237
42,9.17数据/log_10_2026-9-17-06-34-34.ulg,Sep17,1.0,130,body_rate_q_rmse_rad_s,0.338681321649784
42,9.17数据/log_11_2026-9-17-06-40-30.ulg,Sep17,0.1,145,body_rate_q_rmse_rad_s,0.18253431897885758
42,9.17数据/log_11_2026-9-17-06-40-30.ulg,Sep17,0.2,145,body_rate_q_rmse_rad_s,0.24519016491114268
42,9.17数据/log_11_2026-9-17-06-40-30.ulg,Sep17,0.5,145,body_rate_q_rmse_rad_s,0.27084921644678034
42,9.17数据/log_11_2026-9-17-06-40-30.ulg,Sep17,1.0,145,body_rate_q_rmse_rad_s,0.30785786421633504
42,9.17数据/log_12_2026-9-17-06-46-02.ulg,Sep17,0.1,144,body_rate_q_rmse_rad_s,0.202046324386673
42,9.17数据/log_12_2026-9-17-06-46-02.ulg,Sep17,0.2,144,body_rate_q_rmse_rad_s,0.20577426744590205
42,9.17数据/log_12_2026-9-17-06-46-02.ulg,Sep17,0.5,144,body_rate_q_rmse_rad_s,0.22676328930398368
42,9.17数据/log_12_2026-9-17-06-46-02.ulg,Sep17,1.0,144,body_rate_q_rmse_rad_s,0.27972810370559165
42,9.17数据/log_13_2026-9-17-06-52-30.ulg,Sep17,0.1,153,body_rate_q_rmse_rad_s,0.21949138087481543
42,9.17数据/log_13_2026-9-17-06-52-30.ulg,Sep17,0.2,153,body_rate_q_rmse_rad_s,0.2518123460617678
42,9.17数据/log_13_2026-9-17-06-52-30.ulg,Sep17,0.5,153,body_rate_q_rmse_rad_s,0.2567555496743069
42,9.17数据/log_13_2026-9-17-06-52-30.ulg,Sep17,1.0,153,body_rate_q_rmse_rad_s,0.2850151938293753
42,9.17数据/log_6_2026-9-17-06-02-24.ulg,Sep17,0.1,138,body_rate_q_rmse_rad_s,0.29541493459874246
42,9.17数据/log_6_2026-9-17-06-02-24.ulg,Sep17,0.2,138,body_rate_q_rmse_rad_s,0.22614216803665313
42,9.17数据/log_6_2026-9-17-06-02-24.ulg,Sep17,0.5,138,body_rate_q_rmse_rad_s,0.23885097186227536
42,9.17数据/log_6_2026-9-17-06-02-24.ulg,Sep17,1.0,138,body_rate_q_rmse_rad_s,0.2612304229482616
42,9.17数据/log_7_2026-9-17-06-12-16.ulg,Sep17,0.1,131,body_rate_q_rmse_rad_s,0.24517075414908449
42,9.17数据/log_7_2026-9-17-06-12-16.ulg,Sep17,0.2,131,body_rate_q_rmse_rad_s,0.2164965434109902
42,9.17数据/log_7_2026-9-17-06-12-16.ulg,Sep17,0.5,131,body_rate_q_rmse_rad_s,0.21515823506048795
42,9.17数据/log_7_2026-9-17-06-12-16.ulg,Sep17,1.0,131,body_rate_q_rmse_rad_s,0.24752740599974324
42,9.17数据/log_8_2026-9-17-06-17-52.ulg,Sep17,0.1,146,body_rate_q_rmse_rad_s,0.22087857930915425
42,9.17数据/log_8_2026-9-17-06-17-52.ulg,Sep17,0.2,146,body_rate_q_rmse_rad_s,0.23694170160973843
42,9.17数据/log_8_2026-9-17-06-17-52.ulg,Sep17,0.5,146,body_rate_q_rmse_rad_s,0.22168994051265173
42,9.17数据/log_8_2026-9-17-06-17-52.ulg,Sep17,1.0,146,body_rate_q_rmse_rad_s,0.2582541525001158
42,9.17数据/log_9_2026-9-17-06-28-10.ulg,Sep17,0.1,114,body_rate_q_rmse_rad_s,0.25677163921343876
42,9.17数据/log_9_2026-9-17-06-28-10.ulg,Sep17,0.2,114,body_rate_q_rmse_rad_s,0.22424722882262538
42,9.17数据/log_9_2026-9-17-06-28-10.ulg,Sep17,0.5,114,body_rate_q_rmse_rad_s,0.2321785208134539
42,9.17数据/log_9_2026-9-17-06-28-10.ulg,Sep17,1.0,114,body_rate_q_rmse_rad_s,0.3369776170162111
42,2026.9.7/log_21_2026-9-7-05-54-56.ulg,Sep7,0.1,168,body_rate_q_rmse_rad_s,0.22176998541311407
42,2026.9.7/log_21_2026-9-7-05-54-56.ulg,Sep7,0.2,168,body_rate_q_rmse_rad_s,0.20487445983756614
42,2026.9.7/log_21_2026-9-7-05-54-56.ulg,Sep7,0.5,168,body_rate_q_rmse_rad_s,0.24030422730648296
42,2026.9.7/log_21_2026-9-7-05-54-56.ulg,Sep7,1.0,168,body_rate_q_rmse_rad_s,0.24974058985333045
42,2026.9.7/log_22_2026-9-7-06-01-40.ulg,Sep7,0.1,182,body_rate_q_rmse_rad_s,0.22367721664958118
42,2026.9.7/log_22_2026-9-7-06-01-40.ulg,Sep7,0.2,182,body_rate_q_rmse_rad_s,0.21203372323878802
42,2026.9.7/log_22_2026-9-7-06-01-40.ulg,Sep7,0.5,182,body_rate_q_rmse_rad_s,0.21922809781964703
42,2026.9.7/log_22_2026-9-7-06-01-40.ulg,Sep7,1.0,182,body_rate_q_rmse_rad_s,0.24674556704591363
42,2026.9.7/log_23_2026-9-7-06-09-22.ulg,Sep7,0.1,160,body_rate_q_rmse_rad_s,0.2507943766777837
42,2026.9.7/log_23_2026-9-7-06-09-22.ulg,Sep7,0.2,160,body_rate_q_rmse_rad_s,0.20734049913893268
42,2026.9.7/log_23_2026-9-7-06-09-22.ulg,Sep7,0.5,160,body_rate_q_rmse_rad_s,0.18910618268737486
42,2026.9.7/log_23_2026-9-7-06-09-22.ulg,Sep7,1.0,160,body_rate_q_rmse_rad_s,0.2634617365495478
42,2026.9.7/log_24_2026-9-7-06-16-04.ulg,Sep7,0.1,161,body_rate_q_rmse_rad_s,0.21589336510236257
42,2026.9.7/log_24_2026-9-7-06-16-04.ulg,Sep7,0.2,161,body_rate_q_rmse_rad_s,0.20223732672077138
42,2026.9.7/log_24_2026-9-7-06-16-04.ulg,Sep7,0.5,161,body_rate_q_rmse_rad_s,0.2858168901962933
42,2026.9.7/log_24_2026-9-7-06-16-04.ulg,Sep7,1.0,161,body_rate_q_rmse_rad_s,0.2769097423706423
42,2026.9.7/log_26_2026-9-7-06-30-26.ulg,Sep7,0.1,150,body_rate_q_rmse_rad_s,0.2275601929958149
42,2026.9.7/log_26_2026-9-7-06-30-26.ulg,Sep7,0.2,150,body_rate_q_rmse_rad_s,0.19554726890934038
42,2026.9.7/log_26_2026-9-7-06-30-26.ulg,Sep7,0.5,150,body_rate_q_rmse_rad_s,0.23615145992179282
42,2026.9.7/log_26_2026-9-7-06-30-26.ulg,Sep7,1.0,150,body_rate_q_rmse_rad_s,0.32658065475407067
42,2026.9.7/log_27_2026-9-7-06-37-24.ulg,Sep7,0.1,155,body_rate_q_rmse_rad_s,0.19162677762853683
42,2026.9.7/log_27_2026-9-7-06-37-24.ulg,Sep7,0.2,155,body_rate_q_rmse_rad_s,0.23282076382493325
42,2026.9.7/log_27_2026-9-7-06-37-24.ulg,Sep7,0.5,155,body_rate_q_rmse_rad_s,0.2344249835966002
42,2026.9.7/log_27_2026-9-7-06-37-24.ulg,Sep7,1.0,155,body_rate_q_rmse_rad_s,0.2673318323618828
42,2026.9.7/log_28_2026-9-7-06-44-02.ulg,Sep7,0.1,140,body_rate_q_rmse_rad_s,0.21571325264753177
42,2026.9.7/log_28_2026-9-7-06-44-02.ulg,Sep7,0.2,140,body_rate_q_rmse_rad_s,0.19731482859720037
42,2026.9.7/log_28_2026-9-7-06-44-02.ulg,Sep7,0.5,140,body_rate_q_rmse_rad_s,0.21447178435206157
42,2026.9.7/log_28_2026-9-7-06-44-02.ulg,Sep7,1.0,140,body_rate_q_rmse_rad_s,0.22153786408943138
42,2026.9.7/log_29_2026-9-7-06-51-04.ulg,Sep7,0.1,201,body_rate_q_rmse_rad_s,0.21593231766420118
42,2026.9.7/log_29_2026-9-7-06-51-04.ulg,Sep7,0.2,201,body_rate_q_rmse_rad_s,0.18267537671937795
42,2026.9.7/log_29_2026-9-7-06-51-04.ulg,Sep7,0.5,201,body_rate_q_rmse_rad_s,0.2503077671480395
42,2026.9.7/log_29_2026-9-7-06-51-04.ulg,Sep7,1.0,201,body_rate_q_rmse_rad_s,0.2415438860837453
42,2026.9.7/log_30_2026-9-7-06-58-22.ulg,Sep7,0.1,164,body_rate_q_rmse_rad_s,0.19622989027404197
42,2026.9.7/log_30_2026-9-7-06-58-22.ulg,Sep7,0.2,164,body_rate_q_rmse_rad_s,0.22436703300071853
42,2026.9.7/log_30_2026-9-7-06-58-22.ulg,Sep7,0.5,164,body_rate_q_rmse_rad_s,0.2264726491149805
42,2026.9.7/log_30_2026-9-7-06-58-22.ulg,Sep7,1.0,164,body_rate_q_rmse_rad_s,0.2664012269730678
17,9.17数据/log_10_2026-9-17-06-34-34.ulg,Sep17,0.1,130,body_rate_r_rmse_rad_s,0.1331505617016189
17,9.17数据/log_10_2026-9-17-06-34-34.ulg,Sep17,0.2,130,body_rate_r_rmse_rad_s,0.14071411143593845
17,9.17数据/log_10_2026-9-17-06-34-34.ulg,Sep17,0.5,130,body_rate_r_rmse_rad_s,0.18106533733854124
17,9.17数据/log_10_2026-9-17-06-34-34.ulg,Sep17,1.0,130,body_rate_r_rmse_rad_s,0.21193194466996138
17,9.17数据/log_11_2026-9-17-06-40-30.ulg,Sep17,0.1,145,body_rate_r_rmse_rad_s,0.13218227258709178
17,9.17数据/log_11_2026-9-17-06-40-30.ulg,Sep17,0.2,145,body_rate_r_rmse_rad_s,0.16039785244279706
17,9.17数据/log_11_2026-9-17-06-40-30.ulg,Sep17,0.5,145,body_rate_r_rmse_rad_s,0.17021477805162186
17,9.17数据/log_11_2026-9-17-06-40-30.ulg,Sep17,1.0,145,body_rate_r_rmse_rad_s,0.19996524072361244
17,9.17数据/log_12_2026-9-17-06-46-02.ulg,Sep17,0.1,144,body_rate_r_rmse_rad_s,0.12500809410758984
17,9.17数据/log_12_2026-9-17-06-46-02.ulg,Sep17,0.2,144,body_rate_r_rmse_rad_s,0.14594481663478875
17,9.17数据/log_12_2026-9-17-06-46-02.ulg,Sep17,0.5,144,body_rate_r_rmse_rad_s,0.15805225635160028
17,9.17数据/log_12_2026-9-17-06-46-02.ulg,Sep17,1.0,144,body_rate_r_rmse_rad_s,0.16412409603545758
17,9.17数据/log_13_2026-9-17-06-52-30.ulg,Sep17,0.1,153,body_rate_r_rmse_rad_s,0.11426571465937337
17,9.17数据/log_13_2026-9-17-06-52-30.ulg,Sep17,0.2,153,body_rate_r_rmse_rad_s,0.14356449937631433
17,9.17数据/log_13_2026-9-17-06-52-30.ulg,Sep17,0.5,153,body_rate_r_rmse_rad_s,0.16230573750506744
17,9.17数据/log_13_2026-9-17-06-52-30.ulg,Sep17,1.0,153,body_rate_r_rmse_rad_s,0.19192784335710425
17,9.17数据/log_6_2026-9-17-06-02-24.ulg,Sep17,0.1,138,body_rate_r_rmse_rad_s,0.13155293083473707
17,9.17数据/log_6_2026-9-17-06-02-24.ulg,Sep17,0.2,138,body_rate_r_rmse_rad_s,0.17472826574195907
17,9.17数据/log_6_2026-9-17-06-02-24.ulg,Sep17,0.5,138,body_rate_r_rmse_rad_s,0.15451914497769928
17,9.17数据/log_6_2026-9-17-06-02-24.ulg,Sep17,1.0,138,body_rate_r_rmse_rad_s,0.1849392256065817
17,9.17数据/log_7_2026-9-17-06-12-16.ulg,Sep17,0.1,131,body_rate_r_rmse_rad_s,0.12635132317081346
17,9.17数据/log_7_2026-9-17-06-12-16.ulg,Sep17,0.2,131,body_rate_r_rmse_rad_s,0.13664032391037256
17,9.17数据/log_7_2026-9-17-06-12-16.ulg,Sep17,0.5,131,body_rate_r_rmse_rad_s,0.15281793676342115
17,9.17数据/log_7_2026-9-17-06-12-16.ulg,Sep17,1.0,131,body_rate_r_rmse_rad_s,0.15304718467361939
17,9.17数据/log_8_2026-9-17-06-17-52.ulg,Sep17,0.1,146,body_rate_r_rmse_rad_s,0.13173438435950804
17,9.17数据/log_8_2026-9-17-06-17-52.ulg,Sep17,0.2,146,body_rate_r_rmse_rad_s,0.15167867675505606
17,9.17数据/log_8_2026-9-17-06-17-52.ulg,Sep17,0.5,146,body_rate_r_rmse_rad_s,0.1810639260122255
17,9.17数据/log_8_2026-9-17-06-17-52.ulg,Sep17,1.0,146,body_rate_r_rmse_rad_s,0.18311346498935743
17,9.17数据/log_9_2026-9-17-06-28-10.ulg,Sep17,0.1,114,body_rate_r_rmse_rad_s,0.1446266621193758
17,9.17数据/log_9_2026-9-17-06-28-10.ulg,Sep17,0.2,114,body_rate_r_rmse_rad_s,0.1603241686710961
17,9.17数据/log_9_2026-9-17-06-28-10.ulg,Sep17,0.5,114,body_rate_r_rmse_rad_s,0.17596363190783704
17,9.17数据/log_9_2026-9-17-06-28-10.ulg,Sep17,1.0,114,body_rate_r_rmse_rad_s,0.20554621957970962
17,2026.9.7/log_21_2026-9-7-05-54-56.ulg,Sep7,0.1,168,body_rate_r_rmse_rad_s,0.16782179325917151
17,2026.9.7/log_21_2026-9-7-05-54-56.ulg,Sep7,0.2,168,body_rate_r_rmse_rad_s,0.15062603163022031
17,2026.9.7/log_21_2026-9-7-05-54-56.ulg,Sep7,0.5,168,body_rate_r_rmse_rad_s,0.1730618883836046
17,2026.9.7/log_21_2026-9-7-05-54-56.ulg,Sep7,1.0,168,body_rate_r_rmse_rad_s,0.1840227602086469
17,2026.9.7/log_22_2026-9-7-06-01-40.ulg,Sep7,0.1,182,body_rate_r_rmse_rad_s,0.15164010342812234
17,2026.9.7/log_22_2026-9-7-06-01-40.ulg,Sep7,0.2,182,body_rate_r_rmse_rad_s,0.1584542308357734
17,2026.9.7/log_22_2026-9-7-06-01-40.ulg,Sep7,0.5,182,body_rate_r_rmse_rad_s,0.15247678338339243
17,2026.9.7/log_22_2026-9-7-06-01-40.ulg,Sep7,1.0,182,body_rate_r_rmse_rad_s,0.15390583601993663
17,2026.9.7/log_23_2026-9-7-06-09-22.ulg,Sep7,0.1,160,body_rate_r_rmse_rad_s,0.1562263116514275
17,2026.9.7/log_23_2026-9-7-06-09-22.ulg,Sep7,0.2,160,body_rate_r_rmse_rad_s,0.1440196531017371
17,2026.9.7/log_23_2026-9-7-06-09-22.ulg,Sep7,0.5,160,body_rate_r_rmse_rad_s,0.1414732853037667
17,2026.9.7/log_23_2026-9-7-06-09-22.ulg,Sep7,1.0,160,body_rate_r_rmse_rad_s,0.15026077623730538
17,2026.9.7/log_24_2026-9-7-06-16-04.ulg,Sep7,0.1,161,body_rate_r_rmse_rad_s,0.15020045240237437
17,2026.9.7/log_24_2026-9-7-06-16-04.ulg,Sep7,0.2,161,body_rate_r_rmse_rad_s,0.1753609362870684
17,2026.9.7/log_24_2026-9-7-06-16-04.ulg,Sep7,0.5,161,body_rate_r_rmse_rad_s,0.15513354272253843
17,2026.9.7/log_24_2026-9-7-06-16-04.ulg,Sep7,1.0,161,body_rate_r_rmse_rad_s,0.17028262645015885
17,2026.9.7/log_26_2026-9-7-06-30-26.ulg,Sep7,0.1,150,body_rate_r_rmse_rad_s,0.1411612066053498
17,2026.9.7/log_26_2026-9-7-06-30-26.ulg,Sep7,0.2,150,body_rate_r_rmse_rad_s,0.1526092462818716
17,2026.9.7/log_26_2026-9-7-06-30-26.ulg,Sep7,0.5,150,body_rate_r_rmse_rad_s,0.13465927941635916
17,2026.9.7/log_26_2026-9-7-06-30-26.ulg,Sep7,1.0,150,body_rate_r_rmse_rad_s,0.15518373924109208
17,2026.9.7/log_27_2026-9-7-06-37-24.ulg,Sep7,0.1,155,body_rate_r_rmse_rad_s,0.11996063876412559
17,2026.9.7/log_27_2026-9-7-06-37-24.ulg,Sep7,0.2,155,body_rate_r_rmse_rad_s,0.11376282002666745
17,2026.9.7/log_27_2026-9-7-06-37-24.ulg,Sep7,0.5,155,body_rate_r_rmse_rad_s,0.11921878897789825
17,2026.9.7/log_27_2026-9-7-06-37-24.ulg,Sep7,1.0,155,body_rate_r_rmse_rad_s,0.1341724326021204
17,2026.9.7/log_28_2026-9-7-06-44-02.ulg,Sep7,0.1,140,body_rate_r_rmse_rad_s,0.13687488370604195
17,2026.9.7/log_28_2026-9-7-06-44-02.ulg,Sep7,0.2,140,body_rate_r_rmse_rad_s,0.14475645876245855
17,2026.9.7/log_28_2026-9-7-06-44-02.ulg,Sep7,0.5,140,body_rate_r_rmse_rad_s,0.12825351518964423
17,2026.9.7/log_28_2026-9-7-06-44-02.ulg,Sep7,1.0,140,body_rate_r_rmse_rad_s,0.13276502654573605
17,2026.9.7/log_29_2026-9-7-06-51-04.ulg,Sep7,0.1,201,body_rate_r_rmse_rad_s,0.10371706986926463
17,2026.9.7/log_29_2026-9-7-06-51-04.ulg,Sep7,0.2,201,body_rate_r_rmse_rad_s,0.09637333533139296
17,2026.9.7/log_29_2026-9-7-06-51-04.ulg,Sep7,0.5,201,body_rate_r_rmse_rad_s,0.13992628241798277
17,2026.9.7/log_29_2026-9-7-06-51-04.ulg,Sep7,1.0,201,body_rate_r_rmse_rad_s,0.13383761490351542
17,2026.9.7/log_30_2026-9-7-06-58-22.ulg,Sep7,0.1,164,body_rate_r_rmse_rad_s,0.1289871880098455
17,2026.9.7/log_30_2026-9-7-06-58-22.ulg,Sep7,0.2,164,body_rate_r_rmse_rad_s,0.12644559328500266
17,2026.9.7/log_30_2026-9-7-06-58-22.ulg,Sep7,0.5,164,body_rate_r_rmse_rad_s,0.12899567072266752
17,2026.9.7/log_30_2026-9-7-06-58-22.ulg,Sep7,1.0,164,body_rate_r_rmse_rad_s,0.1372909442548285
23,9.17数据/log_10_2026-9-17-06-34-34.ulg,Sep17,0.1,130,body_rate_r_rmse_rad_s,0.15193246511765085
23,9.17数据/log_10_2026-9-17-06-34-34.ulg,Sep17,0.2,130,body_rate_r_rmse_rad_s,0.14516796789521255
23,9.17数据/log_10_2026-9-17-06-34-34.ulg,Sep17,0.5,130,body_rate_r_rmse_rad_s,0.17418382268928126
23,9.17数据/log_10_2026-9-17-06-34-34.ulg,Sep17,1.0,130,body_rate_r_rmse_rad_s,0.19633756691806362
23,9.17数据/log_11_2026-9-17-06-40-30.ulg,Sep17,0.1,145,body_rate_r_rmse_rad_s,0.14455202505207407
23,9.17数据/log_11_2026-9-17-06-40-30.ulg,Sep17,0.2,145,body_rate_r_rmse_rad_s,0.15966888963484097
23,9.17数据/log_11_2026-9-17-06-40-30.ulg,Sep17,0.5,145,body_rate_r_rmse_rad_s,0.16559365424101558
23,9.17数据/log_11_2026-9-17-06-40-30.ulg,Sep17,1.0,145,body_rate_r_rmse_rad_s,0.2078598411313103
23,9.17数据/log_12_2026-9-17-06-46-02.ulg,Sep17,0.1,144,body_rate_r_rmse_rad_s,0.13977799043709824
23,9.17数据/log_12_2026-9-17-06-46-02.ulg,Sep17,0.2,144,body_rate_r_rmse_rad_s,0.14489090899938153
23,9.17数据/log_12_2026-9-17-06-46-02.ulg,Sep17,0.5,144,body_rate_r_rmse_rad_s,0.16681443565867676
23,9.17数据/log_12_2026-9-17-06-46-02.ulg,Sep17,1.0,144,body_rate_r_rmse_rad_s,0.16221737325615654
23,9.17数据/log_13_2026-9-17-06-52-30.ulg,Sep17,0.1,153,body_rate_r_rmse_rad_s,0.12740412788301494
23,9.17数据/log_13_2026-9-17-06-52-30.ulg,Sep17,0.2,153,body_rate_r_rmse_rad_s,0.14809809876463617
23,9.17数据/log_13_2026-9-17-06-52-30.ulg,Sep17,0.5,153,body_rate_r_rmse_rad_s,0.15277947073527617
23,9.17数据/log_13_2026-9-17-06-52-30.ulg,Sep17,1.0,153,body_rate_r_rmse_rad_s,0.17232485431581754
23,9.17数据/log_6_2026-9-17-06-02-24.ulg,Sep17,0.1,138,body_rate_r_rmse_rad_s,0.14062860922902945
23,9.17数据/log_6_2026-9-17-06-02-24.ulg,Sep17,0.2,138,body_rate_r_rmse_rad_s,0.15981761630647587
23,9.17数据/log_6_2026-9-17-06-02-24.ulg,Sep17,0.5,138,body_rate_r_rmse_rad_s,0.14639030386626162
23,9.17数据/log_6_2026-9-17-06-02-24.ulg,Sep17,1.0,138,body_rate_r_rmse_rad_s,0.1705006287544087
23,9.17数据/log_7_2026-9-17-06-12-16.ulg,Sep17,0.1,131,body_rate_r_rmse_rad_s,0.12658574460540328
23,9.17数据/log_7_2026-9-17-06-12-16.ulg,Sep17,0.2,131,body_rate_r_rmse_rad_s,0.13019119768930248
23,9.17数据/log_7_2026-9-17-06-12-16.ulg,Sep17,0.5,131,body_rate_r_rmse_rad_s,0.1463279885261291
23,9.17数据/log_7_2026-9-17-06-12-16.ulg,Sep17,1.0,131,body_rate_r_rmse_rad_s,0.14622069119147074
23,9.17数据/log_8_2026-9-17-06-17-52.ulg,Sep17,0.1,146,body_rate_r_rmse_rad_s,0.13544255533116722
23,9.17数据/log_8_2026-9-17-06-17-52.ulg,Sep17,0.2,146,body_rate_r_rmse_rad_s,0.14567740743006205
23,9.17数据/log_8_2026-9-17-06-17-52.ulg,Sep17,0.5,146,body_rate_r_rmse_rad_s,0.17219141029673193
23,9.17数据/log_8_2026-9-17-06-17-52.ulg,Sep17,1.0,146,body_rate_r_rmse_rad_s,0.17391918585060043
23,9.17数据/log_9_2026-9-17-06-28-10.ulg,Sep17,0.1,114,body_rate_r_rmse_rad_s,0.14985641704108718
23,9.17数据/log_9_2026-9-17-06-28-10.ulg,Sep17,0.2,114,body_rate_r_rmse_rad_s,0.1567122728093602
23,9.17数据/log_9_2026-9-17-06-28-10.ulg,Sep17,0.5,114,body_rate_r_rmse_rad_s,0.1679681489154237
23,9.17数据/log_9_2026-9-17-06-28-10.ulg,Sep17,1.0,114,body_rate_r_rmse_rad_s,0.1913627833475314
23,2026.9.7/log_21_2026-9-7-05-54-56.ulg,Sep7,0.1,168,body_rate_r_rmse_rad_s,0.15778177904905466
23,2026.9.7/log_21_2026-9-7-05-54-56.ulg,Sep7,0.2,168,body_rate_r_rmse_rad_s,0.15211209956948374
23,2026.9.7/log_21_2026-9-7-05-54-56.ulg,Sep7,0.5,168,body_rate_r_rmse_rad_s,0.17432152352281646
23,2026.9.7/log_21_2026-9-7-05-54-56.ulg,Sep7,1.0,168,body_rate_r_rmse_rad_s,0.18233656244091764
23,2026.9.7/log_22_2026-9-7-06-01-40.ulg,Sep7,0.1,182,body_rate_r_rmse_rad_s,0.14783337885854977
23,2026.9.7/log_22_2026-9-7-06-01-40.ulg,Sep7,0.2,182,body_rate_r_rmse_rad_s,0.15526619842753053
23,2026.9.7/log_22_2026-9-7-06-01-40.ulg,Sep7,0.5,182,body_rate_r_rmse_rad_s,0.1494726613620839
23,2026.9.7/log_22_2026-9-7-06-01-40.ulg,Sep7,1.0,182,body_rate_r_rmse_rad_s,0.1543490800805868
23,2026.9.7/log_23_2026-9-7-06-09-22.ulg,Sep7,0.1,160,body_rate_r_rmse_rad_s,0.1532172793638928
23,2026.9.7/log_23_2026-9-7-06-09-22.ulg,Sep7,0.2,160,body_rate_r_rmse_rad_s,0.1443373996285256
23,2026.9.7/log_23_2026-9-7-06-09-22.ulg,Sep7,0.5,160,body_rate_r_rmse_rad_s,0.14945709697992246
23,2026.9.7/log_23_2026-9-7-06-09-22.ulg,Sep7,1.0,160,body_rate_r_rmse_rad_s,0.15574150683293747
23,2026.9.7/log_24_2026-9-7-06-16-04.ulg,Sep7,0.1,161,body_rate_r_rmse_rad_s,0.14333901903807467
23,2026.9.7/log_24_2026-9-7-06-16-04.ulg,Sep7,0.2,161,body_rate_r_rmse_rad_s,0.1724165635879608
23,2026.9.7/log_24_2026-9-7-06-16-04.ulg,Sep7,0.5,161,body_rate_r_rmse_rad_s,0.15481920269684693
23,2026.9.7/log_24_2026-9-7-06-16-04.ulg,Sep7,1.0,161,body_rate_r_rmse_rad_s,0.1793564236592643
23,2026.9.7/log_26_2026-9-7-06-30-26.ulg,Sep7,0.1,150,body_rate_r_rmse_rad_s,0.1370395131366698
23,2026.9.7/log_26_2026-9-7-06-30-26.ulg,Sep7,0.2,150,body_rate_r_rmse_rad_s,0.1537525122775144
23,2026.9.7/log_26_2026-9-7-06-30-26.ulg,Sep7,0.5,150,body_rate_r_rmse_rad_s,0.13450339198296068
23,2026.9.7/log_26_2026-9-7-06-30-26.ulg,Sep7,1.0,150,body_rate_r_rmse_rad_s,0.15500176629515933
23,2026.9.7/log_27_2026-9-7-06-37-24.ulg,Sep7,0.1,155,body_rate_r_rmse_rad_s,0.11661480404565838
23,2026.9.7/log_27_2026-9-7-06-37-24.ulg,Sep7,0.2,155,body_rate_r_rmse_rad_s,0.11721012638602872
23,2026.9.7/log_27_2026-9-7-06-37-24.ulg,Sep7,0.5,155,body_rate_r_rmse_rad_s,0.11561145870758624
23,2026.9.7/log_27_2026-9-7-06-37-24.ulg,Sep7,1.0,155,body_rate_r_rmse_rad_s,0.12225912837478055
23,2026.9.7/log_28_2026-9-7-06-44-02.ulg,Sep7,0.1,140,body_rate_r_rmse_rad_s,0.1348622820408797
23,2026.9.7/log_28_2026-9-7-06-44-02.ulg,Sep7,0.2,140,body_rate_r_rmse_rad_s,0.13824972329974636
23,2026.9.7/log_28_2026-9-7-06-44-02.ulg,Sep7,0.5,140,body_rate_r_rmse_rad_s,0.1258943731673909
23,2026.9.7/log_28_2026-9-7-06-44-02.ulg,Sep7,1.0,140,body_rate_r_rmse_rad_s,0.12994116078604467
23,2026.9.7/log_29_2026-9-7-06-51-04.ulg,Sep7,0.1,201,body_rate_r_rmse_rad_s,0.10753497457744665
23,2026.9.7/log_29_2026-9-7-06-51-04.ulg,Sep7,0.2,201,body_rate_r_rmse_rad_s,0.10346114276089051
23,2026.9.7/log_29_2026-9-7-06-51-04.ulg,Sep7,0.5,201,body_rate_r_rmse_rad_s,0.13999460042083417
23,2026.9.7/log_29_2026-9-7-06-51-04.ulg,Sep7,1.0,201,body_rate_r_rmse_rad_s,0.1301279555764724
23,2026.9.7/log_30_2026-9-7-06-58-22.ulg,Sep7,0.1,164,body_rate_r_rmse_rad_s,0.12994302558577597
23,2026.9.7/log_30_2026-9-7-06-58-22.ulg,Sep7,0.2,164,body_rate_r_rmse_rad_s,0.12924553514164633
23,2026.9.7/log_30_2026-9-7-06-58-22.ulg,Sep7,0.5,164,body_rate_r_rmse_rad_s,0.12943532798809315
23,2026.9.7/log_30_2026-9-7-06-58-22.ulg,Sep7,1.0,164,body_rate_r_rmse_rad_s,0.1391874477301106
42,9.17数据/log_10_2026-9-17-06-34-34.ulg,Sep17,0.1,130,body_rate_r_rmse_rad_s,0.1393602849467838
42,9.17数据/log_10_2026-9-17-06-34-34.ulg,Sep17,0.2,130,body_rate_r_rmse_rad_s,0.1445179930592957
42,9.17数据/log_10_2026-9-17-06-34-34.ulg,Sep17,0.5,130,body_rate_r_rmse_rad_s,0.16420412504716014
42,9.17数据/log_10_2026-9-17-06-34-34.ulg,Sep17,1.0,130,body_rate_r_rmse_rad_s,0.20444862235422148
42,9.17数据/log_11_2026-9-17-06-40-30.ulg,Sep17,0.1,145,body_rate_r_rmse_rad_s,0.13888844485829296
42,9.17数据/log_11_2026-9-17-06-40-30.ulg,Sep17,0.2,145,body_rate_r_rmse_rad_s,0.16739111039921808
42,9.17数据/log_11_2026-9-17-06-40-30.ulg,Sep17,0.5,145,body_rate_r_rmse_rad_s,0.1633731973058963
42,9.17数据/log_11_2026-9-17-06-40-30.ulg,Sep17,1.0,145,body_rate_r_rmse_rad_s,0.19673487455654093
42,9.17数据/log_12_2026-9-17-06-46-02.ulg,Sep17,0.1,144,body_rate_r_rmse_rad_s,0.12487146948359787
42,9.17数据/log_12_2026-9-17-06-46-02.ulg,Sep17,0.2,144,body_rate_r_rmse_rad_s,0.14871242351387876
42,9.17数据/log_12_2026-9-17-06-46-02.ulg,Sep17,0.5,144,body_rate_r_rmse_rad_s,0.15921404767869918
42,9.17数据/log_12_2026-9-17-06-46-02.ulg,Sep17,1.0,144,body_rate_r_rmse_rad_s,0.1695118038021577
42,9.17数据/log_13_2026-9-17-06-52-30.ulg,Sep17,0.1,153,body_rate_r_rmse_rad_s,0.1203850736086425
42,9.17数据/log_13_2026-9-17-06-52-30.ulg,Sep17,0.2,153,body_rate_r_rmse_rad_s,0.14707667986351233
42,9.17数据/log_13_2026-9-17-06-52-30.ulg,Sep17,0.5,153,body_rate_r_rmse_rad_s,0.15747383671310458
42,9.17数据/log_13_2026-9-17-06-52-30.ulg,Sep17,1.0,153,body_rate_r_rmse_rad_s,0.18434280370232675
42,9.17数据/log_6_2026-9-17-06-02-24.ulg,Sep17,0.1,138,body_rate_r_rmse_rad_s,0.1280009842777302
42,9.17数据/log_6_2026-9-17-06-02-24.ulg,Sep17,0.2,138,body_rate_r_rmse_rad_s,0.16492727898526927
42,9.17数据/log_6_2026-9-17-06-02-24.ulg,Sep17,0.5,138,body_rate_r_rmse_rad_s,0.15491465875850088
42,9.17数据/log_6_2026-9-17-06-02-24.ulg,Sep17,1.0,138,body_rate_r_rmse_rad_s,0.1855229929580972
42,9.17数据/log_7_2026-9-17-06-12-16.ulg,Sep17,0.1,131,body_rate_r_rmse_rad_s,0.1252420073674416
42,9.17数据/log_7_2026-9-17-06-12-16.ulg,Sep17,0.2,131,body_rate_r_rmse_rad_s,0.13669486556190125
42,9.17数据/log_7_2026-9-17-06-12-16.ulg,Sep17,0.5,131,body_rate_r_rmse_rad_s,0.15530861609480004
42,9.17数据/log_7_2026-9-17-06-12-16.ulg,Sep17,1.0,131,body_rate_r_rmse_rad_s,0.1648079095981018
42,9.17数据/log_8_2026-9-17-06-17-52.ulg,Sep17,0.1,146,body_rate_r_rmse_rad_s,0.13141800829369013
42,9.17数据/log_8_2026-9-17-06-17-52.ulg,Sep17,0.2,146,body_rate_r_rmse_rad_s,0.1498828841238867
42,9.17数据/log_8_2026-9-17-06-17-52.ulg,Sep17,0.5,146,body_rate_r_rmse_rad_s,0.1798550232923452
42,9.17数据/log_8_2026-9-17-06-17-52.ulg,Sep17,1.0,146,body_rate_r_rmse_rad_s,0.19242830467768604
42,9.17数据/log_9_2026-9-17-06-28-10.ulg,Sep17,0.1,114,body_rate_r_rmse_rad_s,0.1423776424522903
42,9.17数据/log_9_2026-9-17-06-28-10.ulg,Sep17,0.2,114,body_rate_r_rmse_rad_s,0.16097880150777083
42,9.17数据/log_9_2026-9-17-06-28-10.ulg,Sep17,0.5,114,body_rate_r_rmse_rad_s,0.1647195520515779
42,9.17数据/log_9_2026-9-17-06-28-10.ulg,Sep17,1.0,114,body_rate_r_rmse_rad_s,0.22915997469757765
42,2026.9.7/log_21_2026-9-7-05-54-56.ulg,Sep7,0.1,168,body_rate_r_rmse_rad_s,0.16080250486538225
42,2026.9.7/log_21_2026-9-7-05-54-56.ulg,Sep7,0.2,168,body_rate_r_rmse_rad_s,0.14700319711546314
42,2026.9.7/log_21_2026-9-7-05-54-56.ulg,Sep7,0.5,168,body_rate_r_rmse_rad_s,0.16521134564692158
42,2026.9.7/log_21_2026-9-7-05-54-56.ulg,Sep7,1.0,168,body_rate_r_rmse_rad_s,0.17685539854760576
42,2026.9.7/log_22_2026-9-7-06-01-40.ulg,Sep7,0.1,182,body_rate_r_rmse_rad_s,0.1488894013021553
42,2026.9.7/log_22_2026-9-7-06-01-40.ulg,Sep7,0.2,182,body_rate_r_rmse_rad_s,0.15167749860716073
42,2026.9.7/log_22_2026-9-7-06-01-40.ulg,Sep7,0.5,182,body_rate_r_rmse_rad_s,0.14578558618637713
42,2026.9.7/log_22_2026-9-7-06-01-40.ulg,Sep7,1.0,182,body_rate_r_rmse_rad_s,0.14932025560241274
42,2026.9.7/log_23_2026-9-7-06-09-22.ulg,Sep7,0.1,160,body_rate_r_rmse_rad_s,0.1503876107788009
42,2026.9.7/log_23_2026-9-7-06-09-22.ulg,Sep7,0.2,160,body_rate_r_rmse_rad_s,0.13685879893194755
42,2026.9.7/log_23_2026-9-7-06-09-22.ulg,Sep7,0.5,160,body_rate_r_rmse_rad_s,0.13770208832687897
42,2026.9.7/log_23_2026-9-7-06-09-22.ulg,Sep7,1.0,160,body_rate_r_rmse_rad_s,0.14585836910852637
42,2026.9.7/log_24_2026-9-7-06-16-04.ulg,Sep7,0.1,161,body_rate_r_rmse_rad_s,0.1457435410076504
42,2026.9.7/log_24_2026-9-7-06-16-04.ulg,Sep7,0.2,161,body_rate_r_rmse_rad_s,0.1645297226573434
42,2026.9.7/log_24_2026-9-7-06-16-04.ulg,Sep7,0.5,161,body_rate_r_rmse_rad_s,0.15232573988187204
42,2026.9.7/log_24_2026-9-7-06-16-04.ulg,Sep7,1.0,161,body_rate_r_rmse_rad_s,0.17142998639598084
42,2026.9.7/log_26_2026-9-7-06-30-26.ulg,Sep7,0.1,150,body_rate_r_rmse_rad_s,0.13312047663263524
42,2026.9.7/log_26_2026-9-7-06-30-26.ulg,Sep7,0.2,150,body_rate_r_rmse_rad_s,0.15057751639764283
42,2026.9.7/log_26_2026-9-7-06-30-26.ulg,Sep7,0.5,150,body_rate_r_rmse_rad_s,0.12630657264059508
42,2026.9.7/log_26_2026-9-7-06-30-26.ulg,Sep7,1.0,150,body_rate_r_rmse_rad_s,0.15317857105619126
42,2026.9.7/log_27_2026-9-7-06-37-24.ulg,Sep7,0.1,155,body_rate_r_rmse_rad_s,0.1149726337214959
42,2026.9.7/log_27_2026-9-7-06-37-24.ulg,Sep7,0.2,155,body_rate_r_rmse_rad_s,0.11085123451544167
42,2026.9.7/log_27_2026-9-7-06-37-24.ulg,Sep7,0.5,155,body_rate_r_rmse_rad_s,0.11225486780626828
42,2026.9.7/log_27_2026-9-7-06-37-24.ulg,Sep7,1.0,155,body_rate_r_rmse_rad_s,0.1259120539647899
42,2026.9.7/log_28_2026-9-7-06-44-02.ulg,Sep7,0.1,140,body_rate_r_rmse_rad_s,0.12952156214071456
42,2026.9.7/log_28_2026-9-7-06-44-02.ulg,Sep7,0.2,140,body_rate_r_rmse_rad_s,0.13749206828851568
42,2026.9.7/log_28_2026-9-7-06-44-02.ulg,Sep7,0.5,140,body_rate_r_rmse_rad_s,0.12071046895767983
42,2026.9.7/log_28_2026-9-7-06-44-02.ulg,Sep7,1.0,140,body_rate_r_rmse_rad_s,0.12852008939363788
42,2026.9.7/log_29_2026-9-7-06-51-04.ulg,Sep7,0.1,201,body_rate_r_rmse_rad_s,0.10228111039968342
42,2026.9.7/log_29_2026-9-7-06-51-04.ulg,Sep7,0.2,201,body_rate_r_rmse_rad_s,0.09232515454093727
42,2026.9.7/log_29_2026-9-7-06-51-04.ulg,Sep7,0.5,201,body_rate_r_rmse_rad_s,0.14093656348452102
42,2026.9.7/log_29_2026-9-7-06-51-04.ulg,Sep7,1.0,201,body_rate_r_rmse_rad_s,0.13141978150078318
42,2026.9.7/log_30_2026-9-7-06-58-22.ulg,Sep7,0.1,164,body_rate_r_rmse_rad_s,0.129771551204254
42,2026.9.7/log_30_2026-9-7-06-58-22.ulg,Sep7,0.2,164,body_rate_r_rmse_rad_s,0.1252739011274453
42,2026.9.7/log_30_2026-9-7-06-58-22.ulg,Sep7,0.5,164,body_rate_r_rmse_rad_s,0.12682303792781158
42,2026.9.7/log_30_2026-9-7-06-58-22.ulg,Sep7,1.0,164,body_rate_r_rmse_rad_s,0.1353176660251459
