window_id,log_id,segment_id,start_sample_in_segment,state_sample_count,history_start_timestamp_us,origin_timestamp_us,end_timestamp_us,history_span_s,cohort,mode,command_pattern,n_high_channels,drive_activity,drive_high,common_activity,common_high,differential_activity,differential_high,rudder_activity,rudder_high
validation:2026.9.7/log_21_2026-9-7-05-54-56.ulg:0:25,2026.9.7/log_21_2026-9-7-05-54-56.ulg,0,25,51,106197864,106690619,107695792,0.492755,Sep7,Stabilized,reversing,2,0.11556931076172923,False,0.4779422520728605,True,0.4785084970789097,False,0.8116013216315942,True
validation:2026.9.7/log_21_2026-9-7-05-54-56.ulg:0:75,2026.9.7/log_21_2026-9-7-05-54-56.ulg,0,75,51,107193204,107695792,108691191,0.5025879999999999,Sep7,Stabilized,sustained,1,0.11791949564079325,False,0.10935722072153836,False,0.4373623683201265,False,0.7124163337207357,True
validation:2026.9.7/log_21_2026-9-7-05-54-56.ulg:0:125,2026.9.7/log_21_2026-9-7-05-54-56.ulg,0,125,51,108188568,108691191,109696718,0.5026229999999999,Sep7,Stabilized,lower_change,0,0.1199374713334218,False,0.0866504230687969,False,0.3202053917124113,False,0.22246995127412342,False
validation:2026.9.7/log_21_2026-9-7-05-54-56.ulg:0:175,2026.9.7/log_21_2026-9-7-05-54-56.ulg,0,175,51,109193945,109696718,110691861,0.502773,Sep7,Stabilized,lower_change,0,0.02635127555877655,False,0.08409654664174852,False,0.1435526178663025,False,0.1668989013572659,False
validation:2026.9.7/log_21_2026-9-7-05-54-56.ulg:0:225,2026.9.7/log_21_2026-9-7-05-54-56.ulg,0,225,51,110199126,110691861,111697324,0.492735,Sep7,Stabilized,sustained,1,0.0,False,0.05675686606097884,False,0.35958834364819137,False,0.22744333344527454,True
validation:2026.9.7/log_21_2026-9-7-05-54-56.ulg:0:275,2026.9.7/log_21_2026-9-7-05-54-56.ulg,0,275,51,111194561,111697324,112692762,0.502763,Sep7,Stabilized,lower_change,0,0.0,False,0.11114332309193375,False,0.3222785989511354,False,0.175705245234203,False
validation:2026.9.7/log_21_2026-9-7-05-54-56.ulg:0:325,2026.9.7/log_21_2026-9-7-05-54-56.ulg,0,325,51,112189878,112692762,113697933,0.502884,Sep7,Stabilized,sustained,1,0.010351636809765231,False,0.1024218701995226,False,0.4762544172274277,False,0.3344581842982586,True
validation:2026.9.7/log_21_2026-9-7-05-54-56.ulg:0:375,2026.9.7/log_21_2026-9-7-05-54-56.ulg,0,375,51,113195388,113697933,114693304,0.502545,Sep7,Stabilized,lower_change,0,0.013888012592845273,False,0.11034177053159266,False,0.35314037772429746,False,0.14823779864256456,False
validation:2026.9.7/log_21_2026-9-7-05-54-56.ulg:0:425,2026.9.7/log_21_2026-9-7-05-54-56.ulg,0,425,51,114190585,114693304,115688514,0.502719,Sep7,Stabilized,lower_change,0,0.009929533044665486,False,0.08775330833112974,False,0.352862526902471,False,0.14268374065523173,False
validation:2026.9.7/log_21_2026-9-7-05-54-56.ulg:0:475,2026.9.7/log_21_2026-9-7-05-54-56.ulg,0,475,51,115195926,115688514,116693927,0.4925879999999999,Sep7,Stabilized,sustained,1,0.0020702039592373073,False,0.17365389380019808,False,0.29021879208089324,False,0.3287605523403343,True
validation:2026.9.7/log_21_2026-9-7-05-54-56.ulg:0:525,2026.9.7/log_21_2026-9-7-05-54-56.ulg,0,525,51,116191139,116693927,117689180,0.502788,Sep7,Stabilized,sustained,1,0.0,False,0.1064368789257063,False,0.33476479432988704,False,0.3076435169945126,True
validation:2026.9.7/log_21_2026-9-7-05-54-56.ulg:0:575,2026.9.7/log_21_2026-9-7-05-54-56.ulg,0,575,51,117196632,117689180,118694589,0.492548,Sep7,Stabilized,lower_change,0,0.0,False,0.05421330336067519,False,0.1853687808500197,False,0.076881114336509,False
validation:2026.9.7/log_21_2026-9-7-05-54-56.ulg:0:625,2026.9.7/log_21_2026-9-7-05-54-56.ulg,0,625,51,118191871,118694589,119689778,0.502718,Sep7,Stabilized,lower_change,0,0.0,False,0.06220104818852588,False,0.1856024466195707,False,0.11897978262081782,False
validation:2026.9.7/log_21_2026-9-7-05-54-56.ulg:0:675,2026.9.7/log_21_2026-9-7-05-54-56.ulg,0,675,51,119197102,119689778,120695267,0.492676,Sep7,Stabilized,lower_change,0,0.0,False,0.07312517882839373,False,0.3419279361240434,False,0.1595775880760418,False
validation:2026.9.7/log_21_2026-9-7-05-54-56.ulg:0:725,2026.9.7/log_21_2026-9-7-05-54-56.ulg,0,725,51,120192445,120695267,121690443,0.502822,Sep7,Stabilized,lower_change,0,0.017929902879787,False,0.0963272280733734,False,0.13532364202572925,False,0.05315229044409248,False
validation:2026.9.7/log_21_2026-9-7-05-54-56.ulg:0:775,2026.9.7/log_21_2026-9-7-05-54-56.ulg,0,775,51,121188229,121690443,122695852,0.5022139999999999,Sep7,Stabilized,lower_change,0,0.008018343394041682,False,0.058919375214525706,False,0.21597479664524746,False,0.08411684171992326,False
validation:2026.9.7/log_21_2026-9-7-05-54-56.ulg:0:825,2026.9.7/log_21_2026-9-7-05-54-56.ulg,0,825,51,122193056,122695852,123691076,0.502796,Sep7,Stabilized,lower_change,0,0.004140778126621831,False,0.06796312259580084,False,0.17501390939025374,False,0.05327281176312795,False
validation:2026.9.7/log_21_2026-9-7-05-54-56.ulg:0:875,2026.9.7/log_21_2026-9-7-05-54-56.ulg,0,875,51,123198422,123691076,124696408,0.492654,Sep7,Stabilized,lower_change,0,0.005856119103240683,False,0.11633360688310919,False,0.21974135819518723,False,0.17441617041368573,False
validation:2026.9.7/log_21_2026-9-7-05-54-56.ulg:0:925,2026.9.7/log_21_2026-9-7-05-54-56.ulg,0,925,51,124193780,124696408,125691701,0.502628,Sep7,Stabilized,lower_change,0,0.0,False,0.11679734407751395,False,0.09725698960005012,False,0.05515908967292186,False
validation:2026.9.7/log_21_2026-9-7-05-54-56.ulg:0:975,2026.9.7/log_21_2026-9-7-05-54-56.ulg,0,975,51,125189425,125691701,126697246,0.502276,Sep7,Stabilized,lower_change,0,0.0,False,0.0625782782255494,False,0.1444239865797836,False,0.21039647433425088,False
validation:2026.9.7/log_21_2026-9-7-05-54-56.ulg:0:1025,2026.9.7/log_21_2026-9-7-05-54-56.ulg,0,1025,51,126194354,126697246,127692408,0.502892,Sep7,Stabilized,lower_change,0,0.0,False,0.1412350499036601,False,0.22780691919292603,False,0.055639473442436534,False
validation:2026.9.7/log_21_2026-9-7-05-54-56.ulg:0:1075,2026.9.7/log_21_2026-9-7-05-54-56.ulg,0,1075,51,127189815,127692408,128687747,0.502593,Sep7,Stabilized,lower_change,0,0.0,False,0.11198364188561358,False,0.1066547421255007,False,0.11861703797671902,False
validation:2026.9.7/log_21_2026-9-7-05-54-56.ulg:0:1125,2026.9.7/log_21_2026-9-7-05-54-56.ulg,0,1125,51,128195053,128687747,129693032,0.4926939999999999,Sep7,Stabilized,lower_change,0,0.0,False,0.06446227048308831,False,0.1292511428491142,False,0.0918158422015279,False
validation:2026.9.7/log_21_2026-9-7-05-54-56.ulg:0:1175,2026.9.7/log_21_2026-9-7-05-54-56.ulg,0,1175,51,129190807,129693032,130698481,0.502225,Sep7,Stabilized,mixed_change,2,0.0,False,0.1096669550510377,False,0.6775839236498706,True,0.46741982389471565,True
validation:2026.9.7/log_21_2026-9-7-05-54-56.ulg:0:1225,2026.9.7/log_21_2026-9-7-05-54-56.ulg,0,1225,51,130195675,130698481,131693642,0.502806,Sep7,Stabilized,sustained,1,0.0,False,0.24691809031810827,True,0.37844163777587697,False,0.0397208034793368,False
validation:2026.9.7/log_21_2026-9-7-05-54-56.ulg:0:1275,2026.9.7/log_21_2026-9-7-05-54-56.ulg,0,1275,51,131191117,131693642,132689036,0.502525,Sep7,Stabilized,lower_change,0,0.0,False,0.057925503626419,False,0.1486360293534306,False,0.06505552862507712,False
validation:2026.9.7/log_21_2026-9-7-05-54-56.ulg:0:1325,2026.9.7/log_21_2026-9-7-05-54-56.ulg,0,1325,51,132196295,132689036,133694343,0.492741,Sep7,Stabilized,lower_change,0,0.0,False,0.08082234845607393,False,0.18431745940978778,False,0.07578013116295831,False
validation:2026.9.7/log_21_2026-9-7-05-54-56.ulg:0:1375,2026.9.7/log_21_2026-9-7-05-54-56.ulg,0,1375,51,133191997,133694343,134689683,0.502346,Sep7,Stabilized,lower_change,0,0.0,False,0.09987905863063783,False,0.313181416133284,False,0.07454440818094728,False
validation:2026.9.7/log_21_2026-9-7-05-54-56.ulg:0:1425,2026.9.7/log_21_2026-9-7-05-54-56.ulg,0,1425,51,134196954,134689683,135695054,0.492729,Sep7,Stabilized,lower_change,0,0.0,False,0.10670907407077562,False,0.15663364723340484,False,0.04477224276538115,False
validation:2026.9.7/log_21_2026-9-7-05-54-56.ulg:0:1475,2026.9.7/log_21_2026-9-7-05-54-56.ulg,0,1475,51,135192397,135695054,136690366,0.502657,Sep7,Stabilized,lower_change,0,0.0,False,0.10856283832618337,False,0.14641992749271154,False,0.03594402059176137,False
validation:2026.9.7/log_21_2026-9-7-05-54-56.ulg:0:1525,2026.9.7/log_21_2026-9-7-05-54-56.ulg,0,1525,51,136187783,136690366,137695657,0.502583,Sep7,Stabilized,lower_change,0,0.0,False,0.09235579187586283,False,0.10123184959027708,False,0.1301708127183503,False
validation:2026.9.7/log_21_2026-9-7-05-54-56.ulg:0:1575,2026.9.7/log_21_2026-9-7-05-54-56.ulg,0,1575,51,137193249,137695657,138691067,0.502408,Sep7,Stabilized,lower_change,0,0.0,False,0.09222472172327716,False,0.13777115244023877,False,0.05658365071805557,False
validation:2026.9.7/log_21_2026-9-7-05-54-56.ulg:0:1625,2026.9.7/log_21_2026-9-7-05-54-56.ulg,0,1625,51,138198243,138691067,139696232,0.492824,Sep7,Stabilized,mixed_change,3,0.0,False,0.2157572430990857,True,0.6435326944095358,True,0.4243157080599783,True
validation:2026.9.7/log_21_2026-9-7-05-54-56.ulg:0:1675,2026.9.7/log_21_2026-9-7-05-54-56.ulg,0,1675,51,139193741,139696232,140691750,0.502491,Sep7,Stabilized,lower_change,0,0.0,False,0.09055727434292159,False,0.13863272916117564,False,0.11451757719228275,False
validation:2026.9.7/log_21_2026-9-7-05-54-56.ulg:0:1725,2026.9.7/log_21_2026-9-7-05-54-56.ulg,0,1725,51,140189047,140691750,141696932,0.502703,Sep7,Stabilized,lower_change,0,0.0058557700676522195,False,0.06982902737818625,False,0.12438423610083911,False,0.1420156105228926,False
validation:2026.9.7/log_21_2026-9-7-05-54-56.ulg:0:1775,2026.9.7/log_21_2026-9-7-05-54-56.ulg,0,1775,51,141194664,141696932,142692406,0.5022679999999999,Sep7,Stabilized,lower_change,0,0.0,False,0.05937610924957893,False,0.09186481976600716,False,0.11170222591045532,False
validation:2026.9.7/log_21_2026-9-7-05-54-56.ulg:0:1825,2026.9.7/log_21_2026-9-7-05-54-56.ulg,0,1825,51,142189817,142692406,143697564,0.502589,Sep7,Stabilized,lower_change,0,0.004140654723906093,False,0.06363180251710206,False,0.100158053342046,False,0.058866281645533536,False
validation:2026.9.7/log_21_2026-9-7-05-54-56.ulg:0:1875,2026.9.7/log_21_2026-9-7-05-54-56.ulg,0,1875,51,143195029,143697564,144692960,0.502535,Sep7,Stabilized,lower_change,0,0.0,False,0.07597809367460907,False,0.11221552886208067,False,0.1039883334782267,False
validation:2026.9.7/log_21_2026-9-7-05-54-56.ulg:0:1925,2026.9.7/log_21_2026-9-7-05-54-56.ulg,0,1925,51,144190359,144692960,145688420,0.502601,Sep7,Stabilized,lower_change,0,0.004140654723906093,False,0.06446025941914088,False,0.2011059951371291,False,0.09098648983404845,False
validation:2026.9.7/log_21_2026-9-7-05-54-56.ulg:0:1975,2026.9.7/log_21_2026-9-7-05-54-56.ulg,0,1975,51,145195847,145688420,146693604,0.492573,Sep7,Stabilized,lower_change,0,0.0,False,0.07057373925107976,False,0.27262111769415753,False,0.03918654954206616,False
validation:2026.9.7/log_21_2026-9-7-05-54-56.ulg:0:2025,2026.9.7/log_21_2026-9-7-05-54-56.ulg,0,2025,51,146191017,146693604,147689053,0.502587,Sep7,Stabilized,lower_change,0,0.0,False,0.06808003800773751,False,0.19759168205171987,False,0.10677698590572426,False
validation:2026.9.7/log_21_2026-9-7-05-54-56.ulg:0:2075,2026.9.7/log_21_2026-9-7-05-54-56.ulg,0,2075,51,147196309,147689053,148694308,0.4927439999999999,Sep7,Stabilized,sustained,2,0.0,False,0.07891602713184467,False,1.0024880442609723,True,0.3262215626005339,True
validation:2026.9.7/log_21_2026-9-7-05-54-56.ulg:0:2125,2026.9.7/log_21_2026-9-7-05-54-56.ulg,0,2125,51,148191694,148694308,149689659,0.502614,Sep7,Stabilized,lower_change,0,0.0,False,0.0706097570167027,False,0.18043873940137917,False,0.0726073824596038,False
validation:2026.9.7/log_21_2026-9-7-05-54-56.ulg:0:2175,2026.9.7/log_21_2026-9-7-05-54-56.ulg,0,2175,51,149187339,149689659,150694896,0.50232,Sep7,Stabilized,lower_change,0,0.0,False,0.07751197653341789,False,0.07439838901891296,False,0.04426900974962684,False
validation:2026.9.7/log_21_2026-9-7-05-54-56.ulg:0:2225,2026.9.7/log_21_2026-9-7-05-54-56.ulg,0,2225,51,150192409,150694896,151690331,0.502487,Sep7,Stabilized,lower_change,0,0.004140654723906093,False,0.07830591596412846,False,0.07439031397795488,False,0.04185661903209421,False
validation:2026.9.7/log_21_2026-9-7-05-54-56.ulg:0:2275,2026.9.7/log_21_2026-9-7-05-54-56.ulg,0,2275,51,151197656,151690331,152695837,0.492675,Sep7,Stabilized,lower_change,0,0.0,False,0.08921013094465378,False,0.055722710504540696,False,0.029629551213252083,False
validation:2026.9.7/log_21_2026-9-7-05-54-56.ulg:0:2325,2026.9.7/log_21_2026-9-7-05-54-56.ulg,0,2325,51,152192971,152695837,153691004,0.5028659999999999,Sep7,Stabilized,lower_change,0,0.0058557700676522195,False,0.10416805959873551,False,0.1558743150725279,False,0.08984652608051191,False
validation:2026.9.7/log_21_2026-9-7-05-54-56.ulg:0:2375,2026.9.7/log_21_2026-9-7-05-54-56.ulg,0,2375,51,153188714,153691004,154696398,0.50229,Sep7,Stabilized,lower_change,0,0.0,False,0.09091590840887136,False,0.28375263230978837,False,0.03440729994782493,False
validation:2026.9.7/log_21_2026-9-7-05-54-56.ulg:0:2425,2026.9.7/log_21_2026-9-7-05-54-56.ulg,0,2425,51,154193656,154696398,155691659,0.502742,Sep7,Stabilized,lower_change,0,0.0058557700676522195,False,0.08320317020727996,False,0.35802106929903815,False,0.05041926245897639,False
validation:2026.9.7/log_21_2026-9-7-05-54-56.ulg:0:2475,2026.9.7/log_21_2026-9-7-05-54-56.ulg,0,2475,51,155198852,155691659,156697166,0.492807,Sep7,Stabilized,lower_change,0,0.012421964171718276,False,0.1772655946517225,False,0.27527950167331566,False,0.05039025773208606,False
validation:2026.9.7/log_21_2026-9-7-05-54-56.ulg:0:2525,2026.9.7/log_21_2026-9-7-05-54-56.ulg,0,2525,51,156194336,156697166,157692294,0.50283,Sep7,Stabilized,lower_change,0,0.013093899931878903,False,0.07442385615068454,False,0.32323114805681114,False,0.04341292419223943,False
validation:2026.9.7/log_21_2026-9-7-05-54-56.ulg:0:2575,2026.9.7/log_21_2026-9-7-05-54-56.ulg,0,2575,51,157189928,157692294,158697883,0.502366,Sep7,Stabilized,lower_change,0,0.013093899931878903,False,0.13993899282082503,False,0.2996952225348088,False,0.04358243697426864,False
validation:2026.9.7/log_21_2026-9-7-05-54-56.ulg:0:2625,2026.9.7/log_21_2026-9-7-05-54-56.ulg,0,2625,51,158194937,158697883,159692915,0.502946,Sep7,Stabilized,mixed_change,2,0.009258785434009646,False,0.1692738376639537,False,0.49785213135091827,True,0.32694423785942445,True
validation:2026.9.7/log_21_2026-9-7-05-54-56.ulg:0:2675,2026.9.7/log_21_2026-9-7-05-54-56.ulg,0,2675,51,159190484,159692915,160688310,0.502431,Sep7,Stabilized,sustained,2,0.016036686788083364,False,0.0798596845489943,False,0.9175567490253684,True,0.42475019870492137,True
validation:2026.9.7/log_21_2026-9-7-05-54-56.ulg:0:2725,2026.9.7/log_21_2026-9-7-05-54-56.ulg,0,2725,51,160195573,160688310,161693592,0.492737,Sep7,Stabilized,lower_change,0,0.017567310202956658,False,0.06820141177687772,False,0.2691752854847789,False,0.056483886857429735,False
validation:2026.9.7/log_21_2026-9-7-05-54-56.ulg:0:2775,2026.9.7/log_21_2026-9-7-05-54-56.ulg,0,2775,51,161191328,161693592,162699145,0.5022639999999999,Sep7,Stabilized,lower_change,0,0.018517570868019292,False,0.09150275259441243,False,0.2792400432491383,False,0.14838336195469123,False
validation:2026.9.7/log_21_2026-9-7-05-54-56.ulg:0:2825,2026.9.7/log_21_2026-9-7-05-54-56.ulg,0,2825,51,162196201,162699145,163694272,0.502944,Sep7,Stabilized,lower_change,0,0.010955142664440334,False,0.08229723661836962,False,0.13582794477020368,False,0.1380009184315874,False
validation:2026.9.7/log_21_2026-9-7-05-54-56.ulg:0:2875,2026.9.7/log_21_2026-9-7-05-54-56.ulg,0,2875,51,163191600,163694272,164689635,0.502672,Sep7,Stabilized,sustained,1,0.007171824358405434,False,0.09216238164188681,False,0.35471931019874897,False,0.3368591892546555,True
validation:2026.9.7/log_21_2026-9-7-05-54-56.ulg:0:2925,2026.9.7/log_21_2026-9-7-05-54-56.ulg,0,2925,51,164196914,164689635,165694959,0.4927209999999999,Sep7,Stabilized,sustained,1,0.0058557700676522195,False,0.06394604168494046,False,1.1724423606786492,True,0.2117513158379934,False
validation:2026.9.7/log_21_2026-9-7-05-54-56.ulg:0:2975,2026.9.7/log_21_2026-9-7-05-54-56.ulg,0,2975,51,165192293,165694959,166690274,0.502666,Sep7,Stabilized,sustained,1,0.004140654723906093,False,0.08598690122656803,False,0.9124036634375736,True,0.07291345776707042,False
validation:2026.9.7/log_21_2026-9-7-05-54-56.ulg:0:3025,2026.9.7/log_21_2026-9-7-05-54-56.ulg,0,3025,51,166197511,166690274,167695600,0.4927629999999999,Sep7,Stabilized,lower_change,0,0.004140654723906093,False,0.13662076401151074,False,0.3157144378518955,False,0.04613013043540687,False
validation:2026.9.7/log_21_2026-9-7-05-54-56.ulg:0:3075,2026.9.7/log_21_2026-9-7-05-54-56.ulg,0,3075,51,167192932,167695600,168690960,0.502668,Sep7,Stabilized,sustained,1,0.0,False,0.06807197594848192,False,0.46498895847539856,False,0.23423130832851757,True
validation:2026.9.7/log_21_2026-9-7-05-54-56.ulg:0:3125,2026.9.7/log_21_2026-9-7-05-54-56.ulg,0,3125,51,168188307,168690960,169696177,0.502653,Sep7,Stabilized,sustained,1,0.004140654723906093,False,0.19647298897924145,True,0.09352267982732405,False,0.03058158203559333,False
validation:2026.9.7/log_21_2026-9-7-05-54-56.ulg:0:3175,2026.9.7/log_21_2026-9-7-05-54-56.ulg,0,3175,51,169193668,169696177,170691580,0.502509,Sep7,Stabilized,lower_change,0,0.004140654723906093,False,0.07383451869329505,False,0.19001241180489384,False,0.06855569691815301,False
validation:2026.9.7/log_21_2026-9-7-05-54-56.ulg:0:3225,2026.9.7/log_21_2026-9-7-05-54-56.ulg,0,3225,51,170189017,170691580,171696873,0.502563,Sep7,Stabilized,lower_change,0,0.0,False,0.1599046847176441,False,0.12159687925040197,False,0.03912640987497863,False
validation:2026.9.7/log_21_2026-9-7-05-54-56.ulg:0:3275,2026.9.7/log_21_2026-9-7-05-54-56.ulg,0,3275,51,171194202,171696873,172692261,0.502671,Sep7,Stabilized,sustained,1,0.0,False,0.2405098358416079,True,0.16156235470939206,False,0.10591887257599164,False
validation:2026.9.7/log_21_2026-9-7-05-54-56.ulg:0:3325,2026.9.7/log_21_2026-9-7-05-54-56.ulg,0,3325,51,172189639,172692261,173687628,0.502622,Sep7,Stabilized,sustained,1,0.0,False,0.1786357533996503,True,0.33918500821217135,False,0.05445199138369226,False
validation:2026.9.7/log_21_2026-9-7-05-54-56.ulg:0:3375,2026.9.7/log_21_2026-9-7-05-54-56.ulg,0,3375,51,173194855,173687628,174692892,0.4927729999999999,Sep7,Stabilized,lower_change,0,0.0,False,0.07813879542677435,False,0.14168938920340096,False,0.05444837976007713,False
validation:2026.9.7/log_21_2026-9-7-05-54-56.ulg:0:3425,2026.9.7/log_21_2026-9-7-05-54-56.ulg,0,3425,51,174190261,174692892,175698405,0.5026309999999999,Sep7,Stabilized,lower_change,0,0.0,False,0.081972187791146,False,0.46592524773364363,False,0.06907797306972098,False
validation:2026.9.7/log_21_2026-9-7-05-54-56.ulg:0:3475,2026.9.7/log_21_2026-9-7-05-54-56.ulg,0,3475,51,175195551,175698405,176693687,0.502854,Sep7,Stabilized,sustained,1,0.0,False,0.17909281237244135,True,0.12323102221609983,False,0.0669449249334162,False
validation:2026.9.7/log_21_2026-9-7-05-54-56.ulg:0:3525,2026.9.7/log_21_2026-9-7-05-54-56.ulg,0,3525,51,176190999,176693687,177688943,0.502688,Sep7,Stabilized,lower_change,0,0.0,False,0.12721972522865613,False,0.17023503780494675,False,0.07879601136934936,False
validation:2026.9.7/log_21_2026-9-7-05-54-56.ulg:0:3575,2026.9.7/log_21_2026-9-7-05-54-56.ulg,0,3575,51,177196186,177688943,178694197,0.492757,Sep7,Stabilized,lower_change,0,0.0,False,0.07418086882487239,False,0.42950467360805117,False,0.06264798381496268,False
validation:2026.9.7/log_21_2026-9-7-05-54-56.ulg:0:3625,2026.9.7/log_21_2026-9-7-05-54-56.ulg,0,3625,51,178191611,178694197,179689729,0.502586,Sep7,Stabilized,lower_change,0,0.0,False,0.11536753022505275,False,0.3955465905110196,False,0.1914249528159014,False
validation:2026.9.7/log_21_2026-9-7-05-54-56.ulg:0:3675,2026.9.7/log_21_2026-9-7-05-54-56.ulg,0,3675,51,179196854,179689729,180694847,0.4928749999999999,Sep7,Stabilized,lower_change,0,0.0,False,0.1498092996273107,False,0.28564679039623964,False,0.06810069604565618,False
validation:2026.9.7/log_21_2026-9-7-05-54-56.ulg:0:3725,2026.9.7/log_21_2026-9-7-05-54-56.ulg,0,3725,51,180192216,180694847,181690306,0.5026309999999999,Sep7,Stabilized,lower_change,0,0.0,False,0.14842555220364737,False,0.09517231507367756,False,0.08825965148307466,False
validation:2026.9.7/log_21_2026-9-7-05-54-56.ulg:0:3775,2026.9.7/log_21_2026-9-7-05-54-56.ulg,0,3775,51,181187647,181690306,182695699,0.502659,Sep7,Stabilized,sustained,1,0.0058557700676522195,False,0.15844196728065654,False,0.342336990224184,False,0.25243611193065046,True
validation:2026.9.7/log_21_2026-9-7-05-54-56.ulg:0:3825,2026.9.7/log_21_2026-9-7-05-54-56.ulg,0,3825,51,182192891,182695699,183690944,0.502808,Sep7,Stabilized,lower_change,0,0.0058557700676522195,False,0.12720102195183558,False,0.09712244014625834,False,0.07051374458076562,False
validation:2026.9.7/log_21_2026-9-7-05-54-56.ulg:0:3875,2026.9.7/log_21_2026-9-7-05-54-56.ulg,0,3875,51,183198131,183690944,184696180,0.492813,Sep7,Stabilized,lower_change,0,0.0058557700676522195,False,0.0697009077590104,False,0.259962323003772,False,0.1288119256603143,False
validation:2026.9.7/log_21_2026-9-7-05-54-56.ulg:0:3925,2026.9.7/log_21_2026-9-7-05-54-56.ulg,0,3925,51,184193520,184696180,185691595,0.50266,Sep7,Stabilized,lower_change,0,0.0,False,0.07217084089952908,False,0.30440373431960455,False,0.13463796905888914,False
validation:2026.9.7/log_21_2026-9-7-05-54-56.ulg:0:3975,2026.9.7/log_21_2026-9-7-05-54-56.ulg,0,3975,51,185188969,185691595,186696810,0.502626,Sep7,Stabilized,lower_change,0,0.0,False,0.06100957080642816,False,0.1626005982118974,False,0.05762034596349786,False
validation:2026.9.7/log_21_2026-9-7-05-54-56.ulg:0:4025,2026.9.7/log_21_2026-9-7-05-54-56.ulg,0,4025,51,186194219,186696810,187692228,0.502591,Sep7,Stabilized,lower_change,0,0.004140654723906093,False,0.10607651841381412,False,0.315702998249174,False,0.1000790989175673,False
validation:2026.9.7/log_21_2026-9-7-05-54-56.ulg:0:4075,2026.9.7/log_21_2026-9-7-05-54-56.ulg,0,4075,51,187199455,187692228,188697449,0.4927729999999999,Sep7,Stabilized,lower_change,0,0.004140654723906093,False,0.08707246714053397,False,0.21675417402076963,False,0.12152200050855098,False
validation:2026.9.7/log_21_2026-9-7-05-54-56.ulg:0:4125,2026.9.7/log_21_2026-9-7-05-54-56.ulg,0,4125,51,188194820,188697449,189692888,0.502629,Sep7,Stabilized,lower_change,0,0.0058557700676522195,False,0.12353868876594536,False,0.18891893020163641,False,0.0902350305386684,False
validation:2026.9.7/log_21_2026-9-7-05-54-56.ulg:0:4175,2026.9.7/log_21_2026-9-7-05-54-56.ulg,0,4175,51,189190224,189692888,190698391,0.502664,Sep7,Stabilized,lower_change,0,0.0058557700676522195,False,0.08507045668440888,False,0.1276244587900037,False,0.05442379542048267,False
validation:2026.9.7/log_21_2026-9-7-05-54-56.ulg:0:4225,2026.9.7/log_21_2026-9-7-05-54-56.ulg,0,4225,51,190195534,190698391,191693532,0.502857,Sep7,Stabilized,lower_change,0,0.010955142664440334,False,0.07139638791436576,False,0.129167234624337,False,0.034354496886165105,False
validation:2026.9.7/log_21_2026-9-7-05-54-56.ulg:0:4275,2026.9.7/log_21_2026-9-7-05-54-56.ulg,0,4275,51,191190873,191693532,192688945,0.502659,Sep7,Stabilized,lower_change,0,0.012421964171718276,False,0.08528623008144805,False,0.17601724316840245,False,0.03919179839053415,False
validation:2026.9.7/log_21_2026-9-7-05-54-56.ulg:0:4325,2026.9.7/log_21_2026-9-7-05-54-56.ulg,0,4325,51,192196259,192688945,193694213,0.4926859999999999,Sep7,Stabilized,sustained,1,0.0,False,0.19394829124624144,True,0.10334890298267974,False,0.09206170095757682,False
validation:2026.9.7/log_21_2026-9-7-05-54-56.ulg:0:4375,2026.9.7/log_21_2026-9-7-05-54-56.ulg,0,4375,51,193191575,193694213,194689579,0.502638,Sep7,Stabilized,sustained,2,0.0058557700676522195,False,0.18921884940642786,True,1.3131983069742594,True,0.20410545821162984,False
validation:2026.9.7/log_21_2026-9-7-05-54-56.ulg:0:4425,2026.9.7/log_21_2026-9-7-05-54-56.ulg,0,4425,51,194196858,194689579,195694799,0.4927209999999999,Sep7,Stabilized,lower_change,0,0.018517570868019292,False,0.14139000604428212,False,0.1213570898715243,False,0.04385576139019971,False
validation:2026.9.7/log_21_2026-9-7-05-54-56.ulg:0:4475,2026.9.7/log_21_2026-9-7-05-54-56.ulg,0,4475,51,195192178,195694799,196690201,0.502621,Sep7,Stabilized,lower_change,0,0.0,False,0.07149382636758786,False,0.1168281477458333,False,0.1124828260582382,False
validation:2026.9.7/log_21_2026-9-7-05-54-56.ulg:0:4525,2026.9.7/log_21_2026-9-7-05-54-56.ulg,0,4525,51,196197426,196690201,197695448,0.4927749999999999,Sep7,Stabilized,lower_change,0,0.019421392172996464,False,0.09181879664195705,False,0.278069928027527,False,0.10817688554558826,False
validation:2026.9.7/log_21_2026-9-7-05-54-56.ulg:0:4575,2026.9.7/log_21_2026-9-7-05-54-56.ulg,0,4575,51,197192886,197695448,198690927,0.502562,Sep7,Stabilized,lower_change,0,0.0,False,0.0785789128556187,False,0.1131125650840362,False,0.08944198175136914,False
validation:2026.9.7/log_21_2026-9-7-05-54-56.ulg:0:4625,2026.9.7/log_21_2026-9-7-05-54-56.ulg,0,4625,51,198188259,198690927,199696105,0.502668,Sep7,Stabilized,lower_change,0,0.0,False,0.07837092773040624,False,0.276134272625786,False,0.1378222675193747,False
validation:2026.9.7/log_21_2026-9-7-05-54-56.ulg:0:4675,2026.9.7/log_21_2026-9-7-05-54-56.ulg,0,4675,51,199193482,199696105,200691519,0.5026229999999999,Sep7,Stabilized,lower_change,0,0.0,False,0.11763712455367993,False,0.12084137462780287,False,0.20985925202099726,False
validation:2026.9.7/log_21_2026-9-7-05-54-56.ulg:0:4725,2026.9.7/log_21_2026-9-7-05-54-56.ulg,0,4725,51,200189052,200691519,201686908,0.502467,Sep7,Stabilized,lower_change,0,0.0,False,0.09186672031866,False,0.19565574715341044,False,0.2060750613583809,False
validation:2026.9.7/log_21_2026-9-7-05-54-56.ulg:0:4775,2026.9.7/log_21_2026-9-7-05-54-56.ulg,0,4775,51,201194213,201686908,202692221,0.492695,Sep7,Stabilized,sustained,1,0.013093899931878903,False,0.06284941019487536,False,0.5126805970364066,True,0.05857430226238244,False
validation:2026.9.7/log_21_2026-9-7-05-54-56.ulg:0:4825,2026.9.7/log_21_2026-9-7-05-54-56.ulg,0,4825,51,202189498,202692221,203697410,0.502723,Sep7,Stabilized,lower_change,0,0.0058557700676522195,False,0.08133631972405994,False,0.3435869276990701,False,0.07702080386898892,False
validation:2026.9.7/log_21_2026-9-7-05-54-56.ulg:0:4875,2026.9.7/log_21_2026-9-7-05-54-56.ulg,0,4875,51,203194930,203697410,204692839,0.5024799999999999,Sep7,Stabilized,lower_change,0,0.0058557700676522195,False,0.06349503766772979,False,0.2646964503209243,False,0.036793416045729735,False
validation:2026.9.7/log_21_2026-9-7-05-54-56.ulg:0:4925,2026.9.7/log_21_2026-9-7-05-54-56.ulg,0,4925,51,204190211,204692839,205688218,0.502628,Sep7,Stabilized,lower_change,0,0.004140654723906093,False,0.0664141902860047,False,0.09426559085780474,False,0.06378512544143532,False
validation:2026.9.7/log_21_2026-9-7-05-54-56.ulg:0:4975,2026.9.7/log_21_2026-9-7-05-54-56.ulg,0,4975,51,205195438,205688218,206693684,0.49278,Sep7,Stabilized,lower_change,0,0.0,False,0.0597899256417337,False,0.09687541338786951,False,0.04489679663280266,False
validation:2026.9.7/log_21_2026-9-7-05-54-56.ulg:0:5025,2026.9.7/log_21_2026-9-7-05-54-56.ulg,0,5025,51,206190882,206693684,207698909,0.502802,Sep7,Stabilized,lower_change,0,0.0,False,0.09074135253706175,False,0.11620268179204006,False,0.05375455573466013,False
validation:2026.9.7/log_21_2026-9-7-05-54-56.ulg:0:5075,2026.9.7/log_21_2026-9-7-05-54-56.ulg,0,5075,51,207196119,207698909,208694206,0.50279,Sep7,Stabilized,sustained,2,0.010142491274614685,False,0.1942734536288944,True,0.2581394514605897,False,0.2676824308054315,True
validation:2026.9.7/log_21_2026-9-7-05-54-56.ulg:0:5125,2026.9.7/log_21_2026-9-7-05-54-56.ulg,0,5125,51,208191501,208694206,209689518,0.502705,Sep7,Stabilized,lower_change,0,0.004140654723906093,False,0.10407176427335581,False,0.09956847076862309,False,0.048415512147297245,False
validation:2026.9.7/log_21_2026-9-7-05-54-56.ulg:0:5175,2026.9.7/log_21_2026-9-7-05-54-56.ulg,0,5175,51,209196768,209689518,210695019,0.4927499999999999,Sep7,Stabilized,lower_change,0,0.009258785434009646,False,0.07603262300095691,False,0.2439847727745832,False,0.10623919135987463,False
validation:2026.9.7/log_21_2026-9-7-05-54-56.ulg:0:5225,2026.9.7/log_21_2026-9-7-05-54-56.ulg,0,5225,51,210192185,210695019,211690213,0.502834,Sep7,Stabilized,lower_change,0,0.007171824358405434,False,0.07858946398202957,False,0.0768216754455184,False,0.06697212120256833,False
validation:2026.9.7/log_21_2026-9-7-05-54-56.ulg:0:5275,2026.9.7/log_21_2026-9-7-05-54-56.ulg,0,5275,51,211197444,211690213,212695780,0.4927689999999999,Sep7,Stabilized,lower_change,0,0.008281309447812185,False,0.16076387186113875,False,0.16587824046220534,False,0.19048951992626448,False
validation:2026.9.7/log_21_2026-9-7-05-54-56.ulg:0:5325,2026.9.7/log_21_2026-9-7-05-54-56.ulg,0,5325,51,212192832,212695780,213690908,0.502948,Sep7,Stabilized,sustained,1,0.012421964171718276,False,0.18153091694823642,True,0.2662758160429019,False,0.02785318538039355,False
validation:2026.9.7/log_21_2026-9-7-05-54-56.ulg:0:5375,2026.9.7/log_21_2026-9-7-05-54-56.ulg,0,5375,51,213188267,213690908,214697076,0.502641,Sep7,Stabilized,lower_change,0,0.018974863698976142,False,0.10673412262298342,False,0.13291804353619543,False,0.04617823349263943,False
validation:2026.9.7/log_21_2026-9-7-05-54-56.ulg:0:5425,2026.9.7/log_21_2026-9-7-05-54-56.ulg,0,5425,51,214193522,214697076,215691606,0.503554,Sep7,Stabilized,lower_change,0,0.009258785434009646,False,0.17220666178522767,False,0.06624400032815597,False,0.042572826969239995,False
validation:2026.9.7/log_21_2026-9-7-05-54-56.ulg:0:5475,2026.9.7/log_21_2026-9-7-05-54-56.ulg,0,5475,51,215198834,215691606,216697098,0.492772,Sep7,Stabilized,lower_change,0,0.016562618895624368,False,0.10116490111877778,False,0.14285142739589396,False,0.03324937119648796,False
validation:2026.9.7/log_21_2026-9-7-05-54-56.ulg:0:5525,2026.9.7/log_21_2026-9-7-05-54-56.ulg,0,5525,51,216194099,216697098,217692293,0.502999,Sep7,Stabilized,lower_change,0,0.010142491274614685,False,0.11327133178231708,False,0.35369154496396393,False,0.08919294353025135,False
validation:2026.9.7/log_21_2026-9-7-05-54-56.ulg:0:5575,2026.9.7/log_21_2026-9-7-05-54-56.ulg,0,5575,51,217189560,217692293,218698062,0.502733,Sep7,Stabilized,lower_change,0,0.0058557700676522195,False,0.15752665789453113,False,0.3164868244166809,False,0.09113591792199119,False
validation:2026.9.7/log_21_2026-9-7-05-54-56.ulg:0:5625,2026.9.7/log_21_2026-9-7-05-54-56.ulg,0,5625,51,218194740,218698062,219692850,0.5033219999999999,Sep7,Stabilized,lower_change,0,0.015492911333783643,False,0.08883780674940883,False,0.09121404864317399,False,0.05269573263253152,False
validation:2026.9.7/log_21_2026-9-7-05-54-56.ulg:0:5675,2026.9.7/log_21_2026-9-7-05-54-56.ulg,0,5675,51,219190215,219692850,220688382,0.5026349999999999,Sep7,Stabilized,lower_change,0,0.014343648716810866,False,0.08783338250540285,False,0.2392448009725887,False,0.10287172799021363,False
validation:2026.9.7/log_21_2026-9-7-05-54-56.ulg:0:5725,2026.9.7/log_21_2026-9-7-05-54-56.ulg,0,5725,51,220195463,220688382,221693482,0.492919,Sep7,Stabilized,lower_change,0,0.016036686788083364,False,0.13402638672478828,False,0.16195848068354016,False,0.09835534673734056,False
validation:2026.9.7/log_21_2026-9-7-05-54-56.ulg:0:5775,2026.9.7/log_21_2026-9-7-05-54-56.ulg,0,5775,51,221190861,221693482,222689153,0.502621,Sep7,Stabilized,lower_change,0,0.016036686788083364,False,0.09250412717442612,False,0.17409134351256422,False,0.04103847494540588,False
validation:2026.9.7/log_21_2026-9-7-05-54-56.ulg:0:5825,2026.9.7/log_21_2026-9-7-05-54-56.ulg,0,5825,51,222196091,222689153,223694148,0.493062,Sep7,Stabilized,sustained,1,0.009258785434009646,False,0.18951124769135327,True,0.10531638229724159,False,0.07249107293078601,False
validation:2026.9.7/log_21_2026-9-7-05-54-56.ulg:0:5875,2026.9.7/log_21_2026-9-7-05-54-56.ulg,0,5875,51,223191473,223694148,224689693,0.502675,Sep7,Stabilized,lower_change,0,0.011711540135304437,False,0.062209435459766926,False,0.13679746526208572,False,0.11746242636473149,False
validation:2026.9.7/log_21_2026-9-7-05-54-56.ulg:0:5925,2026.9.7/log_21_2026-9-7-05-54-56.ulg,0,5925,51,224196750,224689693,225694802,0.4929429999999999,Sep7,Stabilized,lower_change,0,0.018048695501600966,False,0.09015680275409681,False,0.21731738913608584,False,0.12672751906588087,False
validation:2026.9.7/log_21_2026-9-7-05-54-56.ulg:0:5975,2026.9.7/log_21_2026-9-7-05-54-56.ulg,0,5975,51,225192191,225694802,226690568,0.502611,Sep7,Stabilized,lower_change,0,0.014929342921035602,False,0.0678994225367183,False,0.17462894444489396,False,0.12244321541700699,False
validation:2026.9.7/log_21_2026-9-7-05-54-56.ulg:0:6025,2026.9.7/log_21_2026-9-7-05-54-56.ulg,0,6025,51,226187591,226690568,227695440,0.502977,Sep7,Stabilized,lower_change,0,0.014929342921035602,False,0.08087376404925388,False,0.40637573533673227,False,0.09722908412463843,False
validation:2026.9.7/log_21_2026-9-7-05-54-56.ulg:0:6075,2026.9.7/log_21_2026-9-7-05-54-56.ulg,0,6075,51,227192807,227695440,228690951,0.502633,Sep7,Stabilized,lower_change,0,0.013732998105609137,False,0.08066864588321054,False,0.16542228220544902,False,0.05495283151133813,False
validation:2026.9.7/log_21_2026-9-7-05-54-56.ulg:0:6125,2026.9.7/log_21_2026-9-7-05-54-56.ulg,0,6125,51,228198074,228690951,229696174,0.4928769999999999,Sep7,Stabilized,lower_change,0,0.022008055869615014,False,0.14911518213075825,False,0.136625730767129,False,0.036833862764957405,False
validation:2026.9.7/log_21_2026-9-7-05-54-56.ulg:0:6175,2026.9.7/log_21_2026-9-7-05-54-56.ulg,0,6175,51,229193483,229696174,230691747,0.502691,Sep7,Stabilized,lower_change,0,0.2247261575686832,False,0.149801894826696,False,0.0677028865863899,False,0.14978036403744194,False
validation:2026.9.7/log_21_2026-9-7-05-54-56.ulg:0:6225,2026.9.7/log_21_2026-9-7-05-54-56.ulg,0,6225,51,230188888,230691747,231696975,0.502859,Sep7,Stabilized,mixed_change,1,0.6776292030793526,True,0.0813708880064542,False,0.1043563218492445,False,0.05583623632987877,False
validation:2026.9.7/log_21_2026-9-7-05-54-56.ulg:0:6275,2026.9.7/log_21_2026-9-7-05-54-56.ulg,0,6275,51,231194140,231696975,232692370,0.502835,Sep7,Stabilized,sustained,1,0.0,False,0.2933247952863167,True,0.30217300332983177,False,0.13653573600158056,False
validation:2026.9.7/log_21_2026-9-7-05-54-56.ulg:0:6325,2026.9.7/log_21_2026-9-7-05-54-56.ulg,0,6325,51,232189564,232692370,233687590,0.502806,Sep7,Stabilized,lower_change,0,0.0,False,0.06435787232833277,False,0.28506574505284243,False,0.12486051943979129,False
validation:2026.9.7/log_21_2026-9-7-05-54-56.ulg:0:6375,2026.9.7/log_21_2026-9-7-05-54-56.ulg,0,6375,51,233194828,233687590,234693199,0.492762,Sep7,Stabilized,lower_change,0,0.0,False,0.07471224595754161,False,0.12980350182804432,False,0.0923015068714159,False
validation:2026.9.7/log_21_2026-9-7-05-54-56.ulg:0:6425,2026.9.7/log_21_2026-9-7-05-54-56.ulg,0,6425,51,234190193,234693199,235698284,0.503006,Sep7,Stabilized,sustained,2,0.0,False,0.16603464594726883,False,0.9995512126165295,True,0.598635028523874,True
validation:2026.9.7/log_21_2026-9-7-05-54-56.ulg:0:6475,2026.9.7/log_21_2026-9-7-05-54-56.ulg,0,6475,51,235195481,235698284,236693579,0.502803,Sep7,Stabilized,mixed_change,2,0.0,False,0.10757051897319467,False,0.6640721359198187,True,0.3026981225803179,True
validation:2026.9.7/log_21_2026-9-7-05-54-56.ulg:0:6525,2026.9.7/log_21_2026-9-7-05-54-56.ulg,0,6525,51,236190911,236693579,237688933,0.502668,Sep7,Stabilized,sustained,2,0.6004601157757072,True,0.31230559384422313,True,0.07847043877102408,False,0.10847680506504793,False
validation:2026.9.7/log_21_2026-9-7-05-54-56.ulg:0:6575,2026.9.7/log_21_2026-9-7-05-54-56.ulg,0,6575,51,237196124,237688933,238694401,0.492809,Sep7,Stabilized,sustained,1,0.014343648716810866,False,0.23120573455517443,True,0.41501136280713863,False,0.13821049762952956,False
validation:2026.9.7/log_21_2026-9-7-05-54-56.ulg:0:6625,2026.9.7/log_21_2026-9-7-05-54-56.ulg,0,6625,51,238191596,238694401,239699629,0.502805,Sep7,Stabilized,sustained,2,0.36181430747318033,True,0.18181065907566646,True,0.4249889868892162,False,0.08212572417846312,False
validation:2026.9.7/log_21_2026-9-7-05-54-56.ulg:0:6675,2026.9.7/log_21_2026-9-7-05-54-56.ulg,0,6675,51,239196772,239699629,240694903,0.502857,Sep7,Stabilized,sustained,1,0.013733407386115358,False,0.1821782353318041,True,0.1553815423795641,False,0.08382871501129728,False
validation:2026.9.7/log_21_2026-9-7-05-54-56.ulg:0:6725,2026.9.7/log_21_2026-9-7-05-54-56.ulg,0,6725,51,240192199,240694903,241690251,0.5027039999999999,Sep7,Stabilized,lower_change,0,0.007172038098178886,False,0.08593802668175071,False,0.20238231466308032,False,0.06445335859552821,False
validation:2026.9.7/log_21_2026-9-7-05-54-56.ulg:0:6775,2026.9.7/log_21_2026-9-7-05-54-56.ulg,0,6775,51,241197415,241690251,242695731,0.492836,Sep7,Stabilized,mixed_change,3,0.010955469157337291,False,0.1871943254977905,True,1.1423496122548324,True,0.33762294165581497,True
validation:2026.9.7/log_21_2026-9-7-05-54-56.ulg:0:6825,2026.9.7/log_21_2026-9-7-05-54-56.ulg,0,6825,51,242192841,242695731,243690909,0.50289,Sep7,Stabilized,mixed_change,3,0.011711889170892904,False,0.19994051662454165,True,0.5830190803933433,True,0.3455989063986814,True
validation:2026.9.7/log_21_2026-9-7-05-54-56.ulg:0:6875,2026.9.7/log_21_2026-9-7-05-54-56.ulg,0,6875,51,243198050,243690909,244696205,0.492859,Sep7,Stabilized,sustained,2,0.0,False,0.24921680034044655,True,1.0952757175238523,True,0.10217078879522265,False
validation:2026.9.7/log_21_2026-9-7-05-54-56.ulg:0:6925,2026.9.7/log_21_2026-9-7-05-54-56.ulg,0,6925,51,244193456,244696205,245691548,0.502749,Sep7,Stabilized,lower_change,0,0.0029278850338261097,False,0.14937802167533804,False,0.22878494412480113,False,0.1118758483582423,False
validation:2026.9.7/log_21_2026-9-7-05-54-56.ulg:0:6975,2026.9.7/log_21_2026-9-7-05-54-56.ulg,0,6975,51,245188968,245691548,246697551,0.50258,Sep7,Stabilized,mixed_change,1,0.24079058504793957,False,0.2356681720483717,True,0.1596225014933759,False,0.05114552619773694,False
validation:2026.9.7/log_21_2026-9-7-05-54-56.ulg:0:7025,2026.9.7/log_21_2026-9-7-05-54-56.ulg,0,7025,51,246194177,246697551,247692280,0.503374,Sep7,Stabilized,lower_change,0,0.014372717326000328,False,0.1532655127309484,False,0.1161505866483465,False,0.07546246162949904,False
validation:2026.9.7/log_21_2026-9-7-05-54-56.ulg:0:7075,2026.9.7/log_21_2026-9-7-05-54-56.ulg,0,7075,51,247189522,247692280,248697876,0.5027579999999999,Sep7,Stabilized,sustained,1,0.015524309020220351,False,0.3316849328761714,True,0.3780586740165279,False,0.1510822820702047,False
validation:2026.9.7/log_21_2026-9-7-05-54-56.ulg:0:7125,2026.9.7/log_21_2026-9-7-05-54-56.ulg,0,7125,51,248194774,248697876,249692847,0.5031019999999999,Sep7,Stabilized,lower_change,0,0.010163045885292214,False,0.12655616683703977,False,0.22883027613982224,False,0.0456993634478382,False
validation:2026.9.7/log_21_2026-9-7-05-54-56.ulg:0:7175,2026.9.7/log_21_2026-9-7-05-54-56.ulg,0,7175,51,249190185,249692847,250688455,0.5026619999999999,Sep7,Stabilized,lower_change,0,0.017106955351218183,False,0.0747837456950267,False,0.2692493200277118,False,0.13428335523779072,False
validation:2026.9.7/log_21_2026-9-7-05-54-56.ulg:0:7225,2026.9.7/log_21_2026-9-7-05-54-56.ulg,0,7225,51,250195440,250688455,251693536,0.493015,Sep7,Stabilized,lower_change,0,0.009277549140557678,False,0.15157903130727843,False,0.0902519520849942,False,0.09457157522055715,False
validation:2026.9.7/log_21_2026-9-7-05-54-56.ulg:0:7275,2026.9.7/log_21_2026-9-7-05-54-56.ulg,0,7275,51,251190858,251693536,252689012,0.502678,Sep7,Stabilized,mixed_change,2,0.008536178392938774,False,0.18437590599568673,True,0.6064155152470916,True,0.10229129745141419,False
validation:2026.9.7/log_21_2026-9-7-05-54-56.ulg:0:7325,2026.9.7/log_21_2026-9-7-05-54-56.ulg,0,7325,51,252196072,252689012,253694118,0.49294,Sep7,Stabilized,mixed_change,3,0.11075917128284034,False,0.5066567512371405,True,0.7260596313194291,True,0.2506880774762057,True
validation:2026.9.7/log_21_2026-9-7-05-54-56.ulg:0:7375,2026.9.7/log_21_2026-9-7-05-54-56.ulg,0,7375,51,253191507,253694118,254689888,0.502611,Sep7,Stabilized,mixed_change,2,0.0020703273619530464,False,0.2549764780486744,True,0.20497586622762123,False,0.23675245050407467,True
validation:2026.9.7/log_21_2026-9-7-05-54-56.ulg:0:7425,2026.9.7/log_21_2026-9-7-05-54-56.ulg,0,7425,51,254186930,254689888,255695143,0.502958,Sep7,Stabilized,lower_change,0,0.0,False,0.16195545581167908,False,0.4223569293532876,False,0.1847677402603495,False
validation:2026.9.7/log_21_2026-9-7-05-54-56.ulg:0:7475,2026.9.7/log_21_2026-9-7-05-54-56.ulg,0,7475,51,255192160,255695143,256690189,0.502983,Sep7,Stabilized,mixed_change,1,0.0,False,0.2429121627495102,True,0.26797675161628065,False,0.18067257289732194,False
validation:2026.9.7/log_21_2026-9-7-05-54-56.ulg:0:7525,2026.9.7/log_21_2026-9-7-05-54-56.ulg,0,7525,51,256197400,256690189,257695715,0.492789,Sep7,Stabilized,mixed_change,2,0.010142491274614685,False,0.2020815576107774,True,0.34502689436576184,False,0.4297026668802544,True
validation:2026.9.7/log_21_2026-9-7-05-54-56.ulg:0:7575,2026.9.7/log_21_2026-9-7-05-54-56.ulg,0,7575,51,257192795,257695715,258691344,0.5029199999999999,Sep7,Stabilized,sustained,2,0.41613126026681224,True,0.14963560483272506,False,0.45539370601323953,False,0.22760180361255888,True
validation:2026.9.7/log_21_2026-9-7-05-54-56.ulg:0:7625,2026.9.7/log_21_2026-9-7-05-54-56.ulg,0,7625,51,258188250,258691344,259696356,0.5030939999999999,Sep7,Stabilized,sustained,1,0.033125939644574304,False,0.4121260402190689,True,0.27988437007705746,False,0.20451416545530707,False
validation:2026.9.7/log_21_2026-9-7-05-54-56.ulg:0:7675,2026.9.7/log_21_2026-9-7-05-54-56.ulg,0,7675,51,259193484,259696356,260691827,0.502872,Sep7,Stabilized,sustained,2,0.005856119103240683,False,0.19110774737772362,True,0.6363583737474883,True,0.05410266649224138,False
validation:2026.9.7/log_21_2026-9-7-05-54-56.ulg:0:7725,2026.9.7/log_21_2026-9-7-05-54-56.ulg,0,7725,51,260198713,260691827,261697027,0.493114,Sep7,Stabilized,mixed_change,3,0.42369463175764666,True,0.18331552652091365,True,1.027318008738384,True,0.06783950184530953,False
validation:2026.9.7/log_21_2026-9-7-05-54-56.ulg:0:7775,2026.9.7/log_21_2026-9-7-05-54-56.ulg,0,7775,51,261194148,261697027,262692124,0.502879,Sep7,Stabilized,sustained,1,0.0020703273619530464,False,0.26426044206155247,True,0.37299932950073644,False,0.11634115477972881,False
validation:2026.9.7/log_21_2026-9-7-05-54-56.ulg:0:7825,2026.9.7/log_21_2026-9-7-05-54-56.ulg,0,7825,51,262189515,262692124,263697684,0.502609,Sep7,Stabilized,lower_change,0,0.004140654723906093,False,0.09810478303414354,False,0.18025176657890551,False,0.12724503250823682,False
validation:2026.9.7/log_21_2026-9-7-05-54-56.ulg:0:7875,2026.9.7/log_21_2026-9-7-05-54-56.ulg,0,7875,51,263194801,263697684,264692752,0.502883,Sep7,Stabilized,sustained,2,0.0,False,0.3676396292217408,True,0.848339690291322,True,0.14315174147911514,False
validation:2026.9.7/log_21_2026-9-7-05-54-56.ulg:0:7925,2026.9.7/log_21_2026-9-7-05-54-56.ulg,0,7925,51,264190163,264692752,265688181,0.502589,Sep7,Stabilized,sustained,2,0.006866499052804569,False,0.31120432940827847,True,1.025624455914272,True,0.0783556488905672,False
validation:2026.9.7/log_21_2026-9-7-05-54-56.ulg:0:7975,2026.9.7/log_21_2026-9-7-05-54-56.ulg,0,7975,51,265195412,265688181,266694020,0.4927689999999999,Sep7,Stabilized,sustained,1,0.35586585211384414,True,0.15091269834884144,False,0.2357665427681628,False,0.11967608415087144,False
validation:2026.9.7/log_21_2026-9-7-05-54-56.ulg:0:8025,2026.9.7/log_21_2026-9-7-05-54-56.ulg,0,8025,51,266190820,266694020,267699094,0.5032,Sep7,Stabilized,lower_change,0,0.23345443072119987,False,0.11662675146615768,False,0.08979982482873351,False,0.09048476331797804,False
validation:2026.9.7/log_21_2026-9-7-05-54-56.ulg:0:8075,2026.9.7/log_21_2026-9-7-05-54-56.ulg,0,8075,51,267196127,267699094,268694168,0.5029669999999999,Sep7,Stabilized,mixed_change,2,0.449467394029538,True,0.2095606311818817,True,0.11469321903842628,False,0.13143395310530423,False
validation:2026.9.7/log_21_2026-9-7-05-54-56.ulg:0:8125,2026.9.7/log_21_2026-9-7-05-54-56.ulg,0,8125,51,268191538,268694168,269689506,0.50263,Sep7,Stabilized,lower_change,0,0.011711889170892904,False,0.12633747984060187,False,0.31415412572546453,False,0.16071871558739953,False
validation:2026.9.7/log_21_2026-9-7-05-54-56.ulg:0:8175,2026.9.7/log_21_2026-9-7-05-54-56.ulg,0,8175,51,269196731,269689506,270695054,0.4927749999999999,Sep7,Stabilized,sustained,1,0.005855944585446452,False,0.19080284219219626,True,0.40062152413729313,False,0.08335043209160513,False
validation:2026.9.7/log_21_2026-9-7-05-54-56.ulg:0:8225,2026.9.7/log_21_2026-9-7-05-54-56.ulg,0,8225,51,270192161,270695054,271690188,0.5028929999999999,Sep7,Stabilized,lower_change,0,0.0,False,0.15605574140916248,False,0.14009762647614374,False,0.07174148938661296,False
validation:2026.9.7/log_21_2026-9-7-05-54-56.ulg:0:8275,2026.9.7/log_21_2026-9-7-05-54-56.ulg,0,8275,51,271197388,271690188,272695667,0.4927999999999999,Sep7,Stabilized,sustained,2,0.0,False,0.19063168469986805,True,2.0148570227651676,True,0.05423014257101565,False
validation:2026.9.7/log_21_2026-9-7-05-54-56.ulg:0:8325,2026.9.7/log_21_2026-9-7-05-54-56.ulg,0,8325,51,272192759,272695667,273690858,0.502908,Sep7,Stabilized,reversing,3,0.0029278850338261097,False,0.21637809394229918,True,1.236529325277207,True,0.26328041595182927,True
validation:2026.9.7/log_21_2026-9-7-05-54-56.ulg:0:8375,2026.9.7/log_21_2026-9-7-05-54-56.ulg,0,8375,51,273188240,273690858,274696393,0.502618,Sep7,Stabilized,lower_change,0,0.01934969750479964,False,0.08245624402125735,False,0.14216231588245537,False,0.0475640082607223,False
validation:2026.9.7/log_22_2026-9-7-06-01-40.ulg:0:25,2026.9.7/log_22_2026-9-7-06-01-40.ulg,0,25,51,53045213,53544180,54541971,0.498967,Sep7,Stabilized,reversing,1,0.08636122786328562,False,0.14089581284260888,False,0.28518635210555204,False,0.2629336117812159,True
validation:2026.9.7/log_22_2026-9-7-06-01-40.ulg:0:75,2026.9.7/log_22_2026-9-7-06-01-40.ulg,0,75,51,54042975,54541971,55539894,0.498996,Sep7,Stabilized,sustained,2,0.34954652997481905,True,0.1461179316796698,False,0.603544034169292,True,0.0893681273388731,False
validation:2026.9.7/log_22_2026-9-7-06-01-40.ulg:0:125,2026.9.7/log_22_2026-9-7-06-01-40.ulg,0,125,51,55040838,55539894,56547641,0.499056,Sep7,Stabilized,sustained,1,0.053027207220903975,False,0.06839996516442348,False,0.4012499796165136,False,0.33409563250637736,True
validation:2026.9.7/log_22_2026-9-7-06-01-40.ulg:0:175,2026.9.7/log_22_2026-9-7-06-01-40.ulg,0,175,51,56048658,56547641,57545485,0.4989829999999999,Sep7,Stabilized,sustained,1,0.051676075865908444,False,0.1528781123052314,False,0.5339427175528867,True,0.1323153883751989,False
validation:2026.9.7/log_22_2026-9-7-06-01-40.ulg:0:225,2026.9.7/log_22_2026-9-7-06-01-40.ulg,0,225,51,57046554,57545485,58543329,0.4989309999999999,Sep7,Stabilized,lower_change,0,0.006866499052804569,False,0.11081760251000426,False,0.2372133204425683,False,0.04191299667095461,False
validation:2026.9.7/log_22_2026-9-7-06-01-40.ulg:0:275,2026.9.7/log_22_2026-9-7-06-01-40.ulg,0,275,51,58044407,58543329,59541236,0.498922,Sep7,Stabilized,sustained,1,0.0058557700676522195,False,0.10637993356851225,False,0.5325532659403333,True,0.1607655411366376,False
validation:2026.9.7/log_22_2026-9-7-06-01-40.ulg:0:325,2026.9.7/log_22_2026-9-7-06-01-40.ulg,0,325,51,59042248,59541236,60549047,0.498988,Sep7,Stabilized,sustained,1,0.02111363015526066,False,0.10032559851614962,False,0.5675966873343152,True,0.11755809717763059,False
validation:2026.9.7/log_22_2026-9-7-06-01-40.ulg:0:375,2026.9.7/log_22_2026-9-7-06-01-40.ulg,0,375,51,60040119,60549047,61546949,0.5089279999999999,Sep7,Stabilized,mixed_change,1,0.0058557700676522195,False,0.10327554021026111,False,0.5503002215178987,True,0.2227377899196125,False
validation:2026.9.7/log_22_2026-9-7-06-01-40.ulg:0:425,2026.9.7/log_22_2026-9-7-06-01-40.ulg,0,425,51,61048027,61546949,62544791,0.498922,Sep7,Stabilized,lower_change,0,0.02028498254922937,False,0.08426479592933601,False,0.0822893291782723,False,0.1044799247482721,False
validation:2026.9.7/log_22_2026-9-7-06-01-40.ulg:0:475,2026.9.7/log_22_2026-9-7-06-01-40.ulg,0,475,51,62045856,62544791,63542654,0.4989349999999999,Sep7,Stabilized,lower_change,0,0.0029278850338261097,False,0.09844574018816189,False,0.38608333427850305,False,0.11211052169028687,False
validation:2026.9.7/log_22_2026-9-7-06-01-40.ulg:0:525,2026.9.7/log_22_2026-9-7-06-01-40.ulg,0,525,51,63043704,63542654,64550490,0.49895,Sep7,Stabilized,lower_change,0,0.013732998105609137,False,0.07076228771706224,False,0.2660966376403722,False,0.12521584161968768,False
validation:2026.9.7/log_22_2026-9-7-06-01-40.ulg:2:25,2026.9.7/log_22_2026-9-7-06-01-40.ulg,2,25,51,65447193,65940001,66945635,0.4928079999999999,Sep7,Stabilized,mixed_change,2,0.02957067319366724,False,0.22309277047090942,True,0.5655571257077892,True,0.046135951325340104,False
validation:2026.9.7/log_22_2026-9-7-06-01-40.ulg:2:75,2026.9.7/log_22_2026-9-7-06-01-40.ulg,2,75,51,66442640,66945635,67940735,0.502995,Sep7,Stabilized,lower_change,0,0.0,False,0.07037911099674718,False,0.12050841298164568,False,0.05911594285800107,False
validation:2026.9.7/log_22_2026-9-7-06-01-40.ulg:2:125,2026.9.7/log_22_2026-9-7-06-01-40.ulg,2,125,51,67447974,67940735,68946073,0.492761,Sep7,Stabilized,lower_change,0,0.003585912179202717,False,0.08532882207635605,False,0.18632509882955503,False,0.09072314778214703,False
validation:2026.9.7/log_22_2026-9-7-06-01-40.ulg:2:175,2026.9.7/log_22_2026-9-7-06-01-40.ulg,2,175,51,68443420,68946073,69941419,0.502653,Sep7,Stabilized,mixed_change,2,0.0,False,0.108974654206265,False,0.8610281524314519,True,0.36678515999734923,True
validation:2026.9.7/log_22_2026-9-7-06-01-40.ulg:2:225,2026.9.7/log_22_2026-9-7-06-01-40.ulg,2,225,51,69448608,69941419,70946960,0.492811,Sep7,Stabilized,lower_change,0,0.02351485499891131,False,0.11725058456677395,False,0.2324619433794571,False,0.03395267311616915,False
validation:2026.9.7/log_22_2026-9-7-06-01-40.ulg:2:275,2026.9.7/log_22_2026-9-7-06-01-40.ulg,2,275,51,70444038,70946960,71942157,0.502922,Sep7,Stabilized,lower_change,0,0.009258785434009646,False,0.07373838605707415,False,0.16448138649794233,False,0.15741678513417945,False
validation:2026.9.7/log_22_2026-9-7-06-01-40.ulg:2:325,2026.9.7/log_22_2026-9-7-06-01-40.ulg,2,325,51,71449344,71942157,72947592,0.492813,Sep7,Stabilized,sustained,1,0.0,False,0.10058363746655677,False,0.9902798073468896,True,0.13808146014746345,False
validation:2026.9.7/log_22_2026-9-7-06-01-40.ulg:2:375,2026.9.7/log_22_2026-9-7-06-01-40.ulg,2,375,51,72444769,72947592,73942838,0.502823,Sep7,Stabilized,lower_change,0,0.0,False,0.09642547838568712,False,0.2555736465859605,False,0.14283592505818196,False
validation:2026.9.7/log_22_2026-9-7-06-01-40.ulg:2:425,2026.9.7/log_22_2026-9-7-06-01-40.ulg,2,425,51,73440157,73942838,74948424,0.5026809999999999,Sep7,Stabilized,mixed_change,2,0.0,False,0.3586293532477337,True,0.541139486502817,True,0.20736377823715,False
validation:2026.9.7/log_22_2026-9-7-06-01-40.ulg:2:475,2026.9.7/log_22_2026-9-7-06-01-40.ulg,2,475,51,74445484,74948424,75943660,0.5029399999999999,Sep7,Stabilized,lower_change,0,0.0,False,0.09723471272181834,False,0.43839017704228317,False,0.17040689032028805,False
validation:2026.9.7/log_22_2026-9-7-06-01-40.ulg:2:525,2026.9.7/log_22_2026-9-7-06-01-40.ulg,2,525,51,75440881,75943660,76939099,0.502779,Sep7,Stabilized,mixed_change,1,0.0,False,0.06563932086218036,False,0.19951042989022755,False,0.41275929203321876,True
validation:2026.9.7/log_22_2026-9-7-06-01-40.ulg:2:575,2026.9.7/log_22_2026-9-7-06-01-40.ulg,2,575,51,76446199,76939099,77944363,0.4929,Sep7,Stabilized,sustained,1,0.0,False,0.07260272162761025,False,0.6256547306561281,True,0.10550363301503832,False
validation:2026.9.7/log_22_2026-9-7-06-01-40.ulg:2:625,2026.9.7/log_22_2026-9-7-06-01-40.ulg,2,625,51,77441685,77944363,78949827,0.502678,Sep7,Stabilized,lower_change,0,0.0,False,0.1489152769749048,False,0.20861702139798602,False,0.10040641555170605,False
validation:2026.9.7/log_22_2026-9-7-06-01-40.ulg:2:675,2026.9.7/log_22_2026-9-7-06-01-40.ulg,2,675,51,78446909,78949827,79945007,0.502918,Sep7,Stabilized,lower_change,0,0.0,False,0.09540608673950636,False,0.21765766520769766,False,0.050948497402010545,False
validation:2026.9.7/log_22_2026-9-7-06-01-40.ulg:2:725,2026.9.7/log_22_2026-9-7-06-01-40.ulg,2,725,51,79442357,79945007,80940533,0.5026499999999999,Sep7,Stabilized,mixed_change,2,0.01669177302192185,False,0.10303691426585183,False,1.351843792326225,True,0.29928230023693786,True
validation:2026.9.7/log_22_2026-9-7-06-01-40.ulg:2:775,2026.9.7/log_22_2026-9-7-06-01-40.ulg,2,775,51,80447594,80940533,81945739,0.4929389999999999,Sep7,Stabilized,mixed_change,1,0.007171824358405433,False,0.10768516417948709,False,1.850056132243855,True,0.12285299013946094,False
validation:2026.9.7/log_22_2026-9-7-06-01-40.ulg:2:825,2026.9.7/log_22_2026-9-7-06-01-40.ulg,2,825,51,81443043,81945739,82941369,0.502696,Sep7,Stabilized,sustained,1,0.0029278850338261097,False,0.11094625701203673,False,0.5690887072386903,True,0.17968608284116397,False
validation:2026.9.7/log_22_2026-9-7-06-01-40.ulg:2:875,2026.9.7/log_22_2026-9-7-06-01-40.ulg,2,875,51,82448308,82941369,83946414,0.4930609999999999,Sep7,Stabilized,lower_change,0,0.008281309447812184,False,0.09969648177901153,False,0.22223425264463906,False,0.12496337990342055,False
validation:2026.9.7/log_22_2026-9-7-06-01-40.ulg:2:925,2026.9.7/log_22_2026-9-7-06-01-40.ulg,2,925,51,83443821,83946414,84941918,0.502593,Sep7,Stabilized,lower_change,0,0.0164327139966605,False,0.05212517343941142,False,0.18614002293032347,False,0.04546491453804103,False
validation:2026.9.7/log_22_2026-9-7-06-01-40.ulg:2:975,2026.9.7/log_22_2026-9-7-06-01-40.ulg,2,975,51,84439182,84941918,85947177,0.502736,Sep7,Stabilized,sustained,1,0.0,False,0.0646183822133241,False,0.9347815095557778,True,0.052129879835760166,False
validation:2026.9.7/log_22_2026-9-7-06-01-40.ulg:2:1025,2026.9.7/log_22_2026-9-7-06-01-40.ulg,2,1025,51,85444498,85947177,86942966,0.502679,Sep7,Stabilized,sustained,1,0.0020703273619530464,False,0.21219219492278937,True,0.2222292490351557,False,0.0817025538839755,False
validation:2026.9.7/log_22_2026-9-7-06-01-40.ulg:2:1075,2026.9.7/log_22_2026-9-7-06-01-40.ulg,2,1075,51,86449751,86942966,87947859,0.4932149999999999,Sep7,Stabilized,lower_change,0,0.004629392717004823,False,0.0897437597537299,False,0.34772907031531436,False,0.17543748154933864,False
validation:2026.9.7/log_22_2026-9-7-06-01-40.ulg:2:1125,2026.9.7/log_22_2026-9-7-06-01-40.ulg,2,1125,51,87445242,87947859,88943408,0.502617,Sep7,Stabilized,lower_change,0,0.004140654723906093,False,0.11842954369988078,False,0.3741500381614629,False,0.03620850460642843,False
validation:2026.9.7/log_22_2026-9-7-06-01-40.ulg:2:1175,2026.9.7/log_22_2026-9-7-06-01-40.ulg,2,1175,51,88440670,88943408,89948703,0.502738,Sep7,Stabilized,lower_change,0,0.0,False,0.061047225636450236,False,0.1793348461090321,False,0.046672991079229974,False
validation:2026.9.7/log_22_2026-9-7-06-01-40.ulg:2:1225,2026.9.7/log_22_2026-9-7-06-01-40.ulg,2,1225,51,89445930,89948703,90944418,0.502773,Sep7,Stabilized,lower_change,0,0.0020703273619530464,False,0.05318306248594355,False,0.14480952211880058,False,0.03472452548196834,False
validation:2026.9.7/log_22_2026-9-7-06-01-40.ulg:2:1275,2026.9.7/log_22_2026-9-7-06-01-40.ulg,2,1275,51,90441370,90944418,91939455,0.5030479999999999,Sep7,Stabilized,lower_change,0,0.0,False,0.110796482507937,False,0.17155314494743465,False,0.07198143367586952,False
validation:2026.9.7/log_22_2026-9-7-06-01-40.ulg:2:1325,2026.9.7/log_22_2026-9-7-06-01-40.ulg,2,1325,51,91446690,91939455,92944876,0.4927649999999999,Sep7,Stabilized,sustained,1,0.0,False,0.08015512155607864,False,0.5998984435093312,True,0.11565276959078796,False
validation:2026.9.7/log_22_2026-9-7-06-01-40.ulg:2:1375,2026.9.7/log_22_2026-9-7-06-01-40.ulg,2,1375,51,92442063,92944876,93950013,0.502813,Sep7,Stabilized,sustained,2,0.0,False,0.08594754823139658,False,0.5315897449096417,True,0.2458743451071635,True
validation:2026.9.7/log_22_2026-9-7-06-01-40.ulg:2:1425,2026.9.7/log_22_2026-9-7-06-01-40.ulg,2,1425,51,93447361,93950013,94945738,0.502652,Sep7,Stabilized,lower_change,0,0.011339649975618461,False,0.10448733548340801,False,0.2686251267022362,False,0.13514659778797247,False
validation:2026.9.7/log_22_2026-9-7-06-01-40.ulg:2:1475,2026.9.7/log_22_2026-9-7-06-01-40.ulg,2,1475,51,94442800,94945738,95940964,0.502938,Sep7,Stabilized,lower_change,0,0.014193971309995175,False,0.08561319624235392,False,0.1384124856403642,False,0.07511257796690093,False
validation:2026.9.7/log_22_2026-9-7-06-01-40.ulg:2:1525,2026.9.7/log_22_2026-9-7-06-01-40.ulg,2,1525,51,95448166,95940964,96946269,0.4927979999999999,Sep7,Stabilized,lower_change,0,0.0058557700676522195,False,0.14850809638045065,False,0.37103663509882784,False,0.11324090715149898,False
validation:2026.9.7/log_22_2026-9-7-06-01-40.ulg:2:1575,2026.9.7/log_22_2026-9-7-06-01-40.ulg,2,1575,51,96443518,96946269,97941674,0.502751,Sep7,Stabilized,sustained,2,0.0,False,0.1280960747474435,False,0.8173523225194432,True,0.38301271372805673,True
validation:2026.9.7/log_22_2026-9-7-06-01-40.ulg:2:1625,2026.9.7/log_22_2026-9-7-06-01-40.ulg,2,1625,51,97448809,97941674,98947374,0.492865,Sep7,Stabilized,mixed_change,1,0.010142491274614685,False,0.10650184310904867,False,0.6076475091260986,True,0.07404075873160226,False
validation:2026.9.7/log_22_2026-9-7-06-01-40.ulg:2:1675,2026.9.7/log_22_2026-9-7-06-01-40.ulg,2,1675,51,98444341,98947374,99942343,0.503033,Sep7,Stabilized,lower_change,0,0.013093899931878903,False,0.16756294871178623,False,0.2707800282855021,False,0.09635106241602508,False
validation:2026.9.7/log_22_2026-9-7-06-01-40.ulg:2:1725,2026.9.7/log_22_2026-9-7-06-01-40.ulg,2,1725,51,99449613,99942343,100947852,0.49273,Sep7,Stabilized,sustained,1,0.0029278850338261097,False,0.0755068030168082,False,0.6153137237716242,True,0.08274704455795695,False
validation:2026.9.7/log_22_2026-9-7-06-01-40.ulg:2:1775,2026.9.7/log_22_2026-9-7-06-01-40.ulg,2,1775,51,100444965,100947852,101943137,0.502887,Sep7,Stabilized,reversing,3,0.0,False,0.1957616245732237,True,0.5462262199977045,True,0.3738476746361901,True
validation:2026.9.7/log_22_2026-9-7-06-01-40.ulg:2:1825,2026.9.7/log_22_2026-9-7-06-01-40.ulg,2,1825,51,101440442,101943137,102948321,0.502695,Sep7,Stabilized,lower_change,0,0.0,False,0.059581506539737,False,0.243921930263099,False,0.06122483363414423,False
validation:2026.9.7/log_22_2026-9-7-06-01-40.ulg:2:1875,2026.9.7/log_22_2026-9-7-06-01-40.ulg,2,1875,51,102445739,102948321,103943841,0.502582,Sep7,Stabilized,lower_change,0,0.0,False,0.09013294253097615,False,0.19158174047442517,False,0.034666802064631276,False
validation:2026.9.7/log_22_2026-9-7-06-01-40.ulg:2:1925,2026.9.7/log_22_2026-9-7-06-01-40.ulg,2,1925,51,103441151,103943841,104939307,0.50269,Sep7,Stabilized,lower_change,0,0.0,False,0.13646773480133942,False,0.1882653266274594,False,0.0392941532023101,False
validation:2026.9.7/log_22_2026-9-7-06-01-40.ulg:2:1975,2026.9.7/log_22_2026-9-7-06-01-40.ulg,2,1975,51,104446397,104939307,105944576,0.4929099999999999,Sep7,Stabilized,lower_change,0,0.0,False,0.07064839337508454,False,0.24112773264582782,False,0.036619519983921496,False
validation:2026.9.7/log_22_2026-9-7-06-01-40.ulg:2:2025,2026.9.7/log_22_2026-9-7-06-01-40.ulg,2,2025,51,105441874,105944576,106949874,0.502702,Sep7,Stabilized,lower_change,0,0.0,False,0.1354376054144802,False,0.11127473115434193,False,0.05058595786040577,False
validation:2026.9.7/log_22_2026-9-7-06-01-40.ulg:2:2075,2026.9.7/log_22_2026-9-7-06-01-40.ulg,2,2075,51,106447162,106949874,107945250,0.5027119999999999,Sep7,Stabilized,lower_change,0,0.0,False,0.05271354523928968,False,0.12011615695427591,False,0.02815637800403452,False
validation:2026.9.7/log_22_2026-9-7-06-01-40.ulg:2:2125,2026.9.7/log_22_2026-9-7-06-01-40.ulg,2,2125,51,107442651,107945250,108940825,0.502599,Sep7,Stabilized,lower_change,0,0.0,False,0.07423119848339041,False,0.12165750307949048,False,0.04266646977562222,False
validation:2026.9.7/log_22_2026-9-7-06-01-40.ulg:2:2175,2026.9.7/log_22_2026-9-7-06-01-40.ulg,2,2175,51,108447870,108940825,109945955,0.492955,Sep7,Stabilized,lower_change,0,0.0,False,0.09169505188318894,False,0.1250429306363759,False,0.045614228352224395,False
validation:2026.9.7/log_22_2026-9-7-06-01-40.ulg:2:2225,2026.9.7/log_22_2026-9-7-06-01-40.ulg,2,2225,51,109443283,109945955,110941782,0.502672,Sep7,Stabilized,lower_change,0,0.0,False,0.0638030986864213,False,0.1705274480637513,False,0.043628578213942316,False
validation:2026.9.7/log_22_2026-9-7-06-01-40.ulg:2:2275,2026.9.7/log_22_2026-9-7-06-01-40.ulg,2,2275,51,110448572,110941782,111946663,0.49321,Sep7,Stabilized,lower_change,0,0.0,False,0.13563907100256622,False,0.1656150657781527,False,0.059613119762021716,False
validation:2026.9.7/log_22_2026-9-7-06-01-40.ulg:2:2325,2026.9.7/log_22_2026-9-7-06-01-40.ulg,2,2325,51,111444097,111946663,112942085,0.502566,Sep7,Stabilized,sustained,1,0.0,False,0.059657820388126365,False,0.618586207619939,True,0.06492308256592512,False
validation:2026.9.7/log_22_2026-9-7-06-01-40.ulg:2:2375,2026.9.7/log_22_2026-9-7-06-01-40.ulg,2,2375,51,112439452,112942085,113947368,0.502633,Sep7,Stabilized,sustained,1,0.3061745680530731,True,0.12307731632971204,False,0.15775611265546288,False,0.0786760809160558,False
validation:2026.9.7/log_22_2026-9-7-06-01-40.ulg:2:2425,2026.9.7/log_22_2026-9-7-06-01-40.ulg,2,2425,51,113444762,113947368,114942864,0.502606,Sep7,Stabilized,lower_change,0,0.22625647344250382,False,0.10112454208936066,False,0.09495366415546269,False,0.08478180978433837,False
validation:2026.9.7/log_22_2026-9-7-06-01-40.ulg:2:2475,2026.9.7/log_22_2026-9-7-06-01-40.ulg,2,2475,51,114450079,114942864,115948298,0.492785,Sep7,Stabilized,lower_change,0,0.0,False,0.056767868214019856,False,0.35751293639576387,False,0.17229962739674967,False
validation:2026.9.7/log_22_2026-9-7-06-01-40.ulg:2:2525,2026.9.7/log_22_2026-9-7-06-01-40.ulg,2,2525,51,115445520,115948298,116943744,0.502778,Sep7,Stabilized,lower_change,0,0.0,False,0.07596033217039963,False,0.15944836142107846,False,0.09311184376135039,False
validation:2026.9.7/log_22_2026-9-7-06-01-40.ulg:2:2575,2026.9.7/log_22_2026-9-7-06-01-40.ulg,2,2575,51,116440918,116943744,117948827,0.502826,Sep7,Stabilized,lower_change,0,0.0,False,0.05917169590589591,False,0.3765868781777578,False,0.20139005249903214,False
validation:2026.9.7/log_22_2026-9-7-06-01-40.ulg:2:2625,2026.9.7/log_22_2026-9-7-06-01-40.ulg,2,2625,51,117446194,117948827,118944420,0.502633,Sep7,Stabilized,lower_change,0,0.0,False,0.08275038054980491,False,0.39974261082404744,False,0.06445819204332942,False
validation:2026.9.7/log_22_2026-9-7-06-01-40.ulg:2:2675,2026.9.7/log_22_2026-9-7-06-01-40.ulg,2,2675,51,118441613,118944420,119939711,0.502807,Sep7,Stabilized,lower_change,0,0.0020703273619530464,False,0.05452142188537156,False,0.1141167752861838,False,0.03515921516990589,False
validation:2026.9.7/log_22_2026-9-7-06-01-40.ulg:2:2725,2026.9.7/log_22_2026-9-7-06-01-40.ulg,2,2725,51,119446900,119939711,120944974,0.492811,Sep7,Stabilized,sustained,2,0.0020703273619530464,False,0.10666408406803538,False,0.5638192418513296,True,0.44445365037829043,True
validation:2026.9.7/log_22_2026-9-7-06-01-40.ulg:2:2775,2026.9.7/log_22_2026-9-7-06-01-40.ulg,2,2775,51,120442359,120944974,121950273,0.5026149999999999,Sep7,Stabilized,lower_change,0,0.0,False,0.13056201905456116,False,0.43763754277649275,False,0.05795472302281806,False
validation:2026.9.7/log_22_2026-9-7-06-01-40.ulg:2:2825,2026.9.7/log_22_2026-9-7-06-01-40.ulg,2,2825,51,121447644,121950273,122945762,0.502629,Sep7,Stabilized,sustained,1,0.0020704507646687855,False,0.12641348634290947,False,0.5504818037045487,True,0.0360626867036886,False
validation:2026.9.7/log_22_2026-9-7-06-01-40.ulg:2:2875,2026.9.7/log_22_2026-9-7-06-01-40.ulg,2,2875,51,122443053,122945762,123941191,0.502709,Sep7,Stabilized,lower_change,0,0.0,False,0.15588618033050025,False,0.12833435033053894,False,0.0588965866458778,False
validation:2026.9.7/log_22_2026-9-7-06-01-40.ulg:2:2925,2026.9.7/log_22_2026-9-7-06-01-40.ulg,2,2925,51,123448404,123941191,124946473,0.492787,Sep7,Stabilized,lower_change,0,0.0,False,0.11677398755547207,False,0.4926290416387075,False,0.03846010881374641,False
validation:2026.9.7/log_22_2026-9-7-06-01-40.ulg:2:2975,2026.9.7/log_22_2026-9-7-06-01-40.ulg,2,2975,51,124443824,124946473,125941859,0.502649,Sep7,Stabilized,sustained,1,0.0,False,0.22057924766456788,True,0.3418955277527618,False,0.08739673459848626,False
validation:2026.9.7/log_22_2026-9-7-06-01-40.ulg:2:3025,2026.9.7/log_22_2026-9-7-06-01-40.ulg,2,3025,51,125449082,125941859,126947151,0.4927769999999999,Sep7,Stabilized,lower_change,0,0.0,False,0.14627368375662594,False,0.2127459786000428,False,0.10234843198998822,False
validation:2026.9.7/log_22_2026-9-7-06-01-40.ulg:2:3075,2026.9.7/log_22_2026-9-7-06-01-40.ulg,2,3075,51,126444549,126947151,127942600,0.502602,Sep7,Stabilized,lower_change,0,0.0,False,0.0659299092716715,False,0.2661123420910548,False,0.052100546903563735,False
validation:2026.9.7/log_22_2026-9-7-06-01-40.ulg:2:3125,2026.9.7/log_22_2026-9-7-06-01-40.ulg,2,3125,51,127439965,127942600,128947898,0.5026349999999999,Sep7,Stabilized,lower_change,0,0.0035861259189761694,False,0.08414894427102204,False,0.24429194826957218,False,0.08702913559442739,False
validation:2026.9.7/log_22_2026-9-7-06-01-40.ulg:2:3175,2026.9.7/log_22_2026-9-7-06-01-40.ulg,2,3175,51,128445223,128947898,129943294,0.502675,Sep7,Stabilized,lower_change,0,0.0020704507646687855,False,0.06069055552245543,False,0.3635996961495359,False,0.17748935840978833,False
validation:2026.9.7/log_22_2026-9-7-06-01-40.ulg:2:3225,2026.9.7/log_22_2026-9-7-06-01-40.ulg,2,3225,51,129440659,129943294,130948652,0.5026349999999999,Sep7,Stabilized,lower_change,0,0.0020704507646687855,False,0.08397528893648973,False,0.130839225082324,False,0.180518315699232,False
validation:2026.9.7/log_22_2026-9-7-06-01-40.ulg:2:3275,2026.9.7/log_22_2026-9-7-06-01-40.ulg,2,3275,51,130445981,130948652,131944085,0.502671,Sep7,Stabilized,lower_change,0,0.0,False,0.07496521463533119,False,0.20657624703820945,False,0.06509872385700216,False
validation:2026.9.7/log_22_2026-9-7-06-01-40.ulg:2:3325,2026.9.7/log_22_2026-9-7-06-01-40.ulg,2,3325,51,131441387,131944085,132939551,0.502698,Sep7,Stabilized,lower_change,0,0.0,False,0.0945243326486875,False,0.22701945530160955,False,0.13819675496053,False
validation:2026.9.7/log_22_2026-9-7-06-01-40.ulg:2:3375,2026.9.7/log_22_2026-9-7-06-01-40.ulg,2,3375,51,132446696,132939551,133944793,0.492855,Sep7,Stabilized,lower_change,0,0.0,False,0.06809621798742758,False,0.14234339795601123,False,0.06709537478203752,False
validation:2026.9.7/log_22_2026-9-7-06-01-40.ulg:2:3425,2026.9.7/log_22_2026-9-7-06-01-40.ulg,2,3425,51,133442207,133944793,134950030,0.502586,Sep7,Stabilized,lower_change,0,0.0,False,0.07393317399347482,False,0.29130710146676897,False,0.026974196086036708,False
validation:2026.9.7/log_22_2026-9-7-06-01-40.ulg:2:3475,2026.9.7/log_22_2026-9-7-06-01-40.ulg,2,3475,51,134447439,134950030,135945479,0.502591,Sep7,Stabilized,lower_change,0,0.0,False,0.08740414115959726,False,0.29086171961798296,False,0.03542747702649263,False
validation:2026.9.7/log_22_2026-9-7-06-01-40.ulg:2:3525,2026.9.7/log_22_2026-9-7-06-01-40.ulg,2,3525,51,135442916,135945479,136940875,0.502563,Sep7,Stabilized,lower_change,0,0.0,False,0.09521161387232006,False,0.20557639089795757,False,0.06804946783424559,False
validation:2026.9.7/log_22_2026-9-7-06-01-40.ulg:2:3575,2026.9.7/log_22_2026-9-7-06-01-40.ulg,2,3575,51,136438279,136940875,137946192,0.5025959999999999,Sep7,Stabilized,lower_change,0,0.0,False,0.06366628380499752,False,0.24968706999038512,False,0.11308862704752287,False
validation:2026.9.7/log_22_2026-9-7-06-01-40.ulg:2:3625,2026.9.7/log_22_2026-9-7-06-01-40.ulg,2,3625,51,137443547,137946192,138941618,0.502645,Sep7,Stabilized,lower_change,0,0.02635145007769445,False,0.06655179421218711,False,0.08282091559665782,False,0.05204538128034566,False
validation:2026.9.7/log_22_2026-9-7-06-01-40.ulg:2:3675,2026.9.7/log_22_2026-9-7-06-01-40.ulg,2,3675,51,138448916,138941618,139946982,0.492702,Sep7,Stabilized,sustained,1,0.004140778126621831,False,0.11327726161018888,False,0.6254610489185392,True,0.0560507734865308,False
validation:2026.9.7/log_22_2026-9-7-06-01-40.ulg:2:3725,2026.9.7/log_22_2026-9-7-06-01-40.ulg,2,3725,51,139444434,139946982,140942470,0.502548,Sep7,Stabilized,lower_change,0,0.007172038098178886,False,0.09822604280798147,False,0.1575847540747442,False,0.033361885926923004,False
validation:2026.9.7/log_22_2026-9-7-06-01-40.ulg:2:3775,2026.9.7/log_22_2026-9-7-06-01-40.ulg,2,3775,51,140439719,140942470,141947654,0.502751,Sep7,Stabilized,lower_change,0,0.0,False,0.13109102077490278,False,0.14074682898480245,False,0.047270698110635126,False
validation:2026.9.7/log_22_2026-9-7-06-01-40.ulg:2:3825,2026.9.7/log_22_2026-9-7-06-01-40.ulg,2,3825,51,141445099,141947654,142943187,0.502555,Sep7,Stabilized,lower_change,0,0.0,False,0.06819099489439892,False,0.1309535670654138,False,0.032790513913826,False
validation:2026.9.7/log_22_2026-9-7-06-01-40.ulg:2:3875,2026.9.7/log_22_2026-9-7-06-01-40.ulg,2,3875,51,142450273,142943187,143948375,0.4929139999999999,Sep7,Stabilized,lower_change,0,0.0,False,0.08599807676311072,False,0.1216226602558347,False,0.023572678116480117,False
validation:2026.9.7/log_22_2026-9-7-06-01-40.ulg:2:3925,2026.9.7/log_22_2026-9-7-06-01-40.ulg,2,3925,51,143445725,143948375,144943792,0.5026499999999999,Sep7,Stabilized,lower_change,0,0.17826693084301845,False,0.07395575381229273,False,0.2545309964952293,False,0.04950903671513756,False
validation:2026.9.7/log_22_2026-9-7-06-01-40.ulg:2:3975,2026.9.7/log_22_2026-9-7-06-01-40.ulg,2,3975,51,144441218,144943792,145949061,0.502574,Sep7,Stabilized,sustained,1,0.00992894122603128,False,0.2218151520584206,True,0.37352576144933197,False,0.148758215606883,False
validation:2026.9.7/log_22_2026-9-7-06-01-40.ulg:2:4025,2026.9.7/log_22_2026-9-7-06-01-40.ulg,2,4025,51,145446426,145949061,146944503,0.5026349999999999,Sep7,Stabilized,lower_change,0,0.0,False,0.08084228715523098,False,0.21323765142661327,False,0.05593471028974196,False
validation:2026.9.7/log_22_2026-9-7-06-01-40.ulg:2:4075,2026.9.7/log_22_2026-9-7-06-01-40.ulg,2,4075,51,146441857,146944503,147939944,0.5026459999999999,Sep7,Stabilized,sustained,1,0.0,False,0.06755855442435314,False,0.5211419863522905,True,0.13392037190262548,False
validation:2026.9.7/log_22_2026-9-7-06-01-40.ulg:2:4125,2026.9.7/log_22_2026-9-7-06-01-40.ulg,2,4125,51,147447206,147939944,148945230,0.4927379999999999,Sep7,Stabilized,sustained,2,0.0,False,0.21099941628071425,True,0.399903534741917,False,0.3269415048069976,True
validation:2026.9.7/log_22_2026-9-7-06-01-40.ulg:2:4175,2026.9.7/log_22_2026-9-7-06-01-40.ulg,2,4175,51,148442643,148945230,149950547,0.502587,Sep7,Stabilized,lower_change,0,0.0,False,0.08353050812161705,False,0.15587131444823396,False,0.11799716013927833,False
validation:2026.9.7/log_22_2026-9-7-06-01-40.ulg:2:4225,2026.9.7/log_22_2026-9-7-06-01-40.ulg,2,4225,51,149447935,149950547,150946010,0.502612,Sep7,Stabilized,mixed_change,1,0.0,False,0.1954181912272905,True,0.3953172155790535,False,0.17734846202316373,False
validation:2026.9.7/log_22_2026-9-7-06-01-40.ulg:2:4275,2026.9.7/log_22_2026-9-7-06-01-40.ulg,2,4275,51,150443290,150946010,151941478,0.50272,Sep7,Stabilized,sustained,2,0.005071245637307343,False,0.1529794509471279,False,0.8161467418484336,True,0.6439114492137114,True
validation:2026.9.7/log_22_2026-9-7-06-01-40.ulg:2:4325,2026.9.7/log_22_2026-9-7-06-01-40.ulg,2,4325,51,151448612,151941478,152946679,0.4928659999999999,Sep7,Stabilized,lower_change,0,0.0020703273619530464,False,0.14432625756942535,False,0.16154770389608947,False,0.06248773698535681,False
validation:2026.9.7/log_22_2026-9-7-06-01-40.ulg:2:4375,2026.9.7/log_22_2026-9-7-06-01-40.ulg,2,4375,51,152444124,152946679,153942094,0.502555,Sep7,Stabilized,lower_change,0,0.0020703273619530464,False,0.09185659756951711,False,0.24514661023576104,False,0.06645986549907718,False
validation:2026.9.7/log_22_2026-9-7-06-01-40.ulg:2:4425,2026.9.7/log_22_2026-9-7-06-01-40.ulg,2,4425,51,153449351,153942094,154947370,0.492743,Sep7,Stabilized,lower_change,0,0.009710696086498232,False,0.1202750843285714,False,0.1596328167520731,False,0.06137093691326376,False
validation:2026.9.7/log_22_2026-9-7-06-01-40.ulg:2:4475,2026.9.7/log_22_2026-9-7-06-01-40.ulg,2,4475,51,154444759,154947370,155942826,0.502611,Sep7,Stabilized,lower_change,0,0.003585912179202717,False,0.07020198180720286,False,0.1356544287573489,False,0.07703564567886322,False
validation:2026.9.7/log_22_2026-9-7-06-01-40.ulg:2:4525,2026.9.7/log_22_2026-9-7-06-01-40.ulg,2,4525,51,155440189,155942826,156948248,0.502637,Sep7,Stabilized,lower_change,0,0.005071245637307343,False,0.09882305891798165,False,0.178810718754553,False,0.048523503902975496,False
validation:2026.9.7/log_22_2026-9-7-06-01-40.ulg:2:4575,2026.9.7/log_22_2026-9-7-06-01-40.ulg,2,4575,51,156445442,156948248,157943638,0.502806,Sep7,Stabilized,lower_change,0,0.003585912179202717,False,0.09266000620084498,False,0.30525661558991357,False,0.034619843236492386,False
validation:2026.9.7/log_22_2026-9-7-06-01-40.ulg:2:4625,2026.9.7/log_22_2026-9-7-06-01-40.ulg,2,4625,51,157440971,157943638,158948817,0.502667,Sep7,Stabilized,lower_change,0,0.0029278850338261097,False,0.07315399282717808,False,0.1927233926701323,False,0.04646280045743791,False
validation:2026.9.7/log_22_2026-9-7-06-01-40.ulg:2:4675,2026.9.7/log_22_2026-9-7-06-01-40.ulg,2,4675,51,158446213,158948817,159944373,0.5026039999999999,Sep7,Stabilized,lower_change,0,0.007171824358405434,False,0.08354891791721368,False,0.20778148879899855,False,0.040750928341716376,False
validation:2026.9.7/log_22_2026-9-7-06-01-40.ulg:2:4725,2026.9.7/log_22_2026-9-7-06-01-40.ulg,2,4725,51,159441698,159944373,160939693,0.502675,Sep7,Stabilized,lower_change,0,0.0,False,0.07329733524086295,False,0.24855189422662866,False,0.13335574524295826,False
validation:2026.9.7/log_22_2026-9-7-06-01-40.ulg:2:4775,2026.9.7/log_22_2026-9-7-06-01-40.ulg,2,4775,51,160446880,160939693,161944954,0.492813,Sep7,Stabilized,lower_change,0,0.0,False,0.1213372764410586,False,0.36955354422322195,False,0.18100106507675284,False
validation:2026.9.7/log_22_2026-9-7-06-01-40.ulg:2:4825,2026.9.7/log_22_2026-9-7-06-01-40.ulg,2,4825,51,161442352,161944954,162940437,0.502602,Sep7,Stabilized,sustained,1,0.0,False,0.11713177489307793,False,1.0212077724230142,True,0.12384569127164294,False
validation:2026.9.7/log_22_2026-9-7-06-01-40.ulg:2:4875,2026.9.7/log_22_2026-9-7-06-01-40.ulg,2,4875,51,162447599,162940437,163945668,0.492838,Sep7,Stabilized,lower_change,0,0.0,False,0.12399570355165757,False,0.23930651541462802,False,0.07953275707975277,False
validation:2026.9.7/log_22_2026-9-7-06-01-40.ulg:2:4925,2026.9.7/log_22_2026-9-7-06-01-40.ulg,2,4925,51,163443030,163945668,164941108,0.502638,Sep7,Stabilized,lower_change,0,0.0020703273619530464,False,0.11385697761697772,False,0.1523388191404347,False,0.08369342505204197,False
validation:2026.9.7/log_22_2026-9-7-06-01-40.ulg:2:4975,2026.9.7/log_22_2026-9-7-06-01-40.ulg,2,4975,51,164448331,164941108,165946508,0.4927769999999999,Sep7,Stabilized,mixed_change,1,0.0020703273619530464,False,0.09980293688876819,False,0.5901960943063203,True,0.19829927527050695,False
validation:2026.9.7/log_22_2026-9-7-06-01-40.ulg:2:5025,2026.9.7/log_22_2026-9-7-06-01-40.ulg,2,5025,51,165443755,165946508,166941830,0.502753,Sep7,Stabilized,sustained,1,0.005855770067652219,False,0.09637564155666842,False,0.30950247068785347,False,0.24897667167988055,True
validation:2026.9.7/log_22_2026-9-7-06-01-40.ulg:2:5075,2026.9.7/log_22_2026-9-7-06-01-40.ulg,2,5075,51,166449105,166941830,167947162,0.4927249999999999,Sep7,Stabilized,lower_change,0,0.0,False,0.05907272851981221,False,0.17704621381556138,False,0.09230993572153431,False
validation:2026.9.7/log_22_2026-9-7-06-01-40.ulg:2:5125,2026.9.7/log_22_2026-9-7-06-01-40.ulg,2,5125,51,167444584,167947162,168942551,0.502578,Sep7,Stabilized,sustained,1,0.0020703273619530464,False,0.06836351539654721,False,0.7670323570978624,True,0.1720424282917102,False
validation:2026.9.7/log_22_2026-9-7-06-01-40.ulg:2:5175,2026.9.7/log_22_2026-9-7-06-01-40.ulg,2,5175,51,168439970,168942551,169947830,0.5025809999999999,Sep7,Stabilized,lower_change,0,0.0020703273619530464,False,0.06727765631803644,False,0.4803613494242756,False,0.12703187516167025,False
validation:2026.9.7/log_22_2026-9-7-06-01-40.ulg:2:5225,2026.9.7/log_22_2026-9-7-06-01-40.ulg,2,5225,51,169445221,169947830,170943275,0.502609,Sep7,Stabilized,lower_change,0,0.0,False,0.06325734409425524,False,0.2983249083168184,False,0.07878864369264876,False
validation:2026.9.7/log_22_2026-9-7-06-01-40.ulg:2:5275,2026.9.7/log_22_2026-9-7-06-01-40.ulg,2,5275,51,170450487,170943275,171948597,0.492788,Sep7,Stabilized,lower_change,0,0.004140654723906093,False,0.07305763856833873,False,0.183581472647724,False,0.07482034866770015,False
validation:2026.9.7/log_22_2026-9-7-06-01-40.ulg:2:5325,2026.9.7/log_22_2026-9-7-06-01-40.ulg,2,5325,51,171445887,171948597,172943971,0.50271,Sep7,Stabilized,lower_change,0,0.0,False,0.08548582051201568,False,0.41652335705360405,False,0.22511854516506272,False
validation:2026.9.7/log_22_2026-9-7-06-01-40.ulg:2:5375,2026.9.7/log_22_2026-9-7-06-01-40.ulg,2,5375,51,172441383,172943971,173949270,0.5025879999999999,Sep7,Stabilized,lower_change,0,0.0,False,0.05574647087505357,False,0.23284784361018931,False,0.12408821026142917,False
validation:2026.9.7/log_22_2026-9-7-06-01-40.ulg:2:5425,2026.9.7/log_22_2026-9-7-06-01-40.ulg,2,5425,51,173446667,173949270,174944723,0.502603,Sep7,Stabilized,lower_change,0,0.0,False,0.0768547878277368,False,0.38764045132102315,False,0.027610531807145886,False
validation:2026.9.7/log_22_2026-9-7-06-01-40.ulg:2:5475,2026.9.7/log_22_2026-9-7-06-01-40.ulg,2,5475,51,174442092,174944723,175940111,0.5026309999999999,Sep7,Stabilized,sustained,1,0.0,False,0.3530106073886261,True,0.1278577065319029,False,0.02622272112323346,False
validation:2026.9.7/log_22_2026-9-7-06-01-40.ulg:2:5525,2026.9.7/log_22_2026-9-7-06-01-40.ulg,2,5525,51,175447327,175940111,176945423,0.492784,Sep7,Stabilized,lower_change,0,0.0,False,0.1451824403472035,False,0.35675788653771057,False,0.10935741865671778,False
validation:2026.9.7/log_22_2026-9-7-06-01-40.ulg:2:5575,2026.9.7/log_22_2026-9-7-06-01-40.ulg,2,5575,51,176442929,176945423,177950716,0.502494,Sep7,Stabilized,sustained,1,0.0,False,0.27982609734683783,True,0.1937346633630499,False,0.08571439623617404,False
validation:2026.9.7/log_22_2026-9-7-06-01-40.ulg:2:5625,2026.9.7/log_22_2026-9-7-06-01-40.ulg,2,5625,51,177448174,177950716,178946164,0.5025419999999999,Sep7,Stabilized,sustained,2,0.0,False,0.05364164486686437,False,0.832110682446986,True,0.34584027144721763,True
validation:2026.9.7/log_22_2026-9-7-06-01-40.ulg:2:5675,2026.9.7/log_22_2026-9-7-06-01-40.ulg,2,5675,51,178443494,178946164,179941534,0.50267,Sep7,Stabilized,sustained,1,0.0,False,0.14236380235137305,False,0.5754134422335955,True,0.10098194860429996,False
validation:2026.9.7/log_22_2026-9-7-06-01-40.ulg:2:5725,2026.9.7/log_22_2026-9-7-06-01-40.ulg,2,5725,51,179448833,179941534,180946877,0.492701,Sep7,Stabilized,lower_change,0,0.0,False,0.11438190586269238,False,0.2498294528985669,False,0.19860754175003711,False
validation:2026.9.7/log_22_2026-9-7-06-01-40.ulg:2:5775,2026.9.7/log_22_2026-9-7-06-01-40.ulg,2,5775,51,180444431,180946877,181942362,0.502446,Sep7,Stabilized,lower_change,0,0.0,False,0.06263798066796177,False,0.25332035264556685,False,0.07884908476541265,False
validation:2026.9.7/log_22_2026-9-7-06-01-40.ulg:2:5825,2026.9.7/log_22_2026-9-7-06-01-40.ulg,2,5825,51,181449516,181942362,182947603,0.4928459999999999,Sep7,Stabilized,sustained,2,0.0,False,0.08410059544433908,False,1.1804743618819655,True,0.6526951748258606,True
validation:2026.9.7/log_22_2026-9-7-06-01-40.ulg:2:5875,2026.9.7/log_22_2026-9-7-06-01-40.ulg,2,5875,51,182444937,182947603,183942986,0.502666,Sep7,Stabilized,lower_change,0,0.0,False,0.05954307412522811,False,0.2492387289760585,False,0.098747476682177,False
validation:2026.9.7/log_22_2026-9-7-06-01-40.ulg:2:5925,2026.9.7/log_22_2026-9-7-06-01-40.ulg,2,5925,51,183440415,183942986,184948253,0.502571,Sep7,Stabilized,lower_change,0,0.0,False,0.07367234237955614,False,0.1792904873467188,False,0.03062513735205204,False
validation:2026.9.7/log_22_2026-9-7-06-01-40.ulg:2:5975,2026.9.7/log_22_2026-9-7-06-01-40.ulg,2,5975,51,184445789,184948253,185943687,0.502464,Sep7,Stabilized,lower_change,0,0.0,False,0.08031841161501184,False,0.16416790691635244,False,0.08160565268252763,False
validation:2026.9.7/log_22_2026-9-7-06-01-40.ulg:2:6025,2026.9.7/log_22_2026-9-7-06-01-40.ulg,2,6025,51,185441082,185943687,186948958,0.502605,Sep7,Stabilized,lower_change,0,0.0,False,0.157434115365526,False,0.17936782422939015,False,0.0972893978012646,False
validation:2026.9.7/log_22_2026-9-7-06-01-40.ulg:2:6075,2026.9.7/log_22_2026-9-7-06-01-40.ulg,2,6075,51,186446419,186948958,187944420,0.502539,Sep7,Stabilized,lower_change,0,0.0,False,0.08219115106008822,False,0.40870215203021926,False,0.039755287726638805,False
validation:2026.9.7/log_22_2026-9-7-06-01-40.ulg:2:6125,2026.9.7/log_22_2026-9-7-06-01-40.ulg,2,6125,51,187441788,187944420,188939818,0.502632,Sep7,Stabilized,sustained,1,0.0,False,0.26943841220605347,True,0.18028899510615012,False,0.05456265998233821,False
validation:2026.9.7/log_22_2026-9-7-06-01-40.ulg:2:6175,2026.9.7/log_22_2026-9-7-06-01-40.ulg,2,6175,51,188447499,188939818,189945205,0.4923189999999999,Sep7,Stabilized,lower_change,0,0.0,False,0.08070152633146559,False,0.20668711616690974,False,0.1759938856672744,False
validation:2026.9.7/log_22_2026-9-7-06-01-40.ulg:2:6225,2026.9.7/log_22_2026-9-7-06-01-40.ulg,2,6225,51,189442527,189945205,190940658,0.502678,Sep7,Stabilized,lower_change,0,0.0,False,0.06659038434325665,False,0.15845170614117862,False,0.11346873182609288,False
validation:2026.9.7/log_22_2026-9-7-06-01-40.ulg:2:6275,2026.9.7/log_22_2026-9-7-06-01-40.ulg,2,6275,51,190447852,190940658,191945859,0.4928059999999999,Sep7,Stabilized,lower_change,0,0.0,False,0.09078747410859918,False,0.11940913643636403,False,0.02911713876449456,False
validation:2026.9.7/log_22_2026-9-7-06-01-40.ulg:2:6325,2026.9.7/log_22_2026-9-7-06-01-40.ulg,2,6325,51,191443225,191945859,192941372,0.502634,Sep7,Stabilized,sustained,2,0.0,False,0.13828108671141207,False,0.9692855767222281,True,0.2320085627609805,True
validation:2026.9.7/log_22_2026-9-7-06-01-40.ulg:2:6375,2026.9.7/log_22_2026-9-7-06-01-40.ulg,2,6375,51,192438877,192941372,193946569,0.502495,Sep7,Stabilized,mixed_change,1,0.0,False,0.1861803483939108,True,0.20104697680647915,False,0.20823295015174528,False
validation:2026.9.7/log_22_2026-9-7-06-01-40.ulg:2:6425,2026.9.7/log_22_2026-9-7-06-01-40.ulg,2,6425,51,193443928,193946569,194941997,0.502641,Sep7,Stabilized,sustained,2,0.0,False,0.22940547353781088,True,0.37407320379969244,False,0.3372621319581868,True
validation:2026.9.7/log_22_2026-9-7-06-01-40.ulg:2:6475,2026.9.7/log_22_2026-9-7-06-01-40.ulg,2,6475,51,194449266,194941997,195947329,0.492731,Sep7,Stabilized,sustained,2,0.0,False,0.17976233918219586,True,0.48511236060671736,False,0.2766617617202196,True
validation:2026.9.7/log_22_2026-9-7-06-01-40.ulg:2:6525,2026.9.7/log_22_2026-9-7-06-01-40.ulg,2,6525,51,195444733,195947329,196942708,0.5025959999999999,Sep7,Stabilized,sustained,1,0.0,False,0.17752506725424727,False,0.2013219715252285,False,0.3407623427895262,True
validation:2026.9.7/log_22_2026-9-7-06-01-40.ulg:2:6575,2026.9.7/log_22_2026-9-7-06-01-40.ulg,2,6575,51,196440338,196942708,197948086,0.50237,Sep7,Stabilized,lower_change,0,0.0,False,0.11775030650640565,False,0.23793140031276244,False,0.12316430830694658,False
validation:2026.9.7/log_22_2026-9-7-06-01-40.ulg:2:6625,2026.9.7/log_22_2026-9-7-06-01-40.ulg,2,6625,51,197445352,197948086,198943396,0.502734,Sep7,Stabilized,lower_change,0,0.0,False,0.09509341635398366,False,0.2582473731982376,False,0.1611306164771869,False
validation:2026.9.7/log_22_2026-9-7-06-01-40.ulg:2:6675,2026.9.7/log_22_2026-9-7-06-01-40.ulg,2,6675,51,198440826,198943396,199938893,0.50257,Sep7,Stabilized,sustained,1,0.03266975433266751,False,0.06238392788718369,False,0.38866085311084064,False,0.3687824239417768,True
validation:2026.9.7/log_22_2026-9-7-06-01-40.ulg:2:6725,2026.9.7/log_22_2026-9-7-06-01-40.ulg,2,6725,51,199446071,199938893,200944198,0.492822,Sep7,Stabilized,sustained,1,0.006547340199590638,False,0.09471619588158807,False,0.6237390522104725,True,0.08978608761923691,False
validation:2026.9.7/log_22_2026-9-7-06-01-40.ulg:2:6775,2026.9.7/log_22_2026-9-7-06-01-40.ulg,2,6775,51,200441774,200944198,201949378,0.502424,Sep7,Stabilized,lower_change,0,0.008281309447812185,False,0.0948306794402805,False,0.24154780673965076,False,0.06105917908836267,False
validation:2026.9.7/log_22_2026-9-7-06-01-40.ulg:2:6825,2026.9.7/log_22_2026-9-7-06-01-40.ulg,2,6825,51,201446767,201949378,202944811,0.502611,Sep7,Stabilized,lower_change,0,0.11925655738293511,False,0.06947430174192183,False,0.08821037272624435,False,0.06687190927333667,False
validation:2026.9.7/log_22_2026-9-7-06-01-40.ulg:2:6875,2026.9.7/log_22_2026-9-7-06-01-40.ulg,2,6875,51,202442265,202944811,203940284,0.5025459999999999,Sep7,Stabilized,lower_change,0,0.0,False,0.0733836732740329,False,0.240225677486045,False,0.09570177571559849,False
validation:2026.9.7/log_22_2026-9-7-06-01-40.ulg:2:6925,2026.9.7/log_22_2026-9-7-06-01-40.ulg,2,6925,51,203447490,203940284,204945581,0.4927939999999999,Sep7,Stabilized,lower_change,0,0.008018821330704617,False,0.1531730226687756,False,0.11166457209862161,False,0.08269511492416198,False
validation:2026.9.7/log_22_2026-9-7-06-01-40.ulg:2:6975,2026.9.7/log_22_2026-9-7-06-01-40.ulg,2,6975,51,204443194,204945581,205950847,0.502387,Sep7,Stabilized,sustained,1,0.0035861259189761694,False,0.10421266107176437,False,0.49852100626621604,True,0.12225402461406915,False
validation:2026.9.7/log_22_2026-9-7-06-01-40.ulg:2:7025,2026.9.7/log_22_2026-9-7-06-01-40.ulg,2,7025,51,205448249,205950847,206946290,0.502598,Sep7,Stabilized,lower_change,0,0.007465116395336931,False,0.17758184769861998,False,0.24780710834015793,False,0.11490533836246664,False
validation:2026.9.7/log_22_2026-9-7-06-01-40.ulg:2:7075,2026.9.7/log_22_2026-9-7-06-01-40.ulg,2,7075,51,206443777,206946290,207941686,0.502513,Sep7,Stabilized,sustained,1,0.0029280595516203416,False,0.09635295174665379,False,0.6497347758773138,True,0.08282887793514206,False
validation:2026.9.7/log_22_2026-9-7-06-01-40.ulg:2:7125,2026.9.7/log_22_2026-9-7-06-01-40.ulg,2,7125,51,207448934,207941686,208946952,0.4927519999999999,Sep7,Stabilized,lower_change,0,0.005856119103240683,False,0.07782109545690433,False,0.3243186596098075,False,0.1746724437721416,False
validation:2026.9.7/log_22_2026-9-7-06-01-40.ulg:2:7175,2026.9.7/log_22_2026-9-7-06-01-40.ulg,2,7175,51,208444739,208946952,209942412,0.502213,Sep7,Stabilized,lower_change,0,0.005856119103240683,False,0.10371635105894127,False,0.2059585564268519,False,0.1106062505562094,False
validation:2026.9.7/log_22_2026-9-7-06-01-40.ulg:2:7225,2026.9.7/log_22_2026-9-7-06-01-40.ulg,2,7225,51,209449637,209942412,210947651,0.4927749999999999,Sep7,Stabilized,sustained,1,0.0020704507646687855,False,0.13773755750957073,False,0.15385723925712017,False,0.24506210986519428,True
validation:2026.9.7/log_22_2026-9-7-06-01-40.ulg:2:7275,2026.9.7/log_22_2026-9-7-06-01-40.ulg,2,7275,51,210445105,210947651,211943081,0.5025459999999999,Sep7,Stabilized,lower_change,0,0.006547340199590638,False,0.06208834458090421,False,0.3544186445468126,False,0.13986348866844378,False
validation:2026.9.7/log_22_2026-9-7-06-01-40.ulg:2:7325,2026.9.7/log_22_2026-9-7-06-01-40.ulg,2,7325,51,211440560,211943081,212948421,0.502521,Sep7,Stabilized,sustained,1,0.0,False,0.07985842609106143,False,0.14074969315584374,False,0.3030215750678732,True
validation:2026.9.7/log_22_2026-9-7-06-01-40.ulg:2:7375,2026.9.7/log_22_2026-9-7-06-01-40.ulg,2,7375,51,212446068,212948421,213943811,0.5023529999999999,Sep7,Stabilized,lower_change,0,0.0020704507646687855,False,0.08263217208470285,False,0.24945954944134374,False,0.11547245411918516,False
validation:2026.9.7/log_22_2026-9-7-06-01-40.ulg:2:7425,2026.9.7/log_22_2026-9-7-06-01-40.ulg,2,7425,51,213441171,213943811,214949108,0.50264,Sep7,Stabilized,lower_change,0,0.0,False,0.1288164482097614,False,0.13154210106684508,False,0.11337999277462453,False
validation:2026.9.7/log_22_2026-9-7-06-01-40.ulg:2:7475,2026.9.7/log_22_2026-9-7-06-01-40.ulg,2,7475,51,214446548,214949108,215944530,0.50256,Sep7,Stabilized,sustained,1,0.0,False,0.05040490791382645,False,0.70763021083548,True,0.15148501986538376,False
validation:2026.9.7/log_22_2026-9-7-06-01-40.ulg:2:7525,2026.9.7/log_22_2026-9-7-06-01-40.ulg,2,7525,51,215441946,215944530,216939931,0.502584,Sep7,Stabilized,lower_change,0,0.0,False,0.14450072038483172,False,0.2345711281787655,False,0.08864153217923637,False
validation:2026.9.7/log_22_2026-9-7-06-01-40.ulg:2:7575,2026.9.7/log_22_2026-9-7-06-01-40.ulg,2,7575,51,216447487,216939931,217945237,0.492444,Sep7,Stabilized,lower_change,0,0.0,False,0.1402046187596385,False,0.4382676100402669,False,0.08687440716230244,False
validation:2026.9.7/log_22_2026-9-7-06-01-40.ulg:2:7625,2026.9.7/log_22_2026-9-7-06-01-40.ulg,2,7625,51,217442622,217945237,218940633,0.5026149999999999,Sep7,Stabilized,sustained,1,0.012422540052420454,False,0.07968384616388217,False,0.5398774421119034,True,0.17823446985946387,False
validation:2026.9.7/log_22_2026-9-7-06-01-40.ulg:2:7675,2026.9.7/log_22_2026-9-7-06-01-40.ulg,2,7675,51,218448011,218940633,219945941,0.492622,Sep7,Stabilized,sustained,1,0.0,False,0.09168048378459251,False,0.3726972164807762,False,0.6390494595763192,True
validation:2026.9.7/log_22_2026-9-7-06-01-40.ulg:2:7725,2026.9.7/log_22_2026-9-7-06-01-40.ulg,2,7725,51,219443381,219945941,220941377,0.50256,Sep7,Stabilized,lower_change,0,0.0655683707003541,False,0.09629629161928449,False,0.3316995183231884,False,0.05360778263456436,False
validation:2026.9.7/log_22_2026-9-7-06-01-40.ulg:2:7775,2026.9.7/log_22_2026-9-7-06-01-40.ulg,2,7775,51,220439056,220941377,221946626,0.502321,Sep7,Stabilized,sustained,1,0.010351710851865422,False,0.13174665004574376,False,0.5186924433754354,True,0.07820452966303822,False
validation:2026.9.7/log_22_2026-9-7-06-01-40.ulg:2:7825,2026.9.7/log_22_2026-9-7-06-01-40.ulg,2,7825,51,221444163,221946626,222942103,0.502463,Sep7,Stabilized,lower_change,0,0.008281309447812184,False,0.12244742673415969,False,0.3203738678602351,False,0.11386392260737034,False
validation:2026.9.7/log_22_2026-9-7-06-01-40.ulg:2:7875,2026.9.7/log_22_2026-9-7-06-01-40.ulg,2,7875,51,222449455,222942103,223947364,0.492648,Sep7,Stabilized,sustained,1,0.003585912179202717,False,0.23001782568673335,True,0.23588761947939374,False,0.16238606968320926,False
validation:2026.9.7/log_22_2026-9-7-06-01-40.ulg:2:7925,2026.9.7/log_22_2026-9-7-06-01-40.ulg,2,7925,51,223444817,223947364,224942782,0.502547,Sep7,Stabilized,sustained,1,0.0164327139966605,False,0.05818802902659935,False,1.028784117853905,True,0.1954559994201682,False
validation:2026.9.7/log_22_2026-9-7-06-01-40.ulg:2:7975,2026.9.7/log_22_2026-9-7-06-01-40.ulg,2,7975,51,224440430,224942782,225948064,0.502352,Sep7,Stabilized,sustained,1,0.004629392717004823,False,0.11194950859916554,False,0.6988367538793921,True,0.1477133660411124,False
validation:2026.9.7/log_22_2026-9-7-06-01-40.ulg:2:8025,2026.9.7/log_22_2026-9-7-06-01-40.ulg,2,8025,51,225445450,225948064,226943472,0.502614,Sep7,Stabilized,mixed_change,1,0.023786830464151528,False,0.19895986457697107,True,0.3160881518463341,False,0.1741841322238417,False
validation:2026.9.7/log_22_2026-9-7-06-01-40.ulg:2:8075,2026.9.7/log_22_2026-9-7-06-01-40.ulg,2,8075,51,226440946,226943472,227938883,0.502526,Sep7,Stabilized,mixed_change,2,0.0,False,0.1794099094622649,True,0.8155591741166495,True,0.17156966387101938,False
validation:2026.9.7/log_22_2026-9-7-06-01-40.ulg:2:8125,2026.9.7/log_22_2026-9-7-06-01-40.ulg,2,8125,51,227446171,227938883,228944252,0.492712,Sep7,Stabilized,lower_change,0,0.0,False,0.09304135529677367,False,0.17348078551642862,False,0.03993849693281774,False
validation:2026.9.7/log_22_2026-9-7-06-01-40.ulg:2:8175,2026.9.7/log_22_2026-9-7-06-01-40.ulg,2,8175,51,228441900,228944252,229949479,0.502352,Sep7,Stabilized,lower_change,0,0.0,False,0.07200888016248891,False,0.20564382569951276,False,0.10058472248438499,False
validation:2026.9.7/log_22_2026-9-7-06-01-40.ulg:2:8225,2026.9.7/log_22_2026-9-7-06-01-40.ulg,2,8225,51,229446916,229949479,230944910,0.502563,Sep7,Stabilized,sustained,1,0.0029278850338261097,False,0.172099140458587,False,0.5702932620324489,True,0.21319144549405306,False
validation:2026.9.7/log_22_2026-9-7-06-01-40.ulg:2:8275,2026.9.7/log_22_2026-9-7-06-01-40.ulg,2,8275,51,230442428,230944910,231940390,0.502482,Sep7,Stabilized,mixed_change,1,0.007464671460517801,False,0.16017830382733592,False,0.608902986197944,True,0.20445819490255573,False
validation:2026.9.7/log_22_2026-9-7-06-01-40.ulg:2:8325,2026.9.7/log_22_2026-9-7-06-01-40.ulg,2,8325,51,231447608,231940390,232945628,0.492782,Sep7,Stabilized,mixed_change,4,0.5502742000513131,True,0.18161241886814014,True,0.9509964461537381,True,0.2886783058863768,True
validation:2026.9.7/log_22_2026-9-7-06-01-40.ulg:2:8375,2026.9.7/log_22_2026-9-7-06-01-40.ulg,2,8375,51,232443289,232945628,233950886,0.502339,Sep7,Stabilized,lower_change,0,0.11196559043850698,False,0.0940636107893488,False,0.4258685573519279,False,0.11149670831734516,False
validation:2026.9.7/log_22_2026-9-7-06-01-40.ulg:2:8425,2026.9.7/log_22_2026-9-7-06-01-40.ulg,2,8425,51,233448292,233950886,234946301,0.502594,Sep7,Stabilized,sustained,2,0.38644736350374365,True,0.15271138837557416,False,0.898606027138941,True,0.1951870493663918,False
validation:2026.9.7/log_22_2026-9-7-06-01-40.ulg:2:8475,2026.9.7/log_22_2026-9-7-06-01-40.ulg,2,8475,51,234443769,234946301,235941729,0.502532,Sep7,Stabilized,lower_change,0,0.009487431849488071,False,0.0639200191220829,False,0.13378211081491193,False,0.13931000961990886,False
validation:2026.9.7/log_22_2026-9-7-06-01-40.ulg:2:8525,2026.9.7/log_22_2026-9-7-06-01-40.ulg,2,8525,51,235448965,235941729,236947017,0.492764,Sep7,Stabilized,lower_change,0,0.19102341194743644,False,0.1419843832693002,False,0.2839657615865586,False,0.10708414597683823,False
validation:2026.9.7/log_23_2026-9-7-06-09-22.ulg:0:25,2026.9.7/log_23_2026-9-7-06-09-22.ulg,0,25,51,26295505,26798076,27803620,0.502571,Sep7,Stabilized,sustained,2,0.05892328680150435,False,0.35478809682457013,True,0.3592530438858675,False,0.47791372962124873,True
validation:2026.9.7/log_23_2026-9-7-06-09-22.ulg:0:75,2026.9.7/log_23_2026-9-7-06-09-22.ulg,0,75,51,27300712,27803620,28798714,0.502908,Sep7,Stabilized,sustained,3,0.1852820924957127,False,0.20875746710418525,True,1.280331165521897,True,1.2208564596032851,True
validation:2026.9.7/log_23_2026-9-7-06-09-22.ulg:0:125,2026.9.7/log_23_2026-9-7-06-09-22.ulg,0,125,51,28296065,28798714,29804214,0.502649,Sep7,Stabilized,mixed_change,2,0.09126025345168928,False,0.05909928242449625,False,0.7649647912609562,True,0.3873973981904977,True
validation:2026.9.7/log_23_2026-9-7-06-09-22.ulg:0:175,2026.9.7/log_23_2026-9-7-06-09-22.ulg,0,175,51,29301297,29804214,30799344,0.502917,Sep7,Stabilized,sustained,1,0.02746599621121828,False,0.2039205282507749,True,0.15906885093281617,False,0.07150706797460306,False
validation:2026.9.7/log_23_2026-9-7-06-09-22.ulg:0:225,2026.9.7/log_23_2026-9-7-06-09-22.ulg,0,225,51,30296712,30799344,31794992,0.502632,Sep7,Stabilized,lower_change,0,0.013093899931878903,False,0.045848353841644235,False,0.22855223817557577,False,0.07801536197616847,False
validation:2026.9.7/log_23_2026-9-7-06-09-22.ulg:0:275,2026.9.7/log_23_2026-9-7-06-09-22.ulg,0,275,51,31301978,31794992,32800089,0.4930139999999999,Sep7,Stabilized,lower_change,0,0.008018343394041682,False,0.08848960887936821,False,0.3270731529677895,False,0.11940405296656989,False
validation:2026.9.7/log_23_2026-9-7-06-09-22.ulg:0:325,2026.9.7/log_23_2026-9-7-06-09-22.ulg,0,325,51,32297319,32800089,33805207,0.5027699999999999,Sep7,Stabilized,lower_change,0,0.04057039961699589,False,0.12022967437673171,False,0.14748450965593995,False,0.07518904523487964,False
validation:2026.9.7/log_23_2026-9-7-06-09-22.ulg:0:375,2026.9.7/log_23_2026-9-7-06-09-22.ulg,0,375,51,33302562,33805207,34800579,0.502645,Sep7,Stabilized,lower_change,0,0.009487431849488071,False,0.12316181467993029,False,0.3564092345642508,False,0.13777351028944904,False
validation:2026.9.7/log_23_2026-9-7-06-09-22.ulg:0:425,2026.9.7/log_23_2026-9-7-06-09-22.ulg,0,425,51,34298020,34800579,35796411,0.502559,Sep7,Stabilized,lower_change,0,0.021812615339604283,False,0.07288856910355625,False,0.19138613265053941,False,0.08445193209395514,False
validation:2026.9.7/log_23_2026-9-7-06-09-22.ulg:0:475,2026.9.7/log_23_2026-9-7-06-09-22.ulg,0,475,51,35303248,35796411,36801350,0.4931629999999999,Sep7,Stabilized,lower_change,0,0.0029278850338261097,False,0.0887331432535529,False,0.3863140734612153,False,0.0952160012825007,False
validation:2026.9.7/log_23_2026-9-7-06-09-22.ulg:0:525,2026.9.7/log_23_2026-9-7-06-09-22.ulg,0,525,51,36298639,36801350,37796659,0.502711,Sep7,Stabilized,lower_change,0,0.0,False,0.09313861302537921,False,0.12600207276115155,False,0.07951556251893935,False
validation:2026.9.7/log_23_2026-9-7-06-09-22.ulg:0:575,2026.9.7/log_23_2026-9-7-06-09-22.ulg,0,575,51,37303854,37796659,38801883,0.492805,Sep7,Stabilized,sustained,2,0.008281309447812184,False,0.0755654027912783,False,0.7833571732724213,True,0.33493455349854556,True
validation:2026.9.7/log_23_2026-9-7-06-09-22.ulg:0:625,2026.9.7/log_23_2026-9-7-06-09-22.ulg,0,625,51,38299252,38801883,39797356,0.5026309999999999,Sep7,Stabilized,sustained,1,0.008536687195370256,False,0.05994436307203626,False,0.5506205806405116,True,0.13656907608301225,False
validation:2026.9.7/log_23_2026-9-7-06-09-22.ulg:0:675,2026.9.7/log_23_2026-9-7-06-09-22.ulg,0,675,51,39294651,39797356,40802618,0.502705,Sep7,Stabilized,lower_change,0,0.0065469499659394515,False,0.05776085526561214,False,0.3563827377962783,False,0.09237537626800829,False
validation:2026.9.7/log_23_2026-9-7-06-09-22.ulg:0:725,2026.9.7/log_23_2026-9-7-06-09-22.ulg,0,725,51,40299944,40802618,41797989,0.502674,Sep7,Stabilized,mixed_change,3,0.0029278850338261097,False,0.2185472745244303,True,1.1595604682009506,True,0.5150853580210513,True
validation:2026.9.7/log_23_2026-9-7-06-09-22.ulg:0:775,2026.9.7/log_23_2026-9-7-06-09-22.ulg,0,775,51,41305153,41797989,42803200,0.492836,Sep7,Stabilized,mixed_change,2,0.005071245637307343,False,0.18826053558263253,True,0.3259675451027536,False,0.2659667439422403,True
validation:2026.9.7/log_23_2026-9-7-06-09-22.ulg:0:825,2026.9.7/log_23_2026-9-7-06-09-22.ulg,0,825,51,42300555,42803200,43798623,0.502645,Sep7,Stabilized,lower_change,0,0.04707506764407551,False,0.0732099930554078,False,0.16374544093564025,False,0.07356596924038397,False
validation:2026.9.7/log_23_2026-9-7-06-09-22.ulg:0:875,2026.9.7/log_23_2026-9-7-06-09-22.ulg,0,875,51,43295982,43798623,44803905,0.502641,Sep7,Stabilized,lower_change,0,0.006866499052804569,False,0.15683167482729818,False,0.14683136390363224,False,0.0725712090646588,False
validation:2026.9.7/log_23_2026-9-7-06-09-22.ulg:0:925,2026.9.7/log_23_2026-9-7-06-09-22.ulg,0,925,51,44301241,44803905,45799252,0.502664,Sep7,Stabilized,mixed_change,1,0.009258785434009646,False,0.24031154887119338,True,0.15711548717671248,False,0.0959933875688941,False
validation:2026.9.7/log_23_2026-9-7-06-09-22.ulg:0:975,2026.9.7/log_23_2026-9-7-06-09-22.ulg,0,975,51,45296698,45799252,46794704,0.502554,Sep7,Stabilized,sustained,2,0.03674483937585382,False,0.30151457644900514,True,0.46920763774975555,False,0.4529864290443646,True
validation:2026.9.7/log_23_2026-9-7-06-09-22.ulg:0:1025,2026.9.7/log_23_2026-9-7-06-09-22.ulg,0,1025,51,46301945,46794704,47799936,0.492759,Sep7,Stabilized,sustained,3,0.007171824358405433,False,0.32900851437577083,True,0.5185398433603947,True,0.27539788853668706,True
validation:2026.9.7/log_23_2026-9-7-06-09-22.ulg:0:1075,2026.9.7/log_23_2026-9-7-06-09-22.ulg,0,1075,51,47297293,47799936,48805203,0.502643,Sep7,Stabilized,mixed_change,1,0.0058557700676522195,False,0.1912111864780398,True,0.2546018703809565,False,0.11734303578588927,False
validation:2026.9.7/log_23_2026-9-7-06-09-22.ulg:0:1125,2026.9.7/log_23_2026-9-7-06-09-22.ulg,0,1125,51,48302574,48805203,49800634,0.502629,Sep7,Stabilized,lower_change,0,0.008281309447812185,False,0.07407852326156109,False,0.3083370014623015,False,0.14710793899777871,False
validation:2026.9.7/log_23_2026-9-7-06-09-22.ulg:0:1175,2026.9.7/log_23_2026-9-7-06-09-22.ulg,0,1175,51,49298028,49800634,50796037,0.502606,Sep7,Stabilized,sustained,1,0.019421392172996464,False,0.09533017365712794,False,0.7233112952933739,True,0.15277316584520348,False
validation:2026.9.7/log_23_2026-9-7-06-09-22.ulg:0:1225,2026.9.7/log_23_2026-9-7-06-09-22.ulg,0,1225,51,50303286,50796037,51801270,0.492751,Sep7,Stabilized,sustained,2,0.0,False,0.14876648548049762,False,0.9436944098379204,True,0.389912330751639,True
validation:2026.9.7/log_23_2026-9-7-06-09-22.ulg:0:1275,2026.9.7/log_23_2026-9-7-06-09-22.ulg,0,1275,51,51298662,51801270,52796693,0.5026079999999999,Sep7,Stabilized,sustained,1,0.0020703273619530464,False,0.05298964035880433,False,0.9833206750888415,True,0.11483319356505142,False
validation:2026.9.7/log_23_2026-9-7-06-09-22.ulg:0:1325,2026.9.7/log_23_2026-9-7-06-09-22.ulg,0,1325,51,52303898,52796693,53802008,0.492795,Sep7,Stabilized,lower_change,0,0.01259343142704909,False,0.0838175374631939,False,0.2300384994305229,False,0.15764780085680988,False
validation:2026.9.7/log_23_2026-9-7-06-09-22.ulg:0:1375,2026.9.7/log_23_2026-9-7-06-09-22.ulg,0,1375,51,53299433,53802008,54797360,0.502575,Sep7,Stabilized,lower_change,0,0.0,False,0.06358990361674567,False,0.25167914944129566,False,0.12105655917993241,False
validation:2026.9.7/log_23_2026-9-7-06-09-22.ulg:0:1425,2026.9.7/log_23_2026-9-7-06-09-22.ulg,0,1425,51,54304674,54797360,55802689,0.4926859999999999,Sep7,Stabilized,lower_change,0,0.008536178392938774,False,0.07298088307784592,False,0.3003189071773203,False,0.11608675351306609,False
validation:2026.9.7/log_23_2026-9-7-06-09-22.ulg:0:1475,2026.9.7/log_23_2026-9-7-06-09-22.ulg,0,1475,51,55300089,55802689,56798072,0.5025999999999999,Sep7,Stabilized,lower_change,0,0.0,False,0.06242150445306733,False,0.17078497287340605,False,0.15391499764053815,False
validation:2026.9.7/log_23_2026-9-7-06-09-22.ulg:0:1525,2026.9.7/log_23_2026-9-7-06-09-22.ulg,0,1525,51,56295534,56798072,57803410,0.5025379999999999,Sep7,Stabilized,lower_change,0,0.029497710978957023,False,0.12842303754662024,False,0.4853708459089969,False,0.20940334652901804,False
validation:2026.9.7/log_23_2026-9-7-06-09-22.ulg:0:1575,2026.9.7/log_23_2026-9-7-06-09-22.ulg,0,1575,51,57300708,57803410,58798740,0.502702,Sep7,Stabilized,lower_change,0,0.008281556253243663,False,0.14668670269249132,False,0.2348823418549004,False,0.07238852725099355,False
validation:2026.9.7/log_23_2026-9-7-06-09-22.ulg:0:1625,2026.9.7/log_23_2026-9-7-06-09-22.ulg,0,1625,51,58296181,58798740,59794164,0.502559,Sep7,Stabilized,lower_change,0,0.01014279354830112,False,0.11093424682643482,False,0.42069087487696477,False,0.08775245366980507,False
validation:2026.9.7/log_23_2026-9-7-06-09-22.ulg:0:1675,2026.9.7/log_23_2026-9-7-06-09-22.ulg,0,1675,51,59301398,59794164,60799482,0.492766,Sep7,Stabilized,lower_change,0,0.005855944585446452,False,0.11250976609767707,False,0.1943009784796014,False,0.1942514449334447,False
validation:2026.9.7/log_23_2026-9-7-06-09-22.ulg:0:1725,2026.9.7/log_23_2026-9-7-06-09-22.ulg,0,1725,51,60296787,60799482,61804735,0.502695,Sep7,Stabilized,sustained,2,0.009259061370870647,False,0.20015468547337073,True,0.7290641568180423,True,0.18689910019007588,False
validation:2026.9.7/log_23_2026-9-7-06-09-22.ulg:0:1775,2026.9.7/log_23_2026-9-7-06-09-22.ulg,0,1775,51,61302155,61804735,62800127,0.50258,Sep7,Stabilized,sustained,2,0.0,False,0.09150001816763456,False,0.6439876612005807,True,0.3325741229703483,True
validation:2026.9.7/log_23_2026-9-7-06-09-22.ulg:0:1825,2026.9.7/log_23_2026-9-7-06-09-22.ulg,0,1825,51,62297553,62800127,63795534,0.502574,Sep7,Stabilized,sustained,1,0.0,False,0.07219478003810094,False,0.27978258745967427,False,0.30328765365577104,True
validation:2026.9.7/log_23_2026-9-7-06-09-22.ulg:0:1875,2026.9.7/log_23_2026-9-7-06-09-22.ulg,0,1875,51,63302832,63795534,64800881,0.492702,Sep7,Stabilized,sustained,2,0.007172038098178886,False,0.22174808852117142,True,0.34201531101605553,False,0.31014841796444437,True
validation:2026.9.7/log_23_2026-9-7-06-09-22.ulg:0:1925,2026.9.7/log_23_2026-9-7-06-09-22.ulg,0,1925,51,64298252,64800881,65796290,0.502629,Sep7,Stabilized,sustained,2,0.016819935452919904,False,0.5024881770383759,True,0.21350409975941795,False,0.38774253774998846,True
validation:2026.9.7/log_23_2026-9-7-06-09-22.ulg:0:1975,2026.9.7/log_23_2026-9-7-06-09-22.ulg,0,1975,51,65303433,65796290,66801503,0.492857,Sep7,Stabilized,lower_change,0,0.003585912179202717,False,0.09989467214563633,False,0.13004284087198156,False,0.14806551202660118,False
validation:2026.9.7/log_23_2026-9-7-06-09-22.ulg:0:2025,2026.9.7/log_23_2026-9-7-06-09-22.ulg,0,2025,51,66298867,66801503,67796908,0.502636,Sep7,Stabilized,lower_change,0,0.007171824358405433,False,0.0814910438312809,False,0.216735610228577,False,0.08428171662446242,False
validation:2026.9.7/log_23_2026-9-7-06-09-22.ulg:0:2075,2026.9.7/log_23_2026-9-7-06-09-22.ulg,0,2075,51,67294357,67796908,68802309,0.502551,Sep7,Stabilized,lower_change,0,0.009710696086498232,False,0.06827288087736343,False,0.16972833020584294,False,0.05037368753631651,False
validation:2026.9.7/log_23_2026-9-7-06-09-22.ulg:0:2125,2026.9.7/log_23_2026-9-7-06-09-22.ulg,0,2125,51,68299550,68802309,69797650,0.502759,Sep7,Stabilized,mixed_change,2,0.0,False,0.09017703677404891,False,1.3194456460525994,True,0.24120729673110022,True
validation:2026.9.7/log_23_2026-9-7-06-09-22.ulg:0:2175,2026.9.7/log_23_2026-9-7-06-09-22.ulg,0,2175,51,69304853,69797650,70802984,0.492797,Sep7,Stabilized,sustained,1,0.004140654723906093,False,0.13527674056184202,False,0.8795101765063194,True,0.04813773329698416,False
validation:2026.9.7/log_23_2026-9-7-06-09-22.ulg:0:2225,2026.9.7/log_23_2026-9-7-06-09-22.ulg,0,2225,51,70300415,70802984,71798351,0.5025689999999999,Sep7,Stabilized,lower_change,0,0.003585912179202717,False,0.09747871056990504,False,0.34551304337143085,False,0.11621286475502107,False
validation:2026.9.7/log_23_2026-9-7-06-09-22.ulg:1:25,2026.9.7/log_23_2026-9-7-06-09-22.ulg,1,25,51,72458718,72961494,73956817,0.502776,Sep7,Mission,lower_change,0,0.10972740118167754,False,0.14207794107071253,False,0.34517170512244516,False,0.13656708690117156,False
validation:2026.9.7/log_23_2026-9-7-06-09-22.ulg:1:75,2026.9.7/log_23_2026-9-7-06-09-22.ulg,1,75,51,73463930,73956817,74961977,0.4928869999999999,Sep7,Mission,sustained,1,0.36010728168140027,True,0.09553497569938468,False,0.16620238877544755,False,0.16096714175925592,False
validation:2026.9.7/log_23_2026-9-7-06-09-22.ulg:1:125,2026.9.7/log_23_2026-9-7-06-09-22.ulg,1,125,51,74459365,74961977,75957423,0.502612,Sep7,Mission,sustained,2,0.24867469017962976,False,0.28312946924724913,True,0.6454241201151533,True,0.20280101916433083,False
validation:2026.9.7/log_23_2026-9-7-06-09-22.ulg:1:175,2026.9.7/log_23_2026-9-7-06-09-22.ulg,1,175,51,75464630,75957423,76962662,0.492793,Sep7,Mission,sustained,1,0.3891584416147609,True,0.12239477260120052,False,0.12039146424440854,False,0.1253409314670353,False
validation:2026.9.7/log_23_2026-9-7-06-09-22.ulg:1:225,2026.9.7/log_23_2026-9-7-06-09-22.ulg,1,225,51,76460080,76962662,77958179,0.502582,Sep7,Mission,sustained,1,0.14458978546552803,False,0.08681506429426133,False,0.28562085420407307,False,0.3063984863233796,True
validation:2026.9.7/log_23_2026-9-7-06-09-22.ulg:1:275,2026.9.7/log_23_2026-9-7-06-09-22.ulg,1,275,51,77455451,77958179,78963438,0.502728,Sep7,Mission,sustained,1,0.3841170810522316,True,0.09070019694158513,False,0.26688034511578285,False,0.06943879261896294,False
validation:2026.9.7/log_23_2026-9-7-06-09-22.ulg:1:325,2026.9.7/log_23_2026-9-7-06-09-22.ulg,1,325,51,78460786,78963438,79958891,0.502652,Sep7,Mission,lower_change,0,0.12154094779008329,False,0.10097601819184573,False,0.21798797282506654,False,0.13682627002777856,False
validation:2026.9.7/log_23_2026-9-7-06-09-22.ulg:1:375,2026.9.7/log_23_2026-9-7-06-09-22.ulg,1,375,51,79456268,79958891,80964108,0.5026229999999999,Sep7,Mission,reversing,1,0.1814673935611423,False,0.0706549642265814,False,0.11405956406628516,False,0.30904803911247336,True
validation:2026.9.7/log_23_2026-9-7-06-09-22.ulg:1:425,2026.9.7/log_23_2026-9-7-06-09-22.ulg,1,425,51,80461551,80964108,81959513,0.502557,Sep7,Mission,sustained,1,0.250108466467172,False,0.07203222512591043,False,0.24418693370651887,False,0.33623829365134456,True
validation:2026.9.7/log_23_2026-9-7-06-09-22.ulg:1:475,2026.9.7/log_23_2026-9-7-06-09-22.ulg,1,475,51,81456920,81959513,82964772,0.502593,Sep7,Mission,sustained,1,0.3869025560170045,True,0.07536653781973303,False,0.26588536714531386,False,0.1136403345682908,False
validation:2026.9.7/log_23_2026-9-7-06-09-22.ulg:1:525,2026.9.7/log_23_2026-9-7-06-09-22.ulg,1,525,51,82462157,82964772,83960197,0.5026149999999999,Sep7,Mission,sustained,1,0.30343764138548984,True,0.13516307676701325,False,0.19174248276238415,False,0.123687921547772,False
validation:2026.9.7/log_23_2026-9-7-06-09-22.ulg:1:575,2026.9.7/log_23_2026-9-7-06-09-22.ulg,1,575,51,83457582,83960197,84955625,0.5026149999999999,Sep7,Mission,lower_change,0,0.1601255161470528,False,0.15486700578568763,False,0.10004173946267195,False,0.07406528709954983,False
validation:2026.9.7/log_23_2026-9-7-06-09-22.ulg:1:625,2026.9.7/log_23_2026-9-7-06-09-22.ulg,1,625,51,84462838,84955625,85960898,0.492787,Sep7,Mission,lower_change,0,0.11206565059468,False,0.1294319844302138,False,0.4719782398791836,False,0.07881276874557887,False
validation:2026.9.7/log_23_2026-9-7-06-09-22.ulg:1:675,2026.9.7/log_23_2026-9-7-06-09-22.ulg,1,675,51,85458280,85960898,86956359,0.502618,Sep7,Mission,sustained,1,0.09212274963368135,False,0.08555065745665254,False,0.6713741145066509,True,0.10444177119668667,False
validation:2026.9.7/log_23_2026-9-7-06-09-22.ulg:1:725,2026.9.7/log_23_2026-9-7-06-09-22.ulg,1,725,51,86463577,86956359,87961709,0.492782,Sep7,Mission,sustained,1,0.0478307103005322,False,0.07610531345095571,False,0.3363780160674311,False,0.25145662828150184,True
validation:2026.9.7/log_23_2026-9-7-06-09-22.ulg:1:775,2026.9.7/log_23_2026-9-7-06-09-22.ulg,1,775,51,87458991,87961709,88957027,0.502718,Sep7,Mission,sustained,2,0.3921124531934146,True,0.09065918000780053,False,0.65001167415013,True,0.22309627747557187,False
validation:2026.9.7/log_23_2026-9-7-06-09-22.ulg:1:825,2026.9.7/log_23_2026-9-7-06-09-22.ulg,1,825,51,88464319,88957027,89962302,0.492708,Sep7,Mission,sustained,1,0.2726934577982277,False,0.08932784261512383,False,0.3671085641958518,False,0.22992940884333513,True
validation:2026.9.7/log_23_2026-9-7-06-09-22.ulg:1:875,2026.9.7/log_23_2026-9-7-06-09-22.ulg,1,875,51,89459717,89962302,90957771,0.502585,Sep7,Mission,lower_change,0,0.08318575878459021,False,0.09495523954751069,False,0.19319112415502757,False,0.14409943733081715,False
validation:2026.9.7/log_23_2026-9-7-06-09-22.ulg:1:925,2026.9.7/log_23_2026-9-7-06-09-22.ulg,1,925,51,90455200,90957771,91963043,0.502571,Sep7,Mission,lower_change,0,0.06681874840219329,False,0.07097024594151753,False,0.1987207316117172,False,0.051834784976391886,False
validation:2026.9.7/log_23_2026-9-7-06-09-22.ulg:1:975,2026.9.7/log_23_2026-9-7-06-09-22.ulg,1,975,51,91460456,91963043,92958443,0.502587,Sep7,Mission,lower_change,0,0.1740882835443533,False,0.0656522170173398,False,0.15383790820477083,False,0.058022221689643064,False
validation:2026.9.7/log_23_2026-9-7-06-09-22.ulg:1:1025,2026.9.7/log_23_2026-9-7-06-09-22.ulg,1,1025,51,92455795,92958443,93953863,0.502648,Sep7,Mission,sustained,1,0.2244863082733631,False,0.06488090923549808,False,0.49792476016241055,True,0.15701891967358492,False
validation:2026.9.7/log_23_2026-9-7-06-09-22.ulg:1:1075,2026.9.7/log_23_2026-9-7-06-09-22.ulg,1,1075,51,93461107,93953863,94959199,0.4927559999999999,Sep7,Mission,sustained,2,0.38898818439236404,True,0.07811607510866579,False,0.5123784082268502,True,0.15523420304859026,False
validation:2026.9.7/log_23_2026-9-7-06-09-22.ulg:1:1125,2026.9.7/log_23_2026-9-7-06-09-22.ulg,1,1125,51,94456580,94959199,95964530,0.5026189999999999,Sep7,Mission,sustained,1,0.3627805814650544,True,0.11423280751817651,False,0.20778081948754715,False,0.1635345941661616,False
validation:2026.9.7/log_23_2026-9-7-06-09-22.ulg:1:1175,2026.9.7/log_23_2026-9-7-06-09-22.ulg,1,1175,51,95461846,95964530,96959991,0.502684,Sep7,Mission,lower_change,0,0.19368352351259835,False,0.17152787071566183,False,0.2210844174365516,False,0.1237530393267296,False
validation:2026.9.7/log_23_2026-9-7-06-09-22.ulg:1:1225,2026.9.7/log_23_2026-9-7-06-09-22.ulg,1,1225,51,96457253,96959991,97955343,0.502738,Sep7,Mission,lower_change,0,0.21713426954389523,False,0.1355365427949474,False,0.15111519329758086,False,0.07597709537441306,False
validation:2026.9.7/log_23_2026-9-7-06-09-22.ulg:1:1275,2026.9.7/log_23_2026-9-7-06-09-22.ulg,1,1275,51,97462523,97955343,98960593,0.49282,Sep7,Mission,sustained,1,0.3890373004639203,True,0.11007059846390328,False,0.2563395377639585,False,0.11581691080003743,False
validation:2026.9.7/log_23_2026-9-7-06-09-22.ulg:1:1325,2026.9.7/log_23_2026-9-7-06-09-22.ulg,1,1325,51,98457953,98960593,99965918,0.50264,Sep7,Mission,sustained,2,0.38499921313326657,True,0.2518520849152413,True,0.29740314297852477,False,0.06798493628417591,False
validation:2026.9.7/log_23_2026-9-7-06-09-22.ulg:1:1375,2026.9.7/log_23_2026-9-7-06-09-22.ulg,1,1375,51,99463227,99965918,100961315,0.502691,Sep7,Mission,sustained,1,0.3532025318000859,True,0.08121656400720205,False,0.1510732752566787,False,0.16880558589586503,False
validation:2026.9.7/log_23_2026-9-7-06-09-22.ulg:1:1425,2026.9.7/log_23_2026-9-7-06-09-22.ulg,1,1425,51,100458670,100961315,101956733,0.502645,Sep7,Mission,sustained,2,0.3720649075444598,True,0.08191975207803873,False,0.5195458722023772,True,0.14821543033667034,False
validation:2026.9.7/log_23_2026-9-7-06-09-22.ulg:1:1475,2026.9.7/log_23_2026-9-7-06-09-22.ulg,1,1475,51,101463975,101956733,102962045,0.492758,Sep7,Mission,lower_change,0,0.27282696782822324,False,0.1043958448195707,False,0.38068423051071787,False,0.11675806936620749,False
validation:2026.9.7/log_23_2026-9-7-06-09-22.ulg:1:1525,2026.9.7/log_23_2026-9-7-06-09-22.ulg,1,1525,51,102459404,102962045,103957439,0.502641,Sep7,Mission,sustained,1,0.3919444838297709,True,0.0701659695614648,False,0.2853143051353704,False,0.1651811305001206,False
validation:2026.9.7/log_23_2026-9-7-06-09-22.ulg:1:1575,2026.9.7/log_23_2026-9-7-06-09-22.ulg,1,1575,51,103464642,103957439,104962723,0.492797,Sep7,Mission,lower_change,0,0.28359966238882095,False,0.13288583768457052,False,0.26794966004194176,False,0.06350922243057491,False
validation:2026.9.7/log_23_2026-9-7-06-09-22.ulg:1:1625,2026.9.7/log_23_2026-9-7-06-09-22.ulg,1,1625,51,104460117,104962723,105958245,0.502606,Sep7,Mission,sustained,1,0.15546352015292722,False,0.10218869732544988,False,0.5094444996152667,True,0.1261180111123689,False
validation:2026.9.7/log_23_2026-9-7-06-09-22.ulg:1:1675,2026.9.7/log_23_2026-9-7-06-09-22.ulg,1,1675,51,105455486,105958245,106963420,0.502759,Sep7,Mission,sustained,2,0.10745706987654427,False,0.08432995794065087,False,0.9693772520323214,True,0.5000605215750601,True
validation:2026.9.7/log_23_2026-9-7-06-09-22.ulg:1:1725,2026.9.7/log_23_2026-9-7-06-09-22.ulg,1,1725,51,106460774,106963420,107958833,0.5026459999999999,Sep7,Mission,sustained,1,0.1781910600005313,False,0.07602356233468405,False,0.6274692600606498,True,0.11921879839744057,False
validation:2026.9.7/log_23_2026-9-7-06-09-22.ulg:1:1775,2026.9.7/log_23_2026-9-7-06-09-22.ulg,1,1775,51,107466068,107958833,108964183,0.4927649999999999,Sep7,Mission,lower_change,0,0.14384404084253963,False,0.08424559047019688,False,0.23454494715774463,False,0.19813197483308476,False
validation:2026.9.7/log_23_2026-9-7-06-09-22.ulg:1:1825,2026.9.7/log_23_2026-9-7-06-09-22.ulg,1,1825,51,108461538,108964183,109959583,0.502645,Sep7,Mission,lower_change,0,0.09662631252233159,False,0.08939051710019562,False,0.2278096320895466,False,0.11355233202105329,False
validation:2026.9.7/log_23_2026-9-7-06-09-22.ulg:1:1875,2026.9.7/log_23_2026-9-7-06-09-22.ulg,1,1875,51,109456933,109959583,110964932,0.5026499999999999,Sep7,Mission,sustained,1,0.15362517927438046,False,0.29191631180768984,True,0.3280514867688356,False,0.07994620551925707,False
validation:2026.9.7/log_23_2026-9-7-06-09-22.ulg:1:1925,2026.9.7/log_23_2026-9-7-06-09-22.ulg,1,1925,51,110462221,110964932,111960332,0.502711,Sep7,Mission,sustained,3,0.36585761292958485,True,0.1793543040268981,True,0.4988493249174495,True,0.08287629729455552,False
validation:2026.9.7/log_23_2026-9-7-06-09-22.ulg:1:1975,2026.9.7/log_23_2026-9-7-06-09-22.ulg,1,1975,51,111457728,111960332,112955687,0.5026039999999999,Sep7,Mission,sustained,2,0.3845419348278309,True,0.19055441137465817,True,0.18634933309772134,False,0.04515082592767321,False
validation:2026.9.7/log_23_2026-9-7-06-09-22.ulg:1:2025,2026.9.7/log_23_2026-9-7-06-09-22.ulg,1,2025,51,112462911,112955687,113961027,0.492776,Sep7,Mission,lower_change,0,0.28520575913214863,False,0.07792605781151277,False,0.14733713186094255,False,0.08318492046570908,False
validation:2026.9.7/log_23_2026-9-7-06-09-22.ulg:1:2075,2026.9.7/log_23_2026-9-7-06-09-22.ulg,1,2075,51,113458411,113961027,114956541,0.502616,Sep7,Mission,lower_change,0,0.07447062660410968,False,0.08707306132684166,False,0.17533469201144397,False,0.10600905855178656,False
validation:2026.9.7/log_23_2026-9-7-06-09-22.ulg:1:2125,2026.9.7/log_23_2026-9-7-06-09-22.ulg,1,2125,51,114463617,114956541,115961686,0.492924,Sep7,Mission,lower_change,0,0.08021635984594779,False,0.10910687856450642,False,0.17434096785797643,False,0.08312917694655703,False
validation:2026.9.7/log_23_2026-9-7-06-09-22.ulg:1:2175,2026.9.7/log_23_2026-9-7-06-09-22.ulg,1,2175,51,115459071,115961686,116957123,0.5026149999999999,Sep7,Mission,sustained,1,0.38654729574943536,True,0.07445639856293261,False,0.16478995296653276,False,0.10878606011660866,False
validation:2026.9.7/log_23_2026-9-7-06-09-22.ulg:1:2225,2026.9.7/log_23_2026-9-7-06-09-22.ulg,1,2225,51,116464341,116957123,117962392,0.492782,Sep7,Mission,lower_change,0,0.12772103553092526,False,0.06990651948468417,False,0.233206091612717,False,0.08028294559905504,False
validation:2026.9.7/log_23_2026-9-7-06-09-22.ulg:1:2275,2026.9.7/log_23_2026-9-7-06-09-22.ulg,1,2275,51,117459779,117962392,118957839,0.502613,Sep7,Mission,lower_change,0,0.23537164318644968,False,0.08390903221059574,False,0.2832307333807957,False,0.04790740300354786,False
validation:2026.9.7/log_23_2026-9-7-06-09-22.ulg:1:2325,2026.9.7/log_23_2026-9-7-06-09-22.ulg,1,2325,51,118455213,118957839,119963121,0.502626,Sep7,Mission,lower_change,0,0.06743843336221579,False,0.08884600639027153,False,0.1276673731337843,False,0.06488143349096649,False
validation:2026.9.7/log_23_2026-9-7-06-09-22.ulg:1:2375,2026.9.7/log_23_2026-9-7-06-09-22.ulg,1,2375,51,119460532,119963121,120958567,0.502589,Sep7,Mission,sustained,1,0.3656574244645194,True,0.0799143285398046,False,0.14793245958743304,False,0.0523640609715888,False
validation:2026.9.7/log_23_2026-9-7-06-09-22.ulg:1:2425,2026.9.7/log_23_2026-9-7-06-09-22.ulg,1,2425,51,120455899,120958567,121954041,0.502668,Sep7,Mission,sustained,1,0.38830922795748424,True,0.1471842885080904,False,0.17604577990842596,False,0.062232641538851725,False
validation:2026.9.7/log_23_2026-9-7-06-09-22.ulg:1:2475,2026.9.7/log_23_2026-9-7-06-09-22.ulg,1,2475,51,121461200,121954041,122959269,0.492841,Sep7,Mission,sustained,1,0.37002411470025026,True,0.13837741585849592,False,0.15408961744158028,False,0.097721081536831,False
validation:2026.9.7/log_23_2026-9-7-06-09-22.ulg:1:2525,2026.9.7/log_23_2026-9-7-06-09-22.ulg,1,2525,51,122456623,122959269,123964555,0.5026459999999999,Sep7,Mission,sustained,1,0.3906926572482385,True,0.1650423350867927,False,0.13328647421485093,False,0.11081402250832158,False
validation:2026.9.7/log_23_2026-9-7-06-09-22.ulg:1:2575,2026.9.7/log_23_2026-9-7-06-09-22.ulg,1,2575,51,123461922,123964555,124960011,0.502633,Sep7,Mission,lower_change,0,0.1649075816726542,False,0.08403228810615838,False,0.1700485771459425,False,0.14741420323305846,False
validation:2026.9.7/log_23_2026-9-7-06-09-22.ulg:1:2625,2026.9.7/log_23_2026-9-7-06-09-22.ulg,1,2625,51,124457370,124960011,125955403,0.502641,Sep7,Mission,lower_change,0,0.19386757210296873,False,0.09953163631347145,False,0.3150790766235696,False,0.08547348353679618,False
validation:2026.9.7/log_23_2026-9-7-06-09-22.ulg:1:2675,2026.9.7/log_23_2026-9-7-06-09-22.ulg,1,2675,51,125462614,125955403,126960686,0.492789,Sep7,Mission,lower_change,0,0.06006791802342765,False,0.1021329865966582,False,0.22571709614092147,False,0.12763453616367482,False
validation:2026.9.7/log_23_2026-9-7-06-09-22.ulg:1:2725,2026.9.7/log_23_2026-9-7-06-09-22.ulg,1,2725,51,126458106,126960686,127956169,0.50258,Sep7,Mission,sustained,1,0.3851672474621531,True,0.09355491852683609,False,0.2801070360047795,False,0.13668217419133405,False
validation:2026.9.7/log_23_2026-9-7-06-09-22.ulg:1:2775,2026.9.7/log_23_2026-9-7-06-09-22.ulg,1,2775,51,127463381,127956169,128961496,0.492788,Sep7,Mission,lower_change,0,0.22007346594291935,False,0.10313116912676741,False,0.34923644356918404,False,0.03703299134067524,False
validation:2026.9.7/log_23_2026-9-7-06-09-22.ulg:1:2825,2026.9.7/log_23_2026-9-7-06-09-22.ulg,1,2825,51,128458877,128961496,129956892,0.5026189999999999,Sep7,Mission,lower_change,0,0.03565596878012566,False,0.11235393212365992,False,0.3821877875381704,False,0.09932457483183933,False
validation:2026.9.7/log_23_2026-9-7-06-09-22.ulg:1:2875,2026.9.7/log_23_2026-9-7-06-09-22.ulg,1,2875,51,129454177,129956892,130962171,0.502715,Sep7,Mission,sustained,1,0.3435634034599373,True,0.0782972672044229,False,0.3482774725061672,False,0.14061905754998014,False
validation:2026.9.7/log_23_2026-9-7-06-09-22.ulg:1:2925,2026.9.7/log_23_2026-9-7-06-09-22.ulg,1,2925,51,130459520,130962171,131957604,0.502651,Sep7,Mission,lower_change,0,0.11286347545736287,False,0.12733155768420804,False,0.3174736975469586,False,0.07091221904615984,False
validation:2026.9.7/log_23_2026-9-7-06-09-22.ulg:1:2975,2026.9.7/log_23_2026-9-7-06-09-22.ulg,1,2975,51,131464790,131957604,132962846,0.492814,Sep7,Mission,sustained,1,0.38882525668001067,True,0.10315121766300647,False,0.127968442367969,False,0.0453386460007474,False
validation:2026.9.7/log_23_2026-9-7-06-09-22.ulg:1:3025,2026.9.7/log_23_2026-9-7-06-09-22.ulg,1,3025,51,132460379,132962846,133958245,0.502467,Sep7,Mission,sustained,1,0.365580896947658,True,0.12330453625237105,False,0.2014257538953753,False,0.04721673922014737,False
validation:2026.9.7/log_23_2026-9-7-06-09-22.ulg:1:3075,2026.9.7/log_23_2026-9-7-06-09-22.ulg,1,3075,51,133455622,133958245,134963545,0.5026229999999999,Sep7,Mission,sustained,1,0.3214923982079563,True,0.09898640145636885,False,0.21283644001671556,False,0.05807134613796435,False
validation:2026.9.7/log_23_2026-9-7-06-09-22.ulg:1:3125,2026.9.7/log_23_2026-9-7-06-09-22.ulg,1,3125,51,134460927,134963545,135958971,0.502618,Sep7,Mission,lower_change,0,0.14307040937094456,False,0.07091779033134922,False,0.1767078749932301,False,0.05514204454777181,False
validation:2026.9.7/log_23_2026-9-7-06-09-22.ulg:1:3175,2026.9.7/log_23_2026-9-7-06-09-22.ulg,1,3175,51,135466240,135958971,136964338,0.492731,Sep7,Mission,lower_change,0,0.22034723589683314,False,0.091260602046483,False,0.3174243288443045,False,0.11452925252572839,False
validation:2026.9.7/log_23_2026-9-7-06-09-22.ulg:1:3225,2026.9.7/log_23_2026-9-7-06-09-22.ulg,1,3225,51,136461843,136964338,137959840,0.502495,Sep7,Mission,lower_change,0,0.1977694495255709,False,0.17682213695639806,False,0.31658201573788297,False,0.0458485293442649,False
validation:2026.9.7/log_23_2026-9-7-06-09-22.ulg:1:3275,2026.9.7/log_23_2026-9-7-06-09-22.ulg,1,3275,51,137457069,137959840,138965036,0.502771,Sep7,Mission,sustained,1,0.2691173136698871,False,0.17598394747489116,False,0.4747921895646585,False,0.266024864996953,True
validation:2026.9.7/log_23_2026-9-7-06-09-22.ulg:1:3325,2026.9.7/log_23_2026-9-7-06-09-22.ulg,1,3325,51,138462403,138965036,139960410,0.502633,Sep7,Mission,sustained,2,0.3662314340084666,True,0.08930872512219125,False,0.3069861163971136,False,0.2571641598763065,True
validation:2026.9.7/log_23_2026-9-7-06-09-22.ulg:1:3375,2026.9.7/log_23_2026-9-7-06-09-22.ulg,1,3375,51,139457801,139960410,140955850,0.502609,Sep7,Mission,sustained,1,0.08329272680153309,False,0.10394265574595524,False,0.743702872820744,True,0.19125378817184524,False
validation:2026.9.7/log_23_2026-9-7-06-09-22.ulg:1:3425,2026.9.7/log_23_2026-9-7-06-09-22.ulg,1,3425,51,140463278,140955850,141961148,0.4925719999999999,Sep7,Mission,lower_change,0,0.28475488502575275,False,0.07447038927709884,False,0.46520974388004005,False,0.20301720121013112,False
validation:2026.9.7/log_23_2026-9-7-06-09-22.ulg:1:3475,2026.9.7/log_23_2026-9-7-06-09-22.ulg,1,3475,51,141458526,141961148,142956562,0.502622,Sep7,Mission,lower_change,0,0.22553077841811373,False,0.11191532642411703,False,0.16069228342699707,False,0.09023352089114677,False
validation:2026.9.7/log_23_2026-9-7-06-09-22.ulg:1:3525,2026.9.7/log_23_2026-9-7-06-09-22.ulg,1,3525,51,142463859,142956562,143961928,0.492703,Sep7,Mission,lower_change,0,0.14074766340346762,False,0.13878002603136258,False,0.2594927295752776,False,0.10778646470568833,False
validation:2026.9.7/log_23_2026-9-7-06-09-22.ulg:1:3575,2026.9.7/log_23_2026-9-7-06-09-22.ulg,1,3575,51,143459251,143961928,144957330,0.5026769999999999,Sep7,Mission,mixed_change,1,0.3024750462818783,True,0.057195247566935975,False,0.2933909068424947,False,0.12277204422173982,False
validation:2026.9.7/log_23_2026-9-7-06-09-22.ulg:1:3625,2026.9.7/log_23_2026-9-7-06-09-22.ulg,1,3625,51,144464796,144957330,145962720,0.4925339999999999,Sep7,Mission,mixed_change,2,0.3082621504825786,True,0.10411429729263193,False,0.2981471295090577,False,0.24392462506962403,True
validation:2026.9.7/log_23_2026-9-7-06-09-22.ulg:1:3675,2026.9.7/log_23_2026-9-7-06-09-22.ulg,1,3675,51,145460009,145962720,146958004,0.502711,Sep7,Mission,lower_change,0,0.12228291278052927,False,0.06703037361402255,False,0.40197778462401274,False,0.09128039526080624,False
validation:2026.9.7/log_23_2026-9-7-06-09-22.ulg:1:3725,2026.9.7/log_23_2026-9-7-06-09-22.ulg,1,3725,51,146455439,146958004,147963268,0.5025649999999999,Sep7,Mission,lower_change,0,0.16928877852189478,False,0.09976940496198161,False,0.42764310930993826,False,0.07301792808901537,False
validation:2026.9.7/log_23_2026-9-7-06-09-22.ulg:1:3775,2026.9.7/log_23_2026-9-7-06-09-22.ulg,1,3775,51,147460684,147963268,148958702,0.502584,Sep7,Mission,lower_change,0,0.1453905736267628,False,0.07832720446991057,False,0.18751171122556634,False,0.06407662886096781,False
validation:2026.9.7/log_23_2026-9-7-06-09-22.ulg:1:3825,2026.9.7/log_23_2026-9-7-06-09-22.ulg,1,3825,51,148456221,148958702,149954128,0.502481,Sep7,Mission,sustained,2,0.38628262420712695,True,0.14928359502014157,False,0.614729574525312,True,0.059213795386749785,False
validation:2026.9.7/log_23_2026-9-7-06-09-22.ulg:1:3875,2026.9.7/log_23_2026-9-7-06-09-22.ulg,1,3875,51,149461392,149954128,150959411,0.4927359999999999,Sep7,Mission,sustained,1,0.36163353040271906,True,0.07682541809535208,False,0.3745498641702984,False,0.14879014083576544,False
validation:2026.9.7/log_23_2026-9-7-06-09-22.ulg:1:3925,2026.9.7/log_23_2026-9-7-06-09-22.ulg,1,3925,51,150456875,150959411,151964723,0.502536,Sep7,Mission,mixed_change,2,0.34682194580690284,True,0.24603794085142128,True,0.3228507434281754,False,0.1624510230932258,False
validation:2026.9.7/log_23_2026-9-7-06-09-22.ulg:2:25,2026.9.7/log_23_2026-9-7-06-09-22.ulg,2,25,51,152516621,153019549,154014735,0.5029279999999999,Sep7,Other_or_transition,sustained,1,0.38697619665101796,True,0.1330274282296159,False,0.4677453645511048,False,0.16626087010184873,False
validation:2026.9.7/log_23_2026-9-7-06-09-22.ulg:2:75,2026.9.7/log_23_2026-9-7-06-09-22.ulg,2,75,51,153521965,154014735,155020039,0.49277,Sep7,Other_or_transition,lower_change,0,0.21822656449370187,False,0.06921192001508357,False,0.12084667235823304,False,0.09639933644517705,False
validation:2026.9.7/log_23_2026-9-7-06-09-22.ulg:2:125,2026.9.7/log_23_2026-9-7-06-09-22.ulg,2,125,51,154517399,155020039,156025535,0.50264,Sep7,Other_or_transition,lower_change,0,0.11823816734832249,False,0.07073195745811794,False,0.23777410827691872,False,0.08173325964321047,False
validation:2026.9.7/log_23_2026-9-7-06-09-22.ulg:2:175,2026.9.7/log_23_2026-9-7-06-09-22.ulg,2,175,51,155522652,156025535,157020957,0.502883,Sep7,Other_or_transition,lower_change,0,0.12579571138978557,False,0.06687918188263453,False,0.17583744575100035,False,0.05106778914074969,False
validation:2026.9.7/log_23_2026-9-7-06-09-22.ulg:2:225,2026.9.7/log_23_2026-9-7-06-09-22.ulg,2,225,51,156518098,157020957,158016143,0.502859,Sep7,Other_or_transition,lower_change,0,0.13323812918003525,False,0.13186708249890391,False,0.3226146571537343,False,0.08759487631912605,False
validation:2026.9.7/log_23_2026-9-7-06-09-22.ulg:2:275,2026.9.7/log_23_2026-9-7-06-09-22.ulg,2,275,51,157523354,158016143,159021771,0.492789,Sep7,Other_or_transition,lower_change,0,0.23180520074551447,False,0.07850688524058146,False,0.19480062692614358,False,0.11391240856522147,False
validation:2026.9.7/log_23_2026-9-7-06-09-22.ulg:2:325,2026.9.7/log_23_2026-9-7-06-09-22.ulg,2,325,51,158518784,159021771,160016875,0.502987,Sep7,Other_or_transition,sustained,2,0.29461760976564955,False,0.26556429349273825,True,0.6186890367994737,True,0.17350184084026404,False
validation:2026.9.7/log_23_2026-9-7-06-09-22.ulg:2:375,2026.9.7/log_23_2026-9-7-06-09-22.ulg,2,375,51,159524062,160016875,161022444,0.492813,Sep7,Other_or_transition,sustained,1,0.3719589852533142,True,0.132152023112441,False,0.23599479377037252,False,0.06290035186779584,False
validation:2026.9.7/log_23_2026-9-7-06-09-22.ulg:2:425,2026.9.7/log_23_2026-9-7-06-09-22.ulg,2,425,51,160519502,161022444,162017871,0.502942,Sep7,Other_or_transition,lower_change,0,0.23357431814161933,False,0.10658891377694277,False,0.2931528705384802,False,0.13059424632602212,False
validation:2026.9.7/log_23_2026-9-7-06-09-22.ulg:2:475,2026.9.7/log_23_2026-9-7-06-09-22.ulg,2,475,51,161514927,162017871,163023137,0.502944,Sep7,Other_or_transition,sustained,1,0.03074075506018412,False,0.06623386196882877,False,0.560879273015568,True,0.09100860843055796,False
validation:2026.9.7/log_23_2026-9-7-06-09-22.ulg:3:25,2026.9.7/log_23_2026-9-7-06-09-22.ulg,3,25,51,163476264,163978912,164984150,0.502648,Sep7,Stabilized,lower_change,0,0.0,False,0.10568584466303771,False,0.38952719237317057,False,0.060773678592209474,False
validation:2026.9.7/log_23_2026-9-7-06-09-22.ulg:3:75,2026.9.7/log_23_2026-9-7-06-09-22.ulg,3,75,51,164481799,164984150,165979655,0.502351,Sep7,Stabilized,lower_change,0,0.0,False,0.13572549428946207,False,0.12848236624721301,False,0.16997414020791698,False
validation:2026.9.7/log_23_2026-9-7-06-09-22.ulg:3:125,2026.9.7/log_23_2026-9-7-06-09-22.ulg,3,125,51,165476973,165979655,166975045,0.502682,Sep7,Stabilized,lower_change,0,0.16535619900489132,False,0.12371941011764762,False,0.1824275714507094,False,0.06277124196761487,False
validation:2026.9.7/log_23_2026-9-7-06-09-22.ulg:3:175,2026.9.7/log_23_2026-9-7-06-09-22.ulg,3,175,51,166482401,166975045,167980343,0.4926439999999999,Sep7,Stabilized,sustained,1,0.005071245637307343,False,0.07098460808660129,False,0.24594579407824713,False,0.2861238216217306,True
validation:2026.9.7/log_23_2026-9-7-06-09-22.ulg:3:225,2026.9.7/log_23_2026-9-7-06-09-22.ulg,3,225,51,167477759,167980343,168985649,0.502584,Sep7,Stabilized,sustained,1,0.012248701605539748,False,0.08277679791981464,False,0.3306683071269483,False,0.3500576220200356,True
validation:2026.9.7/log_23_2026-9-7-06-09-22.ulg:3:275,2026.9.7/log_23_2026-9-7-06-09-22.ulg,3,275,51,168483244,168985649,169981042,0.502405,Sep7,Stabilized,sustained,1,0.0,False,0.10467144573906094,False,0.24947770495701363,False,0.2562876195608178,True
validation:2026.9.7/log_23_2026-9-7-06-09-22.ulg:3:325,2026.9.7/log_23_2026-9-7-06-09-22.ulg,3,325,51,169478447,169981042,170976454,0.502595,Sep7,Stabilized,lower_change,0,0.0,False,0.14815450476549757,False,0.2984330058422248,False,0.22507076231844006,False
validation:2026.9.7/log_23_2026-9-7-06-09-22.ulg:3:375,2026.9.7/log_23_2026-9-7-06-09-22.ulg,3,375,51,170483706,170976454,171981736,0.4927479999999999,Sep7,Stabilized,sustained,3,0.01576714344349618,False,0.18929314999802746,True,0.9264950971266741,True,0.4581141857619201,True
validation:2026.9.7/log_23_2026-9-7-06-09-22.ulg:3:425,2026.9.7/log_23_2026-9-7-06-09-22.ulg,3,425,51,171479140,171981736,172977162,0.5025959999999999,Sep7,Stabilized,sustained,1,0.015767532330185095,False,0.16482488552545646,False,0.7964521256258584,True,0.2128286382593945,False
validation:2026.9.7/log_23_2026-9-7-06-09-22.ulg:3:475,2026.9.7/log_23_2026-9-7-06-09-22.ulg,3,475,51,172484372,172977162,173982521,0.4927899999999999,Sep7,Stabilized,lower_change,0,0.01985834561635571,False,0.0763107547447524,False,0.14478893118699973,False,0.024223218653670327,False
validation:2026.9.7/log_23_2026-9-7-06-09-22.ulg:3:525,2026.9.7/log_23_2026-9-7-06-09-22.ulg,3,525,51,173479831,173982521,174977896,0.50269,Sep7,Stabilized,lower_change,0,0.005477571332220167,False,0.1728044831461431,False,0.1874617218460134,False,0.08079176439975695,False
validation:2026.9.7/log_23_2026-9-7-06-09-22.ulg:3:575,2026.9.7/log_23_2026-9-7-06-09-22.ulg,3,575,51,174475278,174977896,175983284,0.502618,Sep7,Stabilized,lower_change,0,0.005477571332220167,False,0.06876178794003278,False,0.24515957064905242,False,0.09999144429442383,False
validation:2026.9.7/log_23_2026-9-7-06-09-22.ulg:3:625,2026.9.7/log_23_2026-9-7-06-09-22.ulg,3,625,51,175480669,175983284,176978719,0.5026149999999999,Sep7,Stabilized,lower_change,0,0.008018343394041682,False,0.17351599606560983,False,0.32612897341949926,False,0.11193671312607631,False
validation:2026.9.7/log_23_2026-9-7-06-09-22.ulg:3:675,2026.9.7/log_23_2026-9-7-06-09-22.ulg,3,675,51,176485852,176978719,177983927,0.492867,Sep7,Stabilized,lower_change,0,0.0268350808310081,False,0.12938134437398416,False,0.38542714812196865,False,0.1914517474861986,False
validation:2026.9.7/log_23_2026-9-7-06-09-22.ulg:3:725,2026.9.7/log_23_2026-9-7-06-09-22.ulg,3,725,51,177481280,177983927,178979440,0.502647,Sep7,Stabilized,mixed_change,2,0.0,False,0.08620848108940479,False,1.1576080337655792,True,0.3986062453185138,True
validation:2026.9.7/log_23_2026-9-7-06-09-22.ulg:3:775,2026.9.7/log_23_2026-9-7-06-09-22.ulg,3,775,51,178476753,178979440,179984654,0.502687,Sep7,Stabilized,mixed_change,1,0.017480014962666622,False,0.10168110359053985,False,0.5924309166009152,True,0.11580039049274132,False
validation:2026.9.7/log_23_2026-9-7-06-09-22.ulg:3:825,2026.9.7/log_23_2026-9-7-06-09-22.ulg,3,825,51,179481989,179984654,180980079,0.502665,Sep7,Stabilized,sustained,2,0.013417254793636488,False,0.22942896619327183,True,1.132701826539497,True,0.18386103671129667,False
validation:2026.9.7/log_23_2026-9-7-06-09-22.ulg:3:875,2026.9.7/log_23_2026-9-7-06-09-22.ulg,3,875,51,180477422,180980079,181975539,0.502657,Sep7,Stabilized,lower_change,0,0.0,False,0.13278855234715264,False,0.38094858556018873,False,0.052737324215225104,False
validation:2026.9.7/log_23_2026-9-7-06-09-22.ulg:3:925,2026.9.7/log_23_2026-9-7-06-09-22.ulg,3,925,51,181482707,181975539,182980787,0.492832,Sep7,Stabilized,mixed_change,2,0.011171476678935633,False,0.18276724643724443,True,0.6802350154927779,True,0.14427629455642907,False
validation:2026.9.7/log_23_2026-9-7-06-09-22.ulg:3:975,2026.9.7/log_23_2026-9-7-06-09-22.ulg,3,975,51,182478120,182980787,183976193,0.502667,Sep7,Stabilized,reversing,2,0.4639870727466177,True,0.2119445484178687,True,0.26920769890575585,False,0.062230497562115974,False
validation:2026.9.7/log_23_2026-9-7-06-09-22.ulg:3:1025,2026.9.7/log_23_2026-9-7-06-09-22.ulg,3,1025,51,183483390,183976193,184981529,0.492803,Sep7,Stabilized,mixed_change,1,0.015353958649508934,False,0.14858472569761427,False,0.5811787837604302,True,0.2163082204103612,False
validation:2026.9.7/log_23_2026-9-7-06-09-22.ulg:3:1075,2026.9.7/log_23_2026-9-7-06-09-22.ulg,3,1075,51,184478850,184981529,185976916,0.502679,Sep7,Stabilized,lower_change,0,0.007172038098178886,False,0.16206900312985204,False,0.4435408912709777,False,0.16025127725968602,False
validation:2026.9.7/log_23_2026-9-7-06-09-22.ulg:3:1125,2026.9.7/log_23_2026-9-7-06-09-22.ulg,3,1125,51,185484174,185976916,186982187,0.4927419999999999,Sep7,Stabilized,lower_change,0,0.018203626850547276,False,0.13649743577872112,False,0.2122491802382131,False,0.033471979069716086,False
validation:2026.9.7/log_23_2026-9-7-06-09-22.ulg:3:1175,2026.9.7/log_23_2026-9-7-06-09-22.ulg,3,1175,51,186479550,186982187,187977675,0.502637,Sep7,Stabilized,lower_change,0,0.016068947512831402,False,0.07920377520120964,False,0.34046822682614986,False,0.11684663080252825,False
validation:2026.9.7/log_23_2026-9-7-06-09-22.ulg:3:1225,2026.9.7/log_23_2026-9-7-06-09-22.ulg,3,1225,51,187475024,187977675,188982935,0.502651,Sep7,Stabilized,lower_change,0,0.09069980350772215,False,0.17422140568525155,False,0.4176354948649811,False,0.07570214388502794,False
validation:2026.9.7/log_23_2026-9-7-06-09-22.ulg:3:1275,2026.9.7/log_23_2026-9-7-06-09-22.ulg,3,1275,51,188480288,188982935,189978342,0.502647,Sep7,Stabilized,lower_change,0,0.1841991144604905,False,0.1163551798337823,False,0.2771136933635826,False,0.03584852087786085,False
validation:2026.9.7/log_24_2026-9-7-06-16-04.ulg:0:25,2026.9.7/log_24_2026-9-7-06-16-04.ulg,0,25,51,63080585,63579483,64577318,0.4988979999999999,Sep7,Stabilized,reversing,2,0.08132575270949585,False,0.3106768170169488,True,0.3106768170169488,False,0.39505358777907845,True
validation:2026.9.7/log_24_2026-9-7-06-16-04.ulg:0:75,2026.9.7/log_24_2026-9-7-06-16-04.ulg,0,75,51,64078404,64577318,65575232,0.4989139999999999,Sep7,Stabilized,sustained,4,0.3776965149547172,True,0.6695021233996789,True,1.6110876599316697,True,2.109464709922221,True
validation:2026.9.7/log_24_2026-9-7-06-16-04.ulg:0:125,2026.9.7/log_24_2026-9-7-06-16-04.ulg,0,125,51,65076350,65575232,66583049,0.498882,Sep7,Stabilized,lower_change,0,0.09114245941869362,False,0.1048982056899225,False,0.3862267575603978,False,0.05675725876858823,False
validation:2026.9.7/log_24_2026-9-7-06-16-04.ulg:0:175,2026.9.7/log_24_2026-9-7-06-16-04.ulg,0,175,51,66084145,66583049,67580951,0.4989039999999999,Sep7,Stabilized,lower_change,0,0.0077464556668918215,False,0.10295151131223354,False,0.34460763092599517,False,0.07806337091653517,False
validation:2026.9.7/log_24_2026-9-7-06-16-04.ulg:0:225,2026.9.7/log_24_2026-9-7-06-16-04.ulg,0,225,51,67082005,67580951,68578859,0.498946,Sep7,Stabilized,lower_change,0,0.020807134155143292,False,0.10292687081675209,False,0.23535447772381785,False,0.11785425977049871,False
validation:2026.9.7/log_24_2026-9-7-06-16-04.ulg:0:275,2026.9.7/log_24_2026-9-7-06-16-04.ulg,0,275,51,68079903,68578859,69576705,0.4989559999999999,Sep7,Stabilized,sustained,2,0.06981114178689482,False,0.16463269075360623,False,0.5442906300202855,True,0.5357486285270757,True
validation:2026.9.7/log_24_2026-9-7-06-16-04.ulg:0:325,2026.9.7/log_24_2026-9-7-06-16-04.ulg,0,325,51,69077781,69576705,70584574,0.498924,Sep7,Stabilized,lower_change,0,0.0785644239547138,False,0.10098643924594991,False,0.15990083966117372,False,0.22087544724758046,False
validation:2026.9.7/log_24_2026-9-7-06-16-04.ulg:0:375,2026.9.7/log_24_2026-9-7-06-16-04.ulg,0,375,51,70075656,70584574,71582533,0.508918,Sep7,Stabilized,sustained,1,0.01942181312589736,False,0.15930567188761358,False,0.562770294693681,True,0.07982820187750085,False
validation:2026.9.7/log_24_2026-9-7-06-16-04.ulg:0:425,2026.9.7/log_24_2026-9-7-06-16-04.ulg,0,425,51,71083608,71582533,72580471,0.4989249999999999,Sep7,Stabilized,lower_change,0,0.0,False,0.16597134420454615,False,0.4150781563403341,False,0.11392175491586129,False
validation:2026.9.7/log_24_2026-9-7-06-16-04.ulg:0:475,2026.9.7/log_24_2026-9-7-06-16-04.ulg,0,475,51,72081413,72580471,73578197,0.499058,Sep7,Stabilized,lower_change,0,0.0065469499659394515,False,0.1280761692259222,False,0.4221263224078378,False,0.16360484691932062,False
validation:2026.9.7/log_24_2026-9-7-06-16-04.ulg:0:525,2026.9.7/log_24_2026-9-7-06-16-04.ulg,0,525,51,73079294,73578197,74586103,0.498903,Sep7,Stabilized,mixed_change,1,0.008536178392938774,False,0.09274997851391488,False,0.5643440670372609,True,0.09677050422218096,False
validation:2026.9.7/log_24_2026-9-7-06-16-04.ulg:0:575,2026.9.7/log_24_2026-9-7-06-16-04.ulg,0,575,51,74077249,74586103,75574053,0.508854,Sep7,Stabilized,sustained,1,0.005071245637307343,False,0.21093207111238094,True,0.2228957356867422,False,0.2095128931503762,False
validation:2026.9.7/log_24_2026-9-7-06-16-04.ulg:0:625,2026.9.7/log_24_2026-9-7-06-16-04.ulg,0,625,51,75075129,75574053,76581816,0.498924,Sep7,Stabilized,mixed_change,2,0.0,False,0.1034006833328461,False,0.5995188360093013,True,0.4822729951170453,True
validation:2026.9.7/log_24_2026-9-7-06-16-04.ulg:0:675,2026.9.7/log_24_2026-9-7-06-16-04.ulg,0,675,51,76082933,76581816,77579717,0.4988829999999999,Sep7,Stabilized,lower_change,0,0.009258785434009646,False,0.12639811806691012,False,0.1327564659205571,False,0.08405595156804252,False
validation:2026.9.7/log_24_2026-9-7-06-16-04.ulg:0:725,2026.9.7/log_24_2026-9-7-06-16-04.ulg,0,725,51,77080844,77579717,78577618,0.4988729999999999,Sep7,Stabilized,sustained,2,0.038953468772143215,False,0.28034462579115726,True,0.21245716073785284,False,0.2702082846178645,True
validation:2026.9.7/log_24_2026-9-7-06-16-04.ulg:0:775,2026.9.7/log_24_2026-9-7-06-16-04.ulg,0,775,51,78078751,78577618,79575478,0.498867,Sep7,Stabilized,mixed_change,2,0.11497461962415674,False,0.22086473686677313,True,0.607704749525877,True,0.1487583859860225,False
validation:2026.9.7/log_24_2026-9-7-06-16-04.ulg:0:825,2026.9.7/log_24_2026-9-7-06-16-04.ulg,0,825,51,79079094,79575478,80583440,0.496384,Sep7,Stabilized,sustained,1,0.13902244636439617,False,0.1443090911548999,False,0.7736848559435929,True,0.05357282699094274,False
validation:2026.9.7/log_24_2026-9-7-06-16-04.ulg:0:875,2026.9.7/log_24_2026-9-7-06-16-04.ulg,0,875,51,80084454,80583440,81581228,0.498986,Sep7,Stabilized,lower_change,0,0.008783655101478329,False,0.10535508979789368,False,0.11615658162571567,False,0.027329489653669332,False
validation:2026.9.7/log_24_2026-9-7-06-16-04.ulg:0:925,2026.9.7/log_24_2026-9-7-06-16-04.ulg,0,925,51,81082328,81581228,82579176,0.4988999999999999,Sep7,Stabilized,lower_change,0,0.006866499052804569,False,0.15312516016183217,False,0.3834352678554342,False,0.031076803064376046,False
validation:2026.9.7/log_24_2026-9-7-06-16-04.ulg:0:975,2026.9.7/log_24_2026-9-7-06-16-04.ulg,0,975,51,82080271,82579176,83577009,0.498905,Sep7,Stabilized,lower_change,0,0.00992894122603128,False,0.06514321080439263,False,0.15981376184912202,False,0.1392397577998871,False
validation:2026.9.7/log_24_2026-9-7-06-16-04.ulg:0:1025,2026.9.7/log_24_2026-9-7-06-16-04.ulg,0,1025,51,83078109,83577009,84584872,0.4988999999999999,Sep7,Stabilized,lower_change,0,0.025356963720216667,False,0.08778237066166009,False,0.3323356367095218,False,0.05693813556925703,False
validation:2026.9.7/log_24_2026-9-7-06-16-04.ulg:0:1075,2026.9.7/log_24_2026-9-7-06-16-04.ulg,0,1075,51,84075989,84584872,85582784,0.508883,Sep7,Stabilized,lower_change,0,0.005477571332220167,False,0.11246644123254802,False,0.39798785342522386,False,0.05180189252875728,False
validation:2026.9.7/log_24_2026-9-7-06-16-04.ulg:0:1125,2026.9.7/log_24_2026-9-7-06-16-04.ulg,0,1125,51,85083936,85582784,86580684,0.4988479999999999,Sep7,Stabilized,lower_change,0,0.0,False,0.09279866089013414,False,0.16965332575748734,False,0.08686705951478435,False
validation:2026.9.7/log_24_2026-9-7-06-16-04.ulg:0:1175,2026.9.7/log_24_2026-9-7-06-16-04.ulg,0,1175,51,86081784,86580684,87578545,0.4988999999999999,Sep7,Stabilized,lower_change,0,0.006210982085859138,False,0.16318155545300927,False,0.2609370125773649,False,0.163822392680439,False
validation:2026.9.7/log_24_2026-9-7-06-16-04.ulg:0:1225,2026.9.7/log_24_2026-9-7-06-16-04.ulg,0,1225,51,87079643,87578545,88576500,0.4989019999999999,Sep7,Stabilized,sustained,1,0.010351883615932238,False,0.20153374680818328,True,0.1255427696807895,False,0.09629064251471509,False
validation:2026.9.7/log_24_2026-9-7-06-16-04.ulg:0:1275,2026.9.7/log_24_2026-9-7-06-16-04.ulg,0,1275,51,88077561,88576500,89574359,0.4989389999999999,Sep7,Stabilized,lower_change,0,0.01535434136093058,False,0.0952436244504694,False,0.44084606039303303,False,0.12115907812073874,False
validation:2026.9.7/log_24_2026-9-7-06-16-04.ulg:0:1325,2026.9.7/log_24_2026-9-7-06-16-04.ulg,0,1325,51,89075435,89574359,90582208,0.498924,Sep7,Stabilized,lower_change,0,0.035799606437417364,False,0.10203437349964505,False,0.43056262398957706,False,0.11803490699538118,False
validation:2026.9.7/log_24_2026-9-7-06-16-04.ulg:0:1375,2026.9.7/log_24_2026-9-7-06-16-04.ulg,0,1375,51,90083494,90582208,91580144,0.498714,Sep7,Stabilized,mixed_change,1,0.1615671982840607,False,0.09071380596872987,False,0.8064438030251312,True,0.11653692508536691,False
validation:2026.9.7/log_24_2026-9-7-06-16-04.ulg:0:1425,2026.9.7/log_24_2026-9-7-06-16-04.ulg,0,1425,51,91081204,91580144,92578000,0.49894,Sep7,Stabilized,sustained,1,0.053309155033531605,False,0.07304547907301873,False,0.521278374459467,True,0.11439900071350045,False
validation:2026.9.7/log_24_2026-9-7-06-16-04.ulg:1:25,2026.9.7/log_24_2026-9-7-06-16-04.ulg,1,25,51,92797568,93296756,94304412,0.4991879999999999,Sep7,Mission,mixed_change,4,0.34738528616723807,True,0.18120215317745253,True,0.5906535711030096,True,0.26266652312505034,True
validation:2026.9.7/log_24_2026-9-7-06-16-04.ulg:1:75,2026.9.7/log_24_2026-9-7-06-16-04.ulg,1,75,51,93795398,94304412,95302483,0.509014,Sep7,Mission,sustained,3,0.37235247198753624,True,0.2304892027757739,True,0.39294390574241267,False,0.2418735008470218,True
validation:2026.9.7/log_24_2026-9-7-06-16-04.ulg:1:125,2026.9.7/log_24_2026-9-7-06-16-04.ulg,1,125,51,94803352,95302483,96300419,0.499131,Sep7,Mission,lower_change,0,0.2750644691265308,False,0.15693894004104844,False,0.32052398878217464,False,0.14165449861216067,False
validation:2026.9.7/log_24_2026-9-7-06-16-04.ulg:1:175,2026.9.7/log_24_2026-9-7-06-16-04.ulg,1,175,51,95801262,96300419,97298346,0.4991569999999999,Sep7,Mission,lower_change,0,0.12825117090601562,False,0.07632698416834989,False,0.3681172181051468,False,0.09167984681731704,False
validation:2026.9.7/log_24_2026-9-7-06-16-04.ulg:1:225,2026.9.7/log_24_2026-9-7-06-16-04.ulg,1,225,51,96799127,97298346,98296255,0.4992189999999999,Sep7,Mission,sustained,2,0.34174271309699156,True,0.17670241505742681,False,0.5005478254402961,True,0.12519015158074573,False
validation:2026.9.7/log_24_2026-9-7-06-16-04.ulg:1:275,2026.9.7/log_24_2026-9-7-06-16-04.ulg,1,275,51,97796956,98296255,99294178,0.499299,Sep7,Mission,lower_change,0,0.0786090020086178,False,0.08714602114557223,False,0.13249282255036515,False,0.2056922547191441,False
validation:2026.9.7/log_24_2026-9-7-06-16-04.ulg:1:325,2026.9.7/log_24_2026-9-7-06-16-04.ulg,1,325,51,98804825,99294178,100302001,0.489353,Sep7,Mission,lower_change,0,0.16044868435163892,False,0.1390009609261311,False,0.21115522837642425,False,0.08897517563486904,False
validation:2026.9.7/log_24_2026-9-7-06-16-04.ulg:1:375,2026.9.7/log_24_2026-9-7-06-16-04.ulg,1,375,51,99802706,100302001,101299879,0.499295,Sep7,Mission,lower_change,0,0.13815862341281362,False,0.07071093437266304,False,0.2573637056216318,False,0.08184213006799909,False
validation:2026.9.7/log_24_2026-9-7-06-16-04.ulg:1:425,2026.9.7/log_24_2026-9-7-06-16-04.ulg,1,425,51,100800605,101299879,102297737,0.499274,Sep7,Mission,sustained,1,0.35335019205938634,True,0.08657541117176466,False,0.24483758892432983,False,0.055725470821676705,False
validation:2026.9.7/log_24_2026-9-7-06-16-04.ulg:1:475,2026.9.7/log_24_2026-9-7-06-16-04.ulg,1,475,51,101798535,102297737,103295664,0.499202,Sep7,Mission,sustained,1,0.18941639577187,False,0.13721845152437576,False,0.5596881570271315,True,0.08253087567057694,False
validation:2026.9.7/log_24_2026-9-7-06-16-04.ulg:1:525,2026.9.7/log_24_2026-9-7-06-16-04.ulg,1,525,51,102796386,103295664,104303288,0.499278,Sep7,Mission,lower_change,0,0.06838898722838674,False,0.14137049695741746,False,0.261484932240203,False,0.045304239130689865,False
validation:2026.9.7/log_24_2026-9-7-06-16-04.ulg:1:575,2026.9.7/log_24_2026-9-7-06-16-04.ulg,1,575,51,103794275,104303288,105301429,0.5090129999999999,Sep7,Mission,sustained,1,0.37525439657161463,True,0.14565273071855114,False,0.46596693615925106,False,0.1844827691348714,False
validation:2026.9.7/log_24_2026-9-7-06-16-04.ulg:1:625,2026.9.7/log_24_2026-9-7-06-16-04.ulg,1,625,51,104802166,105301429,106299287,0.4992629999999999,Sep7,Mission,lower_change,0,0.2612678863725099,False,0.12186596464655085,False,0.3121456458060401,False,0.09964481539524116,False
validation:2026.9.7/log_24_2026-9-7-06-16-04.ulg:1:675,2026.9.7/log_24_2026-9-7-06-16-04.ulg,1,675,51,105800149,106299287,107297207,0.4991379999999999,Sep7,Mission,lower_change,0,0.10982048151459131,False,0.07827506957607963,False,0.40645493022047113,False,0.147965709371163,False
validation:2026.9.7/log_24_2026-9-7-06-16-04.ulg:1:725,2026.9.7/log_24_2026-9-7-06-16-04.ulg,1,725,51,106797944,107297207,108304827,0.4992629999999999,Sep7,Mission,sustained,1,0.38345298338857464,True,0.07143150669458796,False,0.14509973826090095,False,0.10705212639553656,False
validation:2026.9.7/log_24_2026-9-7-06-16-04.ulg:1:775,2026.9.7/log_24_2026-9-7-06-16-04.ulg,1,775,51,107795858,108304827,109302702,0.508969,Sep7,Mission,sustained,1,0.3284000419933975,True,0.10557093477346582,False,0.4143773867021848,False,0.10995094888176851,False
validation:2026.9.7/log_24_2026-9-7-06-16-04.ulg:1:825,2026.9.7/log_24_2026-9-7-06-16-04.ulg,1,825,51,108803713,109302702,110303414,0.4989889999999999,Sep7,Mission,mixed_change,2,0.0786753335197079,False,0.14767636683997973,False,0.7750349800957281,True,0.2548764591534721,True
validation:2026.9.7/log_24_2026-9-7-06-16-04.ulg:1:875,2026.9.7/log_24_2026-9-7-06-16-04.ulg,1,875,51,109801697,110303414,111298717,0.501717,Sep7,Mission,lower_change,0,0.07472535283139325,False,0.1399535812152657,False,0.1506477662407812,False,0.1466264242631165,False
validation:2026.9.7/log_24_2026-9-7-06-16-04.ulg:1:925,2026.9.7/log_24_2026-9-7-06-16-04.ulg,1,925,51,110799494,111298717,112296619,0.499223,Sep7,Mission,sustained,1,0.14208970515352176,False,0.11229656427893933,False,0.5433278235408171,True,0.1871019285188144,False
validation:2026.9.7/log_24_2026-9-7-06-16-04.ulg:1:975,2026.9.7/log_24_2026-9-7-06-16-04.ulg,1,975,51,111797448,112296619,113294661,0.499171,Sep7,Mission,sustained,1,0.31631138741648557,True,0.10739778744666582,False,0.36060744135847667,False,0.11358043444901188,False
validation:2026.9.7/log_24_2026-9-7-06-16-04.ulg:1:1025,2026.9.7/log_24_2026-9-7-06-16-04.ulg,1,1025,51,112805297,113294661,114302098,0.4893639999999999,Sep7,Mission,lower_change,0,0.07947852453037392,False,0.17064984422219742,False,0.1710970081151654,False,0.1296324132889946,False
validation:2026.9.7/log_24_2026-9-7-06-16-04.ulg:1:1075,2026.9.7/log_24_2026-9-7-06-16-04.ulg,1,1075,51,113803168,114302098,115300270,0.49893,Sep7,Mission,sustained,2,0.36091623482604906,True,0.08007557100979437,False,0.1371754294535143,False,0.3358290633538362,True
validation:2026.9.7/log_24_2026-9-7-06-16-04.ulg:1:1125,2026.9.7/log_24_2026-9-7-06-16-04.ulg,1,1125,51,114801057,115300270,116298193,0.4992129999999999,Sep7,Mission,lower_change,0,0.08953054843614464,False,0.07541130461750627,False,0.1732210902300087,False,0.14252879891508075,False
validation:2026.9.7/log_24_2026-9-7-06-16-04.ulg:1:1175,2026.9.7/log_24_2026-9-7-06-16-04.ulg,1,1175,51,115798964,116298193,117296060,0.499229,Sep7,Mission,lower_change,0,0.10899551333932764,False,0.10631271364487384,False,0.4086468219976883,False,0.19455384594824374,False
validation:2026.9.7/log_24_2026-9-7-06-16-04.ulg:1:1225,2026.9.7/log_24_2026-9-7-06-16-04.ulg,1,1225,51,116796828,117296060,118303720,0.4992319999999999,Sep7,Mission,sustained,1,0.38932761112936515,True,0.077127584424731,False,0.2391405986212994,False,0.10679910394435901,False
validation:2026.9.7/log_24_2026-9-7-06-16-04.ulg:1:1275,2026.9.7/log_24_2026-9-7-06-16-04.ulg,1,1275,51,117794728,118303720,119302043,0.508992,Sep7,Mission,mixed_change,1,0.1560852879702163,False,0.0886424880311608,False,0.3873833000576812,False,0.2809215637515583,True
validation:2026.9.7/log_24_2026-9-7-06-16-04.ulg:1:1325,2026.9.7/log_24_2026-9-7-06-16-04.ulg,1,1325,51,118802608,119302043,120299836,0.4994349999999999,Sep7,Mission,sustained,1,0.19724829299060082,False,0.20610974315685418,True,0.2973746612592692,False,0.11771635168896497,False
validation:2026.9.7/log_24_2026-9-7-06-16-04.ulg:1:1375,2026.9.7/log_24_2026-9-7-06-16-04.ulg,1,1375,51,119800509,120299836,121297610,0.4993269999999999,Sep7,Mission,sustained,1,0.35880402545384943,True,0.06454598780022072,False,0.22656601708497942,False,0.12408596519203086,False
validation:2026.9.7/log_24_2026-9-7-06-16-04.ulg:1:1425,2026.9.7/log_24_2026-9-7-06-16-04.ulg,1,1425,51,120798402,121297610,122295555,0.499208,Sep7,Mission,sustained,1,0.28626742545497674,False,0.18404737385507727,True,0.16899299749075425,False,0.03963380788445938,False
validation:2026.9.7/log_24_2026-9-7-06-16-04.ulg:1:1475,2026.9.7/log_24_2026-9-7-06-16-04.ulg,1,1475,51,121796296,122295555,123303109,0.4992589999999999,Sep7,Mission,sustained,2,0.39554435934973065,True,0.22064708113058765,True,0.1847146493054093,False,0.06773862832874923,False
validation:2026.9.7/log_24_2026-9-7-06-16-04.ulg:1:1525,2026.9.7/log_24_2026-9-7-06-16-04.ulg,1,1525,51,122804178,123303109,124301242,0.4989309999999999,Sep7,Mission,lower_change,0,0.0729493560235148,False,0.14376555730074944,False,0.13937834344770583,False,0.07952577135955632,False
validation:2026.9.7/log_24_2026-9-7-06-16-04.ulg:1:1575,2026.9.7/log_24_2026-9-7-06-16-04.ulg,1,1575,51,123802078,124301242,125299157,0.499164,Sep7,Mission,lower_change,0,0.29756418996231343,False,0.09523086409660467,False,0.3821805199244028,False,0.0969460865626565,False
validation:2026.9.7/log_24_2026-9-7-06-16-04.ulg:1:1625,2026.9.7/log_24_2026-9-7-06-16-04.ulg,1,1625,51,124799889,125299157,126297041,0.499268,Sep7,Mission,sustained,1,0.36702847727489135,True,0.15400008652560826,False,0.21242613134793084,False,0.15775770976983441,False
validation:2026.9.7/log_24_2026-9-7-06-16-04.ulg:1:1675,2026.9.7/log_24_2026-9-7-06-16-04.ulg,1,1675,51,125797843,126297041,127294937,0.499198,Sep7,Mission,lower_change,0,0.29613285645809434,False,0.10028981334275723,False,0.2598864076087233,False,0.08419157132300827,False
validation:2026.9.7/log_24_2026-9-7-06-16-04.ulg:1:1725,2026.9.7/log_24_2026-9-7-06-16-04.ulg,1,1725,51,126805877,127294937,128302618,0.48906,Sep7,Mission,lower_change,0,0.21937717515140462,False,0.08836651167191588,False,0.38880208005918604,False,0.19205630484772002,False
validation:2026.9.7/log_24_2026-9-7-06-16-04.ulg:1:1775,2026.9.7/log_24_2026-9-7-06-16-04.ulg,1,1775,51,127793674,128302618,129300713,0.508944,Sep7,Mission,lower_change,0,0.27481802508155906,False,0.07095292872097522,False,0.4209153118316815,False,0.03369635715238349,False
validation:2026.9.7/log_24_2026-9-7-06-16-04.ulg:1:1825,2026.9.7/log_24_2026-9-7-06-16-04.ulg,1,1825,51,128801518,129300713,130298676,0.499195,Sep7,Mission,lower_change,0,0.15243266033756153,False,0.08077919046488362,False,0.2930819384479685,False,0.12442180017202886,False
validation:2026.9.7/log_24_2026-9-7-06-16-04.ulg:1:1875,2026.9.7/log_24_2026-9-7-06-16-04.ulg,1,1875,51,129799476,130298676,131296532,0.4992,Sep7,Mission,lower_change,0,0.24821578242623266,False,0.1085314668410905,False,0.2685531764962135,False,0.035869391812942915,False
validation:2026.9.7/log_24_2026-9-7-06-16-04.ulg:1:1925,2026.9.7/log_24_2026-9-7-06-16-04.ulg,1,1925,51,130797473,131296532,132304135,0.499059,Sep7,Mission,sustained,1,0.34127835130012035,True,0.10351255222550097,False,0.21842330394582238,False,0.10177433133927087,False
validation:2026.9.7/log_24_2026-9-7-06-16-04.ulg:1:1975,2026.9.7/log_24_2026-9-7-06-16-04.ulg,1,1975,51,131795284,132304135,133302001,0.5088509999999999,Sep7,Mission,sustained,1,0.23505511154036904,False,0.22771579097091926,True,0.09645569417844733,False,0.06643174377107339,False
validation:2026.9.7/log_24_2026-9-7-06-16-04.ulg:1:2025,2026.9.7/log_24_2026-9-7-06-16-04.ulg,1,2025,51,132803093,133302001,134300196,0.4989079999999999,Sep7,Mission,lower_change,0,0.08963405457380702,False,0.14212394922651922,False,0.29429007138568536,False,0.07970343976938078,False
validation:2026.9.7/log_24_2026-9-7-06-16-04.ulg:1:2075,2026.9.7/log_24_2026-9-7-06-16-04.ulg,1,2075,51,133800962,134300196,135298035,0.4992339999999999,Sep7,Mission,lower_change,0,0.29200967530278005,False,0.10949326286105857,False,0.3076559540578949,False,0.2117939461170895,False
validation:2026.9.7/log_24_2026-9-7-06-16-04.ulg:1:2125,2026.9.7/log_24_2026-9-7-06-16-04.ulg,1,2125,51,134798865,135298035,136296040,0.49917,Sep7,Mission,sustained,1,0.38189216775212487,True,0.12978139211426298,False,0.18296826709013553,False,0.10138606938176821,False
validation:2026.9.7/log_24_2026-9-7-06-16-04.ulg:1:2175,2026.9.7/log_24_2026-9-7-06-16-04.ulg,1,2175,51,135796721,136296040,137303547,0.4993189999999999,Sep7,Mission,lower_change,0,0.04040322362704006,False,0.12514690001315018,False,0.3889312220508636,False,0.032428437668238407,False
validation:2026.9.7/log_24_2026-9-7-06-16-04.ulg:1:2225,2026.9.7/log_24_2026-9-7-06-16-04.ulg,1,2225,51,136804653,137303547,138301748,0.498894,Sep7,Mission,sustained,1,0.3571339367956026,True,0.12929285613856048,False,0.19295242059689016,False,0.036958795522060606,False
validation:2026.9.7/log_24_2026-9-7-06-16-04.ulg:1:2275,2026.9.7/log_24_2026-9-7-06-16-04.ulg,1,2275,51,137802561,138301748,139299619,0.499187,Sep7,Mission,sustained,1,0.3700903923427682,True,0.09013347486854903,False,0.29357818524454327,False,0.05085267376906779,False
validation:2026.9.7/log_24_2026-9-7-06-16-04.ulg:1:2325,2026.9.7/log_24_2026-9-7-06-16-04.ulg,1,2325,51,138800420,139299619,140297483,0.499199,Sep7,Mission,lower_change,0,0.23967793910918356,False,0.07272191229138993,False,0.20581636768554004,False,0.2201029452379034,False
validation:2026.9.7/log_24_2026-9-7-06-16-04.ulg:1:2375,2026.9.7/log_24_2026-9-7-06-16-04.ulg,1,2375,51,139798273,140297483,141295359,0.49921,Sep7,Mission,sustained,1,0.38188136931917044,True,0.08808124098317845,False,0.15952867015728572,False,0.07914471292072157,False
validation:2026.9.7/log_24_2026-9-7-06-16-04.ulg:1:2425,2026.9.7/log_24_2026-9-7-06-16-04.ulg,1,2425,51,140796162,141295359,142303021,0.499197,Sep7,Mission,lower_change,0,0.061399489449639126,False,0.10065891382759229,False,0.4043775028790517,False,0.10911540930492038,False
validation:2026.9.7/log_24_2026-9-7-06-16-04.ulg:1:2475,2026.9.7/log_24_2026-9-7-06-16-04.ulg,1,2475,51,141794063,142303021,143301119,0.508958,Sep7,Mission,sustained,1,0.37436039068579713,True,0.08413160069078039,False,0.3572205144480694,False,0.18200346631124262,False
validation:2026.9.7/log_24_2026-9-7-06-16-04.ulg:1:2525,2026.9.7/log_24_2026-9-7-06-16-04.ulg,1,2525,51,142801986,143301119,144299027,0.499133,Sep7,Mission,sustained,1,0.18226933985885607,False,0.17145784033024294,False,0.43562173133978765,False,0.22725908279546664,True
validation:2026.9.7/log_24_2026-9-7-06-16-04.ulg:1:2575,2026.9.7/log_24_2026-9-7-06-16-04.ulg,1,2575,51,143799925,144299027,145297034,0.499102,Sep7,Mission,lower_change,0,0.1664162130773891,False,0.07625750265232231,False,0.478328799914363,False,0.1913649449219613,False
validation:2026.9.7/log_24_2026-9-7-06-16-04.ulg:1:2625,2026.9.7/log_24_2026-9-7-06-16-04.ulg,1,2625,51,144797791,145297034,146304545,0.499243,Sep7,Mission,lower_change,0,0.11814335281917132,False,0.08681891905450272,False,0.41792306064129514,False,0.11835354227781684,False
validation:2026.9.7/log_24_2026-9-7-06-16-04.ulg:1:2675,2026.9.7/log_24_2026-9-7-06-16-04.ulg,1,2675,51,145795606,146304545,147302420,0.508939,Sep7,Mission,sustained,1,0.125690580749621,False,0.13567913395904602,False,0.5220224384780456,True,0.15649139951170396,False
validation:2026.9.7/log_24_2026-9-7-06-16-04.ulg:1:2725,2026.9.7/log_24_2026-9-7-06-16-04.ulg,1,2725,51,146803478,147302420,148300623,0.498942,Sep7,Mission,sustained,1,0.3947087617644278,True,0.07591769802395476,False,0.2565348891113447,False,0.12085534784892031,False
validation:2026.9.7/log_24_2026-9-7-06-16-04.ulg:1:2775,2026.9.7/log_24_2026-9-7-06-16-04.ulg,1,2775,51,147801375,148300623,149298447,0.4992479999999999,Sep7,Mission,sustained,1,0.3009127462161775,True,0.11752758524784057,False,0.4483887137364314,False,0.057602310763404066,False
validation:2026.9.7/log_24_2026-9-7-06-16-04.ulg:1:2825,2026.9.7/log_24_2026-9-7-06-16-04.ulg,1,2825,51,148799262,149298447,150296368,0.499185,Sep7,Mission,sustained,1,0.11530993768167426,False,0.1903044314320021,True,0.41441546124280026,False,0.09484311039847453,False
validation:2026.9.7/log_24_2026-9-7-06-16-04.ulg:1:2875,2026.9.7/log_24_2026-9-7-06-16-04.ulg,1,2875,51,149797252,150296368,151303981,0.499116,Sep7,Mission,lower_change,0,0.11644248756067102,False,0.09758766389624622,False,0.3010444097815433,False,0.13162977202651122,False
validation:2026.9.7/log_24_2026-9-7-06-16-04.ulg:1:2925,2026.9.7/log_24_2026-9-7-06-16-04.ulg,1,2925,51,150805169,151303981,152302132,0.498812,Sep7,Mission,lower_change,0,0.09093553957652825,False,0.11807853223993649,False,0.23605272229259036,False,0.059942359965374926,False
validation:2026.9.7/log_24_2026-9-7-06-16-04.ulg:1:2975,2026.9.7/log_24_2026-9-7-06-16-04.ulg,1,2975,51,151803034,152302132,153300106,0.499098,Sep7,Mission,sustained,1,0.3711574420350973,True,0.09539846627895968,False,0.17035028099366137,False,0.05094654128755106,False
validation:2026.9.7/log_24_2026-9-7-06-16-04.ulg:1:3025,2026.9.7/log_24_2026-9-7-06-16-04.ulg,1,3025,51,152800922,153300106,154297958,0.4991839999999999,Sep7,Mission,sustained,1,0.3818069163940084,True,0.14093954431211453,False,0.4064763351065698,False,0.05502174871866141,False
validation:2026.9.7/log_24_2026-9-7-06-16-04.ulg:1:3075,2026.9.7/log_24_2026-9-7-06-16-04.ulg,1,3075,51,153798836,154297958,155295817,0.4991219999999999,Sep7,Mission,lower_change,0,0.06968169642130165,False,0.14000716458813645,False,0.17318252495288425,False,0.06236581267740269,False
validation:2026.9.7/log_24_2026-9-7-06-16-04.ulg:1:3125,2026.9.7/log_24_2026-9-7-06-16-04.ulg,1,3125,51,154796715,155295817,156303435,0.499102,Sep7,Mission,lower_change,0,0.10516494682059001,False,0.10871858864953847,False,0.0681691645477231,False,0.17138653252223712,False
validation:2026.9.7/log_24_2026-9-7-06-16-04.ulg:1:3175,2026.9.7/log_24_2026-9-7-06-16-04.ulg,1,3175,51,155794546,156303435,157301599,0.5088889999999999,Sep7,Mission,lower_change,0,0.05430610089950005,False,0.09593675257497462,False,0.09368286365749091,False,0.05544703688051456,False
validation:2026.9.7/log_24_2026-9-7-06-16-04.ulg:1:3225,2026.9.7/log_24_2026-9-7-06-16-04.ulg,1,3225,51,156802333,157301599,158299414,0.499266,Sep7,Mission,lower_change,0,0.052154104912944026,False,0.06886113865391927,False,0.31472150315653036,False,0.08465473086175819,False
validation:2026.9.7/log_24_2026-9-7-06-16-04.ulg:1:3275,2026.9.7/log_24_2026-9-7-06-16-04.ulg,1,3275,51,157800290,158299414,159297369,0.4991239999999999,Sep7,Mission,lower_change,0,0.0667022015780588,False,0.08628868086999854,False,0.3220123723537252,False,0.09148369439764459,False
validation:2026.9.7/log_24_2026-9-7-06-16-04.ulg:1:3325,2026.9.7/log_24_2026-9-7-06-16-04.ulg,1,3325,51,158798118,159297369,160295218,0.499251,Sep7,Mission,sustained,1,0.15799215998092847,False,0.07534814948845513,False,0.3677037958725487,False,0.3817124692816013,True
validation:2026.9.7/log_24_2026-9-7-06-16-04.ulg:1:3375,2026.9.7/log_24_2026-9-7-06-16-04.ulg,1,3375,51,159796006,160295218,161303162,0.499212,Sep7,Mission,lower_change,0,0.08605191664363657,False,0.08692730779519353,False,0.2743572939294046,False,0.1599960170119269,False
validation:2026.9.7/log_24_2026-9-7-06-16-04.ulg:1:3425,2026.9.7/log_24_2026-9-7-06-16-04.ulg,1,3425,51,160803910,161303162,162300998,0.499252,Sep7,Mission,lower_change,0,0.17802101310169813,False,0.07189992323961131,False,0.11396065449788108,False,0.12941168173075848,False
validation:2026.9.7/log_24_2026-9-7-06-16-04.ulg:1:3475,2026.9.7/log_24_2026-9-7-06-16-04.ulg,1,3475,51,161801796,162300998,163298853,0.499202,Sep7,Mission,sustained,1,0.3002745111294077,True,0.08797232822963505,False,0.13581740446776383,False,0.051418035156597874,False
validation:2026.9.7/log_24_2026-9-7-06-16-04.ulg:1:3525,2026.9.7/log_24_2026-9-7-06-16-04.ulg,1,3525,51,162799750,163298853,164296760,0.4991029999999999,Sep7,Mission,sustained,1,0.3347683537496655,True,0.08146488760837721,False,0.2627666778527624,False,0.053518166575075736,False
validation:2026.9.7/log_24_2026-9-7-06-16-04.ulg:1:3575,2026.9.7/log_24_2026-9-7-06-16-04.ulg,1,3575,51,163797608,164296760,165304532,0.499152,Sep7,Mission,sustained,1,0.30669998353786354,True,0.09883907912195013,False,0.16605996393200856,False,0.08960870111623027,False
validation:2026.9.7/log_24_2026-9-7-06-16-04.ulg:1:3625,2026.9.7/log_24_2026-9-7-06-16-04.ulg,1,3625,51,164805528,165304532,166302580,0.499004,Sep7,Mission,lower_change,0,0.1862309269157055,False,0.11863184507827712,False,0.26459153834329197,False,0.0859284666788923,False
validation:2026.9.7/log_24_2026-9-7-06-16-04.ulg:1:3675,2026.9.7/log_24_2026-9-7-06-16-04.ulg,1,3675,51,165793317,166302580,167300498,0.509263,Sep7,Mission,sustained,1,0.36391545799233266,True,0.12435481871510672,False,0.151873924515244,False,0.04224296687820646,False
validation:2026.9.7/log_24_2026-9-7-06-16-04.ulg:1:3725,2026.9.7/log_24_2026-9-7-06-16-04.ulg,1,3725,51,166801202,167300498,168298310,0.4992959999999999,Sep7,Mission,lower_change,0,0.2631742137770296,False,0.09653131183797628,False,0.4915403062798327,False,0.08164011738876767,False
validation:2026.9.7/log_24_2026-9-7-06-16-04.ulg:1:3775,2026.9.7/log_24_2026-9-7-06-16-04.ulg,1,3775,51,167799087,168298310,169296236,0.499223,Sep7,Mission,sustained,1,0.25132264234186974,False,0.08046697998080966,False,0.12387313603632259,False,0.5704840697348715,True
validation:2026.9.7/log_24_2026-9-7-06-16-04.ulg:1:3825,2026.9.7/log_24_2026-9-7-06-16-04.ulg,1,3825,51,168797037,169296236,170303852,0.499199,Sep7,Mission,sustained,3,0.39062457431243086,True,0.3647537056214376,True,0.9850462404719715,True,0.20089707548094343,False
validation:2026.9.7/log_24_2026-9-7-06-16-04.ulg:1:3875,2026.9.7/log_24_2026-9-7-06-16-04.ulg,1,3875,51,169794865,170303852,171301728,0.508987,Sep7,Mission,lower_change,0,0.19893210683914525,False,0.06561433433690107,False,0.2639567497590723,False,0.05392589685659486,False
validation:2026.9.7/log_24_2026-9-7-06-16-04.ulg:1:3925,2026.9.7/log_24_2026-9-7-06-16-04.ulg,1,3925,51,170802771,171301728,172299855,0.498957,Sep7,Mission,sustained,2,0.39349590089571784,True,0.24877242607755665,True,0.3440113321400512,False,0.16294776908455536,False
validation:2026.9.7/log_24_2026-9-7-06-16-04.ulg:2:25,2026.9.7/log_24_2026-9-7-06-16-04.ulg,2,25,51,172838458,173337364,174335300,0.4989059999999999,Sep7,Other_or_transition,sustained,4,0.38180082761369466,True,0.1934255512801626,True,0.5911704180706205,True,0.27150769970848004,True
validation:2026.9.7/log_24_2026-9-7-06-16-04.ulg:2:75,2026.9.7/log_24_2026-9-7-06-16-04.ulg,2,75,51,173836318,174335300,175343267,0.498982,Sep7,Other_or_transition,sustained,1,0.3944727240199426,True,0.07430081560707377,False,0.34461940850202094,False,0.21951282401752242,False
validation:2026.9.7/log_24_2026-9-7-06-16-04.ulg:3:25,2026.9.7/log_24_2026-9-7-06-16-04.ulg,3,25,51,175882063,176380928,177378821,0.498865,Sep7,Stabilized,lower_change,0,0.04109537806641811,False,0.16404868521310612,False,0.09697978502955902,False,0.03969805879513952,False
validation:2026.9.7/log_24_2026-9-7-06-16-04.ulg:3:75,2026.9.7/log_24_2026-9-7-06-16-04.ulg,3,75,51,176879889,177378821,178376829,0.498932,Sep7,Stabilized,sustained,1,0.0,False,0.1887635482047954,True,0.1242191356428352,False,0.08259069054152718,False
validation:2026.9.7/log_24_2026-9-7-06-16-04.ulg:3:125,2026.9.7/log_24_2026-9-7-06-16-04.ulg,3,125,51,177877771,178376829,179374606,0.499058,Sep7,Stabilized,lower_change,0,0.011527094905274062,False,0.07363138381510179,False,0.14663077558803883,False,0.03476980629520738,False
validation:2026.9.7/log_24_2026-9-7-06-16-04.ulg:3:175,2026.9.7/log_24_2026-9-7-06-16-04.ulg,3,175,51,178885675,179374606,180382476,0.488931,Sep7,Stabilized,lower_change,0,0.011711540135304437,False,0.06898044439679657,False,0.34252108009377674,False,0.21549300792725903,False
validation:2026.9.7/log_24_2026-9-7-06-16-04.ulg:3:225,2026.9.7/log_24_2026-9-7-06-16-04.ulg,3,225,51,179883517,180382476,181380386,0.498959,Sep7,Stabilized,lower_change,0,0.006210982085859138,False,0.06889242327821574,False,0.17091104986176048,False,0.12754022114016939,False
validation:2026.9.7/log_24_2026-9-7-06-16-04.ulg:3:275,2026.9.7/log_24_2026-9-7-06-16-04.ulg,3,275,51,180881397,181380386,182378226,0.4989889999999999,Sep7,Stabilized,lower_change,0,0.0020703273619530464,False,0.15191510441709352,False,0.3689914726813373,False,0.0682596343199353,False
validation:2026.9.7/log_24_2026-9-7-06-16-04.ulg:3:325,2026.9.7/log_24_2026-9-7-06-16-04.ulg,3,325,51,181879349,182378226,183376125,0.4988769999999999,Sep7,Stabilized,lower_change,0,0.003585912179202717,False,0.06764268095474195,False,0.39014631720247245,False,0.0320442760758769,False
validation:2026.9.7/log_24_2026-9-7-06-16-04.ulg:3:375,2026.9.7/log_24_2026-9-7-06-16-04.ulg,3,375,51,182877205,183376125,184384017,0.49892,Sep7,Stabilized,lower_change,0,0.1917509841103549,False,0.0660108173252043,False,0.3686109646816313,False,0.15581631948199703,False
validation:2026.9.7/log_24_2026-9-7-06-16-04.ulg:3:425,2026.9.7/log_24_2026-9-7-06-16-04.ulg,3,425,51,183875104,184384017,185381971,0.508913,Sep7,Stabilized,sustained,1,0.0,False,0.17871588696898932,True,0.423709607199546,False,0.1987314035967207,False
validation:2026.9.7/log_24_2026-9-7-06-16-04.ulg:3:475,2026.9.7/log_24_2026-9-7-06-16-04.ulg,3,475,51,184883015,185381971,186379933,0.4989559999999999,Sep7,Stabilized,lower_change,0,0.0,False,0.09402401495622745,False,0.21551528967853437,False,0.1362283002553186,False
validation:2026.9.7/log_24_2026-9-7-06-16-04.ulg:3:525,2026.9.7/log_24_2026-9-7-06-16-04.ulg,3,525,51,185880928,186379933,187377745,0.499005,Sep7,Stabilized,sustained,1,0.0,False,0.07996986545458212,False,0.5420437363548373,True,0.09313722013567784,False
validation:2026.9.7/log_24_2026-9-7-06-16-04.ulg:3:575,2026.9.7/log_24_2026-9-7-06-16-04.ulg,3,575,51,186878719,187377745,188375657,0.4990259999999999,Sep7,Stabilized,lower_change,0,0.011149191541209434,False,0.04528130740296736,False,0.06485102631350023,False,0.19444888702962942,False
validation:2026.9.7/log_24_2026-9-7-06-16-04.ulg:3:625,2026.9.7/log_24_2026-9-7-06-16-04.ulg,3,625,51,187876635,188375657,189383527,0.4990219999999999,Sep7,Stabilized,sustained,1,0.0,False,0.0755773187167476,False,0.5674949895395369,True,0.14879884829558504,False
validation:2026.9.7/log_24_2026-9-7-06-16-04.ulg:3:675,2026.9.7/log_24_2026-9-7-06-16-04.ulg,3,675,51,188884517,189383527,190381335,0.4990099999999999,Sep7,Stabilized,sustained,3,0.008783829620139395,False,0.33813098713429923,True,2.220884098744904,True,0.42461285526476467,True
validation:2026.9.7/log_24_2026-9-7-06-16-04.ulg:3:725,2026.9.7/log_24_2026-9-7-06-16-04.ulg,3,725,51,189882344,190381335,191379228,0.4989909999999999,Sep7,Stabilized,lower_change,0,0.18963805851260646,False,0.09448015532688561,False,0.25590022443373,False,0.19738628342531894,False
validation:2026.9.7/log_24_2026-9-7-06-16-04.ulg:3:775,2026.9.7/log_24_2026-9-7-06-16-04.ulg,3,775,51,190880249,191379228,192377103,0.4989789999999999,Sep7,Stabilized,sustained,1,0.0029278850338261097,False,0.18721043353544028,True,0.13414710184316217,False,0.1389616122246622,False
validation:2026.9.7/log_24_2026-9-7-06-16-04.ulg:3:825,2026.9.7/log_24_2026-9-7-06-16-04.ulg,3,825,51,191878135,192377103,193374984,0.4989679999999999,Sep7,Stabilized,sustained,1,0.02342357110228863,False,0.13408986193984293,False,0.45898972171764457,False,0.24147387303452086,True
validation:2026.9.7/log_24_2026-9-7-06-16-04.ulg:3:875,2026.9.7/log_24_2026-9-7-06-16-04.ulg,3,875,51,192886006,193374984,194382856,0.4889779999999999,Sep7,Stabilized,lower_change,0,0.006210982085859138,False,0.10320883701358473,False,0.38349853307180354,False,0.16562910255714536,False
validation:2026.9.7/log_24_2026-9-7-06-16-04.ulg:3:925,2026.9.7/log_24_2026-9-7-06-16-04.ulg,3,925,51,193873978,194382856,195380713,0.5088779999999999,Sep7,Stabilized,mixed_change,1,0.008281309447812184,False,0.11332653324416117,False,0.42193787895876766,False,0.335955844157922,True
validation:2026.9.7/log_24_2026-9-7-06-16-04.ulg:3:975,2026.9.7/log_24_2026-9-7-06-16-04.ulg,3,975,51,194881758,195380713,196378685,0.498955,Sep7,Stabilized,lower_change,0,0.005855770067652219,False,0.07954369763913449,False,0.48057649498070637,False,0.07214996856165243,False
validation:2026.9.7/log_24_2026-9-7-06-16-04.ulg:3:1025,2026.9.7/log_24_2026-9-7-06-16-04.ulg,3,1025,51,195879660,196378685,197376624,0.499025,Sep7,Stabilized,mixed_change,2,0.48533821804470345,True,0.16293939160572243,False,0.6374887289464335,True,0.06593324023392184,False
validation:2026.9.7/log_24_2026-9-7-06-16-04.ulg:3:1075,2026.9.7/log_24_2026-9-7-06-16-04.ulg,3,1075,51,196877533,197376624,198384413,0.4990909999999999,Sep7,Stabilized,lower_change,0,0.0029280595516203416,False,0.12010732689401148,False,0.3106342190709995,False,0.04828982119658857,False
validation:2026.9.7/log_24_2026-9-7-06-16-04.ulg:3:1125,2026.9.7/log_24_2026-9-7-06-16-04.ulg,3,1125,51,197875406,198384413,199382333,0.509007,Sep7,Stabilized,lower_change,0,0.0029278850338261097,False,0.09205411526417819,False,0.2930550323165061,False,0.09503794585807081,False
validation:2026.9.7/log_24_2026-9-7-06-16-04.ulg:3:1175,2026.9.7/log_24_2026-9-7-06-16-04.ulg,3,1175,51,198883325,199382333,200380228,0.4990079999999999,Sep7,Stabilized,sustained,1,0.007464671460517801,False,0.2229250650024152,True,0.20042696809215976,False,0.14238722814872504,False
validation:2026.9.7/log_24_2026-9-7-06-16-04.ulg:3:1225,2026.9.7/log_24_2026-9-7-06-16-04.ulg,3,1225,51,199881161,200380228,201378080,0.499067,Sep7,Stabilized,lower_change,0,0.02101209938511927,False,0.13787938707198838,False,0.4133469564779167,False,0.11755992288045844,False
validation:2026.9.7/log_24_2026-9-7-06-16-04.ulg:3:1275,2026.9.7/log_24_2026-9-7-06-16-04.ulg,3,1275,51,200879042,201378080,202375946,0.499038,Sep7,Stabilized,lower_change,0,0.0,False,0.10266933599628494,False,0.3363149402001369,False,0.058235871450447695,False
validation:2026.9.7/log_24_2026-9-7-06-16-04.ulg:3:1325,2026.9.7/log_24_2026-9-7-06-16-04.ulg,3,1325,51,201876960,202375946,203383859,0.498986,Sep7,Stabilized,lower_change,0,0.007171824358405434,False,0.1725672295938013,False,0.1053459216602479,False,0.07015457344420209,False
validation:2026.9.7/log_24_2026-9-7-06-16-04.ulg:3:1375,2026.9.7/log_24_2026-9-7-06-16-04.ulg,3,1375,51,202884788,203383859,204381716,0.499071,Sep7,Stabilized,sustained,1,0.09270457518968434,False,0.11046253568456019,False,0.5246234827110633,True,0.0666486375569353,False
validation:2026.9.7/log_24_2026-9-7-06-16-04.ulg:3:1425,2026.9.7/log_24_2026-9-7-06-16-04.ulg,3,1425,51,203882690,204381716,205379612,0.4990259999999999,Sep7,Stabilized,lower_change,0,0.0,False,0.10901674864356081,False,0.4817005186994053,False,0.1956288402192483,False
validation:2026.9.7/log_24_2026-9-7-06-16-04.ulg:3:1475,2026.9.7/log_24_2026-9-7-06-16-04.ulg,3,1475,51,204880675,205379612,206377506,0.4989369999999999,Sep7,Stabilized,lower_change,0,0.0,False,0.09032564837734015,False,0.2963371466068649,False,0.16216318791763745,False
validation:2026.9.7/log_24_2026-9-7-06-16-04.ulg:3:1525,2026.9.7/log_24_2026-9-7-06-16-04.ulg,3,1525,51,205878457,206377506,207375392,0.4990489999999999,Sep7,Stabilized,sustained,2,0.0,False,0.2937475835484302,True,0.16963027424557603,False,0.5467515798314212,True
validation:2026.9.7/log_24_2026-9-7-06-16-04.ulg:3:1575,2026.9.7/log_24_2026-9-7-06-16-04.ulg,3,1575,51,206876401,207375392,208383277,0.4989909999999999,Sep7,Stabilized,lower_change,0,0.011149122795235243,False,0.15518706541066613,False,0.16621122818521808,False,0.1751929379500123,False
validation:2026.9.7/log_24_2026-9-7-06-16-04.ulg:3:1625,2026.9.7/log_24_2026-9-7-06-16-04.ulg,3,1625,51,207874249,208383277,209381089,0.5090279999999999,Sep7,Stabilized,sustained,3,0.0,False,0.1972029841824884,True,1.1675555294763054,True,0.3503424183839969,True
validation:2026.9.7/log_24_2026-9-7-06-16-04.ulg:3:1675,2026.9.7/log_24_2026-9-7-06-16-04.ulg,3,1675,51,208882166,209381089,210379015,0.4989229999999999,Sep7,Stabilized,sustained,4,0.4895322840097467,True,0.2890125777276951,True,1.1173924053505406,True,0.33027676077622936,True
validation:2026.9.7/log_24_2026-9-7-06-16-04.ulg:3:1725,2026.9.7/log_24_2026-9-7-06-16-04.ulg,3,1725,51,209880014,210379015,211376870,0.499001,Sep7,Stabilized,sustained,1,0.01931132342639568,False,0.20990200418639232,True,0.3280926774230258,False,0.2022434137800923,False
validation:2026.9.7/log_24_2026-9-7-06-16-04.ulg:3:1775,2026.9.7/log_24_2026-9-7-06-16-04.ulg,3,1775,51,210877882,211376870,212374747,0.498988,Sep7,Stabilized,lower_change,0,0.0,False,0.11203684086534223,False,0.40534234062405117,False,0.08092420226410237,False
validation:2026.9.7/log_24_2026-9-7-06-16-04.ulg:3:1825,2026.9.7/log_24_2026-9-7-06-16-04.ulg,3,1825,51,211875761,212374747,213382610,0.498986,Sep7,Stabilized,sustained,1,0.0077464556668918215,False,0.1242515517973214,False,0.5450147075169706,True,0.09301114195147162,False
validation:2026.9.7/log_24_2026-9-7-06-16-04.ulg:3:1875,2026.9.7/log_24_2026-9-7-06-16-04.ulg,3,1875,51,212883648,213382610,214380523,0.4989619999999999,Sep7,Stabilized,lower_change,0,0.0,False,0.12478252577059602,False,0.11986071619345005,False,0.07910615733035044,False
validation:2026.9.7/log_24_2026-9-7-06-16-04.ulg:3:1925,2026.9.7/log_24_2026-9-7-06-16-04.ulg,3,1925,51,213881505,214380523,215378368,0.4990179999999999,Sep7,Stabilized,lower_change,0,0.0,False,0.1246209935601206,False,0.35217891627700687,False,0.035145589688237985,False
validation:2026.9.7/log_24_2026-9-7-06-16-04.ulg:3:1975,2026.9.7/log_24_2026-9-7-06-16-04.ulg,3,1975,51,214879369,215378368,216376314,0.4989989999999999,Sep7,Stabilized,lower_change,0,0.0,False,0.05990170294030058,False,0.38804329480188915,False,0.0871423599957579,False
validation:2026.9.7/log_24_2026-9-7-06-16-04.ulg:3:2025,2026.9.7/log_24_2026-9-7-06-16-04.ulg,3,2025,51,215877341,216376314,217384152,0.498973,Sep7,Stabilized,lower_change,0,0.004140654723906093,False,0.07883819442765459,False,0.3119679402543863,False,0.08709626791856524,False
validation:2026.9.7/log_24_2026-9-7-06-16-04.ulg:3:2075,2026.9.7/log_24_2026-9-7-06-16-04.ulg,3,2075,51,216885188,217384152,218382007,0.4989639999999999,Sep7,Stabilized,sustained,2,0.02017952347549222,False,0.37938824659169845,True,0.9441043159430361,True,0.16204409776708797,False
validation:2026.9.7/log_24_2026-9-7-06-16-04.ulg:3:2125,2026.9.7/log_24_2026-9-7-06-16-04.ulg,3,2125,51,217883066,218382007,219379970,0.4989409999999999,Sep7,Stabilized,sustained,1,0.0,False,0.0877328962577229,False,0.6138509100053547,True,0.14935233039251686,False
validation:2026.9.7/log_24_2026-9-7-06-16-04.ulg:3:2175,2026.9.7/log_24_2026-9-7-06-16-04.ulg,3,2175,51,218881018,219379970,220377835,0.4989519999999999,Sep7,Stabilized,lower_change,0,0.0,False,0.14035490981101098,False,0.36463105885161806,False,0.08357712277037133,False
validation:2026.9.7/log_24_2026-9-7-06-16-04.ulg:3:2225,2026.9.7/log_24_2026-9-7-06-16-04.ulg,3,2225,51,219878845,220377835,221375672,0.49899,Sep7,Stabilized,lower_change,0,0.0020704507646687855,False,0.06666983109305899,False,0.22431808242594997,False,0.06606633940629224,False
validation:2026.9.7/log_24_2026-9-7-06-16-04.ulg:3:2275,2026.9.7/log_24_2026-9-7-06-16-04.ulg,3,2275,51,220876743,221375672,222383648,0.4989289999999999,Sep7,Stabilized,lower_change,0,0.0,False,0.09774770945277109,False,0.38736544563697073,False,0.18744429661699322,False
validation:2026.9.7/log_24_2026-9-7-06-16-04.ulg:3:2325,2026.9.7/log_24_2026-9-7-06-16-04.ulg,3,2325,51,221874698,222383648,223381533,0.50895,Sep7,Stabilized,lower_change,0,0.2237900478244825,False,0.08446823908706044,False,0.19567124645757467,False,0.05082991719603265,False
validation:2026.9.7/log_24_2026-9-7-06-16-04.ulg:3:2375,2026.9.7/log_24_2026-9-7-06-16-04.ulg,3,2375,51,222882457,223381533,224379287,0.4990759999999999,Sep7,Stabilized,sustained,1,0.7176814052530206,True,0.07068974516198857,False,0.3543315142331519,False,0.0849163160554864,False
validation:2026.9.7/log_24_2026-9-7-06-16-04.ulg:3:2425,2026.9.7/log_24_2026-9-7-06-16-04.ulg,3,2425,51,223880415,224379287,225377226,0.498872,Sep7,Stabilized,mixed_change,1,0.008281309447812185,False,0.31000503969886345,True,0.42875069889103135,False,0.12536325064822693,False
validation:2026.9.7/log_24_2026-9-7-06-16-04.ulg:3:2475,2026.9.7/log_24_2026-9-7-06-16-04.ulg,3,2475,51,224878258,225377226,226375092,0.4989679999999999,Sep7,Stabilized,sustained,1,0.4735546996979349,True,0.12214417261592778,False,0.17558209073895079,False,0.05628881253642197,False
validation:2026.9.7/log_24_2026-9-7-06-16-04.ulg:3:2525,2026.9.7/log_24_2026-9-7-06-16-04.ulg,3,2525,51,225876073,226375092,227382982,0.499019,Sep7,Stabilized,reversing,1,0.7142660277384264,True,0.14570181533549673,False,0.2784742956316386,False,0.06438187406930845,False
validation:2026.9.7/log_26_2026-9-7-06-30-26.ulg:1:25,2026.9.7/log_26_2026-9-7-06-30-26.ulg,1,25,51,209157387,209656399,210654419,0.4990119999999999,Sep7,Stabilized,mixed_change,3,0.08861527908874565,False,0.36256553510635287,True,0.8200056242842965,True,1.2802801565095394,True
validation:2026.9.7/log_26_2026-9-7-06-30-26.ulg:1:75,2026.9.7/log_26_2026-9-7-06-30-26.ulg,1,75,51,210155733,210654419,211652477,0.4986859999999999,Sep7,Stabilized,sustained,4,0.317554673962849,True,0.694113462686589,True,1.1200100640777793,True,1.5013132730999144,True
validation:2026.9.7/log_26_2026-9-7-06-30-26.ulg:1:125,2026.9.7/log_26_2026-9-7-06-30-26.ulg,1,125,51,211153621,211652477,212650493,0.4988559999999999,Sep7,Stabilized,lower_change,0,0.052945860680190096,False,0.1505306689181197,False,0.3883936812909291,False,0.1384869480873091,False
validation:2026.9.7/log_26_2026-9-7-06-30-26.ulg:1:175,2026.9.7/log_26_2026-9-7-06-30-26.ulg,1,175,51,212151762,212650493,213658430,0.498731,Sep7,Stabilized,lower_change,0,0.09557327232757087,False,0.06541038014881174,False,0.18357837580061206,False,0.07957603144176492,False
validation:2026.9.7/log_26_2026-9-7-06-30-26.ulg:1:225,2026.9.7/log_26_2026-9-7-06-30-26.ulg,1,225,51,213149844,213658430,214656432,0.508586,Sep7,Stabilized,sustained,2,0.023054500103720295,False,0.21374661548298285,True,0.40902670979462813,False,0.2575910645391206,True
validation:2026.9.7/log_26_2026-9-7-06-30-26.ulg:1:275,2026.9.7/log_26_2026-9-7-06-30-26.ulg,1,275,51,214157691,214656432,215654517,0.498741,Sep7,Stabilized,lower_change,0,0.006210982085859138,False,0.16124943185175422,False,0.3632328755521645,False,0.08785659714520788,False
validation:2026.9.7/log_26_2026-9-7-06-30-26.ulg:1:325,2026.9.7/log_26_2026-9-7-06-30-26.ulg,1,325,51,215155485,215654517,216652548,0.499032,Sep7,Stabilized,lower_change,0,0.015630628809556357,False,0.06535066607046423,False,0.20354182759991246,False,0.09126239547917772,False
validation:2026.9.7/log_26_2026-9-7-06-30-26.ulg:1:375,2026.9.7/log_26_2026-9-7-06-30-26.ulg,1,375,51,216153683,216652548,217650571,0.498865,Sep7,Stabilized,sustained,1,0.006866499052804569,False,0.11954567091765736,False,0.5317885754545453,True,0.22005369338649605,False
validation:2026.9.7/log_26_2026-9-7-06-30-26.ulg:1:425,2026.9.7/log_26_2026-9-7-06-30-26.ulg,1,425,51,217151722,217650571,218648666,0.498849,Sep7,Stabilized,mixed_change,3,0.0,False,0.24953977623552973,True,0.5721997208909299,True,0.2361251073819972,True
validation:2026.9.7/log_26_2026-9-7-06-30-26.ulg:1:475,2026.9.7/log_26_2026-9-7-06-30-26.ulg,1,475,51,218159457,218648666,219656613,0.489209,Sep7,Stabilized,sustained,1,0.008018343394041682,False,0.07236998446720862,False,0.2881603228750074,False,0.22804490977758465,True
validation:2026.9.7/log_26_2026-9-7-06-30-26.ulg:1:525,2026.9.7/log_26_2026-9-7-06-30-26.ulg,1,525,51,219157695,219656613,220654633,0.498918,Sep7,Stabilized,sustained,1,0.007171824358405433,False,0.08638874407259807,False,0.6601443334684922,True,0.19661787903006753,False
validation:2026.9.7/log_26_2026-9-7-06-30-26.ulg:1:575,2026.9.7/log_26_2026-9-7-06-30-26.ulg,1,575,51,220155705,220654633,221652633,0.498928,Sep7,Stabilized,sustained,1,0.005477571332220167,False,0.10607240978028155,False,0.3722968070794672,False,0.323180144972348,True
validation:2026.9.7/log_26_2026-9-7-06-30-26.ulg:1:625,2026.9.7/log_26_2026-9-7-06-30-26.ulg,1,625,51,221153715,221652633,222650569,0.498918,Sep7,Stabilized,sustained,3,0.008281309447812184,False,0.1943183961384674,True,0.5280581880465784,True,0.3072492590132233,True
validation:2026.9.7/log_26_2026-9-7-06-30-26.ulg:1:675,2026.9.7/log_26_2026-9-7-06-30-26.ulg,1,675,51,222151766,222650569,223658546,0.498803,Sep7,Stabilized,lower_change,0,0.0029278850338261097,False,0.1023073229822797,False,0.23283786337056395,False,0.053593197233938995,False
validation:2026.9.7/log_26_2026-9-7-06-30-26.ulg:1:725,2026.9.7/log_26_2026-9-7-06-30-26.ulg,1,725,51,223149742,223658546,224656583,0.5088039999999999,Sep7,Stabilized,lower_change,0,0.0,False,0.06851759097339184,False,0.24384520616599156,False,0.0476230231815029,False
validation:2026.9.7/log_26_2026-9-7-06-30-26.ulg:1:775,2026.9.7/log_26_2026-9-7-06-30-26.ulg,1,775,51,224157734,224656583,225654526,0.498849,Sep7,Stabilized,sustained,1,0.0,False,0.17969722016960984,True,0.17972668825819527,False,0.032810590306004826,False
validation:2026.9.7/log_26_2026-9-7-06-30-26.ulg:1:825,2026.9.7/log_26_2026-9-7-06-30-26.ulg,1,825,51,225155695,225654526,226652553,0.4988309999999999,Sep7,Stabilized,lower_change,0,0.02007312853455326,False,0.16231989262690757,False,0.1802541095895088,False,0.06069831730738736,False
validation:2026.9.7/log_26_2026-9-7-06-30-26.ulg:1:875,2026.9.7/log_26_2026-9-7-06-30-26.ulg,1,875,51,226153737,226652553,227650517,0.498816,Sep7,Stabilized,lower_change,0,0.005071245637307343,False,0.10796959562324619,False,0.310664297874852,False,0.026635870416232953,False
validation:2026.9.7/log_26_2026-9-7-06-30-26.ulg:1:925,2026.9.7/log_26_2026-9-7-06-30-26.ulg,1,925,51,227151704,227650517,228658661,0.4988129999999999,Sep7,Stabilized,lower_change,0,0.005071245637307343,False,0.06953524575647867,False,0.17934204802034573,False,0.08798966253871597,False
validation:2026.9.7/log_26_2026-9-7-06-30-26.ulg:1:975,2026.9.7/log_26_2026-9-7-06-30-26.ulg,1,975,51,228159503,228658661,229656494,0.499158,Sep7,Stabilized,sustained,1,0.40756552100631754,True,0.09723325733829424,False,0.32837739746358846,False,0.09381040480716524,False
validation:2026.9.7/log_26_2026-9-7-06-30-26.ulg:1:1025,2026.9.7/log_26_2026-9-7-06-30-26.ulg,1,1025,51,229147745,229656494,230654532,0.508749,Sep7,Stabilized,lower_change,0,0.0,False,0.1605392578052384,False,0.18261573018220695,False,0.12778488596112172,False
validation:2026.9.7/log_26_2026-9-7-06-30-26.ulg:1:1075,2026.9.7/log_26_2026-9-7-06-30-26.ulg,1,1075,51,230155724,230654532,231652531,0.498808,Sep7,Stabilized,lower_change,0,0.0,False,0.08108460303137222,False,0.3441839113693059,False,0.12324321043536733,False
validation:2026.9.7/log_26_2026-9-7-06-30-26.ulg:1:1125,2026.9.7/log_26_2026-9-7-06-30-26.ulg,1,1125,51,231153782,231652531,232650515,0.498749,Sep7,Stabilized,lower_change,0,0.0,False,0.06551014439553578,False,0.20800723314648656,False,0.08872940179256579,False
validation:2026.9.7/log_26_2026-9-7-06-30-26.ulg:1:1175,2026.9.7/log_26_2026-9-7-06-30-26.ulg,1,1175,51,232151823,232650515,233648648,0.4986919999999999,Sep7,Stabilized,lower_change,0,0.0020703273619530464,False,0.10521121272391776,False,0.178746006237215,False,0.22217348742490975,False
validation:2026.9.7/log_26_2026-9-7-06-30-26.ulg:1:1225,2026.9.7/log_26_2026-9-7-06-30-26.ulg,1,1225,51,233149729,233648648,234656563,0.498919,Sep7,Stabilized,lower_change,0,0.0029278850338261097,False,0.1666757674198369,False,0.26488930807008043,False,0.09485564405679532,False
validation:2026.9.7/log_26_2026-9-7-06-30-26.ulg:1:1275,2026.9.7/log_26_2026-9-7-06-30-26.ulg,1,1275,51,234157725,234656563,235654512,0.498838,Sep7,Stabilized,lower_change,0,0.0020703273619530464,False,0.12823886575734034,False,0.22667450111753873,False,0.05130390321991138,False
validation:2026.9.7/log_26_2026-9-7-06-30-26.ulg:1:1325,2026.9.7/log_26_2026-9-7-06-30-26.ulg,1,1325,51,235155790,235654512,236652584,0.498722,Sep7,Stabilized,lower_change,0,0.005477571332220167,False,0.09009925883150832,False,0.3384539776629778,False,0.03606257327985626,False
validation:2026.9.7/log_26_2026-9-7-06-30-26.ulg:1:1375,2026.9.7/log_26_2026-9-7-06-30-26.ulg,1,1375,51,236153819,236652584,237650529,0.4987649999999999,Sep7,Stabilized,sustained,1,0.003585912179202717,False,0.08483579412411868,False,0.6055429216278884,True,0.0731637376875006,False
validation:2026.9.7/log_26_2026-9-7-06-30-26.ulg:1:1425,2026.9.7/log_26_2026-9-7-06-30-26.ulg,1,1425,51,237151809,237650529,238658484,0.49872,Sep7,Stabilized,lower_change,0,0.0020703273619530464,False,0.07819222087043157,False,0.2881493530176027,False,0.10752079550044395,False
validation:2026.9.7/log_26_2026-9-7-06-30-26.ulg:1:1475,2026.9.7/log_26_2026-9-7-06-30-26.ulg,1,1475,51,238149822,238658484,239656595,0.508662,Sep7,Stabilized,lower_change,0,0.0020703273619530464,False,0.1570721711702011,False,0.3724648646060748,False,0.05202405113618966,False
validation:2026.9.7/log_26_2026-9-7-06-30-26.ulg:1:1525,2026.9.7/log_26_2026-9-7-06-30-26.ulg,1,1525,51,239157700,239656595,240654521,0.498895,Sep7,Stabilized,lower_change,0,0.0020703273619530464,False,0.06103088803311161,False,0.323272274453227,False,0.1709678431644236,False
validation:2026.9.7/log_26_2026-9-7-06-30-26.ulg:1:1575,2026.9.7/log_26_2026-9-7-06-30-26.ulg,1,1575,51,240155691,240654521,241652512,0.49883,Sep7,Stabilized,lower_change,0,0.003585912179202717,False,0.1685948438576679,False,0.29532311582998055,False,0.11331104081402163,False
validation:2026.9.7/log_26_2026-9-7-06-30-26.ulg:1:1625,2026.9.7/log_26_2026-9-7-06-30-26.ulg,1,1625,51,241153753,241652512,242650511,0.4987589999999999,Sep7,Stabilized,lower_change,0,0.0020703273619530464,False,0.09026955586373085,False,0.3158784367554813,False,0.10673299687695478,False
validation:2026.9.7/log_26_2026-9-7-06-30-26.ulg:1:1675,2026.9.7/log_26_2026-9-7-06-30-26.ulg,1,1675,51,242151766,242650511,243648586,0.498745,Sep7,Stabilized,lower_change,0,0.0029278850338261097,False,0.05976387920085382,False,0.20638882762678362,False,0.10662472458157705,False
validation:2026.9.7/log_26_2026-9-7-06-30-26.ulg:1:1725,2026.9.7/log_26_2026-9-7-06-30-26.ulg,1,1725,51,243149720,243648586,244656518,0.498866,Sep7,Stabilized,lower_change,0,0.0,False,0.08619736338662788,False,0.1847109861662081,False,0.062281368341157405,False
validation:2026.9.7/log_26_2026-9-7-06-30-26.ulg:1:1775,2026.9.7/log_26_2026-9-7-06-30-26.ulg,1,1775,51,244157755,244656518,245654499,0.4987629999999999,Sep7,Stabilized,lower_change,0,0.0029278850338261097,False,0.08342142183350547,False,0.2588304487288625,False,0.06294524625714137,False
validation:2026.9.7/log_26_2026-9-7-06-30-26.ulg:1:1825,2026.9.7/log_26_2026-9-7-06-30-26.ulg,1,1825,51,245155866,245654499,246652497,0.498633,Sep7,Stabilized,sustained,2,0.0020703273619530464,False,0.08053311889388001,False,0.6879191362604052,True,0.27513770991868114,True
validation:2026.9.7/log_26_2026-9-7-06-30-26.ulg:1:1875,2026.9.7/log_26_2026-9-7-06-30-26.ulg,1,1875,51,246153774,246652497,247650520,0.4987229999999999,Sep7,Stabilized,lower_change,0,0.004140654723906093,False,0.07196709803846572,False,0.15339587007167008,False,0.14338873457621978,False
validation:2026.9.7/log_26_2026-9-7-06-30-26.ulg:1:1925,2026.9.7/log_26_2026-9-7-06-30-26.ulg,1,1925,51,247151733,247650520,248658535,0.498787,Sep7,Stabilized,sustained,1,0.0029278850338261097,False,0.11531928756490897,False,0.5746044846141809,True,0.09390270897239077,False
validation:2026.9.7/log_26_2026-9-7-06-30-26.ulg:1:1975,2026.9.7/log_26_2026-9-7-06-30-26.ulg,1,1975,51,248149745,248658535,249656448,0.50879,Sep7,Stabilized,lower_change,0,0.0,False,0.1089459106321867,False,0.33045886063682933,False,0.13842462377807405,False
validation:2026.9.7/log_26_2026-9-7-06-30-26.ulg:1:2025,2026.9.7/log_26_2026-9-7-06-30-26.ulg,1,2025,51,249157710,249656448,250654487,0.4987379999999999,Sep7,Stabilized,lower_change,0,0.0,False,0.06385436176707644,False,0.22549221365507402,False,0.07513994659347438,False
validation:2026.9.7/log_26_2026-9-7-06-30-26.ulg:1:2075,2026.9.7/log_26_2026-9-7-06-30-26.ulg,1,2075,51,250155652,250654487,251652435,0.498835,Sep7,Stabilized,sustained,1,0.0020703273619530464,False,0.0721601787340766,False,0.26660179366161507,False,0.26535170182517986,True
validation:2026.9.7/log_26_2026-9-7-06-30-26.ulg:1:2125,2026.9.7/log_26_2026-9-7-06-30-26.ulg,1,2125,51,251153789,251652435,252650405,0.498646,Sep7,Stabilized,lower_change,0,0.0029278850338261097,False,0.09333298447600029,False,0.22299159848693287,False,0.07697307069213037,False
validation:2026.9.7/log_26_2026-9-7-06-30-26.ulg:1:2175,2026.9.7/log_26_2026-9-7-06-30-26.ulg,1,2175,51,252151687,252650405,253648497,0.498718,Sep7,Stabilized,lower_change,0,0.007465116395336931,False,0.07163862119647796,False,0.20890910246823058,False,0.10394625423291648,False
validation:2026.9.7/log_26_2026-9-7-06-30-26.ulg:1:2225,2026.9.7/log_26_2026-9-7-06-30-26.ulg,1,2225,51,253159364,253648497,254656400,0.489133,Sep7,Stabilized,lower_change,0,0.0,False,0.0628080292404677,False,0.2375574413102275,False,0.10912191239348906,False
validation:2026.9.7/log_26_2026-9-7-06-30-26.ulg:1:2275,2026.9.7/log_26_2026-9-7-06-30-26.ulg,1,2275,51,254157356,254656400,255654397,0.499044,Sep7,Stabilized,lower_change,0,0.0,False,0.14607297232270006,False,0.23605454899247202,False,0.04528396768261613,False
validation:2026.9.7/log_26_2026-9-7-06-30-26.ulg:1:2325,2026.9.7/log_26_2026-9-7-06-30-26.ulg,1,2325,51,255155636,255654397,256652352,0.4987609999999999,Sep7,Stabilized,lower_change,0,0.0,False,0.07610258998398665,False,0.14662743276954152,False,0.11386860411273271,False
validation:2026.9.7/log_26_2026-9-7-06-30-26.ulg:1:2375,2026.9.7/log_26_2026-9-7-06-30-26.ulg,1,2375,51,256153688,256652352,257650433,0.498664,Sep7,Stabilized,lower_change,0,0.0,False,0.07371785014912818,False,0.25493678403424214,False,0.037197785291766795,False
validation:2026.9.7/log_26_2026-9-7-06-30-26.ulg:1:2425,2026.9.7/log_26_2026-9-7-06-30-26.ulg,1,2425,51,257151594,257650433,258658489,0.498839,Sep7,Stabilized,lower_change,0,0.0,False,0.05937558958528357,False,0.2629828803990231,False,0.032370061111785815,False
validation:2026.9.7/log_26_2026-9-7-06-30-26.ulg:1:2475,2026.9.7/log_26_2026-9-7-06-30-26.ulg,1,2475,51,258149579,258658489,259656344,0.50891,Sep7,Stabilized,lower_change,0,0.0,False,0.0665745650759831,False,0.270188885259215,False,0.029273592220615586,False
validation:2026.9.7/log_26_2026-9-7-06-30-26.ulg:1:2525,2026.9.7/log_26_2026-9-7-06-30-26.ulg,1,2525,51,259157617,259656344,260654420,0.498727,Sep7,Stabilized,lower_change,0,0.0,False,0.1065094329635067,False,0.22296023310331015,False,0.050411534478500754,False
validation:2026.9.7/log_26_2026-9-7-06-30-26.ulg:1:2575,2026.9.7/log_26_2026-9-7-06-30-26.ulg,1,2575,51,260155685,260654420,261652488,0.498735,Sep7,Stabilized,lower_change,0,0.0,False,0.11359508764696233,False,0.20460181856317014,False,0.0874844653738567,False
validation:2026.9.7/log_26_2026-9-7-06-30-26.ulg:1:2625,2026.9.7/log_26_2026-9-7-06-30-26.ulg,1,2625,51,261153650,261652488,262650347,0.498838,Sep7,Stabilized,lower_change,0,0.0020703273619530464,False,0.062253441339084926,False,0.21259728164707534,False,0.04858197379533429,False
validation:2026.9.7/log_26_2026-9-7-06-30-26.ulg:1:2675,2026.9.7/log_26_2026-9-7-06-30-26.ulg,1,2675,51,262151553,262650347,263658271,0.4987939999999999,Sep7,Stabilized,lower_change,0,0.0,False,0.0673303005773205,False,0.2046716972949566,False,0.08230649484872912,False
validation:2026.9.7/log_26_2026-9-7-06-30-26.ulg:1:2725,2026.9.7/log_26_2026-9-7-06-30-26.ulg,1,2725,51,263159250,263658271,264656231,0.499021,Sep7,Stabilized,lower_change,0,0.0,False,0.06959315729620946,False,0.2534411407031768,False,0.058437235951827544,False
validation:2026.9.7/log_26_2026-9-7-06-30-26.ulg:1:2775,2026.9.7/log_26_2026-9-7-06-30-26.ulg,1,2775,51,264147245,264656231,265654224,0.5089859999999999,Sep7,Stabilized,lower_change,0,0.0,False,0.12118095289355406,False,0.20297796999277903,False,0.045340709645795056,False
validation:2026.9.7/log_26_2026-9-7-06-30-26.ulg:1:2825,2026.9.7/log_26_2026-9-7-06-30-26.ulg,1,2825,51,265155494,265654224,266652204,0.4987299999999999,Sep7,Stabilized,lower_change,0,0.0,False,0.10548454301849214,False,0.16143176143850757,False,0.053606742928290305,False
validation:2026.9.7/log_26_2026-9-7-06-30-26.ulg:1:2875,2026.9.7/log_26_2026-9-7-06-30-26.ulg,1,2875,51,266153485,266652204,267650217,0.4987189999999999,Sep7,Stabilized,lower_change,0,0.1076780929663948,False,0.1396891141627582,False,0.1443657622141899,False,0.041169486550243745,False
validation:2026.9.7/log_26_2026-9-7-06-30-26.ulg:1:2925,2026.9.7/log_26_2026-9-7-06-30-26.ulg,1,2925,51,267151487,267650217,268653201,0.4987299999999999,Sep7,Stabilized,lower_change,0,0.0,False,0.12147888257389058,False,0.22979876271071395,False,0.0698012526186558,False
validation:2026.9.7/log_26_2026-9-7-06-30-26.ulg:1:2975,2026.9.7/log_26_2026-9-7-06-30-26.ulg,1,2975,51,268149413,268653201,269656139,0.503788,Sep7,Stabilized,lower_change,0,0.0,False,0.07999926790670525,False,0.20814135564928943,False,0.08917273014320408,False
validation:2026.9.7/log_26_2026-9-7-06-30-26.ulg:1:3025,2026.9.7/log_26_2026-9-7-06-30-26.ulg,1,3025,51,269157179,269656139,270654132,0.4989599999999999,Sep7,Stabilized,lower_change,0,0.0,False,0.05920849380560786,False,0.4182550005929435,False,0.1082682845297471,False
validation:2026.9.7/log_26_2026-9-7-06-30-26.ulg:1:3075,2026.9.7/log_26_2026-9-7-06-30-26.ulg,1,3075,51,270155428,270654132,271652103,0.498704,Sep7,Stabilized,lower_change,0,0.0,False,0.0681763756067406,False,0.23498233820995287,False,0.13149789944469303,False
validation:2026.9.7/log_26_2026-9-7-06-30-26.ulg:1:3125,2026.9.7/log_26_2026-9-7-06-30-26.ulg,1,3125,51,271153386,271652103,272650142,0.4987169999999999,Sep7,Stabilized,sustained,1,0.0,False,0.1787977319636065,True,0.12253703892290502,False,0.07595886135980737,False
validation:2026.9.7/log_26_2026-9-7-06-30-26.ulg:1:3175,2026.9.7/log_26_2026-9-7-06-30-26.ulg,1,3175,51,272151369,272650142,273658066,0.4987729999999999,Sep7,Stabilized,lower_change,0,0.0,False,0.0742060358827921,False,0.13926838993478494,False,0.13069427633397868,False
validation:2026.9.7/log_26_2026-9-7-06-30-26.ulg:1:3225,2026.9.7/log_26_2026-9-7-06-30-26.ulg,1,3225,51,273149313,273658066,274656067,0.508753,Sep7,Stabilized,lower_change,0,0.0,False,0.08873536273906947,False,0.2968950660300414,False,0.12854228974448673,False
validation:2026.9.7/log_26_2026-9-7-06-30-26.ulg:1:3275,2026.9.7/log_26_2026-9-7-06-30-26.ulg,1,3275,51,274157302,274656067,275654081,0.4987649999999999,Sep7,Stabilized,lower_change,0,0.0,False,0.108740334498726,False,0.16041686112725273,False,0.04268093608106735,False
validation:2026.9.7/log_26_2026-9-7-06-30-26.ulg:1:3325,2026.9.7/log_26_2026-9-7-06-30-26.ulg,1,3325,51,275155259,275654081,276651993,0.498822,Sep7,Stabilized,lower_change,0,0.0,False,0.09546848749697688,False,0.2500402885915355,False,0.06510538329692073,False
validation:2026.9.7/log_26_2026-9-7-06-30-26.ulg:1:3375,2026.9.7/log_26_2026-9-7-06-30-26.ulg,1,3375,51,276153275,276651993,277660036,0.498718,Sep7,Stabilized,lower_change,0,0.0,False,0.09145619533765802,False,0.20858570798430442,False,0.05067694098427662,False
validation:2026.9.7/log_26_2026-9-7-06-30-26.ulg:1:3425,2026.9.7/log_26_2026-9-7-06-30-26.ulg,1,3425,51,277151297,277660036,278648084,0.5087389999999999,Sep7,Stabilized,lower_change,0,0.0,False,0.12831663060878057,False,0.16777705408229718,False,0.058264463370832784,False
validation:2026.9.7/log_26_2026-9-7-06-30-26.ulg:1:3475,2026.9.7/log_26_2026-9-7-06-30-26.ulg,1,3475,51,278149226,278648084,279655899,0.4988579999999999,Sep7,Stabilized,sustained,1,0.012421964171718276,False,0.0780448633578632,False,0.5518069227999125,True,0.13627667434424479,False
validation:2026.9.7/log_26_2026-9-7-06-30-26.ulg:1:3525,2026.9.7/log_26_2026-9-7-06-30-26.ulg,1,3525,51,279156892,279655899,280653929,0.499007,Sep7,Stabilized,lower_change,0,0.0,False,0.1545478980504876,False,0.4792207620565777,False,0.060452231582010525,False
validation:2026.9.7/log_26_2026-9-7-06-30-26.ulg:1:3575,2026.9.7/log_26_2026-9-7-06-30-26.ulg,1,3575,51,280155122,280653929,281651920,0.498807,Sep7,Stabilized,sustained,1,0.0,False,0.09506961767448606,False,0.5584733560028768,True,0.09645592000714566,False
validation:2026.9.7/log_26_2026-9-7-06-30-26.ulg:1:3625,2026.9.7/log_26_2026-9-7-06-30-26.ulg,1,3625,51,281153111,281651920,282649857,0.498809,Sep7,Stabilized,sustained,2,0.0,False,0.08997771822475759,False,0.6435057567207033,True,0.28196444848253654,True
validation:2026.9.7/log_26_2026-9-7-06-30-26.ulg:1:3675,2026.9.7/log_26_2026-9-7-06-30-26.ulg,1,3675,51,282151080,282649857,283657869,0.4987769999999999,Sep7,Stabilized,lower_change,0,0.0,False,0.08917873688808613,False,0.483272375801522,False,0.1697215465551118,False
validation:2026.9.7/log_26_2026-9-7-06-30-26.ulg:1:3725,2026.9.7/log_26_2026-9-7-06-30-26.ulg,1,3725,51,283149102,283657869,284655833,0.508767,Sep7,Stabilized,sustained,2,0.0,False,0.22433393852241737,True,0.1181673294572926,False,0.27689803136179536,True
validation:2026.9.7/log_26_2026-9-7-06-30-26.ulg:1:3775,2026.9.7/log_26_2026-9-7-06-30-26.ulg,1,3775,51,284157062,284655833,285653761,0.4987709999999999,Sep7,Stabilized,sustained,1,0.12666413625233497,False,0.25216489793776614,True,0.12518952913255899,False,0.06917510773079992,False
validation:2026.9.7/log_26_2026-9-7-06-30-26.ulg:1:3825,2026.9.7/log_26_2026-9-7-06-30-26.ulg,1,3825,51,285155019,285653761,286651705,0.4987419999999999,Sep7,Stabilized,lower_change,0,0.0046296686538658234,False,0.08335233713995709,False,0.27473929738412073,False,0.07172248286981955,False
validation:2026.9.7/log_26_2026-9-7-06-30-26.ulg:1:3875,2026.9.7/log_26_2026-9-7-06-30-26.ulg,1,3875,51,286153052,286651705,287649675,0.4986529999999999,Sep7,Stabilized,lower_change,0,0.005477897825117123,False,0.11833952356870188,False,0.330229778836834,False,0.19788884964074105,False
validation:2026.9.7/log_26_2026-9-7-06-30-26.ulg:1:3925,2026.9.7/log_26_2026-9-7-06-30-26.ulg,1,3925,51,287150934,287649675,288647707,0.498741,Sep7,Stabilized,lower_change,0,0.007746917397574716,False,0.07580876978744651,False,0.17660490371612056,False,0.20285501823079152,False
validation:2026.9.7/log_26_2026-9-7-06-30-26.ulg:1:3975,2026.9.7/log_26_2026-9-7-06-30-26.ulg,1,3975,51,288158650,288647707,289655618,0.4890569999999999,Sep7,Stabilized,sustained,2,0.0068669083333107875,False,0.10847008572409249,False,0.5047245689042731,True,0.27563199363683855,True
validation:2026.9.7/log_26_2026-9-7-06-30-26.ulg:1:4025,2026.9.7/log_26_2026-9-7-06-30-26.ulg,1,4025,51,289156930,289655618,290653625,0.4986879999999999,Sep7,Stabilized,lower_change,0,0.009024885650767749,False,0.12421218452410472,False,0.13217175360079939,False,0.12317342966840689,False
validation:2026.9.7/log_26_2026-9-7-06-30-26.ulg:1:4075,2026.9.7/log_26_2026-9-7-06-30-26.ulg,1,4075,51,290154812,290653625,291651508,0.4988129999999999,Sep7,Stabilized,lower_change,0,0.0046296686538658234,False,0.16309745944802673,False,0.1891693601846466,False,0.07867580190865472,False
validation:2026.9.7/log_26_2026-9-7-06-30-26.ulg:1:4125,2026.9.7/log_26_2026-9-7-06-30-26.ulg,1,4125,51,291152817,291651508,292649514,0.498691,Sep7,Stabilized,lower_change,0,0.0,False,0.08001240638094632,False,0.14923370227652336,False,0.06536762077067201,False
validation:2026.9.7/log_26_2026-9-7-06-30-26.ulg:1:4175,2026.9.7/log_26_2026-9-7-06-30-26.ulg,1,4175,51,292150749,292649514,293657428,0.4987649999999999,Sep7,Stabilized,lower_change,0,0.0046296686538658234,False,0.12712538142069446,False,0.34901563712281003,False,0.1253901570006134,False
validation:2026.9.7/log_26_2026-9-7-06-30-26.ulg:1:4225,2026.9.7/log_26_2026-9-7-06-30-26.ulg,1,4225,51,293148830,293657428,294655381,0.508598,Sep7,Stabilized,sustained,1,0.005856119103240683,False,0.5545053709974205,True,0.31889999998367397,False,0.17282095630721134,False
validation:2026.9.7/log_26_2026-9-7-06-30-26.ulg:1:4275,2026.9.7/log_26_2026-9-7-06-30-26.ulg,1,4275,51,294156697,294655381,295653408,0.4986839999999999,Sep7,Stabilized,lower_change,0,0.0,False,0.07678991084539853,False,0.3731431909035723,False,0.06490462833575714,False
validation:2026.9.7/log_26_2026-9-7-06-30-26.ulg:1:4325,2026.9.7/log_26_2026-9-7-06-30-26.ulg,1,4325,51,295154630,295653408,296651317,0.498778,Sep7,Stabilized,lower_change,0,0.0,False,0.15329764225217568,False,0.4381029184734442,False,0.09159387737271703,False
validation:2026.9.7/log_26_2026-9-7-06-30-26.ulg:1:4375,2026.9.7/log_26_2026-9-7-06-30-26.ulg,1,4375,51,296152614,296651317,297649284,0.4987029999999999,Sep7,Stabilized,sustained,1,0.0,False,0.20010598521867104,True,0.4376055725253879,False,0.14717493301592047,False
validation:2026.9.7/log_26_2026-9-7-06-30-26.ulg:1:4425,2026.9.7/log_26_2026-9-7-06-30-26.ulg,1,4425,51,297150621,297649284,298657294,0.4986629999999999,Sep7,Stabilized,lower_change,0,0.0,False,0.06993373402987331,False,0.29921492986224385,False,0.13975597866253242,False
validation:2026.9.7/log_26_2026-9-7-06-30-26.ulg:1:4475,2026.9.7/log_26_2026-9-7-06-30-26.ulg,1,4475,51,298158293,298657294,299655188,0.499001,Sep7,Stabilized,lower_change,0,0.0,False,0.09954310602502268,False,0.3118058204884919,False,0.19579585566295277,False
validation:2026.9.7/log_26_2026-9-7-06-30-26.ulg:1:4525,2026.9.7/log_26_2026-9-7-06-30-26.ulg,1,4525,51,299156452,299655188,300653251,0.4987359999999999,Sep7,Stabilized,lower_change,0,0.0,False,0.08149230350755834,False,0.20156848523596638,False,0.11309183619472057,False
validation:2026.9.7/log_26_2026-9-7-06-30-26.ulg:1:4575,2026.9.7/log_26_2026-9-7-06-30-26.ulg,1,4575,51,300154502,300653251,301651223,0.498749,Sep7,Stabilized,sustained,3,0.0,False,0.2571828644863587,True,0.8074459162461533,True,0.4765910017737936,True
validation:2026.9.7/log_26_2026-9-7-06-30-26.ulg:1:4625,2026.9.7/log_26_2026-9-7-06-30-26.ulg,1,4625,51,301152392,301651223,302649219,0.4988309999999999,Sep7,Stabilized,sustained,1,0.0,False,0.07493337087602155,False,0.583238010281621,True,0.05811602952689367,False
validation:2026.9.7/log_26_2026-9-7-06-30-26.ulg:1:4675,2026.9.7/log_26_2026-9-7-06-30-26.ulg,1,4675,51,302150343,302649219,303657060,0.498876,Sep7,Stabilized,lower_change,0,0.0,False,0.0860760929906951,False,0.2059207910467136,False,0.05653458535257,False
validation:2026.9.7/log_26_2026-9-7-06-30-26.ulg:1:4725,2026.9.7/log_26_2026-9-7-06-30-26.ulg,1,4725,51,303148343,303657060,304654979,0.508717,Sep7,Stabilized,lower_change,0,0.005856119103240683,False,0.08467132115241979,False,0.1812740166101115,False,0.06538777486720551,False
validation:2026.9.7/log_26_2026-9-7-06-30-26.ulg:1:4775,2026.9.7/log_26_2026-9-7-06-30-26.ulg,1,4775,51,304156277,304654979,305652936,0.498702,Sep7,Stabilized,lower_change,0,0.0,False,0.14632624021939264,False,0.3373859563777979,False,0.13051049128662007,False
validation:2026.9.7/log_26_2026-9-7-06-30-26.ulg:1:4825,2026.9.7/log_26_2026-9-7-06-30-26.ulg,1,4825,51,305154366,305652936,306650937,0.4985699999999999,Sep7,Stabilized,lower_change,0,0.004140901529337571,False,0.08233417500441308,False,0.2936564220773109,False,0.0683975485832227,False
validation:2026.9.7/log_26_2026-9-7-06-30-26.ulg:1:4875,2026.9.7/log_26_2026-9-7-06-30-26.ulg,1,4875,51,306152204,306650937,307648865,0.498733,Sep7,Stabilized,lower_change,0,0.004140901529337571,False,0.16216625068323257,False,0.2728686168020732,False,0.12329374709895835,False
validation:2026.9.7/log_26_2026-9-7-06-30-26.ulg:1:4925,2026.9.7/log_26_2026-9-7-06-30-26.ulg,1,4925,51,307150158,307648865,308656826,0.4987069999999999,Sep7,Stabilized,lower_change,0,0.0,False,0.08039737285313626,False,0.2583925625874038,False,0.04304215434940224,False
validation:2026.9.7/log_26_2026-9-7-06-30-26.ulg:1:4975,2026.9.7/log_26_2026-9-7-06-30-26.ulg,1,4975,51,308157887,308656826,309654776,0.4989389999999999,Sep7,Stabilized,lower_change,0,0.0029280595516203416,False,0.11113553366459833,False,0.11270315976001931,False,0.058357565386734214,False
validation:2026.9.7/log_26_2026-9-7-06-30-26.ulg:1:5025,2026.9.7/log_26_2026-9-7-06-30-26.ulg,1,5025,51,309151081,309654776,310652810,0.503695,Sep7,Stabilized,lower_change,0,0.007746917397574716,False,0.07204851826548225,False,0.21839761730031712,False,0.04382781281679209,False
validation:2026.9.7/log_26_2026-9-7-06-30-26.ulg:1:5075,2026.9.7/log_26_2026-9-7-06-30-26.ulg,1,5075,51,310154011,310652810,311650691,0.498799,Sep7,Stabilized,lower_change,0,0.008018821330704617,False,0.06141793294279423,False,0.14773818329456032,False,0.09455341897357607,False
validation:2026.9.7/log_26_2026-9-7-06-30-26.ulg:1:5125,2026.9.7/log_26_2026-9-7-06-30-26.ulg,1,5125,51,311152015,311650691,312658640,0.4986759999999999,Sep7,Stabilized,lower_change,0,0.005856119103240683,False,0.060884786944764346,False,0.19662290728149587,False,0.060982481830052455,False
validation:2026.9.7/log_26_2026-9-7-06-30-26.ulg:1:5175,2026.9.7/log_26_2026-9-7-06-30-26.ulg,1,5175,51,312149968,312658640,313656566,0.508672,Sep7,Stabilized,lower_change,0,0.0046296686538658234,False,0.06421014175540703,False,0.15992659240058577,False,0.030123640023254235,False
validation:2026.9.7/log_26_2026-9-7-06-30-26.ulg:1:5225,2026.9.7/log_26_2026-9-7-06-30-26.ulg,1,5225,51,313147868,313656566,314654540,0.508698,Sep7,Stabilized,lower_change,0,0.004140901529337571,False,0.12705683883202823,False,0.13842718428920894,False,0.09052458564930582,False
validation:2026.9.7/log_26_2026-9-7-06-30-26.ulg:1:5275,2026.9.7/log_26_2026-9-7-06-30-26.ulg,1,5275,51,314155778,314654540,315652465,0.498762,Sep7,Stabilized,lower_change,0,0.008536687195370256,False,0.07278201288581432,False,0.13964109979596817,False,0.07822007594751738,False
validation:2026.9.7/log_26_2026-9-7-06-30-26.ulg:1:5325,2026.9.7/log_26_2026-9-7-06-30-26.ulg,1,5325,51,315153750,315652465,316650413,0.4987149999999999,Sep7,Stabilized,sustained,1,0.007172251837952339,False,0.29390637260208097,True,0.21975938969898454,False,0.08181817017859483,False
validation:2026.9.7/log_26_2026-9-7-06-30-26.ulg:1:5375,2026.9.7/log_26_2026-9-7-06-30-26.ulg,1,5375,51,316151751,316650413,317648378,0.498662,Sep7,Stabilized,sustained,2,0.0035861259189761694,False,0.20340391585766643,True,0.7123959653204717,True,0.08412339964149196,False
validation:2026.9.7/log_26_2026-9-7-06-30-26.ulg:1:5425,2026.9.7/log_26_2026-9-7-06-30-26.ulg,1,5425,51,317149682,317648378,318656304,0.498696,Sep7,Stabilized,lower_change,0,0.007746917397574716,False,0.13680406824655464,False,0.2603776230683804,False,0.13045517014071367,False
validation:2026.9.7/log_26_2026-9-7-06-30-26.ulg:1:5475,2026.9.7/log_26_2026-9-7-06-30-26.ulg,1,5475,51,318157342,318656304,319654344,0.4989619999999999,Sep7,Stabilized,lower_change,0,0.007465116395336931,False,0.1283436786982764,False,0.38678062993264817,False,0.17463423558443997,False
validation:2026.9.7/log_26_2026-9-7-06-30-26.ulg:1:5525,2026.9.7/log_26_2026-9-7-06-30-26.ulg,1,5525,51,319155305,319654344,320652248,0.4990389999999999,Sep7,Stabilized,lower_change,0,0.005071547910993777,False,0.06467548941875013,False,0.12424135178343698,False,0.14144683921045295,False
validation:2026.9.7/log_26_2026-9-7-06-30-26.ulg:1:5575,2026.9.7/log_26_2026-9-7-06-30-26.ulg,1,5575,51,320153483,320652248,321650221,0.4987649999999999,Sep7,Stabilized,lower_change,0,0.009024885650767749,False,0.1123372624973986,False,0.25605439992601414,False,0.1825314806625026,False
validation:2026.9.7/log_26_2026-9-7-06-30-26.ulg:1:5625,2026.9.7/log_26_2026-9-7-06-30-26.ulg,1,5625,51,321151444,321650221,322658147,0.4987769999999999,Sep7,Stabilized,sustained,1,0.0020704507646687855,False,0.1564187750665889,False,0.7940515016860482,True,0.15637196648602236,False
validation:2026.9.7/log_26_2026-9-7-06-30-26.ulg:1:5675,2026.9.7/log_26_2026-9-7-06-30-26.ulg,1,5675,51,322149417,322658147,323656048,0.50873,Sep7,Stabilized,lower_change,0,0.0,False,0.1024486273765064,False,0.11742416142517477,False,0.06493132047841713,False
validation:2026.9.7/log_26_2026-9-7-06-30-26.ulg:1:5725,2026.9.7/log_26_2026-9-7-06-30-26.ulg,1,5725,51,323157121,323656048,324653991,0.4989269999999999,Sep7,Stabilized,sustained,1,0.32727952387929193,True,0.10812209355039946,False,0.1732318275491985,False,0.060636394040214994,False
validation:2026.9.7/log_26_2026-9-7-06-30-26.ulg:1:5775,2026.9.7/log_26_2026-9-7-06-30-26.ulg,1,5775,51,324155305,324653991,325652009,0.4986859999999999,Sep7,Stabilized,lower_change,0,0.004140778126621831,False,0.12954462907207118,False,0.223722552279952,False,0.10933291170119053,False
validation:2026.9.7/log_26_2026-9-7-06-30-26.ulg:1:5825,2026.9.7/log_26_2026-9-7-06-30-26.ulg,1,5825,51,325153260,325652009,326659875,0.498749,Sep7,Stabilized,reversing,1,0.03200648429882137,False,0.23168197417094483,True,0.17355192930577729,False,0.05775371707330176,False
validation:2026.9.7/log_26_2026-9-7-06-30-26.ulg:1:5875,2026.9.7/log_26_2026-9-7-06-30-26.ulg,1,5875,51,326151205,326659875,327647899,0.50867,Sep7,Stabilized,lower_change,0,0.0020703273619530464,False,0.1294289861018056,False,0.23949220754545492,False,0.03803041214138621,False
validation:2026.9.7/log_26_2026-9-7-06-30-26.ulg:1:5925,2026.9.7/log_26_2026-9-7-06-30-26.ulg,1,5925,51,327149105,327647899,328655828,0.4987939999999999,Sep7,Stabilized,lower_change,0,0.004629392717004823,False,0.06081427407908187,False,0.13481612629283374,False,0.1213657104089194,False
validation:2026.9.7/log_26_2026-9-7-06-30-26.ulg:1:5975,2026.9.7/log_26_2026-9-7-06-30-26.ulg,1,5975,51,328156774,328655828,329653722,0.499054,Sep7,Stabilized,lower_change,0,0.004140654723906093,False,0.09144188155004386,False,0.22082875091541296,False,0.11300821879175937,False
validation:2026.9.7/log_26_2026-9-7-06-30-26.ulg:1:6025,2026.9.7/log_26_2026-9-7-06-30-26.ulg,1,6025,51,329154974,329653722,330651657,0.4987479999999999,Sep7,Stabilized,mixed_change,1,0.004140654723906093,False,0.09988922141222106,False,0.5211177327456451,True,0.08076125700687363,False
validation:2026.9.7/log_26_2026-9-7-06-30-26.ulg:1:6075,2026.9.7/log_26_2026-9-7-06-30-26.ulg,1,6075,51,330152961,330651657,331649599,0.498696,Sep7,Stabilized,sustained,1,0.0077464556668918215,False,0.15097137229000282,False,0.6579798366071314,True,0.11779525875915466,False
validation:2026.9.7/log_26_2026-9-7-06-30-26.ulg:1:6125,2026.9.7/log_26_2026-9-7-06-30-26.ulg,1,6125,51,331150934,331649599,332657648,0.4986649999999999,Sep7,Stabilized,sustained,1,0.0029278850338261097,False,0.22517663830592907,True,0.11508332362151245,False,0.11697670904647554,False
validation:2026.9.7/log_26_2026-9-7-06-30-26.ulg:1:6175,2026.9.7/log_26_2026-9-7-06-30-26.ulg,1,6175,51,332148855,332657648,333655491,0.5087929999999999,Sep7,Stabilized,lower_change,0,0.0,False,0.17318647651857552,False,0.2522451568942448,False,0.14072354619369137,False
validation:2026.9.7/log_26_2026-9-7-06-30-26.ulg:1:6225,2026.9.7/log_26_2026-9-7-06-30-26.ulg,1,6225,51,333156532,333655491,334653457,0.498959,Sep7,Stabilized,lower_change,0,0.0,False,0.10576422266564868,False,0.17414457747115059,False,0.10448936619916258,False
validation:2026.9.7/log_26_2026-9-7-06-30-26.ulg:1:6275,2026.9.7/log_26_2026-9-7-06-30-26.ulg,1,6275,51,334154731,334653457,335651519,0.498726,Sep7,Stabilized,lower_change,0,0.0,False,0.10624602384175785,False,0.20669158813408284,False,0.1238616052356701,False
validation:2026.9.7/log_26_2026-9-7-06-30-26.ulg:1:6325,2026.9.7/log_26_2026-9-7-06-30-26.ulg,1,6325,51,335152677,335651519,336659275,0.4988419999999999,Sep7,Stabilized,lower_change,0,0.02484392834343655,False,0.1693880363220487,False,0.3238877519199109,False,0.08709777928898237,False
validation:2026.9.7/log_26_2026-9-7-06-30-26.ulg:1:6375,2026.9.7/log_26_2026-9-7-06-30-26.ulg,1,6375,51,336150609,336659275,337647342,0.508666,Sep7,Stabilized,lower_change,0,0.0029278850338261097,False,0.1018588922060443,False,0.16625557025204804,False,0.08887795823385936,False
validation:2026.9.7/log_26_2026-9-7-06-30-26.ulg:1:6425,2026.9.7/log_26_2026-9-7-06-30-26.ulg,1,6425,51,337158228,337647342,338655266,0.489114,Sep7,Stabilized,lower_change,0,0.05233530968336674,False,0.07283219669701678,False,0.13784694628792368,False,0.10032205497650452,False
validation:2026.9.7/log_26_2026-9-7-06-30-26.ulg:1:6475,2026.9.7/log_26_2026-9-7-06-30-26.ulg,1,6475,51,338156228,338655266,339653100,0.499038,Sep7,Stabilized,lower_change,0,0.0,False,0.11724776545042816,False,0.34100462221242606,False,0.11842810201147436,False
validation:2026.9.7/log_26_2026-9-7-06-30-26.ulg:1:6525,2026.9.7/log_26_2026-9-7-06-30-26.ulg,1,6525,51,339154445,339653100,340651043,0.4986549999999999,Sep7,Stabilized,lower_change,0,0.03105520659587231,False,0.11591897276273698,False,0.39669642617368334,False,0.09386199873570969,False
validation:2026.9.7/log_26_2026-9-7-06-30-26.ulg:1:6575,2026.9.7/log_26_2026-9-7-06-30-26.ulg,1,6575,51,340152371,340651043,341648981,0.498672,Sep7,Stabilized,lower_change,0,0.009259006184156324,False,0.0798550198062655,False,0.33780839238558413,False,0.08288985796619812,False
validation:2026.9.7/log_26_2026-9-7-06-30-26.ulg:1:6625,2026.9.7/log_26_2026-9-7-06-30-26.ulg,1,6625,51,341150292,341648981,342656969,0.498689,Sep7,Stabilized,lower_change,0,0.009258785434009646,False,0.0969964677467482,False,0.2666763958052912,False,0.16953731559551719,False
validation:2026.9.7/log_26_2026-9-7-06-30-26.ulg:1:6675,2026.9.7/log_26_2026-9-7-06-30-26.ulg,1,6675,51,342158015,342656969,343654834,0.4989539999999999,Sep7,Stabilized,lower_change,0,0.005855770067652219,False,0.0619198091421993,False,0.11042187045129358,False,0.15882035318069496,False
validation:2026.9.7/log_26_2026-9-7-06-30-26.ulg:1:6725,2026.9.7/log_26_2026-9-7-06-30-26.ulg,1,6725,51,343155851,343654834,344652776,0.4989829999999999,Sep7,Stabilized,lower_change,0,0.003585912179202717,False,0.06066888506312207,False,0.23943333615858134,False,0.13296269023372206,False
validation:2026.9.7/log_26_2026-9-7-06-30-26.ulg:1:6775,2026.9.7/log_26_2026-9-7-06-30-26.ulg,1,6775,51,344154105,344652776,345650756,0.498671,Sep7,Stabilized,lower_change,0,0.008281309447812185,False,0.06751840951576361,False,0.14532597523719593,False,0.13884367659188335,False
validation:2026.9.7/log_26_2026-9-7-06-30-26.ulg:1:6825,2026.9.7/log_26_2026-9-7-06-30-26.ulg,1,6825,51,345151978,345650756,346658708,0.498778,Sep7,Stabilized,sustained,1,0.007171824358405434,False,0.11330960134836796,False,0.6001479734379301,True,0.09699829967698896,False
validation:2026.9.7/log_26_2026-9-7-06-30-26.ulg:1:6875,2026.9.7/log_26_2026-9-7-06-30-26.ulg,1,6875,51,346149950,346658708,347656624,0.5087579999999999,Sep7,Stabilized,lower_change,0,0.008536687195370256,False,0.16526408583773589,False,0.20200102159144587,False,0.025695803570576707,False
validation:2026.9.7/log_26_2026-9-7-06-30-26.ulg:1:6925,2026.9.7/log_26_2026-9-7-06-30-26.ulg,1,6925,51,347157601,347656624,348654562,0.499023,Sep7,Stabilized,lower_change,0,0.05700058248538261,False,0.06984003048447643,False,0.24578136806344658,False,0.05526139529111428,False
validation:2026.9.7/log_26_2026-9-7-06-30-26.ulg:1:6975,2026.9.7/log_26_2026-9-7-06-30-26.ulg,1,6975,51,348155513,348654562,349652440,0.4990489999999999,Sep7,Stabilized,lower_change,0,0.010758092775282285,False,0.0740626059441604,False,0.44229536044688483,False,0.05326453404283189,False
validation:2026.9.7/log_26_2026-9-7-06-30-26.ulg:1:7025,2026.9.7/log_26_2026-9-7-06-30-26.ulg,1,7025,51,349153710,349652440,350650454,0.4987299999999999,Sep7,Stabilized,lower_change,0,0.028985041420865817,False,0.08470387914056351,False,0.12433041968517944,False,0.045078788717169256,False
validation:2026.9.7/log_26_2026-9-7-06-30-26.ulg:1:7075,2026.9.7/log_26_2026-9-7-06-30-26.ulg,1,7075,51,350151771,350650454,351648453,0.498683,Sep7,Stabilized,sustained,1,0.0020703273619530464,False,0.05345774089141973,False,0.6539521064062628,True,0.04296828425488289,False
validation:2026.9.7/log_26_2026-9-7-06-30-26.ulg:1:7125,2026.9.7/log_26_2026-9-7-06-30-26.ulg,1,7125,51,351159317,351648453,352656244,0.4891359999999999,Sep7,Stabilized,lower_change,0,0.005477571332220167,False,0.05859165710120184,False,0.24542706851413945,False,0.04653817574470794,False
validation:2026.9.7/log_26_2026-9-7-06-30-26.ulg:1:7175,2026.9.7/log_26_2026-9-7-06-30-26.ulg,1,7175,51,352157230,352656244,353654190,0.4990139999999999,Sep7,Stabilized,mixed_change,1,0.0,False,0.06594823041061057,False,0.5762594423922371,True,0.06011092725896844,False
validation:2026.9.7/log_26_2026-9-7-06-30-26.ulg:1:7225,2026.9.7/log_26_2026-9-7-06-30-26.ulg,1,7225,51,353155192,353654190,354652114,0.498998,Sep7,Stabilized,lower_change,0,0.0,False,0.10492955359932916,False,0.25758179792287517,False,0.05798611540072838,False
validation:2026.9.7/log_26_2026-9-7-06-30-26.ulg:1:7275,2026.9.7/log_26_2026-9-7-06-30-26.ulg,1,7275,51,354153340,354652114,355650008,0.498774,Sep7,Stabilized,lower_change,0,0.11503054826276804,False,0.08381247127506981,False,0.2000534630301127,False,0.11643818388820651,False
validation:2026.9.7/log_26_2026-9-7-06-30-26.ulg:1:7325,2026.9.7/log_26_2026-9-7-06-30-26.ulg,1,7325,51,355151331,355650008,356658104,0.498677,Sep7,Stabilized,sustained,1,0.004629392717004823,False,0.10880382610650967,False,0.21311331299267805,False,0.26809441496069636,True
validation:2026.9.7/log_26_2026-9-7-06-30-26.ulg:1:7375,2026.9.7/log_26_2026-9-7-06-30-26.ulg,1,7375,51,356149209,356658104,357655963,0.508895,Sep7,Stabilized,mixed_change,3,0.0,False,0.2487524511697968,True,1.1615826795022248,True,0.29080827567305917,True
validation:2026.9.7/log_26_2026-9-7-06-30-26.ulg:1:7425,2026.9.7/log_26_2026-9-7-06-30-26.ulg,1,7425,51,357156947,357655963,358653837,0.4990159999999999,Sep7,Stabilized,sustained,1,0.0,False,0.1602347590066794,False,1.3270316986251498,True,0.17589758987035273,False
validation:2026.9.7/log_26_2026-9-7-06-30-26.ulg:1:7475,2026.9.7/log_26_2026-9-7-06-30-26.ulg,1,7475,51,358154851,358653837,359651766,0.498986,Sep7,Stabilized,sustained,3,0.4367887884100496,True,0.2581332553492862,True,1.489000188478542,True,0.09650139141049736,False
validation:2026.9.7/log_27_2026-9-7-06-37-24.ulg:0:25,2026.9.7/log_27_2026-9-7-06-37-24.ulg,0,25,51,83115092,83613990,84612027,0.4988979999999999,Sep7,Stabilized,sustained,1,0.11305711138260466,False,0.10235290355541017,False,0.22826557626962551,False,0.46076015588542435,True
validation:2026.9.7/log_27_2026-9-7-06-37-24.ulg:0:75,2026.9.7/log_27_2026-9-7-06-37-24.ulg,0,75,51,84113015,84612027,85609914,0.4990119999999999,Sep7,Stabilized,lower_change,0,0.12036570919163678,False,0.05968223038974473,False,0.25100822599312655,False,0.07460898876723802,False
validation:2026.9.7/log_27_2026-9-7-06-37-24.ulg:0:125,2026.9.7/log_27_2026-9-7-06-37-24.ulg,0,125,51,85110932,85609914,86607881,0.498982,Sep7,Stabilized,lower_change,0,0.0058557700676522195,False,0.056446975041394835,False,0.13507030814089116,False,0.041943197704487296,False
validation:2026.9.7/log_27_2026-9-7-06-37-24.ulg:0:175,2026.9.7/log_27_2026-9-7-06-37-24.ulg,0,175,51,86108916,86607881,87615916,0.498965,Sep7,Stabilized,lower_change,0,0.0020703273619530464,False,0.05522262003667729,False,0.2613155006715782,False,0.11178030370725539,False
validation:2026.9.7/log_27_2026-9-7-06-37-24.ulg:0:225,2026.9.7/log_27_2026-9-7-06-37-24.ulg,0,225,51,87116893,87615916,88613839,0.499023,Sep7,Stabilized,lower_change,0,0.0029278850338261097,False,0.06408698066307897,False,0.12637034511331263,False,0.09044509730253153,False
validation:2026.9.7/log_27_2026-9-7-06-37-24.ulg:0:275,2026.9.7/log_27_2026-9-7-06-37-24.ulg,0,275,51,88114806,88613839,89611800,0.499033,Sep7,Stabilized,sustained,1,0.0,False,0.09701305720140693,False,0.14252043999322614,False,0.3185431101922015,True
validation:2026.9.7/log_27_2026-9-7-06-37-24.ulg:0:325,2026.9.7/log_27_2026-9-7-06-37-24.ulg,0,325,51,89112766,89611800,90609717,0.499034,Sep7,Stabilized,sustained,1,0.0,False,0.051762852585011045,False,0.14927122234830345,False,0.22606878869666064,True
validation:2026.9.7/log_27_2026-9-7-06-37-24.ulg:0:375,2026.9.7/log_27_2026-9-7-06-37-24.ulg,0,375,51,90110768,90609717,91617647,0.498949,Sep7,Stabilized,lower_change,0,0.0046296686538658234,False,0.06360510948757916,False,0.30642838461389954,False,0.1379394429757803,False
validation:2026.9.7/log_27_2026-9-7-06-37-24.ulg:0:425,2026.9.7/log_27_2026-9-7-06-37-24.ulg,0,425,51,91108807,91617647,92615632,0.50884,Sep7,Stabilized,lower_change,0,0.017567310202956658,False,0.1071886156147604,False,0.38585185654309345,False,0.1410397817209227,False
validation:2026.9.7/log_27_2026-9-7-06-37-24.ulg:0:475,2026.9.7/log_27_2026-9-7-06-37-24.ulg,0,475,51,92116613,92615632,93613558,0.499019,Sep7,Stabilized,lower_change,0,0.0,False,0.14636696038296523,False,0.12022385453475742,False,0.053844712533745495,False
validation:2026.9.7/log_27_2026-9-7-06-37-24.ulg:0:525,2026.9.7/log_27_2026-9-7-06-37-24.ulg,0,525,51,93114647,93613558,94611517,0.498911,Sep7,Stabilized,lower_change,0,0.01207244485110994,False,0.06759505269426219,False,0.11858966035617681,False,0.09750475949128548,False
validation:2026.9.7/log_27_2026-9-7-06-37-24.ulg:0:575,2026.9.7/log_27_2026-9-7-06-37-24.ulg,0,575,51,94112609,94611517,95609503,0.4989079999999999,Sep7,Stabilized,sustained,2,0.004140654723906093,False,0.25455045639600005,True,2.147198714876897,True,0.182411519316251,False
validation:2026.9.7/log_27_2026-9-7-06-37-24.ulg:0:625,2026.9.7/log_27_2026-9-7-06-37-24.ulg,0,625,51,95110498,95609503,96607447,0.499005,Sep7,Stabilized,sustained,1,0.035559658075476876,False,0.12264172710432847,False,0.9317376937823109,True,0.1597758110926418,False
validation:2026.9.7/log_27_2026-9-7-06-37-24.ulg:0:675,2026.9.7/log_27_2026-9-7-06-37-24.ulg,0,675,51,96108481,96607447,97615404,0.4989659999999999,Sep7,Stabilized,sustained,2,0.012762354980753178,False,0.08374825004743781,False,0.8576500887633774,True,0.4514980719601724,True
validation:2026.9.7/log_27_2026-9-7-06-37-24.ulg:0:725,2026.9.7/log_27_2026-9-7-06-37-24.ulg,0,725,51,97116561,97615404,98613522,0.498843,Sep7,Stabilized,lower_change,0,0.01985788245206256,False,0.09259172508392943,False,0.16976301416507497,False,0.05335248172661385,False
validation:2026.9.7/log_27_2026-9-7-06-37-24.ulg:0:775,2026.9.7/log_27_2026-9-7-06-37-24.ulg,0,775,51,98114430,98613522,99611309,0.499092,Sep7,Stabilized,sustained,1,0.018517570868019292,False,0.14679180576397982,False,0.730417601910977,True,0.1299090556893076,False
validation:2026.9.7/log_27_2026-9-7-06-37-24.ulg:0:825,2026.9.7/log_27_2026-9-7-06-37-24.ulg,0,825,51,99112410,99611309,100609277,0.498899,Sep7,Stabilized,sustained,1,0.006866499052804569,False,0.09706113142661163,False,0.5864232535589596,True,0.14872230908540565,False
validation:2026.9.7/log_27_2026-9-7-06-37-24.ulg:2:25,2026.9.7/log_27_2026-9-7-06-37-24.ulg,2,25,51,101368127,101870807,102876151,0.50268,Sep7,Stabilized,lower_change,0,0.0,False,0.11786205852285246,False,0.18697930362592957,False,0.05336693781685574,False
validation:2026.9.7/log_27_2026-9-7-06-37-24.ulg:2:75,2026.9.7/log_27_2026-9-7-06-37-24.ulg,2,75,51,102373431,102876151,103871675,0.50272,Sep7,Stabilized,lower_change,0,0.0,False,0.1338613569443608,False,0.3039832082567865,False,0.07765126432172445,False
validation:2026.9.7/log_27_2026-9-7-06-37-24.ulg:2:125,2026.9.7/log_27_2026-9-7-06-37-24.ulg,2,125,51,103368954,103871675,104867293,0.502721,Sep7,Stabilized,lower_change,0,0.007171824358405434,False,0.0740511244077574,False,0.22921369799411445,False,0.03104152803801969,False
validation:2026.9.7/log_27_2026-9-7-06-37-24.ulg:2:175,2026.9.7/log_27_2026-9-7-06-37-24.ulg,2,175,51,104374442,104867293,105872586,0.492851,Sep7,Stabilized,sustained,1,0.0,False,0.21475126779630385,True,0.26968476672243996,False,0.1640993611975821,False
validation:2026.9.7/log_27_2026-9-7-06-37-24.ulg:2:225,2026.9.7/log_27_2026-9-7-06-37-24.ulg,2,225,51,105369903,105872586,106877949,0.502683,Sep7,Stabilized,sustained,2,0.007171824358405434,False,0.23388591059862965,True,0.9680141882839624,True,0.15563589028668012,False
validation:2026.9.7/log_27_2026-9-7-06-37-24.ulg:2:275,2026.9.7/log_27_2026-9-7-06-37-24.ulg,2,275,51,106375257,106877949,107873513,0.502692,Sep7,Stabilized,sustained,1,0.007464671460517801,False,0.21828317397898211,True,0.3893475402726496,False,0.06619496882629507,False
validation:2026.9.7/log_27_2026-9-7-06-37-24.ulg:2:325,2026.9.7/log_27_2026-9-7-06-37-24.ulg,2,325,51,107370806,107873513,108869008,0.502707,Sep7,Stabilized,lower_change,0,0.07441771820389008,False,0.15483762393517625,False,0.35196920313805385,False,0.17798934113055975,False
validation:2026.9.7/log_27_2026-9-7-06-37-24.ulg:2:375,2026.9.7/log_27_2026-9-7-06-37-24.ulg,2,375,51,108376173,108869008,109874402,0.4928349999999999,Sep7,Stabilized,lower_change,0,0.0035861259189761694,False,0.07245201370555351,False,0.17797274291952292,False,0.17660726152493253,False
validation:2026.9.7/log_27_2026-9-7-06-37-24.ulg:2:425,2026.9.7/log_27_2026-9-7-06-37-24.ulg,2,425,51,109371798,109874402,110869924,0.5026039999999999,Sep7,Stabilized,sustained,1,0.0,False,0.11657559583369978,False,0.15674531927741428,False,0.2471672164501885,True
validation:2026.9.7/log_27_2026-9-7-06-37-24.ulg:2:475,2026.9.7/log_27_2026-9-7-06-37-24.ulg,2,475,51,110377110,110869924,111875303,0.492814,Sep7,Stabilized,lower_change,0,0.0,False,0.1104486886169614,False,0.26709870549825565,False,0.1564082656406606,False
validation:2026.9.7/log_27_2026-9-7-06-37-24.ulg:2:525,2026.9.7/log_27_2026-9-7-06-37-24.ulg,2,525,51,111372613,111875303,112870841,0.50269,Sep7,Stabilized,lower_change,0,0.0,False,0.13716209806739038,False,0.17341346934010995,False,0.1351065609775747,False
validation:2026.9.7/log_27_2026-9-7-06-37-24.ulg:2:575,2026.9.7/log_27_2026-9-7-06-37-24.ulg,2,575,51,112368139,112870841,113876285,0.502702,Sep7,Stabilized,sustained,1,0.005855770067652219,False,0.2021196423789991,True,0.1774438147983968,False,0.05024907487774599,False
validation:2026.9.7/log_27_2026-9-7-06-37-24.ulg:2:625,2026.9.7/log_27_2026-9-7-06-37-24.ulg,2,625,51,113373622,113876285,114871782,0.502663,Sep7,Stabilized,lower_change,0,0.0,False,0.11105107289603378,False,0.16379958317635365,False,0.03969677536748539,False
validation:2026.9.7/log_27_2026-9-7-06-37-24.ulg:2:675,2026.9.7/log_27_2026-9-7-06-37-24.ulg,2,675,51,114378917,114871782,115877138,0.492865,Sep7,Stabilized,lower_change,0,0.004140654723906093,False,0.061430124480966984,False,0.191980243361891,False,0.08050843947801994,False
validation:2026.9.7/log_27_2026-9-7-06-37-24.ulg:2:725,2026.9.7/log_27_2026-9-7-06-37-24.ulg,2,725,51,115374476,115877138,116872693,0.5026619999999999,Sep7,Stabilized,lower_change,0,0.005071245637307343,False,0.17015441078897178,False,0.17266263694344372,False,0.1074080416139031,False
validation:2026.9.7/log_27_2026-9-7-06-37-24.ulg:2:775,2026.9.7/log_27_2026-9-7-06-37-24.ulg,2,775,51,116370009,116872693,117878053,0.502684,Sep7,Stabilized,lower_change,0,0.0,False,0.06988309644563043,False,0.19692087225900493,False,0.08084880361984381,False
validation:2026.9.7/log_27_2026-9-7-06-37-24.ulg:2:825,2026.9.7/log_27_2026-9-7-06-37-24.ulg,2,825,51,117375436,117878053,118873579,0.502617,Sep7,Stabilized,sustained,1,0.009929533044665486,False,0.18234500131506556,True,0.2867385676242109,False,0.10717638224419875,False
validation:2026.9.7/log_27_2026-9-7-06-37-24.ulg:2:875,2026.9.7/log_27_2026-9-7-06-37-24.ulg,2,875,51,118370913,118873579,119869098,0.502666,Sep7,Stabilized,lower_change,0,0.007465116395336931,False,0.09012117894701267,False,0.15692393106643696,False,0.07557486350601836,False
validation:2026.9.7/log_27_2026-9-7-06-37-24.ulg:2:925,2026.9.7/log_27_2026-9-7-06-37-24.ulg,2,925,51,119376325,119869098,120874569,0.4927729999999999,Sep7,Stabilized,lower_change,0,0.007746917397574716,False,0.13145247066304816,False,0.16952578577633942,False,0.13709739087497205,False
validation:2026.9.7/log_27_2026-9-7-06-37-24.ulg:2:975,2026.9.7/log_27_2026-9-7-06-37-24.ulg,2,975,51,120371845,120874569,121870013,0.502724,Sep7,Stabilized,lower_change,0,0.005071547910993777,False,0.10464617435145393,False,0.1393960713009096,False,0.057075903485674796,False
validation:2026.9.7/log_27_2026-9-7-06-37-24.ulg:2:1025,2026.9.7/log_27_2026-9-7-06-37-24.ulg,2,1025,51,121377332,121870013,122875398,0.492681,Sep7,Stabilized,lower_change,0,0.0020704507646687855,False,0.1043777046703816,False,0.3184920857394304,False,0.06495978019433002,False
validation:2026.9.7/log_27_2026-9-7-06-37-24.ulg:2:1075,2026.9.7/log_27_2026-9-7-06-37-24.ulg,2,1075,51,122372822,122875398,123870941,0.502576,Sep7,Stabilized,sustained,2,0.005856119103240683,False,0.08981335490775622,False,0.7535970721829612,True,0.63964585865373,True
validation:2026.9.7/log_27_2026-9-7-06-37-24.ulg:2:1125,2026.9.7/log_27_2026-9-7-06-37-24.ulg,2,1125,51,123368269,123870941,124876340,0.502672,Sep7,Stabilized,lower_change,0,0.0,False,0.07096969138319946,False,0.2168252300870717,False,0.03831066643168421,False
validation:2026.9.7/log_27_2026-9-7-06-37-24.ulg:2:1175,2026.9.7/log_27_2026-9-7-06-37-24.ulg,2,1175,51,124373643,124876340,125871860,0.502697,Sep7,Stabilized,lower_change,0,0.0,False,0.09385600625228192,False,0.2632587715735064,False,0.10482134288459927,False
validation:2026.9.7/log_27_2026-9-7-06-37-24.ulg:2:1225,2026.9.7/log_27_2026-9-7-06-37-24.ulg,2,1225,51,125369235,125871860,126877255,0.502625,Sep7,Stabilized,lower_change,0,0.0,False,0.06124586277759342,False,0.20579356313939143,False,0.08745298777465865,False
validation:2026.9.7/log_27_2026-9-7-06-37-24.ulg:2:1275,2026.9.7/log_27_2026-9-7-06-37-24.ulg,2,1275,51,126374572,126877255,127872809,0.502683,Sep7,Stabilized,lower_change,0,0.0,False,0.08802199355426131,False,0.14439530382599758,False,0.026292801431445082,False
validation:2026.9.7/log_27_2026-9-7-06-37-24.ulg:2:1325,2026.9.7/log_27_2026-9-7-06-37-24.ulg,2,1325,51,127370057,127872809,128868283,0.502752,Sep7,Stabilized,lower_change,0,0.0,False,0.07960224592995858,False,0.3197620482414678,False,0.03978088141188366,False
validation:2026.9.7/log_27_2026-9-7-06-37-24.ulg:2:1375,2026.9.7/log_27_2026-9-7-06-37-24.ulg,2,1375,51,128375449,128868283,129873683,0.492834,Sep7,Stabilized,lower_change,0,0.0020703273619530464,False,0.11171394494311476,False,0.18225766850677302,False,0.05026034326701331,False
validation:2026.9.7/log_27_2026-9-7-06-37-24.ulg:2:1425,2026.9.7/log_27_2026-9-7-06-37-24.ulg,2,1425,51,129371042,129873683,130869218,0.502641,Sep7,Stabilized,sustained,1,0.0,False,0.09808361313339962,False,1.2080636857599663,True,0.07200215027690927,False
validation:2026.9.7/log_27_2026-9-7-06-37-24.ulg:2:1475,2026.9.7/log_27_2026-9-7-06-37-24.ulg,2,1475,51,130376348,130869218,131874571,0.49287,Sep7,Stabilized,lower_change,0,0.0,False,0.14761128649005262,False,0.35102172269439497,False,0.07722525789020768,False
validation:2026.9.7/log_27_2026-9-7-06-37-24.ulg:2:1525,2026.9.7/log_27_2026-9-7-06-37-24.ulg,2,1525,51,131371918,131874571,132870114,0.502653,Sep7,Stabilized,lower_change,0,0.0020703273619530464,False,0.07150559456884681,False,0.18219131881798373,False,0.12147220008940428,False
validation:2026.9.7/log_27_2026-9-7-06-37-24.ulg:2:1575,2026.9.7/log_27_2026-9-7-06-37-24.ulg,2,1575,51,132367508,132870114,133875498,0.502606,Sep7,Stabilized,lower_change,0,0.005855770067652219,False,0.06615997850525787,False,0.2088100302493738,False,0.09294907713816004,False
validation:2026.9.7/log_27_2026-9-7-06-37-24.ulg:2:1625,2026.9.7/log_27_2026-9-7-06-37-24.ulg,2,1625,51,133372864,133875498,134871033,0.502634,Sep7,Stabilized,lower_change,0,0.009710696086498232,False,0.06595912578106096,False,0.17339455128296688,False,0.08981831975783564,False
validation:2026.9.7/log_27_2026-9-7-06-37-24.ulg:2:1675,2026.9.7/log_27_2026-9-7-06-37-24.ulg,2,1675,51,134368334,134871033,135866565,0.502699,Sep7,Stabilized,lower_change,0,0.0020704507646687855,False,0.10768821767758884,False,0.3160358158054421,False,0.03761777286053513,False
validation:2026.9.7/log_27_2026-9-7-06-37-24.ulg:2:1725,2026.9.7/log_27_2026-9-7-06-37-24.ulg,2,1725,51,135373726,135866565,136871916,0.4928389999999999,Sep7,Stabilized,lower_change,0,0.005477897825117123,False,0.06398599963273047,False,0.1853349719908755,False,0.0582824694405081,False
validation:2026.9.7/log_27_2026-9-7-06-37-24.ulg:2:1775,2026.9.7/log_27_2026-9-7-06-37-24.ulg,2,1775,51,136369229,136871916,137877315,0.502687,Sep7,Stabilized,lower_change,0,0.0020704507646687855,False,0.1516956541688777,False,0.1403068072694212,False,0.03169102009360538,False
validation:2026.9.7/log_27_2026-9-7-06-37-24.ulg:2:1825,2026.9.7/log_27_2026-9-7-06-37-24.ulg,2,1825,51,137374729,137877315,138872870,0.502586,Sep7,Stabilized,lower_change,0,0.0020704507646687855,False,0.08185761151520872,False,0.2206656514389971,False,0.043335097635609866,False
validation:2026.9.7/log_27_2026-9-7-06-37-24.ulg:2:1875,2026.9.7/log_27_2026-9-7-06-37-24.ulg,2,1875,51,138370195,138872870,139868322,0.502675,Sep7,Stabilized,lower_change,0,0.0,False,0.06135966292543868,False,0.28960424979990984,False,0.03448310740923203,False
validation:2026.9.7/log_27_2026-9-7-06-37-24.ulg:2:1925,2026.9.7/log_27_2026-9-7-06-37-24.ulg,2,1925,51,139375492,139868322,140873718,0.49283,Sep7,Stabilized,lower_change,0,0.004140901529337571,False,0.077802275867777,False,0.17131395620219442,False,0.03239510450311002,False
validation:2026.9.7/log_27_2026-9-7-06-37-24.ulg:2:1975,2026.9.7/log_27_2026-9-7-06-37-24.ulg,2,1975,51,140371067,140873718,141869295,0.502651,Sep7,Stabilized,lower_change,0,0.00948799735177391,False,0.07349826546492863,False,0.20676883568948098,False,0.035571812080688485,False
validation:2026.9.7/log_27_2026-9-7-06-37-24.ulg:2:2025,2026.9.7/log_27_2026-9-7-06-37-24.ulg,2,2025,51,141376473,141869295,142874670,0.492822,Sep7,Stabilized,lower_change,0,0.005856119103240683,False,0.10686101383357521,False,0.15273147238366913,False,0.030976505064735597,False
validation:2026.9.7/log_27_2026-9-7-06-37-24.ulg:2:2075,2026.9.7/log_27_2026-9-7-06-37-24.ulg,2,2075,51,142371934,142874670,143870126,0.502736,Sep7,Stabilized,lower_change,0,0.0020704507646687855,False,0.10544517742136421,False,0.4380410228313958,False,0.10143986675218719,False
validation:2026.9.7/log_27_2026-9-7-06-37-24.ulg:2:2125,2026.9.7/log_27_2026-9-7-06-37-24.ulg,2,2125,51,143367485,143870126,144875543,0.502641,Sep7,Stabilized,lower_change,0,0.0,False,0.10893119019157364,False,0.3259474630635167,False,0.06781905972120626,False
validation:2026.9.7/log_27_2026-9-7-06-37-24.ulg:2:2175,2026.9.7/log_27_2026-9-7-06-37-24.ulg,2,2175,51,144372844,144875543,145871144,0.502699,Sep7,Stabilized,lower_change,0,0.0,False,0.07581078009985089,False,0.17678455758687153,False,0.08156095431059822,False
validation:2026.9.7/log_27_2026-9-7-06-37-24.ulg:2:2225,2026.9.7/log_27_2026-9-7-06-37-24.ulg,2,2225,51,145378339,145871144,146876469,0.492805,Sep7,Stabilized,sustained,1,0.010142491274614685,False,0.1838558342300369,True,0.18358485573474242,False,0.06996227821430485,False
validation:2026.9.7/log_27_2026-9-7-06-37-24.ulg:2:2275,2026.9.7/log_27_2026-9-7-06-37-24.ulg,2,2275,51,146373724,146876469,147871943,0.502745,Sep7,Stabilized,lower_change,0,0.0020703273619530464,False,0.10733876601640553,False,0.2649237217775776,False,0.12173566068164883,False
validation:2026.9.7/log_27_2026-9-7-06-37-24.ulg:2:2325,2026.9.7/log_27_2026-9-7-06-37-24.ulg,2,2325,51,147369239,147871943,148877313,0.5027039999999999,Sep7,Stabilized,lower_change,0,0.010142491274614685,False,0.11007683834935343,False,0.23458740270989928,False,0.06596455074956024,False
validation:2026.9.7/log_27_2026-9-7-06-37-24.ulg:2:2375,2026.9.7/log_27_2026-9-7-06-37-24.ulg,2,2375,51,148374661,148877313,149872880,0.502652,Sep7,Stabilized,lower_change,0,0.0020703273619530464,False,0.061720555969603345,False,0.20390707524164237,False,0.11701382442274498,False
validation:2026.9.7/log_27_2026-9-7-06-37-24.ulg:2:2425,2026.9.7/log_27_2026-9-7-06-37-24.ulg,2,2425,51,149370159,149872880,150868347,0.502721,Sep7,Stabilized,lower_change,0,0.0,False,0.07153658456115293,False,0.28211410680870946,False,0.06444673625141518,False
validation:2026.9.7/log_27_2026-9-7-06-37-24.ulg:2:2475,2026.9.7/log_27_2026-9-7-06-37-24.ulg,2,2475,51,150375522,150868347,151873686,0.4928249999999999,Sep7,Stabilized,sustained,2,0.0,False,0.08006323739862552,False,1.272017825523926,True,0.828824013950908,True
validation:2026.9.7/log_27_2026-9-7-06-37-24.ulg:2:2525,2026.9.7/log_27_2026-9-7-06-37-24.ulg,2,2525,51,151371058,151873686,152879078,0.502628,Sep7,Stabilized,sustained,2,0.0029280595516203416,False,0.13862544407588367,False,0.5184913859258315,True,0.23811210686479958,True
validation:2026.9.7/log_27_2026-9-7-06-37-24.ulg:2:2575,2026.9.7/log_27_2026-9-7-06-37-24.ulg,2,2575,51,152376415,152879078,153874661,0.502663,Sep7,Stabilized,lower_change,0,0.0020703273619530464,False,0.1534116341597882,False,0.15436777403269275,False,0.02874732448596548,False
validation:2026.9.7/log_27_2026-9-7-06-37-24.ulg:2:2625,2026.9.7/log_27_2026-9-7-06-37-24.ulg,2,2625,51,153372009,153874661,154870144,0.502652,Sep7,Stabilized,lower_change,0,0.0020704507646687855,False,0.10287565443164415,False,0.19532616743507056,False,0.06306062250817661,False
validation:2026.9.7/log_27_2026-9-7-06-37-24.ulg:2:2675,2026.9.7/log_27_2026-9-7-06-37-24.ulg,2,2675,51,154367432,154870144,155875461,0.5027119999999999,Sep7,Stabilized,lower_change,0,0.0029278850338261097,False,0.06952354997343839,False,0.2990722987508998,False,0.22326461903080358,False
validation:2026.9.7/log_27_2026-9-7-06-37-24.ulg:2:2725,2026.9.7/log_27_2026-9-7-06-37-24.ulg,2,2725,51,155372795,155875461,156871019,0.502666,Sep7,Stabilized,lower_change,0,0.0,False,0.09904622426694637,False,0.2918119705584512,False,0.05451790391461194,False
validation:2026.9.7/log_27_2026-9-7-06-37-24.ulg:2:2775,2026.9.7/log_27_2026-9-7-06-37-24.ulg,2,2775,51,156378159,156871019,157876345,0.4928599999999999,Sep7,Stabilized,lower_change,0,0.0,False,0.09938869266854883,False,0.17971538487946212,False,0.05087103322757614,False
validation:2026.9.7/log_27_2026-9-7-06-37-24.ulg:2:2825,2026.9.7/log_27_2026-9-7-06-37-24.ulg,2,2825,51,157373795,157876345,158871872,0.5025499999999999,Sep7,Stabilized,lower_change,0,0.007171824358405433,False,0.11656531360406283,False,0.1720192924626407,False,0.02795319181637059,False
validation:2026.9.7/log_27_2026-9-7-06-37-24.ulg:2:2875,2026.9.7/log_27_2026-9-7-06-37-24.ulg,2,2875,51,158369169,158871872,159877214,0.502703,Sep7,Stabilized,sustained,1,0.010142491274614685,False,0.3344796719917338,True,0.22884233465181583,False,0.042069565308009926,False
validation:2026.9.7/log_27_2026-9-7-06-37-24.ulg:2:2925,2026.9.7/log_27_2026-9-7-06-37-24.ulg,2,2925,51,159374538,159877214,160872730,0.502676,Sep7,Stabilized,lower_change,0,0.0,False,0.06433851982498598,False,0.21721789512844422,False,0.027784266784172354,False
validation:2026.9.7/log_27_2026-9-7-06-37-24.ulg:2:2975,2026.9.7/log_27_2026-9-7-06-37-24.ulg,2,2975,51,160370065,160872730,161868229,0.502665,Sep7,Stabilized,lower_change,0,0.0,False,0.11528613888712352,False,0.29783567752436085,False,0.08468408508936014,False
validation:2026.9.7/log_27_2026-9-7-06-37-24.ulg:2:3025,2026.9.7/log_27_2026-9-7-06-37-24.ulg,2,3025,51,161375574,161868229,162873696,0.4926549999999999,Sep7,Stabilized,lower_change,0,0.0,False,0.0693268868787237,False,0.28715287363465725,False,0.06665207700156883,False
validation:2026.9.7/log_27_2026-9-7-06-37-24.ulg:2:3075,2026.9.7/log_27_2026-9-7-06-37-24.ulg,2,3075,51,162370954,162873696,163869205,0.502742,Sep7,Stabilized,sustained,3,0.0,False,0.2376196248465679,True,0.9592266179917336,True,0.28558248631473193,True
validation:2026.9.7/log_27_2026-9-7-06-37-24.ulg:2:3125,2026.9.7/log_27_2026-9-7-06-37-24.ulg,2,3125,51,163376385,163869205,164874522,0.49282,Sep7,Stabilized,lower_change,0,0.0,False,0.08580513769826763,False,0.3781698180808453,False,0.20886326802370198,False
validation:2026.9.7/log_27_2026-9-7-06-37-24.ulg:2:3175,2026.9.7/log_27_2026-9-7-06-37-24.ulg,2,3175,51,164371842,164874522,165869976,0.50268,Sep7,Stabilized,sustained,1,0.0,False,0.06452546261625779,False,0.3329552872240818,False,0.3300799164724478,True
validation:2026.9.7/log_27_2026-9-7-06-37-24.ulg:2:3225,2026.9.7/log_27_2026-9-7-06-37-24.ulg,2,3225,51,165377314,165869976,166875369,0.492662,Sep7,Stabilized,lower_change,0,0.0,False,0.09252430967380286,False,0.4362145171947636,False,0.19101077118099827,False
validation:2026.9.7/log_27_2026-9-7-06-37-24.ulg:2:3275,2026.9.7/log_27_2026-9-7-06-37-24.ulg,2,3275,51,166372727,166875369,167870878,0.5026419999999999,Sep7,Stabilized,lower_change,0,0.0,False,0.08145505569759791,False,0.1926273035515365,False,0.01839271667040132,False
validation:2026.9.7/log_27_2026-9-7-06-37-24.ulg:2:3325,2026.9.7/log_27_2026-9-7-06-37-24.ulg,2,3325,51,167368159,167870878,168876241,0.502719,Sep7,Stabilized,lower_change,0,0.0,False,0.07832570898029631,False,0.22870485940159674,False,0.04132517347606066,False
validation:2026.9.7/log_27_2026-9-7-06-37-24.ulg:2:3375,2026.9.7/log_27_2026-9-7-06-37-24.ulg,2,3375,51,168373580,168876241,169871759,0.502661,Sep7,Stabilized,lower_change,0,0.0,False,0.1063268476371098,False,0.32602996134728207,False,0.055437810090661364,False
validation:2026.9.7/log_27_2026-9-7-06-37-24.ulg:2:3425,2026.9.7/log_27_2026-9-7-06-37-24.ulg,2,3425,51,169369275,169871759,170867254,0.5024839999999999,Sep7,Stabilized,lower_change,0,0.0,False,0.10549319344878229,False,0.2530850131222354,False,0.07203263091660717,False
validation:2026.9.7/log_27_2026-9-7-06-37-24.ulg:2:3475,2026.9.7/log_27_2026-9-7-06-37-24.ulg,2,3475,51,170374494,170867254,171872630,0.49276,Sep7,Stabilized,lower_change,0,0.0,False,0.07809176606037456,False,0.3386758458307978,False,0.11975615757585163,False
validation:2026.9.7/log_27_2026-9-7-06-37-24.ulg:2:3525,2026.9.7/log_27_2026-9-7-06-37-24.ulg,2,3525,51,171369958,171872630,172877942,0.502672,Sep7,Stabilized,lower_change,0,0.0,False,0.11063168567855045,False,0.3830613463280171,False,0.15378870650235693,False
validation:2026.9.7/log_27_2026-9-7-06-37-24.ulg:2:3575,2026.9.7/log_27_2026-9-7-06-37-24.ulg,2,3575,51,172375285,172877942,173873446,0.502657,Sep7,Stabilized,lower_change,0,0.0,False,0.06380200165717306,False,0.26784119321854666,False,0.04611575317613164,False
validation:2026.9.7/log_27_2026-9-7-06-37-24.ulg:2:3625,2026.9.7/log_27_2026-9-7-06-37-24.ulg,2,3625,51,173370856,173873446,174868946,0.50259,Sep7,Stabilized,lower_change,0,0.0,False,0.08272291525504812,False,0.4767386438154174,False,0.17008441229134943,False
validation:2026.9.7/log_27_2026-9-7-06-37-24.ulg:2:3675,2026.9.7/log_27_2026-9-7-06-37-24.ulg,2,3675,51,174376213,174868946,175874306,0.492733,Sep7,Stabilized,lower_change,0,0.0,False,0.09535192854158832,False,0.27078507251468453,False,0.09448056350242984,False
validation:2026.9.7/log_27_2026-9-7-06-37-24.ulg:2:3725,2026.9.7/log_27_2026-9-7-06-37-24.ulg,2,3725,51,175371660,175874306,176869793,0.5026459999999999,Sep7,Stabilized,lower_change,0,0.0,False,0.06801681172502894,False,0.27219162301171496,False,0.07500781916132722,False
validation:2026.9.7/log_27_2026-9-7-06-37-24.ulg:2:3775,2026.9.7/log_27_2026-9-7-06-37-24.ulg,2,3775,51,176377081,176869793,177875201,0.492712,Sep7,Stabilized,lower_change,0,0.0,False,0.15479076702771488,False,0.3813752786222974,False,0.09640628782424077,False
validation:2026.9.7/log_27_2026-9-7-06-37-24.ulg:2:3825,2026.9.7/log_27_2026-9-7-06-37-24.ulg,2,3825,51,177372612,177875201,178870656,0.502589,Sep7,Stabilized,lower_change,0,0.0,False,0.06407177743984727,False,0.33659903227041227,False,0.1626458651171325,False
validation:2026.9.7/log_27_2026-9-7-06-37-24.ulg:2:3875,2026.9.7/log_27_2026-9-7-06-37-24.ulg,2,3875,51,178367972,178870656,179876028,0.502684,Sep7,Stabilized,lower_change,0,0.0,False,0.13162652151085746,False,0.41160996997372207,False,0.08971096248786478,False
validation:2026.9.7/log_27_2026-9-7-06-37-24.ulg:2:3925,2026.9.7/log_27_2026-9-7-06-37-24.ulg,2,3925,51,179373476,179876028,180871543,0.502552,Sep7,Stabilized,lower_change,0,0.0,False,0.11113490946529545,False,0.18138986424191714,False,0.09349691610405424,False
validation:2026.9.7/log_27_2026-9-7-06-37-24.ulg:2:3975,2026.9.7/log_27_2026-9-7-06-37-24.ulg,2,3975,51,180368861,180871543,181867031,0.502682,Sep7,Stabilized,sustained,2,0.0,False,0.0866458232019855,False,1.0562231543078582,True,0.5194766602862194,True
validation:2026.9.7/log_27_2026-9-7-06-37-24.ulg:2:4025,2026.9.7/log_27_2026-9-7-06-37-24.ulg,2,4025,51,181374371,181867031,182872379,0.49266,Sep7,Stabilized,lower_change,0,0.0,False,0.08858101766077668,False,0.15236910611808768,False,0.041350044469242384,False
validation:2026.9.7/log_27_2026-9-7-06-37-24.ulg:2:4075,2026.9.7/log_27_2026-9-7-06-37-24.ulg,2,4075,51,182369689,182872379,183877793,0.50269,Sep7,Stabilized,lower_change,0,0.0058557700676522195,False,0.15968752404301614,False,0.3087790694387848,False,0.07916406546549529,False
validation:2026.9.7/log_27_2026-9-7-06-37-24.ulg:2:4125,2026.9.7/log_27_2026-9-7-06-37-24.ulg,2,4125,51,183375132,183877793,184873218,0.502661,Sep7,Stabilized,lower_change,0,0.014343648716810866,False,0.0950947924623608,False,0.21272894647746676,False,0.07396711516224977,False
validation:2026.9.7/log_27_2026-9-7-06-37-24.ulg:2:4175,2026.9.7/log_27_2026-9-7-06-37-24.ulg,2,4175,51,184370566,184873218,185868723,0.502652,Sep7,Stabilized,sustained,1,0.013732998105609137,False,0.1300575938894288,False,0.5883553044038009,True,0.16478793416123147,False
validation:2026.9.7/log_27_2026-9-7-06-37-24.ulg:2:4225,2026.9.7/log_27_2026-9-7-06-37-24.ulg,2,4225,51,185376227,185868723,186874146,0.492496,Sep7,Stabilized,lower_change,0,0.012421964171718276,False,0.1072044176155855,False,0.21740462176427156,False,0.0963466819807247,False
validation:2026.9.7/log_27_2026-9-7-06-37-24.ulg:2:4275,2026.9.7/log_27_2026-9-7-06-37-24.ulg,2,4275,51,186371457,186874146,187869573,0.5026889999999999,Sep7,Stabilized,lower_change,0,0.004140654723906093,False,0.06937100243972025,False,0.14801610780385446,False,0.0915756846282877,False
validation:2026.9.7/log_27_2026-9-7-06-37-24.ulg:2:4325,2026.9.7/log_27_2026-9-7-06-37-24.ulg,2,4325,51,187376915,187869573,188874964,0.492658,Sep7,Stabilized,lower_change,0,0.007171824358405434,False,0.122128452086448,False,0.2671128724550377,False,0.17970817346656756,False
validation:2026.9.7/log_27_2026-9-7-06-37-24.ulg:2:4375,2026.9.7/log_27_2026-9-7-06-37-24.ulg,2,4375,51,188372351,188874964,189870477,0.502613,Sep7,Stabilized,lower_change,0,0.0058557700676522195,False,0.058057036744531554,False,0.17018373071186807,False,0.16898380849244,False
validation:2026.9.7/log_27_2026-9-7-06-37-24.ulg:2:4425,2026.9.7/log_27_2026-9-7-06-37-24.ulg,2,4425,51,189367879,189870477,190875763,0.502598,Sep7,Stabilized,lower_change,0,0.0058557700676522195,False,0.059904935688060566,False,0.4824938232546758,False,0.06840936756925838,False
validation:2026.9.7/log_27_2026-9-7-06-37-24.ulg:2:4475,2026.9.7/log_27_2026-9-7-06-37-24.ulg,2,4475,51,190373142,190875763,191871282,0.502621,Sep7,Stabilized,sustained,2,0.0,False,0.09414862582238875,False,0.7142790333985807,True,0.43840937388334156,True
validation:2026.9.7/log_27_2026-9-7-06-37-24.ulg:2:4525,2026.9.7/log_27_2026-9-7-06-37-24.ulg,2,4525,51,191378542,191871282,192876652,0.4927399999999999,Sep7,Stabilized,sustained,1,0.0,False,0.2001981677085846,True,0.2829775058178891,False,0.06799904588098447,False
validation:2026.9.7/log_27_2026-9-7-06-37-24.ulg:2:4575,2026.9.7/log_27_2026-9-7-06-37-24.ulg,2,4575,51,192374001,192876652,193872146,0.502651,Sep7,Stabilized,lower_change,0,0.0,False,0.1052876799978482,False,0.26773659506502995,False,0.07780897558012827,False
validation:2026.9.7/log_27_2026-9-7-06-37-24.ulg:2:4625,2026.9.7/log_27_2026-9-7-06-37-24.ulg,2,4625,51,193369686,193872146,194877499,0.50246,Sep7,Stabilized,sustained,1,0.010142491274614685,False,0.06984221759992969,False,0.5145314474617925,True,0.03212375771844485,False
validation:2026.9.7/log_27_2026-9-7-06-37-24.ulg:2:4675,2026.9.7/log_27_2026-9-7-06-37-24.ulg,2,4675,51,194374913,194877499,195873022,0.502586,Sep7,Stabilized,sustained,1,0.0020703273619530464,False,0.049334469593652494,False,0.5377342514093344,True,0.13428479500255322,False
validation:2026.9.7/log_27_2026-9-7-06-37-24.ulg:2:4725,2026.9.7/log_27_2026-9-7-06-37-24.ulg,2,4725,51,195370377,195873022,196868439,0.502645,Sep7,Stabilized,lower_change,0,0.006866647882684388,False,0.07711102925024783,False,0.2032174519512201,False,0.0458584547521854,False
validation:2026.9.7/log_27_2026-9-7-06-37-24.ulg:2:4775,2026.9.7/log_27_2026-9-7-06-37-24.ulg,2,4775,51,196375643,196868439,197873772,0.4927959999999999,Sep7,Stabilized,sustained,1,0.016432900564361152,False,0.21413890971343666,True,0.18162409429057777,False,0.13304056203260026,False
validation:2026.9.7/log_27_2026-9-7-06-37-24.ulg:2:4825,2026.9.7/log_27_2026-9-7-06-37-24.ulg,2,4825,51,197371480,197873772,198869290,0.502292,Sep7,Stabilized,sustained,1,0.0029280595516203416,False,0.2513120267152132,True,0.20050358806672605,False,0.13610304916451396,False
validation:2026.9.7/log_27_2026-9-7-06-37-24.ulg:2:4875,2026.9.7/log_27_2026-9-7-06-37-24.ulg,2,4875,51,198376504,198869290,199874681,0.492786,Sep7,Stabilized,lower_change,0,0.0,False,0.106868908226162,False,0.1854855778210349,False,0.08262810685412905,False
validation:2026.9.7/log_27_2026-9-7-06-37-24.ulg:2:4925,2026.9.7/log_27_2026-9-7-06-37-24.ulg,2,4925,51,199372095,199874681,200870123,0.502586,Sep7,Stabilized,mixed_change,2,0.008784178654861025,False,0.35046202660477277,True,0.5958777971666626,True,0.057110017066272244,False
validation:2026.9.7/log_27_2026-9-7-06-37-24.ulg:2:4975,2026.9.7/log_27_2026-9-7-06-37-24.ulg,2,4975,51,200377354,200870123,201875497,0.4927689999999999,Sep7,Stabilized,lower_change,0,0.008784178654861025,False,0.06731962474497484,False,0.20815081069536345,False,0.0705649791329839,False
validation:2026.9.7/log_27_2026-9-7-06-37-24.ulg:2:5025,2026.9.7/log_27_2026-9-7-06-37-24.ulg,2,5025,51,201373111,201875497,202870997,0.502386,Sep7,Stabilized,lower_change,0,0.012248659887505717,False,0.14798018326681828,False,0.39342748424609114,False,0.07998006182852448,False
validation:2026.9.7/log_27_2026-9-7-06-37-24.ulg:2:5075,2026.9.7/log_27_2026-9-7-06-37-24.ulg,2,5075,51,202368278,202870997,203876311,0.502719,Sep7,Stabilized,sustained,1,0.06950314364212554,False,0.15863706656358986,False,0.5114030427730001,True,0.16325165563588143,False
validation:2026.9.7/log_27_2026-9-7-06-37-24.ulg:2:5125,2026.9.7/log_27_2026-9-7-06-37-24.ulg,2,5125,51,203373672,203876311,204871811,0.502639,Sep7,Stabilized,lower_change,0,0.0,False,0.07936351893300639,False,0.3463254969194149,False,0.20722595516564915,False
validation:2026.9.7/log_27_2026-9-7-06-37-24.ulg:2:5175,2026.9.7/log_27_2026-9-7-06-37-24.ulg,2,5175,51,204369155,204871811,205867297,0.502656,Sep7,Stabilized,lower_change,0,0.0,False,0.17043153942628114,False,0.4913337840398818,False,0.21395574592715402,False
validation:2026.9.7/log_27_2026-9-7-06-37-24.ulg:2:5225,2026.9.7/log_27_2026-9-7-06-37-24.ulg,2,5225,51,205374727,205867297,206872595,0.4925699999999999,Sep7,Stabilized,lower_change,0,0.0029278850338261097,False,0.12790903815195198,False,0.32333480444558643,False,0.07032758482128457,False
validation:2026.9.7/log_27_2026-9-7-06-37-24.ulg:2:5275,2026.9.7/log_27_2026-9-7-06-37-24.ulg,2,5275,51,206369944,206872595,207877929,0.502651,Sep7,Stabilized,mixed_change,2,0.12300773370801676,False,0.205444487421307,True,0.7470598229717833,True,0.2129187074656376,False
validation:2026.9.7/log_27_2026-9-7-06-37-24.ulg:2:5325,2026.9.7/log_27_2026-9-7-06-37-24.ulg,2,5325,51,207375470,207877929,208873407,0.502459,Sep7,Stabilized,mixed_change,1,0.016562618895624368,False,0.11261567435875351,False,0.6028780698752265,True,0.15140646000229277,False
validation:2026.9.7/log_27_2026-9-7-06-37-24.ulg:2:5375,2026.9.7/log_27_2026-9-7-06-37-24.ulg,2,5375,51,208370763,208873407,209868892,0.502644,Sep7,Stabilized,lower_change,0,0.017072356785877547,False,0.14126287185055034,False,0.10051306683108535,False,0.045212877802827435,False
validation:2026.9.7/log_27_2026-9-7-06-37-24.ulg:2:5425,2026.9.7/log_27_2026-9-7-06-37-24.ulg,2,5425,51,209376381,209868892,210874290,0.492511,Sep7,Stabilized,lower_change,0,0.032669754332667514,False,0.07660287025641131,False,0.17193760501220254,False,0.06324600868491036,False
validation:2026.9.7/log_27_2026-9-7-06-37-24.ulg:2:5475,2026.9.7/log_27_2026-9-7-06-37-24.ulg,2,5475,51,210371707,210874290,211869721,0.502583,Sep7,Stabilized,lower_change,0,0.052945981316048246,False,0.09820898910949029,False,0.20588493469560853,False,0.09380364664363723,False
validation:2026.9.7/log_27_2026-9-7-06-37-24.ulg:2:5525,2026.9.7/log_27_2026-9-7-06-37-24.ulg,2,5525,51,211377016,211869721,212875056,0.492705,Sep7,Stabilized,sustained,1,0.047797539463251645,False,0.3564071785847295,True,0.18042861468711374,False,0.14460049704700975,False
validation:2026.9.7/log_27_2026-9-7-06-37-24.ulg:2:5575,2026.9.7/log_27_2026-9-7-06-37-24.ulg,2,5575,51,212372550,212875056,213870589,0.502506,Sep7,Stabilized,lower_change,0,0.03597863116828972,False,0.07083215256350568,False,0.1331328776289471,False,0.07482352595928364,False
validation:2026.9.7/log_27_2026-9-7-06-37-24.ulg:2:5625,2026.9.7/log_27_2026-9-7-06-37-24.ulg,2,5625,51,213368232,213870589,214875886,0.5023569999999999,Sep7,Stabilized,lower_change,0,0.0,False,0.06452840448781726,False,0.27362846382659106,False,0.030144289973836745,False
validation:2026.9.7/log_27_2026-9-7-06-37-24.ulg:2:5675,2026.9.7/log_27_2026-9-7-06-37-24.ulg,2,5675,51,214373237,214875886,215871350,0.502649,Sep7,Stabilized,lower_change,0,0.0,False,0.09133149974983285,False,0.24540879544138744,False,0.06221328364673371,False
validation:2026.9.7/log_27_2026-9-7-06-37-24.ulg:2:5725,2026.9.7/log_27_2026-9-7-06-37-24.ulg,2,5725,51,215378678,215871350,216866871,0.492672,Sep7,Stabilized,lower_change,0,0.0058557700676522195,False,0.08500936803513162,False,0.16271814260454043,False,0.12984157621226505,False
validation:2026.9.7/log_27_2026-9-7-06-37-24.ulg:2:5775,2026.9.7/log_27_2026-9-7-06-37-24.ulg,2,5775,51,216374089,216866871,217872190,0.492782,Sep7,Stabilized,lower_change,0,0.007171824358405434,False,0.05807575677627181,False,0.1996429501665428,False,0.0683740363047904,False
validation:2026.9.7/log_27_2026-9-7-06-37-24.ulg:2:5825,2026.9.7/log_27_2026-9-7-06-37-24.ulg,2,5825,51,217369770,217872190,218877536,0.50242,Sep7,Stabilized,lower_change,0,0.0,False,0.10979742949834204,False,0.2823264836750192,False,0.1290610230983152,False
validation:2026.9.7/log_27_2026-9-7-06-37-24.ulg:2:5875,2026.9.7/log_27_2026-9-7-06-37-24.ulg,2,5875,51,218374894,218877536,219873062,0.5026419999999999,Sep7,Stabilized,lower_change,0,0.0,False,0.15526606832585338,False,0.16610489471823034,False,0.08383088485679169,False
validation:2026.9.7/log_27_2026-9-7-06-37-24.ulg:2:5925,2026.9.7/log_27_2026-9-7-06-37-24.ulg,2,5925,51,219370428,219873062,220868524,0.502634,Sep7,Stabilized,sustained,2,0.009258785434009646,False,0.11092399050491164,False,0.8661344972084243,True,0.3821118097071494,True
validation:2026.9.7/log_27_2026-9-7-06-37-24.ulg:2:5975,2026.9.7/log_27_2026-9-7-06-37-24.ulg,2,5975,51,220375698,220868524,221873848,0.492826,Sep7,Stabilized,sustained,1,0.007171824358405434,False,0.14980377803111833,False,1.1809916293137352,True,0.11123032755579643,False
validation:2026.9.7/log_27_2026-9-7-06-37-24.ulg:2:6025,2026.9.7/log_27_2026-9-7-06-37-24.ulg,2,6025,51,221371460,221873848,222879184,0.502388,Sep7,Stabilized,lower_change,0,0.014929342921035602,False,0.14990837085199687,False,0.19304264961299716,False,0.14047682021983746,False
validation:2026.9.7/log_27_2026-9-7-06-37-24.ulg:2:6075,2026.9.7/log_27_2026-9-7-06-37-24.ulg,2,6075,51,222376545,222879184,223874691,0.502639,Sep7,Stabilized,lower_change,0,0.014492838032666914,False,0.07273431809405015,False,0.14495961831513243,False,0.15120443635194922,False
validation:2026.9.7/log_27_2026-9-7-06-37-24.ulg:2:6125,2026.9.7/log_27_2026-9-7-06-37-24.ulg,2,6125,51,223372353,223874691,224870139,0.502338,Sep7,Stabilized,lower_change,0,0.0,False,0.07574108349796732,False,0.31529958905570693,False,0.07134237936111805,False
validation:2026.9.7/log_27_2026-9-7-06-37-24.ulg:2:6175,2026.9.7/log_27_2026-9-7-06-37-24.ulg,2,6175,51,224367517,224870139,225875454,0.502622,Sep7,Stabilized,lower_change,0,0.0511338984320389,False,0.08074074716785597,False,0.4472444556648782,False,0.1685699330690139,False
validation:2026.9.7/log_27_2026-9-7-06-37-24.ulg:2:6225,2026.9.7/log_27_2026-9-7-06-37-24.ulg,2,6225,51,225373104,225875454,226870941,0.50235,Sep7,Stabilized,sustained,1,0.003585912179202717,False,0.16800467210428266,False,0.46528314465617865,False,0.2598547884056957,True
validation:2026.9.7/log_27_2026-9-7-06-37-24.ulg:2:6275,2026.9.7/log_27_2026-9-7-06-37-24.ulg,2,6275,51,226378195,226870941,227876345,0.4927459999999999,Sep7,Stabilized,mixed_change,1,0.07590048481856025,False,0.08999613141737266,False,0.42135351400113885,False,0.3980873758323076,True
validation:2026.9.7/log_27_2026-9-7-06-37-24.ulg:2:6325,2026.9.7/log_27_2026-9-7-06-37-24.ulg,2,6325,51,227373726,227876345,228871790,0.5026189999999999,Sep7,Stabilized,lower_change,0,0.008783655101478329,False,0.06913036836542752,False,0.30776709394164004,False,0.16339807179758617,False
validation:2026.9.7/log_27_2026-9-7-06-37-24.ulg:2:6375,2026.9.7/log_27_2026-9-7-06-37-24.ulg,2,6375,51,228369164,228871790,229877079,0.502626,Sep7,Stabilized,sustained,1,0.0,False,0.0724106390231283,False,0.16433365016954674,False,0.32228686476150636,True
validation:2026.9.7/log_27_2026-9-7-06-37-24.ulg:2:6425,2026.9.7/log_27_2026-9-7-06-37-24.ulg,2,6425,51,229374745,229877079,230872675,0.502334,Sep7,Stabilized,lower_change,0,0.0,False,0.09742038242303312,False,0.2722550381765278,False,0.1930774753871666,False
validation:2026.9.7/log_27_2026-9-7-06-37-24.ulg:2:6475,2026.9.7/log_27_2026-9-7-06-37-24.ulg,2,6475,51,230369935,230872675,231868032,0.50274,Sep7,Stabilized,lower_change,0,0.0,False,0.13011957199190707,False,0.401309140438169,False,0.11497716706439196,False
validation:2026.9.7/log_27_2026-9-7-06-37-24.ulg:2:6525,2026.9.7/log_27_2026-9-7-06-37-24.ulg,2,6525,51,231375380,231868032,232873365,0.492652,Sep7,Stabilized,lower_change,0,0.010143095821987554,False,0.07342275146472964,False,0.3227895302795388,False,0.13175970486022157,False
validation:2026.9.7/log_27_2026-9-7-06-37-24.ulg:2:6575,2026.9.7/log_27_2026-9-7-06-37-24.ulg,2,6575,51,232370748,232873365,233868929,0.502617,Sep7,Stabilized,lower_change,0,0.006211352294006356,False,0.09899442758928682,False,0.12836678307160956,False,0.08835346839654531,False
validation:2026.9.7/log_27_2026-9-7-06-37-24.ulg:2:6625,2026.9.7/log_27_2026-9-7-06-37-24.ulg,2,6625,51,233376378,233868929,234874194,0.4925509999999999,Sep7,Stabilized,sustained,1,0.0,False,0.21011537091597854,True,0.32524640650794884,False,0.15296014468402278,False
validation:2026.9.7/log_27_2026-9-7-06-37-24.ulg:2:6675,2026.9.7/log_27_2026-9-7-06-37-24.ulg,2,6675,51,234371590,234874194,235869660,0.5026039999999999,Sep7,Stabilized,lower_change,0,0.04445229064364948,False,0.12900477545912717,False,0.4024890283258287,False,0.025844077740271424,False
validation:2026.9.7/log_27_2026-9-7-06-37-24.ulg:2:6725,2026.9.7/log_27_2026-9-7-06-37-24.ulg,2,6725,51,235376980,235869660,236875021,0.4926799999999999,Sep7,Stabilized,lower_change,0,0.024321091804114795,False,0.17262699748425406,False,0.1940350568427763,False,0.03768302861027861,False
validation:2026.9.7/log_27_2026-9-7-06-37-24.ulg:2:6775,2026.9.7/log_27_2026-9-7-06-37-24.ulg,2,6775,51,236372407,236875021,237870494,0.502614,Sep7,Stabilized,sustained,1,0.005071245637307343,False,0.14393853620415356,False,1.1275883987718613,True,0.07810199033057587,False
validation:2026.9.7/log_27_2026-9-7-06-37-24.ulg:2:6825,2026.9.7/log_27_2026-9-7-06-37-24.ulg,2,6825,51,237368178,237870494,238875843,0.502316,Sep7,Stabilized,sustained,2,0.0,False,0.08127324316044027,False,0.5199243751014228,True,0.4024196928677877,True
validation:2026.9.7/log_27_2026-9-7-06-37-24.ulg:2:6875,2026.9.7/log_27_2026-9-7-06-37-24.ulg,2,6875,51,238373203,238875843,239871281,0.50264,Sep7,Stabilized,mixed_change,2,0.008281309447812184,False,0.0844990295974408,False,0.8430749523243917,True,0.24498025201798193,True
validation:2026.9.7/log_28_2026-9-7-06-44-02.ulg:0:25,2026.9.7/log_28_2026-9-7-06-44-02.ulg,0,25,51,59924875,60423740,61421652,0.498865,Sep7,Stabilized,sustained,3,0.07618240895908558,False,0.41677389736656223,True,0.7100983075416267,True,0.9173767605813853,True
validation:2026.9.7/log_28_2026-9-7-06-44-02.ulg:1:25,2026.9.7/log_28_2026-9-7-06-44-02.ulg,1,25,51,62060345,62569261,63567206,0.5089159999999999,Sep7,Stabilized,mixed_change,3,0.30628654515262327,True,0.21545750280491918,True,0.453634938343191,False,0.2758268911266143,True
validation:2026.9.7/log_28_2026-9-7-06-44-02.ulg:1:75,2026.9.7/log_28_2026-9-7-06-44-02.ulg,1,75,51,63068302,63567206,64565238,0.4989039999999999,Sep7,Stabilized,sustained,1,0.10044941425078428,False,0.2368370633032658,True,0.48671607614077295,False,0.21654246901614796,False
validation:2026.9.7/log_28_2026-9-7-06-44-02.ulg:1:125,2026.9.7/log_28_2026-9-7-06-44-02.ulg,1,125,51,64066223,64565238,65563096,0.499015,Sep7,Stabilized,lower_change,0,0.006546559732288266,False,0.059126057486536,False,0.28539995693388465,False,0.0808210621836968,False
validation:2026.9.7/log_28_2026-9-7-06-44-02.ulg:1:175,2026.9.7/log_28_2026-9-7-06-44-02.ulg,1,175,51,65064134,65563096,66561040,0.4989619999999999,Sep7,Stabilized,lower_change,0,0.04689235498814394,False,0.044923193329099755,False,0.13285700823017968,False,0.03250950439479343,False
validation:2026.9.7/log_28_2026-9-7-06-44-02.ulg:1:225,2026.9.7/log_28_2026-9-7-06-44-02.ulg,1,225,51,66062095,66561040,67569017,0.4989449999999999,Sep7,Stabilized,lower_change,0,0.005477571332220167,False,0.07994299922129201,False,0.1329204538759187,False,0.14499167697458254,False
validation:2026.9.7/log_28_2026-9-7-06-44-02.ulg:1:275,2026.9.7/log_28_2026-9-7-06-44-02.ulg,1,275,51,67070009,67569017,68566994,0.4990079999999999,Sep7,Stabilized,lower_change,0,0.0,False,0.06223049251060089,False,0.08929533940633257,False,0.1003786217603375,False
validation:2026.9.7/log_28_2026-9-7-06-44-02.ulg:1:325,2026.9.7/log_28_2026-9-7-06-44-02.ulg,1,325,51,68067972,68566994,69564923,0.4990219999999999,Sep7,Stabilized,lower_change,0,0.0,False,0.06469342116676265,False,0.15285193032949837,False,0.10377733716884528,False
validation:2026.9.7/log_28_2026-9-7-06-44-02.ulg:1:375,2026.9.7/log_28_2026-9-7-06-44-02.ulg,1,375,51,69065961,69564923,70562852,0.4989619999999999,Sep7,Stabilized,lower_change,0,0.011339649975618461,False,0.05917271724976432,False,0.34195923113432947,False,0.19313624865721474,False
validation:2026.9.7/log_28_2026-9-7-06-44-02.ulg:1:425,2026.9.7/log_28_2026-9-7-06-44-02.ulg,1,425,51,70063907,70562852,71560749,0.4989449999999999,Sep7,Stabilized,lower_change,0,0.015072210701802417,False,0.057880430538234814,False,0.27573588703956886,False,0.12343846155806254,False
validation:2026.9.7/log_28_2026-9-7-06-44-02.ulg:1:475,2026.9.7/log_28_2026-9-7-06-44-02.ulg,1,475,51,71061797,71560749,72568686,0.4989519999999999,Sep7,Stabilized,lower_change,0,0.0,False,0.12006785571778393,False,0.11244245512451137,False,0.2210912322130747,False
validation:2026.9.7/log_28_2026-9-7-06-44-02.ulg:1:525,2026.9.7/log_28_2026-9-7-06-44-02.ulg,1,525,51,72059755,72568686,73566660,0.508931,Sep7,Stabilized,lower_change,0,0.010142491274614685,False,0.07991738680257388,False,0.23389489768417107,False,0.20683087271330186,False
validation:2026.9.7/log_28_2026-9-7-06-44-02.ulg:1:575,2026.9.7/log_28_2026-9-7-06-44-02.ulg,1,575,51,73067674,73566660,74564585,0.498986,Sep7,Stabilized,sustained,1,0.0,False,0.11958851497312657,False,0.4177403546155044,False,0.262823168743352,True
validation:2026.9.7/log_28_2026-9-7-06-44-02.ulg:1:625,2026.9.7/log_28_2026-9-7-06-44-02.ulg,1,625,51,74065633,74564585,75562652,0.4989519999999999,Sep7,Stabilized,lower_change,0,0.005855770067652219,False,0.08298562777558782,False,0.17576152917734436,False,0.10258113882980043,False
validation:2026.9.7/log_28_2026-9-7-06-44-02.ulg:1:675,2026.9.7/log_28_2026-9-7-06-44-02.ulg,1,675,51,75063561,75562652,76560540,0.4990909999999999,Sep7,Stabilized,lower_change,0,0.0029278850338261097,False,0.11276965960072546,False,0.4733384461569567,False,0.12057220606244629,False
validation:2026.9.7/log_28_2026-9-7-06-44-02.ulg:2:25,2026.9.7/log_28_2026-9-7-06-44-02.ulg,2,25,51,76949726,77438727,78446652,0.4890009999999999,Sep7,Mission,lower_change,0,0.15650434592801749,False,0.10700446099799686,False,0.32097510076329444,False,0.08483441748649864,False
validation:2026.9.7/log_28_2026-9-7-06-44-02.ulg:2:75,2026.9.7/log_28_2026-9-7-06-44-02.ulg,2,75,51,77947703,78446652,79444619,0.498949,Sep7,Mission,sustained,1,0.39154800488087316,True,0.0779491123459587,False,0.23653454148749758,False,0.1346229620122442,False
validation:2026.9.7/log_28_2026-9-7-06-44-02.ulg:2:125,2026.9.7/log_28_2026-9-7-06-44-02.ulg,2,125,51,78945597,79444619,80442566,0.4990219999999999,Sep7,Mission,lower_change,0,0.12945284977213373,False,0.09691896051150252,False,0.48000392501338035,False,0.15043375640589013,False
validation:2026.9.7/log_28_2026-9-7-06-44-02.ulg:2:175,2026.9.7/log_28_2026-9-7-06-44-02.ulg,2,175,51,79943556,80442566,81440534,0.4990099999999999,Sep7,Mission,sustained,1,0.337768055751315,True,0.10622190906401106,False,0.27394096654213557,False,0.10018828696220275,False
validation:2026.9.7/log_28_2026-9-7-06-44-02.ulg:3:25,2026.9.7/log_28_2026-9-7-06-44-02.ulg,3,25,51,81927074,82419859,83425221,0.492785,Sep7,Mission,sustained,2,0.2513018448826579,False,0.17009753927234766,False,0.5427242746358287,True,0.24473263386971758,True
validation:2026.9.7/log_28_2026-9-7-06-44-02.ulg:3:75,2026.9.7/log_28_2026-9-7-06-44-02.ulg,3,75,51,82922628,83425221,84430659,0.502593,Sep7,Mission,sustained,1,0.11295795702089179,False,0.11551302176636385,False,0.33703178598772476,False,0.259890993213393,True
validation:2026.9.7/log_28_2026-9-7-06-44-02.ulg:4:25,2026.9.7/log_28_2026-9-7-06-44-02.ulg,4,25,51,84923738,85426138,86421825,0.5024,Sep7,Stabilized,sustained,1,0.08338169798238675,False,0.1635331357073699,False,0.10772657045690218,False,0.44474748457510127,True
validation:2026.9.7/log_28_2026-9-7-06-44-02.ulg:4:75,2026.9.7/log_28_2026-9-7-06-44-02.ulg,4,75,51,85928855,86421825,87427029,0.4929699999999999,Sep7,Stabilized,sustained,2,0.0046296686538658234,False,0.12696989670650832,False,0.604397825045723,True,0.5081423968009801,True
validation:2026.9.7/log_28_2026-9-7-06-44-02.ulg:4:125,2026.9.7/log_28_2026-9-7-06-44-02.ulg,4,125,51,86924608,87427029,88422523,0.502421,Sep7,Stabilized,lower_change,0,0.0,False,0.13557471312552954,False,0.39129963762092945,False,0.10359626161728623,False
validation:2026.9.7/log_28_2026-9-7-06-44-02.ulg:4:175,2026.9.7/log_28_2026-9-7-06-44-02.ulg,4,175,51,87929740,88422523,89427889,0.4927829999999999,Sep7,Stabilized,sustained,2,0.0068669083333107875,False,0.18805185537835384,True,0.543719946422678,True,0.07572537105300926,False
validation:2026.9.7/log_28_2026-9-7-06-44-02.ulg:4:225,2026.9.7/log_28_2026-9-7-06-44-02.ulg,4,225,51,88925483,89427889,90423405,0.502406,Sep7,Stabilized,reversing,1,0.01985788245206256,False,0.10398514160939228,False,0.6668780778267892,True,0.1556903460960922,False
validation:2026.9.7/log_28_2026-9-7-06-44-02.ulg:4:275,2026.9.7/log_28_2026-9-7-06-44-02.ulg,4,275,51,89920753,90423405,91428855,0.502652,Sep7,Stabilized,lower_change,0,0.0065470280145304705,False,0.1289176868219601,False,0.22375428389791063,False,0.14457058399439934,False
validation:2026.9.7/log_28_2026-9-7-06-44-02.ulg:4:325,2026.9.7/log_28_2026-9-7-06-44-02.ulg,4,325,51,90926182,91428855,92424322,0.5026729999999999,Sep7,Stabilized,lower_change,0,0.0,False,0.09552171858519085,False,0.32495385462105897,False,0.2081731424040556,False
validation:2026.9.7/log_28_2026-9-7-06-44-02.ulg:4:375,2026.9.7/log_28_2026-9-7-06-44-02.ulg,4,375,51,91921668,92424322,93419808,0.5026539999999999,Sep7,Stabilized,sustained,2,0.1953497008182472,False,0.07738011957981644,False,1.0534639913141237,True,0.3405152133114696,True
validation:2026.9.7/log_28_2026-9-7-06-44-02.ulg:5:25,2026.9.7/log_28_2026-9-7-06-44-02.ulg,5,25,51,94385801,94888461,95884000,0.50266,Sep7,Mission,sustained,1,0.3657685072811262,True,0.15745307866206443,False,0.11488359412074851,False,0.0932830230311126,False
validation:2026.9.7/log_28_2026-9-7-06-44-02.ulg:5:75,2026.9.7/log_28_2026-9-7-06-44-02.ulg,5,75,51,95381312,95884000,96889453,0.502688,Sep7,Mission,sustained,1,0.38785512682163037,True,0.09572549518551951,False,0.3556868823976751,False,0.1153737336590067,False
validation:2026.9.7/log_28_2026-9-7-06-44-02.ulg:5:125,2026.9.7/log_28_2026-9-7-06-44-02.ulg,5,125,51,96386645,96889453,97884867,0.502808,Sep7,Mission,sustained,1,0.34937211179804856,True,0.07407032786055039,False,0.41944104073478905,False,0.20407605170012108,False
validation:2026.9.7/log_28_2026-9-7-06-44-02.ulg:5:175,2026.9.7/log_28_2026-9-7-06-44-02.ulg,5,175,51,97382166,97884867,98880380,0.502701,Sep7,Mission,lower_change,0,0.15417130015649025,False,0.08363505560598004,False,0.3183654106844798,False,0.10744022984457913,False
validation:2026.9.7/log_28_2026-9-7-06-44-02.ulg:5:225,2026.9.7/log_28_2026-9-7-06-44-02.ulg,5,225,51,98387536,98880380,99885768,0.492844,Sep7,Mission,lower_change,0,0.16371261864901526,False,0.08791638939754852,False,0.1967270053509269,False,0.16789989323970977,False
validation:2026.9.7/log_28_2026-9-7-06-44-02.ulg:5:275,2026.9.7/log_28_2026-9-7-06-44-02.ulg,5,275,51,99383098,99885768,100891178,0.50267,Sep7,Mission,lower_change,0,0.04610951419375633,False,0.13956987735109405,False,0.15435756749733212,False,0.15645219947252906,False
validation:2026.9.7/log_28_2026-9-7-06-44-02.ulg:5:325,2026.9.7/log_28_2026-9-7-06-44-02.ulg,5,325,51,100388437,100891178,101886617,0.502741,Sep7,Mission,lower_change,0,0.09861218053747083,False,0.10067538864925737,False,0.21108645588072805,False,0.11824376916538894,False
validation:2026.9.7/log_28_2026-9-7-06-44-02.ulg:5:375,2026.9.7/log_28_2026-9-7-06-44-02.ulg,5,375,51,101383954,101886617,102882148,0.502663,Sep7,Mission,lower_change,0,0.1697460096216611,False,0.11813078189113135,False,0.22836416837690343,False,0.10887836605119681,False
validation:2026.9.7/log_28_2026-9-7-06-44-02.ulg:5:425,2026.9.7/log_28_2026-9-7-06-44-02.ulg,5,425,51,102389304,102882148,103887563,0.492844,Sep7,Mission,sustained,1,0.08986007163402307,False,0.07126703562430639,False,0.24185325467873148,False,0.2669470912008957,True
validation:2026.9.7/log_28_2026-9-7-06-44-02.ulg:5:475,2026.9.7/log_28_2026-9-7-06-44-02.ulg,5,475,51,103384839,103887563,104883013,0.502724,Sep7,Mission,sustained,2,0.3887476107473808,True,0.19672471979893982,True,0.21951784667005403,False,0.10309258979428329,False
validation:2026.9.7/log_28_2026-9-7-06-44-02.ulg:5:525,2026.9.7/log_28_2026-9-7-06-44-02.ulg,5,525,51,104390259,104883013,105888411,0.4927539999999999,Sep7,Mission,sustained,1,0.32298560375321983,True,0.08033006388536336,False,0.43540657987002995,False,0.07426135281399748,False
validation:2026.9.7/log_28_2026-9-7-06-44-02.ulg:5:575,2026.9.7/log_28_2026-9-7-06-44-02.ulg,5,575,51,105385713,105888411,106884008,0.502698,Sep7,Mission,sustained,1,0.36024458289934513,True,0.08650833437332457,False,0.3793788750575545,False,0.047572871513441944,False
validation:2026.9.7/log_28_2026-9-7-06-44-02.ulg:5:625,2026.9.7/log_28_2026-9-7-06-44-02.ulg,5,625,51,106381246,106884008,107889309,0.5027619999999999,Sep7,Mission,sustained,1,0.3880559147441336,True,0.09727115050296763,False,0.2983430507511719,False,0.11629410982222323,False
validation:2026.9.7/log_28_2026-9-7-06-44-02.ulg:5:675,2026.9.7/log_28_2026-9-7-06-44-02.ulg,5,675,51,107386669,107889309,108884796,0.50264,Sep7,Mission,lower_change,0,0.18446864219363707,False,0.0758362192746769,False,0.41181327429688086,False,0.22378674473738241,False
validation:2026.9.7/log_28_2026-9-7-06-44-02.ulg:5:725,2026.9.7/log_28_2026-9-7-06-44-02.ulg,5,725,51,108382123,108884796,109880362,0.5026729999999999,Sep7,Mission,mixed_change,2,0.3026377780295432,True,0.18257821611348884,True,0.17156042793273976,False,0.07280269794744322,False
validation:2026.9.7/log_28_2026-9-7-06-44-02.ulg:5:775,2026.9.7/log_28_2026-9-7-06-44-02.ulg,5,775,51,109387554,109880362,110885699,0.4928079999999999,Sep7,Mission,sustained,1,0.17045830613086105,False,0.09608723283567307,False,0.5889535568987618,True,0.212457840529062,False
validation:2026.9.7/log_28_2026-9-7-06-44-02.ulg:5:825,2026.9.7/log_28_2026-9-7-06-44-02.ulg,5,825,51,110383030,110885699,111881184,0.502669,Sep7,Mission,lower_change,0,0.27455927134301583,False,0.09423299662664687,False,0.3703331869839292,False,0.07067046434927444,False
validation:2026.9.7/log_28_2026-9-7-06-44-02.ulg:5:875,2026.9.7/log_28_2026-9-7-06-44-02.ulg,5,875,51,111388339,111881184,112886562,0.492845,Sep7,Mission,sustained,1,0.3358122279182584,True,0.0768577995502489,False,0.23426804823666914,False,0.15204568417213873,False
validation:2026.9.7/log_28_2026-9-7-06-44-02.ulg:5:925,2026.9.7/log_28_2026-9-7-06-44-02.ulg,5,925,51,112383873,112886562,113882105,0.5026889999999999,Sep7,Mission,sustained,1,0.27879480905173276,False,0.18153020785579105,True,0.355115100142088,False,0.049156629276322535,False
validation:2026.9.7/log_28_2026-9-7-06-44-02.ulg:5:975,2026.9.7/log_28_2026-9-7-06-44-02.ulg,5,975,51,113389293,113882105,114887413,0.492812,Sep7,Mission,lower_change,0,0.0708100601092911,False,0.14419003657892232,False,0.10515081780068941,False,0.04232907230040754,False
validation:2026.9.7/log_28_2026-9-7-06-44-02.ulg:5:1025,2026.9.7/log_28_2026-9-7-06-44-02.ulg,5,1025,51,114384797,114887413,115882987,0.502616,Sep7,Mission,mixed_change,1,0.356252857757108,True,0.124410713214965,False,0.1823872394281834,False,0.0460997938155428,False
validation:2026.9.7/log_28_2026-9-7-06-44-02.ulg:5:1075,2026.9.7/log_28_2026-9-7-06-44-02.ulg,5,1075,51,115380267,115882987,116888324,0.50272,Sep7,Mission,sustained,1,0.35006564305040416,True,0.13249574509207043,False,0.15452125418598966,False,0.08163038759717947,False
validation:2026.9.7/log_28_2026-9-7-06-44-02.ulg:5:1125,2026.9.7/log_28_2026-9-7-06-44-02.ulg,5,1125,51,116385622,116888324,117883883,0.502702,Sep7,Mission,lower_change,0,0.2584498067550565,False,0.11309513698452624,False,0.2970686720477154,False,0.17055172887190675,False
validation:2026.9.7/log_28_2026-9-7-06-44-02.ulg:5:1175,2026.9.7/log_28_2026-9-7-06-44-02.ulg,5,1175,51,117381162,117883883,118879345,0.502721,Sep7,Mission,lower_change,0,0.15914887175792675,False,0.12126597724579878,False,0.1622270131514126,False,0.07469127976682602,False
validation:2026.9.7/log_28_2026-9-7-06-44-02.ulg:5:1225,2026.9.7/log_28_2026-9-7-06-44-02.ulg,5,1225,51,118386529,118879345,119884704,0.492816,Sep7,Mission,sustained,1,0.38893694971999443,True,0.07230124801468286,False,0.33764309078626054,False,0.10895778514364624,False
validation:2026.9.7/log_28_2026-9-7-06-44-02.ulg:5:1275,2026.9.7/log_28_2026-9-7-06-44-02.ulg,5,1275,51,119382086,119884704,120890131,0.502618,Sep7,Mission,sustained,1,0.3871441711106931,True,0.16456109805617475,False,0.28291059872874846,False,0.08615688525859605,False
validation:2026.9.7/log_28_2026-9-7-06-44-02.ulg:5:1325,2026.9.7/log_28_2026-9-7-06-44-02.ulg,5,1325,51,120387436,120890131,121885616,0.502695,Sep7,Mission,lower_change,0,0.2778033050459613,False,0.14179956210746236,False,0.2806563103206675,False,0.059429891762476865,False
validation:2026.9.7/log_28_2026-9-7-06-44-02.ulg:5:1375,2026.9.7/log_28_2026-9-7-06-44-02.ulg,5,1375,51,121382883,121885616,122881063,0.502733,Sep7,Mission,lower_change,0,0.08895479158639572,False,0.08223433280376255,False,0.19673941228277772,False,0.17055279281941108,False
validation:2026.9.7/log_28_2026-9-7-06-44-02.ulg:5:1425,2026.9.7/log_28_2026-9-7-06-44-02.ulg,5,1425,51,122388239,122881063,123886454,0.492824,Sep7,Mission,sustained,1,0.3306659051146412,True,0.16510082625417508,False,0.21984146895798842,False,0.08238261669597274,False
validation:2026.9.7/log_28_2026-9-7-06-44-02.ulg:5:1475,2026.9.7/log_28_2026-9-7-06-44-02.ulg,5,1475,51,123383851,123886454,124881949,0.502603,Sep7,Mission,sustained,1,0.39385751812838776,True,0.13488855462593385,False,0.17583354385671854,False,0.12292099272590465,False
validation:2026.9.7/log_28_2026-9-7-06-44-02.ulg:5:1525,2026.9.7/log_28_2026-9-7-06-44-02.ulg,5,1525,51,124389183,124881949,125887280,0.492766,Sep7,Mission,lower_change,0,0.12017630271462323,False,0.15342335523731296,False,0.27254298042177394,False,0.05270777774378885,False
validation:2026.9.7/log_28_2026-9-7-06-44-02.ulg:5:1575,2026.9.7/log_28_2026-9-7-06-44-02.ulg,5,1575,51,125384644,125887280,126882825,0.502636,Sep7,Mission,lower_change,0,0.08504632841013088,False,0.07881745135747345,False,0.18570085476665568,False,0.05557926580080645,False
validation:2026.9.7/log_28_2026-9-7-06-44-02.ulg:5:1625,2026.9.7/log_28_2026-9-7-06-44-02.ulg,5,1625,51,126380140,126882825,127888146,0.5026849999999999,Sep7,Mission,sustained,1,0.30783641742288426,True,0.13697183146406738,False,0.13466467836186044,False,0.1388920364969071,False
validation:2026.9.7/log_28_2026-9-7-06-44-02.ulg:5:1675,2026.9.7/log_28_2026-9-7-06-44-02.ulg,5,1675,51,127385548,127888146,128883664,0.502598,Sep7,Mission,lower_change,0,0.1816395247507055,False,0.1029978937587253,False,0.23814890970120778,False,0.12502194478954715,False
validation:2026.9.7/log_28_2026-9-7-06-44-02.ulg:5:1725,2026.9.7/log_28_2026-9-7-06-44-02.ulg,5,1725,51,128390915,128883664,129879152,0.492749,Sep7,Mission,sustained,1,0.3850856085563754,True,0.0845714157820105,False,0.14231716503324598,False,0.13185693273631247,False
validation:2026.9.7/log_28_2026-9-7-06-44-02.ulg:5:1775,2026.9.7/log_28_2026-9-7-06-44-02.ulg,5,1775,51,129386339,129879152,130884567,0.492813,Sep7,Mission,sustained,1,0.3888203279178595,True,0.1098508565758764,False,0.2741609482242882,False,0.10807678963781306,False
validation:2026.9.7/log_28_2026-9-7-06-44-02.ulg:5:1825,2026.9.7/log_28_2026-9-7-06-44-02.ulg,5,1825,51,130381888,130884567,131889885,0.502679,Sep7,Mission,sustained,1,0.2802181525070912,False,0.1799694870385336,True,0.11060112419752356,False,0.03756449653046274,False
validation:2026.9.7/log_28_2026-9-7-06-44-02.ulg:5:1875,2026.9.7/log_28_2026-9-7-06-44-02.ulg,5,1875,51,131387299,131889885,132885423,0.502586,Sep7,Mission,lower_change,0,0.0664019899892051,False,0.07706237413251582,False,0.3162096219514935,False,0.10499366619659953,False
validation:2026.9.7/log_28_2026-9-7-06-44-02.ulg:5:1925,2026.9.7/log_28_2026-9-7-06-44-02.ulg,5,1925,51,132382689,132885423,133880871,0.502734,Sep7,Mission,lower_change,0,0.11675963587648383,False,0.09203079157822737,False,0.34001301831383535,False,0.11853944451821657,False
validation:2026.9.7/log_28_2026-9-7-06-44-02.ulg:5:1975,2026.9.7/log_28_2026-9-7-06-44-02.ulg,5,1975,51,133388071,133880871,134886222,0.4927999999999999,Sep7,Mission,sustained,2,0.09430620070455963,False,0.18762885576024438,True,0.5525256404659666,True,0.10195226347676016,False
validation:2026.9.7/log_28_2026-9-7-06-44-02.ulg:5:2025,2026.9.7/log_28_2026-9-7-06-44-02.ulg,5,2025,51,134383610,134886222,135881781,0.502612,Sep7,Mission,lower_change,0,0.20393753848756735,False,0.08207072139647739,False,0.23228941720947643,False,0.0877487148378651,False
validation:2026.9.7/log_28_2026-9-7-06-44-02.ulg:5:2075,2026.9.7/log_28_2026-9-7-06-44-02.ulg,5,2075,51,135388916,135881781,136887126,0.492865,Sep7,Mission,lower_change,0,0.23496923178628512,False,0.1087776887348261,False,0.44030053834568517,False,0.17451118407792449,False
validation:2026.9.7/log_28_2026-9-7-06-44-02.ulg:5:2125,2026.9.7/log_28_2026-9-7-06-44-02.ulg,5,2125,51,136384460,136887126,137882587,0.502666,Sep7,Mission,sustained,1,0.30828881663937513,True,0.07996528802961808,False,0.349475363408836,False,0.10819008637501795,False
validation:2026.9.7/log_28_2026-9-7-06-44-02.ulg:5:2175,2026.9.7/log_28_2026-9-7-06-44-02.ulg,5,2175,51,137379965,137882587,138887933,0.502622,Sep7,Mission,lower_change,0,0.16222945593810878,False,0.10156213642935794,False,0.21003139873220072,False,0.15786765705643593,False
validation:2026.9.7/log_28_2026-9-7-06-44-02.ulg:5:2225,2026.9.7/log_28_2026-9-7-06-44-02.ulg,5,2225,51,138385349,138887933,139883591,0.502584,Sep7,Mission,lower_change,0,0.09454090584414326,False,0.12229377357386548,False,0.22106017889782736,False,0.0643481456655883,False
validation:2026.9.7/log_28_2026-9-7-06-44-02.ulg:5:2275,2026.9.7/log_28_2026-9-7-06-44-02.ulg,5,2275,51,139390668,139883591,140888925,0.492923,Sep7,Mission,lower_change,0,0.08893169862380791,False,0.1201702722519552,False,0.22552840471903418,False,0.04699016740978167,False
validation:2026.9.7/log_28_2026-9-7-06-44-02.ulg:5:2325,2026.9.7/log_28_2026-9-7-06-44-02.ulg,5,2325,51,140386153,140888925,141884350,0.502772,Sep7,Mission,lower_change,0,0.044781636583741805,False,0.10350943526615244,False,0.407254247397692,False,0.05275103308347423,False
validation:2026.9.7/log_28_2026-9-7-06-44-02.ulg:5:2375,2026.9.7/log_28_2026-9-7-06-44-02.ulg,5,2375,51,141381600,141884350,142889670,0.50275,Sep7,Mission,lower_change,0,0.1807198113771061,False,0.10599610373414117,False,0.22558479699484454,False,0.07775830163198963,False
validation:2026.9.7/log_28_2026-9-7-06-44-02.ulg:5:2425,2026.9.7/log_28_2026-9-7-06-44-02.ulg,5,2425,51,142386983,142889670,143885169,0.502687,Sep7,Mission,sustained,1,0.09246528162827891,False,0.18036706384945803,True,0.14995676902604155,False,0.13144431264389447,False
validation:2026.9.7/log_28_2026-9-7-06-44-02.ulg:5:2475,2026.9.7/log_28_2026-9-7-06-44-02.ulg,5,2475,51,143382524,143885169,144880632,0.502645,Sep7,Mission,lower_change,0,0.06136046782904356,False,0.0618565307095735,False,0.31518292638178935,False,0.0746390353068202,False
validation:2026.9.7/log_28_2026-9-7-06-44-02.ulg:5:2525,2026.9.7/log_28_2026-9-7-06-44-02.ulg,5,2525,51,144387846,144880632,145886037,0.492786,Sep7,Mission,lower_change,0,0.02921659028822305,False,0.07056713072362082,False,0.12514189526496403,False,0.05097856992096706,False
validation:2026.9.7/log_28_2026-9-7-06-44-02.ulg:5:2575,2026.9.7/log_28_2026-9-7-06-44-02.ulg,5,2575,51,145383363,145886037,146881525,0.502674,Sep7,Mission,lower_change,0,0.20143481909467353,False,0.07510721460090479,False,0.14348201063667973,False,0.07149719058949347,False
validation:2026.9.7/log_28_2026-9-7-06-44-02.ulg:5:2625,2026.9.7/log_28_2026-9-7-06-44-02.ulg,5,2625,51,146388756,146881525,147887017,0.4927689999999999,Sep7,Mission,sustained,1,0.39012576053488474,True,0.11040970375142575,False,0.34235005914261185,False,0.05783990901786159,False
validation:2026.9.7/log_28_2026-9-7-06-44-02.ulg:5:2675,2026.9.7/log_28_2026-9-7-06-44-02.ulg,5,2675,51,147384201,147887017,148882345,0.5028159999999999,Sep7,Mission,sustained,2,0.39204912804298697,True,0.2548355619706156,True,0.13828410750255693,False,0.1849938172645829,False
validation:2026.9.7/log_28_2026-9-7-06-44-02.ulg:5:2725,2026.9.7/log_28_2026-9-7-06-44-02.ulg,5,2725,51,148389532,148882345,149887708,0.492813,Sep7,Mission,sustained,1,0.3899047255556035,True,0.08343085547981599,False,0.39157990810329923,False,0.10278107368440001,False
validation:2026.9.7/log_28_2026-9-7-06-44-02.ulg:5:2775,2026.9.7/log_28_2026-9-7-06-44-02.ulg,5,2775,51,149385000,149887708,150883232,0.5027079999999999,Sep7,Mission,lower_change,0,0.10661587724190319,False,0.06933517952702224,False,0.2909275035724911,False,0.052950585251865294,False
validation:2026.9.7/log_28_2026-9-7-06-44-02.ulg:5:2825,2026.9.7/log_28_2026-9-7-06-44-02.ulg,5,2825,51,150380477,150883232,151888506,0.502755,Sep7,Mission,mixed_change,2,0.3472075213013522,True,0.1966198260352373,True,0.18309106859969201,False,0.05662349192331539,False
validation:2026.9.7/log_28_2026-9-7-06-44-02.ulg:5:2875,2026.9.7/log_28_2026-9-7-06-44-02.ulg,5,2875,51,151385881,151888506,152884046,0.502625,Sep7,Mission,sustained,1,0.3657320338229044,True,0.08740053948518496,False,0.19020500686331127,False,0.08094024427246437,False
validation:2026.9.7/log_28_2026-9-7-06-44-02.ulg:5:2925,2026.9.7/log_28_2026-9-7-06-44-02.ulg,5,2925,51,152381324,152884046,153879538,0.502722,Sep7,Mission,sustained,3,0.3880130183745317,True,0.11339302790284045,False,0.5011574697791481,True,0.23717114928694452,True
validation:2026.9.7/log_28_2026-9-7-06-44-02.ulg:5:2975,2026.9.7/log_28_2026-9-7-06-44-02.ulg,5,2975,51,153386674,153879538,154884824,0.4928639999999999,Sep7,Mission,lower_change,0,0.1552160391036686,False,0.09992193695717355,False,0.3253095181023022,False,0.11829410977167445,False
validation:2026.9.7/log_28_2026-9-7-06-44-02.ulg:5:3025,2026.9.7/log_28_2026-9-7-06-44-02.ulg,5,3025,51,154382155,154884824,155890237,0.502669,Sep7,Mission,lower_change,0,0.07517383866755763,False,0.11523621560848474,False,0.14501854304340825,False,0.08717030863162017,False
validation:2026.9.7/log_28_2026-9-7-06-44-02.ulg:5:3075,2026.9.7/log_28_2026-9-7-06-44-02.ulg,5,3075,51,155387574,155890237,156885703,0.502663,Sep7,Mission,lower_change,0,0.11094458089032906,False,0.08294180411221756,False,0.2291740581583246,False,0.1483977268965559,False
validation:2026.9.7/log_28_2026-9-7-06-44-02.ulg:5:3125,2026.9.7/log_28_2026-9-7-06-44-02.ulg,5,3125,51,156382979,156885703,157881137,0.502724,Sep7,Mission,lower_change,0,0.07812728313883342,False,0.08904230478577004,False,0.30228727671581923,False,0.12479972311151431,False
validation:2026.9.7/log_28_2026-9-7-06-44-02.ulg:5:3175,2026.9.7/log_28_2026-9-7-06-44-02.ulg,5,3175,51,157388348,157881137,158886498,0.492789,Sep7,Mission,lower_change,0,0.27848227837612166,False,0.08012714708698739,False,0.25021958103860475,False,0.1328871542340224,False
validation:2026.9.7/log_28_2026-9-7-06-44-02.ulg:5:3225,2026.9.7/log_28_2026-9-7-06-44-02.ulg,5,3225,51,158383848,158886498,159881984,0.5026499999999999,Sep7,Mission,lower_change,0,0.09138587640728081,False,0.07436404985197037,False,0.14872601603700414,False,0.06325667796949744,False
validation:2026.9.7/log_28_2026-9-7-06-44-02.ulg:5:3275,2026.9.7/log_28_2026-9-7-06-44-02.ulg,5,3275,51,159389198,159881984,160887499,0.492786,Sep7,Mission,lower_change,0,0.1124091829651236,False,0.14474573672013763,False,0.12514819384274095,False,0.0602730318749751,False
validation:2026.9.7/log_28_2026-9-7-06-44-02.ulg:5:3325,2026.9.7/log_28_2026-9-7-06-44-02.ulg,5,3325,51,160384644,160887499,161882813,0.5028549999999999,Sep7,Mission,lower_change,0,0.2861185769247047,False,0.0773715607049066,False,0.17759842799308737,False,0.04735428127693717,False
validation:2026.9.7/log_28_2026-9-7-06-44-02.ulg:5:3375,2026.9.7/log_28_2026-9-7-06-44-02.ulg,5,3375,51,161380168,161882813,162888155,0.502645,Sep7,Mission,lower_change,0,0.26872668641223413,False,0.07952119174312305,False,0.1946959319153247,False,0.07440433163533766,False
validation:2026.9.7/log_28_2026-9-7-06-44-02.ulg:5:3425,2026.9.7/log_28_2026-9-7-06-44-02.ulg,5,3425,51,162385561,162888155,163883641,0.502594,Sep7,Mission,lower_change,0,0.2552805952397341,False,0.15013430873649042,False,0.23418063337397615,False,0.07643753028826226,False
validation:2026.9.7/log_28_2026-9-7-06-44-02.ulg:5:3475,2026.9.7/log_28_2026-9-7-06-44-02.ulg,5,3475,51,163390875,163883641,164889164,0.492766,Sep7,Mission,sustained,3,0.3448278767013021,True,0.19053458157956674,True,0.1367537201894411,False,0.37466189021383506,True
validation:2026.9.7/log_28_2026-9-7-06-44-02.ulg:5:3525,2026.9.7/log_28_2026-9-7-06-44-02.ulg,5,3525,51,164386359,164889164,165884477,0.502805,Sep7,Mission,lower_change,0,0.2556311773808641,False,0.12462161358127413,False,0.13796266269087404,False,0.1221748882819953,False
validation:2026.9.7/log_28_2026-9-7-06-44-02.ulg:5:3575,2026.9.7/log_28_2026-9-7-06-44-02.ulg,5,3575,51,165381776,165884477,166889903,0.502701,Sep7,Mission,lower_change,0,0.0960183950418449,False,0.09151938430091908,False,0.16261394300766926,False,0.03246481617488297,False
validation:2026.9.7/log_28_2026-9-7-06-44-02.ulg:5:3625,2026.9.7/log_28_2026-9-7-06-44-02.ulg,5,3625,51,166387147,166889903,167885298,0.502756,Sep7,Mission,lower_change,0,0.24358912626578136,False,0.07282133099797679,False,0.3407611404669137,False,0.033510990114615856,False
validation:2026.9.7/log_28_2026-9-7-06-44-02.ulg:6:25,2026.9.7/log_28_2026-9-7-06-44-02.ulg,6,25,51,168486584,168989213,169984735,0.502629,Sep7,Stabilized,sustained,1,0.29890608340165264,True,0.09023880849770992,False,0.2733202241875886,False,0.032127530136659935,False
validation:2026.9.7/log_28_2026-9-7-06-44-02.ulg:6:75,2026.9.7/log_28_2026-9-7-06-44-02.ulg,6,75,51,169481988,169984735,170980183,0.5027469999999999,Sep7,Stabilized,lower_change,0,0.007171824358405434,False,0.05847269906852192,False,0.33630799373696957,False,0.08101055486188768,False
validation:2026.9.7/log_28_2026-9-7-06-44-02.ulg:6:125,2026.9.7/log_28_2026-9-7-06-44-02.ulg,6,125,51,170487620,170980183,171985514,0.492563,Sep7,Stabilized,lower_change,0,0.0,False,0.1396804335440992,False,0.3853394631221862,False,0.0510050745907533,False
validation:2026.9.7/log_28_2026-9-7-06-44-02.ulg:6:175,2026.9.7/log_28_2026-9-7-06-44-02.ulg,6,175,51,171482905,171985514,172990857,0.502609,Sep7,Stabilized,sustained,1,0.316967194921533,True,0.07694054737180518,False,0.12504826418184561,False,0.06327521956561384,False
validation:2026.9.7/log_28_2026-9-7-06-44-02.ulg:6:225,2026.9.7/log_28_2026-9-7-06-44-02.ulg,6,225,51,172488380,172990857,173986334,0.502477,Sep7,Stabilized,sustained,1,0.0,False,0.06861027756701753,False,1.1116633323816727,True,0.03703592093778051,False
validation:2026.9.7/log_28_2026-9-7-06-44-02.ulg:6:275,2026.9.7/log_28_2026-9-7-06-44-02.ulg,6,275,51,173483726,173986334,174981771,0.5026079999999999,Sep7,Stabilized,lower_change,0,0.0,False,0.09394314039667141,False,0.18103326690075178,False,0.08985973554535721,False
validation:2026.9.7/log_28_2026-9-7-06-44-02.ulg:6:325,2026.9.7/log_28_2026-9-7-06-44-02.ulg,6,325,51,174489290,174981771,175987118,0.492481,Sep7,Stabilized,lower_change,0,0.0,False,0.06439036478499632,False,0.4048267966149043,False,0.12992093044678704,False
validation:2026.9.7/log_28_2026-9-7-06-44-02.ulg:6:375,2026.9.7/log_28_2026-9-7-06-44-02.ulg,6,375,51,175484545,175987118,176982587,0.5025729999999999,Sep7,Stabilized,mixed_change,1,0.12872875765675043,False,0.07615931747956428,False,0.25796335256456865,False,0.2321825777210799,True
validation:2026.9.7/log_28_2026-9-7-06-44-02.ulg:6:425,2026.9.7/log_28_2026-9-7-06-44-02.ulg,6,425,51,176489882,176982587,177987960,0.492705,Sep7,Stabilized,lower_change,0,0.008536178392938774,False,0.07511906789153881,False,0.1904009357224734,False,0.08156496634767889,False
validation:2026.9.7/log_28_2026-9-7-06-44-02.ulg:6:475,2026.9.7/log_28_2026-9-7-06-44-02.ulg,6,475,51,177485267,177987960,178983388,0.502693,Sep7,Stabilized,lower_change,0,0.0,False,0.14455963072943312,False,0.1543857801088482,False,0.11689792725575963,False
validation:2026.9.7/log_28_2026-9-7-06-44-02.ulg:6:525,2026.9.7/log_28_2026-9-7-06-44-02.ulg,6,525,51,178481059,178983388,179988718,0.502329,Sep7,Stabilized,sustained,1,0.00992894122603128,False,0.15470951327618948,False,0.3747870814137299,False,0.2503929257716573,True
validation:2026.9.7/log_28_2026-9-7-06-44-02.ulg:6:575,2026.9.7/log_28_2026-9-7-06-44-02.ulg,6,575,51,179486155,179988718,180984243,0.502563,Sep7,Stabilized,lower_change,0,0.061381720149849286,False,0.11829484262867399,False,0.21427906210090472,False,0.06293464342181355,False
validation:2026.9.7/log_28_2026-9-7-06-44-02.ulg:6:625,2026.9.7/log_28_2026-9-7-06-44-02.ulg,6,625,51,180481610,180984243,181989528,0.502633,Sep7,Stabilized,lower_change,0,0.007465116395336931,False,0.08602085629860431,False,0.2383257642814962,False,0.10316809834299154,False
validation:2026.9.7/log_28_2026-9-7-06-44-02.ulg:6:675,2026.9.7/log_28_2026-9-7-06-44-02.ulg,6,675,51,181486908,181989528,182985015,0.50262,Sep7,Stabilized,lower_change,0,0.08769124366256188,False,0.17371567608666721,False,0.27866868291646996,False,0.07089565825584647,False
validation:2026.9.7/log_28_2026-9-7-06-44-02.ulg:6:725,2026.9.7/log_28_2026-9-7-06-44-02.ulg,6,725,51,182482653,182985015,183980531,0.502362,Sep7,Stabilized,sustained,2,0.0,False,0.40337582759971813,True,0.5829305349711525,True,0.03061293587444167,False
validation:2026.9.7/log_28_2026-9-7-06-44-02.ulg:6:775,2026.9.7/log_28_2026-9-7-06-44-02.ulg,6,775,51,183487699,183980531,184985807,0.492832,Sep7,Stabilized,lower_change,0,0.010955142664440334,False,0.08974858513331645,False,0.37109333949562984,False,0.07873347768162683,False
validation:2026.9.7/log_28_2026-9-7-06-44-02.ulg:6:825,2026.9.7/log_28_2026-9-7-06-44-02.ulg,6,825,51,184483228,184985807,185981262,0.502579,Sep7,Stabilized,sustained,2,0.017072356785877547,False,0.3487656332274794,True,0.7653952784454017,True,0.12442856121240459,False
validation:2026.9.7/log_28_2026-9-7-06-44-02.ulg:6:875,2026.9.7/log_28_2026-9-7-06-44-02.ulg,6,875,51,185488502,185981262,186986611,0.49276,Sep7,Stabilized,lower_change,0,0.01908747515467601,False,0.1432574072187336,False,0.2437962327756695,False,0.08070691450196543,False
validation:2026.9.7/log_28_2026-9-7-06-44-02.ulg:6:925,2026.9.7/log_28_2026-9-7-06-44-02.ulg,6,925,51,186484264,186986611,187982075,0.502347,Sep7,Stabilized,lower_change,0,0.22179843938060842,False,0.14994806724037488,False,0.18287129365243124,False,0.1967543308312698,False
validation:2026.9.7/log_28_2026-9-7-06-44-02.ulg:6:975,2026.9.7/log_28_2026-9-7-06-44-02.ulg,6,975,51,187479434,187982075,188987416,0.502641,Sep7,Stabilized,sustained,2,0.0046296686538658234,False,0.08215330346876311,False,0.6131116508554557,True,0.35022315427080936,True
validation:2026.9.7/log_28_2026-9-7-06-44-02.ulg:6:1025,2026.9.7/log_28_2026-9-7-06-44-02.ulg,6,1025,51,188484837,188987416,189982873,0.502579,Sep7,Stabilized,sustained,1,0.004140654723906093,False,0.11189209376181682,False,0.366378078338416,False,0.42467498098133066,True
validation:2026.9.7/log_28_2026-9-7-06-44-02.ulg:6:1075,2026.9.7/log_28_2026-9-7-06-44-02.ulg,6,1075,51,189490143,189982873,190988201,0.49273,Sep7,Stabilized,sustained,1,0.0,False,0.1630331646317448,False,0.32596395599760825,False,0.48568800290580033,True
validation:2026.9.7/log_28_2026-9-7-06-44-02.ulg:6:1125,2026.9.7/log_28_2026-9-7-06-44-02.ulg,6,1125,51,190485897,190988201,191983693,0.502304,Sep7,Stabilized,sustained,3,0.009258785434009646,False,0.20758778089550234,True,0.6553495512895707,True,0.24615536775649138,True
validation:2026.9.7/log_28_2026-9-7-06-44-02.ulg:6:1175,2026.9.7/log_28_2026-9-7-06-44-02.ulg,6,1175,51,191481046,191983693,192989063,0.502647,Sep7,Stabilized,mixed_change,2,0.006547340199590638,False,0.23348539904332571,True,0.5878601672771334,True,0.10382830403941894,False
validation:2026.9.7/log_28_2026-9-7-06-44-02.ulg:6:1225,2026.9.7/log_28_2026-9-7-06-44-02.ulg,6,1225,51,192486431,192989063,193984486,0.502632,Sep7,Stabilized,sustained,2,0.09394477952811313,False,0.17679912824214028,False,0.5167152765342184,True,0.2275039501045778,True
validation:2026.9.7/log_28_2026-9-7-06-44-02.ulg:6:1275,2026.9.7/log_28_2026-9-7-06-44-02.ulg,6,1275,51,193481848,193984486,194979967,0.502638,Sep7,Stabilized,sustained,2,0.022585136854589856,False,0.06815054357691915,False,0.8931224313922747,True,0.3363396612369544,True
validation:2026.9.7/log_28_2026-9-7-06-44-02.ulg:6:1325,2026.9.7/log_28_2026-9-7-06-44-02.ulg,6,1325,51,194487392,194979967,195985337,0.492575,Sep7,Stabilized,sustained,1,0.3513446170633539,True,0.0720858668265567,False,0.17174124288370496,False,0.09046140916882914,False
validation:2026.9.7/log_28_2026-9-7-06-44-02.ulg:6:1375,2026.9.7/log_28_2026-9-7-06-44-02.ulg,6,1375,51,195482637,195985337,196990613,0.5026999999999999,Sep7,Stabilized,lower_change,0,0.004140778126621831,False,0.11500514772678433,False,0.3523395610536863,False,0.1311678163926441,False
validation:2026.9.7/log_28_2026-9-7-06-44-02.ulg:6:1425,2026.9.7/log_28_2026-9-7-06-44-02.ulg,6,1425,51,196488013,196990613,197986110,0.5025999999999999,Sep7,Stabilized,sustained,1,0.005855770067652219,False,0.14107855938878636,False,0.5260869659101476,True,0.10822478519323243,False
validation:2026.9.7/log_28_2026-9-7-06-44-02.ulg:6:1475,2026.9.7/log_28_2026-9-7-06-44-02.ulg,6,1475,51,197483485,197986110,198981592,0.502625,Sep7,Stabilized,lower_change,0,0.005477897825117123,False,0.09878568940198762,False,0.43375188629946954,False,0.07556919833581106,False
validation:2026.9.7/log_28_2026-9-7-06-44-02.ulg:6:1525,2026.9.7/log_28_2026-9-7-06-44-02.ulg,6,1525,51,198489028,198981592,199986863,0.492564,Sep7,Stabilized,sustained,2,0.005071245637307343,False,0.08025277368494435,False,0.9962994012490682,True,0.35048256947315987,True
validation:2026.9.7/log_28_2026-9-7-06-44-02.ulg:6:1575,2026.9.7/log_28_2026-9-7-06-44-02.ulg,6,1575,51,199484254,199986863,200982358,0.502609,Sep7,Stabilized,mixed_change,2,0.08047793774949356,False,0.0723216188843014,False,0.5024317162952359,True,0.4087203228797801,True
validation:2026.9.7/log_28_2026-9-7-06-44-02.ulg:6:1625,2026.9.7/log_28_2026-9-7-06-44-02.ulg,6,1625,51,200489614,200982358,201987699,0.4927439999999999,Sep7,Stabilized,lower_change,0,0.0,False,0.07479654040673077,False,0.2163946235562714,False,0.2010273214795608,False
validation:2026.9.7/log_28_2026-9-7-06-44-02.ulg:6:1675,2026.9.7/log_28_2026-9-7-06-44-02.ulg,6,1675,51,201485018,201987699,202983122,0.5026809999999999,Sep7,Stabilized,sustained,3,0.02793024311008706,False,0.22503149295236288,True,1.2673719759070405,True,0.6744117427916597,True
validation:2026.9.7/log_28_2026-9-7-06-44-02.ulg:6:1725,2026.9.7/log_28_2026-9-7-06-44-02.ulg,6,1725,51,202480761,202983122,203988447,0.502361,Sep7,Stabilized,sustained,2,0.11062376932300977,False,0.06917510406364769,False,0.7100432431618172,True,0.38415231580597226,True
validation:2026.9.7/log_28_2026-9-7-06-44-02.ulg:6:1775,2026.9.7/log_28_2026-9-7-06-44-02.ulg,6,1775,51,203485824,203988447,204983933,0.5026229999999999,Sep7,Stabilized,lower_change,0,0.03401952069124799,False,0.1128127855192487,False,0.24604860704488835,False,0.07965710055093907,False
validation:2026.9.7/log_28_2026-9-7-06-44-02.ulg:6:1825,2026.9.7/log_28_2026-9-7-06-44-02.ulg,6,1825,51,204491272,204983933,205989289,0.4926609999999999,Sep7,Stabilized,lower_change,0,0.014929342921035602,False,0.1445808238849822,False,0.2359943349751878,False,0.046145169763341015,False
validation:2026.9.7/log_28_2026-9-7-06-44-02.ulg:6:1875,2026.9.7/log_28_2026-9-7-06-44-02.ulg,6,1875,51,205486667,205989289,206984740,0.502622,Sep7,Stabilized,lower_change,0,0.18627430369604725,False,0.16573130943872835,False,0.4212360748877242,False,0.05389215592229733,False
validation:2026.9.7/log_29_2026-9-7-06-51-04.ulg:0:25,2026.9.7/log_29_2026-9-7-06-51-04.ulg,0,25,51,47863165,48362242,49360157,0.499077,Sep7,Stabilized,sustained,3,0.22504099447092563,False,0.29679321112423906,True,0.9202188359467232,True,1.1400042740078773,True
validation:2026.9.7/log_29_2026-9-7-06-51-04.ulg:0:75,2026.9.7/log_29_2026-9-7-06-51-04.ulg,0,75,51,48861110,49360157,50358101,0.4990469999999999,Sep7,Stabilized,sustained,3,0.31239718979550946,True,0.13199617619411624,False,1.5544546801514545,True,1.3564531591429572,True
validation:2026.9.7/log_29_2026-9-7-06-51-04.ulg:0:125,2026.9.7/log_29_2026-9-7-06-51-04.ulg,0,125,51,49859087,50358101,51356025,0.4990139999999999,Sep7,Stabilized,sustained,1,0.15629487637215378,False,0.0672172170488756,False,0.36843242689522215,False,0.3493179941672181,True
validation:2026.9.7/log_29_2026-9-7-06-51-04.ulg:0:175,2026.9.7/log_29_2026-9-7-06-51-04.ulg,0,175,51,50856997,51356025,52364116,0.4990279999999999,Sep7,Stabilized,lower_change,0,0.0160371647247463,False,0.10004510459995437,False,0.1626315417979262,False,0.0671625607805989,False
validation:2026.9.7/log_29_2026-9-7-06-51-04.ulg:0:225,2026.9.7/log_29_2026-9-7-06-51-04.ulg,0,225,51,51855061,52364116,53361891,0.5090549999999999,Sep7,Stabilized,lower_change,0,0.009487431849488071,False,0.09517973277006707,False,0.25380246100282244,False,0.07809801694485308,False
validation:2026.9.7/log_29_2026-9-7-06-51-04.ulg:0:275,2026.9.7/log_29_2026-9-7-06-51-04.ulg,0,275,51,52862877,53361891,54359808,0.4990139999999999,Sep7,Stabilized,lower_change,0,0.0020703273619530464,False,0.04701461360400665,False,0.2438997999254716,False,0.051605920214052595,False
validation:2026.9.7/log_29_2026-9-7-06-51-04.ulg:0:325,2026.9.7/log_29_2026-9-7-06-51-04.ulg,0,325,51,53860793,54359808,55357800,0.499015,Sep7,Stabilized,mixed_change,2,0.009487431849488071,False,0.06855958844433313,False,0.5102064787793863,True,0.23931504314061863,True
validation:2026.9.7/log_29_2026-9-7-06-51-04.ulg:0:375,2026.9.7/log_29_2026-9-7-06-51-04.ulg,0,375,51,54858777,55357800,56355733,0.499023,Sep7,Stabilized,lower_change,0,0.007464671460517801,False,0.06185634937383058,False,0.2420092908140858,False,0.16132183587484059,False
validation:2026.9.7/log_29_2026-9-7-06-51-04.ulg:0:425,2026.9.7/log_29_2026-9-7-06-51-04.ulg,0,425,51,55856739,56355733,57363749,0.498994,Sep7,Stabilized,lower_change,0,0.007464671460517801,False,0.06320114467922182,False,0.4001095943390012,False,0.07105117651161143,False
validation:2026.9.7/log_29_2026-9-7-06-51-04.ulg:0:475,2026.9.7/log_29_2026-9-7-06-51-04.ulg,0,475,51,56864657,57363749,58361594,0.499092,Sep7,Stabilized,mixed_change,1,0.023786766019068643,False,0.3940909498219987,True,0.2600275694823793,False,0.11988368235092359,False
validation:2026.9.7/log_29_2026-9-7-06-51-04.ulg:0:525,2026.9.7/log_29_2026-9-7-06-51-04.ulg,0,525,51,57862621,58361594,59359582,0.498973,Sep7,Stabilized,lower_change,0,0.014639425169130546,False,0.09054623934933534,False,0.17576777624702195,False,0.06867292671858574,False
validation:2026.9.7/log_29_2026-9-7-06-51-04.ulg:0:575,2026.9.7/log_29_2026-9-7-06-51-04.ulg,0,575,51,58860497,59359582,60357491,0.499085,Sep7,Stabilized,lower_change,0,0.0020703273619530464,False,0.11102137323867727,False,0.23084637788020235,False,0.03770733508822411,False
validation:2026.9.7/log_29_2026-9-7-06-51-04.ulg:0:625,2026.9.7/log_29_2026-9-7-06-51-04.ulg,0,625,51,59858457,60357491,61365565,0.499034,Sep7,Stabilized,sustained,1,0.0029278850338261097,False,0.1611496208503532,False,1.1811906947680486,True,0.03949871511142924,False
validation:2026.9.7/log_29_2026-9-7-06-51-04.ulg:0:675,2026.9.7/log_29_2026-9-7-06-51-04.ulg,0,675,51,60866372,61365565,62363498,0.499193,Sep7,Stabilized,lower_change,0,0.006866499052804569,False,0.07365158197741467,False,0.44476293412137113,False,0.21162604744747246,False
validation:2026.9.7/log_29_2026-9-7-06-51-04.ulg:0:725,2026.9.7/log_29_2026-9-7-06-51-04.ulg,0,725,51,61854548,62363498,63361334,0.50895,Sep7,Stabilized,lower_change,0,0.007171824358405433,False,0.062342822209233206,False,0.32800700756818857,False,0.12259053528700466,False
validation:2026.9.7/log_29_2026-9-7-06-51-04.ulg:0:775,2026.9.7/log_29_2026-9-7-06-51-04.ulg,0,775,51,62862272,63361334,64359278,0.4990619999999999,Sep7,Stabilized,lower_change,0,0.0077464556668918215,False,0.11701682838348999,False,0.3208542295747987,False,0.15596673184323168,False
validation:2026.9.7/log_29_2026-9-7-06-51-04.ulg:0:825,2026.9.7/log_29_2026-9-7-06-51-04.ulg,0,825,51,63860221,64359278,65357242,0.499057,Sep7,Stabilized,lower_change,0,0.006866499052804569,False,0.09019154830523435,False,0.2719228373345352,False,0.03932441566072499,False
validation:2026.9.7/log_29_2026-9-7-06-51-04.ulg:1:25,2026.9.7/log_29_2026-9-7-06-51-04.ulg,1,25,51,65436993,65935967,66943944,0.498974,Sep7,Mission,sustained,2,0.3936816912981396,True,0.062349092072489065,False,0.7382425693954485,True,0.22086816278636295,False
validation:2026.9.7/log_29_2026-9-7-06-51-04.ulg:1:75,2026.9.7/log_29_2026-9-7-06-51-04.ulg,1,75,51,66444939,66943944,67941927,0.499005,Sep7,Mission,sustained,2,0.373290353095371,True,0.21184623183254805,True,0.24151194237008894,False,0.050877549320947624,False
validation:2026.9.7/log_29_2026-9-7-06-51-04.ulg:1:125,2026.9.7/log_29_2026-9-7-06-51-04.ulg,1,125,51,67442911,67941927,68939926,0.4990159999999999,Sep7,Mission,lower_change,0,0.08526742086205319,False,0.12208070420271026,False,0.16286085854608065,False,0.15940672289678623,False
validation:2026.9.7/log_29_2026-9-7-06-51-04.ulg:1:175,2026.9.7/log_29_2026-9-7-06-51-04.ulg,1,175,51,68440908,68939926,69937806,0.4990179999999999,Sep7,Mission,sustained,1,0.17330217866182987,False,0.13103052895442102,False,0.47302710010375526,False,0.27199564653456293,True
validation:2026.9.7/log_29_2026-9-7-06-51-04.ulg:1:225,2026.9.7/log_29_2026-9-7-06-51-04.ulg,1,225,51,69438826,69937806,70945782,0.49898,Sep7,Mission,lower_change,0,0.05534074946931715,False,0.07685690383976035,False,0.24079439663316293,False,0.1621919798799096,False
validation:2026.9.7/log_29_2026-9-7-06-51-04.ulg:2:25,2026.9.7/log_29_2026-9-7-06-51-04.ulg,2,25,51,71584638,72083421,73081372,0.498783,Sep7,Stabilized,lower_change,0,0.007171824358405433,False,0.062080556932825375,False,0.23135576302048733,False,0.14195861517461128,False
validation:2026.9.7/log_29_2026-9-7-06-51-04.ulg:2:75,2026.9.7/log_29_2026-9-7-06-51-04.ulg,2,75,51,72582604,73081372,74079298,0.498768,Sep7,Stabilized,lower_change,0,0.09759238476315095,False,0.13802172611736524,False,0.20536925207082563,False,0.07408621321595525,False
validation:2026.9.7/log_29_2026-9-7-06-51-04.ulg:3:25,2026.9.7/log_29_2026-9-7-06-51-04.ulg,3,25,51,74318796,74817787,75815759,0.4989909999999999,Sep7,Mission,lower_change,0,0.09632346322738186,False,0.12392288839988838,False,0.18609592576962136,False,0.07178110791168668,False
validation:2026.9.7/log_29_2026-9-7-06-51-04.ulg:3:75,2026.9.7/log_29_2026-9-7-06-51-04.ulg,3,75,51,75316765,75815759,76823690,0.498994,Sep7,Mission,sustained,1,0.09605344104250464,False,0.13359433887748934,False,0.5789296355078518,True,0.04602204301129518,False
validation:2026.9.7/log_29_2026-9-7-06-51-04.ulg:3:125,2026.9.7/log_29_2026-9-7-06-51-04.ulg,3,125,51,76324651,76823690,77821585,0.4990389999999999,Sep7,Mission,lower_change,0,0.14880650855019809,False,0.1439893211468565,False,0.13836050682781914,False,0.07269706527772075,False
validation:2026.9.7/log_29_2026-9-7-06-51-04.ulg:3:175,2026.9.7/log_29_2026-9-7-06-51-04.ulg,3,175,51,77322609,77821585,78819541,0.498976,Sep7,Mission,lower_change,0,0.29643160432323407,False,0.09224038022360317,False,0.1480996148155436,False,0.07368507082952161,False
validation:2026.9.7/log_29_2026-9-7-06-51-04.ulg:3:225,2026.9.7/log_29_2026-9-7-06-51-04.ulg,3,225,51,78320563,78819541,79817495,0.498978,Sep7,Mission,lower_change,0,0.20094255187314605,False,0.12431402920294812,False,0.31036300550226864,False,0.14510687343219011,False
validation:2026.9.7/log_29_2026-9-7-06-51-04.ulg:3:275,2026.9.7/log_29_2026-9-7-06-51-04.ulg,3,275,51,79318625,79817495,80825422,0.49887,Sep7,Mission,lower_change,0,0.04405114335033098,False,0.16006480845331508,False,0.16514571668569444,False,0.07007241397212999,False
validation:2026.9.7/log_29_2026-9-7-06-51-04.ulg:3:325,2026.9.7/log_29_2026-9-7-06-51-04.ulg,3,325,51,80316495,80825422,81823390,0.508927,Sep7,Mission,lower_change,0,0.07133604289595452,False,0.07276673456472003,False,0.24583498835250858,False,0.059498702378152295,False
validation:2026.9.7/log_29_2026-9-7-06-51-04.ulg:3:375,2026.9.7/log_29_2026-9-7-06-51-04.ulg,3,375,51,81314404,81823390,82821320,0.5089859999999999,Sep7,Mission,sustained,1,0.3607245470690854,True,0.08531797255649815,False,0.11638648240844525,False,0.1353526138057287,False
validation:2026.9.7/log_29_2026-9-7-06-51-04.ulg:3:425,2026.9.7/log_29_2026-9-7-06-51-04.ulg,3,425,51,82322406,82821320,83819283,0.4989139999999999,Sep7,Mission,sustained,1,0.34916177597608605,True,0.16537504516503096,False,0.1909545940708689,False,0.061707793679508606,False
validation:2026.9.7/log_29_2026-9-7-06-51-04.ulg:3:475,2026.9.7/log_29_2026-9-7-06-51-04.ulg,3,475,51,83320322,83819283,84817376,0.498961,Sep7,Mission,lower_change,0,0.08977866885822362,False,0.07511091854003375,False,0.32376162032401556,False,0.140770979107493,False
validation:2026.9.7/log_29_2026-9-7-06-51-04.ulg:3:525,2026.9.7/log_29_2026-9-7-06-51-04.ulg,3,525,51,84318259,84817376,85815189,0.499117,Sep7,Mission,sustained,1,0.29974777325199764,True,0.08440135301366652,False,0.1637089305641095,False,0.05271435414382504,False
validation:2026.9.7/log_29_2026-9-7-06-51-04.ulg:3:575,2026.9.7/log_29_2026-9-7-06-51-04.ulg,3,575,51,85316289,85815189,86823174,0.4988999999999999,Sep7,Mission,lower_change,0,0.0603217217954369,False,0.0948201816909328,False,0.22157897717135977,False,0.035407026722022436,False
validation:2026.9.7/log_29_2026-9-7-06-51-04.ulg:3:625,2026.9.7/log_29_2026-9-7-06-51-04.ulg,3,625,51,86324194,86823174,87821136,0.49898,Sep7,Mission,lower_change,0,0.17902875030860543,False,0.16858292309744538,False,0.20507983494563004,False,0.025910073181530137,False
validation:2026.9.7/log_29_2026-9-7-06-51-04.ulg:3:675,2026.9.7/log_29_2026-9-7-06-51-04.ulg,3,675,51,87322124,87821136,88819063,0.4990119999999999,Sep7,Mission,lower_change,0,0.24505395301736554,False,0.1197358181749654,False,0.1901900496851531,False,0.15411427597730784,False
validation:2026.9.7/log_29_2026-9-7-06-51-04.ulg:3:725,2026.9.7/log_29_2026-9-7-06-51-04.ulg,3,725,51,88320066,88819063,89817004,0.4989969999999999,Sep7,Mission,lower_change,0,0.25669464753490223,False,0.09826441437067822,False,0.229165424446424,False,0.09593367673336599,False
validation:2026.9.7/log_29_2026-9-7-06-51-04.ulg:3:775,2026.9.7/log_29_2026-9-7-06-51-04.ulg,3,775,51,89318040,89817004,90824984,0.4989639999999999,Sep7,Mission,lower_change,0,0.03844652007528275,False,0.09120589344779723,False,0.25908462615713523,False,0.08319584617510657,False
validation:2026.9.7/log_29_2026-9-7-06-51-04.ulg:3:825,2026.9.7/log_29_2026-9-7-06-51-04.ulg,3,825,51,90315973,90824984,91817953,0.509011,Sep7,Mission,sustained,1,0.29140851085826497,False,0.18112843777519214,True,0.3134496148297797,False,0.08447444990422512,False
validation:2026.9.7/log_29_2026-9-7-06-51-04.ulg:3:875,2026.9.7/log_29_2026-9-7-06-51-04.ulg,3,875,51,91323992,91817953,92820859,0.493961,Sep7,Mission,lower_change,0,0.08486371409563125,False,0.07532811750561956,False,0.3273838096461189,False,0.11552377035354425,False
validation:2026.9.7/log_29_2026-9-7-06-51-04.ulg:3:925,2026.9.7/log_29_2026-9-7-06-51-04.ulg,3,925,51,92321931,92820859,93818813,0.498928,Sep7,Mission,lower_change,0,0.08222259771885919,False,0.06589344188292034,False,0.3196607788155136,False,0.029109507167788738,False
validation:2026.9.7/log_29_2026-9-7-06-51-04.ulg:3:975,2026.9.7/log_29_2026-9-7-06-51-04.ulg,3,975,51,93319827,93818813,94826730,0.498986,Sep7,Mission,lower_change,0,0.26294958980055627,False,0.07550812751649827,False,0.49112689296845713,False,0.15461894255591704,False
validation:2026.9.7/log_29_2026-9-7-06-51-04.ulg:3:1025,2026.9.7/log_29_2026-9-7-06-51-04.ulg,3,1025,51,94317774,94826730,95814705,0.508956,Sep7,Mission,lower_change,0,0.16795110434291405,False,0.11019028437719658,False,0.4607131560699118,False,0.08294257048460403,False
validation:2026.9.7/log_29_2026-9-7-06-51-04.ulg:3:1075,2026.9.7/log_29_2026-9-7-06-51-04.ulg,3,1075,51,95315738,95814705,96822626,0.498967,Sep7,Mission,lower_change,0,0.21485753953841413,False,0.08044704992197904,False,0.22447052515461122,False,0.18617248124887237,False
validation:2026.9.7/log_29_2026-9-7-06-51-04.ulg:3:1125,2026.9.7/log_29_2026-9-7-06-51-04.ulg,3,1125,51,96323716,96822626,97820579,0.4989099999999999,Sep7,Mission,lower_change,0,0.17051399447691826,False,0.1264562754823053,False,0.28920955410810467,False,0.07686328190826222,False
validation:2026.9.7/log_29_2026-9-7-06-51-04.ulg:3:1175,2026.9.7/log_29_2026-9-7-06-51-04.ulg,3,1175,51,97321629,97820579,98818587,0.49895,Sep7,Mission,lower_change,0,0.06752902564030118,False,0.1161223751402698,False,0.19808782433412347,False,0.05082841549764451,False
validation:2026.9.7/log_29_2026-9-7-06-51-04.ulg:3:1225,2026.9.7/log_29_2026-9-7-06-51-04.ulg,3,1225,51,98319623,98818587,99816501,0.4989639999999999,Sep7,Mission,lower_change,0,0.21078691519697246,False,0.07433632993573143,False,0.30455317069550214,False,0.07097169807599579,False
validation:2026.9.7/log_29_2026-9-7-06-51-04.ulg:3:1275,2026.9.7/log_29_2026-9-7-06-51-04.ulg,3,1275,51,99317540,99816501,100824433,0.498961,Sep7,Mission,sustained,1,0.3921405486157946,True,0.08304872056338387,False,0.4905118832244269,False,0.10481090210711633,False
validation:2026.9.7/log_29_2026-9-7-06-51-04.ulg:3:1325,2026.9.7/log_29_2026-9-7-06-51-04.ulg,3,1325,51,100315492,100824433,101822420,0.508941,Sep7,Mission,lower_change,0,0.20992575863130528,False,0.07672839383689739,False,0.1974150833549639,False,0.056664785445913676,False
validation:2026.9.7/log_29_2026-9-7-06-51-04.ulg:3:1375,2026.9.7/log_29_2026-9-7-06-51-04.ulg,3,1375,51,101323392,101822420,102820341,0.4990279999999999,Sep7,Mission,sustained,1,0.3817760450215177,True,0.08746841348909862,False,0.37690071165775074,False,0.09298651645063928,False
validation:2026.9.7/log_29_2026-9-7-06-51-04.ulg:3:1425,2026.9.7/log_29_2026-9-7-06-51-04.ulg,3,1425,51,102321369,102820341,103818294,0.4989719999999999,Sep7,Mission,sustained,1,0.38183459443564505,True,0.10841217458536848,False,0.20496191178147755,False,0.21744686126784363,False
validation:2026.9.7/log_29_2026-9-7-06-51-04.ulg:3:1475,2026.9.7/log_29_2026-9-7-06-51-04.ulg,3,1475,51,103319391,103818294,104826229,0.498903,Sep7,Mission,lower_change,0,0.12816203958961753,False,0.0849915662759402,False,0.3804942944424255,False,0.10623437781825747,False
validation:2026.9.7/log_29_2026-9-7-06-51-04.ulg:3:1525,2026.9.7/log_29_2026-9-7-06-51-04.ulg,3,1525,51,104317309,104826229,105814181,0.5089199999999999,Sep7,Mission,sustained,2,0.37016340375316753,True,0.18204114997986914,True,0.1910840308169011,False,0.19701052947785075,False
validation:2026.9.7/log_29_2026-9-7-06-51-04.ulg:3:1575,2026.9.7/log_29_2026-9-7-06-51-04.ulg,3,1575,51,105325262,105814181,106822110,0.488919,Sep7,Mission,sustained,3,0.39707452102651986,True,0.2224581501027692,True,0.6239890563670236,True,0.12904636680982234,False
validation:2026.9.7/log_29_2026-9-7-06-51-04.ulg:3:1625,2026.9.7/log_29_2026-9-7-06-51-04.ulg,3,1625,51,106323259,106822110,107820067,0.498851,Sep7,Mission,sustained,1,0.28186550129138704,False,0.1766292386685783,False,0.172943482047735,False,0.23344527651283076,True
validation:2026.9.7/log_29_2026-9-7-06-51-04.ulg:3:1675,2026.9.7/log_29_2026-9-7-06-51-04.ulg,3,1675,51,107321173,107820067,108818017,0.498894,Sep7,Mission,sustained,1,0.3432672314479261,True,0.09292010458080398,False,0.3687714412931046,False,0.08281465507998485,False
validation:2026.9.7/log_29_2026-9-7-06-51-04.ulg:3:1725,2026.9.7/log_29_2026-9-7-06-51-04.ulg,3,1725,51,108319129,108818017,109816023,0.498888,Sep7,Mission,sustained,1,0.3058460497469486,True,0.10129311596755934,False,0.4385678595483857,False,0.08986203292895227,False
validation:2026.9.7/log_29_2026-9-7-06-51-04.ulg:3:1775,2026.9.7/log_29_2026-9-7-06-51-04.ulg,3,1775,51,109317114,109816023,110823948,0.498909,Sep7,Mission,sustained,1,0.3031644701356191,True,0.05635753953402895,False,0.22758487802963567,False,0.06262674677867049,False
validation:2026.9.7/log_29_2026-9-7-06-51-04.ulg:3:1825,2026.9.7/log_29_2026-9-7-06-51-04.ulg,3,1825,51,110324965,110823948,111821841,0.4989829999999999,Sep7,Mission,lower_change,0,0.11920226375673418,False,0.07884172637492375,False,0.3386787900166906,False,0.06681195270375416,False
validation:2026.9.7/log_29_2026-9-7-06-51-04.ulg:3:1875,2026.9.7/log_29_2026-9-7-06-51-04.ulg,3,1875,51,111322929,111821841,112819856,0.4989119999999999,Sep7,Mission,lower_change,0,0.1381780346019467,False,0.09208676907284763,False,0.2632742887754182,False,0.1096524190683571,False
validation:2026.9.7/log_29_2026-9-7-06-51-04.ulg:3:1925,2026.9.7/log_29_2026-9-7-06-51-04.ulg,3,1925,51,112320830,112819856,113817768,0.4990259999999999,Sep7,Mission,lower_change,0,0.17682835660430263,False,0.11973947812702568,False,0.17895549274912095,False,0.09529488538395486,False
validation:2026.9.7/log_29_2026-9-7-06-51-04.ulg:3:1975,2026.9.7/log_29_2026-9-7-06-51-04.ulg,3,1975,51,113318783,113817768,114825704,0.4989849999999999,Sep7,Mission,lower_change,0,0.08610256496789413,False,0.08927269410395039,False,0.39775767835581866,False,0.2217570609719481,False
validation:2026.9.7/log_29_2026-9-7-06-51-04.ulg:3:2025,2026.9.7/log_29_2026-9-7-06-51-04.ulg,3,2025,51,114316776,114825704,115823667,0.5089279999999999,Sep7,Mission,lower_change,0,0.23158579075571034,False,0.11158745800415619,False,0.18735009336121514,False,0.09146203396351736,False
validation:2026.9.7/log_29_2026-9-7-06-51-04.ulg:3:2075,2026.9.7/log_29_2026-9-7-06-51-04.ulg,3,2075,51,115324828,115823667,116821599,0.498839,Sep7,Mission,lower_change,0,0.1619995664392935,False,0.07548232647755268,False,0.22931914356448602,False,0.06300463896139366,False
validation:2026.9.7/log_29_2026-9-7-06-51-04.ulg:3:2125,2026.9.7/log_29_2026-9-7-06-51-04.ulg,3,2125,51,116322770,116821599,117819545,0.4988289999999999,Sep7,Mission,lower_change,0,0.28935683571523685,False,0.12286720040623052,False,0.34227860015164113,False,0.09173773041186273,False
validation:2026.9.7/log_29_2026-9-7-06-51-04.ulg:3:2175,2026.9.7/log_29_2026-9-7-06-51-04.ulg,3,2175,51,117320763,117819545,118817538,0.498782,Sep7,Mission,lower_change,0,0.22536211072040171,False,0.10522876981932713,False,0.22140199658317677,False,0.07606265183213591,False
validation:2026.9.7/log_29_2026-9-7-06-51-04.ulg:3:2225,2026.9.7/log_29_2026-9-7-06-51-04.ulg,3,2225,51,118318591,118817538,119815439,0.498947,Sep7,Mission,lower_change,0,0.11960883943846051,False,0.0733874831799863,False,0.1584884236728836,False,0.08473486357209178,False
validation:2026.9.7/log_29_2026-9-7-06-51-04.ulg:3:2275,2026.9.7/log_29_2026-9-7-06-51-04.ulg,3,2275,51,119326481,119815439,120823349,0.488958,Sep7,Mission,lower_change,0,0.15940478700201982,False,0.09059650162854009,False,0.23506214980301612,False,0.08416501336259387,False
validation:2026.9.7/log_29_2026-9-7-06-51-04.ulg:3:2325,2026.9.7/log_29_2026-9-7-06-51-04.ulg,3,2325,51,120324385,120823349,121821305,0.4989639999999999,Sep7,Mission,lower_change,0,0.07910486895783342,False,0.08526182576572566,False,0.18230686638077587,False,0.051414383523376773,False
validation:2026.9.7/log_29_2026-9-7-06-51-04.ulg:3:2375,2026.9.7/log_29_2026-9-7-06-51-04.ulg,3,2375,51,121322346,121821305,122819244,0.498959,Sep7,Mission,lower_change,0,0.260149457877951,False,0.11562726518769194,False,0.1881139954247426,False,0.06821644670276615,False
validation:2026.9.7/log_29_2026-9-7-06-51-04.ulg:3:2425,2026.9.7/log_29_2026-9-7-06-51-04.ulg,3,2425,51,122320286,122819244,123817265,0.4989579999999999,Sep7,Mission,sustained,1,0.34624750173658025,True,0.10441978787186068,False,0.23107646716072114,False,0.1537879973654323,False
validation:2026.9.7/log_29_2026-9-7-06-51-04.ulg:3:2475,2026.9.7/log_29_2026-9-7-06-51-04.ulg,3,2475,51,123318232,123817265,124825204,0.499033,Sep7,Mission,sustained,1,0.3867799943102248,True,0.08415834649478406,False,0.3781512025707728,False,0.0524401041026174,False
validation:2026.9.7/log_29_2026-9-7-06-51-04.ulg:3:2525,2026.9.7/log_29_2026-9-7-06-51-04.ulg,3,2525,51,124316172,124825204,125823087,0.5090319999999999,Sep7,Mission,sustained,1,0.31639465061477584,True,0.08122706017489863,False,0.19334455409984422,False,0.058492907830015595,False
validation:2026.9.7/log_29_2026-9-7-06-51-04.ulg:3:2575,2026.9.7/log_29_2026-9-7-06-51-04.ulg,3,2575,51,125324205,125823087,126821092,0.498882,Sep7,Mission,sustained,1,0.09619056103342502,False,0.18900058624879196,True,0.36696303331075836,False,0.11897302694443554,False
validation:2026.9.7/log_29_2026-9-7-06-51-04.ulg:3:2625,2026.9.7/log_29_2026-9-7-06-51-04.ulg,3,2625,51,126322058,126821092,127818986,0.499034,Sep7,Mission,lower_change,0,0.2655165263628769,False,0.12249695400405829,False,0.17428123493294262,False,0.04736973064729022,False
validation:2026.9.7/log_29_2026-9-7-06-51-04.ulg:3:2675,2026.9.7/log_29_2026-9-7-06-51-04.ulg,3,2675,51,127320006,127818986,128817014,0.49898,Sep7,Mission,lower_change,0,0.19544336527908823,False,0.10428110204851734,False,0.19927777085893492,False,0.03901690307667382,False
validation:2026.9.7/log_29_2026-9-7-06-51-04.ulg:3:2725,2026.9.7/log_29_2026-9-7-06-51-04.ulg,3,2725,51,128318037,128817014,129824859,0.498977,Sep7,Mission,lower_change,0,0.059579375192176764,False,0.07544505413348382,False,0.22876912430481705,False,0.018791944831735415,False
validation:2026.9.7/log_29_2026-9-7-06-51-04.ulg:3:2775,2026.9.7/log_29_2026-9-7-06-51-04.ulg,3,2775,51,129325906,129824859,130822787,0.498953,Sep7,Mission,lower_change,0,0.09069089032398889,False,0.08429963384434565,False,0.19824338620713403,False,0.13302860426657195,False
validation:2026.9.7/log_29_2026-9-7-06-51-04.ulg:3:2825,2026.9.7/log_29_2026-9-7-06-51-04.ulg,3,2825,51,130323833,130822787,131820778,0.4989539999999999,Sep7,Mission,lower_change,0,0.1687408418539396,False,0.08504041306949037,False,0.3054186755945767,False,0.11786371858288873,False
validation:2026.9.7/log_29_2026-9-7-06-51-04.ulg:3:2875,2026.9.7/log_29_2026-9-7-06-51-04.ulg,3,2875,51,131321843,131820778,132818765,0.4989349999999999,Sep7,Mission,sustained,1,0.381834435991458,True,0.13596462724786193,False,0.2499796940361867,False,0.0649078130148755,False
validation:2026.9.7/log_29_2026-9-7-06-51-04.ulg:3:2925,2026.9.7/log_29_2026-9-7-06-51-04.ulg,3,2925,51,132319811,132818765,133816671,0.4989539999999999,Sep7,Mission,lower_change,0,0.23962851464114934,False,0.14103091213457356,False,0.23407723737229474,False,0.05682660648499541,False
validation:2026.9.7/log_29_2026-9-7-06-51-04.ulg:3:2975,2026.9.7/log_29_2026-9-7-06-51-04.ulg,3,2975,51,133317662,133816671,134824558,0.499009,Sep7,Mission,lower_change,0,0.1603930514847811,False,0.08591700592710758,False,0.14042194287739973,False,0.06203403387113132,False
validation:2026.9.7/log_29_2026-9-7-06-51-04.ulg:3:3025,2026.9.7/log_29_2026-9-7-06-51-04.ulg,3,3025,51,134315659,134824558,135822501,0.508899,Sep7,Mission,lower_change,0,0.0736173927706865,False,0.15033534979442661,False,0.21585849553040473,False,0.03957715596147397,False
validation:2026.9.7/log_29_2026-9-7-06-51-04.ulg:3:3075,2026.9.7/log_29_2026-9-7-06-51-04.ulg,3,3075,51,135323586,135822501,136820436,0.498915,Sep7,Mission,lower_change,0,0.11874852994716321,False,0.07563575093571165,False,0.2067829655112081,False,0.04482680374999374,False
validation:2026.9.7/log_29_2026-9-7-06-51-04.ulg:3:3125,2026.9.7/log_29_2026-9-7-06-51-04.ulg,3,3125,51,136321615,136820436,137818399,0.4988209999999999,Sep7,Mission,lower_change,0,0.05599097928790308,False,0.0799606558975378,False,0.20678559438972918,False,0.09297636739507764,False
validation:2026.9.7/log_29_2026-9-7-06-51-04.ulg:3:3175,2026.9.7/log_29_2026-9-7-06-51-04.ulg,3,3175,51,137319417,137818399,138816320,0.498982,Sep7,Mission,lower_change,0,0.2577645499314568,False,0.10522315715405291,False,0.20832917671023418,False,0.10634622817034196,False
validation:2026.9.7/log_29_2026-9-7-06-51-04.ulg:3:3225,2026.9.7/log_29_2026-9-7-06-51-04.ulg,3,3225,51,138317451,138816320,139824328,0.4988689999999999,Sep7,Mission,lower_change,0,0.05771206588822874,False,0.1430120507438445,False,0.25127118188404257,False,0.09231562442374196,False
validation:2026.9.7/log_29_2026-9-7-06-51-04.ulg:3:3275,2026.9.7/log_29_2026-9-7-06-51-04.ulg,3,3275,51,139325481,139824328,140822308,0.498847,Sep7,Mission,sustained,1,0.37367441423914,True,0.07837899656278238,False,0.34504554230904605,False,0.051817067861940624,False
validation:2026.9.7/log_29_2026-9-7-06-51-04.ulg:3:3325,2026.9.7/log_29_2026-9-7-06-51-04.ulg,3,3325,51,140323284,140822308,141820160,0.4990239999999999,Sep7,Mission,lower_change,0,0.20637836662909634,False,0.1348184333701016,False,0.2666197309874233,False,0.05857784531394478,False
validation:2026.9.7/log_29_2026-9-7-06-51-04.ulg:3:3375,2026.9.7/log_29_2026-9-7-06-51-04.ulg,3,3375,51,141321298,141820160,142818104,0.4988619999999999,Sep7,Mission,lower_change,0,0.20168511893421157,False,0.14641205267747415,False,0.32635589516143615,False,0.02490264201236338,False
validation:2026.9.7/log_29_2026-9-7-06-51-04.ulg:3:3425,2026.9.7/log_29_2026-9-7-06-51-04.ulg,3,3425,51,142319205,142818104,143826191,0.498899,Sep7,Mission,lower_change,0,0.08433587178134033,False,0.08199723559822522,False,0.2130032158227427,False,0.06075057996240635,False
validation:2026.9.7/log_29_2026-9-7-06-51-04.ulg:3:3475,2026.9.7/log_29_2026-9-7-06-51-04.ulg,3,3475,51,143317135,143826191,144823971,0.509056,Sep7,Mission,lower_change,0,0.18549979188977175,False,0.17129560965623597,False,0.33393733098234857,False,0.040439785530822434,False
validation:2026.9.7/log_29_2026-9-7-06-51-04.ulg:3:3525,2026.9.7/log_29_2026-9-7-06-51-04.ulg,3,3525,51,144315022,144823971,145821934,0.508949,Sep7,Mission,lower_change,0,0.1011217983939334,False,0.06748559212993349,False,0.2315411113492668,False,0.06904533471129187,False
validation:2026.9.7/log_29_2026-9-7-06-51-04.ulg:3:3575,2026.9.7/log_29_2026-9-7-06-51-04.ulg,3,3575,51,145322988,145821934,146819906,0.498946,Sep7,Mission,lower_change,0,0.1681749107083207,False,0.08059855004561026,False,0.18063162759702736,False,0.07332245418182554,False
validation:2026.9.7/log_29_2026-9-7-06-51-04.ulg:4:25,2026.9.7/log_29_2026-9-7-06-51-04.ulg,4,25,51,147079345,147578535,148586263,0.4991899999999999,Sep7,Stabilized,lower_change,0,0.0,False,0.08092388656404761,False,0.18533708957915976,False,0.02990227191249169,False
validation:2026.9.7/log_29_2026-9-7-06-51-04.ulg:4:75,2026.9.7/log_29_2026-9-7-06-51-04.ulg,4,75,51,148077303,148586263,149584499,0.50896,Sep7,Stabilized,lower_change,0,0.2830788473141456,False,0.07685307875065296,False,0.15334589611665742,False,0.0818278934372405,False
validation:2026.9.7/log_29_2026-9-7-06-51-04.ulg:4:125,2026.9.7/log_29_2026-9-7-06-51-04.ulg,4,125,51,149075201,149584499,150582077,0.509298,Sep7,Stabilized,sustained,1,0.1885615868735571,False,0.06159960341493505,False,0.31636892993950483,False,0.23419461967105668,True
validation:2026.9.7/log_29_2026-9-7-06-51-04.ulg:4:175,2026.9.7/log_29_2026-9-7-06-51-04.ulg,4,175,51,150083110,150582077,151580271,0.498967,Sep7,Stabilized,lower_change,0,0.008536687195370256,False,0.07602429658075421,False,0.22626840035223633,False,0.106294922066712,False
validation:2026.9.7/log_29_2026-9-7-06-51-04.ulg:4:225,2026.9.7/log_29_2026-9-7-06-51-04.ulg,4,225,51,151081126,151580271,152578231,0.4991449999999999,Sep7,Stabilized,lower_change,0,0.008281803058675142,False,0.05894464880224158,False,0.2744058100302737,False,0.12144219791496991,False
validation:2026.9.7/log_29_2026-9-7-06-51-04.ulg:4:275,2026.9.7/log_29_2026-9-7-06-51-04.ulg,4,275,51,152079009,152578231,153576144,0.499222,Sep7,Stabilized,lower_change,0,0.0,False,0.056462664737497406,False,0.3108518938359392,False,0.07502288489910974,False
validation:2026.9.7/log_29_2026-9-7-06-51-04.ulg:4:325,2026.9.7/log_29_2026-9-7-06-51-04.ulg,4,325,51,153076939,153576144,154584106,0.4992049999999999,Sep7,Stabilized,sustained,1,0.0,False,0.19898365078716695,True,0.37167221664505057,False,0.07624950780781177,False
validation:2026.9.7/log_29_2026-9-7-06-51-04.ulg:4:375,2026.9.7/log_29_2026-9-7-06-51-04.ulg,4,375,51,154084848,154584106,155582037,0.499258,Sep7,Stabilized,lower_change,0,0.0,False,0.06587574664807867,False,0.29024337408669043,False,0.1765415785237103,False
validation:2026.9.7/log_29_2026-9-7-06-51-04.ulg:4:425,2026.9.7/log_29_2026-9-7-06-51-04.ulg,4,425,51,155082804,155582037,156579968,0.499233,Sep7,Stabilized,sustained,1,0.0,False,0.1511134984296451,False,0.5285993135024224,True,0.19741637627235403,False
validation:2026.9.7/log_29_2026-9-7-06-51-04.ulg:4:475,2026.9.7/log_29_2026-9-7-06-51-04.ulg,4,475,51,156080727,156579968,157577949,0.499241,Sep7,Stabilized,lower_change,0,0.0,False,0.12238587772677875,False,0.20394996077943242,False,0.05113928922454059,False
validation:2026.9.7/log_29_2026-9-7-06-51-04.ulg:4:525,2026.9.7/log_29_2026-9-7-06-51-04.ulg,4,525,51,157078792,157577949,158585562,0.4991569999999999,Sep7,Stabilized,sustained,2,0.0,False,0.12653389169584542,False,0.9424774011682542,True,0.33266547081485026,True
validation:2026.9.7/log_29_2026-9-7-06-51-04.ulg:4:575,2026.9.7/log_29_2026-9-7-06-51-04.ulg,4,575,51,158076655,158585562,159583772,0.508907,Sep7,Stabilized,lower_change,0,0.0,False,0.10357315059159594,False,0.4577118064628248,False,0.05980970165541069,False
validation:2026.9.7/log_29_2026-9-7-06-51-04.ulg:4:625,2026.9.7/log_29_2026-9-7-06-51-04.ulg,4,625,51,159084563,159583772,160581779,0.4992089999999999,Sep7,Stabilized,lower_change,0,0.0,False,0.05884689615545847,False,0.1813459663629652,False,0.022790529635981452,False
validation:2026.9.7/log_29_2026-9-7-06-51-04.ulg:4:675,2026.9.7/log_29_2026-9-7-06-51-04.ulg,4,675,51,160082488,160581779,161579669,0.499291,Sep7,Stabilized,lower_change,0,0.0,False,0.12771182850182278,False,0.2967755280503101,False,0.0488635124903937,False
validation:2026.9.7/log_29_2026-9-7-06-51-04.ulg:4:725,2026.9.7/log_29_2026-9-7-06-51-04.ulg,4,725,51,161080393,161579669,162577634,0.499276,Sep7,Stabilized,sustained,1,0.0,False,0.2708030393543523,True,0.17677886361762696,False,0.022629458097697643,False
validation:2026.9.7/log_29_2026-9-7-06-51-04.ulg:4:775,2026.9.7/log_29_2026-9-7-06-51-04.ulg,4,775,51,162078348,162577634,163575492,0.4992859999999999,Sep7,Stabilized,lower_change,0,0.0,False,0.06427296226479104,False,0.276084600235072,False,0.12001405562282692,False
validation:2026.9.7/log_29_2026-9-7-06-51-04.ulg:4:825,2026.9.7/log_29_2026-9-7-06-51-04.ulg,4,825,51,163076282,163575492,164583303,0.49921,Sep7,Stabilized,lower_change,0,0.0,False,0.0683185370342749,False,0.4011404591959661,False,0.08263385487141954,False
validation:2026.9.7/log_29_2026-9-7-06-51-04.ulg:4:875,2026.9.7/log_29_2026-9-7-06-51-04.ulg,4,875,51,164084286,164583303,165581211,0.499017,Sep7,Stabilized,lower_change,0,0.0,False,0.10208166519539466,False,0.2441047611449223,False,0.06590611103192488,False
validation:2026.9.7/log_29_2026-9-7-06-51-04.ulg:4:925,2026.9.7/log_29_2026-9-7-06-51-04.ulg,4,925,51,165082231,165581211,166579280,0.49898,Sep7,Stabilized,lower_change,0,0.0,False,0.07815887460978559,False,0.2994727073172781,False,0.08893559340224981,False
validation:2026.9.7/log_29_2026-9-7-06-51-04.ulg:4:975,2026.9.7/log_29_2026-9-7-06-51-04.ulg,4,975,51,166080114,166579280,167577262,0.499166,Sep7,Stabilized,sustained,1,0.0,False,0.06979784879352822,False,0.3034740210246396,False,0.317222163409587,True
validation:2026.9.7/log_29_2026-9-7-06-51-04.ulg:4:1025,2026.9.7/log_29_2026-9-7-06-51-04.ulg,4,1025,51,167078030,167577262,168584907,0.4992319999999999,Sep7,Stabilized,lower_change,0,0.0,False,0.09065816633278906,False,0.26614838410976627,False,0.056805347668057275,False
validation:2026.9.7/log_29_2026-9-7-06-51-04.ulg:4:1075,2026.9.7/log_29_2026-9-7-06-51-04.ulg,4,1075,51,168075985,168584907,169583033,0.508922,Sep7,Stabilized,lower_change,0,0.0,False,0.09937228757774773,False,0.15385037913415042,False,0.047222399813760564,False
validation:2026.9.7/log_29_2026-9-7-06-51-04.ulg:4:1125,2026.9.7/log_29_2026-9-7-06-51-04.ulg,4,1125,51,169083936,169583033,170580769,0.4990969999999999,Sep7,Stabilized,lower_change,0,0.0,False,0.05797675372426633,False,0.18588394625713112,False,0.022394531592822016,False
validation:2026.9.7/log_29_2026-9-7-06-51-04.ulg:4:1175,2026.9.7/log_29_2026-9-7-06-51-04.ulg,4,1175,51,170081802,170580769,171578956,0.498967,Sep7,Stabilized,lower_change,0,0.004140654723906093,False,0.055600221932623546,False,0.2857649255978716,False,0.16806569007175443,False
validation:2026.9.7/log_29_2026-9-7-06-51-04.ulg:4:1225,2026.9.7/log_29_2026-9-7-06-51-04.ulg,4,1225,51,171079728,171578956,172576889,0.499228,Sep7,Stabilized,lower_change,0,0.016563081656239362,False,0.07776187970797722,False,0.4288018869779451,False,0.15724476114569166,False
validation:2026.9.7/log_29_2026-9-7-06-51-04.ulg:4:1275,2026.9.7/log_29_2026-9-7-06-51-04.ulg,4,1275,51,172077683,172576889,173574806,0.499206,Sep7,Stabilized,lower_change,0,0.0,False,0.06424359400562143,False,0.17796782743911266,False,0.05452845620189642,False
validation:2026.9.7/log_29_2026-9-7-06-51-04.ulg:4:1325,2026.9.7/log_29_2026-9-7-06-51-04.ulg,4,1325,51,173085654,173574806,174582535,0.489152,Sep7,Stabilized,lower_change,0,0.0,False,0.12055716882354796,False,0.296707627868363,False,0.15475294866439712,False
validation:2026.9.7/log_29_2026-9-7-06-51-04.ulg:4:1375,2026.9.7/log_29_2026-9-7-06-51-04.ulg,4,1375,51,174083613,174582535,175580505,0.498922,Sep7,Stabilized,sustained,1,0.0,False,0.1856807762298117,True,0.15021331514978334,False,0.0889836450544412,False
validation:2026.9.7/log_29_2026-9-7-06-51-04.ulg:4:1425,2026.9.7/log_29_2026-9-7-06-51-04.ulg,4,1425,51,175081462,175580505,176578573,0.4990429999999999,Sep7,Stabilized,sustained,1,0.003585912179202717,False,0.06689330157376569,False,0.5860695860099675,True,0.15603683505295043,False
validation:2026.9.7/log_29_2026-9-7-06-51-04.ulg:4:1475,2026.9.7/log_29_2026-9-7-06-51-04.ulg,4,1475,51,176079450,176578573,177576499,0.499123,Sep7,Stabilized,lower_change,0,0.005071245637307343,False,0.0712985353166546,False,0.23593519648362768,False,0.11555306660686814,False
validation:2026.9.7/log_29_2026-9-7-06-51-04.ulg:4:1525,2026.9.7/log_29_2026-9-7-06-51-04.ulg,4,1525,51,177077359,177576499,178584216,0.49914,Sep7,Stabilized,lower_change,0,0.0,False,0.11306441356893038,False,0.46787926795685464,False,0.09787172641750697,False
validation:2026.9.7/log_29_2026-9-7-06-51-04.ulg:4:1575,2026.9.7/log_29_2026-9-7-06-51-04.ulg,4,1575,51,178075262,178584216,179582337,0.508954,Sep7,Stabilized,lower_change,0,0.0,False,0.07483479539693443,False,0.3631384203282043,False,0.1492293109706663,False
validation:2026.9.7/log_29_2026-9-7-06-51-04.ulg:4:1625,2026.9.7/log_29_2026-9-7-06-51-04.ulg,4,1625,51,179083318,179582337,180580402,0.499019,Sep7,Stabilized,lower_change,0,0.0,False,0.0759459343595342,False,0.46336625462451675,False,0.1714212780135067,False
validation:2026.9.7/log_29_2026-9-7-06-51-04.ulg:4:1675,2026.9.7/log_29_2026-9-7-06-51-04.ulg,4,1675,51,180081217,180580402,181578208,0.499185,Sep7,Stabilized,lower_change,0,0.010955142664440334,False,0.09196583615375668,False,0.299612269900881,False,0.14080047998767178,False
validation:2026.9.7/log_29_2026-9-7-06-51-04.ulg:4:1725,2026.9.7/log_29_2026-9-7-06-51-04.ulg,4,1725,51,181079156,181578208,182585932,0.499052,Sep7,Stabilized,lower_change,0,0.0,False,0.09908495476056396,False,0.34080645352611033,False,0.16929029383536504,False
validation:2026.9.7/log_29_2026-9-7-06-51-04.ulg:4:1775,2026.9.7/log_29_2026-9-7-06-51-04.ulg,4,1775,51,182077081,182585932,183584267,0.5088509999999999,Sep7,Stabilized,sustained,3,0.013732998105609137,False,0.32194527393748223,True,1.2368449673083037,True,0.35720341408789,True
validation:2026.9.7/log_29_2026-9-7-06-51-04.ulg:4:1825,2026.9.7/log_29_2026-9-7-06-51-04.ulg,4,1825,51,183084931,183584267,184582114,0.499336,Sep7,Stabilized,sustained,2,0.018975456130324413,False,0.13889842844345085,False,0.5149130968141136,True,0.25053770744987097,True
validation:2026.9.7/log_29_2026-9-7-06-51-04.ulg:4:1875,2026.9.7/log_29_2026-9-7-06-51-04.ulg,4,1875,51,184082852,184582114,185580016,0.499262,Sep7,Stabilized,sustained,1,0.0,False,0.10663757104917423,False,0.5528699054892732,True,0.09672796646065333,False
validation:2026.9.7/log_29_2026-9-7-06-51-04.ulg:4:1925,2026.9.7/log_29_2026-9-7-06-51-04.ulg,4,1925,51,185080817,185580016,186577921,0.499199,Sep7,Stabilized,lower_change,0,0.0068669083333107875,False,0.05185792458040349,False,0.43922745812015684,False,0.13982819709049604,False
validation:2026.9.7/log_29_2026-9-7-06-51-04.ulg:4:1975,2026.9.7/log_29_2026-9-7-06-51-04.ulg,4,1975,51,186078709,186577921,187575906,0.499212,Sep7,Stabilized,lower_change,0,0.006211352294006356,False,0.07043837926306823,False,0.36881978280511385,False,0.08880068022303586,False
validation:2026.9.7/log_29_2026-9-7-06-51-04.ulg:4:2025,2026.9.7/log_29_2026-9-7-06-51-04.ulg,4,2025,51,187086729,187575906,188583538,0.489177,Sep7,Stabilized,lower_change,0,0.0,False,0.1132019786837916,False,0.15928550630942667,False,0.06075547639049732,False
validation:2026.9.7/log_29_2026-9-7-06-51-04.ulg:4:2075,2026.9.7/log_29_2026-9-7-06-51-04.ulg,4,2075,51,188074613,188583538,189581662,0.508925,Sep7,Stabilized,lower_change,0,0.01985788245206256,False,0.058863505568653,False,0.2723954895352834,False,0.09554126909389454,False
validation:2026.9.7/log_29_2026-9-7-06-51-04.ulg:4:2125,2026.9.7/log_29_2026-9-7-06-51-04.ulg,4,2125,51,189082516,189581662,190579596,0.499146,Sep7,Stabilized,lower_change,0,0.0020703273619530464,False,0.06358644021630222,False,0.2695109250230163,False,0.09724190627479444,False
validation:2026.9.7/log_29_2026-9-7-06-51-04.ulg:4:2175,2026.9.7/log_29_2026-9-7-06-51-04.ulg,4,2175,51,190080436,190579596,191577564,0.49916,Sep7,Stabilized,sustained,1,0.02028498254922937,False,0.22416717017869173,True,0.2980593177578366,False,0.06735036226167095,False
validation:2026.9.7/log_29_2026-9-7-06-51-04.ulg:4:2225,2026.9.7/log_29_2026-9-7-06-51-04.ulg,4,2225,51,191078426,191577564,192585230,0.4991379999999999,Sep7,Stabilized,lower_change,0,0.0,False,0.10139504656865428,False,0.17861585949965111,False,0.12602949850445422,False
validation:2026.9.7/log_29_2026-9-7-06-51-04.ulg:4:2275,2026.9.7/log_29_2026-9-7-06-51-04.ulg,4,2275,51,192076343,192585230,193583159,0.508887,Sep7,Stabilized,sustained,1,0.008536178392938774,False,0.16117386612951184,False,0.6130111727760973,True,0.18544718570015367,False
validation:2026.9.7/log_29_2026-9-7-06-51-04.ulg:4:2325,2026.9.7/log_29_2026-9-7-06-51-04.ulg,4,2325,51,193084273,193583159,194581465,0.498886,Sep7,Stabilized,sustained,2,0.08506128605790282,False,0.175948406000172,False,0.9427550821167197,True,0.3959945461594618,True
validation:2026.9.7/log_29_2026-9-7-06-51-04.ulg:4:2375,2026.9.7/log_29_2026-9-7-06-51-04.ulg,4,2375,51,194082138,194581465,195579221,0.4993269999999999,Sep7,Stabilized,lower_change,0,0.0,False,0.08769414639474576,False,0.3042421770662559,False,0.0982445877487221,False
validation:2026.9.7/log_29_2026-9-7-06-51-04.ulg:4:2425,2026.9.7/log_29_2026-9-7-06-51-04.ulg,4,2425,51,195080178,195579221,196577176,0.4990429999999999,Sep7,Stabilized,sustained,2,0.0,False,0.2706722110313909,True,0.36879637179212327,False,0.25223095352964575,True
validation:2026.9.7/log_29_2026-9-7-06-51-04.ulg:4:2475,2026.9.7/log_29_2026-9-7-06-51-04.ulg,4,2475,51,196078032,196577176,197584909,0.499144,Sep7,Stabilized,lower_change,0,0.0,False,0.08758569298647868,False,0.32461570395087175,False,0.16884892448248945,False
validation:2026.9.7/log_29_2026-9-7-06-51-04.ulg:4:2525,2026.9.7/log_29_2026-9-7-06-51-04.ulg,4,2525,51,197085982,197584909,198583037,0.4989269999999999,Sep7,Stabilized,lower_change,0,0.007172251837952339,False,0.07026803460550649,False,0.47018048215358954,False,0.06406213458387991,False
validation:2026.9.7/log_29_2026-9-7-06-51-04.ulg:4:2575,2026.9.7/log_29_2026-9-7-06-51-04.ulg,4,2575,51,198083908,198583037,199581031,0.499129,Sep7,Stabilized,sustained,1,0.006547340199590638,False,0.18710794979838036,True,0.39013076983594747,False,0.13403662111047518,False
validation:2026.9.7/log_29_2026-9-7-06-51-04.ulg:4:2625,2026.9.7/log_29_2026-9-7-06-51-04.ulg,4,2625,51,199081872,199581031,200578886,0.4991589999999999,Sep7,Stabilized,sustained,1,0.0,False,0.10468188537428623,False,0.5156954380428783,True,0.11351329571182109,False
validation:2026.9.7/log_29_2026-9-7-06-51-04.ulg:4:2675,2026.9.7/log_29_2026-9-7-06-51-04.ulg,4,2675,51,200079740,200578886,201576824,0.499146,Sep7,Stabilized,lower_change,0,0.0,False,0.0871273351395651,False,0.37819305172987383,False,0.1508938985569576,False
validation:2026.9.7/log_29_2026-9-7-06-51-04.ulg:4:2725,2026.9.7/log_29_2026-9-7-06-51-04.ulg,4,2725,51,201077679,201576824,202584605,0.4991449999999999,Sep7,Stabilized,lower_change,0,0.0,False,0.08433970912746834,False,0.22748687297808068,False,0.15944559011673998,False
validation:2026.9.7/log_29_2026-9-7-06-51-04.ulg:4:2775,2026.9.7/log_29_2026-9-7-06-51-04.ulg,4,2775,51,202075635,202584605,203582748,0.5089699999999999,Sep7,Stabilized,sustained,1,0.0020704507646687855,False,0.10691676991607836,False,0.28141161856880714,False,0.2732513554973598,True
validation:2026.9.7/log_29_2026-9-7-06-51-04.ulg:4:2825,2026.9.7/log_29_2026-9-7-06-51-04.ulg,4,2825,51,203083539,203582748,204580653,0.4992089999999999,Sep7,Stabilized,lower_change,0,0.005477571332220167,False,0.07671212798919815,False,0.4775685304828288,False,0.10011885155295616,False
validation:2026.9.7/log_29_2026-9-7-06-51-04.ulg:4:2875,2026.9.7/log_29_2026-9-7-06-51-04.ulg,4,2875,51,204081459,204580653,205578574,0.4991939999999999,Sep7,Stabilized,lower_change,0,0.010142491274614685,False,0.07506807429478676,False,0.2880837458982025,False,0.05353434343871194,False
validation:2026.9.7/log_29_2026-9-7-06-51-04.ulg:4:2925,2026.9.7/log_29_2026-9-7-06-51-04.ulg,4,2925,51,205079383,205578574,206576518,0.499191,Sep7,Stabilized,lower_change,0,0.0,False,0.11518522132959622,False,0.18725739869134836,False,0.046656038480380246,False
validation:2026.9.7/log_29_2026-9-7-06-51-04.ulg:4:2975,2026.9.7/log_29_2026-9-7-06-51-04.ulg,4,2975,51,206077340,206576518,207584192,0.4991779999999999,Sep7,Stabilized,sustained,1,0.0,False,0.24676022447387455,True,0.30077427192327877,False,0.12856823784756571,False
validation:2026.9.7/log_29_2026-9-7-06-51-04.ulg:4:3025,2026.9.7/log_29_2026-9-7-06-51-04.ulg,4,3025,51,207085265,207584192,208582134,0.4989269999999999,Sep7,Stabilized,sustained,1,0.0,False,0.07125669382521829,False,0.5399412755439853,True,0.08854441990420149,False
validation:2026.9.7/log_29_2026-9-7-06-51-04.ulg:4:3075,2026.9.7/log_29_2026-9-7-06-51-04.ulg,4,3075,51,208083181,208582134,209580192,0.498953,Sep7,Stabilized,sustained,3,0.0,False,0.23415576811757555,True,1.0251611440647401,True,0.3044027631908749,True
validation:2026.9.7/log_29_2026-9-7-06-51-04.ulg:4:3125,2026.9.7/log_29_2026-9-7-06-51-04.ulg,4,3125,51,209081121,209580192,210578123,0.499071,Sep7,Stabilized,sustained,2,0.02333140445789184,False,0.10208867913242689,False,0.6341182903350934,True,0.37724650313700225,True
validation:2026.9.7/log_29_2026-9-7-06-51-04.ulg:4:3175,2026.9.7/log_29_2026-9-7-06-51-04.ulg,4,3175,51,210079057,210578123,211585946,0.4990659999999999,Sep7,Stabilized,sustained,1,0.007464671460517801,False,0.10212420606397894,False,0.5308133740293663,True,0.2196122348370486,False
validation:2026.9.7/log_29_2026-9-7-06-51-04.ulg:4:3225,2026.9.7/log_29_2026-9-7-06-51-04.ulg,4,3225,51,211076988,211585946,212583785,0.508958,Sep7,Stabilized,sustained,2,0.014492291533671322,False,0.15236783289611383,False,0.7762206577436341,True,0.3048442896649988,True
validation:2026.9.7/log_29_2026-9-7-06-51-04.ulg:4:3275,2026.9.7/log_29_2026-9-7-06-51-04.ulg,4,3275,51,212074885,212583785,213582062,0.5089,Sep7,Stabilized,sustained,1,0.02080653248263144,False,0.1261716315975934,False,0.3724421134753514,False,0.4830872096153704,True
validation:2026.9.7/log_29_2026-9-7-06-51-04.ulg:4:3325,2026.9.7/log_29_2026-9-7-06-51-04.ulg,4,3325,51,213082938,213582062,214579937,0.4991239999999999,Sep7,Stabilized,lower_change,0,0.009258785434009646,False,0.09086514170576876,False,0.1582544487750189,False,0.06817468107580706,False
validation:2026.9.7/log_29_2026-9-7-06-51-04.ulg:4:3375,2026.9.7/log_29_2026-9-7-06-51-04.ulg,4,3375,51,214080863,214579937,215577847,0.4990739999999999,Sep7,Stabilized,sustained,1,0.009024347750800483,False,0.10737789911770132,False,0.5931702483486069,True,0.20046888326817924,False
validation:2026.9.7/log_29_2026-9-7-06-51-04.ulg:4:3425,2026.9.7/log_29_2026-9-7-06-51-04.ulg,4,3425,51,215078710,215577847,216575795,0.499137,Sep7,Stabilized,sustained,2,0.00992894122603128,False,0.09814591657597076,False,0.899745712452898,True,0.6542637008215059,True
validation:2026.9.7/log_29_2026-9-7-06-51-04.ulg:4:3475,2026.9.7/log_29_2026-9-7-06-51-04.ulg,4,3475,51,216076697,216575795,217583419,0.499098,Sep7,Stabilized,lower_change,0,0.008018343394041682,False,0.10416634037305322,False,0.44914329016861165,False,0.0562282606685618,False
validation:2026.9.7/log_29_2026-9-7-06-51-04.ulg:4:3525,2026.9.7/log_29_2026-9-7-06-51-04.ulg,4,3525,51,217084497,217583419,218581623,0.498922,Sep7,Stabilized,lower_change,0,0.0,False,0.1067266479323088,False,0.2125278398456454,False,0.02576012388938811,False
validation:2026.9.7/log_29_2026-9-7-06-51-04.ulg:4:3575,2026.9.7/log_29_2026-9-7-06-51-04.ulg,4,3575,51,218082422,218581623,219579582,0.4992009999999999,Sep7,Stabilized,lower_change,0,0.0,False,0.06457943923874983,False,0.21739558420963775,False,0.03508505572311311,False
validation:2026.9.7/log_29_2026-9-7-06-51-04.ulg:4:3625,2026.9.7/log_29_2026-9-7-06-51-04.ulg,4,3625,51,219080386,219579582,220577491,0.499196,Sep7,Stabilized,lower_change,0,0.0,False,0.07307325881845327,False,0.23325261448857085,False,0.07561234840635075,False
validation:2026.9.7/log_29_2026-9-7-06-51-04.ulg:4:3675,2026.9.7/log_29_2026-9-7-06-51-04.ulg,4,3675,51,220078271,220577491,221585188,0.49922,Sep7,Stabilized,lower_change,0,0.0,False,0.12006824562659515,False,0.3324491092808879,False,0.11818304790606535,False
validation:2026.9.7/log_29_2026-9-7-06-51-04.ulg:4:3725,2026.9.7/log_29_2026-9-7-06-51-04.ulg,4,3725,51,221076202,221585188,222583112,0.5089859999999999,Sep7,Stabilized,sustained,1,0.0,False,0.10753021440480841,False,0.6245483867431209,True,0.0943926902874966,False
validation:2026.9.7/log_29_2026-9-7-06-51-04.ulg:4:3775,2026.9.7/log_29_2026-9-7-06-51-04.ulg,4,3775,51,222084135,222583112,223581076,0.498977,Sep7,Stabilized,lower_change,0,0.004140654723906093,False,0.13769996079754793,False,0.34854168632095417,False,0.12453979406218532,False
validation:2026.9.7/log_29_2026-9-7-06-51-04.ulg:4:3825,2026.9.7/log_29_2026-9-7-06-51-04.ulg,4,3825,51,223082070,223581076,224579151,0.499006,Sep7,Stabilized,sustained,1,0.08907346413760028,False,0.0971052282218397,False,0.1706418585685168,False,0.2675663031212897,True
validation:2026.9.7/log_29_2026-9-7-06-51-04.ulg:4:3875,2026.9.7/log_29_2026-9-7-06-51-04.ulg,4,3875,51,224080044,224579151,225586900,0.4991069999999999,Sep7,Stabilized,sustained,3,0.0035861259189761694,False,0.204393957889525,True,1.2943082623400923,True,0.6719952877585159,True
validation:2026.9.7/log_29_2026-9-7-06-51-04.ulg:4:3925,2026.9.7/log_29_2026-9-7-06-51-04.ulg,4,3925,51,225077926,225586900,226575031,0.5089739999999999,Sep7,Stabilized,sustained,2,0.07940568018287522,False,0.17142493243849652,False,1.0814193030060053,True,0.3221015477525012,True
validation:2026.9.7/log_29_2026-9-7-06-51-04.ulg:4:3975,2026.9.7/log_29_2026-9-7-06-51-04.ulg,4,3975,51,226075850,226575031,227582861,0.499181,Sep7,Stabilized,lower_change,0,0.008281309447812184,False,0.05621974378443438,False,0.3404195324526589,False,0.20991651649294862,False
validation:2026.9.7/log_29_2026-9-7-06-51-04.ulg:4:4025,2026.9.7/log_29_2026-9-7-06-51-04.ulg,4,4025,51,227083866,227582861,228580819,0.4989949999999999,Sep7,Stabilized,lower_change,0,0.00948799735177391,False,0.11245175000236216,False,0.2681088759807238,False,0.19693329667422166,False
validation:2026.9.7/log_29_2026-9-7-06-51-04.ulg:4:4075,2026.9.7/log_29_2026-9-7-06-51-04.ulg,4,4075,51,228081841,228580819,229578711,0.498978,Sep7,Stabilized,lower_change,0,0.005477897825117123,False,0.10034506952490363,False,0.3745444344384377,False,0.05185311955202242,False
validation:2026.9.7/log_29_2026-9-7-06-51-04.ulg:4:4125,2026.9.7/log_29_2026-9-7-06-51-04.ulg,4,4125,51,229079799,229578711,230576706,0.4989119999999999,Sep7,Stabilized,lower_change,0,0.004629392717004823,False,0.06123014987222603,False,0.21394121955412024,False,0.08682507251811508,False
validation:2026.9.7/log_29_2026-9-7-06-51-04.ulg:4:4175,2026.9.7/log_29_2026-9-7-06-51-04.ulg,4,4175,51,230077575,230576706,231584362,0.499131,Sep7,Stabilized,lower_change,0,0.003585912179202717,False,0.07223462256417923,False,0.19011173978035334,False,0.09261517915097645,False
validation:2026.9.7/log_29_2026-9-7-06-51-04.ulg:4:4225,2026.9.7/log_29_2026-9-7-06-51-04.ulg,4,4225,51,231085479,231584362,232582484,0.4988829999999999,Sep7,Stabilized,lower_change,0,0.0065469499659394515,False,0.06374522562321933,False,0.2805895137488405,False,0.1051558060981821,False
validation:2026.9.7/log_29_2026-9-7-06-51-04.ulg:4:4275,2026.9.7/log_29_2026-9-7-06-51-04.ulg,4,4275,51,232083417,232582484,233580472,0.499067,Sep7,Stabilized,lower_change,0,0.007171824358405433,False,0.14672544390249204,False,0.143527796955954,False,0.12207285026202809,False
validation:2026.9.7/log_29_2026-9-7-06-51-04.ulg:4:4325,2026.9.7/log_29_2026-9-7-06-51-04.ulg,4,4325,51,233081417,233580472,234578339,0.4990549999999999,Sep7,Stabilized,lower_change,0,0.00992894122603128,False,0.09610381325104966,False,0.34616513164229573,False,0.06510688681255257,False
validation:2026.9.7/log_29_2026-9-7-06-51-04.ulg:4:4375,2026.9.7/log_29_2026-9-7-06-51-04.ulg,4,4375,51,234079289,234578339,235586123,0.49905,Sep7,Stabilized,sustained,1,0.0,False,0.2257775307332577,True,0.3704680588190868,False,0.05962654798514672,False
validation:2026.9.7/log_29_2026-9-7-06-51-04.ulg:4:4425,2026.9.7/log_29_2026-9-7-06-51-04.ulg,4,4425,51,235077305,235586123,236574194,0.508818,Sep7,Stabilized,lower_change,0,0.014785474836222477,False,0.15383183108625526,False,0.20807078722344635,False,0.06575514459890625,False
validation:2026.9.7/log_29_2026-9-7-06-51-04.ulg:4:4475,2026.9.7/log_29_2026-9-7-06-51-04.ulg,4,4475,51,236085084,236574194,237581928,0.48911,Sep7,Stabilized,sustained,1,0.0527840596559305,False,0.0852600716392756,False,0.5034573474703921,True,0.13128482809748682,False
validation:2026.9.7/log_29_2026-9-7-06-51-04.ulg:4:4525,2026.9.7/log_29_2026-9-7-06-51-04.ulg,4,4525,51,237083127,237581928,238580035,0.498801,Sep7,Stabilized,lower_change,0,0.009258785434009646,False,0.12463108311670464,False,0.2140570730659078,False,0.1310424070118896,False
validation:2026.9.7/log_29_2026-9-7-06-51-04.ulg:4:4575,2026.9.7/log_29_2026-9-7-06-51-04.ulg,4,4575,51,238081064,238580035,239578085,0.498971,Sep7,Stabilized,lower_change,0,0.011339965398036785,False,0.07578648368828785,False,0.1788786396055401,False,0.20680616585150408,False
validation:2026.9.7/log_29_2026-9-7-06-51-04.ulg:4:4625,2026.9.7/log_29_2026-9-7-06-51-04.ulg,4,4625,51,239078896,239578085,240576013,0.499189,Sep7,Stabilized,sustained,1,0.0,False,0.08459451495165198,False,0.2802124967033151,False,0.2393970903295298,True
validation:2026.9.7/log_29_2026-9-7-06-51-04.ulg:4:4675,2026.9.7/log_29_2026-9-7-06-51-04.ulg,4,4675,51,240076845,240576013,241583729,0.499168,Sep7,Stabilized,sustained,1,0.009710696086498232,False,0.10522840416151588,False,0.539267938545695,True,0.21782705573395408,False
validation:2026.9.7/log_29_2026-9-7-06-51-04.ulg:4:4725,2026.9.7/log_29_2026-9-7-06-51-04.ulg,4,4725,51,241084685,241583729,242581603,0.499044,Sep7,Stabilized,lower_change,0,0.007172038098178886,False,0.14712133726898358,False,0.18568045996610288,False,0.08383053874590139,False
validation:2026.9.7/log_29_2026-9-7-06-51-04.ulg:4:4775,2026.9.7/log_29_2026-9-7-06-51-04.ulg,4,4775,51,242082623,242581603,243579701,0.49898,Sep7,Stabilized,lower_change,0,0.21588353115439438,False,0.14365192189989592,False,0.3077247021216962,False,0.19403024006130554,False
validation:2026.9.7/log_29_2026-9-7-06-51-04.ulg:4:4825,2026.9.7/log_29_2026-9-7-06-51-04.ulg,4,4825,51,243080507,243579701,244577702,0.4991939999999999,Sep7,Stabilized,sustained,1,0.4818587517389537,True,0.08224900816392637,False,0.2295185389431386,False,0.08510960795002802,False
validation:2026.9.7/log_29_2026-9-7-06-51-04.ulg:4:4875,2026.9.7/log_29_2026-9-7-06-51-04.ulg,4,4875,51,244078481,244577702,245585357,0.4992209999999999,Sep7,Stabilized,lower_change,0,0.0,False,0.14420733405372574,False,0.25498059763755865,False,0.09105066024799219,False
validation:2026.9.7/log_29_2026-9-7-06-51-04.ulg:4:4925,2026.9.7/log_29_2026-9-7-06-51-04.ulg,4,4925,51,245076402,245585357,246583243,0.5089549999999999,Sep7,Stabilized,mixed_change,1,0.0029278850338261097,False,0.11333405736431579,False,0.670137386839676,True,0.11540759313067397,False
validation:2026.9.7/log_29_2026-9-7-06-51-04.ulg:4:4975,2026.9.7/log_29_2026-9-7-06-51-04.ulg,4,4975,51,246084280,246583243,247581279,0.498963,Sep7,Stabilized,mixed_change,1,0.009487431849488071,False,0.0717056521798897,False,0.36852095859626716,False,0.45368382570871285,True
validation:2026.9.7/log_29_2026-9-7-06-51-04.ulg:4:5025,2026.9.7/log_29_2026-9-7-06-51-04.ulg,4,5025,51,247082204,247581279,248579339,0.499075,Sep7,Stabilized,lower_change,0,0.14178513392888437,False,0.12484054926836273,False,0.4939611535475296,False,0.21645138697775057,False
validation:2026.9.7/log_29_2026-9-7-06-51-04.ulg:4:5075,2026.9.7/log_29_2026-9-7-06-51-04.ulg,4,5075,51,248080121,248579339,249577178,0.499218,Sep7,Stabilized,sustained,2,0.3523860515333214,True,0.12715296825884223,False,0.6900554084169288,True,0.05503137978720619,False
validation:2026.9.7/log_29_2026-9-7-06-51-04.ulg:4:5125,2026.9.7/log_29_2026-9-7-06-51-04.ulg,4,5125,51,249078061,249577178,250575264,0.499117,Sep7,Stabilized,sustained,1,0.003585912179202717,False,0.06870846344046821,False,0.8235462388487538,True,0.11497310295670303,False
validation:2026.9.7/log_29_2026-9-7-06-51-04.ulg:4:5175,2026.9.7/log_29_2026-9-7-06-51-04.ulg,4,5175,51,250085996,250575264,251582836,0.489268,Sep7,Stabilized,sustained,2,0.028387474611030816,False,0.09338198813759227,False,0.7817622220560506,True,0.30116329985113793,True
validation:2026.9.7/log_29_2026-9-7-06-51-04.ulg:4:5225,2026.9.7/log_29_2026-9-7-06-51-04.ulg,4,5225,51,251083871,251582836,252580754,0.498965,Sep7,Stabilized,sustained,1,0.014344076196357773,False,0.09967892071497662,False,0.3619480892039792,False,0.2559085661076498,True
validation:2026.9.7/log_30_2026-9-7-06-58-22.ulg:0:25,2026.9.7/log_30_2026-9-7-06-58-22.ulg,0,25,51,30846689,31345722,32343680,0.499033,Sep7,Stabilized,sustained,1,0.10564920464145049,False,0.10548081709314722,False,0.3672787562207366,False,0.4096948154310709,True
validation:2026.9.7/log_30_2026-9-7-06-58-22.ulg:0:75,2026.9.7/log_30_2026-9-7-06-58-22.ulg,0,75,51,31844584,32343680,33341669,0.499096,Sep7,Stabilized,lower_change,0,0.15548319374514347,False,0.07898185964989561,False,0.24671572722102308,False,0.13486013059531624,False
validation:2026.9.7/log_30_2026-9-7-06-58-22.ulg:0:125,2026.9.7/log_30_2026-9-7-06-58-22.ulg,0,125,51,32842534,33341669,34339638,0.499135,Sep7,Stabilized,lower_change,0,0.0,False,0.09423851813395029,False,0.39355691975555823,False,0.10090946282675327,False
validation:2026.9.7/log_30_2026-9-7-06-58-22.ulg:0:175,2026.9.7/log_30_2026-9-7-06-58-22.ulg,0,175,51,33840448,34339638,35347497,0.4991899999999999,Sep7,Stabilized,lower_change,0,0.0046296686538658234,False,0.07555761263005233,False,0.1119388525837116,False,0.0483274497530822,False
validation:2026.9.7/log_30_2026-9-7-06-58-22.ulg:0:225,2026.9.7/log_30_2026-9-7-06-58-22.ulg,0,225,51,34848427,35347497,36345352,0.4990699999999999,Sep7,Stabilized,sustained,1,0.0,False,0.06102972113122794,False,0.22080229169014987,False,0.25295977946024983,True
validation:2026.9.7/log_30_2026-9-7-06-58-22.ulg:0:275,2026.9.7/log_30_2026-9-7-06-58-22.ulg,0,275,51,35846322,36345352,37343288,0.49903,Sep7,Stabilized,lower_change,0,0.02378636860861417,False,0.07958708427225077,False,0.23481914954443167,False,0.12179909360761196,False
validation:2026.9.7/log_30_2026-9-7-06-58-22.ulg:0:325,2026.9.7/log_30_2026-9-7-06-58-22.ulg,0,325,51,36844311,37343288,38341271,0.498977,Sep7,Stabilized,sustained,1,0.005071447158102864,False,0.11510373784935266,False,0.27178382592622635,False,0.24968093413614614,True
validation:2026.9.7/log_30_2026-9-7-06-58-22.ulg:0:375,2026.9.7/log_30_2026-9-7-06-58-22.ulg,0,375,51,37842276,38341271,39339246,0.4989949999999999,Sep7,Stabilized,sustained,1,0.018518122741741295,False,0.06548068927796606,False,0.37340912693444905,False,0.480920681623523,True
validation:2026.9.7/log_30_2026-9-7-06-58-22.ulg:0:425,2026.9.7/log_30_2026-9-7-06-58-22.ulg,0,425,51,38850097,39339246,40347065,0.489149,Sep7,Stabilized,lower_change,0,0.007172038098178886,False,0.06291244303248986,False,0.18253645897215154,False,0.19759865937925372,False
validation:2026.9.7/log_30_2026-9-7-06-58-22.ulg:0:475,2026.9.7/log_30_2026-9-7-06-58-22.ulg,0,475,51,39838053,40347065,41345087,0.509012,Sep7,Stabilized,lower_change,0,0.0,False,0.08332207008481232,False,0.2915495452808252,False,0.16311242594938885,False
validation:2026.9.7/log_30_2026-9-7-06-58-22.ulg:0:525,2026.9.7/log_30_2026-9-7-06-58-22.ulg,0,525,51,40845962,41345087,42343011,0.499125,Sep7,Stabilized,lower_change,0,0.0,False,0.0568002622474784,False,0.3982775958132683,False,0.12915662788616009,False
validation:2026.9.7/log_30_2026-9-7-06-58-22.ulg:0:575,2026.9.7/log_30_2026-9-7-06-58-22.ulg,0,575,51,41843905,42343011,43340953,0.499106,Sep7,Stabilized,lower_change,0,0.0,False,0.06259718975980631,False,0.3302109761362214,False,0.07867854578792642,False
validation:2026.9.7/log_30_2026-9-7-06-58-22.ulg:0:625,2026.9.7/log_30_2026-9-7-06-58-22.ulg,0,625,51,42841875,43340953,44338903,0.4990779999999999,Sep7,Stabilized,lower_change,0,0.0,False,0.07717600811973598,False,0.32545160602520773,False,0.1544053396360644,False
validation:2026.9.7/log_30_2026-9-7-06-58-22.ulg:0:675,2026.9.7/log_30_2026-9-7-06-58-22.ulg,0,675,51,43839797,44338903,45346777,0.499106,Sep7,Stabilized,lower_change,0,0.017567833756339354,False,0.14149938367191922,False,0.3272162062479358,False,0.14608614101088166,False
validation:2026.9.7/log_30_2026-9-7-06-58-22.ulg:0:725,2026.9.7/log_30_2026-9-7-06-58-22.ulg,0,725,51,44847735,45346777,46344773,0.499042,Sep7,Stabilized,sustained,1,0.005477571332220167,False,0.11558363512663684,False,0.22830228885778975,False,0.29734903228414183,True
validation:2026.9.7/log_30_2026-9-7-06-58-22.ulg:0:775,2026.9.7/log_30_2026-9-7-06-58-22.ulg,0,775,51,45845687,46344773,47342713,0.499086,Sep7,Stabilized,sustained,1,0.0029278850338261097,False,0.07400832503012603,False,0.46273170066399666,False,0.26926891532224567,True
validation:2026.9.7/log_30_2026-9-7-06-58-22.ulg:0:825,2026.9.7/log_30_2026-9-7-06-58-22.ulg,0,825,51,46843764,47342713,48340611,0.498949,Sep7,Stabilized,lower_change,0,0.0,False,0.10658379983425212,False,0.353071004066784,False,0.1780734220846522,False
validation:2026.9.7/log_30_2026-9-7-06-58-22.ulg:0:875,2026.9.7/log_30_2026-9-7-06-58-22.ulg,0,875,51,47841669,48340611,49348495,0.498942,Sep7,Stabilized,lower_change,0,0.004140654723906093,False,0.09456837804806305,False,0.09653785521642079,False,0.14889329141759836,False
validation:2026.9.7/log_30_2026-9-7-06-58-22.ulg:0:925,2026.9.7/log_30_2026-9-7-06-58-22.ulg,0,925,51,48849491,49348495,50346427,0.499004,Sep7,Stabilized,sustained,3,0.007171824358405433,False,0.25716758411914475,True,1.4722381509026972,True,0.36557728351920077,True
validation:2026.9.7/log_30_2026-9-7-06-58-22.ulg:0:975,2026.9.7/log_30_2026-9-7-06-58-22.ulg,0,975,51,49837463,50346427,51344375,0.508964,Sep7,Stabilized,lower_change,0,0.14131565560173565,False,0.07633522330443131,False,0.11432997727783589,False,0.07649733099754157,False
validation:2026.9.7/log_30_2026-9-7-06-58-22.ulg:0:1025,2026.9.7/log_30_2026-9-7-06-58-22.ulg,0,1025,51,50845423,51344375,52342347,0.4989519999999999,Sep7,Stabilized,lower_change,0,0.014343737775304163,False,0.06308121595771093,False,0.16787590014616427,False,0.046145285814485154,False
validation:2026.9.7/log_30_2026-9-7-06-58-22.ulg:0:1075,2026.9.7/log_30_2026-9-7-06-58-22.ulg,0,1075,51,51843318,52342347,53340277,0.499029,Sep7,Stabilized,lower_change,0,0.018517515682209593,False,0.08595521554869297,False,0.28264082131502094,False,0.02605241750160126,False
validation:2026.9.7/log_30_2026-9-7-06-58-22.ulg:0:1125,2026.9.7/log_30_2026-9-7-06-58-22.ulg,0,1125,51,52841259,53340277,54348183,0.4990179999999999,Sep7,Stabilized,lower_change,0,0.016169773607714457,False,0.09778274301213223,False,0.20872092779626356,False,0.045351321118767086,False
validation:2026.9.7/log_30_2026-9-7-06-58-22.ulg:0:1175,2026.9.7/log_30_2026-9-7-06-58-22.ulg,0,1175,51,53839212,54348183,55346144,0.508971,Sep7,Stabilized,lower_change,0,0.0,False,0.09535117471736267,False,0.19266459594879357,False,0.03319800719001341,False
validation:2026.9.7/log_30_2026-9-7-06-58-22.ulg:0:1225,2026.9.7/log_30_2026-9-7-06-58-22.ulg,0,1225,51,54847176,55346144,56344072,0.4989679999999999,Sep7,Stabilized,sustained,2,0.4291179177543329,True,0.22948711619622308,True,0.25204879092062316,False,0.0645492216906982,False
validation:2026.9.7/log_30_2026-9-7-06-58-22.ulg:0:1275,2026.9.7/log_30_2026-9-7-06-58-22.ulg,0,1275,51,55845169,56344072,57342015,0.498903,Sep7,Stabilized,lower_change,0,0.02277415068487682,False,0.07383566491141991,False,0.41033015723365257,False,0.07083104473206371,False
validation:2026.9.7/log_30_2026-9-7-06-58-22.ulg:0:1325,2026.9.7/log_30_2026-9-7-06-58-22.ulg,0,1325,51,56843130,57342015,58340031,0.4988849999999999,Sep7,Stabilized,lower_change,0,0.003585912179202717,False,0.0657767190192048,False,0.18755775826630494,False,0.08816634793928818,False
validation:2026.9.7/log_30_2026-9-7-06-58-22.ulg:0:1375,2026.9.7/log_30_2026-9-7-06-58-22.ulg,0,1375,51,57840995,58340031,59347901,0.499036,Sep7,Stabilized,lower_change,0,0.004140654723906093,False,0.09444437513239132,False,0.15529061277916748,False,0.04518400134681862,False
validation:2026.9.7/log_30_2026-9-7-06-58-22.ulg:0:1425,2026.9.7/log_30_2026-9-7-06-58-22.ulg,0,1425,51,58848929,59347901,60345851,0.4989719999999999,Sep7,Stabilized,lower_change,0,0.0,False,0.06651833117027385,False,0.2218242194851545,False,0.047032917905109,False
validation:2026.9.7/log_30_2026-9-7-06-58-22.ulg:0:1475,2026.9.7/log_30_2026-9-7-06-58-22.ulg,0,1475,51,59846893,60345851,61343819,0.4989579999999999,Sep7,Stabilized,lower_change,0,0.0029278850338261097,False,0.0674395196198164,False,0.4637758736923302,False,0.04095822092717313,False
validation:2026.9.7/log_30_2026-9-7-06-58-22.ulg:0:1525,2026.9.7/log_30_2026-9-7-06-58-22.ulg,0,1525,51,60844921,61343819,62341751,0.4988979999999999,Sep7,Stabilized,lower_change,0,0.0020703273619530464,False,0.07886165238537335,False,0.23909150205582977,False,0.06380814217509205,False
validation:2026.9.7/log_30_2026-9-7-06-58-22.ulg:0:1575,2026.9.7/log_30_2026-9-7-06-58-22.ulg,0,1575,51,61842833,62341751,63349723,0.498918,Sep7,Stabilized,lower_change,0,0.0020703273619530464,False,0.08041726045436258,False,0.1934766424881489,False,0.15178249857039722,False
validation:2026.9.7/log_30_2026-9-7-06-58-22.ulg:0:1625,2026.9.7/log_30_2026-9-7-06-58-22.ulg,0,1625,51,62840763,63349723,64347711,0.50896,Sep7,Stabilized,lower_change,0,0.0,False,0.08530042466523483,False,0.15494719179595726,False,0.14911431905728548,False
validation:2026.9.7/log_30_2026-9-7-06-58-22.ulg:0:1675,2026.9.7/log_30_2026-9-7-06-58-22.ulg,0,1675,51,63838737,64347711,65345593,0.5089739999999999,Sep7,Stabilized,lower_change,0,0.0065469499659394515,False,0.05709066823928751,False,0.20419165419551608,False,0.10871336264563229,False
validation:2026.9.7/log_30_2026-9-7-06-58-22.ulg:0:1725,2026.9.7/log_30_2026-9-7-06-58-22.ulg,0,1725,51,64846678,65345593,66343551,0.498915,Sep7,Stabilized,lower_change,0,0.005855770067652219,False,0.10065236232345946,False,0.3683081861914339,False,0.12310890588951726,False
validation:2026.9.7/log_30_2026-9-7-06-58-22.ulg:0:1775,2026.9.7/log_30_2026-9-7-06-58-22.ulg,0,1775,51,65844613,66343551,67341500,0.498938,Sep7,Stabilized,lower_change,0,0.005071245637307343,False,0.06556691852362745,False,0.1319596389862683,False,0.08922271064209374,False
validation:2026.9.7/log_30_2026-9-7-06-58-22.ulg:0:1825,2026.9.7/log_30_2026-9-7-06-58-22.ulg,0,1825,51,66842510,67341500,68339554,0.49899,Sep7,Stabilized,sustained,1,0.009024347750800483,False,0.07089796273181476,False,0.5167565478120482,True,0.20928044556404526,False
validation:2026.9.7/log_30_2026-9-7-06-58-22.ulg:0:1875,2026.9.7/log_30_2026-9-7-06-58-22.ulg,0,1875,51,67840462,68339554,69347464,0.499092,Sep7,Stabilized,sustained,3,0.003585912179202717,False,0.25229767630357514,True,1.6742326055035577,True,0.6320916015395375,True
validation:2026.9.7/log_30_2026-9-7-06-58-22.ulg:0:1925,2026.9.7/log_30_2026-9-7-06-58-22.ulg,0,1925,51,68848477,69347464,70345359,0.4989869999999999,Sep7,Stabilized,sustained,1,0.32878272554477334,True,0.061513878675953586,False,0.17941185555844616,False,0.044779345006738,False
validation:2026.9.7/log_30_2026-9-7-06-58-22.ulg:0:1975,2026.9.7/log_30_2026-9-7-06-58-22.ulg,0,1975,51,69846424,70345359,71343284,0.4989349999999999,Sep7,Stabilized,lower_change,0,0.03139852469684492,False,0.12001255972686889,False,0.2083032300928295,False,0.07837354810707138,False
validation:2026.9.7/log_30_2026-9-7-06-58-22.ulg:0:2025,2026.9.7/log_30_2026-9-7-06-58-22.ulg,0,2025,51,70844454,71343284,72341296,0.49883,Sep7,Stabilized,lower_change,0,0.004140778126621831,False,0.06723461961246495,False,0.37774661917375874,False,0.05826550154076142,False
validation:2026.9.7/log_30_2026-9-7-06-58-22.ulg:0:2075,2026.9.7/log_30_2026-9-7-06-58-22.ulg,0,2075,51,71842309,72341296,73349253,0.4989869999999999,Sep7,Stabilized,lower_change,0,0.0,False,0.07268726617489278,False,0.2582710291161476,False,0.06468010610334607,False
validation:2026.9.7/log_30_2026-9-7-06-58-22.ulg:0:2125,2026.9.7/log_30_2026-9-7-06-58-22.ulg,0,2125,51,72840228,73349253,74347148,0.509025,Sep7,Stabilized,lower_change,0,0.0,False,0.0841790035725286,False,0.12621504435666964,False,0.06794628716422806,False
validation:2026.9.7/log_30_2026-9-7-06-58-22.ulg:0:2175,2026.9.7/log_30_2026-9-7-06-58-22.ulg,0,2175,51,73838199,74347148,75345103,0.508949,Sep7,Stabilized,lower_change,0,0.0,False,0.07985865989396522,False,0.38268420575257367,False,0.05639679264968778,False
validation:2026.9.7/log_30_2026-9-7-06-58-22.ulg:0:2225,2026.9.7/log_30_2026-9-7-06-58-22.ulg,0,2225,51,74846085,75345103,76343009,0.4990179999999999,Sep7,Stabilized,lower_change,0,0.0,False,0.09639078912008225,False,0.20061375837024004,False,0.09969979198025777,False
validation:2026.9.7/log_30_2026-9-7-06-58-22.ulg:0:2275,2026.9.7/log_30_2026-9-7-06-58-22.ulg,0,2275,51,75844090,76343009,77341009,0.498919,Sep7,Stabilized,lower_change,0,0.0,False,0.07522329736212184,False,0.31669510530798817,False,0.05050977744149892,False
validation:2026.9.7/log_30_2026-9-7-06-58-22.ulg:0:2325,2026.9.7/log_30_2026-9-7-06-58-22.ulg,0,2325,51,76842008,77341009,78338947,0.499001,Sep7,Stabilized,lower_change,0,0.09503383781452944,False,0.16211635306298014,False,0.21579351940491265,False,0.05187688297594104,False
validation:2026.9.7/log_30_2026-9-7-06-58-22.ulg:0:2375,2026.9.7/log_30_2026-9-7-06-58-22.ulg,0,2375,51,77839937,78338947,79346925,0.4990099999999999,Sep7,Stabilized,lower_change,0,0.0,False,0.1098046158002803,False,0.16702571592916002,False,0.056073398793236084,False
validation:2026.9.7/log_30_2026-9-7-06-58-22.ulg:0:2425,2026.9.7/log_30_2026-9-7-06-58-22.ulg,0,2425,51,78847932,79346925,80344862,0.4989929999999999,Sep7,Stabilized,lower_change,0,0.0,False,0.11461278599439526,False,0.19078501510187412,False,0.04084120931703215,False
validation:2026.9.7/log_30_2026-9-7-06-58-22.ulg:0:2475,2026.9.7/log_30_2026-9-7-06-58-22.ulg,0,2475,51,79845908,80344862,81342756,0.4989539999999999,Sep7,Stabilized,lower_change,0,0.0,False,0.13666807673789458,False,0.1888059942621207,False,0.04862521097670833,False
validation:2026.9.7/log_30_2026-9-7-06-58-22.ulg:0:2525,2026.9.7/log_30_2026-9-7-06-58-22.ulg,0,2525,51,80843904,81342756,82340709,0.4988519999999999,Sep7,Stabilized,lower_change,0,0.009024885650767749,False,0.05978258407070907,False,0.256965574304633,False,0.14623390857877994,False
validation:2026.9.7/log_30_2026-9-7-06-58-22.ulg:0:2575,2026.9.7/log_30_2026-9-7-06-58-22.ulg,0,2575,51,81841732,82340709,83348734,0.498977,Sep7,Stabilized,lower_change,0,0.007465116395336931,False,0.10253847586269656,False,0.2253175239938222,False,0.05567759747270463,False
validation:2026.9.7/log_30_2026-9-7-06-58-22.ulg:0:2625,2026.9.7/log_30_2026-9-7-06-58-22.ulg,0,2625,51,82839712,83348734,84346597,0.509022,Sep7,Stabilized,lower_change,0,0.0,False,0.0841046248969224,False,0.46461141895260993,False,0.10313388548709815,False
validation:2026.9.7/log_30_2026-9-7-06-58-22.ulg:0:2675,2026.9.7/log_30_2026-9-7-06-58-22.ulg,0,2675,51,83847680,84346597,85344541,0.498917,Sep7,Stabilized,lower_change,0,0.0029278850338261097,False,0.17026244671924232,False,0.23599150344777467,False,0.206234984020688,False
validation:2026.9.7/log_30_2026-9-7-06-58-22.ulg:0:2725,2026.9.7/log_30_2026-9-7-06-58-22.ulg,0,2725,51,84845597,85344541,86342522,0.498944,Sep7,Stabilized,sustained,1,0.0,False,0.06783631549822138,False,0.3150706728836466,False,0.24684794315470163,True
validation:2026.9.7/log_30_2026-9-7-06-58-22.ulg:2:25,2026.9.7/log_30_2026-9-7-06-58-22.ulg,2,25,51,87679777,88188828,89186705,0.509051,Sep7,Stabilized,lower_change,0,0.0,False,0.09498282174218883,False,0.11002709661515205,False,0.09054643973702506,False
validation:2026.9.7/log_30_2026-9-7-06-58-22.ulg:2:75,2026.9.7/log_30_2026-9-7-06-58-22.ulg,2,75,51,88687711,89186705,90184679,0.498994,Sep7,Stabilized,lower_change,0,0.0,False,0.07254167114038076,False,0.3286348191039001,False,0.07651847075113324,False
validation:2026.9.7/log_30_2026-9-7-06-58-22.ulg:2:125,2026.9.7/log_30_2026-9-7-06-58-22.ulg,2,125,51,89685688,90184679,91182646,0.4989909999999999,Sep7,Stabilized,sustained,2,0.12447976452730435,False,0.09912500593567104,False,1.2868460163109865,True,0.6012050223242564,True
validation:2026.9.7/log_30_2026-9-7-06-58-22.ulg:2:175,2026.9.7/log_30_2026-9-7-06-58-22.ulg,2,175,51,90683617,91182646,92180509,0.499029,Sep7,Stabilized,lower_change,0,0.24216058742641647,False,0.07204508131745489,False,0.17988516997599704,False,0.06693774711860817,False
validation:2026.9.7/log_30_2026-9-7-06-58-22.ulg:2:225,2026.9.7/log_30_2026-9-7-06-58-22.ulg,2,225,51,91681559,92180509,93178453,0.49895,Sep7,Stabilized,lower_change,0,0.0058676372776599785,False,0.10247386598855694,False,0.1789748665006485,False,0.06801258420713366,False
validation:2026.9.7/log_30_2026-9-7-06-58-22.ulg:2:275,2026.9.7/log_30_2026-9-7-06-58-22.ulg,2,275,51,92679532,93178453,94186409,0.498921,Sep7,Stabilized,lower_change,0,0.009277273203696677,False,0.15793524331631786,False,0.22647623885660842,False,0.05476073687559248,False
validation:2026.9.7/log_30_2026-9-7-06-58-22.ulg:2:325,2026.9.7/log_30_2026-9-7-06-58-22.ulg,2,325,51,93687516,94186409,95184361,0.498893,Sep7,Stabilized,lower_change,0,0.0,False,0.07829868826868326,False,0.28408829271918806,False,0.1649815653984701,False
validation:2026.9.7/log_30_2026-9-7-06-58-22.ulg:2:375,2026.9.7/log_30_2026-9-7-06-58-22.ulg,2,375,51,94685518,95184361,96182309,0.498843,Sep7,Stabilized,sustained,1,0.002933731379932873,False,0.2628319403070025,True,0.21182127496620076,False,0.09700863206580425,False
validation:2026.9.7/log_30_2026-9-7-06-58-22.ulg:2:425,2026.9.7/log_30_2026-9-7-06-58-22.ulg,2,425,51,95683413,96182309,97180253,0.4988959999999999,Sep7,Stabilized,sustained,1,0.3020287246082362,True,0.1635490147425194,False,0.22288844397098892,False,0.057684569464690014,False
validation:2026.9.7/log_30_2026-9-7-06-58-22.ulg:2:475,2026.9.7/log_30_2026-9-7-06-58-22.ulg,2,475,51,96681316,97180253,98188224,0.4989369999999999,Sep7,Stabilized,lower_change,0,0.10452713521603585,False,0.07096880971582512,False,0.3273890543090165,False,0.036187743263251575,False
validation:2026.9.7/log_30_2026-9-7-06-58-22.ulg:2:525,2026.9.7/log_30_2026-9-7-06-58-22.ulg,2,525,51,97679289,98188224,99186112,0.508935,Sep7,Stabilized,lower_change,0,0.02181249821186709,False,0.05774606067867587,False,0.27180967887034996,False,0.060540614383415486,False
validation:2026.9.7/log_30_2026-9-7-06-58-22.ulg:2:575,2026.9.7/log_30_2026-9-7-06-58-22.ulg,2,575,51,98687201,99186112,100184064,0.498911,Sep7,Stabilized,lower_change,0,0.0640809493307196,False,0.0876773364898502,False,0.2653150116091149,False,0.14435412476570955,False
validation:2026.9.7/log_30_2026-9-7-06-58-22.ulg:2:625,2026.9.7/log_30_2026-9-7-06-58-22.ulg,2,625,51,99685169,100184064,101182047,0.498895,Sep7,Stabilized,lower_change,0,0.018747638880401762,False,0.07644274021403627,False,0.22410209453807967,False,0.07143029390046535,False
validation:2026.9.7/log_30_2026-9-7-06-58-22.ulg:2:675,2026.9.7/log_30_2026-9-7-06-58-22.ulg,2,675,51,100683050,101182047,102180005,0.4989969999999999,Sep7,Stabilized,lower_change,0,0.009929533044665486,False,0.17170379986840106,False,0.1640738601760841,False,0.033052020977564385,False
validation:2026.9.7/log_30_2026-9-7-06-58-22.ulg:2:725,2026.9.7/log_30_2026-9-7-06-58-22.ulg,2,725,51,101680989,102180005,103177907,0.4990159999999999,Sep7,Stabilized,lower_change,0,0.00992894122603128,False,0.06502540849211781,False,0.10956426601433324,False,0.06119672412091518,False
validation:2026.9.7/log_30_2026-9-7-06-58-22.ulg:2:775,2026.9.7/log_30_2026-9-7-06-58-22.ulg,2,775,51,102688969,103177907,104185848,0.488938,Sep7,Stabilized,lower_change,0,0.0,False,0.0546784061814657,False,0.3095863558966017,False,0.041271676072363164,False
validation:2026.9.7/log_30_2026-9-7-06-58-22.ulg:2:825,2026.9.7/log_30_2026-9-7-06-58-22.ulg,2,825,51,103686956,104185848,105183849,0.498892,Sep7,Stabilized,lower_change,0,0.01792967489062171,False,0.07112214763407303,False,0.15427207311977695,False,0.12022302508697336,False
validation:2026.9.7/log_30_2026-9-7-06-58-22.ulg:2:875,2026.9.7/log_30_2026-9-7-06-58-22.ulg,2,875,51,104684911,105183849,106181805,0.498938,Sep7,Stabilized,sustained,1,0.06743793713989303,False,0.1890000512580888,True,0.23917424393073466,False,0.07342987177513388,False
validation:2026.9.7/log_30_2026-9-7-06-58-22.ulg:2:925,2026.9.7/log_30_2026-9-7-06-58-22.ulg,2,925,51,105682823,106181805,107179682,0.498982,Sep7,Stabilized,lower_change,0,0.005855421032063756,False,0.11382107497068338,False,0.42515306070977565,False,0.05926767556798947,False
validation:2026.9.7/log_30_2026-9-7-06-58-22.ulg:2:975,2026.9.7/log_30_2026-9-7-06-58-22.ulg,2,975,51,106680830,107179682,108187683,0.4988519999999999,Sep7,Stabilized,lower_change,0,0.004140901529337571,False,0.11883339309500346,False,0.22022266406726754,False,0.040202841304802346,False
validation:2026.9.7/log_30_2026-9-7-06-58-22.ulg:2:1025,2026.9.7/log_30_2026-9-7-06-58-22.ulg,2,1025,51,107678730,108187683,109185620,0.508953,Sep7,Stabilized,sustained,1,0.4950567571899142,True,0.11956079395376913,False,0.4646607920396271,False,0.10064007905631113,False
validation:2026.9.7/log_30_2026-9-7-06-58-22.ulg:2:1075,2026.9.7/log_30_2026-9-7-06-58-22.ulg,2,1075,51,108686630,109185620,110183501,0.49899,Sep7,Stabilized,lower_change,0,0.12056172234049153,False,0.1141312815385847,False,0.12362780032671215,False,0.1531055621454194,False
validation:2026.9.7/log_30_2026-9-7-06-58-22.ulg:2:1125,2026.9.7/log_30_2026-9-7-06-58-22.ulg,2,1125,51,109684617,110183501,111181481,0.498884,Sep7,Stabilized,sustained,1,0.018048695501600966,False,0.18792717290442218,True,0.3006410823855032,False,0.12750923634011896,False
validation:2026.9.7/log_30_2026-9-7-06-58-22.ulg:2:1175,2026.9.7/log_30_2026-9-7-06-58-22.ulg,2,1175,51,110682520,111181481,112179428,0.498961,Sep7,Stabilized,lower_change,0,0.05763639653999021,False,0.09589292402328552,False,0.189564687221407,False,0.07734336247089807,False
validation:2026.9.7/log_30_2026-9-7-06-58-22.ulg:2:1225,2026.9.7/log_30_2026-9-7-06-58-22.ulg,2,1225,51,111680468,112179428,113187362,0.4989599999999999,Sep7,Stabilized,lower_change,0,0.007465116395336931,False,0.09567922639652386,False,0.30032764050101085,False,0.1366270479815281,False
validation:2026.9.7/log_30_2026-9-7-06-58-22.ulg:2:1275,2026.9.7/log_30_2026-9-7-06-58-22.ulg,2,1275,51,112688393,113187362,114185299,0.498969,Sep7,Stabilized,lower_change,0,0.0,False,0.09873668579188925,False,0.3517166895284577,False,0.14060565979973969,False
validation:2026.9.7/log_30_2026-9-7-06-58-22.ulg:2:1325,2026.9.7/log_30_2026-9-7-06-58-22.ulg,2,1325,51,113686395,114185299,115183216,0.4989039999999999,Sep7,Stabilized,lower_change,0,0.0,False,0.1130892559767638,False,0.25891397466043303,False,0.13433447710709567,False
validation:2026.9.7/log_30_2026-9-7-06-58-22.ulg:2:1375,2026.9.7/log_30_2026-9-7-06-58-22.ulg,2,1375,51,114684290,115183216,116181174,0.498926,Sep7,Stabilized,sustained,1,0.0,False,0.08936356113641442,False,0.20737901171018241,False,0.3397542844727882,True
validation:2026.9.7/log_30_2026-9-7-06-58-22.ulg:2:1425,2026.9.7/log_30_2026-9-7-06-58-22.ulg,2,1425,51,115682231,116181174,117179106,0.4989429999999999,Sep7,Stabilized,lower_change,0,0.006210982085859138,False,0.09631713676762022,False,0.2913256779381148,False,0.09698719526904126,False
validation:2026.9.7/log_30_2026-9-7-06-58-22.ulg:2:1475,2026.9.7/log_30_2026-9-7-06-58-22.ulg,2,1475,51,116690149,117179106,118187043,0.488957,Sep7,Stabilized,sustained,1,0.0,False,0.18052221402504476,True,0.4617625230781793,False,0.1414790330205202,False
validation:2026.9.7/log_30_2026-9-7-06-58-22.ulg:2:1525,2026.9.7/log_30_2026-9-7-06-58-22.ulg,2,1525,51,117678219,118187043,119185084,0.5088239999999999,Sep7,Stabilized,lower_change,0,0.003585912179202717,False,0.07915251189821186,False,0.181506387812571,False,0.08698961746743072,False
validation:2026.9.7/log_30_2026-9-7-06-58-22.ulg:2:1575,2026.9.7/log_30_2026-9-7-06-58-22.ulg,2,1575,51,118686081,119185084,120182950,0.499003,Sep7,Stabilized,sustained,1,0.09163489877324678,False,0.07074292197947463,False,0.600210239322672,True,0.039754203047343166,False
validation:2026.9.7/log_30_2026-9-7-06-58-22.ulg:2:1625,2026.9.7/log_30_2026-9-7-06-58-22.ulg,2,1625,51,119684058,120182950,121180890,0.498892,Sep7,Stabilized,lower_change,0,0.08688076847821988,False,0.06329893034397585,False,0.2112987029566668,False,0.060687032412106316,False
validation:2026.9.7/log_30_2026-9-7-06-58-22.ulg:2:1675,2026.9.7/log_30_2026-9-7-06-58-22.ulg,2,1675,51,120682015,121180890,122178927,0.4988749999999999,Sep7,Stabilized,lower_change,0,0.04072851585148832,False,0.0822631089103192,False,0.2543278048967375,False,0.024923253115898002,False
validation:2026.9.7/log_30_2026-9-7-06-58-22.ulg:2:1725,2026.9.7/log_30_2026-9-7-06-58-22.ulg,2,1725,51,121679927,122178927,123186775,0.499,Sep7,Stabilized,lower_change,0,0.03715141148643455,False,0.09186909514203004,False,0.13387745157341133,False,0.03518617128509832,False
validation:2026.9.7/log_30_2026-9-7-06-58-22.ulg:2:1775,2026.9.7/log_30_2026-9-7-06-58-22.ulg,2,1775,51,122687830,123186775,124184741,0.4989449999999999,Sep7,Stabilized,lower_change,0,0.00992894122603128,False,0.10541637898551208,False,0.2245204681073714,False,0.0616209982912404,False
validation:2026.9.7/log_30_2026-9-7-06-58-22.ulg:2:1825,2026.9.7/log_30_2026-9-7-06-58-22.ulg,2,1825,51,123685793,124184741,125182725,0.498948,Sep7,Stabilized,lower_change,0,0.030568267912809442,False,0.08353085919158344,False,0.23839160074359644,False,0.06617713052592787,False
validation:2026.9.7/log_30_2026-9-7-06-58-22.ulg:2:1875,2026.9.7/log_30_2026-9-7-06-58-22.ulg,2,1875,51,124683713,125182725,126180572,0.4990119999999999,Sep7,Stabilized,lower_change,0,0.009258785434009646,False,0.09635980552040035,False,0.1501716649334381,False,0.02489484320515641,False
validation:2026.9.7/log_30_2026-9-7-06-58-22.ulg:2:1925,2026.9.7/log_30_2026-9-7-06-58-22.ulg,2,1925,51,125681653,126180572,127188513,0.498919,Sep7,Stabilized,lower_change,0,0.0,False,0.08788760111712318,False,0.21493322287161754,False,0.03172124953200717,False
validation:2026.9.7/log_30_2026-9-7-06-58-22.ulg:2:1975,2026.9.7/log_30_2026-9-7-06-58-22.ulg,2,1975,51,126689589,127188513,128186461,0.498924,Sep7,Stabilized,lower_change,0,0.0,False,0.08938347418183462,False,0.22365861017771657,False,0.0387849634437829,False
validation:2026.9.7/log_30_2026-9-7-06-58-22.ulg:2:2025,2026.9.7/log_30_2026-9-7-06-58-22.ulg,2,2025,51,127677557,128186461,129184393,0.508904,Sep7,Stabilized,lower_change,0,0.008783655101478329,False,0.0711112676612669,False,0.15193143457293576,False,0.02539721655739966,False
validation:2026.9.7/log_30_2026-9-7-06-58-22.ulg:2:2075,2026.9.7/log_30_2026-9-7-06-58-22.ulg,2,2075,51,128685533,129184393,130182357,0.4988599999999999,Sep7,Stabilized,lower_change,0,0.005855770067652219,False,0.06703712182545998,False,0.18463869967328667,False,0.027766342082474162,False
validation:2026.9.7/log_30_2026-9-7-06-58-22.ulg:2:2125,2026.9.7/log_30_2026-9-7-06-58-22.ulg,2,2125,51,129683453,130182357,131180292,0.4989039999999999,Sep7,Stabilized,lower_change,0,0.0876424939293749,False,0.10787207607087826,False,0.21325192626208286,False,0.03821257005957443,False
validation:2026.9.7/log_30_2026-9-7-06-58-22.ulg:2:2175,2026.9.7/log_30_2026-9-7-06-58-22.ulg,2,2175,51,130681391,131180292,132178277,0.498901,Sep7,Stabilized,lower_change,0,0.08636135507282752,False,0.16240076808655224,False,0.15016633290189335,False,0.055011661801477464,False
validation:2026.9.7/log_30_2026-9-7-06-58-22.ulg:2:2225,2026.9.7/log_30_2026-9-7-06-58-22.ulg,2,2225,51,131679306,132178277,133186232,0.498971,Sep7,Stabilized,lower_change,0,0.0,False,0.05473621739614422,False,0.23912087649118424,False,0.1605134733545272,False
validation:2026.9.7/log_30_2026-9-7-06-58-22.ulg:2:2275,2026.9.7/log_30_2026-9-7-06-58-22.ulg,2,2275,51,132687263,133186232,134184115,0.498969,Sep7,Stabilized,lower_change,0,0.02028498254922937,False,0.07737340459030391,False,0.22920945929864284,False,0.09985795884740037,False
validation:2026.9.7/log_30_2026-9-7-06-58-22.ulg:2:2325,2026.9.7/log_30_2026-9-7-06-58-22.ulg,2,2325,51,133685198,134184115,135181958,0.498917,Sep7,Stabilized,sustained,1,0.0,False,0.07632928625818435,False,0.32705722448536395,False,0.2921579493584338,True
validation:2026.9.7/log_30_2026-9-7-06-58-22.ulg:2:2375,2026.9.7/log_30_2026-9-7-06-58-22.ulg,2,2375,51,134683130,135181958,136180014,0.498828,Sep7,Stabilized,lower_change,0,0.004140654723906093,False,0.162374737946407,False,0.290580170280349,False,0.06369847276867037,False
validation:2026.9.7/log_30_2026-9-7-06-58-22.ulg:2:2425,2026.9.7/log_30_2026-9-7-06-58-22.ulg,2,2425,51,135681059,136180014,137187902,0.498955,Sep7,Stabilized,lower_change,0,0.0058557700676522195,False,0.06378679957014546,False,0.371259629256642,False,0.08926716973922844,False
validation:2026.9.7/log_30_2026-9-7-06-58-22.ulg:2:2475,2026.9.7/log_30_2026-9-7-06-58-22.ulg,2,2475,51,136689132,137187902,138185839,0.49877,Sep7,Stabilized,sustained,1,0.017567310202956658,False,0.11911696143237394,False,0.3795019385604301,False,0.26235361643885924,True
validation:2026.9.7/log_30_2026-9-7-06-58-22.ulg:2:2525,2026.9.7/log_30_2026-9-7-06-58-22.ulg,2,2525,51,137686943,138185839,139183809,0.4988959999999999,Sep7,Stabilized,sustained,1,0.004140654723906093,False,0.21221489594032317,True,0.3553884195172398,False,0.1400782913348247,False
validation:2026.9.7/log_30_2026-9-7-06-58-22.ulg:2:2575,2026.9.7/log_30_2026-9-7-06-58-22.ulg,2,2575,51,138684907,139183809,140181735,0.4989019999999999,Sep7,Stabilized,lower_change,0,0.13369413730415558,False,0.0835202578104308,False,0.19400870695296168,False,0.041348683045408084,False
validation:2026.9.7/log_30_2026-9-7-06-58-22.ulg:2:2625,2026.9.7/log_30_2026-9-7-06-58-22.ulg,2,2625,51,139682845,140181735,141189642,0.49889,Sep7,Stabilized,lower_change,0,0.10959196257574273,False,0.11090732632118945,False,0.2301189058731432,False,0.06792571101083601,False
validation:2026.9.7/log_30_2026-9-7-06-58-22.ulg:2:2675,2026.9.7/log_30_2026-9-7-06-58-22.ulg,2,2675,51,140680829,141189642,142187652,0.508813,Sep7,Stabilized,lower_change,0,0.0029280595516203416,False,0.0640135336076299,False,0.23209731986454257,False,0.1639495007384051,False
validation:2026.9.7/log_30_2026-9-7-06-58-22.ulg:2:2725,2026.9.7/log_30_2026-9-7-06-58-22.ulg,2,2725,51,141678704,142187652,143185577,0.508948,Sep7,Stabilized,lower_change,0,0.0035861259189761694,False,0.11639867741094151,False,0.16845247017835396,False,0.1135254100108535,False
validation:2026.9.7/log_30_2026-9-7-06-58-22.ulg:2:2775,2026.9.7/log_30_2026-9-7-06-58-22.ulg,2,2775,51,142686726,143185577,144183605,0.498851,Sep7,Stabilized,lower_change,0,0.0020704507646687855,False,0.06992156741550572,False,0.2307369116534309,False,0.07689276453077801,False
validation:2026.9.7/log_30_2026-9-7-06-58-22.ulg:2:2825,2026.9.7/log_30_2026-9-7-06-58-22.ulg,2,2825,51,143684699,144183605,145181431,0.4989059999999999,Sep7,Stabilized,lower_change,0,0.0,False,0.09722689585722238,False,0.3163907687970634,False,0.1254041858607662,False
validation:2026.9.7/log_30_2026-9-7-06-58-22.ulg:2:2875,2026.9.7/log_30_2026-9-7-06-58-22.ulg,2,2875,51,144682500,145181431,146179368,0.4989309999999999,Sep7,Stabilized,reversing,2,0.0,False,0.33996508344894055,True,0.2559050089618785,False,0.23807833566239334,True
validation:2026.9.7/log_30_2026-9-7-06-58-22.ulg:2:2925,2026.9.7/log_30_2026-9-7-06-58-22.ulg,2,2925,51,145680488,146179368,147187325,0.49888,Sep7,Stabilized,lower_change,0,0.05767327576242335,False,0.08075906415024284,False,0.2690803507722884,False,0.1663967305932586,False
validation:2026.9.7/log_30_2026-9-7-06-58-22.ulg:2:2975,2026.9.7/log_30_2026-9-7-06-58-22.ulg,2,2975,51,146688456,147187325,148185236,0.4988689999999999,Sep7,Stabilized,sustained,1,0.010955142664440334,False,0.18524862675731837,True,0.29941261114936496,False,0.1268477985039066,False
validation:2026.9.7/log_30_2026-9-7-06-58-22.ulg:2:3025,2026.9.7/log_30_2026-9-7-06-58-22.ulg,2,3025,51,147686351,148185236,149183188,0.4988849999999999,Sep7,Stabilized,sustained,1,0.0,False,0.11365402629585927,False,0.2633563736089672,False,0.31530340034109866,True
validation:2026.9.7/log_30_2026-9-7-06-58-22.ulg:2:3075,2026.9.7/log_30_2026-9-7-06-58-22.ulg,2,3075,51,148684340,149183188,150181169,0.4988479999999999,Sep7,Stabilized,lower_change,0,0.08967322309813675,False,0.0801768908565783,False,0.15290475537534023,False,0.11394267675914248,False
validation:2026.9.7/log_30_2026-9-7-06-58-22.ulg:2:3125,2026.9.7/log_30_2026-9-7-06-58-22.ulg,2,3125,51,149682271,150181169,151189064,0.4988979999999999,Sep7,Stabilized,lower_change,0,0.004140778126621831,False,0.12959037486165048,False,0.29838699373269334,False,0.126520883335838,False
validation:2026.9.7/log_30_2026-9-7-06-58-22.ulg:2:3175,2026.9.7/log_30_2026-9-7-06-58-22.ulg,2,3175,51,150680229,151189064,152186982,0.5088349999999999,Sep7,Stabilized,sustained,1,0.008281309447812184,False,0.10497337516999929,False,0.18643107512706084,False,0.24818128608799997,True
validation:2026.9.7/log_30_2026-9-7-06-58-22.ulg:2:3225,2026.9.7/log_30_2026-9-7-06-58-22.ulg,2,3225,51,151688153,152186982,153184931,0.4988289999999999,Sep7,Stabilized,lower_change,0,0.20732479596410766,False,0.14930505199997685,False,0.22441494006443963,False,0.054479618476653724,False
validation:2026.9.7/log_30_2026-9-7-06-58-22.ulg:2:3275,2026.9.7/log_30_2026-9-7-06-58-22.ulg,2,3275,51,152686036,153184931,154182861,0.498895,Sep7,Stabilized,sustained,1,0.0,False,0.2420775843763137,True,0.14570200296773508,False,0.03741494394231363,False
validation:2026.9.7/log_30_2026-9-7-06-58-22.ulg:2:3325,2026.9.7/log_30_2026-9-7-06-58-22.ulg,2,3325,51,153683972,154182861,155180824,0.4988889999999999,Sep7,Stabilized,lower_change,0,0.02405493459745131,False,0.12088472958320837,False,0.26835467561036735,False,0.0648865624584488,False
validation:2026.9.7/log_30_2026-9-7-06-58-22.ulg:2:3375,2026.9.7/log_30_2026-9-7-06-58-22.ulg,2,3375,51,154681980,155180824,156178779,0.4988439999999999,Sep7,Stabilized,lower_change,0,0.012762875465926991,False,0.06869181029405828,False,0.1351994066520811,False,0.034076328985685474,False
validation:2026.9.7/log_30_2026-9-7-06-58-22.ulg:2:3425,2026.9.7/log_30_2026-9-7-06-58-22.ulg,2,3425,51,155680006,156178779,157186646,0.4987729999999999,Sep7,Stabilized,lower_change,0,0.08320149302457108,False,0.10997544671772365,False,0.24836074810661074,False,0.048654982789757065,False
validation:2026.9.7/log_30_2026-9-7-06-58-22.ulg:2:3475,2026.9.7/log_30_2026-9-7-06-58-22.ulg,2,3475,51,156687698,157186646,158184621,0.498948,Sep7,Stabilized,sustained,1,0.31934483569580885,True,0.05727209060937913,False,0.20898409799056394,False,0.05426696952804959,False
validation:2026.9.7/log_30_2026-9-7-06-58-22.ulg:2:3525,2026.9.7/log_30_2026-9-7-06-58-22.ulg,2,3525,51,157685652,158184621,159182516,0.498969,Sep7,Stabilized,lower_change,0,0.0029278850338261097,False,0.0822246541789445,False,0.2385007453757801,False,0.11190460505205187,False
validation:2026.9.7/log_30_2026-9-7-06-58-22.ulg:2:3575,2026.9.7/log_30_2026-9-7-06-58-22.ulg,2,3575,51,158686139,159182516,160180463,0.4963769999999999,Sep7,Stabilized,lower_change,0,0.007171824358405433,False,0.0652212295166854,False,0.17093506987540272,False,0.09658245721318941,False
validation:2026.9.7/log_30_2026-9-7-06-58-22.ulg:2:3625,2026.9.7/log_30_2026-9-7-06-58-22.ulg,2,3625,51,159681561,160180463,161188412,0.4989019999999999,Sep7,Stabilized,mixed_change,1,0.008783655101478329,False,0.0986139522631137,False,0.5032125812457083,True,0.09013854354347255,False
validation:2026.9.7/log_30_2026-9-7-06-58-22.ulg:2:3675,2026.9.7/log_30_2026-9-7-06-58-22.ulg,2,3675,51,160679521,161188412,162186375,0.508891,Sep7,Stabilized,lower_change,0,0.006210982085859138,False,0.07495050626154943,False,0.31369722006807416,False,0.06961899929635282,False
validation:2026.9.7/log_30_2026-9-7-06-58-22.ulg:2:3725,2026.9.7/log_30_2026-9-7-06-58-22.ulg,2,3725,51,161687345,162186375,163184319,0.49903,Sep7,Stabilized,lower_change,0,0.0,False,0.04978409426810309,False,0.221148923160133,False,0.1457411342446766,False
validation:2026.9.7/log_30_2026-9-7-06-58-22.ulg:2:3775,2026.9.7/log_30_2026-9-7-06-58-22.ulg,2,3775,51,162685338,163184319,164182219,0.4989809999999999,Sep7,Stabilized,sustained,3,0.005477571332220167,False,0.19410822357391944,True,0.5483872045390558,True,0.3577433195768817,True
validation:2026.9.7/log_30_2026-9-7-06-58-22.ulg:2:3825,2026.9.7/log_30_2026-9-7-06-58-22.ulg,2,3825,51,163683237,164182219,165180127,0.498982,Sep7,Stabilized,lower_change,0,0.005855770067652219,False,0.07854098335796396,False,0.24082401111788101,False,0.0607455155863846,False
validation:2026.9.7/log_30_2026-9-7-06-58-22.ulg:2:3875,2026.9.7/log_30_2026-9-7-06-58-22.ulg,2,3875,51,164681187,165180127,166178071,0.49894,Sep7,Stabilized,lower_change,0,0.17730262026084664,False,0.146125070037432,False,0.2773507330297702,False,0.05344139530984432,False
validation:2026.9.7/log_30_2026-9-7-06-58-22.ulg:2:3925,2026.9.7/log_30_2026-9-7-06-58-22.ulg,2,3925,51,165689149,166178071,167186078,0.4889219999999999,Sep7,Stabilized,lower_change,0,0.0029280595516203416,False,0.10273752691467042,False,0.4110026886508381,False,0.12271407805688342,False
validation:2026.9.7/log_30_2026-9-7-06-58-22.ulg:2:3975,2026.9.7/log_30_2026-9-7-06-58-22.ulg,2,3975,51,166687063,167186078,168183925,0.499015,Sep7,Stabilized,lower_change,0,0.007171824358405433,False,0.06560143643492836,False,0.14095427549859255,False,0.0391228256469135,False
validation:2026.9.7/log_30_2026-9-7-06-58-22.ulg:2:4025,2026.9.7/log_30_2026-9-7-06-58-22.ulg,2,4025,51,167684985,168183925,169181897,0.49894,Sep7,Stabilized,lower_change,0,0.009487431849488071,False,0.08795028314556629,False,0.4071547284671752,False,0.05042360860521711,False
validation:2026.9.7/log_30_2026-9-7-06-58-22.ulg:2:4075,2026.9.7/log_30_2026-9-7-06-58-22.ulg,2,4075,51,168682975,169181897,170179857,0.498922,Sep7,Stabilized,lower_change,0,0.0020703273619530464,False,0.16752340415577277,False,0.16910039132798788,False,0.09121674460150953,False
validation:2026.9.7/log_30_2026-9-7-06-58-22.ulg:2:4125,2026.9.7/log_30_2026-9-7-06-58-22.ulg,2,4125,51,169680869,170179857,171187729,0.498988,Sep7,Stabilized,lower_change,0,0.003585912179202717,False,0.14403667383724095,False,0.3228619956058936,False,0.04142873482905389,False
validation:2026.9.7/log_30_2026-9-7-06-58-22.ulg:2:4175,2026.9.7/log_30_2026-9-7-06-58-22.ulg,2,4175,51,170678916,171187729,172185686,0.508813,Sep7,Stabilized,lower_change,0,0.0,False,0.05452762860234843,False,0.0745948402893953,False,0.07415549469767027,False
validation:2026.9.7/log_30_2026-9-7-06-58-22.ulg:2:4225,2026.9.7/log_30_2026-9-7-06-58-22.ulg,2,4225,51,171686687,172185686,173183648,0.4989989999999999,Sep7,Stabilized,lower_change,0,0.012422334379865495,False,0.11454505568690994,False,0.29283931361178955,False,0.07694177180040515,False
validation:2026.9.7/log_30_2026-9-7-06-58-22.ulg:2:4275,2026.9.7/log_30_2026-9-7-06-58-22.ulg,2,4275,51,172684629,173183648,174181554,0.499019,Sep7,Stabilized,lower_change,0,0.0,False,0.12559466244797976,False,0.17641048368807108,False,0.11272918503662031,False
validation:2026.9.7/log_30_2026-9-7-06-58-22.ulg:2:4325,2026.9.7/log_30_2026-9-7-06-58-22.ulg,2,4325,51,173682558,174181554,175179459,0.498996,Sep7,Stabilized,lower_change,0,0.09090716664612057,False,0.10762091715526838,False,0.17953785753059143,False,0.06423404285088646,False
validation:2026.9.7/log_30_2026-9-7-06-58-22.ulg:2:4375,2026.9.7/log_30_2026-9-7-06-58-22.ulg,2,4375,51,174680575,175179459,176187394,0.498884,Sep7,Stabilized,lower_change,0,0.0029279722940234627,False,0.09187835381540296,False,0.1487621108764915,False,0.1099538088094483,False
validation:2026.9.7/log_30_2026-9-7-06-58-22.ulg:2:4425,2026.9.7/log_30_2026-9-7-06-58-22.ulg,2,4425,51,175688444,176187394,177185346,0.49895,Sep7,Stabilized,lower_change,0,0.08409799423123536,False,0.08352377527103647,False,0.29945003361785627,False,0.13024218007327648,False
validation:2026.9.7/log_30_2026-9-7-06-58-22.ulg:2:4475,2026.9.7/log_30_2026-9-7-06-58-22.ulg,2,4475,51,176686424,177185346,178183289,0.498922,Sep7,Stabilized,lower_change,0,0.0068669083333107875,False,0.10289053871604016,False,0.3981067843063059,False,0.0736427787293299,False
validation:2026.9.7/log_30_2026-9-7-06-58-22.ulg:2:4525,2026.9.7/log_30_2026-9-7-06-58-22.ulg,2,4525,51,177684346,178183289,179181194,0.4989429999999999,Sep7,Stabilized,lower_change,0,0.0035861259189761694,False,0.06474949141528114,False,0.12185054246994691,False,0.20726668562705536,False
validation:2026.9.7/log_30_2026-9-7-06-58-22.ulg:2:4575,2026.9.7/log_30_2026-9-7-06-58-22.ulg,2,4575,51,178682271,179181194,180179154,0.4989229999999999,Sep7,Stabilized,lower_change,0,0.006211352294006356,False,0.07140808953656898,False,0.15617359500387856,False,0.11706818308377148,False
validation:2026.9.7/log_30_2026-9-7-06-58-22.ulg:2:4625,2026.9.7/log_30_2026-9-7-06-58-22.ulg,2,4625,51,179690171,180179154,181187034,0.488983,Sep7,Stabilized,lower_change,0,0.0020703273619530464,False,0.07103811373773088,False,0.08776647906911772,False,0.1416352065701789,False
validation:2026.9.7/log_30_2026-9-7-06-58-22.ulg:2:4675,2026.9.7/log_30_2026-9-7-06-58-22.ulg,2,4675,51,180678095,181187034,182185024,0.508939,Sep7,Stabilized,lower_change,0,0.003585912179202717,False,0.09122737686834508,False,0.26120572724332725,False,0.15466576290855022,False
validation:2026.9.7/log_30_2026-9-7-06-58-22.ulg:2:4725,2026.9.7/log_30_2026-9-7-06-58-22.ulg,2,4725,51,181685999,182185024,183182938,0.499025,Sep7,Stabilized,lower_change,0,0.008281309447812185,False,0.11124060596721147,False,0.1483745492318641,False,0.12011143385899775,False
validation:2026.9.7/log_30_2026-9-7-06-58-22.ulg:2:4775,2026.9.7/log_30_2026-9-7-06-58-22.ulg,2,4775,51,182683955,183182938,184180909,0.4989829999999999,Sep7,Stabilized,sustained,2,0.0168194189986752,False,0.12706851054902304,False,1.4040802448222602,True,0.40618762435674793,True
validation:2026.9.7/log_30_2026-9-7-06-58-22.ulg:2:4825,2026.9.7/log_30_2026-9-7-06-58-22.ulg,2,4825,51,183681865,184180909,185178793,0.499044,Sep7,Stabilized,lower_change,0,0.0,False,0.07828719348751295,False,0.22146412124134385,False,0.10115049080378319,False
validation:2026.9.7/log_30_2026-9-7-06-58-22.ulg:2:4875,2026.9.7/log_30_2026-9-7-06-58-22.ulg,2,4875,51,184679803,185178793,186186697,0.49899,Sep7,Stabilized,sustained,1,0.006210982085859138,False,0.08202065187650055,False,0.5645461399813345,True,0.21924459708519042,False
validation:2026.9.7/log_30_2026-9-7-06-58-22.ulg:2:4925,2026.9.7/log_30_2026-9-7-06-58-22.ulg,2,4925,51,185687738,186186697,187184616,0.498959,Sep7,Stabilized,sustained,2,0.010142491274614685,False,0.14334333275773717,False,0.9752513976090036,True,0.4740604071900343,True
validation:2026.9.7/log_30_2026-9-7-06-58-22.ulg:2:4975,2026.9.7/log_30_2026-9-7-06-58-22.ulg,2,4975,51,186685644,187184616,188182547,0.4989719999999999,Sep7,Stabilized,lower_change,0,0.008536178392938774,False,0.09204776297877641,False,0.33338834526634825,False,0.03759671192100707,False
validation:2026.9.7/log_30_2026-9-7-06-58-22.ulg:2:5025,2026.9.7/log_30_2026-9-7-06-58-22.ulg,2,5025,51,187683620,188182547,189180483,0.4989269999999999,Sep7,Stabilized,lower_change,0,0.008281309447812184,False,0.06868157641317821,False,0.10687547482503121,False,0.061608271209916965,False
validation:2026.9.7/log_30_2026-9-7-06-58-22.ulg:2:5075,2026.9.7/log_30_2026-9-7-06-58-22.ulg,2,5075,51,188681531,189180483,190188385,0.4989519999999999,Sep7,Stabilized,lower_change,0,0.0029278850338261097,False,0.08477141814408802,False,0.1933542242503499,False,0.12718300060079554,False
validation:2026.9.7/log_30_2026-9-7-06-58-22.ulg:2:5125,2026.9.7/log_30_2026-9-7-06-58-22.ulg,2,5125,51,189689515,190188385,191186321,0.49887,Sep7,Stabilized,lower_change,0,0.0035861259189761694,False,0.12371072579100265,False,0.12812846322839905,False,0.0655561564842189,False
validation:2026.9.7/log_30_2026-9-7-06-58-22.ulg:2:5175,2026.9.7/log_30_2026-9-7-06-58-22.ulg,2,5175,51,190677375,191186321,192184286,0.508946,Sep7,Stabilized,mixed_change,1,0.0,False,0.3348324954555905,True,0.19410029020919292,False,0.16961870219321323,False
validation:2026.9.7/log_30_2026-9-7-06-58-22.ulg:2:5225,2026.9.7/log_30_2026-9-7-06-58-22.ulg,2,5225,51,191685362,192184286,193182197,0.498924,Sep7,Stabilized,mixed_change,1,0.02305467741388066,False,0.22448397687716706,True,0.24608587617893418,False,0.08665186619565211,False
validation:2026.9.7/log_30_2026-9-7-06-58-22.ulg:2:5275,2026.9.7/log_30_2026-9-7-06-58-22.ulg,2,5275,51,192683271,193182197,194180158,0.498926,Sep7,Stabilized,lower_change,0,0.0,False,0.09633896914455997,False,0.17784601872761388,False,0.09231781705614289,False
validation:2026.9.7/log_30_2026-9-7-06-58-22.ulg:2:5325,2026.9.7/log_30_2026-9-7-06-58-22.ulg,2,5325,51,193681227,194180158,195188080,0.4989309999999999,Sep7,Stabilized,sustained,1,0.0,False,0.1858371376945705,True,0.47378433193334524,False,0.15160271536937905,False
validation:2026.9.7/log_30_2026-9-7-06-58-22.ulg:2:5375,2026.9.7/log_30_2026-9-7-06-58-22.ulg,2,5375,51,194679106,195188080,196186039,0.5089739999999999,Sep7,Stabilized,mixed_change,2,0.2774271928495773,False,0.3504697544268655,True,0.24320752436560156,False,0.3822974518476305,True
validation:2026.9.7/log_30_2026-9-7-06-58-22.ulg:2:5425,2026.9.7/log_30_2026-9-7-06-58-22.ulg,2,5425,51,195686994,196186039,197183895,0.4990449999999999,Sep7,Stabilized,mixed_change,2,0.011149054048837162,False,0.1320841749220939,False,1.3548862989407302,True,0.24210773650047457,True
validation:9.17数据/log_10_2026-9-17-06-34-34.ulg:0:25,9.17数据/log_10_2026-9-17-06-34-34.ulg,0,25,51,122964716,123463769,124461690,0.4990529999999999,Sep17,Stabilized,mixed_change,3,0.1298229060113208,False,0.5695019634087033,True,0.5695019634087033,True,1.25200464206557,True
validation:9.17数据/log_10_2026-9-17-06-34-34.ulg:0:75,9.17数据/log_10_2026-9-17-06-34-34.ulg,0,75,51,123962749,124461690,125459692,0.4989409999999999,Sep17,Stabilized,mixed_change,3,0.2535145705462245,False,0.5593514057806493,True,0.5476165650084338,True,0.4968689373495684,True
validation:9.17数据/log_10_2026-9-17-06-34-34.ulg:0:125,9.17数据/log_10_2026-9-17-06-34-34.ulg,0,125,51,124960714,125459692,126457790,0.498978,Sep17,Stabilized,lower_change,0,0.05654758434387142,False,0.16506629883875368,False,0.11035350612594357,False,0.15256477014495146,False
validation:9.17数据/log_10_2026-9-17-06-34-34.ulg:0:175,9.17数据/log_10_2026-9-17-06-34-34.ulg,0,175,51,125968650,126457790,127465625,0.4891399999999999,Sep17,Stabilized,lower_change,0,0.04934221697128093,False,0.09427494631265636,False,0.23216585873296947,False,0.08864657603298302,False
validation:9.17数据/log_10_2026-9-17-06-34-34.ulg:0:225,9.17数据/log_10_2026-9-17-06-34-34.ulg,0,225,51,126956713,127465625,128463614,0.508912,Sep17,Stabilized,mixed_change,2,0.032930851910575244,False,0.06937741639502594,False,0.9743692315967677,True,0.4742677315530452,True
validation:9.17数据/log_10_2026-9-17-06-34-34.ulg:0:275,9.17数据/log_10_2026-9-17-06-34-34.ulg,0,275,51,127964622,128463614,129461617,0.498992,Sep17,Stabilized,lower_change,0,0.0645805828281879,False,0.12194837620061044,False,0.234245663226641,False,0.073334606756694,False
validation:9.17数据/log_10_2026-9-17-06-34-34.ulg:0:325,9.17数据/log_10_2026-9-17-06-34-34.ulg,0,325,51,128962647,129461617,130459596,0.4989699999999999,Sep17,Stabilized,lower_change,0,0.029930716908006638,False,0.07073753750692781,False,0.3625041276412308,False,0.08383774178805618,False
validation:9.17数据/log_10_2026-9-17-06-34-34.ulg:0:375,9.17数据/log_10_2026-9-17-06-34-34.ulg,0,375,51,129960595,130459596,131457633,0.499001,Sep17,Stabilized,lower_change,0,0.031534797301124386,False,0.12544887164524796,False,0.20563853277274627,False,0.06535048910244583,False
validation:9.17数据/log_10_2026-9-17-06-34-34.ulg:0:425,9.17数据/log_10_2026-9-17-06-34-34.ulg,0,425,51,130958645,131457633,132465556,0.498988,Sep17,Stabilized,lower_change,0,0.04734728311819708,False,0.11354076426291668,False,0.35590182226467554,False,0.07329713577697505,False
validation:9.17数据/log_10_2026-9-17-06-34-34.ulg:0:475,9.17数据/log_10_2026-9-17-06-34-34.ulg,0,475,51,131966572,132465556,133463601,0.498984,Sep17,Stabilized,sustained,1,0.02707348678482015,False,0.07721436352438596,False,0.6969081336678861,True,0.10196325579482211,False
validation:9.17数据/log_10_2026-9-17-06-34-34.ulg:0:525,9.17数据/log_10_2026-9-17-06-34-34.ulg,0,525,51,132964589,133463601,134461578,0.4990119999999999,Sep17,Stabilized,sustained,1,0.024055380669939674,False,0.12194044653355438,False,0.4514441258863941,False,0.30634716696193715,True
validation:9.17数据/log_10_2026-9-17-06-34-34.ulg:0:575,9.17数据/log_10_2026-9-17-06-34-34.ulg,0,575,51,133962537,134461578,135459575,0.4990409999999999,Sep17,Stabilized,lower_change,0,0.0,False,0.11308703791475302,False,0.145944035391544,False,0.04837682856647883,False
validation:9.17数据/log_10_2026-9-17-06-34-34.ulg:1:25,9.17数据/log_10_2026-9-17-06-34-34.ulg,1,25,51,135938562,136437600,137445507,0.499038,Sep17,Mission,sustained,2,0.39081972792732156,True,0.15008806610376674,False,0.7314215085418476,True,0.19924688426333795,False
validation:9.17数据/log_10_2026-9-17-06-34-34.ulg:1:75,9.17数据/log_10_2026-9-17-06-34-34.ulg,1,75,51,136946517,137445507,138443500,0.49899,Sep17,Mission,sustained,2,0.40134007985439374,True,0.20735433081850224,True,0.20859884391574557,False,0.09187073062467906,False
validation:9.17数据/log_10_2026-9-17-06-34-34.ulg:1:125,9.17数据/log_10_2026-9-17-06-34-34.ulg,1,125,51,137944531,138443500,139441491,0.498969,Sep17,Mission,mixed_change,1,0.31590840916956375,True,0.10193976953885693,False,0.3081607755249446,False,0.14626307509326267,False
validation:9.17数据/log_10_2026-9-17-06-34-34.ulg:1:175,9.17数据/log_10_2026-9-17-06-34-34.ulg,1,175,51,138942523,139441491,140439506,0.4989679999999999,Sep17,Mission,lower_change,0,0.0397734596228707,False,0.08213085277840151,False,0.3770151258810535,False,0.1286014526753592,False
validation:9.17数据/log_10_2026-9-17-06-34-34.ulg:1:225,9.17数据/log_10_2026-9-17-06-34-34.ulg,1,225,51,139940495,140439506,141437530,0.499011,Sep17,Mission,lower_change,0,0.13539917421078204,False,0.09383846410189345,False,0.28922746348573014,False,0.039043004686939296,False
validation:9.17数据/log_10_2026-9-17-06-34-34.ulg:1:275,9.17数据/log_10_2026-9-17-06-34-34.ulg,1,275,51,140938477,141437530,142445458,0.4990529999999999,Sep17,Mission,mixed_change,2,0.3034179053583244,True,0.21151441858978565,True,0.20426538460926247,False,0.14742384410695028,False
validation:9.17数据/log_10_2026-9-17-06-34-34.ulg:1:325,9.17数据/log_10_2026-9-17-06-34-34.ulg,1,325,51,141936480,142445458,143443446,0.5089779999999999,Sep17,Mission,sustained,1,0.2043924434062233,False,0.10925387248559947,False,0.6364397725874359,True,0.03234086530598992,False
validation:9.17数据/log_10_2026-9-17-06-34-34.ulg:1:375,9.17数据/log_10_2026-9-17-06-34-34.ulg,1,375,51,142944495,143443446,144441460,0.498951,Sep17,Mission,lower_change,0,0.28657813477463423,False,0.16468844424430124,False,0.31815414530887137,False,0.04860193864361568,False
validation:9.17数据/log_10_2026-9-17-06-34-34.ulg:1:425,9.17数据/log_10_2026-9-17-06-34-34.ulg,1,425,51,143942437,144441460,145439499,0.499023,Sep17,Mission,sustained,2,0.0903210541264821,False,0.10830055151404738,False,0.5979354758430176,True,0.24403847253439234,True
validation:9.17数据/log_10_2026-9-17-06-34-34.ulg:1:475,9.17数据/log_10_2026-9-17-06-34-34.ulg,1,475,51,144940441,145439499,146437460,0.499058,Sep17,Mission,lower_change,0,0.07838653369350196,False,0.14428663326415772,False,0.47855151066561114,False,0.21436286238673874,False
validation:9.17数据/log_10_2026-9-17-06-34-34.ulg:1:525,9.17数据/log_10_2026-9-17-06-34-34.ulg,1,525,51,145938415,146437460,147445360,0.4990449999999999,Sep17,Mission,lower_change,0,0.25819404631414683,False,0.12477374135422685,False,0.402317653290696,False,0.08454323381736871,False
validation:9.17数据/log_10_2026-9-17-06-34-34.ulg:1:575,9.17数据/log_10_2026-9-17-06-34-34.ulg,1,575,51,146946391,147445360,148443353,0.498969,Sep17,Mission,sustained,1,0.15918096295281794,False,0.1231079603595889,False,0.5623995361730373,True,0.0398529114513075,False
validation:9.17数据/log_10_2026-9-17-06-34-34.ulg:1:625,9.17数据/log_10_2026-9-17-06-34-34.ulg,1,625,51,147944423,148443353,149441452,0.49893,Sep17,Mission,sustained,1,0.13825314778303818,False,0.17983374193253923,True,0.14300485741520275,False,0.036524555627560816,False
validation:9.17数据/log_10_2026-9-17-06-34-34.ulg:1:675,9.17数据/log_10_2026-9-17-06-34-34.ulg,1,675,51,148942349,149441452,150439363,0.4991029999999999,Sep17,Mission,lower_change,0,0.26248302982138383,False,0.0871123323540858,False,0.37998267301309746,False,0.07427204055053271,False
validation:9.17数据/log_10_2026-9-17-06-34-34.ulg:1:725,9.17数据/log_10_2026-9-17-06-34-34.ulg,1,725,51,149940350,150439363,151447335,0.499013,Sep17,Mission,lower_change,0,0.11219031155599507,False,0.10434375289940469,False,0.16798749205512142,False,0.09056265916446905,False
validation:9.17数据/log_10_2026-9-17-06-34-34.ulg:1:775,9.17数据/log_10_2026-9-17-06-34-34.ulg,1,775,51,150938370,151447335,152445327,0.508965,Sep17,Mission,lower_change,0,0.1629346244071286,False,0.1042241701268739,False,0.2449981573307403,False,0.10742706044109449,False
validation:9.17数据/log_10_2026-9-17-06-34-34.ulg:1:825,9.17数据/log_10_2026-9-17-06-34-34.ulg,1,825,51,151936317,152445327,153443320,0.50901,Sep17,Mission,lower_change,0,0.13087342482545775,False,0.09382118391169597,False,0.23632928087090369,False,0.08651811644243142,False
validation:9.17数据/log_10_2026-9-17-06-34-34.ulg:1:875,9.17数据/log_10_2026-9-17-06-34-34.ulg,1,875,51,152944371,153443320,154441408,0.498949,Sep17,Mission,sustained,1,0.05754169882156598,False,0.2001059225659642,True,0.24974441640492123,False,0.06707234636022101,False
validation:9.17数据/log_10_2026-9-17-06-34-34.ulg:1:925,9.17数据/log_10_2026-9-17-06-34-34.ulg,1,925,51,153942314,154441408,155439301,0.499094,Sep17,Mission,lower_change,0,0.05576041830885335,False,0.10476517019379608,False,0.1766076410659443,False,0.035913762735876716,False
validation:9.17数据/log_10_2026-9-17-06-34-34.ulg:1:975,9.17数据/log_10_2026-9-17-06-34-34.ulg,1,975,51,154940305,155439301,156437281,0.498996,Sep17,Mission,lower_change,0,0.20838207751476293,False,0.09347977940312005,False,0.39767728713924777,False,0.08190399989636976,False
validation:9.17数据/log_10_2026-9-17-06-34-34.ulg:1:1025,9.17数据/log_10_2026-9-17-06-34-34.ulg,1,1025,51,155938307,156437281,157445357,0.498974,Sep17,Mission,lower_change,0,0.20534624872334042,False,0.16973773620905008,False,0.19021956665986334,False,0.10794827017116902,False
validation:9.17数据/log_10_2026-9-17-06-34-34.ulg:1:1075,9.17数据/log_10_2026-9-17-06-34-34.ulg,1,1075,51,156946265,157445357,158443260,0.499092,Sep17,Mission,lower_change,0,0.053650840543294914,False,0.10614812249719036,False,0.2480324020490459,False,0.07674684862341095,False
validation:9.17数据/log_10_2026-9-17-06-34-34.ulg:1:1125,9.17数据/log_10_2026-9-17-06-34-34.ulg,1,1125,51,157944226,158443260,159441301,0.499034,Sep17,Mission,lower_change,0,0.12463562338448134,False,0.14902463963378978,False,0.2125281009622045,False,0.08262498201633493,False
validation:9.17数据/log_10_2026-9-17-06-34-34.ulg:1:1175,9.17数据/log_10_2026-9-17-06-34-34.ulg,1,1175,51,158942233,159441301,160439281,0.4990679999999999,Sep17,Mission,sustained,1,0.052128300665136934,False,0.09388303466924008,False,2.1440799102075063,True,0.2230988539911586,False
validation:9.17数据/log_10_2026-9-17-06-34-34.ulg:1:1225,9.17数据/log_10_2026-9-17-06-34-34.ulg,1,1225,51,159940217,160439281,161447236,0.4990639999999999,Sep17,Mission,mixed_change,1,0.29941243723961397,True,0.13557527771735522,False,0.4875369172525995,False,0.10623671280232819,False
validation:9.17数据/log_10_2026-9-17-06-34-34.ulg:1:1275,9.17数据/log_10_2026-9-17-06-34-34.ulg,1,1275,51,160938219,161447236,162445201,0.5090169999999999,Sep17,Mission,lower_change,0,0.2662713246909057,False,0.054112174384641595,False,0.3577977838162704,False,0.13641593667110696,False
validation:9.17数据/log_10_2026-9-17-06-34-34.ulg:1:1325,9.17数据/log_10_2026-9-17-06-34-34.ulg,1,1325,51,161946174,162445201,163443253,0.499027,Sep17,Mission,sustained,2,0.3602572073658242,True,0.09613637756459728,False,0.13236604133151172,False,0.2742446223326235,True
validation:9.17数据/log_10_2026-9-17-06-34-34.ulg:1:1375,9.17数据/log_10_2026-9-17-06-34-34.ulg,1,1375,51,162944142,163443253,164441222,0.4991109999999999,Sep17,Mission,sustained,1,0.11346957419885746,False,0.12019582879956472,False,0.12379730620106116,False,0.6764068250814352,True
validation:9.17数据/log_10_2026-9-17-06-34-34.ulg:1:1425,9.17数据/log_10_2026-9-17-06-34-34.ulg,1,1425,51,163942128,164441222,165439194,0.499094,Sep17,Mission,lower_change,0,0.2759404947807015,False,0.09277325414553067,False,0.19367468820776199,False,0.10209469600139637,False
validation:9.17数据/log_10_2026-9-17-06-34-34.ulg:1:1475,9.17数据/log_10_2026-9-17-06-34-34.ulg,1,1475,51,164940161,165439194,166437158,0.499033,Sep17,Mission,sustained,1,0.13114408652934373,False,0.07501396458926378,False,0.34006997339683986,False,0.2663675654467523,True
validation:9.17数据/log_10_2026-9-17-06-34-34.ulg:1:1525,9.17数据/log_10_2026-9-17-06-34-34.ulg,1,1525,51,165938100,166437158,167445212,0.499058,Sep17,Mission,sustained,1,0.3967640553561337,True,0.12101736799595761,False,0.17552636110554456,False,0.08689613800444967,False
validation:9.17数据/log_10_2026-9-17-06-34-34.ulg:1:1575,9.17数据/log_10_2026-9-17-06-34-34.ulg,1,1575,51,166936082,167445212,168443245,0.50913,Sep17,Mission,sustained,2,0.37339280926119667,True,0.21798589762435508,True,0.2662305418318454,False,0.16460801112733286,False
validation:9.17数据/log_10_2026-9-17-06-34-34.ulg:1:1625,9.17数据/log_10_2026-9-17-06-34-34.ulg,1,1625,51,167944056,168443245,169441192,0.499189,Sep17,Mission,lower_change,0,0.07580066748145939,False,0.08385922188259419,False,0.1588069718423375,False,0.06411770484421521,False
validation:9.17数据/log_10_2026-9-17-06-34-34.ulg:1:1675,9.17数据/log_10_2026-9-17-06-34-34.ulg,1,1675,51,168942039,169441192,170439220,0.4991529999999999,Sep17,Mission,reversing,3,0.3818084607679412,True,0.11710724778590807,False,0.5478074041309965,True,0.3362363314548773,True
validation:9.17数据/log_10_2026-9-17-06-34-34.ulg:1:1725,9.17数据/log_10_2026-9-17-06-34-34.ulg,1,1725,51,169940027,170439220,171447049,0.499193,Sep17,Mission,sustained,1,0.22042687382850895,False,0.1999806447600998,True,0.2051217753439255,False,0.18749775425920331,False
validation:9.17数据/log_10_2026-9-17-06-34-34.ulg:1:1775,9.17数据/log_10_2026-9-17-06-34-34.ulg,1,1775,51,170938057,171447049,172445043,0.508992,Sep17,Mission,sustained,1,0.3738274894910605,True,0.09271593573029327,False,0.18119412826481499,False,0.07994771779909159,False
validation:9.17数据/log_10_2026-9-17-06-34-34.ulg:1:1825,9.17数据/log_10_2026-9-17-06-34-34.ulg,1,1825,51,171946029,172445043,173443028,0.4990139999999999,Sep17,Mission,sustained,2,0.3723732346722511,True,0.2717267936336197,True,0.1448418144091826,False,0.11149486449824281,False
validation:9.17数据/log_10_2026-9-17-06-34-34.ulg:1:1875,9.17数据/log_10_2026-9-17-06-34-34.ulg,1,1875,51,172943994,173443028,174440987,0.499034,Sep17,Mission,sustained,1,0.3817979099192417,True,0.10210611612399684,False,0.11655636882267463,False,0.06314029692141475,False
validation:9.17数据/log_10_2026-9-17-06-34-34.ulg:1:1925,9.17数据/log_10_2026-9-17-06-34-34.ulg,1,1925,51,173941938,174440987,175438947,0.4990489999999999,Sep17,Mission,lower_change,0,0.13292120401438492,False,0.12179005454777309,False,0.15718959217769377,False,0.08202646383573867,False
validation:9.17数据/log_10_2026-9-17-06-34-34.ulg:1:1975,9.17数据/log_10_2026-9-17-06-34-34.ulg,1,1975,51,174939941,175438947,176436927,0.499006,Sep17,Mission,lower_change,0,0.27395529391494766,False,0.103787058165368,False,0.18419881493713924,False,0.06763558904131216,False
validation:9.17数据/log_10_2026-9-17-06-34-34.ulg:1:2025,9.17数据/log_10_2026-9-17-06-34-34.ulg,1,2025,51,175947914,176436927,177444912,0.489013,Sep17,Mission,sustained,1,0.33466891220364225,True,0.10199606003574965,False,0.2736031549708401,False,0.07418984001923246,False
validation:9.17数据/log_10_2026-9-17-06-34-34.ulg:1:2075,9.17数据/log_10_2026-9-17-06-34-34.ulg,1,2075,51,176945881,177444912,178442856,0.499031,Sep17,Mission,lower_change,0,0.11706603813482523,False,0.13107689996853872,False,0.19855666391124782,False,0.16159023115500673,False
validation:9.17数据/log_10_2026-9-17-06-34-34.ulg:1:2125,9.17数据/log_10_2026-9-17-06-34-34.ulg,1,2125,51,177943861,178442856,179440844,0.4989949999999999,Sep17,Mission,sustained,1,0.35572574734669876,True,0.10063594343288766,False,0.33579632342690835,False,0.14813845270518217,False
validation:9.17数据/log_10_2026-9-17-06-34-34.ulg:1:2175,9.17数据/log_10_2026-9-17-06-34-34.ulg,1,2175,51,178941852,179440844,180438876,0.498992,Sep17,Mission,sustained,1,0.1224859755473812,False,0.18648740159936092,True,0.3831239314398834,False,0.16182233738279647,False
validation:9.17数据/log_10_2026-9-17-06-34-34.ulg:1:2225,9.17数据/log_10_2026-9-17-06-34-34.ulg,1,2225,51,179939885,180438876,181446828,0.4989909999999999,Sep17,Mission,lower_change,0,0.2432772817126883,False,0.1114739815725759,False,0.11166581319171512,False,0.19433545198671917,False
validation:9.17数据/log_10_2026-9-17-06-34-34.ulg:1:2275,9.17数据/log_10_2026-9-17-06-34-34.ulg,1,2275,51,180937822,181446828,182444802,0.509006,Sep17,Mission,sustained,1,0.3749506285630749,True,0.17567191532111096,False,0.3582922004645361,False,0.21586074774218555,False
validation:9.17数据/log_10_2026-9-17-06-34-34.ulg:1:2325,9.17数据/log_10_2026-9-17-06-34-34.ulg,1,2325,51,181945785,182444802,183442823,0.499017,Sep17,Mission,lower_change,0,0.21288245494778069,False,0.10352598114949535,False,0.4528753418183393,False,0.1729196351162548,False
validation:9.17数据/log_10_2026-9-17-06-34-34.ulg:1:2375,9.17数据/log_10_2026-9-17-06-34-34.ulg,1,2375,51,182943771,183442823,184440735,0.499052,Sep17,Mission,lower_change,0,0.2803064298350924,False,0.1290225529222283,False,0.23601515543584323,False,0.04769720263432165,False
validation:9.17数据/log_10_2026-9-17-06-34-34.ulg:1:2425,9.17数据/log_10_2026-9-17-06-34-34.ulg,1,2425,51,183941791,184440735,185438721,0.498944,Sep17,Mission,sustained,1,0.38190170774859,True,0.1097254947937136,False,0.08841292984538347,False,0.20498282626011946,False
validation:9.17数据/log_10_2026-9-17-06-34-34.ulg:1:2475,9.17数据/log_10_2026-9-17-06-34-34.ulg,1,2475,51,184939743,185438721,186446736,0.498978,Sep17,Mission,sustained,1,0.3070328886172908,True,0.06922670247886283,False,0.2567339916622639,False,0.2131864448286489,False
validation:9.17数据/log_10_2026-9-17-06-34-34.ulg:1:2525,9.17数据/log_10_2026-9-17-06-34-34.ulg,1,2525,51,185947721,186446736,187444675,0.499015,Sep17,Mission,mixed_change,2,0.3756261940480802,True,0.19532789597064942,True,0.17228320891100898,False,0.147212133595629,False
validation:9.17数据/log_10_2026-9-17-06-34-34.ulg:1:2575,9.17数据/log_10_2026-9-17-06-34-34.ulg,1,2575,51,186935723,187444675,188442690,0.508952,Sep17,Mission,sustained,1,0.37145980238193366,True,0.12886290655404908,False,0.32225414048496387,False,0.058380375425821245,False
validation:9.17数据/log_10_2026-9-17-06-34-34.ulg:1:2625,9.17数据/log_10_2026-9-17-06-34-34.ulg,1,2625,51,187943666,188442690,189440676,0.4990239999999999,Sep17,Mission,sustained,1,0.3360641123809873,True,0.07300757010219648,False,0.35964211421029624,False,0.07335543524026157,False
validation:9.17数据/log_10_2026-9-17-06-34-34.ulg:1:2675,9.17数据/log_10_2026-9-17-06-34-34.ulg,1,2675,51,188941647,189440676,190438630,0.499029,Sep17,Mission,lower_change,0,0.2006675301289859,False,0.1694824252218655,False,0.17027623016463883,False,0.0908584371040398,False
validation:9.17数据/log_10_2026-9-17-06-34-34.ulg:1:2725,9.17数据/log_10_2026-9-17-06-34-34.ulg,1,2725,51,189939667,190438630,191436676,0.498963,Sep17,Mission,mixed_change,2,0.13213136682757434,False,0.17191679779709487,False,0.6247084033683376,True,0.2895119464976869,True
validation:9.17数据/log_10_2026-9-17-06-34-34.ulg:1:2775,9.17数据/log_10_2026-9-17-06-34-34.ulg,1,2775,51,190937617,191436676,192444580,0.499059,Sep17,Mission,lower_change,0,0.061154113131355624,False,0.1178691870912731,False,0.2176323739828456,False,0.050615100662097234,False
validation:9.17数据/log_10_2026-9-17-06-34-34.ulg:1:2825,9.17数据/log_10_2026-9-17-06-34-34.ulg,1,2825,51,191945569,192444580,193442525,0.499011,Sep17,Mission,mixed_change,3,0.30130766509950013,True,0.15544243558883178,False,1.0315181488398457,True,0.256782502205308,True
validation:9.17数据/log_10_2026-9-17-06-34-34.ulg:1:2875,9.17数据/log_10_2026-9-17-06-34-34.ulg,1,2875,51,192943574,193442525,194440535,0.498951,Sep17,Mission,sustained,1,0.3442547077086119,True,0.09897675720193447,False,0.4949360445687532,False,0.11376701970692206,False
validation:9.17数据/log_10_2026-9-17-06-34-34.ulg:1:2925,9.17数据/log_10_2026-9-17-06-34-34.ulg,1,2925,51,193941520,194440535,195438489,0.499015,Sep17,Mission,sustained,1,0.2712998888148555,False,0.1293731594722445,False,0.3696411517188288,False,0.2661934327468773,True
validation:9.17数据/log_10_2026-9-17-06-34-34.ulg:1:2975,9.17数据/log_10_2026-9-17-06-34-34.ulg,1,2975,51,194939583,195438489,196446492,0.4989059999999999,Sep17,Mission,lower_change,0,0.2535616164602112,False,0.08817134517456915,False,0.16522897126020616,False,0.08853441378673736,False
validation:9.17数据/log_10_2026-9-17-06-34-34.ulg:1:3025,9.17数据/log_10_2026-9-17-06-34-34.ulg,1,3025,51,195937466,196446492,197444474,0.509026,Sep17,Mission,sustained,1,0.37582240842073755,True,0.1420439877696777,False,0.20169526306228427,False,0.1566167328807274,False
validation:9.17数据/log_10_2026-9-17-06-34-34.ulg:1:3075,9.17数据/log_10_2026-9-17-06-34-34.ulg,1,3075,51,196945467,197444474,198442408,0.499007,Sep17,Mission,sustained,1,0.3492091371957328,True,0.12266580654535067,False,0.4400693882798469,False,0.10677951387608983,False
validation:9.17数据/log_10_2026-9-17-06-34-34.ulg:1:3125,9.17数据/log_10_2026-9-17-06-34-34.ulg,1,3125,51,197943562,198442408,199440419,0.4988459999999999,Sep17,Mission,lower_change,0,0.10945498675827475,False,0.08936608099136617,False,0.24915089408425345,False,0.10766159542645572,False
validation:9.17数据/log_10_2026-9-17-06-34-34.ulg:1:3175,9.17数据/log_10_2026-9-17-06-34-34.ulg,1,3175,51,198941428,199440419,200448329,0.4989909999999999,Sep17,Mission,lower_change,0,0.08445080365100041,False,0.1667778256995155,False,0.1821994005924782,False,0.04712168800026387,False
validation:9.17数据/log_10_2026-9-17-06-34-34.ulg:1:3225,9.17数据/log_10_2026-9-17-06-34-34.ulg,1,3225,51,199939390,200448329,201436346,0.508939,Sep17,Mission,lower_change,0,0.11624456666667013,False,0.1677779722085057,False,0.13617932898547963,False,0.18456665518655885,False
validation:9.17数据/log_10_2026-9-17-06-34-34.ulg:1:3275,9.17数据/log_10_2026-9-17-06-34-34.ulg,1,3275,51,200937404,201436346,202444376,0.498942,Sep17,Mission,lower_change,0,0.26081295045961855,False,0.09140807351148028,False,0.17850525061706374,False,0.08853630767032832,False
validation:9.17数据/log_10_2026-9-17-06-34-34.ulg:1:3325,9.17数据/log_10_2026-9-17-06-34-34.ulg,1,3325,51,201945345,202444376,203442256,0.499031,Sep17,Mission,reversing,1,0.19923405093765262,False,0.20854160270590888,True,0.34862274621198847,False,0.20313776401443387,False
validation:9.17数据/log_10_2026-9-17-06-34-34.ulg:1:3375,9.17数据/log_10_2026-9-17-06-34-34.ulg,1,3375,51,202943419,203442256,204440254,0.498837,Sep17,Mission,mixed_change,2,0.38189400384938005,True,0.1782173136869526,True,0.1889778911369109,False,0.18618484858395304,False
validation:9.17数据/log_10_2026-9-17-06-34-34.ulg:1:3425,9.17数据/log_10_2026-9-17-06-34-34.ulg,1,3425,51,203941327,204440254,205438295,0.4989269999999999,Sep17,Mission,mixed_change,2,0.12275855413346433,False,0.2469707964865676,True,0.3054051560617628,False,0.261737837474936,True
validation:9.17数据/log_10_2026-9-17-06-34-34.ulg:1:3475,9.17数据/log_10_2026-9-17-06-34-34.ulg,1,3475,51,204939267,205438295,206446177,0.4990279999999999,Sep17,Mission,sustained,2,0.29851508895908374,True,0.12349053965876187,False,0.18166203016109092,False,0.2651696654510059,True
validation:9.17数据/log_10_2026-9-17-06-34-34.ulg:1:3525,9.17数据/log_10_2026-9-17-06-34-34.ulg,1,3525,51,205937245,206446177,207444155,0.5089319999999999,Sep17,Mission,lower_change,0,0.18662157117849998,False,0.14592130339793083,False,0.49163536852710676,False,0.1586421630110896,False
validation:9.17数据/log_10_2026-9-17-06-34-34.ulg:1:3575,9.17数据/log_10_2026-9-17-06-34-34.ulg,1,3575,51,206945252,207444155,208442130,0.498903,Sep17,Mission,sustained,1,0.05118781239710261,False,0.09942969145354659,False,0.30410165573970743,False,0.2965606458593933,True
validation:9.17数据/log_10_2026-9-17-06-34-34.ulg:1:3625,9.17数据/log_10_2026-9-17-06-34-34.ulg,1,3625,51,207943247,208442130,209440120,0.4988829999999999,Sep17,Mission,mixed_change,1,0.1855831322049861,False,0.1262218135449078,False,0.3053114029757937,False,0.27222746489680294,True
validation:9.17数据/log_10_2026-9-17-06-34-34.ulg:1:3675,9.17数据/log_10_2026-9-17-06-34-34.ulg,1,3675,51,208941186,209440120,210438092,0.498934,Sep17,Mission,sustained,1,0.2823480432449067,False,0.15100778117323177,False,0.6142655948376761,True,0.06689414798329658,False
validation:9.17数据/log_10_2026-9-17-06-34-34.ulg:1:3725,9.17数据/log_10_2026-9-17-06-34-34.ulg,1,3725,51,209939126,210438092,211436107,0.4989659999999999,Sep17,Mission,mixed_change,1,0.2540860299140028,False,0.14315988385286635,False,0.4085024231209583,False,0.32970994375098406,True
validation:9.17数据/log_10_2026-9-17-06-34-34.ulg:1:3775,9.17数据/log_10_2026-9-17-06-34-34.ulg,1,3775,51,210947157,211436107,212443991,0.48895,Sep17,Mission,mixed_change,4,0.3431995376969709,True,0.20507052727478753,True,0.544559457190791,True,0.37250821710453774,True
validation:9.17数据/log_10_2026-9-17-06-34-34.ulg:1:3825,9.17数据/log_10_2026-9-17-06-34-34.ulg,1,3825,51,211945169,212443991,213442021,0.498822,Sep17,Mission,reversing,3,0.3934859935083727,True,0.35294976870419215,True,0.16010378882797716,False,0.3110979049679276,True
validation:9.17数据/log_10_2026-9-17-06-34-34.ulg:1:3875,9.17数据/log_10_2026-9-17-06-34-34.ulg,1,3875,51,212943139,213442021,214439945,0.498882,Sep17,Mission,sustained,1,0.18982639866254317,False,0.12299206213975135,False,0.13034912011100702,False,0.2631799207738555,True
validation:9.17数据/log_10_2026-9-17-06-34-34.ulg:1:3925,9.17数据/log_10_2026-9-17-06-34-34.ulg,1,3925,51,213941110,214439945,215437951,0.498835,Sep17,Mission,sustained,4,0.3429593412930871,True,0.2605544278426648,True,0.7826486797932112,True,0.33533416212830364,True
validation:9.17数据/log_10_2026-9-17-06-34-34.ulg:1:3975,9.17数据/log_10_2026-9-17-06-34-34.ulg,1,3975,51,214939046,215437951,216445778,0.498905,Sep17,Mission,sustained,2,0.3913772058112142,True,0.12814490748873264,False,0.4712215560109807,False,0.336563822603584,True
validation:9.17数据/log_10_2026-9-17-06-34-34.ulg:1:4025,9.17数据/log_10_2026-9-17-06-34-34.ulg,1,4025,51,215936980,216445778,217443831,0.508798,Sep17,Mission,sustained,3,0.3755180971236028,True,0.388006751746592,True,0.35864600790118845,False,0.598694294120557,True
validation:9.17数据/log_10_2026-9-17-06-34-34.ulg:1:4075,9.17数据/log_10_2026-9-17-06-34-34.ulg,1,4075,51,216944848,217443831,218441821,0.4989829999999999,Sep17,Mission,reversing,2,0.3817846601021246,True,0.09174571711986064,False,0.22183652891372263,False,0.4330677219330923,True
validation:9.17数据/log_10_2026-9-17-06-34-34.ulg:1:4125,9.17数据/log_10_2026-9-17-06-34-34.ulg,1,4125,51,217942871,218441821,219439808,0.49895,Sep17,Mission,sustained,3,0.38192209346260136,True,0.3383551410711892,True,0.5768468530684316,True,0.10171868683389743,False
validation:9.17数据/log_10_2026-9-17-06-34-34.ulg:1:4175,9.17数据/log_10_2026-9-17-06-34-34.ulg,1,4175,51,218940796,219439808,220437805,0.4990119999999999,Sep17,Mission,sustained,1,0.38186866623881766,True,0.07255489667294883,False,0.3125278423407428,False,0.1255486776455099,False
validation:9.17数据/log_10_2026-9-17-06-34-34.ulg:1:4225,9.17数据/log_10_2026-9-17-06-34-34.ulg,1,4225,51,219938760,220437805,221445757,0.4990449999999999,Sep17,Mission,mixed_change,2,0.3928442398973253,True,0.15038472995317761,False,0.663177742376793,True,0.1650451653544632,False
validation:9.17数据/log_10_2026-9-17-06-34-34.ulg:1:4275,9.17数据/log_10_2026-9-17-06-34-34.ulg,1,4275,51,220946717,221445757,222443681,0.49904,Sep17,Mission,reversing,3,0.3980352541663022,True,0.13152812839843056,False,0.6619166503983861,True,0.23576590252737223,True
validation:9.17数据/log_10_2026-9-17-06-34-34.ulg:1:4325,9.17数据/log_10_2026-9-17-06-34-34.ulg,1,4325,51,221944686,222443681,223441642,0.4989949999999999,Sep17,Mission,sustained,1,0.3701171354456566,True,0.12546645399031472,False,0.339964952626346,False,0.09002031002111455,False
validation:9.17数据/log_10_2026-9-17-06-34-34.ulg:1:4375,9.17数据/log_10_2026-9-17-06-34-34.ulg,1,4375,51,222942715,223441642,224439658,0.4989269999999999,Sep17,Mission,sustained,3,0.3661139437451824,True,0.15016280629290785,False,1.12538888302203,True,0.5779703362363482,True
validation:9.17数据/log_10_2026-9-17-06-34-34.ulg:1:4425,9.17数据/log_10_2026-9-17-06-34-34.ulg,1,4425,51,223940638,224439658,225437642,0.4990199999999999,Sep17,Mission,sustained,1,0.3818238948745913,True,0.1678419059530635,False,0.4207201044384211,False,0.18659082236335398,False
validation:9.17数据/log_10_2026-9-17-06-34-34.ulg:1:4475,9.17数据/log_10_2026-9-17-06-34-34.ulg,1,4475,51,224938621,225437642,226445546,0.499021,Sep17,Mission,lower_change,0,0.05443872411032488,False,0.12553742319153538,False,0.15908197072002417,False,0.0901527315458236,False
validation:9.17数据/log_10_2026-9-17-06-34-34.ulg:1:4525,9.17数据/log_10_2026-9-17-06-34-34.ulg,1,4525,51,225936563,226445546,227443539,0.508983,Sep17,Mission,sustained,2,0.3751579739463517,True,0.16123897691724812,False,0.25661106206071965,False,0.3490316469336934,True
validation:9.17数据/log_10_2026-9-17-06-34-34.ulg:1:4575,9.17数据/log_10_2026-9-17-06-34-34.ulg,1,4575,51,226944537,227443539,228441461,0.499002,Sep17,Mission,sustained,1,0.38184993354952,True,0.09476431418350136,False,0.08074521380534568,False,0.07078361847710242,False
validation:9.17数据/log_10_2026-9-17-06-34-34.ulg:1:4625,9.17数据/log_10_2026-9-17-06-34-34.ulg,1,4625,51,227942503,228441461,229439429,0.4989579999999999,Sep17,Mission,sustained,2,0.10381894273849723,False,0.12881126951295976,False,0.8735745095902953,True,0.23741429970759126,True
validation:9.17数据/log_10_2026-9-17-06-34-34.ulg:1:4675,9.17数据/log_10_2026-9-17-06-34-34.ulg,1,4675,51,228940476,229439429,230437429,0.498953,Sep17,Mission,sustained,2,0.20677875234048151,False,0.16240061039743545,False,1.1522344131139513,True,0.2309361177111922,True
validation:9.17数据/log_10_2026-9-17-06-34-34.ulg:1:4725,9.17数据/log_10_2026-9-17-06-34-34.ulg,1,4725,51,229938404,230437429,231445341,0.499025,Sep17,Mission,mixed_change,2,0.3195589429752567,True,0.14204273678300053,False,0.12359638301603794,False,0.27826727773639764,True
validation:9.17数据/log_10_2026-9-17-06-34-34.ulg:1:4775,9.17数据/log_10_2026-9-17-06-34-34.ulg,1,4775,51,230946371,231445341,232443309,0.4989699999999999,Sep17,Mission,sustained,3,0.39705355264979825,True,0.1694541329038715,False,0.5183334641514385,True,0.28394473048951413,True
validation:9.17数据/log_10_2026-9-17-06-34-34.ulg:1:4825,9.17数据/log_10_2026-9-17-06-34-34.ulg,1,4825,51,231944384,232443309,233441274,0.4989249999999999,Sep17,Mission,sustained,1,0.10250656498326417,False,0.11704538755746534,False,0.5659419308713861,True,0.2149584172509316,False
validation:9.17数据/log_10_2026-9-17-06-34-34.ulg:1:4875,9.17数据/log_10_2026-9-17-06-34-34.ulg,1,4875,51,232942382,233441274,234439348,0.498892,Sep17,Mission,sustained,2,0.3818480123418909,True,0.10550077611153544,False,0.24822300546457607,False,0.5989814898735305,True
validation:9.17数据/log_10_2026-9-17-06-34-34.ulg:1:4925,9.17数据/log_10_2026-9-17-06-34-34.ulg,1,4925,51,233940289,234439348,235447233,0.499059,Sep17,Mission,sustained,2,0.34570242152223224,True,0.11935086387512762,False,0.1410826650076738,False,0.4066929414525535,True
validation:9.17数据/log_10_2026-9-17-06-34-34.ulg:1:4975,9.17数据/log_10_2026-9-17-06-34-34.ulg,1,4975,51,234938240,235447233,236445156,0.508993,Sep17,Mission,sustained,2,0.3746412694587883,True,0.2487913484262729,True,0.3597700485991916,False,0.0665530655814074,False
validation:9.17数据/log_10_2026-9-17-06-34-34.ulg:2:25,9.17数据/log_10_2026-9-17-06-34-34.ulg,2,25,51,236525013,237023964,238021967,0.498951,Sep17,Stabilized,reversing,2,0.02746614504230779,False,0.15160144391389252,False,1.1560252285095478,True,0.36088071258596033,True
validation:9.17数据/log_10_2026-9-17-06-34-34.ulg:2:75,9.17数据/log_10_2026-9-17-06-34-34.ulg,2,75,51,237522986,238021967,239019979,0.4989809999999999,Sep17,Stabilized,mixed_change,3,0.8582858189538344,True,0.08265421336754299,False,1.1083602485991244,True,0.3582181158620746,True
validation:9.17数据/log_10_2026-9-17-06-34-34.ulg:2:125,9.17数据/log_10_2026-9-17-06-34-34.ulg,2,125,51,238521118,239019979,240017858,0.498861,Sep17,Stabilized,lower_change,0,0.23732893724367074,False,0.15814212669015376,False,0.2243541496464714,False,0.11746937658610894,False
validation:9.17数据/log_10_2026-9-17-06-34-34.ulg:2:175,9.17数据/log_10_2026-9-17-06-34-34.ulg,2,175,51,239519102,240017858,241025829,0.498756,Sep17,Stabilized,sustained,4,0.38649671586429196,True,0.22879348983436884,True,1.2629090734200599,True,0.420064857191079,True
validation:9.17数据/log_10_2026-9-17-06-34-34.ulg:2:225,9.17数据/log_10_2026-9-17-06-34-34.ulg,2,225,51,240526837,241025829,242023889,0.498992,Sep17,Stabilized,sustained,2,0.0058676372776599785,False,0.2371196797838526,True,0.6787060996133141,True,0.17546936946325228,False
validation:9.17数据/log_10_2026-9-17-06-34-34.ulg:2:275,9.17数据/log_10_2026-9-17-06-34-34.ulg,2,275,51,241524817,242023889,243021752,0.4990719999999999,Sep17,Stabilized,sustained,1,0.5647448728462231,True,0.16596324129063522,False,0.22659562614753648,False,0.0419838057851856,False
validation:9.17数据/log_10_2026-9-17-06-34-34.ulg:2:325,9.17数据/log_10_2026-9-17-06-34-34.ulg,2,325,51,242522826,243021752,244019742,0.498926,Sep17,Stabilized,lower_change,0,0.0164327139966605,False,0.11467857097231439,False,0.18866905155795446,False,0.12881498387282236,False
validation:9.17数据/log_10_2026-9-17-06-34-34.ulg:2:375,9.17数据/log_10_2026-9-17-06-34-34.ulg,2,375,51,243520944,244019742,245027662,0.4987979999999999,Sep17,Stabilized,sustained,2,0.003585912179202717,False,0.16343835069640483,False,0.7074633074261453,True,0.5656192471052952,True
validation:9.17数据/log_10_2026-9-17-06-34-34.ulg:2:425,9.17数据/log_10_2026-9-17-06-34-34.ulg,2,425,51,244518934,245027662,246015575,0.508728,Sep17,Stabilized,mixed_change,1,0.022773780476972757,False,0.28118040287366697,True,0.2826888823483635,False,0.18023369098040903,False
validation:9.17数据/log_10_2026-9-17-06-34-34.ulg:2:475,9.17数据/log_10_2026-9-17-06-34-34.ulg,2,475,51,245526656,246015575,247023636,0.488919,Sep17,Stabilized,lower_change,0,0.15370929005383452,False,0.13366870938153833,False,0.20489453841863633,False,0.20136260970843908,False
validation:9.17数据/log_10_2026-9-17-06-34-34.ulg:2:525,9.17数据/log_10_2026-9-17-06-34-34.ulg,2,525,51,246524581,247023636,248021604,0.4990549999999999,Sep17,Stabilized,sustained,1,0.03167039481282682,False,0.12049078215383027,False,1.07303526568628,True,0.14054416944461942,False
validation:9.17数据/log_10_2026-9-17-06-34-34.ulg:2:575,9.17数据/log_10_2026-9-17-06-34-34.ulg,2,575,51,247522540,248021604,249019533,0.4990639999999999,Sep17,Stabilized,sustained,1,0.30341124248035295,True,0.10325735404603255,False,0.16148500169878363,False,0.15004524500517108,False
validation:9.17数据/log_10_2026-9-17-06-34-34.ulg:2:625,9.17数据/log_10_2026-9-17-06-34-34.ulg,2,625,51,248520693,249019533,250017526,0.4988399999999999,Sep17,Stabilized,sustained,1,0.029774680517958254,False,0.15903539127208502,False,0.9907765736012296,True,0.1113892308049716,False
validation:9.17数据/log_10_2026-9-17-06-34-34.ulg:2:675,9.17数据/log_10_2026-9-17-06-34-34.ulg,2,675,51,249518717,250017526,251025446,0.498809,Sep17,Stabilized,sustained,2,0.3982850217098601,True,0.1912518221715767,True,0.1912518221715767,False,0.1517036596670587,False
validation:9.17数据/log_10_2026-9-17-06-34-34.ulg:2:725,9.17数据/log_10_2026-9-17-06-34-34.ulg,2,725,51,250526419,251025446,252023439,0.499027,Sep17,Stabilized,sustained,1,0.0094875126359875,False,0.2506211478417536,True,0.4544153317611028,False,0.1363582041378098,False
validation:9.17数据/log_10_2026-9-17-06-34-34.ulg:2:775,9.17数据/log_10_2026-9-17-06-34-34.ulg,2,775,51,251524431,252023439,253021397,0.4990079999999999,Sep17,Stabilized,sustained,2,0.5105519220722254,True,0.12528513119365836,False,0.6016257302879106,True,0.15165098923127796,False
validation:9.17数据/log_10_2026-9-17-06-34-34.ulg:2:825,9.17数据/log_10_2026-9-17-06-34-34.ulg,2,825,51,252522360,253021397,254019395,0.4990369999999999,Sep17,Stabilized,lower_change,0,0.22432455791381561,False,0.1398808294439286,False,0.23182483138874505,False,0.17673865701840633,False
validation:9.17数据/log_10_2026-9-17-06-34-34.ulg:2:875,9.17数据/log_10_2026-9-17-06-34-34.ulg,2,875,51,253520550,254019395,255027265,0.498845,Sep17,Stabilized,mixed_change,1,0.18780839485418455,False,0.2749161113790175,True,0.24256444151296472,False,0.0682167184435573,False
validation:9.17数据/log_11_2026-9-17-06-40-30.ulg:0:25,9.17数据/log_11_2026-9-17-06-40-30.ulg,0,25,51,91187541,91686588,92684526,0.4990469999999999,Sep17,Stabilized,reversing,3,0.2643411604238489,False,0.23774358468889886,True,0.8499761451641709,True,1.823207412248323,True
validation:9.17数据/log_11_2026-9-17-06-40-30.ulg:0:75,9.17数据/log_11_2026-9-17-06-40-30.ulg,0,75,51,92185525,92684526,93682566,0.499001,Sep17,Stabilized,reversing,4,0.35851826078908555,True,0.2851629787508473,True,0.5995867114872724,True,1.108184412268423,True
validation:9.17数据/log_11_2026-9-17-06-40-30.ulg:0:125,9.17数据/log_11_2026-9-17-06-40-30.ulg,0,125,51,93183535,93682566,94690500,0.499031,Sep17,Stabilized,sustained,1,0.19138180295305002,False,0.31617855686963214,True,0.3258114920458684,False,0.14034158986758416,False
validation:9.17数据/log_11_2026-9-17-06-40-30.ulg:0:175,9.17数据/log_11_2026-9-17-06-40-30.ulg,0,175,51,94181497,94690500,95688453,0.509003,Sep17,Stabilized,sustained,2,0.011526873271928468,False,0.1988926880148595,True,0.2915646610580724,False,0.516297059834222,True
validation:9.17数据/log_11_2026-9-17-06-40-30.ulg:0:225,9.17数据/log_11_2026-9-17-06-40-30.ulg,0,225,51,95189493,95688453,96686443,0.4989599999999999,Sep17,Stabilized,sustained,1,0.009258785434009646,False,0.09749243428793142,False,0.6434240647827871,True,0.1849828994671921,False
validation:9.17数据/log_11_2026-9-17-06-40-30.ulg:0:275,9.17数据/log_11_2026-9-17-06-40-30.ulg,0,275,51,96187438,96686443,97684509,0.499005,Sep17,Stabilized,lower_change,0,0.0,False,0.10397070396636249,False,0.1563482191990571,False,0.07900604541637825,False
validation:9.17数据/log_11_2026-9-17-06-40-30.ulg:0:325,9.17数据/log_11_2026-9-17-06-40-30.ulg,0,325,51,97185425,97684509,98682410,0.4990839999999999,Sep17,Stabilized,lower_change,0,0.0,False,0.08911310048582086,False,0.37159655750401804,False,0.16281272460995036,False
validation:9.17数据/log_11_2026-9-17-06-40-30.ulg:0:375,9.17数据/log_11_2026-9-17-06-40-30.ulg,0,375,51,98183452,98682410,99680418,0.4989579999999999,Sep17,Stabilized,sustained,2,0.013732998105609137,False,0.06133068052483567,False,1.5897174761275465,True,0.24556896303831055,True
validation:9.17数据/log_11_2026-9-17-06-40-30.ulg:0:425,9.17数据/log_11_2026-9-17-06-40-30.ulg,0,425,51,99191393,99680418,100688390,0.489025,Sep17,Stabilized,sustained,1,0.01224828442875162,False,0.08264802438671472,False,1.0070210696007824,True,0.09535204383226961,False
validation:9.17数据/log_11_2026-9-17-06-40-30.ulg:0:475,9.17数据/log_11_2026-9-17-06-40-30.ulg,0,475,51,100179440,100688390,101686409,0.50895,Sep17,Stabilized,lower_change,0,0.016562618895624368,False,0.06981595258877799,False,0.2105651738181523,False,0.04518190007541888,False
validation:9.17数据/log_11_2026-9-17-06-40-30.ulg:0:525,9.17数据/log_11_2026-9-17-06-40-30.ulg,0,525,51,101187423,101686409,102684374,0.498986,Sep17,Stabilized,lower_change,0,0.013732998105609137,False,0.07862700703282353,False,0.25538956903168336,False,0.04424061999177571,False
validation:9.17数据/log_11_2026-9-17-06-40-30.ulg:0:575,9.17数据/log_11_2026-9-17-06-40-30.ulg,0,575,51,102185350,102684374,103682342,0.4990239999999999,Sep17,Stabilized,lower_change,0,0.0,False,0.07348043334560601,False,0.1445845307814768,False,0.19576588660754451,False
validation:9.17数据/log_11_2026-9-17-06-40-30.ulg:0:625,9.17数据/log_11_2026-9-17-06-40-30.ulg,0,625,51,103183356,103682342,104690311,0.498986,Sep17,Stabilized,lower_change,0,0.020909745726581934,False,0.06909172286732271,False,0.48169991838414367,False,0.16388275931522217,False
validation:9.17数据/log_11_2026-9-17-06-40-30.ulg:0:675,9.17数据/log_11_2026-9-17-06-40-30.ulg,0,675,51,104181393,104690311,105688351,0.508918,Sep17,Stabilized,lower_change,0,0.008018821330704617,False,0.09515978874887114,False,0.23092493318724236,False,0.0651122596992448,False
validation:9.17数据/log_11_2026-9-17-06-40-30.ulg:0:725,9.17数据/log_11_2026-9-17-06-40-30.ulg,0,725,51,105189326,105688351,106686305,0.499025,Sep17,Stabilized,lower_change,0,0.0,False,0.13309989774131023,False,0.27710656293054875,False,0.048100811442013336,False
validation:9.17数据/log_11_2026-9-17-06-40-30.ulg:1:25,9.17数据/log_11_2026-9-17-06-40-30.ulg,1,25,51,107005712,107504672,108502680,0.4989599999999999,Sep17,Mission,sustained,2,0.3713127893644875,True,0.0755005216416151,False,0.4137977691980212,False,0.29184907227517526,True
validation:9.17数据/log_11_2026-9-17-06-40-30.ulg:1:75,9.17数据/log_11_2026-9-17-06-40-30.ulg,1,75,51,108003649,108502680,109500660,0.499031,Sep17,Mission,lower_change,0,0.25123019958250836,False,0.10161017676064991,False,0.21351140766382667,False,0.05849184134468682,False
validation:9.17数据/log_11_2026-9-17-06-40-30.ulg:1:125,9.17数据/log_11_2026-9-17-06-40-30.ulg,1,125,51,109001645,109500660,110508707,0.499015,Sep17,Mission,lower_change,0,0.23656666780302055,False,0.08525391692053642,False,0.30522893828027026,False,0.16045305525522655,False
validation:9.17数据/log_11_2026-9-17-06-40-30.ulg:1:175,9.17数据/log_11_2026-9-17-06-40-30.ulg,1,175,51,110009774,110508707,111506715,0.4989329999999999,Sep17,Mission,lower_change,0,0.08443109067106952,False,0.09041951673929717,False,0.1810095834468914,False,0.08936933435858552,False
validation:9.17数据/log_11_2026-9-17-06-40-30.ulg:1:225,9.17数据/log_11_2026-9-17-06-40-30.ulg,1,225,51,111007639,111506715,112504777,0.4990759999999999,Sep17,Mission,lower_change,0,0.1422227108098867,False,0.16135776508651253,False,0.4507939452703986,False,0.1507571000412337,False
validation:9.17数据/log_11_2026-9-17-06-40-30.ulg:1:275,9.17数据/log_11_2026-9-17-06-40-30.ulg,1,275,51,112005630,112504777,113502672,0.4991469999999999,Sep17,Mission,sustained,2,0.3817194800285292,True,0.0980977769327082,False,0.8098614680846457,True,0.13772719942912523,False
validation:9.17数据/log_11_2026-9-17-06-40-30.ulg:1:325,9.17数据/log_11_2026-9-17-06-40-30.ulg,1,325,51,113003725,113502672,114510633,0.498947,Sep17,Mission,sustained,2,0.3864035706449363,True,0.1645910720371368,False,0.5897376894911572,True,0.10485811951399546,False
validation:9.17数据/log_11_2026-9-17-06-40-30.ulg:1:375,9.17数据/log_11_2026-9-17-06-40-30.ulg,1,375,51,114001648,114510633,115508674,0.508985,Sep17,Mission,sustained,1,0.3754082957190992,True,0.09146124011690018,False,0.09452512995923823,False,0.04643915133230829,False
validation:9.17数据/log_11_2026-9-17-06-40-30.ulg:1:425,9.17数据/log_11_2026-9-17-06-40-30.ulg,1,425,51,115009629,115508674,116506655,0.4990449999999999,Sep17,Mission,sustained,2,0.32983782520776467,True,0.17773349095197288,True,0.14703455947437302,False,0.046284065217958276,False
validation:9.17数据/log_11_2026-9-17-06-40-30.ulg:1:475,9.17数据/log_11_2026-9-17-06-40-30.ulg,1,475,51,116007574,116506655,117504652,0.499081,Sep17,Mission,lower_change,0,0.2544747508800529,False,0.10663419516249323,False,0.10085236816054574,False,0.08136853883237882,False
validation:9.17数据/log_11_2026-9-17-06-40-30.ulg:1:525,9.17数据/log_11_2026-9-17-06-40-30.ulg,1,525,51,117005582,117504652,118502609,0.4990699999999999,Sep17,Mission,lower_change,0,0.2523041039682035,False,0.09435805536760596,False,0.25403550138413644,False,0.051138012409187215,False
validation:9.17数据/log_11_2026-9-17-06-40-30.ulg:1:575,9.17数据/log_11_2026-9-17-06-40-30.ulg,1,575,51,118003572,118502609,119500603,0.4990369999999999,Sep17,Mission,lower_change,0,0.1045169684314215,False,0.1768043284113319,False,0.3076661177722326,False,0.029229975208109348,False
validation:9.17数据/log_11_2026-9-17-06-40-30.ulg:1:625,9.17数据/log_11_2026-9-17-06-40-30.ulg,1,625,51,119011597,119500603,120508832,0.489006,Sep17,Mission,lower_change,0,0.1390697070066807,False,0.11323799754471882,False,0.2758418034719472,False,0.08144399434809207,False
validation:9.17数据/log_11_2026-9-17-06-40-30.ulg:1:675,9.17数据/log_11_2026-9-17-06-40-30.ulg,1,675,51,120009550,120508832,121506701,0.499282,Sep17,Mission,lower_change,0,0.1756161601860381,False,0.09479016198158359,False,0.24726953602005966,False,0.12516467478636958,False
validation:9.17数据/log_11_2026-9-17-06-40-30.ulg:1:725,9.17数据/log_11_2026-9-17-06-40-30.ulg,1,725,51,121007583,121506701,122504716,0.4991179999999999,Sep17,Mission,sustained,1,0.3818116168193573,True,0.1156170858965603,False,0.27276772762269824,False,0.08388639861446458,False
validation:9.17数据/log_11_2026-9-17-06-40-30.ulg:1:775,9.17数据/log_11_2026-9-17-06-40-30.ulg,1,775,51,122005545,122504716,123502698,0.499171,Sep17,Mission,lower_change,0,0.13463065188312684,False,0.11234863859252595,False,0.4594148587851058,False,0.11770837313720542,False
validation:9.17数据/log_11_2026-9-17-06-40-30.ulg:1:825,9.17数据/log_11_2026-9-17-06-40-30.ulg,1,825,51,123006052,123502698,124510560,0.496646,Sep17,Mission,sustained,1,0.3857120171038178,True,0.15281164392795618,False,0.28283512324736415,False,0.1111435040426421,False
validation:9.17数据/log_11_2026-9-17-06-40-30.ulg:1:875,9.17数据/log_11_2026-9-17-06-40-30.ulg,1,875,51,124001563,124510560,125508626,0.5089969999999999,Sep17,Mission,sustained,2,0.3747647704898098,True,0.22089955718390256,True,0.2358614828881137,False,0.13290288262139294,False
validation:9.17数据/log_11_2026-9-17-06-40-30.ulg:1:925,9.17数据/log_11_2026-9-17-06-40-30.ulg,1,925,51,125009498,125508626,126506523,0.4991279999999999,Sep17,Mission,sustained,1,0.07037249117117957,False,0.08822382314051407,False,1.0066204895530149,True,0.13510456577372365,False
validation:9.17数据/log_11_2026-9-17-06-40-30.ulg:1:975,9.17数据/log_11_2026-9-17-06-40-30.ulg,1,975,51,126007484,126506523,127504505,0.4990389999999999,Sep17,Mission,mixed_change,3,0.37212660173378737,True,0.2273561960030474,True,0.5167579327361489,True,0.17854576443598852,False
validation:9.17数据/log_11_2026-9-17-06-40-30.ulg:1:1025,9.17数据/log_11_2026-9-17-06-40-30.ulg,1,1025,51,127005563,127504505,128502588,0.498942,Sep17,Mission,sustained,1,0.38180562713464206,True,0.13509578834500413,False,0.25849803236142427,False,0.1919307211601691,False
validation:9.17数据/log_11_2026-9-17-06-40-30.ulg:1:1075,9.17数据/log_11_2026-9-17-06-40-30.ulg,1,1075,51,128003508,128502588,129510454,0.4990799999999999,Sep17,Mission,sustained,1,0.20755206656049205,False,0.1537979217003749,False,0.14859588682040978,False,0.2659290817391384,True
validation:9.17数据/log_11_2026-9-17-06-40-30.ulg:1:1125,9.17数据/log_11_2026-9-17-06-40-30.ulg,1,1125,51,129011461,129510454,130508453,0.4989929999999999,Sep17,Mission,lower_change,0,0.13587317917402603,False,0.16508063177029836,False,0.16029040553383597,False,0.2139331928279986,False
validation:9.17数据/log_11_2026-9-17-06-40-30.ulg:1:1175,9.17数据/log_11_2026-9-17-06-40-30.ulg,1,1175,51,129999508,130508453,131506441,0.508945,Sep17,Mission,lower_change,0,0.1624829347576576,False,0.08534558500374306,False,0.15113514728380287,False,0.2212357092553995,False
validation:9.17数据/log_11_2026-9-17-06-40-30.ulg:1:1225,9.17数据/log_11_2026-9-17-06-40-30.ulg,1,1225,51,131007448,131506441,132504437,0.4989929999999999,Sep17,Mission,lower_change,0,0.20473340748500082,False,0.10415586856056791,False,0.2878985898588072,False,0.21308576144917618,False
validation:9.17数据/log_11_2026-9-17-06-40-30.ulg:1:1275,9.17数据/log_11_2026-9-17-06-40-30.ulg,1,1275,51,132005504,132504437,133502491,0.4989329999999999,Sep17,Mission,sustained,1,0.1922420818990193,False,0.11269929743895973,False,0.914657737537589,True,0.17688600460834986,False
validation:9.17数据/log_11_2026-9-17-06-40-30.ulg:1:1325,9.17数据/log_11_2026-9-17-06-40-30.ulg,1,1325,51,133003425,133502491,134510402,0.4990659999999999,Sep17,Mission,lower_change,0,0.2307971103116318,False,0.14226442213513088,False,0.3809994615588886,False,0.06109637956125459,False
validation:9.17数据/log_11_2026-9-17-06-40-30.ulg:1:1375,9.17数据/log_11_2026-9-17-06-40-30.ulg,1,1375,51,134001427,134510402,135508392,0.508975,Sep17,Mission,lower_change,0,0.06829778931621,False,0.1363755021463279,False,0.2650817359458982,False,0.07293249703642002,False
validation:9.17数据/log_11_2026-9-17-06-40-30.ulg:1:1425,9.17数据/log_11_2026-9-17-06-40-30.ulg,1,1425,51,135009479,135508392,136506425,0.498913,Sep17,Mission,lower_change,0,0.15382255350714827,False,0.09512674549695337,False,0.12726390817107464,False,0.06909298696153691,False
validation:9.17数据/log_11_2026-9-17-06-40-30.ulg:1:1475,9.17数据/log_11_2026-9-17-06-40-30.ulg,1,1475,51,136007391,136506425,137504384,0.499034,Sep17,Mission,lower_change,0,0.1279245801215029,False,0.11428018899922988,False,0.19620194310609576,False,0.09043241958354183,False
validation:9.17数据/log_11_2026-9-17-06-40-30.ulg:1:1525,9.17数据/log_11_2026-9-17-06-40-30.ulg,1,1525,51,137005439,137504384,138502464,0.4989449999999999,Sep17,Mission,sustained,1,0.22502923558563293,False,0.2691733141905237,True,0.4557312900319191,False,0.1226976420617904,False
validation:9.17数据/log_11_2026-9-17-06-40-30.ulg:1:1575,9.17数据/log_11_2026-9-17-06-40-30.ulg,1,1575,51,138003410,138502464,139510409,0.499054,Sep17,Mission,sustained,2,0.3831458839106754,True,0.2734592221983271,True,0.4057109404024918,False,0.13820704760012031,False
validation:9.17数据/log_11_2026-9-17-06-40-30.ulg:1:1625,9.17数据/log_11_2026-9-17-06-40-30.ulg,1,1625,51,139001372,139510409,140508346,0.509037,Sep17,Mission,mixed_change,4,0.3388889101887406,True,0.2228539074338919,True,0.6606872411804999,True,0.4201627684340141,True
validation:9.17数据/log_11_2026-9-17-06-40-30.ulg:1:1675,9.17数据/log_11_2026-9-17-06-40-30.ulg,1,1675,51,140009390,140508346,141506326,0.4989559999999999,Sep17,Mission,sustained,1,0.15361965654344167,False,0.10118269469694798,False,0.330517178396328,False,0.24967073947926172,True
validation:9.17数据/log_11_2026-9-17-06-40-30.ulg:1:1725,9.17数据/log_11_2026-9-17-06-40-30.ulg,1,1725,51,141007333,141506326,142504349,0.4989929999999999,Sep17,Mission,sustained,3,0.3818868052063734,True,0.11778180939347256,False,0.5033042740196664,True,0.25108347681983656,True
validation:9.17数据/log_11_2026-9-17-06-40-30.ulg:1:1775,9.17数据/log_11_2026-9-17-06-40-30.ulg,1,1775,51,142005327,142504349,143512296,0.4990219999999999,Sep17,Mission,sustained,1,0.3819829899142543,True,0.11121159473510375,False,0.18251927343143318,False,0.17118351580123273,False
validation:9.17数据/log_11_2026-9-17-06-40-30.ulg:1:1825,9.17数据/log_11_2026-9-17-06-40-30.ulg,1,1825,51,143003319,143512296,144500309,0.508977,Sep17,Mission,sustained,1,0.2517819871986381,False,0.08915549309202299,False,0.4515420983403678,False,0.31929240837355655,True
validation:9.17数据/log_11_2026-9-17-06-40-30.ulg:1:1875,9.17数据/log_11_2026-9-17-06-40-30.ulg,1,1875,51,144001326,144500309,145508267,0.4989829999999999,Sep17,Mission,sustained,2,0.33586108272028675,True,0.20332557453664116,True,0.2507085974862015,False,0.11786715110743827,False
validation:9.17数据/log_11_2026-9-17-06-40-30.ulg:1:1925,9.17数据/log_11_2026-9-17-06-40-30.ulg,1,1925,51,145009320,145508267,146506281,0.498947,Sep17,Mission,lower_change,0,0.09414310557611999,False,0.10787537159265129,False,0.17300268928268164,False,0.17467843842274217,False
validation:9.17数据/log_11_2026-9-17-06-40-30.ulg:1:1975,9.17数据/log_11_2026-9-17-06-40-30.ulg,1,1975,51,146007263,146506281,147504319,0.4990179999999999,Sep17,Mission,sustained,1,0.3565590501787183,True,0.1693756133625179,False,0.17885665711342624,False,0.0865467647284301,False
validation:9.17数据/log_11_2026-9-17-06-40-30.ulg:1:2025,9.17数据/log_11_2026-9-17-06-40-30.ulg,1,2025,51,147005275,147504319,148502248,0.499044,Sep17,Mission,sustained,1,0.29980712023074,True,0.12629107011808574,False,0.13043988396035405,False,0.17858023875265328,False
validation:9.17数据/log_11_2026-9-17-06-40-30.ulg:1:2075,9.17数据/log_11_2026-9-17-06-40-30.ulg,1,2075,51,148003249,148502248,149510240,0.4989989999999999,Sep17,Mission,lower_change,0,0.2815946252281482,False,0.10907684477211103,False,0.0960598995915994,False,0.07577644167408137,False
validation:9.17数据/log_11_2026-9-17-06-40-30.ulg:1:2125,9.17数据/log_11_2026-9-17-06-40-30.ulg,1,2125,51,149001289,149510240,150508270,0.5089509999999999,Sep17,Mission,sustained,1,0.07548143174179338,False,0.18369244256753095,True,0.17063292708711353,False,0.13352514477143473,False
validation:9.17数据/log_11_2026-9-17-06-40-30.ulg:1:2175,9.17数据/log_11_2026-9-17-06-40-30.ulg,1,2175,51,150009239,150508270,151506195,0.499031,Sep17,Mission,sustained,1,0.3181662551117663,True,0.08958116636100998,False,0.12023174366184387,False,0.045553042031375016,False
validation:9.17数据/log_11_2026-9-17-06-40-30.ulg:1:2225,9.17数据/log_11_2026-9-17-06-40-30.ulg,1,2225,51,151007269,151506195,152504178,0.498926,Sep17,Mission,lower_change,0,0.25261210754730473,False,0.06738692916664012,False,0.17816127829521186,False,0.11263399641102552,False
validation:9.17数据/log_11_2026-9-17-06-40-30.ulg:1:2275,9.17数据/log_11_2026-9-17-06-40-30.ulg,1,2275,51,152005233,152504178,153502193,0.4989449999999999,Sep17,Mission,sustained,1,0.2311771543727319,False,0.094756430440095,False,0.19165408555512356,False,0.30274695451865014,True
validation:9.17数据/log_11_2026-9-17-06-40-30.ulg:1:2325,9.17数据/log_11_2026-9-17-06-40-30.ulg,1,2325,51,153003181,153502193,154500174,0.4990119999999999,Sep17,Mission,lower_change,0,0.2091115101896226,False,0.11805036446232459,False,0.2803046707851869,False,0.1863097878961083,False
validation:9.17数据/log_11_2026-9-17-06-40-30.ulg:1:2375,9.17数据/log_11_2026-9-17-06-40-30.ulg,1,2375,51,154011203,154500174,155508178,0.488971,Sep17,Mission,sustained,3,0.3978402008589093,True,0.24401167074123856,True,0.5063218624645404,True,0.14202485501212825,False
validation:9.17数据/log_11_2026-9-17-06-40-30.ulg:1:2425,9.17数据/log_11_2026-9-17-06-40-30.ulg,1,2425,51,155009212,155508178,156506127,0.4989659999999999,Sep17,Mission,sustained,1,0.33012039500653617,True,0.11886100002856687,False,0.229832969294087,False,0.038021444293434695,False
validation:9.17数据/log_11_2026-9-17-06-40-30.ulg:1:2475,9.17数据/log_11_2026-9-17-06-40-30.ulg,1,2475,51,156007195,156506127,157504108,0.498932,Sep17,Mission,sustained,1,0.3818219237689158,True,0.16422290093004555,False,0.11751056283902485,False,0.07439530696876089,False
validation:9.17数据/log_11_2026-9-17-06-40-30.ulg:1:2525,9.17数据/log_11_2026-9-17-06-40-30.ulg,1,2525,51,157005174,157504108,158502104,0.498934,Sep17,Mission,sustained,1,0.3818819964409124,True,0.12432322410078665,False,0.37573838479319716,False,0.09492247409040458,False
validation:9.17数据/log_11_2026-9-17-06-40-30.ulg:1:2575,9.17数据/log_11_2026-9-17-06-40-30.ulg,1,2575,51,158003157,158502104,159510114,0.498947,Sep17,Mission,sustained,1,0.32205700091526607,True,0.11785708724747078,False,0.2720660030326687,False,0.22166763429846362,False
validation:9.17数据/log_11_2026-9-17-06-40-30.ulg:1:2625,9.17数据/log_11_2026-9-17-06-40-30.ulg,1,2625,51,159001176,159510114,160508054,0.508938,Sep17,Mission,sustained,1,0.3237110724688346,True,0.16579466995044476,False,0.1640617323574677,False,0.10140948486914163,False
validation:9.17数据/log_11_2026-9-17-06-40-30.ulg:1:2675,9.17数据/log_11_2026-9-17-06-40-30.ulg,1,2675,51,160009145,160508054,161506044,0.498909,Sep17,Mission,sustained,1,0.38230218371582375,True,0.16604143370451055,False,0.3352718852280475,False,0.17470137072933217,False
validation:9.17数据/log_11_2026-9-17-06-40-30.ulg:1:2725,9.17数据/log_11_2026-9-17-06-40-30.ulg,1,2725,51,161007092,161506044,162504069,0.4989519999999999,Sep17,Mission,sustained,2,0.3124966109041489,True,0.230511781286651,True,0.3667215232550794,False,0.07306734019549586,False
validation:9.17数据/log_11_2026-9-17-06-40-30.ulg:1:2775,9.17数据/log_11_2026-9-17-06-40-30.ulg,1,2775,51,162005105,162504069,163501992,0.4989639999999999,Sep17,Mission,sustained,2,0.2969936181345534,False,0.16526200272921496,False,0.515016334697403,True,0.3133975436079511,True
validation:9.17数据/log_11_2026-9-17-06-40-30.ulg:1:2825,9.17数据/log_11_2026-9-17-06-40-30.ulg,1,2825,51,163003099,163501992,164510021,0.498893,Sep17,Mission,sustained,1,0.35580501515704405,True,0.09471109709026906,False,0.20777471368672257,False,0.13387643515575692,False
validation:9.17数据/log_11_2026-9-17-06-40-30.ulg:1:2875,9.17数据/log_11_2026-9-17-06-40-30.ulg,1,2875,51,164011019,164510021,165507952,0.499002,Sep17,Mission,sustained,1,0.3743145569850469,True,0.16163109281001461,False,0.22917639434266213,False,0.04674538518937839,False
validation:9.17数据/log_11_2026-9-17-06-40-30.ulg:1:2925,9.17数据/log_11_2026-9-17-06-40-30.ulg,1,2925,51,165009011,165507952,166505938,0.4989409999999999,Sep17,Mission,sustained,1,0.3465509522689039,True,0.10422069240638919,False,0.11280606024936826,False,0.11020302061858715,False
validation:9.17数据/log_11_2026-9-17-06-40-30.ulg:1:2975,9.17数据/log_11_2026-9-17-06-40-30.ulg,1,2975,51,166006990,166505938,167503937,0.498948,Sep17,Mission,lower_change,0,0.2726893786408772,False,0.091626948773834,False,0.12009577112479496,False,0.18246069314395036,False
validation:9.17数据/log_11_2026-9-17-06-40-30.ulg:1:3025,9.17数据/log_11_2026-9-17-06-40-30.ulg,1,3025,51,167004976,167503937,168501906,0.498961,Sep17,Mission,lower_change,0,0.09345756339295481,False,0.164523546639662,False,0.11382472297650303,False,0.14142855120433562,False
validation:9.17数据/log_11_2026-9-17-06-40-30.ulg:1:3075,9.17数据/log_11_2026-9-17-06-40-30.ulg,1,3075,51,168002983,168501906,169509867,0.4989229999999999,Sep17,Mission,lower_change,0,0.12850681566056993,False,0.1473125157590435,False,0.1585086573367762,False,0.06470167017633632,False
validation:9.17数据/log_11_2026-9-17-06-40-30.ulg:1:3125,9.17数据/log_11_2026-9-17-06-40-30.ulg,1,3125,51,169001018,169509867,170507829,0.508849,Sep17,Mission,lower_change,0,0.16193381496848858,False,0.08057199688150127,False,0.18140852325411777,False,0.04583886798985538,False
validation:9.17数据/log_11_2026-9-17-06-40-30.ulg:1:3175,9.17数据/log_11_2026-9-17-06-40-30.ulg,1,3175,51,170009026,170507829,171505852,0.498803,Sep17,Mission,sustained,3,0.3070431924921777,True,0.26114224522016627,True,0.4768680700183778,False,0.2595631489141946,True
validation:9.17数据/log_11_2026-9-17-06-40-30.ulg:1:3225,9.17数据/log_11_2026-9-17-06-40-30.ulg,1,3225,51,171006914,171505852,172503832,0.498938,Sep17,Mission,lower_change,0,0.25109326643272284,False,0.12993377715173393,False,0.2658307460398638,False,0.10576787469723169,False
validation:9.17数据/log_11_2026-9-17-06-40-30.ulg:1:3275,9.17数据/log_11_2026-9-17-06-40-30.ulg,1,3275,51,172004859,172503832,173501768,0.498973,Sep17,Mission,sustained,1,0.36129795909303886,True,0.08872289924912258,False,0.2507809885191958,False,0.08906978421838614,False
validation:9.17数据/log_11_2026-9-17-06-40-30.ulg:1:3325,9.17数据/log_11_2026-9-17-06-40-30.ulg,1,3325,51,173002836,173501768,174509756,0.498932,Sep17,Mission,reversing,1,0.16928074990328204,False,0.09611002104386902,False,0.5149789235140004,True,0.21207467623213413,False
validation:9.17数据/log_11_2026-9-17-06-40-30.ulg:1:3375,9.17数据/log_11_2026-9-17-06-40-30.ulg,1,3375,51,174010836,174509756,175507745,0.49892,Sep17,Mission,sustained,2,0.3742845912676069,True,0.0927042306235842,False,0.1228917547247559,False,0.38162541471874667,True
validation:9.17数据/log_11_2026-9-17-06-40-30.ulg:1:3425,9.17数据/log_11_2026-9-17-06-40-30.ulg,1,3425,51,175008750,175507745,176505741,0.4989949999999999,Sep17,Mission,mixed_change,1,0.09840167437546522,False,0.19059742963907397,True,0.06812001263153918,False,0.1691575804051753,False
validation:9.17数据/log_11_2026-9-17-06-40-30.ulg:1:3475,9.17数据/log_11_2026-9-17-06-40-30.ulg,1,3475,51,176006710,176505741,177503665,0.499031,Sep17,Mission,sustained,2,0.3167460991755195,True,0.10671725969487002,False,0.4820209012266882,False,0.27890213253500634,True
validation:9.17数据/log_11_2026-9-17-06-40-30.ulg:1:3525,9.17数据/log_11_2026-9-17-06-40-30.ulg,1,3525,51,177004713,177503665,178511625,0.4989519999999999,Sep17,Mission,lower_change,0,0.15688736566329847,False,0.1633294595604233,False,0.4781006752593921,False,0.02109941772403636,False
validation:9.17数据/log_11_2026-9-17-06-40-30.ulg:1:3575,9.17数据/log_11_2026-9-17-06-40-30.ulg,1,3575,51,178002682,178511625,179509612,0.5089429999999999,Sep17,Mission,sustained,1,0.3413197337997366,True,0.13731739585387143,False,0.23282247625107705,False,0.07306179011236966,False
validation:9.17数据/log_11_2026-9-17-06-40-30.ulg:1:3625,9.17数据/log_11_2026-9-17-06-40-30.ulg,1,3625,51,179000689,179509612,180507676,0.508923,Sep17,Mission,sustained,2,0.37518023037684195,True,0.09517718807962484,False,0.2114437098456582,False,0.4039096977050425,True
validation:9.17数据/log_11_2026-9-17-06-40-30.ulg:1:3675,9.17数据/log_11_2026-9-17-06-40-30.ulg,1,3675,51,180008603,180507676,181505626,0.499073,Sep17,Mission,mixed_change,1,0.3213817102941656,True,0.08411549619126152,False,0.3587148067545213,False,0.06088462164818346,False
validation:9.17数据/log_11_2026-9-17-06-40-30.ulg:1:3725,9.17数据/log_11_2026-9-17-06-40-30.ulg,1,3725,51,181006582,181505626,182503538,0.499044,Sep17,Mission,lower_change,0,0.07045806501952193,False,0.0880996959282908,False,0.19796154326589874,False,0.09679739496735469,False
validation:9.17数据/log_11_2026-9-17-06-40-30.ulg:1:3775,9.17数据/log_11_2026-9-17-06-40-30.ulg,1,3775,51,182004550,182503538,183501512,0.498988,Sep17,Mission,lower_change,0,0.051229884769688476,False,0.10503471388518351,False,0.1534749986597716,False,0.07957129159758432,False
validation:9.17数据/log_11_2026-9-17-06-40-30.ulg:1:3825,9.17数据/log_11_2026-9-17-06-40-30.ulg,1,3825,51,183002626,183501512,184509474,0.498886,Sep17,Mission,lower_change,0,0.08865353252995184,False,0.08770493657602889,False,0.37115668409494884,False,0.14973549681042161,False
validation:9.17数据/log_11_2026-9-17-06-40-30.ulg:1:3875,9.17数据/log_11_2026-9-17-06-40-30.ulg,1,3875,51,184010499,184509474,185507480,0.498975,Sep17,Mission,sustained,1,0.3761274832525163,True,0.08365465926892471,False,0.2597766691603911,False,0.06588391045020994,False
validation:9.17数据/log_11_2026-9-17-06-40-30.ulg:1:3925,9.17数据/log_11_2026-9-17-06-40-30.ulg,1,3925,51,185008489,185507480,186505451,0.4989909999999999,Sep17,Mission,sustained,1,0.38181223615726284,True,0.16647172975599012,False,0.2836456581665533,False,0.11667967524553606,False
validation:9.17数据/log_11_2026-9-17-06-40-30.ulg:1:3975,9.17数据/log_11_2026-9-17-06-40-30.ulg,1,3975,51,186006434,186505451,187503400,0.499017,Sep17,Mission,sustained,1,0.3818736481700332,True,0.11707347281162088,False,0.1581408027752886,False,0.05122234294653974,False
validation:9.17数据/log_11_2026-9-17-06-40-30.ulg:1:4025,9.17数据/log_11_2026-9-17-06-40-30.ulg,1,4025,51,187004423,187503400,188511408,0.498977,Sep17,Mission,mixed_change,2,0.36010215861504136,True,0.15086956076523914,False,0.6986435669249051,True,0.19404622466708152,False
validation:9.17数据/log_11_2026-9-17-06-40-30.ulg:1:4075,9.17数据/log_11_2026-9-17-06-40-30.ulg,1,4075,51,188002414,188511408,189509336,0.508994,Sep17,Mission,sustained,1,0.37214037853206544,True,0.09709124007653835,False,0.2308629279089417,False,0.17527616318030895,False
validation:9.17数据/log_11_2026-9-17-06-40-30.ulg:1:4125,9.17数据/log_11_2026-9-17-06-40-30.ulg,1,4125,51,189010393,189509336,190507329,0.4989429999999999,Sep17,Mission,lower_change,0,0.1704634514886502,False,0.1300887597971424,False,0.2392549387528763,False,0.22057259486104527,False
validation:9.17数据/log_11_2026-9-17-06-40-30.ulg:1:4175,9.17数据/log_11_2026-9-17-06-40-30.ulg,1,4175,51,190008313,190507329,191505268,0.4990159999999999,Sep17,Mission,mixed_change,1,0.09366717007587269,False,0.19154592726926623,True,0.24694812524901197,False,0.21890142616436029,False
validation:9.17数据/log_11_2026-9-17-06-40-30.ulg:1:4225,9.17数据/log_11_2026-9-17-06-40-30.ulg,1,4225,51,191006343,191505268,192503275,0.4989249999999999,Sep17,Mission,sustained,2,0.05136006299044708,False,0.2502950060805138,True,0.50370348083906,True,0.17717299036083975,False
validation:9.17数据/log_11_2026-9-17-06-40-30.ulg:1:4275,9.17数据/log_11_2026-9-17-06-40-30.ulg,1,4275,51,192004253,192503275,193501245,0.4990219999999999,Sep17,Mission,lower_change,0,0.13225710322937748,False,0.09020328390806324,False,0.41748470169745805,False,0.09958787946153215,False
validation:9.17数据/log_11_2026-9-17-06-40-30.ulg:1:4325,9.17数据/log_11_2026-9-17-06-40-30.ulg,1,4325,51,193002325,193501245,194509218,0.49892,Sep17,Mission,lower_change,0,0.17447600505747615,False,0.09844738271042651,False,0.14403084550413678,False,0.0962925252150688,False
validation:9.17数据/log_11_2026-9-17-06-40-30.ulg:1:4375,9.17数据/log_11_2026-9-17-06-40-30.ulg,1,4375,51,194010203,194509218,195507188,0.499015,Sep17,Mission,mixed_change,3,0.330392469475037,True,0.06990453246408783,False,0.723433699872477,True,0.270031086281991,True
validation:9.17数据/log_11_2026-9-17-06-40-30.ulg:1:4425,9.17数据/log_11_2026-9-17-06-40-30.ulg,1,4425,51,195008153,195507188,196505119,0.4990349999999999,Sep17,Mission,sustained,1,0.35908188668317537,True,0.15572761789122166,False,0.13384845449772614,False,0.21556252696257072,False
validation:9.17数据/log_11_2026-9-17-06-40-30.ulg:1:4475,9.17数据/log_11_2026-9-17-06-40-30.ulg,1,4475,51,196006129,196505119,197503096,0.49899,Sep17,Mission,sustained,3,0.3329333185287975,True,0.2668101829091941,True,0.12354308151859485,False,0.2441400735059658,True
validation:9.17数据/log_11_2026-9-17-06-40-30.ulg:1:4525,9.17数据/log_11_2026-9-17-06-40-30.ulg,1,4525,51,197004100,197503096,198511094,0.498996,Sep17,Mission,sustained,1,0.2498179481660822,False,0.11026923179519794,False,0.7226976945715186,True,0.061085733245530384,False
validation:9.17数据/log_11_2026-9-17-06-40-30.ulg:1:4575,9.17数据/log_11_2026-9-17-06-40-30.ulg,1,4575,51,198002099,198511094,199509091,0.508995,Sep17,Mission,sustained,1,0.04903322612251976,False,0.20864628217174425,True,0.11691567606800739,False,0.14400063484372325,False
validation:9.17数据/log_11_2026-9-17-06-40-30.ulg:1:4625,9.17数据/log_11_2026-9-17-06-40-30.ulg,1,4625,51,199010054,199509091,200507141,0.4990369999999999,Sep17,Mission,sustained,1,0.19626094545366896,False,0.180200150437328,True,0.48660072349182976,False,0.15427332981378358,False
validation:9.17数据/log_11_2026-9-17-06-40-30.ulg:1:4675,9.17数据/log_11_2026-9-17-06-40-30.ulg,1,4675,51,200008009,200507141,201505086,0.4991319999999999,Sep17,Mission,lower_change,0,0.12328788521634497,False,0.1371424830590248,False,0.15387604553008336,False,0.203949369208428,False
validation:9.17数据/log_11_2026-9-17-06-40-30.ulg:1:4725,9.17数据/log_11_2026-9-17-06-40-30.ulg,1,4725,51,201005978,201505086,202503046,0.499108,Sep17,Mission,lower_change,0,0.14847721001616332,False,0.09748130842777471,False,0.15078018343560967,False,0.19144829372357505,False
validation:9.17数据/log_11_2026-9-17-06-40-30.ulg:1:4775,9.17数据/log_11_2026-9-17-06-40-30.ulg,1,4775,51,202003981,202503046,203500982,0.499065,Sep17,Mission,lower_change,0,0.10509587908681943,False,0.09552835065366205,False,0.24837962572362313,False,0.152850232783806,False
validation:9.17数据/log_11_2026-9-17-06-40-30.ulg:1:4825,9.17数据/log_11_2026-9-17-06-40-30.ulg,1,4825,51,203011877,203500982,204508916,0.4891049999999999,Sep17,Mission,sustained,1,0.06860850545060257,False,0.09656597686785097,False,1.05377780541819,True,0.14277401462721448,False
validation:9.17数据/log_11_2026-9-17-06-40-30.ulg:1:4875,9.17数据/log_11_2026-9-17-06-40-30.ulg,1,4875,51,203999964,204508916,205506838,0.508952,Sep17,Mission,lower_change,0,0.06922709585194617,False,0.09502844825417077,False,0.16710581215208997,False,0.10489411825529182,False
validation:9.17数据/log_11_2026-9-17-06-40-30.ulg:1:4925,9.17数据/log_11_2026-9-17-06-40-30.ulg,1,4925,51,205007882,205506838,206504829,0.4989559999999999,Sep17,Mission,lower_change,0,0.10854793160819043,False,0.12561030083052885,False,0.1943774007882337,False,0.18978276398299693,False
validation:9.17数据/log_11_2026-9-17-06-40-30.ulg:1:4975,9.17数据/log_11_2026-9-17-06-40-30.ulg,1,4975,51,206005785,206504829,207502801,0.499044,Sep17,Mission,sustained,1,0.15772175890795004,False,0.06770640196266214,False,0.6448399538160351,True,0.15290754583865512,False
validation:9.17数据/log_11_2026-9-17-06-40-30.ulg:1:5025,9.17数据/log_11_2026-9-17-06-40-30.ulg,1,5025,51,207003740,207502801,208530716,0.499061,Sep17,Mission,sustained,1,0.3916488703552175,True,0.09997578432955265,False,0.19537622059490026,False,0.11081494155978593,False
validation:9.17数据/log_11_2026-9-17-06-40-30.ulg:1:5075,9.17数据/log_11_2026-9-17-06-40-30.ulg,1,5075,51,208021677,208530716,209528637,0.509039,Sep17,Mission,sustained,1,0.3109135342831808,True,0.11266590607591613,False,0.1206745890861068,False,0.05595984023726455,False
validation:9.17数据/log_11_2026-9-17-06-40-30.ulg:1:5125,9.17数据/log_11_2026-9-17-06-40-30.ulg,1,5125,51,209029777,209528637,210526619,0.4988599999999999,Sep17,Mission,sustained,2,0.24111913679821695,False,0.3890013037197259,True,0.350573458993428,False,0.2275705142971558,True
validation:9.17数据/log_11_2026-9-17-06-40-30.ulg:1:5175,9.17数据/log_11_2026-9-17-06-40-30.ulg,1,5175,51,210027600,210526619,211524659,0.499019,Sep17,Mission,sustained,3,0.3817639806446204,True,0.20288908128619337,True,0.9809658739327515,True,0.20857686652041596,False
validation:9.17数据/log_11_2026-9-17-06-40-30.ulg:1:5225,9.17数据/log_11_2026-9-17-06-40-30.ulg,1,5225,51,211025570,211524659,212522557,0.499089,Sep17,Mission,lower_change,0,0.26065017590498896,False,0.16071708252605074,False,0.3858570755405014,False,0.07988494151101977,False
validation:9.17数据/log_11_2026-9-17-06-40-30.ulg:1:5275,9.17数据/log_11_2026-9-17-06-40-30.ulg,1,5275,51,212023584,212522557,213520518,0.498973,Sep17,Mission,sustained,3,0.10685350636207597,False,0.20064991610658134,True,0.7518799121866155,True,0.38864534258170724,True
validation:9.17数据/log_11_2026-9-17-06-40-30.ulg:1:5325,9.17数据/log_11_2026-9-17-06-40-30.ulg,1,5325,51,213021508,213520518,214528420,0.4990099999999999,Sep17,Mission,sustained,2,0.18595001578233142,False,0.12427719396087951,False,1.363280916671303,True,0.601825757182826,True
validation:9.17数据/log_11_2026-9-17-06-40-30.ulg:1:5375,9.17数据/log_11_2026-9-17-06-40-30.ulg,1,5375,51,214029547,214528420,215526371,0.4988729999999999,Sep17,Mission,reversing,4,0.3940808202866618,True,0.2460972890402235,True,0.9719641260709907,True,0.2597289736821514,True
validation:9.17数据/log_11_2026-9-17-06-40-30.ulg:2:25,9.17数据/log_11_2026-9-17-06-40-30.ulg,2,25,51,215965529,216464611,217462476,0.4990819999999999,Sep17,Stabilized,sustained,1,0.3462757544976293,True,0.16447441679838637,False,0.4219849431447475,False,0.06073678635244973,False
validation:9.17数据/log_11_2026-9-17-06-40-30.ulg:2:75,9.17数据/log_11_2026-9-17-06-40-30.ulg,2,75,51,216963441,217462476,218470668,0.4990349999999999,Sep17,Stabilized,sustained,1,0.1974447966841002,False,0.09167722267924802,False,0.6766580279755923,True,0.11087056867688988,False
validation:9.17数据/log_11_2026-9-17-06-40-30.ulg:2:125,9.17数据/log_11_2026-9-17-06-40-30.ulg,2,125,51,217961441,218470668,219468465,0.509227,Sep17,Stabilized,sustained,1,0.010757736537608151,False,0.15957167726105537,False,0.6048115357119233,True,0.09392395974411558,False
validation:9.17数据/log_11_2026-9-17-06-40-30.ulg:2:175,9.17数据/log_11_2026-9-17-06-40-30.ulg,2,175,51,218959387,219468465,220466448,0.509078,Sep17,Stabilized,reversing,3,0.06320511120164399,False,0.40853010687914654,True,0.6965008349025412,True,0.41229922357563353,True
validation:9.17数据/log_11_2026-9-17-06-40-30.ulg:2:225,9.17数据/log_11_2026-9-17-06-40-30.ulg,2,225,51,219967326,220466448,221464323,0.4991219999999999,Sep17,Stabilized,lower_change,0,0.016563174208649674,False,0.16831472493947705,False,0.37369842943235804,False,0.1354336842870143,False
validation:9.17数据/log_11_2026-9-17-06-40-30.ulg:2:275,9.17数据/log_11_2026-9-17-06-40-30.ulg,2,275,51,220965289,221464323,222472545,0.499034,Sep17,Stabilized,lower_change,0,0.008784178654861025,False,0.06165271797834174,False,0.17608190612354543,False,0.18412916419167222,False
validation:9.17数据/log_11_2026-9-17-06-40-30.ulg:2:325,9.17数据/log_11_2026-9-17-06-40-30.ulg,2,325,51,221963229,222472545,223460241,0.509316,Sep17,Stabilized,lower_change,0,0.15934972508543327,False,0.11114414066188709,False,0.2898686509433799,False,0.1466125951310448,False
validation:9.17数据/log_11_2026-9-17-06-40-30.ulg:2:375,9.17数据/log_11_2026-9-17-06-40-30.ulg,2,375,51,222961209,223460241,224468311,0.499032,Sep17,Stabilized,sustained,3,0.2869886799807634,False,0.3501717320212535,True,0.5594731195300036,True,0.25878262394139667,True
validation:9.17数据/log_11_2026-9-17-06-40-30.ulg:2:425,9.17数据/log_11_2026-9-17-06-40-30.ulg,2,425,51,223969166,224468311,225466212,0.4991449999999999,Sep17,Stabilized,sustained,1,0.12066795756746863,False,0.10640646927369281,False,0.8605827508763776,True,0.060214015526353415,False
validation:9.17数据/log_11_2026-9-17-06-40-30.ulg:2:475,9.17数据/log_11_2026-9-17-06-40-30.ulg,2,475,51,224967162,225466212,226464125,0.49905,Sep17,Stabilized,lower_change,0,0.021012050749462278,False,0.0892934241994769,False,0.176992951668442,False,0.09580612787167768,False
validation:9.17数据/log_11_2026-9-17-06-40-30.ulg:2:525,9.17数据/log_11_2026-9-17-06-40-30.ulg,2,525,51,225965096,226464125,227462103,0.499029,Sep17,Stabilized,lower_change,0,0.011527161398409999,False,0.08816148153490258,False,0.49082859031745424,False,0.18677138591920328,False
validation:9.17数据/log_11_2026-9-17-06-40-30.ulg:2:575,9.17数据/log_11_2026-9-17-06-40-30.ulg,2,575,51,226963022,227462103,228469945,0.499081,Sep17,Stabilized,sustained,2,0.14897923645377442,False,0.37275785213899687,True,0.3059503312244711,False,0.3210865818397868,True
validation:9.17数据/log_11_2026-9-17-06-40-30.ulg:2:625,9.17数据/log_11_2026-9-17-06-40-30.ulg,2,625,51,227961008,228469945,229467905,0.508937,Sep17,Stabilized,sustained,2,0.07962132349013253,False,0.16042415320805578,False,0.8313866881353439,True,0.40931690484721195,True
validation:9.17数据/log_11_2026-9-17-06-40-30.ulg:2:675,9.17数据/log_11_2026-9-17-06-40-30.ulg,2,675,51,228969008,229467905,230465900,0.498897,Sep17,Stabilized,sustained,1,0.003585912179202717,False,0.2960409429348492,True,0.2575347212060904,False,0.21977177004344772,False
validation:9.17数据/log_11_2026-9-17-06-40-30.ulg:2:725,9.17数据/log_11_2026-9-17-06-40-30.ulg,2,725,51,229966886,230465900,231463830,0.4990139999999999,Sep17,Stabilized,sustained,1,0.006880209949762843,False,0.31731686522652164,True,0.18291320054665064,False,0.22118803421848182,False
validation:9.17数据/log_11_2026-9-17-06-40-30.ulg:2:775,9.17数据/log_11_2026-9-17-06-40-30.ulg,2,775,51,230964836,231463830,232472005,0.498994,Sep17,Stabilized,sustained,1,0.007479576776958604,False,0.10718492151435634,False,0.541646161356945,True,0.09498985774306062,False
validation:9.17数据/log_11_2026-9-17-06-40-30.ulg:2:825,9.17数据/log_11_2026-9-17-06-40-30.ulg,2,825,51,231962902,232472005,233459807,0.509103,Sep17,Stabilized,sustained,1,0.15131069760562338,False,0.12225876962541835,False,0.631780168406434,True,0.10345155488283408,False
validation:9.17数据/log_11_2026-9-17-06-40-30.ulg:2:875,9.17数据/log_11_2026-9-17-06-40-30.ulg,2,875,51,232970763,233459807,234467695,0.489044,Sep17,Stabilized,mixed_change,3,0.749722820426038,True,0.2038311515336308,True,0.8394695368292684,True,0.12756521250586284,False
validation:9.17数据/log_11_2026-9-17-06-40-30.ulg:2:925,9.17数据/log_11_2026-9-17-06-40-30.ulg,2,925,51,233968717,234467695,235465641,0.498978,Sep17,Stabilized,reversing,3,0.41213750878267313,True,0.20066029864330892,True,0.5090255559003256,True,0.07846117162925509,False
validation:9.17数据/log_11_2026-9-17-06-40-30.ulg:2:975,9.17数据/log_11_2026-9-17-06-40-30.ulg,2,975,51,234966654,235465641,236463594,0.4989869999999999,Sep17,Stabilized,mixed_change,2,0.008297968814436948,False,0.2670460000609328,True,0.6030641088372989,True,0.19116839078789002,False
validation:9.17数据/log_11_2026-9-17-06-40-30.ulg:2:1025,9.17数据/log_11_2026-9-17-06-40-30.ulg,2,1025,51,235964682,236463594,237461554,0.4989119999999999,Sep17,Stabilized,lower_change,0,0.00656021791007976,False,0.1702654306524714,False,0.42480290444775,False,0.16885601251221086,False
validation:9.17数据/log_11_2026-9-17-06-40-30.ulg:2:1075,9.17数据/log_11_2026-9-17-06-40-30.ulg,2,1075,51,236962570,237461554,238469596,0.498984,Sep17,Stabilized,lower_change,0,0.004638636601848338,False,0.12422632514160618,False,0.12091502263179664,False,0.06855786743149943,False
validation:9.17数据/log_12_2026-9-17-06-46-02.ulg:0:25,9.17数据/log_12_2026-9-17-06-46-02.ulg,0,25,51,47691902,48184728,49180200,0.492826,Sep17,Stabilized,reversing,3,0.17602894337759611,False,0.20383292890250151,True,1.3099796679061306,True,0.879114048826964,True
validation:9.17数据/log_12_2026-9-17-06-46-02.ulg:0:75,9.17数据/log_12_2026-9-17-06-46-02.ulg,0,75,51,48687393,49180200,50185602,0.492807,Sep17,Stabilized,mixed_change,2,0.05204797385523684,False,0.4217141901936765,True,0.31180431476735193,False,2.2945199956511324,True
validation:9.17数据/log_12_2026-9-17-06-46-02.ulg:0:125,9.17数据/log_12_2026-9-17-06-46-02.ulg,0,125,51,49682872,50185602,51190935,0.50273,Sep17,Stabilized,mixed_change,1,0.1504962294782714,False,0.2029663859925891,True,0.14883087878827395,False,0.190022217091758,False
validation:9.17数据/log_12_2026-9-17-06-46-02.ulg:0:175,9.17数据/log_12_2026-9-17-06-46-02.ulg,0,175,51,50688201,51190935,52186396,0.502734,Sep17,Stabilized,sustained,1,0.18493485854819203,False,0.25562752919072645,True,0.12695457558378595,False,0.1959860913670498,False
validation:9.17数据/log_12_2026-9-17-06-46-02.ulg:0:225,9.17数据/log_12_2026-9-17-06-46-02.ulg,0,225,51,51683792,52186396,53181887,0.5026039999999999,Sep17,Stabilized,lower_change,0,0.009486866347202234,False,0.08715816490025657,False,0.15528539421875362,False,0.05588764693110132,False
validation:9.17数据/log_12_2026-9-17-06-46-02.ulg:0:275,9.17数据/log_12_2026-9-17-06-46-02.ulg,0,275,51,52689059,53181887,54187263,0.492828,Sep17,Stabilized,lower_change,0,0.029352173800129885,False,0.071178048759395,False,0.34876739898016684,False,0.03981042431718961,False
validation:9.17数据/log_12_2026-9-17-06-46-02.ulg:0:325,9.17数据/log_12_2026-9-17-06-46-02.ulg,0,325,51,53684740,54187263,55182701,0.5025229999999999,Sep17,Stabilized,lower_change,0,0.06844722612075742,False,0.09792521855025003,False,0.17799147922833333,False,0.08918366725918649,False
validation:9.17数据/log_12_2026-9-17-06-46-02.ulg:0:375,9.17数据/log_12_2026-9-17-06-46-02.ulg,0,375,51,54689918,55182701,56188082,0.4927829999999999,Sep17,Stabilized,sustained,1,0.0630356172368429,False,0.23751654914297526,True,0.28571167311320456,False,0.2205661128180427,False
validation:9.17数据/log_12_2026-9-17-06-46-02.ulg:0:425,9.17数据/log_12_2026-9-17-06-46-02.ulg,0,425,51,55685642,56188082,57183648,0.50244,Sep17,Stabilized,sustained,1,0.0,False,0.12071899741538451,False,0.5664305909739491,True,0.15335874373866504,False
validation:9.17数据/log_12_2026-9-17-06-46-02.ulg:0:475,9.17数据/log_12_2026-9-17-06-46-02.ulg,0,475,51,56680923,57183648,58188891,0.502725,Sep17,Stabilized,lower_change,0,0.0,False,0.12821263161204907,False,0.11236112289082527,False,0.06088199088067921,False
validation:9.17数据/log_12_2026-9-17-06-46-02.ulg:0:525,9.17数据/log_12_2026-9-17-06-46-02.ulg,0,525,51,57686317,58188891,59184440,0.502574,Sep17,Stabilized,lower_change,0,0.0020703273619530464,False,0.08732368289315849,False,0.1550418379514956,False,0.060705193986690636,False
validation:9.17数据/log_12_2026-9-17-06-46-02.ulg:1:25,9.17数据/log_12_2026-9-17-06-46-02.ulg,1,25,51,60130637,60623443,61628778,0.4928059999999999,Sep17,Mission,sustained,1,0.15774263056546492,False,0.2611155241451104,True,0.20660540539586972,False,0.07905141667581814,False
validation:9.17数据/log_12_2026-9-17-06-46-02.ulg:1:75,9.17数据/log_12_2026-9-17-06-46-02.ulg,1,75,51,61126300,61628778,62624316,0.502478,Sep17,Mission,sustained,1,0.3676059253721314,True,0.12685021449372696,False,0.19655078336844295,False,0.12664779892128697,False
validation:9.17数据/log_12_2026-9-17-06-46-02.ulg:1:125,9.17数据/log_12_2026-9-17-06-46-02.ulg,1,125,51,62121598,62624316,63629648,0.502718,Sep17,Mission,sustained,1,0.3635324492570085,True,0.12389754286849447,False,0.23904340114150932,False,0.0476316975931722,False
validation:9.17数据/log_12_2026-9-17-06-46-02.ulg:1:175,9.17数据/log_12_2026-9-17-06-46-02.ulg,1,175,51,63126958,63629648,64625138,0.50269,Sep17,Mission,sustained,1,0.3173782245333412,True,0.12860021937683358,False,0.3627072772374304,False,0.09113370866620141,False
validation:9.17数据/log_12_2026-9-17-06-46-02.ulg:1:225,9.17数据/log_12_2026-9-17-06-46-02.ulg,1,225,51,64122532,64625138,65620626,0.502606,Sep17,Mission,lower_change,0,0.12888324528079642,False,0.09925432584340341,False,0.46420016230756794,False,0.048537334655322034,False
validation:9.17数据/log_12_2026-9-17-06-46-02.ulg:1:275,9.17数据/log_12_2026-9-17-06-46-02.ulg,1,275,51,65127825,65620626,66625997,0.492801,Sep17,Mission,lower_change,0,0.2047089304414679,False,0.11756619428298822,False,0.4518000279897002,False,0.13353720065930091,False
validation:9.17数据/log_12_2026-9-17-06-46-02.ulg:1:325,9.17数据/log_12_2026-9-17-06-46-02.ulg,1,325,51,66123296,66625997,67631406,0.502701,Sep17,Mission,sustained,2,0.13944192406732897,False,0.2334668855685663,True,0.6117197193239977,True,0.14178178414282375,False
validation:9.17数据/log_12_2026-9-17-06-46-02.ulg:1:375,9.17数据/log_12_2026-9-17-06-46-02.ulg,1,375,51,67128700,67631406,68626846,0.502706,Sep17,Mission,lower_change,0,0.07496127819809889,False,0.0761418330598657,False,0.165113931086174,False,0.07235730213718301,False
validation:9.17数据/log_12_2026-9-17-06-46-02.ulg:1:425,9.17数据/log_12_2026-9-17-06-46-02.ulg,1,425,51,68124224,68626846,69622333,0.502622,Sep17,Mission,sustained,1,0.38373766020139694,True,0.1134686915549801,False,0.31770905833279356,False,0.04113938705941814,False
validation:9.17数据/log_12_2026-9-17-06-46-02.ulg:1:475,9.17数据/log_12_2026-9-17-06-46-02.ulg,1,475,51,69129561,69622333,70627734,0.492772,Sep17,Mission,sustained,1,0.3892027660905251,True,0.1018157110133951,False,0.23688472514391332,False,0.08734548312117024,False
validation:9.17数据/log_12_2026-9-17-06-46-02.ulg:1:525,9.17数据/log_12_2026-9-17-06-46-02.ulg,1,525,51,70125003,70627734,71623208,0.5027309999999999,Sep17,Mission,lower_change,0,0.10780567691721045,False,0.09521175433324942,False,0.38239690599386805,False,0.08611364029886831,False
validation:9.17数据/log_12_2026-9-17-06-46-02.ulg:1:575,9.17数据/log_12_2026-9-17-06-46-02.ulg,1,575,51,71130377,71623208,72628609,0.4928309999999999,Sep17,Mission,lower_change,0,0.2970499014686527,False,0.12269895759405941,False,0.12352706527645892,False,0.044621296988528666,False
validation:9.17数据/log_12_2026-9-17-06-46-02.ulg:1:625,9.17数据/log_12_2026-9-17-06-46-02.ulg,1,625,51,72125950,72628609,73624142,0.502659,Sep17,Mission,lower_change,0,0.09961257475238001,False,0.09756578437517285,False,0.16955581523473826,False,0.1969158092763581,False
validation:9.17数据/log_12_2026-9-17-06-46-02.ulg:1:675,9.17数据/log_12_2026-9-17-06-46-02.ulg,1,675,51,73121404,73624142,74629469,0.502738,Sep17,Mission,lower_change,0,0.04656298109841825,False,0.09885091612712242,False,0.3852954137258887,False,0.1895476929567133,False
validation:9.17数据/log_12_2026-9-17-06-46-02.ulg:1:725,9.17数据/log_12_2026-9-17-06-46-02.ulg,1,725,51,74126765,74629469,75624992,0.5027039999999999,Sep17,Mission,lower_change,0,0.06558841555635297,False,0.10644268681712184,False,0.19188037328570273,False,0.15051686997629873,False
validation:9.17数据/log_12_2026-9-17-06-46-02.ulg:1:775,9.17数据/log_12_2026-9-17-06-46-02.ulg,1,775,51,75122273,75624992,76620475,0.502719,Sep17,Mission,sustained,1,0.16499085125870278,False,0.17775984871886708,True,0.1416652353486317,False,0.08008585726919329,False
validation:9.17数据/log_12_2026-9-17-06-46-02.ulg:1:825,9.17数据/log_12_2026-9-17-06-46-02.ulg,1,825,51,76127617,76620475,77625797,0.4928579999999999,Sep17,Mission,mixed_change,1,0.19154496335042298,False,0.07579939577640879,False,0.6191107109469843,True,0.21055412710559326,False
validation:9.17数据/log_12_2026-9-17-06-46-02.ulg:1:875,9.17数据/log_12_2026-9-17-06-46-02.ulg,1,875,51,77123165,77625797,78631284,0.502632,Sep17,Mission,lower_change,0,0.09503500732864736,False,0.10183722213412603,False,0.3553635296131484,False,0.09758682655421677,False
validation:9.17数据/log_12_2026-9-17-06-46-02.ulg:1:925,9.17数据/log_12_2026-9-17-06-46-02.ulg,1,925,51,78128433,78631284,79626980,0.5028509999999999,Sep17,Mission,lower_change,0,0.08562421549434343,False,0.1000072701242894,False,0.2267580111305742,False,0.15859762063383337,False
validation:9.17数据/log_12_2026-9-17-06-46-02.ulg:1:975,9.17数据/log_12_2026-9-17-06-46-02.ulg,1,975,51,79123989,79626980,80622286,0.502991,Sep17,Mission,sustained,2,0.38215275783968905,True,0.2057180410442253,True,0.20301817591704718,False,0.05025398595516979,False
validation:9.17数据/log_12_2026-9-17-06-46-02.ulg:1:1025,9.17数据/log_12_2026-9-17-06-46-02.ulg,1,1025,51,80129389,80622286,81627697,0.492897,Sep17,Mission,sustained,1,0.12963019504455994,False,0.09682944164514996,False,0.7511542710733593,True,0.14676301189794586,False
validation:9.17数据/log_12_2026-9-17-06-46-02.ulg:1:1075,9.17数据/log_12_2026-9-17-06-46-02.ulg,1,1075,51,81124846,81627697,82623051,0.5028509999999999,Sep17,Mission,sustained,1,0.3807524272447265,True,0.17084390230304647,False,0.21694865648330136,False,0.08264419675597925,False
validation:9.17数据/log_12_2026-9-17-06-46-02.ulg:1:1125,9.17数据/log_12_2026-9-17-06-46-02.ulg,1,1125,51,82130217,82623051,83628669,0.492834,Sep17,Mission,sustained,3,0.39003847155483107,True,0.18017776932321145,True,2.639277048137938,True,0.18767747498161608,False
validation:9.17数据/log_12_2026-9-17-06-46-02.ulg:1:1175,9.17数据/log_12_2026-9-17-06-46-02.ulg,1,1175,51,83125742,83628669,84624065,0.502927,Sep17,Mission,sustained,1,0.3672599480097136,True,0.07569905630060746,False,0.3902675402911788,False,0.21663485464388305,False
validation:9.17数据/log_12_2026-9-17-06-46-02.ulg:1:1225,9.17数据/log_12_2026-9-17-06-46-02.ulg,1,1225,51,84121229,84624065,85629360,0.502836,Sep17,Mission,sustained,1,0.19932598554340777,False,0.09254437891000998,False,0.39193559530506616,False,0.28062666824093296,True
validation:9.17数据/log_12_2026-9-17-06-46-02.ulg:1:1275,9.17数据/log_12_2026-9-17-06-46-02.ulg,1,1275,51,85126597,85629360,86624787,0.502763,Sep17,Mission,sustained,2,0.30740614642386976,True,0.06745295345163005,False,0.15338319221115165,False,0.31271258998951507,True
validation:9.17数据/log_12_2026-9-17-06-46-02.ulg:1:1325,9.17数据/log_12_2026-9-17-06-46-02.ulg,1,1325,51,86122131,86624787,87630481,0.502656,Sep17,Mission,lower_change,0,0.1443366081141848,False,0.06546533852956425,False,0.19187580088699654,False,0.11044357870494666,False
validation:9.17数据/log_12_2026-9-17-06-46-02.ulg:1:1375,9.17数据/log_12_2026-9-17-06-46-02.ulg,1,1375,51,87127452,87630481,88625712,0.503029,Sep17,Mission,sustained,1,0.24167436491396094,False,0.21855030226006417,True,0.29083755345850515,False,0.09459144024225014,False
validation:9.17数据/log_12_2026-9-17-06-46-02.ulg:1:1425,9.17数据/log_12_2026-9-17-06-46-02.ulg,1,1425,51,88122978,88625712,89621259,0.502734,Sep17,Mission,lower_change,0,0.28363156204841045,False,0.16351922435794014,False,0.2668106589200393,False,0.10514635235379971,False
validation:9.17数据/log_12_2026-9-17-06-46-02.ulg:1:1475,9.17数据/log_12_2026-9-17-06-46-02.ulg,1,1475,51,89128342,89621259,90626534,0.492917,Sep17,Mission,sustained,4,0.38947262532598975,True,0.1823137920245869,True,0.5427533887966347,True,0.38100561066268324,True
validation:9.17数据/log_12_2026-9-17-06-46-02.ulg:1:1525,9.17数据/log_12_2026-9-17-06-46-02.ulg,1,1525,51,90123824,90626534,91622316,0.50271,Sep17,Mission,lower_change,0,0.21075698160288084,False,0.1616731137910859,False,0.14144335192494217,False,0.17020525579706003,False
validation:9.17数据/log_12_2026-9-17-06-46-02.ulg:1:1575,9.17数据/log_12_2026-9-17-06-46-02.ulg,1,1575,51,91129175,91622316,92627412,0.493141,Sep17,Mission,sustained,3,0.36294587850208654,True,0.07493115720022721,False,0.5328948744802847,True,0.2407931140864045,True
validation:9.17数据/log_12_2026-9-17-06-46-02.ulg:1:1625,9.17数据/log_12_2026-9-17-06-46-02.ulg,1,1625,51,92124694,92627412,93622991,0.502718,Sep17,Mission,sustained,1,0.22702704776379737,False,0.08500870833087269,False,0.6311246729063921,True,0.08076317633479584,False
validation:9.17数据/log_12_2026-9-17-06-46-02.ulg:1:1675,9.17数据/log_12_2026-9-17-06-46-02.ulg,1,1675,51,93120179,93622991,94628254,0.5028119999999999,Sep17,Mission,mixed_change,2,0.32726733263023616,True,0.09245030203865681,False,0.5563039498287233,True,0.06459610088538102,False
validation:9.17数据/log_12_2026-9-17-06-46-02.ulg:1:1725,9.17数据/log_12_2026-9-17-06-46-02.ulg,1,1725,51,94125590,94628254,95624115,0.502664,Sep17,Mission,lower_change,0,0.20669859192237366,False,0.11291485377971233,False,0.1397346885596762,False,0.11027251334182774,False
validation:9.17数据/log_12_2026-9-17-06-46-02.ulg:1:1775,9.17数据/log_12_2026-9-17-06-46-02.ulg,1,1775,51,95130914,95624115,96619318,0.493201,Sep17,Mission,sustained,2,0.03798072436064213,False,0.14315561017503578,False,0.5984283418518269,True,0.25264734506036485,True
validation:9.17数据/log_12_2026-9-17-06-46-02.ulg:1:1825,9.17数据/log_12_2026-9-17-06-46-02.ulg,1,1825,51,96126444,96619318,97624735,0.492874,Sep17,Mission,sustained,3,0.22726999150516866,False,0.2317620128490229,True,2.2416265537578197,True,0.368572866420778,True
validation:9.17数据/log_12_2026-9-17-06-46-02.ulg:1:1875,9.17数据/log_12_2026-9-17-06-46-02.ulg,1,1875,51,97121986,97624735,98629965,0.502749,Sep17,Mission,sustained,1,0.11892979572373358,False,0.09962911322429314,False,0.438128992256044,False,0.3793525808990858,True
validation:9.17数据/log_12_2026-9-17-06-46-02.ulg:1:1925,9.17数据/log_12_2026-9-17-06-46-02.ulg,1,1925,51,98127299,98629965,99625473,0.502666,Sep17,Mission,lower_change,0,0.2434775832442082,False,0.1459005412253205,False,0.34589940086878135,False,0.10405889735592605,False
validation:9.17数据/log_12_2026-9-17-06-46-02.ulg:1:1975,9.17数据/log_12_2026-9-17-06-46-02.ulg,1,1975,51,99122784,99625473,100620962,0.5026889999999999,Sep17,Mission,sustained,1,0.06591451136958572,False,0.07971813464660427,False,0.160515262999796,False,0.2842231082080276,True
validation:9.17数据/log_12_2026-9-17-06-46-02.ulg:1:2025,9.17数据/log_12_2026-9-17-06-46-02.ulg,1,2025,51,100128189,100620962,101626353,0.4927729999999999,Sep17,Mission,lower_change,0,0.2669402904437467,False,0.16783711366000728,False,0.1843043597533532,False,0.041054854783172855,False
validation:9.17数据/log_12_2026-9-17-06-46-02.ulg:1:2075,9.17数据/log_12_2026-9-17-06-46-02.ulg,1,2075,51,101123684,101626353,102621835,0.502669,Sep17,Mission,lower_change,0,0.11917741836664446,False,0.08674263909345946,False,0.25730375891487217,False,0.20201113591783937,False
validation:9.17数据/log_12_2026-9-17-06-46-02.ulg:1:2125,9.17数据/log_12_2026-9-17-06-46-02.ulg,1,2125,51,102129118,102621835,103627244,0.4927169999999999,Sep17,Mission,sustained,1,0.39009775016714554,True,0.13736545340214668,False,0.09873417786668613,False,0.0745592761515185,False
validation:9.17数据/log_12_2026-9-17-06-46-02.ulg:1:2175,9.17数据/log_12_2026-9-17-06-46-02.ulg,1,2175,51,103124559,103627244,104622752,0.5026849999999999,Sep17,Mission,lower_change,0,0.19854310939128386,False,0.1167917615501654,False,0.24017688101468837,False,0.06282619648318799,False
validation:9.17数据/log_12_2026-9-17-06-46-02.ulg:1:2225,9.17数据/log_12_2026-9-17-06-46-02.ulg,1,2225,51,104120030,104622752,105628058,0.502722,Sep17,Mission,sustained,1,0.38895985027255114,True,0.11285322214244675,False,0.43282298979686823,False,0.08436501638933039,False
validation:9.17数据/log_12_2026-9-17-06-46-02.ulg:1:2275,9.17数据/log_12_2026-9-17-06-46-02.ulg,1,2275,51,105125436,105628058,106623590,0.502622,Sep17,Mission,lower_change,0,0.12508973172677743,False,0.09995987162528802,False,0.2690728519953669,False,0.09643675207585022,False
validation:9.17数据/log_12_2026-9-17-06-46-02.ulg:1:2325,9.17数据/log_12_2026-9-17-06-46-02.ulg,1,2325,51,106130731,106623590,107628927,0.492859,Sep17,Mission,sustained,1,0.38922794934755434,True,0.1628732824601393,False,0.15764114718578082,False,0.08810417116545681,False
validation:9.17数据/log_12_2026-9-17-06-46-02.ulg:1:2375,9.17数据/log_12_2026-9-17-06-46-02.ulg,1,2375,51,107126243,107628927,108624403,0.502684,Sep17,Mission,sustained,1,0.36566201897282163,True,0.08947571310711987,False,0.185304542122822,False,0.07648039260909406,False
validation:9.17数据/log_12_2026-9-17-06-46-02.ulg:1:2425,9.17数据/log_12_2026-9-17-06-46-02.ulg,1,2425,51,108121803,108624403,109629866,0.5025999999999999,Sep17,Mission,sustained,1,0.3671040433740686,True,0.12377655614293283,False,0.4769213094258166,False,0.08119252101796086,False
validation:9.17数据/log_12_2026-9-17-06-46-02.ulg:1:2475,9.17数据/log_12_2026-9-17-06-46-02.ulg,1,2475,51,109127158,109629866,110625305,0.5027079999999999,Sep17,Mission,lower_change,0,0.25294253906124703,False,0.11441172944020822,False,0.3449961529879632,False,0.12218178751742441,False
validation:9.17数据/log_12_2026-9-17-06-46-02.ulg:1:2525,9.17数据/log_12_2026-9-17-06-46-02.ulg,1,2525,51,110122612,110625305,111620797,0.502693,Sep17,Mission,lower_change,0,0.15707505031621577,False,0.10226671445015917,False,0.2395637532702066,False,0.0394002895911205,False
validation:9.17数据/log_12_2026-9-17-06-46-02.ulg:1:2575,9.17数据/log_12_2026-9-17-06-46-02.ulg,1,2575,51,111128008,111620797,112626147,0.492789,Sep17,Mission,sustained,1,0.3604651282230191,True,0.08750768258239815,False,0.17917462794534691,False,0.03691957420976202,False
validation:9.17数据/log_12_2026-9-17-06-46-02.ulg:1:2625,9.17数据/log_12_2026-9-17-06-46-02.ulg,1,2625,51,112123487,112626147,113631510,0.50266,Sep17,Mission,sustained,1,0.30296514626535137,True,0.11702758368252872,False,0.0817050428278456,False,0.08811570076565758,False
validation:9.17数据/log_12_2026-9-17-06-46-02.ulg:1:2675,9.17数据/log_12_2026-9-17-06-46-02.ulg,1,2675,51,113128846,113631510,114627047,0.502664,Sep17,Mission,sustained,2,0.36570547013332644,True,0.18294653178564202,True,0.1818759662579531,False,0.058748326891757345,False
validation:9.17数据/log_12_2026-9-17-06-46-02.ulg:1:2725,9.17数据/log_12_2026-9-17-06-46-02.ulg,1,2725,51,114124334,114627047,115622569,0.502713,Sep17,Mission,lower_change,0,0.2724455039794275,False,0.11225614825358385,False,0.12014803047516544,False,0.09310940159712594,False
validation:9.17数据/log_12_2026-9-17-06-46-02.ulg:1:2775,9.17数据/log_12_2026-9-17-06-46-02.ulg,1,2775,51,115129739,115622569,116627870,0.49283,Sep17,Mission,mixed_change,1,0.3117997471520647,True,0.13286180390189162,False,0.2359257154866651,False,0.07016811510227865,False
validation:9.17数据/log_12_2026-9-17-06-46-02.ulg:1:2825,9.17数据/log_12_2026-9-17-06-46-02.ulg,1,2825,51,116125220,116627870,117623403,0.5026499999999999,Sep17,Mission,sustained,1,0.39059904896372344,True,0.10183452957822368,False,0.10783313561689449,False,0.08879702255153162,False
validation:9.17数据/log_12_2026-9-17-06-46-02.ulg:1:2875,9.17数据/log_12_2026-9-17-06-46-02.ulg,1,2875,51,117130745,117623403,118628744,0.492658,Sep17,Mission,sustained,1,0.379659462558435,True,0.08353720924459579,False,0.12712841380971854,False,0.06536574511601351,False
validation:9.17数据/log_12_2026-9-17-06-46-02.ulg:1:2925,9.17数据/log_12_2026-9-17-06-46-02.ulg,1,2925,51,118126066,118628744,119624251,0.502678,Sep17,Mission,lower_change,0,0.22091915996398648,False,0.12375478333770129,False,0.40400561412635994,False,0.17943105118716263,False
validation:9.17数据/log_12_2026-9-17-06-46-02.ulg:1:2975,9.17数据/log_12_2026-9-17-06-46-02.ulg,1,2975,51,119121552,119624251,120629621,0.502699,Sep17,Mission,sustained,1,0.14297559927507486,False,0.08164185919055865,False,0.6881368843583906,True,0.11164449639832015,False
validation:9.17数据/log_12_2026-9-17-06-46-02.ulg:1:3025,9.17数据/log_12_2026-9-17-06-46-02.ulg,1,3025,51,120126947,120629621,121625100,0.502674,Sep17,Mission,lower_change,0,0.21021115225114212,False,0.127601086461081,False,0.13950334825689742,False,0.0819356885587164,False
validation:9.17数据/log_12_2026-9-17-06-46-02.ulg:1:3075,9.17数据/log_12_2026-9-17-06-46-02.ulg,1,3075,51,121122686,121625100,122630546,0.502414,Sep17,Mission,lower_change,0,0.09925249418941243,False,0.09548075913846792,False,0.3355939873288255,False,0.02678937109590476,False
validation:9.17数据/log_12_2026-9-17-06-46-02.ulg:1:3125,9.17数据/log_12_2026-9-17-06-46-02.ulg,1,3125,51,122127821,122630546,123626003,0.502725,Sep17,Mission,sustained,1,0.055815823020272416,False,0.09628142375071422,False,0.5011295424957051,True,0.14599801947106297,False
validation:9.17数据/log_12_2026-9-17-06-46-02.ulg:1:3175,9.17数据/log_12_2026-9-17-06-46-02.ulg,1,3175,51,123123415,123626003,124621477,0.5025879999999999,Sep17,Mission,lower_change,0,0.1632746888950203,False,0.08363836576371965,False,0.42431596141274375,False,0.08619353155984598,False
validation:9.17数据/log_12_2026-9-17-06-46-02.ulg:1:3225,9.17数据/log_12_2026-9-17-06-46-02.ulg,1,3225,51,124128688,124621477,125626893,0.492789,Sep17,Mission,sustained,2,0.380280253884773,True,0.11684749452510394,False,0.6401291362141348,True,0.18816046561515673,False
validation:9.17数据/log_12_2026-9-17-06-46-02.ulg:1:3275,9.17数据/log_12_2026-9-17-06-46-02.ulg,1,3275,51,125124464,125626893,126622356,0.502429,Sep17,Mission,lower_change,0,0.22736689621251885,False,0.07733645819040522,False,0.17167963726434338,False,0.07282882701556742,False
validation:9.17数据/log_12_2026-9-17-06-46-02.ulg:1:3325,9.17数据/log_12_2026-9-17-06-46-02.ulg,1,3325,51,126129530,126622356,127627718,0.492826,Sep17,Mission,sustained,1,0.3890330654032674,True,0.10779972038742458,False,0.17721058686365354,False,0.10834221784882832,False
validation:9.17数据/log_12_2026-9-17-06-46-02.ulg:1:3375,9.17数据/log_12_2026-9-17-06-46-02.ulg,1,3375,51,127125070,127627718,128623208,0.502648,Sep17,Mission,lower_change,0,0.20536493406614562,False,0.14735277257085752,False,0.37772827763800776,False,0.06959011078714547,False
validation:9.17数据/log_12_2026-9-17-06-46-02.ulg:1:3425,9.17数据/log_12_2026-9-17-06-46-02.ulg,1,3425,51,128120562,128623208,129628508,0.5026459999999999,Sep17,Mission,lower_change,0,0.2440728292582827,False,0.12446638969666095,False,0.12847950600190156,False,0.1808163180672536,False
validation:9.17数据/log_12_2026-9-17-06-46-02.ulg:1:3475,9.17数据/log_12_2026-9-17-06-46-02.ulg,1,3475,51,129126133,129628508,130624019,0.502375,Sep17,Mission,sustained,2,0.03913068075143399,False,0.11301252036393741,False,0.5769332019758837,True,0.38009843196807613,True
validation:9.17数据/log_12_2026-9-17-06-46-02.ulg:1:3525,9.17数据/log_12_2026-9-17-06-46-02.ulg,1,3525,51,130121361,130624019,131619582,0.5026579999999999,Sep17,Mission,lower_change,0,0.19773721681203438,False,0.09963500022904581,False,0.3469559055225414,False,0.08094600861582844,False
validation:9.17数据/log_12_2026-9-17-06-46-02.ulg:1:3575,9.17数据/log_12_2026-9-17-06-46-02.ulg,1,3575,51,131126791,131619582,132624857,0.492791,Sep17,Mission,sustained,1,0.38887044786762937,True,0.12053019824210982,False,0.15793965863104523,False,0.14924457810633704,False
validation:9.17数据/log_12_2026-9-17-06-46-02.ulg:1:3625,9.17数据/log_12_2026-9-17-06-46-02.ulg,1,3625,51,132122287,132624857,133630234,0.50257,Sep17,Mission,lower_change,0,0.1926455905289798,False,0.14096250075045472,False,0.4917575356805376,False,0.0802256935429536,False
validation:9.17数据/log_12_2026-9-17-06-46-02.ulg:1:3675,9.17数据/log_12_2026-9-17-06-46-02.ulg,1,3675,51,133127886,133630234,134625768,0.502348,Sep17,Mission,lower_change,0,0.12413818129945749,False,0.15802803183299408,False,0.2698158058107267,False,0.0547109573636952,False
validation:9.17数据/log_12_2026-9-17-06-46-02.ulg:1:3725,9.17数据/log_12_2026-9-17-06-46-02.ulg,1,3725,51,134123093,134625768,135621194,0.502675,Sep17,Mission,lower_change,0,0.07875791890112788,False,0.112873661116937,False,0.214438752888253,False,0.1850356036566237,False
validation:9.17数据/log_12_2026-9-17-06-46-02.ulg:1:3775,9.17数据/log_12_2026-9-17-06-46-02.ulg,1,3775,51,135128390,135621194,136626560,0.4928039999999999,Sep17,Mission,sustained,1,0.052781084248441135,False,0.17927996327419207,True,0.27144436802831173,False,0.08023507690012156,False
validation:9.17数据/log_12_2026-9-17-06-46-02.ulg:1:3825,9.17数据/log_12_2026-9-17-06-46-02.ulg,1,3825,51,136123955,136626560,137622075,0.502605,Sep17,Mission,sustained,1,0.3250280082350078,True,0.07049443697133799,False,0.26557888223239484,False,0.10006014037640792,False
validation:9.17数据/log_12_2026-9-17-06-46-02.ulg:1:3875,9.17数据/log_12_2026-9-17-06-46-02.ulg,1,3875,51,137129248,137622075,138627442,0.4928269999999999,Sep17,Mission,lower_change,0,0.11943652399528437,False,0.09485337164519723,False,0.12831498428805835,False,0.05895771738396899,False
validation:9.17数据/log_12_2026-9-17-06-46-02.ulg:1:3925,9.17数据/log_12_2026-9-17-06-46-02.ulg,1,3925,51,138124813,138627442,139622912,0.502629,Sep17,Mission,lower_change,0,0.05076503838151018,False,0.10527432666181501,False,0.41795150532438274,False,0.05753319137317684,False
validation:9.17数据/log_12_2026-9-17-06-46-02.ulg:1:3975,9.17数据/log_12_2026-9-17-06-46-02.ulg,1,3975,51,139120391,139622912,140628241,0.502521,Sep17,Mission,sustained,1,0.31335059805534143,True,0.13456298163592387,False,0.12332080577150183,False,0.05015930698603106,False
validation:9.17数据/log_12_2026-9-17-06-46-02.ulg:1:4025,9.17数据/log_12_2026-9-17-06-46-02.ulg,1,4025,51,140125592,140628241,141623756,0.502649,Sep17,Mission,sustained,1,0.39059274538565536,True,0.14228096983578295,False,0.28173399230298807,False,0.07786649132472007,False
validation:9.17数据/log_12_2026-9-17-06-46-02.ulg:1:4075,9.17数据/log_12_2026-9-17-06-46-02.ulg,1,4075,51,141130997,141623756,142629100,0.492759,Sep17,Mission,lower_change,0,0.15703573896403517,False,0.14314430504824968,False,0.14737749101748032,False,0.1610802995229586,False
validation:9.17数据/log_12_2026-9-17-06-46-02.ulg:1:4125,9.17数据/log_12_2026-9-17-06-46-02.ulg,1,4125,51,142126456,142629100,143624641,0.502644,Sep17,Mission,lower_change,0,0.175827092329246,False,0.1614147287881369,False,0.1447273292782589,False,0.20601569996962912,False
validation:9.17数据/log_12_2026-9-17-06-46-02.ulg:1:4175,9.17数据/log_12_2026-9-17-06-46-02.ulg,1,4175,51,143121945,143624641,144629989,0.502696,Sep17,Mission,lower_change,0,0.045285889181104794,False,0.09463539068602989,False,0.28658055594527754,False,0.15772262977062126,False
validation:9.17数据/log_12_2026-9-17-06-46-02.ulg:1:4225,9.17数据/log_12_2026-9-17-06-46-02.ulg,1,4225,51,144127275,144629989,145625469,0.502714,Sep17,Mission,sustained,1,0.3498459591750695,True,0.12402180254269421,False,0.20516306144532986,False,0.19693177707698606,False
validation:9.17数据/log_12_2026-9-17-06-46-02.ulg:1:4275,9.17数据/log_12_2026-9-17-06-46-02.ulg,1,4275,51,145122777,145625469,146620924,0.502692,Sep17,Mission,sustained,2,0.38812310666470773,True,0.1942170248115819,True,0.1866148262921874,False,0.15034744914567355,False
validation:9.17数据/log_12_2026-9-17-06-46-02.ulg:1:4325,9.17数据/log_12_2026-9-17-06-46-02.ulg,1,4325,51,146128185,146620924,147626290,0.492739,Sep17,Mission,sustained,2,0.11992837527349308,False,0.3242502556803988,True,0.38044797140383696,False,0.5496692016770486,True
validation:9.17数据/log_12_2026-9-17-06-46-02.ulg:1:4375,9.17数据/log_12_2026-9-17-06-46-02.ulg,1,4375,51,147123701,147626290,148631631,0.502589,Sep17,Mission,sustained,2,0.1447412808988383,False,0.2630582523859874,True,0.9532682487776472,True,0.13476447542006428,False
validation:9.17数据/log_12_2026-9-17-06-46-02.ulg:1:4425,9.17数据/log_12_2026-9-17-06-46-02.ulg,1,4425,51,148128960,148631631,149627171,0.502671,Sep17,Mission,sustained,2,0.0875638041378155,False,0.1841224783588113,True,0.6264293132267014,True,0.16004559803185583,False
validation:9.17数据/log_12_2026-9-17-06-46-02.ulg:1:4475,9.17数据/log_12_2026-9-17-06-46-02.ulg,1,4475,51,149124518,149627171,150622654,0.502653,Sep17,Mission,sustained,1,0.38046111508507585,True,0.10718646524831393,False,0.27814851120744005,False,0.18269942009106063,False
validation:9.17数据/log_12_2026-9-17-06-46-02.ulg:1:4525,9.17数据/log_12_2026-9-17-06-46-02.ulg,1,4525,51,150129829,150622654,151628026,0.4928249999999999,Sep17,Mission,lower_change,0,0.19853544671607648,False,0.09353749351618224,False,0.4819755046239378,False,0.1903483316801839,False
validation:9.17数据/log_12_2026-9-17-06-46-02.ulg:1:4575,9.17数据/log_12_2026-9-17-06-46-02.ulg,1,4575,51,151125315,151628026,152623447,0.502711,Sep17,Mission,sustained,1,0.08495108682631605,False,0.06104842685656801,False,0.5007844215640392,True,0.14208481101187023,False
validation:9.17数据/log_12_2026-9-17-06-46-02.ulg:1:4625,9.17数据/log_12_2026-9-17-06-46-02.ulg,1,4625,51,152130671,152623447,153628804,0.492776,Sep17,Mission,lower_change,0,0.16473245444506793,False,0.09704610068391226,False,0.34769049025933224,False,0.04939838379642116,False
validation:9.17数据/log_12_2026-9-17-06-46-02.ulg:1:4675,9.17数据/log_12_2026-9-17-06-46-02.ulg,1,4675,51,153126118,153628804,154624402,0.502686,Sep17,Mission,lower_change,0,0.17388190628128386,False,0.09080207507335829,False,0.356881024282703,False,0.10999866047552045,False
validation:9.17数据/log_12_2026-9-17-06-46-02.ulg:1:4725,9.17数据/log_12_2026-9-17-06-46-02.ulg,1,4725,51,154121618,154624402,155629713,0.502784,Sep17,Mission,lower_change,0,0.2523913474633089,False,0.1286437782722351,False,0.2505543955237024,False,0.06793586811222703,False
validation:9.17数据/log_12_2026-9-17-06-46-02.ulg:1:4775,9.17数据/log_12_2026-9-17-06-46-02.ulg,1,4775,51,155126994,155629713,156625170,0.502719,Sep17,Mission,lower_change,0,0.05978799052980767,False,0.09844243971916833,False,0.2385502423557865,False,0.07471017791591338,False
validation:9.17数据/log_12_2026-9-17-06-46-02.ulg:1:4825,9.17数据/log_12_2026-9-17-06-46-02.ulg,1,4825,51,156122489,156625170,157630548,0.5026809999999999,Sep17,Mission,lower_change,0,0.07184591363565758,False,0.09173869371564497,False,0.24503826705209383,False,0.052483511941771574,False
validation:9.17数据/log_12_2026-9-17-06-46-02.ulg:1:4875,9.17数据/log_12_2026-9-17-06-46-02.ulg,1,4875,51,157127805,157630548,158626277,0.5027429999999999,Sep17,Mission,lower_change,0,0.15430127591253465,False,0.09943307656204985,False,0.12808303217560363,False,0.0771319713090818,False
validation:9.17数据/log_12_2026-9-17-06-46-02.ulg:1:4925,9.17数据/log_12_2026-9-17-06-46-02.ulg,1,4925,51,158123343,158626277,159621481,0.502934,Sep17,Mission,lower_change,0,0.16248131779194466,False,0.11887275582862754,False,0.24671841619680446,False,0.15986326436589,False
validation:9.17数据/log_12_2026-9-17-06-46-02.ulg:1:4975,9.17数据/log_12_2026-9-17-06-46-02.ulg,1,4975,51,159128683,159621481,160626890,0.4927979999999999,Sep17,Mission,sustained,2,0.05876139353211928,False,0.11282415687657085,False,0.7604713890700201,True,0.5676191108578204,True
validation:9.17数据/log_12_2026-9-17-06-46-02.ulg:1:5025,9.17数据/log_12_2026-9-17-06-46-02.ulg,1,5025,51,160124147,160626890,161622309,0.5027429999999999,Sep17,Mission,sustained,1,0.3821739882225821,True,0.10468101535538571,False,0.2189879928568696,False,0.14421169791654945,False
validation:9.17数据/log_12_2026-9-17-06-46-02.ulg:1:5075,9.17数据/log_12_2026-9-17-06-46-02.ulg,1,5075,51,161129506,161622309,162627957,0.492803,Sep17,Mission,sustained,3,0.3898022466244422,True,0.18700718603000901,True,0.21990712464300582,False,0.38101667545226137,True
validation:9.17数据/log_12_2026-9-17-06-46-02.ulg:1:5125,9.17数据/log_12_2026-9-17-06-46-02.ulg,1,5125,51,162124960,162627957,163623141,0.502997,Sep17,Mission,sustained,1,0.3787462069078621,True,0.09531391567155023,False,0.14131431790857155,False,0.05389631164075439,False
validation:9.17数据/log_12_2026-9-17-06-46-02.ulg:1:5175,9.17数据/log_12_2026-9-17-06-46-02.ulg,1,5175,51,163120460,163623141,164628601,0.5026809999999999,Sep17,Mission,sustained,2,0.31107408670866865,True,0.23145703163945036,True,0.21354877686076848,False,0.16690866712920646,False
validation:9.17数据/log_12_2026-9-17-06-46-02.ulg:1:5225,9.17数据/log_12_2026-9-17-06-46-02.ulg,1,5225,51,164125831,164628601,165624017,0.5027699999999999,Sep17,Mission,sustained,1,0.36567774551560656,True,0.09249895460162039,False,0.3496222001131476,False,0.09249591776064152,False
validation:9.17数据/log_12_2026-9-17-06-46-02.ulg:1:5275,9.17数据/log_12_2026-9-17-06-46-02.ulg,1,5275,51,165121315,165624017,166619729,0.502702,Sep17,Mission,sustained,1,0.3878058997831421,True,0.10421842991208437,False,0.11021828749260054,False,0.05693876539780086,False
validation:9.17数据/log_12_2026-9-17-06-46-02.ulg:1:5325,9.17数据/log_12_2026-9-17-06-46-02.ulg,1,5325,51,166126628,166619729,167624821,0.4931009999999999,Sep17,Mission,sustained,1,0.3118309347322632,True,0.11891869912438824,False,0.2305587165720218,False,0.09232355962389113,False
validation:9.17数据/log_12_2026-9-17-06-46-02.ulg:1:5375,9.17数据/log_12_2026-9-17-06-46-02.ulg,1,5375,51,167122135,167624821,168630214,0.502686,Sep17,Mission,sustained,2,0.389365201654337,True,0.10814990729177902,False,0.286474968188616,False,0.27538277208555173,True
validation:9.17数据/log_12_2026-9-17-06-46-02.ulg:1:5425,9.17数据/log_12_2026-9-17-06-46-02.ulg,1,5425,51,168127483,168630214,169625702,0.5027309999999999,Sep17,Mission,sustained,1,0.30745749941867845,True,0.06963919262587341,False,0.26787463891419366,False,0.11206092131036924,False
validation:9.17数据/log_12_2026-9-17-06-46-02.ulg:1:5475,9.17数据/log_12_2026-9-17-06-46-02.ulg,1,5475,51,169122939,169625702,170621355,0.502763,Sep17,Mission,lower_change,0,0.16521167000892817,False,0.08615608719213852,False,0.16635719629577436,False,0.11577806245402386,False
validation:9.17数据/log_12_2026-9-17-06-46-02.ulg:1:5525,9.17数据/log_12_2026-9-17-06-46-02.ulg,1,5525,51,170128291,170621355,171626489,0.493064,Sep17,Mission,sustained,2,0.3570560871722966,True,0.13505698909087735,False,0.2812757933481694,False,0.32799172287068223,True
validation:9.17数据/log_12_2026-9-17-06-46-02.ulg:1:5575,9.17数据/log_12_2026-9-17-06-46-02.ulg,1,5575,51,171123791,171626489,172622091,0.502698,Sep17,Mission,sustained,1,0.1539574829505617,False,0.20707225855171338,True,0.33560555890945265,False,0.038076577369203474,False
validation:9.17数据/log_12_2026-9-17-06-46-02.ulg:1:5625,9.17数据/log_12_2026-9-17-06-46-02.ulg,1,5625,51,172129160,172622091,173627355,0.4929309999999999,Sep17,Mission,lower_change,0,0.2743144651669592,False,0.12617116724452024,False,0.2176728439796307,False,0.14384505322228971,False
validation:9.17数据/log_12_2026-9-17-06-46-02.ulg:1:5675,9.17数据/log_12_2026-9-17-06-46-02.ulg,1,5675,51,173124615,173627355,174622798,0.50274,Sep17,Mission,lower_change,0,0.29300238561963293,False,0.09776837718243513,False,0.14775264978641134,False,0.0667465273085689,False
validation:9.17数据/log_12_2026-9-17-06-46-02.ulg:1:5725,9.17数据/log_12_2026-9-17-06-46-02.ulg,1,5725,51,174120079,174622798,175628105,0.502719,Sep17,Mission,sustained,1,0.16283356819324907,False,0.23916472927961568,True,0.3342011679655937,False,0.11935558460712695,False
validation:9.17数据/log_12_2026-9-17-06-46-02.ulg:2:25,9.17数据/log_12_2026-9-17-06-46-02.ulg,2,25,51,176446199,176948846,177944375,0.502647,Sep17,Stabilized,sustained,1,0.2715379554490322,False,0.11288289824244,False,1.5970601733951781,True,0.18988483222688465,False
validation:9.17数据/log_12_2026-9-17-06-46-02.ulg:2:75,9.17数据/log_12_2026-9-17-06-46-02.ulg,2,75,51,177441650,177944375,178939814,0.502725,Sep17,Stabilized,sustained,1,0.05597313192151062,False,0.09284317834143385,False,0.5382300372700338,True,0.09067998103028933,False
validation:9.17数据/log_12_2026-9-17-06-46-02.ulg:2:125,9.17数据/log_12_2026-9-17-06-46-02.ulg,2,125,51,178447004,178939814,179945146,0.4928099999999999,Sep17,Stabilized,sustained,2,0.35133824671040104,True,0.0924857228462847,False,0.2744108035236112,False,0.44443496817836925,True
validation:9.17数据/log_12_2026-9-17-06-46-02.ulg:2:175,9.17数据/log_12_2026-9-17-06-46-02.ulg,2,175,51,179442525,179945146,180950559,0.502621,Sep17,Stabilized,sustained,2,0.02793075535449757,False,0.6885056106263798,True,2.2453314769250077,True,0.08736418787526654,False
validation:9.17数据/log_12_2026-9-17-06-46-02.ulg:2:225,9.17数据/log_12_2026-9-17-06-46-02.ulg,2,225,51,180447820,180950559,181945998,0.5027389999999999,Sep17,Stabilized,sustained,2,0.10228888812767023,False,0.11866265407851291,False,0.5370145803159218,True,0.36790294026807085,True
validation:9.17数据/log_12_2026-9-17-06-46-02.ulg:2:275,9.17数据/log_12_2026-9-17-06-46-02.ulg,2,275,51,181443330,181945998,182941500,0.502668,Sep17,Stabilized,lower_change,0,0.10403382155356557,False,0.14819248998997053,False,0.2003389722471214,False,0.21317739426949497,False
validation:9.17数据/log_12_2026-9-17-06-46-02.ulg:2:325,9.17数据/log_12_2026-9-17-06-46-02.ulg,2,325,51,182448698,182941500,183946832,0.4928019999999999,Sep17,Stabilized,sustained,2,0.006210982085859138,False,0.27317784595655725,True,0.6210942230199921,True,0.09266859065461941,False
validation:9.17数据/log_12_2026-9-17-06-46-02.ulg:2:375,9.17数据/log_12_2026-9-17-06-46-02.ulg,2,375,51,183444193,183946832,184942369,0.502639,Sep17,Stabilized,sustained,2,0.0029278850338261097,False,0.11581676275962823,False,0.7784146945382434,True,0.39317360086350733,True
validation:9.17数据/log_12_2026-9-17-06-46-02.ulg:2:425,9.17数据/log_12_2026-9-17-06-46-02.ulg,2,425,51,184449585,184942369,185947644,0.492784,Sep17,Stabilized,mixed_change,2,0.12588379233707597,False,0.2981114654443886,True,0.29628951513160806,False,0.320313854527534,True
validation:9.17数据/log_12_2026-9-17-06-46-02.ulg:2:475,9.17数据/log_12_2026-9-17-06-46-02.ulg,2,475,51,185444955,185947644,186943155,0.5026889999999999,Sep17,Stabilized,sustained,1,0.0,False,0.1388435852217306,False,0.25566145844188926,False,0.6341282547223309,True
validation:9.17数据/log_12_2026-9-17-06-46-02.ulg:2:525,9.17数据/log_12_2026-9-17-06-46-02.ulg,2,525,51,186440434,186943155,187948493,0.502721,Sep17,Stabilized,reversing,1,0.018861579918158265,False,0.08924720840709666,False,0.6883939105365607,True,0.05217181253092698,False
validation:9.17数据/log_12_2026-9-17-06-46-02.ulg:2:575,9.17数据/log_12_2026-9-17-06-46-02.ulg,2,575,51,187445859,187948493,188944076,0.502634,Sep17,Stabilized,mixed_change,2,0.2479850068239294,False,0.04944477189629226,False,0.8205019058819987,True,0.31051605925791564,True
validation:9.17数据/log_12_2026-9-17-06-46-02.ulg:2:625,9.17数据/log_12_2026-9-17-06-46-02.ulg,2,625,51,188451108,188944076,189949313,0.4929679999999999,Sep17,Stabilized,lower_change,0,0.016691681184393802,False,0.07507163321333549,False,0.39251367639037854,False,0.18885473209230388,False
validation:9.17数据/log_12_2026-9-17-06-46-02.ulg:2:675,9.17数据/log_12_2026-9-17-06-46-02.ulg,2,675,51,189446579,189949313,190944809,0.502734,Sep17,Stabilized,sustained,1,0.012421964171718277,False,0.2394042930103221,True,0.12916614792764766,False,0.03684173215595128,False
validation:9.17数据/log_12_2026-9-17-06-46-02.ulg:2:725,9.17数据/log_12_2026-9-17-06-46-02.ulg,2,725,51,190442145,190944809,191950107,0.502664,Sep17,Stabilized,mixed_change,1,0.28793542654789595,False,0.19898059220415237,True,0.2691418685804926,False,0.1397326335168462,False
validation:9.17数据/log_12_2026-9-17-06-46-02.ulg:2:775,9.17数据/log_12_2026-9-17-06-46-02.ulg,2,775,51,191447412,191950107,192945823,0.502695,Sep17,Stabilized,sustained,1,0.22079630740689413,False,0.21341610981406073,True,0.22986847799001,False,0.1763082071210183,False
validation:9.17数据/log_12_2026-9-17-06-46-02.ulg:2:825,9.17数据/log_12_2026-9-17-06-46-02.ulg,2,825,51,192442915,192945823,193941076,0.502908,Sep17,Stabilized,lower_change,0,0.005081522942646107,False,0.13380462283647632,False,0.0943150754194144,False,0.09932471998128446,False
validation:9.17数据/log_12_2026-9-17-06-46-02.ulg:2:875,9.17数据/log_12_2026-9-17-06-46-02.ulg,2,875,51,193448211,193941076,194946456,0.492865,Sep17,Stabilized,mixed_change,1,0.08082580548401949,False,0.3340974106427599,True,0.28569260095554366,False,0.20757040462254542,False
validation:9.17数据/log_13_2026-9-17-06-52-30.ulg:0:25,9.17数据/log_13_2026-9-17-06-52-30.ulg,0,25,51,70749876,71252529,72248089,0.502653,Sep17,Stabilized,mixed_change,3,0.20043979534125642,False,0.41487862421812627,True,1.2335665809635767,True,1.3536211616698468,True
validation:9.17数据/log_13_2026-9-17-06-52-30.ulg:0:75,9.17数据/log_13_2026-9-17-06-52-30.ulg,0,75,51,71745346,72248089,73243549,0.5027429999999999,Sep17,Stabilized,sustained,4,0.5905809172216037,True,0.5991231177932802,True,1.701708116973072,True,1.1335875857051674,True
validation:9.17数据/log_13_2026-9-17-06-52-30.ulg:0:125,9.17数据/log_13_2026-9-17-06-52-30.ulg,0,125,51,72750708,73243549,74249182,0.492841,Sep17,Stabilized,sustained,2,0.07654699158533046,False,0.41413229200422985,True,0.1773277060927022,False,0.2547707235915759,True
validation:9.17数据/log_13_2026-9-17-06-52-30.ulg:0:175,9.17数据/log_13_2026-9-17-06-52-30.ulg,0,175,51,73746193,74249182,75244386,0.502989,Sep17,Stabilized,sustained,2,0.05075552972059796,False,0.12126541098731185,False,0.9638072742084542,True,0.4699273101960678,True
validation:9.17数据/log_13_2026-9-17-06-52-30.ulg:0:225,9.17数据/log_13_2026-9-17-06-52-30.ulg,0,225,51,74751513,75244386,76249787,0.4928729999999999,Sep17,Stabilized,lower_change,0,0.04661760915941934,False,0.12723752594589136,False,0.20584446735667902,False,0.1991850748142668,False
validation:9.17数据/log_13_2026-9-17-06-52-30.ulg:0:275,9.17数据/log_13_2026-9-17-06-52-30.ulg,0,275,51,75747013,76249787,77245242,0.5027739999999999,Sep17,Stabilized,mixed_change,2,0.007464671460517801,False,0.08873295549997307,False,0.5034396543965847,True,0.23591581419344076,True
validation:9.17数据/log_13_2026-9-17-06-52-30.ulg:0:325,9.17数据/log_13_2026-9-17-06-52-30.ulg,0,325,51,76742540,77245242,78250766,0.502702,Sep17,Stabilized,sustained,1,0.31127012054730446,True,0.15303856116795328,False,0.313064484255562,False,0.18950757362437104,False
validation:9.17数据/log_13_2026-9-17-06-52-30.ulg:0:375,9.17数据/log_13_2026-9-17-06-52-30.ulg,0,375,51,77747868,78250766,79246030,0.502898,Sep17,Stabilized,lower_change,0,0.0,False,0.1496534020172475,False,0.09563763570172039,False,0.11784012854986982,False
validation:9.17数据/log_13_2026-9-17-06-52-30.ulg:0:425,9.17数据/log_13_2026-9-17-06-52-30.ulg,0,425,51,78753291,79246030,80251429,0.492739,Sep17,Stabilized,sustained,2,0.12185219561885083,False,0.18862239934762637,True,0.3666105456426232,False,0.3281815707067306,True
validation:9.17数据/log_13_2026-9-17-06-52-30.ulg:0:475,9.17数据/log_13_2026-9-17-06-52-30.ulg,0,475,51,79748792,80251429,81246902,0.502637,Sep17,Stabilized,lower_change,0,0.006547106059865117,False,0.1656464224338656,False,0.4250677593533655,False,0.16052447141389,False
validation:9.17数据/log_13_2026-9-17-06-52-30.ulg:0:525,9.17数据/log_13_2026-9-17-06-52-30.ulg,0,525,51,80744168,81246902,82252233,0.502734,Sep17,Stabilized,reversing,2,0.004140654723906093,False,0.171178741384528,False,0.8617991071141528,True,0.23370371912814,True
validation:9.17数据/log_13_2026-9-17-06-52-30.ulg:0:575,9.17数据/log_13_2026-9-17-06-52-30.ulg,0,575,51,81749512,82252233,83247790,0.502721,Sep17,Stabilized,lower_change,0,0.014492291533671322,False,0.12431430014975042,False,0.18416545692520447,False,0.1763977197208567,False
validation:9.17数据/log_13_2026-9-17-06-52-30.ulg:0:625,9.17数据/log_13_2026-9-17-06-52-30.ulg,0,625,51,82745061,83247790,84243309,0.502729,Sep17,Stabilized,sustained,1,0.01152731654426628,False,0.21366114781392634,True,0.3590776825228845,False,0.11989189723866042,False
validation:9.17数据/log_13_2026-9-17-06-52-30.ulg:0:675,9.17数据/log_13_2026-9-17-06-52-30.ulg,0,675,51,83750396,84243309,85248515,0.492913,Sep17,Stabilized,lower_change,0,0.017072356785877547,False,0.11250858568237457,False,0.241459067372074,False,0.14735178739647925,False
validation:9.17数据/log_13_2026-9-17-06-52-30.ulg:0:725,9.17数据/log_13_2026-9-17-06-52-30.ulg,0,725,51,84745899,85248515,86253949,0.502616,Sep17,Stabilized,lower_change,0,0.011711540135304437,False,0.15379096529824485,False,0.2535368297034455,False,0.0366404859997426,False
validation:9.17数据/log_13_2026-9-17-06-52-30.ulg:0:775,9.17数据/log_13_2026-9-17-06-52-30.ulg,0,775,51,85751180,86253949,87249381,0.502769,Sep17,Stabilized,lower_change,0,0.010142491274614685,False,0.09038271302832625,False,0.2394777964777082,False,0.049785509595459555,False
validation:9.17数据/log_13_2026-9-17-06-52-30.ulg:0:825,9.17数据/log_13_2026-9-17-06-52-30.ulg,0,825,51,86746709,87249381,88244859,0.502672,Sep17,Stabilized,lower_change,0,0.0,False,0.136334542037279,False,0.3787682346877252,False,0.16308514355747222,False
validation:9.17数据/log_13_2026-9-17-06-52-30.ulg:0:875,9.17数据/log_13_2026-9-17-06-52-30.ulg,0,875,51,87752018,88244859,89250191,0.492841,Sep17,Stabilized,lower_change,0,0.07099819820556662,False,0.12682202736112194,False,0.1298185869731853,False,0.05853563835010637,False
validation:9.17数据/log_13_2026-9-17-06-52-30.ulg:1:25,9.17数据/log_13_2026-9-17-06-52-30.ulg,1,25,51,89930282,90433026,91428528,0.502744,Sep17,Mission,sustained,2,0.36589632017546797,True,0.10257371778824353,False,0.9504845119178734,True,0.14630203780605558,False
validation:9.17数据/log_13_2026-9-17-06-52-30.ulg:1:75,9.17数据/log_13_2026-9-17-06-52-30.ulg,1,75,51,90925823,91428528,92424029,0.502705,Sep17,Mission,sustained,4,0.38425913387408056,True,0.3775014697738843,True,0.69543664356742,True,0.7387976510174284,True
validation:9.17数据/log_13_2026-9-17-06-52-30.ulg:1:125,9.17数据/log_13_2026-9-17-06-52-30.ulg,1,125,51,91931173,92424029,93429391,0.4928559999999999,Sep17,Mission,mixed_change,4,0.3275917284682309,True,0.21565943175026525,True,0.6385025678942811,True,0.6374457196319283,True
validation:9.17数据/log_13_2026-9-17-06-52-30.ulg:1:175,9.17数据/log_13_2026-9-17-06-52-30.ulg,1,175,51,92926672,93429391,94424796,0.502719,Sep17,Mission,sustained,3,0.39339680818822403,True,0.17767513531738702,True,0.6304766575375611,True,0.16405308392380757,False
validation:9.17数据/log_13_2026-9-17-06-52-30.ulg:1:225,9.17数据/log_13_2026-9-17-06-52-30.ulg,1,225,51,93931949,94424796,95430184,0.492847,Sep17,Mission,sustained,1,0.38866150406943256,True,0.10693263864433425,False,0.4521991676132906,False,0.0981686689303848,False
validation:9.17数据/log_13_2026-9-17-06-52-30.ulg:1:275,9.17数据/log_13_2026-9-17-06-52-30.ulg,1,275,51,94927465,95430184,96425640,0.502719,Sep17,Mission,lower_change,0,0.18853365345597325,False,0.10351696455279312,False,0.3802606777529933,False,0.16940125333946543,False
validation:9.17数据/log_13_2026-9-17-06-52-30.ulg:1:325,9.17数据/log_13_2026-9-17-06-52-30.ulg,1,325,51,95922956,96425640,97430977,0.502684,Sep17,Mission,sustained,2,0.39000703110410295,True,0.24945165621030718,True,0.17226342331178127,False,0.0632114464888746,False
validation:9.17数据/log_13_2026-9-17-06-52-30.ulg:1:375,9.17数据/log_13_2026-9-17-06-52-30.ulg,1,375,51,96928293,97430977,98426483,0.502684,Sep17,Mission,lower_change,0,0.2963076277407967,False,0.0972617774868089,False,0.13956674154986018,False,0.04040491315495059,False
validation:9.17数据/log_13_2026-9-17-06-52-30.ulg:1:425,9.17数据/log_13_2026-9-17-06-52-30.ulg,1,425,51,97933646,98426483,99431869,0.4928369999999999,Sep17,Mission,sustained,1,0.11848463995464542,False,0.1882526459932049,True,0.46117417074346273,False,0.045200192811476705,False
validation:9.17数据/log_13_2026-9-17-06-52-30.ulg:1:475,9.17数据/log_13_2026-9-17-06-52-30.ulg,1,475,51,98929137,99431869,100427333,0.502732,Sep17,Mission,lower_change,0,0.08572181840461018,False,0.09195833293964123,False,0.1781783898701659,False,0.15263286952591165,False
validation:9.17数据/log_13_2026-9-17-06-52-30.ulg:1:525,9.17数据/log_13_2026-9-17-06-52-30.ulg,1,525,51,99924674,100427333,101432618,0.502659,Sep17,Mission,lower_change,0,0.25257076356380376,False,0.08673574596611537,False,0.12391958874824806,False,0.07067548653398929,False
validation:9.17数据/log_13_2026-9-17-06-52-30.ulg:1:575,9.17数据/log_13_2026-9-17-06-52-30.ulg,1,575,51,100930020,101432618,102428165,0.502598,Sep17,Mission,lower_change,0,0.06129814762823132,False,0.11258447354455071,False,0.1762008279358844,False,0.06528299465124339,False
validation:9.17数据/log_13_2026-9-17-06-52-30.ulg:1:625,9.17数据/log_13_2026-9-17-06-52-30.ulg,1,625,51,101925474,102428165,103423658,0.502691,Sep17,Mission,sustained,2,0.3525835235269487,True,0.2263847576754361,True,0.08845855819180647,False,0.06489242680341877,False
validation:9.17数据/log_13_2026-9-17-06-52-30.ulg:1:675,9.17数据/log_13_2026-9-17-06-52-30.ulg,1,675,51,102930887,103423658,104428986,0.4927709999999999,Sep17,Mission,sustained,1,0.3273093053701565,True,0.15793520154419943,False,0.15488667011147417,False,0.04767392956865489,False
validation:9.17数据/log_13_2026-9-17-06-52-30.ulg:1:725,9.17数据/log_13_2026-9-17-06-52-30.ulg,1,725,51,103926322,104428986,105434362,0.502664,Sep17,Mission,sustained,1,0.34391500103839434,True,0.1152644291197427,False,0.2022325697484299,False,0.08504757807586022,False
validation:9.17数据/log_13_2026-9-17-06-52-30.ulg:1:775,9.17数据/log_13_2026-9-17-06-52-30.ulg,1,775,51,104931688,105434362,106429888,0.502674,Sep17,Mission,sustained,1,0.1158123887960662,False,0.09584071146276593,False,0.7742850958260115,True,0.086002000887337,False
validation:9.17数据/log_13_2026-9-17-06-52-30.ulg:1:825,9.17数据/log_13_2026-9-17-06-52-30.ulg,1,825,51,105927208,106429888,107425337,0.50268,Sep17,Mission,sustained,3,0.33723898383365064,True,0.06129870976364978,False,0.6345565932800178,True,0.2924741084065642,True
validation:9.17数据/log_13_2026-9-17-06-52-30.ulg:1:875,9.17数据/log_13_2026-9-17-06-52-30.ulg,1,875,51,106932622,107425337,108430669,0.4927149999999999,Sep17,Mission,mixed_change,1,0.08361648907989512,False,0.07663076579876087,False,0.4031071538793947,False,0.2778875024207896,True
validation:9.17数据/log_13_2026-9-17-06-52-30.ulg:1:925,9.17数据/log_13_2026-9-17-06-52-30.ulg,1,925,51,107928019,108430669,109426176,0.5026499999999999,Sep17,Mission,sustained,1,0.2259040769518224,False,0.12988796425763255,False,0.1282779061677308,False,0.28626043399325934,True
validation:9.17数据/log_13_2026-9-17-06-52-30.ulg:1:975,9.17数据/log_13_2026-9-17-06-52-30.ulg,1,975,51,108933375,109426176,110431525,0.492801,Sep17,Mission,lower_change,0,0.17354656723780332,False,0.1647016110247395,False,0.2288263891765476,False,0.17401358216808208,False
validation:9.17数据/log_13_2026-9-17-06-52-30.ulg:1:1025,9.17数据/log_13_2026-9-17-06-52-30.ulg,1,1025,51,109928868,110431525,111427052,0.502657,Sep17,Mission,sustained,1,0.18973905519555048,False,0.0844622545404139,False,0.17287519380214736,False,0.25178676263738137,True
validation:9.17数据/log_13_2026-9-17-06-52-30.ulg:1:1075,9.17数据/log_13_2026-9-17-06-52-30.ulg,1,1075,51,110924478,111427052,112432351,0.502574,Sep17,Mission,sustained,1,0.11245022540909044,False,0.07434105831856992,False,0.31638175992213735,False,0.22965390602902358,True
validation:9.17数据/log_13_2026-9-17-06-52-30.ulg:1:1125,9.17数据/log_13_2026-9-17-06-52-30.ulg,1,1125,51,111929688,112432351,113427819,0.502663,Sep17,Mission,sustained,1,0.20022052090508843,False,0.1402893383750823,False,0.14048016794747026,False,0.24497883929887682,True
validation:9.17数据/log_13_2026-9-17-06-52-30.ulg:1:1175,9.17数据/log_13_2026-9-17-06-52-30.ulg,1,1175,51,112925255,113427819,114423305,0.502564,Sep17,Mission,lower_change,0,0.22809158652846492,False,0.0969900683556421,False,0.11074829899753236,False,0.11821819681681507,False
validation:9.17数据/log_13_2026-9-17-06-52-30.ulg:1:1225,9.17数据/log_13_2026-9-17-06-52-30.ulg,1,1225,51,113930521,114423305,115428654,0.492784,Sep17,Mission,sustained,2,0.38941866903747263,True,0.11920109944612883,False,0.7263883804896194,True,0.15393528831262665,False
validation:9.17数据/log_13_2026-9-17-06-52-30.ulg:1:1275,9.17数据/log_13_2026-9-17-06-52-30.ulg,1,1275,51,114926392,115428654,116424149,0.502262,Sep17,Mission,lower_change,0,0.18809278245009697,False,0.07443672997243908,False,0.11635087163138638,False,0.07600843112537002,False
validation:9.17数据/log_13_2026-9-17-06-52-30.ulg:1:1325,9.17数据/log_13_2026-9-17-06-52-30.ulg,1,1325,51,115931394,116424149,117429523,0.492755,Sep17,Mission,sustained,2,0.38923296556882625,True,0.10498864257712666,False,0.5775805093049595,True,0.03795703418930437,False
validation:9.17数据/log_13_2026-9-17-06-52-30.ulg:1:1375,9.17数据/log_13_2026-9-17-06-52-30.ulg,1,1375,51,116926918,117429523,118424969,0.502605,Sep17,Mission,sustained,1,0.3290616081611116,True,0.1330631681283309,False,0.11847778493715516,False,0.04620050917941,False
validation:9.17数据/log_13_2026-9-17-06-52-30.ulg:1:1425,9.17数据/log_13_2026-9-17-06-52-30.ulg,1,1425,51,117932203,118424969,119430402,0.492766,Sep17,Mission,lower_change,0,0.23780477846615716,False,0.1633184897758226,False,0.35088961962487913,False,0.14312287202867832,False
validation:9.17数据/log_13_2026-9-17-06-52-30.ulg:1:1475,9.17数据/log_13_2026-9-17-06-52-30.ulg,1,1475,51,118928034,119430402,120425891,0.5023679999999999,Sep17,Mission,mixed_change,4,0.3277595533412447,True,0.2608989109996731,True,0.8258226858268489,True,0.2537164302406599,True
validation:9.17数据/log_13_2026-9-17-06-52-30.ulg:1:1525,9.17数据/log_13_2026-9-17-06-52-30.ulg,1,1525,51,119923163,120425891,121431142,0.502728,Sep17,Mission,sustained,1,0.11385561290569327,False,0.17442679838824615,False,0.1793781663380093,False,0.29148096890549746,True
validation:9.17数据/log_13_2026-9-17-06-52-30.ulg:1:1575,9.17数据/log_13_2026-9-17-06-52-30.ulg,1,1575,51,120928574,121431142,122426645,0.502568,Sep17,Mission,sustained,2,0.084779537758816,False,0.16039454540988593,False,0.660780633759891,True,0.4021952012653192,True
validation:9.17数据/log_13_2026-9-17-06-52-30.ulg:1:1625,9.17数据/log_13_2026-9-17-06-52-30.ulg,1,1625,51,121924047,122426645,123422166,0.502598,Sep17,Mission,sustained,1,0.22208866036247263,False,0.06530514087387652,False,0.2557680787205246,False,0.48801335003913826,True
validation:9.17数据/log_13_2026-9-17-06-52-30.ulg:1:1675,9.17数据/log_13_2026-9-17-06-52-30.ulg,1,1675,51,122929587,123422166,124427465,0.492579,Sep17,Mission,mixed_change,1,0.17768839605415157,False,0.21985695270291908,True,0.2393370643699889,False,0.06453395115203596,False
validation:9.17数据/log_13_2026-9-17-06-52-30.ulg:1:1725,9.17数据/log_13_2026-9-17-06-52-30.ulg,1,1725,51,123924872,124427465,125432827,0.502593,Sep17,Mission,sustained,1,0.3075038646906984,True,0.12511011467098723,False,0.2347162822267563,False,0.06871328683723331,False
validation:9.17数据/log_13_2026-9-17-06-52-30.ulg:1:1775,9.17数据/log_13_2026-9-17-06-52-30.ulg,1,1775,51,124930254,125432827,126428343,0.5025729999999999,Sep17,Mission,sustained,2,0.09503471389287083,False,0.1249508940201193,False,0.910685411920951,True,0.47576130203992106,True
validation:9.17数据/log_13_2026-9-17-06-52-30.ulg:1:1825,9.17数据/log_13_2026-9-17-06-52-30.ulg,1,1825,51,125925681,126428343,127423838,0.5026619999999999,Sep17,Mission,sustained,1,0.22433191307458467,False,0.07954107282993615,False,0.0983553649895379,False,0.6924986616467403,True
validation:9.17数据/log_13_2026-9-17-06-52-30.ulg:1:1875,9.17数据/log_13_2026-9-17-06-52-30.ulg,1,1875,51,126931344,127423838,128429166,0.492494,Sep17,Mission,lower_change,0,0.10709618800617432,False,0.11945476071325284,False,0.24815349789623362,False,0.0796406291060442,False
validation:9.17数据/log_13_2026-9-17-06-52-30.ulg:1:1925,9.17数据/log_13_2026-9-17-06-52-30.ulg,1,1925,51,127926521,128429166,129424671,0.502645,Sep17,Mission,sustained,2,0.07419401108752781,False,0.20261390987747346,True,0.5670876502931106,True,0.14263706731781073,False
validation:9.17数据/log_13_2026-9-17-06-52-30.ulg:1:1975,9.17数据/log_13_2026-9-17-06-52-30.ulg,1,1975,51,128931795,129424671,130429924,0.492876,Sep17,Mission,sustained,1,0.13454713674430668,False,0.14619658049369583,False,0.6073439103564647,True,0.16821089951128199,False
validation:9.17数据/log_13_2026-9-17-06-52-30.ulg:1:2025,9.17数据/log_13_2026-9-17-06-52-30.ulg,1,2025,51,129927341,130429924,131425443,0.502583,Sep17,Mission,lower_change,0,0.16282899559305344,False,0.14067950678236518,False,0.06768363745071021,False,0.07201495099389661,False
validation:9.17数据/log_13_2026-9-17-06-52-30.ulg:1:2075,9.17数据/log_13_2026-9-17-06-52-30.ulg,1,2075,51,130922824,131425443,132430751,0.5026189999999999,Sep17,Mission,sustained,1,0.3575512257402121,True,0.10767196137804436,False,0.15586462812217483,False,0.1296159155633753,False
validation:9.17数据/log_13_2026-9-17-06-52-30.ulg:1:2125,9.17数据/log_13_2026-9-17-06-52-30.ulg,1,2125,51,131928084,132430751,133426281,0.502667,Sep17,Mission,sustained,1,0.3617499044430646,True,0.15894064524636772,False,0.2708744717517449,False,0.13422290315740973,False
validation:9.17数据/log_13_2026-9-17-06-52-30.ulg:1:2175,9.17数据/log_13_2026-9-17-06-52-30.ulg,1,2175,51,132933465,133426281,134431612,0.492816,Sep17,Mission,sustained,3,0.07114709997224901,False,0.22691565693172938,True,1.1481072706802191,True,0.30440587135626473,True
validation:9.17数据/log_13_2026-9-17-06-52-30.ulg:1:2225,9.17数据/log_13_2026-9-17-06-52-30.ulg,1,2225,51,133928934,134431612,135427095,0.502678,Sep17,Mission,sustained,1,0.1346896664730496,False,0.16459189800371596,False,0.18147972706808846,False,0.7907187461244861,True
validation:9.17数据/log_13_2026-9-17-06-52-30.ulg:1:2275,9.17数据/log_13_2026-9-17-06-52-30.ulg,1,2275,51,134924382,135427095,136432429,0.502713,Sep17,Mission,sustained,3,0.38787985060074903,True,0.31015825047593276,True,0.8841620417630821,True,0.22266914616231176,False
validation:9.17数据/log_13_2026-9-17-06-52-30.ulg:1:2325,9.17数据/log_13_2026-9-17-06-52-30.ulg,1,2325,51,135929735,136432429,137427905,0.502694,Sep17,Mission,mixed_change,2,0.1332493551747153,False,0.08102005850550978,False,0.8475118646267489,True,0.22548015349762512,True
validation:9.17数据/log_13_2026-9-17-06-52-30.ulg:1:2375,9.17数据/log_13_2026-9-17-06-52-30.ulg,1,2375,51,136925207,137427905,138423363,0.502698,Sep17,Mission,mixed_change,3,0.3879231369028316,True,0.3114126583771419,True,0.36543141373536664,False,0.4289103370109032,True
validation:9.17数据/log_13_2026-9-17-06-52-30.ulg:1:2425,9.17数据/log_13_2026-9-17-06-52-30.ulg,1,2425,51,137930560,138423363,139428712,0.492803,Sep17,Mission,sustained,1,0.12966668969699224,False,0.19722157187194525,True,0.09610328131724967,False,0.10627250678207412,False
validation:9.17数据/log_13_2026-9-17-06-52-30.ulg:1:2475,9.17数据/log_13_2026-9-17-06-52-30.ulg,1,2475,51,138926103,139428712,140434045,0.502609,Sep17,Mission,sustained,4,0.37714084830781636,True,0.2656376127033082,True,1.171948497164211,True,0.4527680338556927,True
validation:9.17数据/log_13_2026-9-17-06-52-30.ulg:1:2525,9.17数据/log_13_2026-9-17-06-52-30.ulg,1,2525,51,139931357,140434045,141429551,0.502688,Sep17,Mission,sustained,1,0.19420865112160235,False,0.08699446033550594,False,0.8300993452578916,True,0.17506991707347894,False
validation:9.17数据/log_13_2026-9-17-06-52-30.ulg:1:2575,9.17数据/log_13_2026-9-17-06-52-30.ulg,1,2575,51,140926902,141429551,142425024,0.502649,Sep17,Mission,mixed_change,1,0.2648127648037809,False,0.2275986296952105,True,0.25480311049920973,False,0.15072425283776467,False
validation:9.17数据/log_13_2026-9-17-06-52-30.ulg:1:2625,9.17数据/log_13_2026-9-17-06-52-30.ulg,1,2625,51,141932213,142425024,143430351,0.492811,Sep17,Mission,sustained,2,0.377953780328466,True,0.10361615777984291,False,0.567718215194292,True,0.08384967066136777,False
validation:9.17数据/log_13_2026-9-17-06-52-30.ulg:1:2675,9.17数据/log_13_2026-9-17-06-52-30.ulg,1,2675,51,142927665,143430351,144425856,0.502686,Sep17,Mission,sustained,2,0.39060113229531507,True,0.08378774450017984,False,0.8159468637871733,True,0.1979883295912592,False
validation:9.17数据/log_13_2026-9-17-06-52-30.ulg:1:2725,9.17数据/log_13_2026-9-17-06-52-30.ulg,1,2725,51,143933066,144425856,145431191,0.4927899999999999,Sep17,Mission,sustained,1,0.3903831048869647,True,0.09940128351978919,False,0.15478983428036297,False,0.22496799133659792,False
validation:9.17数据/log_13_2026-9-17-06-52-30.ulg:1:2775,9.17数据/log_13_2026-9-17-06-52-30.ulg,1,2775,51,144928468,145431191,146426661,0.502723,Sep17,Mission,lower_change,0,0.23632305936513331,False,0.13273435910306075,False,0.1595504807260426,False,0.18739899600747456,False
validation:9.17数据/log_13_2026-9-17-06-52-30.ulg:1:2825,9.17数据/log_13_2026-9-17-06-52-30.ulg,1,2825,51,145923942,146426661,147432009,0.502719,Sep17,Mission,mixed_change,2,0.26857915097072815,False,0.22635275493755283,True,0.38103788802242916,False,0.2549999461595526,True
validation:9.17数据/log_13_2026-9-17-06-52-30.ulg:1:2875,9.17数据/log_13_2026-9-17-06-52-30.ulg,1,2875,51,146929460,147432009,148427759,0.502549,Sep17,Mission,sustained,2,0.3888644110118785,True,0.23769475091971115,True,0.2361312405363977,False,0.20085817574870143,False
validation:9.17数据/log_13_2026-9-17-06-52-30.ulg:1:2925,9.17数据/log_13_2026-9-17-06-52-30.ulg,1,2925,51,147924837,148427759,149432879,0.502922,Sep17,Mission,sustained,3,0.3885118686898703,True,0.1915162135739304,True,0.13182704583631796,False,0.24284448364021574,True
validation:9.17数据/log_13_2026-9-17-06-52-30.ulg:1:2975,9.17数据/log_13_2026-9-17-06-52-30.ulg,1,2975,51,148930123,149432879,150428314,0.502756,Sep17,Mission,sustained,1,0.3658394239896127,True,0.11817885582811563,False,0.14797133527746734,False,0.04511034311179238,False
validation:9.17数据/log_13_2026-9-17-06-52-30.ulg:1:3025,9.17数据/log_13_2026-9-17-06-52-30.ulg,1,3025,51,149925652,150428314,151423752,0.5026619999999999,Sep17,Mission,lower_change,0,0.15979740005325302,False,0.12936443208097062,False,0.21324169464829715,False,0.07300878667584562,False
validation:9.17数据/log_13_2026-9-17-06-52-30.ulg:1:3075,9.17数据/log_13_2026-9-17-06-52-30.ulg,1,3075,51,150930910,151423752,152429301,0.492842,Sep17,Mission,reversing,4,0.38226834392012204,True,0.7085162636124939,True,0.5198364714809065,True,0.2894616928205601,True
validation:9.17数据/log_13_2026-9-17-06-52-30.ulg:1:3125,9.17数据/log_13_2026-9-17-06-52-30.ulg,1,3125,51,151926391,152429301,153424552,0.50291,Sep17,Mission,sustained,1,0.39485921342542424,True,0.11174444586717884,False,0.27651530400433166,False,0.06954660186480469,False
validation:9.17数据/log_13_2026-9-17-06-52-30.ulg:1:3175,9.17数据/log_13_2026-9-17-06-52-30.ulg,1,3175,51,152931720,153424552,154429993,0.492832,Sep17,Mission,sustained,1,0.23218127790931167,False,0.1668430751296775,False,0.41695061945985856,False,0.3232643430540375,True
validation:9.17数据/log_13_2026-9-17-06-52-30.ulg:1:3225,9.17数据/log_13_2026-9-17-06-52-30.ulg,1,3225,51,153927215,154429993,155425390,0.502778,Sep17,Mission,sustained,3,0.38033436392282477,True,0.2202587514147083,True,1.3241501765417754,True,0.12916226772674547,False
validation:9.17数据/log_13_2026-9-17-06-52-30.ulg:1:3275,9.17数据/log_13_2026-9-17-06-52-30.ulg,1,3275,51,154922720,155425390,156431027,0.50267,Sep17,Mission,sustained,1,0.389076749646161,True,0.09493046847576285,False,0.31137710329716184,False,0.22464375772717868,False
validation:9.17数据/log_13_2026-9-17-06-52-30.ulg:1:3325,9.17数据/log_13_2026-9-17-06-52-30.ulg,1,3325,51,155928055,156431027,157426206,0.502972,Sep17,Mission,lower_change,0,0.22168125895403773,False,0.10076092382389856,False,0.2855571834245536,False,0.0935393768468313,False
validation:9.17数据/log_13_2026-9-17-06-52-30.ulg:1:3375,9.17数据/log_13_2026-9-17-06-52-30.ulg,1,3375,51,156933388,157426206,158431555,0.492818,Sep17,Mission,sustained,1,0.1422283552375,False,0.09140687019496523,False,1.2985948586116889,True,0.13763280379659243,False
validation:9.17数据/log_13_2026-9-17-06-52-30.ulg:1:3425,9.17数据/log_13_2026-9-17-06-52-30.ulg,1,3425,51,157928866,158431555,159427021,0.5026889999999999,Sep17,Mission,lower_change,0,0.1384461435855352,False,0.11158660758661927,False,0.2845255290004903,False,0.1694436860249889,False
validation:9.17数据/log_13_2026-9-17-06-52-30.ulg:1:3475,9.17数据/log_13_2026-9-17-06-52-30.ulg,1,3475,51,158924266,159427021,160432343,0.502755,Sep17,Mission,mixed_change,4,0.37655701157883414,True,0.19239006444091586,True,0.5880968040796974,True,0.37153632629592837,True
validation:9.17数据/log_13_2026-9-17-06-52-30.ulg:1:3525,9.17数据/log_13_2026-9-17-06-52-30.ulg,1,3525,51,159929608,160432343,161427761,0.5027349999999999,Sep17,Mission,sustained,1,0.3178251226822952,True,0.10828305516881653,False,0.12043259750981547,False,0.11716057881775407,False
validation:9.17数据/log_13_2026-9-17-06-52-30.ulg:1:3575,9.17数据/log_13_2026-9-17-06-52-30.ulg,1,3575,51,160925114,161427761,162423334,0.502647,Sep17,Mission,sustained,1,0.3858935913063435,True,0.12717268992806322,False,0.09687530422074375,False,0.11957763979405224,False
validation:9.17数据/log_13_2026-9-17-06-52-30.ulg:1:3625,9.17数据/log_13_2026-9-17-06-52-30.ulg,1,3625,51,161930401,162423334,163428552,0.4929329999999999,Sep17,Mission,sustained,2,0.3898434332013549,True,0.26033799450694445,True,0.2213436562874315,False,0.11842026576068052,False
validation:9.17数据/log_13_2026-9-17-06-52-30.ulg:1:3675,9.17数据/log_13_2026-9-17-06-52-30.ulg,1,3675,51,162925908,163428552,164433959,0.502644,Sep17,Mission,sustained,1,0.11469520336977644,False,0.09478655840204893,False,0.5049928854333418,True,0.11074578515287334,False
validation:9.17数据/log_13_2026-9-17-06-52-30.ulg:1:3725,9.17数据/log_13_2026-9-17-06-52-30.ulg,1,3725,51,163931262,164433959,165429377,0.502697,Sep17,Mission,sustained,2,0.3530003602299252,True,0.11321526832962174,False,0.25446495199810093,False,0.22676526831204383,True
validation:9.17数据/log_13_2026-9-17-06-52-30.ulg:1:3775,9.17数据/log_13_2026-9-17-06-52-30.ulg,1,3775,51,164926760,165429377,166424829,0.502617,Sep17,Mission,sustained,2,0.335579576414612,True,0.11787730922108698,False,0.692588835375334,True,0.09537521207975433,False
validation:9.17数据/log_13_2026-9-17-06-52-30.ulg:1:3825,9.17数据/log_13_2026-9-17-06-52-30.ulg,1,3825,51,165922146,166424829,167430228,0.502683,Sep17,Mission,sustained,1,0.3894092902434194,True,0.10171747591233658,False,0.26584039316505564,False,0.11944077314492393,False
validation:9.17数据/log_13_2026-9-17-06-52-30.ulg:1:3875,9.17数据/log_13_2026-9-17-06-52-30.ulg,1,3875,51,166927507,167430228,168425635,0.502721,Sep17,Mission,sustained,1,0.1308335769844718,False,0.17405158895865325,False,0.9195623797366441,True,0.21106105000753325,False
validation:9.17数据/log_13_2026-9-17-06-52-30.ulg:1:3925,9.17数据/log_13_2026-9-17-06-52-30.ulg,1,3925,51,167932815,168425635,169430932,0.49282,Sep17,Mission,mixed_change,2,0.3242546248068829,True,0.14930545518515023,False,0.20190518102308735,False,0.2627068821110205,True
validation:9.17数据/log_13_2026-9-17-06-52-30.ulg:1:3975,9.17数据/log_13_2026-9-17-06-52-30.ulg,1,3975,51,168928329,169430932,170426525,0.502603,Sep17,Mission,sustained,1,0.3656016282351471,True,0.11942846492836227,False,0.1988888211087088,False,0.10977129169371667,False
validation:9.17数据/log_13_2026-9-17-06-52-30.ulg:1:4025,9.17数据/log_13_2026-9-17-06-52-30.ulg,1,4025,51,169923752,170426525,171431762,0.502773,Sep17,Mission,sustained,1,0.38994774196170845,True,0.0902825558940513,False,0.32235597019643697,False,0.22356044512560788,False
validation:9.17数据/log_13_2026-9-17-06-52-30.ulg:1:4075,9.17数据/log_13_2026-9-17-06-52-30.ulg,1,4075,51,170929056,171431762,172427203,0.502706,Sep17,Mission,reversing,2,0.36568544016568516,True,0.1685845771866656,False,0.35559394203816413,False,0.28651153426674275,True
validation:9.17数据/log_13_2026-9-17-06-52-30.ulg:1:4125,9.17数据/log_13_2026-9-17-06-52-30.ulg,1,4125,51,171934439,172427203,173422810,0.492764,Sep17,Mission,sustained,1,0.35167497598944064,True,0.08348492195728865,False,0.35554282607179927,False,0.18065326342552668,False
validation:9.17数据/log_13_2026-9-17-06-52-30.ulg:1:4175,9.17数据/log_13_2026-9-17-06-52-30.ulg,1,4175,51,172929884,173422810,174428052,0.492926,Sep17,Mission,mixed_change,2,0.38904371330464116,True,0.15201752629151793,False,0.5458560324677129,True,0.22013721583924556,False
validation:9.17数据/log_13_2026-9-17-06-52-30.ulg:1:4225,9.17数据/log_13_2026-9-17-06-52-30.ulg,1,4225,51,173925394,174428052,175433345,0.5026579999999999,Sep17,Mission,sustained,1,0.38751847080529656,True,0.10730811925740338,False,0.3608678459173601,False,0.12988716590981428,False
validation:9.17数据/log_13_2026-9-17-06-52-30.ulg:1:4275,9.17数据/log_13_2026-9-17-06-52-30.ulg,1,4275,51,174930701,175433345,176428789,0.502644,Sep17,Mission,sustained,2,0.11390926638136652,False,0.16031563836819,False,1.158601805366699,True,0.36911892526952805,True
validation:9.17数据/log_13_2026-9-17-06-52-30.ulg:1:4325,9.17数据/log_13_2026-9-17-06-52-30.ulg,1,4325,51,175926141,176428789,177424174,0.502648,Sep17,Mission,sustained,1,0.37335194576364955,True,0.09921332818274849,False,0.23681677314704097,False,0.18574426271272623,False
validation:9.17数据/log_13_2026-9-17-06-52-30.ulg:1:4375,9.17数据/log_13_2026-9-17-06-52-30.ulg,1,4375,51,176931452,177424174,178429612,0.492722,Sep17,Mission,sustained,1,0.28154714173460654,False,0.21438080878081728,True,0.4166526979041519,False,0.20834254179956893,False
validation:9.17数据/log_13_2026-9-17-06-52-30.ulg:1:4425,9.17数据/log_13_2026-9-17-06-52-30.ulg,1,4425,51,177926992,178429612,179425046,0.50262,Sep17,Mission,lower_change,0,0.066080833877526,False,0.08036545168042797,False,0.2616935521341821,False,0.13580212434681538,False
validation:9.17数据/log_13_2026-9-17-06-52-30.ulg:1:4475,9.17数据/log_13_2026-9-17-06-52-30.ulg,1,4475,51,178932317,179425046,180430374,0.492729,Sep17,Mission,reversing,3,0.2925206780870425,False,0.31470959813894644,True,0.6526165506988174,True,0.27568255729990115,True
validation:9.17数据/log_13_2026-9-17-06-52-30.ulg:1:4525,9.17数据/log_13_2026-9-17-06-52-30.ulg,1,4525,51,179927843,180430374,181425909,0.502531,Sep17,Mission,lower_change,0,0.23139605031474245,False,0.0958491082336999,False,0.49442403585815076,False,0.13403907380370103,False
validation:9.17数据/log_13_2026-9-17-06-52-30.ulg:1:4575,9.17数据/log_13_2026-9-17-06-52-30.ulg,1,4575,51,180923198,181425909,182431180,0.502711,Sep17,Mission,lower_change,0,0.12018852275882345,False,0.1110163553133171,False,0.32408320897170817,False,0.07474138018380878,False
validation:9.17数据/log_13_2026-9-17-06-52-30.ulg:1:4625,9.17数据/log_13_2026-9-17-06-52-30.ulg,1,4625,51,181928804,182431180,183426660,0.5023759999999999,Sep17,Mission,mixed_change,1,0.3102236627065798,True,0.0945469863523008,False,0.2956868980354797,False,0.15276400101743792,False
validation:9.17数据/log_13_2026-9-17-06-52-30.ulg:1:4675,9.17数据/log_13_2026-9-17-06-52-30.ulg,1,4675,51,182924034,183426660,184431955,0.502626,Sep17,Mission,sustained,1,0.3893071633482582,True,0.11537875568043979,False,0.2871046857982411,False,0.11928420183767414,False
validation:9.17数据/log_13_2026-9-17-06-52-30.ulg:1:4725,9.17数据/log_13_2026-9-17-06-52-30.ulg,1,4725,51,183929377,184431955,185427406,0.502578,Sep17,Mission,mixed_change,1,0.15898120292150986,False,0.17001267398174755,False,0.6092674241641929,True,0.19299013326909398,False
validation:9.17数据/log_13_2026-9-17-06-52-30.ulg:1:4775,9.17数据/log_13_2026-9-17-06-52-30.ulg,1,4775,51,184924793,185427406,186422865,0.502613,Sep17,Mission,sustained,2,0.38810728805990574,True,0.17647524433896278,False,0.862733710842122,True,0.21984156781932968,False
validation:9.17数据/log_13_2026-9-17-06-52-30.ulg:1:4825,9.17数据/log_13_2026-9-17-06-52-30.ulg,1,4825,51,185930281,186422865,187428190,0.4925839999999999,Sep17,Mission,sustained,1,0.3892409484663016,True,0.1317087082235616,False,0.1430409323999774,False,0.03835046817343436,False
validation:9.17数据/log_13_2026-9-17-06-52-30.ulg:1:4875,9.17数据/log_13_2026-9-17-06-52-30.ulg,1,4875,51,186925584,187428190,188423657,0.502606,Sep17,Mission,lower_change,0,0.23962216634634181,False,0.10934667176465589,False,0.1170849802682468,False,0.08649091857250239,False
validation:9.17数据/log_13_2026-9-17-06-52-30.ulg:1:4925,9.17数据/log_13_2026-9-17-06-52-30.ulg,1,4925,51,187931024,188423657,189428971,0.492633,Sep17,Mission,sustained,1,0.38931791564470286,True,0.13846746933811013,False,0.3539089033068271,False,0.04523017093243652,False
validation:9.17数据/log_13_2026-9-17-06-52-30.ulg:1:4975,9.17数据/log_13_2026-9-17-06-52-30.ulg,1,4975,51,188926371,189428971,190424427,0.5025999999999999,Sep17,Mission,lower_change,0,0.23792860704467042,False,0.1720283812056852,False,0.2597069876939866,False,0.14026620516370228,False
validation:9.17数据/log_13_2026-9-17-06-52-30.ulg:1:5025,9.17数据/log_13_2026-9-17-06-52-30.ulg,1,5025,51,189922035,190424427,191429781,0.502392,Sep17,Mission,sustained,3,0.390292300757929,True,0.11270969933074873,False,1.0122058183097165,True,0.4110824520689296,True
validation:9.17数据/log_13_2026-9-17-06-52-30.ulg:1:5075,9.17数据/log_13_2026-9-17-06-52-30.ulg,1,5075,51,190927232,191429781,192425330,0.502549,Sep17,Mission,sustained,1,0.20577402674248535,False,0.17034264894897846,False,0.1517309098639395,False,0.25177099858205254,True
validation:9.17数据/log_13_2026-9-17-06-52-30.ulg:1:5125,9.17数据/log_13_2026-9-17-06-52-30.ulg,1,5125,51,191932554,192425330,193430567,0.492776,Sep17,Mission,sustained,2,0.21752572219918132,False,0.1481563874190973,False,0.7200416666152406,True,0.33646842657674103,True
validation:9.17数据/log_13_2026-9-17-06-52-30.ulg:1:5175,9.17数据/log_13_2026-9-17-06-52-30.ulg,1,5175,51,192927940,193430567,194426002,0.5026269999999999,Sep17,Mission,sustained,4,0.3675183066049106,True,0.21432895031805865,True,0.8537325463554644,True,0.3525467559829626,True
validation:9.17数据/log_13_2026-9-17-06-52-30.ulg:1:5225,9.17数据/log_13_2026-9-17-06-52-30.ulg,1,5225,51,193923668,194426002,195431336,0.502334,Sep17,Mission,sustained,1,0.19774116340754794,False,0.24875009431734796,True,0.2992792697605308,False,0.20089395134659474,False
validation:9.17数据/log_13_2026-9-17-06-52-30.ulg:1:5275,9.17数据/log_13_2026-9-17-06-52-30.ulg,1,5275,51,194928651,195431336,196426771,0.5026849999999999,Sep17,Mission,mixed_change,2,0.3017463712145208,True,0.09796810798207803,False,0.21580744644472546,False,0.2325592918874113,True
validation:9.17数据/log_13_2026-9-17-06-52-30.ulg:1:5325,9.17数据/log_13_2026-9-17-06-52-30.ulg,1,5325,51,195933990,196426771,197422230,0.4927809999999999,Sep17,Mission,sustained,2,0.3886259982719897,True,0.1089766105388631,False,0.2113777226641953,False,0.22770389034279576,True
validation:9.17数据/log_13_2026-9-17-06-52-30.ulg:1:5375,9.17数据/log_13_2026-9-17-06-52-30.ulg,1,5375,51,196929433,197422230,198427603,0.492797,Sep17,Mission,lower_change,0,0.24433967731230896,False,0.1196269799839468,False,0.3583636317156135,False,0.14661342317280995,False
validation:9.17数据/log_13_2026-9-17-06-52-30.ulg:2:25,9.17数据/log_13_2026-9-17-06-52-30.ulg,2,25,51,199147086,199649909,200645157,0.502823,Sep17,Stabilized,sustained,2,0.08690550299101696,False,0.1446947761463952,False,1.7396680751548765,True,0.27686725941818074,True
validation:9.17数据/log_13_2026-9-17-06-52-30.ulg:2:75,9.17数据/log_13_2026-9-17-06-52-30.ulg,2,75,51,200142509,200645157,201650570,0.502648,Sep17,Stabilized,sustained,2,0.08161496392324247,False,0.11596711315888615,False,0.6114579700197584,True,0.26733156814921405,True
validation:9.17数据/log_13_2026-9-17-06-52-30.ulg:2:125,9.17数据/log_13_2026-9-17-06-52-30.ulg,2,125,51,201148023,201650570,202646202,0.502547,Sep17,Stabilized,sustained,1,0.0029278850338261097,False,0.06361102452305856,False,0.6501157249465395,True,0.1492710505905025,False
validation:9.17数据/log_13_2026-9-17-06-52-30.ulg:2:175,9.17数据/log_13_2026-9-17-06-52-30.ulg,2,175,51,202153158,202646202,203651322,0.493044,Sep17,Stabilized,lower_change,0,0.006210982085859138,False,0.14810934230660683,False,0.4293256381741577,False,0.20136249830774866,False
validation:9.17数据/log_13_2026-9-17-06-52-30.ulg:2:225,9.17数据/log_13_2026-9-17-06-52-30.ulg,2,225,51,203148643,203651322,204646859,0.502679,Sep17,Stabilized,sustained,2,0.15267369845671402,False,0.07038408773902004,False,0.7196925651350132,True,0.2597768194917806,True
validation:9.17数据/log_13_2026-9-17-06-52-30.ulg:2:275,9.17数据/log_13_2026-9-17-06-52-30.ulg,2,275,51,204144074,204646859,205652046,0.5027849999999999,Sep17,Stabilized,sustained,4,0.3002725005963992,True,0.2680317843439563,True,0.5000496863985481,True,0.26778701015596634,True
validation:9.17数据/log_13_2026-9-17-06-52-30.ulg:2:325,9.17数据/log_13_2026-9-17-06-52-30.ulg,2,325,51,205149423,205652046,206647751,0.5026229999999999,Sep17,Stabilized,sustained,1,0.2747572373984033,False,0.23019528773115952,True,0.10692011689716056,False,0.10984549102642154,False
validation:9.17数据/log_13_2026-9-17-06-52-30.ulg:2:375,9.17数据/log_13_2026-9-17-06-52-30.ulg,2,375,51,206144890,206647751,207643110,0.502861,Sep17,Stabilized,sustained,1,0.0,False,0.09827077559379982,False,0.7386194957486739,True,0.19008263662744945,False
validation:9.17数据/log_13_2026-9-17-06-52-30.ulg:2:425,9.17数据/log_13_2026-9-17-06-52-30.ulg,2,425,51,207150146,207643110,208648563,0.4929639999999999,Sep17,Stabilized,mixed_change,3,0.03056831806067249,False,0.36507233443515946,True,0.997642328601927,True,0.4160958861937526,True
validation:9.17数据/log_13_2026-9-17-06-52-30.ulg:2:475,9.17数据/log_13_2026-9-17-06-52-30.ulg,2,475,51,208145610,208648563,209653692,0.502953,Sep17,Stabilized,reversing,2,0.2018145588634885,False,0.1996505192984275,True,0.5353101977625789,True,0.1569791029955331,False
validation:9.17数据/log_13_2026-9-17-06-52-30.ulg:2:525,9.17数据/log_13_2026-9-17-06-52-30.ulg,2,525,51,209150917,209653692,210649483,0.502775,Sep17,Stabilized,sustained,1,0.21302539699316184,False,0.12766601749358694,False,0.17795495315908277,False,0.36027601982321567,True
validation:9.17数据/log_13_2026-9-17-06-52-30.ulg:2:575,9.17数据/log_13_2026-9-17-06-52-30.ulg,2,575,51,210146600,210649483,211644726,0.502883,Sep17,Stabilized,mixed_change,2,0.0,False,0.19728386442870063,True,0.2881318688077081,False,0.28498099024104206,True
validation:9.17数据/log_13_2026-9-17-06-52-30.ulg:2:625,9.17数据/log_13_2026-9-17-06-52-30.ulg,2,625,51,211151733,211644726,212649950,0.4929929999999999,Sep17,Stabilized,mixed_change,2,0.0,False,0.1993315363561041,True,0.21387246551408629,False,0.3898555329595714,True
validation:9.17数据/log_13_2026-9-17-06-52-30.ulg:2:675,9.17数据/log_13_2026-9-17-06-52-30.ulg,2,675,51,212147133,212649950,213645302,0.502817,Sep17,Stabilized,sustained,2,0.012929308794143592,False,0.22980702749384657,True,0.24773142314307883,False,0.7859895609447046,True
validation:9.17数据/log_13_2026-9-17-06-52-30.ulg:2:725,9.17数据/log_13_2026-9-17-06-52-30.ulg,2,725,51,213152440,213645302,214650857,0.4928619999999999,Sep17,Stabilized,mixed_change,3,0.015630628809556357,False,0.33805941038420806,True,0.5441983046176034,True,0.29412139615336724,True
validation:9.17数据/log_13_2026-9-17-06-52-30.ulg:2:775,9.17数据/log_13_2026-9-17-06-52-30.ulg,2,775,51,214147978,214650857,215646116,0.502879,Sep17,Stabilized,sustained,2,0.05180042731175327,False,0.06889068447608057,False,0.8347157390668646,True,0.3978171204299652,True
validation:9.17数据/log_13_2026-9-17-06-52-30.ulg:2:825,9.17数据/log_13_2026-9-17-06-52-30.ulg,2,825,51,215143353,215646116,216651823,0.502763,Sep17,Stabilized,sustained,3,0.5156100356249889,True,0.25699322464602853,True,0.7462368201534727,True,0.08728195779581795,False
validation:9.17数据/log_13_2026-9-17-06-52-30.ulg:2:875,9.17数据/log_13_2026-9-17-06-52-30.ulg,2,875,51,216148665,216651823,217646807,0.503158,Sep17,Stabilized,sustained,1,0.0046296686538658234,False,0.11324221570707574,False,0.47769297427653457,False,0.2339453933230671,True
validation:9.17数据/log_13_2026-9-17-06-52-30.ulg:2:925,9.17数据/log_13_2026-9-17-06-52-30.ulg,2,925,51,217153970,217646807,218652089,0.4928369999999999,Sep17,Stabilized,sustained,2,0.4408219062865785,True,0.13359836902140979,False,0.6194237322948112,True,0.1827576446742225,False
validation:9.17数据/log_13_2026-9-17-06-52-30.ulg:2:975,9.17数据/log_13_2026-9-17-06-52-30.ulg,2,975,51,218149619,218652089,219647766,0.50247,Sep17,Stabilized,lower_change,0,0.17777547355475704,False,0.1281157921828377,False,0.42325143557762235,False,0.04797154566547629,False
validation:9.17数据/log_13_2026-9-17-06-52-30.ulg:2:1025,9.17数据/log_13_2026-9-17-06-52-30.ulg,2,1025,51,219145143,219647766,220652932,0.5026229999999999,Sep17,Stabilized,sustained,1,0.028462582788411236,False,0.13553457966030938,False,0.6566045272364319,True,0.11367695001358843,False
validation:9.17数据/log_13_2026-9-17-06-52-30.ulg:2:1075,9.17数据/log_13_2026-9-17-06-52-30.ulg,2,1075,51,220150212,220652932,221648299,0.50272,Sep17,Stabilized,sustained,2,0.020909354728808168,False,0.0736780218148318,False,0.6766272803416472,True,0.25312981914968513,True
validation:9.17数据/log_13_2026-9-17-06-52-30.ulg:2:1125,9.17数据/log_13_2026-9-17-06-52-30.ulg,2,1125,51,221145660,221648299,222643749,0.502639,Sep17,Stabilized,sustained,1,0.11762613614885332,False,0.2252974544201037,True,0.2796043702096337,False,0.18753256977773453,False
validation:9.17数据/log_13_2026-9-17-06-52-30.ulg:2:1175,9.17数据/log_13_2026-9-17-06-52-30.ulg,2,1175,51,222151041,222643749,223649121,0.492708,Sep17,Stabilized,mixed_change,2,0.1405619635705343,False,0.23833473558843013,True,1.4571663643676798,True,0.18858932770751455,False
validation:9.17数据/log_13_2026-9-17-06-52-30.ulg:2:1225,9.17数据/log_13_2026-9-17-06-52-30.ulg,2,1225,51,223146420,223649121,224644518,0.502701,Sep17,Stabilized,sustained,1,0.011917227647045815,False,0.14625004512046413,False,0.6908927566314707,True,0.09236511431891885,False
validation:9.17数据/log_13_2026-9-17-06-52-30.ulg:2:1275,9.17数据/log_13_2026-9-17-06-52-30.ulg,2,1275,51,224151716,224644518,225649870,0.4928019999999999,Sep17,Stabilized,sustained,2,0.003593179331500082,False,0.30706432668707534,True,0.6460262483881359,True,0.08981859006224874,False
validation:9.17数据/log_13_2026-9-17-06-52-30.ulg:2:1325,9.17数据/log_13_2026-9-17-06-52-30.ulg,2,1325,51,225147288,225649870,226645287,0.502582,Sep17,Stabilized,mixed_change,2,0.013603397436510295,False,0.16864856063420194,False,0.7769868064040745,True,0.25519541968627274,True
validation:9.17数据/log_6_2026-9-17-06-02-24.ulg:0:25,9.17数据/log_6_2026-9-17-06-02-24.ulg,0,25,51,276553903,277052892,278060809,0.4989889999999999,Sep17,Stabilized,sustained,4,0.6922757390859239,True,0.9000615360558496,True,1.539626931206915,True,1.8366037724426982,True
validation:9.17数据/log_6_2026-9-17-06-02-24.ulg:0:75,9.17数据/log_6_2026-9-17-06-02-24.ulg,0,75,51,277561900,278060809,279058810,0.498909,Sep17,Stabilized,sustained,4,0.3826740139933952,True,1.0943242409629947,True,1.2319646048410766,True,0.30674853777752753,True
validation:9.17数据/log_6_2026-9-17-06-02-24.ulg:0:125,9.17数据/log_6_2026-9-17-06-02-24.ulg,0,125,51,278559886,279058810,280056710,0.498924,Sep17,Stabilized,lower_change,0,0.16257242903607444,False,0.07981000162952097,False,0.17892781465957333,False,0.20918473745017602,False
validation:9.17数据/log_6_2026-9-17-06-02-24.ulg:0:175,9.17数据/log_6_2026-9-17-06-02-24.ulg,0,175,51,279557781,280056710,281054681,0.4989289999999999,Sep17,Stabilized,sustained,2,0.011893662272287612,False,0.12966282798000406,False,0.7867062713508485,True,0.5465716459505902,True
validation:9.17数据/log_6_2026-9-17-06-02-24.ulg:0:225,9.17数据/log_6_2026-9-17-06-02-24.ulg,0,225,51,280555759,281054681,282062597,0.498922,Sep17,Stabilized,reversing,1,0.016562618895624368,False,0.12965135238064923,False,0.19130997733142205,False,0.28523009495895735,True
validation:9.17数据/log_6_2026-9-17-06-02-24.ulg:0:275,9.17数据/log_6_2026-9-17-06-02-24.ulg,0,275,51,281553634,282062597,283060549,0.5089629999999999,Sep17,Stabilized,lower_change,0,0.02746599621121828,False,0.10077196918800672,False,0.1477451324679324,False,0.12067115092196241,False
validation:9.17数据/log_6_2026-9-17-06-02-24.ulg:0:325,9.17数据/log_6_2026-9-17-06-02-24.ulg,0,325,51,282561587,283060549,284058667,0.4989619999999999,Sep17,Stabilized,sustained,1,0.0,False,0.1908143436507572,True,0.23602054906033665,False,0.07471214664256576,False
validation:9.17数据/log_6_2026-9-17-06-02-24.ulg:0:375,9.17数据/log_6_2026-9-17-06-02-24.ulg,0,375,51,283559525,284058667,285056518,0.499142,Sep17,Stabilized,sustained,2,0.0,False,0.1620274011591362,False,0.9730791853024381,True,0.548268929211433,True
validation:9.17数据/log_6_2026-9-17-06-02-24.ulg:0:425,9.17数据/log_6_2026-9-17-06-02-24.ulg,0,425,51,284557481,285056518,286054396,0.4990369999999999,Sep17,Stabilized,sustained,1,0.0893858027240598,False,0.07587732165939189,False,0.11275861595271958,False,0.28759924916845875,True
validation:9.17数据/log_6_2026-9-17-06-02-24.ulg:0:475,9.17数据/log_6_2026-9-17-06-02-24.ulg,0,475,51,285555430,286054396,287052367,0.4989659999999999,Sep17,Stabilized,lower_change,0,0.004140654723906093,False,0.14771282449297177,False,0.32279739546914726,False,0.1713232449725751,False
validation:9.17数据/log_6_2026-9-17-06-02-24.ulg:0:525,9.17数据/log_6_2026-9-17-06-02-24.ulg,0,525,51,286563349,287052367,288060306,0.4890179999999999,Sep17,Stabilized,sustained,1,0.028687831783387133,False,0.11027906462895512,False,1.3624167452360019,True,0.16041569683609974,False
validation:9.17数据/log_6_2026-9-17-06-02-24.ulg:0:575,9.17数据/log_6_2026-9-17-06-02-24.ulg,0,575,51,287561361,288060306,289058268,0.4989449999999999,Sep17,Stabilized,sustained,2,0.0,False,0.4539608411668791,True,0.3515658402762015,False,0.2525780856160178,True
validation:9.17数据/log_6_2026-9-17-06-02-24.ulg:0:625,9.17数据/log_6_2026-9-17-06-02-24.ulg,0,625,51,288559293,289058268,290056236,0.498975,Sep17,Stabilized,sustained,2,0.01851776402404814,False,0.3679477194437975,True,0.8617172820559744,True,0.2235023818521755,False
validation:9.17数据/log_6_2026-9-17-06-02-24.ulg:0:675,9.17数据/log_6_2026-9-17-06-02-24.ulg,0,675,51,289559734,290056236,291054168,0.496502,Sep17,Stabilized,lower_change,0,0.005071245637307343,False,0.09544785110326476,False,0.17010282684497255,False,0.04669980773102084,False
validation:9.17数据/log_6_2026-9-17-06-02-24.ulg:0:725,9.17数据/log_6_2026-9-17-06-02-24.ulg,0,725,51,290555171,291054168,292062181,0.4989969999999999,Sep17,Stabilized,lower_change,0,0.15730595495068275,False,0.09723890145897429,False,0.3834975831980067,False,0.0892223625348429,False
validation:9.17数据/log_6_2026-9-17-06-02-24.ulg:0:775,9.17数据/log_6_2026-9-17-06-02-24.ulg,0,775,51,291553117,292062181,293060134,0.509064,Sep17,Stabilized,reversing,1,0.005477804543417984,False,0.13905815371380603,False,0.7381455140065382,True,0.06179327265021577,False
validation:9.17数据/log_6_2026-9-17-06-02-24.ulg:1:25,9.17数据/log_6_2026-9-17-06-02-24.ulg,1,25,51,293239683,293738743,294736639,0.49906,Sep17,Mission,sustained,3,0.2870537294768031,False,0.22226067092099194,True,1.0327378318159801,True,0.3668151262672724,True
validation:9.17数据/log_6_2026-9-17-06-02-24.ulg:1:75,9.17数据/log_6_2026-9-17-06-02-24.ulg,1,75,51,294237643,294736639,295734596,0.498996,Sep17,Mission,sustained,2,0.38186119863215023,True,0.08077822692229748,False,0.17633021729060114,False,0.2420868660074092,True
validation:9.17数据/log_6_2026-9-17-06-02-24.ulg:1:125,9.17数据/log_6_2026-9-17-06-02-24.ulg,1,125,51,295235673,295734596,296732519,0.4989229999999999,Sep17,Mission,sustained,1,0.1323829078294165,False,0.35999877160878424,True,0.1907034686978238,False,0.09513154250369382,False
validation:9.17数据/log_6_2026-9-17-06-02-24.ulg:1:175,9.17数据/log_6_2026-9-17-06-02-24.ulg,1,175,51,296233550,296732519,297740441,0.498969,Sep17,Mission,lower_change,0,0.2465301526675598,False,0.1335699443676867,False,0.0735112000622604,False,0.03945340845504413,False
validation:9.17数据/log_6_2026-9-17-06-02-24.ulg:1:225,9.17数据/log_6_2026-9-17-06-02-24.ulg,1,225,51,297241480,297740441,298738397,0.498961,Sep17,Mission,sustained,1,0.36338857826685633,True,0.12041890354856905,False,0.4423638167682308,False,0.15999526113568066,False
validation:9.17数据/log_6_2026-9-17-06-02-24.ulg:1:275,9.17数据/log_6_2026-9-17-06-02-24.ulg,1,275,51,298239517,298738397,299736372,0.49888,Sep17,Mission,lower_change,0,0.09247365309759258,False,0.08482526848457513,False,0.10297183177211808,False,0.04709882535126997,False
validation:9.17数据/log_6_2026-9-17-06-02-24.ulg:1:325,9.17数据/log_6_2026-9-17-06-02-24.ulg,1,325,51,299237423,299736372,300734305,0.498949,Sep17,Mission,lower_change,0,0.08149259531622957,False,0.08315632038558532,False,0.4069891161354522,False,0.15875946175447883,False
validation:9.17数据/log_6_2026-9-17-06-02-24.ulg:1:375,9.17数据/log_6_2026-9-17-06-02-24.ulg,1,375,51,300235339,300734305,301742254,0.4989659999999999,Sep17,Mission,lower_change,0,0.12325958783609135,False,0.10952984522937102,False,0.20814216917205625,False,0.08402658330382305,False
validation:9.17数据/log_6_2026-9-17-06-02-24.ulg:1:425,9.17数据/log_6_2026-9-17-06-02-24.ulg,1,425,51,301233326,301742254,302740274,0.5089279999999999,Sep17,Mission,lower_change,0,0.12901337492172985,False,0.13414731929814888,False,0.2865661287844799,False,0.11131267915444211,False
validation:9.17数据/log_6_2026-9-17-06-02-24.ulg:1:475,9.17数据/log_6_2026-9-17-06-02-24.ulg,1,475,51,302241298,302740274,303738235,0.498976,Sep17,Mission,lower_change,0,0.057209861258983946,False,0.10734235541409086,False,0.41606924876778073,False,0.15982979208776052,False
validation:9.17数据/log_6_2026-9-17-06-02-24.ulg:1:525,9.17数据/log_6_2026-9-17-06-02-24.ulg,1,525,51,303239234,303738235,304736219,0.499001,Sep17,Mission,sustained,1,0.03526787389797423,False,0.1039659124760384,False,0.6008007236425079,True,0.17305293135014754,False
validation:9.17数据/log_6_2026-9-17-06-02-24.ulg:1:575,9.17数据/log_6_2026-9-17-06-02-24.ulg,1,575,51,304237230,304736219,305734177,0.4989889999999999,Sep17,Mission,sustained,1,0.13605130966004794,False,0.17678237895898274,False,0.5276720268596928,True,0.09143909932002556,False
validation:9.17数据/log_6_2026-9-17-06-02-24.ulg:1:625,9.17数据/log_6_2026-9-17-06-02-24.ulg,1,625,51,305235137,305734177,306732089,0.49904,Sep17,Mission,sustained,2,0.3771569225043953,True,0.08201900208336478,False,0.5314686359255966,True,0.19565563000064093,False
validation:9.17数据/log_6_2026-9-17-06-02-24.ulg:1:675,9.17数据/log_6_2026-9-17-06-02-24.ulg,1,675,51,306233097,306732089,307739957,0.498992,Sep17,Mission,lower_change,0,0.1796486102464156,False,0.11860810774221806,False,0.132603106737706,False,0.04627034468505611,False
validation:9.17数据/log_6_2026-9-17-06-02-24.ulg:1:725,9.17数据/log_6_2026-9-17-06-02-24.ulg,1,725,51,307241070,307739957,308737921,0.4988869999999999,Sep17,Mission,lower_change,0,0.1878303805339077,False,0.13114764576602161,False,0.3733870441748918,False,0.06983637193888353,False
validation:9.17数据/log_6_2026-9-17-06-02-24.ulg:1:775,9.17数据/log_6_2026-9-17-06-02-24.ulg,1,775,51,308239009,308737921,309735862,0.4989119999999999,Sep17,Mission,lower_change,0,0.2530275129073689,False,0.11745062796132388,False,0.19682755516206138,False,0.0654860927854479,False
validation:9.17数据/log_6_2026-9-17-06-02-24.ulg:1:825,9.17数据/log_6_2026-9-17-06-02-24.ulg,1,825,51,309236940,309735862,310733818,0.498922,Sep17,Mission,lower_change,0,0.04369627689059382,False,0.07731983113174284,False,0.2777181551317396,False,0.10431137235470929,False
validation:9.17数据/log_6_2026-9-17-06-02-24.ulg:1:875,9.17数据/log_6_2026-9-17-06-02-24.ulg,1,875,51,310234900,310733818,311741759,0.498918,Sep17,Mission,lower_change,0,0.2581504003665157,False,0.1638742967228125,False,0.274932247561475,False,0.09207899812640287,False
validation:9.17数据/log_6_2026-9-17-06-02-24.ulg:1:925,9.17数据/log_6_2026-9-17-06-02-24.ulg,1,925,51,311232859,311741759,312739715,0.5089,Sep17,Mission,lower_change,0,0.22940576524577974,False,0.15983948296284242,False,0.12506907100602374,False,0.07515033146193849,False
validation:9.17数据/log_6_2026-9-17-06-02-24.ulg:1:975,9.17数据/log_6_2026-9-17-06-02-24.ulg,1,975,51,312240831,312739715,313737770,0.498884,Sep17,Mission,sustained,2,0.22281260597349423,False,0.29227768311084407,True,0.5499513110530032,True,0.1711473799109325,False
validation:9.17数据/log_6_2026-9-17-06-02-24.ulg:1:1025,9.17数据/log_6_2026-9-17-06-02-24.ulg,1,1025,51,313238765,313737770,314735627,0.499005,Sep17,Mission,sustained,1,0.3541013551099981,True,0.13797956236089337,False,0.2562523715352573,False,0.13173028061216854,False
validation:9.17数据/log_6_2026-9-17-06-02-24.ulg:1:1075,9.17数据/log_6_2026-9-17-06-02-24.ulg,1,1075,51,314236770,314735627,315733585,0.498857,Sep17,Mission,sustained,1,0.17612989597431755,False,0.07907721288845479,False,0.25047972852212397,False,0.3798153991911011,True
validation:9.17数据/log_6_2026-9-17-06-02-24.ulg:1:1125,9.17数据/log_6_2026-9-17-06-02-24.ulg,1,1125,51,315234664,315733585,316731574,0.498921,Sep17,Mission,sustained,1,0.11197762675306445,False,0.12422526333232613,False,0.4191672828963432,False,0.24676960976972856,True
validation:9.17数据/log_6_2026-9-17-06-02-24.ulg:1:1175,9.17数据/log_6_2026-9-17-06-02-24.ulg,1,1175,51,316242674,316731574,317739468,0.4889,Sep17,Mission,sustained,1,0.3981153452860683,True,0.15102398582727097,False,0.1838306666532894,False,0.09576008423757064,False
validation:9.17数据/log_6_2026-9-17-06-02-24.ulg:1:1225,9.17数据/log_6_2026-9-17-06-02-24.ulg,1,1225,51,317240665,317739468,318737431,0.498803,Sep17,Mission,sustained,1,0.22513436123190775,False,0.08433655343381127,False,1.1935959200476414,True,0.08888466331912627,False
validation:9.17数据/log_6_2026-9-17-06-02-24.ulg:1:1275,9.17数据/log_6_2026-9-17-06-02-24.ulg,1,1275,51,318238620,318737431,319735404,0.498811,Sep17,Mission,lower_change,0,0.06607875655335539,False,0.09343594158753425,False,0.18640725584645418,False,0.13330832692218525,False
validation:9.17数据/log_6_2026-9-17-06-02-24.ulg:1:1325,9.17数据/log_6_2026-9-17-06-02-24.ulg,1,1325,51,319236551,319735404,320733334,0.498853,Sep17,Mission,sustained,2,0.053856566479917996,False,0.09089918628259311,False,0.6945794038247433,True,0.3780309349847255,True
validation:9.17数据/log_6_2026-9-17-06-02-24.ulg:1:1375,9.17数据/log_6_2026-9-17-06-02-24.ulg,1,1375,51,320234511,320733334,321741349,0.4988229999999999,Sep17,Mission,lower_change,0,0.1785796563145032,False,0.13121410909975897,False,0.45245935831821854,False,0.11250281075436916,False
validation:9.17数据/log_6_2026-9-17-06-02-24.ulg:1:1425,9.17数据/log_6_2026-9-17-06-02-24.ulg,1,1425,51,321232545,321741349,322739216,0.5088039999999999,Sep17,Mission,lower_change,0,0.26276517197726956,False,0.11029036763498988,False,0.3206486555197857,False,0.07940487985226474,False
validation:9.17数据/log_6_2026-9-17-06-02-24.ulg:1:1475,9.17数据/log_6_2026-9-17-06-02-24.ulg,1,1475,51,322240282,322739216,323737200,0.498934,Sep17,Mission,lower_change,0,0.18630204907286116,False,0.12649166997343167,False,0.45204947831755143,False,0.13584823748670324,False
validation:9.17数据/log_6_2026-9-17-06-02-24.ulg:1:1525,9.17数据/log_6_2026-9-17-06-02-24.ulg,1,1525,51,323238256,323737200,324735134,0.498944,Sep17,Mission,lower_change,0,0.16359156957837698,False,0.10703681917226773,False,0.3774261169608673,False,0.08211902440369932,False
validation:9.17数据/log_6_2026-9-17-06-02-24.ulg:1:1575,9.17数据/log_6_2026-9-17-06-02-24.ulg,1,1575,51,324236201,324735134,325733151,0.4989329999999999,Sep17,Mission,sustained,1,0.3818694507517036,True,0.16793545864860782,False,0.19492909326322017,False,0.08151577570940735,False
validation:9.17数据/log_6_2026-9-17-06-02-24.ulg:1:1625,9.17数据/log_6_2026-9-17-06-02-24.ulg,1,1625,51,325234193,325733151,326741038,0.4989579999999999,Sep17,Mission,sustained,1,0.3882795404888824,True,0.08324006859631135,False,0.19635563385573185,False,0.15600646403737664,False
validation:9.17数据/log_6_2026-9-17-06-02-24.ulg:1:1675,9.17数据/log_6_2026-9-17-06-02-24.ulg,1,1675,51,326242113,326741038,327739013,0.4989249999999999,Sep17,Mission,sustained,3,0.36252916325567947,True,0.1827536098882363,True,0.5799135972814907,True,0.10399805471441032,False
validation:9.17数据/log_6_2026-9-17-06-02-24.ulg:1:1725,9.17数据/log_6_2026-9-17-06-02-24.ulg,1,1725,51,327240026,327739013,328736935,0.4989869999999999,Sep17,Mission,lower_change,0,0.0769872932196087,False,0.15941058359218555,False,0.4142153829600099,False,0.1148692312221922,False
validation:9.17数据/log_6_2026-9-17-06-02-24.ulg:1:1775,9.17数据/log_6_2026-9-17-06-02-24.ulg,1,1775,51,328237960,328736935,329734959,0.498975,Sep17,Mission,lower_change,0,0.0647865748148276,False,0.1266679963958512,False,0.4118341246916027,False,0.16543000976742542,False
validation:9.17数据/log_6_2026-9-17-06-02-24.ulg:1:1825,9.17数据/log_6_2026-9-17-06-02-24.ulg,1,1825,51,329235948,329734959,330732912,0.499011,Sep17,Mission,sustained,2,0.3817603324637046,True,0.08121036214068378,False,0.6805660579546209,True,0.06583234181610834,False
validation:9.17数据/log_6_2026-9-17-06-02-24.ulg:1:1875,9.17数据/log_6_2026-9-17-06-02-24.ulg,1,1875,51,330243851,330732912,331740779,0.4890609999999999,Sep17,Mission,sustained,2,0.39560675909751053,True,0.10521146233888508,False,0.6169007021058672,True,0.0958076072011495,False
validation:9.17数据/log_6_2026-9-17-06-02-24.ulg:1:1925,9.17数据/log_6_2026-9-17-06-02-24.ulg,1,1925,51,331231821,331740779,332738796,0.508958,Sep17,Mission,lower_change,0,0.2360196596772797,False,0.1708206792576315,False,0.15674327867867116,False,0.10140278864180337,False
validation:9.17数据/log_6_2026-9-17-06-02-24.ulg:1:1975,9.17数据/log_6_2026-9-17-06-02-24.ulg,1,1975,51,332239788,332738796,333736724,0.4990079999999999,Sep17,Mission,sustained,1,0.28119124428648007,False,0.12622989176778418,False,0.4773935671768169,False,0.2699789643490851,True
validation:9.17数据/log_6_2026-9-17-06-02-24.ulg:1:2025,9.17数据/log_6_2026-9-17-06-02-24.ulg,1,2025,51,333237785,333736724,334734649,0.4989389999999999,Sep17,Mission,lower_change,0,0.0993672623805081,False,0.09342762773178862,False,0.4420758209512286,False,0.0931480821878399,False
validation:9.17数据/log_6_2026-9-17-06-02-24.ulg:1:2075,9.17数据/log_6_2026-9-17-06-02-24.ulg,1,2075,51,334235683,334734649,335732601,0.4989659999999999,Sep17,Mission,mixed_change,1,0.12653083625144484,False,0.3143732236407166,True,0.32780547179672254,False,0.1698758673737811,False
validation:9.17数据/log_6_2026-9-17-06-02-24.ulg:1:2125,9.17数据/log_6_2026-9-17-06-02-24.ulg,1,2125,51,335233687,335732601,336740539,0.4989139999999999,Sep17,Mission,sustained,1,0.34158615881143145,True,0.1664823844002644,False,0.42800601331150107,False,0.22523124210537754,False
validation:9.17数据/log_6_2026-9-17-06-02-24.ulg:1:2175,9.17数据/log_6_2026-9-17-06-02-24.ulg,1,2175,51,336241559,336740539,337738567,0.49898,Sep17,Mission,sustained,1,0.06233840416794442,False,0.07749068372468532,False,0.8230753875437882,True,0.1039664353325573,False
validation:9.17数据/log_6_2026-9-17-06-02-24.ulg:1:2225,9.17数据/log_6_2026-9-17-06-02-24.ulg,1,2225,51,337239502,337738567,338736491,0.499065,Sep17,Mission,lower_change,0,0.05269474000974039,False,0.09347289015194589,False,0.3950964184674295,False,0.18575670324164126,False
validation:9.17数据/log_6_2026-9-17-06-02-24.ulg:1:2275,9.17数据/log_6_2026-9-17-06-02-24.ulg,1,2275,51,338237470,338736491,339734426,0.499021,Sep17,Mission,lower_change,0,0.15182789706692876,False,0.1641516308056902,False,0.2100443149944172,False,0.13615094419624493,False
validation:9.17数据/log_6_2026-9-17-06-02-24.ulg:1:2325,9.17数据/log_6_2026-9-17-06-02-24.ulg,1,2325,51,339235440,339734426,340742460,0.498986,Sep17,Mission,lower_change,0,0.24746100161761447,False,0.06553390687307614,False,0.15846797894473277,False,0.05541500035292979,False
validation:9.17数据/log_6_2026-9-17-06-02-24.ulg:1:2375,9.17数据/log_6_2026-9-17-06-02-24.ulg,1,2375,51,340243372,340742460,341740301,0.499088,Sep17,Mission,sustained,1,0.3747035900656554,True,0.12309894849311524,False,0.38773869008482276,False,0.1015265381601576,False
validation:9.17数据/log_6_2026-9-17-06-02-24.ulg:1:2425,9.17数据/log_6_2026-9-17-06-02-24.ulg,1,2425,51,341231326,341740301,342738243,0.508975,Sep17,Mission,sustained,1,0.37216540396155173,True,0.1175615497209904,False,0.3120339689046413,False,0.20259278940585443,False
validation:9.17数据/log_6_2026-9-17-06-02-24.ulg:1:2475,9.17数据/log_6_2026-9-17-06-02-24.ulg,1,2475,51,342239257,342738243,343736196,0.498986,Sep17,Mission,lower_change,0,0.22777236754660235,False,0.12375748693387464,False,0.4539157846325541,False,0.18010165552910887,False
validation:9.17数据/log_6_2026-9-17-06-02-24.ulg:1:2525,9.17数据/log_6_2026-9-17-06-02-24.ulg,1,2525,51,343237235,343736196,344734221,0.498961,Sep17,Mission,sustained,1,0.3818228269966672,True,0.09964630247646565,False,0.30016877561757893,False,0.07476449968809651,False
validation:9.17数据/log_6_2026-9-17-06-02-24.ulg:1:2575,9.17数据/log_6_2026-9-17-06-02-24.ulg,1,2575,51,344235173,344734221,345732096,0.499048,Sep17,Mission,lower_change,0,0.1410251700020672,False,0.08148855895947216,False,0.24386249930938617,False,0.09049212406263253,False
validation:9.17数据/log_6_2026-9-17-06-02-24.ulg:1:2625,9.17数据/log_6_2026-9-17-06-02-24.ulg,1,2625,51,345233153,345732096,346740048,0.4989429999999999,Sep17,Mission,sustained,1,0.15693539773333204,False,0.19613093878462537,True,0.16004606877784053,False,0.10309709881712449,False
validation:9.17数据/log_6_2026-9-17-06-02-24.ulg:1:2675,9.17数据/log_6_2026-9-17-06-02-24.ulg,1,2675,51,346241056,346740048,347738089,0.498992,Sep17,Mission,lower_change,0,0.08106349375179164,False,0.09514518397546896,False,0.232069075607907,False,0.09581675176056824,False
validation:9.17数据/log_6_2026-9-17-06-02-24.ulg:1:2725,9.17数据/log_6_2026-9-17-06-02-24.ulg,1,2725,51,347239001,347738089,348735980,0.499088,Sep17,Mission,lower_change,0,0.23591910893978293,False,0.14151996056003574,False,0.27163505777997676,False,0.06254589255107244,False
validation:9.17数据/log_6_2026-9-17-06-02-24.ulg:1:2775,9.17数据/log_6_2026-9-17-06-02-24.ulg,1,2775,51,348236958,348735980,349733971,0.4990219999999999,Sep17,Mission,lower_change,0,0.25602485422558696,False,0.08088680338068482,False,0.15085089266261764,False,0.08863762765458962,False
validation:9.17数据/log_6_2026-9-17-06-02-24.ulg:1:2825,9.17数据/log_6_2026-9-17-06-02-24.ulg,1,2825,51,349234907,349733971,350741818,0.4990639999999999,Sep17,Mission,lower_change,0,0.12866692622434053,False,0.13800518436587816,False,0.11101723322100471,False,0.06324500469168025,False
validation:9.17数据/log_6_2026-9-17-06-02-24.ulg:1:2875,9.17数据/log_6_2026-9-17-06-02-24.ulg,1,2875,51,350242829,350741818,351739760,0.4989889999999999,Sep17,Mission,lower_change,0,0.12198448997670865,False,0.11352761491318705,False,0.138498754833845,False,0.1664353740990875,False
validation:9.17数据/log_6_2026-9-17-06-02-24.ulg:1:2925,9.17数据/log_6_2026-9-17-06-02-24.ulg,1,2925,51,351240848,351739760,352737734,0.4989119999999999,Sep17,Mission,lower_change,0,0.15833568069194015,False,0.14772535882729,False,0.23857303117777434,False,0.1285827954443127,False
validation:9.17数据/log_6_2026-9-17-06-02-24.ulg:1:2975,9.17数据/log_6_2026-9-17-06-02-24.ulg,1,2975,51,352238793,352737734,353735668,0.4989409999999999,Sep17,Mission,sustained,1,0.3820029187089917,True,0.10278664882848297,False,0.4924768081804792,False,0.13172365276874456,False
validation:9.17数据/log_6_2026-9-17-06-02-24.ulg:1:3025,9.17数据/log_6_2026-9-17-06-02-24.ulg,1,3025,51,353236726,353735668,354743658,0.498942,Sep17,Mission,sustained,1,0.1854574407422675,False,0.36080588464547814,True,0.39229703938701943,False,0.11479421319444096,False
validation:9.17数据/log_6_2026-9-17-06-02-24.ulg:1:3075,9.17数据/log_6_2026-9-17-06-02-24.ulg,1,3075,51,354234642,354743658,355731570,0.509016,Sep17,Mission,sustained,1,0.3660218369571595,True,0.08546634018698646,False,0.4628139949837272,False,0.18403599962030776,False
validation:9.17数据/log_6_2026-9-17-06-02-24.ulg:1:3125,9.17数据/log_6_2026-9-17-06-02-24.ulg,1,3125,51,355232585,355731570,356739646,0.4989849999999999,Sep17,Mission,sustained,1,0.39850219468074083,True,0.14119244120779287,False,0.1328141491849688,False,0.061621129642225714,False
validation:9.17数据/log_6_2026-9-17-06-02-24.ulg:1:3175,9.17数据/log_6_2026-9-17-06-02-24.ulg,1,3175,51,356240533,356739646,357737508,0.499113,Sep17,Mission,mixed_change,1,0.37325813071663594,True,0.15653441548283384,False,0.2812048407462312,False,0.11173344720911271,False
validation:9.17数据/log_6_2026-9-17-06-02-24.ulg:1:3225,9.17数据/log_6_2026-9-17-06-02-24.ulg,1,3225,51,357238532,357737508,358735487,0.498976,Sep17,Mission,sustained,1,0.3818480198156867,True,0.12033254090331161,False,0.17263369387041644,False,0.10588339630717243,False
validation:9.17数据/log_6_2026-9-17-06-02-24.ulg:1:3275,9.17数据/log_6_2026-9-17-06-02-24.ulg,1,3275,51,358236423,358735487,359733389,0.4990639999999999,Sep17,Mission,sustained,2,0.12767464797239486,False,0.26585315108729834,True,0.4515905733488358,False,0.2340553480698299,True
validation:9.17数据/log_6_2026-9-17-06-02-24.ulg:1:3325,9.17数据/log_6_2026-9-17-06-02-24.ulg,1,3325,51,359234462,359733389,360741303,0.4989269999999999,Sep17,Mission,sustained,2,0.391540491702361,True,0.11310281169354025,False,0.7361562907917135,True,0.05536593404081313,False
validation:9.17数据/log_6_2026-9-17-06-02-24.ulg:1:3375,9.17数据/log_6_2026-9-17-06-02-24.ulg,1,3375,51,360242283,360741303,361739300,0.4990199999999999,Sep17,Mission,sustained,1,0.37411042668498434,True,0.13075897003860765,False,0.4543854241215906,False,0.09084583710710066,False
validation:9.17数据/log_6_2026-9-17-06-02-24.ulg:1:3425,9.17数据/log_6_2026-9-17-06-02-24.ulg,1,3425,51,361240239,361739300,362737256,0.499061,Sep17,Mission,sustained,1,0.3817252956302844,True,0.12980987231173957,False,0.43796565176025576,False,0.09660541784445564,False
validation:9.17数据/log_6_2026-9-17-06-02-24.ulg:1:3475,9.17数据/log_6_2026-9-17-06-02-24.ulg,1,3475,51,362238215,362737256,363735215,0.4990409999999999,Sep17,Mission,lower_change,0,0.07180838974628193,False,0.13440827977831565,False,0.22359148460921727,False,0.18737221257836878,False
validation:9.17数据/log_6_2026-9-17-06-02-24.ulg:1:3525,9.17数据/log_6_2026-9-17-06-02-24.ulg,1,3525,51,363236134,363735215,364743107,0.499081,Sep17,Mission,sustained,1,0.11188231330072029,False,0.15083532937747998,False,0.7195274278559876,True,0.11030197842079037,False
validation:9.17数据/log_6_2026-9-17-06-02-24.ulg:1:3575,9.17数据/log_6_2026-9-17-06-02-24.ulg,1,3575,51,364234090,364743107,365731052,0.5090169999999999,Sep17,Mission,lower_change,0,0.13607989824145028,False,0.09938615587016066,False,0.1320303886773658,False,0.07086224940027887,False
validation:9.17数据/log_6_2026-9-17-06-02-24.ulg:1:3625,9.17数据/log_6_2026-9-17-06-02-24.ulg,1,3625,51,365242087,365731052,366738997,0.488965,Sep17,Mission,sustained,1,0.1293127984794811,False,0.13291412599989597,False,0.4868029156477833,False,0.4709142661514417,True
validation:9.17数据/log_6_2026-9-17-06-02-24.ulg:1:3675,9.17数据/log_6_2026-9-17-06-02-24.ulg,1,3675,51,366240015,366738997,367736970,0.498982,Sep17,Mission,sustained,1,0.2606393141249532,False,0.14848881403815858,False,0.46189634658473977,False,0.25557181016369596,True
validation:9.17数据/log_6_2026-9-17-06-02-24.ulg:1:3725,9.17数据/log_6_2026-9-17-06-02-24.ulg,1,3725,51,367237947,367736970,368734913,0.499023,Sep17,Mission,lower_change,0,0.2924469324981372,False,0.1138160175837099,False,0.2653262694736129,False,0.12508585059672267,False
validation:9.17数据/log_6_2026-9-17-06-02-24.ulg:1:3775,9.17数据/log_6_2026-9-17-06-02-24.ulg,1,3775,51,368235865,368734913,369732853,0.499048,Sep17,Mission,lower_change,0,0.16317298230114685,False,0.10235807576393385,False,0.34200017330539256,False,0.20590705689024894,False
validation:9.17数据/log_6_2026-9-17-06-02-24.ulg:1:3825,9.17数据/log_6_2026-9-17-06-02-24.ulg,1,3825,51,369233810,369732853,370740791,0.4990429999999999,Sep17,Mission,lower_change,0,0.21898193766100982,False,0.16142965118894692,False,0.14751977601145927,False,0.07804413181640187,False
validation:9.17数据/log_6_2026-9-17-06-02-24.ulg:1:3875,9.17数据/log_6_2026-9-17-06-02-24.ulg,1,3875,51,370241741,370740791,371738770,0.49905,Sep17,Mission,lower_change,0,0.08013969777680273,False,0.10012385307508424,False,0.15217723086880647,False,0.10447856713604162,False
validation:9.17数据/log_6_2026-9-17-06-02-24.ulg:1:3925,9.17数据/log_6_2026-9-17-06-02-24.ulg,1,3925,51,371239800,371738770,372736682,0.4989699999999999,Sep17,Mission,sustained,1,0.38172643907276027,True,0.12966252500536515,False,0.12751539551825564,False,0.04768838306046262,False
validation:9.17数据/log_6_2026-9-17-06-02-24.ulg:1:3975,9.17数据/log_6_2026-9-17-06-02-24.ulg,1,3975,51,372237659,372736682,373734602,0.499023,Sep17,Mission,lower_change,0,0.13107747516317883,False,0.11602110240433927,False,0.3245808882861431,False,0.09435744528529194,False
validation:9.17数据/log_6_2026-9-17-06-02-24.ulg:1:4025,9.17数据/log_6_2026-9-17-06-02-24.ulg,1,4025,51,373235573,373734602,374742466,0.499029,Sep17,Mission,lower_change,0,0.276630230604833,False,0.17062741076355367,False,0.16850995641677746,False,0.044294827524762964,False
validation:9.17数据/log_6_2026-9-17-06-02-24.ulg:1:4075,9.17数据/log_6_2026-9-17-06-02-24.ulg,1,4075,51,374233572,374742466,375740433,0.508894,Sep17,Mission,lower_change,0,0.10875456257633054,False,0.09790547567373913,False,0.15820718256831406,False,0.0707413660860855,False
validation:9.17数据/log_6_2026-9-17-06-02-24.ulg:1:4125,9.17数据/log_6_2026-9-17-06-02-24.ulg,1,4125,51,375241431,375740433,376738400,0.499002,Sep17,Mission,lower_change,0,0.26619314726542653,False,0.13201651541106801,False,0.11867755459016299,False,0.04781440360474803,False
validation:9.17数据/log_6_2026-9-17-06-02-24.ulg:1:4175,9.17数据/log_6_2026-9-17-06-02-24.ulg,1,4175,51,376239381,376738400,377736352,0.499019,Sep17,Mission,sustained,1,0.38183111613692744,True,0.10719099650648349,False,0.10599302916579893,False,0.10389695306048638,False
validation:9.17数据/log_6_2026-9-17-06-02-24.ulg:1:4225,9.17数据/log_6_2026-9-17-06-02-24.ulg,1,4225,51,377237341,377736352,378734267,0.499011,Sep17,Mission,lower_change,0,0.25526401477563665,False,0.0996113693871385,False,0.3119362971831645,False,0.13835673643538152,False
validation:9.17数据/log_6_2026-9-17-06-02-24.ulg:1:4275,9.17数据/log_6_2026-9-17-06-02-24.ulg,1,4275,51,378235295,378734267,379732190,0.4989719999999999,Sep17,Mission,lower_change,0,0.13444036376065502,False,0.10711831914872097,False,0.2120603676026112,False,0.11322619935800735,False
validation:9.17数据/log_6_2026-9-17-06-02-24.ulg:1:4325,9.17数据/log_6_2026-9-17-06-02-24.ulg,1,4325,51,379243232,379732190,380740152,0.488958,Sep17,Mission,lower_change,0,0.12192629619636533,False,0.1282103420617532,False,0.13057519614516236,False,0.07269942056788739,False
validation:9.17数据/log_6_2026-9-17-06-02-24.ulg:1:4375,9.17数据/log_6_2026-9-17-06-02-24.ulg,1,4375,51,380241149,380740152,381738081,0.499003,Sep17,Mission,sustained,1,0.35328568160364604,True,0.10521315377024207,False,0.23503046146754006,False,0.21155825092229613,False
validation:9.17数据/log_6_2026-9-17-06-02-24.ulg:1:4425,9.17数据/log_6_2026-9-17-06-02-24.ulg,1,4425,51,381239168,381738081,382736068,0.498913,Sep17,Mission,sustained,1,0.20050416912868757,False,0.19038840293347403,True,0.1605896585675259,False,0.08416144916265292,False
validation:9.17数据/log_6_2026-9-17-06-02-24.ulg:1:4475,9.17数据/log_6_2026-9-17-06-02-24.ulg,1,4475,51,382237113,382736068,383734010,0.498955,Sep17,Mission,lower_change,0,0.08570913812790087,False,0.0816189796188232,False,0.4251024295429691,False,0.1350247694025399,False
validation:9.17数据/log_6_2026-9-17-06-02-24.ulg:1:4525,9.17数据/log_6_2026-9-17-06-02-24.ulg,1,4525,51,383234977,383734010,384741878,0.499033,Sep17,Mission,lower_change,0,0.16707802269749966,False,0.1432568670993459,False,0.163380652902284,False,0.06084310624914427,False
validation:9.17数据/log_6_2026-9-17-06-02-24.ulg:1:4575,9.17数据/log_6_2026-9-17-06-02-24.ulg,1,4575,51,384232920,384741878,385739827,0.508958,Sep17,Mission,sustained,1,0.3305323261684204,True,0.09205588939724284,False,0.17662724403472324,False,0.07496951289350849,False
validation:9.17数据/log_6_2026-9-17-06-02-24.ulg:1:4625,9.17数据/log_6_2026-9-17-06-02-24.ulg,1,4625,51,385240879,385739827,386737817,0.498948,Sep17,Mission,lower_change,0,0.22171187185008964,False,0.14309788322508812,False,0.2622667457351806,False,0.07157131279564447,False
validation:9.17数据/log_6_2026-9-17-06-02-24.ulg:1:4675,9.17数据/log_6_2026-9-17-06-02-24.ulg,1,4675,51,386238805,386737817,387735754,0.4990119999999999,Sep17,Mission,lower_change,0,0.2742144782898259,False,0.10478797498500837,False,0.2213068210447513,False,0.11067108775342122,False
validation:9.17数据/log_6_2026-9-17-06-02-24.ulg:1:4725,9.17数据/log_6_2026-9-17-06-02-24.ulg,1,4725,51,387236742,387735754,388733718,0.4990119999999999,Sep17,Mission,lower_change,0,0.07035532408110369,False,0.14637725432218812,False,0.32005767423829945,False,0.22178154381018697,False
validation:9.17数据/log_6_2026-9-17-06-02-24.ulg:1:4775,9.17数据/log_6_2026-9-17-06-02-24.ulg,1,4775,51,388234709,388733718,389741590,0.499009,Sep17,Mission,lower_change,0,0.09965017211913642,False,0.14533087330391792,False,0.1895363441426481,False,0.18315068387898226,False
validation:9.17数据/log_6_2026-9-17-06-02-24.ulg:2:25,9.17数据/log_6_2026-9-17-06-02-24.ulg,2,25,51,390460123,390959133,391957047,0.4990099999999999,Sep17,Stabilized,sustained,1,0.6797006034924093,True,0.11201920424092485,False,0.4422955073764048,False,0.05205073817646575,False
validation:9.17数据/log_6_2026-9-17-06-02-24.ulg:2:75,9.17数据/log_6_2026-9-17-06-02-24.ulg,2,75,51,391458188,391957047,392955064,0.498859,Sep17,Stabilized,lower_change,0,0.22404791476597305,False,0.15755134356437975,False,0.22707213949660626,False,0.09125708995527543,False
validation:9.17数据/log_6_2026-9-17-06-02-24.ulg:2:125,9.17数据/log_6_2026-9-17-06-02-24.ulg,2,125,51,392456017,392955064,393952908,0.4990469999999999,Sep17,Stabilized,sustained,1,0.012421964171718276,False,0.18215168289288977,True,0.4432297243195546,False,0.175979041908563,False
validation:9.17数据/log_6_2026-9-17-06-02-24.ulg:2:175,9.17数据/log_6_2026-9-17-06-02-24.ulg,2,175,51,393453958,393952908,394960844,0.49895,Sep17,Stabilized,sustained,2,0.022679739289277977,False,0.18674783678839155,True,0.2087886468494073,False,0.25029700266193716,True
validation:9.17数据/log_6_2026-9-17-06-02-24.ulg:2:225,9.17数据/log_6_2026-9-17-06-02-24.ulg,2,225,51,394461955,394960844,395958776,0.4988889999999999,Sep17,Stabilized,mixed_change,3,0.014193665305444747,False,0.25173982644547716,True,0.6002027888320399,True,0.34124401501781826,True
validation:9.17数据/log_6_2026-9-17-06-02-24.ulg:2:275,9.17数据/log_6_2026-9-17-06-02-24.ulg,2,275,51,395459907,395958776,396956720,0.4988689999999999,Sep17,Stabilized,sustained,1,0.19959333896157633,False,0.2149772854301855,True,0.36951369336996953,False,0.06545638415415067,False
validation:9.17数据/log_6_2026-9-17-06-02-24.ulg:2:325,9.17数据/log_6_2026-9-17-06-02-24.ulg,2,325,51,396457851,396956720,397954665,0.4988689999999999,Sep17,Stabilized,sustained,2,0.01867068692156488,False,0.08938923708907416,False,0.6082762651161743,True,0.3747840099761479,True
validation:9.17数据/log_6_2026-9-17-06-02-24.ulg:2:375,9.17数据/log_6_2026-9-17-06-02-24.ulg,2,375,51,397455739,397954665,398962644,0.498926,Sep17,Stabilized,sustained,4,0.3125892222994177,True,0.23239388306996392,True,1.2301845745250448,True,1.110890657032205,True
validation:9.17数据/log_6_2026-9-17-06-02-24.ulg:2:425,9.17数据/log_6_2026-9-17-06-02-24.ulg,2,425,51,398453677,398962644,399960577,0.508967,Sep17,Stabilized,sustained,2,0.02161540776514711,False,0.16222930599043336,False,0.8730546078590568,True,0.24197345277243362,True
validation:9.17数据/log_6_2026-9-17-06-02-24.ulg:2:475,9.17数据/log_6_2026-9-17-06-02-24.ulg,2,475,51,399461646,399960577,400958526,0.4989309999999999,Sep17,Stabilized,sustained,1,0.0,False,0.220272637402773,True,0.30649932524779544,False,0.11378197543642328,False
validation:9.17数据/log_6_2026-9-17-06-02-24.ulg:2:525,9.17数据/log_6_2026-9-17-06-02-24.ulg,2,525,51,400459621,400958526,401956429,0.498905,Sep17,Stabilized,sustained,1,0.03789375862776517,False,0.2552945566715693,True,0.41002364997001634,False,0.08630210773673988,False
validation:9.17数据/log_6_2026-9-17-06-02-24.ulg:2:575,9.17数据/log_6_2026-9-17-06-02-24.ulg,2,575,51,401457495,401956429,402954411,0.498934,Sep17,Stabilized,lower_change,0,0.27161928657193696,False,0.06588284725638549,False,0.3227998653994732,False,0.059154610727756254,False
validation:9.17数据/log_6_2026-9-17-06-02-24.ulg:2:625,9.17数据/log_6_2026-9-17-06-02-24.ulg,2,625,51,402455437,402954411,403952302,0.498974,Sep17,Stabilized,lower_change,0,0.009258785434009646,False,0.14957334777710263,False,0.2897712820869553,False,0.20611934663275977,False
validation:9.17数据/log_6_2026-9-17-06-02-24.ulg:2:675,9.17数据/log_6_2026-9-17-06-02-24.ulg,2,675,51,403463433,403952302,404960215,0.488869,Sep17,Stabilized,lower_change,0,0.004140654723906093,False,0.09878733322379808,False,0.23619123451721713,False,0.09490979994885473,False
validation:9.17数据/log_6_2026-9-17-06-02-24.ulg:2:725,9.17数据/log_6_2026-9-17-06-02-24.ulg,2,725,51,404461395,404960215,405958172,0.49882,Sep17,Stabilized,lower_change,0,0.016562618895624368,False,0.10551559548673693,False,0.2228440583700605,False,0.18345155291003012,False
validation:9.17数据/log_6_2026-9-17-06-02-24.ulg:2:775,9.17数据/log_6_2026-9-17-06-02-24.ulg,2,775,51,405459380,405958172,406956124,0.4987919999999999,Sep17,Stabilized,sustained,2,0.0,False,0.16327339655238318,False,0.5862634604956176,True,0.581270820077761,True
validation:9.17数据/log_6_2026-9-17-06-02-24.ulg:2:825,9.17数据/log_6_2026-9-17-06-02-24.ulg,2,825,51,406457288,406956124,407954039,0.498836,Sep17,Stabilized,lower_change,0,0.004140654723906093,False,0.0970523838123422,False,0.4211216399894221,False,0.10605720769865769,False
validation:9.17数据/log_6_2026-9-17-06-02-24.ulg:2:875,9.17数据/log_6_2026-9-17-06-02-24.ulg,2,875,51,407457699,407954039,408961974,0.49634,Sep17,Stabilized,sustained,3,1.0789504650161432,True,0.22697325960289916,True,0.4749198742310092,False,0.30857881514734536,True
validation:9.17数据/log_6_2026-9-17-06-02-24.ulg:2:925,9.17数据/log_6_2026-9-17-06-02-24.ulg,2,925,51,408453154,408961974,409959923,0.5088199999999999,Sep17,Stabilized,sustained,2,0.08943367361310002,False,0.07525596896247423,False,1.0252831440025774,True,0.5116925281063343,True
validation:9.17数据/log_6_2026-9-17-06-02-24.ulg:2:975,9.17数据/log_6_2026-9-17-06-02-24.ulg,2,975,51,409460941,409959923,410957887,0.498982,Sep17,Stabilized,sustained,2,0.02746599621121828,False,0.21791537048846188,True,1.212779186087771,True,0.20493941590774165,False
validation:9.17数据/log_6_2026-9-17-06-02-24.ulg:2:1025,9.17数据/log_6_2026-9-17-06-02-24.ulg,2,1025,51,410458884,410957887,411955855,0.499003,Sep17,Stabilized,sustained,2,0.09521397726585336,False,0.13209092520323978,False,0.6622192592689886,True,0.2818288265097354,True
validation:9.17数据/log_6_2026-9-17-06-02-24.ulg:2:1075,9.17数据/log_6_2026-9-17-06-02-24.ulg,2,1075,51,411456813,411955855,412953736,0.499042,Sep17,Stabilized,sustained,3,0.18553660596231134,False,0.24371573940785982,True,0.9921357015478528,True,0.3821881382310926,True
validation:9.17数据/log_6_2026-9-17-06-02-24.ulg:2:1125,9.17数据/log_6_2026-9-17-06-02-24.ulg,2,1125,51,412454791,412953736,413961636,0.4989449999999999,Sep17,Stabilized,sustained,1,0.2603548833881335,False,0.3058863689851131,True,0.3746132573957857,False,0.11645314199617138,False
validation:9.17数据/log_6_2026-9-17-06-02-24.ulg:2:1175,9.17数据/log_6_2026-9-17-06-02-24.ulg,2,1175,51,413462697,413961636,414959606,0.4989389999999999,Sep17,Stabilized,sustained,2,0.5984613842831367,True,0.17936354153459683,True,0.17740805837199125,False,0.136288203479797,False
validation:9.17数据/log_6_2026-9-17-06-02-24.ulg:2:1225,9.17数据/log_6_2026-9-17-06-02-24.ulg,2,1225,51,414460611,414959606,415957518,0.4989949999999999,Sep17,Stabilized,sustained,1,0.1167322501511249,False,0.07990977973524259,False,1.283393507572022,True,0.1792101898936911,False
validation:9.17数据/log_6_2026-9-17-06-02-24.ulg:2:1275,9.17数据/log_6_2026-9-17-06-02-24.ulg,2,1275,51,415458576,415957518,416955446,0.498942,Sep17,Stabilized,sustained,1,0.017845722086965582,False,0.32616596042065266,True,0.41727018871345034,False,0.20962287705346425,False
validation:9.17数据/log_7_2026-9-17-06-12-16.ulg:0:25,9.17数据/log_7_2026-9-17-06-12-16.ulg,0,25,51,135663037,136151966,137159973,0.488929,Sep17,Stabilized,mixed_change,3,0.2503334200406751,False,0.5346243431471991,True,0.5527234588790843,True,0.7433696387728229,True
validation:9.17数据/log_7_2026-9-17-06-12-16.ulg:0:75,9.17数据/log_7_2026-9-17-06-12-16.ulg,0,75,51,136661065,137159973,138157987,0.4989079999999999,Sep17,Stabilized,sustained,2,0.16579644579904704,False,0.251635049389506,True,0.48704448488653923,False,0.3534834160222234,True
validation:9.17数据/log_7_2026-9-17-06-12-16.ulg:0:125,9.17数据/log_7_2026-9-17-06-12-16.ulg,0,125,51,137659045,138157987,139155931,0.498942,Sep17,Stabilized,sustained,1,0.18626268838425813,False,0.26747930495611627,True,0.1693440336961172,False,0.06248598361276407,False
validation:9.17数据/log_7_2026-9-17-06-12-16.ulg:0:175,9.17数据/log_7_2026-9-17-06-12-16.ulg,0,175,51,138657012,139155931,140153999,0.498919,Sep17,Stabilized,lower_change,0,0.018975402274167646,False,0.08257950379497457,False,0.22105055106689245,False,0.07316640295241164,False
validation:9.17数据/log_7_2026-9-17-06-12-16.ulg:0:225,9.17数据/log_7_2026-9-17-06-12-16.ulg,0,225,51,139655027,140153999,141162036,0.4989719999999999,Sep17,Stabilized,lower_change,0,0.0,False,0.16428165734548086,False,0.27511226758716656,False,0.13591726230394255,False
validation:9.17数据/log_7_2026-9-17-06-12-16.ulg:0:275,9.17数据/log_7_2026-9-17-06-12-16.ulg,0,275,51,140653038,141162036,142160073,0.508998,Sep17,Stabilized,lower_change,0,0.0,False,0.0662677730657718,False,0.16649761267589774,False,0.1475611845324322,False
validation:9.17数据/log_7_2026-9-17-06-12-16.ulg:0:325,9.17数据/log_7_2026-9-17-06-12-16.ulg,0,325,51,141660995,142160073,143157999,0.4990779999999999,Sep17,Stabilized,sustained,1,0.006210982085859138,False,0.11172427673072688,False,0.23103779762398358,False,0.23680160754781926,True
validation:9.17数据/log_7_2026-9-17-06-12-16.ulg:0:375,9.17数据/log_7_2026-9-17-06-12-16.ulg,0,375,51,142659100,143157999,144155968,0.498899,Sep17,Stabilized,lower_change,0,0.008018343394041682,False,0.12255031230567157,False,0.257662670295485,False,0.1443126922879071,False
validation:9.17数据/log_7_2026-9-17-06-12-16.ulg:0:425,9.17数据/log_7_2026-9-17-06-12-16.ulg,0,425,51,143657033,144155968,145153979,0.4989349999999999,Sep17,Stabilized,lower_change,0,0.010556639618123654,False,0.13196182985765265,False,0.37907425587913945,False,0.09818091622531273,False
validation:9.17数据/log_7_2026-9-17-06-12-16.ulg:0:475,9.17数据/log_7_2026-9-17-06-12-16.ulg,0,475,51,144655119,145153979,146162010,0.4988599999999999,Sep17,Stabilized,lower_change,0,0.005477571332220168,False,0.09053140712634582,False,0.22896191298958765,False,0.04347066514699062,False
validation:9.17数据/log_7_2026-9-17-06-12-16.ulg:0:525,9.17数据/log_7_2026-9-17-06-12-16.ulg,0,525,51,145663070,146162010,147160068,0.49894,Sep17,Stabilized,lower_change,0,0.0,False,0.08626741733144185,False,0.2977191986743706,False,0.07825931735254198,False
validation:9.17数据/log_7_2026-9-17-06-12-16.ulg:0:575,9.17数据/log_7_2026-9-17-06-12-16.ulg,0,575,51,146651038,147160068,148157973,0.50903,Sep17,Stabilized,lower_change,0,0.0,False,0.09409871848042402,False,0.2424580727361663,False,0.04553842841148145,False
validation:9.17数据/log_7_2026-9-17-06-12-16.ulg:0:625,9.17数据/log_7_2026-9-17-06-12-16.ulg,0,625,51,147659083,148157973,149155971,0.49889,Sep17,Stabilized,lower_change,0,0.0,False,0.11597833906967799,False,0.3681291781029698,False,0.0491862638576498,False
validation:9.17数据/log_7_2026-9-17-06-12-16.ulg:0:675,9.17数据/log_7_2026-9-17-06-12-16.ulg,0,675,51,148657058,149155971,150154016,0.498913,Sep17,Stabilized,lower_change,0,0.0,False,0.10510184860053447,False,0.15481076545300373,False,0.08307216695705155,False
validation:9.17数据/log_7_2026-9-17-06-12-16.ulg:1:25,9.17数据/log_7_2026-9-17-06-12-16.ulg,1,25,51,150363634,150852690,151860688,0.489056,Sep17,Mission,sustained,2,0.31093452083774564,True,0.08900476966809899,False,0.6054019987997855,True,0.17525688949656779,False
validation:9.17数据/log_7_2026-9-17-06-12-16.ulg:1:75,9.17数据/log_7_2026-9-17-06-12-16.ulg,1,75,51,151351598,151860688,152858628,0.5090899999999999,Sep17,Mission,sustained,1,0.18379355925179514,False,0.15959292141538,False,0.11695974131982638,False,0.22648738305044663,True
validation:9.17数据/log_7_2026-9-17-06-12-16.ulg:1:125,9.17数据/log_7_2026-9-17-06-12-16.ulg,1,125,51,152359718,152858628,153856702,0.4989099999999999,Sep17,Mission,sustained,2,0.38182477012879024,True,0.09358377847015836,False,0.2808407285966047,False,0.2719692856466784,True
validation:9.17数据/log_7_2026-9-17-06-12-16.ulg:1:175,9.17数据/log_7_2026-9-17-06-12-16.ulg,1,175,51,153357599,153856702,154854661,0.4991029999999999,Sep17,Mission,sustained,1,0.38182971428521667,True,0.07842667269479874,False,0.27756068611475143,False,0.03519289398323939,False
validation:9.17数据/log_7_2026-9-17-06-12-16.ulg:1:225,9.17数据/log_7_2026-9-17-06-12-16.ulg,1,225,51,154355617,154854661,155852672,0.499044,Sep17,Mission,sustained,1,0.38181083402239324,True,0.11200569831680715,False,0.4417065631840736,False,0.06141147244672789,False
validation:9.17数据/log_7_2026-9-17-06-12-16.ulg:1:275,9.17数据/log_7_2026-9-17-06-12-16.ulg,1,275,51,155353680,155852672,156860795,0.498992,Sep17,Mission,lower_change,0,0.2578513450469061,False,0.12160885698917306,False,0.15327882320086586,False,0.11862518734953562,False
validation:9.17数据/log_7_2026-9-17-06-12-16.ulg:1:325,9.17数据/log_7_2026-9-17-06-12-16.ulg,1,325,51,156361683,156860795,157858786,0.499112,Sep17,Mission,sustained,1,0.39664887598382487,True,0.11929285995784746,False,0.25937832562132823,False,0.19418304162901823,False
validation:9.17数据/log_7_2026-9-17-06-12-16.ulg:1:375,9.17数据/log_7_2026-9-17-06-12-16.ulg,1,375,51,157359678,157858786,158856731,0.499108,Sep17,Mission,lower_change,0,0.19258969085023195,False,0.11297778426209426,False,0.32015387398564754,False,0.057931903675668736,False
validation:9.17数据/log_7_2026-9-17-06-12-16.ulg:1:425,9.17数据/log_7_2026-9-17-06-12-16.ulg,1,425,51,158357655,158856731,159854746,0.4990759999999999,Sep17,Mission,sustained,1,0.3817863636239653,True,0.08784401154960661,False,0.17500647524186919,False,0.05409862478531743,False
validation:9.17数据/log_7_2026-9-17-06-12-16.ulg:1:475,9.17数据/log_7_2026-9-17-06-12-16.ulg,1,475,51,159355636,159854746,160862773,0.49911,Sep17,Mission,sustained,1,0.38353824541925824,True,0.1593255557207222,False,0.3271101712041954,False,0.08003189633683262,False
validation:9.17数据/log_7_2026-9-17-06-12-16.ulg:1:525,9.17数据/log_7_2026-9-17-06-12-16.ulg,1,525,51,160353687,160862773,161860805,0.5090859999999999,Sep17,Mission,sustained,1,0.12882868356115676,False,0.22501352411089362,True,0.42086943754202116,False,0.17346732599875403,False
validation:9.17数据/log_7_2026-9-17-06-12-16.ulg:1:575,9.17数据/log_7_2026-9-17-06-12-16.ulg,1,575,51,161351672,161860805,162858811,0.509133,Sep17,Mission,lower_change,0,0.22091790572722914,False,0.06411370508920694,False,0.32506523705262225,False,0.08994846237222527,False
validation:9.17数据/log_7_2026-9-17-06-12-16.ulg:1:625,9.17数据/log_7_2026-9-17-06-12-16.ulg,1,625,51,162359701,162858811,163856666,0.49911,Sep17,Mission,sustained,1,0.3442794946147468,True,0.0999846653483367,False,0.2551633129001008,False,0.21740190778470353,False
validation:9.17数据/log_7_2026-9-17-06-12-16.ulg:1:675,9.17数据/log_7_2026-9-17-06-12-16.ulg,1,675,51,163357639,163856666,164854750,0.499027,Sep17,Mission,sustained,2,0.34245935994525883,True,0.20633125149755793,True,0.30490767571499555,False,0.04732101585246644,False
validation:9.17数据/log_7_2026-9-17-06-12-16.ulg:1:725,9.17数据/log_7_2026-9-17-06-12-16.ulg,1,725,51,164355674,164854750,165852774,0.4990759999999999,Sep17,Mission,lower_change,0,0.14868722553025054,False,0.10973047993815062,False,0.3194631964757471,False,0.144223472843006,False
validation:9.17数据/log_7_2026-9-17-06-12-16.ulg:1:775,9.17数据/log_7_2026-9-17-06-12-16.ulg,1,775,51,165353650,165852774,166860768,0.4991239999999999,Sep17,Mission,lower_change,0,0.14047944912320356,False,0.07702682469912968,False,0.13415694773570044,False,0.07532613163269182,False
validation:9.17数据/log_7_2026-9-17-06-12-16.ulg:1:825,9.17数据/log_7_2026-9-17-06-12-16.ulg,1,825,51,166361687,166860768,167858736,0.499081,Sep17,Mission,lower_change,0,0.15965535052580265,False,0.1260695064771702,False,0.07154840781467872,False,0.05844330379059281,False
validation:9.17数据/log_7_2026-9-17-06-12-16.ulg:1:875,9.17数据/log_7_2026-9-17-06-12-16.ulg,1,875,51,167359783,167858736,168856680,0.498953,Sep17,Mission,sustained,3,0.3662776756695455,True,0.4753080442140582,True,0.6340398240451652,True,0.14845334526595547,False
validation:9.17数据/log_7_2026-9-17-06-12-16.ulg:1:925,9.17数据/log_7_2026-9-17-06-12-16.ulg,1,925,51,168357698,168856680,169854737,0.498982,Sep17,Mission,sustained,1,0.3818457747891493,True,0.08406714525471878,False,0.381414247005896,False,0.16693537718425078,False
validation:9.17数据/log_7_2026-9-17-06-12-16.ulg:1:975,9.17数据/log_7_2026-9-17-06-12-16.ulg,1,975,51,169355659,169854737,170862733,0.4990779999999999,Sep17,Mission,sustained,1,0.1765287805085409,False,0.274469695104563,True,0.38638519648823433,False,0.175634564642502,False
validation:9.17数据/log_7_2026-9-17-06-12-16.ulg:1:1025,9.17数据/log_7_2026-9-17-06-12-16.ulg,1,1025,51,170353695,170862733,171860708,0.509038,Sep17,Mission,sustained,1,0.06790306423217041,False,0.10853025918288758,False,0.35299235419583264,False,0.2320220413297988,True
validation:9.17数据/log_7_2026-9-17-06-12-16.ulg:1:1075,9.17数据/log_7_2026-9-17-06-12-16.ulg,1,1075,51,171361712,171860708,172858656,0.498996,Sep17,Mission,sustained,1,0.21654819867274092,False,0.1433354267894108,False,0.352759453499346,False,0.3970087803572006,True
validation:9.17数据/log_7_2026-9-17-06-12-16.ulg:1:1125,9.17数据/log_7_2026-9-17-06-12-16.ulg,1,1125,51,172359754,172858656,173856732,0.4989019999999999,Sep17,Mission,sustained,1,0.1738365099080044,False,0.12390029810199714,False,0.25829665651871475,False,0.35920375878072824,True
validation:9.17数据/log_7_2026-9-17-06-12-16.ulg:1:1175,9.17数据/log_7_2026-9-17-06-12-16.ulg,1,1175,51,173357656,173856732,174854676,0.4990759999999999,Sep17,Mission,mixed_change,1,0.2985042570002921,True,0.13734584028798263,False,0.12944827023024652,False,0.0670534527146628,False
validation:9.17数据/log_7_2026-9-17-06-12-16.ulg:1:1225,9.17数据/log_7_2026-9-17-06-12-16.ulg,1,1225,51,174355711,174854676,175852663,0.498965,Sep17,Mission,sustained,1,0.3803418709695082,True,0.07844271184161085,False,0.39316631127981455,False,0.15681017092866054,False
validation:9.17数据/log_7_2026-9-17-06-12-16.ulg:1:1275,9.17数据/log_7_2026-9-17-06-12-16.ulg,1,1275,51,175353691,175852663,176860724,0.4989719999999999,Sep17,Mission,sustained,3,0.33669388779315257,True,0.18499288126422173,True,0.483152205684276,False,0.22837006970758492,True
validation:9.17数据/log_7_2026-9-17-06-12-16.ulg:1:1325,9.17数据/log_7_2026-9-17-06-12-16.ulg,1,1325,51,176361762,176860724,177858675,0.4989619999999999,Sep17,Mission,sustained,1,0.37400022097437874,True,0.05749697485067124,False,0.2070866028203122,False,0.051226710785752486,False
validation:9.17数据/log_7_2026-9-17-06-12-16.ulg:1:1375,9.17数据/log_7_2026-9-17-06-12-16.ulg,1,1375,51,177359738,177858675,178856708,0.4989369999999999,Sep17,Mission,sustained,2,0.3817535523028527,True,0.13049501777469122,False,0.39131455194506487,False,0.41699261786372827,True
validation:9.17数据/log_7_2026-9-17-06-12-16.ulg:1:1425,9.17数据/log_7_2026-9-17-06-12-16.ulg,1,1425,51,178357729,178856708,179854677,0.4989789999999999,Sep17,Mission,mixed_change,1,0.31751932680776945,True,0.0924201492069564,False,0.1516947367520778,False,0.10425594705430677,False
validation:9.17数据/log_7_2026-9-17-06-12-16.ulg:1:1475,9.17数据/log_7_2026-9-17-06-12-16.ulg,1,1475,51,179355676,179854677,180862697,0.499001,Sep17,Mission,sustained,1,0.36184077402617154,True,0.1539334220131284,False,0.16912234430087603,False,0.2177719265260941,False
validation:9.17数据/log_7_2026-9-17-06-12-16.ulg:1:1525,9.17数据/log_7_2026-9-17-06-12-16.ulg,1,1525,51,180353719,180862697,181860783,0.5089779999999999,Sep17,Mission,lower_change,0,0.26378530918163384,False,0.08792615029212224,False,0.34035872216863466,False,0.14494755689830766,False
validation:9.17数据/log_7_2026-9-17-06-12-16.ulg:1:1575,9.17数据/log_7_2026-9-17-06-12-16.ulg,1,1575,51,181361642,181860783,182858683,0.499141,Sep17,Mission,sustained,1,0.3598190104347686,True,0.10317204321088419,False,0.2870484506086731,False,0.1764899095900912,False
validation:9.17数据/log_7_2026-9-17-06-12-16.ulg:1:1625,9.17数据/log_7_2026-9-17-06-12-16.ulg,1,1625,51,182359707,182858683,183856647,0.498976,Sep17,Mission,sustained,2,0.38165010799959515,True,0.15928355117323012,False,0.5981531508410153,True,0.2212876293088238,False
validation:9.17数据/log_7_2026-9-17-06-12-16.ulg:1:1675,9.17数据/log_7_2026-9-17-06-12-16.ulg,1,1675,51,183357673,183856647,184854662,0.498974,Sep17,Mission,sustained,1,0.11268274960960332,False,0.09031453517559096,False,0.6060761591375715,True,0.10648667699485664,False
validation:9.17数据/log_7_2026-9-17-06-12-16.ulg:1:1725,9.17数据/log_7_2026-9-17-06-12-16.ulg,1,1725,51,184355644,184854662,185852701,0.4990179999999999,Sep17,Mission,lower_change,0,0.21832374961997283,False,0.11351064274362814,False,0.40495000082835586,False,0.10404776031209771,False
validation:9.17数据/log_7_2026-9-17-06-12-16.ulg:1:1775,9.17数据/log_7_2026-9-17-06-12-16.ulg,1,1775,51,185363752,185852701,186860719,0.4889489999999999,Sep17,Mission,lower_change,0,0.29522216648895766,False,0.12615402419356347,False,0.331763969796042,False,0.18936078916518748,False
validation:9.17数据/log_7_2026-9-17-06-12-16.ulg:1:1825,9.17数据/log_7_2026-9-17-06-12-16.ulg,1,1825,51,186351654,186860719,187858664,0.509065,Sep17,Mission,sustained,1,0.3731470837668704,True,0.10262072022836576,False,0.19537358768651444,False,0.04180745795994281,False
validation:9.17数据/log_7_2026-9-17-06-12-16.ulg:1:1875,9.17数据/log_7_2026-9-17-06-12-16.ulg,1,1875,51,187359705,187858664,188856684,0.498959,Sep17,Mission,lower_change,0,0.1372051297627214,False,0.08743773215011816,False,0.1701866530718504,False,0.0915171562003182,False
validation:9.17数据/log_7_2026-9-17-06-12-16.ulg:1:1925,9.17数据/log_7_2026-9-17-06-12-16.ulg,1,1925,51,188357651,188856684,189854633,0.499033,Sep17,Mission,mixed_change,1,0.12757832310666145,False,0.173845723521898,False,0.2614980059957338,False,0.22792715410163913,True
validation:9.17数据/log_7_2026-9-17-06-12-16.ulg:1:1975,9.17数据/log_7_2026-9-17-06-12-16.ulg,1,1975,51,189355666,189854633,190852663,0.498967,Sep17,Mission,mixed_change,1,0.31412121635267565,True,0.1370718646982023,False,0.26876831978784277,False,0.17792163804911176,False
validation:9.17数据/log_7_2026-9-17-06-12-16.ulg:1:2025,9.17数据/log_7_2026-9-17-06-12-16.ulg,1,2025,51,190353670,190852663,191860632,0.4989929999999999,Sep17,Mission,sustained,1,0.1372318095364113,False,0.17915904340925462,True,0.24100358407153272,False,0.17119714535285666,False
validation:9.17数据/log_7_2026-9-17-06-12-16.ulg:1:2075,9.17数据/log_7_2026-9-17-06-12-16.ulg,1,2075,51,191361593,191860632,192858586,0.4990389999999999,Sep17,Mission,sustained,2,0.3956203554652586,True,0.24486170219848938,True,0.18122184249349504,False,0.07357434311834603,False
validation:9.17数据/log_7_2026-9-17-06-12-16.ulg:1:2125,9.17数据/log_7_2026-9-17-06-12-16.ulg,1,2125,51,192359659,192858586,193856582,0.4989269999999999,Sep17,Mission,sustained,1,0.38183571723104653,True,0.14911217302139232,False,0.4187819407333264,False,0.07076703676999399,False
validation:9.17数据/log_7_2026-9-17-06-12-16.ulg:1:2175,9.17数据/log_7_2026-9-17-06-12-16.ulg,1,2175,51,193357655,193856582,194854578,0.4989269999999999,Sep17,Mission,lower_change,0,0.25172734872424013,False,0.0958583841459043,False,0.16847651496819444,False,0.05938911306126864,False
validation:9.17数据/log_7_2026-9-17-06-12-16.ulg:1:2225,9.17数据/log_7_2026-9-17-06-12-16.ulg,1,2225,51,194355667,194854578,195862646,0.498911,Sep17,Mission,sustained,2,0.36434402954067435,True,0.2689319311358018,True,0.20418640217678163,False,0.08887376156497998,False
validation:9.17数据/log_7_2026-9-17-06-12-16.ulg:1:2275,9.17数据/log_7_2026-9-17-06-12-16.ulg,1,2275,51,195353570,195862646,196860671,0.509076,Sep17,Mission,sustained,1,0.37459528212273313,True,0.17260812571674802,False,0.39657455011403264,False,0.1088031770117435,False
validation:9.17数据/log_7_2026-9-17-06-12-16.ulg:1:2325,9.17数据/log_7_2026-9-17-06-12-16.ulg,1,2325,51,196351573,196860671,197858544,0.5090979999999999,Sep17,Mission,lower_change,0,0.21341556308083504,False,0.08063220177336636,False,0.2984228530205794,False,0.08279555159054403,False
validation:9.17数据/log_7_2026-9-17-06-12-16.ulg:1:2375,9.17数据/log_7_2026-9-17-06-12-16.ulg,1,2375,51,197359592,197858544,198856577,0.4989519999999999,Sep17,Mission,sustained,1,0.32936273521214726,True,0.14535777223251237,False,0.1689707231516305,False,0.05252669226624827,False
validation:9.17数据/log_7_2026-9-17-06-12-16.ulg:1:2425,9.17数据/log_7_2026-9-17-06-12-16.ulg,1,2425,51,198357536,198856577,199854532,0.4990409999999999,Sep17,Mission,sustained,1,0.2987321212942698,True,0.08709597462237617,False,0.30677682214576085,False,0.08042609876695055,False
validation:9.17数据/log_7_2026-9-17-06-12-16.ulg:1:2475,9.17数据/log_7_2026-9-17-06-12-16.ulg,1,2475,51,199355599,199854532,200852526,0.4989329999999999,Sep17,Mission,sustained,1,0.3040956072773162,True,0.17338371534419078,False,0.23501243348809991,False,0.09376301733380853,False
validation:9.17数据/log_7_2026-9-17-06-12-16.ulg:1:2525,9.17数据/log_7_2026-9-17-06-12-16.ulg,1,2525,51,200353560,200852526,201860492,0.4989659999999999,Sep17,Mission,sustained,2,0.3966912485924382,True,0.1857735455723342,True,0.22634309889142612,False,0.1835964847141651,False
validation:9.17数据/log_7_2026-9-17-06-12-16.ulg:1:2575,9.17数据/log_7_2026-9-17-06-12-16.ulg,1,2575,51,201361570,201860492,202858496,0.498922,Sep17,Mission,sustained,1,0.3723231210261818,True,0.08647453708185392,False,0.17187043456177628,False,0.0348808128892841,False
validation:9.17数据/log_7_2026-9-17-06-12-16.ulg:1:2625,9.17数据/log_7_2026-9-17-06-12-16.ulg,1,2625,51,202359583,202858496,203856485,0.498913,Sep17,Mission,sustained,1,0.33562880610226414,True,0.1517911887337894,False,0.29940810662579515,False,0.1331001996888197,False
validation:9.17数据/log_7_2026-9-17-06-12-16.ulg:1:2675,9.17数据/log_7_2026-9-17-06-12-16.ulg,1,2675,51,203357551,203856485,204854568,0.498934,Sep17,Mission,sustained,1,0.09843861596524793,False,0.1266189900107195,False,0.5325347367059237,True,0.09827274692894024,False
validation:9.17数据/log_7_2026-9-17-06-12-16.ulg:1:2725,9.17数据/log_7_2026-9-17-06-12-16.ulg,1,2725,51,204355496,204854568,205862505,0.4990719999999999,Sep17,Mission,mixed_change,3,0.3481935411345236,True,0.10387523188748815,False,0.6310441531654554,True,0.260940132358628,True
validation:9.17数据/log_7_2026-9-17-06-12-16.ulg:1:2775,9.17数据/log_7_2026-9-17-06-12-16.ulg,1,2775,51,205353482,205862505,206860524,0.509023,Sep17,Mission,sustained,1,0.09798121445258584,False,0.1852403958928951,True,0.1675564440364171,False,0.09089269412884916,False
validation:9.17数据/log_7_2026-9-17-06-12-16.ulg:1:2825,9.17数据/log_7_2026-9-17-06-12-16.ulg,1,2825,51,206361550,206860524,207858425,0.498974,Sep17,Mission,sustained,1,0.37201591109426807,True,0.14459211215893794,False,0.30422929618953387,False,0.0971691577574894,False
validation:9.17数据/log_7_2026-9-17-06-12-16.ulg:1:2875,9.17数据/log_7_2026-9-17-06-12-16.ulg,1,2875,51,207359612,207858425,208856414,0.4988129999999999,Sep17,Mission,sustained,1,0.3504171998346472,True,0.12891568645012233,False,0.4666584767014689,False,0.1833110670628395,False
validation:9.17数据/log_7_2026-9-17-06-12-16.ulg:1:2925,9.17数据/log_7_2026-9-17-06-12-16.ulg,1,2925,51,208357516,208856414,209854454,0.4988979999999999,Sep17,Mission,sustained,1,0.3818651535014161,True,0.12017817084686755,False,0.1574346633080208,False,0.05746658718741402,False
validation:9.17数据/log_7_2026-9-17-06-12-16.ulg:1:2975,9.17数据/log_7_2026-9-17-06-12-16.ulg,1,2975,51,209355423,209854454,210852396,0.499031,Sep17,Mission,sustained,1,0.05605402075001131,False,0.14881741495596035,False,0.8991257849115007,True,0.10681008230824701,False
validation:9.17数据/log_7_2026-9-17-06-12-16.ulg:1:3025,9.17数据/log_7_2026-9-17-06-12-16.ulg,1,3025,51,210353409,210852396,211860453,0.4989869999999999,Sep17,Mission,lower_change,0,0.052544403733076527,False,0.13623790289233434,False,0.1937969025720583,False,0.19761762889391637,False
validation:9.17数据/log_7_2026-9-17-06-12-16.ulg:1:3075,9.17数据/log_7_2026-9-17-06-12-16.ulg,1,3075,51,211361560,211860453,212858432,0.498893,Sep17,Mission,lower_change,0,0.2595372463122252,False,0.14261137708602223,False,0.25244610069452816,False,0.05118890816003167,False
validation:9.17数据/log_7_2026-9-17-06-12-16.ulg:1:3125,9.17数据/log_7_2026-9-17-06-12-16.ulg,1,3125,51,212359492,212858432,213856360,0.49894,Sep17,Mission,lower_change,0,0.1320863387185229,False,0.10898363094550313,False,0.28920303183723817,False,0.17190992137700684,False
validation:9.17数据/log_7_2026-9-17-06-12-16.ulg:1:3175,9.17数据/log_7_2026-9-17-06-12-16.ulg,1,3175,51,213357416,213856360,214854342,0.498944,Sep17,Mission,lower_change,0,0.1222066941650918,False,0.08592928647170665,False,0.2492508326936108,False,0.1723576636613112,False
validation:9.17数据/log_7_2026-9-17-06-12-16.ulg:1:3225,9.17数据/log_7_2026-9-17-06-12-16.ulg,1,3225,51,214355437,214854342,215862358,0.498905,Sep17,Mission,lower_change,0,0.22131310426566528,False,0.16176352581836628,False,0.2390734401417327,False,0.136571590809328,False
validation:9.17数据/log_7_2026-9-17-06-12-16.ulg:1:3275,9.17数据/log_7_2026-9-17-06-12-16.ulg,1,3275,51,215353442,215862358,216860362,0.5089159999999999,Sep17,Mission,sustained,1,0.2155391585473115,False,0.11358067771131711,False,0.2785003626681474,False,0.28024696596455284,True
validation:9.17数据/log_7_2026-9-17-06-12-16.ulg:1:3325,9.17数据/log_7_2026-9-17-06-12-16.ulg,1,3325,51,216361398,216860362,217858276,0.4989639999999999,Sep17,Mission,sustained,1,0.35327825487396247,True,0.16398301460842155,False,0.43637014414284603,False,0.19787763515745332,False
validation:9.17数据/log_7_2026-9-17-06-12-16.ulg:1:3375,9.17数据/log_7_2026-9-17-06-12-16.ulg,1,3375,51,217359380,217858276,218856298,0.4988959999999999,Sep17,Mission,lower_change,0,0.10193565660010838,False,0.15309473620321393,False,0.29560415873074114,False,0.047491406862978855,False
validation:9.17数据/log_7_2026-9-17-06-12-16.ulg:1:3425,9.17数据/log_7_2026-9-17-06-12-16.ulg,1,3425,51,218357317,218856298,219854237,0.4989809999999999,Sep17,Mission,lower_change,0,0.08402853346291052,False,0.13778231355646034,False,0.1245212926963822,False,0.12895188611051106,False
validation:9.17数据/log_7_2026-9-17-06-12-16.ulg:1:3475,9.17数据/log_7_2026-9-17-06-12-16.ulg,1,3475,51,219355291,219854237,220852231,0.498946,Sep17,Mission,lower_change,0,0.2166749847865025,False,0.07816653003961883,False,0.2604820610787781,False,0.21041246837602007,False
validation:9.17数据/log_7_2026-9-17-06-12-16.ulg:1:3525,9.17数据/log_7_2026-9-17-06-12-16.ulg,1,3525,51,220363375,220852231,221860229,0.4888559999999999,Sep17,Mission,sustained,1,0.2532380304680056,False,0.09759228193390157,False,0.3529347231793181,False,0.2546782827429216,True
validation:9.17数据/log_7_2026-9-17-06-12-16.ulg:1:3575,9.17数据/log_7_2026-9-17-06-12-16.ulg,1,3575,51,221361360,221860229,222858234,0.4988689999999999,Sep17,Mission,sustained,1,0.07039417507738,False,0.12024627435866055,False,0.5149598517534143,True,0.15618590069915933,False
validation:9.17数据/log_7_2026-9-17-06-12-16.ulg:1:3625,9.17数据/log_7_2026-9-17-06-12-16.ulg,1,3625,51,222359327,222858234,223856249,0.498907,Sep17,Mission,sustained,2,0.36683320610146014,True,0.2022466726290415,True,0.18317330854329453,False,0.2012822513763736,False
validation:9.17数据/log_7_2026-9-17-06-12-16.ulg:1:3675,9.17数据/log_7_2026-9-17-06-12-16.ulg,1,3675,51,223357212,223856249,224854149,0.4990369999999999,Sep17,Mission,sustained,2,0.3818314623097091,True,0.15919308388938852,False,0.2071436686083362,False,0.2384437018129176,True
validation:9.17数据/log_7_2026-9-17-06-12-16.ulg:1:3725,9.17数据/log_7_2026-9-17-06-12-16.ulg,1,3725,51,224355200,224854149,225862213,0.498949,Sep17,Mission,lower_change,0,0.06645061095082856,False,0.1169824980040828,False,0.21865461425266974,False,0.05069127652847425,False
validation:9.17数据/log_7_2026-9-17-06-12-16.ulg:1:3775,9.17数据/log_7_2026-9-17-06-12-16.ulg,1,3775,51,225353247,225862213,226860098,0.508966,Sep17,Mission,lower_change,0,0.16519150466608382,False,0.08037959530720501,False,0.4127841870613259,False,0.040728614891496415,False
validation:9.17数据/log_7_2026-9-17-06-12-16.ulg:1:3825,9.17数据/log_7_2026-9-17-06-12-16.ulg,1,3825,51,226361237,226860098,227858065,0.498861,Sep17,Mission,sustained,1,0.3818814703643711,True,0.1304090183407034,False,0.20732747704957477,False,0.06796585555049457,False
validation:9.17数据/log_7_2026-9-17-06-12-16.ulg:1:3875,9.17数据/log_7_2026-9-17-06-12-16.ulg,1,3875,51,227359274,227858065,228856086,0.498791,Sep17,Mission,sustained,1,0.09329997190606217,False,0.19073336356503626,True,0.27756200176882373,False,0.06528099679596541,False
validation:9.17数据/log_7_2026-9-17-06-12-16.ulg:1:3925,9.17数据/log_7_2026-9-17-06-12-16.ulg,1,3925,51,228357212,228856086,229854052,0.498874,Sep17,Mission,lower_change,0,0.131549818184464,False,0.14209067824721433,False,0.30596328917758153,False,0.1302306136225348,False
validation:9.17数据/log_7_2026-9-17-06-12-16.ulg:1:3975,9.17数据/log_7_2026-9-17-06-12-16.ulg,1,3975,51,229355124,229854052,230862022,0.498928,Sep17,Mission,lower_change,0,0.13932265045406095,False,0.08823279749946829,False,0.18788944045049716,False,0.03453275337412964,False
validation:9.17数据/log_7_2026-9-17-06-12-16.ulg:1:4025,9.17数据/log_7_2026-9-17-06-12-16.ulg,1,4025,51,230363078,230862022,231860119,0.498944,Sep17,Mission,sustained,2,0.3761225666444388,True,0.12598402624805022,False,0.17087159640069205,False,0.2286052733646186,True
validation:9.17数据/log_7_2026-9-17-06-12-16.ulg:1:4075,9.17数据/log_7_2026-9-17-06-12-16.ulg,1,4075,51,231361174,231860119,232857977,0.4989449999999999,Sep17,Mission,sustained,1,0.3588918663724909,True,0.1626176447814062,False,0.29898708946726377,False,0.16561040249450124,False
validation:9.17数据/log_7_2026-9-17-06-12-16.ulg:1:4125,9.17数据/log_7_2026-9-17-06-12-16.ulg,1,4125,51,232359010,232857977,233855945,0.498967,Sep17,Mission,sustained,2,0.33517614073133833,True,0.08769209347651008,False,0.45588172650102043,False,0.2575055899983032,True
validation:9.17数据/log_7_2026-9-17-06-12-16.ulg:1:4175,9.17数据/log_7_2026-9-17-06-12-16.ulg,1,4175,51,233356959,233855945,234853921,0.498986,Sep17,Mission,sustained,1,0.3241604302607616,True,0.1179075261707124,False,0.13000407957743873,False,0.053144537228260666,False
validation:9.17数据/log_7_2026-9-17-06-12-16.ulg:1:4225,9.17数据/log_7_2026-9-17-06-12-16.ulg,1,4225,51,234354934,234853921,235861941,0.4989869999999999,Sep17,Mission,lower_change,0,0.07536606615424628,False,0.12089772523646485,False,0.2921962938555106,False,0.1644609049499103,False
validation:9.17数据/log_7_2026-9-17-06-12-16.ulg:1:4275,9.17数据/log_7_2026-9-17-06-12-16.ulg,1,4275,51,235352976,235861941,236859916,0.508965,Sep17,Mission,sustained,1,0.31748451111113596,True,0.1735150258014254,False,0.38335763925657274,False,0.09963716341976615,False
validation:9.17数据/log_7_2026-9-17-06-12-16.ulg:1:4325,9.17数据/log_7_2026-9-17-06-12-16.ulg,1,4325,51,236361027,236859916,237857856,0.4988889999999999,Sep17,Mission,lower_change,0,0.13351257946322448,False,0.09606224696279353,False,0.37881677968933697,False,0.16330201962425664,False
validation:9.17数据/log_7_2026-9-17-06-12-16.ulg:1:4375,9.17数据/log_7_2026-9-17-06-12-16.ulg,1,4375,51,237358835,237857856,238855860,0.499021,Sep17,Mission,sustained,1,0.1723613210234422,False,0.07742635865683148,False,0.663173299030778,True,0.07952538099568535,False
validation:9.17数据/log_7_2026-9-17-06-12-16.ulg:1:4425,9.17数据/log_7_2026-9-17-06-12-16.ulg,1,4425,51,238356740,238855860,239853797,0.4991199999999999,Sep17,Mission,sustained,1,0.3447087369724781,True,0.15031294236746648,False,0.31587383315664996,False,0.08404750356809769,False
validation:9.17数据/log_7_2026-9-17-06-12-16.ulg:1:4475,9.17数据/log_7_2026-9-17-06-12-16.ulg,1,4475,51,239354828,239853797,240861796,0.498969,Sep17,Mission,sustained,2,0.3201994808517158,True,0.09301742677592999,False,0.6334139641932507,True,0.18419922935976218,False
validation:9.17数据/log_7_2026-9-17-06-12-16.ulg:1:4525,9.17数据/log_7_2026-9-17-06-12-16.ulg,1,4525,51,240362843,240861796,241859827,0.498953,Sep17,Mission,sustained,2,0.3763329601372581,True,0.3373377940506426,True,0.15054191747223325,False,0.09777608908784675,False
validation:9.17数据/log_7_2026-9-17-06-12-16.ulg:1:4575,9.17数据/log_7_2026-9-17-06-12-16.ulg,1,4575,51,241360865,241859827,242857801,0.4989619999999999,Sep17,Mission,sustained,1,0.32998217485101755,True,0.08975786315486001,False,0.293015476475654,False,0.08702965203743727,False
validation:9.17数据/log_7_2026-9-17-06-12-16.ulg:1:4625,9.17数据/log_7_2026-9-17-06-12-16.ulg,1,4625,51,242358713,242857801,243855677,0.499088,Sep17,Mission,sustained,1,0.3187788688883676,True,0.11411769219065422,False,0.3665435375780312,False,0.1804250745447257,False
validation:9.17数据/log_7_2026-9-17-06-12-16.ulg:1:4675,9.17数据/log_7_2026-9-17-06-12-16.ulg,1,4675,51,243356684,243855677,244863657,0.4989929999999999,Sep17,Mission,sustained,2,0.31956669454511216,True,0.21586596466595737,True,0.28778299631264825,False,0.07064927978857471,False
validation:9.17数据/log_7_2026-9-17-06-12-16.ulg:1:4725,9.17数据/log_7_2026-9-17-06-12-16.ulg,1,4725,51,244354653,244863657,245851624,0.509004,Sep17,Mission,lower_change,0,0.09103514899451638,False,0.08467631182750719,False,0.47918505395573907,False,0.032212281781284734,False
validation:9.17数据/log_7_2026-9-17-06-12-16.ulg:1:4775,9.17数据/log_7_2026-9-17-06-12-16.ulg,1,4775,51,245352628,245851624,246859640,0.498996,Sep17,Mission,lower_change,0,0.06899646282961895,False,0.1596119487952796,False,0.2703390579527982,False,0.07155744395349334,False
validation:9.17数据/log_7_2026-9-17-06-12-16.ulg:1:4825,9.17数据/log_7_2026-9-17-06-12-16.ulg,1,4825,51,246360587,246859640,247857557,0.4990529999999999,Sep17,Mission,sustained,1,0.12571802629393056,False,0.286422704231461,True,0.31540431110859096,False,0.1509811904459602,False
validation:9.17数据/log_7_2026-9-17-06-12-16.ulg:1:4875,9.17数据/log_7_2026-9-17-06-12-16.ulg,1,4875,51,247358600,247857557,248855577,0.498957,Sep17,Mission,sustained,2,0.3816082683781431,True,0.17979799343715375,True,0.2857389643498105,False,0.08132734464448794,False
validation:9.17数据/log_7_2026-9-17-06-12-16.ulg:2:25,9.17数据/log_7_2026-9-17-06-12-16.ulg,2,25,51,249154914,249653940,250661937,0.4990259999999999,Sep17,Stabilized,sustained,3,0.4562018886482333,True,0.212060360079632,True,0.5449687819849179,True,0.05024903731385664,False
validation:9.17数据/log_7_2026-9-17-06-12-16.ulg:2:75,9.17数据/log_7_2026-9-17-06-12-16.ulg,2,75,51,250162929,250661937,251659919,0.4990079999999999,Sep17,Stabilized,sustained,1,0.32697822773664337,True,0.06556286476198901,False,0.21170742374476767,False,0.044227252437842465,False
validation:9.17数据/log_7_2026-9-17-06-12-16.ulg:2:125,9.17数据/log_7_2026-9-17-06-12-16.ulg,2,125,51,251160982,251659919,252657798,0.4989369999999999,Sep17,Stabilized,sustained,2,0.2986551913297822,True,0.22287256998975885,True,0.3076562602469309,False,0.09930925698255026,False
validation:9.17数据/log_7_2026-9-17-06-12-16.ulg:2:175,9.17数据/log_7_2026-9-17-06-12-16.ulg,2,175,51,252158818,252657798,253655789,0.49898,Sep17,Stabilized,lower_change,0,0.20036506526135506,False,0.1445138185529325,False,0.4314537846549683,False,0.11108228869777545,False
validation:9.17数据/log_7_2026-9-17-06-12-16.ulg:2:225,9.17数据/log_7_2026-9-17-06-12-16.ulg,2,225,51,253156874,253655789,254663745,0.498915,Sep17,Stabilized,sustained,2,0.012422540052420454,False,0.18035711070570293,True,0.5728492448362253,True,0.16647786287194,False
validation:9.17数据/log_7_2026-9-17-06-12-16.ulg:2:275,9.17数据/log_7_2026-9-17-06-12-16.ulg,2,275,51,254154798,254663745,255651769,0.5089469999999999,Sep17,Stabilized,mixed_change,2,0.3695409863118775,True,0.2270913010210602,True,0.4590847781557653,False,0.1984081916353949,False
validation:9.17数据/log_7_2026-9-17-06-12-16.ulg:2:325,9.17数据/log_7_2026-9-17-06-12-16.ulg,2,325,51,255152790,255651769,256659699,0.4989789999999999,Sep17,Stabilized,sustained,3,0.141664305839864,False,0.39608574933810725,True,1.1349452189654672,True,0.8152280191110381,True
validation:9.17数据/log_7_2026-9-17-06-12-16.ulg:2:375,9.17数据/log_7_2026-9-17-06-12-16.ulg,2,375,51,256160703,256659699,257657651,0.498996,Sep17,Stabilized,mixed_change,2,0.15529045960143675,False,0.24145716926932542,True,0.36318977885507103,False,0.25898592992502745,True
validation:9.17数据/log_7_2026-9-17-06-12-16.ulg:2:425,9.17数据/log_7_2026-9-17-06-12-16.ulg,2,425,51,257158687,257657651,258655682,0.4989639999999999,Sep17,Stabilized,sustained,1,0.010556881631592626,False,0.21115293932259624,True,0.34839041821090777,False,0.16486438130447909,False
validation:9.17数据/log_7_2026-9-17-06-12-16.ulg:2:475,9.17数据/log_7_2026-9-17-06-12-16.ulg,2,475,51,258156629,258655682,259653612,0.4990529999999999,Sep17,Stabilized,mixed_change,2,0.023239916680767136,False,0.17999405438878052,True,0.12796253030918386,False,0.3336960207642782,True
validation:9.17数据/log_7_2026-9-17-06-12-16.ulg:2:525,9.17数据/log_7_2026-9-17-06-12-16.ulg,2,525,51,259154652,259653612,260661599,0.4989599999999999,Sep17,Stabilized,mixed_change,1,0.12496101608954588,False,0.08438727267068724,False,0.21345173409183982,False,0.2836576005573143,True
validation:9.17数据/log_7_2026-9-17-06-12-16.ulg:2:575,9.17数据/log_7_2026-9-17-06-12-16.ulg,2,575,51,260152619,260661599,261659621,0.50898,Sep17,Stabilized,lower_change,0,0.009024347750800483,False,0.11247934572576855,False,0.18315957318247147,False,0.0919282007969293,False
validation:9.17数据/log_7_2026-9-17-06-12-16.ulg:2:625,9.17数据/log_7_2026-9-17-06-12-16.ulg,2,625,51,261160528,261659621,262657594,0.4990929999999999,Sep17,Stabilized,lower_change,0,0.28839650554383056,False,0.12543710577308534,False,0.3087522023180927,False,0.09923635948530161,False
validation:9.17数据/log_7_2026-9-17-06-12-16.ulg:2:675,9.17数据/log_7_2026-9-17-06-12-16.ulg,2,675,51,262158477,262657594,263655485,0.499117,Sep17,Stabilized,lower_change,0,0.0,False,0.07388809471418308,False,0.21670160820378348,False,0.10571789902700954,False
validation:9.17数据/log_7_2026-9-17-06-12-16.ulg:2:725,9.17数据/log_7_2026-9-17-06-12-16.ulg,2,725,51,263156446,263655485,264663456,0.4990389999999999,Sep17,Stabilized,sustained,2,0.06608946112067808,False,0.07036711242109958,False,0.7526399662671317,True,0.3433340940134816,True
validation:9.17数据/log_7_2026-9-17-06-12-16.ulg:2:775,9.17数据/log_7_2026-9-17-06-12-16.ulg,2,775,51,264154422,264663456,265651415,0.509034,Sep17,Stabilized,sustained,1,0.015662093106009557,False,0.05117629183461328,False,0.5067583499378779,True,0.14601592644211545,False
validation:9.17数据/log_7_2026-9-17-06-12-16.ulg:2:825,9.17数据/log_7_2026-9-17-06-12-16.ulg,2,825,51,265162473,265651415,266659429,0.488942,Sep17,Stabilized,sustained,1,0.7557514312873757,True,0.1602770676290912,False,0.1540043068262443,False,0.05315977427298943,False
validation:9.17数据/log_7_2026-9-17-06-12-16.ulg:2:875,9.17数据/log_7_2026-9-17-06-12-16.ulg,2,875,51,266160411,266659429,267657343,0.4990179999999999,Sep17,Stabilized,mixed_change,2,0.012955165079007916,False,0.10564577882762971,False,1.311594140748672,True,0.28733613516150563,True
validation:9.17数据/log_7_2026-9-17-06-12-16.ulg:2:925,9.17数据/log_7_2026-9-17-06-12-16.ulg,2,925,51,267158315,267657343,268655324,0.4990279999999999,Sep17,Stabilized,mixed_change,2,0.5807534053558687,True,0.28478143845903237,True,0.3831905405359787,False,0.05730622271351772,False
validation:9.17数据/log_8_2026-9-17-06-17-52.ulg:0:25,9.17数据/log_8_2026-9-17-06-17-52.ulg,0,25,51,57269685,57772220,58777580,0.502535,Sep17,Stabilized,mixed_change,4,0.38869199459871717,True,0.7528158507261757,True,2.0537631873661035,True,0.8363309573235844,True
validation:9.17数据/log_8_2026-9-17-06-17-52.ulg:0:75,9.17数据/log_8_2026-9-17-06-17-52.ulg,0,75,51,58274929,58777580,59773063,0.502651,Sep17,Stabilized,sustained,2,0.21431944708546055,False,0.7682582299588985,True,0.4879287092355358,False,0.9970566100836555,True
validation:9.17数据/log_8_2026-9-17-06-17-52.ulg:0:125,9.17数据/log_8_2026-9-17-06-17-52.ulg,0,125,51,59270479,59773063,60768549,0.502584,Sep17,Stabilized,sustained,2,0.016946646259048848,False,0.19507436239505296,True,0.26215758639658526,False,0.24793644685463487,True
validation:9.17数据/log_8_2026-9-17-06-17-52.ulg:0:175,9.17数据/log_8_2026-9-17-06-17-52.ulg,0,175,51,60265897,60768549,61773883,0.502652,Sep17,Stabilized,lower_change,0,0.008536687195370256,False,0.09269430584447186,False,0.40474375427300097,False,0.08926869419786206,False
validation:9.17数据/log_8_2026-9-17-06-17-52.ulg:0:225,9.17数据/log_8_2026-9-17-06-17-52.ulg,0,225,51,61271496,61773883,62769388,0.502387,Sep17,Stabilized,lower_change,0,0.008536687195370256,False,0.159447577213159,False,0.1949342075792206,False,0.09667536187704749,False
validation:9.17数据/log_8_2026-9-17-06-17-52.ulg:0:275,9.17数据/log_8_2026-9-17-06-17-52.ulg,0,275,51,62276591,62769388,63774733,0.492797,Sep17,Stabilized,lower_change,0,0.051882619382519896,False,0.17501560325225923,False,0.17416305651224923,False,0.12228112071391462,False
validation:9.17数据/log_8_2026-9-17-06-17-52.ulg:0:325,9.17数据/log_8_2026-9-17-06-17-52.ulg,0,325,51,63272114,63774733,64770223,0.5026189999999999,Sep17,Stabilized,sustained,1,0.01576766195839868,False,0.12018094574530601,False,0.7505993709206097,True,0.195076267456226,False
validation:9.17数据/log_8_2026-9-17-06-17-52.ulg:0:375,9.17数据/log_8_2026-9-17-06-17-52.ulg,0,375,51,64267583,64770223,65775556,0.50264,Sep17,Stabilized,lower_change,0,0.07020940300658761,False,0.14129028323841555,False,0.11393676996235733,False,0.07579276079354982,False
validation:9.17数据/log_8_2026-9-17-06-17-52.ulg:0:425,9.17数据/log_8_2026-9-17-06-17-52.ulg,0,425,51,65273132,65775556,66771070,0.502424,Sep17,Stabilized,sustained,1,0.017197430668851398,False,0.1159111302959963,False,0.6454816826209538,True,0.12875664102419898,False
validation:9.17数据/log_8_2026-9-17-06-17-52.ulg:0:475,9.17数据/log_8_2026-9-17-06-17-52.ulg,0,475,51,66268512,66771070,67766577,0.502558,Sep17,Stabilized,sustained,1,0.008018343394041682,False,0.19227292656750103,True,0.44312104521303186,False,0.15280911030691693,False
validation:9.17数据/log_8_2026-9-17-06-17-52.ulg:0:525,9.17数据/log_8_2026-9-17-06-17-52.ulg,0,525,51,67273806,67766577,68771894,0.4927709999999999,Sep17,Stabilized,lower_change,0,0.005477571332220167,False,0.10597025172880421,False,0.3476009997391798,False,0.08014955384798571,False
validation:9.17数据/log_8_2026-9-17-06-17-52.ulg:0:575,9.17数据/log_8_2026-9-17-06-17-52.ulg,0,575,51,68269261,68771894,69777251,0.502633,Sep17,Stabilized,lower_change,0,0.0,False,0.11328282379472464,False,0.19850874936507312,False,0.07235389615281897,False
validation:9.17数据/log_8_2026-9-17-06-17-52.ulg:0:625,9.17数据/log_8_2026-9-17-06-17-52.ulg,0,625,51,69274829,69777251,70772760,0.5024219999999999,Sep17,Stabilized,lower_change,0,0.0248445042246836,False,0.08094028107999533,False,0.2621289009288424,False,0.0839878607492853,False
validation:9.17数据/log_8_2026-9-17-06-17-52.ulg:0:675,9.17数据/log_8_2026-9-17-06-17-52.ulg,0,675,51,70270092,70772760,71768297,0.502668,Sep17,Stabilized,lower_change,0,0.0020703273619530464,False,0.12046622772208994,False,0.3828732410650783,False,0.0365935793935468,False
validation:9.17数据/log_8_2026-9-17-06-17-52.ulg:1:25,9.17数据/log_8_2026-9-17-06-17-52.ulg,1,25,51,72369500,72872317,73867754,0.502817,Sep17,Mission,sustained,1,0.3830145119497968,True,0.10162053710425026,False,0.34075958161702197,False,0.037965012597158926,False
validation:9.17数据/log_8_2026-9-17-06-17-52.ulg:1:75,9.17数据/log_8_2026-9-17-06-17-52.ulg,1,75,51,73374870,73867754,74873379,0.492884,Sep17,Mission,sustained,1,0.38959207683402625,True,0.16317727340587443,False,0.20149937478681296,False,0.07545244734655554,False
validation:9.17数据/log_8_2026-9-17-06-17-52.ulg:1:125,9.17数据/log_8_2026-9-17-06-17-52.ulg,1,125,51,74370325,74873379,75868559,0.503054,Sep17,Mission,lower_change,0,0.17227834753933763,False,0.1338414319189527,False,0.17865578915302063,False,0.07790094408884322,False
validation:9.17数据/log_8_2026-9-17-06-17-52.ulg:1:175,9.17数据/log_8_2026-9-17-06-17-52.ulg,1,175,51,75375797,75868559,76873893,0.492762,Sep17,Mission,lower_change,0,0.04979753119106459,False,0.13657953550552396,False,0.3656331679569182,False,0.054125596246089064,False
validation:9.17数据/log_8_2026-9-17-06-17-52.ulg:1:225,9.17数据/log_8_2026-9-17-06-17-52.ulg,1,225,51,76371268,76873893,77869438,0.502625,Sep17,Mission,sustained,1,0.3674436059546802,True,0.08041974780840142,False,0.10874872450324569,False,0.0455339884121235,False
validation:9.17数据/log_8_2026-9-17-06-17-52.ulg:1:275,9.17数据/log_8_2026-9-17-06-17-52.ulg,1,275,51,77376558,77869438,78874758,0.49288,Sep17,Mission,sustained,1,0.38896887166558547,True,0.09570720447241306,False,0.44475772290211973,False,0.08040354355214667,False
validation:9.17数据/log_8_2026-9-17-06-17-52.ulg:1:325,9.17数据/log_8_2026-9-17-06-17-52.ulg,1,325,51,78372133,78874758,79870283,0.502625,Sep17,Mission,sustained,1,0.08862571211785618,False,0.1777328998053847,True,0.16940140053323555,False,0.04324217071579952,False
validation:9.17数据/log_8_2026-9-17-06-17-52.ulg:1:375,9.17数据/log_8_2026-9-17-06-17-52.ulg,1,375,51,79367598,79870283,80875638,0.5026849999999999,Sep17,Mission,sustained,1,0.32989057074657574,True,0.16743999838783663,False,0.21777757326446948,False,0.08470410364454216,False
validation:9.17数据/log_8_2026-9-17-06-17-52.ulg:1:425,9.17数据/log_8_2026-9-17-06-17-52.ulg,1,425,51,80372943,80875638,81871159,0.502695,Sep17,Mission,sustained,2,0.36568590233794995,True,0.12703630649980677,False,0.5352859245237521,True,0.08729914916940393,False
validation:9.17数据/log_8_2026-9-17-06-17-52.ulg:1:475,9.17数据/log_8_2026-9-17-06-17-52.ulg,1,475,51,81368521,81871159,82866680,0.502638,Sep17,Mission,lower_change,0,0.059448101878595526,False,0.09049727790699671,False,0.32349609733198537,False,0.07394539342027727,False
validation:9.17数据/log_8_2026-9-17-06-17-52.ulg:1:525,9.17数据/log_8_2026-9-17-06-17-52.ulg,1,525,51,82373779,82866680,83872002,0.492901,Sep17,Mission,sustained,1,0.3885844059937848,True,0.07605112893557141,False,0.3503132657767107,False,0.0851264274396074,False
validation:9.17数据/log_8_2026-9-17-06-17-52.ulg:1:575,9.17数据/log_8_2026-9-17-06-17-52.ulg,1,575,51,83369331,83872002,84867475,0.502671,Sep17,Mission,sustained,3,0.3838189841853355,True,0.2413793068045177,True,0.5130502210530532,True,0.07057599482643552,False
validation:9.17数据/log_8_2026-9-17-06-17-52.ulg:1:625,9.17数据/log_8_2026-9-17-06-17-52.ulg,1,625,51,84374691,84867475,85872875,0.492784,Sep17,Mission,sustained,2,0.38925840442101195,True,0.1492195998392923,False,0.47286193699692375,False,0.24158898170233975,True
validation:9.17数据/log_8_2026-9-17-06-17-52.ulg:1:675,9.17数据/log_8_2026-9-17-06-17-52.ulg,1,675,51,85370147,85872875,86868376,0.502728,Sep17,Mission,sustained,1,0.38380781364484207,True,0.16950679098326454,False,0.2965205781739899,False,0.17089261814238663,False
validation:9.17数据/log_8_2026-9-17-06-17-52.ulg:1:725,9.17数据/log_8_2026-9-17-06-17-52.ulg,1,725,51,86365658,86868376,87873714,0.502718,Sep17,Mission,lower_change,0,0.07517552877689083,False,0.0856678311773962,False,0.19996391077016493,False,0.044515653551356664,False
validation:9.17数据/log_8_2026-9-17-06-17-52.ulg:1:775,9.17数据/log_8_2026-9-17-06-17-52.ulg,1,775,51,87371042,87873714,88869256,0.502672,Sep17,Mission,lower_change,0,0.06389200503832655,False,0.1742392203651927,False,0.21121591275071097,False,0.09127946062105766,False
validation:9.17数据/log_8_2026-9-17-06-17-52.ulg:1:825,9.17数据/log_8_2026-9-17-06-17-52.ulg,1,825,51,88376387,88869256,89874621,0.492869,Sep17,Mission,lower_change,0,0.2766836468133799,False,0.07162888589045857,False,0.26609538650354203,False,0.07327632215879686,False
validation:9.17数据/log_8_2026-9-17-06-17-52.ulg:1:875,9.17数据/log_8_2026-9-17-06-17-52.ulg,1,875,51,89371939,89874621,90870107,0.502682,Sep17,Mission,sustained,3,0.36754782685418225,True,0.23268650048573739,True,0.6845449053854344,True,0.1184492398812896,False
validation:9.17数据/log_8_2026-9-17-06-17-52.ulg:1:925,9.17数据/log_8_2026-9-17-06-17-52.ulg,1,925,51,90367436,90870107,91875443,0.502671,Sep17,Mission,sustained,2,0.33531501150356974,True,0.09094016657632385,False,0.40390313739338807,False,0.237005535262226,True
validation:9.17数据/log_8_2026-9-17-06-17-52.ulg:1:975,9.17数据/log_8_2026-9-17-06-17-52.ulg,1,975,51,91372751,91875443,92870939,0.502692,Sep17,Mission,sustained,2,0.36585288968588286,True,0.1255480182837951,False,0.24050133238622062,False,0.28866833927181684,True
validation:9.17数据/log_8_2026-9-17-06-17-52.ulg:1:1025,9.17数据/log_8_2026-9-17-06-17-52.ulg,1,1025,51,92368279,92870939,93866447,0.50266,Sep17,Mission,sustained,1,0.18194015677063044,False,0.1710669043401119,False,0.18642198517982486,False,0.33974560061500414,True
validation:9.17数据/log_8_2026-9-17-06-17-52.ulg:1:1075,9.17数据/log_8_2026-9-17-06-17-52.ulg,1,1075,51,93373621,93866447,94871859,0.492826,Sep17,Mission,sustained,1,0.25297499276967744,False,0.09028878527900842,False,0.40102221656076453,False,0.6217305233789592,True
validation:9.17数据/log_8_2026-9-17-06-17-52.ulg:1:1125,9.17数据/log_8_2026-9-17-06-17-52.ulg,1,1125,51,94369117,94871859,95877283,0.502742,Sep17,Mission,sustained,1,0.38820118271313486,True,0.1336449465715156,False,0.20954023357191498,False,0.0827312821118227,False
validation:9.17数据/log_8_2026-9-17-06-17-52.ulg:1:1175,9.17数据/log_8_2026-9-17-06-17-52.ulg,1,1175,51,95374484,95877283,96872709,0.502799,Sep17,Mission,sustained,1,0.3659021906391287,True,0.12561178341117757,False,0.485421001774136,False,0.11551662642454118,False
validation:9.17数据/log_8_2026-9-17-06-17-52.ulg:1:1225,9.17数据/log_8_2026-9-17-06-17-52.ulg,1,1225,51,96370013,96872709,97868178,0.502696,Sep17,Mission,sustained,2,0.38187528586082325,True,0.23765367439183652,True,0.16986421520315467,False,0.1607642239823707,False
validation:9.17数据/log_8_2026-9-17-06-17-52.ulg:1:1275,9.17数据/log_8_2026-9-17-06-17-52.ulg,1,1275,51,97375373,97868178,98873622,0.492805,Sep17,Mission,sustained,2,0.3896511919414025,True,0.10223266288310028,False,0.23915336090258454,False,0.23485706799506212,True
validation:9.17数据/log_8_2026-9-17-06-17-52.ulg:1:1325,9.17数据/log_8_2026-9-17-06-17-52.ulg,1,1325,51,98370922,98873622,99869095,0.5026999999999999,Sep17,Mission,lower_change,0,0.06508962509359244,False,0.09789492030631786,False,0.2837943394993159,False,0.17233048301688425,False
validation:9.17数据/log_8_2026-9-17-06-17-52.ulg:1:1375,9.17数据/log_8_2026-9-17-06-17-52.ulg,1,1375,51,99376219,99869095,100874452,0.492876,Sep17,Mission,lower_change,0,0.27538302851981167,False,0.11927413547547072,False,0.39810021779996363,False,0.21485803860728545,False
validation:9.17数据/log_8_2026-9-17-06-17-52.ulg:1:1425,9.17数据/log_8_2026-9-17-06-17-52.ulg,1,1425,51,100371813,100874452,101870026,0.502639,Sep17,Mission,sustained,1,0.11261917281218144,False,0.13418799542571966,False,0.4417531620537512,False,0.37226375700451375,True
validation:9.17数据/log_8_2026-9-17-06-17-52.ulg:1:1475,9.17数据/log_8_2026-9-17-06-17-52.ulg,1,1475,51,101367312,101870026,102875301,0.502714,Sep17,Mission,sustained,3,0.18262779400680842,False,0.18009931515702193,True,0.5298973320705808,True,0.308827725117547,True
validation:9.17数据/log_8_2026-9-17-06-17-52.ulg:1:1525,9.17数据/log_8_2026-9-17-06-17-52.ulg,1,1525,51,102372637,102875301,103870783,0.502664,Sep17,Mission,mixed_change,1,0.08317599890696681,False,0.19976688441735133,True,0.22907507877327735,False,0.08653222809141002,False
validation:9.17数据/log_8_2026-9-17-06-17-52.ulg:1:1575,9.17数据/log_8_2026-9-17-06-17-52.ulg,1,1575,51,103377990,103870783,104866360,0.492793,Sep17,Mission,sustained,1,0.3873472901531431,True,0.09511893050854645,False,0.13401277231618577,False,0.10775441016374841,False
validation:9.17数据/log_8_2026-9-17-06-17-52.ulg:1:1625,9.17数据/log_8_2026-9-17-06-17-52.ulg,1,1625,51,104373731,104866360,105871697,0.492629,Sep17,Mission,lower_change,0,0.16243109049972995,False,0.09322484029716266,False,0.4561460060856846,False,0.1695204812161104,False
validation:9.17数据/log_8_2026-9-17-06-17-52.ulg:1:1675,9.17数据/log_8_2026-9-17-06-17-52.ulg,1,1675,51,105369033,105871697,106867158,0.502664,Sep17,Mission,sustained,2,0.3762368380037349,True,0.2996568573901425,True,0.3597818903650479,False,0.16040212292191033,False
validation:9.17数据/log_8_2026-9-17-06-17-52.ulg:1:1725,9.17数据/log_8_2026-9-17-06-17-52.ulg,1,1725,51,106374505,106867158,107872578,0.4926529999999999,Sep17,Mission,sustained,2,0.08102528644588992,False,0.10983107546533277,False,0.8027000184834486,True,0.3366837064331306,True
validation:9.17数据/log_8_2026-9-17-06-17-52.ulg:1:1775,9.17数据/log_8_2026-9-17-06-17-52.ulg,1,1775,51,107369878,107872578,108868042,0.5026999999999999,Sep17,Mission,lower_change,0,0.13846122045411624,False,0.10785866679340762,False,0.44730966764005387,False,0.11097016487842601,False
validation:9.17数据/log_8_2026-9-17-06-17-52.ulg:1:1825,9.17数据/log_8_2026-9-17-06-17-52.ulg,1,1825,51,108375515,108868042,109873435,0.492527,Sep17,Mission,sustained,1,0.17301758557925756,False,0.232838265073868,True,0.3656649498280793,False,0.033448978108443696,False
validation:9.17数据/log_8_2026-9-17-06-17-52.ulg:1:1875,9.17数据/log_8_2026-9-17-06-17-52.ulg,1,1875,51,109370813,109873435,110868955,0.502622,Sep17,Mission,sustained,1,0.19534115518598832,False,0.17827753920409734,True,0.13644801302693133,False,0.12271780584698014,False
validation:9.17数据/log_8_2026-9-17-06-17-52.ulg:1:1925,9.17数据/log_8_2026-9-17-06-17-52.ulg,1,1925,51,110376154,110868955,111874259,0.492801,Sep17,Mission,sustained,1,0.3897936862773623,True,0.08082751855410493,False,0.20517766412204422,False,0.07559199143211247,False
validation:9.17数据/log_8_2026-9-17-06-17-52.ulg:1:1975,9.17数据/log_8_2026-9-17-06-17-52.ulg,1,1975,51,111371620,111874259,112869767,0.502639,Sep17,Mission,sustained,1,0.36743082436406255,True,0.1275377878055824,False,0.25041812476102643,False,0.11744830113821116,False
validation:9.17数据/log_8_2026-9-17-06-17-52.ulg:1:2025,9.17数据/log_8_2026-9-17-06-17-52.ulg,1,2025,51,112367359,112869767,113875163,0.502408,Sep17,Mission,lower_change,0,0.09400035784596389,False,0.10722195917134163,False,0.08155371776942279,False,0.1682914195996464,False
validation:9.17数据/log_8_2026-9-17-06-17-52.ulg:1:2075,9.17数据/log_8_2026-9-17-06-17-52.ulg,1,2075,51,113372490,113875163,114870668,0.5026729999999999,Sep17,Mission,sustained,1,0.2483168115196301,False,0.21923139000370606,True,0.37049765969393234,False,0.14110484148518612,False
validation:9.17数据/log_8_2026-9-17-06-17-52.ulg:1:2125,9.17数据/log_8_2026-9-17-06-17-52.ulg,1,2125,51,114368070,114870668,115876010,0.502598,Sep17,Mission,sustained,1,0.126714405386309,False,0.10708813873028003,False,0.575180401092941,True,0.18337903536782654,False
validation:9.17数据/log_8_2026-9-17-06-17-52.ulg:1:2175,9.17数据/log_8_2026-9-17-06-17-52.ulg,1,2175,51,115373395,115876010,116871525,0.5026149999999999,Sep17,Mission,mixed_change,1,0.19912119403407472,False,0.09874921610761242,False,0.40222818250844716,False,0.2889828271151662,True
validation:9.17数据/log_8_2026-9-17-06-17-52.ulg:1:2225,9.17数据/log_8_2026-9-17-06-17-52.ulg,1,2225,51,116369105,116871525,117867033,0.50242,Sep17,Mission,lower_change,0,0.12714704252147105,False,0.12961854746548884,False,0.22510403138039542,False,0.05856963255275935,False
validation:9.17数据/log_8_2026-9-17-06-17-52.ulg:1:2275,9.17数据/log_8_2026-9-17-06-17-52.ulg,1,2275,51,117374215,117867033,118872402,0.492818,Sep17,Mission,sustained,2,0.18101439727891294,False,0.08960004499115895,False,0.5903331609911001,True,0.24515889188573714,True
validation:9.17数据/log_8_2026-9-17-06-17-52.ulg:1:2325,9.17数据/log_8_2026-9-17-06-17-52.ulg,1,2325,51,118369810,118872402,119867890,0.5025919999999999,Sep17,Mission,lower_change,0,0.1755187470097661,False,0.16610875230519923,False,0.33314264438208324,False,0.13479858178387788,False
validation:9.17数据/log_8_2026-9-17-06-17-52.ulg:1:2375,9.17数据/log_8_2026-9-17-06-17-52.ulg,1,2375,51,119375145,119867890,120873228,0.492745,Sep17,Mission,sustained,1,0.37418888422398483,True,0.12221977715082315,False,0.1772939696156662,False,0.09547731507662097,False
validation:9.17数据/log_8_2026-9-17-06-17-52.ulg:1:2425,9.17数据/log_8_2026-9-17-06-17-52.ulg,1,2425,51,120370847,120873228,121868745,0.502381,Sep17,Mission,sustained,1,0.184155964250476,False,0.12403318330971014,False,0.7430492964968781,True,0.12629815906564246,False
validation:9.17数据/log_8_2026-9-17-06-17-52.ulg:1:2475,9.17数据/log_8_2026-9-17-06-17-52.ulg,1,2475,51,121366141,121868745,122874091,0.5026039999999999,Sep17,Mission,lower_change,0,0.23033257188343362,False,0.14572833928613252,False,0.25044632601288025,False,0.05681890670914559,False
validation:9.17数据/log_8_2026-9-17-06-17-52.ulg:1:2525,9.17数据/log_8_2026-9-17-06-17-52.ulg,1,2525,51,122371616,122874091,123869597,0.502475,Sep17,Mission,sustained,3,0.37518491798945136,True,0.12641572046500663,False,0.7705905078605684,True,0.2814545436151962,True
validation:9.17数据/log_8_2026-9-17-06-17-52.ulg:1:2575,9.17数据/log_8_2026-9-17-06-17-52.ulg,1,2575,51,123376861,123869597,124875011,0.4927359999999999,Sep17,Mission,sustained,1,0.389124137096503,True,0.10994749562805012,False,0.16196641690263572,False,0.053873722618029043,False
validation:9.17数据/log_8_2026-9-17-06-17-52.ulg:1:2625,9.17数据/log_8_2026-9-17-06-17-52.ulg,1,2625,51,124372574,124875011,125870491,0.502437,Sep17,Mission,lower_change,0,0.19458071109239616,False,0.15853633352875515,False,0.25755246641062446,False,0.14163543320260535,False
validation:9.17数据/log_8_2026-9-17-06-17-52.ulg:1:2675,9.17数据/log_8_2026-9-17-06-17-52.ulg,1,2675,51,125367875,125870491,126875817,0.502616,Sep17,Mission,lower_change,0,0.17009478861240399,False,0.1325443515857145,False,0.3131392237557289,False,0.13215124014272864,False
validation:9.17数据/log_8_2026-9-17-06-17-52.ulg:1:2725,9.17数据/log_8_2026-9-17-06-17-52.ulg,1,2725,51,126373196,126875817,127871353,0.502621,Sep17,Mission,sustained,3,0.3609094775610635,True,0.18640471232307998,True,0.5964152240018049,True,0.15069165870036896,False
validation:9.17数据/log_8_2026-9-17-06-17-52.ulg:1:2775,9.17数据/log_8_2026-9-17-06-17-52.ulg,1,2775,51,127368683,127871353,128866848,0.50267,Sep17,Mission,sustained,2,0.3874516194810966,True,0.1709905092854479,False,0.600564675301499,True,0.07404825744569296,False
validation:9.17数据/log_8_2026-9-17-06-17-52.ulg:1:2825,9.17数据/log_8_2026-9-17-06-17-52.ulg,1,2825,51,128374021,128866848,129872231,0.4928269999999999,Sep17,Mission,sustained,1,0.3891332160138181,True,0.11957000042986228,False,0.2704017383258465,False,0.11530974635836222,False
validation:9.17数据/log_8_2026-9-17-06-17-52.ulg:1:2875,9.17数据/log_8_2026-9-17-06-17-52.ulg,1,2875,51,129369640,129872231,130877556,0.502591,Sep17,Mission,mixed_change,1,0.16063294880374515,False,0.18101209891119194,True,0.12155054202768928,False,0.05047036522227035,False
validation:9.17数据/log_8_2026-9-17-06-17-52.ulg:1:2925,9.17数据/log_8_2026-9-17-06-17-52.ulg,1,2925,51,130374908,130877556,131873037,0.502648,Sep17,Mission,lower_change,0,0.2805518826545145,False,0.11037310334035931,False,0.2894224280310303,False,0.1400264278112055,False
validation:9.17数据/log_8_2026-9-17-06-17-52.ulg:1:2975,9.17数据/log_8_2026-9-17-06-17-52.ulg,1,2975,51,131370442,131873037,132868561,0.502595,Sep17,Mission,sustained,1,0.36283166666510086,True,0.11870189968385199,False,0.3480600082637549,False,0.07216438860474371,False
validation:9.17数据/log_8_2026-9-17-06-17-52.ulg:1:3025,9.17数据/log_8_2026-9-17-06-17-52.ulg,1,3025,51,132365893,132868561,133873938,0.502668,Sep17,Mission,lower_change,0,0.17885711042067076,False,0.1006191234929555,False,0.33426114959360415,False,0.08636928598455176,False
validation:9.17数据/log_8_2026-9-17-06-17-52.ulg:1:3075,9.17数据/log_8_2026-9-17-06-17-52.ulg,1,3075,51,133371222,133873938,134869413,0.5027159999999999,Sep17,Mission,lower_change,0,0.22260569166581404,False,0.1417582444427074,False,0.15529435320171803,False,0.13803660917779195,False
validation:9.17数据/log_8_2026-9-17-06-17-52.ulg:1:3125,9.17数据/log_8_2026-9-17-06-17-52.ulg,1,3125,51,134376615,134869413,135874806,0.4927979999999999,Sep17,Mission,lower_change,0,0.05853669736369962,False,0.17224813289008709,False,0.3981379136312599,False,0.1518453688265148,False
validation:9.17数据/log_8_2026-9-17-06-17-52.ulg:1:3175,9.17数据/log_8_2026-9-17-06-17-52.ulg,1,3175,51,135372143,135874806,136870312,0.502663,Sep17,Mission,sustained,1,0.3657011225292261,True,0.1123071485812549,False,0.35493276352260483,False,0.20044465677758966,False
validation:9.17数据/log_8_2026-9-17-06-17-52.ulg:1:3225,9.17数据/log_8_2026-9-17-06-17-52.ulg,1,3225,51,136367599,136870312,137875673,0.502713,Sep17,Mission,sustained,1,0.13121891347561818,False,0.12190255209774865,False,0.5831104192717768,True,0.0918577496813116,False
validation:9.17数据/log_8_2026-9-17-06-17-52.ulg:1:3275,9.17数据/log_8_2026-9-17-06-17-52.ulg,1,3275,51,137373006,137875673,138871158,0.502667,Sep17,Mission,lower_change,0,0.20984979970389178,False,0.1653272111295976,False,0.32218908748226494,False,0.06169345095528058,False
validation:9.17数据/log_8_2026-9-17-06-17-52.ulg:1:3325,9.17数据/log_8_2026-9-17-06-17-52.ulg,1,3325,51,138368487,138871158,139866629,0.502671,Sep17,Mission,lower_change,0,0.147844553988947,False,0.1523446685924133,False,0.24610151585370077,False,0.18357038271597853,False
validation:9.17数据/log_8_2026-9-17-06-17-52.ulg:1:3375,9.17数据/log_8_2026-9-17-06-17-52.ulg,1,3375,51,139373821,139866629,140871983,0.4928079999999999,Sep17,Mission,sustained,1,0.38914176294997216,True,0.11247889647697222,False,0.3788277770747287,False,0.08104177215325976,False
validation:9.17数据/log_8_2026-9-17-06-17-52.ulg:1:3425,9.17数据/log_8_2026-9-17-06-17-52.ulg,1,3425,51,140369316,140871983,141877434,0.502667,Sep17,Mission,mixed_change,1,0.3302109292611581,True,0.10802419729950109,False,0.28198985389780934,False,0.1254232815971931,False
validation:9.17数据/log_8_2026-9-17-06-17-52.ulg:1:3475,9.17数据/log_8_2026-9-17-06-17-52.ulg,1,3475,51,141374664,141877434,142872905,0.5027699999999999,Sep17,Mission,lower_change,0,0.2711328066377522,False,0.10861644487624837,False,0.2711476010445171,False,0.10073072220000709,False
validation:9.17数据/log_8_2026-9-17-06-17-52.ulg:1:3525,9.17数据/log_8_2026-9-17-06-17-52.ulg,1,3525,51,142370146,142872905,143868312,0.502759,Sep17,Mission,mixed_change,1,0.31401070419023475,True,0.15837719604962977,False,0.3402449870587304,False,0.15389955876769199,False
validation:9.17数据/log_8_2026-9-17-06-17-52.ulg:1:3575,9.17数据/log_8_2026-9-17-06-17-52.ulg,1,3575,51,143375506,143868312,144873673,0.4928059999999999,Sep17,Mission,sustained,2,0.3660306915776668,True,0.08206473556313666,False,0.21124405232586135,False,0.32586340058738306,True
validation:9.17数据/log_8_2026-9-17-06-17-52.ulg:1:3625,9.17数据/log_8_2026-9-17-06-17-52.ulg,1,3625,51,144371038,144873673,145869333,0.5026349999999999,Sep17,Mission,sustained,1,0.38078948471300283,True,0.1014833933678558,False,0.19343647775837022,False,0.11052361167469844,False
validation:9.17数据/log_8_2026-9-17-06-17-52.ulg:1:3675,9.17数据/log_8_2026-9-17-06-17-52.ulg,1,3675,51,145376427,145869333,146874552,0.4929059999999999,Sep17,Mission,lower_change,0,0.1847984857882328,False,0.10536583633280562,False,0.1786410836443895,False,0.1337712035302809,False
validation:9.17数据/log_8_2026-9-17-06-17-52.ulg:1:3725,9.17数据/log_8_2026-9-17-06-17-52.ulg,1,3725,51,146371847,146874552,147870014,0.502705,Sep17,Mission,lower_change,0,0.10741204151517575,False,0.09616521293800719,False,0.45547615680447157,False,0.08967336377743829,False
validation:9.17数据/log_8_2026-9-17-06-17-52.ulg:1:3775,9.17数据/log_8_2026-9-17-06-17-52.ulg,1,3775,51,147367341,147870014,148875406,0.5026729999999999,Sep17,Mission,lower_change,0,0.2783412470019194,False,0.15317777265579088,False,0.3372642641848187,False,0.1211683963625958,False
validation:9.17数据/log_8_2026-9-17-06-17-52.ulg:1:3825,9.17数据/log_8_2026-9-17-06-17-52.ulg,1,3825,51,148372732,148875406,149871014,0.502674,Sep17,Mission,sustained,1,0.38887226255112034,True,0.15394652168066922,False,0.3368423755441401,False,0.09296689925935236,False
validation:9.17数据/log_8_2026-9-17-06-17-52.ulg:1:3875,9.17数据/log_8_2026-9-17-06-17-52.ulg,1,3875,51,149368185,149871014,150876265,0.502829,Sep17,Mission,lower_change,0,0.26546113992554354,False,0.11133326298690892,False,0.17203891689357245,False,0.10890453037033912,False
validation:9.17数据/log_8_2026-9-17-06-17-52.ulg:1:3925,9.17数据/log_8_2026-9-17-06-17-52.ulg,1,3925,51,150373587,150876265,151871824,0.502678,Sep17,Mission,lower_change,0,0.24243098658597825,False,0.15015528893681812,False,0.1963570771569035,False,0.12026472805943544,False
validation:9.17数据/log_8_2026-9-17-06-17-52.ulg:1:3975,9.17数据/log_8_2026-9-17-06-17-52.ulg,1,3975,51,151369092,151871824,152867277,0.502732,Sep17,Mission,sustained,1,0.16027692714569525,False,0.2555332185175139,True,0.23816262387524367,False,0.11401956357038706,False
validation:9.17数据/log_8_2026-9-17-06-17-52.ulg:1:4025,9.17数据/log_8_2026-9-17-06-17-52.ulg,1,4025,51,152374436,152867277,153872824,0.492841,Sep17,Mission,sustained,1,0.09603703542368709,False,0.3397353655193816,True,0.0999358397930638,False,0.07052724084860103,False
validation:9.17数据/log_8_2026-9-17-06-17-52.ulg:1:4075,9.17数据/log_8_2026-9-17-06-17-52.ulg,1,4075,51,153369907,153872824,154868092,0.502917,Sep17,Mission,mixed_change,2,0.34458717287802904,True,0.11028523947781152,False,0.19780016182250218,False,0.2515600315826043,True
validation:9.17数据/log_8_2026-9-17-06-17-52.ulg:1:4125,9.17数据/log_8_2026-9-17-06-17-52.ulg,1,4125,51,154375246,154868092,155873489,0.4928459999999999,Sep17,Mission,sustained,1,0.3800570179049842,True,0.16657305055454424,False,0.30885665893604414,False,0.08944411658094338,False
validation:9.17数据/log_8_2026-9-17-06-17-52.ulg:1:4175,9.17数据/log_8_2026-9-17-06-17-52.ulg,1,4175,51,155370728,155873489,156868977,0.502761,Sep17,Mission,lower_change,0,0.19039835339207717,False,0.0842949219675537,False,0.2621621776255273,False,0.09084156665931935,False
validation:9.17数据/log_8_2026-9-17-06-17-52.ulg:1:4225,9.17数据/log_8_2026-9-17-06-17-52.ulg,1,4225,51,156366222,156868977,157874563,0.502755,Sep17,Mission,sustained,1,0.38938535988519984,True,0.1042518835949016,False,0.1855768847960727,False,0.18573238627803132,False
validation:9.17数据/log_8_2026-9-17-06-17-52.ulg:1:4275,9.17数据/log_8_2026-9-17-06-17-52.ulg,1,4275,51,157371574,157874563,158869774,0.502989,Sep17,Mission,mixed_change,2,0.36538479463569323,True,0.15819347702979886,False,0.5657007096736705,True,0.0977251965501371,False
validation:9.17数据/log_8_2026-9-17-06-17-52.ulg:1:4325,9.17数据/log_8_2026-9-17-06-17-52.ulg,1,4325,51,158376941,158869774,159875221,0.4928329999999999,Sep17,Mission,sustained,2,0.388483493847558,True,0.19361968911482993,True,0.35274780039697146,False,0.03993793319388476,False
validation:9.17数据/log_8_2026-9-17-06-17-52.ulg:1:4375,9.17数据/log_8_2026-9-17-06-17-52.ulg,1,4375,51,159372461,159875221,160870617,0.50276,Sep17,Mission,lower_change,0,0.14677934422587924,False,0.08895350027303019,False,0.35482354198330673,False,0.04421471382429217,False
validation:9.17数据/log_8_2026-9-17-06-17-52.ulg:1:4425,9.17数据/log_8_2026-9-17-06-17-52.ulg,1,4425,51,160367972,160870617,161876191,0.502645,Sep17,Mission,sustained,1,0.3415413286694127,True,0.08786995875914178,False,0.4350053167906874,False,0.17302913042257226,False
validation:9.17数据/log_8_2026-9-17-06-17-52.ulg:1:4475,9.17数据/log_8_2026-9-17-06-17-52.ulg,1,4475,51,161373276,161876191,162871486,0.502915,Sep17,Mission,sustained,1,0.3655745346324712,True,0.10804218720423937,False,0.4166027722100972,False,0.0641502333708345,False
validation:9.17数据/log_8_2026-9-17-06-17-52.ulg:1:4525,9.17数据/log_8_2026-9-17-06-17-52.ulg,1,4525,51,162368802,162871486,163867069,0.502684,Sep17,Mission,sustained,2,0.35846294663356887,True,0.08822754514539904,False,0.7548374147163245,True,0.20818669829610384,False
validation:9.17数据/log_8_2026-9-17-06-17-52.ulg:1:4575,9.17数据/log_8_2026-9-17-06-17-52.ulg,1,4575,51,163374153,163867069,164872389,0.4929159999999999,Sep17,Mission,lower_change,0,0.26293707734908267,False,0.10589078640735018,False,0.4347596432811241,False,0.16403460979104464,False
validation:9.17数据/log_8_2026-9-17-06-17-52.ulg:1:4625,9.17数据/log_8_2026-9-17-06-17-52.ulg,1,4625,51,164369586,164872389,165877870,0.502803,Sep17,Mission,sustained,1,0.31261929620568346,True,0.09742468230552834,False,0.36586092877706544,False,0.19356170586094118,False
validation:9.17数据/log_8_2026-9-17-06-17-52.ulg:1:4675,9.17数据/log_8_2026-9-17-06-17-52.ulg,1,4675,51,165374935,165877870,166873127,0.502935,Sep17,Mission,sustained,2,0.2072300534219092,False,0.11982634402091594,False,1.3694622394165297,True,0.6430810161417481,True
validation:9.17数据/log_8_2026-9-17-06-17-52.ulg:1:4725,9.17数据/log_8_2026-9-17-06-17-52.ulg,1,4725,51,166370492,166873127,167868691,0.5026349999999999,Sep17,Mission,sustained,1,0.37223627114714974,True,0.09718949162437697,False,0.16154403379718335,False,0.17813159544779011,False
validation:9.17数据/log_8_2026-9-17-06-17-52.ulg:1:4775,9.17数据/log_8_2026-9-17-06-17-52.ulg,1,4775,51,167365914,167868691,168873986,0.502777,Sep17,Mission,sustained,3,0.2585603105510495,False,0.2918407177472202,True,0.8912900534102828,True,0.3800589301054496,True
validation:9.17数据/log_8_2026-9-17-06-17-52.ulg:1:4825,9.17数据/log_8_2026-9-17-06-17-52.ulg,1,4825,51,168371269,168873986,169869442,0.502717,Sep17,Mission,mixed_change,3,0.37673563665073145,True,0.06992959111998845,False,0.7569862216348829,True,0.28146670355709924,True
validation:9.17数据/log_8_2026-9-17-06-17-52.ulg:1:4875,9.17数据/log_8_2026-9-17-06-17-52.ulg,1,4875,51,169376620,169869442,170874832,0.492822,Sep17,Mission,sustained,2,0.3889235682530701,True,0.21485033847169874,True,0.24589331687025937,False,0.17947156733514677,False
validation:9.17数据/log_8_2026-9-17-06-17-52.ulg:1:4925,9.17数据/log_8_2026-9-17-06-17-52.ulg,1,4925,51,170372179,170874832,171870357,0.502653,Sep17,Mission,sustained,1,0.365591672802624,True,0.09545721643200464,False,0.30921582858630275,False,0.11191587672839143,False
validation:9.17数据/log_8_2026-9-17-06-17-52.ulg:1:4975,9.17数据/log_8_2026-9-17-06-17-52.ulg,1,4975,51,171367627,171870357,172875666,0.50273,Sep17,Mission,mixed_change,3,0.30389011925559367,True,0.10320482897153085,False,0.6789463065073184,True,0.35289742024416404,True
validation:9.17数据/log_8_2026-9-17-06-17-52.ulg:1:5025,9.17数据/log_8_2026-9-17-06-17-52.ulg,1,5025,51,172372928,172875666,173871086,0.502738,Sep17,Mission,sustained,1,0.36589685590829285,True,0.10759932059127064,False,0.24197687574851076,False,0.13624594739988913,False
validation:9.17数据/log_8_2026-9-17-06-17-52.ulg:1:5075,9.17数据/log_8_2026-9-17-06-17-52.ulg,1,5075,51,173368438,173871086,174866596,0.502648,Sep17,Mission,sustained,2,0.2170258268619768,False,0.24995311979764875,True,0.22879306368862323,False,0.23835525722204795,True
validation:9.17数据/log_8_2026-9-17-06-17-52.ulg:1:5125,9.17数据/log_8_2026-9-17-06-17-52.ulg,1,5125,51,174373768,174866596,175871941,0.492828,Sep17,Mission,sustained,1,0.1033195993927682,False,0.23410656480369504,True,0.19443666904502083,False,0.1681423851665078,False
validation:9.17数据/log_8_2026-9-17-06-17-52.ulg:1:5175,9.17数据/log_8_2026-9-17-06-17-52.ulg,1,5175,51,175369269,175871941,176877292,0.502672,Sep17,Mission,sustained,1,0.3864313270012227,True,0.10834151944475229,False,0.17476142299501266,False,0.2042841198262041,False
validation:9.17数据/log_8_2026-9-17-06-17-52.ulg:1:5225,9.17数据/log_8_2026-9-17-06-17-52.ulg,1,5225,51,176374641,176877292,177872799,0.502651,Sep17,Mission,lower_change,0,0.14320543460795052,False,0.09883634644827169,False,0.38868626055728567,False,0.186323842889325,False
validation:9.17数据/log_8_2026-9-17-06-17-52.ulg:1:5275,9.17数据/log_8_2026-9-17-06-17-52.ulg,1,5275,51,177370086,177872799,178868241,0.502713,Sep17,Mission,lower_change,0,0.27410862540695696,False,0.12539858072358173,False,0.13509397920659527,False,0.059784842669502354,False
validation:9.17数据/log_8_2026-9-17-06-17-52.ulg:2:25,9.17数据/log_8_2026-9-17-06-17-52.ulg,2,25,51,179045796,179548415,180553666,0.5026189999999999,Sep17,Stabilized,sustained,2,0.36645281084973413,True,0.18403779513797608,True,0.4286188121995638,False,0.04984456438952484,False
validation:9.17数据/log_8_2026-9-17-06-17-52.ulg:2:75,9.17数据/log_8_2026-9-17-06-17-52.ulg,2,75,51,180051081,180553666,181549199,0.502585,Sep17,Stabilized,sustained,2,0.00686649905280457,False,0.09031127105792842,False,0.8536679738997452,True,0.26484115365635325,True
validation:9.17数据/log_8_2026-9-17-06-17-52.ulg:2:125,9.17数据/log_8_2026-9-17-06-17-52.ulg,2,125,51,181056371,181549199,182554507,0.492828,Sep17,Stabilized,lower_change,0,0.11288635220881976,False,0.12715062122175808,False,0.25410485744173733,False,0.17733987673695228,False
validation:9.17数据/log_8_2026-9-17-06-17-52.ulg:2:175,9.17数据/log_8_2026-9-17-06-17-52.ulg,2,175,51,182051849,182554507,183549987,0.5026579999999999,Sep17,Stabilized,sustained,1,0.0,False,0.335405642188229,True,0.46086657926500324,False,0.06959774226439071,False
validation:9.17数据/log_8_2026-9-17-06-17-52.ulg:2:225,9.17数据/log_8_2026-9-17-06-17-52.ulg,2,225,51,183047312,183549987,184555356,0.502675,Sep17,Stabilized,lower_change,0,0.2651267656448811,False,0.11100615482093139,False,0.21711767321071723,False,0.14368267207005175,False
validation:9.17数据/log_8_2026-9-17-06-17-52.ulg:2:275,9.17数据/log_8_2026-9-17-06-17-52.ulg,2,275,51,184052662,184555356,185550824,0.502694,Sep17,Stabilized,sustained,2,0.44027997518174533,True,0.31665375419566716,True,0.23009314618342333,False,0.1944318756409347,False
validation:9.17数据/log_8_2026-9-17-06-17-52.ulg:2:325,9.17数据/log_8_2026-9-17-06-17-52.ulg,2,325,51,185048204,185550824,186546355,0.50262,Sep17,Stabilized,lower_change,0,0.2332340378747129,False,0.12285123865344089,False,0.4075998730996823,False,0.2034600031341414,False
validation:9.17数据/log_8_2026-9-17-06-17-52.ulg:2:375,9.17数据/log_8_2026-9-17-06-17-52.ulg,2,375,51,186053506,186546355,187551717,0.492849,Sep17,Stabilized,sustained,1,0.018048695501600966,False,0.07680860560266703,False,0.49667486349538253,True,0.1874970689802528,False
validation:9.17数据/log_8_2026-9-17-06-17-52.ulg:2:425,9.17数据/log_8_2026-9-17-06-17-52.ulg,2,425,51,187048969,187551717,188556978,0.502748,Sep17,Stabilized,sustained,1,0.0,False,0.11052337058962569,False,0.3849594045384941,False,0.7229106167448339,True
validation:9.17数据/log_8_2026-9-17-06-17-52.ulg:2:475,9.17数据/log_8_2026-9-17-06-17-52.ulg,2,475,51,188054327,188556978,189552536,0.502651,Sep17,Stabilized,sustained,1,0.17821896674966176,False,0.09421554248003645,False,0.5179058879084268,True,0.1823006299550598,False
validation:9.17数据/log_8_2026-9-17-06-17-52.ulg:2:525,9.17数据/log_8_2026-9-17-06-17-52.ulg,2,525,51,189049843,189552536,190548062,0.502693,Sep17,Stabilized,lower_change,0,0.009024347750800483,False,0.13203500491097506,False,0.21954864493863488,False,0.08825448169387139,False
validation:9.17数据/log_8_2026-9-17-06-17-52.ulg:2:575,9.17数据/log_8_2026-9-17-06-17-52.ulg,2,575,51,190055170,190548062,191553323,0.492892,Sep17,Stabilized,sustained,1,0.0,False,0.12327753532888028,False,0.20974506528486886,False,0.29801863654516264,True
validation:9.17数据/log_8_2026-9-17-06-17-52.ulg:2:625,9.17数据/log_8_2026-9-17-06-17-52.ulg,2,625,51,191050657,191553323,192548859,0.502666,Sep17,Stabilized,sustained,1,0.016946359810845742,False,0.30925726204671145,True,0.26497833105249696,False,0.06898362907103944,False
validation:9.17数据/log_8_2026-9-17-06-17-52.ulg:2:675,9.17数据/log_8_2026-9-17-06-17-52.ulg,2,675,51,192055997,192548859,193554102,0.4928619999999999,Sep17,Stabilized,lower_change,0,0.008536178392938775,False,0.12397932926460832,False,0.3426588190589372,False,0.1704704958955512,False
validation:9.17数据/log_8_2026-9-17-06-17-52.ulg:2:725,9.17数据/log_8_2026-9-17-06-17-52.ulg,2,725,51,193051486,193554102,194549605,0.502616,Sep17,Stabilized,lower_change,0,0.008536178392938775,False,0.14032915158633108,False,0.3919449749418121,False,0.18317709846919364,False
validation:9.17数据/log_8_2026-9-17-06-17-52.ulg:2:775,9.17数据/log_8_2026-9-17-06-17-52.ulg,2,775,51,194046932,194549605,195554983,0.5026729999999999,Sep17,Stabilized,sustained,2,0.011527227888520246,False,0.21249047691611322,True,0.4259476377330714,False,0.6290693174589365,True
validation:9.17数据/log_8_2026-9-17-06-17-52.ulg:2:825,9.17数据/log_8_2026-9-17-06-17-52.ulg,2,825,51,195052281,195554983,196550413,0.502702,Sep17,Stabilized,sustained,2,0.013094290165530093,False,0.20745969494168967,True,0.37679541490478685,False,0.4838485736768539,True
validation:9.17数据/log_8_2026-9-17-06-17-52.ulg:2:875,9.17数据/log_8_2026-9-17-06-17-52.ulg,2,875,51,196057601,196550413,197555832,0.492812,Sep17,Stabilized,mixed_change,2,0.006210982085859138,False,0.13965971063658028,False,0.7434628392438449,True,0.6151481252701447,True
validation:9.17数据/log_8_2026-9-17-06-17-52.ulg:2:925,9.17数据/log_8_2026-9-17-06-17-52.ulg,2,925,51,197053129,197555832,198551391,0.502703,Sep17,Stabilized,sustained,3,0.08161489505450756,False,0.31636746162361074,True,0.9056286116499233,True,0.5779377328381325,True
validation:9.17数据/log_8_2026-9-17-06-17-52.ulg:2:975,9.17数据/log_8_2026-9-17-06-17-52.ulg,2,975,51,198048581,198551391,199556596,0.50281,Sep17,Stabilized,lower_change,0,0.019858139764762278,False,0.1455425028233597,False,0.32751213958543524,False,0.19821985401546438,False
validation:9.17数据/log_8_2026-9-17-06-17-52.ulg:2:1025,9.17数据/log_8_2026-9-17-06-17-52.ulg,2,1025,51,199053902,199556596,200552113,0.502694,Sep17,Stabilized,sustained,2,0.03621644568400082,False,0.33098078373708384,True,1.6301014878700877,True,0.18191041754287904,False
validation:9.17数据/log_8_2026-9-17-06-17-52.ulg:2:1075,9.17数据/log_8_2026-9-17-06-17-52.ulg,2,1075,51,200049423,200552113,201547553,0.50269,Sep17,Stabilized,mixed_change,2,0.010142491274614685,False,0.08656172984185832,False,0.9379388288651973,True,0.2769915451993257,True
validation:9.17数据/log_8_2026-9-17-06-17-52.ulg:2:1125,9.17数据/log_8_2026-9-17-06-17-52.ulg,2,1125,51,201054722,201547553,202553224,0.4928309999999999,Sep17,Stabilized,sustained,2,0.33143047283833993,True,0.1054421281848355,False,0.34343094946816594,False,0.22594546119721198,True
validation:9.17数据/log_8_2026-9-17-06-17-52.ulg:2:1175,9.17数据/log_8_2026-9-17-06-17-52.ulg,2,1175,51,202050244,202553224,203548404,0.50298,Sep17,Stabilized,mixed_change,2,0.015102586296706631,False,0.08048074530123214,False,0.6903577797624446,True,0.29594408958027085,True
validation:9.17数据/log_8_2026-9-17-06-17-52.ulg:2:1225,9.17数据/log_8_2026-9-17-06-17-52.ulg,2,1225,51,203055537,203548404,204553800,0.492867,Sep17,Stabilized,sustained,2,0.4054950604587829,True,0.2869653028453687,True,0.20128756586473234,False,0.11172494731967458,False
validation:9.17数据/log_8_2026-9-17-06-17-52.ulg:2:1275,9.17数据/log_8_2026-9-17-06-17-52.ulg,2,1275,51,204051042,204553800,205549220,0.5027579999999999,Sep17,Stabilized,sustained,1,1.1155638587098429,True,0.14850122320690362,False,0.3365653436446123,False,0.0652788775560983,False
validation:9.17数据/log_9_2026-9-17-06-28-10.ulg:0:25,9.17数据/log_9_2026-9-17-06-28-10.ulg,0,25,51,366979640,367472541,368477935,0.492901,Sep17,Stabilized,sustained,4,0.7825220723078322,True,1.6011912559786747,True,1.1594441992865774,True,1.4810429312717612,True
validation:9.17数据/log_9_2026-9-17-06-28-10.ulg:0:75,9.17数据/log_9_2026-9-17-06-28-10.ulg,0,75,51,367975178,368477935,369473526,0.502757,Sep17,Stabilized,mixed_change,3,0.3780477668064002,True,0.190264280038681,True,0.32184939729567535,False,1.8735596161597923,True
validation:9.17数据/log_9_2026-9-17-06-28-10.ulg:0:125,9.17数据/log_9_2026-9-17-06-28-10.ulg,0,125,51,368970756,369473526,370478983,0.5027699999999999,Sep17,Stabilized,lower_change,0,0.08077052005658307,False,0.17418609364928733,False,0.3005969022633388,False,0.1333385424190506,False
validation:9.17数据/log_9_2026-9-17-06-28-10.ulg:0:175,9.17数据/log_9_2026-9-17-06-28-10.ulg,0,175,51,369976251,370478983,371474540,0.502732,Sep17,Stabilized,lower_change,0,0.023331601562003874,False,0.1134550502846241,False,0.1968688842906935,False,0.19046886468174745,False
validation:9.17数据/log_9_2026-9-17-06-28-10.ulg:0:225,9.17数据/log_9_2026-9-17-06-28-10.ulg,0,225,51,370971826,371474540,372470086,0.502714,Sep17,Stabilized,sustained,1,0.07721630681234111,False,0.19216130138200116,True,0.15437034173035447,False,0.10459617911083055,False
validation:9.17数据/log_9_2026-9-17-06-28-10.ulg:0:275,9.17数据/log_9_2026-9-17-06-28-10.ulg,0,275,51,371977205,372470086,373475521,0.4928809999999999,Sep17,Stabilized,sustained,1,0.08551291710435709,False,0.11237040797160061,False,0.2768073906195247,False,0.3433781000152959,True
validation:9.17数据/log_9_2026-9-17-06-28-10.ulg:0:325,9.17数据/log_9_2026-9-17-06-28-10.ulg,0,325,51,372972823,373475521,374481077,0.502698,Sep17,Stabilized,lower_change,0,0.03949989779644931,False,0.16706529674843684,False,0.35756685809861527,False,0.04886832684368719,False
validation:9.17数据/log_9_2026-9-17-06-28-10.ulg:0:375,9.17数据/log_9_2026-9-17-06-28-10.ulg,0,375,51,373978258,374481077,375476518,0.502819,Sep17,Stabilized,sustained,1,0.018048695501600966,False,0.10645385251487398,False,0.2766152733339065,False,0.25724213930681933,True
validation:9.17数据/log_9_2026-9-17-06-28-10.ulg:0:425,9.17数据/log_9_2026-9-17-06-28-10.ulg,0,425,51,374973822,375476518,376472090,0.502696,Sep17,Stabilized,sustained,1,0.004140654723906093,False,0.2003079050350672,True,0.18759645218879814,False,0.04431916457160323,False
validation:9.17数据/log_9_2026-9-17-06-28-10.ulg:0:475,9.17数据/log_9_2026-9-17-06-28-10.ulg,0,475,51,375979363,376472090,377477579,0.4927269999999999,Sep17,Stabilized,sustained,2,0.008281309447812185,False,0.1905658587809771,True,0.6395281557955866,True,0.13838191198762004,False
validation:9.17数据/log_9_2026-9-17-06-28-10.ulg:0:525,9.17数据/log_9_2026-9-17-06-28-10.ulg,0,525,51,376974855,377477579,378473285,0.502724,Sep17,Stabilized,sustained,2,0.004140654723906093,False,0.13135408400633689,False,0.6496366435956092,True,0.2381714645866724,True
validation:9.17数据/log_9_2026-9-17-06-28-10.ulg:0:575,9.17数据/log_9_2026-9-17-06-28-10.ulg,0,575,51,377980283,378473285,379478666,0.493002,Sep17,Stabilized,lower_change,0,0.0,False,0.09318673337738927,False,0.240727810400828,False,0.08028388692923989,False
validation:9.17数据/log_9_2026-9-17-06-28-10.ulg:0:625,9.17数据/log_9_2026-9-17-06-28-10.ulg,0,625,51,378975925,379478666,380474143,0.502741,Sep17,Stabilized,lower_change,0,0.08371500646679768,False,0.07759469784337071,False,0.15638100475419756,False,0.04560178989331868,False
validation:9.17数据/log_9_2026-9-17-06-28-10.ulg:0:675,9.17数据/log_9_2026-9-17-06-28-10.ulg,0,675,51,379971425,380474143,381479619,0.502718,Sep17,Stabilized,sustained,1,0.0,False,0.1388104860960425,False,0.7424017035625335,True,0.11205483658039415,False
validation:9.17数据/log_9_2026-9-17-06-28-10.ulg:1:25,9.17数据/log_9_2026-9-17-06-28-10.ulg,1,25,51,382189381,382692023,383697559,0.5026419999999999,Sep17,Mission,sustained,1,0.3898122446471863,True,0.115018371801531,False,0.41010900248059956,False,0.08506886090758914,False
validation:9.17数据/log_9_2026-9-17-06-28-10.ulg:1:75,9.17数据/log_9_2026-9-17-06-28-10.ulg,1,75,51,383194728,383697559,384693043,0.502831,Sep17,Mission,sustained,1,0.3904995556923129,True,0.07261504022808359,False,0.16951140719845073,False,0.09262237154896981,False
validation:9.17数据/log_9_2026-9-17-06-28-10.ulg:1:125,9.17数据/log_9_2026-9-17-06-28-10.ulg,1,125,51,384200236,384693043,385698835,0.492807,Sep17,Mission,sustained,1,0.3892018991478384,True,0.11374741516009766,False,0.36193968771299767,False,0.1481621218565464,False
validation:9.17数据/log_9_2026-9-17-06-28-10.ulg:1:175,9.17数据/log_9_2026-9-17-06-28-10.ulg,1,175,51,385195761,385698835,386694127,0.503074,Sep17,Mission,lower_change,0,0.2680185194968211,False,0.09796461503759915,False,0.13770985254142953,False,0.06415147394442798,False
validation:9.17数据/log_9_2026-9-17-06-28-10.ulg:1:225,9.17数据/log_9_2026-9-17-06-28-10.ulg,1,225,51,386191328,386694127,387699568,0.502799,Sep17,Mission,lower_change,0,0.1065358660010853,False,0.1189043355248977,False,0.1360715350800392,False,0.09266189624297382,False
validation:9.17数据/log_9_2026-9-17-06-28-10.ulg:1:275,9.17数据/log_9_2026-9-17-06-28-10.ulg,1,275,51,387196822,387699568,388695115,0.502746,Sep17,Mission,sustained,1,0.13834153946699693,False,0.2500267348336533,True,0.15364310599641434,False,0.12514486889035512,False
validation:9.17数据/log_9_2026-9-17-06-28-10.ulg:1:325,9.17数据/log_9_2026-9-17-06-28-10.ulg,1,325,51,388192341,388695115,389690947,0.5027739999999999,Sep17,Mission,sustained,2,0.08501675478990312,False,0.1500124813593533,False,1.047126372450306,True,0.4866609441629534,True
validation:9.17数据/log_9_2026-9-17-06-28-10.ulg:1:375,9.17数据/log_9_2026-9-17-06-28-10.ulg,1,375,51,389197768,389690947,390696185,0.493179,Sep17,Mission,sustained,1,0.3888212429316924,True,0.14712643815241352,False,0.3264218908450647,False,0.07332402815399414,False
validation:9.17数据/log_9_2026-9-17-06-28-10.ulg:1:425,9.17数据/log_9_2026-9-17-06-28-10.ulg,1,425,51,390193423,390696185,391701600,0.5027619999999999,Sep17,Mission,sustained,1,0.38203619102439634,True,0.12864632364663933,False,0.13693987430595222,False,0.1975253946370216,False
validation:9.17数据/log_9_2026-9-17-06-28-10.ulg:1:475,9.17数据/log_9_2026-9-17-06-28-10.ulg,1,475,51,391198774,391701600,392697159,0.502826,Sep17,Mission,lower_change,0,0.2698278258709972,False,0.15138864289576082,False,0.116598643388685,False,0.09691402912335256,False
validation:9.17数据/log_9_2026-9-17-06-28-10.ulg:1:525,9.17数据/log_9_2026-9-17-06-28-10.ulg,1,525,51,392194348,392697159,393692972,0.502811,Sep17,Mission,lower_change,0,0.09385531858923785,False,0.14493395227538264,False,0.157711888106307,False,0.09137366570612873,False
validation:9.17数据/log_9_2026-9-17-06-28-10.ulg:1:575,9.17数据/log_9_2026-9-17-06-28-10.ulg,1,575,51,393189953,393692972,394698162,0.503019,Sep17,Mission,lower_change,0,0.18231626836931408,False,0.17369726950840747,False,0.18454791969337217,False,0.02527012352205344,False
validation:9.17数据/log_9_2026-9-17-06-28-10.ulg:1:625,9.17数据/log_9_2026-9-17-06-28-10.ulg,1,625,51,394195352,394698162,395693819,0.50281,Sep17,Mission,lower_change,0,0.08423363075089192,False,0.10226103876063987,False,0.301176538311203,False,0.04306618249097805,False
validation:9.17数据/log_9_2026-9-17-06-28-10.ulg:1:675,9.17数据/log_9_2026-9-17-06-28-10.ulg,1,675,51,395200793,395693819,396699145,0.4930259999999999,Sep17,Mission,sustained,1,0.15697472148564134,False,0.20949556773537142,True,0.17138804841835265,False,0.08236065201826172,False
validation:9.17数据/log_9_2026-9-17-06-28-10.ulg:1:725,9.17数据/log_9_2026-9-17-06-28-10.ulg,1,725,51,396196396,396699145,397694996,0.502749,Sep17,Mission,lower_change,0,0.15775691298511024,False,0.09276734079278537,False,0.19227390347668782,False,0.0888579785958624,False
validation:9.17数据/log_9_2026-9-17-06-28-10.ulg:1:775,9.17数据/log_9_2026-9-17-06-28-10.ulg,1,775,51,397191951,397694996,398700100,0.503045,Sep17,Mission,lower_change,0,0.18244921320376006,False,0.11475576269721886,False,0.20501751498148818,False,0.03817465974345352,False
validation:9.17数据/log_9_2026-9-17-06-28-10.ulg:1:825,9.17数据/log_9_2026-9-17-06-28-10.ulg,1,825,51,398197481,398700100,399695801,0.5026189999999999,Sep17,Mission,lower_change,0,0.2947986604175305,False,0.1770664110699907,False,0.16167500659629633,False,0.06243977259401657,False
validation:9.17数据/log_9_2026-9-17-06-28-10.ulg:1:875,9.17数据/log_9_2026-9-17-06-28-10.ulg,1,875,51,399192942,399695801,400691295,0.502859,Sep17,Mission,sustained,1,0.36817038081035397,True,0.09241599440069569,False,0.15286176452833997,False,0.07030916982482964,False
validation:9.17数据/log_9_2026-9-17-06-28-10.ulg:1:925,9.17数据/log_9_2026-9-17-06-28-10.ulg,1,925,51,400198404,400691295,401696720,0.4928909999999999,Sep17,Mission,lower_change,0,0.29539862061688027,False,0.13960254510953848,False,0.16644798543082426,False,0.1913139289607058,False
validation:9.17数据/log_9_2026-9-17-06-28-10.ulg:1:975,9.17数据/log_9_2026-9-17-06-28-10.ulg,1,975,51,401193983,401696720,402692292,0.502737,Sep17,Mission,sustained,1,0.28086405435768913,False,0.07019492004149504,False,0.42305976776718707,False,0.2985807245895344,True
validation:9.17数据/log_9_2026-9-17-06-28-10.ulg:1:1025,9.17数据/log_9_2026-9-17-06-28-10.ulg,1,1025,51,402199379,402692292,403697702,0.492913,Sep17,Mission,sustained,2,0.38897327769636403,True,0.2370476754285384,True,0.4471716168988669,False,0.2230106472979519,False
validation:9.17数据/log_9_2026-9-17-06-28-10.ulg:1:1075,9.17数据/log_9_2026-9-17-06-28-10.ulg,1,1075,51,403194937,403697702,404693246,0.502765,Sep17,Mission,sustained,2,0.24009387190843706,False,0.2959597605928637,True,0.7391994173780744,True,0.19510574278023685,False
validation:9.17数据/log_9_2026-9-17-06-28-10.ulg:1:1125,9.17数据/log_9_2026-9-17-06-28-10.ulg,1,1125,51,404190556,404693246,405698655,0.50269,Sep17,Mission,mixed_change,2,0.37191598518241487,True,0.12666147334469116,False,0.1968200008750851,False,0.3017048807637613,True
validation:9.17数据/log_9_2026-9-17-06-28-10.ulg:1:1175,9.17数据/log_9_2026-9-17-06-28-10.ulg,1,1175,51,405195975,405698655,406694290,0.50268,Sep17,Mission,sustained,2,0.3887167961749343,True,0.24348974158852354,True,0.20985087819218082,False,0.11781387351367247,False
validation:9.17数据/log_9_2026-9-17-06-28-10.ulg:1:1225,9.17数据/log_9_2026-9-17-06-28-10.ulg,1,1225,51,406191545,406694290,407699652,0.502745,Sep17,Mission,sustained,1,0.1332755752331421,False,0.11189833768784552,False,0.5905244168855592,True,0.2004455824648923,False
validation:9.17数据/log_9_2026-9-17-06-28-10.ulg:1:1275,9.17数据/log_9_2026-9-17-06-28-10.ulg,1,1275,51,407196941,407699652,408695232,0.502711,Sep17,Mission,sustained,2,0.3638779738724764,True,0.1448459967671035,False,0.3212881442111394,False,0.2742684494370452,True
validation:9.17数据/log_9_2026-9-17-06-28-10.ulg:1:1325,9.17数据/log_9_2026-9-17-06-28-10.ulg,1,1325,51,408192502,408695232,409690748,0.50273,Sep17,Mission,sustained,2,0.16583088000865828,False,0.1910921166731045,True,0.4656041081511882,False,0.3475740844432029,True
validation:9.17数据/log_9_2026-9-17-06-28-10.ulg:1:1375,9.17数据/log_9_2026-9-17-06-28-10.ulg,1,1375,51,409197930,409690748,410696257,0.492818,Sep17,Mission,sustained,1,0.38879810212981897,True,0.12056677221505407,False,0.4246707822855875,False,0.2060795667113158,False
validation:9.17数据/log_9_2026-9-17-06-28-10.ulg:1:1425,9.17数据/log_9_2026-9-17-06-28-10.ulg,1,1425,51,410193522,410696257,411691790,0.5027349999999999,Sep17,Mission,lower_change,0,0.21835401559074444,False,0.14595985354471896,False,0.06612235735909856,False,0.16310931723418517,False
validation:9.17数据/log_9_2026-9-17-06-28-10.ulg:1:1475,9.17数据/log_9_2026-9-17-06-28-10.ulg,1,1475,51,411198925,411691790,412697219,0.492865,Sep17,Mission,sustained,2,0.1782981759479648,False,0.15711502087772342,False,0.7761346322154706,True,0.3336966327175483,True
validation:9.17数据/log_9_2026-9-17-06-28-10.ulg:1:1525,9.17数据/log_9_2026-9-17-06-28-10.ulg,1,1525,51,412194546,412697219,413692817,0.5026729999999999,Sep17,Mission,lower_change,0,0.289238716804087,False,0.15161443084914752,False,0.2096045799749967,False,0.1098689445889908,False
validation:9.17数据/log_9_2026-9-17-06-28-10.ulg:1:1575,9.17数据/log_9_2026-9-17-06-28-10.ulg,1,1575,51,413190050,413692817,414698180,0.502767,Sep17,Mission,sustained,2,0.38854784449776225,True,0.1248737970358919,False,0.25834907791821904,False,0.28708482455070383,True
validation:9.17数据/log_9_2026-9-17-06-28-10.ulg:1:1625,9.17数据/log_9_2026-9-17-06-28-10.ulg,1,1625,51,414195490,414698180,415693768,0.50269,Sep17,Mission,lower_change,0,0.0694606222861828,False,0.12131245839546718,False,0.40101703438613656,False,0.12262686686661017,False
validation:9.17数据/log_9_2026-9-17-06-28-10.ulg:1:1675,9.17数据/log_9_2026-9-17-06-28-10.ulg,1,1675,51,415191082,415693768,416689356,0.502686,Sep17,Mission,lower_change,0,0.09457298134650426,False,0.0896613129094136,False,0.1924763198069513,False,0.056808446939078716,False
validation:9.17数据/log_9_2026-9-17-06-28-10.ulg:1:1725,9.17数据/log_9_2026-9-17-06-28-10.ulg,1,1725,51,416196540,416689356,417694730,0.492816,Sep17,Mission,lower_change,0,0.13012879823529022,False,0.095816635442295,False,0.12624008205336543,False,0.19521676999682294,False
validation:9.17数据/log_9_2026-9-17-06-28-10.ulg:1:1775,9.17数据/log_9_2026-9-17-06-28-10.ulg,1,1775,51,417192053,417694730,418700145,0.5026769999999999,Sep17,Mission,lower_change,0,0.058702504562484145,False,0.09765331678648595,False,0.2978490923986268,False,0.1837967731440219,False
validation:9.17数据/log_9_2026-9-17-06-28-10.ulg:1:1825,9.17数据/log_9_2026-9-17-06-28-10.ulg,1,1825,51,418197458,418700145,419695724,0.502687,Sep17,Mission,sustained,1,0.1255790501329145,False,0.18741704878032328,True,0.4933248276547374,False,0.08402202495988167,False
validation:9.17数据/log_9_2026-9-17-06-28-10.ulg:1:1875,9.17数据/log_9_2026-9-17-06-28-10.ulg,1,1875,51,419193096,419695724,420691317,0.502628,Sep17,Mission,sustained,2,0.3061804040961481,True,0.3207564490240647,True,0.33195704513634583,False,0.08357505539358139,False
validation:9.17数据/log_9_2026-9-17-06-28-10.ulg:1:1925,9.17数据/log_9_2026-9-17-06-28-10.ulg,1,1925,51,420198427,420691317,421696713,0.49289,Sep17,Mission,sustained,2,0.21206166096600784,False,0.2558514742815821,True,0.727512139623592,True,0.2191980376704978,False
validation:9.17数据/log_9_2026-9-17-06-28-10.ulg:1:1975,9.17数据/log_9_2026-9-17-06-28-10.ulg,1,1975,51,421194019,421696713,422692257,0.502694,Sep17,Mission,sustained,1,0.14164255807164475,False,0.13003234607969336,False,0.6035142902897085,True,0.07560426204853059,False
validation:9.17数据/log_9_2026-9-17-06-28-10.ulg:1:2025,9.17数据/log_9_2026-9-17-06-28-10.ulg,1,2025,51,422199423,422692257,423697714,0.492834,Sep17,Mission,sustained,1,0.30267343271101627,True,0.14992624340569788,False,0.3121664386681042,False,0.11721884951359077,False
validation:9.17数据/log_9_2026-9-17-06-28-10.ulg:1:2075,9.17数据/log_9_2026-9-17-06-28-10.ulg,1,2075,51,423194976,423697714,424693266,0.502738,Sep17,Mission,sustained,2,0.09994327340998203,False,0.09386911554463354,False,0.701286624549338,True,0.38813916232652124,True
validation:9.17数据/log_9_2026-9-17-06-28-10.ulg:1:2125,9.17数据/log_9_2026-9-17-06-28-10.ulg,1,2125,51,424190580,424693266,425698642,0.502686,Sep17,Mission,sustained,1,0.29346921871481174,False,0.2222595667061778,True,0.12900111254381444,False,0.1631656138306267,False
validation:9.17数据/log_9_2026-9-17-06-28-10.ulg:1:2175,9.17数据/log_9_2026-9-17-06-28-10.ulg,1,2175,51,425195936,425698642,426694200,0.502706,Sep17,Mission,sustained,1,0.2329896344631431,False,0.08681548150223237,False,0.3324542350810652,False,0.2647990883920426,True
validation:9.17数据/log_9_2026-9-17-06-28-10.ulg:1:2225,9.17数据/log_9_2026-9-17-06-28-10.ulg,1,2225,51,426191520,426694200,427689817,0.50268,Sep17,Mission,sustained,2,0.31629128500641107,True,0.15316263890333592,False,0.2547757832574193,False,0.2529658323773893,True
validation:9.17数据/log_9_2026-9-17-06-28-10.ulg:1:2275,9.17数据/log_9_2026-9-17-06-28-10.ulg,1,2275,51,427196961,427689817,428695159,0.4928559999999999,Sep17,Mission,sustained,1,0.3890530460404145,True,0.09798045982412182,False,0.22897664603362727,False,0.1438526915743434,False
validation:9.17数据/log_9_2026-9-17-06-28-10.ulg:1:2325,9.17数据/log_9_2026-9-17-06-28-10.ulg,1,2325,51,428192505,428695159,429700598,0.5026539999999999,Sep17,Mission,lower_change,0,0.2664628074799334,False,0.0922192657255914,False,0.2946886664834488,False,0.06878754625281956,False
validation:9.17数据/log_9_2026-9-17-06-28-10.ulg:1:2375,9.17数据/log_9_2026-9-17-06-28-10.ulg,1,2375,51,429197865,429700598,430696226,0.502733,Sep17,Mission,lower_change,0,0.2651146702640243,False,0.10428684702568117,False,0.2756904344339452,False,0.18450650809484256,False
validation:9.17数据/log_9_2026-9-17-06-28-10.ulg:1:2425,9.17数据/log_9_2026-9-17-06-28-10.ulg,1,2425,51,430193459,430696226,431691701,0.502767,Sep17,Mission,lower_change,0,0.14424899194875807,False,0.13018263771952077,False,0.151009391169072,False,0.08961874705586585,False
validation:9.17数据/log_9_2026-9-17-06-28-10.ulg:1:2475,9.17数据/log_9_2026-9-17-06-28-10.ulg,1,2475,51,431198901,431691701,432697091,0.4927999999999999,Sep17,Mission,sustained,1,0.38973413669118423,True,0.09810131667224264,False,0.11921232497647288,False,0.14139025523802304,False
validation:9.17数据/log_9_2026-9-17-06-28-10.ulg:1:2525,9.17数据/log_9_2026-9-17-06-28-10.ulg,1,2525,51,432194399,432697091,433692665,0.502692,Sep17,Mission,sustained,4,0.35936462947709125,True,0.21226742007516533,True,0.7788845836869318,True,0.31206648986642455,True
validation:9.17数据/log_9_2026-9-17-06-28-10.ulg:1:2575,9.17数据/log_9_2026-9-17-06-28-10.ulg,1,2575,51,433199835,433692665,434698056,0.49283,Sep17,Mission,sustained,1,0.05887788203057202,False,0.08792957706774042,False,0.37683005036232403,False,0.24690114041817393,True
validation:9.17数据/log_9_2026-9-17-06-28-10.ulg:1:2625,9.17数据/log_9_2026-9-17-06-28-10.ulg,1,2625,51,434195355,434698056,435693606,0.502701,Sep17,Mission,sustained,1,0.05438430856659289,False,0.14996256885403056,False,0.3985171878797038,False,0.28673384428471865,True
validation:9.17数据/log_9_2026-9-17-06-28-10.ulg:1:2675,9.17数据/log_9_2026-9-17-06-28-10.ulg,1,2675,51,435190947,435693606,436699120,0.502659,Sep17,Mission,mixed_change,3,0.16266407025838464,False,0.2015454575058187,True,0.5773880130568505,True,0.2511818033769822,True
validation:9.17数据/log_9_2026-9-17-06-28-10.ulg:1:2725,9.17数据/log_9_2026-9-17-06-28-10.ulg,1,2725,51,436196354,436699120,437694564,0.5027659999999999,Sep17,Mission,sustained,3,0.31183071383501937,True,0.2643506284961416,True,0.6308910226933026,True,0.22114488933238363,False
validation:9.17数据/log_9_2026-9-17-06-28-10.ulg:1:2775,9.17数据/log_9_2026-9-17-06-28-10.ulg,1,2775,51,437191855,437694564,438690161,0.502709,Sep17,Mission,sustained,1,0.2569951912301965,False,0.1726990958427221,False,1.0020543249310432,True,0.1192745455461035,False
validation:9.17数据/log_9_2026-9-17-06-28-10.ulg:1:2825,9.17数据/log_9_2026-9-17-06-28-10.ulg,1,2825,51,438197298,438690161,439695627,0.492863,Sep17,Mission,lower_change,0,0.21688535533760128,False,0.09494393438370453,False,0.46453365103329225,False,0.22329506364101265,False
validation:9.17数据/log_9_2026-9-17-06-28-10.ulg:1:2875,9.17数据/log_9_2026-9-17-06-28-10.ulg,1,2875,51,439192945,439695627,440700919,0.502682,Sep17,Mission,sustained,4,0.3368017247065461,True,0.26788873362801174,True,0.8730741546930774,True,0.4690459316556058,True
validation:9.17数据/log_9_2026-9-17-06-28-10.ulg:1:2925,9.17数据/log_9_2026-9-17-06-28-10.ulg,1,2925,51,440198251,440700919,441696511,0.502668,Sep17,Mission,sustained,1,0.07258206955713596,False,0.12993856047062224,False,0.8753500802309386,True,0.0651124761034929,False
validation:9.17数据/log_9_2026-9-17-06-28-10.ulg:1:2975,9.17数据/log_9_2026-9-17-06-28-10.ulg,1,2975,51,441193837,441696511,442692124,0.502674,Sep17,Mission,mixed_change,3,0.3371688215225312,True,0.12882289405442499,False,0.5496090878473714,True,0.48515083665765146,True
validation:9.17数据/log_9_2026-9-17-06-28-10.ulg:1:3025,9.17数据/log_9_2026-9-17-06-28-10.ulg,1,3025,51,442199217,442692124,443697436,0.492907,Sep17,Mission,lower_change,0,0.22804953506276338,False,0.11112047595415914,False,0.1762991144262738,False,0.04071591301619588,False
validation:9.17数据/log_9_2026-9-17-06-28-10.ulg:1:3075,9.17数据/log_9_2026-9-17-06-28-10.ulg,1,3075,51,443195052,443697436,444692965,0.5023839999999999,Sep17,Mission,lower_change,0,0.13505796285453667,False,0.16058693817719816,False,0.13182855936762042,False,0.07485693082837938,False
validation:9.17数据/log_9_2026-9-17-06-28-10.ulg:1:3125,9.17数据/log_9_2026-9-17-06-28-10.ulg,1,3125,51,444200137,444692965,445698362,0.492828,Sep17,Mission,sustained,1,0.07592565397300764,False,0.13091698751555658,False,0.25983179149024255,False,0.285522977648282,True
validation:9.17数据/log_9_2026-9-17-06-28-10.ulg:1:3175,9.17数据/log_9_2026-9-17-06-28-10.ulg,1,3175,51,445195765,445698362,446693908,0.502597,Sep17,Mission,sustained,1,0.1598770172968965,False,0.10572713027561201,False,0.44918469633093056,False,0.26507110069680095,True
validation:9.17数据/log_9_2026-9-17-06-28-10.ulg:1:3225,9.17数据/log_9_2026-9-17-06-28-10.ulg,1,3225,51,446191228,446693908,447699319,0.50268,Sep17,Mission,sustained,1,0.23200026750799219,False,0.10757549879313608,False,0.287329303263169,False,0.2695357269467815,True
validation:9.17数据/log_9_2026-9-17-06-28-10.ulg:1:3275,9.17数据/log_9_2026-9-17-06-28-10.ulg,1,3275,51,447196892,447699319,448694846,0.502427,Sep17,Mission,lower_change,0,0.06884126676626831,False,0.10325092328004343,False,0.372738192173582,False,0.14739255140550944,False
validation:9.17数据/log_9_2026-9-17-06-28-10.ulg:1:3325,9.17数据/log_9_2026-9-17-06-28-10.ulg,1,3325,51,448192182,448694846,449690384,0.502664,Sep17,Mission,sustained,1,0.31722955915008827,True,0.11087816000559694,False,0.2982300886876602,False,0.1345635075190727,False
validation:9.17数据/log_9_2026-9-17-06-28-10.ulg:1:3375,9.17数据/log_9_2026-9-17-06-28-10.ulg,1,3375,51,449197667,449690384,450695843,0.4927169999999999,Sep17,Mission,mixed_change,2,0.21070426869038317,False,0.10956903597634217,False,0.5303177167739108,True,0.30723933978876783,True
validation:9.17数据/log_9_2026-9-17-06-28-10.ulg:1:3425,9.17数据/log_9_2026-9-17-06-28-10.ulg,1,3425,51,450193159,450695843,451691343,0.502684,Sep17,Mission,lower_change,0,0.07979385961222668,False,0.1457014011233101,False,0.3336774760762998,False,0.06821847587660879,False
validation:9.17数据/log_9_2026-9-17-06-28-10.ulg:1:3475,9.17数据/log_9_2026-9-17-06-28-10.ulg,1,3475,51,451198840,451691343,452696771,0.4925029999999999,Sep17,Mission,lower_change,0,0.15801865017952796,False,0.08176296763845078,False,0.29363791387276106,False,0.06907545980131302,False
validation:9.17数据/log_9_2026-9-17-06-28-10.ulg:1:3525,9.17数据/log_9_2026-9-17-06-28-10.ulg,1,3525,51,452194051,452696771,453692270,0.50272,Sep17,Mission,lower_change,0,0.06810757575373871,False,0.16766511682187074,False,0.20804831067100435,False,0.06271191813685041,False
validation:9.17数据/log_9_2026-9-17-06-28-10.ulg:1:3575,9.17数据/log_9_2026-9-17-06-28-10.ulg,1,3575,51,453199547,453692270,454697652,0.4927229999999999,Sep17,Mission,sustained,1,0.38940255380140754,True,0.0898748954964531,False,0.27711172072069085,False,0.07780213211555931,False
validation:9.17数据/log_9_2026-9-17-06-28-10.ulg:1:3625,9.17数据/log_9_2026-9-17-06-28-10.ulg,1,3625,51,454195074,454697652,455693182,0.502578,Sep17,Mission,sustained,1,0.36922441192892186,True,0.09425727431456382,False,0.1840533805675379,False,0.15876990197096838,False
validation:9.17数据/log_9_2026-9-17-06-28-10.ulg:1:3675,9.17数据/log_9_2026-9-17-06-28-10.ulg,1,3675,51,455190779,455693182,456698613,0.5024029999999999,Sep17,Mission,lower_change,0,0.2203932407320921,False,0.16928157178478462,False,0.301052376036103,False,0.08585103937078059,False
validation:9.17数据/log_9_2026-9-17-06-28-10.ulg:1:3725,9.17数据/log_9_2026-9-17-06-28-10.ulg,1,3725,51,456195949,456698613,457694135,0.502664,Sep17,Mission,sustained,2,0.31095660902621136,True,0.22819605262479273,True,0.2925820362116228,False,0.04865903774195861,False
validation:9.17数据/log_9_2026-9-17-06-28-10.ulg:1:3775,9.17数据/log_9_2026-9-17-06-28-10.ulg,1,3775,51,457191518,457694135,458689687,0.502617,Sep17,Mission,lower_change,0,0.2894185780931863,False,0.14432990504294846,False,0.19800281326662025,False,0.031350328407573715,False
validation:9.17数据/log_9_2026-9-17-06-28-10.ulg:1:3825,9.17数据/log_9_2026-9-17-06-28-10.ulg,1,3825,51,458196901,458689687,459695064,0.492786,Sep17,Mission,sustained,1,0.38891222348575005,True,0.10041276509146678,False,0.13504479713398654,False,0.12148416035725439,False
validation:9.17数据/log_9_2026-9-17-06-28-10.ulg:1:3875,9.17数据/log_9_2026-9-17-06-28-10.ulg,1,3875,51,459192641,459695064,460700513,0.502423,Sep17,Mission,sustained,3,0.3865260079768867,True,0.12623563424203324,False,0.562170401079189,True,0.31414290400824346,True
validation:9.17数据/log_9_2026-9-17-06-28-10.ulg:1:3925,9.17数据/log_9_2026-9-17-06-28-10.ulg,1,3925,51,460197841,460700513,461695977,0.502672,Sep17,Mission,mixed_change,2,0.3208564658884782,True,0.15281962371605737,False,0.4834880217123205,False,0.4920471221244569,True
validation:9.17数据/log_9_2026-9-17-06-28-10.ulg:1:3975,9.17数据/log_9_2026-9-17-06-28-10.ulg,1,3975,51,461193395,461695977,462691513,0.502582,Sep17,Mission,sustained,1,0.3842508356805492,True,0.10662656254077921,False,0.3203946629459163,False,0.1672283667287227,False
validation:9.17数据/log_9_2026-9-17-06-28-10.ulg:2:25,9.17数据/log_9_2026-9-17-06-28-10.ulg,2,25,51,462977374,463470241,464475586,0.492867,Sep17,Stabilized,sustained,1,0.15341599508550008,False,0.10549076787235395,False,0.18763729782781946,False,0.2731700530311654,True
validation:9.17数据/log_9_2026-9-17-06-28-10.ulg:2:75,9.17数据/log_9_2026-9-17-06-28-10.ulg,2,75,51,463973238,464475586,465481007,0.502348,Sep17,Stabilized,sustained,1,0.0,False,0.26786310500080046,True,0.26639277045395576,False,0.11649782934974096,False
validation:9.17数据/log_9_2026-9-17-06-28-10.ulg:2:125,9.17数据/log_9_2026-9-17-06-28-10.ulg,2,125,51,464978306,465481007,466476509,0.502701,Sep17,Stabilized,sustained,1,0.0,False,0.10187627050356035,False,0.30832536659543613,False,0.23069581914084575,True
validation:9.17数据/log_9_2026-9-17-06-28-10.ulg:2:175,9.17数据/log_9_2026-9-17-06-28-10.ulg,2,175,51,465973884,466476509,467472041,0.502625,Sep17,Stabilized,mixed_change,3,0.1278601161455813,False,0.2442925437711163,True,1.3811413017673673,True,0.6881420686414204,True
validation:9.17数据/log_9_2026-9-17-06-28-10.ulg:2:225,9.17数据/log_9_2026-9-17-06-28-10.ulg,2,225,51,466979369,467472041,468477486,0.492672,Sep17,Stabilized,reversing,2,0.08955333302858005,False,0.21997091903359767,True,0.26939838110271047,False,0.2337613607413682,True
validation:9.17数据/log_9_2026-9-17-06-28-10.ulg:2:275,9.17数据/log_9_2026-9-17-06-28-10.ulg,2,275,51,467975040,468477486,469472942,0.502446,Sep17,Stabilized,lower_change,0,0.2417218293568961,False,0.13290318651275024,False,0.3432826815816369,False,0.17957844227538586,False
validation:9.17数据/log_9_2026-9-17-06-28-10.ulg:2:325,9.17数据/log_9_2026-9-17-06-28-10.ulg,2,325,51,468980133,469472942,470478325,0.492809,Sep17,Stabilized,mixed_change,3,0.319668738373274,True,0.8030429423869437,True,0.7180860736531911,True,0.13959072032369033,False
validation:9.17数据/log_9_2026-9-17-06-28-10.ulg:2:375,9.17数据/log_9_2026-9-17-06-28-10.ulg,2,375,51,469975826,470478325,471473877,0.502499,Sep17,Stabilized,sustained,1,0.19946430551613725,False,0.15681998619617862,False,0.5030573583028987,True,0.05737305473311142,False
validation:9.17数据/log_9_2026-9-17-06-28-10.ulg:2:425,9.17数据/log_9_2026-9-17-06-28-10.ulg,2,425,51,470971178,471473877,472479255,0.502699,Sep17,Stabilized,sustained,2,0.0029278850338261097,False,0.20931563415965157,True,0.3949081331416356,False,0.37060193303929495,True
validation:9.17数据/log_9_2026-9-17-06-28-10.ulg:2:475,9.17数据/log_9_2026-9-17-06-28-10.ulg,2,475,51,471976894,472479255,473474742,0.502361,Sep17,Stabilized,sustained,2,0.0065469499659394515,False,0.37727068999671515,True,0.6655031944007724,True,0.13111377164246646,False
validation:9.17数据/log_9_2026-9-17-06-28-10.ulg:2:525,9.17数据/log_9_2026-9-17-06-28-10.ulg,2,525,51,472972201,473474742,474470303,0.502541,Sep17,Stabilized,sustained,2,0.08938559121277177,False,0.2565067137925716,True,0.32278884952194087,False,0.46157763162107873,True
validation:9.17数据/log_9_2026-9-17-06-28-10.ulg:2:575,9.17数据/log_9_2026-9-17-06-28-10.ulg,2,575,51,473977476,474470303,475475684,0.4928269999999999,Sep17,Stabilized,reversing,3,0.0029278850338261097,False,0.22977389982327615,True,0.5347905887665733,True,0.3888544753807465,True
validation:9.17数据/log_9_2026-9-17-06-28-10.ulg:2:625,9.17数据/log_9_2026-9-17-06-28-10.ulg,2,625,51,474972973,475475684,476471244,0.502711,Sep17,Stabilized,sustained,3,0.3786541530621776,True,0.10440336392760663,False,0.5190764154940455,True,0.29932373211297586,True
validation:9.17数据/log_9_2026-9-17-06-28-10.ulg:2:675,9.17数据/log_9_2026-9-17-06-28-10.ulg,2,675,51,475978364,476471244,477476586,0.49288,Sep17,Stabilized,sustained,2,0.006866499052804569,False,0.20100170960099864,True,0.28431290485986854,False,0.43620468226202097,True
validation:9.17数据/log_9_2026-9-17-06-28-10.ulg:2:725,9.17数据/log_9_2026-9-17-06-28-10.ulg,2,725,51,476973908,477476586,478472104,0.502678,Sep17,Stabilized,lower_change,0,0.009258785434009646,False,0.10232532176901693,False,0.4030053172307032,False,0.1129712176825227,False
validation:9.17数据/log_9_2026-9-17-06-28-10.ulg:2:775,9.17数据/log_9_2026-9-17-06-28-10.ulg,2,775,51,477979322,478472104,479477483,0.492782,Sep17,Stabilized,sustained,2,0.0,False,0.1540921107233762,False,0.6525401138122049,True,0.2715151422901571,True
validation:9.17数据/log_9_2026-9-17-06-28-10.ulg:2:825,9.17数据/log_9_2026-9-17-06-28-10.ulg,2,825,51,478974789,479477483,480472962,0.502694,Sep17,Stabilized,mixed_change,3,0.30502374741246446,True,0.20285493638721397,True,0.3895411708693491,False,0.27255805031179225,True
validation:9.17数据/log_9_2026-9-17-06-28-10.ulg:2:875,9.17数据/log_9_2026-9-17-06-28-10.ulg,2,875,51,479970291,480472962,481478342,0.502671,Sep17,Stabilized,lower_change,0,0.007186358663000164,False,0.11622860503268088,False,0.05090014724164868,False,0.16576626469038797,False
validation:9.17数据/log_9_2026-9-17-06-28-10.ulg:2:925,9.17数据/log_9_2026-9-17-06-28-10.ulg,2,925,51,480975711,481478342,482473893,0.5026309999999999,Sep17,Stabilized,sustained,2,0.004629392717004823,False,0.09394738367253307,False,1.148102865657271,True,0.2718312972735985,True
validation:9.17数据/log_9_2026-9-17-06-28-10.ulg:2:975,9.17数据/log_9_2026-9-17-06-28-10.ulg,2,975,51,481971175,482473893,483469402,0.502718,Sep17,Stabilized,sustained,1,0.7517662357228073,True,0.06360180672432704,False,0.29340660501245197,False,0.07690738171960375,False
