split,log_id,segment_id,target,axis,count,mean,std,min,p1,median,p99,max
train,2026.8.10-8.20/log_14_2026-8-19-06-27-52.ulg,0,D0_raw,0,1731,-0.15556531079562147,3.370446699054703,-12.350590314279836,-9.26386455849218,-0.11178440582334016,7.9366533108398505,12.50747058423886
train,2026.8.10-8.20/log_14_2026-8-19-06-27-52.ulg,0,D0_raw,1,1731,-0.02401835642989205,3.761238437411513,-11.400507695464833,-8.768093564193821,0.10037404040279163,9.19857455667154,11.886029583020616
train,2026.8.10-8.20/log_14_2026-8-19-06-27-52.ulg,0,D0_raw,2,1731,0.007198390921404771,11.603132801470018,-21.277592549773694,-19.705633512398826,1.0377605199853412,19.32276289279114,26.69503273306727
train,2026.8.10-8.20/log_14_2026-8-19-06-27-52.ulg,0,D0_raw,3,1731,0.014338211595834918,33.60999433930354,-103.29031616555477,-70.57776899523492,-2.818402423651161,94.07649299505951,144.3546555411516
train,2026.8.10-8.20/log_14_2026-8-19-06-27-52.ulg,0,D0_raw,4,1731,0.0028098605890700553,20.555994173074897,-62.02173635258555,-41.69990213398746,-0.6610325922851921,41.68005815487646,59.535732856961324
train,2026.8.10-8.20/log_14_2026-8-19-06-27-52.ulg,0,D0_raw,5,1731,0.012245043453275218,5.058002317524586,-17.2868464727675,-12.103044552154072,-0.23321294757116126,12.445830482866402,26.047426272296853
train,2026.8.10-8.20/log_14_2026-8-19-06-27-52.ulg,0,D1_lp4,0,1731,-0.15739382896306814,1.7590506894208948,-7.79010373110893,-5.696464680923171,-0.18101422138438353,3.561409063099273,4.187668614717961
train,2026.8.10-8.20/log_14_2026-8-19-06-27-52.ulg,0,D1_lp4,1,1731,-0.026084543712223015,1.8176501244758656,-5.027242149599836,-4.189459795062342,-0.08352389699158405,4.7874391600568,6.8086817200237455
train,2026.8.10-8.20/log_14_2026-8-19-06-27-52.ulg,0,D1_lp4,2,1731,0.004637811089289113,5.100766774608569,-9.44036101789329,-8.506916241504122,-0.11688580378212256,9.028131042414724,11.876433410911394
train,2026.8.10-8.20/log_14_2026-8-19-06-27-52.ulg,0,D1_lp4,3,1731,-0.011635835005853717,5.448657137102029,-22.090142181821072,-12.661384206837715,-0.12809015692836354,13.138709635650947,20.174314386893666
train,2026.8.10-8.20/log_14_2026-8-19-06-27-52.ulg,0,D1_lp4,4,1731,0.001355346283721431,2.8573061072971164,-8.19111366422711,-5.495312984944768,-0.2168474399604958,6.962726486488325,8.69633556093733
train,2026.8.10-8.20/log_14_2026-8-19-06-27-52.ulg,0,D1_lp4,5,1731,0.025868312329608702,1.1872154790433986,-4.459252438784811,-2.9888574301524446,-0.006068817273792092,3.012419295752353,4.549079217027708
train,2026.8.10-8.20/log_14_2026-8-19-06-27-52.ulg,0,D1_lp6,0,1731,-0.15473788355523133,2.4517254889694557,-10.793154223286596,-7.305552813201696,-0.18477983334571102,5.10233676062303,5.968365003600509
train,2026.8.10-8.20/log_14_2026-8-19-06-27-52.ulg,0,D1_lp6,1,1731,-0.0259125518299185,2.6463358367238308,-7.298753859336635,-6.253372515601295,0.048628871891611726,6.9301775530226815,9.757582579034162
train,2026.8.10-8.20/log_14_2026-8-19-06-27-52.ulg,0,D1_lp6,2,1731,0.0031709678818071605,10.415832356870556,-18.14898051788027,-16.178113749342916,-0.019860436819662257,15.971127206186056,17.506370705706097
train,2026.8.10-8.20/log_14_2026-8-19-06-27-52.ulg,0,D1_lp6,3,1731,-0.018478350774081817,10.44498748087971,-41.83115400846812,-26.841562694699444,0.08167255176208477,26.655698016784406,44.87270448578012
train,2026.8.10-8.20/log_14_2026-8-19-06-27-52.ulg,0,D1_lp6,4,1731,-0.0008077297921606769,5.256262131757483,-11.254606579703653,-9.441597588821825,-0.3397056006736174,10.947107489264496,15.028747270218041
train,2026.8.10-8.20/log_14_2026-8-19-06-27-52.ulg,0,D1_lp6,5,1731,0.0265648297249482,1.7524694894411006,-5.8119979821784336,-3.968475317949556,-0.002064079479376508,4.616737916527607,7.211935302938129
train,2026.8.10-8.20/log_14_2026-8-19-06-27-52.ulg,0,D1_lp8,0,1731,-0.15510260546033924,2.597569273702139,-11.498457952701065,-7.68386933692148,-0.2227954642657435,5.7542155805129385,6.809814527319477
train,2026.8.10-8.20/log_14_2026-8-19-06-27-52.ulg,0,D1_lp8,1,1731,-0.02676114874821841,2.835611825698277,-8.33062075334522,-6.550499513185918,0.07979262181148919,7.5800459813721615,10.151878058549515
train,2026.8.10-8.20/log_14_2026-8-19-06-27-52.ulg,0,D1_lp8,2,1731,0.003154361713383945,10.783849253671917,-19.007586005351055,-17.168933240273038,0.35251223098612056,16.2580441914714,17.559783679304726
train,2026.8.10-8.20/log_14_2026-8-19-06-27-52.ulg,0,D1_lp8,3,1731,-0.01683522714665571,11.316519733221961,-49.10645441628905,-29.166721053992635,0.09996716613801877,29.921414006082514,51.397861054294815
train,2026.8.10-8.20/log_14_2026-8-19-06-27-52.ulg,0,D1_lp8,4,1731,-0.004335603852068384,7.371954710856173,-19.554870779241924,-14.431103162975052,0.023634897765952043,15.063087463980448,17.134950015784945
train,2026.8.10-8.20/log_14_2026-8-19-06-27-52.ulg,0,D1_lp8,5,1731,0.028880617756840306,2.0940699830928047,-8.062440219184817,-4.960749719879651,-0.08555914436242916,5.258055788545359,8.331663215022656
train,2026.8.10-8.20/log_14_2026-8-19-06-27-52.ulg,0,D1_lp12,0,1731,-0.15583281913066457,2.911097498247737,-11.907230408171497,-8.174130719619347,-0.11970639819957518,6.871644190919355,8.021938527091578
train,2026.8.10-8.20/log_14_2026-8-19-06-27-52.ulg,0,D1_lp12,1,1731,-0.027026309610031853,3.257448663948291,-9.782088855225494,-7.573553431602318,-0.012582586684387739,8.10166611661818,10.285606460999121
train,2026.8.10-8.20/log_14_2026-8-19-06-27-52.ulg,0,D1_lp12,2,1731,0.0030693582140033336,10.863999138676789,-19.6682595085667,-17.913104445604553,0.9717231641240164,16.41992898114505,17.871043527259644
train,2026.8.10-8.20/log_14_2026-8-19-06-27-52.ulg,0,D1_lp12,3,1731,-0.027816288101704077,13.49979640835003,-59.30323758914219,-32.31280616593675,-1.109460230078886,34.580561914366235,61.87188594585093
train,2026.8.10-8.20/log_14_2026-8-19-06-27-52.ulg,0,D1_lp12,4,1731,-0.0043873936109639355,12.354380640282642,-32.77200411068142,-22.716604671695073,0.19557397084683636,23.13034039091367,29.03008947438655
train,2026.8.10-8.20/log_14_2026-8-19-06-27-52.ulg,0,D1_lp12,5,1731,0.032034976588153775,2.9103180957957346,-12.479544671413613,-7.361377156946702,-0.15622005198563113,6.943130689013129,12.192520869955866
train,2026.8.10-8.20/log_14_2026-8-19-06-27-52.ulg,0,D2_center2,0,1731,-0.15589230857380507,3.0481758216750587,-12.021708119608254,-8.469716779011792,-0.16479064580778555,7.123708764879346,8.79855919130171
train,2026.8.10-8.20/log_14_2026-8-19-06-27-52.ulg,0,D2_center2,1,1731,-0.027065036853873018,3.42519709644382,-10.403142651752104,-8.100548612978637,-0.0013664688292987276,8.60991424666907,11.13169041866969
train,2026.8.10-8.20/log_14_2026-8-19-06-27-52.ulg,0,D2_center2,2,1731,0.004101438804314782,11.112775074489464,-20.825490116130517,-18.25164549038054,1.3710443871524711,17.188568222820262,19.91120035538935
train,2026.8.10-8.20/log_14_2026-8-19-06-27-52.ulg,0,D2_center2,3,1731,-0.018041807079987707,21.644634304602786,-70.73662430438337,-45.63650604848336,-1.4160955307792558,59.89171298376356,91.05997684647785
train,2026.8.10-8.20/log_14_2026-8-19-06-27-52.ulg,0,D2_center2,4,1731,-0.0018393534971412287,15.793601371981177,-45.59548989333618,-30.213649698601113,0.46993661793235936,31.469806639823798,37.66460991537407
train,2026.8.10-8.20/log_14_2026-8-19-06-27-52.ulg,0,D2_center2,5,1731,0.028163830128949904,3.6329004735792414,-16.05409427911611,-8.973267067983794,-0.11338880098311319,9.034612150706952,14.495822021658107
train,2026.8.10-8.20/log_14_2026-8-19-06-27-52.ulg,0,D2_center5,0,1731,-0.15558518309145683,2.2320619055338393,-10.005386096970593,-6.856394054497569,-0.19683953254459605,4.740014338494479,5.801977880200117
train,2026.8.10-8.20/log_14_2026-8-19-06-27-52.ulg,0,D2_center5,1,1731,-0.02577592855785345,2.3957659114955465,-6.9372098432388185,-5.763974709612163,0.05941390903258444,6.213575709717737,8.682408309898793
train,2026.8.10-8.20/log_14_2026-8-19-06-27-52.ulg,0,D2_center5,2,1731,0.006815184828833616,8.641061091271476,-16.209832077719348,-13.781682313113283,0.1313482555216842,13.31359826294519,14.45310209026571
train,2026.8.10-8.20/log_14_2026-8-19-06-27-52.ulg,0,D2_center5,3,1731,-0.01382047375388829,10.423539616748517,-44.033831803774895,-24.258170397172616,0.12478675582681396,26.951873878791982,35.12843096311598
train,2026.8.10-8.20/log_14_2026-8-19-06-27-52.ulg,0,D2_center5,4,1731,-0.0033773033408766536,6.005498803950398,-15.074308457479061,-11.44224994603981,-0.26447607381359506,13.404108284422602,16.467459664229118
train,2026.8.10-8.20/log_14_2026-8-19-06-27-52.ulg,0,D2_center5,5,1731,0.026948287095710153,1.7865502732896952,-7.6880015024851085,-4.207730825099291,0.04769221098926744,4.366905577444511,7.496477346413098
train,2026.8.10-8.20/log_14_2026-8-19-06-27-52.ulg,0,D2_center10,0,1731,-0.16027817338577016,1.5752694698959255,-5.8439688599998405,-4.740864370545468,-0.15146069961088432,2.893484316691068,3.1740403734897646
train,2026.8.10-8.20/log_14_2026-8-19-06-27-52.ulg,0,D2_center10,1,1731,-0.026053851670976305,1.5951526895357628,-3.800679045508877,-3.3176939266599175,-0.12861644399259944,3.889280459534017,5.194026497173825
train,2026.8.10-8.20/log_14_2026-8-19-06-27-52.ulg,0,D2_center10,2,1731,0.009084869772596482,2.7236117123099106,-5.970221829056398,-5.061016267831747,-0.10961272316403403,5.621523176477546,7.52040493421739
train,2026.8.10-8.20/log_14_2026-8-19-06-27-52.ulg,0,D2_center10,3,1731,-0.009993219000283693,4.524802703100504,-15.736999382278738,-11.909896801717398,0.07669884041997915,10.099970562336427,14.344026432493198
train,2026.8.10-8.20/log_14_2026-8-19-06-27-52.ulg,0,D2_center10,4,1731,0.00033066147759724755,3.5121811304430746,-10.6935453234452,-7.618780551708347,-0.015400589945108482,6.739505746603938,8.982423928055102
train,2026.8.10-8.20/log_14_2026-8-19-06-27-52.ulg,0,D2_center10,5,1731,0.023611084670052376,1.1462483401647556,-5.683013177569747,-2.795172138061721,0.08125649215616128,2.76850685054252,3.8122141586576754
train,2026.8.10-8.20/log_14_2026-8-19-06-27-52.ulg,3,D0_raw,0,4017,0.19267909122942894,3.4502649090595745,-14.324583903737999,-8.751147689407254,-0.01281950359375962,9.604291265275744,20.42742329381912
train,2026.8.10-8.20/log_14_2026-8-19-06-27-52.ulg,3,D0_raw,1,4017,0.02908268580428092,3.5076467585027795,-18.557521434033454,-9.440733140263943,0.04784092817270406,9.896791163842387,15.071733154856094
train,2026.8.10-8.20/log_14_2026-8-19-06-27-52.ulg,3,D0_raw,2,4017,-0.01323490057635439,9.639538936972125,-22.0356005992102,-18.373260368472486,0.8923281541605311,17.172633710562085,26.620700736160117
train,2026.8.10-8.20/log_14_2026-8-19-06-27-52.ulg,3,D0_raw,3,4017,-0.0850040695558922,28.743165820648755,-148.37514248155577,-63.72210756837284,-1.6590332337918825,76.72042299564183,162.15786437603043
train,2026.8.10-8.20/log_14_2026-8-19-06-27-52.ulg,3,D0_raw,4,4017,-0.007339640825328321,18.39443419131844,-55.46625483432728,-38.646889270732686,0.5092668741363526,37.101091481113855,68.33897464773277
train,2026.8.10-8.20/log_14_2026-8-19-06-27-52.ulg,3,D0_raw,5,4017,0.008092709907300414,4.183388573577445,-19.16576393246913,-10.820864089202573,-0.06077460813139894,11.232968607856451,17.596901877928733
train,2026.8.10-8.20/log_14_2026-8-19-06-27-52.ulg,3,D1_lp4,0,4017,0.19187392190444827,2.245475743071467,-7.641540062019304,-5.934373624025372,0.060910083795606085,6.780486097188699,10.735287647075797
train,2026.8.10-8.20/log_14_2026-8-19-06-27-52.ulg,3,D1_lp4,1,4017,0.02902839483973133,2.379948203381513,-10.262918177527174,-7.12306367331373,-0.001247619089833398,6.51430993242589,9.136909959380164
train,2026.8.10-8.20/log_14_2026-8-19-06-27-52.ulg,3,D1_lp4,2,4017,0.0010599312656643816,5.758272391380993,-11.380854376766711,-9.884859134455183,-0.0694049793352142,10.518848800673467,12.605801053256428
train,2026.8.10-8.20/log_14_2026-8-19-06-27-52.ulg,3,D1_lp4,3,4017,-0.0013731148558878562,6.212884302186351,-24.613269859466165,-14.400774285224934,-0.1755303063621419,14.519525673464,22.75033166518615
train,2026.8.10-8.20/log_14_2026-8-19-06-27-52.ulg,3,D1_lp4,4,4017,0.009619590965691023,4.071175040479093,-11.161424599060787,-7.252556570088944,-0.244453892997488,9.178360601741616,13.376347385461777
train,2026.8.10-8.20/log_14_2026-8-19-06-27-52.ulg,3,D1_lp4,5,4017,0.0037648720745542034,1.5138311541612746,-5.468694993824722,-3.58843301968891,-0.02816922383214044,3.7603543087856495,6.065898259844938
train,2026.8.10-8.20/log_14_2026-8-19-06-27-52.ulg,3,D1_lp6,0,4017,0.19273664601733886,2.8112462501134674,-11.348053754266095,-7.899700632641529,0.023686615336142358,8.342028806991873,16.552436777911517
train,2026.8.10-8.20/log_14_2026-8-19-06-27-52.ulg,3,D1_lp6,1,4017,0.029485386132312337,2.9276475697601145,-15.260121234548887,-9.458091082080264,0.016013465411375185,8.717042478222199,12.537301133734488
train,2026.8.10-8.20/log_14_2026-8-19-06-27-52.ulg,3,D1_lp6,2,4017,0.0003961372695892946,8.994617682901833,-19.01058064345197,-14.954911141613835,0.1418809716138088,14.304135621690426,16.717128010439517
train,2026.8.10-8.20/log_14_2026-8-19-06-27-52.ulg,3,D1_lp6,3,4017,-0.0022243615821659997,10.318943128524529,-40.760033651324655,-24.807979056252755,0.041975372935892395,25.882102332531346,40.872620140616554
train,2026.8.10-8.20/log_14_2026-8-19-06-27-52.ulg,3,D1_lp6,4,4017,0.011479255782224893,6.966798364987473,-18.969150042261482,-13.782562714241541,0.9564615948290979,14.416938803902797,22.625819943157712
train,2026.8.10-8.20/log_14_2026-8-19-06-27-52.ulg,3,D1_lp6,5,4017,0.0021615034847523506,2.0703026655080237,-7.701972663705725,-4.85166143244266,-0.03725749907541145,5.2013002563048065,8.459683875832695
train,2026.8.10-8.20/log_14_2026-8-19-06-27-52.ulg,3,D1_lp8,0,4017,0.1932145930469678,2.9910881922131467,-11.622645171760642,-8.227998121733492,-0.031449099485037275,8.699845119537216,17.65867745415487
train,2026.8.10-8.20/log_14_2026-8-19-06-27-52.ulg,3,D1_lp8,1,4017,0.029587548456374985,3.0805281803873417,-16.17882402520874,-9.60604636077422,-0.0023012836581258102,8.990022837779005,13.061112393678767
train,2026.8.10-8.20/log_14_2026-8-19-06-27-52.ulg,3,D1_lp8,2,4017,0.0004597362884318081,9.22680205370615,-20.390839718187372,-15.820976270576159,0.4509037182572727,14.708769938721437,17.37676160620588
train,2026.8.10-8.20/log_14_2026-8-19-06-27-52.ulg,3,D1_lp8,3,4017,-0.001228835983996337,11.182451498867998,-45.712809713001974,-27.447049950142343,-0.16771309960129266,27.640545088355996,39.766798352901546
train,2026.8.10-8.20/log_14_2026-8-19-06-27-52.ulg,3,D1_lp8,4,4017,0.015777361708747755,9.879804476307621,-23.58381634978398,-19.899666147723472,1.420604578125781,17.087986751553505,25.015181357134097
train,2026.8.10-8.20/log_14_2026-8-19-06-27-52.ulg,3,D1_lp8,5,4017,0.0007535934327471313,2.3591996660722017,-8.838271731937684,-5.7521402685975085,-0.01074422378404892,5.893448150458789,10.284737437459674
train,2026.8.10-8.20/log_14_2026-8-19-06-27-52.ulg,3,D1_lp12,0,4017,0.19322047470381004,3.216444173802556,-11.637746226952467,-8.505264906880258,-0.009193208418190674,9.226570129920335,18.31362540219346
train,2026.8.10-8.20/log_14_2026-8-19-06-27-52.ulg,3,D1_lp12,1,4017,0.030059289556942276,3.2876602290163275,-16.66740488798598,-9.575440688548543,0.052668217333848306,9.398771409077314,12.676026354879692
train,2026.8.10-8.20/log_14_2026-8-19-06-27-52.ulg,3,D1_lp12,2,4017,-0.000824149165213716,9.27291514047862,-21.350214052777826,-16.698008477943674,0.7222111234993122,14.522070671410487,17.61657649692612
train,2026.8.10-8.20/log_14_2026-8-19-06-27-52.ulg,3,D1_lp12,3,4017,0.0005605886609521013,13.916130618849698,-59.23418781500712,-32.83263737248123,-0.6537123961942852,34.86394600010651,52.28016824102005
train,2026.8.10-8.20/log_14_2026-8-19-06-27-52.ulg,3,D1_lp12,4,4017,0.006977975717877286,13.746200877791452,-38.677243396527295,-27.27122690615517,0.47084611420312633,25.58371284334908,36.10658212926497
train,2026.8.10-8.20/log_14_2026-8-19-06-27-52.ulg,3,D1_lp12,5,4017,0.0021649171798944424,2.8911409837917295,-12.41266001002024,-7.616037748354109,-0.04479094789105819,7.318364848887541,11.550929001841185
train,2026.8.10-8.20/log_14_2026-8-19-06-27-52.ulg,3,D2_center2,0,4017,0.19323997863928652,3.2324111776055044,-12.85988728828926,-8.37923084902507,-0.017172426189393266,9.112377252723482,18.804160405178614
train,2026.8.10-8.20/log_14_2026-8-19-06-27-52.ulg,3,D2_center2,1,4017,0.03149741448536867,3.305109559985393,-16.888790919079163,-9.55118062399169,0.032979987075643855,9.465823124313626,13.451767793340096
train,2026.8.10-8.20/log_14_2026-8-19-06-27-52.ulg,3,D2_center2,2,4017,-0.0011497666392420059,9.267731380279574,-21.5070904616791,-16.99196717216255,0.8574870166728096,15.019435397509326,17.975792647781258
train,2026.8.10-8.20/log_14_2026-8-19-06-27-52.ulg,3,D2_center2,3,4017,-0.020299569619976403,18.660952828798372,-57.37089868088789,-43.30053988243769,-0.9412658779919709,49.403019970207765,75.72575061235823
train,2026.8.10-8.20/log_14_2026-8-19-06-27-52.ulg,3,D2_center2,4,4017,0.006706346501809346,14.984758071304501,-38.29251492691741,-28.97155013075714,0.8366176887069089,28.831040020378392,45.39314469432922
train,2026.8.10-8.20/log_14_2026-8-19-06-27-52.ulg,3,D2_center2,5,4017,0.0030864289987277537,3.128106489278036,-13.001191588633255,-7.832421992775782,-0.09583923182907686,8.199512456402823,13.036993780029947
train,2026.8.10-8.20/log_14_2026-8-19-06-27-52.ulg,3,D2_center5,0,4017,0.1920758048210169,2.5927567835186704,-9.792225459262095,-7.237823600400441,0.002157502866520057,7.569354522945491,14.952398815830064
train,2026.8.10-8.20/log_14_2026-8-19-06-27-52.ulg,3,D2_center5,1,4017,0.029115193773542592,2.704406456704443,-13.368117636969098,-8.564588311926693,0.0035357103679361608,7.8901992839737085,10.57148920807418
train,2026.8.10-8.20/log_14_2026-8-19-06-27-52.ulg,3,D2_center5,2,4017,0.0011515237597962552,7.472295388280448,-15.959724423214743,-12.47318998179891,0.14242271172563178,11.744009292304934,13.314619998679477
train,2026.8.10-8.20/log_14_2026-8-19-06-27-52.ulg,3,D2_center5,3,4017,-0.0037379782844671593,9.759592146133008,-39.84767806734739,-22.65752811620574,-0.01141536005186363,25.1212607902124,35.529783592041746
train,2026.8.10-8.20/log_14_2026-8-19-06-27-52.ulg,3,D2_center5,4,4017,0.009140524855933157,7.081099234697919,-18.066521797491877,-13.80919333223562,1.019177687072536,13.611838503233033,19.31821426416587
train,2026.8.10-8.20/log_14_2026-8-19-06-27-52.ulg,3,D2_center5,5,4017,0.0029577160387212202,1.9455083678905456,-7.948150316672593,-4.681189225477716,-0.0016869923604464936,4.799841696091907,8.224815448895589
train,2026.8.10-8.20/log_14_2026-8-19-06-27-52.ulg,3,D2_center10,0,4017,0.19128069091944713,2.0140865513790955,-6.017396285575483,-4.734241139963374,0.07733429266689586,5.919440450113355,9.0207257118815
train,2026.8.10-8.20/log_14_2026-8-19-06-27-52.ulg,3,D2_center10,1,4017,0.028571520332164563,2.1388792891830977,-7.8846266226315604,-6.137520012475255,0.004612462138179186,5.28590088631625,7.09953757398851
train,2026.8.10-8.20/log_14_2026-8-19-06-27-52.ulg,3,D2_center10,2,4017,0.0033259172051484406,3.062780958112479,-7.040808489965791,-5.710825284879192,-0.13073395468826673,6.313523159265211,8.269150739419661
train,2026.8.10-8.20/log_14_2026-8-19-06-27-52.ulg,3,D2_center10,3,4017,0.0001069228446539187,4.252761344575571,-14.918479168114315,-10.205071334015308,-0.05152754512591425,10.142632305351174,18.229148819963353
train,2026.8.10-8.20/log_14_2026-8-19-06-27-52.ulg,3,D2_center10,4,4017,0.005988530623194809,3.5926150510201253,-10.879772372077182,-7.10220107596138,-0.19971525571389417,8.089619663347984,11.556532137385444
train,2026.8.10-8.20/log_14_2026-8-19-06-27-52.ulg,3,D2_center10,5,4017,0.00430143913548549,1.2598252768865879,-5.229879560988197,-3.1755727727394483,-0.00426123219385785,2.975353617341578,4.868238545017699
train,2026.8.10-8.20/log_14_2026-8-19-06-27-52.ulg,4,D0_raw,0,409,-1.3531606747398937,2.9300904559250793,-11.571730514719475,-9.982465210135675,-0.6957891396887039,4.062804093859038,5.7175500017698795
train,2026.8.10-8.20/log_14_2026-8-19-06-27-52.ulg,4,D0_raw,1,409,0.06985876081288576,2.9400472582976995,-6.6536126180728,-5.112772027721382,-0.38077319023856937,9.807489144932768,10.642897009995016
train,2026.8.10-8.20/log_14_2026-8-19-06-27-52.ulg,4,D0_raw,2,409,0.0461621997119768,8.764531119510893,-17.959308198543475,-16.03319074426495,0.9856323713547345,15.265866892193399,16.751645577519522
train,2026.8.10-8.20/log_14_2026-8-19-06-27-52.ulg,4,D0_raw,3,409,-0.028123535690862296,22.80669205161172,-61.57671980741237,-49.082430309613294,-1.5841429453883868,57.89603003019828,112.99004646165726
train,2026.8.10-8.20/log_14_2026-8-19-06-27-52.ulg,4,D0_raw,4,409,0.08215770087261078,16.240790667751472,-39.94100247066492,-36.93763704978274,0.3206871387206858,32.788030491804435,45.106514866529395
train,2026.8.10-8.20/log_14_2026-8-19-06-27-52.ulg,4,D0_raw,5,409,-0.035564743939323365,3.5604740724945283,-13.118562071917472,-9.32128959188813,0.0,8.388860868140005,12.811133878942776
train,2026.8.10-8.20/log_14_2026-8-19-06-27-52.ulg,4,D1_lp4,0,409,-1.3596329289284061,2.2930324835587026,-8.024372452744657,-7.1900896389608455,-0.8583292057540173,2.847649560568248,3.4283069363708303
train,2026.8.10-8.20/log_14_2026-8-19-06-27-52.ulg,4,D1_lp4,1,409,0.06280637987056985,1.9913987414052527,-3.160759183104233,-3.040561185375587,-0.2616144715328813,6.2458796296426895,7.4878595879420065
train,2026.8.10-8.20/log_14_2026-8-19-06-27-52.ulg,4,D1_lp4,2,409,0.03254672616824581,6.2666420259771325,-11.706919991303634,-10.55488172934536,-0.1434818926236276,10.516576370107755,11.158792234566466
train,2026.8.10-8.20/log_14_2026-8-19-06-27-52.ulg,4,D1_lp4,3,409,-0.03989830474256724,5.619415276251212,-15.240761545290628,-13.707610307873177,-0.15028963650865415,12.35215193472614,13.659514519526093
train,2026.8.10-8.20/log_14_2026-8-19-06-27-52.ulg,4,D1_lp4,4,409,0.0486223777978787,4.378677227684619,-7.93391467983133,-7.456524018226711,-0.7375067919808742,10.56615912821406,11.599028090867794
train,2026.8.10-8.20/log_14_2026-8-19-06-27-52.ulg,4,D1_lp4,5,409,-0.06072056236963627,1.5956575003100801,-4.352438032724206,-3.752850717263231,-0.20300342560342458,3.550689643590937,3.7967665171027853
train,2026.8.10-8.20/log_14_2026-8-19-06-27-52.ulg,4,D1_lp6,0,409,-1.3570411400462192,2.6370047884958687,-9.588386489942767,-8.779103041956697,-0.3723643539438596,3.5685894601434947,3.9929825145529154
train,2026.8.10-8.20/log_14_2026-8-19-06-27-52.ulg,4,D1_lp6,1,409,0.06122822817401064,2.3185258161936195,-4.002407072981343,-3.534824650360794,-0.6066787445993522,7.466330467804014,8.840476177646828
train,2026.8.10-8.20/log_14_2026-8-19-06-27-52.ulg,4,D1_lp6,2,409,0.047205172866929504,8.297175642213485,-15.809904002336825,-14.615050452524894,0.2789952363398662,12.861333672456663,13.716452416074503
train,2026.8.10-8.20/log_14_2026-8-19-06-27-52.ulg,4,D1_lp6,3,409,-0.004669434322958645,7.798080237218872,-24.411617049686495,-21.174258403391068,0.2602604249347049,17.136882370241075,20.059248886176505
train,2026.8.10-8.20/log_14_2026-8-19-06-27-52.ulg,4,D1_lp6,4,409,0.054884187994854006,6.233365334886853,-12.956107143690215,-11.80785697816257,0.5073657173197681,13.170792799551883,15.178943861709337
train,2026.8.10-8.20/log_14_2026-8-19-06-27-52.ulg,4,D1_lp6,5,409,-0.06224001718252378,1.9822496724103535,-5.954269679693768,-4.62622511687952,-0.16870471777254356,4.876255434365633,5.347364083284794
train,2026.8.10-8.20/log_14_2026-8-19-06-27-52.ulg,4,D1_lp8,0,409,-1.3555992985877268,2.7006051971826386,-10.08844116378275,-9.033323481383198,-0.40057010271497084,3.6080381413477225,4.114733339333143
train,2026.8.10-8.20/log_14_2026-8-19-06-27-52.ulg,4,D1_lp8,1,409,0.06573150721439364,2.5615655996652262,-4.722353456633729,-4.438261863458002,-0.3784328019359347,8.628471831090192,9.691668130638105
train,2026.8.10-8.20/log_14_2026-8-19-06-27-52.ulg,4,D1_lp8,2,409,0.047426188826041965,8.401449766279303,-16.469647969184763,-15.384225855508696,0.6480734750083498,12.789304968045503,13.515840891006432
train,2026.8.10-8.20/log_14_2026-8-19-06-27-52.ulg,4,D1_lp8,3,409,0.0023938603723588693,8.461609280389585,-27.443777541125627,-23.041650790400645,0.595654960890898,17.7174481036334,19.15726588862334
train,2026.8.10-8.20/log_14_2026-8-19-06-27-52.ulg,4,D1_lp8,4,409,0.07029055848541253,9.598241176481471,-21.018529017468733,-18.362752218594668,1.1575252973840378,16.05313954889138,17.66108715396851
train,2026.8.10-8.20/log_14_2026-8-19-06-27-52.ulg,4,D1_lp8,5,409,-0.06235407679755663,2.2451251857483814,-7.101722521886779,-5.245846797359561,-0.023941953095292703,5.509456658675034,6.475831175645262
train,2026.8.10-8.20/log_14_2026-8-19-06-27-52.ulg,4,D1_lp12,0,409,-1.3550282972588323,2.740315738800741,-10.367048643605614,-9.485339777133184,-0.5151508277126877,3.6897663653194215,4.330398088900026
train,2026.8.10-8.20/log_14_2026-8-19-06-27-52.ulg,4,D1_lp12,1,409,0.0670076644078436,2.760740620219424,-5.0660861875068814,-4.674173324952195,-0.41499275176262623,9.075234495613016,10.2764075937867
train,2026.8.10-8.20/log_14_2026-8-19-06-27-52.ulg,4,D1_lp12,2,409,0.04873739005970523,8.44098753495255,-17.467566993261737,-16.012330941257964,0.753619608369163,13.338561071680326,14.341337447521147
train,2026.8.10-8.20/log_14_2026-8-19-06-27-52.ulg,4,D1_lp12,3,409,0.01028969908535405,10.681895990542042,-28.889308660960097,-25.735272825471252,-0.464432589599812,24.763820782290722,32.53868946227624
train,2026.8.10-8.20/log_14_2026-8-19-06-27-52.ulg,4,D1_lp12,4,409,0.057188277872713016,12.569840369219133,-27.26741424882859,-24.25797711241295,0.46251853173214397,21.542408604882013,26.907572548364282
train,2026.8.10-8.20/log_14_2026-8-19-06-27-52.ulg,4,D1_lp12,5,409,-0.06207893294773426,2.5217929975559956,-8.140479024854042,-5.803493702444942,-0.05386591079793241,6.191563663577732,7.560377024942718
train,2026.8.10-8.20/log_14_2026-8-19-06-27-52.ulg,4,D2_center2,0,409,-1.3531263730492762,2.770361372147763,-10.703928027611287,-9.469121491984097,-0.5414750117993835,3.9185143979195685,4.3334170119206865
train,2026.8.10-8.20/log_14_2026-8-19-06-27-52.ulg,4,D2_center2,1,409,0.06073683303198965,2.795445948778547,-5.330736598167326,-4.825068727270535,-0.4935992638450049,9.150438404489178,10.057130352859405
train,2026.8.10-8.20/log_14_2026-8-19-06-27-52.ulg,4,D2_center2,2,409,0.028736903972584184,8.467818147586456,-16.99680686781234,-15.706418946451183,0.7919293697062437,13.780320705516106,14.742866519962504
train,2026.8.10-8.20/log_14_2026-8-19-06-27-52.ulg,4,D2_center2,3,409,-0.0407965317692957,14.39971531985897,-34.10957546352539,-28.096348957289262,-1.3546808228333496,33.85903872904832,53.124805970707506
train,2026.8.10-8.20/log_14_2026-8-19-06-27-52.ulg,4,D2_center2,4,409,0.09918987369629943,13.608750530890278,-30.104103215236705,-26.706389291413956,0.4656593976398321,25.185353499077323,28.717878656777188
train,2026.8.10-8.20/log_14_2026-8-19-06-27-52.ulg,4,D2_center2,5,409,-0.058399718010170916,2.751046063719862,-8.560107877088539,-7.717328107731275,-0.09529414426758802,7.196413114053831,8.014540266826922
train,2026.8.10-8.20/log_14_2026-8-19-06-27-52.ulg,4,D2_center5,0,409,-1.357806644740594,2.4473642356253964,-8.662966821336516,-8.194912395959452,-0.6480303044366156,3.1791115866553596,3.8318244324250363
train,2026.8.10-8.20/log_14_2026-8-19-06-27-52.ulg,4,D2_center5,1,409,0.06345725456939585,2.203346571219991,-4.069236811641192,-3.61495437914636,-0.4359888984500046,7.262068298577542,8.287855606272446
train,2026.8.10-8.20/log_14_2026-8-19-06-27-52.ulg,4,D2_center5,2,409,0.03310401086312492,7.047846507350984,-13.98675149992456,-12.270248165380409,0.24854105603457952,10.828074031355605,11.840222318939546
train,2026.8.10-8.20/log_14_2026-8-19-06-27-52.ulg,4,D2_center5,3,409,-0.012406693107490324,7.517326900705902,-26.13263305791128,-21.437071467119395,0.6146252113525312,15.293561721104542,19.701233231370438
train,2026.8.10-8.20/log_14_2026-8-19-06-27-52.ulg,4,D2_center5,4,409,0.05933905681807171,6.701639907216751,-14.249479603106392,-13.119308037824899,0.9799067153723964,13.759216279838022,16.555126443013854
train,2026.8.10-8.20/log_14_2026-8-19-06-27-52.ulg,4,D2_center5,5,409,-0.06324913528834934,1.8879912321680783,-5.608406197550932,-4.40341097206289,-0.18931186752861928,4.771459183496354,5.3993393336216124
train,2026.8.10-8.20/log_14_2026-8-19-06-27-52.ulg,4,D2_center10,0,409,-1.3657035762371508,1.9696308519574803,-6.295921038898176,-5.6619156052517985,-1.3961043429801638,2.562325363160164,2.7052138602149767
train,2026.8.10-8.20/log_14_2026-8-19-06-27-52.ulg,4,D2_center10,1,409,0.06569573960641502,1.7170733982400692,-2.8067171804026922,-2.430029167585549,-0.07929467666315215,4.68287861351279,5.295983134450097
train,2026.8.10-8.20/log_14_2026-8-19-06-27-52.ulg,4,D2_center10,2,409,-0.023465886581127273,3.366928633745796,-7.171007840708008,-6.0158505100037925,-0.15134977530256347,6.37111782431666,7.01887806662806
train,2026.8.10-8.20/log_14_2026-8-19-06-27-52.ulg,4,D2_center10,3,409,-0.05328530306360352,3.87222281035268,-10.35824876650153,-8.918898506688503,-0.07289553695950926,8.586963338671204,11.302972454150092
train,2026.8.10-8.20/log_14_2026-8-19-06-27-52.ulg,4,D2_center10,4,409,0.03548613328494061,3.7197771342945654,-7.90329559293674,-7.261238280700514,-0.2631933535127112,9.272033953835791,11.747550885988307
train,2026.8.10-8.20/log_14_2026-8-19-06-27-52.ulg,4,D2_center10,5,409,-0.053678910051159455,1.317852334420111,-3.879172616779164,-3.1769067840719494,-0.06544531250656373,2.8962601290973002,3.1299457877215535
train,2026.8.10-8.20/log_14_2026-8-19-06-27-52.ulg,5,D0_raw,0,2072,0.3147044439174671,2.7805490661820573,-8.345883843419589,-5.8521237082550766,-0.1338186860993949,10.379317252561847,15.088579917655712
train,2026.8.10-8.20/log_14_2026-8-19-06-27-52.ulg,5,D0_raw,1,2072,-0.11164972251620303,1.9302329176514383,-11.165231312084146,-6.038896740242199,-0.004493611885121292,5.461124615812532,10.906486966634922
train,2026.8.10-8.20/log_14_2026-8-19-06-27-52.ulg,5,D0_raw,2,2072,0.03030358802310406,8.418229525345508,-17.907924694650532,-15.783291752263134,1.1342069032283026,15.102731289004689,22.053006540196517
train,2026.8.10-8.20/log_14_2026-8-19-06-27-52.ulg,5,D0_raw,3,2072,0.11809426779279697,21.065034532243452,-82.89102664076111,-51.14721035847681,-1.5784663671318842,59.68151701177014,79.73086027283836
train,2026.8.10-8.20/log_14_2026-8-19-06-27-52.ulg,5,D0_raw,4,2072,-0.002624828890405484,16.135268571716377,-52.86561767935684,-37.94830738820434,1.4577968192304427,32.20611926246645,41.839095134651174
train,2026.8.10-8.20/log_14_2026-8-19-06-27-52.ulg,5,D0_raw,5,2072,0.002517550966888082,2.880827057048827,-10.090392467335006,-6.591727399859286,-0.08587470638871905,7.22099058922617,9.77376527894988
train,2026.8.10-8.20/log_14_2026-8-19-06-27-52.ulg,5,D1_lp4,0,2072,0.3167243153752465,1.9651627800543803,-4.818089720057188,-3.0580355250783775,0.14126711289434418,8.29130019438102,11.446517503745314
train,2026.8.10-8.20/log_14_2026-8-19-06-27-52.ulg,5,D1_lp4,1,2072,-0.10815229412690777,1.4401905422842354,-6.605935962098977,-4.241357817493388,0.033068344049957135,4.387439680165445,8.127861370257119
train,2026.8.10-8.20/log_14_2026-8-19-06-27-52.ulg,5,D1_lp4,2,2072,0.02115562332175257,6.637758742219027,-13.739463602344765,-10.879970681810082,0.017207763708890808,11.231117449620392,12.325312770689267
train,2026.8.10-8.20/log_14_2026-8-19-06-27-52.ulg,5,D1_lp4,3,2072,0.003143940828875196,5.325011095811105,-17.014828298169327,-12.589426107283863,-0.1445786819683208,13.23190392737739,19.995996538895604
train,2026.8.10-8.20/log_14_2026-8-19-06-27-52.ulg,5,D1_lp4,4,2072,0.007974672242335371,3.727610944693825,-10.925955034665835,-7.536181745037553,-0.15363646221932917,9.592939839390942,14.122387680361252
train,2026.8.10-8.20/log_14_2026-8-19-06-27-52.ulg,5,D1_lp4,5,2072,0.011711693005037684,1.230179738802002,-3.3928745113384355,-2.6397785886583116,-0.03687158355811716,3.1216397469578028,4.194487351483445
train,2026.8.10-8.20/log_14_2026-8-19-06-27-52.ulg,5,D1_lp6,0,2072,0.31609696986672287,2.2992170786399733,-5.980072747517496,-3.9498715059033165,-0.10360340686240611,9.733747816832967,13.67743858588438
train,2026.8.10-8.20/log_14_2026-8-19-06-27-52.ulg,5,D1_lp6,1,2072,-0.10835999824547118,1.620751913658246,-8.221457435475768,-5.150407377979176,0.025188091301476624,5.054439274878965,9.623480912147773
train,2026.8.10-8.20/log_14_2026-8-19-06-27-52.ulg,5,D1_lp6,2,2072,0.02019861394780989,8.089251980417908,-16.857293018419217,-13.97683537581672,0.11571109147204568,13.181054836862414,15.177878288915565
train,2026.8.10-8.20/log_14_2026-8-19-06-27-52.ulg,5,D1_lp6,3,2072,0.004407348944364108,6.910209330718338,-23.816370942134576,-16.394794756272372,-0.2144300294176975,17.939018748605612,26.958530557224638
train,2026.8.10-8.20/log_14_2026-8-19-06-27-52.ulg,5,D1_lp6,4,2072,0.007774487468786386,6.2330330994743095,-19.387551606456082,-13.609582775885245,0.2521681922440868,13.58000328583642,21.378102721903257
train,2026.8.10-8.20/log_14_2026-8-19-06-27-52.ulg,5,D1_lp6,5,2072,0.011956946090691511,1.465330380004555,-4.307241975322862,-3.23689666588153,-0.0781117395686468,3.9391620415108455,5.476727754384678
train,2026.8.10-8.20/log_14_2026-8-19-06-27-52.ulg,5,D1_lp8,0,2072,0.31409818853441496,2.527851985473929,-7.18611630027782,-4.760708862322977,-0.09994734004800898,9.870770747098868,14.114597213777031
train,2026.8.10-8.20/log_14_2026-8-19-06-27-52.ulg,5,D1_lp8,1,2072,-0.1068689630876573,1.7151543376499667,-9.01308172658074,-5.5865726134134865,0.0027835335909013157,5.246856037109902,10.136803538068984
train,2026.8.10-8.20/log_14_2026-8-19-06-27-52.ulg,5,D1_lp8,2,2072,0.019699133023459277,8.165003927912359,-17.389656946275515,-14.597563198549084,0.3927941635095441,13.083452361594933,14.999151615068758
train,2026.8.10-8.20/log_14_2026-8-19-06-27-52.ulg,5,D1_lp8,3,2072,0.008117408954687893,7.471433475687527,-24.379429957979383,-16.99376091284759,-0.361911346539619,19.418581774295518,30.86379787100472
train,2026.8.10-8.20/log_14_2026-8-19-06-27-52.ulg,5,D1_lp8,4,2072,0.0031966105017248655,10.330053589512916,-24.96426399083552,-20.73028133857298,0.7612884461592957,18.987608654277395,24.1391539452091
train,2026.8.10-8.20/log_14_2026-8-19-06-27-52.ulg,5,D1_lp8,5,2072,0.012120705178725322,1.7123484047859847,-6.263094103000455,-3.944462285267764,-0.09277865144648398,4.701459889350359,6.588111217409263
train,2026.8.10-8.20/log_14_2026-8-19-06-27-52.ulg,5,D1_lp12,0,2072,0.3135850983943131,2.6531403265728835,-7.771096326314507,-5.4430072327999905,-0.12036080268527152,9.930895511951258,14.219541652875465
train,2026.8.10-8.20/log_14_2026-8-19-06-27-52.ulg,5,D1_lp12,1,2072,-0.10651255392768604,1.7975388263130576,-9.535048705442813,-5.915394723407384,-0.0108603166780714,5.442921745755577,10.682554167421017
train,2026.8.10-8.20/log_14_2026-8-19-06-27-52.ulg,5,D1_lp12,2,2072,0.018359142235001683,8.195268572727793,-17.8915910580971,-15.387246171365124,0.6132302841467722,13.42087339715409,15.406125096322139
train,2026.8.10-8.20/log_14_2026-8-19-06-27-52.ulg,5,D1_lp12,3,2072,0.014347604431522856,10.35542553673795,-30.38273221932471,-22.38668755124109,-0.8834366737429735,26.69643245930957,36.25727756674005
train,2026.8.10-8.20/log_14_2026-8-19-06-27-52.ulg,5,D1_lp12,4,2072,0.003244682744858434,13.026634044628663,-33.968809352456496,-26.352757162394226,1.158401248895144,25.303836592113925,30.54911431648944
train,2026.8.10-8.20/log_14_2026-8-19-06-27-52.ulg,5,D1_lp12,5,2072,0.012469025169331537,2.0020557299006048,-7.194284490012707,-4.601739773926916,-0.15485008007499898,5.47552083695692,8.563197836256913
train,2026.8.10-8.20/log_14_2026-8-19-06-27-52.ulg,5,D2_center2,0,2072,0.31432456277534904,2.6488441510811724,-7.629672690303816,-5.443898105505247,-0.13419021270895548,10.14680483645587,14.340336936928452
train,2026.8.10-8.20/log_14_2026-8-19-06-27-52.ulg,5,D2_center2,1,2072,-0.10744573577397959,1.8093788543978728,-10.252700345892128,-5.771858286781157,-0.016240773579220488,5.134324944254311,10.264370931740572
train,2026.8.10-8.20/log_14_2026-8-19-06-27-52.ulg,5,D2_center2,2,2072,0.019826002864360523,8.182346215301814,-17.475390834603367,-15.032823390569146,0.8498045908847652,13.636931803669619,17.18172467977319
train,2026.8.10-8.20/log_14_2026-8-19-06-27-52.ulg,5,D2_center2,3,2072,0.039351664328218,13.75766621266976,-50.906627712316364,-31.919647730313258,-1.1322921788437925,36.281222413077536,53.84742296001513
train,2026.8.10-8.20/log_14_2026-8-19-06-27-52.ulg,5,D2_center2,4,2072,0.0008788303149417035,13.64013848677014,-38.6135209535378,-28.830200958435846,1.2616800930428944,25.5884232253754,28.806737823173858
train,2026.8.10-8.20/log_14_2026-8-19-06-27-52.ulg,5,D2_center2,5,2072,0.012785208562413912,2.167518404311405,-7.938266335621114,-4.862172002020525,-0.13348990286950246,5.786994317731148,8.26153135859926
train,2026.8.10-8.20/log_14_2026-8-19-06-27-52.ulg,5,D2_center5,0,2072,0.3154727970456294,2.141283436433709,-5.825109869783201,-3.800023529681415,-0.04970848363513035,8.80384473647397,13.063193757007465
train,2026.8.10-8.20/log_14_2026-8-19-06-27-52.ulg,5,D2_center5,1,2072,-0.10825705964745562,1.5312158189605218,-7.405191879267654,-4.847023626933776,0.018397894157372603,4.759770724101693,9.130630965310417
train,2026.8.10-8.20/log_14_2026-8-19-06-27-52.ulg,5,D2_center5,2,2072,0.020606464126250872,6.973542701108202,-14.641749578167627,-12.261405204883639,0.2778806502819443,11.251432085129347,13.157615960219422
train,2026.8.10-8.20/log_14_2026-8-19-06-27-52.ulg,5,D2_center5,3,2072,0.005255871617808045,6.875724356406557,-28.360678504541983,-16.502114154469805,-0.21172267466263678,17.36753386559913,23.509988026077664
train,2026.8.10-8.20/log_14_2026-8-19-06-27-52.ulg,5,D2_center5,4,2072,0.007440938754766822,6.815233531842609,-18.61454359800994,-13.570292424317485,0.07627906985078645,13.879603040042717,19.132534654820844
train,2026.8.10-8.20/log_14_2026-8-19-06-27-52.ulg,5,D2_center5,5,2072,0.01133510294736546,1.4277136410417535,-4.436238472806231,-3.1326673070785342,-0.022267865085916938,3.766207794375819,5.734051606290718
train,2026.8.10-8.20/log_14_2026-8-19-06-27-52.ulg,5,D2_center10,0,2072,0.31484390777477533,1.5683456359813774,-3.380101581150657,-2.1309324978031277,0.12429228226636072,6.65301364764347,8.80230412807858
train,2026.8.10-8.20/log_14_2026-8-19-06-27-52.ulg,5,D2_center10,1,2072,-0.10807211918979578,1.2575036615449136,-4.92187745052119,-3.493096755229108,-0.017488960435158067,3.6021257635939405,6.482444658189143
train,2026.8.10-8.20/log_14_2026-8-19-06-27-52.ulg,5,D2_center10,2,2072,0.022205595802123352,3.7657227311412,-7.96017702905109,-6.415454152768692,-0.06036757883812123,6.817108389196615,7.904568804052136
train,2026.8.10-8.20/log_14_2026-8-19-06-27-52.ulg,5,D2_center10,3,2072,0.006495069484586705,3.657183201575672,-12.00977506326931,-8.663265372221378,-0.05301433958698664,9.336503796855098,14.072331334916466
train,2026.8.10-8.20/log_14_2026-8-19-06-27-52.ulg,5,D2_center10,4,2072,0.0008807780024497016,3.6435666824930797,-10.113962477647462,-8.071117219277943,0.171144272111945,8.666629272186988,12.887501385242327
train,2026.8.10-8.20/log_14_2026-8-19-06-27-52.ulg,5,D2_center10,5,2072,0.012685183488666213,1.0231716886212363,-3.123624811333379,-2.3155251414258267,0.007324691978589915,2.668611793812744,3.2556104444764866
train,2026.8.10-8.20/log_15_2026-8-19-06-52-42.ulg,0,D0_raw,0,1647,0.18560824069006046,3.4471031719376737,-9.232180807233501,-6.912303869491754,-0.13637910606594464,8.794245527129274,12.29822298226722
train,2026.8.10-8.20/log_15_2026-8-19-06-52-42.ulg,0,D0_raw,1,1647,-0.005688551694779753,3.9001053238265664,-12.186767342714907,-9.077306584704274,-0.1292946904690482,9.625608794821723,13.419677759604548
train,2026.8.10-8.20/log_15_2026-8-19-06-52-42.ulg,0,D0_raw,2,1647,-0.021187609938997473,12.538123195308497,-25.614348831955233,-22.980336906166205,0.09660485285168813,21.468848833593665,26.939663162295094
train,2026.8.10-8.20/log_15_2026-8-19-06-52-42.ulg,0,D0_raw,3,1647,-0.005780757980275682,30.085794712845075,-90.67609654617267,-64.14546963614724,-1.4819884847244842,81.92453740107204,128.68335825170604
train,2026.8.10-8.20/log_15_2026-8-19-06-52-42.ulg,0,D0_raw,4,1647,0.046396346107337394,22.888597089320307,-53.59877359832006,-43.70511454560654,-0.7791065523552858,50.73493862074205,59.208148921245396
train,2026.8.10-8.20/log_15_2026-8-19-06-52-42.ulg,0,D0_raw,5,1647,-0.009133030963418715,5.922939351502788,-19.133574713809022,-12.67537635097449,-0.43187463434643997,14.268013409811372,19.048165849838647
train,2026.8.10-8.20/log_15_2026-8-19-06-52-42.ulg,0,D1_lp4,0,1647,0.17621419127680493,1.3024055707024167,-3.071095135754844,-2.235552849849302,-0.03317186423990474,3.4426673262978085,4.985858876957362
train,2026.8.10-8.20/log_15_2026-8-19-06-52-42.ulg,0,D1_lp4,1,1647,-0.0061902191757037,1.6067210844700215,-5.000021035226149,-3.5128889395303773,-0.14854238100222922,4.063468147742183,6.356073133311335
train,2026.8.10-8.20/log_15_2026-8-19-06-52-42.ulg,0,D1_lp4,2,1647,0.003092120349801837,3.8378418844742805,-8.011999746349133,-7.158043067023641,-0.02495918324184069,7.886598178379948,10.183544516288109
train,2026.8.10-8.20/log_15_2026-8-19-06-52-42.ulg,0,D1_lp4,3,1647,0.01212970504416879,4.67991450267187,-24.99151944142398,-9.69735101188461,-0.19161068400125553,11.068422118982973,29.697287279007604
train,2026.8.10-8.20/log_15_2026-8-19-06-52-42.ulg,0,D1_lp4,4,1647,0.006172297082655142,3.6904375438367483,-8.168926527281362,-6.688170560214414,-0.12011441434112041,7.3484273649962475,10.088130390576692
train,2026.8.10-8.20/log_15_2026-8-19-06-52-42.ulg,0,D1_lp4,5,1647,-0.01807907587166223,1.3598359501376966,-9.141910081200269,-3.9022301831851984,-0.003931848675137802,3.6425424370247974,5.1093700487076275
train,2026.8.10-8.20/log_15_2026-8-19-06-52-42.ulg,0,D1_lp6,0,1647,0.17830946272047898,2.140744560151925,-5.03040243018634,-3.849542795522975,-0.1215115578440148,5.758251897678863,8.06974750891495
train,2026.8.10-8.20/log_15_2026-8-19-06-52-42.ulg,0,D1_lp6,1,1647,-0.009015008668364886,2.6012323148865293,-8.623955969976995,-6.369616683674885,-0.16999615481837596,6.606251197111158,10.384449353235546
train,2026.8.10-8.20/log_15_2026-8-19-06-52-42.ulg,0,D1_lp6,2,1647,-0.0205209821083294,11.039987688946818,-18.80895232848657,-17.181486133127883,-0.10839525570113008,17.081368642976376,20.01737052252076
train,2026.8.10-8.20/log_15_2026-8-19-06-52-42.ulg,0,D1_lp6,3,1647,0.0019488711874195532,10.53432877546008,-40.181338924939574,-23.23352014739933,-0.20204845048179496,23.474042368536292,41.84659136917646
train,2026.8.10-8.20/log_15_2026-8-19-06-52-42.ulg,0,D1_lp6,4,1647,0.031834133203519334,10.929620184682769,-22.22391395199243,-18.766052817004525,-0.13930040157733137,19.106825521855356,21.473062395927876
train,2026.8.10-8.20/log_15_2026-8-19-06-52-42.ulg,0,D1_lp6,5,1647,-0.016572885335868953,1.9949782524136022,-11.14791923752342,-4.78493597557104,0.0023620894525094908,4.94197332810189,6.889616620034123
train,2026.8.10-8.20/log_15_2026-8-19-06-52-42.ulg,0,D1_lp8,0,1647,0.17940761508829067,2.3237220032927715,-5.61630366528941,-4.2572579811789115,-0.13508643374097135,6.1853929026538985,9.045066630496514
train,2026.8.10-8.20/log_15_2026-8-19-06-52-42.ulg,0,D1_lp8,1,1647,-0.0076289991552063825,2.7983393527392857,-9.256184064715386,-6.860490042511763,-0.20040349335599114,7.023658500302102,11.279286637923471
train,2026.8.10-8.20/log_15_2026-8-19-06-52-42.ulg,0,D1_lp8,2,1647,-0.022922821692295096,11.782499233750439,-20.362007673449668,-18.58067231629566,0.14995555189368084,17.818401791163613,20.629896674598687
train,2026.8.10-8.20/log_15_2026-8-19-06-52-42.ulg,0,D1_lp8,3,1647,-0.008204449617056672,11.77288470115402,-41.985249405716516,-26.40426631388934,-0.32816943135514054,25.98303396402415,46.74321160854579
train,2026.8.10-8.20/log_15_2026-8-19-06-52-42.ulg,0,D1_lp8,4,1647,0.037127218386256586,12.085742582172522,-25.805826784177334,-21.78592888186426,-0.09343951524373618,21.207232785070016,23.46980856185558
train,2026.8.10-8.20/log_15_2026-8-19-06-52-42.ulg,0,D1_lp8,5,1647,-0.018286749576243464,2.3437325913151805,-16.390157829275815,-5.9984790908565,0.028550730221072275,5.667086469292238,8.193468807677624
train,2026.8.10-8.20/log_15_2026-8-19-06-52-42.ulg,0,D1_lp12,0,1647,0.18176871963957256,2.961844433108253,-7.239602897159114,-5.982376096191481,-0.053646133685052694,7.593210675950397,10.14991555589742
train,2026.8.10-8.20/log_15_2026-8-19-06-52-42.ulg,0,D1_lp12,1,1647,-0.004781490197172713,3.421195858544771,-10.563695765170221,-8.228441327700022,-0.0067508383542849906,8.089084484644722,12.077621435096038
train,2026.8.10-8.20/log_15_2026-8-19-06-52-42.ulg,0,D1_lp12,2,1647,-0.022428574867176556,11.895830360439342,-21.479410324398675,-19.59594949762083,0.8668937031506792,17.74102000260353,20.73512906196535
train,2026.8.10-8.20/log_15_2026-8-19-06-52-42.ulg,0,D1_lp12,3,1647,-0.012157882039566055,13.533293771504841,-51.052983998652344,-31.07412765416242,-0.6674100651383496,30.809001987763168,56.66213103039065
train,2026.8.10-8.20/log_15_2026-8-19-06-52-42.ulg,0,D1_lp12,4,1647,0.03632869778136236,15.44828006679462,-35.79137848246874,-30.95773047655285,0.7685528635933286,28.632869212872134,31.42997646210723
train,2026.8.10-8.20/log_15_2026-8-19-06-52-42.ulg,0,D1_lp12,5,1647,-0.01951612742723765,3.5068548783660307,-16.719423675914452,-8.803231388209518,0.14661602495588122,8.10414769077321,12.679858262375713
train,2026.8.10-8.20/log_15_2026-8-19-06-52-42.ulg,0,D2_center2,0,1647,0.18310817222461306,3.0171082445064004,-8.287890765533739,-5.924425307113133,-0.012212965138586334,7.894292252077604,9.95621969785633
train,2026.8.10-8.20/log_15_2026-8-19-06-52-42.ulg,0,D2_center2,1,1647,-0.004766352205437429,3.4746425307709377,-11.66300546441414,-8.138286198527974,-0.039431193764969674,8.33033291229887,11.880324578564098
train,2026.8.10-8.20/log_15_2026-8-19-06-52-42.ulg,0,D2_center2,2,1647,-0.022934642591451334,11.910837881009684,-24.44018972354104,-20.626287118485344,1.1542894386243554,18.487708863951603,21.595840890292635
train,2026.8.10-8.20/log_15_2026-8-19-06-52-42.ulg,0,D2_center2,3,1647,-0.04573576606918454,19.71206391068816,-58.31522385360705,-43.90313599802714,-0.8152775702712849,47.972935394399094,66.91236264020448
train,2026.8.10-8.20/log_15_2026-8-19-06-52-42.ulg,0,D2_center2,4,1647,0.04005848387007141,17.888577967071924,-42.10121126023028,-32.735471466043585,-0.12899981753319892,38.884150695834876,42.411740529617845
train,2026.8.10-8.20/log_15_2026-8-19-06-52-42.ulg,0,D2_center2,5,1647,-0.015552807418295117,3.9149641270554483,-15.390953351866695,-9.179595430665184,-0.1610788202651089,9.3226505757091,12.734504064098786
train,2026.8.10-8.20/log_15_2026-8-19-06-52-42.ulg,0,D2_center5,0,1647,0.17770691948977468,1.8866205032893089,-4.720663446780777,-3.477855421543701,-0.0685782474886038,5.178751066527958,7.584413419200281
train,2026.8.10-8.20/log_15_2026-8-19-06-52-42.ulg,0,D2_center5,1,1647,-0.008101017803861589,2.283684310608437,-6.953731098316019,-5.360548045667039,-0.2067177419378194,5.7910268675508645,9.474305321871462
train,2026.8.10-8.20/log_15_2026-8-19-06-52-42.ulg,0,D2_center5,2,1647,-0.009262741576498262,8.848032016905728,-16.141491549411676,-14.163185394210148,0.05411687281164881,13.614208577772757,16.045302109037547
train,2026.8.10-8.20/log_15_2026-8-19-06-52-42.ulg,0,D2_center5,3,1647,0.004849979437322284,10.202622705287517,-34.27041034747654,-22.61452556284102,0.17001471548040342,26.05715136539304,37.991728376505876
train,2026.8.10-8.20/log_15_2026-8-19-06-52-42.ulg,0,D2_center5,4,1647,0.02069323058661602,9.48164465231292,-17.804536592889544,-16.124393471639547,-0.2953716069959977,16.2372877258402,20.26820295606083
train,2026.8.10-8.20/log_15_2026-8-19-06-52-42.ulg,0,D2_center5,5,1647,-0.01729126127262,1.9731766416113736,-11.840415811971733,-4.621886582359719,0.040036065030040695,4.852465197184752,7.409762678539396
train,2026.8.10-8.20/log_15_2026-8-19-06-52-42.ulg,0,D2_center10,0,1647,0.17544152415717199,1.2053914170388402,-2.5650424548980384,-2.0412697504488477,0.009011778688368466,2.9251403426836244,3.9425589669400947
train,2026.8.10-8.20/log_15_2026-8-19-06-52-42.ulg,0,D2_center10,1,1647,-0.006315475644948421,1.4876790598020253,-3.973679613417454,-2.785859405522704,-0.17126578438061046,3.6065825418974637,5.113577399460292
train,2026.8.10-8.20/log_15_2026-8-19-06-52-42.ulg,0,D2_center10,2,1647,0.013853704329030395,2.0346556333161403,-5.163800851906531,-4.180977078733779,-0.1223293872065225,5.11353488327021,7.90725690827371
train,2026.8.10-8.20/log_15_2026-8-19-06-52-42.ulg,0,D2_center10,3,1647,0.0034977397547398983,3.803064754156299,-16.975879279813782,-8.893263820970796,0.11351573226639276,8.511022270543648,18.587081444071814
train,2026.8.10-8.20/log_15_2026-8-19-06-52-42.ulg,0,D2_center10,4,1647,-0.006106502678249781,2.9736782493283638,-8.848972915462578,-6.669038683833456,0.08315599084550628,5.840478838174877,7.827403723229362
train,2026.8.10-8.20/log_15_2026-8-19-06-52-42.ulg,0,D2_center10,5,1647,-0.0176002702114122,1.3026368756997915,-7.624319806968751,-3.315909315573668,0.049836561141647064,3.2144878951516174,4.566273482242882
train,2026.8.10-8.20/log_15_2026-8-19-06-52-42.ulg,3,D0_raw,0,3950,0.014173122900653675,3.0819133822193328,-11.76796646243636,-7.76110473087613,-0.01051144036119243,8.545138095792002,16.07576771480844
train,2026.8.10-8.20/log_15_2026-8-19-06-52-42.ulg,3,D0_raw,1,3950,-0.10364284742391017,3.003131140743564,-13.169945017933214,-8.270666510880162,-0.16851550989660352,8.386439669635381,14.108096908234712
train,2026.8.10-8.20/log_15_2026-8-19-06-52-42.ulg,3,D0_raw,2,3950,0.024535903811708264,9.973134273739854,-25.543833304505835,-19.579547107575475,0.9121212787285289,17.73511861413872,22.004855300272283
train,2026.8.10-8.20/log_15_2026-8-19-06-52-42.ulg,3,D0_raw,3,3950,-0.08963668155217729,29.241943043432865,-102.94400767702847,-64.6953613135157,-2.4625180566309446,81.44077255516633,137.3390635412229
train,2026.8.10-8.20/log_15_2026-8-19-06-52-42.ulg,3,D0_raw,4,3950,0.014282340982769542,18.525827707340525,-52.47271759716139,-37.18309660157077,0.4581603145074359,37.705859456790826,67.21307122812364
train,2026.8.10-8.20/log_15_2026-8-19-06-52-42.ulg,3,D0_raw,5,3950,0.0013890251872472092,4.39783266110857,-18.93639937789975,-11.23464309269018,-0.0490412590993637,10.607131064357883,19.40142758979453
train,2026.8.10-8.20/log_15_2026-8-19-06-52-42.ulg,3,D1_lp4,0,3950,0.014891113043049584,1.9910844276182815,-6.289859696464581,-4.566828411553758,-0.043626121378068206,6.152599788618745,9.731617015489245
train,2026.8.10-8.20/log_15_2026-8-19-06-52-42.ulg,3,D1_lp4,1,3950,-0.10242574492912228,1.9483538317492497,-8.887402141608298,-5.6982973462125095,-0.13847601870360915,5.540143815557473,8.054001570569655
train,2026.8.10-8.20/log_15_2026-8-19-06-52-42.ulg,3,D1_lp4,2,3950,0.023813137966664864,5.818701839653922,-12.389399960021581,-9.909974130942059,-0.07020009619158894,10.833060410449765,13.961647530867813
train,2026.8.10-8.20/log_15_2026-8-19-06-52-42.ulg,3,D1_lp4,3,3950,-0.0015368079727279902,6.240352762599121,-20.75811425025389,-14.952150903411866,-0.1675315231221498,14.62927703722323,23.757826992178718
train,2026.8.10-8.20/log_15_2026-8-19-06-52-42.ulg,3,D1_lp4,4,3950,0.0074971725712561785,4.469554636530659,-9.457924705446535,-8.052562011360768,-0.1541972521766311,9.735992719123047,13.766089731067018
train,2026.8.10-8.20/log_15_2026-8-19-06-52-42.ulg,3,D1_lp4,5,3950,-0.0006528138937527747,1.5670934023495309,-6.116579671886588,-4.0819989870681,0.04029812798829064,3.7379123303634048,5.025522074314546
train,2026.8.10-8.20/log_15_2026-8-19-06-52-42.ulg,3,D1_lp6,0,3950,0.014271412463241534,2.4201378553604322,-9.659152872552113,-6.061669918071164,-0.005280408126832373,7.6648671537716595,13.496434200717106
train,2026.8.10-8.20/log_15_2026-8-19-06-52-42.ulg,3,D1_lp6,1,3950,-0.10290205233621197,2.3514828383147592,-12.181269438282316,-6.673148820962911,-0.1820564453885682,7.016675161807295,9.66539390878779
train,2026.8.10-8.20/log_15_2026-8-19-06-52-42.ulg,3,D1_lp6,2,3950,0.023955457463722893,9.324302808381024,-18.43770295538354,-15.76550668813733,0.2282695285842988,15.015815511556315,18.16307883959249
train,2026.8.10-8.20/log_15_2026-8-19-06-52-42.ulg,3,D1_lp6,3,3950,0.0023129835268891922,9.845689980311883,-39.66039620515844,-23.529702213580517,0.09077556695197442,23.8992644254433,38.71287248974312
train,2026.8.10-8.20/log_15_2026-8-19-06-52-42.ulg,3,D1_lp6,4,3950,0.01255469672241811,7.4859430139130705,-19.34131081780149,-14.300316048568103,0.7971551969179664,14.993485733244444,23.840505572066366
train,2026.8.10-8.20/log_15_2026-8-19-06-52-42.ulg,3,D1_lp6,5,3950,-0.0002807167990024034,1.9878595352270456,-9.179886207551851,-4.879709022398377,0.036061206728605605,4.98191324379205,7.556308173219216
train,2026.8.10-8.20/log_15_2026-8-19-06-52-42.ulg,3,D1_lp8,0,3950,0.013277681758696716,2.599907021346494,-10.185147275135437,-6.504347605816357,0.01215839646523103,7.802656111396302,14.63146601287327
train,2026.8.10-8.20/log_15_2026-8-19-06-52-42.ulg,3,D1_lp8,1,3950,-0.10365719264108839,2.507535319243762,-12.589224985126044,-7.210220365506742,-0.13912223568172838,7.403467463242671,10.567719382867434
train,2026.8.10-8.20/log_15_2026-8-19-06-52-42.ulg,3,D1_lp8,2,3950,0.024115157542295495,9.563729561923957,-20.063821597427584,-16.609258522347638,0.5199312408738286,15.160970223083305,18.78942753275566
train,2026.8.10-8.20/log_15_2026-8-19-06-52-42.ulg,3,D1_lp8,3,3950,0.0035018524161622034,10.730515082430628,-49.496391724819105,-25.946754988800567,-0.0516431108579153,25.376390175336013,43.92744242961508
train,2026.8.10-8.20/log_15_2026-8-19-06-52-42.ulg,3,D1_lp8,4,3950,0.01913038018188549,10.021543356111433,-24.116886249339476,-20.152596280874928,1.607459385417484,17.28739074503305,26.357214982408067
train,2026.8.10-8.20/log_15_2026-8-19-06-52-42.ulg,3,D1_lp8,5,3950,0.0008312867689276215,2.2911288401095975,-10.734158956379888,-5.96251258887822,0.06253007849894199,5.697287018105972,8.78434654500645
train,2026.8.10-8.20/log_15_2026-8-19-06-52-42.ulg,3,D1_lp12,0,3950,0.012903799536992912,2.8543918787382343,-10.790784089258786,-7.093409957992137,-0.03257551037856768,8.408621681919994,15.324428152646048
train,2026.8.10-8.20/log_15_2026-8-19-06-52-42.ulg,3,D1_lp12,1,3950,-0.1033291790496967,2.769222503247118,-12.8926253775398,-7.660106265416792,-0.17558994504914657,7.943141523684474,11.88407692618552
train,2026.8.10-8.20/log_15_2026-8-19-06-52-42.ulg,3,D1_lp12,2,3950,0.024176349873774157,9.606008238899957,-21.262932036108214,-17.498626775914225,0.9040818174462499,15.176697352831173,18.540337607695005
train,2026.8.10-8.20/log_15_2026-8-19-06-52-42.ulg,3,D1_lp12,3,3950,0.002198073082221962,13.937403008394519,-61.761818647509166,-33.6042700056255,-0.03296275586530924,33.13741045817191,57.76814203634845
train,2026.8.10-8.20/log_15_2026-8-19-06-52-42.ulg,3,D1_lp12,4,3950,0.0205499836633482,13.748996017582675,-35.74543119656357,-27.90374886329901,0.8579000994151933,24.45455138093644,35.415244678193766
train,2026.8.10-8.20/log_15_2026-8-19-06-52-42.ulg,3,D1_lp12,5,3950,0.0013551571893857964,2.7926691912886863,-12.105856183128125,-7.298163103648101,0.005712159231442823,6.883640490244826,11.533353139198411
train,2026.8.10-8.20/log_15_2026-8-19-06-52-42.ulg,3,D2_center2,0,3950,0.013712108678522598,2.8698884269677754,-11.198637719623978,-7.232560766840442,-0.021572076677899968,8.264294786298333,15.484096711911091
train,2026.8.10-8.20/log_15_2026-8-19-06-52-42.ulg,3,D2_center2,1,3950,-0.10258765457423248,2.788287622854343,-12.883157040423809,-7.825029812775076,-0.15721113266107656,8.000053930270925,11.740526359880631
train,2026.8.10-8.20/log_15_2026-8-19-06-52-42.ulg,3,D2_center2,2,3950,0.021223197408742192,9.615323589462038,-22.69290148734371,-18.076503360582706,0.8889257768713352,15.742596432952974,18.967268521884467
train,2026.8.10-8.20/log_15_2026-8-19-06-52-42.ulg,3,D2_center2,3,3950,-0.015278878412340897,19.121326554564078,-77.10895820223259,-41.37928698859597,-0.44051942782935694,47.222318405202905,78.45216300704033
train,2026.8.10-8.20/log_15_2026-8-19-06-52-42.ulg,3,D2_center2,4,3950,0.016296068407743777,15.05430524510906,-39.05664748682531,-28.59291873527752,1.065653631228615,28.84483704231633,45.318787580677125
train,2026.8.10-8.20/log_15_2026-8-19-06-52-42.ulg,3,D2_center2,5,3950,0.00044809113251356557,3.1495912570408113,-14.603056409258055,-8.08184869048551,0.012384436888656562,7.9082406840555315,14.168788213740388
train,2026.8.10-8.20/log_15_2026-8-19-06-52-42.ulg,3,D2_center5,0,3950,0.014312564280017693,2.254004998811627,-8.975998571028045,-5.658987990964302,0.010008368041519201,7.1675620794791115,12.201102109553014
train,2026.8.10-8.20/log_15_2026-8-19-06-52-42.ulg,3,D2_center5,1,3950,-0.10293344421832101,2.190025914950625,-10.882173699488838,-6.249361963451115,-0.1366401925317441,6.347007237173006,8.955637892242558
train,2026.8.10-8.20/log_15_2026-8-19-06-52-42.ulg,3,D2_center5,2,3950,0.023694712639922642,7.734179379890516,-16.158430722237668,-13.144500334126754,0.23346093046038333,12.291884452653317,15.384544877306142
train,2026.8.10-8.20/log_15_2026-8-19-06-52-42.ulg,3,D2_center5,3,3950,0.0007755575416466289,9.535046104816459,-34.67143096750678,-22.49177968320449,0.21241518002403068,23.886572925169677,36.66439953865027
train,2026.8.10-8.20/log_15_2026-8-19-06-52-42.ulg,3,D2_center5,4,3950,0.009875663559725334,7.3877802382575215,-17.84612575297027,-14.393334033527177,1.0226824880467722,14.749080380304884,20.486946574190615
train,2026.8.10-8.20/log_15_2026-8-19-06-52-42.ulg,3,D2_center5,5,3950,-0.00036903980185935603,1.929058695984719,-9.267486796110031,-4.879338034545135,0.06191359240108589,4.767676898330192,7.563747571767115
train,2026.8.10-8.20/log_15_2026-8-19-06-52-42.ulg,3,D2_center10,0,3950,0.015890358210601356,1.7662200845271212,-4.877248058026367,-3.665754260298018,-0.07837878122564605,5.132760562974196,7.839187209178619
train,2026.8.10-8.20/log_15_2026-8-19-06-52-42.ulg,3,D2_center10,1,3950,-0.10207599626524226,1.7332035031783217,-7.151311111755783,-4.515091467667412,-0.18392517909989858,4.678146262650886,6.365945796183213
train,2026.8.10-8.20/log_15_2026-8-19-06-52-42.ulg,3,D2_center10,2,3950,0.023746461361249513,3.141147474709979,-7.257578685302753,-5.7556835935268325,-0.22037934373222123,6.785237099407999,9.803288340926262
train,2026.8.10-8.20/log_15_2026-8-19-06-52-42.ulg,3,D2_center10,3,3950,-0.00418966463216069,4.452952840840092,-15.482002789481488,-10.737600923409547,0.04025328011386503,10.373481802650794,15.495671537930304
train,2026.8.10-8.20/log_15_2026-8-19-06-52-42.ulg,3,D2_center10,4,3950,0.006209312803845028,3.745929199452826,-9.875140857396799,-7.46572675821144,-0.24576595842879623,8.479747859253328,11.926276895395846
train,2026.8.10-8.20/log_15_2026-8-19-06-52-42.ulg,3,D2_center10,5,3950,-3.6105672709698893e-05,1.3428193517115123,-6.421461700572055,-3.468626337681662,0.05561484673407454,2.988863053552105,4.120910181968014
train,2026.8.10-8.20/log_15_2026-8-19-06-52-42.ulg,4,D0_raw,0,872,-0.2374666895570161,2.957405666001413,-9.946426552141153,-7.350847572974543,-0.15472123522559722,7.22216460265205,9.69233637104651
train,2026.8.10-8.20/log_15_2026-8-19-06-52-42.ulg,4,D0_raw,1,872,0.5095574111710167,2.741965272099728,-7.705286480170719,-5.9028579620269195,0.2279788076519531,7.57998050291787,9.800692085775628
train,2026.8.10-8.20/log_15_2026-8-19-06-52-42.ulg,4,D0_raw,2,872,-0.042973113941387905,10.488526455781027,-23.65101629006175,-20.492232746198944,0.7865310080458989,18.292157406844435,20.64078589337181
train,2026.8.10-8.20/log_15_2026-8-19-06-52-42.ulg,4,D0_raw,3,872,0.09187110386594131,29.951729190290372,-77.14827283013814,-67.21925506081674,-2.4020898705470266,82.40595812317501,137.26197130497636
train,2026.8.10-8.20/log_15_2026-8-19-06-52-42.ulg,4,D0_raw,4,872,0.04365340010024232,19.11206212383993,-44.674400561205395,-37.01679820402473,0.45622045629686386,38.67882693967026,58.80599778019364
train,2026.8.10-8.20/log_15_2026-8-19-06-52-42.ulg,4,D0_raw,5,872,0.043341019687476,4.575890794625428,-14.961911794637285,-9.864913292205511,-0.28930499940696114,11.92852213681564,16.456161567827625
train,2026.8.10-8.20/log_15_2026-8-19-06-52-42.ulg,4,D1_lp4,0,872,-0.22880943742206986,1.3323769810465824,-5.109803890407622,-3.929154898593644,-0.19612422153947803,3.0442957103450228,3.8916034875873518
train,2026.8.10-8.20/log_15_2026-8-19-06-52-42.ulg,4,D1_lp4,1,872,0.506503406056131,1.6932574773187477,-3.9694564484368233,-3.2323677493894776,0.38706659587527337,4.556553926217421,5.087147012790491
train,2026.8.10-8.20/log_15_2026-8-19-06-52-42.ulg,4,D1_lp4,2,872,-0.03368840844387215,5.567460808420773,-11.760354928282863,-9.685372327653763,-0.21611249968645027,10.026220503130869,11.278889122985975
train,2026.8.10-8.20/log_15_2026-8-19-06-52-42.ulg,4,D1_lp4,3,872,0.016077359404589483,5.685675667317867,-17.829574941998082,-13.261722506507045,-0.12266047502129962,14.160311397724218,17.090374937488907
train,2026.8.10-8.20/log_15_2026-8-19-06-52-42.ulg,4,D1_lp4,4,872,-0.0267470496389183,4.048544720510581,-9.865502325180763,-8.069078076776458,-0.14989596847937564,8.040197005557282,9.486290618469237
train,2026.8.10-8.20/log_15_2026-8-19-06-52-42.ulg,4,D1_lp4,5,872,0.03336575249628542,1.3306076566102905,-4.772210000742945,-3.605947641317804,0.11727329766618738,3.00278388386316,3.553667907179742
train,2026.8.10-8.20/log_15_2026-8-19-06-52-42.ulg,4,D1_lp6,0,872,-0.2330730842083658,1.8266894658983692,-5.771814963656497,-5.303338523158975,-0.18174491517730224,4.165684904146264,5.511676294826504
train,2026.8.10-8.20/log_15_2026-8-19-06-52-42.ulg,4,D1_lp6,1,872,0.5077502897579823,2.155289312642288,-5.006971811452881,-4.1319645852193965,0.13635283343966142,6.082452706051559,8.05243119139322
train,2026.8.10-8.20/log_15_2026-8-19-06-52-42.ulg,4,D1_lp6,2,872,-0.029000151857471092,9.744586066113335,-17.688042876857683,-15.91727722441543,-0.06972702647285062,14.880941556456367,15.961811542353304
train,2026.8.10-8.20/log_15_2026-8-19-06-52-42.ulg,4,D1_lp6,3,872,0.03332459671826325,9.41818914437397,-28.36753940624053,-22.63043336983465,0.07658682764634038,23.989922150610266,30.017686668077104
train,2026.8.10-8.20/log_15_2026-8-19-06-52-42.ulg,4,D1_lp6,4,872,-0.015936265408879338,7.423945417273924,-17.605958966681243,-14.340342728024103,0.7641807703382969,13.728597862071222,18.45122566194362
train,2026.8.10-8.20/log_15_2026-8-19-06-52-42.ulg,4,D1_lp6,5,872,0.029944391660502757,1.7426289726160031,-6.133570183052562,-4.733309619962539,0.07864888733318917,4.080805547662102,5.96938167299793
train,2026.8.10-8.20/log_15_2026-8-19-06-52-42.ulg,4,D1_lp8,0,872,-0.2361818835308591,2.1081008852304044,-6.816158161418986,-5.739682567496156,-0.08233456205207715,5.182807191121085,6.830998773972809
train,2026.8.10-8.20/log_15_2026-8-19-06-52-42.ulg,4,D1_lp8,1,872,0.5078352846871348,2.275527954125595,-5.887036166488349,-4.405097519498078,0.1373252223198535,6.599709799149088,8.503119017886048
train,2026.8.10-8.20/log_15_2026-8-19-06-52-42.ulg,4,D1_lp8,2,872,-0.02849729215561718,10.042813271678675,-19.190246296074047,-17.15545141514883,0.3556973576577366,15.221786434214813,16.187973597366682
train,2026.8.10-8.20/log_15_2026-8-19-06-52-42.ulg,4,D1_lp8,3,872,0.03401237463784924,10.293401972461531,-32.09285675204356,-23.652695532932906,-0.11287276926925012,25.44285747469393,38.263301031070874
train,2026.8.10-8.20/log_15_2026-8-19-06-52-42.ulg,4,D1_lp8,4,872,-0.02010935880121719,9.747979113136399,-25.337463460083328,-19.9536067763905,1.2359067772128742,16.3797593409277,20.48837880143536
train,2026.8.10-8.20/log_15_2026-8-19-06-52-42.ulg,4,D1_lp8,5,872,0.028650521978483452,2.1127464701027185,-7.960864680423888,-4.836667519084367,0.0025774894191869756,5.100067846598973,7.802532199058425
train,2026.8.10-8.20/log_15_2026-8-19-06-52-42.ulg,4,D1_lp12,0,872,-0.2396787081041878,2.6295650640081685,-8.62726446709887,-6.6347993362079,-0.2513145250914741,6.953315734988534,8.967828198233486
train,2026.8.10-8.20/log_15_2026-8-19-06-52-42.ulg,4,D1_lp12,1,872,0.5065539727957563,2.483426375661237,-6.953286079945727,-4.939916835557188,0.1995658078179322,7.159938503829998,8.696299632736553
train,2026.8.10-8.20/log_15_2026-8-19-06-52-42.ulg,4,D1_lp12,2,872,-0.027806630863989802,10.08878946974343,-20.31863856197361,-18.27902367590634,0.6927946404086838,15.282514126130271,16.47575359837838
train,2026.8.10-8.20/log_15_2026-8-19-06-52-42.ulg,4,D1_lp12,3,872,0.027351033071305056,13.130617193537235,-42.24202080827289,-30.18427647838893,0.11120119832985609,30.786720660745825,48.53012981067281
train,2026.8.10-8.20/log_15_2026-8-19-06-52-42.ulg,4,D1_lp12,4,872,-0.017003817330874908,13.851088451244756,-35.64405849364789,-28.166925610156742,0.5799190606748783,24.669696365689592,30.750554684819598
train,2026.8.10-8.20/log_15_2026-8-19-06-52-42.ulg,4,D1_lp12,5,872,0.027965257437145234,2.807640628343799,-10.961290780347841,-6.901707505469521,-0.010599605752846457,6.890728812095698,9.716588697064681
train,2026.8.10-8.20/log_15_2026-8-19-06-52-42.ulg,4,D2_center2,0,872,-0.23803061161651787,2.647000408073639,-8.4212643350065,-7.437341437789827,-0.34217203516459993,6.9514573217357185,9.616379269618303
train,2026.8.10-8.20/log_15_2026-8-19-06-52-42.ulg,4,D2_center2,1,872,0.5065634327695406,2.5135884486919515,-7.3554704618303655,-5.289565313991513,0.19420445980667583,7.013843709863385,8.776595812284524
train,2026.8.10-8.20/log_15_2026-8-19-06-52-42.ulg,4,D2_center2,2,872,-0.031793722594485874,10.099541479236436,-20.715604445038405,-18.827074823239098,1.1939184830012648,15.863330865086448,16.546418110213096
train,2026.8.10-8.20/log_15_2026-8-19-06-52-42.ulg,4,D2_center2,3,872,0.071607653753955,19.334789551859206,-56.62104260468274,-42.781376471146764,-0.22053559026394137,49.678142668241186,89.12003009650448
train,2026.8.10-8.20/log_15_2026-8-19-06-52-42.ulg,4,D2_center2,4,872,0.0013995180531115236,15.299419465054102,-34.51676759309373,-27.942358703748916,1.480603526682454,30.498411864762726,41.341545102880616
train,2026.8.10-8.20/log_15_2026-8-19-06-52-42.ulg,4,D2_center2,5,872,0.027921569202901807,3.197170926390683,-10.485075533630237,-7.268821728003654,0.005434990596387735,8.148853580724174,11.330303323949272
train,2026.8.10-8.20/log_15_2026-8-19-06-52-42.ulg,4,D2_center5,0,872,-0.23060620337303933,1.6950546579591155,-5.4100648743189055,-4.679808891565979,-0.11772686506312541,4.130183296462789,5.43004949317077
train,2026.8.10-8.20/log_15_2026-8-19-06-52-42.ulg,4,D2_center5,1,872,0.507219799283156,1.9779935115132987,-5.681045515749279,-3.7992481021310525,0.21334841704540625,5.53517781945351,7.125016824723391
train,2026.8.10-8.20/log_15_2026-8-19-06-52-42.ulg,4,D2_center5,2,872,-0.02815857599973219,8.01138038021533,-14.945761652337993,-13.158485060423377,0.09949401960621895,11.91331502593932,12.768045164691737
train,2026.8.10-8.20/log_15_2026-8-19-06-52-42.ulg,4,D2_center5,3,872,0.03393742008290599,9.401599595755242,-29.296461418459835,-20.91450940458692,-0.17725914585422792,23.38808050905445,35.86472773644886
train,2026.8.10-8.20/log_15_2026-8-19-06-52-42.ulg,4,D2_center5,4,872,-0.018025779781049942,7.225920486559912,-17.53558448314373,-14.501478785396596,0.7636363813974896,14.208571117282762,16.493709936969125
train,2026.8.10-8.20/log_15_2026-8-19-06-52-42.ulg,4,D2_center5,5,872,0.03178268228329105,1.7572434728389335,-7.191927889621833,-4.506363564475673,0.06392816197313309,3.9355104632569646,6.557440391837369
train,2026.8.10-8.20/log_15_2026-8-19-06-52-42.ulg,4,D2_center10,0,872,-0.22680778445198252,1.1737274835417248,-3.7200541075054847,-2.888085193172246,-0.26484257431991576,2.744499431260859,3.3726031549059092
train,2026.8.10-8.20/log_15_2026-8-19-06-52-42.ulg,4,D2_center10,1,872,0.5082800996965757,1.5102594664986795,-2.9790299807314145,-2.625933905554425,0.5114664082611751,3.6448044450355903,4.127400221402234
train,2026.8.10-8.20/log_15_2026-8-19-06-52-42.ulg,4,D2_center10,2,872,-0.021798750010347315,2.924217836191196,-6.751227902511011,-5.803144629476124,-0.19480700947979834,6.069171317726621,7.091364043520283
train,2026.8.10-8.20/log_15_2026-8-19-06-52-42.ulg,4,D2_center10,3,872,0.005657836655508504,4.308241498058412,-13.420435139758649,-9.942341097075545,0.08045494515217351,9.438220887185171,14.048941210730653
train,2026.8.10-8.20/log_15_2026-8-19-06-52-42.ulg,4,D2_center10,4,872,-0.029950952365757795,3.4911099647139157,-9.000623575794998,-6.892545402892173,-0.1668111232675574,7.037647973960118,9.35738961714907
train,2026.8.10-8.20/log_15_2026-8-19-06-52-42.ulg,4,D2_center10,5,872,0.03043597870250135,1.2069488916072233,-4.998862454907205,-3.048594696766751,0.08327565876452309,2.39931255653518,3.0491786466384236
train,2026.8.10-8.20/log_15_2026-8-19-06-52-42.ulg,5,D0_raw,0,1916,0.14798374962104838,2.697327946979987,-9.180835349288575,-6.0069644618303455,-0.27757036702162263,7.996337566682506,13.146742073473519
train,2026.8.10-8.20/log_15_2026-8-19-06-52-42.ulg,5,D0_raw,1,1916,-0.32475476568065526,2.5834227879629226,-13.001774181505642,-8.402894031571952,-0.16506362938287797,5.9710225026934935,10.197372509151542
train,2026.8.10-8.20/log_15_2026-8-19-06-52-42.ulg,5,D0_raw,2,1916,0.026960273247058835,8.514303520504468,-20.607195062964774,-16.35471596392092,0.92796217947877,15.538080379249601,21.56716978462152
train,2026.8.10-8.20/log_15_2026-8-19-06-52-42.ulg,5,D0_raw,3,1916,0.09953504082371623,24.431926360849815,-86.178539511085,-59.92980289282166,-1.2507990177774428,66.60191943209107,104.69203482650184
train,2026.8.10-8.20/log_15_2026-8-19-06-52-42.ulg,5,D0_raw,4,1916,-0.009683504651755551,16.055526891692388,-67.5846391426621,-37.19763086795246,1.033661206552028,31.792067825245763,48.79074667642619
train,2026.8.10-8.20/log_15_2026-8-19-06-52-42.ulg,5,D0_raw,5,1916,-0.01757051361113621,3.4578662140793877,-15.173907688482931,-8.77068860747421,-0.04906744839911599,8.508695471838287,19.492046276023473
train,2026.8.10-8.20/log_15_2026-8-19-06-52-42.ulg,5,D1_lp4,0,1916,0.15638562070018847,2.0380336802787857,-5.49261925511308,-3.8462171274300774,-0.04102363563747126,6.829223331766178,10.00485360340131
train,2026.8.10-8.20/log_15_2026-8-19-06-52-42.ulg,5,D1_lp4,1,1916,-0.3274862625760729,1.9653062739443532,-8.879469241473611,-6.46789394681342,-0.16555542373816096,4.463120787161978,6.348520815195181
train,2026.8.10-8.20/log_15_2026-8-19-06-52-42.ulg,5,D1_lp4,2,1916,0.03601436028692407,6.586574596151817,-12.910988521247111,-11.430581334917802,0.04703099357130015,11.572354423737933,14.028386341430572
train,2026.8.10-8.20/log_15_2026-8-19-06-52-42.ulg,5,D1_lp4,3,1916,0.0076421383945737414,5.8691907087956,-22.32148695966456,-12.892918129238089,0.019248671299247237,13.14695618034487,26.241715480820087
train,2026.8.10-8.20/log_15_2026-8-19-06-52-42.ulg,5,D1_lp4,4,1916,0.014340109487208305,4.962694869828324,-17.031575128214694,-9.88497736620485,-0.5291277007737798,11.901405586586254,15.645882292927073
train,2026.8.10-8.20/log_15_2026-8-19-06-52-42.ulg,5,D1_lp4,5,1916,-0.011955639331122737,1.4837625605096671,-6.2406939316145476,-3.9366609434195663,-0.04273428257868134,3.647491641063571,5.78982985551613
train,2026.8.10-8.20/log_15_2026-8-19-06-52-42.ulg,5,D1_lp6,0,1916,0.15699133642899576,2.31512079443233,-6.821479353838035,-4.860837939208922,-0.16043314858789604,7.657733141213783,11.85274536525165
train,2026.8.10-8.20/log_15_2026-8-19-06-52-42.ulg,5,D1_lp6,1,1916,-0.32927307615605345,2.1784626603311805,-10.65676996216904,-7.345031032599834,-0.1406870132757148,4.8574656168642365,6.886898488761216
train,2026.8.10-8.20/log_15_2026-8-19-06-52-42.ulg,5,D1_lp6,2,1916,0.04131081936072019,8.167022046116617,-17.066006504645763,-14.59990406286558,0.24488278947069703,13.851930990093383,14.933426735461321
train,2026.8.10-8.20/log_15_2026-8-19-06-52-42.ulg,5,D1_lp6,3,1916,0.010438066592832003,8.095688431416669,-33.7803705213722,-19.04011908917244,0.004239087884371828,19.07035978665083,39.494429479353414
train,2026.8.10-8.20/log_15_2026-8-19-06-52-42.ulg,5,D1_lp6,4,1916,-0.003415965417891395,6.935239834370672,-25.57834017474748,-15.624228772475162,0.18109362549407004,14.307916109541063,19.549329909382692
train,2026.8.10-8.20/log_15_2026-8-19-06-52-42.ulg,5,D1_lp6,5,1916,-0.012892362231745235,1.7814013133361475,-6.764402294731439,-4.943025896350217,-0.0387274490282029,4.685621012249496,8.346526626574363
train,2026.8.10-8.20/log_15_2026-8-19-06-52-42.ulg,5,D1_lp8,0,1916,0.15408134140688107,2.4848204198845525,-7.398388701429171,-5.212026297311009,-0.1935096638338662,7.867005758036483,12.051152183488394
train,2026.8.10-8.20/log_15_2026-8-19-06-52-42.ulg,5,D1_lp8,1,1916,-0.3288879276652898,2.3021203719299925,-12.163787128121442,-8.134281256858005,-0.16054749273976993,5.228840719732109,6.904224826792305
train,2026.8.10-8.20/log_15_2026-8-19-06-52-42.ulg,5,D1_lp8,2,1916,0.039795168865677875,8.247308517659077,-17.824165973162486,-15.165406803227812,0.5165659107955523,13.696177906740415,14.906490221473542
train,2026.8.10-8.20/log_15_2026-8-19-06-52-42.ulg,5,D1_lp8,3,1916,0.016373513338392893,8.976333718551265,-35.19546143835005,-21.953592571074186,-0.09984577303441122,20.939632244400705,44.788652710900195
train,2026.8.10-8.20/log_15_2026-8-19-06-52-42.ulg,5,D1_lp8,4,1916,-0.02989478424874129,10.488442052417408,-30.38000426702656,-21.42806209794155,1.1370090431707731,18.056848493480043,22.126895811053906
train,2026.8.10-8.20/log_15_2026-8-19-06-52-42.ulg,5,D1_lp8,5,1916,-0.011292726361927222,1.9965116863323178,-8.589162888508538,-4.993276155096693,-0.03867176155588478,5.2611956736458705,9.702972710588556
train,2026.8.10-8.20/log_15_2026-8-19-06-52-42.ulg,5,D1_lp12,0,1916,0.15258756366878196,2.5666210787719947,-7.932154971761115,-5.591138143425796,-0.22320521188209255,7.958644647161994,12.478029001361406
train,2026.8.10-8.20/log_15_2026-8-19-06-52-42.ulg,5,D1_lp12,1,1916,-0.3285125617451405,2.429570023381127,-13.174722044871158,-8.330379845123653,-0.18535338942510943,5.602609113827682,8.983188443814385
train,2026.8.10-8.20/log_15_2026-8-19-06-52-42.ulg,5,D1_lp12,2,1916,0.038125827116415704,8.274422274713794,-19.04445613008765,-15.674010130929506,0.639711627710364,13.998954035307905,15.959459607377648
train,2026.8.10-8.20/log_15_2026-8-19-06-52-42.ulg,5,D1_lp12,3,1916,0.01226246993592156,11.854460012942539,-42.11473310517512,-28.310546764032612,-0.19227926414607832,27.860886393320886,60.965811275489635
train,2026.8.10-8.20/log_15_2026-8-19-06-52-42.ulg,5,D1_lp12,4,1916,-0.042423064279824334,13.056905863358594,-43.66822182946594,-27.417985499042835,1.126551877564175,24.062154152546945,27.972084267685627
train,2026.8.10-8.20/log_15_2026-8-19-06-52-42.ulg,5,D1_lp12,5,1916,-0.00990850971246572,2.2657342394740514,-10.36669229944264,-6.014605859332843,-0.082674853772508,5.890929625638059,10.031324748252718
train,2026.8.10-8.20/log_15_2026-8-19-06-52-42.ulg,5,D2_center2,0,1916,0.1521510133560731,2.57771436338108,-8.239921448080075,-5.845649341800849,-0.22887993414781438,7.733546402534931,12.696889781138012
train,2026.8.10-8.20/log_15_2026-8-19-06-52-42.ulg,5,D2_center2,1,1916,-0.3257379575115617,2.44116863263922,-12.97759407731765,-8.392004428030896,-0.18902999634052584,5.482875393005646,8.475204433748218
train,2026.8.10-8.20/log_15_2026-8-19-06-52-42.ulg,5,D2_center2,2,1916,0.0339934691143391,8.287354298028797,-20.121895880812534,-15.80942347250703,0.8055288774642309,14.326205150168745,16.308874104603838
train,2026.8.10-8.20/log_15_2026-8-19-06-52-42.ulg,5,D2_center2,3,1916,0.03766905752065041,15.844867688652899,-48.178393011980695,-35.54728545978557,-0.8891693797382851,40.596995111113486,70.88930956416341
train,2026.8.10-8.20/log_15_2026-8-19-06-52-42.ulg,5,D2_center2,4,1916,-0.015225760851306088,13.694047460494874,-48.84838272531161,-28.52138420686306,1.6971618895786893,24.493278265926588,30.575364872159206
train,2026.8.10-8.20/log_15_2026-8-19-06-52-42.ulg,5,D2_center2,5,1916,-0.012925145047674707,2.5089250183452125,-11.940542838537086,-6.146360997442506,-0.0641758920506233,6.374872113053115,11.82938754467553
train,2026.8.10-8.20/log_15_2026-8-19-06-52-42.ulg,5,D2_center5,0,1916,0.15647763885401034,2.1696680498529672,-6.444542657326941,-4.611040497729376,-0.11406574758796803,7.136207246456843,10.967517427315135
train,2026.8.10-8.20/log_15_2026-8-19-06-52-42.ulg,5,D2_center5,1,1916,-0.3283146301914215,2.0610825155213006,-10.121988890398697,-7.111336142548207,-0.17273724120719863,4.607472069222009,6.3366709796446745
train,2026.8.10-8.20/log_15_2026-8-19-06-52-42.ulg,5,D2_center5,2,1916,0.03864598915259553,7.03183235718935,-15.2101349398909,-12.698447294963398,0.24496948243959174,11.873721234959017,13.401164166866499
train,2026.8.10-8.20/log_15_2026-8-19-06-52-42.ulg,5,D2_center5,3,1916,0.013821285082423102,8.054796716336693,-34.84690432323313,-20.110947146005426,-0.03626780898497317,21.43876933839912,32.821045186770995
train,2026.8.10-8.20/log_15_2026-8-19-06-52-42.ulg,5,D2_center5,4,1916,0.00019398185262005482,7.332440914287152,-25.47483883160492,-15.28498887485498,0.5292500272555203,14.069592424019936,18.837535000748964
train,2026.8.10-8.20/log_15_2026-8-19-06-52-42.ulg,5,D2_center5,5,1916,-0.012970706547785206,1.7102092129686337,-7.079867663827582,-4.555272072212139,0.016393112437166596,4.375642450623101,7.524176413443829
train,2026.8.10-8.20/log_15_2026-8-19-06-52-42.ulg,5,D2_center10,0,1916,0.15490452583144057,1.676823675643614,-4.119177656863845,-3.074922844346772,0.02040151925206815,5.605402198300359,7.734461540269807
train,2026.8.10-8.20/log_15_2026-8-19-06-52-42.ulg,5,D2_center10,1,1916,-0.3277603336450798,1.7045691102096092,-6.336677661889883,-5.0855734923622595,-0.25802405152417585,3.7644220246833924,5.099533549016931
train,2026.8.10-8.20/log_15_2026-8-19-06-52-42.ulg,5,D2_center10,2,1916,0.032102447098498896,3.7724419517976404,-8.295622471682236,-6.696967389439588,-0.11023715299673503,7.546324308498215,9.389829701557522
train,2026.8.10-8.20/log_15_2026-8-19-06-52-42.ulg,5,D2_center10,3,1916,0.008918259797108209,4.077999945430976,-13.506618080550279,-9.214695270628146,-0.06008162742165592,10.015157554749111,17.171706453438006
train,2026.8.10-8.20/log_15_2026-8-19-06-52-42.ulg,5,D2_center10,4,1916,0.013126736961234994,4.348932093919485,-14.700970169571576,-9.854504634382762,0.038294973076549735,10.000708923409817,14.412089907270474
train,2026.8.10-8.20/log_15_2026-8-19-06-52-42.ulg,5,D2_center10,5,1916,-0.01115294130157853,1.2301209725778872,-6.290690819114263,-3.0684954276239815,-0.02924474668501373,2.71430180325738,4.0895887354253135
train,2026.8.10-8.20/log_18_2026-8-19-07-03-30.ulg,1,D0_raw,0,1526,0.254357523717603,3.7388579233148316,-9.398708840411473,-6.531812146892963,-0.2170921739622247,11.116933339262285,16.230475262936885
train,2026.8.10-8.20/log_18_2026-8-19-07-03-30.ulg,1,D0_raw,1,1526,-0.3067846552647211,3.1946556148015235,-11.54810206624397,-8.285036665616229,-0.4156566766487715,7.790630638198537,11.757048282032114
train,2026.8.10-8.20/log_18_2026-8-19-07-03-30.ulg,1,D0_raw,2,1526,-0.041777271318330075,11.96882120699765,-26.290229183880644,-22.184680913908522,0.2485077125885849,19.97740352121042,30.081460853381614
train,2026.8.10-8.20/log_18_2026-8-19-07-03-30.ulg,1,D0_raw,3,1526,-0.095093466484502,30.505081365572433,-95.8103433142756,-64.21895320705354,-1.56979570360605,83.1423655139838,158.69158898724788
train,2026.8.10-8.20/log_18_2026-8-19-07-03-30.ulg,1,D0_raw,4,1526,0.048177247383171584,21.43348210516772,-58.1284138119848,-40.32640539607274,0.0,45.98244205475886,55.95857302424862
train,2026.8.10-8.20/log_18_2026-8-19-07-03-30.ulg,1,D0_raw,5,1526,0.03190422129593959,5.029931483659558,-15.697304310015923,-11.14774384319592,-0.24939801372247344,13.118992596292482,20.09037859693328
train,2026.8.10-8.20/log_18_2026-8-19-07-03-30.ulg,1,D1_lp4,0,1526,0.25064668927560285,1.7660757193654995,-3.732572233981497,-2.9872438524896245,-0.006967853166461072,6.321315656516726,7.898918981062246
train,2026.8.10-8.20/log_18_2026-8-19-07-03-30.ulg,1,D1_lp4,1,1526,-0.29506763348574283,1.353239936148681,-5.0047815496359505,-4.0893298102072455,-0.32761842259761276,3.798637147452876,6.009813052012192
train,2026.8.10-8.20/log_18_2026-8-19-07-03-30.ulg,1,D1_lp4,2,1526,-0.0204877363146957,4.222571675326086,-9.409697773090384,-7.333615539491708,-0.003373523248895522,7.75153332847721,8.880109315134082
train,2026.8.10-8.20/log_18_2026-8-19-07-03-30.ulg,1,D1_lp4,3,1526,-0.011389976069260503,4.81843798995812,-17.008213550161912,-11.319048108857352,-0.07466341686096765,13.349306076209126,20.31632296600142
train,2026.8.10-8.20/log_18_2026-8-19-07-03-30.ulg,1,D1_lp4,4,1526,0.029072420649085585,3.792110567189133,-9.199646120405845,-7.029347954398264,-0.09396249597849812,7.709791272875872,10.587904690139819
train,2026.8.10-8.20/log_18_2026-8-19-07-03-30.ulg,1,D1_lp4,5,1526,-0.0017854672195904515,1.46563019911785,-6.258562741915588,-3.4713321737998735,-0.012051760180778161,3.5067848710639224,6.937229690187935
train,2026.8.10-8.20/log_18_2026-8-19-07-03-30.ulg,1,D1_lp6,0,1526,0.2505722636114885,2.557145604485491,-5.654551614433197,-4.29507418464544,-0.13464729438735565,10.090144882249039,13.031920720250866
train,2026.8.10-8.20/log_18_2026-8-19-07-03-30.ulg,1,D1_lp6,1,1526,-0.2971656366019618,2.07442820689659,-8.03671068967577,-6.388474363978829,-0.34269592830497064,5.650856582889255,9.30824431945255
train,2026.8.10-8.20/log_18_2026-8-19-07-03-30.ulg,1,D1_lp6,2,1526,-0.03462397234039111,10.74731016239061,-18.804902970941804,-16.82165719649575,-0.19638682535142854,16.70648562283072,18.49808500439858
train,2026.8.10-8.20/log_18_2026-8-19-07-03-30.ulg,1,D1_lp6,3,1526,0.005568169968362318,10.236340201179939,-32.47927281338128,-24.37377662811902,-0.17199753314786564,24.50068554413424,37.316937784812076
train,2026.8.10-8.20/log_18_2026-8-19-07-03-30.ulg,1,D1_lp6,4,1526,0.041502973900308944,9.57887102277153,-20.07725574185541,-16.600104860806216,0.05226922781440287,17.740295755609413,21.9856550772769
train,2026.8.10-8.20/log_18_2026-8-19-07-03-30.ulg,1,D1_lp6,5,1526,-0.003253770632085059,2.1938066239304734,-8.847851746453939,-5.059077298569246,-0.10691172832761979,5.31964494675254,8.637385365124375
train,2026.8.10-8.20/log_18_2026-8-19-07-03-30.ulg,1,D1_lp8,0,1526,0.25082384769746546,2.741415390778823,-7.034362546822813,-4.912693248092666,-0.1818375028614606,10.533651941882125,13.530401605841396
train,2026.8.10-8.20/log_18_2026-8-19-07-03-30.ulg,1,D1_lp8,1,1526,-0.2981072612923818,2.2296978933162657,-8.749074343710387,-6.514785000584133,-0.33265977704936256,5.878249592239414,9.733027650947243
train,2026.8.10-8.20/log_18_2026-8-19-07-03-30.ulg,1,D1_lp8,2,1526,-0.035361800591836655,11.316700701493014,-19.790802090884526,-17.916293473337337,0.022810986600688466,17.329688342810883,19.192016710896738
train,2026.8.10-8.20/log_18_2026-8-19-07-03-30.ulg,1,D1_lp8,3,1526,0.01638942874885878,11.524769158092047,-37.56363746214541,-28.98097160061654,-0.15253413484944822,27.70516522118264,41.17873771701332
train,2026.8.10-8.20/log_18_2026-8-19-07-03-30.ulg,1,D1_lp8,4,1526,0.04458996556171451,10.745762076753289,-24.47289647329493,-19.730981157829255,0.12803263316440008,19.769933159437173,23.330009812456293
train,2026.8.10-8.20/log_18_2026-8-19-07-03-30.ulg,1,D1_lp8,5,1526,-0.003109083688488027,2.4911789198636183,-11.246922366491637,-6.215450498584765,-0.05245858214346222,5.933763775247724,10.062104929763748
train,2026.8.10-8.20/log_18_2026-8-19-07-03-30.ulg,1,D1_lp12,0,1526,0.2526395190089505,3.301607201129727,-8.78750215443318,-6.041477848614704,-0.1014648629409845,10.683834390118317,14.126708828437748
train,2026.8.10-8.20/log_18_2026-8-19-07-03-30.ulg,1,D1_lp12,1,1526,-0.29959948010949056,2.760584602448526,-9.75146461086037,-7.520537691114192,-0.23901710265124232,6.791769344128433,10.324142906614036
train,2026.8.10-8.20/log_18_2026-8-19-07-03-30.ulg,1,D1_lp12,2,1526,-0.033869235046387676,11.406131768910864,-20.692454736022633,-19.10082360063733,0.7045210961346569,17.31900477845593,19.034064760905718
train,2026.8.10-8.20/log_18_2026-8-19-07-03-30.ulg,1,D1_lp12,3,1526,0.0019247108999361046,13.750535254638915,-49.60202294423651,-34.70524219238923,-0.1033349702842069,32.757017636312156,48.44886661939244
train,2026.8.10-8.20/log_18_2026-8-19-07-03-30.ulg,1,D1_lp12,4,1526,0.047486548731361204,14.658175492827873,-35.63534972087436,-28.742200516983765,0.773710710969227,26.812924736913104,29.629370383245956
train,2026.8.10-8.20/log_18_2026-8-19-07-03-30.ulg,1,D1_lp12,5,1526,-0.004649841556224255,3.3865108056605835,-14.025190210307445,-8.678618706241167,-0.07616968032139898,7.677145425858178,12.190251200782322
train,2026.8.10-8.20/log_18_2026-8-19-07-03-30.ulg,1,D2_center2,0,1526,0.2540588977575625,3.3501821525955746,-8.477326666362524,-5.99429405553596,-0.07075756037260189,10.859481727330534,15.096212209209996
train,2026.8.10-8.20/log_18_2026-8-19-07-03-30.ulg,1,D2_center2,1,1526,-0.29633172927468254,2.839088809323404,-10.94757023509581,-7.701826083011285,-0.2324702333580492,7.145659270613812,11.342555916815234
train,2026.8.10-8.20/log_18_2026-8-19-07-03-30.ulg,1,D2_center2,2,1526,-0.04108368030788757,11.422635140521592,-22.596180357379858,-19.75590987913508,1.1363766542876572,18.140675584108397,19.56240662266687
train,2026.8.10-8.20/log_18_2026-8-19-07-03-30.ulg,1,D2_center2,3,1526,-0.059288708690936644,19.568825513891948,-61.37106654029549,-44.010423455029446,-0.12406738579302504,49.58980611229494,74.1313459893608
train,2026.8.10-8.20/log_18_2026-8-19-07-03-30.ulg,1,D2_center2,4,1526,0.03145547837563668,16.78136395125628,-38.53798694964395,-30.417446448572296,0.6057674201987746,34.3533655241582,41.5394107985211
train,2026.8.10-8.20/log_18_2026-8-19-07-03-30.ulg,1,D2_center2,5,1526,0.0006089948465770307,3.684764602926579,-14.321429501914643,-9.06617485517084,-0.09515499916458973,9.38657744793097,12.255866164695027
train,2026.8.10-8.20/log_18_2026-8-19-07-03-30.ulg,1,D2_center5,0,1526,0.25165278808931646,2.306723267428719,-5.4660309178528586,-4.033786618137569,-0.10011029011272096,8.915676565133241,11.237507272370848
train,2026.8.10-8.20/log_18_2026-8-19-07-03-30.ulg,1,D2_center5,1,1526,-0.2969962953618973,1.8441711787108679,-7.152237264738165,-5.589500753431944,-0.3352013254331713,5.007570731563522,7.874765980249341
train,2026.8.10-8.20/log_18_2026-8-19-07-03-30.ulg,1,D2_center5,2,1526,-0.028531620119860348,8.645872259420148,-15.644388484846873,-13.364249980542924,-0.09366040768503264,13.226365985769627,15.101024513487026
train,2026.8.10-8.20/log_18_2026-8-19-07-03-30.ulg,1,D2_center5,3,1526,-0.003020541057374814,9.89405883155889,-29.70601278652465,-23.22100356710672,0.08624410596784565,26.37103903045205,33.36675694814042
train,2026.8.10-8.20/log_18_2026-8-19-07-03-30.ulg,1,D2_center5,4,1526,0.032618323950209534,8.486881040202714,-17.44660495255801,-14.47703586067592,-0.43567681373719636,15.958159649454752,19.33144066913914
train,2026.8.10-8.20/log_18_2026-8-19-07-03-30.ulg,1,D2_center5,5,1526,-0.0012653372399959726,2.041756843932736,-8.61599819821909,-4.98980340715092,-0.06849023875566715,4.748721249727143,8.781538285989821
train,2026.8.10-8.20/log_18_2026-8-19-07-03-30.ulg,1,D2_center10,0,1526,0.25230439297071144,1.656909137332115,-3.4356560744095983,-2.639236266156953,0.05327408121899236,5.240384247890343,6.515560148139815
train,2026.8.10-8.20/log_18_2026-8-19-07-03-30.ulg,1,D2_center10,1,1526,-0.29304232861818114,1.2339184243772443,-3.8606994657038336,-3.1559352745091243,-0.3477158955445878,3.3222649339129493,4.857410659840769
train,2026.8.10-8.20/log_18_2026-8-19-07-03-30.ulg,1,D2_center10,2,1526,-0.016058823791148407,2.2514246688090465,-6.019440554577982,-4.2617121547198895,-0.14143504469296114,5.077037641487424,6.533255570851007
train,2026.8.10-8.20/log_18_2026-8-19-07-03-30.ulg,1,D2_center10,3,1526,-0.010520547645378978,4.02421079182244,-13.274425627908656,-9.574263216397709,0.022480023927506775,9.642830981233004,17.001864203116554
train,2026.8.10-8.20/log_18_2026-8-19-07-03-30.ulg,1,D2_center10,4,1526,0.021569320888539422,3.219435922806702,-9.918386799342363,-7.212075240603069,0.006125222372348504,6.347696149966466,8.02440169019936
train,2026.8.10-8.20/log_18_2026-8-19-07-03-30.ulg,1,D2_center10,5,1526,0.0002958388995573824,1.276214772422926,-5.307159253358566,-3.3300283116929315,0.0004459035462727327,3.115236835361099,5.33601797992229
train,2026.8.10-8.20/log_18_2026-8-19-07-03-30.ulg,2,D0_raw,0,3951,-0.03880001279080174,2.947158535296824,-12.891849861439587,-7.46210436066694,-0.1367493768916623,8.649115731258076,13.201437397807496
train,2026.8.10-8.20/log_18_2026-8-19-07-03-30.ulg,2,D0_raw,1,3951,-0.08638254812208532,3.1524657057911503,-12.20129773707722,-8.289578682436083,-0.17175454653816585,8.301378049109145,13.44135654474474
train,2026.8.10-8.20/log_18_2026-8-19-07-03-30.ulg,2,D0_raw,2,3951,0.003884764779882087,9.727541935159612,-27.284335171460054,-19.614731441282352,1.0651254462807298,17.075162751844708,24.440830838503082
train,2026.8.10-8.20/log_18_2026-8-19-07-03-30.ulg,2,D0_raw,3,3951,-0.04003991080227749,28.001385190209614,-145.40111433311594,-66.09743531931304,-2.1964142459236515,76.33595496371217,166.65984251195604
train,2026.8.10-8.20/log_18_2026-8-19-07-03-30.ulg,2,D0_raw,4,3951,-0.015926394336089597,18.05358921441959,-54.25661122965703,-36.987724092481876,0.0,36.9605177151223,60.20062254053078
train,2026.8.10-8.20/log_18_2026-8-19-07-03-30.ulg,2,D0_raw,5,3951,-0.012677439055997209,3.9399931197475206,-18.82988071152526,-9.466364386236954,0.0,10.224520592740845,19.645810366129123
train,2026.8.10-8.20/log_18_2026-8-19-07-03-30.ulg,2,D1_lp4,0,3951,-0.03417703909081437,1.9813664898219447,-7.952870223069057,-4.731399895239994,-0.10312835153628322,5.840665337358777,7.848251060863173
train,2026.8.10-8.20/log_18_2026-8-19-07-03-30.ulg,2,D1_lp4,1,3951,-0.09181206090088942,2.067077053409273,-9.0796621123684,-5.851550381147445,-0.09608741778288016,5.908920293378372,8.287511051258713
train,2026.8.10-8.20/log_18_2026-8-19-07-03-30.ulg,2,D1_lp4,2,3951,0.001786879300750745,5.927344001603351,-13.091311661051606,-10.297213452596928,-0.007938935312911021,10.811237890690112,12.711970934640444
train,2026.8.10-8.20/log_18_2026-8-19-07-03-30.ulg,2,D1_lp4,3,3951,0.008351180277347959,5.449766013977153,-26.65345153832813,-12.857937601077,-0.20122254762276442,13.424409077449038,22.82540719771324
train,2026.8.10-8.20/log_18_2026-8-19-07-03-30.ulg,2,D1_lp4,4,3951,-0.00951213701748586,4.304777307805419,-10.652875860772067,-7.516476976074518,-0.2990727978154592,9.76310635129581,13.751017799216694
train,2026.8.10-8.20/log_18_2026-8-19-07-03-30.ulg,2,D1_lp4,5,3951,-0.006108958245746025,1.4290480364342575,-4.778433755616506,-3.3396266148653275,-0.009382478278471341,3.536201334293583,5.9973868704249975
train,2026.8.10-8.20/log_18_2026-8-19-07-03-30.ulg,2,D1_lp6,0,3951,-0.03505938680739992,2.4146962341668536,-10.685682012913762,-5.932649474863589,-0.11194254926805583,7.294609670343899,10.98693158862655
train,2026.8.10-8.20/log_18_2026-8-19-07-03-30.ulg,2,D1_lp6,1,3951,-0.09203543884138234,2.475532838068783,-11.06420217546344,-7.257572182870398,-0.1703469967977452,7.209563750703159,11.139103230153152
train,2026.8.10-8.20/log_18_2026-8-19-07-03-30.ulg,2,D1_lp6,2,3951,0.00812824144841109,9.104885783131147,-18.42979747894069,-15.760370252951468,0.2896485980725347,14.627546333986409,15.872041331333612
train,2026.8.10-8.20/log_18_2026-8-19-07-03-30.ulg,2,D1_lp6,3,3951,0.013660418836407043,8.171649315749905,-33.800682740407396,-19.938042177356106,0.14384884710534188,19.572401879651213,31.712313460781456
train,2026.8.10-8.20/log_18_2026-8-19-07-03-30.ulg,2,D1_lp6,4,3951,-0.013008140251348627,7.114341829490676,-21.033048354200332,-13.349094690179273,0.6830216555513597,14.681617726348366,20.08771188382393
train,2026.8.10-8.20/log_18_2026-8-19-07-03-30.ulg,2,D1_lp6,5,3951,-0.0068674711687019534,1.9150576055938153,-7.741437124627271,-4.604068094816257,-0.02024150039273315,4.860317340013656,8.072272353129295
train,2026.8.10-8.20/log_18_2026-8-19-07-03-30.ulg,2,D1_lp8,0,3951,-0.03591883996913641,2.5749818207801116,-11.958569478249451,-6.570540084785918,-0.11185812478438789,7.703771149134107,11.793396007013653
train,2026.8.10-8.20/log_18_2026-8-19-07-03-30.ulg,2,D1_lp8,1,3951,-0.0909952325040023,2.6390481477980474,-11.462260293587208,-7.768510532480147,-0.13600312783942972,7.666833821812137,11.705462796146598
train,2026.8.10-8.20/log_18_2026-8-19-07-03-30.ulg,2,D1_lp8,2,3951,0.009278407868759414,9.325971364557434,-20.614921532486655,-16.725498864865536,0.648212858042448,14.725044250468638,16.395809920185545
train,2026.8.10-8.20/log_18_2026-8-19-07-03-30.ulg,2,D1_lp8,3,3951,0.017294238722484524,9.099480115112776,-35.86152505469556,-22.258119738733868,0.024562857031672675,21.27492572855867,38.14022040827416
train,2026.8.10-8.20/log_18_2026-8-19-07-03-30.ulg,2,D1_lp8,4,3951,-0.013322597546175477,9.940510697623235,-23.617527447151694,-19.704868654834854,1.4308374834149016,17.163940097743627,23.281530115205967
train,2026.8.10-8.20/log_18_2026-8-19-07-03-30.ulg,2,D1_lp8,5,3951,-0.0081633692087482,2.1773218758873227,-8.101311428049891,-5.219586495568871,-0.03141300600164901,5.672248399183722,8.913981422611377
train,2026.8.10-8.20/log_18_2026-8-19-07-03-30.ulg,2,D1_lp12,0,3951,-0.03599349056897932,2.748803234914794,-12.921027374957383,-7.0388368242957835,-0.1512226056971587,8.126962392214566,12.6354626482741
train,2026.8.10-8.20/log_18_2026-8-19-07-03-30.ulg,2,D1_lp12,1,3951,-0.0891255412498113,2.9163110649094084,-12.582226794507859,-8.153802827712296,-0.14941345287678606,7.991712760232783,12.191864187377936
train,2026.8.10-8.20/log_18_2026-8-19-07-03-30.ulg,2,D1_lp12,2,3951,0.010284222349243114,9.371321409881128,-22.434107841803776,-17.72256924737982,0.870206727350762,14.75813252835416,16.489040296845666
train,2026.8.10-8.20/log_18_2026-8-19-07-03-30.ulg,2,D1_lp12,3,3951,0.0038335870976467373,12.316376257109386,-50.275165515908235,-28.733161514958752,-0.249893351154789,29.813730674648504,59.862242732767335
train,2026.8.10-8.20/log_18_2026-8-19-07-03-30.ulg,2,D1_lp12,4,3951,-0.010218377667062078,13.583504113275433,-36.42644109666521,-27.183788678775674,0.5911956412862802,24.103042807585727,33.24906966236885
train,2026.8.10-8.20/log_18_2026-8-19-07-03-30.ulg,2,D1_lp12,5,3951,-0.008892316148637178,2.589122576432,-11.033368789191075,-6.392943707804757,-0.09217470316954933,6.772461461042586,11.336322441838291
train,2026.8.10-8.20/log_18_2026-8-19-07-03-30.ulg,2,D2_center2,0,3951,-0.03621153740644345,2.763989125849776,-12.716570636616142,-7.140831795116462,-0.13511640323616436,8.328895052832522,12.50727621013666
train,2026.8.10-8.20/log_18_2026-8-19-07-03-30.ulg,2,D2_center2,1,3951,-0.08831822020887008,2.926798138168592,-12.030035661234498,-7.994211687593549,-0.174640817867456,8.012887355995069,12.203469454407527
train,2026.8.10-8.20/log_18_2026-8-19-07-03-30.ulg,2,D2_center2,2,3951,0.006964409472699758,9.37209689045706,-25.093411362457278,-18.23400403099954,0.8489044577221587,15.309869564881826,17.706056373679896
train,2026.8.10-8.20/log_18_2026-8-19-07-03-30.ulg,2,D2_center2,3,3951,0.01797961924433008,17.452504756442742,-58.30320901046877,-40.14321431312557,-0.6306434949797298,44.786893503227105,75.57495989897895
train,2026.8.10-8.20/log_18_2026-8-19-07-03-30.ulg,2,D2_center2,4,3951,-0.019049511559336846,14.740329562282643,-38.08184068513823,-28.63853432551972,0.8309057508717629,28.271673288329353,44.99874904540095
train,2026.8.10-8.20/log_18_2026-8-19-07-03-30.ulg,2,D2_center2,5,3951,-0.008772213484390019,2.8656484169862684,-12.23459192809425,-7.111856904014905,-0.06527283125652206,7.273268128643096,14.83920341980438
train,2026.8.10-8.20/log_18_2026-8-19-07-03-30.ulg,2,D2_center5,0,3951,-0.035004066662673104,2.2389703978479836,-9.514556206473616,-5.604267677230491,-0.09400478038945381,6.6043535410758505,9.591961671451996
train,2026.8.10-8.20/log_18_2026-8-19-07-03-30.ulg,2,D2_center5,1,3951,-0.09161666468907408,2.307469321567148,-10.069751497742555,-6.739461593075858,-0.1350612145393079,6.727447684153475,10.014958516557751
train,2026.8.10-8.20/log_18_2026-8-19-07-03-30.ulg,2,D2_center5,2,3951,0.004281270295498089,7.58745394772621,-16.24987670744001,-13.082539527388246,0.34782452813747483,11.88519604824284,13.172159561543552
train,2026.8.10-8.20/log_18_2026-8-19-07-03-30.ulg,2,D2_center5,3,3951,0.01183867021672188,8.357495915999959,-31.54986568955194,-19.898203704499046,0.2052565711832491,22.224359818943412,33.14662301222999
train,2026.8.10-8.20/log_18_2026-8-19-07-03-30.ulg,2,D2_center5,4,3951,-0.010397582601870941,7.155602647557864,-17.68129643378311,-13.730662927225847,0.7393883022374242,14.282498846150494,21.130905680130443
train,2026.8.10-8.20/log_18_2026-8-19-07-03-30.ulg,2,D2_center5,5,3951,-0.006929705335592112,1.8150062521703518,-6.615909617559441,-4.330430077048244,-0.009857661389565998,4.583241198611038,8.411730793434657
train,2026.8.10-8.20/log_18_2026-8-19-07-03-30.ulg,2,D2_center10,0,3951,-0.033308624197654985,1.737808200531912,-5.780527730265109,-3.869502209289808,-0.09058472627628132,4.74929461356556,6.1411513218865545
train,2026.8.10-8.20/log_18_2026-8-19-07-03-30.ulg,2,D2_center10,1,3951,-0.09147456662121191,1.8277503038740166,-6.880790424601322,-4.718843058211852,-0.13372845008417633,4.7521635214683915,6.233861838261449
train,2026.8.10-8.20/log_18_2026-8-19-07-03-30.ulg,2,D2_center10,2,3951,-0.004365586476218255,3.21911122753684,-8.43294652246477,-5.9604694205604165,-0.2755704747260604,6.762596655543442,8.334406989370734
train,2026.8.10-8.20/log_18_2026-8-19-07-03-30.ulg,2,D2_center10,3,3951,0.0055913623454164,4.091359087492123,-16.281594769183116,-9.884918392617763,-0.05966231440802896,9.877243757586584,16.98039796064159
train,2026.8.10-8.20/log_18_2026-8-19-07-03-30.ulg,2,D2_center10,4,3951,-0.006084557474432198,3.6825675365280883,-10.491974456369915,-7.260383849436139,-0.2552645904713094,8.701571318059127,12.810763377531773
train,2026.8.10-8.20/log_18_2026-8-19-07-03-30.ulg,2,D2_center10,5,3951,-0.005000830543096434,1.1653898575111472,-4.945911595072734,-2.7492115936981345,0.012462140551050958,2.7044020881477064,4.372122202333247
train,2026.8.10-8.20/log_18_2026-8-19-07-03-30.ulg,3,D0_raw,0,897,-0.24688194079219286,2.885051001874865,-9.243226348771424,-6.717397382563704,-0.25069785261443944,7.572501838088727,10.058086716341638
train,2026.8.10-8.20/log_18_2026-8-19-07-03-30.ulg,3,D0_raw,1,897,0.6769698346394069,2.8390702770116785,-7.930117284129784,-6.10856684988705,0.2543848199533724,9.137850725089438,14.281750680908711
train,2026.8.10-8.20/log_18_2026-8-19-07-03-30.ulg,3,D0_raw,2,897,-0.028698518810674523,9.761251746181278,-22.05742593993642,-18.13487479223641,0.703233277391662,16.537136269477784,20.327433227090815
train,2026.8.10-8.20/log_18_2026-8-19-07-03-30.ulg,3,D0_raw,3,897,0.3500667291572907,26.312361689837815,-71.89501950402469,-55.8668692150272,-3.0470052678029798,87.61765794430205,132.97206473992233
train,2026.8.10-8.20/log_18_2026-8-19-07-03-30.ulg,3,D0_raw,4,897,0.09492278334460474,17.808392346221623,-56.901317321233954,-35.64178807897058,0.0,35.86271793427076,52.05063698041335
train,2026.8.10-8.20/log_18_2026-8-19-07-03-30.ulg,3,D0_raw,5,897,0.0041151665167941075,3.904633211751592,-16.08297454291717,-9.50783351069263,0.07885222683450759,9.621114255445498,16.010373099177126
train,2026.8.10-8.20/log_18_2026-8-19-07-03-30.ulg,3,D1_lp4,0,897,-0.2728110012483893,1.683449577756378,-6.472603546225476,-5.309332732936739,-0.19536839032464404,4.22021386776273,5.407828857589091
train,2026.8.10-8.20/log_18_2026-8-19-07-03-30.ulg,3,D1_lp4,1,897,0.6737700498571905,1.861365301427853,-4.934597256739234,-3.9508558815728967,0.45417184548580375,6.556254924329786,8.442221826706914
train,2026.8.10-8.20/log_18_2026-8-19-07-03-30.ulg,3,D1_lp4,2,897,-0.007157081958011555,5.940050838444636,-11.470508414969709,-10.419439103022494,-0.0765024171525196,10.285057317710624,11.739678993278302
train,2026.8.10-8.20/log_18_2026-8-19-07-03-30.ulg,3,D1_lp4,3,897,0.028507187722658936,5.532818171113255,-14.963112332992576,-12.479324983977055,-0.2253739014714032,13.230940799396985,17.808546066203306
train,2026.8.10-8.20/log_18_2026-8-19-07-03-30.ulg,3,D1_lp4,4,897,-0.006368534261415161,4.233172575859771,-7.903054933183489,-7.232872137687674,-0.3020921654554078,10.156186491194875,12.762901391322089
train,2026.8.10-8.20/log_18_2026-8-19-07-03-30.ulg,3,D1_lp4,5,897,0.014708701650055318,1.4179583099206283,-5.26313187525683,-3.8046949438610485,0.02696416405422414,3.544427293994935,4.671492041714609
train,2026.8.10-8.20/log_18_2026-8-19-07-03-30.ulg,3,D1_lp6,0,897,-0.266643970069101,2.0675672821019746,-7.948068419683551,-6.157591770330429,-0.3468531279160119,5.501500793564793,7.496239146324355
train,2026.8.10-8.20/log_18_2026-8-19-07-03-30.ulg,3,D1_lp6,1,897,0.6729096709418809,2.3501059485990776,-6.201767875934569,-4.641804530927386,0.25132420044121495,8.561074675524578,12.205881810686877
train,2026.8.10-8.20/log_18_2026-8-19-07-03-30.ulg,3,D1_lp6,2,897,-0.007867112695194871,9.17204303065739,-16.48499236341158,-15.332726030414477,0.28203727857239275,14.127589069800848,15.798014953545936
train,2026.8.10-8.20/log_18_2026-8-19-07-03-30.ulg,3,D1_lp6,3,897,0.032944220158497926,8.142196870330364,-21.69867234324767,-18.473043129161947,-0.0032651483066517225,19.71644854174805,24.341523809852298
train,2026.8.10-8.20/log_18_2026-8-19-07-03-30.ulg,3,D1_lp6,4,897,-0.01113705781740453,6.696158732889888,-13.795709336169454,-12.392707513475878,0.6934323435042182,12.779558527770874,17.530086784624224
train,2026.8.10-8.20/log_18_2026-8-19-07-03-30.ulg,3,D1_lp6,5,897,0.01968063529654676,1.8970863227466899,-7.002700233319864,-4.902525522408757,0.14980468735909325,5.251707416299417,6.534958358727588
train,2026.8.10-8.20/log_18_2026-8-19-07-03-30.ulg,3,D1_lp8,0,897,-0.2624809779449428,2.3028830464141694,-8.497575731440968,-6.3334066250058,-0.28959392712122434,6.185780529431226,8.679455888572134
train,2026.8.10-8.20/log_18_2026-8-19-07-03-30.ulg,3,D1_lp8,1,897,0.6750848975564426,2.4878817584995265,-7.302288602432936,-5.364423647790808,0.15606512042578052,8.516592644236791,12.92376833033575
train,2026.8.10-8.20/log_18_2026-8-19-07-03-30.ulg,3,D1_lp8,2,897,-0.008940924172626121,9.366834649624861,-17.488188507243848,-16.274129095252018,0.5593473222963056,14.313307499225392,16.106184484653692
train,2026.8.10-8.20/log_18_2026-8-19-07-03-30.ulg,3,D1_lp8,3,897,0.0338679252485049,8.990740664667662,-26.243992839347957,-21.325088828155618,0.7847870959870322,20.363869713101156,30.533883442815192
train,2026.8.10-8.20/log_18_2026-8-19-07-03-30.ulg,3,D1_lp8,4,897,-0.01118050036795941,9.524048961291388,-20.745597540387188,-19.03234885308553,1.5065399378870115,15.479577037731103,17.99946128483911
train,2026.8.10-8.20/log_18_2026-8-19-07-03-30.ulg,3,D1_lp8,5,897,0.02238460692828888,2.159052642454856,-8.299871034177636,-5.487551443803758,0.031014375542323495,6.004101284066058,7.558052212689727
train,2026.8.10-8.20/log_18_2026-8-19-07-03-30.ulg,3,D1_lp12,0,897,-0.25965930921265296,2.636562864186974,-9.11487324126582,-6.738469441430681,-0.36522960215833994,6.723950843438607,9.340199851192027
train,2026.8.10-8.20/log_18_2026-8-19-07-03-30.ulg,3,D1_lp12,1,897,0.6763904849338013,2.6398945550050503,-7.83149223334962,-5.714975418841622,0.2676815410580234,8.769174085576765,13.143427895131397
train,2026.8.10-8.20/log_18_2026-8-19-07-03-30.ulg,3,D1_lp12,2,897,-0.009988217338092732,9.403143796931065,-19.134269516974324,-17.05475048386374,0.6099436436902989,14.39912757193113,16.018044006656513
train,2026.8.10-8.20/log_18_2026-8-19-07-03-30.ulg,3,D1_lp12,3,897,0.03484223418763066,11.922342569192402,-39.749175998200165,-27.88630104589065,0.26852214560036824,27.400350583463016,43.119016621177344
train,2026.8.10-8.20/log_18_2026-8-19-07-03-30.ulg,3,D1_lp12,4,897,0.009771706003618779,13.31446653050858,-31.9852204242413,-26.064437498257245,0.6161567609960523,22.883837809961975,25.145156626799153
train,2026.8.10-8.20/log_18_2026-8-19-07-03-30.ulg,3,D1_lp12,5,897,0.020880278186161078,2.509149481696187,-9.359600060218428,-6.217694495171249,-0.11380897585036794,6.484433037286851,9.010879404891115
train,2026.8.10-8.20/log_18_2026-8-19-07-03-30.ulg,3,D2_center2,0,897,-0.26164851594590255,2.6556673622862146,-8.939987966729229,-6.794607280968947,-0.28283649971027014,7.118708815032785,9.179557253699203
train,2026.8.10-8.20/log_18_2026-8-19-07-03-30.ulg,3,D2_center2,1,897,0.6698626988730315,2.6627791497995066,-7.545386622091549,-5.77051167364597,0.25039325974015847,8.938895819900274,13.719851753441699
train,2026.8.10-8.20/log_18_2026-8-19-07-03-30.ulg,3,D2_center2,2,897,-0.01135176108846562,9.40732126004089,-19.943303258738172,-16.77860456979268,0.9063735813321638,14.94903275267385,16.598101100608336
train,2026.8.10-8.20/log_18_2026-8-19-07-03-30.ulg,3,D2_center2,3,897,0.1645414847978986,16.820918017364242,-50.89565066396054,-36.06266277688717,-1.026522363993279,41.64508288062698,71.62976340608415
train,2026.8.10-8.20/log_18_2026-8-19-07-03-30.ulg,3,D2_center2,4,897,0.024278673295853828,14.521750371191333,-37.79553817604241,-26.80514173539635,1.4159932941618165,26.865494755628117,32.332839671981766
train,2026.8.10-8.20/log_18_2026-8-19-07-03-30.ulg,3,D2_center2,5,897,0.0076541044609978685,2.776846019253914,-10.23399731319875,-6.742199072857774,-0.12672332826815544,7.067119265965238,10.976911277953914
train,2026.8.10-8.20/log_18_2026-8-19-07-03-30.ulg,3,D2_center5,0,897,-0.2690437707001227,1.9422591303017391,-7.25909200872342,-5.526351493796277,-0.22901313469904228,5.1676589550473455,7.108614334099346
train,2026.8.10-8.20/log_18_2026-8-19-07-03-30.ulg,3,D2_center5,1,897,0.6739579835308305,2.158741953897334,-6.003454310411344,-4.382743242986757,0.2564530469182762,8.24730937757425,10.595542743006591
train,2026.8.10-8.20/log_18_2026-8-19-07-03-30.ulg,3,D2_center5,2,897,-0.010554871842642304,7.615314322007904,-13.851788238836937,-12.897363366779054,0.38901558297342603,11.668381198224363,12.37486318724589
train,2026.8.10-8.20/log_18_2026-8-19-07-03-30.ulg,3,D2_center5,3,897,0.04723554077108192,8.179433584091461,-25.854686320461862,-18.3181944256554,0.08030352229346768,20.53387877070619,27.284556351877917
train,2026.8.10-8.20/log_18_2026-8-19-07-03-30.ulg,3,D2_center5,4,897,-0.00198419173447375,6.839791042558768,-15.459463751335406,-13.011755135830061,1.0719498104067122,13.626779937434888,16.905992486592574
train,2026.8.10-8.20/log_18_2026-8-19-07-03-30.ulg,3,D2_center5,5,897,0.016715186486109257,1.7772886443201843,-7.1205296398185505,-4.47526652384085,0.044127364277080715,4.491091322880577,6.7724824270657695
train,2026.8.10-8.20/log_18_2026-8-19-07-03-30.ulg,3,D2_center10,0,897,-0.2850809991650533,1.4738288277216172,-4.8760056871338335,-4.294967026846175,-0.17613528191666977,3.0710653872862945,3.7299041570688143
train,2026.8.10-8.20/log_18_2026-8-19-07-03-30.ulg,3,D2_center10,1,897,0.6743213247205633,1.6236281895363402,-3.3392218235635127,-2.8081444057663836,0.5521543946956247,5.5038518163985195,6.503710083274714
train,2026.8.10-8.20/log_18_2026-8-19-07-03-30.ulg,3,D2_center10,2,897,-0.00942166606980636,3.096171248102725,-6.45251761913812,-5.667522510042557,-0.20500487202961287,6.2361066687006526,7.353964447692283
train,2026.8.10-8.20/log_18_2026-8-19-07-03-30.ulg,3,D2_center10,3,897,0.0262636192068475,3.9644156135149013,-10.232740375999699,-8.264494114028961,0.14709599871892481,9.049359341699748,11.602269690905727
train,2026.8.10-8.20/log_18_2026-8-19-07-03-30.ulg,3,D2_center10,4,897,-0.0014545182520472294,3.6295194022831816,-8.087292392561292,-7.150281559796509,-0.279194417664604,8.194139272270329,11.815397148582187
train,2026.8.10-8.20/log_18_2026-8-19-07-03-30.ulg,3,D2_center10,5,897,0.012059548094375806,1.10444642876225,-3.7258851959260544,-2.912671825667197,-0.02606672024798183,2.431933268596954,3.1367147749259194
train,2026.8.10-8.20/log_18_2026-8-19-07-03-30.ulg,4,D0_raw,0,1917,0.2932269004900558,2.9176036806245356,-14.474946176840328,-6.286544580840274,-0.08165477989671756,11.002764674912383,12.85816720110301
train,2026.8.10-8.20/log_18_2026-8-19-07-03-30.ulg,4,D0_raw,1,1917,-0.27832309689945156,2.6050282459274485,-12.526639729458788,-8.497339690136842,-0.07111148668597951,5.865416574840964,8.412153820361011
train,2026.8.10-8.20/log_18_2026-8-19-07-03-30.ulg,4,D0_raw,2,1917,0.016485250320899873,8.80471530871643,-20.95167616565405,-16.948483192806073,0.9982523793926975,15.70010913875827,20.07534007032562
train,2026.8.10-8.20/log_18_2026-8-19-07-03-30.ulg,4,D0_raw,3,1917,-0.08228935413750707,26.31710790742155,-163.9795446685087,-66.26295505879978,-2.394945086362901,69.9544760719016,112.08767224410683
train,2026.8.10-8.20/log_18_2026-8-19-07-03-30.ulg,4,D0_raw,4,1917,-0.009931489298605036,16.545101236372798,-67.20338591593654,-36.46284601612388,1.2569054811913747,30.622915217361804,38.47041124809923
train,2026.8.10-8.20/log_18_2026-8-19-07-03-30.ulg,4,D0_raw,5,1917,0.000559579502743643,3.465418957870932,-14.124044360882127,-8.90997900274918,-0.03654069317605999,8.00785063980857,11.688189390667464
train,2026.8.10-8.20/log_18_2026-8-19-07-03-30.ulg,4,D1_lp4,0,1917,0.28734384345010433,2.0329863844374496,-9.272401133928938,-5.009052921635875,0.18877619142000943,8.255922999230703,9.589404156595709
train,2026.8.10-8.20/log_18_2026-8-19-07-03-30.ulg,4,D1_lp4,1,1917,-0.27295775246054216,2.018752033442363,-8.141542883468308,-6.499459259163195,-0.09396983123712987,4.095809737127443,6.861870286261318
train,2026.8.10-8.20/log_18_2026-8-19-07-03-30.ulg,4,D1_lp4,2,1917,0.022300704315649948,6.495183898372438,-12.30409625780242,-10.954808692310518,-0.023183869082996467,11.224517719406311,13.368314763075551
train,2026.8.10-8.20/log_18_2026-8-19-07-03-30.ulg,4,D1_lp4,3,1917,0.0057284395887320354,5.11271748679789,-16.85883682395839,-12.072557525110446,-0.134087438653595,13.504948625777011,17.519215477822545
train,2026.8.10-8.20/log_18_2026-8-19-07-03-30.ulg,4,D1_lp4,4,1917,0.0077150337796069845,4.03697528912817,-10.072389821453925,-7.480095126310762,-0.46140430046722075,10.370546401578965,13.18506743183471
train,2026.8.10-8.20/log_18_2026-8-19-07-03-30.ulg,4,D1_lp4,5,1917,-0.01294168594013771,1.4022433578355151,-5.14461712750625,-3.163704687066638,-0.04758725010960291,3.40500763778664,5.135812420196121
train,2026.8.10-8.20/log_18_2026-8-19-07-03-30.ulg,4,D1_lp6,0,1917,0.28507469879070046,2.3995448274297795,-11.388871665496163,-5.4450463320243525,0.0031170203639298523,10.037313807395996,11.900118015941613
train,2026.8.10-8.20/log_18_2026-8-19-07-03-30.ulg,4,D1_lp6,1,1917,-0.27269670848899785,2.2513609418536435,-10.004749243772459,-7.896531765607842,-0.06791323417937038,4.724789703075075,7.492210732345095
train,2026.8.10-8.20/log_18_2026-8-19-07-03-30.ulg,4,D1_lp6,2,1917,0.015031579460939424,8.396094213950347,-16.850517803501116,-14.818423029780822,0.2709908553086567,13.778137157110942,15.284327410502513
train,2026.8.10-8.20/log_18_2026-8-19-07-03-30.ulg,4,D1_lp6,3,1917,0.00047064153797500796,7.063051691653236,-24.750846746638178,-17.15246930117494,-0.16691451900383444,19.54793576357858,28.13975229628095
train,2026.8.10-8.20/log_18_2026-8-19-07-03-30.ulg,4,D1_lp6,4,1917,0.004966019256662949,6.07096178443933,-17.59451995710712,-13.550164832514572,0.21227661180907095,13.100272699386553,14.906940860971345
train,2026.8.10-8.20/log_18_2026-8-19-07-03-30.ulg,4,D1_lp6,5,1917,-0.011907835472524726,1.719630735299927,-7.452048771406299,-4.264913030542331,-0.08581730264997822,4.50541144155889,7.030767429606835
train,2026.8.10-8.20/log_18_2026-8-19-07-03-30.ulg,4,D1_lp8,0,1917,0.2861904412524809,2.619561336369227,-12.421589113583412,-6.00664998657711,-0.0464138624363173,10.429606629769124,12.418777105776687
train,2026.8.10-8.20/log_18_2026-8-19-07-03-30.ulg,4,D1_lp8,1,1917,-0.27288671781183493,2.3511708352770815,-10.693998788721657,-7.877001381618832,-0.08344166034762597,5.115569823213242,7.839231343089697
train,2026.8.10-8.20/log_18_2026-8-19-07-03-30.ulg,4,D1_lp8,2,1917,0.014587004581874938,8.491775000557318,-17.792514891375827,-15.486085241805034,0.6181920588665087,13.641556612317768,15.014624140887427
train,2026.8.10-8.20/log_18_2026-8-19-07-03-30.ulg,4,D1_lp8,3,1917,0.0013965981596944777,7.736688164104113,-24.579511142081692,-18.472885777757437,-0.19759397297475664,20.33794133688079,31.21101368306388
train,2026.8.10-8.20/log_18_2026-8-19-07-03-30.ulg,4,D1_lp8,4,1917,-0.010482994440850945,10.030069280336699,-25.568128876903824,-19.940938651772726,1.1056173985976792,16.836675112145187,20.966501670568043
train,2026.8.10-8.20/log_18_2026-8-19-07-03-30.ulg,4,D1_lp8,5,1917,-0.013008320201200383,1.9578357985641812,-8.903054070766956,-4.70851816988331,-0.14509516224129174,5.075369983831615,8.045816900007669
train,2026.8.10-8.20/log_18_2026-8-19-07-03-30.ulg,4,D1_lp12,0,1917,0.2874715822510886,2.7720371660975163,-13.28210253422696,-6.040229751092008,-0.07095696167305833,10.482326248509683,12.924222398676786
train,2026.8.10-8.20/log_18_2026-8-19-07-03-30.ulg,4,D1_lp12,1,1917,-0.2742146709229064,2.4459082657441047,-11.483554047378464,-8.167940631680853,-0.07927615501707898,5.58028089465454,8.054490164208689
train,2026.8.10-8.20/log_18_2026-8-19-07-03-30.ulg,4,D1_lp12,2,1917,0.01603489410068487,8.531113148749549,-19.338075639861238,-16.19995333093039,0.8101191537924851,14.019130511075575,15.79692931144951
train,2026.8.10-8.20/log_18_2026-8-19-07-03-30.ulg,4,D1_lp12,3,1917,0.011796319788565742,11.652813507872969,-35.042732981165976,-25.7225285325885,-0.6784628483769957,28.562065956811647,44.36528950547645
train,2026.8.10-8.20/log_18_2026-8-19-07-03-30.ulg,4,D1_lp12,4,1917,-0.011348346467875836,13.136059588611111,-36.2677605828454,-26.509556331491357,0.7280157977431202,23.825022305135708,27.6581643654035
train,2026.8.10-8.20/log_18_2026-8-19-07-03-30.ulg,4,D1_lp12,5,1917,-0.0132257775338684,2.2027904790703166,-10.07075177233003,-4.916127182126161,-0.23326356486655112,5.6687500264611606,8.549658260851752
train,2026.8.10-8.20/log_18_2026-8-19-07-03-30.ulg,4,D2_center2,0,1917,0.2892356891852083,2.7764836354017186,-13.842229136008097,-6.301855439750548,-0.06987893923917056,10.409315625233685,12.590201961340636
train,2026.8.10-8.20/log_18_2026-8-19-07-03-30.ulg,4,D2_center2,1,1917,-0.27581786470625913,2.4662670638762667,-12.040715596817359,-8.099709038530461,-0.06424159019862592,5.65319328372165,7.613400018491272
train,2026.8.10-8.20/log_18_2026-8-19-07-03-30.ulg,4,D2_center2,2,1917,0.019675729480962068,8.537071513821079,-19.115226003595698,-16.05724714428299,0.9395198930116564,14.130463103248738,15.993012685425407
train,2026.8.10-8.20/log_18_2026-8-19-07-03-30.ulg,4,D2_center2,3,1917,-0.011810048613060228,16.510112912121304,-63.30958110294909,-40.31856709886009,-1.0966168406732495,41.79577898724562,67.99869855810766
train,2026.8.10-8.20/log_18_2026-8-19-07-03-30.ulg,4,D2_center2,4,1917,-0.01545272453590872,13.93306051768655,-44.30616805894079,-28.41827742140224,1.4934502168745154,24.67580592244841,28.925219262767282
train,2026.8.10-8.20/log_18_2026-8-19-07-03-30.ulg,4,D2_center2,5,1917,-0.007251448082926124,2.432513691075272,-8.839715593199985,-5.533542430599281,-0.19658379022116915,6.155847508081946,8.815260287525502
train,2026.8.10-8.20/log_18_2026-8-19-07-03-30.ulg,4,D2_center5,0,1917,0.28616196496588187,2.2380949600894153,-10.579704399796974,-5.013221793701339,0.013153370639199932,9.155467572594668,11.226566265302859
train,2026.8.10-8.20/log_18_2026-8-19-07-03-30.ulg,4,D2_center5,1,1917,-0.27366127156952835,2.130917723510002,-8.97335023227985,-7.273216176195772,-0.09234870683825394,4.521753624762379,7.174091060469433
train,2026.8.10-8.20/log_18_2026-8-19-07-03-30.ulg,4,D2_center5,2,1917,0.018231988169693174,7.163739469016546,-14.539010926248103,-12.834157620875398,0.28402150752313793,11.729599472770389,12.868372791674592
train,2026.8.10-8.20/log_18_2026-8-19-07-03-30.ulg,4,D2_center5,3,1917,-0.0027331503490176014,7.4471297529514615,-26.277557212782217,-18.282575247579018,-0.10385227964976468,20.10791123789562,28.677176019706
train,2026.8.10-8.20/log_18_2026-8-19-07-03-30.ulg,4,D2_center5,4,1917,0.0016301313894133943,6.7707434869521785,-16.371749532460694,-13.793709163965229,0.3731804769177293,13.777340775631975,17.60438335747328
train,2026.8.10-8.20/log_18_2026-8-19-07-03-30.ulg,4,D2_center5,5,1917,-0.011158336001117524,1.6456954171655864,-6.8278101866877,-3.894409806853547,-0.07177297171907791,4.178172122517431,6.801612398739975
train,2026.8.10-8.20/log_18_2026-8-19-07-03-30.ulg,4,D2_center10,0,1917,0.2870659338977349,1.6926089663350017,-6.742430306155309,-4.552211487600966,0.24718377481216625,6.491503008406919,7.570114340860333
train,2026.8.10-8.20/log_18_2026-8-19-07-03-30.ulg,4,D2_center10,1,1917,-0.27228270181642483,1.7675638760035188,-6.067236697351374,-5.200158560791465,-0.06591694741000369,3.5819702407851732,5.324811999497472
train,2026.8.10-8.20/log_18_2026-8-19-07-03-30.ulg,4,D2_center10,2,1917,0.02683972133296864,3.6002710956053754,-7.310556095253186,-6.3685884356091,-0.1253358790897726,7.131814363605999,8.829191353298869
train,2026.8.10-8.20/log_18_2026-8-19-07-03-30.ulg,4,D2_center10,3,1917,0.008873563130833744,3.6708123018640357,-13.401472150261622,-8.400922729457147,-0.08725419066139714,9.624822836945517,14.64811895079122
train,2026.8.10-8.20/log_18_2026-8-19-07-03-30.ulg,4,D2_center10,4,1917,0.00027520152576427314,3.872659596205078,-10.054011453299442,-8.066036070229307,0.04268650609693218,9.066155394503644,13.407814251093917
train,2026.8.10-8.20/log_18_2026-8-19-07-03-30.ulg,4,D2_center10,5,1917,-0.013560534207402372,1.133891903967428,-3.612628276005479,-2.713008849869238,-0.0409010177834042,2.671034766755237,3.9945309990573064
train,2026.8.10-8.20/log_1_2026-8-19-17-20-36.ulg,0,D0_raw,0,1884,0.047758127027868476,3.3019148794471125,-12.422732034954409,-8.26889256497637,0.18381131284521313,8.186725901886861,11.974101959447886
train,2026.8.10-8.20/log_1_2026-8-19-17-20-36.ulg,0,D0_raw,1,1884,0.0885205398188485,3.4795344830396235,-13.630883294704914,-7.700575305632874,-0.0429405560975021,9.365113131769931,14.08101585217395
train,2026.8.10-8.20/log_1_2026-8-19-17-20-36.ulg,0,D0_raw,2,1884,0.03379688624885271,11.271261869470536,-23.95173923095938,-20.104267651841557,0.7597001132596115,21.242521334602902,26.24797219076158
train,2026.8.10-8.20/log_1_2026-8-19-17-20-36.ulg,0,D0_raw,3,1884,-0.05931635480883295,40.99805208940606,-132.25303540829452,-95.6512869890869,-0.7469734220911817,96.59340173577819,118.19498796776287
train,2026.8.10-8.20/log_1_2026-8-19-17-20-36.ulg,0,D0_raw,4,1884,0.0141413980633508,25.27361665385751,-64.04821836738546,-53.032291403086525,5.16639928354274,39.733075531922914,52.332611634180864
train,2026.8.10-8.20/log_1_2026-8-19-17-20-36.ulg,0,D0_raw,5,1884,0.041557502574024185,11.653156074610383,-22.87355637570287,-19.50485521441634,-1.5113813648293126,34.93269247728759,53.851457002519076
train,2026.8.10-8.20/log_1_2026-8-19-17-20-36.ulg,0,D1_lp4,0,1884,0.04513805146411248,1.6543617486596491,-7.5009557149636645,-4.455721514939149,0.09443453724666823,4.126937357670004,5.189868906455084
train,2026.8.10-8.20/log_1_2026-8-19-17-20-36.ulg,0,D1_lp4,1,1884,0.09861918448697667,1.6876486649923133,-4.681647810386751,-3.865359091760829,0.061446737058408724,4.3651265218890964,5.813299195714573
train,2026.8.10-8.20/log_1_2026-8-19-17-20-36.ulg,0,D1_lp4,2,1884,0.03431769638075845,4.6495138631428174,-10.07902805005086,-8.246801528637848,0.03420266068059287,9.059608419743817,13.180241811411001
train,2026.8.10-8.20/log_1_2026-8-19-17-20-36.ulg,0,D1_lp4,3,1884,0.014532453409190635,8.962869820527272,-26.82932915577392,-18.801558076149103,0.23618222583008092,17.834693544436316,23.941452764993596
train,2026.8.10-8.20/log_1_2026-8-19-17-20-36.ulg,0,D1_lp4,4,1884,0.031314551894515985,4.2401087703799,-11.197417800267697,-8.171281857533902,-0.20756029465768489,10.01789734693381,14.81786003797431
train,2026.8.10-8.20/log_1_2026-8-19-17-20-36.ulg,0,D1_lp4,5,1884,0.0186502420251608,1.8950873944149549,-6.529339645089218,-4.268913562036441,-0.018114942734052265,4.758280569027128,8.588593116810264
train,2026.8.10-8.20/log_1_2026-8-19-17-20-36.ulg,0,D1_lp6,0,1884,0.045666900225733734,2.220043687461988,-10.312717612529932,-5.963546322128934,0.07529116854582016,5.9001141750352994,7.78695707239903
train,2026.8.10-8.20/log_1_2026-8-19-17-20-36.ulg,0,D1_lp6,1,1884,0.1002353950378211,2.288575650965579,-7.296767061751992,-5.349727981417711,0.019946825119418213,6.4127890708717805,8.533713827260723
train,2026.8.10-8.20/log_1_2026-8-19-17-20-36.ulg,0,D1_lp6,2,1884,0.03730067851507859,10.189293224226667,-17.75922005095173,-16.263547841198722,0.13184926073896377,16.34335508874632,18.661241747356225
train,2026.8.10-8.20/log_1_2026-8-19-17-20-36.ulg,0,D1_lp6,3,1884,0.02896156745654057,19.17782267475608,-59.42176217185675,-37.174657873374755,0.6298211062403352,34.265397745252265,49.22813656178252
train,2026.8.10-8.20/log_1_2026-8-19-17-20-36.ulg,0,D1_lp6,4,1884,0.025856235423148664,8.432757631294198,-17.977163288140634,-15.16631525365635,-0.6967174821161819,16.96904163489517,23.493007680538614
train,2026.8.10-8.20/log_1_2026-8-19-17-20-36.ulg,0,D1_lp6,5,1884,0.02056843805650391,2.8175347579206678,-9.818026115010154,-6.3163766668543895,0.13603779516464198,6.322356163108304,11.336397883798274
train,2026.8.10-8.20/log_1_2026-8-19-17-20-36.ulg,0,D1_lp8,0,1884,0.047157503446389436,2.3939428688604867,-10.683989741465059,-6.543305727683069,0.07959001463701507,6.239868328894988,9.01653303225687
train,2026.8.10-8.20/log_1_2026-8-19-17-20-36.ulg,0,D1_lp8,1,1884,0.10113317464825128,2.46892679921553,-9.275709414920398,-5.7288390222051815,-0.011032821118363713,6.8797876743567095,10.235962324942156
train,2026.8.10-8.20/log_1_2026-8-19-17-20-36.ulg,0,D1_lp8,2,1884,0.036743835562280495,10.61110675570239,-18.573685095842986,-16.96750515240825,0.07906908630112253,16.800619034189705,19.38279989644527
train,2026.8.10-8.20/log_1_2026-8-19-17-20-36.ulg,0,D1_lp8,3,1884,0.030185264103275943,21.89313490280883,-80.67587671632255,-48.47005345358909,2.4821169370872243,37.515683529909694,57.773489731959145
train,2026.8.10-8.20/log_1_2026-8-19-17-20-36.ulg,0,D1_lp8,4,1884,0.011695811780727991,11.171037152479444,-23.54143609167134,-20.002460213797825,-1.9388644905349877,23.705203991324105,29.028790234530693
train,2026.8.10-8.20/log_1_2026-8-19-17-20-36.ulg,0,D1_lp8,5,1884,0.02432903322226268,3.3157708061985165,-11.18277223040033,-8.080038606533629,0.36138890781668154,7.535785237148218,11.449552642021906
train,2026.8.10-8.20/log_1_2026-8-19-17-20-36.ulg,0,D1_lp12,0,1884,0.04847332491245119,2.8842088304112425,-11.614325290823734,-7.656920333483143,0.16368286646010277,7.338094917597368,10.876972308919745
train,2026.8.10-8.20/log_1_2026-8-19-17-20-36.ulg,0,D1_lp12,1,1884,0.1018317441069135,3.0050707831656718,-12.13168100080557,-6.699558424242189,0.02339133840148344,7.99813142779064,12.183093595269499
train,2026.8.10-8.20/log_1_2026-8-19-17-20-36.ulg,0,D1_lp12,2,1884,0.035502849025848375,10.68504878412322,-19.975346820754602,-17.752257139277553,0.13620950325420714,17.33048951442511,20.079147255674332
train,2026.8.10-8.20/log_1_2026-8-19-17-20-36.ulg,0,D1_lp12,3,1884,0.03172575613669517,29.44921554602226,-105.72132048168214,-67.9046607592933,2.4251352143980878,54.091170873024446,72.74016268675872
train,2026.8.10-8.20/log_1_2026-8-19-17-20-36.ulg,0,D1_lp12,4,1884,-0.0074770840660029194,19.172077289723934,-43.87671402081921,-36.12049774773779,0.7932955465964742,35.372515308844754,44.71454907014034
train,2026.8.10-8.20/log_1_2026-8-19-17-20-36.ulg,0,D1_lp12,5,1884,0.0318756065128218,5.036382672065621,-16.040466131456036,-11.771207118392166,-0.01951156570159783,11.435963749083028,16.594559979431548
train,2026.8.10-8.20/log_1_2026-8-19-17-20-36.ulg,0,D2_center2,0,1884,0.04620863799195765,2.958365644963917,-12.067147392407412,-7.790061840797359,0.14023674053326515,7.779339006257455,11.614343861739853
train,2026.8.10-8.20/log_1_2026-8-19-17-20-36.ulg,0,D2_center2,1,1884,0.09974817013726679,3.092294765080332,-11.270046114690246,-6.617078416623969,-0.027248218816573667,8.273222312832218,12.634709765905223
train,2026.8.10-8.20/log_1_2026-8-19-17-20-36.ulg,0,D2_center2,2,1884,0.03443630973403438,10.75851903536243,-20.285073712065625,-18.33138137516741,0.3475967403367589,18.75368653793019,21.03349064048047
train,2026.8.10-8.20/log_1_2026-8-19-17-20-36.ulg,0,D2_center2,3,1884,0.007702207488885106,32.279950498360336,-116.86594890019437,-73.13246381318355,0.5896667940490337,60.41828999203028,86.0777479774826
train,2026.8.10-8.20/log_1_2026-8-19-17-20-36.ulg,0,D2_center2,4,1884,-0.0024245249226908312,20.672950992953474,-47.77871151598753,-39.449885158915485,3.296120829144443,31.46387176397571,41.58994814552239
train,2026.8.10-8.20/log_1_2026-8-19-17-20-36.ulg,0,D2_center2,5,1884,0.021718279611501787,7.6861826197246845,-20.897372111629974,-14.842580022895385,-0.5290778559550199,19.102865069403112,25.339548023441626
train,2026.8.10-8.20/log_1_2026-8-19-17-20-36.ulg,0,D2_center5,0,1884,0.045485119378976924,2.0465210977881254,-9.267179880172057,-5.494924977780799,0.0897412483263461,5.362487128510422,7.421168823149629
train,2026.8.10-8.20/log_1_2026-8-19-17-20-36.ulg,0,D2_center5,1,1884,0.09877566119313703,2.1057753465404354,-6.88086247497927,-4.922724279369257,0.03441519586174055,5.837212635660112,8.409160096598043
train,2026.8.10-8.20/log_1_2026-8-19-17-20-36.ulg,0,D2_center5,2,1884,0.0353066420883277,8.285843417425063,-14.753765307532309,-13.432946338437663,-0.18176734947681716,13.631069342438716,17.109941769536583
train,2026.8.10-8.20/log_1_2026-8-19-17-20-36.ulg,0,D2_center5,3,1884,0.021248438752768897,17.019795263044074,-62.829552543276776,-36.91076421154097,1.8227829903979502,31.611761038608815,44.92901337874289
train,2026.8.10-8.20/log_1_2026-8-19-17-20-36.ulg,0,D2_center5,4,1884,0.024085485281697072,8.400272813993352,-17.480552511673846,-13.502550356855625,-1.776356023828333,21.36499589068595,25.24767763574497
train,2026.8.10-8.20/log_1_2026-8-19-17-20-36.ulg,0,D2_center5,5,1884,0.019437552634500182,3.2178930911447776,-11.002173249841602,-7.2791250866388975,0.11663232183413384,7.340278853856808,12.219153715468295
train,2026.8.10-8.20/log_1_2026-8-19-17-20-36.ulg,0,D2_center10,0,1884,0.044940021130055546,1.5377380460958467,-6.3606501163060285,-4.082592212880817,0.09462301611579003,3.539083896879888,4.392954731406245
train,2026.8.10-8.20/log_1_2026-8-19-17-20-36.ulg,0,D2_center10,1,1884,0.09626068900074802,1.566082282673954,-3.7331395207831037,-3.2785613563100466,0.07244991148696994,3.7940180126963527,4.862441968829025
train,2026.8.10-8.20/log_1_2026-8-19-17-20-36.ulg,0,D2_center10,2,1884,0.030067031259081917,2.5678199446051964,-7.110811698903763,-5.2032900179369985,-0.02376927747928914,5.99716796081449,9.030021575186753
train,2026.8.10-8.20/log_1_2026-8-19-17-20-36.ulg,0,D2_center10,3,1884,0.010643150127704787,6.737698267529299,-21.74461854274347,-14.016932191306655,0.07543287006254945,15.439132422113277,19.897590236807044
train,2026.8.10-8.20/log_1_2026-8-19-17-20-36.ulg,0,D2_center10,4,1884,0.03027378315199087,4.532472364259207,-10.972117216348039,-8.703256319447165,-0.4454308807433709,9.827284708735563,12.61310264201455
train,2026.8.10-8.20/log_1_2026-8-19-17-20-36.ulg,0,D2_center10,5,1884,0.01917516144661451,2.032874925851875,-7.0111220812409725,-4.796412754706433,0.04231021715753063,4.765071298611788,7.903617555768958
train,2026.8.10-8.20/log_1_2026-8-19-17-20-36.ulg,3,D0_raw,0,3073,0.06713531389765492,3.8649487145782637,-14.888470459926612,-9.068678357256701,-0.13121323083561354,10.949942898300623,15.149672133342111
train,2026.8.10-8.20/log_1_2026-8-19-17-20-36.ulg,3,D0_raw,1,3073,-0.00022028543575035593,3.859322282023558,-16.109026432135984,-10.33711211423374,0.0677715053262274,9.23047764677269,15.804588693215917
train,2026.8.10-8.20/log_1_2026-8-19-17-20-36.ulg,3,D0_raw,2,3073,0.020255306254115178,11.299457686168138,-31.17106145004455,-23.246224820649765,-0.1400777828041784,23.22688703247951,32.522297134708445
train,2026.8.10-8.20/log_1_2026-8-19-17-20-36.ulg,3,D0_raw,3,3073,-0.12408181154521888,56.1680465566136,-281.4920548228163,-130.29219151401946,-2.4250941887629645,128.9968967270791,158.43662699334993
train,2026.8.10-8.20/log_1_2026-8-19-17-20-36.ulg,3,D0_raw,4,3073,-0.025149954071279505,30.371310098321516,-83.38527528260747,-66.68993137029034,0.0,70.242154007531,100.11996299380554
train,2026.8.10-8.20/log_1_2026-8-19-17-20-36.ulg,3,D0_raw,5,3073,0.017646176814569002,15.688307240194824,-41.063896234596,-27.652904667534795,-3.1212020608357927,52.27907129053289,69.98709529404692
train,2026.8.10-8.20/log_1_2026-8-19-17-20-36.ulg,3,D1_lp4,0,3073,0.062474723510728795,2.164452482660779,-6.2618338874918456,-4.806793242676977,0.03250322297641981,5.913622034862257,9.214246140533458
train,2026.8.10-8.20/log_1_2026-8-19-17-20-36.ulg,3,D1_lp4,1,3073,0.013173731140807476,2.010482729782075,-7.376237038422895,-5.142041002810262,0.16300332680506724,4.488232755888488,5.134916462171929
train,2026.8.10-8.20/log_1_2026-8-19-17-20-36.ulg,3,D1_lp4,2,3073,0.009459410097214313,4.222314566316639,-11.797317108124613,-8.823662572707882,-0.0464563025317134,9.353317762672527,11.437206497028816
train,2026.8.10-8.20/log_1_2026-8-19-17-20-36.ulg,3,D1_lp4,3,3073,0.008647326640923585,10.57602088785264,-36.421840249144324,-23.940713183024062,0.11220741143714238,23.17431780713966,30.0194028925856
train,2026.8.10-8.20/log_1_2026-8-19-17-20-36.ulg,3,D1_lp4,4,3073,0.0019412377644468081,4.787375130603538,-12.70464418159513,-8.807102144387768,-0.10168373261730039,9.97210240550198,13.680647704028848
train,2026.8.10-8.20/log_1_2026-8-19-17-20-36.ulg,3,D1_lp4,5,3073,0.010186662413102246,2.035378445673247,-10.673194386136666,-5.1695305647837015,0.018243913482197286,5.206380868866108,8.903347275728532
train,2026.8.10-8.20/log_1_2026-8-19-17-20-36.ulg,3,D1_lp6,0,3073,0.06161309788353434,2.622407589836231,-8.653556409397671,-5.75745426619841,-0.0888436330621801,7.918710740101719,11.836300542650019
train,2026.8.10-8.20/log_1_2026-8-19-17-20-36.ulg,3,D1_lp6,1,3073,0.012085479189383231,2.5082438620229763,-11.656182391033479,-8.593360607298457,0.13046780341697684,6.120717313196086,8.413856427252982
train,2026.8.10-8.20/log_1_2026-8-19-17-20-36.ulg,3,D1_lp6,2,3073,0.014462264761150092,9.484455836551755,-19.797864388343804,-16.217636654782623,0.07350955401033436,15.556559454076735,18.514103822523094
train,2026.8.10-8.20/log_1_2026-8-19-17-20-36.ulg,3,D1_lp6,3,3073,-0.008332632884662407,24.563318722041483,-56.365656354049335,-44.388950717796405,1.1373016065492,44.45019177465481,58.82631792850482
train,2026.8.10-8.20/log_1_2026-8-19-17-20-36.ulg,3,D1_lp6,4,3073,0.004568020036785701,18.169689382776838,-45.43821536993592,-38.57379252517708,0.04020304240852647,39.10192199476234,45.59783345945438
train,2026.8.10-8.20/log_1_2026-8-19-17-20-36.ulg,3,D1_lp6,5,3073,0.009032665554707827,3.122723199664568,-13.314824213173678,-7.103121760272036,0.038065691668727426,7.1951338440507735,10.41503484294137
train,2026.8.10-8.20/log_1_2026-8-19-17-20-36.ulg,3,D1_lp8,0,3073,0.061326754019501196,2.8105174013401077,-8.769618040573258,-6.383709340357301,-0.18636690855497143,8.503259153358766,11.837628099711592
train,2026.8.10-8.20/log_1_2026-8-19-17-20-36.ulg,3,D1_lp8,1,3073,0.011538160044726352,2.725095222470591,-13.31844471435683,-9.347855310631683,0.12528112775268696,6.527579587891819,8.837195522797515
train,2026.8.10-8.20/log_1_2026-8-19-17-20-36.ulg,3,D1_lp8,2,3073,0.016367076220230516,10.521292850982594,-22.465975755074325,-18.89835408609374,0.0019024899771093308,18.322210804700553,21.894965977030402
train,2026.8.10-8.20/log_1_2026-8-19-17-20-36.ulg,3,D1_lp8,3,3073,-0.008729647074565063,29.431421836982295,-78.52928066474766,-55.521672735444625,0.41972931499549687,55.9422887661985,69.50637877345741
train,2026.8.10-8.20/log_1_2026-8-19-17-20-36.ulg,3,D1_lp8,4,3073,0.008087989347136145,22.018796823315547,-54.35431474058361,-46.772988687818255,-1.0725123175534148,48.321023162291105,57.41671581020805
train,2026.8.10-8.20/log_1_2026-8-19-17-20-36.ulg,3,D1_lp8,5,3073,0.008665687986313864,3.7387624233767505,-13.96109517297873,-8.521455405776523,-0.14170490873310937,8.773227121731257,12.702970320674863
train,2026.8.10-8.20/log_1_2026-8-19-17-20-36.ulg,3,D1_lp12,0,3073,0.0628615043053169,3.234354611954771,-10.722790691040206,-7.231398562039892,-0.19684731158142252,9.315557630531739,11.572721396071195
train,2026.8.10-8.20/log_1_2026-8-19-17-20-36.ulg,3,D1_lp12,1,3073,0.011317366246541635,3.200374839284808,-13.621769262189126,-9.08767833921501,0.1340662079967067,7.2731473921575,9.446369896393204
train,2026.8.10-8.20/log_1_2026-8-19-17-20-36.ulg,3,D1_lp12,2,3073,0.016799054529626,10.641089919383496,-23.50184499086216,-19.25406984134813,-0.033351772614349635,18.73243169893657,23.48337493236745
train,2026.8.10-8.20/log_1_2026-8-19-17-20-36.ulg,3,D1_lp12,3,3073,0.009632070663007898,41.27452125003525,-111.51606766284321,-83.21553908273492,-1.109846126332072,99.63200661282309,136.10669670466302
train,2026.8.10-8.20/log_1_2026-8-19-17-20-36.ulg,3,D1_lp12,4,3073,0.00433187808263358,25.726165627959205,-63.9665834984881,-51.30863132306523,-2.977870996781299,62.280600552053244,75.02093316848669
train,2026.8.10-8.20/log_1_2026-8-19-17-20-36.ulg,3,D1_lp12,5,3073,0.007648403839787342,6.512850133652568,-20.328593523855876,-14.746860041228175,-0.5217055647206229,16.10233347627491,23.44069517077099
train,2026.8.10-8.20/log_1_2026-8-19-17-20-36.ulg,3,D2_center2,0,3073,0.06454003151415924,3.363662979503316,-11.161664952511869,-7.867326037260442,-0.20566237575058213,9.3868937070539,13.02776017049149
train,2026.8.10-8.20/log_1_2026-8-19-17-20-36.ulg,3,D2_center2,1,3073,0.009889068674583959,3.338502359257641,-15.102975330753894,-9.150825154980911,0.045039397945777514,7.763992246540686,10.577128175021272
train,2026.8.10-8.20/log_1_2026-8-19-17-20-36.ulg,3,D2_center2,2,3073,0.01644894683184814,10.677561090518953,-25.288517565933606,-20.652865331342504,0.021265618679986345,20.43048227228926,26.09232254757346
train,2026.8.10-8.20/log_1_2026-8-19-17-20-36.ulg,3,D2_center2,3,3073,0.015074717498604081,44.48472932368804,-124.0326270571306,-95.57471424318535,-1.8871342394765978,104.18750875627221,137.86853681091938
train,2026.8.10-8.20/log_1_2026-8-19-17-20-36.ulg,3,D2_center2,4,3073,-0.0023613614768854497,26.338765160351855,-64.5809140302194,-53.34974732668542,-2.6897456919717624,59.98163367300398,76.37516098925539
train,2026.8.10-8.20/log_1_2026-8-19-17-20-36.ulg,3,D2_center2,5,3073,0.013138370437408294,9.779081419788398,-28.237674265737216,-19.565565661667105,-1.3330585492319809,25.442227073285327,37.379278686600195
train,2026.8.10-8.20/log_1_2026-8-19-17-20-36.ulg,3,D2_center5,0,3073,0.06214595708926521,2.488926836914089,-7.9759910497319675,-5.501010026222988,-0.09532825695345053,7.495817637924532,10.73637502473421
train,2026.8.10-8.20/log_1_2026-8-19-17-20-36.ulg,3,D2_center5,1,3073,0.011956945182567095,2.3662703329166734,-10.74154181177404,-7.729005951187829,0.11492268072589046,5.769701044134881,7.701516231052282
train,2026.8.10-8.20/log_1_2026-8-19-17-20-36.ulg,3,D2_center5,2,3073,0.013860443033633022,7.816123960572196,-16.565226212262207,-13.0973559622195,-0.09391389286306985,12.412236632582172,15.064937657673594
train,2026.8.10-8.20/log_1_2026-8-19-17-20-36.ulg,3,D2_center5,3,3073,-0.001362107154104914,21.694812826279477,-57.22182058458315,-43.81933802256895,0.18078942917060942,42.281061056161136,56.91819103548867
train,2026.8.10-8.20/log_1_2026-8-19-17-20-36.ulg,3,D2_center5,4,3073,0.0027451629489097015,15.339209176564049,-40.3871716176994,-33.10097340348325,-0.5476522917150566,33.07378365300977,42.47005053649317
train,2026.8.10-8.20/log_1_2026-8-19-17-20-36.ulg,3,D2_center5,5,3073,0.010007097038321807,4.010757743308778,-14.341902350656472,-9.875677946419028,0.058434755295370976,9.88964246699212,15.745373651699829
train,2026.8.10-8.20/log_1_2026-8-19-17-20-36.ulg,3,D2_center10,0,3073,0.062132255203478724,2.0756230326933736,-5.845901970454668,-4.970123338088186,-0.004194663028723668,5.780341257151816,8.243208666878537
train,2026.8.10-8.20/log_1_2026-8-19-17-20-36.ulg,3,D2_center10,1,3073,0.013258999317324861,1.928268687925226,-6.06051531255935,-4.750280661136446,0.20392539923757397,4.186107035588093,4.750999178154887
train,2026.8.10-8.20/log_1_2026-8-19-17-20-36.ulg,3,D2_center10,2,3073,0.008748618417591286,2.405207373751381,-7.585146773772726,-5.242894865293753,-0.0801741563890135,5.657539290958025,7.415355734400977
train,2026.8.10-8.20/log_1_2026-8-19-17-20-36.ulg,3,D2_center10,3,3073,0.009624885084611677,7.208304546767538,-31.45860634455483,-16.577523374380828,0.08119485725789981,17.53202267866781,23.61396784467571
train,2026.8.10-8.20/log_1_2026-8-19-17-20-36.ulg,3,D2_center10,4,3073,0.003454855091897824,3.3479694479719377,-10.337665349809246,-7.630996990834722,0.01170755401315736,7.92945546061899,11.711343329007573
train,2026.8.10-8.20/log_1_2026-8-19-17-20-36.ulg,3,D2_center10,5,3073,0.009059763629023023,2.004217733066596,-13.227300141756427,-5.065825438610013,0.07571124619646911,4.7664894076674775,8.858097750011929
train,2026.8.10-8.20/log_1_2026-8-19-17-20-36.ulg,4,D0_raw,0,1601,0.24049411339035576,3.07763888837086,-9.712275423909254,-6.052334816716836,-0.27929170057317604,9.338287943589721,14.472986001785019
train,2026.8.10-8.20/log_1_2026-8-19-17-20-36.ulg,4,D0_raw,1,1601,-0.3980624401875823,2.904854537824579,-10.859475395238238,-7.606915508875621,-0.3866105189305291,6.467351788294634,9.05130616734173
train,2026.8.10-8.20/log_1_2026-8-19-17-20-36.ulg,4,D0_raw,2,1601,0.04749921195698805,8.922836603577576,-19.76872355243366,-17.215596233270674,0.4278777996653938,17.703796315751937,19.813523336290515
train,2026.8.10-8.20/log_1_2026-8-19-17-20-36.ulg,4,D0_raw,3,1601,-0.06247138326908409,40.72722214056121,-117.29431453357732,-87.71547560788363,-0.449123581320935,96.8791996447595,130.79823063236492
train,2026.8.10-8.20/log_1_2026-8-19-17-20-36.ulg,4,D0_raw,4,1601,-0.09142566744234781,20.71236391679352,-64.95281635851853,-46.93558078512896,2.3554823368888407,35.20551434231313,47.62642835433261
train,2026.8.10-8.20/log_1_2026-8-19-17-20-36.ulg,4,D0_raw,5,1601,0.03061812598629768,10.833888944641652,-25.731469518111403,-18.582984453444368,-2.2849487306445715,35.249531364485165,51.435587980588025
train,2026.8.10-8.20/log_1_2026-8-19-17-20-36.ulg,4,D1_lp4,0,1601,0.2592359449050627,1.995436248332726,-4.857730232978821,-3.3930889180697354,-0.006389619099213477,6.983587525534782,10.512329637672343
train,2026.8.10-8.20/log_1_2026-8-19-17-20-36.ulg,4,D1_lp4,1,1601,-0.38693737605251527,2.014828336701605,-6.088074448453581,-5.128086223629278,-0.33849825057241134,5.261015979532581,7.018262109296904
train,2026.8.10-8.20/log_1_2026-8-19-17-20-36.ulg,4,D1_lp4,2,1601,0.03610808481431095,5.8702768181441005,-13.332828038584635,-10.55235856386927,0.14713889638947172,10.814686037348183,12.640372814356203
train,2026.8.10-8.20/log_1_2026-8-19-17-20-36.ulg,4,D1_lp4,3,1601,-0.017292544848016678,14.68702070028042,-31.96513233617707,-27.622890330953922,0.24270958319035077,26.73006833601747,31.921769237994777
train,2026.8.10-8.20/log_1_2026-8-19-17-20-36.ulg,4,D1_lp4,4,1601,-0.0060666106650183954,5.196324643650828,-14.278859738085266,-11.469588454996648,-0.18973456789298263,12.022939354056081,18.33843340495521
train,2026.8.10-8.20/log_1_2026-8-19-17-20-36.ulg,4,D1_lp4,5,1601,0.0007308799698524382,2.254459603072166,-7.265151229765826,-5.238273020170848,0.08022466568399403,5.113283603249264,6.719332019457935
train,2026.8.10-8.20/log_1_2026-8-19-17-20-36.ulg,4,D1_lp6,0,1601,0.25719908235854205,2.3984316974921414,-6.649418474066237,-4.182589202083233,-0.2109095314420381,9.154547255679624,13.404355189215714
train,2026.8.10-8.20/log_1_2026-8-19-17-20-36.ulg,4,D1_lp6,1,1601,-0.3865967408813115,2.3223741020092405,-7.918806068345482,-6.354216538571828,-0.2172884712707415,5.902040221767863,8.125743648371774
train,2026.8.10-8.20/log_1_2026-8-19-17-20-36.ulg,4,D1_lp6,2,1601,0.03303314601223183,8.391712466426764,-17.268684502672272,-14.723698199694493,0.16200314630383714,13.790621142206536,16.808857999423694
train,2026.8.10-8.20/log_1_2026-8-19-17-20-36.ulg,4,D1_lp6,3,1601,-0.0014117581985124532,21.724256047448694,-52.8729150830491,-43.476030304114175,3.2647672277009216,38.74882701188732,53.97663406580801
train,2026.8.10-8.20/log_1_2026-8-19-17-20-36.ulg,4,D1_lp6,4,1601,0.00819354657491574,8.218435845240407,-22.5147879177816,-16.260911059848887,-0.3590626210637399,18.624513007897992,23.445466173958938
train,2026.8.10-8.20/log_1_2026-8-19-17-20-36.ulg,4,D1_lp6,5,1601,0.0035813652394568163,2.997975926832333,-9.847306957268746,-6.936593220977352,0.030998139184046647,6.258852012297804,8.056658103661336
train,2026.8.10-8.20/log_1_2026-8-19-17-20-36.ulg,4,D1_lp8,0,1601,0.25315117776944823,2.596096167811556,-7.530733704950781,-4.817528533779084,-0.23823709453152386,8.945255408564892,13.666558318992237
train,2026.8.10-8.20/log_1_2026-8-19-17-20-36.ulg,4,D1_lp8,1,1601,-0.38831583483433424,2.476545679910778,-8.372863172732083,-6.830549188032255,-0.30897811853448526,5.993114653113523,8.030455515216197
train,2026.8.10-8.20/log_1_2026-8-19-17-20-36.ulg,4,D1_lp8,2,1601,0.03280740971277841,8.537485970689477,-17.58764232737703,-15.220205390025338,0.18329861169611628,14.129641668601815,17.22834459946501
train,2026.8.10-8.20/log_1_2026-8-19-17-20-36.ulg,4,D1_lp8,3,1601,0.03515807908204813,26.291689204335377,-69.43925240333346,-57.28368919539246,3.4138078140766277,46.44322265001281,53.45902104830891
train,2026.8.10-8.20/log_1_2026-8-19-17-20-36.ulg,4,D1_lp8,4,1601,-0.004712068264778702,13.03145624781927,-34.30323440099996,-24.304008807796123,-0.22101942360867896,25.233121162263007,29.937463787571076
train,2026.8.10-8.20/log_1_2026-8-19-17-20-36.ulg,4,D1_lp8,5,1601,0.004409823581242072,3.612727250573295,-14.643594427656797,-8.417223914575256,-0.12413589837855148,8.339111230167763,11.180630280062683
train,2026.8.10-8.20/log_1_2026-8-19-17-20-36.ulg,4,D1_lp12,0,1601,0.25068570255616807,2.826443972395187,-9.214673414809841,-5.546855169892136,-0.3145638653483183,9.021225478664917,14.662212114248456
train,2026.8.10-8.20/log_1_2026-8-19-17-20-36.ulg,4,D1_lp12,1,1601,-0.39006099859576054,2.6663084061285263,-9.756315242965993,-7.265187688632557,-0.3596965411728162,6.185776568733291,7.715868336914564
train,2026.8.10-8.20/log_1_2026-8-19-17-20-36.ulg,4,D1_lp12,2,1601,0.034965593758438045,8.59294236384213,-19.30327280156318,-16.0813581847191,0.1550430256137872,15.032130309647599,17.89870278548484
train,2026.8.10-8.20/log_1_2026-8-19-17-20-36.ulg,4,D1_lp12,3,1601,0.03683347517531583,31.504719856407778,-87.01402508981342,-66.7566646425474,2.52290681907457,62.168795099136304,78.73058738154553
train,2026.8.10-8.20/log_1_2026-8-19-17-20-36.ulg,4,D1_lp12,4,1601,-0.011305447414094606,17.31820847596326,-45.44894305437628,-33.116873405448395,0.9636542958225985,31.52423119856991,37.08664098970388
train,2026.8.10-8.20/log_1_2026-8-19-17-20-36.ulg,4,D1_lp12,5,1601,0.00538724322717714,5.546981086836734,-21.02887217350829,-11.902651271235214,-0.7434257679647367,13.747839671319099,19.926442238672337
train,2026.8.10-8.20/log_1_2026-8-19-17-20-36.ulg,4,D2_center2,0,1601,0.2510948957599733,2.855174180191827,-9.22826751630754,-5.7098866822993,-0.25268559274009555,9.259124308928355,14.407234664126237
train,2026.8.10-8.20/log_1_2026-8-19-17-20-36.ulg,4,D2_center2,1,1601,-0.3916618836437512,2.690067707874371,-10.006676735943268,-7.552467075076683,-0.44820757955969115,6.177575101581987,8.084326538324628
train,2026.8.10-8.20/log_1_2026-8-19-17-20-36.ulg,4,D2_center2,2,1601,0.0303329512512767,8.607024916656261,-18.33840900071227,-16.248743201183643,0.2715413115277927,16.14069266232068,19.660692209866117
train,2026.8.10-8.20/log_1_2026-8-19-17-20-36.ulg,4,D2_center2,3,1601,0.033980858169142175,33.231286633187906,-96.28551815315288,-68.61018815602752,0.9252089666748015,69.93146637000264,85.31266270692869
train,2026.8.10-8.20/log_1_2026-8-19-17-20-36.ulg,4,D2_center2,4,1601,-0.03040445149418943,17.89086612266218,-59.33106698059381,-36.82266652715848,2.0852824494574467,28.533854135901905,34.96543010800587
train,2026.8.10-8.20/log_1_2026-8-19-17-20-36.ulg,4,D2_center2,5,1601,0.0224195826267422,7.330747315302605,-22.268565444624393,-13.57764187057803,-1.2812699364344926,21.086394215056128,30.114510224815696
train,2026.8.10-8.20/log_1_2026-8-19-17-20-36.ulg,4,D2_center5,0,1601,0.2569212541242043,2.2422427587621954,-6.121452617660029,-3.9335446525586892,-0.1583931056840175,8.152106590696759,12.36598616625944
train,2026.8.10-8.20/log_1_2026-8-19-17-20-36.ulg,4,D2_center5,1,1601,-0.38709371254167446,2.189153798344178,-7.106400591039749,-5.9196017302924915,-0.2958825899396715,5.69198498627695,7.210868471741064
train,2026.8.10-8.20/log_1_2026-8-19-17-20-36.ulg,4,D2_center5,2,1601,0.03510318178319443,7.05160640157034,-14.767445197030643,-12.379603316833448,0.06517860203297282,11.495188649327721,13.908995607601659
train,2026.8.10-8.20/log_1_2026-8-19-17-20-36.ulg,4,D2_center5,3,1601,-0.005498180619550699,20.08203681880847,-52.84899105673295,-44.05805593938764,2.412433588720538,34.02453095280165,43.893710346299784
train,2026.8.10-8.20/log_1_2026-8-19-17-20-36.ulg,4,D2_center5,4,1601,-0.0002855855228517399,8.832445306435192,-22.74573407064449,-17.135590367130057,-0.9165681765561176,19.769887297267722,23.65646751907196
train,2026.8.10-8.20/log_1_2026-8-19-17-20-36.ulg,4,D2_center5,5,1601,0.0034135116264967587,3.16103023004121,-13.0581858401678,-7.121908960443286,-0.0015037471875171224,7.145455336236962,10.074235141550627
train,2026.8.10-8.20/log_1_2026-8-19-17-20-36.ulg,4,D2_center10,0,1601,0.2620148564186615,1.713957867362858,-4.127084918056954,-2.815922477574145,0.006941841663101301,5.925307492416821,8.771857847551159
train,2026.8.10-8.20/log_1_2026-8-19-17-20-36.ulg,4,D2_center10,1,1601,-0.38885306045425855,1.7830963953222863,-5.273643775415713,-4.2163849087168375,-0.40355771275375407,4.6463942610543345,6.2435442135280494
train,2026.8.10-8.20/log_1_2026-8-19-17-20-36.ulg,4,D2_center10,2,1601,0.035259219405158644,3.2861158784218647,-8.425231739850805,-6.174978701537663,-0.045484554996584284,6.875905877513777,8.655343197047612
train,2026.8.10-8.20/log_1_2026-8-19-17-20-36.ulg,4,D2_center10,3,1601,0.0004495786371090829,9.566101856553336,-26.21974259094754,-18.708517091650815,-0.7152814168635007,20.798479600809895,28.624997178057875
train,2026.8.10-8.20/log_1_2026-8-19-17-20-36.ulg,4,D2_center10,4,1601,-0.01578240138418183,4.957863729535102,-14.5331645995978,-11.824829824174383,0.2672373146672449,10.634517976879899,18.764206741716116
train,2026.8.10-8.20/log_1_2026-8-19-17-20-36.ulg,4,D2_center10,5,1601,0.0005767903140166602,1.9534756917967206,-7.17411009584172,-5.070274081018555,-0.031374755342398794,4.4230033838121825,6.561863620305665
train,2026.8.10-8.20/log_5_2026-8-19-18-31-42.ulg,0,D0_raw,0,650,-0.5448616585147842,3.162027446245221,-8.76083771507502,-7.383636950347253,-0.5081268930678485,7.509248814838632,9.090626540176022
train,2026.8.10-8.20/log_5_2026-8-19-18-31-42.ulg,0,D0_raw,1,650,-0.30731411713108053,3.773122394470138,-11.970139142241,-9.564003368838703,-0.08720836857945456,9.819471823251813,12.10876376170162
train,2026.8.10-8.20/log_5_2026-8-19-18-31-42.ulg,0,D0_raw,2,650,0.036137775868893184,12.257731359519946,-24.852674992296183,-21.087486794165855,0.5493178847714364,23.743963339097057,25.452452392474637
train,2026.8.10-8.20/log_5_2026-8-19-18-31-42.ulg,0,D0_raw,3,650,0.21007522517714203,25.545744209821507,-79.71853800155422,-57.875861255283986,-2.4452304731509544,61.88141142034756,82.99556059672436
train,2026.8.10-8.20/log_5_2026-8-19-18-31-42.ulg,0,D0_raw,4,650,0.06122098051817143,27.212849235723766,-62.39116863723517,-50.329835532474334,0.009279630943865193,47.06734756406392,57.57058924444111
train,2026.8.10-8.20/log_5_2026-8-19-18-31-42.ulg,0,D0_raw,5,650,0.11418911706221986,5.928123913828343,-18.11995384222198,-13.62644723738137,0.1528147729536172,13.901736894479882,16.446113466984045
train,2026.8.10-8.20/log_5_2026-8-19-18-31-42.ulg,0,D1_lp4,0,650,-0.5353635269721989,0.8292211762129489,-3.6689317016515095,-3.138406152501755,-0.54580542542242,1.4125772026397283,1.7964784824668993
train,2026.8.10-8.20/log_5_2026-8-19-18-31-42.ulg,0,D1_lp4,1,650,-0.3057135638358384,1.3686401525303187,-3.2592422604488345,-2.9036961254002236,-0.4841635248946718,3.0878365696335908,3.5664369339453788
train,2026.8.10-8.20/log_5_2026-8-19-18-31-42.ulg,0,D1_lp4,2,650,0.07808254707864287,3.7070427121613014,-7.060788482461338,-6.232931890154528,-0.056184380499108476,8.742448765674684,10.519644438012497
train,2026.8.10-8.20/log_5_2026-8-19-18-31-42.ulg,0,D1_lp4,3,650,0.022067112625295492,4.188398166452106,-13.17574026078272,-11.01118510421402,0.09655449054651666,8.676598088139214,15.048881860079762
train,2026.8.10-8.20/log_5_2026-8-19-18-31-42.ulg,0,D1_lp4,4,650,0.0469728889191438,3.7076260815663775,-7.475291929023945,-6.328986763734981,-0.18832751151142768,8.300124418744312,10.189010163760365
train,2026.8.10-8.20/log_5_2026-8-19-18-31-42.ulg,0,D1_lp4,5,650,0.11479166589503537,1.3034521406285513,-2.9739541574350574,-2.4001008584951093,-0.002253818095523903,3.931161899362331,4.95255580489085
train,2026.8.10-8.20/log_5_2026-8-19-18-31-42.ulg,0,D1_lp6,0,650,-0.5315379499924369,1.375626562686924,-5.541811692817317,-4.636756430245263,-0.42713914161275734,2.088164606818076,2.648836724856648
train,2026.8.10-8.20/log_5_2026-8-19-18-31-42.ulg,0,D1_lp6,1,650,-0.31699498442185314,2.318140563784853,-5.930378980913765,-5.502403284291159,-0.09099856340129266,4.7554976862071365,5.593361453860585
train,2026.8.10-8.20/log_5_2026-8-19-18-31-42.ulg,0,D1_lp6,2,650,0.03886508316398005,10.71513538025941,-17.056948050863248,-16.19920440369931,-0.1609382773532071,16.871363666703445,18.48672975727074
train,2026.8.10-8.20/log_5_2026-8-19-18-31-42.ulg,0,D1_lp6,3,650,0.02302630728045171,9.822322110855156,-27.13628618000332,-20.16348260942547,-0.008368281135072033,19.11968818022068,21.15190381673595
train,2026.8.10-8.20/log_5_2026-8-19-18-31-42.ulg,0,D1_lp6,4,650,0.08293350702491646,10.15157390201557,-17.665246634508588,-16.2227401988237,-0.07236321122381846,17.86014683154902,21.437239952729154
train,2026.8.10-8.20/log_5_2026-8-19-18-31-42.ulg,0,D1_lp6,5,650,0.10986132264809585,1.7156306748018386,-4.787137809716805,-3.7937649860604137,0.04368889954830585,4.241092737091398,6.031139662551366
train,2026.8.10-8.20/log_5_2026-8-19-18-31-42.ulg,0,D1_lp8,0,650,-0.5312004032260826,1.5531143351257037,-5.920168981956282,-4.974125747916647,-0.4576177280273537,2.9757542017719025,3.8448107048974385
train,2026.8.10-8.20/log_5_2026-8-19-18-31-42.ulg,0,D1_lp8,1,650,-0.31843544869224427,2.5201891620662575,-6.920942936835979,-6.399558407238302,0.021764602382165994,5.705082952621557,6.940689221853492
train,2026.8.10-8.20/log_5_2026-8-19-18-31-42.ulg,0,D1_lp8,2,650,0.037247287087729376,11.425444252870156,-18.244486523939383,-17.328415942864865,-0.13521369133763939,17.81428109664087,19.15250514647251
train,2026.8.10-8.20/log_5_2026-8-19-18-31-42.ulg,0,D1_lp8,3,650,0.022343649082129803,11.178636500775113,-34.26081637219542,-25.321018104199307,1.1338113208226783,20.091497583958088,21.62841949807812
train,2026.8.10-8.20/log_5_2026-8-19-18-31-42.ulg,0,D1_lp8,4,650,0.07985627889801898,11.728877743372887,-22.61306727706395,-20.036346955953444,-0.9258774793552652,21.67844322749874,24.41761142772413
train,2026.8.10-8.20/log_5_2026-8-19-18-31-42.ulg,0,D1_lp8,5,650,0.10390692830737436,1.9515360152093928,-5.97308049413038,-3.9655742160679597,-0.013059540669906746,5.447394178847116,8.452954237621666
train,2026.8.10-8.20/log_5_2026-8-19-18-31-42.ulg,0,D1_lp12,0,650,-0.5337453243232457,2.4383077727400537,-6.367614813292138,-5.609642102168066,-0.36955481538592394,5.389405307884387,6.845433766076018
train,2026.8.10-8.20/log_5_2026-8-19-18-31-42.ulg,0,D1_lp12,1,650,-0.3155967824227235,3.2097633540501405,-9.669282490304054,-8.161993642328426,-0.3736157784312103,8.283281817573025,10.021330507311244
train,2026.8.10-8.20/log_5_2026-8-19-18-31-42.ulg,0,D1_lp12,2,650,0.03871839789371078,11.513630631913825,-19.068415110429136,-17.99944288272521,0.10809895171477521,18.23994368866362,19.81217155024646
train,2026.8.10-8.20/log_5_2026-8-19-18-31-42.ulg,0,D1_lp12,3,650,0.020271849844721745,14.78489315858871,-48.12149217273032,-35.41824018296496,1.7403602147074388,26.7895464804322,33.048589842628914
train,2026.8.10-8.20/log_5_2026-8-19-18-31-42.ulg,0,D1_lp12,4,650,0.06677705998812267,19.070585229391693,-39.280195158524556,-34.05555747910554,-0.21921384096756952,37.3920064744747,43.60114651427155
train,2026.8.10-8.20/log_5_2026-8-19-18-31-42.ulg,0,D1_lp12,5,650,0.10263531311357435,2.5179492787474635,-6.7563965703020115,-5.382860810500048,-0.012870836879610398,6.094043613995488,9.996939176066004
train,2026.8.10-8.20/log_5_2026-8-19-18-31-42.ulg,0,D2_center2,0,650,-0.5414990356058604,2.603697588056544,-7.203390700835373,-6.338498926933645,-0.3047857226498312,5.797328313081,7.217378655989623
train,2026.8.10-8.20/log_5_2026-8-19-18-31-42.ulg,0,D2_center2,1,650,-0.31344917899990493,3.319341617579454,-9.43029627377779,-8.563266161105487,-0.30792713113085113,8.887370692206078,10.816128206220341
train,2026.8.10-8.20/log_5_2026-8-19-18-31-42.ulg,0,D2_center2,2,650,0.019292334163354203,11.651998339058196,-20.48718460288517,-19.652580238758024,0.9004125253614718,19.175160732811328,21.49369402093786
train,2026.8.10-8.20/log_5_2026-8-19-18-31-42.ulg,0,D2_center2,3,650,0.013998885804382768,17.842115762610494,-53.417375688933014,-39.49981920042838,-1.881784328260379,42.48044619729207,50.566162431333176
train,2026.8.10-8.20/log_5_2026-8-19-18-31-42.ulg,0,D2_center2,4,650,0.04624414378599795,21.50649952036907,-39.93906702941606,-35.10556284595556,-1.7622413766758838,40.0688028752397,42.60942906859974
train,2026.8.10-8.20/log_5_2026-8-19-18-31-42.ulg,0,D2_center2,5,650,0.11487328787540835,3.1098221951108784,-10.08868930127981,-7.089039124328849,0.16013718646919065,7.438350566524537,12.437046683479364
train,2026.8.10-8.20/log_5_2026-8-19-18-31-42.ulg,0,D2_center5,0,650,-0.5330202915758661,1.266372378207897,-5.09169429263485,-4.138181819830031,-0.4147592080129895,2.185891410968889,2.82263938781957
train,2026.8.10-8.20/log_5_2026-8-19-18-31-42.ulg,0,D2_center5,1,650,-0.3149314923280866,2.035137116771055,-4.998766194805858,-4.725267527919775,-0.0698499393415955,4.450187837713309,5.595659470801196
train,2026.8.10-8.20/log_5_2026-8-19-18-31-42.ulg,0,D2_center5,2,650,0.05289965474835246,8.645133560882492,-15.32418390310393,-12.967933185406025,-0.14915476385733412,13.407915855339938,15.350383569753825
train,2026.8.10-8.20/log_5_2026-8-19-18-31-42.ulg,0,D2_center5,3,650,0.0144820757860492,8.99561744746531,-26.504186766143278,-22.277503359464003,0.9940681192557272,18.82353309438095,23.57211504690907
train,2026.8.10-8.20/log_5_2026-8-19-18-31-42.ulg,0,D2_center5,4,650,0.08271283515962675,9.185395993110967,-18.27354691820376,-16.64263955878328,-0.42407264779624165,18.836671088077853,20.609270410764633
train,2026.8.10-8.20/log_5_2026-8-19-18-31-42.ulg,0,D2_center5,5,650,0.10754119666176166,1.7643009175314714,-5.337674326442901,-4.009511468376831,0.03135281650631925,4.6013082778884415,6.2093812185983674
train,2026.8.10-8.20/log_5_2026-8-19-18-31-42.ulg,0,D2_center10,0,650,-0.5395945413197746,0.7950333149617848,-3.202552720497559,-2.6491410068763597,-0.5570344319845821,1.2877783893861854,1.5867853254969597
train,2026.8.10-8.20/log_5_2026-8-19-18-31-42.ulg,0,D2_center10,1,650,-0.30079654536143163,1.2621609979788633,-2.7753364014250472,-2.3316866682167774,-0.5881690036979359,3.0674891196054666,3.508971965704656
train,2026.8.10-8.20/log_5_2026-8-19-18-31-42.ulg,0,D2_center10,2,650,0.09141982991409289,1.9650209930273022,-4.621481668988644,-3.791210817351729,-0.05111333797066993,5.372188364941907,7.290065923664997
train,2026.8.10-8.20/log_5_2026-8-19-18-31-42.ulg,0,D2_center10,3,650,-0.007024313248831146,3.3047848443115933,-10.39199130102515,-8.41310772381468,0.43948362617170433,6.916077297085604,9.063323827342455
train,2026.8.10-8.20/log_5_2026-8-19-18-31-42.ulg,0,D2_center10,4,650,0.040641885519716016,3.6209906444404187,-8.555001704470074,-7.158382235313415,-0.06182236762442926,6.857482329601918,9.070404317116276
train,2026.8.10-8.20/log_5_2026-8-19-18-31-42.ulg,0,D2_center10,5,650,0.10843505098255338,1.2401239116792728,-3.176341355948837,-2.489087944711344,0.022545907101974724,3.47756524079689,5.535432199368443
train,2026.8.10-8.20/log_5_2026-8-19-18-31-42.ulg,3,D0_raw,0,3350,0.06068463580681494,3.6110425670756165,-13.333524099414177,-8.498375129410938,0.07899176319188464,9.791073129118049,17.630767860491538
train,2026.8.10-8.20/log_5_2026-8-19-18-31-42.ulg,3,D0_raw,1,3350,0.1404459752461302,3.467214306230835,-20.21796717672655,-9.763737657881862,0.22949923267889094,7.643491398513756,11.677505747722202
train,2026.8.10-8.20/log_5_2026-8-19-18-31-42.ulg,3,D0_raw,2,3350,-0.008000529276855562,11.075094851294448,-25.784521399139958,-21.80021236710966,0.5351660282391911,21.433003931747542,26.680068541658205
train,2026.8.10-8.20/log_5_2026-8-19-18-31-42.ulg,3,D0_raw,3,3350,0.20112125082382964,25.921730359238087,-119.20619357161355,-62.65975495074079,-0.17169576445133317,71.4096677068004,172.55981799016732
train,2026.8.10-8.20/log_5_2026-8-19-18-31-42.ulg,3,D0_raw,4,3350,0.017297317688333893,26.386210608982953,-78.97499835085259,-52.19955770165257,0.4991802397237464,54.83447719110002,114.24776798409468
train,2026.8.10-8.20/log_5_2026-8-19-18-31-42.ulg,3,D0_raw,5,3350,0.038355975892376305,5.448751916910239,-21.618813833164783,-12.702517773525358,0.0,14.557583817159115,24.386593149961893
train,2026.8.10-8.20/log_5_2026-8-19-18-31-42.ulg,3,D1_lp4,0,3350,0.06465917973859694,1.558794433830434,-6.594001577697619,-4.5764701016197655,0.05670899075427215,3.9685874887867305,5.4714813376819516
train,2026.8.10-8.20/log_5_2026-8-19-18-31-42.ulg,3,D1_lp4,1,3350,0.14359618371980776,1.5733134907695103,-7.094214679607875,-4.978727983693829,0.31666363254752344,3.584819856885584,5.330199528976526
train,2026.8.10-8.20/log_5_2026-8-19-18-31-42.ulg,3,D1_lp4,2,3350,-0.006029398107403018,4.103184465789181,-10.708668316559166,-7.958223287107831,-0.027214666965142617,8.337182302730648,11.080807132826902
train,2026.8.10-8.20/log_5_2026-8-19-18-31-42.ulg,3,D1_lp4,3,3350,0.015233727912132546,4.737712746261615,-16.168383797915045,-11.532592318351503,0.1930898145721412,11.044521332711046,15.155157624262882
train,2026.8.10-8.20/log_5_2026-8-19-18-31-42.ulg,3,D1_lp4,4,3350,0.01428820001246159,4.319988914299821,-10.079338771979524,-7.6392559195890355,-0.12370321379114024,9.18106180599104,14.516223355428822
train,2026.8.10-8.20/log_5_2026-8-19-18-31-42.ulg,3,D1_lp4,5,3350,0.008490511727878809,1.3177064003042078,-6.03470396043559,-3.319242949831886,-0.0013783625769755122,3.1729531456155358,4.8536377614662
train,2026.8.10-8.20/log_5_2026-8-19-18-31-42.ulg,3,D1_lp6,0,3350,0.06497963497148519,2.2970007546049267,-8.304408720758248,-6.077830157418589,0.06858423887462006,6.364908697495231,10.479418784075953
train,2026.8.10-8.20/log_5_2026-8-19-18-31-42.ulg,3,D1_lp6,1,3350,0.14396268960063535,2.2829141687344694,-11.078081757610375,-8.195976479981924,0.1760282141968326,5.597339847890351,9.03813170544829
train,2026.8.10-8.20/log_5_2026-8-19-18-31-42.ulg,3,D1_lp6,2,3350,-0.003339795009794431,9.66028449519485,-18.21933032048464,-15.738870579100515,0.05104736600248225,15.14164690075,17.71382278744222
train,2026.8.10-8.20/log_5_2026-8-19-18-31-42.ulg,3,D1_lp6,3,3350,0.021798193010368453,9.580120470568371,-30.232126697138813,-21.48748169117181,0.4656399464808266,20.67135431716054,30.71617008329952
train,2026.8.10-8.20/log_5_2026-8-19-18-31-42.ulg,3,D1_lp6,4,3350,0.009500170562321535,11.114671446200338,-28.51532824457832,-20.925822193177293,0.03420270567080434,22.04712890105925,27.918044175294224
train,2026.8.10-8.20/log_5_2026-8-19-18-31-42.ulg,3,D1_lp6,5,3350,0.009781739952447696,1.9519924660961798,-8.453417668250918,-4.876699763166033,0.019371864192806645,4.409602684523945,8.076633045342197
train,2026.8.10-8.20/log_5_2026-8-19-18-31-42.ulg,3,D1_lp8,0,3350,0.06494108858236712,2.514008499322299,-8.184010594461535,-6.518825741707869,0.0740189905496708,7.073476125769732,11.594287354968719
train,2026.8.10-8.20/log_5_2026-8-19-18-31-42.ulg,3,D1_lp8,1,3350,0.14357887551095375,2.4894111796722536,-11.407161513206637,-8.782384760748975,0.09133153302555146,5.966984452876092,9.401877813260764
train,2026.8.10-8.20/log_5_2026-8-19-18-31-42.ulg,3,D1_lp8,2,3350,-0.0033049564201939837,10.283451071515058,-20.182416514371123,-17.3663467745579,0.13064065230348565,16.543604097876393,18.738833703507005
train,2026.8.10-8.20/log_5_2026-8-19-18-31-42.ulg,3,D1_lp8,3,3350,0.022573038048556027,11.045522478864529,-39.01014463936958,-26.826242595481492,1.7931660123597362,21.966656140944675,34.43064168740148
train,2026.8.10-8.20/log_5_2026-8-19-18-31-42.ulg,3,D1_lp8,4,3350,0.013452481280482416,13.330652958350786,-35.323723176920225,-24.756504557322387,0.554037118666066,26.406163780261746,35.923094504624025
train,2026.8.10-8.20/log_5_2026-8-19-18-31-42.ulg,3,D1_lp8,5,3350,0.010409413810152842,2.159924007989401,-10.819235879203402,-5.354061440110198,-0.016675137728309454,4.731733540304094,9.250959678942001
train,2026.8.10-8.20/log_5_2026-8-19-18-31-42.ulg,3,D1_lp12,0,3350,0.06550946176193848,3.0216128466368914,-10.076543857290204,-7.427370718589612,0.053160349083875666,8.696358669273836,12.404548123236859
train,2026.8.10-8.20/log_5_2026-8-19-18-31-42.ulg,3,D1_lp12,1,3350,0.14313095230833228,2.9338721598908055,-13.373451155960309,-9.282309740113,0.20141828575280568,6.906168138186117,9.325656379948603
train,2026.8.10-8.20/log_5_2026-8-19-18-31-42.ulg,3,D1_lp12,2,3350,-0.0036449710393003515,10.362956439999161,-21.867955555203572,-18.055160864119486,0.26412624082997344,16.762993502687372,19.508902597172543
train,2026.8.10-8.20/log_5_2026-8-19-18-31-42.ulg,3,D1_lp12,3,3350,0.03473103623810223,14.090133796058643,-56.11758759777868,-36.833902520421034,2.4147357049322986,27.162486068880966,51.52119821660963
train,2026.8.10-8.20/log_5_2026-8-19-18-31-42.ulg,3,D1_lp12,4,3350,0.014116934664817742,19.170127283077203,-46.34646186575825,-37.84270531257311,0.13192372237257757,39.95408209964742,50.70781480446088
train,2026.8.10-8.20/log_5_2026-8-19-18-31-42.ulg,3,D1_lp12,5,3350,0.010011097735272886,2.5454410847537448,-13.286604426408521,-6.632089551857645,-0.03854711496052575,5.8377067509363405,10.441915651381407
train,2026.8.10-8.20/log_5_2026-8-19-18-31-42.ulg,3,D2_center2,0,3350,0.06243704596727249,3.153861184883481,-11.409823829164639,-7.686751635537528,0.016507114102874518,8.865932818417717,14.202236600669096
train,2026.8.10-8.20/log_5_2026-8-19-18-31-42.ulg,3,D2_center2,1,3350,0.1441214232587164,3.058182001094102,-14.9884487553559,-9.182819963625615,0.1708839982591904,7.026225447145398,10.317405451099749
train,2026.8.10-8.20/log_5_2026-8-19-18-31-42.ulg,3,D2_center2,2,3350,-0.003983138407997799,10.49268056369352,-24.295388908721915,-19.572940129124813,0.6020402363808737,18.513310996509578,22.332609122313833
train,2026.8.10-8.20/log_5_2026-8-19-18-31-42.ulg,3,D2_center2,3,3350,0.06017262883879716,16.733806031395364,-83.85478427477923,-42.59606588150114,1.1717687756489488,38.01348743667105,59.720175183730866
train,2026.8.10-8.20/log_5_2026-8-19-18-31-42.ulg,3,D2_center2,4,3350,0.012742602770310144,21.03024879188872,-46.382162114275566,-37.19527375812147,-0.1701187217367402,42.97600582271775,60.848929434037075
train,2026.8.10-8.20/log_5_2026-8-19-18-31-42.ulg,3,D2_center2,5,3350,0.007542955687512592,3.0901076519326622,-13.447002402808167,-7.6814989745662885,-0.08786543242319494,7.566105422771731,12.062004005963939
train,2026.8.10-8.20/log_5_2026-8-19-18-31-42.ulg,3,D2_center5,0,3350,0.06438553736430412,2.0841672280740235,-7.34506294273206,-5.547471315579842,0.06656136422604633,5.783872263721172,9.331652349906284
train,2026.8.10-8.20/log_5_2026-8-19-18-31-42.ulg,3,D2_center5,1,3350,0.14381162257932242,2.0835392285828798,-9.630836838536917,-7.3063893565769975,0.14211566207396775,5.155883703184514,7.5943935391152255
train,2026.8.10-8.20/log_5_2026-8-19-18-31-42.ulg,3,D2_center5,2,3350,-0.0051734747394116066,7.889504589660376,-14.945285819057448,-12.55962309373168,-0.02699791259335776,11.859436955301357,14.268511099136804
train,2026.8.10-8.20/log_5_2026-8-19-18-31-42.ulg,3,D2_center5,3,3350,0.02446650570791993,8.86861723842116,-38.80239017162074,-22.506663967131043,0.7589438372512813,19.245775712133852,29.22375426759266
train,2026.8.10-8.20/log_5_2026-8-19-18-31-42.ulg,3,D2_center5,4,3350,0.008802576357148215,10.033286950967764,-22.651165181651173,-18.77109154165652,0.2521907512718131,20.016219135658478,24.003731614737237
train,2026.8.10-8.20/log_5_2026-8-19-18-31-42.ulg,3,D2_center5,5,3350,0.008480429146910244,1.8797009194527323,-8.12287416864683,-4.789307035454324,0.03229901304311895,4.463195678596606,7.890813510949822
train,2026.8.10-8.20/log_5_2026-8-19-18-31-42.ulg,3,D2_center10,0,3350,0.06504294134211105,1.4246296045140385,-5.434576746136278,-3.793077413838516,0.07188097927296302,3.490502285733226,4.570954749193859
train,2026.8.10-8.20/log_5_2026-8-19-18-31-42.ulg,3,D2_center10,1,3350,0.14294634016916544,1.495830182450403,-6.069569948764989,-4.493111977593295,0.3776974469706615,3.1886458511434785,4.3795015008206795
train,2026.8.10-8.20/log_5_2026-8-19-18-31-42.ulg,3,D2_center10,2,3350,-0.006061808347299593,2.18842505348349,-6.39208932838102,-4.789444556015054,-0.09429903748692522,5.026688026775728,7.37363034388842
train,2026.8.10-8.20/log_5_2026-8-19-18-31-42.ulg,3,D2_center10,3,3350,0.008828406501649342,3.492965033954307,-12.476096181090561,-8.635531465347302,-0.05903319076747782,8.562653624519937,14.98305834424937
train,2026.8.10-8.20/log_5_2026-8-19-18-31-42.ulg,3,D2_center10,4,3350,0.015586770023481578,3.80684114433491,-9.177111313711293,-7.631882639955952,-0.03900167261924035,8.174639286140636,11.337494087871855
train,2026.8.10-8.20/log_5_2026-8-19-18-31-42.ulg,3,D2_center10,5,3350,0.007335393444885225,1.1690448822591597,-5.598965539461327,-3.02209610791895,0.0218235267400163,2.8919589244193316,3.9866939679757167
train,2026.8.10-8.20/log_5_2026-8-19-18-31-42.ulg,4,D0_raw,0,1556,0.21862183373364893,3.3542217979279663,-8.363905316126448,-6.4492775108677245,-0.18569216597847576,10.509254573008452,14.516699290250259
train,2026.8.10-8.20/log_5_2026-8-19-18-31-42.ulg,4,D0_raw,1,1556,-0.4188631279332707,3.0329634970978847,-10.551861627323678,-8.175479966723474,-0.3794982975654657,8.333024077992876,14.017187374311238
train,2026.8.10-8.20/log_5_2026-8-19-18-31-42.ulg,4,D0_raw,2,1556,0.06731886096513742,9.489425288732594,-20.838394163133195,-17.848528757365106,1.1384431160763864,18.26672906417518,21.76627845229301
train,2026.8.10-8.20/log_5_2026-8-19-18-31-42.ulg,4,D0_raw,3,1556,-0.046717537272146045,26.204509107858676,-135.95858891150274,-70.83858835532965,0.9802842038382102,65.35021293319396,115.41595410028478
train,2026.8.10-8.20/log_5_2026-8-19-18-31-42.ulg,4,D0_raw,4,1556,-0.008470691349780466,21.87985635646771,-61.77053004802633,-49.88801771988271,1.9606667173586272,39.517867809562105,56.21940330545605
train,2026.8.10-8.20/log_5_2026-8-19-18-31-42.ulg,4,D0_raw,5,1556,-0.04123350266058219,4.134490773514956,-18.02672473171584,-10.96821318658115,-0.00644465330326732,10.345037466652542,15.421083476023044
train,2026.8.10-8.20/log_5_2026-8-19-18-31-42.ulg,4,D1_lp4,0,1556,0.21893288631739283,1.9015752184361598,-4.274036439863055,-3.4532727680968325,0.043308807569453,6.351902982571258,8.860953091514984
train,2026.8.10-8.20/log_5_2026-8-19-18-31-42.ulg,4,D1_lp4,1,1556,-0.41696813768721436,1.9561261543470931,-6.157503342640683,-5.089960235242008,-0.49011367619818114,5.771311438095823,8.441147317235409
train,2026.8.10-8.20/log_5_2026-8-19-18-31-42.ulg,4,D1_lp4,2,1556,0.061943763278398886,5.619818804999091,-11.527240879450344,-9.563113602864425,0.035225564923759556,9.969684022407751,11.238965358281362
train,2026.8.10-8.20/log_5_2026-8-19-18-31-42.ulg,4,D1_lp4,3,1556,-0.043417743410987614,7.533339105262327,-22.967612351965208,-15.903329160927173,0.24359305418920027,15.765156674876037,18.963317704967455
train,2026.8.10-8.20/log_5_2026-8-19-18-31-42.ulg,4,D1_lp4,4,1556,-0.028765911874801955,4.115997819566715,-10.78188372741696,-8.196794907454294,-0.5417191093418942,10.49389101396452,16.51921751511714
train,2026.8.10-8.20/log_5_2026-8-19-18-31-42.ulg,4,D1_lp4,5,1556,-0.011312165895141175,1.449312952664426,-5.127958730547892,-3.5699960832189364,0.015883027789219323,3.4449378536600523,4.573461517223456
train,2026.8.10-8.20/log_5_2026-8-19-18-31-42.ulg,4,D1_lp6,0,1556,0.21871876548270322,2.483823451781714,-5.453291679612527,-4.2681205970155025,-0.17347431752137593,8.671128807745148,12.116796050625933
train,2026.8.10-8.20/log_5_2026-8-19-18-31-42.ulg,4,D1_lp6,1,1556,-0.41655775670599515,2.427309911866083,-7.654922289143182,-6.3953916110801705,-0.3767092397853404,7.217768894057252,11.444549172900063
train,2026.8.10-8.20/log_5_2026-8-19-18-31-42.ulg,4,D1_lp6,2,1556,0.06375535159005909,8.85312375372094,-16.394111957651013,-15.063450418012959,0.06468283537616318,14.15326039665414,15.547107281601178
train,2026.8.10-8.20/log_5_2026-8-19-18-31-42.ulg,4,D1_lp6,3,1556,-0.05432242114623329,12.279792656455504,-40.53586362089607,-29.020855978760313,1.0458609650342652,27.211383065248214,41.57332351254382
train,2026.8.10-8.20/log_5_2026-8-19-18-31-42.ulg,4,D1_lp6,4,1556,-0.03514539795989141,6.41081504317822,-17.672183340464212,-12.681377687197406,0.05897652860930183,15.255477613262316,20.087541876216484
train,2026.8.10-8.20/log_5_2026-8-19-18-31-42.ulg,4,D1_lp6,5,1556,-0.010060466162962332,1.934548316392811,-5.855653277966432,-4.748114946690653,-0.0528724012833681,4.386356164676176,7.023408574621312
train,2026.8.10-8.20/log_5_2026-8-19-18-31-42.ulg,4,D1_lp8,0,1556,0.21934760806157616,2.711420489542079,-6.585788671088868,-5.213726441531201,-0.19710546949885888,9.364952582716684,12.455113561165046
train,2026.8.10-8.20/log_5_2026-8-19-18-31-42.ulg,4,D1_lp8,1,1556,-0.41666093973199647,2.5728164529823734,-8.546539806951472,-6.76892129837704,-0.30878147635909015,7.608801487212488,11.650816966520797
train,2026.8.10-8.20/log_5_2026-8-19-18-31-42.ulg,4,D1_lp8,2,1556,0.06357134531500262,9.0428315176837,-17.467859690397724,-15.701323019098108,0.2928161226121413,14.310088932028812,15.554172056758816
train,2026.8.10-8.20/log_5_2026-8-19-18-31-42.ulg,4,D1_lp8,3,1556,-0.05539781872532325,13.897710811849311,-48.680419536939894,-36.17350261235215,3.012521436691486,26.70979414401095,43.75009685944838
train,2026.8.10-8.20/log_5_2026-8-19-18-31-42.ulg,4,D1_lp8,4,1556,-0.04283879995585039,11.254866266729668,-24.591497504023366,-22.0704854537683,0.36848277096823895,20.71986554925651,26.788750320904374
train,2026.8.10-8.20/log_5_2026-8-19-18-31-42.ulg,4,D1_lp8,5,1556,-0.007553041154752519,2.1495356917641337,-7.388304225811268,-5.311172745422052,0.0030561107779266705,4.950049132080979,8.846719692393226
train,2026.8.10-8.20/log_5_2026-8-19-18-31-42.ulg,4,D1_lp12,0,1556,0.22020284378239627,3.04722589140822,-7.737381992776109,-5.93901351209409,-0.1791058546856525,10.111620805054944,13.314955515183835
train,2026.8.10-8.20/log_5_2026-8-19-18-31-42.ulg,4,D1_lp12,1,1556,-0.41697586427399225,2.770624381655927,-9.178569812390124,-7.75704923398445,-0.35660606204492684,7.81480693471532,12.052292418108461
train,2026.8.10-8.20/log_5_2026-8-19-18-31-42.ulg,4,D1_lp12,2,1556,0.06490040373341523,9.102672305967062,-18.774908713109205,-16.760908403112715,0.4502001236906806,15.022122639821763,16.400579699084034
train,2026.8.10-8.20/log_5_2026-8-19-18-31-42.ulg,4,D1_lp12,3,1556,-0.047456125778406966,16.432333073120592,-61.578450734651355,-45.5957468931713,3.401383463259446,28.542781965378758,46.55914924967679
train,2026.8.10-8.20/log_5_2026-8-19-18-31-42.ulg,4,D1_lp12,4,1556,-0.03648816830772005,16.846719600272618,-38.0440623948871,-30.620507752227557,-0.3170061109095963,30.658009726853596,37.490943086125235
train,2026.8.10-8.20/log_5_2026-8-19-18-31-42.ulg,4,D1_lp12,5,1556,-0.007574220561696599,2.5106446164916805,-10.26629196436046,-6.223683688331359,0.09699424546556766,5.59385831408108,9.854687585399402
train,2026.8.10-8.20/log_5_2026-8-19-18-31-42.ulg,4,D2_center2,0,1556,0.21658107957842432,3.0764464656773174,-7.864558228821748,-5.915509144530298,-0.20531434363756035,10.22274166468994,13.801758099820958
train,2026.8.10-8.20/log_5_2026-8-19-18-31-42.ulg,4,D2_center2,1,1556,-0.4183443069429092,2.798243288903201,-9.573006724904564,-7.497539877645091,-0.425892289978934,7.831650399780721,12.410390723727835
train,2026.8.10-8.20/log_5_2026-8-19-18-31-42.ulg,4,D2_center2,2,1556,0.061071507130547674,9.117408439587757,-19.201556060144544,-16.66028790608867,0.8738421167460015,15.805376670727242,18.646623128685405
train,2026.8.10-8.20/log_5_2026-8-19-18-31-42.ulg,4,D2_center2,3,1556,-0.0749344355481302,18.464100162156377,-106.52479005795843,-52.803786160871304,2.485475315365742,35.555301972581304,50.551163427866676
train,2026.8.10-8.20/log_5_2026-8-19-18-31-42.ulg,4,D2_center2,4,1556,-0.01868210104859062,17.86923512132421,-46.474124350009355,-35.64798529834036,1.1537914614162839,30.593344189881012,41.06952187295973
train,2026.8.10-8.20/log_5_2026-8-19-18-31-42.ulg,4,D2_center2,5,1556,-0.009418205392042923,2.8732816172726454,-13.831124341236148,-7.436299334778164,-0.03266007470399163,7.005097863787043,9.49293628842771
train,2026.8.10-8.20/log_5_2026-8-19-18-31-42.ulg,4,D2_center5,0,1556,0.21819661366366044,2.279359715045383,-5.844797950186526,-4.1685857643056625,-0.1358366795855011,7.85503145501789,10.716357706963208
train,2026.8.10-8.20/log_5_2026-8-19-18-31-42.ulg,4,D2_center5,1,1556,-0.41713058081352183,2.237781854342522,-7.054295501968421,-5.964462566017368,-0.3800828154768054,6.916272742466293,9.91323928728168
train,2026.8.10-8.20/log_5_2026-8-19-18-31-42.ulg,4,D2_center5,2,1556,0.06202482930760819,7.346995184301285,-14.634779757556956,-12.358706966605013,0.12482204732715589,11.29552025309671,12.785127025764027
train,2026.8.10-8.20/log_5_2026-8-19-18-31-42.ulg,4,D2_center5,3,1556,-0.05494540215777963,11.074942397834954,-37.73073817655359,-27.699521576132213,1.5777095163388033,21.251563298359443,32.318813504917074
train,2026.8.10-8.20/log_5_2026-8-19-18-31-42.ulg,4,D2_center5,4,1556,-0.029701320792194823,7.652107103829439,-20.573441550482038,-15.230126850201689,0.022674980896647615,16.576381854151148,22.97878083823001
train,2026.8.10-8.20/log_5_2026-8-19-18-31-42.ulg,4,D2_center5,5,1556,-0.010403176321535224,1.8181117454055649,-5.73862019656686,-4.50952565632672,-0.03704719493432723,4.249529044697827,8.093839188509468
train,2026.8.10-8.20/log_5_2026-8-19-18-31-42.ulg,4,D2_center10,0,1556,0.21885109252001203,1.6629229569329296,-3.810323138799975,-2.960245385373601,0.0911920845278009,5.47313942074344,7.298945358159484
train,2026.8.10-8.20/log_5_2026-8-19-18-31-42.ulg,4,D2_center10,1,1556,-0.418963488066855,1.7161133092610243,-4.309070348436893,-3.954323855204566,-0.6612302688533056,5.104881225066631,7.2405242646619605
train,2026.8.10-8.20/log_5_2026-8-19-18-31-42.ulg,4,D2_center10,2,1556,0.056574554492528954,3.0351651538271938,-6.763262474541145,-5.68798292702862,-0.03721990608451742,5.98097643748978,7.227481316037472
train,2026.8.10-8.20/log_5_2026-8-19-18-31-42.ulg,4,D2_center10,3,1556,-0.017307736645632073,4.889207551683517,-12.419375757043433,-9.524082064671497,-0.6003062793138896,12.43664851069445,16.417548651005237
train,2026.8.10-8.20/log_5_2026-8-19-18-31-42.ulg,4,D2_center10,4,1556,-0.019839999338365607,4.545701933547751,-11.286147729980236,-9.318321030563526,0.04370830217587992,9.728074094694808,15.252953509083587
train,2026.8.10-8.20/log_5_2026-8-19-18-31-42.ulg,4,D2_center10,5,1556,-0.011234605289893946,1.1903476254113419,-5.048751318632399,-2.8131948213916087,-0.0011553055754205907,2.940550193656045,4.192432489632446
train,2026.8.10-8.20/log_6_2026-8-19-18-40-42.ulg,0,D0_raw,0,1095,-0.12554737841665253,4.384271846047947,-13.619695670813192,-10.00026348965155,-0.16522806448713842,10.687413019149634,15.886696717599865
train,2026.8.10-8.20/log_6_2026-8-19-18-40-42.ulg,0,D0_raw,1,1095,0.04616411112121099,4.409120261007311,-11.331266693015634,-9.373583205270194,0.05052405138018443,10.837363274678996,13.700558041461857
train,2026.8.10-8.20/log_6_2026-8-19-18-40-42.ulg,0,D0_raw,2,1095,-0.03994583896637422,11.874430702886663,-24.447181566146106,-20.93829716283747,0.46607632816673544,21.614866963292204,26.828569563782217
train,2026.8.10-8.20/log_6_2026-8-19-18-40-42.ulg,0,D0_raw,3,1095,0.06541154989135116,43.679485408040094,-165.40682506945555,-132.87272132362037,3.1412119593336,85.94224386592535,131.95683618008664
train,2026.8.10-8.20/log_6_2026-8-19-18-40-42.ulg,0,D0_raw,4,1095,0.03552554654186733,26.61490585907756,-72.38946334371514,-54.38777029341595,0.09277126380299162,48.307799116860714,61.60954931955858
train,2026.8.10-8.20/log_6_2026-8-19-18-40-42.ulg,0,D0_raw,5,1095,0.02991558677778012,5.768074410341058,-20.356400017038464,-12.288061853775147,-0.03082798091292216,14.308853591331701,26.142418026210674
train,2026.8.10-8.20/log_6_2026-8-19-18-40-42.ulg,0,D1_lp4,0,1095,-0.1068952046093322,2.0579296883433704,-7.013709281478334,-4.537612084806052,-0.44469183336408424,5.449202882070204,7.139373000636885
train,2026.8.10-8.20/log_6_2026-8-19-18-40-42.ulg,0,D1_lp4,1,1095,0.053069623684557705,2.035415736879776,-4.663962504449199,-3.7627688209554173,-0.18899119343198761,5.905419858130289,6.3016972134037115
train,2026.8.10-8.20/log_6_2026-8-19-18-40-42.ulg,0,D1_lp4,2,1095,-0.011183639519077134,3.748466494701328,-7.189300869848209,-6.642544584300913,0.02716406628776874,7.150812907718125,9.707809121946319
train,2026.8.10-8.20/log_6_2026-8-19-18-40-42.ulg,0,D1_lp4,3,1095,0.00347619820772509,6.974009964166855,-16.508136917037294,-14.040655933500208,0.20632559598228808,13.700751870248085,16.783369631160976
train,2026.8.10-8.20/log_6_2026-8-19-18-40-42.ulg,0,D1_lp4,4,1095,0.00987751836570335,3.1261679618633256,-7.27683529170504,-5.8039659477111565,-0.19063121783937723,6.390338198261098,8.212210107788726
train,2026.8.10-8.20/log_6_2026-8-19-18-40-42.ulg,0,D1_lp4,5,1095,0.05292398951618479,1.244537784895933,-5.433901707447722,-3.6003359477159216,0.0005738421407445104,3.5278975299266877,4.676886868232693
train,2026.8.10-8.20/log_6_2026-8-19-18-40-42.ulg,0,D1_lp6,0,1095,-0.11207970797010881,3.1117783915876336,-11.149864825917724,-7.789620951741664,-0.2587247617028919,8.967927727414901,11.521596235441034
train,2026.8.10-8.20/log_6_2026-8-19-18-40-42.ulg,0,D1_lp6,1,1095,0.04631256709292079,3.082856886318162,-7.303916775111679,-6.1540404802820285,-0.08233317042117483,9.31071659982087,10.871060150226773
train,2026.8.10-8.20/log_6_2026-8-19-18-40-42.ulg,0,D1_lp6,2,1095,-0.03442930164916754,10.258494865202726,-17.752273064663765,-15.817439351887746,-0.12507144286241367,15.856599851406862,17.44964875223859
train,2026.8.10-8.20/log_6_2026-8-19-18-40-42.ulg,0,D1_lp6,3,1095,-0.0008271469578388162,18.925018853405405,-42.96413644346507,-36.20068833733367,0.6458883200192902,36.2010226755037,41.18335416291788
train,2026.8.10-8.20/log_6_2026-8-19-18-40-42.ulg,0,D1_lp6,4,1095,0.02668465390291265,8.15330399546802,-16.79539743868336,-14.034624251553238,0.0011852046370171762,15.07394508645033,18.484395823277445
train,2026.8.10-8.20/log_6_2026-8-19-18-40-42.ulg,0,D1_lp6,5,1095,0.0490514958346127,1.8029597529315833,-6.476566338732216,-4.3194954630981774,0.026400177849891376,4.508953396426772,6.005394889788759
train,2026.8.10-8.20/log_6_2026-8-19-18-40-42.ulg,0,D1_lp8,0,1095,-0.11427391436497192,3.2947363965019147,-11.766817463259832,-8.23348924122721,-0.3153353724657077,9.439936014207367,11.783686396727289
train,2026.8.10-8.20/log_6_2026-8-19-18-40-42.ulg,0,D1_lp8,1,1095,0.04608246188354922,3.2679748240588338,-7.677188807551927,-6.39517332775455,-0.028686218030856463,9.602426030706694,11.109759483018596
train,2026.8.10-8.20/log_6_2026-8-19-18-40-42.ulg,0,D1_lp8,2,1095,-0.037946258518699504,10.878785184354719,-19.256881598583785,-16.725271405791112,0.011735885579065969,16.764216854891128,18.07221787836442
train,2026.8.10-8.20/log_6_2026-8-19-18-40-42.ulg,0,D1_lp8,3,1095,-0.0004663034418977845,20.484876238133282,-50.51474412658783,-41.97943771929802,3.0329291548677872,39.1736880273603,43.67875669645181
train,2026.8.10-8.20/log_6_2026-8-19-18-40-42.ulg,0,D1_lp8,4,1095,0.028069563076821402,9.749755491885926,-21.066003003888508,-17.62031668509958,-0.5562483914530633,18.25399581498176,21.939612737811597
train,2026.8.10-8.20/log_6_2026-8-19-18-40-42.ulg,0,D1_lp8,5,1095,0.04879227141841227,1.9747370012274523,-7.206627276856386,-4.9461256702476994,0.0008643925454823281,4.727188946210184,5.794605067051442
train,2026.8.10-8.20/log_6_2026-8-19-18-40-42.ulg,0,D1_lp12,0,1095,-0.11828779581299641,3.7114631863448704,-11.728520243142734,-8.84297537918424,-0.23874278037773886,9.683372883848708,11.787439304608721
train,2026.8.10-8.20/log_6_2026-8-19-18-40-42.ulg,0,D1_lp12,1,1095,0.04764362460312199,3.7511836053689076,-9.29104269673191,-7.8499281433342025,0.001586100656975145,9.781547309961365,11.315789352925565
train,2026.8.10-8.20/log_6_2026-8-19-18-40-42.ulg,0,D1_lp12,2,1095,-0.038142502020995415,10.973611701026766,-19.93696433220854,-17.708705076710984,0.44138248181814677,17.304783759473946,19.38342108266514
train,2026.8.10-8.20/log_6_2026-8-19-18-40-42.ulg,0,D1_lp12,3,1095,0.0003459829522237009,22.4059221298165,-60.60457392330766,-52.94425119113751,4.748258388630192,38.05374053194813,43.68361933993957
train,2026.8.10-8.20/log_6_2026-8-19-18-40-42.ulg,0,D1_lp12,4,1095,0.02082514361032498,16.46541944387865,-35.552871283337566,-28.969590592026456,-0.7928841771048029,32.65239452564126,35.56799127984165
train,2026.8.10-8.20/log_6_2026-8-19-18-40-42.ulg,0,D1_lp12,5,1095,0.049413642960341043,2.2922358377167598,-9.374806784850717,-5.794509327985906,-0.0586443116803519,5.269067546642085,6.326734359530103
train,2026.8.10-8.20/log_6_2026-8-19-18-40-42.ulg,0,D2_center2,0,1095,-0.12164152695900059,3.9421562087790725,-12.318497295564004,-9.027573698454663,-0.24588588110413237,10.261948102362782,13.368481418977971
train,2026.8.10-8.20/log_6_2026-8-19-18-40-42.ulg,0,D2_center2,1,1095,0.044411496708164265,3.9705839553622533,-9.974144889779268,-8.630084499734561,0.01140075816604871,10.376324152839336,12.661673019802691
train,2026.8.10-8.20/log_6_2026-8-19-18-40-42.ulg,0,D2_center2,2,1095,-0.04642789554916156,11.268062191238677,-21.39205206647258,-19.350296193171715,1.1056316716475962,18.694738001626778,20.832154792805966
train,2026.8.10-8.20/log_6_2026-8-19-18-40-42.ulg,0,D2_center2,3,1095,-0.025379336135691006,32.19016680986116,-89.97291791588866,-78.88389428591476,-0.07109600314666717,61.08615047360721,79.15068338005554
train,2026.8.10-8.20/log_6_2026-8-19-18-40-42.ulg,0,D2_center2,4,1095,0.03442465735370029,20.496829324867868,-45.74841419766846,-36.857031693740964,-2.2448539805557277,38.2605955199472,43.54721200056571
train,2026.8.10-8.20/log_6_2026-8-19-18-40-42.ulg,0,D2_center2,5,1095,0.04248955545735156,3.131921995259701,-10.796982944678785,-7.817304455855969,0.08570631140736089,7.023348591039554,10.1033157499969
train,2026.8.10-8.20/log_6_2026-8-19-18-40-42.ulg,0,D2_center5,0,1095,-0.11156126267336,2.805767637924188,-10.18557417520045,-6.8563233276498625,-0.33923018630224244,8.089090930327341,10.1205869215302
train,2026.8.10-8.20/log_6_2026-8-19-18-40-42.ulg,0,D2_center5,1,1095,0.048100794773367685,2.7714004730366253,-6.70627070574854,-5.335657684991965,-0.06518481671331736,8.186905171899378,9.46171746141299
train,2026.8.10-8.20/log_6_2026-8-19-18-40-42.ulg,0,D2_center5,2,1095,-0.02684652494224532,8.419979623963458,-14.701085779231823,-13.03986362129006,-0.1524181112839496,12.56970792594666,14.960723661769446
train,2026.8.10-8.20/log_6_2026-8-19-18-40-42.ulg,0,D2_center5,3,1095,0.004230954220152889,17.444314177389465,-47.89052075418356,-41.48731534793313,0.6534378728800081,36.2226098705101,42.70183916325963
train,2026.8.10-8.20/log_6_2026-8-19-18-40-42.ulg,0,D2_center5,4,1095,0.02676281754783825,8.069178637694465,-19.623203401615243,-15.235558341119065,0.0457382802214042,16.22659514364255,20.2356013885411
train,2026.8.10-8.20/log_6_2026-8-19-18-40-42.ulg,0,D2_center5,5,1095,0.04638077680688524,1.8119169773500268,-7.009863593073132,-4.514358169153045,-0.06104129105180881,4.570813895558551,6.653269187718372
train,2026.8.10-8.20/log_6_2026-8-19-18-40-42.ulg,0,D2_center10,0,1095,-0.1081929519712713,1.9422231663217326,-5.84738663055161,-4.3294077660997425,-0.47814860072923493,4.701255082237288,6.425917919876534
train,2026.8.10-8.20/log_6_2026-8-19-18-40-42.ulg,0,D2_center10,1,1095,0.05541578532664406,1.905321770768002,-3.699606878500584,-3.087529545406931,-0.3065183802480317,4.89823894043331,5.3560984082538505
train,2026.8.10-8.20/log_6_2026-8-19-18-40-42.ulg,0,D2_center10,2,1095,-0.0016392612235860483,1.9540079446182923,-4.658867247397995,-3.9059258984460388,-0.04096128508520486,4.267616884376453,6.0299981660777915
train,2026.8.10-8.20/log_6_2026-8-19-18-40-42.ulg,0,D2_center10,3,1095,-0.012827487269484922,5.635762901774795,-16.299996913904177,-11.59080947920607,-0.2552119844187152,14.240822912409001,16.24884510905976
train,2026.8.10-8.20/log_6_2026-8-19-18-40-42.ulg,0,D2_center10,4,1095,0.0022646475266934604,3.6617512036843656,-10.782841826837643,-7.2854299317015565,0.0511125169422491,7.107225573421377,8.18880890485846
train,2026.8.10-8.20/log_6_2026-8-19-18-40-42.ulg,0,D2_center10,5,1095,0.05365986752654078,1.184944639700651,-5.943944890726467,-3.333771820478004,0.048828540648452295,3.0012953513234355,4.3065078468300175
train,2026.8.10-8.20/log_6_2026-8-19-18-40-42.ulg,3,D0_raw,0,3410,-0.0036268160429535796,3.2147916362819715,-11.873418843086876,-7.649807351961407,-0.15165576368184439,8.54784596027333,12.939890379015747
train,2026.8.10-8.20/log_6_2026-8-19-18-40-42.ulg,3,D0_raw,1,3410,-0.008080815012233296,3.2364948225678756,-14.927766944312223,-9.600589320869986,0.14399951854361787,7.899557969568405,12.393895992041239
train,2026.8.10-8.20/log_6_2026-8-19-18-40-42.ulg,3,D0_raw,2,3410,-0.0035968670074683724,10.113646372745047,-27.069538558493544,-19.57084829246034,0.8049448866695453,19.406409869243127,29.313613269355937
train,2026.8.10-8.20/log_6_2026-8-19-18-40-42.ulg,3,D0_raw,3,3410,-0.006377483728366061,30.364325333161606,-146.90546071889597,-77.68989547507283,1.5280156401220264,75.21410925290226,179.83691975894646
train,2026.8.10-8.20/log_6_2026-8-19-18-40-42.ulg,3,D0_raw,4,3410,0.018966712246014976,22.556689168217225,-63.732499338395954,-48.1685338615438,1.467737503098427,44.03784243289778,75.14051387425067
train,2026.8.10-8.20/log_6_2026-8-19-18-40-42.ulg,3,D0_raw,5,3410,0.00014716838657371912,4.922811027479238,-25.431020465274987,-11.90996591376447,-0.0031336781424522635,12.365985490956989,21.840752001240823
train,2026.8.10-8.20/log_6_2026-8-19-18-40-42.ulg,3,D1_lp4,0,3410,-0.009110703888743507,1.7872539535786105,-5.41927435849273,-3.9529684669870346,-0.15671724089285444,5.251070497827567,8.724085681912522
train,2026.8.10-8.20/log_6_2026-8-19-18-40-42.ulg,3,D1_lp4,1,3410,-0.003354327196202002,1.83518870315631,-8.368278290972913,-5.515513138284387,0.06859090234688986,4.458506727632446,6.295224072113953
train,2026.8.10-8.20/log_6_2026-8-19-18-40-42.ulg,3,D1_lp4,2,3410,0.005960082845311128,5.130356958030094,-11.225677676426326,-8.994001872305661,-0.036921077502896076,9.435359099097305,11.509545115752895
train,2026.8.10-8.20/log_6_2026-8-19-18-40-42.ulg,3,D1_lp4,3,3410,0.0072154895756711334,8.421289774566345,-26.787132053807422,-17.743958127523594,0.23167576575742554,17.234649682448616,23.78537743555203
train,2026.8.10-8.20/log_6_2026-8-19-18-40-42.ulg,3,D1_lp4,4,3410,-0.006029093974811644,4.181445398665794,-9.933043928390422,-7.480507686019352,-0.21070732430948913,10.13418361901191,13.816426723351741
train,2026.8.10-8.20/log_6_2026-8-19-18-40-42.ulg,3,D1_lp4,5,3410,0.0069510785827476065,1.3530350225019385,-5.01330644974266,-3.3511584815076807,-0.004868867456353603,3.284636287971286,5.386359989298492
train,2026.8.10-8.20/log_6_2026-8-19-18-40-42.ulg,3,D1_lp6,0,3410,-0.009985790643571307,2.273473282289675,-7.59704159351563,-5.061565899133727,-0.13565575620399278,6.491154068659863,11.454567613344915
train,2026.8.10-8.20/log_6_2026-8-19-18-40-42.ulg,3,D1_lp6,1,3410,-0.003007816003103473,2.4365535525763016,-12.38562474871944,-8.183341647340127,0.03372524927937172,6.378204695774478,8.69396440798747
train,2026.8.10-8.20/log_6_2026-8-19-18-40-42.ulg,3,D1_lp6,2,3410,0.001020238006902849,9.263166018231319,-20.366461774087924,-15.781116088046053,0.11072625629044495,14.958106718189226,17.74427120315036
train,2026.8.10-8.20/log_6_2026-8-19-18-40-42.ulg,3,D1_lp6,3,3410,0.022378512585388075,15.241997608086061,-50.34876426210094,-31.514857204949774,0.9294626720606964,30.17436215372278,42.79788548311161
train,2026.8.10-8.20/log_6_2026-8-19-18-40-42.ulg,3,D1_lp6,4,3410,-0.005681745161764173,8.105767354912281,-23.545405723372607,-16.063192844899497,0.4742703692650858,17.917686131121503,27.425792907195444
train,2026.8.10-8.20/log_6_2026-8-19-18-40-42.ulg,3,D1_lp6,5,3410,0.006159773724027715,1.7763392040956856,-7.6782659658782135,-4.257530017439834,-0.002550530202071138,4.458491248910509,6.5251241401831
train,2026.8.10-8.20/log_6_2026-8-19-18-40-42.ulg,3,D1_lp8,0,3410,-0.009388948217253145,2.4406060490408934,-7.92353365791659,-5.68368022283827,-0.11937986406471368,6.7247839989337805,11.727046089847814
train,2026.8.10-8.20/log_6_2026-8-19-18-40-42.ulg,3,D1_lp8,1,3410,-0.003780309889646472,2.6216000682996357,-12.829277474975884,-8.477112290411418,0.05597041437469839,6.867040049746407,9.196008081018709
train,2026.8.10-8.20/log_6_2026-8-19-18-40-42.ulg,3,D1_lp8,2,3410,0.0007946345840786754,9.582753339904512,-21.938433832739907,-16.696437516573972,0.2396675661733954,15.547321221630083,18.22298425118893
train,2026.8.10-8.20/log_6_2026-8-19-18-40-42.ulg,3,D1_lp8,3,3410,0.04460426972033989,16.613178225734075,-57.13414668700481,-37.018931511616145,4.302281760068077,31.052954535584064,45.901955220903666
train,2026.8.10-8.20/log_6_2026-8-19-18-40-42.ulg,3,D1_lp8,4,3410,-0.014511979795915954,11.364175797577582,-29.148311800112317,-21.549630255319695,0.606170860512705,21.92168739380642,30.87904764421225
train,2026.8.10-8.20/log_6_2026-8-19-18-40-42.ulg,3,D1_lp8,5,3410,0.0070568788014055495,1.9593246676457046,-9.253538913566373,-4.843172515629271,0.0045381463085696575,4.945478897243294,7.970661295875242
train,2026.8.10-8.20/log_6_2026-8-19-18-40-42.ulg,3,D1_lp12,0,3410,-0.00818532439264237,2.858600390007819,-9.956128714461455,-6.598073755723908,-0.10694058321896963,7.626430263010585,12.325887596119543
train,2026.8.10-8.20/log_6_2026-8-19-18-40-42.ulg,3,D1_lp12,1,3410,-0.004094480150386852,2.9106060959778555,-12.750769700714143,-8.836743428378616,0.06256307733381257,7.171757008546072,10.790311668959252
train,2026.8.10-8.20/log_6_2026-8-19-18-40-42.ulg,3,D1_lp12,2,3410,0.0006861578964022354,9.639709062555527,-22.00439148360473,-17.463980083944335,0.39507320133367296,16.05170985183039,19.160552060258762
train,2026.8.10-8.20/log_6_2026-8-19-18-40-42.ulg,3,D1_lp12,3,3410,0.06897339262016369,19.10092994638664,-68.26612595168567,-44.19770419444113,4.150289754256368,35.51771297386497,44.54078827956996
train,2026.8.10-8.20/log_6_2026-8-19-18-40-42.ulg,3,D1_lp12,4,3410,-0.02338982412867415,17.114671583515822,-44.4918532073269,-32.22389750757947,-0.0013489311229748949,34.32000893384226,46.39390519395939
train,2026.8.10-8.20/log_6_2026-8-19-18-40-42.ulg,3,D1_lp12,5,3410,0.0077512280417506504,2.275234283690542,-11.392977488312539,-5.924445467687048,-0.0144219348832293,5.747731163045294,9.233978020783832
train,2026.8.10-8.20/log_6_2026-8-19-18-40-42.ulg,3,D2_center2,0,3410,-0.007914709474201507,2.9065830970918722,-11.018662562344527,-6.714939453794532,-0.1422168436810395,7.596594229562272,12.46004924943168
train,2026.8.10-8.20/log_6_2026-8-19-18-40-42.ulg,3,D2_center2,1,3410,-0.004744767349013908,2.950372174201832,-13.032336622161415,-9.285303414162586,0.07989091787883736,7.1042326061433565,10.870289030340121
train,2026.8.10-8.20/log_6_2026-8-19-18-40-42.ulg,3,D2_center2,2,3410,0.00361527491045862,9.682179194102908,-25.25608859702749,-18.0417258734855,0.463032995513054,17.21871403829617,20.929933391599892
train,2026.8.10-8.20/log_6_2026-8-19-18-40-42.ulg,3,D2_center2,3,3410,0.05739861558821449,22.287798832145896,-81.03767157530454,-53.32459947551861,2.857658598324193,50.00898794031519,75.60688987904275
train,2026.8.10-8.20/log_6_2026-8-19-18-40-42.ulg,3,D2_center2,4,3410,-0.01968352378187088,18.43199855617395,-42.4815178013116,-33.44582786338126,0.7033102906297626,35.00990623713508,50.74415946974331
train,2026.8.10-8.20/log_6_2026-8-19-18-40-42.ulg,3,D2_center2,5,3410,0.00971959153174859,2.8156127809845497,-15.953775119659385,-6.5184839416449725,-0.024792277643679517,6.732030018273619,11.583593660034726
train,2026.8.10-8.20/log_6_2026-8-19-18-40-42.ulg,3,D2_center5,0,3410,-0.009518301365725332,2.1045907126478176,-6.746384831931894,-4.775576026126805,-0.1451858383636212,5.9616334380735925,10.114143489686128
train,2026.8.10-8.20/log_6_2026-8-19-18-40-42.ulg,3,D2_center5,1,3410,-0.003460910808368075,2.231113345757024,-10.590731829474727,-7.2379470570264735,0.03971990402435492,5.742909787279676,7.567307230558496
train,2026.8.10-8.20/log_6_2026-8-19-18-40-42.ulg,3,D2_center5,2,3410,0.003787774772736794,7.6058111322998965,-16.943008767062576,-12.90260381605759,-0.022141277247662378,11.966150348221712,14.579670861970403
train,2026.8.10-8.20/log_6_2026-8-19-18-40-42.ulg,3,D2_center5,3,3410,0.015460189833798845,13.440096357118403,-47.02066162594779,-33.46525580653794,1.5265962202935137,28.09692759982615,37.24613220969954
train,2026.8.10-8.20/log_6_2026-8-19-18-40-42.ulg,3,D2_center5,4,3410,-0.004305339535594233,8.22137475419183,-21.828035042951676,-15.854087361831978,0.4184456298158642,17.442680122827284,23.741918950963043
train,2026.8.10-8.20/log_6_2026-8-19-18-40-42.ulg,3,D2_center5,5,3410,0.0063572795835109795,1.7343900930524125,-7.652489427490106,-4.229621868881458,-0.012286936815146384,4.321228086364035,7.234862832945046
train,2026.8.10-8.20/log_6_2026-8-19-18-40-42.ulg,3,D2_center10,0,3410,-0.008344757156100734,1.6111424462217576,-4.251500276832485,-3.1776265712313783,-0.17906839866688348,4.624242864350827,7.155192268019313
train,2026.8.10-8.20/log_6_2026-8-19-18-40-42.ulg,3,D2_center10,1,3410,-0.0038660002540562297,1.6740973383951812,-7.092154391791388,-4.953690491216748,0.14702183136301167,3.6095310312297775,5.2818877865905005
train,2026.8.10-8.20/log_6_2026-8-19-18-40-42.ulg,3,D2_center10,2,3410,0.011394052412912612,2.771067618693687,-6.935877193883794,-5.440924422513401,-0.09056465818456977,5.779943356407581,7.796474644704551
train,2026.8.10-8.20/log_6_2026-8-19-18-40-42.ulg,3,D2_center10,3,3410,0.0012487575307088617,5.284051410424775,-16.70351131545824,-11.165714281534147,-0.585412383813775,12.518124651808202,16.106747215674766
train,2026.8.10-8.20/log_6_2026-8-19-18-40-42.ulg,3,D2_center10,4,3410,-0.007403634141086858,4.153774379835305,-11.9815936706367,-7.91477730795207,0.030403948817897288,8.113483538943315,12.848350412337762
train,2026.8.10-8.20/log_6_2026-8-19-18-40-42.ulg,3,D2_center10,5,3410,0.0075070728817296815,1.1763147302267205,-5.373957947173048,-2.9181138162127502,-0.001974034039005853,3.0546943112024003,5.001957703158329
train,2026.8.10-8.20/log_6_2026-8-19-18-40-42.ulg,4,D0_raw,0,1533,0.4604063688202894,2.9412459415043664,-8.942112106389953,-6.15473099170642,0.04681899759929597,8.699665646911969,10.670200438204537
train,2026.8.10-8.20/log_6_2026-8-19-18-40-42.ulg,4,D0_raw,1,1533,-0.2708498449334183,2.954070011425776,-11.699602555063418,-8.08509041972504,-0.25710027537989305,8.05520963016341,14.651347257831747
train,2026.8.10-8.20/log_6_2026-8-19-18-40-42.ulg,4,D0_raw,2,1533,0.11584884529743647,8.93841338756728,-23.28510394316447,-18.01148737680108,1.2050102836265408,18.04735581819329,26.96210134009671
train,2026.8.10-8.20/log_6_2026-8-19-18-40-42.ulg,4,D0_raw,3,1533,0.11901376469156696,25.99444545862901,-107.84421272890738,-61.588393424259664,1.0859392926785085,79.84974484637502,143.68851700842447
train,2026.8.10-8.20/log_6_2026-8-19-18-40-42.ulg,4,D0_raw,4,1533,0.09650472658291563,20.188012064392044,-70.05933112119514,-49.19390198229438,2.2638432368011823,38.73956847268231,49.140208213376596
train,2026.8.10-8.20/log_6_2026-8-19-18-40-42.ulg,4,D0_raw,5,1533,-0.009023348704545946,4.07300072669368,-22.10904845975043,-10.0257444029979,-0.09839245694898756,10.346124565942842,16.555854890176565
train,2026.8.10-8.20/log_6_2026-8-19-18-40-42.ulg,4,D1_lp4,0,1533,0.4713157856987856,1.9088434595609283,-4.984229729391127,-3.1782625011779424,0.2965181334984088,6.955923243120605,8.325718711823745
train,2026.8.10-8.20/log_6_2026-8-19-18-40-42.ulg,4,D1_lp4,1,1533,-0.2767718814111345,2.2044478979692386,-8.159344798943813,-6.317953505033568,-0.25590256896648694,6.766600112498079,10.352027418915945
train,2026.8.10-8.20/log_6_2026-8-19-18-40-42.ulg,4,D1_lp4,2,1533,0.10879125059950043,5.910851921673329,-12.945372247313097,-10.696648317214208,0.27458422769873153,10.246289696786242,12.84898148768411
train,2026.8.10-8.20/log_6_2026-8-19-18-40-42.ulg,4,D1_lp4,3,1533,0.0005241253031766028,9.741025842580731,-26.007666420158426,-20.18731356522934,0.15094497562009512,19.31872922408355,25.94800705318974
train,2026.8.10-8.20/log_6_2026-8-19-18-40-42.ulg,4,D1_lp4,4,1533,0.03454249334121361,4.543795605461148,-12.808789220472649,-9.561841173338818,-0.420384238722165,11.963421645821999,21.60032590053518
train,2026.8.10-8.20/log_6_2026-8-19-18-40-42.ulg,4,D1_lp4,5,1533,-0.011201087101856914,1.394762109118298,-4.319333101567021,-3.301644436909408,-0.014911018283451295,2.9466713168221683,4.571771007004303
train,2026.8.10-8.20/log_6_2026-8-19-18-40-42.ulg,4,D1_lp6,0,1533,0.4701880440344166,2.261364699288514,-6.503167444964209,-4.155865403488058,0.24022028531151315,7.894336543937253,9.578975671729383
train,2026.8.10-8.20/log_6_2026-8-19-18-40-42.ulg,4,D1_lp6,1,1533,-0.27833099639116005,2.4986211472378046,-9.577082795119576,-7.553193938502206,-0.2954525816781121,7.923552612575192,12.05231709165382
train,2026.8.10-8.20/log_6_2026-8-19-18-40-42.ulg,4,D1_lp6,2,1533,0.10528722089194191,8.362694148279079,-18.98695024830926,-15.052610666263163,0.4665867011605928,14.27386448287263,19.036977982206093
train,2026.8.10-8.20/log_6_2026-8-19-18-40-42.ulg,4,D1_lp6,3,1533,-0.0007580742513608283,13.659328811612022,-37.986762250981435,-30.296086787181416,1.753225977117725,26.20120501530097,30.47490205126038
train,2026.8.10-8.20/log_6_2026-8-19-18-40-42.ulg,4,D1_lp6,4,1533,0.040412159364829156,6.9056022315044325,-21.490946609547894,-13.621654006957117,0.017049487036119908,16.068739579468158,24.54976325320156
train,2026.8.10-8.20/log_6_2026-8-19-18-40-42.ulg,4,D1_lp6,5,1533,-0.012291963326442336,1.6634785395783152,-5.146106111053177,-3.9288428454970403,-0.03118207951442788,3.5715600511790235,5.276178703926244
train,2026.8.10-8.20/log_6_2026-8-19-18-40-42.ulg,4,D1_lp8,0,1533,0.46444842940525793,2.4894114574457458,-7.491798578301286,-4.784649232903734,0.14311522633849663,8.092091797552918,9.799148961364578
train,2026.8.10-8.20/log_6_2026-8-19-18-40-42.ulg,4,D1_lp8,1,1533,-0.27622819809656757,2.6100186227628672,-10.172369610166292,-7.870287793224771,-0.2743246688177,7.8230140233165075,12.158348429786384
train,2026.8.10-8.20/log_6_2026-8-19-18-40-42.ulg,4,D1_lp8,2,1533,0.10577490037062286,8.504687419552758,-19.56491312183774,-15.56819581669112,0.6190044360524376,14.772500048855086,19.37130048927186
train,2026.8.10-8.20/log_6_2026-8-19-18-40-42.ulg,4,D1_lp8,3,1533,0.019461386038476598,15.291909280720844,-48.55330303618467,-37.34676547020398,4.2500490465662715,25.966535076831498,33.33651447519966
train,2026.8.10-8.20/log_6_2026-8-19-18-40-42.ulg,4,D1_lp8,4,1533,0.043981500690176575,11.824624848972478,-29.56507077579572,-22.259196766136544,0.9239917197639623,21.041424331945358,26.791586879781374
train,2026.8.10-8.20/log_6_2026-8-19-18-40-42.ulg,4,D1_lp8,5,1533,-0.010761763039631654,1.840984617101064,-5.963660905787467,-4.226474316481989,-0.04756471615093663,3.917505685427619,5.925465342425713
train,2026.8.10-8.20/log_6_2026-8-19-18-40-42.ulg,4,D1_lp12,0,1533,0.46119429031171605,2.7291069907918106,-8.83961023216691,-5.7882594627581945,0.09519816498592498,8.25829254706886,10.237220663896093
train,2026.8.10-8.20/log_6_2026-8-19-18-40-42.ulg,4,D1_lp12,1,1533,-0.2750117929942871,2.7572924652769952,-10.745684545814754,-8.119420945259932,-0.31725103803273585,7.9510269137621234,12.33277122099057
train,2026.8.10-8.20/log_6_2026-8-19-18-40-42.ulg,4,D1_lp12,2,1533,0.1060362620534229,8.560021929370553,-20.879291352991803,-16.705784785984854,0.7596352603417948,15.47433636808835,20.09095570495893
train,2026.8.10-8.20/log_6_2026-8-19-18-40-42.ulg,4,D1_lp12,3,1533,0.03228975455114553,17.3453074414853,-65.57204523886105,-43.78098714816565,4.472445091602336,32.88776071663407,48.71700737700126
train,2026.8.10-8.20/log_6_2026-8-19-18-40-42.ulg,4,D1_lp12,4,1533,0.04799315873503365,15.97300567952774,-47.4232467851622,-31.17965122109271,0.20584374294049712,28.679709769872936,33.69834025807342
train,2026.8.10-8.20/log_6_2026-8-19-18-40-42.ulg,4,D1_lp12,5,1533,-0.009458483873324904,2.1807400411274975,-6.899984450327063,-4.720880005715327,-0.04157985109083615,4.909043457699277,7.934995570643301
train,2026.8.10-8.20/log_6_2026-8-19-18-40-42.ulg,4,D2_center2,0,1533,0.4618241003393218,2.749552253102304,-8.685254210961089,-5.767063358639899,0.06337920745050832,8.285802727141803,10.59276647194007
train,2026.8.10-8.20/log_6_2026-8-19-18-40-42.ulg,4,D2_center2,1,1533,-0.2735981501783559,2.7806382980025393,-10.425583170631674,-8.24987691658151,-0.3095780533130658,8.263347508486566,12.242260501630481
train,2026.8.10-8.20/log_6_2026-8-19-18-40-42.ulg,4,D2_center2,2,1533,0.10476760183780041,8.609877890427784,-20.666477606811085,-16.936535097448054,0.896913960308593,16.50541710058951,21.039657743904545
train,2026.8.10-8.20/log_6_2026-8-19-18-40-42.ulg,4,D2_center2,3,1533,0.058329720201775605,19.399809999960873,-69.12485971077277,-45.672086337437385,3.59064197107703,41.81349910222473,82.19639972526463
train,2026.8.10-8.20/log_6_2026-8-19-18-40-42.ulg,4,D2_center2,4,1533,0.05411138005335042,16.921754953621196,-54.158112654028415,-35.201154722923775,1.617856781903625,28.99692909670504,34.77116779689148
train,2026.8.10-8.20/log_6_2026-8-19-18-40-42.ulg,4,D2_center2,5,1533,-0.008524485644713814,2.5904508573096283,-8.77420877945264,-6.029244633352266,-0.006018544703029595,6.065846115842464,9.103934132044278
train,2026.8.10-8.20/log_6_2026-8-19-18-40-42.ulg,4,D2_center5,0,1533,0.46972281469715094,2.1166151604613694,-6.091153587153576,-4.080669217849903,0.1703392553681883,7.318840105976969,8.78181073164915
train,2026.8.10-8.20/log_6_2026-8-19-18-40-42.ulg,4,D2_center5,1,1533,-0.27680329134270654,2.3452493828479613,-8.910691039496463,-6.871083054372915,-0.2667012224824521,7.5907103754122,10.815189009437175
train,2026.8.10-8.20/log_6_2026-8-19-18-40-42.ulg,4,D2_center5,2,1533,0.10613812464411919,7.061293737033248,-16.09851448204303,-12.760854242299555,0.43324370810835755,11.916606320029672,16.19789201640611
train,2026.8.10-8.20/log_6_2026-8-19-18-40-42.ulg,4,D2_center5,3,1533,-0.0004149897786461492,12.476019245429558,-39.31814701016208,-30.227615409885335,2.3758446300570126,23.442882731172386,32.672174769880606
train,2026.8.10-8.20/log_6_2026-8-19-18-40-42.ulg,4,D2_center5,4,1533,0.04052714096967414,7.939032734198123,-20.629490090260852,-14.508271419330233,-0.1746829429941688,16.875735197519578,22.7519701715956
train,2026.8.10-8.20/log_6_2026-8-19-18-40-42.ulg,4,D2_center5,5,1533,-0.011887201446466164,1.6211822627409465,-5.506596745179114,-3.761875061751909,-0.02795364075702379,3.6181043345323802,5.223679134048992
train,2026.8.10-8.20/log_6_2026-8-19-18-40-42.ulg,4,D2_center10,0,1533,0.4704668830348281,1.5727955428388491,-3.8389971958535822,-2.4004461041392777,0.2819087920486461,5.505448307704673,6.515781403217843
train,2026.8.10-8.20/log_6_2026-8-19-18-40-42.ulg,4,D2_center10,1,1533,-0.2742453544398472,1.90920316129995,-6.28675052456229,-4.784576072912472,-0.373018458979769,6.062007916065961,8.265979686424325
train,2026.8.10-8.20/log_6_2026-8-19-18-40-42.ulg,4,D2_center10,2,1533,0.10837347422586256,3.3086656373824908,-8.599868216939836,-6.419936433637776,0.06971005741163255,6.530321228764267,8.882573975794642
train,2026.8.10-8.20/log_6_2026-8-19-18-40-42.ulg,4,D2_center10,3,1533,0.0049487582467586414,6.0634372756946995,-17.47283985045018,-12.507245778603089,-0.9432655114576687,14.702787221616191,19.4830898388043
train,2026.8.10-8.20/log_6_2026-8-19-18-40-42.ulg,4,D2_center10,4,1533,0.02048053269242548,4.637066534487627,-12.779439614363861,-9.98999334349797,0.11121896328026964,10.419887404289282,16.19355092939571
train,2026.8.10-8.20/log_6_2026-8-19-18-40-42.ulg,4,D2_center10,5,1533,-0.010162001512359407,1.1475143701235908,-3.8719004021571473,-2.820547567410538,-0.0007086086122692729,2.674074395559873,3.808477797877878
validation,2026.8.10-8.20/log_15_2026-8-20-06-08-16.ulg,0,D0_raw,0,580,-0.2560714015367368,2.885082936526937,-7.953289838385228,-7.099543373226005,-0.0034880617815349485,6.1185862409000435,8.593485773259948
validation,2026.8.10-8.20/log_15_2026-8-20-06-08-16.ulg,0,D0_raw,1,580,-0.1776260774438742,4.670826476295485,-13.27929011064475,-11.506461447337246,-0.007274958897842947,9.98864246007159,11.39645347363948
validation,2026.8.10-8.20/log_15_2026-8-20-06-08-16.ulg,0,D0_raw,2,580,0.04674884067668972,12.722315065377668,-23.391429082718563,-20.840804209706157,1.1226035646983432,22.415014498641497,23.80223932278612
validation,2026.8.10-8.20/log_15_2026-8-20-06-08-16.ulg,0,D0_raw,3,580,-0.08477736067741751,23.09815934606059,-66.06868622722153,-49.32079985014828,-1.614142890252417,58.30190729011455,73.13603401087566
validation,2026.8.10-8.20/log_15_2026-8-20-06-08-16.ulg,0,D0_raw,4,580,-0.1298205390510497,22.088451711289824,-50.938242085263326,-44.637039727800435,0.6658877511367747,37.48265966557259,45.65504942619206
validation,2026.8.10-8.20/log_15_2026-8-20-06-08-16.ulg,0,D0_raw,5,580,0.015868050955423055,5.456705326082393,-22.026705359650848,-15.60765635919319,0.8146934951496658,10.97978265578934,12.083420642078154
validation,2026.8.10-8.20/log_15_2026-8-20-06-08-16.ulg,0,D1_lp4,0,580,-0.2666986555068948,1.3648000170074446,-4.5990877071723455,-3.7215437598667958,-0.3825873927274326,2.3244547195637257,2.7389634299268875
validation,2026.8.10-8.20/log_15_2026-8-20-06-08-16.ulg,0,D1_lp4,1,580,-0.16292781523860272,1.5432009151546298,-5.207819288687622,-4.095884443500263,0.0654950072884733,2.384913713061454,2.4929164526513334
validation,2026.8.10-8.20/log_15_2026-8-20-06-08-16.ulg,0,D1_lp4,2,580,0.026104170259737998,4.763029001556361,-8.781042818234098,-8.19931655229848,0.07323390267513855,9.31595315113072,10.967846184944458
validation,2026.8.10-8.20/log_15_2026-8-20-06-08-16.ulg,0,D1_lp4,3,580,0.0075807166264048684,3.6925328523200864,-11.676881820859252,-8.42846554982155,0.03022754962868905,8.83681562105234,10.72687522769315
validation,2026.8.10-8.20/log_15_2026-8-20-06-08-16.ulg,0,D1_lp4,4,580,-0.02977609562411021,2.45436626022673,-5.0103593475596595,-4.32939991118565,-0.07151138367182697,5.22228865214054,6.724580289005478
validation,2026.8.10-8.20/log_15_2026-8-20-06-08-16.ulg,0,D1_lp4,5,580,0.04252179621960445,1.0779793160197735,-3.0478422048180476,-2.2655426459070083,0.04847767082837602,2.4462400200582284,2.75620180202456
validation,2026.8.10-8.20/log_15_2026-8-20-06-08-16.ulg,0,D1_lp6,0,580,-0.27248493506854576,2.0272724711158228,-7.352623294088907,-5.920751008120056,-0.11208709409683555,3.4893127084635243,3.9048224975570287
validation,2026.8.10-8.20/log_15_2026-8-20-06-08-16.ulg,0,D1_lp6,1,580,-0.16154452667034125,3.2498253471473753,-8.979605951896119,-8.016352231877702,0.2885933215579367,5.4570894446587905,6.013389425756869
validation,2026.8.10-8.20/log_15_2026-8-20-06-08-16.ulg,0,D1_lp6,2,580,0.03728301205876346,11.459512377348096,-18.99855878120312,-17.185877024403098,0.2584150884086363,17.097400461493265,17.84962519475159
validation,2026.8.10-8.20/log_15_2026-8-20-06-08-16.ulg,0,D1_lp6,3,580,0.010778028777873367,8.220805478145198,-23.3569752848677,-19.77367078012912,-0.33427952660547217,21.12834228589273,24.181770694905744
validation,2026.8.10-8.20/log_15_2026-8-20-06-08-16.ulg,0,D1_lp6,4,580,-0.05055080261994199,5.934383713744555,-12.5960332636239,-11.00976244043197,-0.20137622886481824,10.803058084080835,12.756220766322178
validation,2026.8.10-8.20/log_15_2026-8-20-06-08-16.ulg,0,D1_lp6,5,580,0.041797560063473176,2.3088697293624327,-5.576636701564079,-4.7424173228940525,0.10750905079550868,4.7673298201278635,5.517444452619124
validation,2026.8.10-8.20/log_15_2026-8-20-06-08-16.ulg,0,D1_lp8,0,580,-0.2735411066332053,2.1576512661460288,-7.5450036845791395,-6.087180429861767,-0.11390222994475828,3.9520335762378145,4.655806415421052
validation,2026.8.10-8.20/log_15_2026-8-20-06-08-16.ulg,0,D1_lp8,1,580,-0.16261206707242473,3.538204422562341,-9.577110419269422,-8.561161830993928,0.5781202570379513,6.117906780198468,6.615401690655407
validation,2026.8.10-8.20/log_15_2026-8-20-06-08-16.ulg,0,D1_lp8,2,580,0.03936192145456188,12.01417148448256,-20.2910147318418,-18.260810255694174,0.3986530455300335,17.61542400238204,18.06714858085911
validation,2026.8.10-8.20/log_15_2026-8-20-06-08-16.ulg,0,D1_lp8,3,580,0.006762650034617683,9.630061131958472,-20.405989180600002,-19.143905432385473,-1.1643741850337386,27.64692277299131,32.22100803314491
validation,2026.8.10-8.20/log_15_2026-8-20-06-08-16.ulg,0,D1_lp8,4,580,-0.05814697835118756,8.032695724482052,-19.249687859173598,-16.402712632572026,-0.21913434979145083,15.000419026211372,17.706120949040315
validation,2026.8.10-8.20/log_15_2026-8-20-06-08-16.ulg,0,D1_lp8,5,580,0.043256602634256854,2.623234894934393,-7.0142932522403445,-5.86883544962274,0.5950976092702709,4.638596050325184,5.060955945551134
validation,2026.8.10-8.20/log_15_2026-8-20-06-08-16.ulg,0,D1_lp12,0,580,-0.2714427728018594,2.5362470118219016,-7.583593962985752,-6.2385420863220835,0.02809313371097594,5.221413627294292,7.0691393273866945
validation,2026.8.10-8.20/log_15_2026-8-20-06-08-16.ulg,0,D1_lp12,1,580,-0.1671203165901541,4.227143460648587,-11.424824099596568,-10.213037595522854,0.0005717600147087838,7.947947882518039,9.172238437808154
validation,2026.8.10-8.20/log_15_2026-8-20-06-08-16.ulg,0,D1_lp12,2,580,0.043336672032814126,12.148054773532282,-21.495323713361092,-19.556930070830113,0.761096330338014,18.194594160905268,19.153543253071298
validation,2026.8.10-8.20/log_15_2026-8-20-06-08-16.ulg,0,D1_lp12,3,580,0.004229433746972535,14.32114929860873,-31.455493813936187,-26.500503448598796,-1.2425964212270912,33.87009151271636,40.498704950539945
validation,2026.8.10-8.20/log_15_2026-8-20-06-08-16.ulg,0,D1_lp12,4,580,-0.06632752888689408,15.014255116050284,-32.449722221653225,-28.59979896896807,-0.6975196013843997,27.067789125519333,34.63543994947908
validation,2026.8.10-8.20/log_15_2026-8-20-06-08-16.ulg,0,D1_lp12,5,580,0.04703366304557597,3.8035963050639308,-10.78008304593053,-8.800030334294057,0.8392952868885173,7.57926262283547,9.416914461628952
validation,2026.8.10-8.20/log_15_2026-8-20-06-08-16.ulg,0,D2_center2,0,580,-0.27358372473449344,2.558999823462849,-7.552499208713339,-6.424951393392279,0.08694447252558413,5.584247748128704,7.342804851107156
validation,2026.8.10-8.20/log_15_2026-8-20-06-08-16.ulg,0,D2_center2,1,580,-0.16601433399407475,4.258929633015325,-12.03011280220954,-9.824738855019879,-0.1017730740963591,8.098544621002965,9.278383369045283
validation,2026.8.10-8.20/log_15_2026-8-20-06-08-16.ulg,0,D2_center2,2,580,0.040736735965994315,12.168597869693471,-21.290530642868738,-20.006351857242606,1.3825592670169728,19.571212435721502,20.3979844376122
validation,2026.8.10-8.20/log_15_2026-8-20-06-08-16.ulg,0,D2_center2,3,580,-0.03368905020954478,16.218809051778024,-38.75940713357295,-28.73224769411544,-2.461717242292028,35.89858760499128,43.05351585926698
validation,2026.8.10-8.20/log_15_2026-8-20-06-08-16.ulg,0,D2_center2,4,580,-0.06724698436591794,17.175533923888292,-36.108704047781515,-30.928508466732914,1.759739300848583,30.03978749853884,32.393955621741824
validation,2026.8.10-8.20/log_15_2026-8-20-06-08-16.ulg,0,D2_center2,5,580,0.04261556453528154,4.104751650055312,-13.51773336691932,-10.515442805843353,1.0457604166393324,7.170384116693929,9.016426584896035
validation,2026.8.10-8.20/log_15_2026-8-20-06-08-16.ulg,0,D2_center5,0,580,-0.27216934830359424,1.8054089335732677,-6.356836350802013,-5.060764747511929,-0.14309432657336146,3.145319587914119,3.6541607829718323
validation,2026.8.10-8.20/log_15_2026-8-20-06-08-16.ulg,0,D2_center5,1,580,-0.1598876642226394,2.7356644171635893,-7.720774024937382,-6.592674387401472,0.41429925748301677,4.346099773872347,4.654949963037007
validation,2026.8.10-8.20/log_15_2026-8-20-06-08-16.ulg,0,D2_center5,2,580,0.03405245788816074,9.24423212784187,-15.47852911451448,-14.304939981651163,6.67369477927466e-05,13.50438176811365,14.337969780990042
validation,2026.8.10-8.20/log_15_2026-8-20-06-08-16.ulg,0,D2_center5,3,580,-0.003248913447856075,7.647191266204547,-19.499925956271284,-15.876525971020223,-0.14208635091711203,21.0910747769757,27.311742478965126
validation,2026.8.10-8.20/log_15_2026-8-20-06-08-16.ulg,0,D2_center5,4,580,-0.05305706091595887,6.295256136861153,-13.583002799260845,-12.824025905542657,-0.2274561932816821,13.48568755615185,18.581579774627265
validation,2026.8.10-8.20/log_15_2026-8-20-06-08-16.ulg,0,D2_center5,5,580,0.04092781697390006,2.066953015093462,-5.194398889741653,-4.621621970628557,0.2595161340186264,3.725736859951314,4.575096007604945
validation,2026.8.10-8.20/log_15_2026-8-20-06-08-16.ulg,0,D2_center10,0,580,-0.26642993340674437,1.2480921107957026,-3.634565650730306,-3.092081481979298,-0.4490889930797993,2.085766783547423,2.4226297073125314
validation,2026.8.10-8.20/log_15_2026-8-20-06-08-16.ulg,0,D2_center10,1,580,-0.1621589505270312,1.1910190681783595,-3.8577539740537055,-3.126554870045182,-0.19348820384438167,2.2583049574306155,2.781474433693808
validation,2026.8.10-8.20/log_15_2026-8-20-06-08-16.ulg,0,D2_center10,2,580,0.019946603132858464,2.4145961287984488,-5.581717092716642,-4.765808954038014,-0.16451832660053367,5.36107496946075,6.493488478882186
validation,2026.8.10-8.20/log_15_2026-8-20-06-08-16.ulg,0,D2_center10,3,580,0.0064597323505663886,3.1794393097116496,-8.471578503995934,-7.666707241357488,0.2226454264235418,6.251329096554405,8.244342496522867
validation,2026.8.10-8.20/log_15_2026-8-20-06-08-16.ulg,0,D2_center10,4,580,-0.016527761258192688,3.325070919197096,-7.304929430632509,-6.260718954684388,-0.28308496481629664,6.28733442105722,8.274420805044592
validation,2026.8.10-8.20/log_15_2026-8-20-06-08-16.ulg,0,D2_center10,5,580,0.04561040319090723,0.9048269783261882,-2.088151546304636,-1.7604446983149895,-0.044032548320208725,2.3128293162976274,3.0773590864222853
validation,2026.8.10-8.20/log_15_2026-8-20-06-08-16.ulg,1,D0_raw,0,4568,0.021444523994675033,3.528458999412899,-14.768668600526054,-9.184134042933739,-0.08146903630912475,10.778685028045814,27.69842475119464
validation,2026.8.10-8.20/log_15_2026-8-20-06-08-16.ulg,1,D0_raw,1,4568,0.032162902646185244,3.438349037419666,-13.936096922274606,-9.567334122884471,0.005384539638320725,9.734384276374971,19.39061421742825
validation,2026.8.10-8.20/log_15_2026-8-20-06-08-16.ulg,1,D0_raw,2,4568,0.007804627458599587,10.37925029472064,-25.303285673103606,-18.926654451680577,1.0695657249952997,19.191404361916803,27.878585463737974
validation,2026.8.10-8.20/log_15_2026-8-20-06-08-16.ulg,1,D0_raw,3,4568,-0.06303723941017612,24.709725056815213,-100.87773174003355,-50.9621134704269,-2.208673469441967,67.55968792669123,176.98231882971282
validation,2026.8.10-8.20/log_15_2026-8-20-06-08-16.ulg,1,D0_raw,4,4568,-0.006271008478506193,19.694357251717953,-58.292524288256715,-41.01503766946863,0.6957605962365784,38.375531420917106,60.5025041305836
validation,2026.8.10-8.20/log_15_2026-8-20-06-08-16.ulg,1,D0_raw,5,4568,-0.006253442218930705,4.644140915989493,-18.5947558213178,-11.445897987766271,0.14125006162346534,11.710014614889458,19.13411235725792
validation,2026.8.10-8.20/log_15_2026-8-20-06-08-16.ulg,1,D1_lp4,0,4568,0.022347175921647734,2.23590218353138,-9.983486881666707,-5.3544532515701695,-0.058100370612479885,7.687828106615934,13.611352616454306
validation,2026.8.10-8.20/log_15_2026-8-20-06-08-16.ulg,1,D1_lp4,1,4568,0.029256799017301285,2.1560170058044426,-7.256397416710158,-6.05107544786765,0.05623469393078883,6.212380916584581,8.720821189255672
validation,2026.8.10-8.20/log_15_2026-8-20-06-08-16.ulg,1,D1_lp4,2,4568,0.0011448206923099882,5.625824905372673,-10.706619210399909,-9.331585511509637,-0.1317517301824248,10.280865749424915,12.272021556645846
validation,2026.8.10-8.20/log_15_2026-8-20-06-08-16.ulg,1,D1_lp4,3,4568,-0.006324668380126354,4.86948882400706,-22.800355044203812,-10.906935947790952,0.07935080318204207,10.563796566355846,24.296255166842524
validation,2026.8.10-8.20/log_15_2026-8-20-06-08-16.ulg,1,D1_lp4,4,4568,0.004880057427603651,4.206997013345833,-8.769269508543237,-7.124397217816225,-0.0430451600663361,7.852101810224854,12.494631042458355
validation,2026.8.10-8.20/log_15_2026-8-20-06-08-16.ulg,1,D1_lp4,5,4568,-0.002608895435458514,1.2294101285942518,-5.38593771036099,-3.0823170533181594,0.0002666783513553027,2.890779860844046,4.779122312891107
validation,2026.8.10-8.20/log_15_2026-8-20-06-08-16.ulg,1,D1_lp6,0,4568,0.022564599140295204,2.8083550186763424,-12.461598638346839,-7.191251537092199,-0.01759016635287863,9.368038448016767,19.763522391180885
validation,2026.8.10-8.20/log_15_2026-8-20-06-08-16.ulg,1,D1_lp6,1,4568,0.02983436572744045,2.7808273730662063,-11.047813707524814,-8.062894462105035,0.06675739642054286,8.665008975498843,15.544814373595111
validation,2026.8.10-8.20/log_15_2026-8-20-06-08-16.ulg,1,D1_lp6,2,4568,0.004473998029761717,9.518110579807189,-18.283115506363796,-15.789102215619984,0.021276334061681685,15.009366066520434,17.674537583504065
validation,2026.8.10-8.20/log_15_2026-8-20-06-08-16.ulg,1,D1_lp6,3,4568,-0.004781313447094482,9.004626500703507,-42.463014989224874,-24.14067131480934,-0.25792657542663905,24.989566240381347,45.487966502157214
validation,2026.8.10-8.20/log_15_2026-8-20-06-08-16.ulg,1,D1_lp6,4,4568,0.004510952930607292,8.057215870191122,-22.290649426651825,-16.78110580473751,1.3518044016363011,16.84654303455389,22.373254465105212
validation,2026.8.10-8.20/log_15_2026-8-20-06-08-16.ulg,1,D1_lp6,5,4568,-0.002006339416950193,2.1091526333042037,-9.469986387486017,-5.722225515221397,0.07680780923111707,5.880749083050496,8.621983807294106
validation,2026.8.10-8.20/log_15_2026-8-20-06-08-16.ulg,1,D1_lp8,0,4568,0.02249827550658767,2.97466648699842,-12.573861261181642,-7.526504532564375,-0.017880551411456072,9.77978405326945,20.683269501527477
validation,2026.8.10-8.20/log_15_2026-8-20-06-08-16.ulg,1,D1_lp8,1,4568,0.029531529184865173,2.9458714413008824,-11.60216214396903,-8.47989792358304,0.03342453299262822,9.054148938454935,16.523877561077057
validation,2026.8.10-8.20/log_15_2026-8-20-06-08-16.ulg,1,D1_lp8,2,4568,0.005195724827920904,9.819655663691075,-20.514622612705757,-16.5430520355622,0.2176656145776782,15.682824622734891,17.905559224161607
validation,2026.8.10-8.20/log_15_2026-8-20-06-08-16.ulg,1,D1_lp8,3,4568,0.0013336118139469716,10.928732804130211,-40.398078008703365,-24.507869382255514,-0.698198946068423,28.7370194374768,51.929928759057546
validation,2026.8.10-8.20/log_15_2026-8-20-06-08-16.ulg,1,D1_lp8,4,4568,0.005602685292867707,10.972459550120345,-25.874975506304366,-21.906890845173574,2.12306116114184,19.108870690591633,25.979482022158166
validation,2026.8.10-8.20/log_15_2026-8-20-06-08-16.ulg,1,D1_lp8,5,4568,-0.0013903738663597809,2.4665419149291092,-11.278762016541751,-6.6297408750942415,0.3186116238576664,6.116230261481792,9.463430117323309
validation,2026.8.10-8.20/log_15_2026-8-20-06-08-16.ulg,1,D1_lp12,0,4568,0.02267118877833324,3.224027292369804,-13.002877970345207,-8.325903552921355,-0.0560291154209801,10.213973046590649,21.157145220172815
validation,2026.8.10-8.20/log_15_2026-8-20-06-08-16.ulg,1,D1_lp12,1,4568,0.03018412953834746,3.1615516284022287,-12.008239014382742,-9.064316883968008,0.042379698871834556,9.196490443061528,16.36032987608286
validation,2026.8.10-8.20/log_15_2026-8-20-06-08-16.ulg,1,D1_lp12,2,4568,0.0059437000944125755,9.87093370117278,-21.179952509385682,-17.266341781334297,0.361195434698673,15.88035148586677,18.56824115785096
validation,2026.8.10-8.20/log_15_2026-8-20-06-08-16.ulg,1,D1_lp12,3,4568,0.011373476754230618,14.637574840959191,-43.49037615515714,-29.854919562712425,-0.7867282561945093,37.30747871664939,60.08584781903969
validation,2026.8.10-8.20/log_15_2026-8-20-06-08-16.ulg,1,D1_lp12,4,4568,0.00594125574004344,15.129252977388246,-40.52724881368504,-30.473463655552802,0.37158551710067905,27.866883096582175,37.3699641123683
validation,2026.8.10-8.20/log_15_2026-8-20-06-08-16.ulg,1,D1_lp12,5,4568,-0.0006088164325109918,3.023459753698305,-14.50048793569716,-8.336671603558935,0.47043723599378545,6.220720175142591,10.496840418284549
validation,2026.8.10-8.20/log_15_2026-8-20-06-08-16.ulg,1,D2_center2,0,4568,0.02177916996179387,3.2873604665743983,-13.415565034873232,-8.678759645889983,-0.05539737699455506,10.276260233110015,22.897157240468495
validation,2026.8.10-8.20/log_15_2026-8-20-06-08-16.ulg,1,D2_center2,1,4568,0.03149933987644282,3.2173078177175563,-12.289454303439323,-9.06912517374699,0.042264200199436754,9.490817279108915,17.84472306995363
validation,2026.8.10-8.20/log_15_2026-8-20-06-08-16.ulg,1,D2_center2,2,4568,0.007400968980154497,9.98985242708933,-22.129934348490604,-17.933402759509146,0.8631090429039068,17.06568094134373,20.667198069621016
validation,2026.8.10-8.20/log_15_2026-8-20-06-08-16.ulg,1,D2_center2,3,4568,-0.004060389591900857,17.06792657321315,-55.73472544966013,-37.316246761857975,-0.9993420584283466,44.12729211037729,66.27976770441416
validation,2026.8.10-8.20/log_15_2026-8-20-06-08-16.ulg,1,D2_center2,4,4568,-0.0032063870864573697,16.504700782500997,-40.94018947983214,-30.773638412164047,0.5619937124591243,29.778228218311924,48.05176424850029
validation,2026.8.10-8.20/log_15_2026-8-20-06-08-16.ulg,1,D2_center2,5,4568,-0.003902809508063348,3.411255591146866,-15.876485832086635,-9.023786053088422,0.3666984880820855,7.670130135498588,10.841712066302673
validation,2026.8.10-8.20/log_15_2026-8-20-06-08-16.ulg,1,D2_center5,0,4568,0.021811615063854012,2.60261070571896,-11.176196713165197,-6.488929423735863,-0.02266545520378544,8.74849916487595,17.067703989813516
validation,2026.8.10-8.20/log_15_2026-8-20-06-08-16.ulg,1,D2_center5,1,4568,0.02959960294849582,2.557630030122887,-10.041729067156759,-7.394092593659781,0.04557566582411529,7.889455725124396,13.454744525621749
validation,2026.8.10-8.20/log_15_2026-8-20-06-08-16.ulg,1,D2_center5,2,4568,0.0034654000427010597,7.932764535966266,-15.756119584373765,-12.958452547589953,-0.06421507088765198,12.132923299344867,14.842555205951857
validation,2026.8.10-8.20/log_15_2026-8-20-06-08-16.ulg,1,D2_center5,3,4568,-0.010529640855021335,8.617631023638305,-33.891420938820794,-21.13384961611137,-0.6141633423376421,22.03425282104599,45.04242485978633
validation,2026.8.10-8.20/log_15_2026-8-20-06-08-16.ulg,1,D2_center5,4,4568,0.00471889527115837,7.931341563575098,-19.611862015223494,-16.128152685633005,1.919737947770654,14.364532803390336,19.32571485737553
validation,2026.8.10-8.20/log_15_2026-8-20-06-08-16.ulg,1,D2_center5,5,4568,-0.0028568853929978846,1.9619031241355065,-9.368211714848414,-5.138820681430965,0.10135331900560077,4.935579374891105,7.563558049265493
validation,2026.8.10-8.20/log_15_2026-8-20-06-08-16.ulg,1,D2_center10,0,4568,0.022331421743622522,2.0240284966551982,-7.985833209800928,-4.7129331282952895,-0.061021844244669984,6.963261806075951,10.775446582990554
validation,2026.8.10-8.20/log_15_2026-8-20-06-08-16.ulg,1,D2_center10,1,4568,0.02812655600982564,1.9559055061881787,-6.007655183655808,-4.865178859482877,0.07596959684818652,5.5243620556606245,7.176452280605714
validation,2026.8.10-8.20/log_15_2026-8-20-06-08-16.ulg,1,D2_center10,2,4568,0.0007184880732067464,2.9867497621797603,-7.622875189235471,-5.363500510053909,-0.15418480427354317,6.218591639768036,7.831218114396276
validation,2026.8.10-8.20/log_15_2026-8-20-06-08-16.ulg,1,D2_center10,3,4568,-0.006204816625948357,3.780490568890007,-15.850908972973354,-9.035410932575557,0.19164752636717042,7.823991974765825,12.662265383978855
validation,2026.8.10-8.20/log_15_2026-8-20-06-08-16.ulg,1,D2_center10,4,4568,0.0033539917339423997,3.7185564109422837,-10.062820915493779,-6.443211159706454,-0.252901642319158,7.49815824823425,10.444957474902479
validation,2026.8.10-8.20/log_15_2026-8-20-06-08-16.ulg,1,D2_center10,5,4568,-0.0022515012778095774,0.9832451470736102,-3.848968383435303,-2.392112714969554,-0.038507806859794755,2.3692197178899352,3.465151529494573
validation,2026.8.10-8.20/log_15_2026-8-20-06-08-16.ulg,2,D0_raw,0,2693,0.12537757629888643,2.3406375048685186,-9.853790417761768,-5.68190157439061,-0.15311038316720618,8.27330915052306,12.11274846222839
validation,2026.8.10-8.20/log_15_2026-8-20-06-08-16.ulg,2,D0_raw,1,2693,-0.008673624835554387,2.5464379516782176,-10.022682730065354,-7.924636025856155,-0.015672387182809486,5.366364733690934,7.772890070478728
validation,2026.8.10-8.20/log_15_2026-8-20-06-08-16.ulg,2,D0_raw,2,2693,0.020275850148570074,9.326464236804913,-22.382299698674085,-17.963642242710094,1.226957342001267,18.357720723090694,23.4721899510403
validation,2026.8.10-8.20/log_15_2026-8-20-06-08-16.ulg,2,D0_raw,3,2693,0.07392260884245788,19.868553434385657,-90.17201090684505,-45.28210943780685,-0.20734854932836863,54.89364875560659,125.28848846391367
validation,2026.8.10-8.20/log_15_2026-8-20-06-08-16.ulg,2,D0_raw,4,2693,0.008480528269490632,17.206223075468117,-46.27280029101699,-36.44815994324372,1.144723344154546,34.511226288488324,45.35030880842492
validation,2026.8.10-8.20/log_15_2026-8-20-06-08-16.ulg,2,D0_raw,5,2693,-0.01911665973651427,3.7596984794670094,-19.921166634750275,-10.339590926657452,0.23398660731845375,8.736977974951142,13.217211265411255
validation,2026.8.10-8.20/log_15_2026-8-20-06-08-16.ulg,2,D1_lp4,0,2693,0.12855979845245427,1.4620205211439623,-4.133417910521316,-2.5994715380993783,-0.1318838085675572,5.064817534081273,7.175756258694935
validation,2026.8.10-8.20/log_15_2026-8-20-06-08-16.ulg,2,D1_lp4,1,2693,-0.011178755599136085,1.5159836009374315,-5.9599401405405095,-4.066420566774419,-0.016156975451271503,3.782231083042237,5.122086455721307
validation,2026.8.10-8.20/log_15_2026-8-20-06-08-16.ulg,2,D1_lp4,2,2693,0.0224309439006146,6.521958958691095,-11.6868744037089,-10.531425247617577,0.09923474219473195,10.697836207112967,11.729286580569791
validation,2026.8.10-8.20/log_15_2026-8-20-06-08-16.ulg,2,D1_lp4,3,2693,-0.004294643193469021,4.411295717886073,-13.23357840693806,-9.633976804423593,0.1246327954235949,8.97445365148499,13.564011173705769
validation,2026.8.10-8.20/log_15_2026-8-20-06-08-16.ulg,2,D1_lp4,4,2693,-0.006115121208723374,3.504236566140135,-9.383313919193371,-6.609132289668274,-0.029297661809967592,7.175027740893625,8.818485205934248
validation,2026.8.10-8.20/log_15_2026-8-20-06-08-16.ulg,2,D1_lp4,5,2693,-0.007809576816915343,1.25521588605151,-4.839625487481028,-3.0408596440044375,0.02355270608289779,2.8866765745741976,4.319629720809872
validation,2026.8.10-8.20/log_15_2026-8-20-06-08-16.ulg,2,D1_lp6,0,2693,0.12720938607342536,1.8359469243755715,-6.3248350376457,-3.4320116232028464,-0.267104142230789,7.037007465568216,10.180975402480847
validation,2026.8.10-8.20/log_15_2026-8-20-06-08-16.ulg,2,D1_lp6,1,2693,-0.01053532711781882,1.8982978033304085,-9.083648656623943,-5.943174356683411,-0.07714649956047194,4.2873600276742225,5.68684280606358
validation,2026.8.10-8.20/log_15_2026-8-20-06-08-16.ulg,2,D1_lp6,2,2693,0.019942989146449708,8.74430444696734,-16.83264887850689,-14.931196561957805,0.2809768277342584,14.577645347973304,17.30676887684678
validation,2026.8.10-8.20/log_15_2026-8-20-06-08-16.ulg,2,D1_lp6,3,2693,0.004580044139063985,6.568393130949356,-24.489112209813552,-14.7450168866006,0.5920547319236307,14.586108136073241,23.779593487938456
validation,2026.8.10-8.20/log_15_2026-8-20-06-08-16.ulg,2,D1_lp6,4,2693,0.0037216332582105183,6.729098912950678,-16.53967805995724,-12.44350130103392,0.7536674610207797,13.612565973568916,14.885228413288335
validation,2026.8.10-8.20/log_15_2026-8-20-06-08-16.ulg,2,D1_lp6,5,2693,-0.007638516502263743,1.8014473302105236,-7.439380499628666,-4.745166474348879,0.23616967816093537,4.1443166066381485,5.858386961269426
validation,2026.8.10-8.20/log_15_2026-8-20-06-08-16.ulg,2,D1_lp8,0,2693,0.1264225183709613,1.9644362301454177,-7.454157249086511,-3.688936417978287,-0.24225488090565614,7.068996931514604,10.817002841688694
validation,2026.8.10-8.20/log_15_2026-8-20-06-08-16.ulg,2,D1_lp8,1,2693,-0.008852779360276487,2.123210391659843,-9.345783646851658,-6.381427889534094,-0.0884050513205996,4.76403737977705,6.275390667395587
validation,2026.8.10-8.20/log_15_2026-8-20-06-08-16.ulg,2,D1_lp8,2,2693,0.019694483009227232,8.891309888380723,-17.79124963099014,-15.766350835963438,0.5317736610260152,14.971961797049389,17.846067045361202
validation,2026.8.10-8.20/log_15_2026-8-20-06-08-16.ulg,2,D1_lp8,3,2693,0.007713854916248689,8.35448119567664,-27.489339405662385,-18.758022701329065,0.6478531221295695,18.07272716204921,27.42457797188257
validation,2026.8.10-8.20/log_15_2026-8-20-06-08-16.ulg,2,D1_lp8,4,2693,0.007157405869626473,10.840678810526779,-24.235581644114077,-20.457637495873488,0.6619410170693909,19.530040087130942,21.955715545975426
validation,2026.8.10-8.20/log_15_2026-8-20-06-08-16.ulg,2,D1_lp8,5,2693,-0.00743297165016674,2.104953863485972,-9.400256278771828,-6.069952282392308,0.4370213018135077,4.350769100040398,5.791352531445209
validation,2026.8.10-8.20/log_15_2026-8-20-06-08-16.ulg,2,D1_lp12,0,2693,0.1256752377576362,2.1129974412889667,-9.007178915199415,-4.529480202533069,-0.22315816798816976,7.658329838958439,11.342564629286878
validation,2026.8.10-8.20/log_15_2026-8-20-06-08-16.ulg,2,D1_lp12,1,2693,-0.007948196725788637,2.32694756429238,-9.360346551438461,-6.92419406812789,-0.06644004012006004,5.1227346960096884,6.519882089454237
validation,2026.8.10-8.20/log_15_2026-8-20-06-08-16.ulg,2,D1_lp12,2,2693,0.019153503035081225,8.939542338043923,-19.134848705796042,-16.55771736895115,0.7410270356718361,15.262890348789995,18.539793677752495
validation,2026.8.10-8.20/log_15_2026-8-20-06-08-16.ulg,2,D1_lp12,3,2693,-0.005131278991762783,10.847158299587147,-35.198724526314884,-25.881316749900808,0.5020323924596322,23.689005666420027,39.052917480685075
validation,2026.8.10-8.20/log_15_2026-8-20-06-08-16.ulg,2,D1_lp12,4,2693,0.003177549182223177,13.801305986845035,-31.637304405862878,-26.935087407982902,-0.3340572251928409,25.27496727272701,30.145243846571272
validation,2026.8.10-8.20/log_15_2026-8-20-06-08-16.ulg,2,D1_lp12,5,2693,-0.008829062189431306,2.5455887436111007,-12.816798871883517,-7.6712047938465915,0.4612776577924628,5.714164515231311,9.001081367745819
validation,2026.8.10-8.20/log_15_2026-8-20-06-08-16.ulg,2,D2_center2,0,2693,0.12548632336159996,2.1541614673660727,-9.043420917342097,-4.627348701915276,-0.2062129279124408,7.365828785816314,12.017080025708312
validation,2026.8.10-8.20/log_15_2026-8-20-06-08-16.ulg,2,D2_center2,1,2693,-0.008511673519930794,2.3689256107203014,-9.325011315211235,-7.31138432199634,-0.04410358464027409,5.090429775821158,6.929315826524884
validation,2026.8.10-8.20/log_15_2026-8-20-06-08-16.ulg,2,D2_center2,2,2693,0.021168757166011964,9.016020251181757,-20.154522512163027,-17.038634726370343,0.8628517818596094,16.047848944271237,21.330673475942845
validation,2026.8.10-8.20/log_15_2026-8-20-06-08-16.ulg,2,D2_center2,3,2693,0.008727040968024437,13.0561871657955,-45.94312305537013,-32.206124747164964,-0.11768658402406292,33.09098230238519,47.66289742319888
validation,2026.8.10-8.20/log_15_2026-8-20-06-08-16.ulg,2,D2_center2,4,2693,0.009886419944363881,14.775147711139496,-32.417880278398194,-27.686010760177496,0.7055841867324497,27.12749794912913,30.984824366213516
validation,2026.8.10-8.20/log_15_2026-8-20-06-08-16.ulg,2,D2_center2,5,2693,-0.011123940449628918,2.831949332016055,-14.275867664560492,-8.423604449407017,0.4176673079440048,6.170087229858532,9.383422228288156
validation,2026.8.10-8.20/log_15_2026-8-20-06-08-16.ulg,2,D2_center5,0,2693,0.1278455938556669,1.6889738562465588,-5.986503619498879,-3.0439113080515563,-0.22241498313678534,6.157414426965046,9.164602517371602
validation,2026.8.10-8.20/log_15_2026-8-20-06-08-16.ulg,2,D2_center5,1,2693,-0.010402396617409786,1.7712481840724796,-8.307907818402398,-5.504594048865427,-0.07983123298559985,4.10674146017118,5.514377828205164
validation,2026.8.10-8.20/log_15_2026-8-20-06-08-16.ulg,2,D2_center5,2,2693,0.0203160222324262,7.475221650751676,-14.331973061445135,-12.465917263041325,0.16536073601640583,11.61782453087063,13.966420932668978
validation,2026.8.10-8.20/log_15_2026-8-20-06-08-16.ulg,2,D2_center5,3,2693,0.003041741852855487,6.72207380039936,-27.148458623749516,-17.36859481312376,0.23780381959548802,14.802390062418644,24.193200571658785
validation,2026.8.10-8.20/log_15_2026-8-20-06-08-16.ulg,2,D2_center5,4,2693,-0.000184729925398507,7.280815956124941,-18.589755221876604,-14.196439605570323,0.1860336627986582,13.484887700107924,16.637534958652537
validation,2026.8.10-8.20/log_15_2026-8-20-06-08-16.ulg,2,D2_center5,5,2693,-0.00846415948168352,1.698133743056859,-7.388827077872985,-4.734054181499901,0.20337368139358938,3.8947444480988973,5.170637811772043
validation,2026.8.10-8.20/log_15_2026-8-20-06-08-16.ulg,2,D2_center10,0,2693,0.1302045428786822,1.2149833247210804,-3.164211747710553,-2.5164871855727187,-0.0708398896139007,4.281555784738779,5.304621357620383
validation,2026.8.10-8.20/log_15_2026-8-20-06-08-16.ulg,2,D2_center10,1,2693,-0.010989233952556925,1.260693836126064,-4.988144185958663,-3.2363305508204565,0.041656893221119845,2.9995044449010084,3.9922094155158923
validation,2026.8.10-8.20/log_15_2026-8-20-06-08-16.ulg,2,D2_center10,2,2693,0.021801681195155166,3.626471945589934,-7.0288400913876306,-6.163548293673932,-0.04966162779940289,6.54335004591782,7.356871006727351
validation,2026.8.10-8.20/log_15_2026-8-20-06-08-16.ulg,2,D2_center10,3,2693,-0.002700536339722432,3.321278785952758,-9.459524054774601,-7.110307794603177,-0.14114938942337185,7.50122946060579,11.80138339529725
validation,2026.8.10-8.20/log_15_2026-8-20-06-08-16.ulg,2,D2_center10,4,2693,-0.007807209098254831,3.4899897379000397,-10.245544033557842,-7.2465400639035105,0.11139544718673997,6.970695066360752,8.97211862420333
validation,2026.8.10-8.20/log_15_2026-8-20-06-08-16.ulg,2,D2_center10,5,2693,-0.007314946350580567,0.9041827589082161,-2.951049186679225,-2.042424508911894,-0.043857353562701595,2.411883779737197,4.3600603834919776
validation,2026.8.10-8.20/log_16_2026-8-20-06-20-52.ulg,0,D0_raw,0,1011,-0.26803692506415905,3.129613461416275,-10.584052124046552,-7.880138538268949,-0.09659604432260152,8.958970206001382,11.46344002809313
validation,2026.8.10-8.20/log_16_2026-8-20-06-20-52.ulg,0,D0_raw,1,1011,0.365507180412628,4.108354627544792,-11.686226723061411,-9.661076908508354,0.8076509476777934,8.767848385568152,11.543518857816556
validation,2026.8.10-8.20/log_16_2026-8-20-06-20-52.ulg,0,D0_raw,2,1011,0.0815706463541058,12.315487196597648,-21.517969032686523,-20.248179419750517,1.5673902447471855,22.29836001053948,26.974947221794633
validation,2026.8.10-8.20/log_16_2026-8-20-06-20-52.ulg,0,D0_raw,3,1011,-0.027043476214229464,25.158115975155688,-72.89959441620148,-50.91303012989805,-2.4167025854672093,58.436439838619826,75.32568800652511
validation,2026.8.10-8.20/log_16_2026-8-20-06-20-52.ulg,0,D0_raw,4,1011,-0.027299020423096836,21.972868037946235,-54.16439912951515,-43.85014462274708,0.0,40.7639199585393,47.84894388520998
validation,2026.8.10-8.20/log_16_2026-8-20-06-20-52.ulg,0,D0_raw,5,1011,0.045122107562855694,5.029915815651335,-16.57441528235123,-11.968326193765398,0.6730176416214544,12.682417222763501,20.74077480538631
validation,2026.8.10-8.20/log_16_2026-8-20-06-20-52.ulg,0,D1_lp4,0,1011,-0.26651026223698654,1.4665993877616266,-6.060055767137174,-4.851272179875894,-0.030740151834675378,2.970222375810096,3.666481678266904
validation,2026.8.10-8.20/log_16_2026-8-20-06-20-52.ulg,0,D1_lp4,1,1011,0.3890866065756627,1.6371034398749214,-5.6419821820293885,-4.281924106694701,0.538930518988096,3.5083355389702846,6.999180446604363
validation,2026.8.10-8.20/log_16_2026-8-20-06-20-52.ulg,0,D1_lp4,2,1011,0.04729311450743989,4.600380597297202,-8.516741937338853,-7.667898272641075,0.04698748649113235,8.559057809998015,10.35358875619783
validation,2026.8.10-8.20/log_16_2026-8-20-06-20-52.ulg,0,D1_lp4,3,1011,0.016896797783920628,4.435649670840644,-14.576870131551292,-8.863581262252412,-0.04748738870110156,9.489323865200458,18.812659408915202
validation,2026.8.10-8.20/log_16_2026-8-20-06-20-52.ulg,0,D1_lp4,4,1011,-0.02431721257066368,2.825631919929449,-8.076863473898182,-5.376634051945499,-0.14596475387148977,5.621651905728857,7.087889780445113
validation,2026.8.10-8.20/log_16_2026-8-20-06-20-52.ulg,0,D1_lp4,5,1011,0.015096626440004332,1.36737717976979,-4.211440903984877,-3.3780968297869127,0.022239075619331472,2.6463245955062114,3.6242565509821585
validation,2026.8.10-8.20/log_16_2026-8-20-06-20-52.ulg,0,D1_lp6,0,1011,-0.2683602985399139,2.2094114170407093,-8.909890315866052,-6.741332227623627,-0.11945799657006795,5.267084601070808,6.355317198369368
validation,2026.8.10-8.20/log_16_2026-8-20-06-20-52.ulg,0,D1_lp6,1,1011,0.3872292400629518,2.7693932058806014,-8.154553159148406,-7.251573109766065,0.6413433283018933,5.843269207901769,9.811570512440873
validation,2026.8.10-8.20/log_16_2026-8-20-06-20-52.ulg,0,D1_lp6,2,1011,0.0537179444229636,11.060241940796589,-18.38044867378022,-16.522605981790772,0.2931984194384013,16.81409083981201,17.53964300317872
validation,2026.8.10-8.20/log_16_2026-8-20-06-20-52.ulg,0,D1_lp6,3,1011,0.018439676721625442,9.99278932068134,-25.357865785771597,-20.172114876379187,-0.06093650371215821,22.3678477389329,32.00924338544352
validation,2026.8.10-8.20/log_16_2026-8-20-06-20-52.ulg,0,D1_lp6,4,1011,-0.019007816153076704,6.422445948711458,-12.372952701416073,-11.000133472596152,0.06902378800561267,11.460438093535862,13.703656327516068
validation,2026.8.10-8.20/log_16_2026-8-20-06-20-52.ulg,0,D1_lp6,5,1011,0.014973691087623529,3.005801889829433,-6.755940804855059,-5.794861791015592,0.1405766088669285,5.577830739251752,6.139122317918024
validation,2026.8.10-8.20/log_16_2026-8-20-06-20-52.ulg,0,D1_lp8,0,1011,-0.2678486456219357,2.3571095829466446,-9.448832274894176,-7.104507761950841,-0.13177080574520417,5.875131865980302,6.936548083321109
validation,2026.8.10-8.20/log_16_2026-8-20-06-20-52.ulg,0,D1_lp8,1,1011,0.3834788817573948,3.0047639545970593,-9.042400233556863,-7.321893570481514,0.7915838080316904,6.411961077585033,10.360178217483373
validation,2026.8.10-8.20/log_16_2026-8-20-06-20-52.ulg,0,D1_lp8,2,1011,0.054247938820516914,11.593115248263286,-19.57179797048823,-17.474920089338056,0.423271085020003,17.410050696122834,18.34392134415437
validation,2026.8.10-8.20/log_16_2026-8-20-06-20-52.ulg,0,D1_lp8,3,1011,0.017977991358954268,11.65394680972614,-22.7214112501157,-20.21142172215735,-1.316939548120518,28.991784268729468,38.04108208259581
validation,2026.8.10-8.20/log_16_2026-8-20-06-20-52.ulg,0,D1_lp8,4,1011,-0.0009942469143420785,8.521308332329962,-20.97134892528096,-17.171384220373728,0.6053585946103869,15.603866747572154,19.40746427285816
validation,2026.8.10-8.20/log_16_2026-8-20-06-20-52.ulg,0,D1_lp8,5,1011,0.017248781598060012,3.237288979604166,-8.041413605451464,-6.732148433108073,0.6922271809420614,5.405709063920189,6.021713930369354
validation,2026.8.10-8.20/log_16_2026-8-20-06-20-52.ulg,0,D1_lp12,0,1011,-0.2648301329145499,2.7779871141610286,-10.19569506394075,-7.693547599533528,-0.017734972781684285,7.422166965082334,8.854279547314292
validation,2026.8.10-8.20/log_16_2026-8-20-06-20-52.ulg,0,D1_lp12,1,1011,0.3776037124390553,3.64234407311081,-10.432018537694997,-8.472990017283914,0.6528291179458651,7.718329999007471,10.85493168140276
validation,2026.8.10-8.20/log_16_2026-8-20-06-20-52.ulg,0,D1_lp12,2,1011,0.05496149006710762,11.709546574647224,-20.243795547144376,-18.850985069377998,0.9551271179370714,18.03000072021211,19.935374368527782
validation,2026.8.10-8.20/log_16_2026-8-20-06-20-52.ulg,0,D1_lp12,3,1011,0.05397757251531325,16.910609144066655,-36.50962127045071,-29.966872382319583,-1.7828742873327494,39.70565188383942,50.54839615416863
validation,2026.8.10-8.20/log_16_2026-8-20-06-20-52.ulg,0,D1_lp12,4,1011,0.02556778894301412,15.206851564354576,-35.246713971658906,-27.716136489154884,0.5635084991659535,26.846621073308516,28.7252131942124
validation,2026.8.10-8.20/log_16_2026-8-20-06-20-52.ulg,0,D1_lp12,5,1011,0.027004679668870185,3.659351796120809,-10.62505574420084,-8.739673730782112,1.1642224866381794,5.618204984095446,7.083284756670882
validation,2026.8.10-8.20/log_16_2026-8-20-06-20-52.ulg,0,D2_center2,0,1011,-0.26746934735517475,2.813010624851764,-10.37405895956404,-7.0283525438961165,0.007688347395708144,7.862996732192898,9.756388388660609
validation,2026.8.10-8.20/log_16_2026-8-20-06-20-52.ulg,0,D2_center2,1,1011,0.3757110516149618,3.693231795980431,-10.765259104824263,-8.522234278116656,0.6658295597889586,7.654798295501434,10.893406934823744
validation,2026.8.10-8.20/log_16_2026-8-20-06-20-52.ulg,0,D2_center2,2,1011,0.04833995933303351,11.749530544014634,-20.644096076177142,-19.12106165470701,1.0001250984956893,19.257338524247675,21.697642535131035
validation,2026.8.10-8.20/log_16_2026-8-20-06-20-52.ulg,0,D2_center2,3,1011,0.033467882337816085,18.570612002240114,-40.505018684577855,-34.85365222337285,-0.5725452072475171,42.084967300447765,54.68776870383577
validation,2026.8.10-8.20/log_16_2026-8-20-06-20-52.ulg,0,D2_center2,4,1011,0.011269650033705765,17.234069709765663,-40.60180283657108,-30.09064158602765,0.5352813458596261,30.66884299710706,35.82602223444517
validation,2026.8.10-8.20/log_16_2026-8-20-06-20-52.ulg,0,D2_center2,5,1011,0.031835100679574235,3.9849187867358427,-11.041462670821007,-9.537328827995443,1.0150920560877954,7.474387716821104,10.518892176155378
validation,2026.8.10-8.20/log_16_2026-8-20-06-20-52.ulg,0,D2_center5,0,1011,-0.2664780915418254,1.9611930452925281,-8.030126966003468,-6.050529791960079,-0.19149134842630172,4.665954709765835,5.4287743346153805
validation,2026.8.10-8.20/log_16_2026-8-20-06-20-52.ulg,0,D2_center5,1,1011,0.3872370914675782,2.4130947700615644,-8.299443098417052,-6.291607627801062,0.7202282327260104,5.2083229565352225,8.838699223964204
validation,2026.8.10-8.20/log_16_2026-8-20-06-20-52.ulg,0,D2_center5,2,1011,0.05344225704982364,8.935609941480642,-14.770097241014216,-13.542511809323223,0.052158667416101506,13.179956944282443,14.11051829265194
validation,2026.8.10-8.20/log_16_2026-8-20-06-20-52.ulg,0,D2_center5,3,1011,0.017586441999721078,9.09033226379828,-20.80575213637831,-16.730751017374235,-1.2999360497500663,23.92326577594598,28.588008724869393
validation,2026.8.10-8.20/log_16_2026-8-20-06-20-52.ulg,0,D2_center5,4,1011,-0.020130767234691052,6.6233841404314875,-15.135130979289261,-13.536101522707957,0.12799018521199584,13.827579790032457,17.847884070968714
validation,2026.8.10-8.20/log_16_2026-8-20-06-20-52.ulg,0,D2_center5,5,1011,0.01424797160341377,2.554563375244711,-6.3676898245183855,-5.29859834365617,0.11118792150399781,4.2627288226403675,4.905277644310572
validation,2026.8.10-8.20/log_16_2026-8-20-06-20-52.ulg,0,D2_center10,0,1011,-0.2665571416956175,1.3562681682845004,-4.9546743391663615,-4.165452556135168,0.08388920541935134,2.3962148848354605,2.7753278386587166
validation,2026.8.10-8.20/log_16_2026-8-20-06-20-52.ulg,0,D2_center10,1,1011,0.38942736644221426,1.3862330751286778,-4.3870465044345375,-3.4212536233212236,0.49053024377816434,2.8556524400408336,4.753546676595829
validation,2026.8.10-8.20/log_16_2026-8-20-06-20-52.ulg,0,D2_center10,2,1011,0.04259515383684916,2.341583270558071,-5.571031634040167,-4.466539458132098,-0.07254243522963023,5.15146265747546,6.4413246749251
validation,2026.8.10-8.20/log_16_2026-8-20-06-20-52.ulg,0,D2_center10,3,1011,0.004272488091375939,3.6263455961240987,-11.469393291273683,-7.922236890471624,0.23992120510789988,7.522017213210346,10.815557826436988
validation,2026.8.10-8.20/log_16_2026-8-20-06-20-52.ulg,0,D2_center10,4,1011,-0.021445843892142404,3.426452822414068,-11.21117884803576,-6.723642589974535,-0.1149007895769507,6.5781080140691435,7.640312426217334
validation,2026.8.10-8.20/log_16_2026-8-20-06-20-52.ulg,0,D2_center10,5,1011,0.017119309968630887,0.9502545420456594,-4.467744388397765,-2.564557605049094,-0.0245073193671064,2.232843989843933,3.220630494771313
validation,2026.8.10-8.20/log_16_2026-8-20-06-20-52.ulg,1,D0_raw,0,4871,0.11755831969055558,2.5939996374366094,-9.23480112831389,-5.852275773893567,0.006409426676341319,7.036706381205508,9.950698570834723
validation,2026.8.10-8.20/log_16_2026-8-20-06-20-52.ulg,1,D0_raw,1,4871,-0.06227741375475241,2.6749396962189005,-11.24122559263092,-7.7550295119796395,-0.03274854233864575,6.23516516839983,8.861697509225268
validation,2026.8.10-8.20/log_16_2026-8-20-06-20-52.ulg,1,D0_raw,2,4871,0.009340555139916697,9.920533492855805,-20.049440586228258,-17.055815283429183,1.0892073087662295,17.86621988303264,24.17500421998351
validation,2026.8.10-8.20/log_16_2026-8-20-06-20-52.ulg,1,D0_raw,3,4871,-0.0858386818988481,20.997118907941015,-80.30700124906764,-46.24405077321116,-2.033300255624945,54.45763715956515,113.06015941249828
validation,2026.8.10-8.20/log_16_2026-8-20-06-20-52.ulg,1,D0_raw,4,4871,-0.01969882055801882,18.608072361076168,-49.66521651344664,-37.208135223054036,0.0,35.97664641847955,49.0948179144538
validation,2026.8.10-8.20/log_16_2026-8-20-06-20-52.ulg,1,D0_raw,5,4871,-0.0049519534971515814,3.873822977783371,-15.35324017399008,-9.959322175116304,0.23089216498240817,8.511833370824572,12.264148350607623
validation,2026.8.10-8.20/log_16_2026-8-20-06-20-52.ulg,1,D1_lp4,0,4871,0.12040123800631064,1.543124437411558,-5.220616241269521,-3.5035753902939812,0.034106650050315664,4.600069194121286,7.344437241007772
validation,2026.8.10-8.20/log_16_2026-8-20-06-20-52.ulg,1,D1_lp4,1,4871,-0.06737066388074003,1.6307497487591915,-6.137993364941072,-4.728423059835356,-0.026889487280413762,4.242697403735203,7.362010198805474
validation,2026.8.10-8.20/log_16_2026-8-20-06-20-52.ulg,1,D1_lp4,2,4871,0.009404211769805009,6.039534550935876,-10.712887742876854,-9.452016024844347,-0.04281059932811129,10.026285416097307,11.94841592543039
validation,2026.8.10-8.20/log_16_2026-8-20-06-20-52.ulg,1,D1_lp4,3,4871,-0.0009326517624149286,4.765476356864104,-16.8502171140515,-10.31952367637002,0.0504376616025856,9.836063036028868,16.799282745982634
validation,2026.8.10-8.20/log_16_2026-8-20-06-20-52.ulg,1,D1_lp4,4,4871,-0.00575037431642096,3.9562787186016175,-8.16288166626495,-6.64591852048071,0.008644598383795134,7.556139828740883,11.53443976619557
validation,2026.8.10-8.20/log_16_2026-8-20-06-20-52.ulg,1,D1_lp4,5,4871,0.0008169437215932771,1.1469241559214387,-4.732401606677659,-2.625463010597654,0.024112615299445837,2.591147071701618,3.840418202952003
validation,2026.8.10-8.20/log_16_2026-8-20-06-20-52.ulg,1,D1_lp6,0,4871,0.12005269316210186,1.908628591499055,-6.929288668044348,-4.2608108043443,0.003154578656442432,5.904849778255501,8.549334734280507
validation,2026.8.10-8.20/log_16_2026-8-20-06-20-52.ulg,1,D1_lp6,1,4871,-0.0666533685268789,2.0304223081702504,-9.227395037172982,-6.695378821531466,-0.0029583713554290018,4.8505350018458255,8.333342992492247
validation,2026.8.10-8.20/log_16_2026-8-20-06-20-52.ulg,1,D1_lp6,2,4871,0.013856949505325936,9.28225843867685,-17.328041363037176,-14.649064352804235,0.06153838812105945,14.12833532929335,15.71186439799662
validation,2026.8.10-8.20/log_16_2026-8-20-06-20-52.ulg,1,D1_lp6,3,4871,-0.0053204084260025574,7.489044694143715,-24.67141764089527,-15.64114019135596,-0.14842334804792942,16.368689190074676,27.573493808635053
validation,2026.8.10-8.20/log_16_2026-8-20-06-20-52.ulg,1,D1_lp6,4,4871,-0.008333183950379896,6.5648540053845785,-14.726085688290569,-12.42146308176886,1.7220765286409436,11.725317555949381,16.83707610119698
validation,2026.8.10-8.20/log_16_2026-8-20-06-20-52.ulg,1,D1_lp6,5,4871,0.0016177698389898694,1.7231001963102675,-6.784073259008071,-4.332836305113574,0.13924133522133658,4.250288616704578,6.409782886181646
validation,2026.8.10-8.20/log_16_2026-8-20-06-20-52.ulg,1,D1_lp8,0,4871,0.1194776281981185,2.102984974135166,-7.776199331129448,-4.718578518077728,-0.00809594309358316,6.008398768342145,8.71306419845317
validation,2026.8.10-8.20/log_16_2026-8-20-06-20-52.ulg,1,D1_lp8,1,4871,-0.06592463429911456,2.22374813533282,-9.346155638523829,-7.049310401043662,-0.015829849932739788,5.306534427421419,8.412946109099085
validation,2026.8.10-8.20/log_16_2026-8-20-06-20-52.ulg,1,D1_lp8,2,4871,0.013891280034058569,9.471997831903169,-17.878146948091445,-15.345071489271291,0.2144505851996437,14.461336401982164,16.192439764373283
validation,2026.8.10-8.20/log_16_2026-8-20-06-20-52.ulg,1,D1_lp8,3,4871,-0.0032276085539553957,9.668036527794907,-26.112881656863106,-19.230042997932827,0.038104912903554625,22.654422157549003,36.252242877866635
validation,2026.8.10-8.20/log_16_2026-8-20-06-20-52.ulg,1,D1_lp8,4,4871,-0.005529365510284953,10.598935432068377,-23.527190596403745,-20.996872628597714,1.5976699493190891,16.051678550863755,19.635832904991613
validation,2026.8.10-8.20/log_16_2026-8-20-06-20-52.ulg,1,D1_lp8,5,4871,0.0023533103519469876,2.0347545909441678,-8.488875080353258,-5.334948027269057,0.3296395720106646,4.125045698375446,6.725259576149457
validation,2026.8.10-8.20/log_16_2026-8-20-06-20-52.ulg,1,D1_lp12,0,4871,0.11861212984334835,2.360147336809925,-8.550993312267487,-5.271100654930618,0.0001811484688457144,6.655972234662443,9.156404919357575
validation,2026.8.10-8.20/log_16_2026-8-20-06-20-52.ulg,1,D1_lp12,1,4871,-0.06491435837610272,2.4505098558837495,-10.600694524365316,-7.357754908653034,-0.0249967003034128,5.862478097269627,8.559509395367488
validation,2026.8.10-8.20/log_16_2026-8-20-06-20-52.ulg,1,D1_lp12,2,4871,0.012456294053119609,9.518408719500968,-18.91033090854961,-16.175125478151678,0.4291761213450469,14.945559542126157,17.082990840530847
validation,2026.8.10-8.20/log_16_2026-8-20-06-20-52.ulg,1,D1_lp12,3,4871,0.0008409487259755671,12.870686283660906,-47.90278477054919,-26.889348972039766,-0.6152340688221508,29.252960033995144,45.44378163875812
validation,2026.8.10-8.20/log_16_2026-8-20-06-20-52.ulg,1,D1_lp12,4,4871,-0.016785753211732816,14.779474719640094,-34.04230805488147,-27.378013573159905,-0.5327120717897411,25.10824738755396,31.29464050502425
validation,2026.8.10-8.20/log_16_2026-8-20-06-20-52.ulg,1,D1_lp12,5,4871,0.0022166667090049354,2.4900928830757025,-10.327844857524711,-6.795546084913405,0.4104636021322319,4.716826732209941,7.955280147765697
validation,2026.8.10-8.20/log_16_2026-8-20-06-20-52.ulg,1,D2_center2,0,4871,0.11953792870058147,2.389510205240608,-8.674585981284718,-5.394939103177027,-0.0040997183958683,6.608183660333526,9.526440230941256
validation,2026.8.10-8.20/log_16_2026-8-20-06-20-52.ulg,1,D2_center2,1,4871,-0.06427115939900009,2.478094679769639,-10.447682074779404,-7.474340224850385,-0.039519764474814006,5.878196161438463,8.240675074264448
validation,2026.8.10-8.20/log_16_2026-8-20-06-20-52.ulg,1,D2_center2,2,4871,0.012862656926386653,9.566223314304155,-19.548700952375427,-16.36495196445417,0.8429141077031118,16.16179885122285,18.18245531131937
validation,2026.8.10-8.20/log_16_2026-8-20-06-20-52.ulg,1,D2_center2,3,4871,-0.0007241290067639196,14.610932873796859,-47.29824090834234,-32.77969933938366,-1.1486603699786624,32.61291840468318,63.91858082317533
validation,2026.8.10-8.20/log_16_2026-8-20-06-20-52.ulg,1,D2_center2,4,4871,-0.01745868513579155,15.668415100847783,-34.37128021547821,-28.103163411088705,0.9220594710247301,26.538869980720584,38.03115233031749
validation,2026.8.10-8.20/log_16_2026-8-20-06-20-52.ulg,1,D2_center2,5,4871,0.00016796743117985412,2.723186121090883,-11.078628839318512,-7.1045541090945585,0.4258243125685138,5.297763977430782,7.348115841063007
validation,2026.8.10-8.20/log_16_2026-8-20-06-20-52.ulg,1,D2_center5,0,4871,0.12017523971329427,1.7837217611780372,-6.654732008131884,-4.076905951595514,-0.0026034086291271234,5.2705938422726915,7.81921953472881
validation,2026.8.10-8.20/log_16_2026-8-20-06-20-52.ulg,1,D2_center5,1,4871,-0.06694754550972878,1.8927169579311955,-7.8744519721860815,-6.025376184794865,-0.016548414082811866,4.701028616685564,7.824281125476102
validation,2026.8.10-8.20/log_16_2026-8-20-06-20-52.ulg,1,D2_center5,2,4871,0.011930965256714936,7.733568099148749,-14.632972036519615,-12.187337527168726,-0.09796973040080931,11.462382995344965,12.865383814179179
validation,2026.8.10-8.20/log_16_2026-8-20-06-20-52.ulg,1,D2_center5,3,4871,-0.002536410810803967,7.482289769307043,-24.11033700532416,-17.3726114110013,-0.20227643058501812,17.203742312859433,30.608562609651628
validation,2026.8.10-8.20/log_16_2026-8-20-06-20-52.ulg,1,D2_center5,4,4871,-0.004701108046906979,7.212940901241351,-17.353362830506843,-14.77578256914736,1.6987919341856978,12.101977851251549,15.406732245946651
validation,2026.8.10-8.20/log_16_2026-8-20-06-20-52.ulg,1,D2_center5,5,4871,0.0014459474905880124,1.618311677741868,-7.05479292492649,-4.0290447119221335,0.163484658774298,3.525230357810565,5.308391217633983
validation,2026.8.10-8.20/log_16_2026-8-20-06-20-52.ulg,1,D2_center10,0,4871,0.12086726653034173,1.3403555810655854,-3.98757700687709,-2.778317552676455,0.011752406842146408,3.76371128274301,5.830683690922395
validation,2026.8.10-8.20/log_16_2026-8-20-06-20-52.ulg,1,D2_center10,1,4871,-0.06753866525613363,1.4236099370191708,-4.703281109075302,-3.7768967292898927,-0.026601781190783113,3.5155937277937834,5.776947618350523
validation,2026.8.10-8.20/log_16_2026-8-20-06-20-52.ulg,1,D2_center10,2,4871,0.004949066335722097,3.088542633343493,-6.46148134047579,-5.169016806612177,-0.13783534425520955,5.756658358500079,7.286589900232291
validation,2026.8.10-8.20/log_16_2026-8-20-06-20-52.ulg,1,D2_center10,3,4871,0.0009338820073364564,3.612724828369001,-12.795625504756401,-8.238610493433047,0.058913000040383495,7.584947320706218,11.291902373000232
validation,2026.8.10-8.20/log_16_2026-8-20-06-20-52.ulg,1,D2_center10,4,4871,-0.00256000190733178,3.7965523633185967,-8.887137337830513,-6.481019611760687,-0.191762935097226,7.392157074118641,9.878533583871103
validation,2026.8.10-8.20/log_16_2026-8-20-06-20-52.ulg,1,D2_center10,5,4871,7.590618521308898e-05,0.8643556130126475,-3.2035852147726667,-2.003086424180094,-0.044025412531952426,2.0922833438104576,3.424062863501685
validation,2026.8.10-8.20/log_16_2026-8-20-06-20-52.ulg,2,D0_raw,0,1509,-0.11402312705778729,1.878078311393351,-6.397726473861511,-4.4985646060998485,-0.33729202403697156,5.035376202891331,6.160980863932985
validation,2026.8.10-8.20/log_16_2026-8-20-06-20-52.ulg,2,D0_raw,1,1509,0.2883306285013685,1.876960938125491,-8.635665093995131,-5.222678574143898,0.2801424351384001,4.906632489207902,5.899995120958143
validation,2026.8.10-8.20/log_16_2026-8-20-06-20-52.ulg,2,D0_raw,2,1509,0.05258309833617492,7.610594796466832,-17.178147721823393,-14.35308027933782,0.7951599450835204,14.719746989577244,19.211634620189066
validation,2026.8.10-8.20/log_16_2026-8-20-06-20-52.ulg,2,D0_raw,3,1509,-0.011075727728247118,17.809664768114715,-70.74100298901193,-42.982754107438716,-0.6209507522583891,54.47674754538951,97.7005575402646
validation,2026.8.10-8.20/log_16_2026-8-20-06-20-52.ulg,2,D0_raw,4,1509,0.03144728640900921,14.473356270078343,-44.953274178965664,-32.63455854232809,1.1724369532219097,31.732547016475007,39.19977034650697
validation,2026.8.10-8.20/log_16_2026-8-20-06-20-52.ulg,2,D0_raw,5,1509,-0.020143886426856616,2.7611869692594273,-11.006010583088694,-7.18605916530984,0.10891740506169731,6.029967923236844,9.153556882553204
validation,2026.8.10-8.20/log_16_2026-8-20-06-20-52.ulg,2,D1_lp4,0,1509,-0.10899677966974376,1.2827107446608346,-3.7542947005806164,-2.981746356636391,-0.22585803044874267,2.9370653214929603,4.646488818506219
validation,2026.8.10-8.20/log_16_2026-8-20-06-20-52.ulg,2,D1_lp4,1,1509,0.2847327989720492,1.5557972203929589,-7.144380853021844,-4.824853702015421,0.32766930719341564,3.8672443387144124,4.495004124963795
validation,2026.8.10-8.20/log_16_2026-8-20-06-20-52.ulg,2,D1_lp4,2,1509,0.06008742347511314,6.496230720473037,-10.890556061989257,-10.117108890508845,0.10789641080019527,10.519903095536307,11.344089397154615
validation,2026.8.10-8.20/log_16_2026-8-20-06-20-52.ulg,2,D1_lp4,3,1509,0.010526726676234196,4.638361951532174,-14.07931344396811,-10.166651151478861,0.039185512817656934,10.066376141532187,12.643510871470829
validation,2026.8.10-8.20/log_16_2026-8-20-06-20-52.ulg,2,D1_lp4,4,1509,-0.0044373901663368855,4.108666718933048,-15.563869142606562,-9.657597578464562,-0.121163595916673,8.111704656814513,9.696181333387235
validation,2026.8.10-8.20/log_16_2026-8-20-06-20-52.ulg,2,D1_lp4,5,1509,0.0002658655224028489,1.145378968581041,-3.692269421921705,-2.7447127621352143,0.06452432307653387,2.41131210035999,4.243598789928128
validation,2026.8.10-8.20/log_16_2026-8-20-06-20-52.ulg,2,D1_lp6,0,1509,-0.11011674567293055,1.4571180015035154,-4.572861802390547,-3.2706562312093173,-0.3724513889243853,3.5358121683120403,5.726606316897986
validation,2026.8.10-8.20/log_16_2026-8-20-06-20-52.ulg,2,D1_lp6,1,1509,0.2848239371210255,1.691198125361186,-8.019758737693422,-5.099994056329958,0.3188269828823482,4.33394230710587,5.32112532010034
validation,2026.8.10-8.20/log_16_2026-8-20-06-20-52.ulg,2,D1_lp6,2,1509,0.05119705382528653,7.316879552818834,-14.878778938573037,-12.285548172206566,0.12560836103894846,12.819347434702747,14.280114420093067
validation,2026.8.10-8.20/log_16_2026-8-20-06-20-52.ulg,2,D1_lp6,3,1509,0.02091900005284698,6.661150735851097,-20.49455559337323,-14.100799032094468,0.08389900563388507,14.774406692487458,19.84849653598865
validation,2026.8.10-8.20/log_16_2026-8-20-06-20-52.ulg,2,D1_lp6,4,1509,-0.00914136544383428,7.349312777026748,-20.87512060017325,-14.998319323673947,0.0726944500887529,15.536144819274373,18.693671399071082
validation,2026.8.10-8.20/log_16_2026-8-20-06-20-52.ulg,2,D1_lp6,5,1509,5.8545533587874985e-05,1.4324528825466762,-5.4391615884618725,-3.680226106412151,0.20677540115769372,2.8761813763023905,4.355879910926104
validation,2026.8.10-8.20/log_16_2026-8-20-06-20-52.ulg,2,D1_lp8,0,1509,-0.11235530677391545,1.6482700117815616,-5.617890820855118,-3.85293221314189,-0.32970758330634775,4.284119939612268,6.03319481604556
validation,2026.8.10-8.20/log_16_2026-8-20-06-20-52.ulg,2,D1_lp8,1,1509,0.28526257826924,1.765882053713805,-8.365373414025578,-5.086844522156103,0.31029753367608864,4.584080833703544,5.7113629605300185
validation,2026.8.10-8.20/log_16_2026-8-20-06-20-52.ulg,2,D1_lp8,2,1509,0.05164673304734769,7.360283348464509,-15.429513881172417,-12.795114464878022,0.2940643318230245,12.6031259130938,14.348594918146132
validation,2026.8.10-8.20/log_16_2026-8-20-06-20-52.ulg,2,D1_lp8,3,1509,0.026922018038580065,8.481995614060134,-23.437197790655144,-17.597813241618514,0.08057776224650891,20.260751699350664,27.343623246185196
validation,2026.8.10-8.20/log_16_2026-8-20-06-20-52.ulg,2,D1_lp8,4,1509,-0.017699649807371157,10.62550090064593,-28.758796709698217,-20.735028484456194,0.0208211947609102,19.53890417315543,21.72087700875821
validation,2026.8.10-8.20/log_16_2026-8-20-06-20-52.ulg,2,D1_lp8,5,1509,0.0012482197237603547,1.6153381411692949,-6.247614051399345,-4.451855008014816,0.35244760897483235,3.008196789700288,4.017687434113933
validation,2026.8.10-8.20/log_16_2026-8-20-06-20-52.ulg,2,D1_lp12,0,1509,-0.11355029861490314,1.7452603913622085,-5.5963412965623744,-4.213371867794342,-0.3579855738184174,4.679031591187292,6.015361203963662
validation,2026.8.10-8.20/log_16_2026-8-20-06-20-52.ulg,2,D1_lp12,1,1509,0.28550960390771307,1.7858997296533266,-8.641531322142198,-4.887458688239098,0.3254535510257801,4.652258597359442,5.699494506534231
validation,2026.8.10-8.20/log_16_2026-8-20-06-20-52.ulg,2,D1_lp12,2,1509,0.05161663435729569,7.393258116547098,-16.262902467307367,-13.338995106369799,0.5114132361877217,13.274402210535706,15.382425932187255
validation,2026.8.10-8.20/log_16_2026-8-20-06-20-52.ulg,2,D1_lp12,3,1509,0.022573186609884117,10.103906342816607,-28.43717957415803,-22.470350683719595,-0.324742015108377,24.67296127758186,34.17673644521311
validation,2026.8.10-8.20/log_16_2026-8-20-06-20-52.ulg,2,D1_lp12,4,1509,-0.01959456260977039,12.258280001371642,-31.78188407387738,-24.951125283826595,0.2744947566749921,23.669473688725006,29.0883441096444
validation,2026.8.10-8.20/log_16_2026-8-20-06-20-52.ulg,2,D1_lp12,5,1509,0.0013309461771445527,1.8089996441285576,-6.627288539886232,-5.230323297297572,0.3645226002405018,3.2409200101849485,4.611158396360327
validation,2026.8.10-8.20/log_16_2026-8-20-06-20-52.ulg,2,D2_center2,0,1509,-0.11325173854530267,1.762323995312407,-6.037631439102213,-4.207226383044771,-0.3545076498532241,4.741650538607856,6.014959461685946
validation,2026.8.10-8.20/log_16_2026-8-20-06-20-52.ulg,2,D2_center2,1,1509,0.2859990599010244,1.7969895622630883,-8.553590036329114,-5.081819813139769,0.34339338211484477,4.555123735415418,5.646263778741862
validation,2026.8.10-8.20/log_16_2026-8-20-06-20-52.ulg,2,D2_center2,2,1509,0.05061210391554162,7.42344879250675,-16.596402131923362,-13.662019813114956,0.6178956887506719,13.568211598950912,16.056795602548263
validation,2026.8.10-8.20/log_16_2026-8-20-06-20-52.ulg,2,D2_center2,3,1509,0.014947679079823823,11.759818638412256,-37.15493355659551,-27.029364874570252,-0.3856254641959762,29.727884831479894,43.483830492511636
validation,2026.8.10-8.20/log_16_2026-8-20-06-20-52.ulg,2,D2_center2,4,1509,-0.016798802659780142,12.831107430458585,-35.36723694541184,-26.725763351952086,0.8544441022679403,24.77719059192931,28.07452467819193
validation,2026.8.10-8.20/log_16_2026-8-20-06-20-52.ulg,2,D2_center2,5,1509,-0.002696349555707154,2.023596552326259,-6.507241501371568,-5.622816880042085,0.2761149982721445,4.0184155195749485,5.183064253649522
validation,2026.8.10-8.20/log_16_2026-8-20-06-20-52.ulg,2,D2_center5,0,1509,-0.11074024584748844,1.3809189099943104,-4.410010824777441,-3.2524389276446417,-0.3535488980711508,3.4372489371986195,5.258729414028452
validation,2026.8.10-8.20/log_16_2026-8-20-06-20-52.ulg,2,D2_center5,1,1509,0.285664496396753,1.5872980495124314,-7.5881632685748235,-4.745371133306197,0.3047040139455195,4.11695072528252,5.0705279283610185
validation,2026.8.10-8.20/log_16_2026-8-20-06-20-52.ulg,2,D2_center5,2,1509,0.056941150526409946,6.462430064695294,-13.112640889774951,-10.759084744610464,0.11470518383185105,10.617021049587056,11.932508232169143
validation,2026.8.10-8.20/log_16_2026-8-20-06-20-52.ulg,2,D2_center5,3,1509,0.016415768559128963,6.656921625920387,-24.723527483928073,-17.83545674260792,0.08500410397615268,16.16780832403087,22.98846778877482
validation,2026.8.10-8.20/log_16_2026-8-20-06-20-52.ulg,2,D2_center5,4,1509,-0.008983906103829202,7.30519268650058,-21.808390872102777,-15.259364666833463,-0.4840120153311988,13.76114530838596,16.42414065655845
validation,2026.8.10-8.20/log_16_2026-8-20-06-20-52.ulg,2,D2_center5,5,1509,0.00035486900916807153,1.3465645582932513,-4.9667473017463415,-3.551929675770449,0.1879471745225865,2.7105447640099793,3.838833382541775
validation,2026.8.10-8.20/log_16_2026-8-20-06-20-52.ulg,2,D2_center10,0,1509,-0.10827089943288441,0.9947532689810376,-3.088477002114363,-2.5291214493797693,-0.09207511842440705,2.3894760281340304,3.325819326986242
validation,2026.8.10-8.20/log_16_2026-8-20-06-20-52.ulg,2,D2_center10,1,1509,0.2859825270939102,1.258888867739606,-5.530135746780377,-4.094701896041398,0.33658097529086084,3.085011139159639,3.46762692374257
validation,2026.8.10-8.20/log_16_2026-8-20-06-20-52.ulg,2,D2_center10,2,1509,0.066717365978496,3.872689920613611,-6.862012546235255,-6.177676044610782,0.02738469992198705,6.8017486214500025,7.6190053826463435
validation,2026.8.10-8.20/log_16_2026-8-20-06-20-52.ulg,2,D2_center10,3,1509,0.00563266067300129,3.292850686359458,-11.266222340871217,-7.499219894293156,0.11150367426781282,7.001741283178071,11.43377561998529
validation,2026.8.10-8.20/log_16_2026-8-20-06-20-52.ulg,2,D2_center10,4,1509,-0.006669842175338733,3.412762451650803,-14.256685669860797,-8.648420999104767,0.25648381542806425,7.030697543299958,8.866376476618957
validation,2026.8.10-8.20/log_16_2026-8-20-06-20-52.ulg,2,D2_center10,5,1509,-0.0004517106292648555,0.7931694281477049,-2.273782787873447,-1.7863369672277098,0.019030558914142612,1.7863772462736025,3.2674807512769632
validation,2026.8.10-8.20/log_17_2026-8-20-06-29-34.ulg,0,D0_raw,0,992,-0.3698123285927554,3.506390378531732,-9.484463312317587,-7.680742972699291,-0.8780038906250001,8.69211924087018,10.019098828456487
validation,2026.8.10-8.20/log_17_2026-8-20-06-29-34.ulg,0,D0_raw,1,992,0.4068803424948238,3.117270235129247,-10.384538608483004,-7.3500911845880506,0.4716682969184275,9.42469302657422,12.340744406123829
validation,2026.8.10-8.20/log_17_2026-8-20-06-29-34.ulg,0,D0_raw,2,992,-0.07082980774253546,12.419980299262146,-25.87520612166401,-21.972590597852736,1.1787734921038895,21.98655239900837,25.270470158612575
validation,2026.8.10-8.20/log_17_2026-8-20-06-29-34.ulg,0,D0_raw,3,992,-0.026206452518976943,24.229672556764214,-68.68383867708033,-50.19327975798439,-1.760387337286307,56.63111319190276,67.81412598366131
validation,2026.8.10-8.20/log_17_2026-8-20-06-29-34.ulg,0,D0_raw,4,992,-0.020431754664637872,22.478656509385072,-57.08920931769027,-44.75700430853846,1.5756499791195049,41.600155419329035,48.06446027785736
validation,2026.8.10-8.20/log_17_2026-8-20-06-29-34.ulg,0,D0_raw,5,992,0.04860443522823,4.64159154899054,-15.285021470551715,-11.421368864181668,0.47700184396092404,11.05767299952317,15.95292020148845
validation,2026.8.10-8.20/log_17_2026-8-20-06-29-34.ulg,0,D1_lp4,0,992,-0.3696215588983278,1.141556549496723,-3.6131710622082935,-3.1015341120304116,-0.3483968284467203,2.3704835073629402,2.896538902099836
validation,2026.8.10-8.20/log_17_2026-8-20-06-29-34.ulg,0,D1_lp4,1,992,0.4125110457557796,1.2806133157132695,-3.1834270948478465,-2.5712702218803085,0.4894797510982919,3.6710618092432377,4.259640954365734
validation,2026.8.10-8.20/log_17_2026-8-20-06-29-34.ulg,0,D1_lp4,2,992,-0.06539753478146001,4.554368311844904,-9.633854046686983,-8.2465287341828,-0.11373874150761798,8.453220802253044,10.720852600093314
validation,2026.8.10-8.20/log_17_2026-8-20-06-29-34.ulg,0,D1_lp4,3,992,0.00169881027106824,4.351797287261205,-11.364437071632171,-9.803205156656018,0.20278762394982058,9.030247643746854,10.609645469690019
validation,2026.8.10-8.20/log_17_2026-8-20-06-29-34.ulg,0,D1_lp4,4,992,0.004395696766314995,3.542440600488306,-8.915735890190218,-6.443550085405944,-0.044014466998731926,7.268973786665794,9.222857132695772
validation,2026.8.10-8.20/log_17_2026-8-20-06-29-34.ulg,0,D1_lp4,5,992,0.02720860612220371,1.3034727217866848,-4.106167977801008,-2.7735334762588666,0.07294443078655814,2.743411112864276,3.4303233961285446
validation,2026.8.10-8.20/log_17_2026-8-20-06-29-34.ulg,0,D1_lp6,0,992,-0.3690549850517723,1.9706954807996708,-5.542050582280373,-4.384651194023439,-0.5366499426874314,4.518291025282296,5.3234965958085825
validation,2026.8.10-8.20/log_17_2026-8-20-06-29-34.ulg,0,D1_lp6,1,992,0.41173913464850365,2.062623726329312,-5.076892205132347,-4.142465372122663,0.42862581687705414,6.799983814960372,8.054491434087963
validation,2026.8.10-8.20/log_17_2026-8-20-06-29-34.ulg,0,D1_lp6,2,992,-0.07873220544836869,10.929741128902197,-18.80665258353997,-17.28602160060603,0.19700779241539923,16.99916496046222,17.973977998784015
validation,2026.8.10-8.20/log_17_2026-8-20-06-29-34.ulg,0,D1_lp6,3,992,0.0001363685703785612,9.718390147311533,-26.226874827004274,-21.698850917920335,-0.0438039571997859,20.956686825912087,26.46287915599607
validation,2026.8.10-8.20/log_17_2026-8-20-06-29-34.ulg,0,D1_lp6,4,992,0.0074917093846653465,8.418893058531397,-16.503619953453075,-14.619330542431324,0.08628150110320021,15.094190464353872,18.82321728019829
validation,2026.8.10-8.20/log_17_2026-8-20-06-29-34.ulg,0,D1_lp6,5,992,0.027140461190114578,2.7199320065033716,-7.459914655581693,-5.698290670861231,0.1368066665755451,5.573144986402389,6.7833056145776744
validation,2026.8.10-8.20/log_17_2026-8-20-06-29-34.ulg,0,D1_lp8,0,992,-0.3680307696509422,2.194249641196295,-5.958133831439971,-4.925355890368188,-0.6214795709124503,5.062746328829137,5.928593248084234
validation,2026.8.10-8.20/log_17_2026-8-20-06-29-34.ulg,0,D1_lp8,1,992,0.41142918647090704,2.232440325054954,-6.08355677123503,-4.659602549377897,0.47136844991181664,7.557835515080741,8.529477083598444
validation,2026.8.10-8.20/log_17_2026-8-20-06-29-34.ulg,0,D1_lp8,2,992,-0.07840782332453984,11.496456889982975,-20.493109124900048,-18.54104482215679,0.4167468113965654,17.527308189386332,18.79106570521722
validation,2026.8.10-8.20/log_17_2026-8-20-06-29-34.ulg,0,D1_lp8,3,992,-0.004302247445813244,11.158687215952188,-23.413943867674874,-20.689465051183504,-0.8160305486422659,26.750047220823472,34.112561687772825
validation,2026.8.10-8.20/log_17_2026-8-20-06-29-34.ulg,0,D1_lp8,4,992,-0.016885487764000742,10.179773561426638,-21.475477187774093,-19.544829400145836,1.1881050595081182,18.17529802999424,21.648392774363767
validation,2026.8.10-8.20/log_17_2026-8-20-06-29-34.ulg,0,D1_lp8,5,992,0.029160167854716902,2.926834441055785,-8.892141984482032,-6.767298921008897,0.43557903013345967,5.687338625553329,6.8868647697828855
validation,2026.8.10-8.20/log_17_2026-8-20-06-29-34.ulg,0,D1_lp12,0,992,-0.3661656637177711,2.865673143743702,-7.244754998735917,-6.015324704067461,-0.5518522763209599,6.603916980883213,7.645273337470619
validation,2026.8.10-8.20/log_17_2026-8-20-06-29-34.ulg,0,D1_lp12,1,992,0.4115340083845068,2.64609623813089,-7.66381120640489,-6.311059394732205,0.42418732937898024,8.132297145338951,9.712174829987312
validation,2026.8.10-8.20/log_17_2026-8-20-06-29-34.ulg,0,D1_lp12,2,992,-0.07694792155012445,11.585494261109229,-21.439175598291136,-19.173619637314992,0.5176051203215628,18.016500842100342,18.90030596702374
validation,2026.8.10-8.20/log_17_2026-8-20-06-29-34.ulg,0,D1_lp12,3,992,0.008480292795399288,15.631467178755093,-35.19834875301156,-27.73537890962156,-1.7496476586418583,35.34437027282964,45.971154663135096
validation,2026.8.10-8.20/log_17_2026-8-20-06-29-34.ulg,0,D1_lp12,4,992,-0.046066624385892076,15.71859909044053,-34.419773123417606,-30.776749698229494,0.5076021170713119,28.21322776472295,33.072983825286855
validation,2026.8.10-8.20/log_17_2026-8-20-06-29-34.ulg,0,D1_lp12,5,992,0.03323726201906714,3.2263204897185194,-10.484791026407727,-8.451703355549139,0.8589493984477891,5.504103954520142,6.885272903229981
validation,2026.8.10-8.20/log_17_2026-8-20-06-29-34.ulg,0,D2_center2,0,992,-0.36761997026318693,3.061758341630394,-8.006172450601195,-5.975026619572108,-0.6806917621631647,7.442601717701406,8.567267435963597
validation,2026.8.10-8.20/log_17_2026-8-20-06-29-34.ulg,0,D2_center2,1,992,0.40638107240501475,2.770998695488758,-8.73508149503701,-6.448513717191636,0.4539064065087708,8.87569635416753,11.066934802096775
validation,2026.8.10-8.20/log_17_2026-8-20-06-29-34.ulg,0,D2_center2,2,992,-0.08435385670055787,11.85276016674249,-23.27148620679927,-20.072514761017867,1.039409455299102,19.662413454121978,21.496709048078657
validation,2026.8.10-8.20/log_17_2026-8-20-06-29-34.ulg,0,D2_center2,3,992,-0.00037291716896950636,18.03936843167344,-46.38291137473342,-34.24146499666964,-0.8506582024483077,37.60697640320115,50.51072973669758
validation,2026.8.10-8.20/log_17_2026-8-20-06-29-34.ulg,0,D2_center2,4,992,-0.04462426964437588,18.15088206416639,-37.93201908547921,-33.16945920022188,1.0369201511660147,34.83625933581228,39.92653583460372
validation,2026.8.10-8.20/log_17_2026-8-20-06-29-34.ulg,0,D2_center2,5,992,0.03514795208169329,3.6648987694903856,-11.333671433985192,-9.545885606745722,0.6925875445043299,6.733532397492696,9.851001975902706
validation,2026.8.10-8.20/log_17_2026-8-20-06-29-34.ulg,0,D2_center5,0,992,-0.3678679469006809,1.7718389060834014,-5.09976344530273,-3.9378026001862456,-0.5881481367456713,4.084371652562104,4.512731481163993
validation,2026.8.10-8.20/log_17_2026-8-20-06-29-34.ulg,0,D2_center5,1,992,0.41319788570064425,1.8420047616893342,-4.842236119828501,-3.481916428931577,0.4638772897472714,6.182998539912647,6.928565312179556
validation,2026.8.10-8.20/log_17_2026-8-20-06-29-34.ulg,0,D2_center5,2,992,-0.0719508603658879,8.97773968420093,-15.788304273389706,-14.161944403372486,0.03788905512821602,13.674292211997848,14.905108160962877
validation,2026.8.10-8.20/log_17_2026-8-20-06-29-34.ulg,0,D2_center5,3,992,0.003669367579752888,8.944712245202409,-23.00360887852298,-16.818376657948296,-0.7426910132312939,22.625103895698143,28.36015801511564
validation,2026.8.10-8.20/log_17_2026-8-20-06-29-34.ulg,0,D2_center5,4,992,0.0011142798125710726,7.983254290525161,-16.558641730280836,-15.341042713815547,0.37016286329747494,14.65474354755194,19.1930679824698
validation,2026.8.10-8.20/log_17_2026-8-20-06-29-34.ulg,0,D2_center5,5,992,0.028072713047627214,2.363236638217319,-6.877389280320516,-5.102895906489331,0.2156811059204907,4.765236224795187,5.8779678335501995
validation,2026.8.10-8.20/log_17_2026-8-20-06-29-34.ulg,0,D2_center10,0,992,-0.3696798526860028,1.0414940520506015,-3.255030058292929,-2.7972274455957,-0.24594121605663377,1.762060348538725,2.3971862710405163
validation,2026.8.10-8.20/log_17_2026-8-20-06-29-34.ulg,0,D2_center10,1,992,0.4120285309001777,1.1594939280633443,-3.294930530439514,-2.332798014102611,0.4896901226749064,3.020461627814206,3.5053748250268977
validation,2026.8.10-8.20/log_17_2026-8-20-06-29-34.ulg,0,D2_center10,2,992,-0.05457028651289278,2.380457598152337,-5.658535321170769,-4.876723266307203,-0.1853318954480893,5.055315142213311,6.173087333827892
validation,2026.8.10-8.20/log_17_2026-8-20-06-29-34.ulg,0,D2_center10,3,992,0.0002608924885705908,3.56085048831695,-10.108685152332376,-7.921142288206424,0.04673033345016901,7.130107788624415,8.747261422557125
validation,2026.8.10-8.20/log_17_2026-8-20-06-29-34.ulg,0,D2_center10,4,992,0.011545686176012973,3.496560047395621,-8.511896475133643,-6.536844445611827,-0.18392454624975874,6.837917390479618,9.343450974943696
validation,2026.8.10-8.20/log_17_2026-8-20-06-29-34.ulg,0,D2_center10,5,992,0.027075572490534668,0.9438252075996004,-2.4432650982661883,-2.2747654815072846,0.029700849962891754,2.110212500767934,2.932261838117261
validation,2026.8.10-8.20/log_17_2026-8-20-06-29-34.ulg,1,D0_raw,0,661,0.7417404460733122,4.536006873970479,-12.084142956324294,-9.54974390461137,0.3605364319796042,13.367186916198717,16.213126316340123
validation,2026.8.10-8.20/log_17_2026-8-20-06-29-34.ulg,1,D0_raw,1,661,-0.7293963110315512,5.4585455910442,-15.662894220274469,-13.77379249236558,-0.6436584946627446,13.517998980139678,17.264401745463882
validation,2026.8.10-8.20/log_17_2026-8-20-06-29-34.ulg,1,D0_raw,2,661,0.15869192511397762,9.331824614311449,-18.663455793759542,-16.25632734955256,1.0738077118710563,16.572928809606662,19.073779722761188
validation,2026.8.10-8.20/log_17_2026-8-20-06-29-34.ulg,1,D0_raw,3,661,0.4329641742800477,27.708612604161562,-81.81239028494016,-62.43260416813323,-2.358259368078369,66.9276609807871,183.58966391674005
validation,2026.8.10-8.20/log_17_2026-8-20-06-29-34.ulg,1,D0_raw,4,661,0.1689099101925184,19.536418380018638,-48.424909731196266,-40.746061130870636,0.45157730824328,35.66925238616702,41.8954967025224
validation,2026.8.10-8.20/log_17_2026-8-20-06-29-34.ulg,1,D0_raw,5,661,-0.017930847427091768,4.77307499385321,-13.283565491140932,-11.063920573149929,0.003998327706741546,11.468899393360008,15.09207611625196
validation,2026.8.10-8.20/log_17_2026-8-20-06-29-34.ulg,1,D1_lp4,0,661,0.7438231083027599,3.3843532849557576,-6.628729034355875,-5.826097916115362,0.44082330664567454,9.549804572614935,10.279653240995065
validation,2026.8.10-8.20/log_17_2026-8-20-06-29-34.ulg,1,D1_lp4,1,661,-0.7375799592078484,4.125001969989605,-9.29774910941818,-8.95834481227554,-0.6924853836847219,10.05652445281574,11.134565137175167
validation,2026.8.10-8.20/log_17_2026-8-20-06-29-34.ulg,1,D1_lp4,2,661,0.15840029159585975,5.485321590017532,-10.152555544166901,-9.257727457466656,0.06053979104938457,10.163343035745473,10.980537608674323
validation,2026.8.10-8.20/log_17_2026-8-20-06-29-34.ulg,1,D1_lp4,3,661,0.004135796413364783,5.761213424063651,-12.375338224329393,-11.04678022083154,0.13866393935153565,10.66181607482151,12.007556047244465
validation,2026.8.10-8.20/log_17_2026-8-20-06-29-34.ulg,1,D1_lp4,4,661,0.01014054543936029,3.712377597458399,-7.701651802164127,-6.7220461784295455,-0.08528224091166982,7.854919606044148,9.339557431425673
validation,2026.8.10-8.20/log_17_2026-8-20-06-29-34.ulg,1,D1_lp4,5,661,-0.03088256626421441,1.3124537858148941,-4.497169488096517,-3.1673325257461435,-0.1009274147908341,2.954316818765192,4.553966246796586
validation,2026.8.10-8.20/log_17_2026-8-20-06-29-34.ulg,1,D1_lp6,0,661,0.7395387357746759,4.00388575881771,-8.960974713338945,-7.736447586251527,0.14547990116278475,12.302092328918263,13.791738221509
validation,2026.8.10-8.20/log_17_2026-8-20-06-29-34.ulg,1,D1_lp6,1,661,-0.7363604915547934,4.962805639777198,-13.00517244564412,-11.996600989739614,-0.45040305250169305,12.912966156706437,14.698229026595378
validation,2026.8.10-8.20/log_17_2026-8-20-06-29-34.ulg,1,D1_lp6,2,661,0.16480589220395522,8.60389989843947,-14.667888536312566,-13.351608564267702,0.12238944060662128,13.227357971628882,14.200562722937205
validation,2026.8.10-8.20/log_17_2026-8-20-06-29-34.ulg,1,D1_lp6,3,661,0.06586494128738819,10.073294856081283,-29.002092246166892,-19.849856670924257,-0.5490807950999202,23.51399626352806,33.589158505811035
validation,2026.8.10-8.20/log_17_2026-8-20-06-29-34.ulg,1,D1_lp6,4,661,0.029425679405693902,6.346933649751159,-17.702166125769327,-12.13364545903491,1.2313408015103944,12.363534357581337,16.646291802296957
validation,2026.8.10-8.20/log_17_2026-8-20-06-29-34.ulg,1,D1_lp6,5,661,-0.019350330608153016,2.086378721223524,-6.159621284225117,-5.270153507475175,-0.03457433073538232,5.28871193214088,7.161146859393554
validation,2026.8.10-8.20/log_17_2026-8-20-06-29-34.ulg,1,D1_lp8,0,661,0.7391911273962595,4.116446163358776,-9.63153360537178,-8.419417786155973,0.19523408228478314,12.544585528589456,14.466075479679212
validation,2026.8.10-8.20/log_17_2026-8-20-06-29-34.ulg,1,D1_lp8,1,661,-0.7375817510324266,5.091016670232334,-13.254529734622418,-12.605948936141608,-0.43368167119549106,13.034852550907377,14.987223264746516
validation,2026.8.10-8.20/log_17_2026-8-20-06-29-34.ulg,1,D1_lp8,2,661,0.16603857898011837,8.79303516107182,-15.5901978184686,-13.91189181917982,0.3403731557385361,13.429142523489636,14.696388061582477
validation,2026.8.10-8.20/log_17_2026-8-20-06-29-34.ulg,1,D1_lp8,3,661,0.1071244400770487,12.175664273921779,-28.81347813556298,-21.37192013276615,-1.1624589275929373,29.624291920996534,42.10191056012189
validation,2026.8.10-8.20/log_17_2026-8-20-06-29-34.ulg,1,D1_lp8,4,661,0.05846133471842394,10.219697800137695,-23.378466522935863,-19.950026207591,1.8283046151054707,17.056211711323655,18.742201916939607
validation,2026.8.10-8.20/log_17_2026-8-20-06-29-34.ulg,1,D1_lp8,5,661,-0.014613487722045399,2.492161748613727,-7.693694903319944,-6.533181259454407,0.23897038655367275,5.128079835514749,7.092965263954194
validation,2026.8.10-8.20/log_17_2026-8-20-06-29-34.ulg,1,D1_lp12,0,661,0.7371623194197021,4.266177305041594,-10.975800353281619,-9.376357798346277,0.23481195474931496,12.63594698375654,14.98799012345182
validation,2026.8.10-8.20/log_17_2026-8-20-06-29-34.ulg,1,D1_lp12,1,661,-0.7368210224037854,5.195391300168249,-14.170105401187536,-13.150807537166898,-0.6102560064557423,13.161212853923393,15.600683919319508
validation,2026.8.10-8.20/log_17_2026-8-20-06-29-34.ulg,1,D1_lp12,2,661,0.1682843377868986,8.827156067956544,-16.242894474240224,-14.579910063116118,0.5758731633976134,13.918235164834911,15.234523433345759
validation,2026.8.10-8.20/log_17_2026-8-20-06-29-34.ulg,1,D1_lp12,3,661,0.14383217499425505,15.217184093048003,-35.653113876629725,-28.085288384001963,-0.9817074975037514,38.09334363259199,51.260855021162385
validation,2026.8.10-8.20/log_17_2026-8-20-06-29-34.ulg,1,D1_lp12,4,661,0.07973293379248664,14.708318164178188,-34.721177591860815,-27.4989510566064,-0.3889160592478663,25.575217837200448,28.41234117285385
validation,2026.8.10-8.20/log_17_2026-8-20-06-29-34.ulg,1,D1_lp12,5,661,-0.010843436047257257,3.0496477920683156,-9.156109660579311,-7.907288390094757,0.27032019760605697,5.6208111584338,8.633279661233338
validation,2026.8.10-8.20/log_17_2026-8-20-06-29-34.ulg,1,D2_center2,0,661,0.7351185671820407,4.34803942870842,-10.921380562869638,-8.93762492582577,0.34442884410793606,13.009492791454607,16.195521644530537
validation,2026.8.10-8.20/log_17_2026-8-20-06-29-34.ulg,1,D2_center2,1,661,-0.741135866148413,5.289456769791157,-14.702178433319798,-13.290331342896613,-0.5995970450805304,13.492294830730316,16.44216843112255
validation,2026.8.10-8.20/log_17_2026-8-20-06-29-34.ulg,1,D2_center2,2,661,0.15553585375924425,9.016919770118127,-16.97876679156939,-15.512898781073734,0.8766974260902215,14.967146225689937,16.872582580130285
validation,2026.8.10-8.20/log_17_2026-8-20-06-29-34.ulg,1,D2_center2,3,661,0.22328067941356244,18.35110538368173,-52.886277634887016,-40.13032407942677,-1.634529573406818,42.924442721600045,53.8256310508503
validation,2026.8.10-8.20/log_17_2026-8-20-06-29-34.ulg,1,D2_center2,4,661,0.06248314554588575,16.50516278630363,-32.85180447064641,-29.609648581739727,0.9815319217324331,28.95869967903187,31.586573692509152
validation,2026.8.10-8.20/log_17_2026-8-20-06-29-34.ulg,1,D2_center2,5,661,-0.02522143217473636,3.530729138241372,-11.064989135203485,-8.395058054664263,0.10513381394213674,7.153542020821664,11.749715658125528
validation,2026.8.10-8.20/log_17_2026-8-20-06-29-34.ulg,1,D2_center5,0,661,0.7412147887766464,3.736500538959496,-7.907003667460748,-7.162705589237576,0.3235834289539415,10.913571617229776,12.92896552646525
validation,2026.8.10-8.20/log_17_2026-8-20-06-29-34.ulg,1,D2_center5,1,661,-0.7378533139062526,4.620938734371552,-11.577947377605149,-11.010097884706063,-0.35296811407810164,11.8399768638655,13.332439888903208
validation,2026.8.10-8.20/log_17_2026-8-20-06-29-34.ulg,1,D2_center5,2,661,0.1621351076406933,7.270316567168923,-12.28448527641327,-11.369791822226164,0.22245926689342144,11.263707034306082,12.036459501327355
validation,2026.8.10-8.20/log_17_2026-8-20-06-29-34.ulg,1,D2_center5,3,661,0.07392103058617415,9.863617785785008,-26.997450078330253,-22.117214864931793,-0.3250654802763291,22.407504303700097,34.252975729063714
validation,2026.8.10-8.20/log_17_2026-8-20-06-29-34.ulg,1,D2_center5,4,661,0.03886184813272262,7.213285908040045,-16.749326236737442,-14.908151867710462,1.6914054977895232,13.230406288763337,15.375087428925323
validation,2026.8.10-8.20/log_17_2026-8-20-06-29-34.ulg,1,D2_center5,5,661,-0.022433225699136482,1.9907178875301392,-6.215625343861236,-5.0660659170791105,0.0437396956885796,4.4894522915193225,5.9940101565815
validation,2026.8.10-8.20/log_17_2026-8-20-06-29-34.ulg,1,D2_center10,0,661,0.7405618820010591,3.040352394688253,-5.541334548690161,-4.908730913335406,0.6023042755106258,7.440039011936699,8.124861444383674
validation,2026.8.10-8.20/log_17_2026-8-20-06-29-34.ulg,1,D2_center10,1,661,-0.7436521336933173,3.7325629831233833,-7.7584706394556795,-7.221259504428056,-0.9666175921406903,8.054875071427002,8.893094814210407
validation,2026.8.10-8.20/log_17_2026-8-20-06-29-34.ulg,1,D2_center10,2,661,0.14674584884463798,2.906202427428374,-6.129866399726448,-4.941695546609098,0.10691326718831126,6.151436741711106,6.721996292690666
validation,2026.8.10-8.20/log_17_2026-8-20-06-29-34.ulg,1,D2_center10,3,661,0.006337217997693738,4.378890626881938,-13.555102498040071,-9.895386400652574,0.4610241685565511,9.233176269525796,12.700465686779944
validation,2026.8.10-8.20/log_17_2026-8-20-06-29-34.ulg,1,D2_center10,4,661,0.021093036876409076,3.9409791996153887,-8.126836742992065,-6.955681994928869,-0.09599607799454511,7.774823038175173,9.25186627580144
validation,2026.8.10-8.20/log_17_2026-8-20-06-29-34.ulg,1,D2_center10,5,661,-0.03672336077420858,1.0402687952769027,-2.9648606104616735,-2.2492510556600576,-0.02423164134440027,2.5440601756966883,3.5999043613974098
validation,2026.8.10-8.20/log_17_2026-8-20-06-29-34.ulg,2,D0_raw,0,725,0.104470405160722,3.076837486573801,-8.39050642713142,-7.0289797580910145,-0.04144852051515652,8.1790091694158,10.349874744913466
validation,2026.8.10-8.20/log_17_2026-8-20-06-29-34.ulg,2,D0_raw,1,725,1.0258498339627782,3.8157901702424293,-10.10252144150486,-7.261463539865714,0.554717375424746,10.175094814722252,13.776556523387828
validation,2026.8.10-8.20/log_17_2026-8-20-06-29-34.ulg,2,D0_raw,2,725,-0.1548085887960031,11.040595622020303,-20.314194635276905,-18.30867517491775,0.7571566678241144,20.34895190735722,22.48583357773984
validation,2026.8.10-8.20/log_17_2026-8-20-06-29-34.ulg,2,D0_raw,3,725,0.06328166563306703,23.711769452226033,-81.12093011948902,-44.796798057281464,-1.8115302842702408,60.511493222927335,115.2283144377928
validation,2026.8.10-8.20/log_17_2026-8-20-06-29-34.ulg,2,D0_raw,4,725,0.11692545563660361,20.64563538115687,-51.83744884445739,-42.648243641333025,0.45625026335941665,36.14611688527528,42.05486712923295
validation,2026.8.10-8.20/log_17_2026-8-20-06-29-34.ulg,2,D0_raw,5,725,0.07458941819832025,4.78295966849408,-16.261519255741202,-11.387718434564547,0.5727219497990981,11.141875180191352,12.709709156851149
validation,2026.8.10-8.20/log_17_2026-8-20-06-29-34.ulg,2,D1_lp4,0,725,0.11174510092476397,1.8724280111758593,-6.011372956726832,-4.303125761115335,0.0551693061175805,4.749444871446443,5.461910543937477
validation,2026.8.10-8.20/log_17_2026-8-20-06-29-34.ulg,2,D1_lp4,1,725,1.0288345294930488,2.0239824220657,-3.805812681520154,-2.9538059578784823,0.6878862868251495,7.2108323610323,8.474534240990256
validation,2026.8.10-8.20/log_17_2026-8-20-06-29-34.ulg,2,D1_lp4,2,725,-0.11897000564038755,4.97870768000735,-10.01794796509473,-8.436326604295365,-0.2360472528659856,8.19541659548966,8.800601618904173
validation,2026.8.10-8.20/log_17_2026-8-20-06-29-34.ulg,2,D1_lp4,3,725,0.023848297652296183,5.061424244023102,-11.774702537722048,-10.299273590972913,-0.16003065923861076,10.291975685872663,12.049436568616798
validation,2026.8.10-8.20/log_17_2026-8-20-06-29-34.ulg,2,D1_lp4,4,725,-0.01629513294412125,3.905600148351426,-6.808638879346478,-6.517959563232582,-0.3264181213707124,7.287494851907481,9.175976695688728
validation,2026.8.10-8.20/log_17_2026-8-20-06-29-34.ulg,2,D1_lp4,5,725,0.05162287519267436,1.4143477833738518,-4.182952656541493,-3.229194851823144,0.11850334444419638,3.2216543113466436,3.596920003728138
validation,2026.8.10-8.20/log_17_2026-8-20-06-29-34.ulg,2,D1_lp6,0,725,0.10707574808413475,2.4479150768471714,-7.968677336227161,-5.332269047324636,-0.10061691877415518,6.515061101046089,7.548232551460226
validation,2026.8.10-8.20/log_17_2026-8-20-06-29-34.ulg,2,D1_lp6,1,725,1.0313844080553152,2.84959151952904,-5.546931038680089,-4.064021746437324,0.49323007225080917,9.945197078424572,11.36097374007097
validation,2026.8.10-8.20/log_17_2026-8-20-06-29-34.ulg,2,D1_lp6,2,725,-0.13889736757257928,10.001532986558855,-17.115954274373262,-15.356835088332407,-0.40791089035429456,15.346347951909737,16.35056483457553
validation,2026.8.10-8.20/log_17_2026-8-20-06-29-34.ulg,2,D1_lp6,3,725,0.07934094674322174,9.33059340085318,-21.23603073176238,-18.689906398563146,0.2930674342016144,19.49237964027257,24.273486156876483
validation,2026.8.10-8.20/log_17_2026-8-20-06-29-34.ulg,2,D1_lp6,4,725,0.003254250444923995,7.816704935047552,-14.151400514161464,-13.065508803038725,0.7066542767761652,12.916560689426728,15.161233303192535
validation,2026.8.10-8.20/log_17_2026-8-20-06-29-34.ulg,2,D1_lp6,5,725,0.059645602649679205,2.4386261908161995,-6.365789930317977,-5.720473432885633,0.02502769405209864,5.598386961669291,6.363974231834055
validation,2026.8.10-8.20/log_17_2026-8-20-06-29-34.ulg,2,D1_lp8,0,725,0.10712279343533565,2.555465363804791,-8.258468208007452,-5.662325213815424,0.012237745309481978,6.806742266689342,8.118486081700388
validation,2026.8.10-8.20/log_17_2026-8-20-06-29-34.ulg,2,D1_lp8,1,725,1.034120661094825,3.0198037642767606,-6.7396669887125835,-5.051544153875704,0.3565654081858035,9.97316161994421,11.714552718884633
validation,2026.8.10-8.20/log_17_2026-8-20-06-29-34.ulg,2,D1_lp8,2,725,-0.14058624949228368,10.328860139937461,-17.821311145460204,-15.926535074732731,-0.055754810603573554,15.785657363091484,16.68903874229466
validation,2026.8.10-8.20/log_17_2026-8-20-06-29-34.ulg,2,D1_lp8,3,725,0.09523047521371719,10.885910948944717,-25.132688231380435,-19.52402087491034,-0.6180525557642497,24.34834736363699,28.63273392162427
validation,2026.8.10-8.20/log_17_2026-8-20-06-29-34.ulg,2,D1_lp8,4,725,0.021773291627069386,9.965566140777137,-21.625201418541128,-20.067148699460006,2.4685967138312495,15.793100883798903,16.883200100525773
validation,2026.8.10-8.20/log_17_2026-8-20-06-29-34.ulg,2,D1_lp8,5,725,0.0626956121981812,2.6744714329140784,-7.236048077752422,-6.3474070245715835,0.3413142946030958,5.529495216172937,6.02477278581246
validation,2026.8.10-8.20/log_17_2026-8-20-06-29-34.ulg,2,D1_lp12,0,725,0.1076841564784374,2.7690366805833526,-8.364312060789048,-6.3455465372279,-0.0421768131892873,7.240711140943718,9.430894169662132
validation,2026.8.10-8.20/log_17_2026-8-20-06-29-34.ulg,2,D1_lp12,1,725,1.0372380913411963,3.3795971668828395,-8.461393866137705,-6.084943552951753,0.5311296595240501,9.849704706994968,11.949459109100564
validation,2026.8.10-8.20/log_17_2026-8-20-06-29-34.ulg,2,D1_lp12,2,725,-0.1414690175960666,10.379865905066163,-18.694761789279564,-16.547090631251958,0.17257768096445572,16.218137293165256,17.101891047445005
validation,2026.8.10-8.20/log_17_2026-8-20-06-29-34.ulg,2,D1_lp12,3,725,0.12068483379532734,14.272607680223347,-32.28340824423763,-27.33964066131309,-0.8869802407580325,29.755505588897748,38.417795514411715
validation,2026.8.10-8.20/log_17_2026-8-20-06-29-34.ulg,2,D1_lp12,4,725,0.03545256968218873,14.987631905668596,-30.164059116819228,-27.891822655231977,0.7031982052520593,24.37583541615401,25.69460076645153
validation,2026.8.10-8.20/log_17_2026-8-20-06-29-34.ulg,2,D1_lp12,5,725,0.06478566583213989,3.1497949122781637,-8.89189843359026,-7.629664660707659,0.43685260218525807,5.6862499996032225,6.990950679071888
validation,2026.8.10-8.20/log_17_2026-8-20-06-29-34.ulg,2,D2_center2,0,725,0.10461769104508037,2.8512712514740812,-8.317027875561108,-6.441487904760183,-0.07280605828354757,7.359268431196185,9.985306936658972
validation,2026.8.10-8.20/log_17_2026-8-20-06-29-34.ulg,2,D2_center2,1,725,1.0348668920542252,3.5066351059650485,-9.013787061275762,-5.907824139796434,0.5797059359194874,10.178970828718484,13.006904082220055
validation,2026.8.10-8.20/log_17_2026-8-20-06-29-34.ulg,2,D2_center2,2,725,-0.14732490949774718,10.589195358539074,-19.946600308640523,-17.36213269834997,0.379201704132071,17.777255338755108,19.126339537469057
validation,2026.8.10-8.20/log_17_2026-8-20-06-29-34.ulg,2,D2_center2,3,725,0.1838486367085171,17.029030906055812,-39.064015200243254,-33.203361119205624,-0.5048037112834843,38.23621558541392,49.7582336824558
validation,2026.8.10-8.20/log_17_2026-8-20-06-29-34.ulg,2,D2_center2,4,725,0.05506524085414466,17.115510696462806,-32.404198018251954,-30.16717476308615,1.1389343467409934,27.94543455143836,30.480737318260577
validation,2026.8.10-8.20/log_17_2026-8-20-06-29-34.ulg,2,D2_center2,5,725,0.06879703334702708,3.6073687177839546,-11.009178370577972,-8.129965842064802,0.5333122605074087,7.465385916594302,8.383224380459321
validation,2026.8.10-8.20/log_17_2026-8-20-06-29-34.ulg,2,D2_center5,0,725,0.10714404802381405,2.253205833712158,-7.426989580202911,-4.954812961592764,-0.00887977814148915,6.132604323060009,6.857627857186165
validation,2026.8.10-8.20/log_17_2026-8-20-06-29-34.ulg,2,D2_center5,1,725,1.0289826499269161,2.573377159260751,-5.499778941195749,-4.071979851331416,0.4466597685115606,8.775927595240923,10.04233475829494
validation,2026.8.10-8.20/log_17_2026-8-20-06-29-34.ulg,2,D2_center5,2,725,-0.1345987487248918,8.287278325394775,-14.708345384848704,-13.12722146128542,-0.38889260357684635,12.557859243994603,13.30309377643317
validation,2026.8.10-8.20/log_17_2026-8-20-06-29-34.ulg,2,D2_center5,3,725,0.06327631126779934,8.845930864945526,-22.89799636055011,-18.794000387671883,-0.01765772670447422,21.72245167061067,25.35755539394939
validation,2026.8.10-8.20/log_17_2026-8-20-06-29-34.ulg,2,D2_center5,4,725,0.010963844925493255,7.684719454463104,-17.284048995693812,-15.823731822312586,1.5319622244179099,13.368327871019012,15.242001947174934
validation,2026.8.10-8.20/log_17_2026-8-20-06-29-34.ulg,2,D2_center5,5,725,0.057545586836700566,2.2177357305000363,-6.188714581884028,-5.182021880198261,0.18455754279510175,4.714050782167101,5.8297559111302295
validation,2026.8.10-8.20/log_17_2026-8-20-06-29-34.ulg,2,D2_center10,0,725,0.11251712917482157,1.7030618289349624,-4.921894751951931,-3.5962831849248054,0.024453310110506245,3.7613717786545258,4.503495494853146
validation,2026.8.10-8.20/log_17_2026-8-20-06-29-34.ulg,2,D2_center10,1,725,1.0267684516355506,1.7831986881907387,-2.758092574128729,-2.4162478745671336,0.9383219396900618,5.865592749044628,7.166490934127284
validation,2026.8.10-8.20/log_17_2026-8-20-06-29-34.ulg,2,D2_center10,2,725,-0.10931021915606567,2.6542133755932795,-6.884306161884187,-5.574399971801346,-0.26205371699495145,4.933566908703244,5.247374026376527
validation,2026.8.10-8.20/log_17_2026-8-20-06-29-34.ulg,2,D2_center10,3,725,0.0021860889301614263,3.9179923081430084,-11.353124623771658,-9.059776506108744,0.17294669822359449,8.078332447498322,11.521485859979629
validation,2026.8.10-8.20/log_17_2026-8-20-06-29-34.ulg,2,D2_center10,4,725,-0.03576166303926042,3.8366254877430412,-7.978988252050109,-6.69984119242239,-0.22099194197676164,7.219986861426856,8.041149673456983
validation,2026.8.10-8.20/log_17_2026-8-20-06-29-34.ulg,2,D2_center10,5,725,0.04643607356297229,1.1135584687572673,-4.32848173542638,-3.0370326758129678,0.04187893556213849,2.4722885414553644,3.441570845538898
validation,2026.8.10-8.20/log_17_2026-8-20-06-29-34.ulg,3,D0_raw,0,5196,-0.050131165394171597,2.680397078804238,-13.887267012881221,-7.551094800067281,-0.009832068766472486,6.339904779414953,9.97195262947282
validation,2026.8.10-8.20/log_17_2026-8-20-06-29-34.ulg,3,D0_raw,1,5196,-0.015774966082927135,2.6802910979477375,-9.133493461892124,-6.498424102547768,-0.004249466016363069,7.4557387028390245,11.047545759456709
validation,2026.8.10-8.20/log_17_2026-8-20-06-29-34.ulg,3,D0_raw,2,5196,0.023723804112815706,9.711791285076618,-24.33314118227053,-17.488225183279127,1.0399986193785349,17.657416932711225,22.342009521226213
validation,2026.8.10-8.20/log_17_2026-8-20-06-29-34.ulg,3,D0_raw,3,5196,-0.0290217381316043,21.52709056228279,-88.50176492066404,-45.78513263683591,-1.7533108466593927,57.54179164352836,102.10849030057805
validation,2026.8.10-8.20/log_17_2026-8-20-06-29-34.ulg,3,D0_raw,4,5196,-0.04575628644226091,18.123991162202895,-52.29977155496865,-36.91892478336775,0.17008743386939468,36.05517107277712,45.50628886653087
validation,2026.8.10-8.20/log_17_2026-8-20-06-29-34.ulg,3,D0_raw,5,5196,-0.013798386150651102,3.9719628850330384,-19.678240548663116,-10.204327147184111,0.25018830191552277,9.107105841788918,16.0019433213256
validation,2026.8.10-8.20/log_17_2026-8-20-06-29-34.ulg,3,D1_lp4,0,5196,-0.050591429453586814,1.7696331803895202,-8.42363067939713,-5.190721842835529,0.05261449133419493,4.238105804645971,7.159543839470292
validation,2026.8.10-8.20/log_17_2026-8-20-06-29-34.ulg,3,D1_lp4,1,5196,-0.019035725222819336,1.7089600197529375,-6.17755280353846,-4.8032880455368465,-0.039825921591045296,5.079837816047276,8.148938655489953
validation,2026.8.10-8.20/log_17_2026-8-20-06-29-34.ulg,3,D1_lp4,2,5196,0.015846744050923886,6.21537947948066,-11.406722679799172,-9.868846289252385,0.0056678827827685505,10.323766253906344,11.725110977667764
validation,2026.8.10-8.20/log_17_2026-8-20-06-29-34.ulg,3,D1_lp4,3,5196,-0.00528256176399068,5.299676186426602,-15.958728554251264,-11.032364541003558,0.05008672649077055,10.691787722433217,15.492871466683557
validation,2026.8.10-8.20/log_17_2026-8-20-06-29-34.ulg,3,D1_lp4,4,5196,-0.003854004765317029,3.859945519472218,-8.534075842679819,-6.861124086184828,0.03814506052233897,7.484679021658557,10.630978999590605
validation,2026.8.10-8.20/log_17_2026-8-20-06-29-34.ulg,3,D1_lp4,5,5196,-0.0030385463864415407,1.178165854991029,-5.249597831902194,-2.9246849747338777,0.03761402850611659,2.779166484087537,4.10946912083615
validation,2026.8.10-8.20/log_17_2026-8-20-06-29-34.ulg,3,D1_lp6,0,5196,-0.05087619876322825,2.1161343869199767,-10.277714608748019,-6.596756588531115,0.021278011626241287,5.064960162273433,8.483719960570978
validation,2026.8.10-8.20/log_17_2026-8-20-06-29-34.ulg,3,D1_lp6,1,5196,-0.01881613901616275,2.0365767389658878,-7.368383242168701,-5.432836588845306,-0.04144335751596464,6.198588519701485,9.621625729305352
validation,2026.8.10-8.20/log_17_2026-8-20-06-29-34.ulg,3,D1_lp6,2,5196,0.019069107674782686,9.06870873480302,-17.458157235708043,-14.897438151798335,0.15354674864383355,14.056788269628056,16.0693374314708
validation,2026.8.10-8.20/log_17_2026-8-20-06-29-34.ulg,3,D1_lp6,3,5196,-0.008601885961023072,8.06376326560075,-26.462143524748523,-16.83810482864261,0.02388913341944005,17.572021244835643,25.249574993153917
validation,2026.8.10-8.20/log_17_2026-8-20-06-29-34.ulg,3,D1_lp6,4,5196,-0.013984741287390814,6.32679095788297,-16.12989512386739,-12.463611390929522,1.54156992635118,12.44167401782228,17.716908539677576
validation,2026.8.10-8.20/log_17_2026-8-20-06-29-34.ulg,3,D1_lp6,5,5196,-0.003843924605200109,1.7039613083175256,-9.848331854805002,-4.5033557599415,0.09385354026057927,4.332432177059372,8.436666491833765
validation,2026.8.10-8.20/log_17_2026-8-20-06-29-34.ulg,3,D1_lp8,0,5196,-0.0521763682886465,2.2773844437834327,-10.588070187915928,-6.909563252786895,-0.0008937345345485886,5.373931195909504,9.258060516341033
validation,2026.8.10-8.20/log_17_2026-8-20-06-29-34.ulg,3,D1_lp8,1,5196,-0.01778753900227245,2.220896049229829,-7.465996582079899,-5.686816316187624,-0.010485584027545316,6.428424783626218,10.059844636600447
validation,2026.8.10-8.20/log_17_2026-8-20-06-29-34.ulg,3,D1_lp8,2,5196,0.019301420847365146,9.230622941019371,-18.103122132448892,-15.564504926844448,0.40634011695252636,14.319575573279156,16.51533415923937
validation,2026.8.10-8.20/log_17_2026-8-20-06-29-34.ulg,3,D1_lp8,3,5196,-0.009515857328361405,10.172744351602054,-32.99007720248438,-21.412271365672257,0.177854020689371,23.53109018867445,32.50120897656841
validation,2026.8.10-8.20/log_17_2026-8-20-06-29-34.ulg,3,D1_lp8,4,5196,-0.038665755847423156,10.411849412830916,-23.501060962035396,-20.3837597268813,1.3470956764024773,16.562737264912588,20.301161643538435
validation,2026.8.10-8.20/log_17_2026-8-20-06-29-34.ulg,3,D1_lp8,5,5196,-0.005430666043210058,1.9876379897141407,-10.792281165516764,-5.313804820920327,0.15064357678098253,4.739748194935009,9.106348307038076
validation,2026.8.10-8.20/log_17_2026-8-20-06-29-34.ulg,3,D1_lp12,0,5196,-0.0524470396865099,2.451276595708798,-11.098141105817364,-7.082522677431541,-0.010936160239725563,5.790131029135922,9.735008033223659
validation,2026.8.10-8.20/log_17_2026-8-20-06-29-34.ulg,3,D1_lp12,1,5196,-0.01747536961497906,2.4301788165528566,-8.085997272105004,-6.013265438162743,-0.016012158389523117,6.706431210495052,10.59690462718669
validation,2026.8.10-8.20/log_17_2026-8-20-06-29-34.ulg,3,D1_lp12,2,5196,0.020346775237662183,9.27114923383159,-19.08957221474256,-16.35339439246259,0.48825658708389597,14.909553843137765,16.67115533266421
validation,2026.8.10-8.20/log_17_2026-8-20-06-29-34.ulg,3,D1_lp12,3,5196,-0.006680161546388353,12.869540412766638,-44.93471770798177,-27.307840337839764,-0.6173682436404133,29.889032341130974,39.42666745737789
validation,2026.8.10-8.20/log_17_2026-8-20-06-29-34.ulg,3,D1_lp12,4,5196,-0.04502256621679606,14.079833028746032,-32.76107321062009,-26.450685356615,-0.2395672855318207,24.03791539485588,29.280768944183045
validation,2026.8.10-8.20/log_17_2026-8-20-06-29-34.ulg,3,D1_lp12,5,5196,-0.005935526533217989,2.402112492690589,-11.151131622782753,-6.472261415258907,0.255872916804212,5.450376635176561,9.19991869357809
validation,2026.8.10-8.20/log_17_2026-8-20-06-29-34.ulg,3,D2_center2,0,5196,-0.05216210243570309,2.498431207847522,-11.896966848639309,-7.225294431084001,-0.0236564096268796,5.8999216419520515,9.44778412759779
validation,2026.8.10-8.20/log_17_2026-8-20-06-29-34.ulg,3,D2_center2,1,5196,-0.01743304039364677,2.484640951883745,-8.025215841405961,-6.066215202843924,0.004013559587070309,7.034461536800479,10.4744268159049
validation,2026.8.10-8.20/log_17_2026-8-20-06-29-34.ulg,3,D2_center2,2,5196,0.020361092149783076,9.378469142731403,-19.569579762822848,-16.66872823118204,0.8829673378670979,15.843113818346236,19.316448645240722
validation,2026.8.10-8.20/log_17_2026-8-20-06-29-34.ulg,3,D2_center2,3,5196,-0.009306247272674253,14.939729568959413,-56.30766617962265,-31.98334973870219,-1.0932214759079524,35.565067567890154,57.09311500163818
validation,2026.8.10-8.20/log_17_2026-8-20-06-29-34.ulg,3,D2_center2,4,5196,-0.0378390804958178,15.363703135992107,-37.26932005592341,-27.510769003376375,0.7779428907208779,26.25124180560223,36.11721493545322
validation,2026.8.10-8.20/log_17_2026-8-20-06-29-34.ulg,3,D2_center2,5,5196,-0.007266515058960036,2.762341213980517,-12.012826541698196,-6.887568479817261,0.3359627280129839,6.1827634038734365,10.742099205449769
validation,2026.8.10-8.20/log_17_2026-8-20-06-29-34.ulg,3,D2_center5,0,5196,-0.05082518933213886,1.9830017336373638,-9.412331697508229,-6.071871136049944,0.03228781758947595,4.687616240727523,7.9701788424330555
validation,2026.8.10-8.20/log_17_2026-8-20-06-29-34.ulg,3,D2_center5,1,5196,-0.018541586079568576,1.9211386442372052,-6.9297414286690815,-5.118881975738493,-0.028168981622100513,5.692634485741394,8.912040258054896
validation,2026.8.10-8.20/log_17_2026-8-20-06-29-34.ulg,3,D2_center5,2,5196,0.016556248243138876,7.65210554501753,-15.070612147540604,-12.579830772971397,0.07005238527033997,11.60115976542141,13.181384190126103
validation,2026.8.10-8.20/log_17_2026-8-20-06-29-34.ulg,3,D2_center5,3,5196,-0.007519756545622765,8.034568481678237,-30.992832541881995,-20.569717422861096,-0.002559185637832825,18.227708511325485,29.60795165122914
validation,2026.8.10-8.20/log_17_2026-8-20-06-29-34.ulg,3,D2_center5,4,5196,-0.013674930889732637,7.139893284594535,-18.788302885886793,-14.557745313399073,1.2746850754443848,12.32105383010034,17.794615408756517
validation,2026.8.10-8.20/log_17_2026-8-20-06-29-34.ulg,3,D2_center5,5,5196,-0.0044199934501165505,1.6245765629069304,-8.862977028081865,-4.1603097728757605,0.10227376955815967,4.048874064125204,7.510446691777874
validation,2026.8.10-8.20/log_17_2026-8-20-06-29-34.ulg,3,D2_center10,0,5196,-0.05046628263482132,1.529193229071811,-6.339975125423396,-4.270806437660055,0.1063439376076648,3.327419105152247,5.325085336825876
validation,2026.8.10-8.20/log_17_2026-8-20-06-29-34.ulg,3,D2_center10,1,5196,-0.018915043048691235,1.4731916658380575,-4.736152923729352,-3.844069679395445,-0.02881586604852001,3.968017793502553,6.1972958252538275
validation,2026.8.10-8.20/log_17_2026-8-20-06-29-34.ulg,3,D2_center10,2,5196,0.011511556838380115,3.275212006200741,-7.094863802548014,-5.556590288127845,-0.13994085333967532,6.2144853784735465,7.577552681024834
validation,2026.8.10-8.20/log_17_2026-8-20-06-29-34.ulg,3,D2_center10,3,5196,-9.812846046269218e-05,3.853556077735223,-15.984767442254613,-8.664393256271524,-0.009682335835514425,8.505536691320605,16.175450092321583
validation,2026.8.10-8.20/log_17_2026-8-20-06-29-34.ulg,3,D2_center10,4,5196,-0.0008089483959652344,3.779627608267177,-9.69862753736255,-6.706827326776757,-0.09188478767720651,7.52236480405335,9.781899882847956
validation,2026.8.10-8.20/log_17_2026-8-20-06-29-34.ulg,3,D2_center10,5,5196,-0.002706122254450363,0.90576078141451,-3.5134859325135728,-2.082413431448863,0.0014836051805531666,2.1876532863861184,3.204347665129461
validation,2026.8.10-8.20/log_17_2026-8-20-06-29-34.ulg,5,D0_raw,0,1901,0.13504778123392908,2.686055623079208,-7.931541910378207,-4.709035722612681,-0.3332054634725935,9.248559977475566,13.237660332209323
validation,2026.8.10-8.20/log_17_2026-8-20-06-29-34.ulg,5,D0_raw,1,1901,0.08173335071337338,2.4812861101303074,-13.054620706560717,-8.272544118477361,0.18822393661495862,5.621083233453935,9.341975325930898
validation,2026.8.10-8.20/log_17_2026-8-20-06-29-34.ulg,5,D0_raw,2,1901,0.07193377603275285,8.351940608592775,-19.22495657942153,-15.385095778581807,1.1472296339660002,16.07879637957674,22.700105524364865
validation,2026.8.10-8.20/log_17_2026-8-20-06-29-34.ulg,5,D0_raw,3,1901,0.019567467458508715,20.773525815432208,-158.33247714291727,-47.25889348758739,-0.9403223264860359,62.24163667959851,116.71120447429472
validation,2026.8.10-8.20/log_17_2026-8-20-06-29-34.ulg,5,D0_raw,4,1901,-0.0679979726670513,16.009334720504267,-42.98353446498249,-34.148933916435254,0.5878548780058115,33.6749683647036,41.785985686877936
validation,2026.8.10-8.20/log_17_2026-8-20-06-29-34.ulg,5,D0_raw,5,1901,0.0078078902819468474,3.609958271173885,-14.016444037166249,-9.32254167827119,0.11293346606269568,8.557832800912903,15.908536583471589
validation,2026.8.10-8.20/log_17_2026-8-20-06-29-34.ulg,5,D1_lp4,0,1901,0.12724484658858337,1.9471520589629188,-4.682771840035438,-3.1320988571151807,-0.21565266707138847,7.242873761897395,10.549865845278564
validation,2026.8.10-8.20/log_17_2026-8-20-06-29-34.ulg,5,D1_lp4,1,1901,0.07826554496995485,1.86920377338636,-7.345605830130626,-5.702799159164437,0.2172345499351987,4.623158239120752,5.574934173659858
validation,2026.8.10-8.20/log_17_2026-8-20-06-29-34.ulg,5,D1_lp4,2,1901,0.06215397104795573,6.401824312910658,-11.771980061828502,-10.547071374377479,0.23232755895447094,10.290548439416922,12.194480222257083
validation,2026.8.10-8.20/log_17_2026-8-20-06-29-34.ulg,5,D1_lp4,3,1901,-0.00477575152525656,5.59435232671496,-13.188542789475324,-10.855882051520666,-0.03470448524458405,10.876354633282986,14.127497473793088
validation,2026.8.10-8.20/log_17_2026-8-20-06-29-34.ulg,5,D1_lp4,4,1901,-0.01603171481916678,4.2799693054867065,-11.93866321949554,-8.649553799249519,-0.16321892898793075,10.060379665923136,12.880191379204476
validation,2026.8.10-8.20/log_17_2026-8-20-06-29-34.ulg,5,D1_lp4,5,1901,-0.006668759906168002,1.3091962078862656,-4.40580131103556,-3.1390045683381196,0.01428761566656295,2.883348825388848,4.1337379361551205
validation,2026.8.10-8.20/log_17_2026-8-20-06-29-34.ulg,5,D1_lp6,0,1901,0.12848689906504365,2.2575277440271604,-5.077176560243609,-3.5623299721559873,-0.41237095048865147,9.017437773296813,13.56776284453647
validation,2026.8.10-8.20/log_17_2026-8-20-06-29-34.ulg,5,D1_lp6,1,1901,0.078199443491812,2.162592274893721,-9.993567438304256,-7.376216443776165,0.2501152016712538,5.090068781901654,6.301437074021641
validation,2026.8.10-8.20/log_17_2026-8-20-06-29-34.ulg,5,D1_lp6,2,1901,0.06874451059906846,7.9848666628433405,-14.845662105032535,-13.389279023657046,0.3671088346854071,13.175371484274113,15.488830235564805
validation,2026.8.10-8.20/log_17_2026-8-20-06-29-34.ulg,5,D1_lp6,3,1901,-0.00493091165815851,7.721244625926339,-18.84059977861687,-15.01448410838187,-0.24915510930547696,15.852360479927588,21.286996817611545
validation,2026.8.10-8.20/log_17_2026-8-20-06-29-34.ulg,5,D1_lp6,4,1901,-0.020396058510973585,6.773096787686078,-18.86631527410175,-13.982205644373732,0.5837777553742926,15.38744884484273,18.585395638411338
validation,2026.8.10-8.20/log_17_2026-8-20-06-29-34.ulg,5,D1_lp6,5,1901,-0.004831845782157169,1.7442807356372259,-6.04084784100321,-4.629592221718155,0.10341187309916433,3.93125152854972,5.369849028510642
validation,2026.8.10-8.20/log_17_2026-8-20-06-29-34.ulg,5,D1_lp8,0,1901,0.12974229757736383,2.430981905735535,-5.555958045930412,-3.9689144875689024,-0.34608351140772226,8.982989376332819,13.782998614358473
validation,2026.8.10-8.20/log_17_2026-8-20-06-29-34.ulg,5,D1_lp8,1,1901,0.07773727322595549,2.2772538686425143,-10.96255878743091,-7.729947993055746,0.24543360076112894,5.195586925428032,6.831563947856785
validation,2026.8.10-8.20/log_17_2026-8-20-06-29-34.ulg,5,D1_lp8,2,1901,0.06920214129828649,8.06744189868619,-15.313567190638585,-13.732615350941288,0.5437676126040285,13.341187025623046,15.63357594387658
validation,2026.8.10-8.20/log_17_2026-8-20-06-29-34.ulg,5,D1_lp8,3,1901,-0.0008583601993718125,9.810234437052408,-24.98471095098915,-20.861791804199516,0.0924568008676759,22.821515306828303,29.357984834134363
validation,2026.8.10-8.20/log_17_2026-8-20-06-29-34.ulg,5,D1_lp8,4,1901,-0.022671991241011227,10.953604799975249,-23.88849106386664,-20.77037892931277,0.7776629433059723,18.6400186203876,20.919417400116995
validation,2026.8.10-8.20/log_17_2026-8-20-06-29-34.ulg,5,D1_lp8,5,1901,-0.003165581857209012,2.0080638106009268,-7.516417877198992,-5.488040875307394,0.2743770229793715,4.503959532826376,6.305212045981697
validation,2026.8.10-8.20/log_17_2026-8-20-06-29-34.ulg,5,D1_lp12,0,1901,0.1302469983616645,2.546152040476824,-7.23561228896714,-4.45137343390124,-0.3599397729448734,9.247891068979373,13.683742446101231
validation,2026.8.10-8.20/log_17_2026-8-20-06-29-34.ulg,5,D1_lp12,1,1901,0.0773142040825397,2.3634197148736833,-12.113121063980856,-7.956020919528759,0.2620040713403467,5.482569819244654,6.84452942516482
validation,2026.8.10-8.20/log_17_2026-8-20-06-29-34.ulg,5,D1_lp12,2,1901,0.0700661562202872,8.10658838249755,-16.893432086858287,-14.513965039944457,0.6765672789746486,14.077433399429962,16.154249216376595
validation,2026.8.10-8.20/log_17_2026-8-20-06-29-34.ulg,5,D1_lp12,3,1901,0.0037101631065253964,11.9589577124699,-37.147033757598955,-24.989949523876213,-0.7942804714401152,28.549557696839226,36.882660578409315
validation,2026.8.10-8.20/log_17_2026-8-20-06-29-34.ulg,5,D1_lp12,4,1901,-0.021868518780542075,13.511294810403133,-29.48138620194722,-25.556159916855265,0.14919109332781263,25.28975997002843,29.945131279198765
validation,2026.8.10-8.20/log_17_2026-8-20-06-29-34.ulg,5,D1_lp12,5,1901,-0.00034277790770094083,2.376581545685811,-9.42680486591026,-6.715953222736857,0.2588746225748115,5.179137236513858,7.567192022410862
validation,2026.8.10-8.20/log_17_2026-8-20-06-29-34.ulg,5,D2_center2,0,1901,0.1316188153689014,2.552921715306675,-6.972456320032462,-4.38676926133937,-0.3404022895688386,9.303750790660438,13.208288938208629
validation,2026.8.10-8.20/log_17_2026-8-20-06-29-34.ulg,5,D2_center2,1,1901,0.07842196511337865,2.3664235231671613,-12.708239448089003,-8.183525560578719,0.21551921459744364,5.654876818308815,6.867419097431282
validation,2026.8.10-8.20/log_17_2026-8-20-06-29-34.ulg,5,D2_center2,2,1901,0.06708762170091051,8.113447020939502,-17.561534185919896,-14.794681799292873,0.7634883450389071,14.635330495653214,17.08983960901625
validation,2026.8.10-8.20/log_17_2026-8-20-06-29-34.ulg,5,D2_center2,3,1901,-0.0023798571035399327,13.687264515174064,-45.74295691167062,-31.63859923471887,-0.9766998543780621,34.43721886585171,58.66764031800003
validation,2026.8.10-8.20/log_17_2026-8-20-06-29-34.ulg,5,D2_center2,4,1901,-0.03913722582674799,13.890280000319914,-33.94797708636472,-25.989560139648606,0.40916449789959136,25.83236440728209,31.333069350032616
validation,2026.8.10-8.20/log_17_2026-8-20-06-29-34.ulg,5,D2_center2,5,1901,0.003154854155261383,2.623354704882824,-9.781585017893793,-6.664578127080967,0.25665259514767846,5.6609331447582605,8.14276819619313
validation,2026.8.10-8.20/log_17_2026-8-20-06-29-34.ulg,5,D2_center5,0,1901,0.12849312457407827,2.1175018960353147,-4.960072702205623,-3.4581373279579894,-0.28763896877085876,8.068908233846672,12.111687231607634
validation,2026.8.10-8.20/log_17_2026-8-20-06-29-34.ulg,5,D2_center5,1,1901,0.0783339332032733,2.011184130674037,-9.088426883629337,-6.836614272668294,0.25118822993882806,4.819380917107891,6.122751761758231
validation,2026.8.10-8.20/log_17_2026-8-20-06-29-34.ulg,5,D2_center5,2,1901,0.0654374113622124,6.848783854001487,-13.206859962132503,-11.442581112237322,0.2360736937326065,10.733691920266333,12.438243732575454
validation,2026.8.10-8.20/log_17_2026-8-20-06-29-34.ulg,5,D2_center5,3,1901,-0.00448139554665503,7.643683154701684,-27.191669527098796,-18.30390228962644,-0.035696458607706164,17.11209190607314,23.74395381696503
validation,2026.8.10-8.20/log_17_2026-8-20-06-29-34.ulg,5,D2_center5,4,1901,-0.02114985317239078,7.2552480339813155,-17.518733804812495,-14.704397298711632,0.5133900597478773,13.172881338019899,16.27570006413794
validation,2026.8.10-8.20/log_17_2026-8-20-06-29-34.ulg,5,D2_center5,5,1901,-0.005781689746781756,1.636798199549188,-5.946264661642641,-4.368906980575294,0.1355136491928659,3.8146802432339215,5.815790619831012
validation,2026.8.10-8.20/log_17_2026-8-20-06-29-34.ulg,5,D2_center10,0,1901,0.12765159715189495,1.675777666735371,-3.972338930596208,-2.9152856790159816,-0.1391158295476626,6.053205576626132,8.3173966629841
validation,2026.8.10-8.20/log_17_2026-8-20-06-29-34.ulg,5,D2_center10,1,1901,0.07943079221669574,1.5707379623228752,-5.46742327990882,-4.425821218792089,0.21784249512386286,3.5453542358984413,4.295560049546771
validation,2026.8.10-8.20/log_17_2026-8-20-06-29-34.ulg,5,D2_center10,2,1901,0.055078617146801255,3.5575147723029192,-6.717998990590123,-5.852089884864138,-0.04656496218029369,6.035758987572762,7.605014287997819
validation,2026.8.10-8.20/log_17_2026-8-20-06-29-34.ulg,5,D2_center10,3,1901,-0.005818880942169249,3.8610564238529546,-11.931100477704723,-8.411973184598503,0.0827048416038307,8.806354000697155,12.815841981607585
validation,2026.8.10-8.20/log_17_2026-8-20-06-29-34.ulg,5,D2_center10,4,1901,-0.007294678858172914,3.7329442189155353,-9.557169733284788,-7.269572267494491,-0.2879236591159731,8.224676166012562,9.76096387544673
validation,2026.8.10-8.20/log_17_2026-8-20-06-29-34.ulg,5,D2_center10,5,1901,-0.008227144286762883,0.9196515261648732,-3.266137112287646,-2.259806499058105,-0.005440399475450413,2.1619769188879756,3.128318931360968
validation,2026.8.10-8.20/log_19_2026-8-20-06-51-18.ulg,0,D0_raw,0,579,-0.30706040849574834,2.388939272678749,-6.375179746559981,-5.162540790301769,-0.25717194429144663,6.457199792346739,8.197700527621762
validation,2026.8.10-8.20/log_19_2026-8-20-06-51-18.ulg,0,D0_raw,1,579,-0.2911535074026405,3.5595379472956785,-8.768201591018812,-8.043333141503725,-0.02417948683885124,6.439873465233911,8.534596773809902
validation,2026.8.10-8.20/log_19_2026-8-20-06-51-18.ulg,0,D0_raw,2,579,0.06823511638749212,11.94552046690286,-22.788963958116184,-20.544317597607833,1.1020608370495701,21.166509401824758,23.484863116875477
validation,2026.8.10-8.20/log_19_2026-8-20-06-51-18.ulg,0,D0_raw,3,579,0.26277783057139015,21.799444465916526,-65.34300430982857,-42.71180706773269,-1.8108453235790907,55.53019275602066,67.26994139294268
validation,2026.8.10-8.20/log_19_2026-8-20-06-51-18.ulg,0,D0_raw,4,579,-0.07961864601674655,21.08304170010058,-49.46659347099043,-43.559957470745246,1.640755131323782,38.54205547447079,54.44156188884291
validation,2026.8.10-8.20/log_19_2026-8-20-06-51-18.ulg,0,D0_raw,5,579,0.05495278434247964,4.542917369465215,-16.48116804555053,-11.133112993445268,0.633986143399289,9.105832868273959,14.881268964861986
validation,2026.8.10-8.20/log_19_2026-8-20-06-51-18.ulg,0,D1_lp4,0,579,-0.3193826217347109,1.0078752385277625,-3.3326429857055646,-2.929491798674652,-0.19246577940480405,2.2156065506843867,2.5504426303348375
validation,2026.8.10-8.20/log_19_2026-8-20-06-51-18.ulg,0,D1_lp4,1,579,-0.27664502664304863,1.3768828450172312,-3.136524604393912,-2.9139321325949257,-0.16197132181091847,2.3150807037459633,3.2072237946523603
validation,2026.8.10-8.20/log_19_2026-8-20-06-51-18.ulg,0,D1_lp4,2,579,0.005354719685653927,6.060538789765338,-10.175975194560383,-9.314676559813451,-0.08098410820015069,9.51472155672454,12.112605075943375
validation,2026.8.10-8.20/log_19_2026-8-20-06-51-18.ulg,0,D1_lp4,3,579,-0.019210073237126188,4.898927350378692,-15.33864895260349,-13.106424324329803,-0.00453306216855494,9.880429396362754,15.86982783408249
validation,2026.8.10-8.20/log_19_2026-8-20-06-51-18.ulg,0,D1_lp4,4,579,0.05098766076034461,1.8307587883277514,-5.279703819906262,-4.383513620846633,-0.09834969309010276,4.417617155307928,6.740254862822602
validation,2026.8.10-8.20/log_19_2026-8-20-06-51-18.ulg,0,D1_lp4,5,579,0.08512181218820125,1.4642249312224662,-3.508969421106456,-2.861759766284871,0.11050570820727008,3.5938847047918494,5.778743699041571
validation,2026.8.10-8.20/log_19_2026-8-20-06-51-18.ulg,0,D1_lp6,0,579,-0.3135284717198259,1.467917440983644,-4.623523191258503,-4.103546169803086,-0.16359139064912656,3.212453682627176,3.9535728638888163
validation,2026.8.10-8.20/log_19_2026-8-20-06-51-18.ulg,0,D1_lp6,1,579,-0.27359160810775573,2.3657960145037853,-5.158922752326675,-4.691611280773674,-0.015557357763938549,3.3864423959776895,4.0721473006108475
validation,2026.8.10-8.20/log_19_2026-8-20-06-51-18.ulg,0,D1_lp6,2,579,0.03815832809317729,11.038512522506814,-18.258019211099295,-16.567493904051084,-0.21445845109446027,16.041899166291138,18.244171030438174
validation,2026.8.10-8.20/log_19_2026-8-20-06-51-18.ulg,0,D1_lp6,3,579,0.03822492413509463,8.625859706300764,-25.195840881680905,-20.143638142554696,0.5669243544154757,20.100442284631335,29.638187596882997
validation,2026.8.10-8.20/log_19_2026-8-20-06-51-18.ulg,0,D1_lp6,4,579,0.038237269407531825,2.932631922501234,-8.638115012353195,-6.818291258659544,0.00953572691804339,6.0474695288973725,9.53691738709173
validation,2026.8.10-8.20/log_19_2026-8-20-06-51-18.ulg,0,D1_lp6,5,579,0.09894362926800164,2.3802901649864205,-6.037773961105218,-4.71119636691765,0.37900396174691253,5.0936844338998695,6.439470906475892
validation,2026.8.10-8.20/log_19_2026-8-20-06-51-18.ulg,0,D1_lp8,0,579,-0.3121068242212959,1.6781622644544834,-4.726763832794721,-4.213234947559578,-0.25672221075551965,3.7659448193019713,5.197548448693654
validation,2026.8.10-8.20/log_19_2026-8-20-06-51-18.ulg,0,D1_lp8,1,579,-0.27729674868397713,2.677365779463742,-6.301384339292105,-5.8500066924561045,0.40817267916508676,3.89867570203622,5.097332488762603
validation,2026.8.10-8.20/log_19_2026-8-20-06-51-18.ulg,0,D1_lp8,2,579,0.041260504684302965,11.339568366063569,-19.223429680172874,-17.434411828674747,0.16341754368539319,16.41987342506325,18.5954803396425
validation,2026.8.10-8.20/log_19_2026-8-20-06-51-18.ulg,0,D1_lp8,3,579,0.04827082800321711,10.169221357855172,-27.248518152332075,-22.934029024909123,1.5158728834142905,23.953234610361573,36.51079169858309
validation,2026.8.10-8.20/log_19_2026-8-20-06-51-18.ulg,0,D1_lp8,4,579,0.008492428065653214,8.260348182850729,-17.44953142376528,-15.322394023867565,0.5326439259658629,13.621425024060573,15.243934237728512
validation,2026.8.10-8.20/log_19_2026-8-20-06-51-18.ulg,0,D1_lp8,5,579,0.1034634879030684,2.669804080762708,-7.3557149169707925,-6.058514593508267,0.9109241052217895,4.901719768561258,7.709387038132536
validation,2026.8.10-8.20/log_19_2026-8-20-06-51-18.ulg,0,D1_lp12,0,579,-0.31072283302876447,2.088240138116803,-4.958125363048181,-4.539440907172419,-0.14351527234027983,5.407076793974881,6.623195915242442
validation,2026.8.10-8.20/log_19_2026-8-20-06-51-18.ulg,0,D1_lp12,1,579,-0.2801782361660194,3.2019367978814075,-7.726456722265432,-7.073910917330348,0.12378755991014624,5.321638977679165,6.569645076829373
validation,2026.8.10-8.20/log_19_2026-8-20-06-51-18.ulg,0,D1_lp12,2,579,0.040746150741511396,11.415454681366064,-20.26020489173531,-18.55742474868672,0.6488243309891957,16.73869288958762,19.121878154688705
validation,2026.8.10-8.20/log_19_2026-8-20-06-51-18.ulg,0,D1_lp12,3,579,0.06394709785650157,13.281749639146277,-32.20432133592678,-27.470322580043533,0.7473142359670814,31.30562346126024,43.944701483590954
validation,2026.8.10-8.20/log_19_2026-8-20-06-51-18.ulg,0,D1_lp12,4,579,-0.012282175333226678,15.105579117279582,-30.799002010728866,-27.643740931857685,0.3899336250051675,24.95739045285127,26.609654794307552
validation,2026.8.10-8.20/log_19_2026-8-20-06-51-18.ulg,0,D1_lp12,5,579,0.10058689470605993,3.155718215112119,-7.972916135708092,-7.2162238147577,0.8229262315560454,6.173356699454479,9.133909660263907
validation,2026.8.10-8.20/log_19_2026-8-20-06-51-18.ulg,0,D2_center2,0,579,-0.3093583534968375,2.1134133627821265,-5.533031089034219,-4.65112101449072,-0.05711004406749949,5.371216851775842,7.957356442970163
validation,2026.8.10-8.20/log_19_2026-8-20-06-51-18.ulg,0,D2_center2,1,579,-0.2797592829320251,3.2418440580883416,-7.784243280504862,-7.038607693664769,0.044601952623498364,5.529078906905063,6.297200858474317
validation,2026.8.10-8.20/log_19_2026-8-20-06-51-18.ulg,0,D2_center2,2,579,0.025080771979678226,11.482909910905652,-20.304430439275674,-19.365237360382274,1.2788063735507544,17.63527544618593,20.338719214253654
validation,2026.8.10-8.20/log_19_2026-8-20-06-51-18.ulg,0,D2_center2,3,579,0.07485761920112009,15.464392080540717,-44.27671014425437,-30.147000639572017,-0.4613904430828289,38.670974640803415,58.68926426835716
validation,2026.8.10-8.20/log_19_2026-8-20-06-51-18.ulg,0,D2_center2,4,579,-0.019557260966732014,16.810584993150446,-41.262386859751906,-33.68036964996338,1.4349106802064144,28.698316298814447,32.305933470386584
validation,2026.8.10-8.20/log_19_2026-8-20-06-51-18.ulg,0,D2_center2,5,579,0.08334234615564712,3.4552769426683323,-8.70581856740329,-7.289225829088455,0.8847710036321582,6.86655200472715,10.607308960907089
validation,2026.8.10-8.20/log_19_2026-8-20-06-51-18.ulg,0,D2_center5,0,579,-0.31445951126376653,1.3342880929165497,-4.049408695257346,-3.622573296682722,-0.24879852245079195,3.15221893273343,4.578180334663843
validation,2026.8.10-8.20/log_19_2026-8-20-06-51-18.ulg,0,D2_center5,1,579,-0.2779363994761423,2.0619489266246247,-4.916237398727209,-4.578662275421745,0.17090303950748803,3.013135688161226,4.071653790401934
validation,2026.8.10-8.20/log_19_2026-8-20-06-51-18.ulg,0,D2_center5,2,579,0.020562554156287483,9.05879308780116,-14.867837574222596,-14.028997658169498,0.06394773729757659,12.963022415095134,14.637938755839492
validation,2026.8.10-8.20/log_19_2026-8-20-06-51-18.ulg,0,D2_center5,3,579,0.027998884151124746,8.11790419510312,-24.482868982471686,-19.810785922443447,1.0747267373056357,17.77805139808321,24.855536354711933
validation,2026.8.10-8.20/log_19_2026-8-20-06-51-18.ulg,0,D2_center5,4,579,0.02516502980523471,5.495150008702359,-12.58518221202572,-10.967642395259983,-0.733790566608927,12.746708603156481,16.03350212843137
validation,2026.8.10-8.20/log_19_2026-8-20-06-51-18.ulg,0,D2_center5,5,579,0.09252703064698509,2.152698722106091,-6.113499362686558,-4.776965252396451,0.4841731443449234,4.4487694299682135,6.384258784663598
validation,2026.8.10-8.20/log_19_2026-8-20-06-51-18.ulg,0,D2_center10,0,579,-0.32380969534624,0.8522369775758648,-2.4525711266017143,-2.1651894055558123,-0.32149795962696354,1.8962097134046345,2.295526110333837
validation,2026.8.10-8.20/log_19_2026-8-20-06-51-18.ulg,0,D2_center10,1,579,-0.2845222890184888,0.959800393276331,-2.3015750589125386,-2.0861053344076192,-0.4081674282263848,2.329655849245036,3.117338181029171
validation,2026.8.10-8.20/log_19_2026-8-20-06-51-18.ulg,0,D2_center10,2,579,-0.0323358443254063,3.046867456189239,-5.932746948584747,-4.993613222337888,-0.3115338051217968,5.705468411376095,7.26418662264327
validation,2026.8.10-8.20/log_19_2026-8-20-06-51-18.ulg,0,D2_center10,3,579,-0.01782208022149029,3.5847993001425165,-11.73036149172016,-8.173957656935412,-0.09858580504147353,7.713134386079756,9.043137906933426
validation,2026.8.10-8.20/log_19_2026-8-20-06-51-18.ulg,0,D2_center10,4,579,0.06654389793214677,3.840269262886619,-7.787801843347354,-6.79614064323006,-0.2687916154702651,7.308908989579364,8.178801473993362
validation,2026.8.10-8.20/log_19_2026-8-20-06-51-18.ulg,0,D2_center10,5,579,0.06932325567400059,1.0703605557078908,-2.3059647170968653,-1.930878294954094,-0.04363509956620633,2.828323604959271,5.224866870601143
validation,2026.8.10-8.20/log_19_2026-8-20-06-51-18.ulg,2,D0_raw,0,155,-1.1599614908418518,4.051007385968861,-13.424208264553222,-11.609505555913062,-0.784726802237384,8.05049619533103,8.19292283954799
validation,2026.8.10-8.20/log_19_2026-8-20-06-51-18.ulg,2,D0_raw,1,155,-1.937270038777938,3.726576856816503,-11.28127197464526,-10.544947130167465,-1.7534635348885967,5.180545176294718,7.2365533373885595
validation,2026.8.10-8.20/log_19_2026-8-20-06-51-18.ulg,2,D0_raw,2,155,-0.24623744786346893,11.013823384351147,-21.012930688497505,-20.034017597496963,0.7446392025207387,19.060748313856475,25.08964949476288
validation,2026.8.10-8.20/log_19_2026-8-20-06-51-18.ulg,2,D0_raw,3,155,-0.2682922962158173,24.807505441533568,-45.317133705702815,-39.88965264780106,-3.1366605876526408,59.91609422765592,107.92490893711208
validation,2026.8.10-8.20/log_19_2026-8-20-06-51-18.ulg,2,D0_raw,4,155,0.2987122235459303,21.404528323570336,-45.544115121002314,-44.754628895832994,2.0810449589233064,36.88026588945008,39.0852784704398
validation,2026.8.10-8.20/log_19_2026-8-20-06-51-18.ulg,2,D0_raw,5,155,0.10122784931369694,5.440956295978597,-14.729225981930123,-13.106759425827184,0.36716031146626354,10.713855785340044,11.915296973113344
validation,2026.8.10-8.20/log_19_2026-8-20-06-51-18.ulg,2,D1_lp4,0,155,-1.2141725068869986,2.1580248227559244,-7.012252433608734,-6.861242513073461,-0.7685920418215189,2.511658439096032,2.6468297373182677
validation,2026.8.10-8.20/log_19_2026-8-20-06-51-18.ulg,2,D1_lp4,1,155,-1.9639118272264446,2.235108937918386,-7.917594465667841,-7.528615654049837,-1.8931577371949966,2.59361042833674,2.7196072275330767
validation,2026.8.10-8.20/log_19_2026-8-20-06-51-18.ulg,2,D1_lp4,2,155,-0.2999119953582366,5.29329670576301,-10.672932669901568,-10.228098636693328,0.2142905644652296,8.347994651061958,9.443242725600859
validation,2026.8.10-8.20/log_19_2026-8-20-06-51-18.ulg,2,D1_lp4,3,155,-0.353158786528559,4.757953636602231,-11.739366206388466,-10.939644874357484,-0.17490555324051085,9.266180897715882,10.060651023630006
validation,2026.8.10-8.20/log_19_2026-8-20-06-51-18.ulg,2,D1_lp4,4,155,0.06660079534832244,4.023560247348003,-7.2765499515172065,-7.089083376362308,-0.36804036461481393,8.51270899239025,9.062764389821751
validation,2026.8.10-8.20/log_19_2026-8-20-06-51-18.ulg,2,D1_lp4,5,155,0.022292660463992458,1.7125930751958476,-4.041574289551352,-3.678340542478971,0.17671374398901543,4.307749760994069,4.580295461731814
validation,2026.8.10-8.20/log_19_2026-8-20-06-51-18.ulg,2,D1_lp6,0,155,-1.197284720854889,2.970631034003441,-9.915130187304488,-9.466501562092837,-0.6499094165056584,4.043752491646976,4.372641508845945
validation,2026.8.10-8.20/log_19_2026-8-20-06-51-18.ulg,2,D1_lp6,1,155,-1.9662788165526923,3.140047166312412,-10.49207360267544,-9.78196167136599,-1.4685812826629048,2.8798003121964473,3.0986662600595727
validation,2026.8.10-8.20/log_19_2026-8-20-06-51-18.ulg,2,D1_lp6,2,155,-0.26056628243694197,10.105080376578464,-17.52981013882393,-17.27153281077869,0.36969523767022666,14.97247746606172,16.634537134814792
validation,2026.8.10-8.20/log_19_2026-8-20-06-51-18.ulg,2,D1_lp6,3,155,-0.33570815849587565,7.996069600147601,-18.175262720279743,-16.50255331086725,-0.10891893037805218,14.758722492533348,16.056224769284384
validation,2026.8.10-8.20/log_19_2026-8-20-06-51-18.ulg,2,D1_lp6,4,155,0.08304773589726192,6.558570343947202,-11.559184656268659,-10.55411355516525,-0.33796627852858185,13.258355015133521,14.103644850300865
validation,2026.8.10-8.20/log_19_2026-8-20-06-51-18.ulg,2,D1_lp6,5,155,0.0542021930340138,2.5101957093893597,-7.1354178132716335,-6.272856404225292,0.2599723863001341,5.679294510410744,5.884527990431453
validation,2026.8.10-8.20/log_19_2026-8-20-06-51-18.ulg,2,D1_lp8,0,155,-1.1844255466342033,3.187112033213461,-11.185587563060283,-10.235135679080642,-0.5607489929929641,5.400454458486878,5.4487995216222
validation,2026.8.10-8.20/log_19_2026-8-20-06-51-18.ulg,2,D1_lp8,1,155,-1.9537653283111416,3.2773005441710414,-10.665026046524991,-10.224569919697945,-1.3295994114481005,3.6730186198469266,4.673411529000427
validation,2026.8.10-8.20/log_19_2026-8-20-06-51-18.ulg,2,D1_lp8,2,155,-0.25156648580651153,10.397675747913608,-18.818884015927363,-18.009522738521447,0.5676976551427482,15.41498853467345,16.97244164777672
validation,2026.8.10-8.20/log_19_2026-8-20-06-51-18.ulg,2,D1_lp8,3,155,-0.32347378973769303,10.350659951622184,-27.693633608150773,-24.9519523016342,-0.2926940428949989,17.622961473819387,21.208291638457403
validation,2026.8.10-8.20/log_19_2026-8-20-06-51-18.ulg,2,D1_lp8,4,155,0.07993685436001034,9.894378928203825,-20.669351590742632,-19.292354943213915,3.1131826034964702,17.205523145085078,18.085915362188008
validation,2026.8.10-8.20/log_19_2026-8-20-06-51-18.ulg,2,D1_lp8,5,155,0.07960575568268274,2.9121239625737867,-8.691981646086205,-7.822371188587815,0.2990839729430124,6.395675046859091,7.106279448739126
validation,2026.8.10-8.20/log_19_2026-8-20-06-51-18.ulg,2,D1_lp12,0,155,-1.169178020258214,3.612787442982636,-12.59909078537839,-11.16132296755227,-0.7563032223599743,6.69193812508256,6.907292552090425
validation,2026.8.10-8.20/log_19_2026-8-20-06-51-18.ulg,2,D1_lp12,1,155,-1.9393248170217512,3.477910911915171,-10.64388693656103,-10.367145003153675,-1.653234909253043,4.670041240196466,6.804151532267112
validation,2026.8.10-8.20/log_19_2026-8-20-06-51-18.ulg,2,D1_lp12,2,155,-0.2438475483229626,10.438367271584402,-20.223497515491843,-18.857385090049345,0.7698309102869261,15.871679415524863,17.1226526554832
validation,2026.8.10-8.20/log_19_2026-8-20-06-51-18.ulg,2,D1_lp12,3,155,-0.2834292960071476,14.785435991111699,-36.790328293179954,-30.611834789715562,0.4714050199376152,30.780754711528235,35.21088352504049
validation,2026.8.10-8.20/log_19_2026-8-20-06-51-18.ulg,2,D1_lp12,4,155,0.1129626034714621,16.288625995066823,-31.242299852363058,-28.19222257056362,0.31189553367561407,25.398126959637203,25.800570766495536
validation,2026.8.10-8.20/log_19_2026-8-20-06-51-18.ulg,2,D1_lp12,5,155,0.08795149098547068,3.61172411672996,-10.88484154332166,-9.334070297514014,0.34237187754887977,8.281328712491595,8.422943298776532
validation,2026.8.10-8.20/log_19_2026-8-20-06-51-18.ulg,2,D2_center2,0,155,-1.1574980538641337,3.7142618489897976,-12.408349222555527,-11.596823980910026,-0.4924132016474963,6.380342283950402,7.451560072049314
validation,2026.8.10-8.20/log_19_2026-8-20-06-51-18.ulg,2,D2_center2,1,155,-1.9634183395748301,3.513669836919425,-10.735435571843864,-10.398370021567683,-1.6837800774315004,4.670610856197511,6.365767701056915
validation,2026.8.10-8.20/log_19_2026-8-20-06-51-18.ulg,2,D2_center2,2,155,-0.3449277570505184,10.52486739315874,-20.272327299581566,-18.927648051348083,0.9603190858275811,16.39466464551972,19.082910789996653
validation,2026.8.10-8.20/log_19_2026-8-20-06-51-18.ulg,2,D2_center2,3,155,-0.2309582231670757,17.57130243331784,-35.58392664472788,-33.990627162919075,-0.41137805921525245,42.23247084586438,50.976912756579736
validation,2026.8.10-8.20/log_19_2026-8-20-06-51-18.ulg,2,D2_center2,4,155,0.12167352939486344,17.75294630601436,-37.998223830311716,-33.890241939938754,0.989093689737079,28.669275304532633,29.713374339863975
validation,2026.8.10-8.20/log_19_2026-8-20-06-51-18.ulg,2,D2_center2,5,155,0.08960837082530707,4.0162094739517125,-10.407380087821274,-9.090320675638994,0.5090724908277134,7.905152636417691,8.174935071865498
validation,2026.8.10-8.20/log_19_2026-8-20-06-51-18.ulg,2,D2_center5,0,155,-1.1983435514032306,2.6880270183036035,-9.298541976301747,-8.691244994948839,-0.6266295269204921,4.195406156538286,4.65949975428014
validation,2026.8.10-8.20/log_19_2026-8-20-06-51-18.ulg,2,D2_center5,1,155,-1.9564055147687918,2.787123826290594,-10.035304961079953,-8.961790956184588,-1.5312295213782476,2.987534526569756,3.517140482240345
validation,2026.8.10-8.20/log_19_2026-8-20-06-51-18.ulg,2,D2_center5,2,155,-0.26959352591170693,8.31104876340742,-16.290514805193727,-14.967465877389749,-0.4237430368014391,11.978696689816541,13.476490735529643
validation,2026.8.10-8.20/log_19_2026-8-20-06-51-18.ulg,2,D2_center5,3,155,-0.33161290973375707,8.126434547935125,-25.572495560314962,-23.55466084872011,-0.2913880264591781,14.69660947109223,20.501459557042633
validation,2026.8.10-8.20/log_19_2026-8-20-06-51-18.ulg,2,D2_center5,4,155,0.05775661028465265,7.326238883976667,-16.239189642708308,-15.533776232564502,1.4042570264142138,14.404083803325566,15.66488781051759
validation,2026.8.10-8.20/log_19_2026-8-20-06-51-18.ulg,2,D2_center5,5,155,0.05171501726057867,2.3844990038520586,-6.892226463361905,-5.907916706167273,0.14181261908314957,5.66396173948266,5.941688605328915
validation,2026.8.10-8.20/log_19_2026-8-20-06-51-18.ulg,2,D2_center10,0,155,-1.2100797782520145,1.8539023242188022,-5.254129041377335,-5.174604001108666,-0.8135169061997873,1.7249343451385362,1.8357899721002857
validation,2026.8.10-8.20/log_19_2026-8-20-06-51-18.ulg,2,D2_center10,1,155,-1.9768000976624491,1.823267210844086,-6.519783927639595,-6.037503719249718,-1.9392500972407973,2.352963720575415,2.3992122975215775
validation,2026.8.10-8.20/log_19_2026-8-20-06-51-18.ulg,2,D2_center10,2,155,-0.350715679125803,2.823268713030572,-6.9522026340668175,-6.0667057181812485,-0.3968861846487676,4.618830941207046,5.581869719501382
validation,2026.8.10-8.20/log_19_2026-8-20-06-51-18.ulg,2,D2_center10,3,155,-0.3363736649802325,4.196626838307502,-12.306267469551692,-9.237577389893772,-0.33722140547855145,8.530463443302933,9.809607142586833
validation,2026.8.10-8.20/log_19_2026-8-20-06-51-18.ulg,2,D2_center10,4,155,0.04882086650150886,4.574970523785683,-10.921288519435775,-10.357771260235506,-0.055314535361280885,8.486641751582079,9.795931588295351
validation,2026.8.10-8.20/log_19_2026-8-20-06-51-18.ulg,2,D2_center10,5,155,-0.005568308039109104,1.4626220368179323,-2.7313016834163544,-2.6115789218084484,-0.015617324135579216,4.168679692604057,4.746900878180285
validation,2026.8.10-8.20/log_19_2026-8-20-06-51-18.ulg,3,D0_raw,0,4970,0.08431440174109973,3.1862647913478446,-10.160549370226079,-7.668945663025064,0.056477931859922045,7.978178167336545,11.929744231200688
validation,2026.8.10-8.20/log_19_2026-8-20-06-51-18.ulg,3,D0_raw,1,4970,-0.06257479435917171,3.2366867358036884,-13.774069285272072,-8.441308479573655,-0.16274685426724567,8.710057319764529,14.07246580343215
validation,2026.8.10-8.20/log_19_2026-8-20-06-51-18.ulg,3,D0_raw,2,4970,0.009166195060369047,10.206108898997263,-22.65002033511639,-18.615403288257184,1.2324683278184616,18.623707117981727,23.46728930252162
validation,2026.8.10-8.20/log_19_2026-8-20-06-51-18.ulg,3,D0_raw,3,4970,-0.050209722965253535,24.2265783358949,-94.19012045800262,-52.28807848260714,-2.030199745380968,65.14660862157693,168.42158679257105
validation,2026.8.10-8.20/log_19_2026-8-20-06-51-18.ulg,3,D0_raw,4,4970,0.08209299636731404,19.879201479758365,-59.93174478300483,-42.19980237293708,1.0424870288444996,36.651535555585234,47.297768279886064
validation,2026.8.10-8.20/log_19_2026-8-20-06-51-18.ulg,3,D0_raw,5,4970,-0.005581436813334375,4.5342279594546815,-18.744164693307294,-10.908561000344376,0.2356474778781239,10.52349987568803,18.581018628245033
validation,2026.8.10-8.20/log_19_2026-8-20-06-51-18.ulg,3,D1_lp4,0,4970,0.08635214516391039,1.9634864628776527,-7.790999011674731,-5.642497957567594,0.12626819177773946,4.457103559153179,5.690952588516598
validation,2026.8.10-8.20/log_19_2026-8-20-06-51-18.ulg,3,D1_lp4,1,4970,-0.06353803732370328,2.1122095180492484,-9.789844548181536,-6.179793024429194,-0.12955160997658324,5.63391812400575,8.295889134161902
validation,2026.8.10-8.20/log_19_2026-8-20-06-51-18.ulg,3,D1_lp4,2,4970,0.016158271440093613,6.004849073274942,-11.320971821344108,-9.830265674039024,-0.04091112166925665,10.828848454824273,12.908165453443402
validation,2026.8.10-8.20/log_19_2026-8-20-06-51-18.ulg,3,D1_lp4,3,4970,0.00622377251835026,5.599631613910805,-18.849361132368916,-12.098808339497964,0.05014059759630069,11.941820370000881,17.554523126336
validation,2026.8.10-8.20/log_19_2026-8-20-06-51-18.ulg,3,D1_lp4,4,4970,0.003982376226421589,3.3979430549053085,-9.843111642513767,-6.12690366681047,-0.1416929900363783,7.152522207579921,9.888691070454666
validation,2026.8.10-8.20/log_19_2026-8-20-06-51-18.ulg,3,D1_lp4,5,4970,0.0019594708412835546,1.335008358621026,-5.0856403504520316,-3.184050859453419,-0.01350599776743894,3.2613646636648213,4.384987994560791
validation,2026.8.10-8.20/log_19_2026-8-20-06-51-18.ulg,3,D1_lp6,0,4970,0.08618624773385149,2.4467340308511867,-9.69001965214758,-6.393649912496051,0.04023604588216964,6.13206538933847,8.544844705441896
validation,2026.8.10-8.20/log_19_2026-8-20-06-51-18.ulg,3,D1_lp6,1,4970,-0.06344218735546665,2.631426247485336,-11.951406126341874,-7.564733887263129,-0.13843603946603547,7.380536223963182,11.502756238053173
validation,2026.8.10-8.20/log_19_2026-8-20-06-51-18.ulg,3,D1_lp6,2,4970,0.01726602714709546,9.53804594358885,-18.315963507629323,-15.442332340508665,0.08018038125141137,14.865034939062932,16.77663791464795
validation,2026.8.10-8.20/log_19_2026-8-20-06-51-18.ulg,3,D1_lp6,3,4970,0.006437387231911156,8.815043651223704,-29.16403196129054,-18.513966939070553,0.31618956410660604,19.156007911422083,31.094050561528526
validation,2026.8.10-8.20/log_19_2026-8-20-06-51-18.ulg,3,D1_lp6,4,4970,0.006496467390309797,6.120996036707969,-15.705644929603215,-12.065770680777586,0.9814657025207065,11.722885468824806,18.618402840966972
validation,2026.8.10-8.20/log_19_2026-8-20-06-51-18.ulg,3,D1_lp6,5,4970,0.002342101517487531,2.0731890542090765,-7.475894420599741,-5.052091733693538,0.020154218919322377,4.865064608440909,7.191778807968969
validation,2026.8.10-8.20/log_19_2026-8-20-06-51-18.ulg,3,D1_lp8,0,4970,0.08628352552933952,2.631582770187249,-9.861426891894993,-6.8531307623893465,0.03500632708197956,6.717216385427717,9.009026968557617
validation,2026.8.10-8.20/log_19_2026-8-20-06-51-18.ulg,3,D1_lp8,1,4970,-0.06342672685959347,2.8025757492914845,-12.499585101223097,-7.864403112924106,-0.15901691631803677,7.897070358241693,11.940385659336446
validation,2026.8.10-8.20/log_19_2026-8-20-06-51-18.ulg,3,D1_lp8,2,4970,0.017645600149826284,9.767168081942598,-19.492209976844332,-16.245486893805744,0.4163569256752565,15.257718535899585,17.821974806966193
validation,2026.8.10-8.20/log_19_2026-8-20-06-51-18.ulg,3,D1_lp8,3,4970,0.007566225039378194,10.947263820777946,-36.9191934028802,-23.574747879974034,0.5862113404707698,24.85887627089507,38.47849011634481
validation,2026.8.10-8.20/log_19_2026-8-20-06-51-18.ulg,3,D1_lp8,4,4970,0.011507680214278792,10.713325215977108,-26.012872220573247,-21.056180617807627,1.3325783928802695,18.065419068988458,21.536430889418824
validation,2026.8.10-8.20/log_19_2026-8-20-06-51-18.ulg,3,D1_lp8,5,4970,0.00214657888612449,2.3738979150492967,-8.635318903746924,-5.920340385025518,0.25191421957735505,4.997613652218898,7.538168519268593
validation,2026.8.10-8.20/log_19_2026-8-20-06-51-18.ulg,3,D1_lp12,0,4970,0.08594998601548026,2.9279924995477375,-10.017207468651698,-7.19193344024182,0.04595273255098798,7.367227730702762,10.135039788327374
validation,2026.8.10-8.20/log_19_2026-8-20-06-51-18.ulg,3,D1_lp12,1,4970,-0.06325613754119849,3.009075796406051,-13.23106926951145,-8.19400236160054,-0.14212021508157996,8.316936316738854,13.611188796818759
validation,2026.8.10-8.20/log_19_2026-8-20-06-51-18.ulg,3,D1_lp12,2,4970,0.01763649063546278,9.815048662264145,-20.38028372316458,-17.24328311492437,0.7119030299295631,15.703111505665799,17.750231572193805
validation,2026.8.10-8.20/log_19_2026-8-20-06-51-18.ulg,3,D1_lp12,3,4970,0.01251724904841651,14.539464433541122,-45.58207935131583,-31.40715749164901,0.0034162422029407865,30.58195380165758,46.67001253489722
validation,2026.8.10-8.20/log_19_2026-8-20-06-51-18.ulg,3,D1_lp12,4,4970,0.013494024620468524,15.708411419004419,-37.947634043316945,-28.911004152371113,-0.22211170035113112,27.34589708651881,36.763051071627174
validation,2026.8.10-8.20/log_19_2026-8-20-06-51-18.ulg,3,D1_lp12,5,4970,0.0014803324323835953,2.8976404304922627,-11.57780499671111,-7.515049911727687,0.2771915963678801,5.844922413104816,7.669660519505614
validation,2026.8.10-8.20/log_19_2026-8-20-06-51-18.ulg,3,D2_center2,0,4970,0.08478959285634757,2.9461493195539887,-10.145782913724267,-7.226941114843839,0.05677814589483621,7.4214709004913235,10.14251269414815
validation,2026.8.10-8.20/log_19_2026-8-20-06-51-18.ulg,3,D2_center2,1,4970,-0.06354285262979908,3.0308672438599156,-13.120033634746282,-8.303137000213917,-0.11628572196467099,8.41769466401631,13.012015758322189
validation,2026.8.10-8.20/log_19_2026-8-20-06-51-18.ulg,3,D2_center2,2,4970,0.015358551788967643,9.84657458567802,-20.47925349117425,-17.690628084089834,0.9317305750460283,16.699652822291387,19.60010407772717
validation,2026.8.10-8.20/log_19_2026-8-20-06-51-18.ulg,3,D2_center2,3,4970,0.0064331444730572045,16.515505815154786,-46.077912727996505,-36.11344966428626,-0.318269793501876,37.84875308543443,56.68148877698739
validation,2026.8.10-8.20/log_19_2026-8-20-06-51-18.ulg,3,D2_center2,4,4970,0.027990960448675276,16.643302077338582,-37.22266541197667,-29.98033428852209,1.7858942395501445,28.215122911220934,35.697003763046546
validation,2026.8.10-8.20/log_19_2026-8-20-06-51-18.ulg,3,D2_center2,5,4970,-0.000489659728925859,3.2463381665011246,-13.999059627110134,-7.757021382949114,0.3026848185543821,7.020683039892722,11.033517746810137
validation,2026.8.10-8.20/log_19_2026-8-20-06-51-18.ulg,3,D2_center5,0,4970,0.08637414680244879,2.2639565328420446,-8.999541655397609,-6.045758082769461,0.05884285332029783,5.627928836059374,7.3864758902434
validation,2026.8.10-8.20/log_19_2026-8-20-06-51-18.ulg,3,D2_center5,1,4970,-0.06381452109150629,2.4229111500126175,-11.067657628952059,-6.999171506857294,-0.15248583263953047,6.684932010086509,10.482889506539056
validation,2026.8.10-8.20/log_19_2026-8-20-06-51-18.ulg,3,D2_center5,2,4970,0.01616164753804876,7.917448492632055,-15.475679705056374,-12.845545839684423,0.038502709588863884,11.921894471560753,13.798005088469866
validation,2026.8.10-8.20/log_19_2026-8-20-06-51-18.ulg,3,D2_center5,3,4970,0.0038760223906074073,8.602467958482904,-30.63721385312262,-21.283571249534955,0.18313668700665658,19.675808381631725,33.71769921122816
validation,2026.8.10-8.20/log_19_2026-8-20-06-51-18.ulg,3,D2_center5,4,4970,0.01028321105779447,7.113796590651632,-17.50439262763726,-14.448685541776689,0.8435861363979971,13.15488092908045,16.771203245031813
validation,2026.8.10-8.20/log_19_2026-8-20-06-51-18.ulg,3,D2_center5,5,4970,0.0017938676401447404,1.9114908967252993,-6.585645706516399,-4.611221606211333,0.07807208505028998,4.379895868460896,6.168313578278725
validation,2026.8.10-8.20/log_19_2026-8-20-06-51-18.ulg,3,D2_center10,0,4970,0.08679664102810941,1.7160959604643082,-6.143123526026053,-4.4810602532205595,0.21543085139871077,3.5310713966938145,4.667991978954196
validation,2026.8.10-8.20/log_19_2026-8-20-06-51-18.ulg,3,D2_center10,1,4970,-0.06402603836992127,1.8373471430702104,-7.5151030220669135,-4.971371815986389,-0.1062721286666196,4.6294645653633735,6.478190204660404
validation,2026.8.10-8.20/log_19_2026-8-20-06-51-18.ulg,3,D2_center10,2,4970,0.015138541341961704,3.1302413696539264,-6.720303578343198,-5.499098355031741,-0.15906550633558625,6.3959542475087074,7.873570714833305
validation,2026.8.10-8.20/log_19_2026-8-20-06-51-18.ulg,3,D2_center10,3,4970,0.00410521828298097,4.098307158595808,-14.10941186353242,-9.411548509488279,-0.07056358756817299,9.24521094823545,13.24756553148155
validation,2026.8.10-8.20/log_19_2026-8-20-06-51-18.ulg,3,D2_center10,4,4970,0.0030533700202018893,3.898415465649881,-9.01700516277641,-7.275472586415583,0.026726198904503465,7.645118954525712,10.321620571385322
validation,2026.8.10-8.20/log_19_2026-8-20-06-51-18.ulg,3,D2_center10,5,4970,0.001436734870324474,0.9793558249178221,-2.969508131436137,-2.169437395528437,-0.023205033418511607,2.384905747721984,3.2619003265990525
validation,2026.8.10-8.20/log_19_2026-8-20-06-51-18.ulg,4,D0_raw,0,209,0.7683986539198383,2.1789839732923886,-3.0029106130580296,-2.391194065030243,0.23365235769460135,6.627949058570538,8.490396302104347
validation,2026.8.10-8.20/log_19_2026-8-20-06-51-18.ulg,4,D0_raw,1,209,0.42755410141354094,2.259471555750203,-5.767414592431558,-4.651801322347786,0.26265583031640566,5.722493134852207,6.746266313450486
validation,2026.8.10-8.20/log_19_2026-8-20-06-51-18.ulg,4,D0_raw,2,209,0.2098346594777005,9.808019673834814,-20.886622709031254,-17.538398763086608,1.8522623420400681,16.833140864363283,18.09665731392492
validation,2026.8.10-8.20/log_19_2026-8-20-06-51-18.ulg,4,D0_raw,3,209,-0.5387454636780288,21.298916079095562,-67.07740167459043,-46.230976791454324,-1.29206558406051,43.677921036905616,59.019926315952304
validation,2026.8.10-8.20/log_19_2026-8-20-06-51-18.ulg,4,D0_raw,4,209,-0.18748495355147385,19.33060588237537,-42.88758308903356,-39.08839527510266,2.217409850731713,39.06151737092724,43.9479202741347
validation,2026.8.10-8.20/log_19_2026-8-20-06-51-18.ulg,4,D0_raw,5,209,0.007932174288522286,4.432040596637818,-16.48559366016,-13.078021480278755,0.5349992493174422,9.055748246838302,10.554754376871305
validation,2026.8.10-8.20/log_19_2026-8-20-06-51-18.ulg,4,D1_lp4,0,209,0.7874551821431586,1.0645961918084446,-1.0152453200802052,-0.8275608621308234,0.6327311183676342,3.4650578987628675,3.6586672258242827
validation,2026.8.10-8.20/log_19_2026-8-20-06-51-18.ulg,4,D1_lp4,1,209,0.4380474775354775,1.2546795200983503,-2.297174942151343,-2.053100043840788,0.28418987879982094,3.9879663260956186,4.369439981430629
validation,2026.8.10-8.20/log_19_2026-8-20-06-51-18.ulg,4,D1_lp4,2,209,0.1540687635858262,6.767987866825268,-10.047179556289846,-9.937325886260366,0.15419396481926115,11.498460988571109,11.890572047131718
validation,2026.8.10-8.20/log_19_2026-8-20-06-51-18.ulg,4,D1_lp4,3,209,-0.14476047360087266,4.93971506159889,-9.806884826222923,-8.714630699981706,0.02491861212972965,8.25811946981004,8.726180271251188
validation,2026.8.10-8.20/log_19_2026-8-20-06-51-18.ulg,4,D1_lp4,4,209,0.02689526348293891,2.9319986054585,-5.724957505153151,-5.617794465544457,0.030063309335920392,6.4184389648452935,7.021961028503473
validation,2026.8.10-8.20/log_19_2026-8-20-06-51-18.ulg,4,D1_lp4,5,209,0.04546226211325528,1.5988143955320877,-3.8352385908134687,-3.4565177838188874,0.162787143825925,3.0781011809983956,3.331135223568379
validation,2026.8.10-8.20/log_19_2026-8-20-06-51-18.ulg,4,D1_lp6,0,209,0.7857534728508708,1.4536453815967556,-1.1688196830708373,-1.118193514926264,0.3968144447847463,4.653064682071254,5.030946523355147
validation,2026.8.10-8.20/log_19_2026-8-20-06-51-18.ulg,4,D1_lp6,1,209,0.43869214192464134,1.5751737602503393,-3.1674259818136243,-2.890654946490362,0.17233650432004882,5.0247328983363415,5.520411752739806
validation,2026.8.10-8.20/log_19_2026-8-20-06-51-18.ulg,4,D1_lp6,2,209,0.177132670382468,9.254198031814717,-15.43787678369417,-14.823950694036848,0.7234238625293737,13.528171805579536,14.411977109781446
validation,2026.8.10-8.20/log_19_2026-8-20-06-51-18.ulg,4,D1_lp6,3,209,-0.21175559525750626,6.870426089881665,-14.407975970821878,-13.665896612197399,-0.010663204040282249,11.38210949293432,12.576696112039464
validation,2026.8.10-8.20/log_19_2026-8-20-06-51-18.ulg,4,D1_lp6,4,209,0.012889597326087814,4.853751550102962,-10.847758353414902,-10.033800160668903,0.8294679106569935,8.94588705404136,9.453932538914751
validation,2026.8.10-8.20/log_19_2026-8-20-06-51-18.ulg,4,D1_lp6,5,209,0.04423781007952689,2.2268939082396635,-5.729124961980118,-5.021417681833772,0.29378385504321314,4.098250744419206,4.9231120919718965
validation,2026.8.10-8.20/log_19_2026-8-20-06-51-18.ulg,4,D1_lp8,0,209,0.7858360891214572,1.7125878575585274,-1.6763109690676314,-1.3605264090602243,0.07675259205148813,5.793139443052994,6.504148559042241
validation,2026.8.10-8.20/log_19_2026-8-20-06-51-18.ulg,4,D1_lp8,1,209,0.4367486846724654,1.8616242002710552,-4.178837425226352,-3.228091150276382,0.15593950731206005,5.282622944700684,5.868370293577729
validation,2026.8.10-8.20/log_19_2026-8-20-06-51-18.ulg,4,D1_lp8,2,209,0.17750674534918795,9.374776974658326,-16.032690711286957,-15.592438186509797,0.7231012864328494,13.519146315261091,14.335791075087812
validation,2026.8.10-8.20/log_19_2026-8-20-06-51-18.ulg,4,D1_lp8,3,209,-0.21660732028330676,9.1728034445678,-20.1200421320463,-19.933024641092018,0.9577518066529236,17.558416926466037,21.00385592291161
validation,2026.8.10-8.20/log_19_2026-8-20-06-51-18.ulg,4,D1_lp8,4,209,0.003913982380272533,11.534790255767955,-23.694239810359512,-21.54677617937247,-0.23336839465156292,19.12488760035448,19.777870718434773
validation,2026.8.10-8.20/log_19_2026-8-20-06-51-18.ulg,4,D1_lp8,5,209,0.041926221133270915,2.4748418215120846,-6.7237487781568435,-6.333252458144022,0.5008103285903175,4.537167375350838,4.898860511028358
validation,2026.8.10-8.20/log_19_2026-8-20-06-51-18.ulg,4,D1_lp12,0,209,0.7844158151483847,1.9235699602005267,-2.2340751241668313,-1.8795248993016513,0.13187661076776247,6.62280825939895,7.889574169295042
validation,2026.8.10-8.20/log_19_2026-8-20-06-51-18.ulg,4,D1_lp12,1,209,0.4361573547018558,2.069873293351536,-4.934490831134146,-3.9925641181737985,0.12478611289798267,5.4466999812827614,6.081058930750653
validation,2026.8.10-8.20/log_19_2026-8-20-06-51-18.ulg,4,D1_lp12,2,209,0.17565051616407293,9.419638613086782,-16.882262848000906,-16.52611259264228,0.7439568538182991,14.42382731314689,15.214194604206543
validation,2026.8.10-8.20/log_19_2026-8-20-06-51-18.ulg,4,D1_lp12,3,209,-0.2122273555987831,12.313028096267765,-25.757383024440543,-21.978436456251853,-2.3080900463926426,26.437654904117636,30.792136513742186
validation,2026.8.10-8.20/log_19_2026-8-20-06-51-18.ulg,4,D1_lp12,4,209,-0.04854908772101136,15.549758233405194,-26.753583516350993,-26.22444945097976,-1.6565212114938885,27.852817990173328,28.886804600397546
validation,2026.8.10-8.20/log_19_2026-8-20-06-51-18.ulg,4,D1_lp12,5,209,0.05075301794651965,2.862782233690491,-8.669064109593116,-7.287072192620013,0.3710070591746315,5.5937074363375165,5.93184157832021
validation,2026.8.10-8.20/log_19_2026-8-20-06-51-18.ulg,4,D2_center2,0,209,0.7960460015094758,1.9813229498104759,-2.557824373400522,-2.0722257296005333,0.07058546940784251,6.750932410286994,7.554150349188714
validation,2026.8.10-8.20/log_19_2026-8-20-06-51-18.ulg,4,D2_center2,1,209,0.44369729678836617,2.1192609291258933,-5.405391494592204,-4.2753450100961405,0.20614206220530346,5.424457991487778,6.049330181551355
validation,2026.8.10-8.20/log_19_2026-8-20-06-51-18.ulg,4,D2_center2,2,209,0.15007260540858142,9.509556950983061,-18.376900531096553,-16.247896331695877,1.68352436700405,15.303628335609922,17.680176242741798
validation,2026.8.10-8.20/log_19_2026-8-20-06-51-18.ulg,4,D2_center2,3,209,-0.3892994300433536,14.789098252680269,-44.71976142908406,-28.879409954097333,-3.3545952959692316,37.43422563570901,42.57186272978215
validation,2026.8.10-8.20/log_19_2026-8-20-06-51-18.ulg,4,D2_center2,4,209,-0.17518068727997727,16.132155546358305,-29.60686080183915,-27.233918884174436,1.7200437467223253,28.770282987106512,30.75894617742091
validation,2026.8.10-8.20/log_19_2026-8-20-06-51-18.ulg,4,D2_center2,5,209,0.019679576938958738,3.210426562133619,-10.205115192525012,-8.474307148232935,0.45983658996097193,6.811424544898896,7.793166012496138
validation,2026.8.10-8.20/log_19_2026-8-20-06-51-18.ulg,4,D2_center5,0,209,0.7836917171454971,1.3263445381312253,-0.9291169280141939,-0.8160716579779475,0.1571379977335971,4.493210032744241,5.116140897983918
validation,2026.8.10-8.20/log_19_2026-8-20-06-51-18.ulg,4,D2_center5,1,209,0.44245919321359134,1.4981313570866,-3.70447741591398,-2.619641666252912,0.23530560341571244,4.483081949579585,5.181320511825196
validation,2026.8.10-8.20/log_19_2026-8-20-06-51-18.ulg,4,D2_center5,2,209,0.15733016520584833,7.818839321349257,-13.574814090222626,-12.44865236132311,0.14190714633261103,11.572390943775568,12.536025582452107
validation,2026.8.10-8.20/log_19_2026-8-20-06-51-18.ulg,4,D2_center5,3,209,-0.18603868380930944,7.234458585787069,-19.81652894172892,-18.57350842929548,0.04639551457867077,12.975623643363932,17.847214353276566
validation,2026.8.10-8.20/log_19_2026-8-20-06-51-18.ulg,4,D2_center5,4,209,0.007970995960364905,6.83757814176807,-14.081394855396068,-12.959147569302997,-0.3711679988899107,11.823717085908035,12.878432972193789
validation,2026.8.10-8.20/log_19_2026-8-20-06-51-18.ulg,4,D2_center5,5,209,0.04262663741978213,2.0196650919378225,-5.398793534609789,-4.773542928219885,0.3144336326054143,4.182563045492357,5.25242101214905
validation,2026.8.10-8.20/log_19_2026-8-20-06-51-18.ulg,4,D2_center10,0,209,0.799326939436459,0.7135721665874915,-0.6242297262886795,-0.5571168139123921,0.8660878125611058,2.2373678612658896,2.4631278786774464
validation,2026.8.10-8.20/log_19_2026-8-20-06-51-18.ulg,4,D2_center10,1,209,0.44148319675943204,1.0034604985270403,-2.175164588720935,-1.673887406968004,0.3881140612719374,2.8805631622054544,3.3716151287066305
validation,2026.8.10-8.20/log_19_2026-8-20-06-51-18.ulg,4,D2_center10,2,209,0.08730401980448514,3.5461218804065284,-5.538272873911743,-5.2965100781203445,-0.05413608764320741,7.0803154368628025,7.27150032905671
validation,2026.8.10-8.20/log_19_2026-8-20-06-51-18.ulg,4,D2_center10,3,209,-0.0785208555278637,3.648722386403684,-8.288777036042841,-7.618140537057357,-0.22660740184878284,7.41200371585266,8.958706193192372
validation,2026.8.10-8.20/log_19_2026-8-20-06-51-18.ulg,4,D2_center10,4,209,0.09047964925153142,3.9301314906538565,-8.261911946371448,-7.461417818639176,0.26123581653113603,8.158376743592566,8.892651593705962
validation,2026.8.10-8.20/log_19_2026-8-20-06-51-18.ulg,4,D2_center10,5,209,0.04401341557428576,0.9863204225210982,-2.3699115930937698,-2.1113062930807165,-0.01651840514040464,2.347329822651224,2.562308462451742
validation,2026.8.10-8.20/log_19_2026-8-20-06-51-18.ulg,5,D0_raw,0,1673,-0.04147921534918759,2.4506303033428942,-9.697592091240915,-6.202360804339812,-0.19453032938896547,6.455914506788457,8.845103516285507
validation,2026.8.10-8.20/log_19_2026-8-20-06-51-18.ulg,5,D0_raw,1,1673,0.2360532182029817,2.915577572125829,-11.745164088456496,-8.374546780555876,0.16192012824899393,7.553803222042659,10.108880859570684
validation,2026.8.10-8.20/log_19_2026-8-20-06-51-18.ulg,5,D0_raw,2,1673,0.004653391840824976,8.681292709567726,-18.95165501952948,-16.437866996872078,1.1060978380925004,15.569467195097612,18.329463786773957
validation,2026.8.10-8.20/log_19_2026-8-20-06-51-18.ulg,5,D0_raw,3,1673,0.06794230345222277,21.08223720399141,-84.24264084176491,-49.94300749779831,-0.7395646610218896,58.99614567083868,79.33740763012241
validation,2026.8.10-8.20/log_19_2026-8-20-06-51-18.ulg,5,D0_raw,4,1673,0.019091775210302437,17.432404312101987,-61.435390434951096,-38.08866743394229,0.2845823167556395,34.52423530122097,48.65347688055566
validation,2026.8.10-8.20/log_19_2026-8-20-06-51-18.ulg,5,D0_raw,5,1673,-0.026391482285601148,3.7155693810733603,-14.202154303422432,-9.526669104840218,0.1443663378792487,8.37191108400866,13.578590565531929
validation,2026.8.10-8.20/log_19_2026-8-20-06-51-18.ulg,5,D1_lp4,0,1673,-0.04189436046397423,1.868610119727636,-8.162349008768974,-5.328710412286659,-0.1468023552735203,4.521147106541375,5.8726676425881195
validation,2026.8.10-8.20/log_19_2026-8-20-06-51-18.ulg,5,D1_lp4,1,1673,0.23983403121651056,2.2823854224735673,-9.459384135141299,-7.740267914549387,0.11712293162391314,5.743876595202136,6.682190342464603
validation,2026.8.10-8.20/log_19_2026-8-20-06-51-18.ulg,5,D1_lp4,2,1673,0.022801945113899547,7.01631311503121,-14.58837934303298,-12.2158231431103,0.006041182672526468,11.526669237492237,14.083169232640692
validation,2026.8.10-8.20/log_19_2026-8-20-06-51-18.ulg,5,D1_lp4,3,1673,0.026713787299734486,6.182551075415786,-16.363668363619983,-12.46960427275715,0.027271616361805393,12.657423402462905,15.570489512174218
validation,2026.8.10-8.20/log_19_2026-8-20-06-51-18.ulg,5,D1_lp4,4,1673,0.0010455200633547278,4.084832908422935,-14.787363079746338,-9.257516895729001,-0.1437759894915652,9.870658006282625,13.53663551112007
validation,2026.8.10-8.20/log_19_2026-8-20-06-51-18.ulg,5,D1_lp4,5,1673,-0.011926341381249475,1.4793829527755666,-7.587539753770292,-3.909869621526126,0.09537313135336306,3.414663358142958,4.6513585871533385
validation,2026.8.10-8.20/log_19_2026-8-20-06-51-18.ulg,5,D1_lp6,0,1673,-0.04014293975349369,2.0643661206522714,-8.679962448315196,-5.603753867919133,-0.21035726419257808,5.461955463606531,7.064769587900908
validation,2026.8.10-8.20/log_19_2026-8-20-06-51-18.ulg,5,D1_lp6,1,1673,0.24060667850097509,2.5234942522119845,-10.513412287394921,-8.25455345648869,0.01647916918083264,6.711690786363033,7.82700378924959
validation,2026.8.10-8.20/log_19_2026-8-20-06-51-18.ulg,5,D1_lp6,2,1673,0.01483849609418161,8.328375858760735,-16.548599364308618,-14.235058501406474,0.10328706940158297,13.078931331637385,14.746738114657338
validation,2026.8.10-8.20/log_19_2026-8-20-06-51-18.ulg,5,D1_lp6,3,1673,0.03435164304774689,8.273987735296911,-26.612025481823295,-17.115962358471684,-0.13971992761499663,18.115676873366873,24.692235845859496
validation,2026.8.10-8.20/log_19_2026-8-20-06-51-18.ulg,5,D1_lp6,4,1673,-0.004880582277172659,6.370664817729126,-22.81519018960729,-12.787539111731334,0.3571117646935974,12.386379193349978,15.183518816620515
validation,2026.8.10-8.20/log_19_2026-8-20-06-51-18.ulg,5,D1_lp6,5,1673,-0.014228801283254771,1.7880859678477534,-9.550298108136852,-5.1775472460218985,0.22657674532702468,3.944371821472678,5.2876022753251695
validation,2026.8.10-8.20/log_19_2026-8-20-06-51-18.ulg,5,D1_lp8,0,1673,-0.03895301473081558,2.234614780500008,-8.961516621772287,-5.989079123035115,-0.19017822418127858,6.062168936057167,7.819993787710201
validation,2026.8.10-8.20/log_19_2026-8-20-06-51-18.ulg,5,D1_lp8,1,1673,0.24047326158867913,2.711112638340839,-10.894735123005539,-8.481226771927796,0.0916410788529499,7.216869341664621,8.920853604089551
validation,2026.8.10-8.20/log_19_2026-8-20-06-51-18.ulg,5,D1_lp8,2,1673,0.014530669989436373,8.3860172656147,-17.354605789722697,-14.68247515545959,0.3607032442744589,13.038700640802638,14.761122505361433
validation,2026.8.10-8.20/log_19_2026-8-20-06-51-18.ulg,5,D1_lp8,3,1673,0.029868575005059014,10.876946046175881,-32.48880846316352,-23.027314873481355,0.06414783026734586,24.77688050591499,35.28651860005063
validation,2026.8.10-8.20/log_19_2026-8-20-06-51-18.ulg,5,D1_lp8,4,1673,-0.03146780311460209,12.308341769251676,-34.64674385916642,-22.70994334595634,0.46350425538085777,21.789410487152047,25.347275247932537
validation,2026.8.10-8.20/log_19_2026-8-20-06-51-18.ulg,5,D1_lp8,5,1673,-0.017935142697213247,2.068635964051924,-10.74476118206931,-5.936622949955181,0.2996456540713529,4.071952425221733,5.788620927440004
validation,2026.8.10-8.20/log_19_2026-8-20-06-51-18.ulg,5,D1_lp12,0,1673,-0.038028492324567696,2.3209705674122683,-9.283276477237164,-6.052799344865415,-0.1499109481066715,6.376067989633041,8.138637090608837
validation,2026.8.10-8.20/log_19_2026-8-20-06-51-18.ulg,5,D1_lp12,1,1673,0.2405202818373778,2.7839237042633145,-11.36565897232532,-8.375939670292816,0.12491559322163594,7.552399955924927,9.432478014462509
validation,2026.8.10-8.20/log_19_2026-8-20-06-51-18.ulg,5,D1_lp12,2,1673,0.015722572564827314,8.434514628261551,-18.869881956259494,-15.595095678573623,0.5060330327912919,13.74725806922657,15.777835129051054
validation,2026.8.10-8.20/log_19_2026-8-20-06-51-18.ulg,5,D1_lp12,3,1673,0.04709368376862305,12.638171885444345,-37.62163127253441,-27.44396342240651,-0.08972598909834631,30.09396405692274,41.7600738958526
validation,2026.8.10-8.20/log_19_2026-8-20-06-51-18.ulg,5,D1_lp12,4,1673,-0.033236989115882236,14.812646957814698,-42.92358274044605,-30.923965041297812,-0.6244097377655794,28.24858150232579,32.1571988962548
validation,2026.8.10-8.20/log_19_2026-8-20-06-51-18.ulg,5,D1_lp12,5,1673,-0.019293253572766088,2.408810045568331,-11.832821052817808,-7.112555852698408,0.25778142377980895,5.061078459105887,6.198111729487042
validation,2026.8.10-8.20/log_19_2026-8-20-06-51-18.ulg,5,D2_center2,0,1673,-0.03877783335435344,2.324107787423847,-9.20818597322678,-5.905380244703789,-0.19914204780811345,6.358849898460654,8.059620672084781
validation,2026.8.10-8.20/log_19_2026-8-20-06-51-18.ulg,5,D2_center2,1,1673,0.23855219050188745,2.787312864971974,-11.181716683859472,-8.452557043391565,0.11641809038002382,7.444683502883768,9.612154581962574
validation,2026.8.10-8.20/log_19_2026-8-20-06-51-18.ulg,5,D2_center2,2,1673,0.018819919329570837,8.448413124287066,-18.334718907467796,-15.442754570980934,0.7399104248516355,14.478373449155114,16.600251745810898
validation,2026.8.10-8.20/log_19_2026-8-20-06-51-18.ulg,5,D2_center2,3,1673,0.06232868058982831,14.342955117093014,-54.28774531882085,-33.00517867649408,0.024541859349875177,35.495997934902434,56.84197889706704
validation,2026.8.10-8.20/log_19_2026-8-20-06-51-18.ulg,5,D2_center2,4,1673,-0.02159443861276094,15.238985833427746,-47.1078735523384,-30.722224113309068,0.7102177576596087,28.30251109905264,36.4290872970726
validation,2026.8.10-8.20/log_19_2026-8-20-06-51-18.ulg,5,D2_center2,5,1673,-0.02282926560048368,2.697666042057158,-11.33565354056952,-7.213345655602239,0.2931274693537469,5.649622998042762,6.563976437287561
validation,2026.8.10-8.20/log_19_2026-8-20-06-51-18.ulg,5,D2_center5,0,1673,-0.04117479018888769,1.9611597594946204,-8.130567650999243,-5.385193318216698,-0.15699622733684082,5.202568086346887,6.715692369952567
validation,2026.8.10-8.20/log_19_2026-8-20-06-51-18.ulg,5,D2_center5,1,1673,0.24041880404349564,2.3785384476008185,-9.769402915306207,-7.711745421569028,0.05853732176107487,6.273808349820739,7.676402136464691
validation,2026.8.10-8.20/log_19_2026-8-20-06-51-18.ulg,5,D2_center5,2,1673,0.01986651207242681,7.190504188531508,-14.909129085662093,-12.624878631862554,0.09673182350528008,11.38045723030758,13.349342963769429
validation,2026.8.10-8.20/log_19_2026-8-20-06-51-18.ulg,5,D2_center5,3,1673,0.03432674811258422,8.403989855582783,-28.038709128977253,-21.881769381205057,-0.043207768047911176,19.525874251742074,25.049398331453425
validation,2026.8.10-8.20/log_19_2026-8-20-06-51-18.ulg,5,D2_center5,4,1673,-0.003068970447407892,7.730871334112374,-22.494983467634462,-14.552048833750387,0.15950831802074494,14.228963261879906,18.189861624507614
validation,2026.8.10-8.20/log_19_2026-8-20-06-51-18.ulg,5,D2_center5,5,1673,-0.014046818104350165,1.7211381284823504,-9.426977921239367,-4.718242681759049,0.1826044150838542,3.501590301331928,5.719374305912003
validation,2026.8.10-8.20/log_19_2026-8-20-06-51-18.ulg,5,D2_center10,0,1673,-0.04409447279857242,1.574104748546604,-6.672962031863893,-4.669310874390115,0.024930594753218547,3.356107022812489,4.036268028505054
validation,2026.8.10-8.20/log_19_2026-8-20-06-51-18.ulg,5,D2_center10,1,1673,0.2384208844135408,1.875319820726969,-7.019691025022623,-5.922954805913463,0.307983971452081,4.270837392334757,4.8745448379443825
validation,2026.8.10-8.20/log_19_2026-8-20-06-51-18.ulg,5,D2_center10,2,1673,0.03557165086149374,3.847611761392034,-9.082819256910799,-7.417240973745454,-0.015071979801959005,7.311015546675224,9.76633167220853
validation,2026.8.10-8.20/log_19_2026-8-20-06-51-18.ulg,5,D2_center10,3,1673,0.018079428056664296,4.250862049205148,-15.361547123675633,-9.641353589116235,0.04097419903425148,10.293561772799698,15.202303963389795
validation,2026.8.10-8.20/log_19_2026-8-20-06-51-18.ulg,5,D2_center10,4,1673,-0.0066172756410831455,4.194379947768137,-15.615902680947862,-10.313239978337059,0.21090034688564518,9.622578690408822,15.53314226243042
validation,2026.8.10-8.20/log_19_2026-8-20-06-51-18.ulg,5,D2_center10,5,1673,-0.010617771288152073,1.0867177104643073,-5.018400359926601,-2.5789417480042625,0.0046637940139108176,2.3555837350482385,3.7725788822835256
validation,2026.8.10-8.20/log_22_2026-8-20-07-09-54.ulg,0,D0_raw,0,1098,0.43374855448188626,3.2169211929082384,-8.438350259210333,-6.203306192539187,0.34758254894043383,8.35462101373889,10.856149502518948
validation,2026.8.10-8.20/log_22_2026-8-20-07-09-54.ulg,0,D0_raw,1,1098,0.16463247235235068,3.2482489208361613,-7.679010821898074,-5.929173128935114,-0.24688383932569274,9.447664109027041,13.562899553228
validation,2026.8.10-8.20/log_22_2026-8-20-07-09-54.ulg,0,D0_raw,2,1098,0.028537841296611504,11.588131773810646,-20.8591756132266,-19.625799954284993,1.0821983708692784,21.28849823122689,25.892111978216164
validation,2026.8.10-8.20/log_22_2026-8-20-07-09-54.ulg,0,D0_raw,3,1098,0.008509565653446223,26.909207907917406,-79.8003644947259,-56.900731156092824,-0.6936471499631989,77.7560076832242,107.69826271111587
validation,2026.8.10-8.20/log_22_2026-8-20-07-09-54.ulg,0,D0_raw,4,1098,0.030329326795157586,21.59390561153514,-50.50522478965671,-44.58789446565365,1.593881478781073,39.995417606656424,45.48571915012425
validation,2026.8.10-8.20/log_22_2026-8-20-07-09-54.ulg,0,D0_raw,5,1098,0.03456543214814012,4.727120281820959,-17.53438845479576,-11.959250701539212,-0.1931113291868775,12.098282245167962,19.42508416068226
validation,2026.8.10-8.20/log_22_2026-8-20-07-09-54.ulg,0,D1_lp4,0,1098,0.43632037492267006,1.486803996463811,-4.261985352920303,-2.539044759323149,0.46016645709615744,4.010277475729532,5.079932916664441
validation,2026.8.10-8.20/log_22_2026-8-20-07-09-54.ulg,0,D1_lp4,1,1098,0.15610823220170184,1.8096601478120493,-3.377236459883907,-2.6521744318063813,-0.26345121331817756,6.377454356467251,7.561713055029334
validation,2026.8.10-8.20/log_22_2026-8-20-07-09-54.ulg,0,D1_lp4,2,1098,0.007558302876919165,5.49687996912187,-10.171831580975912,-9.05411931423206,0.07410114269062934,9.332894411915515,11.408033701353714
validation,2026.8.10-8.20/log_22_2026-8-20-07-09-54.ulg,0,D1_lp4,3,1098,-0.028575030942604558,5.6730972595170455,-19.641158147845694,-10.331236693751709,0.19713137649005788,10.730173745159101,13.394987834499926
validation,2026.8.10-8.20/log_22_2026-8-20-07-09-54.ulg,0,D1_lp4,4,1098,0.027640593390131498,3.26780273400217,-6.501893485608161,-5.837461019268702,-0.06420852529439992,6.916403203267563,7.840069210499373
validation,2026.8.10-8.20/log_22_2026-8-20-07-09-54.ulg,0,D1_lp4,5,1098,0.04130046953970257,1.1277669192415587,-3.9056639825750232,-2.592845766800371,0.08533347069360286,2.345343714523203,2.9528892070038557
validation,2026.8.10-8.20/log_22_2026-8-20-07-09-54.ulg,0,D1_lp6,0,1098,0.4387126550181706,2.186024376666993,-5.7644880133821905,-3.630254563808192,0.26837555855501943,5.635800079864252,7.0850140382185085
validation,2026.8.10-8.20/log_22_2026-8-20-07-09-54.ulg,0,D1_lp6,1,1098,0.15798500120305675,2.4212654688221633,-4.689225115205948,-3.671577318094412,-0.1993806182682652,8.873417748238225,10.377280516951807
validation,2026.8.10-8.20/log_22_2026-8-20-07-09-54.ulg,0,D1_lp6,2,1098,0.026145839213920486,10.676880301260988,-17.85617415711678,-16.25867103820857,0.06451274253593556,16.110346829345875,17.400727533828768
validation,2026.8.10-8.20/log_22_2026-8-20-07-09-54.ulg,0,D1_lp6,3,1098,-0.031963805551358665,10.676743737178015,-25.218591161620157,-19.107599414692928,0.3950751682384501,18.26267177148322,22.05244405804719
validation,2026.8.10-8.20/log_22_2026-8-20-07-09-54.ulg,0,D1_lp6,4,1098,0.01620607436303496,6.313176784313593,-12.498957731731737,-11.744606755932933,0.3797899648578092,11.952627779983136,13.703497332221241
validation,2026.8.10-8.20/log_22_2026-8-20-07-09-54.ulg,0,D1_lp6,5,1098,0.04511998932658894,1.8162030836412797,-6.57075081704677,-4.143582573890181,0.1936073356790375,3.518910965511165,4.839696581977272
validation,2026.8.10-8.20/log_22_2026-8-20-07-09-54.ulg,0,D1_lp8,0,1098,0.43769421746590165,2.422081794926257,-6.370648141250867,-4.408321237290782,0.17166449431972597,6.325746785561366,8.337397478229468
validation,2026.8.10-8.20/log_22_2026-8-20-07-09-54.ulg,0,D1_lp8,1,1098,0.15974877613911231,2.578101840333361,-5.639763451355486,-4.237762142798075,-0.34345357546938204,9.061106386403186,11.007470942141062
validation,2026.8.10-8.20/log_22_2026-8-20-07-09-54.ulg,0,D1_lp8,2,1098,0.0267487620561749,11.006889029233232,-18.794129966879353,-17.03936793615344,0.3241202059194571,16.541782109395385,17.58130680143636
validation,2026.8.10-8.20/log_22_2026-8-20-07-09-54.ulg,0,D1_lp8,3,1098,-0.0409215757398731,12.430106773354924,-31.91261304603776,-26.032272620014584,1.8673044624561426,22.85343067394287,29.45851656952648
validation,2026.8.10-8.20/log_22_2026-8-20-07-09-54.ulg,0,D1_lp8,4,1098,0.010763036481818348,9.672823684205468,-22.40680943392892,-19.734975622381086,1.0885504936192159,17.689113275192042,20.084412994178102
validation,2026.8.10-8.20/log_22_2026-8-20-07-09-54.ulg,0,D1_lp8,5,1098,0.04852046711750722,2.0086290726647253,-8.072955543011293,-5.043509574846208,0.3100224563009595,3.768707938787651,5.072759746540324
validation,2026.8.10-8.20/log_22_2026-8-20-07-09-54.ulg,0,D1_lp12,0,1098,0.4364430080671976,2.8906126060804063,-7.332636653641064,-5.729718287255672,0.2183332274938754,7.270200099944257,10.022635192259136
validation,2026.8.10-8.20/log_22_2026-8-20-07-09-54.ulg,0,D1_lp12,1,1098,0.1608061672993887,2.9379536962397124,-6.509120023608772,-5.3033211287429465,-0.19359330899649335,9.017791518162351,11.877753677354521
validation,2026.8.10-8.20/log_22_2026-8-20-07-09-54.ulg,0,D1_lp12,2,1098,0.027558560219022542,11.070407183497613,-19.942742947307334,-18.06841131203173,0.5416297488930288,17.113212031540808,17.961285520231954
validation,2026.8.10-8.20/log_22_2026-8-20-07-09-54.ulg,0,D1_lp12,3,1098,-0.05589769650676474,16.618993720036993,-49.04457763771454,-40.679381901462314,2.6816650649419076,28.60289010806322,33.94121224764232
validation,2026.8.10-8.20/log_22_2026-8-20-07-09-54.ulg,0,D1_lp12,4,1098,0.02111242354144127,16.24996976286163,-34.629967867617616,-30.46749700167206,0.23903803002006796,28.415553556107735,31.83074173499165
validation,2026.8.10-8.20/log_22_2026-8-20-07-09-54.ulg,0,D1_lp12,5,1098,0.04855775250076295,2.4356589107163953,-10.770122145176389,-5.93687474836274,0.21895640331564167,5.093827278741662,8.042145343779955
validation,2026.8.10-8.20/log_22_2026-8-20-07-09-54.ulg,0,D2_center2,0,1098,0.43612982195652367,2.919826021675894,-7.777108702267349,-5.7017391263071335,0.2581564029563176,7.72525906888502,9.563832655443196
validation,2026.8.10-8.20/log_22_2026-8-20-07-09-54.ulg,0,D2_center2,1,1098,0.15778542884910662,2.960009178718196,-6.760368903292551,-5.434420813309048,-0.18061253077041162,9.351256419228097,12.108619160371456
validation,2026.8.10-8.20/log_22_2026-8-20-07-09-54.ulg,0,D2_center2,2,1098,0.02322614750375718,11.11615199629169,-20.802715770479907,-18.2019576693427,0.8303462181775368,18.391153919478757,20.16369473616416
validation,2026.8.10-8.20/log_22_2026-8-20-07-09-54.ulg,0,D2_center2,3,1098,-0.040467269907149564,18.955177550418366,-49.31432636275883,-39.38599088626815,3.342218098940574,39.1292393142808,63.60507179430047
validation,2026.8.10-8.20/log_22_2026-8-20-07-09-54.ulg,0,D2_center2,4,1098,0.025986388888733624,17.58333582314627,-45.74824100934619,-31.430986736495232,1.1330403695684217,28.248738608919886,31.373955021440377
validation,2026.8.10-8.20/log_22_2026-8-20-07-09-54.ulg,0,D2_center2,5,1098,0.04821693840714334,3.020899459531123,-10.948298516293141,-7.4853256908049195,0.176240722050031,6.499824120652823,10.990081652952128
validation,2026.8.10-8.20/log_22_2026-8-20-07-09-54.ulg,0,D2_center5,0,1098,0.43814933844302445,1.9666586683369467,-5.581428704073479,-3.5581694577450294,0.30642828327202054,5.099785752077585,6.9928201499880345
validation,2026.8.10-8.20/log_22_2026-8-20-07-09-54.ulg,0,D2_center5,1,1098,0.15674763475444647,2.203664157314528,-4.722344257473639,-3.4361471027603656,-0.26723535804845,7.916381501115001,9.640460713801438
validation,2026.8.10-8.20/log_22_2026-8-20-07-09-54.ulg,0,D2_center5,2,1098,0.019139514329984987,8.723138665274135,-15.876845686231805,-13.55125581417735,0.10357338751668971,13.081922254264978,14.069700346673178
validation,2026.8.10-8.20/log_22_2026-8-20-07-09-54.ulg,0,D2_center5,3,1098,-0.03414543188293505,9.923554378557277,-28.28987310651451,-22.79075478421753,0.0319163214425439,20.50598757271988,23.271015995434173
validation,2026.8.10-8.20/log_22_2026-8-20-07-09-54.ulg,0,D2_center5,4,1098,0.006060270834628967,6.932536447616786,-16.384909823072917,-13.944819957027864,0.37740789630203775,14.585787492939176,16.805369841367447
validation,2026.8.10-8.20/log_22_2026-8-20-07-09-54.ulg,0,D2_center5,5,1098,0.0446158431418446,1.681203367474068,-5.968483735226117,-4.268776984572788,0.24244112069702872,3.404154036017964,4.592948876442356
validation,2026.8.10-8.20/log_22_2026-8-20-07-09-54.ulg,0,D2_center10,0,1098,0.43470261762784734,1.282640202660502,-3.5548053674757316,-2.602551187204798,0.5133308903601751,3.338581418879157,4.044394131453925
validation,2026.8.10-8.20/log_22_2026-8-20-07-09-54.ulg,0,D2_center10,1,1098,0.15478824873553035,1.6460144277969815,-2.8489499129057,-2.242983109298008,-0.164530455735659,5.2551419225661045,6.118942489748632
validation,2026.8.10-8.20/log_22_2026-8-20-07-09-54.ulg,0,D2_center10,2,1098,-0.005244929820257207,2.807932141878505,-6.127172020889428,-5.064177387566164,-0.1395178781469471,5.674584154632797,6.518881486426129
validation,2026.8.10-8.20/log_22_2026-8-20-07-09-54.ulg,0,D2_center10,3,1098,-0.012379865568255051,4.263874478254958,-9.697938414028734,-7.718956442142914,-0.9070336154379618,9.89379338063517,11.388949273068825
validation,2026.8.10-8.20/log_22_2026-8-20-07-09-54.ulg,0,D2_center10,4,1098,0.03766306380228907,3.9481068444108995,-8.906646708036401,-7.035919450320551,-0.11951476015691759,7.170926564253289,8.495411831752408
validation,2026.8.10-8.20/log_22_2026-8-20-07-09-54.ulg,0,D2_center10,5,1098,0.03855343040011968,0.9128413563359519,-3.242508771617424,-2.0842573775297284,0.08016110401286174,2.102189161688796,2.616334514845639
validation,2026.8.10-8.20/log_22_2026-8-20-07-09-54.ulg,1,D0_raw,0,4954,-0.04262758369820236,3.2970998583994744,-18.66996279341862,-9.262380284237699,0.007345892888007166,8.39853602070788,15.858809389638921
validation,2026.8.10-8.20/log_22_2026-8-20-07-09-54.ulg,1,D0_raw,1,4954,-0.1331942649830455,3.041974890683364,-16.038594599479254,-9.670591455894971,-0.03646740378644031,7.094612218322841,10.539415126335513
validation,2026.8.10-8.20/log_22_2026-8-20-07-09-54.ulg,1,D0_raw,2,4954,-0.00687829181270163,9.88130783651369,-24.675975417483983,-17.947949397555263,1.046359356548455,18.5525908931704,22.651364047131292
validation,2026.8.10-8.20/log_22_2026-8-20-07-09-54.ulg,1,D0_raw,3,4954,0.040534912869560666,26.302518669192626,-112.05808194208957,-57.75035851246009,-0.8765066822695766,72.54700631803301,232.35882133782926
validation,2026.8.10-8.20/log_22_2026-8-20-07-09-54.ulg,1,D0_raw,4,4954,0.005926977667868788,19.422358011986766,-51.96293214989978,-41.36489836394476,0.6214682646656304,36.01042417865828,46.70100958373212
validation,2026.8.10-8.20/log_22_2026-8-20-07-09-54.ulg,1,D0_raw,5,4954,-0.023867360905225694,4.707743371046243,-19.882811757552243,-11.139885652088068,-0.17619652595203952,13.151002811641256,23.208750030647074
validation,2026.8.10-8.20/log_22_2026-8-20-07-09-54.ulg,1,D1_lp4,0,4954,-0.040499511711608704,2.232899506913117,-10.690060082268177,-6.801137302183114,-0.04080112017693728,6.1207988481706455,9.187169973354997
validation,2026.8.10-8.20/log_22_2026-8-20-07-09-54.ulg,1,D1_lp4,1,4954,-0.13065847986006837,2.039024986842805,-10.121890513392863,-7.079277290401632,-0.03846458198111498,4.4437079904164465,7.540405545561059
validation,2026.8.10-8.20/log_22_2026-8-20-07-09-54.ulg,1,D1_lp4,2,4954,0.009068624347342335,6.120180714365458,-12.857131441841252,-10.151989125812841,0.010428135143757154,10.863907698546317,13.235241081275067
validation,2026.8.10-8.20/log_22_2026-8-20-07-09-54.ulg,1,D1_lp4,3,4954,-0.005504927578471841,7.066390570255375,-21.730340938554583,-14.05497675219016,0.12456370969934971,13.73962917513253,23.444988213694376
validation,2026.8.10-8.20/log_22_2026-8-20-07-09-54.ulg,1,D1_lp4,4,4954,0.0016944682880894637,3.880358174854654,-11.957522984942779,-7.12456918585455,-0.13052096838084043,8.302782930040234,13.757657300993017
validation,2026.8.10-8.20/log_22_2026-8-20-07-09-54.ulg,1,D1_lp4,5,4954,-0.0032164004586694,1.4224197398479426,-5.1903435705205565,-3.4897354077568634,0.04195410246339022,3.085890989601245,4.4423869376091005
validation,2026.8.10-8.20/log_22_2026-8-20-07-09-54.ulg,1,D1_lp6,0,4954,-0.04017166603206621,2.7248341157547666,-15.506504451713669,-8.281849737004944,0.031186741757364314,8.118923413459648,12.460182159890135
validation,2026.8.10-8.20/log_22_2026-8-20-07-09-54.ulg,1,D1_lp6,1,4954,-0.1309044521636259,2.4347716819263896,-12.974049381910424,-8.822170767188537,-0.0587539165116514,5.490608437437769,8.62885102695858
validation,2026.8.10-8.20/log_22_2026-8-20-07-09-54.ulg,1,D1_lp6,2,4954,0.00739545542911293,9.242711531318978,-17.11130353286702,-15.158331286172277,0.23392639270605942,14.451991940826378,16.045605460363205
validation,2026.8.10-8.20/log_22_2026-8-20-07-09-54.ulg,1,D1_lp6,3,4954,-0.0024155459212251837,11.161728686769148,-35.53476576501283,-22.744037999204423,-0.16772975019984565,22.895495211064002,35.14307037798788
validation,2026.8.10-8.20/log_22_2026-8-20-07-09-54.ulg,1,D1_lp6,4,4954,0.00014911348943070135,6.665970252581454,-17.782665492787757,-13.592510321347588,1.0042321918381423,13.347712214744682,17.302266391040092
validation,2026.8.10-8.20/log_22_2026-8-20-07-09-54.ulg,1,D1_lp6,5,4954,-0.003199039806017773,2.0354469355053904,-8.660029954734691,-5.272001396052924,0.08103134985030563,4.686688961761276,7.300047673330672
validation,2026.8.10-8.20/log_22_2026-8-20-07-09-54.ulg,1,D1_lp8,0,4954,-0.040293352291813266,2.893356385378951,-16.078193960408747,-8.589947623840784,-0.006542296704647419,8.353440733809775,13.059083061213656
validation,2026.8.10-8.20/log_22_2026-8-20-07-09-54.ulg,1,D1_lp8,1,4954,-0.13106773077632375,2.5960861613223747,-13.634504655195608,-8.94836535660109,-0.013179988284179526,6.074871209665524,8.795518636714451
validation,2026.8.10-8.20/log_22_2026-8-20-07-09-54.ulg,1,D1_lp8,2,4954,0.007247604006580028,9.433432572632608,-18.137989390794214,-15.921882085782174,0.4475803037201984,14.84817428793573,16.326495084325817
validation,2026.8.10-8.20/log_22_2026-8-20-07-09-54.ulg,1,D1_lp8,3,4954,0.00270748821728323,13.15314859884713,-42.43267268648852,-27.731881323182957,0.09730539234200555,28.675474779542196,44.32835894951693
validation,2026.8.10-8.20/log_22_2026-8-20-07-09-54.ulg,1,D1_lp8,4,4954,-0.004895146103621982,11.06347706216769,-27.448781135742287,-21.440917794890208,1.3169487868297014,18.062884896867775,21.76446247114064
validation,2026.8.10-8.20/log_22_2026-8-20-07-09-54.ulg,1,D1_lp8,5,4954,-0.002691805042704142,2.2694460397772294,-10.590311143412539,-6.1585832772069375,0.13191320946226875,4.835687623413662,7.143914565024276
validation,2026.8.10-8.20/log_22_2026-8-20-07-09-54.ulg,1,D1_lp12,0,4954,-0.04056088028500614,3.081688140246223,-17.208834493968205,-8.904437802255996,-0.002234167553742821,8.375435014369138,13.434804763071742
validation,2026.8.10-8.20/log_22_2026-8-20-07-09-54.ulg,1,D1_lp12,1,4954,-0.13056869037888638,2.8083682203640508,-14.985023387611756,-9.269197214765306,-0.06038534603133153,6.6884799321633865,9.238926959144798
validation,2026.8.10-8.20/log_22_2026-8-20-07-09-54.ulg,1,D1_lp12,2,4954,0.005963359038719416,9.475288476961618,-19.13667076975012,-16.72314088877202,0.50541985794868,15.388452861911592,17.00602248609042
validation,2026.8.10-8.20/log_22_2026-8-20-07-09-54.ulg,1,D1_lp12,3,4954,0.010119231224829687,16.08467188846297,-53.89388088737203,-37.60310203946092,0.748615603454523,33.54965845718013,52.700190575118796
validation,2026.8.10-8.20/log_22_2026-8-20-07-09-54.ulg,1,D1_lp12,4,4954,-0.009255221906795114,15.382594621161568,-40.08160386763192,-29.09635953092645,0.05621225189535434,26.57976128607653,33.73270972782858
validation,2026.8.10-8.20/log_22_2026-8-20-07-09-54.ulg,1,D1_lp12,5,4954,-0.0038580732629681876,2.7570159869745403,-13.728310299436899,-7.524989345210451,0.10517523357001046,6.145873152776531,10.320360851492614
validation,2026.8.10-8.20/log_22_2026-8-20-07-09-54.ulg,1,D2_center2,0,4954,-0.041961947978121805,3.1092139506481353,-17.31193847113814,-8.977773489164987,0.0023859775138033047,8.270158509743819,13.84347548830814
validation,2026.8.10-8.20/log_22_2026-8-20-07-09-54.ulg,1,D2_center2,1,4954,-0.1298463275400521,2.8417768245577806,-15.076969588476702,-9.422165245757473,-0.038955097029470136,6.746593013125993,9.719672088394907
validation,2026.8.10-8.20/log_22_2026-8-20-07-09-54.ulg,1,D2_center2,2,4954,0.003215051520481584,9.536280124419742,-19.753518412940437,-17.14190385089646,0.7053357506435832,16.552472801928907,18.424205022853748
validation,2026.8.10-8.20/log_22_2026-8-20-07-09-54.ulg,1,D2_center2,3,4954,0.016705511853321302,18.1943182211691,-58.40142257391903,-40.3674383847943,1.0041773826896865,40.04840140506967,60.45596307624846
validation,2026.8.10-8.20/log_22_2026-8-20-07-09-54.ulg,1,D2_center2,4,4954,0.0021433688224151725,16.428163707647272,-36.14959964299934,-30.241641131134923,0.8714584837400909,27.896244799742856,35.55633251238278
validation,2026.8.10-8.20/log_22_2026-8-20-07-09-54.ulg,1,D2_center2,5,4954,-0.005601911675313418,3.229211157451444,-13.835868516592857,-7.923142689585882,0.04975052530769852,8.14542472678875,12.478506299762204
validation,2026.8.10-8.20/log_22_2026-8-20-07-09-54.ulg,1,D2_center5,0,4954,-0.04047002467396482,2.5355698302221783,-13.872395201605093,-7.848329864571679,-0.0006235162272388077,7.6356915667089815,10.816783727013286
validation,2026.8.10-8.20/log_22_2026-8-20-07-09-54.ulg,1,D2_center5,1,4954,-0.13107064760352316,2.279874614017218,-11.856858232133716,-8.094017013571563,-0.021022460598557675,5.270389399615156,8.036391734741567
validation,2026.8.10-8.20/log_22_2026-8-20-07-09-54.ulg,1,D2_center5,2,4954,0.008002159605364932,7.730341129417894,-14.423054301429955,-12.678352316376577,0.0841387696429901,11.680928489908819,13.276130487255722
validation,2026.8.10-8.20/log_22_2026-8-20-07-09-54.ulg,1,D2_center5,3,4954,0.00014529071631210277,10.462951998505211,-36.80973307729634,-24.298153441607536,-0.1762208316034608,22.35498289000473,34.35568749118489
validation,2026.8.10-8.20/log_22_2026-8-20-07-09-54.ulg,1,D2_center5,4,4954,0.002267906558437748,7.482106352078011,-20.771395175341077,-15.12418400858515,0.9723437549902392,13.736351052659387,17.326071211623955
validation,2026.8.10-8.20/log_22_2026-8-20-07-09-54.ulg,1,D2_center5,5,4954,-0.0031178032671782515,1.8961566066595426,-9.209016531861774,-4.892165481923094,0.12757720605732797,4.108095208359838,6.906575284631596
validation,2026.8.10-8.20/log_22_2026-8-20-07-09-54.ulg,1,D2_center10,0,4954,-0.04100897018004684,1.9943243823868162,-8.801602390135796,-5.827066203253717,0.004642350664394508,5.229981169689422,7.538285320768984
validation,2026.8.10-8.20/log_22_2026-8-20-07-09-54.ulg,1,D2_center10,1,4954,-0.13019316596086952,1.8048928373606252,-7.836724668282188,-5.791056289987386,-0.060310429499337084,3.5345955458600993,5.874788306461637
validation,2026.8.10-8.20/log_22_2026-8-20-07-09-54.ulg,1,D2_center10,2,4954,0.010419443170532448,3.2198272802947474,-7.461868132649783,-5.694488810945914,-0.11827842807941424,6.518375182792312,8.164138685391293
validation,2026.8.10-8.20/log_22_2026-8-20-07-09-54.ulg,1,D2_center10,3,4954,-0.005325373523429966,4.7794814318795495,-14.172450157690486,-10.318404051989274,-0.17509579011035925,10.760044548311612,18.431095974578476
validation,2026.8.10-8.20/log_22_2026-8-20-07-09-54.ulg,1,D2_center10,4,4954,0.0009270314005824593,4.014993215693583,-12.45228052461797,-7.513295852746086,-0.055872743296820675,8.098733699967458,11.384556729273937
validation,2026.8.10-8.20/log_22_2026-8-20-07-09-54.ulg,1,D2_center10,5,4954,-0.002897243262186208,1.0969889714675554,-5.26671072593906,-2.6715788744698408,0.017234670981245426,2.40338747446018,3.346886087579016
validation,2026.8.10-8.20/log_22_2026-8-20-07-09-54.ulg,2,D0_raw,0,213,0.3879985733607494,3.0731537771582143,-5.733363614046213,-5.14031631936887,-0.039933529231808006,7.480311011493869,9.034636742141423
validation,2026.8.10-8.20/log_22_2026-8-20-07-09-54.ulg,2,D0_raw,1,213,0.11008811717692879,2.6504335933200993,-7.2334039556989795,-6.47314632906042,0.05050522332982453,5.7154380247848255,6.6467406330655106
validation,2026.8.10-8.20/log_22_2026-8-20-07-09-54.ulg,2,D0_raw,2,213,0.13404261153924868,9.477911467662521,-16.562592511975513,-16.121790380445518,1.276345003574024,16.111699865423464,18.1157035348644
validation,2026.8.10-8.20/log_22_2026-8-20-07-09-54.ulg,2,D0_raw,3,213,0.09969313589475715,20.118309842295407,-40.40093454193297,-35.10752932835349,-0.5061796050758015,53.82511282499688,68.70025981653788
validation,2026.8.10-8.20/log_22_2026-8-20-07-09-54.ulg,2,D0_raw,4,213,0.25461982193622207,18.65251834198112,-43.766310365565595,-38.63964666220128,0.4814301710620277,34.04195455909304,35.04888808587911
validation,2026.8.10-8.20/log_22_2026-8-20-07-09-54.ulg,2,D0_raw,5,213,0.25436594173996013,4.323185566278217,-12.756272903305012,-8.85330825373415,0.02163505267520759,11.005646922147047,12.446427811143064
validation,2026.8.10-8.20/log_22_2026-8-20-07-09-54.ulg,2,D1_lp4,0,213,0.3704384172188924,2.618608252195106,-3.8452535379384165,-3.746725358058617,-0.03526704289453129,6.764806503828793,7.275319000130329
validation,2026.8.10-8.20/log_22_2026-8-20-07-09-54.ulg,2,D1_lp4,1,213,0.10406995073679928,1.2100915792920994,-2.6137518462809157,-2.402840720687488,0.10721924579400947,2.8333000946139446,3.1151564059062213
validation,2026.8.10-8.20/log_22_2026-8-20-07-09-54.ulg,2,D1_lp4,2,213,0.12459208917534703,6.536170845991972,-9.972460108051603,-9.547940526894227,0.06053419418936914,10.606547856489222,11.017578067299356
validation,2026.8.10-8.20/log_22_2026-8-20-07-09-54.ulg,2,D1_lp4,3,213,-0.03512214185883502,7.198879720566538,-12.887048533511127,-12.625330597764796,0.29769342305245666,11.719448869151512,12.029733583122477
validation,2026.8.10-8.20/log_22_2026-8-20-07-09-54.ulg,2,D1_lp4,4,213,-0.03852795314936602,2.592382938747808,-4.553786765230586,-4.409053393084383,-0.09179576573253258,4.866901509586967,5.510035725873103
validation,2026.8.10-8.20/log_22_2026-8-20-07-09-54.ulg,2,D1_lp4,5,213,0.1839292211309453,1.6161019209901812,-3.877630586187884,-3.3740465559792425,0.2558010161734673,3.4048234434072846,3.796881720423715
validation,2026.8.10-8.20/log_22_2026-8-20-07-09-54.ulg,2,D1_lp6,0,213,0.3812960968634336,2.9092709497106286,-4.931861468120845,-4.709182072164142,0.04184579908953016,7.234073737398617,7.896397036106785
validation,2026.8.10-8.20/log_22_2026-8-20-07-09-54.ulg,2,D1_lp6,1,213,0.10265456603611872,1.5628334605257026,-3.6835845837496315,-3.4064131263721174,0.05741454658434753,3.4348747971311053,3.9825590767269725
validation,2026.8.10-8.20/log_22_2026-8-20-07-09-54.ulg,2,D1_lp6,2,213,0.14919640799996203,8.961766953550345,-14.576277779555115,-14.234157017402277,0.08261486924478581,13.574263312489885,13.894747696104538
validation,2026.8.10-8.20/log_22_2026-8-20-07-09-54.ulg,2,D1_lp6,3,213,-0.035396230253169916,10.081194880078714,-20.148987100941053,-18.563068996778924,0.2907503232708834,18.028351686130392,20.685561113966646
validation,2026.8.10-8.20/log_22_2026-8-20-07-09-54.ulg,2,D1_lp6,4,213,0.0221378532591138,4.556553158456455,-9.866303494374275,-9.221341693003188,1.2059539205245249,7.023180823491969,8.42988405298101
validation,2026.8.10-8.20/log_22_2026-8-20-07-09-54.ulg,2,D1_lp6,5,213,0.18887418375530815,2.2590523327490613,-5.571518827197187,-5.230667670202888,0.413852690888277,4.481366394182418,4.944287536748286
validation,2026.8.10-8.20/log_22_2026-8-20-07-09-54.ulg,2,D1_lp8,0,213,0.38031683185036097,2.94647500794844,-5.083827546674318,-4.968090591949019,-0.05786344351015843,7.661748616294671,8.35966879601897
validation,2026.8.10-8.20/log_22_2026-8-20-07-09-54.ulg,2,D1_lp8,1,213,0.10213003220438663,2.0124331111632046,-4.801817987975741,-4.716293497663992,-0.052503644613726856,4.811205513113489,4.936552346410284
validation,2026.8.10-8.20/log_22_2026-8-20-07-09-54.ulg,2,D1_lp8,2,213,0.15334470490049426,9.081168506439598,-15.291353045068805,-14.848189498962414,0.3731163353418099,13.528681484972312,14.199373198613129
validation,2026.8.10-8.20/log_22_2026-8-20-07-09-54.ulg,2,D1_lp8,3,213,-0.025781855943718398,11.455825421299702,-25.5730567613023,-23.733590698102645,-0.24536625361875844,23.41931719125334,27.420600740679053
validation,2026.8.10-8.20/log_22_2026-8-20-07-09-54.ulg,2,D1_lp8,4,213,0.15759535744788336,10.795194223503275,-22.139148910795488,-19.055221444471705,-0.2990684644143357,16.986377958493815,18.515289096361496
validation,2026.8.10-8.20/log_22_2026-8-20-07-09-54.ulg,2,D1_lp8,5,213,0.19460162261077132,2.453641416215127,-6.643754359638298,-5.967313744636308,0.6842117292450562,4.422689428587983,4.916272993126171
validation,2026.8.10-8.20/log_22_2026-8-20-07-09-54.ulg,2,D1_lp12,0,213,0.3801463152395994,2.9668626614422533,-5.502380843127588,-5.18026760258424,-0.11034629260452754,7.591404141481062,8.564135759957438
validation,2026.8.10-8.20/log_22_2026-8-20-07-09-54.ulg,2,D1_lp12,1,213,0.10537092095862718,2.350618989586115,-5.985701076379323,-5.655963341116149,0.07255727764597786,4.915920784507621,5.295388316469146
validation,2026.8.10-8.20/log_22_2026-8-20-07-09-54.ulg,2,D1_lp12,2,213,0.14968264939814363,9.107151611644085,-16.43602079810034,-15.4250614405879,0.640210809177956,14.131219448088439,14.836912012110169
validation,2026.8.10-8.20/log_22_2026-8-20-07-09-54.ulg,2,D1_lp12,3,213,0.026113369959412328,13.139302013475442,-28.350858702916675,-24.707351052129148,0.19775868756978413,28.3126597374561,35.46749500110434
validation,2026.8.10-8.20/log_22_2026-8-20-07-09-54.ulg,2,D1_lp12,4,213,0.1925979958646801,14.694887514516886,-27.409006580320593,-23.859955442925113,-0.7775287996022862,24.963633144313526,26.163048845587102
validation,2026.8.10-8.20/log_22_2026-8-20-07-09-54.ulg,2,D1_lp12,5,213,0.20832330721390654,2.9184706261647793,-8.345222909043718,-7.928324918073528,0.6913089629075665,4.863079593248732,5.855703364517426
validation,2026.8.10-8.20/log_22_2026-8-20-07-09-54.ulg,2,D2_center2,0,213,0.38415589207773027,2.991969065607916,-5.4138140782451,-5.132159726683169,-0.1768892772176508,7.24038610414561,8.862525221712332
validation,2026.8.10-8.20/log_22_2026-8-20-07-09-54.ulg,2,D2_center2,1,213,0.11423395038280493,2.4008152752394274,-6.693813237711296,-5.650433005896117,0.1309782168816248,5.191188855574192,5.817176816745666
validation,2026.8.10-8.20/log_22_2026-8-20-07-09-54.ulg,2,D2_center2,2,213,0.15039090066237026,9.2113292348235,-16.339974525341987,-15.629761449387196,1.3579541671731672,15.093737293720128,15.709499169687977
validation,2026.8.10-8.20/log_22_2026-8-20-07-09-54.ulg,2,D2_center2,3,213,0.07751752121289325,14.72127460737172,-30.71879605970208,-29.697799045551477,0.2521020236057265,33.24361017089978,40.52281947079091
validation,2026.8.10-8.20/log_22_2026-8-20-07-09-54.ulg,2,D2_center2,4,213,0.10137015725267928,16.01326514973455,-29.50850832471149,-27.943811776560693,1.2497265958431993,26.89347681581887,26.955743710362583
validation,2026.8.10-8.20/log_22_2026-8-20-07-09-54.ulg,2,D2_center2,5,213,0.21450038766826074,3.2734844787707993,-10.30942516151418,-8.272165890080208,0.5127236859235269,6.200066756693685,8.81419698673002
validation,2026.8.10-8.20/log_22_2026-8-20-07-09-54.ulg,2,D2_center5,0,213,0.37201784782025243,2.7324821689250656,-4.417066232562646,-4.246008988863976,-0.008765283539985244,6.801752649916172,7.444255390103772
validation,2026.8.10-8.20/log_22_2026-8-20-07-09-54.ulg,2,D2_center5,1,213,0.10679257221282382,1.512105058271691,-3.823536608523604,-3.4988234904563655,-0.015031660952190558,3.5859696642770835,3.8267332266400915
validation,2026.8.10-8.20/log_22_2026-8-20-07-09-54.ulg,2,D2_center5,2,213,0.140682924724372,7.6225049561831675,-12.76693123177902,-12.056174275060723,0.35316372510208766,11.059498371958162,11.42422298469455
validation,2026.8.10-8.20/log_22_2026-8-20-07-09-54.ulg,2,D2_center5,3,213,-0.012045273211977063,9.291835735729242,-21.559067305893088,-19.36366083250951,0.25467228480893733,18.29631503123563,20.454959756248492
validation,2026.8.10-8.20/log_22_2026-8-20-07-09-54.ulg,2,D2_center5,4,213,0.03930208059963048,6.870907055872194,-13.984103538771844,-12.808651034159578,0.04940117625554235,12.121910790777777,14.774553251640373
validation,2026.8.10-8.20/log_22_2026-8-20-07-09-54.ulg,2,D2_center5,5,213,0.19265293411948042,2.0179231576282426,-5.7599675006975035,-4.625487308895619,0.6564753015292383,3.6788885596665084,4.291298583588877
validation,2026.8.10-8.20/log_22_2026-8-20-07-09-54.ulg,2,D2_center10,0,213,0.3548821803853828,2.2787289270863216,-2.865265833810678,-2.7766023593409686,-0.4874840870000768,5.2047015229946165,5.463147620141329
validation,2026.8.10-8.20/log_22_2026-8-20-07-09-54.ulg,2,D2_center10,1,213,0.10160118697458312,0.94104144696508,-1.897448519164508,-1.8635471563936832,0.12232933869308925,2.030085059080945,2.1439333628595554
validation,2026.8.10-8.20/log_22_2026-8-20-07-09-54.ulg,2,D2_center10,2,213,0.1287224627398122,3.398553734722349,-5.700290622661406,-5.211562581383384,-0.14433624159156275,6.0425864598446415,6.45568815834495
validation,2026.8.10-8.20/log_22_2026-8-20-07-09-54.ulg,2,D2_center10,3,213,-0.03521419055664654,4.403107865476502,-10.208413176583228,-9.320549900258811,0.27004939123836924,8.234746652273762,11.81903522156468
validation,2026.8.10-8.20/log_22_2026-8-20-07-09-54.ulg,2,D2_center10,4,213,-0.045005909903098475,3.8616514202325205,-7.235692288895745,-6.68152626555737,0.4858318055203665,7.099240885584914,7.52860123620193
validation,2026.8.10-8.20/log_22_2026-8-20-07-09-54.ulg,2,D2_center10,5,213,0.1841331543523664,1.0054496681430198,-2.2782499432044636,-1.9295758593579835,0.16406133979086518,2.386929630557218,2.796626296459613
validation,2026.8.10-8.20/log_22_2026-8-20-07-09-54.ulg,3,D0_raw,0,1527,-0.026472527635568073,2.3153073986096606,-8.066789898450983,-5.269070612863331,-0.26506613433348686,6.250734558573822,10.608384508902352
validation,2026.8.10-8.20/log_22_2026-8-20-07-09-54.ulg,3,D0_raw,1,1527,0.37336612475357933,2.3175497204926434,-9.985568319245555,-5.832194357118779,0.28987943579667513,6.364650143407612,8.112024926459823
validation,2026.8.10-8.20/log_22_2026-8-20-07-09-54.ulg,3,D0_raw,2,1527,0.014089447809360502,8.415570214285255,-18.3008611202002,-15.276799624241312,1.0359203648219273,15.206040932321642,19.905186129393787
validation,2026.8.10-8.20/log_22_2026-8-20-07-09-54.ulg,3,D0_raw,3,1527,0.26473482624766015,24.303282248678293,-83.07312698195344,-55.28835376329991,-1.2633870383764132,75.34048885058529,144.6349527643507
validation,2026.8.10-8.20/log_22_2026-8-20-07-09-54.ulg,3,D0_raw,4,1527,0.06415238942699059,16.4710552565402,-59.44452746828869,-34.98584613384696,0.43563649267443716,32.938741245053215,43.01260231068375
validation,2026.8.10-8.20/log_22_2026-8-20-07-09-54.ulg,3,D0_raw,5,1527,-0.02380135781582319,3.914763813336943,-13.147921624290783,-8.160447080376093,-0.25848687976281587,11.688462552345182,16.229914140076914
validation,2026.8.10-8.20/log_22_2026-8-20-07-09-54.ulg,3,D1_lp4,0,1527,-0.021325514984439926,1.613474079048456,-5.32156124606634,-4.115813776218117,-0.18571874631768032,3.9017070942547885,6.235024141237357
validation,2026.8.10-8.20/log_22_2026-8-20-07-09-54.ulg,3,D1_lp4,1,1527,0.3713646217427621,1.8023890325140794,-6.5960814042218585,-4.898158834878411,0.3532248340441446,4.8784585245596155,5.655076392953807
validation,2026.8.10-8.20/log_22_2026-8-20-07-09-54.ulg,3,D1_lp4,2,1527,0.0035708416355269405,6.774849784543573,-11.449665141956018,-10.652357746399103,-0.08703936555997681,11.056050532199604,12.823470382332115
validation,2026.8.10-8.20/log_22_2026-8-20-07-09-54.ulg,3,D1_lp4,3,1527,-0.011078794312595536,7.12610024413406,-18.102666462514613,-13.307167236223519,0.031120528292607644,12.253154627684635,13.931717688105408
validation,2026.8.10-8.20/log_22_2026-8-20-07-09-54.ulg,3,D1_lp4,4,1527,-0.02868230914188655,3.789241186186599,-15.926990112438615,-7.510707843259403,-0.028248450954834067,9.430349535492368,12.086956733315915
validation,2026.8.10-8.20/log_22_2026-8-20-07-09-54.ulg,3,D1_lp4,5,1527,-0.021906798427069905,1.2433032350822817,-3.792674015032644,-2.97212043459698,0.0650642968669827,2.3818486330417437,4.073605963011845
validation,2026.8.10-8.20/log_22_2026-8-20-07-09-54.ulg,3,D1_lp6,0,1527,-0.022785055339979685,1.8226834357949655,-5.835964499462794,-4.518731341019821,-0.30133024710574063,4.620898304280633,8.055974609278524
validation,2026.8.10-8.20/log_22_2026-8-20-07-09-54.ulg,3,D1_lp6,1,1527,0.3712347850476794,2.018216420776338,-8.075351424777647,-5.6807532019220455,0.3250626195807743,5.6728681070040565,6.892490905503309
validation,2026.8.10-8.20/log_22_2026-8-20-07-09-54.ulg,3,D1_lp6,2,1527,0.00818956774609459,8.060412789589916,-15.772701756353925,-13.23351390143408,0.16803692369775525,12.79234413519112,14.305355859442093
validation,2026.8.10-8.20/log_22_2026-8-20-07-09-54.ulg,3,D1_lp6,3,1527,-0.012580681528358348,9.440393315487354,-28.207701042444445,-18.35809956993451,-0.32738108560212503,18.578300979363526,21.77727900178045
validation,2026.8.10-8.20/log_22_2026-8-20-07-09-54.ulg,3,D1_lp6,4,1527,-0.026447089522292754,6.333775114643468,-21.012105394155675,-12.377926945602301,0.6590220618207522,11.904014219658196,15.653633305000913
validation,2026.8.10-8.20/log_22_2026-8-20-07-09-54.ulg,3,D1_lp6,5,1527,-0.022293751103740534,1.5367543216384785,-5.017452497517098,-3.871902426108074,0.11527049730691903,2.942184463654535,4.4810058699703275
validation,2026.8.10-8.20/log_22_2026-8-20-07-09-54.ulg,3,D1_lp8,0,1527,-0.023183882409756353,2.0366184266644045,-7.050667170424224,-4.924403669776377,-0.2594224360639242,5.415045565438165,9.37732784010309
validation,2026.8.10-8.20/log_22_2026-8-20-07-09-54.ulg,3,D1_lp8,1,1527,0.37190129302142955,2.154145728175917,-8.406591647018796,-6.1611790236870405,0.2789745532037571,5.980236116447388,7.382796801537674
validation,2026.8.10-8.20/log_22_2026-8-20-07-09-54.ulg,3,D1_lp8,2,1527,0.008880827059300036,8.119096301854196,-16.069791994602536,-13.628201627384636,0.40769059547644815,12.944257337700433,14.373813675504307
validation,2026.8.10-8.20/log_22_2026-8-20-07-09-54.ulg,3,D1_lp8,3,1527,-0.008329382974613686,11.863467278770656,-31.853145470514296,-24.039499270171437,-0.7180280960039588,26.11129022708843,29.92190635949221
validation,2026.8.10-8.20/log_22_2026-8-20-07-09-54.ulg,3,D1_lp8,4,1527,-0.008053277764344245,11.364007550067804,-28.86104942082334,-21.17707862642977,0.8320799505448869,19.5153133164416,24.434573358644133
validation,2026.8.10-8.20/log_22_2026-8-20-07-09-54.ulg,3,D1_lp8,5,1527,-0.0217391389460185,1.8097275475656502,-5.945735216241814,-4.7124756958353196,0.11300087760556506,3.9046130629134566,4.946890694448865
validation,2026.8.10-8.20/log_22_2026-8-20-07-09-54.ulg,3,D1_lp12,0,1527,-0.023123993261139363,2.157817079972256,-7.193688317453965,-5.11418172835897,-0.2655821042315859,5.722068893173784,10.428504074663426
validation,2026.8.10-8.20/log_22_2026-8-20-07-09-54.ulg,3,D1_lp12,1,1527,0.3726296517131597,2.1992428483298205,-9.064705360512429,-6.056792614152147,0.2509463189658503,6.1654311012353284,7.720014184975916
validation,2026.8.10-8.20/log_22_2026-8-20-07-09-54.ulg,3,D1_lp12,2,1527,0.011783428514259344,8.160043022947841,-16.968042687472238,-14.25412949873596,0.5057704991314003,13.605055076859218,15.257283796220689
validation,2026.8.10-8.20/log_22_2026-8-20-07-09-54.ulg,3,D1_lp12,3,1527,-0.012944751838737511,13.617697366527485,-39.72060687376458,-29.729127212540206,-0.16071580769321575,28.35465867407525,37.797056440158045
validation,2026.8.10-8.20/log_22_2026-8-20-07-09-54.ulg,3,D1_lp12,4,1527,0.021705882723968714,13.748664240085963,-38.827342297433276,-26.646386318682033,-0.24378482987911784,25.584561501904677,29.112527596988883
validation,2026.8.10-8.20/log_22_2026-8-20-07-09-54.ulg,3,D1_lp12,5,1527,-0.024022575043408687,2.288107713949118,-8.202338565976953,-5.722885144622901,-0.03474805735847406,5.84793069935364,7.271471030483967
validation,2026.8.10-8.20/log_22_2026-8-20-07-09-54.ulg,3,D2_center2,0,1527,-0.028476135085638576,2.1647466854382564,-7.67048607966725,-5.063728954239329,-0.2622114657090281,5.677164507257788,10.596060102457626
validation,2026.8.10-8.20/log_22_2026-8-20-07-09-54.ulg,3,D2_center2,1,1527,0.3710949984476525,2.210807576393622,-8.769767714743006,-5.7874378804043785,0.26113222063376196,6.201627566911014,7.774169359212639
validation,2026.8.10-8.20/log_22_2026-8-20-07-09-54.ulg,3,D2_center2,2,1527,0.01401645275064486,8.190539435738659,-17.313220170724307,-14.536830903400464,0.7132788698277561,14.268385422321764,16.681345519921802
validation,2026.8.10-8.20/log_22_2026-8-20-07-09-54.ulg,3,D2_center2,3,1527,0.0047552700091019,15.509856391903128,-48.36228443486426,-34.24083376765893,0.3382715517970878,36.53381431335734,56.55832910444473
validation,2026.8.10-8.20/log_22_2026-8-20-07-09-54.ulg,3,D2_center2,4,1527,0.012355129123617742,14.311280166243534,-44.70081534085292,-27.962116101856736,0.3561048661304859,26.27016583494218,32.24771645555543
validation,2026.8.10-8.20/log_22_2026-8-20-07-09-54.ulg,3,D2_center2,5,1527,-0.0252838686400285,2.701077809775895,-8.86754002160911,-6.028722312834054,-0.022467833404572948,7.49063430714591,11.67543781173872
validation,2026.8.10-8.20/log_22_2026-8-20-07-09-54.ulg,3,D2_center5,0,1527,-0.022081331443321486,1.7313479024098712,-5.77624301546766,-4.156215131283453,-0.23047981402485732,4.431645844741594,7.778459298699235
validation,2026.8.10-8.20/log_22_2026-8-20-07-09-54.ulg,3,D2_center5,1,1527,0.37166762279871196,1.8974659454499714,-7.397712964843181,-5.379837666219928,0.2614667994076939,5.332597969999835,6.3041691866212854
validation,2026.8.10-8.20/log_22_2026-8-20-07-09-54.ulg,3,D2_center5,2,1527,0.005043374566200945,6.986056542560059,-13.196461962662672,-11.64470774350892,0.05171545218604066,10.728853299445435,12.091160365248722
validation,2026.8.10-8.20/log_22_2026-8-20-07-09-54.ulg,3,D2_center5,3,1527,-0.0065292451177760506,9.412207866358878,-33.72264966491189,-23.60173974728045,-0.1503706971162193,22.154370932917164,27.910138703349556
validation,2026.8.10-8.20/log_22_2026-8-20-07-09-54.ulg,3,D2_center5,4,1527,-0.02380970365852126,7.29068166888531,-19.707772275887905,-14.143374916571158,0.16367943558353376,12.802470240407606,16.243587707344417
validation,2026.8.10-8.20/log_22_2026-8-20-07-09-54.ulg,3,D2_center5,5,1527,-0.022085379320671332,1.5158180289020162,-5.288577648839959,-3.698093302938483,0.09457619100052762,3.160510479181644,3.8954809461239175
validation,2026.8.10-8.20/log_22_2026-8-20-07-09-54.ulg,3,D2_center10,0,1527,-0.021394906801882187,1.3225918229018483,-4.3512029753042345,-3.3028157991030365,0.020734523474784165,3.026206289010553,4.522813406009746
validation,2026.8.10-8.20/log_22_2026-8-20-07-09-54.ulg,3,D2_center10,1,1527,0.3711538499016515,1.4898000637570086,-5.075698811563106,-3.9828109298892063,0.40045768584706753,3.766908074943068,4.7478666955165485
validation,2026.8.10-8.20/log_22_2026-8-20-07-09-54.ulg,3,D2_center10,2,1527,-0.0019962860792871935,3.752550078174987,-6.666511378752107,-6.124254182679901,-0.11201653685624943,7.0125569250609034,7.9547204122976005
validation,2026.8.10-8.20/log_22_2026-8-20-07-09-54.ulg,3,D2_center10,3,1527,-0.0065816536341028005,4.71233743983678,-13.758888599064557,-10.350795737503907,0.2999588279316599,10.586006398482368,17.528413432595418
validation,2026.8.10-8.20/log_22_2026-8-20-07-09-54.ulg,3,D2_center10,4,1527,-0.03615883264334831,3.725382606980218,-15.528007087691222,-8.529198237579921,-0.06968906239023309,8.707793814073938,11.620048757647593
validation,2026.8.10-8.20/log_22_2026-8-20-07-09-54.ulg,3,D2_center10,5,1527,-0.021640027067065557,0.9488933550144611,-3.085487684880496,-2.302016932159542,0.03991290740736885,1.8742191883145136,2.947797598887204
