experiment,bin,horizon_s,n_rollouts,n_valid,n_failed,failure_pct,numerical_failure_pct,position_horizontal_m_finite_count,position_horizontal_m_median,position_horizontal_m_p90,position_horizontal_m_p95,position_horizontal_m_mean,position_horizontal_m_max,position_horizontal_m_rmse,position_horizontal_m_equal_log_rmse,position_vertical_m_finite_count,position_vertical_m_median,position_vertical_m_p90,position_vertical_m_p95,position_vertical_m_mean,position_vertical_m_max,position_vertical_m_rmse,position_vertical_m_equal_log_rmse,position_m_finite_count,position_m_median,position_m_p90,position_m_p95,position_m_mean,position_m_max,position_m_rmse,position_m_equal_log_rmse,velocity_m_s_finite_count,velocity_m_s_median,velocity_m_s_p90,velocity_m_s_p95,velocity_m_s_mean,velocity_m_s_max,velocity_m_s_rmse,velocity_m_s_equal_log_rmse,attitude_deg_finite_count,attitude_deg_median,attitude_deg_p90,attitude_deg_p95,attitude_deg_mean,attitude_deg_max,attitude_deg_rmse,attitude_deg_equal_log_rmse,body_rate_rad_s_finite_count,body_rate_rad_s_median,body_rate_rad_s_p90,body_rate_rad_s_p95,body_rate_rad_s_mean,body_rate_rad_s_max,body_rate_rad_s_rmse,body_rate_rad_s_equal_log_rmse,frequency_hz_finite_count,frequency_hz_median,frequency_hz_p90,frequency_hz_p95,frequency_hz_mean,frequency_hz_max,frequency_hz_rmse,frequency_hz_equal_log_rmse,phase_rad_finite_count,phase_rad_median,phase_rad_p90,phase_rad_p95,phase_rad_mean,phase_rad_max,phase_rad_rmse,phase_rad_equal_log_rmse,velocity_x_m_s_finite_count,velocity_x_m_s_median,velocity_x_m_s_p90,velocity_x_m_s_p95,velocity_x_m_s_mean,velocity_x_m_s_max,velocity_x_m_s_rmse,velocity_x_m_s_equal_log_rmse,velocity_y_m_s_finite_count,velocity_y_m_s_median,velocity_y_m_s_p90,velocity_y_m_s_p95,velocity_y_m_s_mean,velocity_y_m_s_max,velocity_y_m_s_rmse,velocity_y_m_s_equal_log_rmse,velocity_z_m_s_finite_count,velocity_z_m_s_median,velocity_z_m_s_p90,velocity_z_m_s_p95,velocity_z_m_s_mean,velocity_z_m_s_max,velocity_z_m_s_rmse,velocity_z_m_s_equal_log_rmse,body_rate_p_rad_s_finite_count,body_rate_p_rad_s_median,body_rate_p_rad_s_p90,body_rate_p_rad_s_p95,body_rate_p_rad_s_mean,body_rate_p_rad_s_max,body_rate_p_rad_s_rmse,body_rate_p_rad_s_equal_log_rmse,body_rate_q_rad_s_finite_count,body_rate_q_rad_s_median,body_rate_q_rad_s_p90,body_rate_q_rad_s_p95,body_rate_q_rad_s_mean,body_rate_q_rad_s_max,body_rate_q_rad_s_rmse,body_rate_q_rad_s_equal_log_rmse,body_rate_r_rad_s_finite_count,body_rate_r_rad_s_median,body_rate_r_rad_s_p90,body_rate_r_rad_s_p95,body_rate_r_rad_s_mean,body_rate_r_rad_s_max,body_rate_r_rad_s_rmse,body_rate_r_rad_s_equal_log_rmse,variable
A3_dynamic_delta,0,0.2,234,233,1,0.4273504273504274,0.0,234,0.029969710939434627,0.05685855403553988,0.0666266318606169,0.032934619086117806,0.15114383215928962,0.03921407984311051,0.03875191198158504,234,0.03385114669799805,0.08028526306152345,0.09594784975051879,0.04034336535339682,0.17872929573059082,0.050682922224765316,0.05067641677607807,234,0.05093866861188773,0.09014004389948259,0.1176350447056971,0.05694507599153391,0.1821114716407171,0.06408199952547873,0.0641696861100762,234,0.2544743025171098,0.4842027811950536,0.5542783090461951,0.2845323928960715,0.8462897420640609,0.32093703079142133,0.3212754906325491,234,3.02572310125114,5.0444842688392075,5.72132522318802,3.2456563388636943,9.264583389027186,3.57218729309128,3.5775511947693914,234,0.6291860321024627,0.9467982330085458,1.066543683995289,0.6511244029643904,1.5902976596249783,0.6973810877756431,0.6970881593967497,234,0.1517488956451416,0.30568041801452644,0.34395999908447267,0.1616811762508164,0.4448277950286865,0.19203047817593263,0.1922469513626254,234,0.1857518940291385,0.3605990789290595,0.43904352902992444,0.20175992296044626,0.6454494701388427,0.2369330059498684,0.23742213485510652,234,0.08656692504882812,0.23969452381134035,0.30023322000633923,0.11338337185060303,0.5006504058837891,0.14674358466604834,0.14563362643573088,234,0.09098029136657715,0.22059984207153327,0.2715523958206177,0.11204468489138998,0.534029483795166,0.1430893561175168,0.1436706582652909,234,0.16494554094970226,0.39145361185073857,0.49016954004764546,0.19522255318812454,0.8145759105682373,0.24696626137682545,0.24446488774842975,234,0.30299533158540726,0.6656939685344696,0.7645740464329719,0.34735848429527244,1.390955537557602,0.4277754720132363,0.4254620026783348,234,0.4351017754524946,0.7532094433903695,0.8547936215996742,0.42522369752365413,1.2635402232408524,0.5018326500434774,0.5002831427897065,234,0.1443292573094368,0.3459905816242099,0.4368915200233459,0.17663355080140197,0.7287485264241695,0.22696369419211673,0.22852114102264598,vertical_speed
A3_dynamic_delta,0,0.5,234,232,2,0.8547008547008548,0.0,234,0.11329443652509957,0.2053150412651921,0.2554809244906259,0.12394733334887921,0.43337587164495545,0.13933873184940992,0.1389907703072558,234,0.06035137176513672,0.1892776489257814,0.22596845626831047,0.08141969615577632,0.3914813995361328,0.10874844793826631,0.10874977478043375,234,0.1411909211413751,0.27122550008164625,0.30345075989339443,0.15837606697035628,0.49251154132045577,0.17675267217890536,0.17652452915265976,234,0.6476222721832816,1.0795665711831892,1.2230692860480006,0.6709055611436663,2.4047202271929766,0.741500650389162,0.7384911853920817,234,6.073330069771178,10.240136936278558,11.794016337681496,6.462127563139637,17.7279917951336,7.062175240940125,7.0504082535013595,234,0.6044743185863276,1.0013025526460597,1.1366017884721997,0.6330006272252302,1.595828316620024,0.6885930783037507,0.688492405146793,234,0.14740264415740967,0.32190780639648453,0.35480122566223143,0.1629935421495356,0.4784517288208008,0.19435242429326463,0.19382197524249714,234,0.21724364424265374,0.5396303479320075,0.6572777593277727,0.2757815059174291,0.944171635342059,0.3411941879210896,0.3402679104143989,234,0.2454093098640442,0.4724828183650972,0.627588751912117,0.25441045928587264,0.9722833931446075,0.3108002667581839,0.30649308512790924,234,0.23149120807647705,0.506894087791443,0.606807255744934,0.25734322771238977,1.2214007377624512,0.3201126417683634,0.31798445740229153,234,0.4284380376338959,0.8842744961380958,1.1479569524526596,0.4813414787969146,2.0488911867141724,0.5922451395247338,0.5905371463516376,234,0.30631149373948574,0.7745602548122408,0.9242300562560557,0.373058423312365,1.474343966692686,0.4698749669125265,0.4704419893235416,234,0.3757591247558594,0.7133390802890065,0.8061800468713045,0.39478179708801797,1.1188827455043793,0.45618894134480237,0.45535585058261424,234,0.1328467521816492,0.33049867600202565,0.4368026599287987,0.16529113287653407,0.7673487663269043,0.21276652168867172,0.21068247562457015,vertical_speed
A3_dynamic_delta,0,1.0,234,229,5,2.1367521367521367,0.0,234,0.4100614830434248,0.6915122170927355,0.7689470646002715,0.42210093679917365,1.4340856659922387,0.4696367209053546,0.4671302368815503,234,0.21111154556274414,0.48084495067596444,0.6188059806823729,0.24694997377884695,1.3466529846191406,0.3193448995132942,0.31306211435407616,234,0.4833221419982819,0.7808739783124521,0.8711737638553451,0.5199498551506809,1.6835134416559254,0.5679258881825073,0.5630437235544047,234,1.0178389035037803,1.688921816871162,1.9676253986221464,1.068401798249361,3.461467250920485,1.1832474824125945,1.1768979303082827,234,9.810807292304705,16.467099651756214,19.36141516788524,10.502748001454282,32.83411931150642,11.54747905722693,11.496842519594853,234,0.641546372941072,1.0132795890052895,1.1898927237852464,0.6578584814628248,1.6432733536308792,0.7195441815709209,0.7194020291486457,234,0.14453661441802979,0.3051543712615967,0.33171907663345335,0.15582066723424146,0.49617433547973633,0.18795247146378988,0.1879204629662143,234,0.41863161592223364,0.9644339809208475,1.1781533472834733,0.4859609177999395,1.720671129741575,0.6004493968776003,0.5997874161564758,234,0.4383641481399536,1.0188075393438343,1.1891278386116026,0.49967746452913964,2.5050747394561768,0.6306706147878051,0.6243136276570688,234,0.44825220108032227,0.9696600437164308,1.213473685085773,0.5019085603113421,2.0117231607437134,0.6236015233765451,0.6185689244552599,234,0.4707379974424839,1.3133140146732336,1.5714258978143332,0.599069787732636,2.6536220610141754,0.7832306941900118,0.7815864850409688,234,0.34333882108330727,0.7606623396277429,0.9827442187815905,0.3983385064649101,1.4032111167907715,0.49872036119637564,0.49883227362999644,234,0.3756246715784073,0.7660712467506529,0.8354932326823473,0.39465237432955486,1.1384894251823425,0.46821079709222785,0.46604126336139295,234,0.13864337955601513,0.36829121708869933,0.4639251984655856,0.17150345732334554,0.6631145179271698,0.22316021161260718,0.22346882260348422,vertical_speed
A3_dynamic_delta,0,2.0,234,223,11,4.700854700854701,0.0,234,1.527688227351737,2.63614199833946,3.017861322712881,1.586368609996977,5.462075255380207,1.795007230619895,1.781418876589895,234,0.532132625579834,1.3403182029724126,1.6889962196350097,0.6466505975804777,2.5748138427734375,0.8233262924323619,0.815845465460173,234,1.7114118665306728,2.852497752078634,3.3569059679098294,1.8027294402950949,5.5459139173813785,1.97482078725846,1.9596369173898438,234,1.7468879912910795,3.165652418883204,3.7190103425134775,1.9326748010895827,6.481823995394576,2.172869142763149,2.160977314097739,234,14.982558389933299,29.980571513155088,36.40301794632643,17.132902099502,58.144959145482666,19.57921885631636,19.42445957970358,234,0.6820758357612984,1.1183937668942694,1.2231723507686703,0.7307520693055941,1.6908590420827023,0.7885817378263034,0.7890996501927086,234,0.12874174118041992,0.32551651000976567,0.35041060447692873,0.15941410390739766,0.4777836799621582,0.19208486707129357,0.1918800604000259,234,0.7596653103308527,1.8377449429765789,2.1594848492512067,0.8903591112083257,3.05520090745258,1.1108828564151711,1.1028314576847502,234,0.8823497295379639,2.0447907567024233,2.678123453259467,1.0894388429866309,5.1177544593811035,1.4246447032646121,1.3962411249216877,234,0.9243423938751221,2.5129650831222534,2.9533659338951113,1.1240677633641176,4.034805536270142,1.4246922944793963,1.4146890814814777,234,0.5747383534908295,1.3027023360133176,1.571915256232023,0.6610014716314518,2.3779760003089905,0.8136336073954793,0.8117074505361039,234,0.34791865199804306,0.8634844869375229,0.9897404968738556,0.4116357439710026,1.4972738921642303,0.5123680725362165,0.5132214050113467,234,0.42790643498301506,0.8328009650111199,0.9282848546281457,0.46526979468464374,1.4556909203529358,0.5349837864247522,0.5341671322671468,234,0.17205047979950905,0.45650564134120947,0.5450138311833143,0.21013779640814656,1.0423222025856376,0.27043014577023394,0.26967749400602703,vertical_speed
A3_dynamic_delta,0,3.0,234,204,30,12.82051282051282,0.0,234,3.274369250092101,6.574896866383978,7.4080108566173015,3.658445706536767,12.901815427581537,4.235229753011573,4.201326729035298,234,0.7959518432617188,2.0236483573913584,2.276408767700195,0.9425447109418038,3.380796432495117,1.19106047101328,1.1824679649674734,234,3.391211806645843,6.684166675698447,7.673578186215003,3.8889180292459975,12.92994227678832,4.399522258882758,4.365918524802417,234,2.323807639905421,5.438287147294754,6.156523818166537,2.8778777809452616,10.461649588915783,3.3995625351220573,3.374405243206163,234,20.533075228504245,47.47825963002387,52.86299136570938,24.687812326267128,97.75089338592052,29.5888168591524,29.290452620169894,234,0.6954390360931475,1.146266217244113,1.3398116211371058,0.725828807904969,1.9572823967249944,0.7998993431731445,0.79456805368973,234,0.152726411819458,0.31961798667907726,0.3634995698928833,0.1663153008518056,0.48187708854675293,0.19732457489847977,0.1977780071653634,234,1.1275250417468357,2.362329294062281,2.6710674688592717,1.2447000402823805,3.1121057665203584,1.4653923393874249,1.4429257374303466,234,1.2932290136814117,3.798062121868135,5.146819582581519,1.7647337693657377,9.663125276565552,2.384711094549763,2.3436220794396254,234,1.3748649656772614,3.877846575807783,4.970686063170432,1.7277358495749724,8.622092247009277,2.3001919540097493,2.2918449227819346,234,0.5353588536381721,1.3194970279932026,1.5599302306771277,0.601169539983663,1.9868673048913479,0.7611145777381952,0.7514473731101052,234,0.3917447105050087,0.9039889037609109,1.1416261345148087,0.4571920373973548,1.8973645716905594,0.5796209438592118,0.5734536974750964,234,0.4154460309073329,0.7121822133660316,0.8460850402712822,0.42339438363202275,1.1367971301078796,0.48947601243357225,0.48720637861846205,234,0.13073603063821793,0.4136111356317998,0.5109200321137904,0.18920597813886184,1.1052586063742638,0.25355818642022543,0.250026005796431,vertical_speed
A3_dynamic_delta,0,5.0,234,182,52,22.22222222222222,0.0,234,7.956144433872819,19.091815323994975,22.62187896146083,10.052873155080649,36.65778403647614,12.114806130733593,11.99710128667748,234,1.1098051071166992,2.7474094867706302,3.389315795898437,1.392455031729152,4.788150787353516,1.751779626367051,1.7381297273634366,234,8.108829340780595,19.319847302944584,22.64811119767195,10.265790076784922,36.673866808837076,12.240803055543982,12.12730710376698,234,3.295709479998704,8.611776329333347,10.75069278611202,4.3525649704541385,14.77831607233261,5.308048330927198,5.25189189664358,234,30.182268003657384,79.62896808809316,94.7875149653733,38.926271365904306,175.79332518430206,48.55406980008347,47.76114137642587,234,0.7221468625372021,1.1704213338384286,1.4406438081992814,0.7510286548376355,2.0762505067134285,0.8290040385250771,0.8198727145469586,234,0.152388334274292,0.3175243854522705,0.37139477729797354,0.16846864243857881,0.4590930938720703,0.20146795591582056,0.2017606773931743,234,1.808530171874132,2.8850781683648994,3.0314226337011245,1.7002163694073025,3.1221747513077887,1.9163281634777254,1.9111370122573075,234,1.9060218334197998,6.278824901580811,8.069946980476379,2.6947760455604866,12.08079481124878,3.667729213789638,3.61853275215079,234,1.98997163772583,6.2734330952167525,8.106657880544663,2.7597063346049535,12.638341903686523,3.765533994195075,3.7303173385434354,234,0.49004584550857544,1.3062191769480707,1.443896054662764,0.5832164921821692,2.029400944709778,0.7374911771230441,0.7368274025182511,234,0.3383218813687563,0.9059168878942733,1.184002137929201,0.430769122521899,2.0348849929869175,0.568193025136644,0.556869995716627,234,0.4433329217135906,0.8201501980423929,0.9314560156315564,0.4541699962877533,1.1917493790388107,0.5315703213018869,0.5269838083299978,234,0.19098115526139736,0.44910274371504794,0.5365994349122046,0.2290624470099743,1.095855113118887,0.28607232579885306,0.2852649689234859,vertical_speed
A3_dynamic_delta,1,0.2,265,264,1,0.37735849056603776,0.0,265,0.03255086748142318,0.06438749275962008,0.07970893290802904,0.0357541155356906,0.18231686816916662,0.043248382894494335,0.04312791171933407,265,0.03435516357421875,0.06772727966308593,0.07998390197753895,0.03724215480516542,0.1189727783203125,0.04407187009171445,0.04353478963843698,265,0.05400927633050929,0.08846296024503027,0.09981163722732932,0.05652447341714494,0.18255540087259217,0.06174748866447723,0.06135455102826257,265,0.36223889187749014,0.5614363695839487,0.6715382304632153,0.3721267169661191,0.8313665249176064,0.4023424256877776,0.40241879500644673,265,2.5167873956918725,4.475787438124875,5.146771518507859,2.7272548793824662,9.450087732257767,3.042289204730148,3.00838215723442,265,0.5267289311767475,0.9238161495937605,1.0662294739614122,0.5617478063404727,1.665204489284716,0.6318759619151524,0.6311644053300931,265,0.1313190460205078,0.28126955032348633,0.32804737091064423,0.14683492858454866,0.4318861961364746,0.17646099922784905,0.17628195269902558,265,0.15523211168534345,0.32687053571759606,0.3745692799753028,0.1715988610497228,0.5789651575541512,0.20543469995615288,0.2056730820985933,265,0.1281414031982422,0.2764662742614746,0.32721023559570306,0.14382486447410764,0.5547483563423157,0.17674755426035904,0.1762749028066063,265,0.13478469848632812,0.28619308471679683,0.3297583818435669,0.14509076926646367,0.5316498279571533,0.17779023129379187,0.17719625842619988,265,0.24477803707122803,0.47614550590515137,0.5910572022199628,0.263401507898146,0.7169561982154846,0.3146909010883636,0.31522221104565185,265,0.28045880794525146,0.7228763878345489,0.8906749844551086,0.33424597044150295,1.4998459815979004,0.4335138177903063,0.4332465790586119,265,0.2959817349910736,0.6758859515190124,0.7784287750720974,0.3445907740871299,1.429443359375,0.42847731107538156,0.4263963268265991,265,0.11052817106246948,0.270769053697586,0.32109696567058554,0.13093328537542442,0.5882274508476257,0.16655387994484813,0.166444704556881,vertical_speed
A3_dynamic_delta,1,0.5,265,262,3,1.1320754716981132,0.0,265,0.12563521159575117,0.2312658870851172,0.27087566181380657,0.13626979067009426,0.4741611705348054,0.15458875024600544,0.15419941316357252,265,0.06754493713378906,0.17494544982910154,0.20469779968261717,0.08207658056942922,0.286598801612854,0.1023784671954962,0.10156656492314016,265,0.15677719644165877,0.26960473135366547,0.3021939576420014,0.1700982463388384,0.5139863588919548,0.18541583602249603,0.18475662489702144,265,0.6039070448764344,0.9786186370828248,1.125327431755176,0.6430546464557632,1.7084460624047535,0.6963039182090552,0.696156892686108,265,5.43624977947424,8.842329534961433,10.273779678370731,5.740848666410725,17.2238334649491,6.254637479207986,6.247981169544225,265,0.6070827625967007,1.0431778813601642,1.1781899404066951,0.6302909542700115,1.6721764890734714,0.6953732122961398,0.6968041334974293,265,0.12160634994506836,0.2990901947021484,0.3582003593444823,0.14255631284893683,0.5104284286499023,0.17881323416098144,0.17704104939779014,265,0.22596985080645735,0.5319275736471555,0.6461755713669645,0.27113608881476003,0.979349915499995,0.33312464698451505,0.33264453378682407,265,0.2501945495605469,0.5090399742126465,0.5951759338378904,0.272802830192278,1.3118205070495605,0.3275314813874316,0.32664875283553113,265,0.26677560806274414,0.5350098609924316,0.6068949699401855,0.2992909766663358,1.4351223558187485,0.36272064713889657,0.36051579000066153,265,0.3749612420797348,0.8073589570820331,0.9142191380262374,0.40538975661444776,1.3803800344467163,0.49597984571207865,0.49590623036463244,265,0.32627323269844055,0.830773714184761,1.0101729527115817,0.3902759832444267,1.49746435880661,0.4940638468918334,0.49403012968796994,265,0.3677472621202469,0.706098073720932,0.8097979933023453,0.38054661779787463,1.1059113889932632,0.4544011103211975,0.45547292129303985,265,0.11897241906262934,0.3136444129049778,0.3524751484394073,0.14451084408743245,0.6301959753036499,0.18156114813571247,0.1815248464023136,vertical_speed
A3_dynamic_delta,1,1.0,265,254,11,4.150943396226415,0.0,265,0.4311175367436443,0.6967148660951624,0.8080327195416747,0.44672916228163234,1.4769423624711977,0.4962017792603398,0.4934074559956942,265,0.19531631469726562,0.49176254272460934,0.5827220916748047,0.2361776626335,0.9715938568115234,0.30554835666559527,0.3044000668057492,265,0.4962343838465454,0.8032600612957114,0.9424234812237201,0.5351365942097965,1.551279467051683,0.5827315024967956,0.5803981004635952,265,1.0403690267093253,1.6963485685408215,1.9789972368108504,1.0772045661286789,2.607097627001928,1.1717968637265548,1.1716360782321467,265,8.913639101233713,15.720871859857413,17.46932714756141,9.762291318852492,29.807907319941705,10.748741641321114,10.740026514253994,265,0.6271735806110202,1.058025676549123,1.1600407480781671,0.6517281672336088,1.6738925188349674,0.7169534812785101,0.7115772332190065,265,0.14066600799560547,0.3456770420074463,0.3933682441711425,0.16446464106721698,0.5174524784088135,0.20283343607776996,0.2036226640449815,265,0.44072327918186716,1.0101452151292305,1.1387668165789149,0.48364961631346587,1.6330035655336346,0.5944036563658636,0.5921659126289006,265,0.43566977977752686,0.9846591472625732,1.116432762145996,0.5035844187287368,2.2816739082336426,0.630156166765761,0.627295033478958,265,0.48044347763061523,1.0662963926792144,1.2725076675415035,0.5430071112682234,1.9576085805892944,0.6737208909512697,0.6654654984489226,265,0.5112122595310211,1.1740094654262065,1.3783103764057156,0.5918439192802839,1.8426681086421013,0.7225726651502253,0.7257635989982639,265,0.28701406717300415,0.8745730116963386,1.0023885652422906,0.3852524023573354,1.6583000868558884,0.5027684728277958,0.492188387564945,265,0.38279505632817745,0.7273529052734374,0.8340781837701793,0.39237873403416984,1.2640193402767181,0.4657427745877947,0.4653516765540009,265,0.13400478288531303,0.3378442324697971,0.4263864859938621,0.16059661311040332,0.6467367634177208,0.21054649122472582,0.21021089957056743,vertical_speed
A3_dynamic_delta,1,2.0,265,230,35,13.20754716981132,0.0,265,1.4197237969633516,2.9309296744714035,3.401237419904524,1.608124787704571,6.058345477589944,1.8389537554752917,1.8205956881825507,265,0.43312835693359375,1.2133472442626954,1.3656715154647827,0.5554053864389096,2.6374683380126953,0.723956610209818,0.7209353266713495,265,1.573032114493436,3.051499372906739,3.585760902671686,1.7706050514780085,6.130891352757494,1.9763259063836534,1.9604361871279614,265,1.5236214117643725,3.4029918081538657,3.7219423587391565,1.8334473852475683,7.8021125233838555,2.1338811185011908,2.113970320917202,265,14.091921529787177,27.399820764083298,32.356251055489956,16.161027400690344,80.45580060610713,18.838549216699505,18.780517554266016,265,0.6636272579784694,1.1661907854494318,1.3297768293360002,0.7135537724475695,1.9116071752229102,0.7941600736723761,0.7910676280424582,265,0.1453249454498291,0.3368417739868164,0.37291855812072744,0.16521479408696013,0.5402572154998779,0.20187741078565255,0.2011340242740128,265,0.6624699332669479,1.4725378227710735,1.7270356821455972,0.721263329880153,3.1050807692991,0.9019894753328676,0.8880139572632922,265,0.7568516731262207,2.022759437561035,2.7394188404083213,0.9875905122678235,7.095016717910767,1.376264857982899,1.3421860163279506,265,0.91811203956604,2.3986459612846374,3.180691528320312,1.120691074683981,5.126070857048035,1.469618289342005,1.4566055183802067,265,0.4545210599899292,1.1665406703948973,1.339650273323059,0.5592495428837555,2.5465504229068756,0.706799654929658,0.7022090528484236,265,0.36997610330581665,1.0293868031352758,1.274799937009811,0.46371754169253243,1.745638897176832,0.6036366698932967,0.5959961852064659,265,0.36304354295134544,0.7243933480232954,0.8242325808852908,0.37920808457541016,1.0651035606861115,0.4529043302398238,0.4528519186395532,265,0.13661842048168182,0.418703718483448,0.506409667432308,0.18812611151908365,0.9477398693561554,0.24736746153336686,0.2467131255042419,vertical_speed
A3_dynamic_delta,1,3.0,265,209,56,21.132075471698116,0.0,265,3.0175894041743287,6.8266238862899415,7.642169977411889,3.6227011514780743,15.076209778044216,4.239326114927908,4.198267358380585,265,0.6295795440673828,1.8174862861633299,2.0155101776123043,0.7808690952804853,3.0566444396972656,0.9994396270674217,0.9949216917515467,265,3.234470063665205,6.902254551256506,7.837525546630685,3.7829681216993847,15.079505870986184,4.355544222811016,4.3164139544623445,265,2.35032905668241,5.352065767642699,6.157967211269032,2.812997136162426,12.379255364027006,3.373732180367082,3.3507819863458805,265,20.014969074133717,45.49184974166442,54.67102377135622,23.643962842119368,117.7807876623019,28.747309705328608,28.55952825308871,265,0.6898871791438635,1.202622259782383,1.3464730480662692,0.729140514195123,1.8265053444471606,0.80395991081392,0.7996282746636568,265,0.1459054946899414,0.3486876487731933,0.39084324836730944,0.17055217455018243,0.5212125778198242,0.2096440645246624,0.20769715686416265,265,0.9293347901253313,1.829381227824193,2.143309336251806,0.9715761696899945,3.131953312929298,1.179187107706226,1.173806342098195,265,1.2377209663391113,3.5137839913368225,4.419731283187866,1.6040835848350499,11.783040761947632,2.2671968018327044,2.218518678153486,265,1.4426937103271484,3.7493588685989376,4.959688949584961,1.8092834472726538,7.902731746435165,2.3853288963856403,2.371319228639513,265,0.48940277844667435,1.158355748653412,1.368052142858505,0.6021048363596904,2.2639926075935364,0.7430299742753619,0.74511575676031,265,0.33279668912291527,0.9409897327423095,1.1935593783855436,0.4417648283422064,1.6518076062202454,0.5680921668050143,0.5544901122780976,265,0.3753812089562416,0.7781734526157379,0.9407063528895377,0.4221842742366892,1.2003315687179565,0.5037063347267733,0.505193567593951,265,0.1772889569401741,0.453915575146675,0.5305661112070081,0.20916467312139125,0.8327757585793734,0.26439129442330317,0.26487463913893994,vertical_speed
A3_dynamic_delta,1,5.0,265,167,98,36.9811320754717,0.0,265,8.169659878116395,19.910770433184844,22.768387639120157,9.855677451617744,42.55027048476041,11.89817988842244,11.820407045067483,265,1.005605697631836,2.4635799407958983,3.006567001342772,1.1832159020990696,4.139636993408203,1.475403704065104,1.466851188639719,265,8.244224577921225,19.966115910396947,22.877865929991295,10.00468364192041,42.68031676105594,11.989307767641519,11.911705620627627,265,3.372753913340656,8.20057388648421,10.962031387583387,4.264341325779026,15.677680849946356,5.209197853584146,5.18042358173776,265,27.74846260920628,72.70918068543591,105.15846132116769,37.2909270523596,154.23854796396154,46.86583206708474,46.58810767210139,265,0.6694971717995468,1.1962720361972863,1.3309065235557123,0.7114455280940449,1.7169178122838755,0.7856737417072646,0.7813959158616397,265,0.14603328704833984,0.32973246574401854,0.36222357749938955,0.16221695396135438,0.4585883617401123,0.19655810394262607,0.1952707377642978,265,1.2953615011933126,2.5345994272845984,2.8052191488041074,1.3347174443015886,3.10830682560249,1.5646641087441246,1.5550452349645738,265,1.833024263381958,5.929804947972298,7.435959410667419,2.573214197273911,15.662912845611572,3.555564129326065,3.502284722528651,265,2.1219773292541504,6.154035627841949,8.15995240211486,2.785676142847482,12.0814208984375,3.7426742983281565,3.7006077135923974,265,0.47134506702423096,1.1464702308177948,1.3142192512750623,0.570066467064591,2.0084961652755737,0.6972052041324014,0.6887711165962983,265,0.3665384352207184,0.9301907405257225,1.222566153109073,0.4400825622408071,1.7002130020409822,0.5675215142789818,0.5570195159513752,265,0.4337894693017006,0.7374702714383602,0.8328427284955977,0.4158659481083236,1.1135714799165726,0.4821879820136585,0.4838585540935518,265,0.14903313666582108,0.4334810689091681,0.5347465693950653,0.18575604221935138,0.8624580949544907,0.25039430752391467,0.24873463869466841,vertical_speed
A3_dynamic_delta,2,0.2,223,219,4,1.7937219730941705,0.0,223,0.03074453196384956,0.05966012182048312,0.0651768043937566,0.03401528077033638,0.12270362435127487,0.03971982958262569,0.03890496094754424,223,0.034229278564453125,0.06852378845214845,0.08489418029785152,0.03763251240477968,0.14978599548339844,0.04580446794306125,0.04481610684767788,223,0.05074359369908219,0.08658022261640666,0.10256450655114183,0.05466820865429273,0.16899790190402716,0.06062766815258321,0.05952550360048001,223,0.35992394309787107,0.545607949844176,0.6282358658901486,0.3715633533422486,0.9692378576018541,0.4000031455638037,0.39858477335967246,223,2.639967317005055,5.055790806725234,5.794381818980036,2.8756232879308783,8.30056356323573,3.245571759730497,3.226538237352686,223,0.5953623431653414,0.9906055443289741,1.0727049466542553,0.613963193347071,1.669319557569194,0.6764767173930017,0.6731177480750866,223,0.12275099754333496,0.3072556495666504,0.34073255062103264,0.1454113475944964,0.4828939437866211,0.18095234785117678,0.18229951797818056,223,0.12966380067194194,0.3378825564743409,0.4281572418301005,0.15886979466501983,0.6345224170935779,0.20177008333952098,0.20211301429913214,223,0.14770269393920898,0.2857942581176758,0.32512607574462865,0.15369668121829697,0.595703125,0.1833249476000214,0.18084315528593728,223,0.12476706504821777,0.29798431396484376,0.3693661451339719,0.1520570688818335,0.45743417739868164,0.18455670931620188,0.18265450273452496,223,0.2213282659649849,0.4616151988506318,0.5323002353310584,0.25200301009092496,0.8641829490661621,0.30386395162105345,0.3032220409675228,223,0.31188688427209854,0.6697965621948242,0.8023717604577539,0.36499940091717964,1.5748906433582306,0.44593332594362683,0.4347551795585183,223,0.3487405553460121,0.7884461119771004,0.8889677353203294,0.3952063421004623,1.3031104505062103,0.4789043807793445,0.4797927813401829,223,0.10164680704474449,0.2815219670534134,0.35598843693733195,0.13222975905247517,0.5206619948148727,0.1715074693942478,0.17027693605155392,vertical_speed
A3_dynamic_delta,2,0.5,223,217,6,2.690582959641256,0.0,223,0.1291023887578677,0.21294490682280107,0.24118976318999133,0.13591476175897593,0.3615213152367432,0.14935413032467038,0.14747264688020265,223,0.07327461242675781,0.18475685119628907,0.21960644721984854,0.08818134331382443,0.40142822265625,0.11299267269564109,0.11031522287481783,223,0.16907692437540672,0.2637948086089318,0.29148939193100126,0.17339459115423775,0.4408705167945169,0.18728053910629075,0.18486724649264583,223,0.5840673114039077,0.9943628817304943,1.0913634497873235,0.6306745625537982,1.8191484472119266,0.6842577084558538,0.6789672852870036,223,5.732936049906614,9.430212516653434,10.554921966569998,5.960676867330485,12.54533455002371,6.514196677706304,6.484888046153364,223,0.5866420781235976,1.033726566475528,1.158390133954964,0.6298013496261491,1.8448378643920702,0.6980382776506953,0.6967834792432828,223,0.1451244354248047,0.31655559539794925,0.35300931930541984,0.1573515440851049,0.45589661598205566,0.1898198209464274,0.18927873216079444,223,0.23256584773506006,0.5240881143609315,0.6027112973399034,0.27217725701121165,0.9355345299151523,0.3348637676562881,0.3361299377333268,223,0.26540184020996094,0.5614355087280274,0.6612053632736206,0.2991510372224677,0.944542407989502,0.3580032417008041,0.35522896499540396,223,0.265380859375,0.5582686424255372,0.6418786756694315,0.2893054987149388,0.9133024215698242,0.3470389656105551,0.3432639393760638,223,0.29187852144241333,0.8137311339378361,0.9305756509304042,0.3636651535073688,1.678073763847351,0.46862164574518733,0.463031425443816,223,0.2946539521217346,0.8113550186157228,0.9335686653852461,0.3799775648244026,1.375047206878662,0.4831893349867572,0.4765507631008168,223,0.33456073701381683,0.678635346889496,0.8403343290090551,0.3759826750258577,1.7926369905471802,0.46278696738555497,0.4572944227886354,223,0.10914276354014874,0.31643224358558664,0.4145832177251574,0.14600643159345528,0.764849454164505,0.19903197340800763,0.19388190570358838,vertical_speed
A3_dynamic_delta,2,1.0,223,206,17,7.623318385650224,0.0,223,0.4424087904521038,0.7375939118224368,0.7854655038307673,0.46141735994104827,1.0815264690779527,0.5023476890355987,0.49698928342359777,223,0.18123817443847656,0.5049400329589845,0.61323184967041,0.22822811624928974,0.8774375915527344,0.2949034841488417,0.28884464324427384,223,0.5180971626433813,0.8231320518374445,0.9228449036789178,0.5431180929523965,1.146045160483763,0.5825128888209535,0.575925272780269,223,1.0777254792039075,1.6846781369436818,2.0627438121128367,1.1016552869230543,2.8833463854021555,1.2017871335909611,1.189372262244132,223,9.0380826893518,16.303470640732563,18.30422313815042,9.826024082605263,30.276942725468196,10.784013950008855,10.651144304492579,223,0.6385145839921593,1.0672122313101509,1.224896949513662,0.6719636961563833,1.9826332946136729,0.7475597036670856,0.74082554203637,223,0.1458146572113037,0.33799219131469727,0.37587723731994616,0.16982375987442086,0.5434970855712891,0.20532676934199004,0.20383897696484995,223,0.40513031854604264,1.01216249596593,1.1551830892373878,0.5017250513247961,1.9593612876904913,0.6258919332925997,0.6227116391355672,223,0.47090816497802734,1.0895671606063844,1.450543951988219,0.5544964502076931,2.038501262664795,0.692253166229868,0.6861950163591344,223,0.46769237518310547,1.2030758380889894,1.318460002541542,0.5527707814602306,1.865241289138794,0.6857668044810176,0.6771091391861735,223,0.46711382269859314,1.1314850717782976,1.3968452811241148,0.552016214179418,2.1727611422538757,0.7034214655392562,0.688362689705935,223,0.3106270730495453,0.9140889093279839,1.1435482844710338,0.39327148692431807,1.738961935043335,0.5194264849731869,0.5053145710704504,223,0.38350797910243273,0.7691169161349535,0.8625610075891016,0.41359095771132964,1.3074848055839539,0.4895560548811383,0.48915181826686494,223,0.13054002076387405,0.3611840382218362,0.46737004416063316,0.16539028640290943,0.9150963425636292,0.22220825003684355,0.21895796599066522,vertical_speed
A3_dynamic_delta,2,2.0,223,181,42,18.83408071748879,0.0,223,1.4689657548806432,2.8612096026349585,3.397999937198247,1.6234841989709603,5.091844796388753,1.8686518808946107,1.8482949313410102,223,0.4994316101074219,1.116526031494141,1.3663768768310536,0.563772769252281,2.097524642944336,0.7077436740857873,0.6975010149022614,223,1.6278222304834025,2.897792287507953,3.523656757248163,1.7921794912807008,5.328975986103718,1.9981894204953181,1.9787182284829563,223,1.7256899246708068,3.3873466320376164,4.000675729141287,1.89913601047228,7.397417769897661,2.193832968751295,2.165892529622288,223,14.450361997153463,28.333830626993308,33.56520821683295,16.260512348954453,55.99147562903463,18.631356140632874,18.346863793054613,223,0.6603252275306517,1.0266285849892594,1.1792450074264018,0.6616471161889589,1.7366071848667612,0.7271872448405954,0.7224788219252384,223,0.16946744918823242,0.3785104274749756,0.4188907146453856,0.18695551504468705,0.5434384346008301,0.22464087757773454,0.2240358110689566,223,0.5822151002559649,1.3125863662111499,1.47567463734702,0.6585318359618145,2.369771966619382,0.821179655127489,0.8174518899095393,223,0.7970070540904999,2.123360288143158,2.836722171306609,1.058940659749067,5.6849987506866455,1.3968061704487107,1.369933077943148,223,0.76970374584198,2.651957750320436,3.0333718657493565,1.0882052213220852,5.119727522134781,1.4821626803595516,1.4597213594826097,223,0.5861702263355255,1.3182979792356493,1.571998408436775,0.6538503726322054,2.265722930431366,0.8154933512456853,0.8061868317027635,223,0.2884586453437805,0.7754779860377313,0.9809132069349284,0.36489885044023146,1.3141994997859001,0.4711835005239303,0.46393595286293954,223,0.38651518523693085,0.7718852147459985,0.8867830650880929,0.4140404952823648,1.3664858490228653,0.49940511380937996,0.4983962588044717,223,0.15529009699821472,0.409350860118866,0.46515710055828074,0.18491295893478726,0.8394738715142012,0.2395452570891597,0.23608410005550878,vertical_speed
A3_dynamic_delta,2,3.0,223,169,54,24.2152466367713,0.0,223,2.9240951493097898,6.360301969718039,8.420239761998202,3.5518767318027016,15.797483844820517,4.264127085139998,4.202127340415221,223,0.72161865234375,1.6274833679199219,2.032040977478025,0.8246710129382899,3.1632862091064453,1.028858710147806,1.0118048195310285,223,3.229860882892257,6.432545308109973,8.43365875883172,3.740786405161558,16.001138519492763,4.386494049200516,4.325185691951897,223,2.282100401587231,5.002863565979146,6.674325948074123,2.702580159580938,13.35603645762139,3.2901886455238136,3.2269953785229704,223,18.09829269158685,42.4241613356624,48.27815204062731,22.65853619096872,107.48988526272544,26.987197038926887,26.40082176789216,223,0.6654881671351106,1.078833088862349,1.158494127309033,0.6895778264514626,1.5443938144376066,0.7477116726850919,0.745898811310206,223,0.1534440517425537,0.35463142395019537,0.40477321147918693,0.1791912846501098,0.5362837314605713,0.21710271540199938,0.21584894053041812,223,0.6721869770152296,1.8350473070513362,2.0828747884868575,0.8328435311281298,3.0169338699760577,1.0762313760020465,1.0523510854442502,223,1.2051801681518555,3.4473827838897706,4.525849080085749,1.6467317211454224,12.16192078590393,2.305371117438253,2.2148905269870593,223,1.232229232788086,3.848192787170413,5.014694249629966,1.6507374412409392,7.92635715007782,2.2427424192716807,2.2191026433889527,223,0.4716365337371826,1.1890963196754456,1.4088401659391814,0.5474087653322471,2.5259382724761963,0.6933338119655907,0.6888941030929151,223,0.30481429398059845,0.8088571645319462,1.1078240072354664,0.3847819779082849,1.402377337217331,0.5007678367428686,0.4938667189080735,223,0.4126638025045395,0.757876880466938,0.8255202800035475,0.4158097704175041,1.3440146073698997,0.48873263486677776,0.4905109144047909,223,0.19024325348436832,0.43407371714711207,0.5376325387507676,0.2095481360073028,0.739035539329052,0.26352368161055767,0.257424751710052,vertical_speed
A3_dynamic_delta,2,5.0,223,142,81,36.32286995515695,0.0,223,8.099907591765422,18.4936369298748,21.530803799043106,9.507324934256065,46.20743460347376,11.661660251002868,11.43353935606794,223,0.9425144195556641,2.3519264221191407,2.795032882690429,1.1550950705336882,4.273697853088379,1.4584144517034086,1.4398993007135297,223,8.173236965787657,18.533684514872814,21.64017487520557,9.690753014058354,46.22888643737427,11.752501543193159,11.525683492892828,223,3.5517023778961625,7.23312767999763,8.87956666934345,3.924973283088959,17.365197284193417,4.7425967870487735,4.620430626431578,223,27.180913353729242,65.01040235336671,75.13546833374133,33.597591712449365,176.39302099155427,41.33299545064176,40.19581780858365,223,0.6627887222709808,1.0792890780915583,1.2239583894086525,0.6969277381732605,2.1267094077361524,0.7656874230551804,0.7638245160058332,223,0.14243102073669434,0.37241811752319337,0.4379634141921994,0.17664403872639609,0.5815448760986328,0.22031580855129648,0.21899399258118635,223,1.110505310584692,2.5149689791334895,2.8093759517504826,1.2182667743671072,3.126709896502256,1.4829304580566647,1.466105208814345,223,1.8334808349609375,5.453627300262452,6.5676294356584535,2.504101339827872,17.099523544311523,3.4325015400596977,3.2877876807447564,223,1.892291784286499,5.6256643772125265,6.3819526553153985,2.4361863599363462,10.009649276733398,3.196399706577873,3.1483447351333353,223,0.4800513945519924,1.1672857664525513,1.3729876577854152,0.5636802601143551,2.073361372575164,0.7022722960519273,0.6887031941318247,223,0.33301509730517864,0.8436376154422761,1.1245477449148882,0.40813243529506676,1.6472088992595673,0.5278759523350851,0.5243067580901632,223,0.37406550347805023,0.7767850324511528,0.8684964343905447,0.41190477801411673,2.1070601074025035,0.5015577789440661,0.4983910073169907,223,0.1573508270084858,0.4019881904125214,0.4439994640648365,0.19070311410367205,0.6500430218875408,0.2367783840469928,0.23557000624244093,vertical_speed
A3_dynamic_delta,0,0.2,283,281,2,0.7067137809187279,0.0,283,0.025883618242962706,0.0528424843851045,0.0617904100924453,0.029831409206023746,0.12353950660569413,0.03516192062645726,0.035272435094920146,283,0.0331573486328125,0.06935844421386719,0.08094444274902343,0.03714046566730674,0.11146926879882812,0.04461036076260228,0.044400422060321194,283,0.05021759797147268,0.08226992949791727,0.09154244179070066,0.05200729094221915,0.13096823642661565,0.05680180410436631,0.056955844160262295,283,0.31921204726339625,0.5210528109858269,0.5653461415951769,0.3297892980030023,0.8462897420640609,0.36181157997840874,0.3627593517264246,283,2.5951652950845827,4.71302253260395,5.353934232461284,2.8305475309731793,7.2624163909849315,3.1395369583119885,3.1606821250475,283,0.5747421479243839,0.9480494384385978,1.059788396891681,0.5985030752490891,1.669319557569194,0.6556419924846602,0.6577154823474726,283,0.15302753448486328,0.30574860572814944,0.35066688060760487,0.16032348757497836,0.4828939437866211,0.191236635194483,0.19077939805162106,283,0.15102497372573964,0.3511892350452072,0.4329444695101933,0.17917519631681317,0.629847572788286,0.21818585764376353,0.21594071357981184,283,0.11176425218582153,0.257727313041687,0.3090045452117919,0.1324525027989999,0.5547483563423157,0.16318455403520923,0.16416120396053197,283,0.11074161529541016,0.2437412261962891,0.2743507385253906,0.1241662358279363,0.45743417739868164,0.1511911382172359,0.14937529335035676,283,0.20714539289474487,0.4562672972679139,0.4964213207364082,0.23298956086865688,0.8145759105682373,0.28534130520374895,0.28584959288041,283,0.29529188573360443,0.7155582129955294,0.8509490042924874,0.3474936059652663,1.5748906433582306,0.43876970504610235,0.4378614520627848,283,0.3338150158524513,0.7312876343727114,0.8324573442339898,0.37072034819749294,1.2635402232408524,0.4501603172698436,0.4486428045509836,283,0.11182243027724326,0.2813118577003479,0.3464684182778,0.14102833950974364,0.7287485264241695,0.18628810213893227,0.18674255549003482,abs_body_yaw_rate
A3_dynamic_delta,0,0.5,283,276,7,2.4734982332155475,0.0,283,0.11351169262318865,0.19012628583613966,0.21618747233411223,0.12025949716330064,0.46158741084614296,0.1334586403000609,0.13372250677354294,283,0.06468772888183594,0.16744327545166016,0.2030241012573242,0.08021111286149851,0.27276039123535156,0.10097050641327454,0.1007975505225283,283,0.1462878670479666,0.23425222226890316,0.26839758658240553,0.1554933525489884,0.5139863588919548,0.167350685197564,0.1679712259307775,283,0.5764848480897085,0.9622017796872792,1.1075777300902758,0.6238852276468945,1.7419481843787827,0.6789900772605459,0.6790588682107495,283,5.567850319764258,8.983701011772162,10.20003698339788,5.766283648702548,17.7279917951336,6.300921382909381,6.335526926923532,283,0.5758735151993799,0.9678070001436561,1.1492356775369212,0.5948814509506336,1.6071029387168665,0.660531237063631,0.6605946308478797,283,0.1480715274810791,0.31613726615905763,0.35702528953552237,0.16111710804511295,0.5104284286499023,0.19430646572035445,0.19480175113902817,283,0.21739387992449366,0.532601470383041,0.6515470715883304,0.2663327095721479,0.944171635342059,0.3273666364194008,0.3278028322746128,283,0.25710272789001465,0.4773584604263306,0.598786115646362,0.26432355287297243,1.3118205070495605,0.3189289343693814,0.32013889208629326,283,0.2310810089111328,0.516968059539795,0.5703655719757078,0.2640552385759543,0.9133024215698242,0.31849366041520333,0.3170468674467763,283,0.3036382794380188,0.8244736462831498,0.9664032198488711,0.39772861572344503,1.5544304847717285,0.5078126112215195,0.5068277645187635,283,0.27737875655293465,0.7361097767949104,0.9110245615243906,0.34876733683230676,1.49746435880661,0.44868811545959153,0.443844495859148,283,0.37355247139930725,0.6644896030426026,0.7290164291858673,0.37323123738934805,1.0966998040676117,0.43971706648118286,0.4408655932670609,283,0.11265836656093597,0.33137763738632203,0.3870758872479198,0.15551703007992146,0.7673487663269043,0.20403281997589018,0.20302666149099108,abs_body_yaw_rate
A3_dynamic_delta,0,1.0,283,260,23,8.12720848056537,0.0,283,0.3972466182453543,0.6469953546757663,0.7381368014989794,0.4112230248208136,1.4769423624711977,0.45335463805551224,0.4544777707449318,283,0.18582534790039062,0.44638862609863283,0.5671117782592773,0.22108783907266893,0.9715938568115234,0.2813899115235631,0.28178605321086014,283,0.46828085886541804,0.7418502002673978,0.8227655449074223,0.4973776540601318,1.551279467051683,0.5335828990453902,0.5350598229950801,283,0.9771468324770706,1.6039780254832672,1.695521590174938,1.0162571594229954,2.765546236572566,1.1019840899426452,1.1040683200399455,283,9.315470933924265,16.158885691757554,18.003125723240633,9.98649545057346,32.83411931150642,11.015981427817897,11.075357563542772,283,0.6323426015750216,1.0450488678716794,1.1985647600656701,0.6509180638467809,1.8673315275582605,0.7182458325343454,0.7194921176509406,283,0.15094304084777832,0.3315925598144531,0.3677920579910277,0.16578010451246067,0.49617433547973633,0.19965440311736588,0.2004977276614679,283,0.3716145942717546,0.9011800240441673,1.1533056137010567,0.44650264414457247,1.7237702345022328,0.5661956696575143,0.5678499709874224,283,0.4466099739074707,1.0330342292785644,1.1282012701034543,0.5063290289593301,2.2816739082336426,0.6267710321296912,0.6270553150172267,283,0.40960025787353516,0.9370875358581545,1.1557680606842038,0.4843973200340416,1.865241289138794,0.6009827974942015,0.600591366905376,283,0.38388267159461975,1.1021250724792482,1.3829123124480245,0.5302562476563606,2.2276331186294556,0.6784885296641686,0.6787574450568858,283,0.3189471513032913,0.8206060290336611,0.9836491510272024,0.3884901219683571,1.6583000868558884,0.49715010753772587,0.4963543368421016,283,0.39421166479587555,0.7400744795799256,0.8092377156019207,0.39985046089691023,1.2174256592988968,0.4702710497024492,0.47212990578277614,283,0.13099582865834236,0.3478272028267384,0.4709006589837369,0.16695904987607096,0.8301729867234826,0.21809169250555843,0.21823691211831941,abs_body_yaw_rate
A3_dynamic_delta,0,2.0,283,234,49,17.314487632508836,0.0,283,1.4140382216836527,2.5902408075305137,3.060636131862187,1.5157210768471385,4.588368520950306,1.714653668664244,1.7178745465975471,283,0.4253826141357422,1.0693227767944335,1.3101366043090819,0.5225461308610734,2.163137435913086,0.6692788175219453,0.6723955201844911,283,1.5708551346600048,2.6924534055058964,3.207628037490968,1.677991339124624,4.9178612109953255,1.8406442728151804,1.8451064910184098,283,1.5413390649957104,2.977181300638922,3.644363534802267,1.7796017079444282,7.8021125233838555,2.030644166382832,2.03700122607116,283,13.63890407348865,27.909644865628902,32.12841560619353,15.98120649634948,80.45580060610713,18.610128355146685,18.68282861492648,283,0.6568507493155915,1.0847461928064959,1.2498517501732826,0.6792111689094537,1.797441065263088,0.7473146512852201,0.750271179163172,283,0.1638014316558838,0.3384940147399903,0.3743228197097778,0.17611758279294934,0.4785895347595215,0.2089534775358488,0.21015628016748042,283,0.6225063674150704,1.4091732446464704,1.6246663925121894,0.6926202713212662,2.7127004409173523,0.867400772321103,0.8701129831990059,283,0.7714225873351097,1.9194089114665986,2.2250681877136222,0.9829095319899082,6.868121683597565,1.2941037840642673,1.2831628417994045,283,0.838961124420166,2.291425716876984,3.131427505612369,1.0628965180334322,5.119727522134781,1.3964189711751707,1.3997247173768115,283,0.512778215110302,1.1752244725823402,1.348952209949493,0.5706616498845837,1.821834683418274,0.7062755719103194,0.7107765371646713,283,0.34167127311229706,0.8712023913860322,1.0310917692258954,0.4064922232926221,1.6163864806294441,0.5194943102159069,0.5221601156021218,283,0.4001636579632759,0.7357069648802281,0.8584094323217863,0.4079807675163864,1.1322983503341675,0.48322598743325484,0.4804973634812126,283,0.15193154104053974,0.3949661850929262,0.485333162732422,0.18322323143211533,0.7977922856807709,0.2347285554592901,0.23597167379253897,abs_body_yaw_rate
A3_dynamic_delta,0,3.0,283,221,62,21.908127208480565,0.0,283,3.0157965912205076,6.233810537151383,7.209775487595585,3.441830940200569,14.00572912076511,3.9994956606561085,4.011846433037418,283,0.5970067977905273,1.6434282302856447,2.01709976196289,0.742620280269178,2.8497142791748047,0.9539692001295559,0.9570528524576984,283,3.1359423586355977,6.2704418905971595,7.4387655812097835,3.602893445870454,14.130881244169965,4.111693419310694,4.1250077600466835,283,2.146967327549548,5.006263821580327,5.759868435548205,2.64429106211377,12.379255364027006,3.165644654801821,3.1819559567698077,283,18.721791318421666,43.37903294864927,50.9051230014064,22.61462438644611,117.7807876623019,27.461748388497885,27.603221018078244,283,0.6898871791438635,1.1162026255091,1.2713106323054868,0.7058014015866741,1.8870517576763794,0.7775918817930312,0.7806196579588476,283,0.14816927909851074,0.3399811267852783,0.3730054140090942,0.17028371605350778,0.5212125778198242,0.2053618789776831,0.2061560262214525,283,0.7779094817378933,1.8488496071891396,2.1449322085919955,0.9209350400791468,3.1062373655240805,1.1325514884484027,1.1353121412358878,283,1.15753523260355,3.317758655548096,4.060142008960243,1.5533298471565737,11.783040761947632,2.1394875483864864,2.124875123165684,283,1.3131523132324219,3.6600038647651676,4.749660069774835,1.6600811833568418,7.902731746435165,2.2311432901166572,2.2379627864537923,283,0.4491198007017374,1.106302347779274,1.3463736027479167,0.5365720988471758,2.5259382724761963,0.6825677473642752,0.6803100623172638,283,0.3294572411105037,0.8672440294176341,1.139403447508812,0.41930275019044355,1.8378079161047935,0.540826961296499,0.5427434131346602,283,0.4197276830673218,0.7667958572506904,0.8419417627155775,0.41876026529937244,1.3440146073698997,0.49542678715964406,0.4921772778665271,283,0.16333910822868347,0.42105901725590233,0.5221587091684341,0.20078402235081777,1.1052586063742638,0.2582782049068317,0.2595815199285395,abs_body_yaw_rate
A3_dynamic_delta,0,5.0,283,195,88,31.09540636042403,0.0,283,7.765373835248246,18.280743338028458,21.617377497052182,9.454965040740797,42.55027048476041,11.456970705249748,11.501467953448941,283,0.9485511779785156,2.5543384671211244,2.783959913253783,1.163584652616784,4.788150787353516,1.4520757422813728,1.4553020628617426,283,7.973352180900699,18.302928398191597,21.850296265477937,9.609889050318902,42.68031676105594,11.54862336827524,11.593809914291343,283,3.1928424234362063,7.8599381960708214,10.159371916312551,4.048232618198577,14.420836689752536,4.964179566397302,4.97523703289473,283,26.50805437121741,71.71931873150744,91.40986033143776,35.5664008444492,154.23854796396154,44.251900710290315,44.354684564116646,283,0.7103130365322409,1.1031688428951845,1.2753456262297236,0.707182012735728,2.0762505067134285,0.775645553864304,0.7766555729120166,283,0.14415907859802246,0.32556014060974126,0.37245581150054924,0.16357129454191496,0.46758198738098145,0.19844435310013656,0.19897378067914243,283,1.2787600907750731,2.7482499291259876,2.952139446982861,1.3657791393327503,3.0937428825400985,1.6433354514923095,1.6526946402346976,283,1.841658592224121,5.642195853590965,6.842944398522374,2.5191441507830676,13.358739852905273,3.435827516680924,3.422874847395556,283,1.9456377029418945,5.977763164043427,7.413592015206811,2.59229416473252,12.638341903686523,3.512132663086966,3.5060621896562196,283,0.47970712184906006,1.117953383922577,1.4034751921892166,0.5761510831511221,2.0158682465553284,0.7092899265690732,0.7086975868528815,283,0.33012309670448303,0.8584638088941579,1.1486930925399064,0.4106882474238757,2.0348849929869175,0.5366503679735697,0.5319223421285373,283,0.42956228367984295,0.7645931750535965,0.8630860365927219,0.4278127667329574,1.0970991584472358,0.501286100593535,0.5018578192620025,283,0.16733022034168243,0.40287086367607117,0.4988698462955652,0.19678482145444134,0.7786214500665665,0.2496891129685543,0.25060842846505577,abs_body_yaw_rate
A3_dynamic_delta,1,0.2,239,237,2,0.8368200836820083,0.0,239,0.030078518138927212,0.05594891040972104,0.06526085832343899,0.03228357658174439,0.12270362435127487,0.03778673544558893,0.03757022613413541,239,0.032047271728515625,0.06956558227539063,0.09021332263946531,0.036720865939950345,0.14978599548339844,0.045675477079337015,0.04507309522861608,239,0.05008010250568112,0.08570796495868821,0.1024532109960951,0.05339212553777138,0.16899790190402716,0.05927973162945298,0.05901116424611528,239,0.32769252924340125,0.5531305579944349,0.6038594202181207,0.3492666485570482,0.8698587523668145,0.3814663968375466,0.3827295988031077,239,2.7242939825669374,4.673243826107622,5.431309579847642,2.9135895139448453,9.071580981294787,3.2082702819910867,3.174936661388969,239,0.5727617334496902,0.8989242662008753,1.0054319864069656,0.6004276616841077,1.665204489284716,0.6515322189291697,0.6461512266948758,239,0.13613224029541016,0.3010887145996094,0.3453430652618408,0.154106370075976,0.44225621223449707,0.18666438170686783,0.1863409394857182,239,0.15385065866387748,0.3509154670260472,0.4093152998247937,0.176907713019253,0.6454494701388427,0.2159408419240844,0.21404753107687755,239,0.11669635772705078,0.281340503692627,0.3269917964935303,0.1373089585281815,0.595703125,0.17232302987081077,0.16523457911920775,239,0.1012420654296875,0.27596340179443374,0.34961771965026855,0.13280343873013262,0.4548788070678711,0.16801941356766298,0.16953182284301377,239,0.21692697703838348,0.4783675760030748,0.534625494480133,0.24521162734604654,0.7792646884918213,0.2959575340428806,0.29829308753513584,239,0.29860562086105347,0.6663528084754944,0.7767326444387436,0.34079000528436154,1.4998459815979004,0.4178442541241192,0.4181219398652664,239,0.3845808804035187,0.7215130269527436,0.7948331847786902,0.39226939575941494,1.3031104505062103,0.46539299927101574,0.45686636427088523,239,0.11534105613827705,0.30340308919548997,0.3460700370371341,0.1437080483177334,0.6194492280483246,0.18250963762978203,0.18095491930961857,abs_body_yaw_rate
A3_dynamic_delta,1,0.5,239,237,2,0.8368200836820083,0.0,239,0.1234364308865678,0.20797548137622102,0.24203541007565257,0.12805715603047255,0.3615213152367432,0.14288797993510932,0.141672327426162,239,0.0660867691040039,0.18392753601074224,0.21829566955566404,0.08216341569333895,0.40142822265625,0.10725035922759352,0.10617240105093517,239,0.1538215369808114,0.251383122848959,0.29235220807985085,0.16327961602182203,0.4529379028337316,0.178660612235557,0.17746866036265602,239,0.6317708208575642,1.0014151308468875,1.144328119861899,0.6474344048072187,1.8191484472119266,0.7001384819846106,0.6944900471453465,239,5.598930659778512,8.723076217682703,10.043502030897114,5.8713147233330405,15.588432482731475,6.339730631528509,6.288018880824728,239,0.5959112778682609,1.0183138301942054,1.1396829043406114,0.6406665874212397,1.4946207108092293,0.6982279634661619,0.6996871126059743,239,0.1265125274658203,0.31204066276550296,0.3540619373321533,0.150648269693223,0.4784517288208008,0.18420804530901147,0.18389816578132628,239,0.22596985080645735,0.5377880090382575,0.6706019541609003,0.27829854073257243,0.9018722496593127,0.3461730180300493,0.3404748003075092,239,0.2516193389892578,0.515817952156067,0.5961195826530457,0.2729654237238308,0.8657150268554688,0.3247563195842066,0.3189125279644697,239,0.25806236267089844,0.5288414955139161,0.6079730510711668,0.27669332728226315,0.8841776847839355,0.3339820810047889,0.3318868293767635,239,0.3972431868314743,0.8213820695877075,0.9644147276878356,0.42883301992553857,1.678073763847351,0.5226692992835396,0.5188309449402974,239,0.3352893739938736,0.8289870709180833,0.9495355196297167,0.39044269350860034,1.3873642981052399,0.49587112251571763,0.4968102076078285,239,0.35102811455726624,0.7252418786287308,0.8299191255122422,0.38174866909593747,1.1188827455043793,0.451267948623777,0.4501049649346692,239,0.12069875001907349,0.3105764627456665,0.4162522967904806,0.14866461282749183,0.6695980429649353,0.19491371774709484,0.19337768007635503,abs_body_yaw_rate
A3_dynamic_delta,1,1.0,239,233,6,2.510460251046025,0.0,239,0.43077943204304003,0.6818152672727797,0.7386678338583678,0.43459097717303835,1.1298696017770624,0.47333956699348817,0.46862752319848405,239,0.20881080627441406,0.5189693450927736,0.6192600727081295,0.24347660581437114,1.1976776123046875,0.31750719793949517,0.31493199757150875,239,0.511301061511006,0.8011427576960134,0.8681643565078548,0.5298620564892377,1.439246130202866,0.569965934442553,0.5647664436753128,239,1.0563642764546615,1.7590606411069818,1.9656248337547428,1.0968950021846793,2.8833463854021555,1.2019062922921508,1.1960169195838444,239,9.18060105313646,16.315963593275274,17.856977899909797,9.869931122080866,27.406200820752225,10.794817030565051,10.726521119524879,239,0.6325950133718167,1.0522973871398358,1.1904992976649045,0.6584465262640266,1.9826332946136729,0.7241629131450135,0.7165512544006988,239,0.15096354484558105,0.32644491195678715,0.38201103210449217,0.16777898975994796,0.5434970855712891,0.20285698468951358,0.20377482394963503,239,0.4621794334759457,1.0522501425071373,1.2083913671887159,0.5279816292906623,1.9593612876904913,0.6412768471606801,0.6329950262934652,239,0.4277246594429016,0.9833937168121342,1.204478311538696,0.5012797797439721,1.852489948272705,0.6270971509033466,0.6206577644041713,239,0.48065996170043945,1.0786602020263678,1.2450829863548276,0.5388017527478509,1.9058690071105957,0.6692363391631319,0.6626562860227979,239,0.5037542134523392,1.294254976511002,1.5386718407273292,0.6109811665420128,2.1727611422538757,0.7768208423593564,0.7743713406676686,239,0.310790054500103,0.8580005675554278,1.0418606266379353,0.3956526219031372,1.738961935043335,0.5160218146942193,0.5035589615777483,239,0.3750893473625183,0.7528883658349517,0.8370805948972702,0.395214764418852,1.0336523801088333,0.4654602422348487,0.4653984701340782,239,0.11593239568173885,0.3543429374694824,0.39473561979830263,0.15306260764514093,0.9150963425636292,0.20366682212140755,0.19937916205505118,abs_body_yaw_rate
A3_dynamic_delta,1,2.0,239,213,26,10.87866108786611,0.0,239,1.4710721272583027,2.689266438985226,3.3521263328766806,1.5857533732178564,5.091844796388753,1.8066264623614168,1.781918687139763,239,0.4957904815673828,1.2793167114257817,1.6780960083007812,0.6128939046021785,2.5748138427734375,0.7865856468795246,0.781061841426816,239,1.6444215414877286,2.9194978030944507,3.4868355485084326,1.7846361095796597,5.328975986103718,1.9704355240355893,1.9468549089861604,239,1.6664189351051462,3.082276931508815,3.7375348106099855,1.843363357863118,7.397417769897661,2.120476891994737,2.093698271867641,239,14.450361997153463,28.330221595805348,35.08492725392156,16.428713532486256,58.144959145482666,18.79432125043437,18.7072305517258,239,0.6678559918090358,1.0989378214938232,1.2558581940063143,0.7106862132673967,1.7832786783719954,0.7751343411281741,0.7645980412196363,239,0.1370713710784912,0.3339279651641846,0.37766199111938475,0.16127308542259566,0.4484879970550537,0.1960470751395392,0.1954330596083566,239,0.6989166924559598,1.7079334476219123,2.05344666143569,0.8149656061155978,3.1050807692991,1.0286057711394647,1.0162788756425019,239,0.7826278209686279,2.0266520261764533,2.786537492275238,1.0119632777122773,5.6849987506866455,1.3506528711476644,1.322022202700147,239,0.8759078979492188,2.574234223365784,2.9494587898254396,1.1039796935776287,4.789170980453491,1.4393400259721454,1.4254473346222887,239,0.511184174567461,1.2823202699422842,1.522645492851734,0.6187163633158017,2.265722930431366,0.774893128617577,0.77311685532611,239,0.36844928562641144,0.9037601232528687,1.077799318730831,0.42027465620460025,1.745638897176832,0.5395141928594106,0.5263493833321866,239,0.3876524791121483,0.7504558175802232,0.8901930226013063,0.41779831874332385,1.316702775657177,0.48693271095905605,0.483885401603131,239,0.1624901182949543,0.4460615187883379,0.5292640786617994,0.20893736755381392,1.0423222025856376,0.26954446293242923,0.26596197727343296,abs_body_yaw_rate
A3_dynamic_delta,1,3.0,239,197,42,17.573221757322173,0.0,239,2.929376319378393,6.399812409528985,8.443395722589196,3.562418391298179,15.797483844820517,4.203766533571566,4.1400567043704815,239,0.7005996704101562,1.9184192657470707,2.3379988670349117,0.8851956932115754,3.380796432495117,1.1376452626216484,1.131012741370155,239,3.2259910968274257,6.491859947054947,8.473564685035957,3.770702626739586,16.001138519492763,4.354984479001248,4.293123388194877,239,2.248179430201467,5.4526397844306835,6.200910288925075,2.7877735883230144,13.35603645762139,3.3572886740011034,3.3210721120171867,239,19.486651455613494,44.298826893588654,53.75831931787683,23.879313151750058,107.48988526272544,28.794658031440495,28.56122682747776,239,0.6927867736005955,1.1271051961582843,1.2606073843477792,0.7232110507495491,1.8265053444471606,0.7845871594223734,0.778483445545912,239,0.15667200088500977,0.3432731628417969,0.4017958402633667,0.1767501471930468,0.49843502044677734,0.21365155516259676,0.20903721438061265,239,0.9817265775504751,2.0632894214743476,2.647200515446702,1.0652601604630736,3.131953312929298,1.3023800787345623,1.2875249100672388,239,1.1108660697937012,3.7305720090866092,5.246486216783524,1.6315128925299296,12.16192078590393,2.3235377164754527,2.2740547601068877,239,1.3819372057914734,3.6573046207427993,4.97716240286827,1.7375314126539367,8.622092247009277,2.313676767975932,2.3065772671796148,239,0.5458076745271683,1.1387971319258214,1.3828555732965468,0.592394570535571,2.0435193181037903,0.7207354119373997,0.705605330138139,239,0.36518800258636475,0.9194976285099984,1.1547298774123191,0.45029508845079846,1.6518076062202454,0.5622953892400021,0.5535949705633193,239,0.3748791217803955,0.756322655081749,0.8185116332024336,0.4121089724377655,1.2003315687179565,0.480138322610375,0.4783888324355017,239,0.16965404152870178,0.4271836116909982,0.5306573823094368,0.20157600900525555,0.8278884738683701,0.26242731780589984,0.2585251061063882,abs_body_yaw_rate
A3_dynamic_delta,1,5.0,239,163,76,31.799163179916317,0.0,239,8.103947030621953,18.92207222076743,23.01446600614029,9.862696898907076,46.20743460347376,11.974366644311447,11.840784033323827,239,1.0859909057617188,2.6015403747558596,3.4562816619873042,1.2611059020253903,4.685624122619629,1.6163455242242541,1.5928442509929517,239,8.190534082627074,19.079962877262442,23.0325157860886,10.049553873309325,46.22888643737427,12.082964428735126,11.9497631425447,239,3.6220151358271737,8.310882710759005,10.070154098895994,4.26802858342378,17.365197284193417,5.145217796736369,5.07987861295514,239,28.010705778458586,72.47521925534899,91.61820990251253,37.38235711568974,176.39302099155427,46.66218426468117,45.94656551334493,239,0.6584640688976439,1.0738434304183953,1.256667074290326,0.696146103158042,2.1267094077361524,0.7686815156705108,0.7586571117276573,239,0.14493727684020996,0.34738616943359374,0.3887101411819457,0.17202393679439273,0.5815448760986328,0.20961568546299442,0.20763089925491593,239,1.4079733193527062,2.5485723047473448,2.7050992445728,1.4250633691870331,3.1221747513077887,1.63414394501323,1.6239228640499892,239,1.9076309204101562,5.834743034839631,7.070799595117567,2.5834486803788086,17.099523544311523,3.496420359046832,3.4279793064093766,239,2.096785068511963,5.981032967567446,7.948910617828368,2.7681961752918536,12.086688995361328,3.707672021545757,3.651617734227655,239,0.49601902067661285,1.2229201368987561,1.3544607192277902,0.562256430942082,2.073361372575164,0.708151840597962,0.6942105168666942,239,0.3173317536711693,0.8344760522246362,1.087580981105566,0.3931876046117395,1.6712110340595245,0.518100333861794,0.5129976604104975,239,0.4047378692775965,0.7950313650071622,0.8822127390652895,0.428812182174263,2.1070601074025035,0.5085740603531663,0.49575951718524386,239,0.16956369951367378,0.409382848069072,0.4757396697998047,0.19894848657902486,0.8438971862196922,0.2525781893230395,0.25125833183000645,abs_body_yaw_rate
A3_dynamic_delta,2,0.2,200,198,2,1.0,0.0,200,0.036776782080426104,0.07471561664433612,0.09067111686346943,0.04304442743276479,0.18231686816916662,0.05080207519038627,0.05069120074511161,200,0.04001617431640625,0.07696304321289062,0.09430322647094726,0.04207265019416809,0.17872929573059082,0.051081526481806215,0.05013501177182035,200,0.05985707742544448,0.10417315884190258,0.12017640841514451,0.0650818121364712,0.18255540087259217,0.07204285662965572,0.07153198494321324,200,0.3287249739025172,0.5568873292931344,0.7157175129006124,0.3562384369451979,0.9692378576018541,0.3927812247935149,0.3900632333661901,200,2.8215482259490647,5.179149416517347,6.595035617269524,3.1303863722040806,9.450087732257767,3.5624630247129185,3.511279530443995,200,0.6111809019430885,1.060048991341539,1.2154662737180062,0.6263074482614776,1.5902976596249783,0.7019707031056764,0.6939980791567075,200,0.1170339584350586,0.28523242473602295,0.3156038045883177,0.13484206199645996,0.4448277950286865,0.16590857503174222,0.16505527062780911,200,0.1618002892752024,0.3283826348401265,0.3836359751607489,0.17562980195980393,0.6345224170935779,0.2095435567874241,0.21126707688727184,200,0.12986302375793457,0.2760391235351562,0.32783641815185544,0.14309379315003753,0.5006504058837891,0.17576647463186132,0.17558887609052304,200,0.13736975193023682,0.30863938331604,0.36457189321517935,0.15848584942519664,0.534029483795166,0.19425561368610375,0.1905574233002027,200,0.19243212044239044,0.452987590432167,0.5935759171843529,0.23569261813885534,0.8641829490661621,0.29265678447153104,0.29041332646930446,200,0.28630492463707924,0.6821491941809652,0.8526305220089844,0.35731216072745153,1.4792221784591675,0.45142503561138475,0.44989409423160626,200,0.34506747871637344,0.7459098570048808,0.9558343298733234,0.4014183525781846,1.429443359375,0.4980619099127761,0.4865592475098729,200,0.122177854180336,0.3306285381317138,0.4335952475667,0.15629782075760887,0.6926989853382111,0.20226873000040163,0.19943077991785857,abs_body_yaw_rate
A3_dynamic_delta,2,0.5,200,198,2,1.0,0.0,200,0.13499358380468618,0.2626328576927086,0.2860822110685522,0.15392532207483656,0.4741611705348054,0.17219490401431667,0.17148948353912633,200,0.06826376914978027,0.18643465042114257,0.236624526977539,0.09065070509910583,0.3914813995361328,0.11742410717279783,0.1138633497359002,200,0.16899188973755408,0.3097559546396574,0.3393559190061578,0.18887290888835687,0.49251154132045577,0.20842146221977345,0.20652164414213386,200,0.6217531376106622,1.0787944601955721,1.2518807943997163,0.6837273394744787,2.4047202271929766,0.7547330527163132,0.746953230687214,200,6.151022326723774,10.849176238370992,12.091989537783178,6.637955981643991,17.2238334649491,7.300336924225027,7.222024952760464,200,0.6328577599572907,1.1087265761180525,1.1810480564038732,0.6706209280309128,1.8448378643920702,0.734029724573888,0.7384503823374684,200,0.1314774751663208,0.30148766040802,0.3534776210784912,0.14703114032745362,0.45589661598205566,0.18100396290754248,0.18065060686330264,200,0.2505452700373567,0.5137690412440234,0.6232906256483686,0.2759697809504368,0.979349915499995,0.33678343568159375,0.33550381341816193,200,0.2627387046813965,0.5746222138404846,0.6823639459908003,0.292465885207057,0.9722833931446075,0.3579179121615917,0.35533105471045506,200,0.28253841400146484,0.5960634648799896,0.6986579522490499,0.3159410628862679,1.4351223558187485,0.38945303777474216,0.3800801310654933,200,0.36258214712142944,0.8586769700050354,0.9313865145668387,0.43055615380755624,2.0488911867141724,0.5383707647935553,0.5302509309309841,200,0.3547576256096363,0.8239057123661041,1.0267817847430705,0.4171842174930498,1.427244484424591,0.5131884511811018,0.5162908526297314,200,0.35675585828721523,0.7493854783475398,0.8487929418683048,0.4010277933534235,1.7926369905471802,0.4888045477592373,0.4912574971641943,200,0.12329325079917908,0.3060149848461151,0.3773772578686475,0.1499538552161539,0.6301959753036499,0.19106900382387315,0.19224517708321517,abs_body_yaw_rate
A3_dynamic_delta,2,1.0,200,196,4,2.0,0.0,200,0.4473097153684231,0.8093425722146519,0.9776502826242984,0.49903779456923275,1.4340856659922387,0.5541644096573867,0.5457218945645762,200,0.19266700744628906,0.545770263671875,0.6937433242797851,0.25254738569259644,1.3466529846191406,0.3278415131515689,0.3123294352622584,200,0.5226530168189553,0.9355461611190825,1.113254628432595,0.5859994534964739,1.6835134416559254,0.6438775121686036,0.6314061878153645,200,1.1099984322635215,1.9758479493954786,2.0994597186136104,1.156878390797227,3.461467250920485,1.2740633975301345,1.2569017170445416,200,9.513449435418488,16.49060413449807,18.7125398866463,10.253809257837847,28.358608617270352,11.304964855893022,11.162439775023875,200,0.6428981262247275,1.0664236298534155,1.291170947327665,0.6745811068816974,1.6079780930299348,0.7438509607798895,0.7404867097976231,200,0.12215304374694824,0.3281388044357299,0.38470673561096186,0.1545045816898346,0.5174524784088135,0.19305790680072113,0.19081860682669136,200,0.44528189037961496,1.0159598409970898,1.1146536202898765,0.5060941592015078,1.6330035655336346,0.617835874123078,0.6022671567937252,200,0.48506903648376465,1.0786578893661498,1.4582458376884453,0.5546506175247486,2.5050747394561768,0.7071304197698195,0.6915035877512472,200,0.49803709983825684,1.2547924995422362,1.3706893920898438,0.5937665569409728,2.0117231607437134,0.7310813305036026,0.7097965976041549,200,0.5380718167871237,1.2209152668714522,1.3979677118360996,0.6201678390521557,2.6536220610141754,0.767283649344407,0.7644683501772052,200,0.29464853554964066,0.9278138518333434,1.0599502384662625,0.39249478784855457,1.4932003021240234,0.5087560526324709,0.49366327560932743,200,0.36842075549066067,0.7728692948818207,0.8557377289980648,0.4047289727593306,1.3074848055839539,0.48917787718429123,0.49098031591395186,200,0.15550998225808144,0.4012388341128825,0.5202353227883576,0.17870285506825895,0.6910052299499512,0.23491814582203277,0.22874347362411776,abs_body_yaw_rate
A3_dynamic_delta,2,2.0,200,187,13,6.5,0.0,200,1.589553609997755,3.0863150820473457,3.625091640229751,1.7572808945236016,6.058345477589944,2.020774891329196,1.969019726512365,200,0.5395870208740234,1.3208263397216795,1.6117747306823722,0.6492889827489853,2.6374683380126953,0.8202832027721175,0.7988228909785486,200,1.7052236014883813,3.350860102663803,3.8207947182836888,1.9465273753225685,6.130891352757494,2.1809162510689415,2.1284160251818727,200,1.8711861257178355,3.62108962251989,4.126279159209909,2.087128325016641,7.120364831569578,2.390752726745495,2.3328094568771016,200,15.266914313632,29.808164201656847,36.39112921444745,17.343608167760664,56.15741492367679,19.839854174912826,19.46969614453249,200,0.68929943675623,1.1643574882267411,1.401982871611533,0.7278213752698476,1.9116071752229102,0.8028771732033994,0.7986936554538934,200,0.14296865463256836,0.34790287017822263,0.43006997108459455,0.17195178627967833,0.5434384346008301,0.21383467583197377,0.20974531935827417,200,0.6874915657630575,1.5326784894037915,1.8710370451997116,0.7777154860746361,3.05520090745258,0.9719911029523076,0.9637380582498887,200,0.8686078786849976,2.3901357591152186,3.268551131337879,1.1638066060375423,7.095016717910767,1.5843214499918163,1.5294341411135985,200,0.9370085000991821,2.7661390572786333,3.1905006200075148,1.1901694720238447,5.126070857048035,1.5655793553558004,1.5161464385589936,200,0.6142488792538643,1.3423918455839157,1.676707213371991,0.6965682428656146,2.5465504229068756,0.8686687663433994,0.8538626042396901,200,0.331765279173851,0.9414418369531632,1.1157469384837893,0.42548707130597907,1.6471580862998962,0.5547859480470377,0.5444726054082892,200,0.3901165649294853,0.827649487555027,0.9228408224880694,0.4319097471493296,1.4556909203529358,0.5205627642045938,0.5210238133808488,200,0.14875143207609653,0.43386273607611653,0.5145690824836492,0.1923652420693543,0.9477398693561554,0.2565905602790239,0.2511003615501463,abs_body_yaw_rate
A3_dynamic_delta,2,3.0,200,164,36,18.0,0.0,200,3.4019481965096574,7.229242074194881,8.519317638310412,3.9135223003313495,15.076209778044216,4.6174800258862705,4.4904481182358165,200,0.8397359848022461,1.9150677204132078,2.085339784622192,0.9483204925060272,3.0566444396972656,1.1529294683730646,1.1350253964007058,200,3.5954345715663933,7.252452968005087,8.704276472912303,4.129359832364141,15.079505870986184,4.75924029110757,4.634748098000082,200,2.5928950611373116,5.457779741102438,6.834456517554304,3.03465379611693,11.764065115345284,3.60884478264063,3.5241769512435113,200,21.571477066926434,47.26790809368816,51.982154515215036,24.94178631730826,91.79130547989514,29.554278954765277,29.075510292680764,200,0.6461214689160585,1.1541185138250596,1.3731313713512583,0.7212639741598781,1.9572823967249944,0.7982483499873338,0.7893361847078842,200,0.144234299659729,0.347403335571289,0.3939310669898985,0.16820093154907226,0.5362837314605713,0.2052344109937673,0.20477133122124186,200,0.9682006659876343,2.3156995163604086,2.601717673320936,1.0961490357121269,3.1181129667332574,1.3432643303375005,1.3167347369962783,200,1.4475882351398468,4.207314524054527,4.95077889561653,1.8786354888416827,11.395659685134888,2.541977999093646,2.455184731208722,200,1.4288246631622314,4.146305310726166,5.077033382654189,1.833958846051246,8.078920841217041,2.4283360911488523,2.3747270350358853,200,0.49298227578401566,1.3814711323939262,1.6464721707627177,0.6443570116441697,2.2639926075935364,0.8156545504932047,0.8121813304610559,200,0.3165807221084833,0.9324897035956381,1.1762192664667952,0.4178689644578844,1.8973645716905594,0.555505962233749,0.5380134561088342,200,0.4267810806632042,0.7812219157814979,0.9852723218500614,0.4333774887668551,1.1794190555810928,0.5099302393243558,0.5090245242187851,200,0.1746587473899126,0.4583186127245426,0.5221214219927783,0.20716763556876686,0.8327757585793734,0.2618868175431187,0.2614099688797956,abs_body_yaw_rate
A3_dynamic_delta,2,5.0,200,133,67,33.5,0.0,200,8.38996443762271,19.96367473469014,22.397726774236215,10.256603189691193,40.53457011513226,12.403511558180286,12.136027336904842,200,1.171006202697754,2.7810131072998048,3.198653614521026,1.3313706246763468,4.233467102050781,1.6555017982959517,1.6367589203479878,200,8.618801109680621,20.05439420325348,22.49719785859986,10.465159941252079,40.53578851895753,12.51350411268055,12.247856224924039,200,3.530853552588134,8.590655977443525,10.284188100867109,4.290555170790337,15.677680849946356,5.243412080591439,5.166443033706626,200,30.358701674110435,75.63554717178667,96.56793799122792,37.417156653720696,175.79332518430206,46.91006239989867,46.2600808065675,200,0.7228589258552437,1.2900812959561752,1.4408199201549092,0.765886137652913,1.7169178122838755,0.8475182574498514,0.8422262664457154,200,0.1495985984802246,0.3622028112411499,0.39106118679046625,0.1719818925857544,0.5074789524078369,0.21112163824178237,0.20820802241049025,200,1.4455623402033702,2.705290257719796,2.9421557761788972,1.4805930109911274,3.126709896502256,1.7262603014982185,1.7141220284392218,200,1.6708276271820068,6.284739780426025,7.8925415575504285,2.702659632191062,15.662912845611572,3.7833913701095776,3.6817762315904887,200,1.976140022277832,5.967226564884186,7.693942368030541,2.660134419519454,11.107004642486572,3.5581075011294487,3.5373580013800505,200,0.48282867670059204,1.1883670464158058,1.3764260590076443,0.5790546371066011,2.029400944709778,0.7205490947041434,0.702709997031352,200,0.40413498505949974,1.0176895208656787,1.2610768280923363,0.4911938760578778,1.7002130020409822,0.6220123039320941,0.6136532864474481,200,0.41907631419599056,0.767881528288126,0.8990013476461172,0.42388948176056146,1.34152402728796,0.5044863311484454,0.5041776495077279,200,0.17586716823279858,0.45152925774455066,0.5463747669011351,0.21056982734793564,1.095855113118887,0.277275011770448,0.2704036452368005,abs_body_yaw_rate
A3_dynamic_delta,0,0.2,280,275,5,1.7857142857142856,0.0,280,0.026521940834649375,0.050542512992056234,0.060226113748720916,0.02937652611662853,0.12270362435127487,0.0342391878044898,0.03465655987712275,280,0.032631874084472656,0.0697082996368408,0.0814138412475586,0.03671525801931109,0.14978599548339844,0.04492701314545282,0.04435333705493938,280,0.04889400030019328,0.08187582718812404,0.09155246345224838,0.051229930466213415,0.1517398071591197,0.056486799269234694,0.05661110579353941,280,0.32926449888356735,0.5367982002789551,0.5971754389437537,0.34734559020885475,0.8452585467396024,0.37941062917820545,0.38209673637457203,280,2.686247279605248,4.718755711098043,5.577399403989573,2.889470482524468,8.30056356323573,3.216639435711725,3.2552413234784003,280,0.5599996626151467,0.8963403836186191,1.0016199987770948,0.5695663089846162,1.4418152422041457,0.6265820699270683,0.6319971560398587,280,0.13893258571624756,0.2907511711120605,0.3511087894439697,0.1538519650697708,0.4828939437866211,0.18562512293697286,0.18490602330406866,280,0.1564576940068393,0.34101024746520636,0.4094120297518311,0.18129541819841558,0.629847572788286,0.21948297076532286,0.2176022288613236,280,0.11640739440917969,0.2810317039489746,0.3250586271286011,0.1379632031678089,0.48531341552734375,0.16935693939783858,0.16991754925491204,280,0.11511945724487305,0.2631880283355713,0.318176817893982,0.13563567315494376,0.49077320098876953,0.16616444796455493,0.16540179994330187,280,0.21809889003634453,0.4720750033855438,0.5082832306623459,0.24407124226314147,0.7961927987635136,0.2960743637058657,0.29796859708637863,280,0.27628013491630554,0.6533945709466934,0.805558029562235,0.32368408529062953,1.3350018039345741,0.4051175079945512,0.405958159593125,280,0.30608463287353516,0.7215224087238311,0.8071545645594598,0.3549482421932875,1.3335663378238678,0.44187723223466696,0.44703720469968317,280,0.11920001590624452,0.2828720312565564,0.3366946299560369,0.14457253658412292,0.6013737544417381,0.182289348846839,0.18338799750857784,abs_roll_deg
A3_dynamic_delta,0,0.5,280,271,9,3.214285714285714,0.0,280,0.12311489277564108,0.2002272046227024,0.2256292379301723,0.12228809030821254,0.3099066849172394,0.13536674278093724,0.136378939982381,280,0.06476783752441406,0.16746292114257813,0.20336704254150392,0.07829323836735316,0.40142822265625,0.10050227869237083,0.09955864439612373,280,0.14982118092949998,0.23864464158826998,0.2792242623208571,0.156089218140134,0.4408705167945169,0.16859674692436805,0.16929084290799173,280,0.5916889166836101,0.9547005980880704,1.111485257402716,0.6321633737283419,1.5861002188522055,0.6801439216901914,0.6864334775592604,280,5.218861412088397,8.650279456322965,10.14626387023253,5.68189721675417,17.2238334649491,6.211623190245113,6.249167720192941,280,0.5933974088222764,0.9994257271495831,1.149778177876514,0.6182994473130806,1.8448378643920702,0.6835225648803129,0.6878404103086433,280,0.14324557781219482,0.316813588142395,0.34219155311584487,0.1565028531210763,0.5104284286499023,0.18983203557074257,0.19060252535725028,280,0.24547889076648843,0.5313896534484968,0.6705832665115526,0.28198065590523225,0.9355345299151523,0.34358181426387296,0.3439669334145049,280,0.2669200897216797,0.5532936573028564,0.6060307025909425,0.2865533533373049,0.8657150268554688,0.3362954671675962,0.3380312614648059,280,0.24071362614631653,0.5203945159912109,0.5878932237625123,0.2737590702051031,0.9133024215698242,0.32670275851402725,0.32488213289111906,280,0.32648759707808495,0.8184841848909854,0.9384823203086854,0.3922849045002035,1.542193176690489,0.4927133249202488,0.4990287408633677,280,0.2879117354750633,0.8119120828807354,0.944188816100359,0.36105822253822617,1.49746435880661,0.46723763061606544,0.4667734429317164,280,0.365876454859972,0.6886958945542573,0.8289434848353268,0.38414263720125225,1.7926369905471802,0.46369107183488206,0.46645866871748326,280,0.12315291864797473,0.29871447645127774,0.35323032774031177,0.14719625659719376,0.599046103656292,0.18407249424469926,0.18376585211025084,abs_roll_deg
A3_dynamic_delta,0,1.0,280,250,30,10.714285714285714,0.0,280,0.4207902927053019,0.6686911140306051,0.7457199411399348,0.4283400766599518,1.2370947395885745,0.46951941168417427,0.4701072155233956,280,0.18975257873535156,0.45377731323242176,0.5813325881958008,0.22002595492771693,0.8264045715332031,0.28204495680392166,0.28185639167128945,280,0.49498056996228224,0.7603783218207981,0.8301495417664069,0.5122920391193437,1.4179737124862493,0.5477205816899519,0.5483350242264303,280,1.0118803106920211,1.635266156982542,1.776101953857186,1.0581012462851127,2.7452247570827435,1.141845882187375,1.145888091667428,280,8.862638483615688,15.485947372793277,17.709530783835522,9.480113567491761,27.406200820752225,10.387456275484022,10.449142017312457,280,0.6260223715834492,0.9994648827541674,1.0986840961209154,0.6318156129106268,1.6079780930299348,0.6941248748188208,0.6990125332972708,280,0.15040373802185059,0.32631578445434567,0.36037678718566896,0.16524982282093592,0.46411991119384766,0.1970988939342048,0.19559801511773728,280,0.44495489144519595,0.9674433853091101,1.1899488878780118,0.48921904883584355,1.7237702345022328,0.6081852835742549,0.606527330711484,280,0.47071972489356995,1.0547818183898925,1.1922558546066284,0.5296452417296158,2.09944224357605,0.6561015172315474,0.6596624611284767,280,0.45336294174194336,0.9756848812103269,1.1868429303169252,0.4923344330995211,1.619598627090454,0.60518835188884,0.5986665016350463,280,0.3950314186513424,1.1810639936476945,1.4962910450994968,0.5526318327673445,2.2276331186294556,0.7121024339888156,0.7173944513986941,280,0.2867231238633394,0.7946332648396491,0.9789021787233652,0.35799893098966484,1.540885727852583,0.4704705622485627,0.47347341515549585,280,0.37998866476118565,0.7411461353302001,0.8373276606202127,0.39520628554954396,1.068986177444458,0.4655751573749026,0.4674455451618035,280,0.12480881251394749,0.33701689690351483,0.4336030286736787,0.15891145509428628,0.6668666554614902,0.20906115070739364,0.2115501415380529,abs_roll_deg
A3_dynamic_delta,0,2.0,280,220,60,21.428571428571427,0.0,280,1.440394705310914,2.516842572865372,2.9974377795835276,1.5378542269504905,6.058345477589944,1.7423305612033517,1.7379865624627846,280,0.4606614112854004,1.0911949157714844,1.3237809181213385,0.542924907377788,2.6374683380126953,0.6961284214235398,0.7012656840548986,280,1.577752165795796,2.623432617088052,3.1212978359789867,1.7097194545656285,6.130891352757494,1.8762490675858619,1.8751880123124256,280,1.6161163789838653,2.97370605125621,3.5179364934990347,1.77653090413525,7.120364831569578,2.0051724133887405,2.0115338925910025,280,14.082584415822575,25.756356347335483,28.819138206074026,15.401085402001693,58.144959145482666,17.503086368737698,17.6305868326116,280,0.6399484586965367,1.0284993729374365,1.1514677043675403,0.6545026296958762,1.6889975934813226,0.7147382415277754,0.7174274187762065,280,0.16136908531188965,0.3474905014038086,0.3885345458984375,0.1755058365208762,0.46224284172058105,0.2094549115615558,0.2108373755404353,280,0.6486150696111288,1.4071543869431373,1.8372709744112594,0.7123802855563255,2.7127004409173523,0.8904548966549644,0.8820533503907757,280,0.7942537069320679,1.8372555255889893,2.2040902435779577,0.9730434650912815,7.095016717910767,1.2898829719923466,1.2935666314104413,280,0.8566074371337891,2.2635594904422756,2.7017219781875617,1.04001666951725,4.789170980453491,1.3279501456637346,1.3270633418751423,280,0.5108035765588284,1.2542810827493667,1.5637692913413048,0.6141745373656574,2.265722930431366,0.7703679228856053,0.7747097736615498,280,0.32841507997363806,0.8068005517125126,1.030549931433052,0.39124820528626775,1.515781320631504,0.5031993080562698,0.5069760797134444,280,0.3568549659103155,0.7218956515192986,0.7913221647962928,0.38204101903497106,1.1322983503341675,0.4525883921341932,0.4476253989216003,280,0.15620826790109277,0.3985522080212831,0.45236044414341453,0.18087306215165883,0.6614906042814255,0.22979329315559605,0.23248623071353697,abs_roll_deg
A3_dynamic_delta,0,3.0,280,207,73,26.071428571428573,0.0,280,3.0803526549741265,5.806867029433538,6.6788700076550915,3.408722440733264,15.076209778044216,3.9161808462456573,3.9184179928057796,280,0.6767082214355469,1.5795431852340698,2.02098069190979,0.7748982420989445,3.0566444396972656,0.9682695033512755,0.9741062992890562,280,3.1402490082405428,6.011328089903345,6.791450111832662,3.5760949410649214,15.079505870986184,4.034106871616253,4.038282196938233,280,2.1908943649570656,4.645301455264849,5.330319468732214,2.5794264748226263,11.764065115345284,3.031857107513104,3.0509268817395307,280,18.26441253586797,39.04467485149944,45.78015433244894,21.430553964895317,97.75089338592052,25.41707213760496,25.528125087958276,280,0.7013883325912803,1.0367974950178542,1.2430784778203958,0.7069577366647076,1.6791410472794317,0.761157830427989,0.7659748238401645,280,0.1536954641342163,0.3430774211883545,0.38880321979522714,0.1762586270059858,0.5067250728607178,0.2128267195915632,0.21477447436999103,280,0.7509423970763791,1.9772626857724198,2.3382317241067843,0.9230114929095768,3.0169338699760577,1.158566275267118,1.1521138095867436,280,1.1630390472710133,3.0759446144104,3.645844033360482,1.4648588737032178,11.395659685134888,2.000267834695226,2.0142144601312966,280,1.3838317692279816,3.465963244438171,4.369883620738985,1.6700954938307404,8.622092247009277,2.1772013239776125,2.1879642134860857,280,0.49554863199591637,1.064995928108692,1.2312678381800661,0.5472077184739257,1.972569227218628,0.6714763620050467,0.6731966641909211,280,0.36704445630311966,0.8508997762575745,1.0947605977766215,0.42687175274019995,1.6361268758773804,0.5295847425617821,0.535942647195904,280,0.41829686146229506,0.7433987051248551,0.8167881198227406,0.41463488602145976,1.3440146073698997,0.48544924225508085,0.48095229026297304,280,0.16270673274993896,0.4110325776040553,0.5350673960521818,0.19483495846413593,0.8278884738683701,0.25147619462203985,0.25162410357317877,abs_roll_deg
A3_dynamic_delta,0,5.0,280,182,98,35.0,0.0,280,7.610097435757407,16.079842574914824,20.08809683270167,9.052030652663738,40.53457011513226,10.83691380397682,10.844183197804691,280,0.9608287811279297,2.3528079986572266,2.679026389122009,1.1159099707113844,4.336400508880615,1.3950909291323488,1.397063993916052,280,7.834927698737811,16.087661363760557,20.13783101518226,9.217239045161076,40.53578851895753,10.926343372573037,10.933991473448023,280,3.1684494234376617,7.673178021467736,8.591614535617847,3.8021101065927154,14.439812983490585,4.605571234268317,4.597012867922893,280,25.558796483791276,68.19110218507463,75.3303866718556,33.50322262003204,147.4646690995295,40.93663406910438,40.852265377499684,280,0.7091862255762558,1.095968804173161,1.2703555610180322,0.7062728715150497,2.1267094077361524,0.7748339208643769,0.7825677979849017,280,0.14736604690551758,0.3332477569580078,0.37745893001556413,0.17029325025422232,0.5190579891204834,0.20615786440540232,0.20716125697434742,280,1.288764985930456,2.540162765861687,2.817046632135518,1.2943069848035886,3.1221747513077887,1.544476871110431,1.5557963283005052,280,1.529880404472351,5.164952270686626,6.235299026966096,2.2255300889880996,11.1180579662323,3.0085903311940165,3.001716712108373,280,1.8942607641220093,5.9411011099815365,6.798338425159456,2.551016088578451,12.086688995361328,3.416935664850854,3.398600470701654,280,0.4720531329512596,1.1508159160614013,1.3718000680208209,0.5583316853968426,2.073361372575164,0.6958600974591916,0.6973521264408825,280,0.32258232310414314,0.8342710454016923,1.0734745521098377,0.39653233730018006,1.7002130020409822,0.5143304506781559,0.5207470389916237,280,0.4308791635558009,0.7773568198084831,0.913775420188904,0.4398259625321121,2.1070601074025035,0.5221634018388589,0.5225809423311738,280,0.15728856064379215,0.42760291546583173,0.504984660819173,0.19396579175933895,0.8438971862196922,0.2513506996356663,0.25482639686399444,abs_roll_deg
A3_dynamic_delta,1,0.2,267,266,1,0.37453183520599254,0.0,267,0.030328301943480764,0.05493434030272251,0.06308409702750124,0.032217818641935146,0.18231686816916662,0.038035134600621155,0.03814186520158856,267,0.03510475158691406,0.07451133728027344,0.09407196044921873,0.0398014515973209,0.17872929573059082,0.04854409582601003,0.048216150332492415,267,0.051462785019476216,0.08809326774923217,0.10050853628279022,0.0555486328346947,0.18255540087259217,0.06167009570004097,0.061589448169323824,267,0.3231778503940214,0.5154111851952897,0.6031345682031782,0.3320767345923669,0.9692378576018541,0.3656444146845093,0.36661788171604676,267,2.5574125199830715,4.784200246309355,5.20846891441336,2.8560894610888607,9.450087732257767,3.1915894585240308,3.1736964242238614,267,0.5961256096616788,0.9318011747446135,1.0421725582509467,0.6104506671133771,1.55119234372724,0.6643594447411696,0.6660573414858406,267,0.1313190460205078,0.30776548385620117,0.34466702938079824,0.1502255161156815,0.41264963150024414,0.18271461759804522,0.18149035513813946,267,0.15015755031220834,0.3523561915681711,0.43250481453872774,0.1787606105648684,0.6454494701388427,0.21714900896373268,0.2155162852253457,267,0.11129999160766602,0.24983949661254884,0.29732260704040525,0.12531807821257954,0.4408450126647949,0.15473896761368788,0.15450978919362032,267,0.10902762413024902,0.27526040077209474,0.3092472553253174,0.13158904027179832,0.4145679473876953,0.16356438746080182,0.16261747207986568,267,0.20763517916202545,0.4504602983593941,0.5441601216793057,0.23730507635333564,0.8641829490661621,0.28809439606906645,0.28931739345861723,267,0.29948386549949646,0.6777331203222274,0.7773342996835708,0.3544931832022096,1.4792221784591675,0.4372758185936813,0.439936170928177,267,0.35100196674466133,0.7092729091644288,0.8298568397760391,0.389609989214842,1.429443359375,0.4634197813252181,0.462716423673945,267,0.10851083416491747,0.31728104650974276,0.38811960965394965,0.14210829188679222,0.6656343564391136,0.18816332418010737,0.18722990925236377,abs_roll_deg
A3_dynamic_delta,1,0.5,267,265,2,0.7490636704119851,0.0,267,0.11778478761546185,0.19460546123972658,0.2238972491145401,0.1238071315134027,0.4741611705348054,0.13792471266960724,0.1381161522791234,267,0.06410789489746094,0.18416824340820312,0.21706562042236327,0.08318326133913762,0.3914813995361328,0.10817216291635239,0.10772289589346158,267,0.14909074112697324,0.23880058348157307,0.2770310021963628,0.15990716193055324,0.5139863588919548,0.1752838931419416,0.17528176386694122,267,0.5941566693486967,0.9729225345557219,1.1178030950539013,0.6314176103589697,2.4047202271929766,0.6930781790320707,0.6904448021826747,267,5.896325610704964,9.20219147461256,10.358709425123012,5.945679374592435,13.978684510218736,6.431257050452603,6.433327956363347,267,0.5959112778682609,1.0199380226254235,1.1293445421242003,0.6243528183259133,1.595828316620024,0.6859749723766341,0.686658977111464,267,0.13517975807189941,0.3142195224761963,0.35585494041442867,0.15204670277427645,0.4624168872833252,0.1864433684690527,0.1860447050968512,267,0.21739387992449366,0.5567565542116826,0.6532475139342593,0.2722506963858373,0.979349915499995,0.34212053832549655,0.33706099157261216,267,0.2360525131225586,0.47091922760009763,0.5363088607788086,0.24896173771428928,1.3118205070495605,0.308013749567857,0.30614991337125375,267,0.24884366989135742,0.5331744194030762,0.6103100299835205,0.279361848332239,1.2214007377624512,0.3381130218078084,0.33571256138156663,267,0.3491354826837778,0.8144285127520561,0.9593546092510222,0.41479477507745927,2.0488911867141724,0.5207345550388921,0.5187259977072147,267,0.30225542187690735,0.7734840117394924,0.9663030296564097,0.38112872060081376,1.474343966692686,0.47741158245928167,0.47588791372541,267,0.35703833028674126,0.7134589076042176,0.8060682341456413,0.3827794344161815,1.5350302308797836,0.45567163383924025,0.4574197801000775,267,0.10059280693531036,0.309731650352478,0.3978583246469497,0.13905961001676653,0.7549686692655087,0.18709143693693137,0.18628156721869144,abs_roll_deg
A3_dynamic_delta,1,1.0,267,264,3,1.1235955056179776,0.0,267,0.4091530081749316,0.65240800957315,0.7418634677197095,0.4224786436720874,1.4769423624711977,0.462426438439187,0.46082964092937145,267,0.18603134155273438,0.46461467742919926,0.5624414443969725,0.22713374645075995,1.3466529846191406,0.29495006089906795,0.2934177527989511,267,0.47835257168171297,0.7752317428993778,0.8493289380600746,0.5083447937831982,1.6835134416559254,0.5484831350113831,0.5468532381366626,267,0.9946062597033478,1.664065681123477,1.9861797202056513,1.0484539600263372,3.461467250920485,1.155044224764682,1.1455867831568534,267,9.264932429714811,15.423852761686426,17.054532718489416,9.786218558228683,23.224656139702603,10.552575512452487,10.58176532990637,267,0.6385145839921593,1.0931126633991182,1.2761197232911032,0.6618493589531076,1.6738925188349674,0.7307927065440765,0.7297212832040387,267,0.1505119800567627,0.34788308143615726,0.4034108161926269,0.16946717147970022,0.5434970855712891,0.2101892689448622,0.2080503236698874,267,0.42547812426618487,1.0401379486746507,1.2103443271792382,0.5074703656540293,1.9593612876904913,0.6249778471765487,0.617378170616713,267,0.4051237106323242,0.8938850402832031,1.0644872188568115,0.4789453199689629,2.2816739082336426,0.6024099672739713,0.5980083050588604,267,0.478151798248291,1.0568938374519348,1.2408078432083127,0.5435892215193936,2.0117231607437134,0.6638467013847976,0.6556928580147238,267,0.5070749968290329,1.1166325449943544,1.4562339119613166,0.5738180412000484,2.6536220610141754,0.7283796740380262,0.7219471333526825,267,0.32045887410640717,0.8572352200746537,1.111965450644493,0.398864823369543,1.6583000868558884,0.5137338332586624,0.5093868448654673,267,0.39463719725608826,0.7405541479587555,0.8361337214708326,0.40655543434796404,1.3074848055839539,0.47773827513025907,0.4770798032282412,267,0.1189632099121809,0.34861963912844657,0.4139129757881164,0.15369021012151285,0.6631145179271698,0.20469897161183376,0.20415819870343893,abs_roll_deg
A3_dynamic_delta,1,2.0,267,246,21,7.865168539325842,0.0,267,1.4136565085772412,2.6179635971641164,3.064190276970653,1.5442594017671285,4.418244086894938,1.7378070137927846,1.7264754060693601,267,0.4579277038574219,1.1913610458374024,1.3916690826416012,0.5645594003048728,2.557034969329834,0.7278023135509875,0.7257254784979051,267,1.573032114493436,2.787311160856274,3.3661905185392884,1.7166090844020319,4.9601068070203365,1.8840566405492074,1.8736515401183182,267,1.551966038401503,2.9367716302555547,3.7061637946530386,1.7770342015947225,5.74612453747137,2.0152614850183217,2.0038202761191126,267,13.470127394014852,27.383105578042183,31.471262480649166,15.707914876294709,48.96540733623413,17.807871850356403,17.781651726973656,267,0.6637932310455071,1.1634719579113892,1.3138139810779823,0.717515289978134,1.797441065263088,0.786389342849942,0.7786774445106184,267,0.1502373218536377,0.3383935928344727,0.36569459438323965,0.16926169038265385,0.5434384346008301,0.2045116906007093,0.2038529258970431,267,0.6698179226975043,1.5913363271789538,1.8224231715033707,0.7858802006508483,3.1050807692991,0.9862112131013892,0.9750711745681098,267,0.7347288131713867,2.0190588235855103,2.492586404085159,0.9510052725393674,4.695673823356628,1.228945402615006,1.2223624405205977,267,0.8646321296691895,2.2807803854346274,3.1193263977766024,1.0829560442475343,5.126070857048035,1.4244518568766573,1.4121287717262743,267,0.4852704405784607,1.1783440925180912,1.4128905773162836,0.5674445324940154,2.392607659101486,0.7224326666412134,0.7205555613414205,267,0.35360152274370193,0.9736296206712723,1.1250184317119418,0.4329656868216439,1.745638897176832,0.5570727171489847,0.5381936374885118,267,0.3911205343902111,0.7556385770440102,0.8969808906316755,0.42251686975604086,1.3664858490228653,0.4960989137947788,0.49475070154842166,267,0.14466619491577148,0.4187198743224144,0.4914861850440501,0.18866770322546222,1.0423222025856376,0.2489258003659957,0.24865767659607235,abs_roll_deg
A3_dynamic_delta,1,3.0,267,225,42,15.730337078651685,0.0,267,3.00888519705586,6.024275211872845,7.436606581727554,3.465719441462634,10.334628051280609,4.014592021668982,3.990619739325274,267,0.5951881408691406,1.8037265777587894,1.9535820484161377,0.803908597217517,3.3688178062438965,1.0421996562086002,1.0352697025059547,267,3.1498269572416513,6.132116915403218,7.635808954244319,3.6501896041774793,10.334708912460126,4.147665514943263,4.122870675134249,267,2.2842978501888913,5.115626474459539,6.0918894150669525,2.7292693704018465,9.906683961882209,3.218608561729997,3.207408944139407,267,19.29905443131015,44.67552810102275,50.77744650144911,23.017718703203638,91.79130547989514,27.502047067192112,27.444900503662836,267,0.6454019939987541,1.1279265176956708,1.3336254641367737,0.6911278922665078,1.8336133468223856,0.770139382457351,0.7639061614106593,267,0.15583419799804688,0.3476273536682129,0.3852652549743652,0.17292533563763907,0.5212125778198242,0.207233979077223,0.20636548980327865,267,0.9764019262229411,2.1246241478711716,2.536306421322866,1.058527445719387,3.131953312929298,1.286332783310298,1.2791701503039477,267,1.2685407251119614,3.3671950399875645,4.176753330230712,1.6187892025301742,9.663125276565552,2.1705990824653676,2.1383159432454812,267,1.3274508714675903,3.6756226539611823,4.968333667516708,1.6866390523029846,7.902731746435165,2.262379821849751,2.2556553561569515,267,0.4585387706756592,1.2333329200744632,1.4807758033275604,0.5682727994505413,2.5259382724761963,0.7277212643101969,0.7108954526661531,267,0.3087960109114647,0.9222213461995128,1.167053398117423,0.4138100986292216,1.818854808807373,0.5437875599620139,0.5348910329542877,267,0.37232251465320587,0.7559466324746609,0.8396400451660152,0.41090820027512676,1.1794190555810928,0.48365640603583326,0.48255991755246547,267,0.15600189194083214,0.41439260840415953,0.5114430715329944,0.19698584526066568,0.8327757585793734,0.2519647573428678,0.25080373461520494,abs_roll_deg
A3_dynamic_delta,1,5.0,267,192,75,28.08988764044944,0.0,267,8.244549305944478,18.723094267916036,22.351085201176858,9.743506373218018,34.176295880683035,11.565290689215628,11.540532169276933,267,1.0866127014160156,2.608808898925781,3.0534622192382814,1.2602781594246069,4.788150787353516,1.5873609917524143,1.5615696848078027,267,8.348587662780687,18.81755430402617,22.389521129709628,9.92481360736085,34.176454403455665,11.673716787904135,11.646813127299428,267,3.3294791255364484,8.306717041751911,10.150706678159013,4.213369419498244,14.77831607233261,5.058458531554558,5.03810722190923,267,28.4411285147699,71.69393752527476,88.29228137928918,36.57845656420849,175.79332518430206,45.23539880974532,45.16082503937804,267,0.6549953692713478,1.1669438547191318,1.3568982725195144,0.7071479253687372,1.7024578920797369,0.7799747377984182,0.7739030132114337,267,0.13412904739379883,0.30564303398132325,0.36295530796051023,0.15770247009363067,0.5815448760986328,0.19238961416672104,0.19004483019833296,267,1.3058403243585701,2.627416266550758,2.9287011336125057,1.4268321572042373,3.10830682560249,1.6711256894199917,1.6752138087029498,267,2.019975185394287,5.930666923522949,7.380126118659973,2.6481230916518173,11.305133819580078,3.4717343537497105,3.418306607244277,267,1.9725399017333984,6.268520498275758,7.986848163604732,2.6830029844861016,11.687489986419678,3.611324151019299,3.6186253779935456,267,0.47134506702423096,1.1554336667060854,1.3452327251434326,0.5708605613967592,2.0158682465553284,0.7024252050687696,0.6936087686741963,267,0.3588547185063362,0.8714588254690172,1.2278172641992569,0.4237947531290503,1.6841658763587475,0.5516617223686592,0.5455118741862244,267,0.39974843710660934,0.7681000679731369,0.8842009242624044,0.4151969795125756,1.0956803634762764,0.4887667228178026,0.48581315388151153,267,0.16733022034168243,0.4275305896997452,0.4757558938115835,0.20138487162594754,0.8134378641843796,0.2552195649688733,0.25348929532654907,abs_roll_deg
A3_dynamic_delta,2,0.2,175,175,0,0.0,0.0,175,0.03950026919526756,0.08023309442036886,0.09982423849700602,0.04536779545623953,0.15114383215928962,0.05306610072935829,0.0524018297335425,175,0.03800201416015625,0.07211952209472655,0.08440322875976557,0.038824622631072996,0.138916015625,0.0471663532247644,0.046469847555600706,175,0.05721051244116801,0.10473625006571488,0.12135156817861086,0.06468159011466504,0.177246754987995,0.0709977177319218,0.07026579500842636,175,0.32226576694399106,0.5626688700706205,0.7202036176746031,0.3550373390536139,0.8698587523668145,0.390437679368685,0.3871466018820306,175,2.9816558368443777,5.132038573866651,5.879247818889903,3.1533857046940974,9.264583389027186,3.5220746395294515,3.4424976310382456,175,0.6336243964257042,1.0699170406509513,1.1942646954201808,0.6609781511732872,1.669319557569194,0.7324430757535721,0.7215168896748125,175,0.12811851501464844,0.29727306365966794,0.3162130832672117,0.1484721074785505,0.4448277950286865,0.1792189589567473,0.17826176503748842,175,0.15984114375206815,0.3223053897115761,0.3743297941335777,0.16926676711339525,0.6345224170935779,0.2045231256712597,0.20671283516927655,175,0.13158464431762695,0.29931961875408886,0.3610027015209196,0.1533144813749407,0.595703125,0.19105734589826964,0.18752461716669946,175,0.12665367126464844,0.3063184738159179,0.3656118154525756,0.14550842425652913,0.534029483795166,0.18344426648019435,0.17880737566565003,175,0.1913076639175415,0.45419362187385554,0.5785286456346508,0.2284556861102049,0.8145759105682373,0.2868568861726287,0.283561660900855,175,0.3024411052465439,0.7621264666318893,1.0283692464232446,0.3769754862871819,1.5748906433582306,0.47785777284753683,0.4692057808737912,175,0.4401572346687317,0.8055420517921444,0.958555632829666,0.43164879832882436,1.2635402232408524,0.5166637082418217,0.501953961558398,175,0.12204334139823914,0.32087508514523505,0.39982362538576105,0.15482047773365465,0.7287485264241695,0.20293698710278169,0.20248761629447065,abs_roll_deg
A3_dynamic_delta,2,0.5,175,175,0,0.0,0.0,175,0.1454028509168249,0.27435528208252996,0.3049668666409515,0.1607256743033503,0.44238240120473377,0.1795308357648962,0.17730180115028898,175,0.07904624938964844,0.19491500854492186,0.23471565246582027,0.09334231308528355,0.35478782653808594,0.11806993371975286,0.11650710145974781,175,0.1718162994257983,0.30654970192453235,0.34285158814840466,0.1965876312203162,0.49251154132045577,0.21487631381571343,0.21228599062102688,175,0.6503018928630072,1.1096675757745365,1.3109095001275117,0.6997003626177801,1.8191484472119266,0.7700437817157276,0.7642620099736105,175,6.245749233473428,11.23439500903491,12.261445074798132,6.767234709033531,17.7279917951336,7.427159864814618,7.397989414591298,175,0.6309199123745403,1.065360634124746,1.2029166854346203,0.6615365878754672,1.4946207108092293,0.7222751835452056,0.7225393006299644,175,0.13085436820983887,0.2995385646820068,0.35789058208465574,0.1519430719103132,0.45589661598205566,0.18478847993357891,0.18576191418889415,175,0.2171034138970498,0.5071538898146215,0.5458861961909773,0.2596225408320368,0.841955175147355,0.314862241033126,0.3170712730976002,175,0.2516193389892578,0.5878394305706023,0.677075593173503,0.29615860497312885,0.9722833931446075,0.359489034507603,0.35116482435759316,175,0.2747974395751953,0.5795608520507812,0.7255635261535642,0.3017336980147021,1.4351223558187485,0.38016166559002723,0.36820711909931686,175,0.38865965232253075,0.8885573983192443,0.9857939451932906,0.46039738610120756,1.678073763847351,0.5649886439953169,0.5651154559518728,175,0.3493654429912567,0.8308126628398895,0.9912763178348539,0.4148350449119295,1.3873642981052399,0.5150944066114748,0.5132329799171969,175,0.357748880982399,0.7093399032950402,0.8135931774973867,0.38460504777330373,1.1059113889932632,0.45060810288505915,0.4493056277862698,175,0.1459045559167862,0.3717598304152488,0.4770133953541517,0.17822323028530393,0.7673487663269043,0.23089289867200558,0.22999414279180647,abs_roll_deg
A3_dynamic_delta,2,1.0,175,175,0,0.0,0.0,175,0.4604839732670228,0.798991269901206,0.9202878868188883,0.4989365666129094,1.4340856659922387,0.5570965862950465,0.5462969062281904,175,0.22971820831298828,0.5800624847412109,0.6972818374633787,0.2800929525920323,1.1976776123046875,0.3585382123171676,0.351208385677128,175,0.5455015674971017,0.9810774674182704,1.1198577540607393,0.602428385175484,1.5930378401966256,0.6625000046439129,0.6496905433847299,175,1.1106690104436585,1.9659935188399487,2.11452167685293,1.1710217343510168,2.8833463854021555,1.292370838333099,1.2893520249246915,175,10.099143475531495,19.05405453573749,21.590767496279717,11.248579704642488,32.83411931150642,12.6059306329257,12.57704868037756,175,0.6565941320680873,1.094942911546589,1.250423616315495,0.7021291586664318,1.9826332946136729,0.7727147561947229,0.7608512739141788,175,0.12401580810546875,0.31572594642639157,0.3492611885070798,0.1508467388153076,0.42675042152404785,0.18356618033705635,0.1857807109248774,175,0.387827430319156,0.9423201086315256,1.0810330282730365,0.4645186756001247,1.6330035655336346,0.5731844998351489,0.5764373575741596,175,0.46070432662963867,1.165303325653076,1.425060057640075,0.5591316453899656,2.5050747394561768,0.7080872458233326,0.6916411734856914,175,0.463276743888855,1.2700620293617249,1.5542309939861292,0.5806823340058327,1.9576085805892944,0.7404129244841645,0.729743140555902,175,0.535977553576231,1.2853835105895997,1.3979826912283897,0.6409957401454449,2.1727611422538757,0.7877966345021605,0.7962792660928837,175,0.35800714790821075,0.9179774403572081,1.0648910343647,0.43580588688475214,1.738961935043335,0.5498554578522714,0.5317298170064634,175,0.36049823090434074,0.7894464820623397,0.8740897893905634,0.3962956728972495,1.2640193402767181,0.48163201190870536,0.4822635844493476,175,0.16769370809197426,0.3878727182745933,0.488558180630207,0.19452258186813975,0.9150963425636292,0.250554734570935,0.24464163983434153,abs_roll_deg
A3_dynamic_delta,2,2.0,175,168,7,4.0,0.0,175,1.609091202187067,3.3630662506330258,3.731457011162088,1.8084791773346711,5.462075255380207,2.1009867000628897,2.0573800344742876,175,0.6023845672607422,1.3933109283447265,1.7187170028686511,0.694078061921256,2.5748138427734375,0.868812652916975,0.850486663598037,175,1.7350060462740695,3.4597927702773696,3.9297055840161597,2.020851322357727,5.5459139173813785,2.2735392100664953,2.2277621090936144,175,1.9602287404094634,3.741274311220037,4.603665236281895,2.226971462269861,7.8021125233838555,2.590728018596309,2.5403931299646785,175,16.621796661594384,35.87308608001041,41.54240774991238,19.49456241001195,80.45580060610713,22.766776055549983,22.589706798811005,175,0.7380070210925325,1.164739442182982,1.3728611583140389,0.7588441262128318,1.9116071752229102,0.8363796374538943,0.8331257999289814,175,0.1317729949951172,0.3415494441986084,0.4043280601501461,0.16252225739615303,0.5402572154998779,0.20334129899243247,0.20325912384132053,175,0.68150842722563,1.6429152399466047,1.9646601742272742,0.7830566876052902,3.05520090745258,0.9943981379443381,1.0003137564245759,175,0.9588756561279297,3.021265172958374,3.7498103618621794,1.293790652230382,6.868121683597565,1.76123303368891,1.701545455744275,175,0.9192414283752441,2.920699691772461,3.4459950029850006,1.2704618542534964,5.119727522134781,1.693118349604861,1.652604012540392,175,0.6396818459033966,1.3502757370471954,1.594639032334088,0.7154716896265745,2.5465504229068756,0.8621369506141285,0.8563489439413114,175,0.36010855436325073,0.8850171765312552,1.0197577543556688,0.4310229738535626,1.6768112182617188,0.554164502539006,0.5423221007332446,175,0.43507400155067444,0.8789251297712326,0.9388560455292458,0.46806180149715926,1.4556909203529358,0.5548786421037774,0.5586717479542728,175,0.16321346070617437,0.5012582480907438,0.6087363481521606,0.22424296909061792,0.9477398693561554,0.2907615769152999,0.28927627086917,abs_roll_deg
A3_dynamic_delta,2,3.0,175,150,25,14.285714285714285,0.0,175,3.4586185414321644,7.795701140141117,9.70816089796615,4.162121356499763,15.797483844820517,5.024039354644545,4.916410772361275,175,0.8614673614501953,2.154161071777344,2.384613800048828,1.0272703157152447,3.380796432495117,1.2653517304487285,1.2362301668815472,175,3.7804801191492516,7.99393423683448,9.71512092590037,4.404465895036358,16.001138519492763,5.18093490007033,5.073340369686519,175,2.636974059651563,6.177203661808999,7.526332877748867,3.2605067575037445,13.35603645762139,3.9963329133041277,3.915129631443166,175,22.647206744726898,53.608724923438245,65.82474849627698,28.280947452389164,117.7807876623019,34.095743999672735,33.80702059259494,175,0.7173482125871584,1.1947717891329719,1.3943278375942856,0.767786966336405,1.9572823967249944,0.8454785014092963,0.8265974617518946,175,0.13778209686279297,0.335416030883789,0.40318608283996576,0.16314447402954102,0.5362837314605713,0.20170335717240365,0.2009379552326785,175,0.9987350795301637,2.075808485545382,2.463296043960026,1.1050374617928036,3.1181129667332574,1.3344431702281125,1.3355003130879073,175,1.4322832822799683,4.998988199234009,5.495358657836912,2.073564709233386,12.16192078590393,2.927491157681206,2.8421029000110067,175,1.3819372057914734,4.537166190147397,5.486646759510039,1.9080307799258402,8.078920841217041,2.589724685815109,2.539183266546215,175,0.5652048587799072,1.3559597074985503,1.6324436511844393,0.6706092001976711,2.2639926075935364,0.8329455728533758,0.8278274083400616,175,0.37009554728865623,0.9450238674879072,1.1689047150313847,0.4562606299083148,1.8973645716905594,0.5979832720730187,0.5713216691937346,175,0.4289724323898554,0.8280141144990921,0.9860647469758987,0.44496251249286745,1.2003315687179565,0.5243889522044672,0.5147319394934353,175,0.18148894514888525,0.47379573285579674,0.5692499943077562,0.22447464306705764,1.1052586063742638,0.28682072706144557,0.28215837896073814,abs_roll_deg
A3_dynamic_delta,2,5.0,175,117,58,33.14285714285714,0.0,175,8.93798287610694,22.408577719736982,28.118517413822843,11.132431536637814,46.20743460347376,13.854357885683857,13.608224153560382,175,1.1912040710449219,2.9633464813232417,3.385362434387205,1.4172790391104562,4.684313774108887,1.7752786736894874,1.739198995400771,175,9.207494213012506,22.478194997952812,28.20060889060345,11.335553139435117,46.22888643737427,13.967635690905857,13.722917271637325,175,3.7980106995401037,9.943357684163761,12.123502077231294,4.7671956096831805,17.365197284193417,5.8693484872159285,5.794698911839585,175,32.21501263642589,91.77078654920304,110.45440484730851,41.918605052116995,176.39302099155427,53.40445774983303,52.8134062891353,175,0.7165417051197527,1.2186578267915953,1.4326574398991803,0.7607071753822795,2.0762505067134285,0.8438030619293839,0.8374649642074742,175,0.1554861068725586,0.37318811416625974,0.42743773460388185,0.18292632102966308,0.5017821788787842,0.2239571332372586,0.220015819414704,175,1.6433907951039544,2.8207231290512453,2.9494218533248917,1.5991662979803343,3.126709896502256,1.8282355584017267,1.8398663915139217,175,2.0146493911743164,6.964263290166854,9.467535543441768,3.0896952304723007,17.099523544311523,4.39010371856963,4.3220539942553575,175,2.1637802124023438,5.860740053653716,8.618415936827653,2.837706952903952,12.638341903686523,3.8225611943124678,3.759095315699895,175,0.5138698220252991,1.2313857361674307,1.5517818093299849,0.5970761665382556,2.029400944709778,0.7511770232917446,0.7448734146387901,175,0.38152436167001724,1.0483756352216005,1.2644408144056796,0.4814464754584645,2.0348849929869175,0.6220244543946227,0.6033237873934423,175,0.4233148396015167,0.7656742870807648,0.8540340598672627,0.42472090193336565,1.34152402728796,0.4997416288290988,0.5018442748218763,175,0.1812102571129799,0.4311402678489685,0.5336231619119643,0.21298614752478898,1.095855113118887,0.274494972397884,0.2714499693514591,abs_roll_deg
A3_dynamic_delta,0,0.2,117,116,1,0.8547008547008548,0.0,117,0.03125902559887916,0.059847390381279994,0.06599215883901126,0.03479003488862859,0.12057167881587705,0.041214932431353275,0.04126689317959182,117,0.03472900390625,0.08305912017822267,0.09757900238037107,0.04311774734757904,0.14978599548339844,0.0523509677106533,0.052108827195541794,117,0.05708553224518683,0.09652097408540924,0.10774876381803573,0.0599039369991332,0.16899790190402716,0.06662803070452315,0.06708184844343407,117,0.3426396957891795,0.6148921748453537,0.7445628694559252,0.37550195240252743,0.9692378576018541,0.416195425085827,0.41440601083624024,117,2.918302325846881,5.273529942401989,6.739277577999841,3.190961782387338,8.30056356323573,3.5682276649257574,3.5551202078414397,117,0.6290148993710463,1.0390473840108798,1.1401108919606637,0.646473458715402,1.4418152422041457,0.7064893116902872,0.7071097740219775,117,0.15302753448486328,0.3340814590454102,0.39353313446044896,0.16728501544039473,0.4828939437866211,0.20469805812911665,0.1992124709146578,117,0.16426701375064567,0.4343251610321232,0.4895368714893676,0.19962702717117922,0.6345224170935779,0.2498545168669616,0.2426545537653073,117,0.12574303150177002,0.2647618293762207,0.3008028984069824,0.13198574600566146,0.48400020599365234,0.16107216170032632,0.1575857831729636,117,0.15310382843017578,0.3174334526062013,0.3792678743600843,0.16785097617305753,0.5316498279571533,0.20211410193559612,0.20199454686613016,117,0.22013133764266968,0.5164342045783997,0.6491264104843137,0.2632373875528415,0.8641829490661621,0.32622734463303915,0.32425444581749524,117,0.34811546467244625,0.7060028195381165,0.7989548504352566,0.37547846376481986,1.3160308748483658,0.4608969970017563,0.4571743374810168,117,0.3378412574529648,0.8172926068305972,0.9406004190444944,0.3967366467158382,1.3031104505062103,0.49139676655859343,0.49019481956372496,117,0.15796023607254028,0.3470886066555977,0.4348061606287956,0.17383656240143996,0.53954653814435,0.21267421917839027,0.21273467896406628,pitch_deg
A3_dynamic_delta,0,0.5,117,114,3,2.564102564102564,0.0,117,0.12253159628404234,0.21508337216089604,0.2471584566537182,0.1307895674772097,0.3615213152367432,0.14658969317668222,0.14688321114165565,117,0.09183120727539062,0.21646080017089844,0.24668388366699207,0.10649658675886627,0.40142822265625,0.1322565317692852,0.13005599075483357,117,0.17463355026738941,0.2796988731102516,0.3213728155782107,0.1808348553208474,0.4408705167945169,0.19743436464119865,0.19735528080672268,117,0.6039070448764344,1.0781307910931297,1.1732792166479757,0.6610114597060529,1.5864236236403642,0.7254495639831927,0.7251896576324853,117,6.275382834844683,9.221341334647796,10.734909354159718,6.258426985838252,14.176487984045078,6.805554791960916,6.8235384489307105,117,0.6168288575203403,1.0163545763784338,1.1510720807149633,0.6649732734309357,1.8448378643920702,0.7259688561252756,0.7295424536808213,117,0.169877290725708,0.3296107292175293,0.3617424011230466,0.1830621784568852,0.45589661598205566,0.2133636719677165,0.21243020153003583,117,0.27447074973416363,0.6514548293517111,0.7399381206701001,0.31575439863822186,0.944171635342059,0.38592571265005676,0.38690725534195247,117,0.2442164421081543,0.5314262390136721,0.6179555892944331,0.2731481398591119,0.8043346405029297,0.3304158177691447,0.33251674864187847,117,0.27367258071899414,0.6076935768127443,0.6828013300895691,0.30772104935768324,0.9941582679748535,0.37088089037148597,0.3681536339159754,117,0.3295397162437439,0.9013592123985291,0.9724328875541687,0.41519507509258247,1.542193176690489,0.5287247132569137,0.5274438242239419,117,0.3547109067440033,0.7685550823807716,0.8927503108978266,0.40671885476853603,1.328023761510849,0.49529327067601947,0.490985808151264,117,0.33456073701381683,0.7036999911069872,0.8447477340698242,0.3805113236208916,1.7926369905471802,0.47780497021293605,0.4825962188053401,117,0.13409624993801117,0.37104530073702335,0.4795820683240889,0.17711201443786645,0.7549686692655087,0.2311228386090563,0.22919898910708655,pitch_deg
A3_dynamic_delta,0,1.0,117,107,10,8.547008547008547,0.0,117,0.42085224803099364,0.7287123315988878,0.7896709604584159,0.44600380844879334,1.0815264690779527,0.4886556473693106,0.48795847402542225,117,0.21513843536376953,0.524053955078125,0.687823104858398,0.24900812572903103,0.9528636932373047,0.32161744789206886,0.31985407728012394,117,0.5021319155868755,0.8325842605996437,0.9156457808441387,0.5430820254080982,1.2502881752425634,0.5849975422978524,0.5836339823287586,117,1.0829774445328135,1.7106252663390917,2.0755509506661247,1.128269759060258,2.628352326047781,1.2212730515689663,1.2237879832675813,117,10.049245267331973,16.113655765043532,17.49566185940064,10.240101006794932,22.722628382571337,11.115173029346353,11.122331243891256,117,0.6833552891908267,1.069985107171711,1.172490349273657,0.6983768615132693,1.6079780930299348,0.7578156520597464,0.7591941973420571,117,0.16301178932189941,0.36554236412048347,0.4130532741546631,0.18543003766964644,0.5434970855712891,0.2255994018393026,0.21725753418018962,117,0.39891019738681166,1.1178571384046154,1.2917480544032804,0.5243052452074244,1.9593612876904913,0.6745438673671883,0.6724381344555243,117,0.45276641845703125,0.9793385505676272,1.3549101829528787,0.5163259502404776,1.8851118683815002,0.6550978484403187,0.6559681642598139,117,0.562861442565918,1.1331284046173096,1.3046043694019316,0.6081409988940781,1.9144895523786545,0.7185223422051057,0.7038982543860808,117,0.510562464594841,1.23459107875824,1.417859324812888,0.5940573238329883,1.9913854002952576,0.7389724752719339,0.7396640854734114,117,0.2753806710243225,0.9203382462263108,1.0303140193223952,0.3859983139599745,1.540885727852583,0.5094324755458605,0.5076507481706679,117,0.39939799904823303,0.8430867433547974,0.9300700336694715,0.4416493355917434,1.3074848055839539,0.5182070288814725,0.513072724918258,117,0.1305796205997467,0.37539404630661016,0.48845393061637876,0.16323978826453367,0.5806729942560196,0.2149990478671743,0.21303817748242876,pitch_deg
A3_dynamic_delta,0,2.0,117,95,22,18.803418803418804,0.0,117,1.50470572330042,2.820658161456206,3.1892095636664597,1.623592510517669,4.2800252366326195,1.8179894966807322,1.822293312197719,117,0.5273838043212891,1.2108654022216798,1.3671012878417967,0.5956330747685881,2.097524642944336,0.742080466751529,0.7485036518964956,117,1.6488579874051974,2.8916215067756887,3.35588849955965,1.8026509279963912,4.349776972219061,1.9636112724201877,1.9727878511260717,117,1.8125230579159264,3.4680811389460886,3.6822069718585695,1.9852119326900728,4.931730938384085,2.1948448266199194,2.195876181333891,117,16.80862845872757,29.282921811563817,33.90660829152293,18.0415026184666,44.01143986797492,19.785904678139516,19.651113367165113,117,0.6125452889220024,0.9843294445800588,1.066265535345739,0.6539661391513795,1.5977194214625137,0.7123193021791872,0.7116584311615919,117,0.17715167999267578,0.4079493045806885,0.446075963973999,0.212258275757488,0.5434384346008301,0.25027043408339866,0.24844659789126627,117,0.5230546236864697,1.473709521105417,1.8456872439289012,0.7041907974249573,3.1050807692991,0.9149878147269569,0.8855108128539186,117,0.8945181369781494,2.0561569452285773,2.959454303979873,1.078345341814889,4.235068649053574,1.3924951697270216,1.3824336062030924,117,0.905860424041748,2.5339527130126958,2.843901634216306,1.1607352232831156,3.802156448364258,1.4677377754765264,1.4624114501400238,117,0.6019406020641327,1.3301746079698205,1.6929730951786015,0.6824682190552609,2.265722930431366,0.8509094180148408,0.8552117115866015,117,0.3203458748757839,0.769654130190611,0.9892508670687672,0.37527992895955586,1.4742185026407242,0.4843823643844257,0.4843617641518212,117,0.3123655244708061,0.7312574245035648,0.8478217855095863,0.37258651801265585,0.9709009081125259,0.453515058999304,0.44603424956206067,117,0.17548717930912971,0.43384723365306865,0.5154116742312908,0.20929311535746042,0.6697092205286026,0.2590301229418222,0.25810970888795726,pitch_deg
A3_dynamic_delta,0,3.0,117,77,40,34.18803418803419,0.0,117,3.122546631611281,6.486253583298689,7.520026379171265,3.7288507749733615,10.29154944808242,4.263640486947941,4.264120781418749,117,0.7144813537597656,1.76736011505127,2.0707571029663083,0.8466979275401841,3.1632862091064453,1.072172538975162,1.072807143739168,117,3.344480436895939,6.532459463352183,7.619256427801631,3.91800659473766,10.291634713019336,4.396383076493008,4.400556556425928,117,2.5941641214744315,5.395833367209655,6.320060605506144,2.9714449205146236,8.621615537122047,3.4248971207944128,3.404775350326836,117,23.515529507427367,45.79144932437643,52.398826078737315,25.3327501594388,68.83769081500188,29.038139319714002,28.683838378820372,117,0.6780115874429261,1.0900221211781216,1.3307602459931245,0.7211530265591883,1.5721608791387225,0.789937311522368,0.7851516536530004,117,0.18138742446899414,0.3927740573883057,0.4248351097106933,0.20498208510570037,0.48163628578186035,0.24104230891850778,0.24073618206118558,117,0.862887389142287,2.0287517043223646,2.843485625080913,1.050935847606949,3.131953312929298,1.314566170219881,1.280762993176016,117,1.3333516120910645,3.8866237759590168,4.945355200767516,1.8064423049362297,7.612162113189697,2.415244528288101,2.3505673045289153,117,1.4421000480651855,4.020350003242493,4.698204970359802,1.8223911659139345,6.264532029628754,2.3381921061838695,2.3441388261953753,117,0.38081079721450806,1.0522864013910296,1.320716929435729,0.5111946358433009,2.0435193181037903,0.6552647031388825,0.6476148468732168,117,0.3536108657717705,0.8902407363057139,1.125891926884651,0.4112520391622988,1.304687537252903,0.5327333116755446,0.5282540846259763,117,0.4611625261604786,0.7878499804064631,0.8549824532121414,0.42762046004446524,1.3440146073698997,0.5108876846460583,0.5044680056618733,117,0.2019727099686861,0.4637266516685486,0.5440500423312185,0.2324478792598268,0.6968801021575928,0.2814070866971607,0.27712364432277947,pitch_deg
A3_dynamic_delta,0,5.0,117,63,54,46.15384615384615,0.0,117,9.703020119161565,19.802168388400816,21.724198943555223,10.36804006489044,27.355965058728174,12.091900382409005,11.969612976831167,117,0.8812980651855469,2.4573616027832044,3.143122482299803,1.182123359069865,4.273697853088379,1.5063727368647104,1.5142040317008874,117,9.716539263887423,19.926187928038043,21.732395452208497,10.548775867633829,27.35787450581257,12.18536883645597,12.068542668940552,117,4.277305125593218,8.346399321152237,9.003313215686784,4.326557256667068,12.64416496733796,5.135568070455596,5.025052842266358,117,35.23624291207342,69.61225544004458,81.7994948197132,37.71015066447605,124.45049254579362,45.245101916049286,44.17338963876705,117,0.7080594146202708,1.1231254605572434,1.2764912168235638,0.7279314449268374,2.0762505067134285,0.7949938685299632,0.7988037354658665,117,0.15298008918762207,0.3708666324615479,0.399938154220581,0.18697173778827375,0.5074789524078369,0.22550795568859314,0.2199943861461353,117,1.2367099947445155,2.6578624912198636,2.825516845992729,1.3591633924498976,3.031214396701856,1.6224213469326334,1.5953589504231116,117,2.0045061707496643,6.227647829055786,6.899771600961683,2.711504469315211,10.744687557220459,3.5701452382340895,3.438914340637414,117,2.1637802124023438,5.909578180313111,6.682788634300226,2.7340908303347407,11.687489986419678,3.6161214871568235,3.5505768405570897,117,0.5029407143592834,1.17601198554039,1.4335282802581784,0.591508706820667,2.073361372575164,0.7428241880284968,0.7329045483737794,117,0.33952232636511326,0.9592800095677381,1.1269062787294386,0.4340227297069425,2.0348849929869175,0.5627210278405446,0.5612773755127174,117,0.379410058259964,0.8418190330266953,0.9138277903199196,0.41912852556038743,1.34152402728796,0.5030322752997017,0.5015091185946613,117,0.1434081830084324,0.4339985013008118,0.47725974917411795,0.19171766377537727,0.6712455004453659,0.24963738869232474,0.24967122124629532,pitch_deg
A3_dynamic_delta,1,0.2,298,295,3,1.006711409395973,0.0,298,0.030021045412654195,0.05857121784058762,0.0748844233056663,0.03330828900272686,0.18231686816916662,0.04049667457841965,0.04046677496584109,298,0.034130096435546875,0.06574363708496093,0.07638015747070306,0.03682763384492605,0.1335505247116089,0.04374302086821591,0.0431978685311721,298,0.05145597282217666,0.08136641321720973,0.09902697957609757,0.054385402425639016,0.18255540087259217,0.05961067460268833,0.05927740860811529,298,0.3259115225959611,0.531073102694215,0.617112567270302,0.34385878334156705,0.8376985687015448,0.37567234590266857,0.3789243055156595,298,2.4945385777125595,4.62916906341878,5.231200297385776,2.701895044124062,7.215720326875712,3.0142192977093636,3.041541737841582,298,0.5685131320528133,0.9640015437313274,1.062862310464574,0.595118016254764,1.669319557569194,0.6603685145186945,0.6687039816499165,298,0.1281038522720337,0.3019363880157471,0.34133557081222526,0.14850878795521372,0.4318861961364746,0.18057076287406829,0.18028206631607774,298,0.15697625952394034,0.3384693998029122,0.39583407183140484,0.17620883107352853,0.5066819272778531,0.2115123805088079,0.2101244791563109,298,0.11654353141784668,0.2691391468048096,0.3104533120989798,0.13466340679075295,0.595703125,0.1661550807828807,0.1660106978365161,298,0.11160176992416382,0.2750798344612122,0.3157733142375945,0.133060198764773,0.534029483795166,0.16574080770227073,0.16660144330716267,298,0.21680562943220139,0.452363395690918,0.552242700010538,0.2435841060606075,0.7334703132510185,0.29334652762261826,0.2965559404279407,298,0.2748197317123413,0.6906475029885774,0.9119573615491389,0.34218866289722194,1.5748906433582306,0.4383114779393167,0.44203196403821154,298,0.3683583661913872,0.7165222108364105,0.8157490748912094,0.38261319357814305,1.429443359375,0.46108992671940996,0.4681545234838815,298,0.11128252651542425,0.2922303020954133,0.3508299415931103,0.1381058369008449,0.6194492280483246,0.17710364974265305,0.17704967567608518,pitch_deg
A3_dynamic_delta,1,0.5,298,292,6,2.013422818791946,0.0,298,0.1249996174404526,0.22202466143612262,0.259708711054552,0.1333975627388344,0.4741611705348054,0.14880277491651192,0.1488920645995308,298,0.060250282287597656,0.1688116073608399,0.20229597091674803,0.07545514314766698,0.26372385025024414,0.09658019280317538,0.09588117023848321,298,0.15093843874657978,0.2586847065209189,0.283997500914962,0.16308120360972708,0.5139863588919548,0.17739785642660014,0.17718665527347885,298,0.5913573863994908,0.9198329211425439,1.0603214765670397,0.629956276724917,1.8191484472119266,0.6820914386333079,0.6888002201116278,298,5.160747551585878,8.951330811771383,10.544889083169135,5.6507364304019,13.953031877960662,6.173599941303075,6.221234004915064,298,0.6061913849361569,0.9943217366782933,1.1214238808581924,0.6162064161065989,1.4946207108092293,0.6740561750680939,0.6816698766842882,298,0.13081002235412598,0.3121407270431519,0.36336323022842393,0.15395438911130765,0.4624168872833252,0.18925899090330994,0.18972766929252055,298,0.24025130370505465,0.5333541220371282,0.6384283912965748,0.2720601912553645,0.979349915499995,0.3350460628062237,0.32966088373979135,298,0.26463866233825684,0.5145943522453309,0.6004253149032592,0.28671127422743997,1.3118205070495605,0.3429271510694782,0.3436702702018752,298,0.26512664556503296,0.5443045139312744,0.6025872677564621,0.2882987088492553,0.929466724395752,0.34521255083094077,0.34763902994405915,298,0.3350849971175194,0.7632805675268174,0.8596578344702719,0.3838709372458292,1.678073763847351,0.47799371801836693,0.4827494522666922,298,0.30111826269421726,0.791818729043007,0.915129843726754,0.3668966897874258,1.375047206878662,0.46194364029203355,0.4661408951263438,298,0.3597574457526207,0.7108789287507534,0.7863916382193561,0.3834973548745249,1.115233901888132,0.4511751099641769,0.4553111513247076,298,0.11966910026967525,0.30587275251746177,0.37838060073554497,0.14974710009812423,0.764849454164505,0.19339291737286032,0.19412322109070146,pitch_deg
A3_dynamic_delta,1,1.0,298,280,18,6.0402684563758395,0.0,298,0.44061670612355297,0.7188568308416322,0.7986508808285961,0.4587195335469338,1.4769423624711977,0.4987578597981796,0.4992653429836304,298,0.15510940551757812,0.4365612030029298,0.5770354270935057,0.20880959698017812,0.9297161102294922,0.2730554696365912,0.2717157625841025,298,0.48540887252588943,0.809407609628209,0.9194834607476476,0.5277631834804969,1.551279467051683,0.5686111959932904,0.569133125217202,298,1.003469162026315,1.6635552556897857,1.9986592867057702,1.0728314210209173,2.8833463854021555,1.1645433932481415,1.1728037953013086,298,8.363231506026628,16.39482788383535,18.41673089958077,9.421927465988293,30.276942725468196,10.434052059494404,10.544054319582834,298,0.6259602917478517,1.0684525859636989,1.259065512757451,0.6570822444196756,1.9826332946136729,0.7316370196549594,0.7339910222781282,298,0.1457686424255371,0.32592630386352545,0.3769186019897461,0.16578276125376656,0.42675042152404785,0.19949304888654923,0.20006245964482527,298,0.46425002284773964,1.0314360757418273,1.131525159742146,0.5014004000167722,1.6330035655336346,0.6141715235135128,0.6069365432059348,298,0.48083341121673584,1.0618162393569948,1.267575850337743,0.553234234985883,2.2816739082336426,0.6778667562421694,0.6788708421807385,298,0.45369255542755127,1.0758353233337403,1.268938384950161,0.5327961019071557,1.865241289138794,0.6612674240974076,0.6655790230067614,298,0.4194510839879513,1.133788426220417,1.2590518034994596,0.5402306177068952,2.1727611422538757,0.6777782597333689,0.6818766651188028,298,0.3130947817116976,0.8504603080451489,1.0546227630227802,0.39932901543196314,1.738961935043335,0.517145217768096,0.5164741278677344,298,0.3612771388143301,0.7581228017807008,0.8357728928327559,0.3946731648475851,1.2640193402767181,0.47106103502385305,0.4725754086674203,298,0.12977140955626965,0.35731755569577217,0.4282131087966262,0.16155847447333255,0.9150963425636292,0.21437129833873833,0.2141298378559387,pitch_deg
A3_dynamic_delta,1,2.0,298,251,47,15.771812080536913,0.0,298,1.4455528267541213,2.8031881307912565,3.392105012587691,1.6213434653932361,5.091844796388753,1.8395061639888248,1.8442509746380644,298,0.4398202896118164,1.1173835754394532,1.3053006172180173,0.530846454553156,2.2542800903320312,0.6733771978443381,0.67755013282387,298,1.5866492315666116,2.948198960214409,3.5436206949932854,1.7704231633712204,5.328975986103718,1.9588822777108312,1.9663561336226505,298,1.5420950236155568,3.1206813113708116,3.690165666541194,1.8078142384929123,7.397417769897661,2.0798438587294887,2.090406931130132,298,13.746788074417818,27.22788756589856,31.62262378621686,15.55343187353565,55.99147562903463,17.81260749266677,17.98718386078288,298,0.6645301731976783,1.0884987142073845,1.2663683071476586,0.6830080470375715,1.7366071848667612,0.7531848388769087,0.7589228989218111,298,0.1443718671798706,0.33914296627044677,0.382523226737976,0.16652287012778672,0.5402572154998779,0.20292341298174688,0.20451452395819375,298,0.6319327554000935,1.4756742820161173,1.6857094573020077,0.7272732473755305,2.999895013268187,0.9132079394487241,0.9188529087862054,298,0.7502202391624451,2.033132457733154,2.7277226686477656,0.9841190317056561,5.6849987506866455,1.3038651937089012,1.3064138467474267,298,0.8130321502685547,2.391107362508774,3.1522332802414894,1.0750737378261233,5.126070857048035,1.4424657046019569,1.44814374547969,298,0.5300601590424776,1.1366407461464405,1.3595971122384067,0.5952820994550575,2.5465504229068756,0.7382267432004884,0.7366680247885965,298,0.3176104426383972,0.8777814432978631,1.0871468273922802,0.3894685784604044,1.6768112182617188,0.5136106320542055,0.518707000943434,298,0.40999530628323555,0.7590108498930932,0.8894617390818892,0.42879662154970577,1.3664858490228653,0.5035391817623016,0.5030357725875481,298,0.13154542073607445,0.3870011555030943,0.46951866259332725,0.16625438207208065,0.8394738715142012,0.22347217407334224,0.2264331034907224,pitch_deg
A3_dynamic_delta,1,3.0,298,235,63,21.140939597315437,0.0,298,3.0143184925818316,6.523414739099137,7.500661586651433,3.492131795688076,15.797483844820517,4.113481813331351,4.133533837375727,298,0.6091527938842773,1.6143686294555668,1.915515303611755,0.7399320970445671,2.8847579956054688,0.9414308432183675,0.9536461095465615,298,3.13634112355077,6.69075261823293,7.677903843895754,3.6564817683976796,16.001138519492763,4.2198370420160325,4.243163878587945,298,2.1302772058574204,5.038137724974051,5.778435208771051,2.5915238132651663,13.35603645762139,3.1097614834781244,3.139378467505508,298,17.630714665901436,40.520232791209814,47.905306903559534,21.884003071627735,107.48988526272544,26.229415930895566,26.507396006155357,298,0.6609629387716898,1.1060892840151155,1.247044867313133,0.6891719986342315,1.7147898775380672,0.7526924416092223,0.7581522414350025,298,0.14942240715026855,0.34922502040863035,0.385828649997711,0.17255374969252005,0.5362837314605713,0.20918650181071927,0.20768703990627566,298,0.7815392783344315,1.879914960394036,2.2043179287890897,0.9144183257931271,3.1181129667332574,1.1436619656018734,1.1423285858542278,298,1.1135408878326416,3.2533719778060917,4.186183804273605,1.4896893461489575,12.16192078590393,2.0702806820619175,2.0861076799255023,298,1.3029115200042725,3.6623499631881713,4.9505629986524555,1.6495434961112954,7.92635715007782,2.2179788803217564,2.236503877879464,298,0.47033969312906265,1.1113715186715127,1.3191922783851615,0.5495967873319009,1.9549185931682587,0.6820000498914582,0.6909501456827567,298,0.29110213927924633,0.868406017497182,1.1266476092860098,0.3958731694486861,1.5638580583035946,0.5187286100325362,0.5199471658931151,298,0.40175972133874893,0.7412452310323715,0.8608006147667765,0.41830772657459914,1.2003315687179565,0.4859603340026201,0.48800805305197803,298,0.1585145266726613,0.4047446727752686,0.47684477409347875,0.1883488279463014,1.1052586063742638,0.2476067336835316,0.2485169257300995,pitch_deg
A3_dynamic_delta,1,5.0,298,192,106,35.57046979865772,0.0,298,7.659066179771773,18.60023038897527,21.380622306963573,9.194016679472037,46.20743460347376,11.143120161424404,11.243045554894668,298,0.9399223327636719,2.3403829574584964,2.7880445480346667,1.0942411827761054,3.755044937133789,1.3737821377447565,1.392736909466549,298,7.892146359749275,18.701093273909088,21.424928702640546,9.356726309410634,46.22888643737427,11.227484326149364,11.329494306910798,298,2.9787326072247913,7.294276152299978,8.943259674425951,3.79168465936761,17.365197284193417,4.648546501140585,4.703167318287646,298,25.164589605991246,64.62027678059133,80.21220255148874,32.7700995256808,176.39302099155427,41.043609659976504,41.45385677035155,298,0.6473336011369379,1.0883353453947002,1.3383604283853723,0.6878613471959713,2.1267094077361524,0.7641673826037231,0.7676113004447306,298,0.14890837669372559,0.3216980457305908,0.3912221550941467,0.16830084867925452,0.5815448760986328,0.20509115079894466,0.205745863897338,298,1.2519340540362194,2.502988386286192,2.8164583948501574,1.309466734348697,3.10830682560249,1.5551180153713617,1.5618985259733715,298,1.5960109233856201,5.1443306997418405,6.418416456878181,2.2949766757641763,17.099523544311523,3.2009249832670004,3.242565192239178,298,1.822317123413086,5.668958225846291,6.828199356794351,2.479723188751096,12.0814208984375,3.303970319255264,3.3268479824990846,298,0.4503685310482979,1.0685341358184814,1.2700033739209173,0.5392112899915434,2.0084961652755737,0.6684638765436689,0.6691114046773959,298,0.3269605077803135,0.8774149127304555,1.1315660474821922,0.41522800386126424,1.7002130020409822,0.5439764697562561,0.5455287455803838,298,0.4004090502858162,0.7207069510594011,0.8040210844948886,0.4054141951546748,2.1070601074025035,0.48250159667520875,0.482375174871021,298,0.16361200623214245,0.38178606750443583,0.46396591663360565,0.18452335776393566,0.8624580949544907,0.23501829331526508,0.23818991759904734,pitch_deg
A3_dynamic_delta,2,0.2,307,305,2,0.6514657980456027,0.0,307,0.03204106753386374,0.06181452894301628,0.07380790521873318,0.03508353384401446,0.15114383215928962,0.04115018445428272,0.04068671201028348,307,0.0338134765625,0.07290611267089844,0.09215087890625,0.0380526301526868,0.17872929573059082,0.047504851032294765,0.04778049450685598,307,0.051395216763211925,0.09052238482096663,0.10697312807468774,0.05628512448120722,0.1821114716407171,0.06284941170943455,0.06294164048123184,307,0.31569210794836683,0.5231704337750009,0.5875114025815381,0.33110469661935193,0.8462897420640609,0.3625709442082964,0.36381296975234917,307,2.793607216730935,4.866958375591308,5.6668697184095205,3.078054944139266,9.450087732257767,3.419879421751028,3.3532237933443456,307,0.5953623431653414,0.9231260692724369,1.0567993162414449,0.6031189171878428,1.5902976596249783,0.658957861063823,0.6536392924746188,307,0.13613224029541016,0.28105087280273444,0.3256720781326294,0.14769842414980214,0.4448277950286865,0.17649768518952266,0.17601448817076118,307,0.14879217588011784,0.3269787615530831,0.36435542495718765,0.17018531114749483,0.6454494701388427,0.2038940839950022,0.20356196724700162,307,0.11552000045776367,0.2927334785461426,0.34294877052307127,0.14119749349854424,0.5547483563423157,0.17636834641820495,0.1744502403349512,307,0.10953021049499512,0.2487037658691407,0.3091097831726074,0.12796655712279123,0.49077320098876953,0.15937219523660734,0.15844803925961046,307,0.1913076639175415,0.44643602967262286,0.5019028410315513,0.22245377960769575,0.8145759105682373,0.27377435846197934,0.27568602396228403,307,0.29298606514930725,0.6607327565550807,0.7838060468435285,0.34315547912953426,1.390955537557602,0.422737214035144,0.4219977060631751,307,0.34656715393066406,0.7194959044456483,0.845945970341563,0.3860358152768335,1.3335663378238678,0.4675760048421733,0.46040350244248185,307,0.10913624614477158,0.2975560236722232,0.3941163450479507,0.14339540906611478,0.7287485264241695,0.19207131546237013,0.188552403780401,pitch_deg
A3_dynamic_delta,2,0.5,307,305,2,0.6514657980456027,0.0,307,0.12338653608080612,0.21768663939976954,0.26546455069684716,0.1314961215389516,0.44238240120473377,0.14814698934592957,0.146504552389696,307,0.06730079650878906,0.17297554016113295,0.21301604509353633,0.08313097394638808,0.3914813995361328,0.10777295745664302,0.10762231520623682,307,0.15057799981137304,0.2718613002075575,0.314166072152784,0.16627736817593727,0.49251154132045577,0.183200820989466,0.18190251339101446,307,0.6338608354687261,1.0394283542101852,1.210982013184815,0.661161233935696,2.4047202271929766,0.7249238699689555,0.7193417732749341,307,6.01865858648101,9.660089371449729,11.732582846022257,6.340515551092423,17.7279917951336,6.925328822842377,6.871474715832946,307,0.5859422400993833,1.0664339928808355,1.1929627918259724,0.6324546111651539,1.6721764890734714,0.7006085470210963,0.6982430077523487,307,0.1304941177368164,0.2815904617309573,0.3409485340118408,0.1423798803397809,0.5104284286499023,0.17448555032498406,0.17243064518028708,307,0.20108855563512404,0.5087859289708279,0.6318707272243486,0.2575317999977832,0.9018722496593127,0.3166194366158854,0.31143469538404556,307,0.24091720581054688,0.5406356811523438,0.6202547214925288,0.26429051039467416,0.9722833931446075,0.32181879375157246,0.3125460183952038,307,0.23573732376098633,0.5119761466979981,0.6021103382110594,0.2675217338852851,1.4351223558187485,0.33324944671220286,0.32417369396343143,307,0.3879025727510452,0.8651087284088139,0.9916473284363746,0.4501242921444973,2.0488911867141724,0.5575769789948833,0.5579990820082397,307,0.30225542187690735,0.8359612882137301,1.031016232073307,0.3860992964369272,1.49746435880661,0.4979466018570218,0.49589198577580146,307,0.3677472621202469,0.6970912158489231,0.8199709728360175,0.3852309255685554,1.1188827455043793,0.45588287857649623,0.4517948272072406,307,0.11345204710960388,0.3073407471179964,0.4006975457072255,0.14392896255096974,0.7673487663269043,0.18727604993395197,0.1895791547962277,pitch_deg
A3_dynamic_delta,2,1.0,307,302,5,1.6286644951140066,0.0,307,0.4099585187795429,0.687282186881589,0.7956833727920491,0.42726401269380404,1.4340856659922387,0.48112487729098047,0.47143594152347107,307,0.21306419372558594,0.5272544860839851,0.631397724151611,0.26029001229749055,1.3466529846191406,0.331205127218968,0.3260850283502057,307,0.5098898782690794,0.7915094687392122,0.9821847819911201,0.5334878587925221,1.6835134416559254,0.5841044288861315,0.5733667140038377,307,1.0670399534863826,1.7116534316945087,1.9443928613753738,1.0730392004039344,3.461467250920485,1.1902504899379365,1.1759247213643191,307,9.706971805989614,16.300447561589458,18.580117270915625,10.521261887940286,32.83411931150642,11.535969437569516,11.4738021904294,307,0.6377509796417149,0.9999009508929558,1.160932163230352,0.6481242722735017,1.6738925188349674,0.7111993493843256,0.7113690239971932,307,0.13120555877685547,0.3142047882080079,0.35763182640075675,0.1524993068620514,0.5174524784088135,0.18717763422921563,0.18538487715605045,307,0.3993346675753884,0.926810622866431,1.1016306183337679,0.4658164711381664,1.5863039977323155,0.5699002456506247,0.5590883390949744,307,0.4142904281616211,1.0178215503692631,1.1277088074944912,0.48453800604338926,2.5050747394561768,0.6200372556326752,0.6060221816755655,307,0.43145132064819336,1.0486393928527835,1.3374423027038569,0.503862008552525,2.0117231607437134,0.6392196759054486,0.6186015332935109,307,0.5037542134523392,1.3066621899604807,1.5674773305654524,0.6176780251974198,2.6536220610141754,0.7897140218840816,0.7899431370948167,307,0.3219035267829895,0.7779602169990544,1.0037450797855854,0.38710354850020756,1.6583000868558884,0.49522805580793183,0.4928359471516279,307,0.38862624764442444,0.7100272625684738,0.790464462339878,0.3885154016058079,1.1384894251823425,0.4590075265270181,0.46080491408406693,307,0.13867003889754415,0.35911133289337177,0.4692410867661236,0.17045102519793162,0.6910052299499512,0.22330646631240406,0.2206423223510945,pitch_deg
A3_dynamic_delta,2,2.0,307,288,19,6.188925081433225,0.0,307,1.4179614981291897,2.710405767678984,3.3059775409117775,1.5839727147680018,6.058345477589944,1.8350073102891764,1.7936615741430497,307,0.5361337661743164,1.3341741561889655,1.697198486328125,0.6395396794092383,2.6374683380126953,0.8263917953060482,0.815910485818432,307,1.6503119325880509,2.9397314695332377,3.4686780940713104,1.7987257099873593,6.130891352757494,2.0125047150662456,1.97111934292846,307,1.7276561165759892,3.2573484157668497,3.881663810721464,1.9238382791050814,7.8021125233838555,2.2339085984609257,2.196865027425379,307,13.96517672512706,29.524458707732073,36.42675285781937,16.847189256055493,80.45580060610713,19.836704758813454,19.677381446955337,307,0.6881452324482569,1.1608158559910113,1.3288018802185095,0.7413179300597557,1.9116071752229102,0.811468695759126,0.8039059130372262,307,0.13377809524536133,0.3188671588897706,0.3483951807022095,0.15738718905744026,0.4777836799621582,0.19004338882841673,0.18965259058883793,307,0.6973401702818762,1.6134175780568902,1.9556770802989618,0.8052562307617113,3.05520090745258,1.002078833189661,0.985186598774245,307,0.8048758506774902,2.101834630966187,2.9224860608577705,1.0858308328770658,7.095016717910767,1.4866046643982107,1.4355537464898775,307,0.9183096885681152,2.525414228439332,3.120642995834348,1.1286865171888412,5.119727522134781,1.4718769503645666,1.4391947625599333,307,0.511184174567461,1.330081528425217,1.5622996807098388,0.6235871630484171,2.2537570893764496,0.7835384107066119,0.7801211296654984,307,0.37845733761787415,0.9426672264933587,1.1063605240546164,0.45801618311543574,1.745638897176832,0.5748149126772291,0.5646554362117316,307,0.390557125210762,0.7988203302025798,0.9023885071277616,0.42449605533343526,1.4556909203529358,0.5018692670714384,0.5000193496802652,307,0.17442145943641663,0.45274433046579365,0.5413977842777967,0.21573339869777888,1.0423222025856376,0.276037133607172,0.2745803067862257,pitch_deg
A3_dynamic_delta,2,3.0,307,270,37,12.052117263843648,0.0,307,3.148926518706625,6.603629573374761,8.05390639204463,3.684787608717804,15.076209778044216,4.363503370920185,4.286483887925718,307,0.832000732421875,1.9694122314453137,2.2553482055664062,0.9505667298158528,3.380796432495117,1.1891271985015317,1.1754026780398867,307,3.331517933117387,6.767092690638148,8.167836941278663,3.904398699928707,15.079505870986184,4.522630336678858,4.445987507817353,307,2.374335960504545,5.503962794551644,6.795575527587702,2.936839952304733,12.379255364027006,3.5552406234131504,3.510847707548211,307,20.870040281158133,47.38178905509637,58.51701616509257,24.788557407474787,117.7807876623019,30.340241533350817,30.167914504030307,307,0.696758759247349,1.1726264629098655,1.3427843893366314,0.739719455731989,1.9572823967249944,0.8148457674156612,0.8035070863006233,307,0.13861298561096191,0.3186879634857179,0.3498665332794189,0.1585336865353662,0.5067250728607178,0.19296183242096573,0.1895872677916226,307,1.0284265353868207,2.14381584016046,2.506738721888937,1.1042196956975037,2.98462544458878,1.3229370087396723,1.3117873763912555,307,1.3488426208496094,3.8471910357475303,5.353942792117595,1.7914327394083773,11.783040761947632,2.4997077062519204,2.4195087946246705,307,1.3741137981414795,3.8075857242569384,5.221973234415053,1.7820228777571008,8.622092247009277,2.395627396520664,2.3868381569462125,307,0.5522742047905922,1.3515395462512974,1.6183828234672546,0.6472768522541157,2.5259382724761963,0.8075683566804215,0.7970608051913597,307,0.39246418327093124,0.92308042049408,1.1765221372246741,0.4683071799919082,1.8973645716905594,0.5894523431277623,0.5739049183392428,307,0.40198804438114166,0.7752543866634369,0.8823594465851783,0.42016742964588405,1.1794190555810928,0.49641110405946803,0.49329675808271267,307,0.1563880741596222,0.44254489578306744,0.5392065688967704,0.20556260257294243,0.8327757585793734,0.26475569044473535,0.26480763696272025,pitch_deg
A3_dynamic_delta,2,5.0,307,236,71,23.12703583061889,0.0,307,8.099907591765422,19.34346945515166,24.31626663421298,10.199943469810512,42.55027048476041,12.51400465805217,12.395875564384584,307,1.1958370208740234,2.731204223632813,3.3041427612304677,1.4090572857701429,4.788150787353516,1.751085468688918,1.7300928640225468,307,8.254296014193534,19.498350879239972,24.32245839605989,10.39727279639761,42.68031676105594,12.635925486500973,12.520755820828324,307,3.6679734817618614,8.989138539990154,11.140006342110652,4.520164394218088,15.677680849946356,5.4963812801354175,5.458466063879594,307,30.772440388334026,81.82961849320337,99.901041567827,40.083155810998484,175.79332518430206,50.184085410469145,49.966723059320046,307,0.7219581165362972,1.212541994671033,1.3575415147746435,0.7476807663476424,1.849186047229043,0.821479600277304,0.8161990133797685,307,0.1348741054534912,0.33179450035095226,0.371893286705017,0.16212192032158568,0.46451473236083984,0.19833118371370478,0.19492979777631564,307,1.572734629753711,2.7507521967928543,2.981984087133884,1.5439121827770192,3.126709896502256,1.777371968881668,1.7852938629438408,307,1.9944751262664795,6.378492498397833,8.073655050992961,2.833045222907985,15.662912845611572,3.862795520856639,3.7873741316262333,307,2.0421533584594727,6.670369243621828,8.345122668147086,2.828660850231126,12.638341903686523,3.8393557733457415,3.842622142170952,307,0.51229128241539,1.2963838160037995,1.4366056263446807,0.5972296020610665,2.029400944709778,0.7405168373167844,0.7359136680287158,307,0.3665384352207184,0.9301858209073545,1.2269774977117778,0.4362110169653717,1.6712110340595245,0.5644356889208334,0.5588585956637525,307,0.442099004983902,0.8120748460292817,0.9187072150409219,0.45108649260758843,1.1917493790388107,0.5257224685382056,0.5222491023645097,307,0.18190747126936913,0.45181407928466805,0.5699640139937396,0.22128283699742346,1.095855113118887,0.28258976063955116,0.2800203054151428,pitch_deg
A3_dynamic_delta,0,0.2,368,364,4,1.0869565217391304,0.0,368,0.02784148880180638,0.05957295070332415,0.07481390300243769,0.03275994148892539,0.15114383215928962,0.03954031359708395,0.039015583130940015,368,0.03520679473876953,0.07315216064453126,0.090931224822998,0.03924793069777281,0.17872929573059082,0.04732740507841536,0.047156659865771715,368,0.051201232095864545,0.08962355878764092,0.10403687630578605,0.05548748303561093,0.1821114716407171,0.06167106023745787,0.06138659961657704,368,0.33984127843470857,0.5622463696794213,0.6803124247374016,0.3582511985681849,0.9692378576018541,0.39339892406295757,0.3932066153493369,368,2.646627137462813,4.895656613074766,5.665291277677819,2.925762825660147,9.264583389027186,3.2875486192699888,3.2702456851952504,368,0.5747499179722202,0.9668917525599363,1.1271048530951782,0.6074705595597759,1.669319557569194,0.6691488747689975,0.6681296304736826,368,0.15756094455718994,0.3330403327941895,0.3826892733573912,0.17000169825294745,0.4828939437866211,0.20542520321996677,0.20559418890536446,368,0.16651121627757348,0.3663565931008734,0.43873958799970886,0.1957745800823189,0.6345224170935779,0.234030138296656,0.23423692096797072,368,0.12348461151123047,0.26671833992004396,0.2993253469467163,0.13594520523253342,0.5547483563423157,0.16534366534550218,0.16382273044331228,368,0.11281299591064453,0.27196755409240725,0.33025227934122087,0.13502930759695236,0.534029483795166,0.16684878320348723,0.16638164391558313,368,0.23867598921060562,0.48176665306091315,0.5952413007616996,0.2592331123982465,0.8641829490661621,0.3155719717077595,0.31551764573700997,368,0.28974687680602074,0.6696923375129701,0.8088607780635355,0.3381955479463099,1.5748906433582306,0.42418036971547224,0.4225127707987144,368,0.3480080831795931,0.7676838219165805,0.8852099921554324,0.3880851234071483,1.429443359375,0.47708816840520857,0.4741823277732585,368,0.12400650978088379,0.319786535948515,0.4230664484202858,0.15533778506284326,0.6926989853382111,0.20054453400784614,0.20066207271827138,motor_command
A3_dynamic_delta,0,0.5,368,361,7,1.9021739130434785,0.0,368,0.11545767267858387,0.21430817392771492,0.25777556952148095,0.12543099599105553,0.3615213152367432,0.14019230944530456,0.13962713575948277,368,0.0711507797241211,0.17148857116699218,0.20533008575439454,0.08548570003198541,0.35478782653808594,0.10681445791923086,0.10572847721925942,368,0.1493924006094056,0.2558670668269216,0.2946165906078887,0.16176209620032958,0.4529379028337316,0.17624758735423066,0.1753572354967824,368,0.5830762678923116,0.9156223589490566,1.066250556658224,0.6110956437297242,1.5551438536062285,0.6548585384245482,0.6531869962803254,368,5.531074640675376,8.899385730439796,9.977885948762758,5.725523589472831,15.182930656059135,6.233725597472155,6.224798926250035,368,0.607171986475878,1.021060290595115,1.1811020269533217,0.6354887772236036,1.8448378643920702,0.6972804463100328,0.6970718464844692,368,0.15338754653930664,0.33643691539764403,0.37363466024398784,0.16938585237316464,0.5104284286499023,0.2045146547550996,0.20439670341780047,368,0.2672152262329952,0.5774038295853772,0.6540596007690609,0.2981103338279521,0.944171635342059,0.3602170604847429,0.35979212566547975,368,0.2627735137939453,0.5110076427459718,0.5827306747436523,0.2743996996736235,0.944542407989502,0.32399344782883477,0.32207029720809277,368,0.2482602596282959,0.5236899405717851,0.5961819171905517,0.2792622710213713,0.9133024215698242,0.33101719459692697,0.3312881872586127,368,0.3283622972667217,0.7776269719004631,0.8945539951324462,0.3721676991636227,1.542193176690489,0.46292069298390603,0.46058532433595456,368,0.3133229538798332,0.8217235654592514,0.9807177305221553,0.3789886968550728,1.49746435880661,0.4838464774009493,0.4803857948896864,368,0.3597574457526207,0.6941382840275766,0.8220990965142843,0.3879637653735699,1.7926369905471802,0.4631980634415654,0.4625695740094625,368,0.11828251741826534,0.31167848748154947,0.38709372561424965,0.14779592630245886,0.764849454164505,0.19375283517150105,0.19208687264158808,motor_command
A3_dynamic_delta,0,1.0,368,342,26,7.065217391304348,0.0,368,0.422987880191359,0.6631058552227278,0.7417333001165605,0.4285446904609555,1.0446407904940875,0.46452007812064855,0.4633380036289452,368,0.17597484588623047,0.4300630807876587,0.4988042831420898,0.2124473141587299,1.1976776123046875,0.27021512938990594,0.2667576006650422,368,0.4789181862516227,0.7591093340004471,0.8375788540336927,0.504617229556618,1.3910676896706022,0.5373966125018067,0.5351156922542659,368,1.0051509890886792,1.531544173187715,1.678194439877282,1.0283615272738516,2.2464519916434336,1.100097476135184,1.094435785597955,368,8.141684171139573,14.97062162788982,17.333003681138972,9.080945516641714,30.276942725468196,10.049287569882042,9.992093043727333,368,0.6446284502415733,1.047362446164787,1.2117446031033832,0.6593858222024345,1.8673315275582605,0.7289416141663628,0.7250481388118294,368,0.17075622081756592,0.3400870084762574,0.376670503616333,0.1798213111317676,0.5434970855712891,0.21433363451896004,0.21362508579302691,368,0.46218638530067946,1.0381229417514248,1.2253816845929202,0.5234996025746013,1.9593612876904913,0.6420147649139016,0.6405880020000898,368,0.4533465504646301,0.9971744775772096,1.1516472011804575,0.5141811362567672,2.038501262664795,0.6197153888579966,0.6173204736162818,368,0.4717276096343994,0.9966247618198396,1.1986511230468744,0.5238073949965284,1.9058690071105957,0.6373251427460611,0.6313054342522284,368,0.38332243263721466,1.0792584046721458,1.2818533062934876,0.5100074982240229,1.9913854002952576,0.6480616916893766,0.6444305401619044,368,0.3030749224126339,0.898250061273575,1.0347393129020919,0.38798189704823965,1.6583000868558884,0.5133781735255308,0.5060246760800025,368,0.39527480490505695,0.7458510531112552,0.8407705713063478,0.39837018394388474,1.3074848055839539,0.4710618539179068,0.4699649109286108,368,0.12517919269157574,0.36902180612087254,0.47479211180470876,0.1606000883046205,0.6910052299499512,0.21424158698646048,0.21307737114629136,motor_command
A3_dynamic_delta,0,2.0,368,310,58,15.760869565217392,0.0,368,1.4700754226432158,2.5658843306860954,2.9413618696626584,1.5484757054012952,4.524380632985077,1.7253173230899783,1.7120962284945023,368,0.39596056938171387,1.0615739822387698,1.3062737226486203,0.4967445193425469,2.5748138427734375,0.6447472561276198,0.6344535950757842,368,1.6072070576182615,2.6684257727458047,3.0408859817416416,1.6918074784409338,4.52507824432963,1.8418520270745051,1.8285216938570144,368,1.5154740511406037,3.012700276376683,3.6258026167895454,1.765195094173442,7.8021125233838555,2.0117483255189326,1.9906422173424843,368,13.780687785222996,27.628453102311273,32.02920592316237,15.52368301408574,80.45580060610713,17.987792774427387,17.76978144006489,368,0.6495755729659317,1.0955732711291928,1.2232829154019145,0.6799019846960868,1.797441065263088,0.7479544777808879,0.7443223977723108,368,0.15443384647369385,0.3476810693740845,0.3840559244155883,0.1770751469809076,0.5434384346008301,0.21308987417219116,0.21148653699344927,368,0.6739393157008494,1.6241606061759022,2.0883397080749355,0.7929251476623738,3.1050807692991,1.004129386298865,1.0024012541661373,368,0.781375527381897,1.9741334676742557,2.5144708752632137,0.9862186217740047,6.868121683597565,1.2983724319242533,1.2782147867475515,368,0.8069659769535065,2.3616906940937046,2.8511697657406327,1.046509877373667,4.864090919494629,1.3601334785761234,1.3434391228591858,368,0.5187776423990726,1.1486435398459436,1.3336649030447005,0.5759734947021807,2.130723476409912,0.7151204609740537,0.7090491963876848,368,0.3031883742660284,0.8989520192146302,1.0801371578592807,0.3964984657315021,1.6163864806294441,0.5150739285107958,0.5083643884787845,368,0.3968944316729903,0.74594755358994,0.8711122371256351,0.41251058424519293,1.3664858490228653,0.4878541956082861,0.48737453668991043,368,0.15033026970922947,0.4006778534501792,0.4679721847176551,0.18238092682258866,1.0423222025856376,0.23692410773985895,0.23465367650351482,motor_command
A3_dynamic_delta,0,3.0,368,275,93,25.271739130434785,0.0,368,2.8949985014734017,5.923471711395987,7.11006486416344,3.3639681164553603,14.00572912076511,3.8962354740438756,3.8507468415968362,368,0.6088895797729492,1.5524717330932618,1.8814527988433836,0.7253073803756548,3.380796432495117,0.927000162752991,0.9052208854340844,368,3.1109346767331187,6.074424198812975,7.206919910200889,3.5174731699467743,14.130881244169965,4.004994403359632,3.9589868088911544,368,2.0953610466874335,4.761102610155751,5.494500971787734,2.5398468616005436,12.379255364027006,3.0180823364065295,2.9761405028246504,368,18.35761353961406,39.801688751167134,48.01479374677255,21.930991801734525,117.7807876623019,26.42075236442174,25.966907422070438,368,0.6468286950139084,1.0812169631682669,1.2177112280022029,0.6706161236852458,1.7147898775380672,0.7358990192695825,0.7310812980834556,368,0.16342830657958984,0.3649914741516113,0.4044736266136169,0.18486547664455746,0.5362837314605713,0.2218137825371553,0.22096458033925503,368,0.8881218473130731,2.019643088266331,2.3802945328914142,0.9991084138790515,3.131953312929298,1.2314272323967264,1.2259689218779013,368,1.2077596187591553,3.22031581401825,3.8327853128313984,1.533963877653941,11.783040761947632,2.0825919646652977,2.0297510989691867,368,1.2162930965423584,3.5129759520292283,4.170593979768455,1.5482924025855027,7.902731746435165,2.066213908156641,2.042422733733184,368,0.4827749654650688,1.1605643376708032,1.4009804134722792,0.569025457166034,2.0435193181037903,0.7087960099920796,0.7079851853495773,368,0.3096958212554455,0.8689440801739693,1.1237606540322305,0.39897464884542505,1.5638580583035946,0.5172717770124663,0.5092681120103815,368,0.36761922016739845,0.7231874378398061,0.8015643443912265,0.39242834309144475,1.3440146073698997,0.4640933777044696,0.4628072153608739,368,0.16965276934206486,0.4042530119419099,0.48767354171723104,0.1916305419784729,0.7213914915919304,0.2420632397518368,0.2402616136286558,motor_command
A3_dynamic_delta,0,5.0,368,224,144,39.130434782608695,0.0,368,7.690091424065908,16.786035461134887,20.464257429149345,8.949081853939385,42.55027048476041,10.754900070825643,10.577689553236471,368,0.8376092910766602,2.2488963127136237,2.6991663932800285,1.046858143992722,4.273697853088379,1.3340278545063087,1.3122314432040747,368,7.892146359749275,16.907897327645266,20.575975606363365,9.098396753495342,42.68031676105594,10.837320049257755,10.66008122988095,368,3.0177201218259064,7.48073451923,9.039246053374605,3.862813580186109,14.420836689752536,4.678011569522369,4.573897086298023,368,25.654987595854564,64.91404150563183,80.92735669015713,33.55901323213565,154.23854796396154,41.31983401756997,40.28582316885988,368,0.6539609198526244,1.1473420484165788,1.3740544155358072,0.6986321153917431,2.1267094077361524,0.7738751165054535,0.7663221800111863,368,0.1494274139404297,0.3586416482925415,0.393925940990448,0.17547946714836618,0.5815448760986328,0.2161371822236265,0.21501629846791195,368,1.2801936029190202,2.6075410456226695,2.888687601981378,1.364359909389068,3.126709896502256,1.6060805690491302,1.6034645014873963,368,1.7076170444488525,5.391367590427399,6.862385556101799,2.407698076979495,13.358739852905273,3.2796342611210165,3.162920728733591,368,1.976140022277832,5.662912280857563,6.492065173387524,2.4716655688724765,11.687489986419678,3.267738460090841,3.212944623132512,368,0.43337665498256683,1.098318000137806,1.3355329886078828,0.5356917512013435,2.029400944709778,0.6705793870299631,0.6662906434992106,368,0.3338136887177825,0.9242905654013158,1.144136230461299,0.42140545887682296,1.7002130020409822,0.5499609675610624,0.5376119360116902,368,0.38758058473467827,0.7391220536082983,0.8671180013567208,0.4048365383009102,2.1070601074025035,0.48563156365168825,0.4842835300161399,368,0.16479709139093757,0.4025287888944149,0.475944272428751,0.19260575502717667,1.095855113118887,0.24614551487046354,0.24464307099948845,motor_command
A3_dynamic_delta,1,0.2,268,266,2,0.7462686567164178,0.0,268,0.03141281585736179,0.05969945430445478,0.06776124363595602,0.034839254476683706,0.18231686816916662,0.041557726841729176,0.04120560328959382,268,0.034151554107666016,0.06850638389587405,0.08335142135620112,0.03743364762014417,0.138916015625,0.04520068368095809,0.04450071627590295,268,0.05196362504435306,0.08553317197903285,0.09853477570946298,0.05583785532490876,0.18255540087259217,0.06140151842974088,0.06076200283974688,268,0.29833932879937125,0.5237595406871961,0.5980771925272249,0.33194438651603686,0.8313665249176064,0.3640294384747977,0.36241810761000404,268,2.621339555126871,4.589627383055872,5.397049863681405,2.843551077679403,9.450087732257767,3.158577186581816,3.131738583092032,268,0.5983636910220607,0.8978947345028717,1.0212172251278877,0.5984329676361712,1.665204489284716,0.648243002845205,0.6485371512567265,268,0.12143862247467041,0.26534690856933596,0.29605289697647075,0.13656261785706478,0.3490281105041504,0.16229618455541686,0.16287036359287232,268,0.14786895432148128,0.3289156996374452,0.37689677266674276,0.16328028002111422,0.476847597687275,0.19829952743933144,0.1979388777210402,268,0.11125016212463379,0.29275143281556676,0.3378825187683103,0.134964563242688,0.48531341552734375,0.16987430535020484,0.16857303280783462,268,0.11820375919342041,0.2878154754638672,0.3277923107147214,0.1407444890129811,0.5316498279571533,0.17579513965843765,0.174702693694943,268,0.18283814564347267,0.437745213508606,0.5079891040921212,0.22022623559043034,0.7034363746643066,0.26973361179232425,0.2673150165711933,268,0.30264469236135483,0.6728533700108529,0.7727713428437708,0.3536841801594449,1.4998459815979004,0.4360651584309879,0.4351590088088459,268,0.3501248527318239,0.7102941155433655,0.759006755799055,0.37661682978209887,1.2635402232408524,0.44717042387812495,0.44649232832418695,268,0.10184202156960964,0.28026877939701084,0.33264651484787455,0.13295898667741707,0.7287485264241695,0.17350729191876604,0.1738523043660222,motor_command
A3_dynamic_delta,1,0.5,268,265,3,1.1194029850746268,0.0,268,0.1279880737983254,0.2150025012954364,0.2529562400992801,0.13617087826563487,0.4741611705348054,0.15347749874803973,0.151493387129038,268,0.06095850467681885,0.18528232574462894,0.2169648170471191,0.07935218980063254,0.3079719543457031,0.10331442814461414,0.10151984398281384,268,0.15709819134338054,0.27084187689527284,0.3003821560647863,0.16890451912212956,0.5139863588919548,0.18501138798680253,0.18259063605417042,268,0.6313607811380505,1.0125454563185228,1.2247546985333586,0.6612885456507286,1.7419481843787827,0.7195025982332686,0.7162573952362231,268,5.693533065269809,9.181601852274111,10.825073685930954,6.011827693038255,17.7279917951336,6.5524793442515845,6.551542030855876,268,0.5864677450707972,0.9789370964608904,1.13749073260778,0.62008470188318,1.6721764890734714,0.6773627549199948,0.6788183867604085,268,0.11940908432006836,0.2820436954498291,0.3263578057289121,0.1377750012412,0.4784517288208008,0.16931529188977487,0.16990871337661767,268,0.19864536345517436,0.510952218550883,0.6078124874926829,0.24779335275377137,0.8783683033367141,0.309571373944576,0.30924995772653097,268,0.255969762802124,0.4871446609497071,0.6540715456008911,0.27419859783918554,1.3118205070495605,0.3338559926616991,0.329778635474032,268,0.252649188041687,0.533800745010376,0.6351287722587584,0.27612250231540025,0.9941582679748535,0.33953646104842006,0.3334259904750867,268,0.38848647847771645,0.84643484801054,0.9790714032948011,0.4431786078980554,1.4826530516147614,0.5393877609354985,0.5393727408364548,268,0.3045270349830389,0.7621679171919823,0.8839672103524208,0.37708658084739,1.427244484424591,0.46543517150390706,0.46586546767458153,268,0.37244223058223724,0.7055306274443865,0.7910795807838431,0.38988665052482846,1.1188827455043793,0.45735216543850754,0.4588578405370535,268,0.10919016972184181,0.2975902065634728,0.359793873876333,0.14093520032371604,0.7673487663269043,0.18171240917626294,0.18002296643147933,motor_command
A3_dynamic_delta,1,1.0,268,263,5,1.8656716417910446,0.0,268,0.419117613940587,0.7143451104701377,0.8131915772240937,0.447648918979374,1.4769423624711977,0.5023398210559074,0.4938910716128892,268,0.21004867553710938,0.5553117752075197,0.658393025398254,0.24826545768709324,0.9715938568115234,0.318708013567213,0.3157179877318228,268,0.5046087380002614,0.8211589323527535,0.9612472860638424,0.5446140438555581,1.5930378401966256,0.594911836939256,0.5862877830150521,268,1.0479910487751085,1.7582479831649698,2.0023428650267254,1.0857716845150034,2.828031629980605,1.1978197005100062,1.1918151982129896,268,9.671983435504792,16.014667423684884,17.54267566525864,10.314079492879973,32.83411931150642,11.18348342052451,11.216539077098076,268,0.6233097693679246,1.011299018970494,1.1498984279868525,0.6379114641321709,1.6432733536308792,0.7000611210555066,0.697593970966315,268,0.1295708417892456,0.3233733892440796,0.38796464204788206,0.15482194654977144,0.5174524784088135,0.1919701173211781,0.19260795544361806,268,0.40937562614824685,0.9434721486619732,1.1237899961584723,0.4716502793194839,1.6330035655336346,0.5832242295909837,0.5777344111702776,268,0.41714048385620117,1.0384761095046997,1.2683590412139887,0.5006629980313453,2.5050747394561768,0.655585932956465,0.6473519088724674,268,0.4496684819459915,1.0838725328445435,1.2689235210418697,0.5175889979547529,1.8368380069732666,0.6482627580688273,0.636418576043196,268,0.5605382993817329,1.249337885156274,1.454488154128193,0.6171496252359044,1.8426681086421013,0.7646793549851331,0.7663175015675956,268,0.3106297068297863,0.7404971376061442,1.0239964824169874,0.3778315133496827,1.3582907617092133,0.4766852145266644,0.47168255742084336,268,0.35187208093702793,0.7511957578361036,0.8160754248499863,0.3912178127089891,1.2174256592988968,0.46381345167465454,0.46238516364893884,268,0.13442709855735302,0.35828673653304577,0.4098340272903442,0.16719373954119465,0.8301729867234826,0.21848080352928825,0.21849367186538796,motor_command
A3_dynamic_delta,1,2.0,268,241,27,10.074626865671641,0.0,268,1.4167915218477793,2.9057409291564573,3.4602273134429473,1.6047777563781327,6.058345477589944,1.859469766716166,1.833102070595291,268,0.5370879173278809,1.2517434597015382,1.4968893885612478,0.6352376003763569,2.6374683380126953,0.7895324355868468,0.7868862590046658,268,1.5838118889579436,3.0468339412053775,3.5537340175474,1.8119348269828561,6.130891352757494,2.020145856163651,1.9960376280231287,268,1.7800607056532685,3.4217825072632744,3.8758838264755084,1.9188344870167835,7.120364831569578,2.1901124379560106,2.176055924334565,268,14.161489564007267,27.53673849834,34.85916002567757,16.380372361526472,56.15741492367679,18.710565849826967,18.717838958311876,268,0.6679540366007255,1.079754077940447,1.3130706406963821,0.7022452520822918,1.7832786783719954,0.7647098700507459,0.7594075305557672,268,0.15042340755462646,0.3286504745483399,0.37220844030380235,0.16493790363197897,0.4785895347595215,0.20035239832538054,0.20134443602086743,268,0.6767968442279901,1.4702553053656757,1.6910669977649269,0.74612326971699,3.05520090745258,0.9081619680094498,0.8952540969133013,268,0.7823466658592224,2.0807975053787233,2.786278310418129,1.049522486835051,7.095016717910767,1.417599692343933,1.4074192130301335,268,0.877597451210022,2.6217300146818165,3.2283367872238156,1.1178948140022025,5.074716806411743,1.4651857266988573,1.4409106082125966,268,0.5348853468894958,1.3314159557223324,1.5778017431497573,0.6412224016923791,2.265722930431366,0.8001464799859765,0.799736029343104,268,0.3529225364327431,0.88164077103138,1.0663813645951437,0.424907629269978,1.745638897176832,0.5385568616988688,0.5304532578345814,268,0.36902623251080513,0.741873690672219,0.8479098819196222,0.4074311371572983,1.4556909203529358,0.482029177294746,0.47965089971905084,268,0.1492256224155426,0.42342161759734165,0.5141944033559411,0.19267394199251517,0.7977922856807709,0.24977102375304525,0.2500097049472611,motor_command
A3_dynamic_delta,1,3.0,268,229,39,14.55223880597015,0.0,268,3.1458041295548833,6.752578293175971,7.729958879924261,3.6899489298256003,15.076209778044216,4.325249552241782,4.285979516234094,268,0.73211669921875,1.9018704652786256,2.142993068695068,0.8867306638119826,3.0566444396972656,1.1098977941208155,1.1062054910876964,268,3.349235512094124,6.817386344033652,7.869503519602776,3.899018890640221,15.079505870986184,4.4653842838620275,4.427681210887819,268,2.3859844255716585,5.40466919082142,6.4202472294866295,2.8487764804968765,11.764065115345284,3.3800407936596955,3.3635051842229204,268,19.655244649162398,45.5797467106172,52.94086943853462,23.283760826025034,89.77569363292348,27.61898831193822,27.53709548320411,268,0.6935680886720444,1.1808237744265822,1.4537999205300483,0.745867220914871,1.9572823967249944,0.8204396874181634,0.8155239165157682,268,0.13933217525482178,0.31841735839843754,0.35086818933486935,0.16036834556664994,0.4539601802825928,0.1944714892925493,0.1953916270231956,268,0.9160534997552325,2.1159242995144782,2.5393844067711084,1.048031088860467,3.1181129667332574,1.2867598851985758,1.2672528464862585,268,1.1575318165123463,3.8000988930463806,5.003370863199232,1.6609647456806764,11.395659685134888,2.3200843568722163,2.3161563035124524,268,1.462880551815033,3.9343505382537853,5.056767472624778,1.7830355168639946,8.078920841217041,2.351130015093307,2.322983458876726,268,0.4815029646269977,1.1607143729925156,1.3907603487372397,0.5767300916251852,1.972569227218628,0.7169881421110433,0.7009138533018829,268,0.38343447260558605,0.9297629110515118,1.1787135381891858,0.46125153801447377,1.8973645716905594,0.5931243099306133,0.5844101853422037,268,0.4387427717447281,0.7722414951771498,0.8546404344961044,0.4355499839962724,1.1794190555810928,0.5039335156141447,0.5033222039328362,268,0.16900825127959251,0.4264496356248856,0.5412055395543574,0.202485242111386,0.8327757585793734,0.2595685757192425,0.25737484427940915,motor_command
A3_dynamic_delta,1,5.0,268,195,73,27.238805970149254,0.0,268,8.010385675680809,19.059382873596743,23.030570587514298,9.835743976890798,40.53457011513226,11.813285511100203,11.734184928612937,268,1.1819257736206055,2.729702138900757,3.1935160636901854,1.3478987332600265,4.233467102050781,1.6481631316609486,1.6287541083559187,268,8.157487641997225,19.229294380065973,23.094296519393957,10.033975064933001,40.53578851895753,11.92770540696476,11.848997031969848,268,3.3349066238469316,8.381860172697033,10.529105592379013,4.11505599543651,14.439812983490585,5.029782895242022,4.98768793910765,268,27.12296645153537,74.38606916983613,96.9032727973737,36.25226590924641,147.4646690995295,45.3811833908343,44.950833811943326,268,0.7281943290362659,1.1658250880389018,1.3012512049584397,0.741290556835524,2.0762505067134285,0.8159957188241929,0.8130360459715463,268,0.14671409130096436,0.3199548244476319,0.36209567785263047,0.16339247084375638,0.4585883617401123,0.19487817798766152,0.1952093104404697,268,1.3649370265882013,2.698586838956151,2.916129292101079,1.4323676046160327,3.086862170357606,1.7005887304837712,1.6847809643811285,268,1.643468052148819,5.759500385448337,6.670328605175012,2.4555620679409422,12.08079481124878,3.3686542970470343,3.36424164323212,268,1.672634243965149,6.362945437431336,8.109021878242492,2.634602475494369,12.638341903686523,3.664371762800839,3.59165533117885,268,0.5002129776403308,1.1840461641550064,1.367512163519859,0.5916553866257196,2.0158682465553284,0.723369742416444,0.7128636524490253,268,0.3415152542293072,0.9077031759545208,1.2276056793052703,0.43870670786092697,2.0348849929869175,0.5702984903117928,0.5639197434439639,268,0.4303677696734667,0.7817361712455749,0.8862317558377981,0.4413238213199483,1.1917493790388107,0.5160976926574113,0.5140359841375182,268,0.1680137775838375,0.4365561705082655,0.5599044941365713,0.20820286910053093,0.8624580949544907,0.2724918654220661,0.27308992567845025,motor_command
A3_dynamic_delta,2,0.2,86,86,0,0.0,0.0,86,0.03797788106262684,0.06333874459083133,0.073838675624833,0.0392368654327769,0.10568140049636322,0.04434547314175323,0.044114677638098766,86,0.027850866317749023,0.07659053802490234,0.10914909839630127,0.03751293864361076,0.14978599548339844,0.04963161449174481,0.04851980064878227,86,0.0549277680721828,0.09935998831031559,0.11496565825845954,0.05943261375917731,0.17030649154280283,0.06655687902255582,0.06625657555072195,86,0.31198310070336555,0.5011690294709634,0.518676188577936,0.31692152406550955,0.8376985687015448,0.3446163067345409,0.3444069872838364,86,3.0715603241296034,5.157956438418263,5.482392293320418,3.3106710567212763,9.071580981294787,3.6354720066688504,3.5311770001046177,86,0.594236633463465,1.0460511741708705,1.3154091581846592,0.6303589516953272,1.5902976596249783,0.7174279269319052,0.6779867668326077,86,0.10731244087219238,0.20715785026550293,0.23071575164794922,0.11641831730687341,0.3516683578491211,0.13613924669058092,0.1366519581484687,86,0.13498708012321003,0.27498739136851214,0.2980735460240229,0.1431316726194001,0.6454494701388427,0.17734241402479345,0.17337504775866222,86,0.11789464950561523,0.2908676117658615,0.3514522314071655,0.14792232018310664,0.595703125,0.18732089085681172,0.1897725470151102,86,0.1121366024017334,0.24996274709701538,0.29677605628967285,0.12983637476383253,0.405606746673584,0.16125760579528314,0.1561475458376706,86,0.18675895780324936,0.38834148645401,0.44453226402401924,0.20071781149437262,0.5668996423482895,0.24014009929442992,0.2335493373158264,86,0.2889201268553734,0.7842017188668251,1.0251269042491913,0.37219316243778827,1.390955537557602,0.4797388840992761,0.44734026073097494,86,0.3691356722265482,0.788066491484642,0.9143121521919966,0.40931719589063376,1.094908945262432,0.498548554512766,0.468892392436351,86,0.11183439567685127,0.3120211958885193,0.3844089936465025,0.14790109823306286,0.6013737544417381,0.1897439649059324,0.1872963148484619,motor_command
A3_dynamic_delta,2,0.5,86,85,1,1.1627906976744187,0.0,86,0.14418302440964248,0.24026869613297958,0.2782616912887682,0.1485088430647182,0.33325873246214094,0.16371362651056992,0.16254822440021993,86,0.06259441375732422,0.2015056610107422,0.25947558879852295,0.09002113758131515,0.40142822265625,0.12448881311266263,0.11694741354116736,86,0.17311950447274893,0.3113915575875539,0.35288052480304666,0.18614146804416923,0.4564945509113701,0.20566870470599513,0.20183540556464577,86,0.6936149114765217,1.240712626426058,1.5911803956274544,0.766666080708818,2.4047202271929766,0.8693703002115157,0.8293504890204941,86,7.2626465652927426,12.062467450027928,12.535375491451603,7.494548664278626,15.588432482731475,8.136667147386511,7.7276485793485366,86,0.6026158929128649,1.1026046143498835,1.266532913742168,0.6459579127431372,1.5680980906437205,0.7302885271776097,0.7115234630341074,86,0.12608861923217773,0.24953913688659668,0.27167820930480957,0.13662339642990468,0.39783644676208496,0.1625398758678526,0.15689457779888139,86,0.19485906348714366,0.4547815285795025,0.6169153038447384,0.24379352148131328,0.979349915499995,0.3091663057683552,0.2936383435493194,86,0.22005438804626465,0.5994939804077148,0.737873911857605,0.27989726829840694,0.9398989677429199,0.3594613979164862,0.3526702674187062,86,0.2691826820373535,0.6095120906829834,0.8098962754011154,0.31716516230601904,1.4351223558187485,0.41035650529816464,0.37996528986751044,86,0.3793815076351166,1.0742078721523285,1.3162075877189636,0.5282551228436966,2.0488911867141724,0.6769045433864836,0.6288013500795167,86,0.32520587742328644,0.9061035662889481,1.0490617230534554,0.40612511001094137,1.3822010457515717,0.5305247388626445,0.5201237718561732,86,0.338787704706192,0.7254279665648937,0.8042610511183739,0.3466004972985058,0.9645881652832031,0.43350691466880287,0.4171996747851459,86,0.18508631736040115,0.4178524371236563,0.47520729154348373,0.20201626111114354,0.7549686692655087,0.2528568553871947,0.2458365297294458,motor_command
A3_dynamic_delta,2,1.0,86,84,2,2.3255813953488373,0.0,86,0.48544036727321277,0.7986925764921362,0.9612609445020741,0.49275072216731536,1.1880018940595267,0.5508725289352928,0.53741212155468,86,0.2575845718383789,0.6179361343383789,0.8646793365478516,0.3087498850600664,1.3466529846191406,0.40211366285748257,0.36220420608221027,86,0.5684484348376861,1.0462650214731577,1.1366111706068511,0.6155708612687767,1.6835134416559254,0.6820234167477142,0.6520869999291755,86,1.153874780006006,2.094622393509874,2.514098074311862,1.298959375715036,3.461467250920485,1.4614838305600428,1.4063510930200367,86,11.90763601600382,20.461709487096265,22.362994854809756,13.13828311675818,27.660473828164864,14.088894407374582,13.422812762490068,86,0.7138428894750681,1.1817899287705733,1.246612692770165,0.731168584467013,1.9826332946136729,0.8004985116809639,0.796327495011374,86,0.10557341575622559,0.20999324321746826,0.2527470588684082,0.11917837553246077,0.41144466400146484,0.14420056941265333,0.13920151797680283,86,0.3209971768318205,0.8780170597433568,0.976980705017386,0.40368094103033586,1.4382897692322132,0.5116027685360266,0.486169720226748,86,0.5458207055926323,1.210587287787348,1.6143065690994263,0.5887298191204494,1.8851118683815002,0.7521600208086842,0.7042935064707941,86,0.49539434909820557,1.3573617935180664,1.541296198964119,0.6178651052787033,2.0117231607437134,0.7927847675040387,0.755629394474506,86,0.6679730899631977,1.5843188613653183,1.8612181022763252,0.7795549510588307,2.6536220610141754,0.97040331950128,0.9294728407684596,86,0.3999200463294983,0.9125237613916397,1.075112296268344,0.45309831430393727,1.738961935043335,0.565135713622933,0.5604830466237075,86,0.3920672060921788,0.8129693120718002,0.9668411798775196,0.4315488626097524,1.2640193402767181,0.516180907920359,0.5116502782848648,86,0.1540355645120144,0.34648641385138035,0.43403247371315956,0.18213012398404696,0.9150963425636292,0.23447124064552188,0.23193113921374803,motor_command
A3_dynamic_delta,2,2.0,86,83,3,3.488372093023256,0.0,86,1.652357883782967,3.452202523688007,3.95059684987759,1.8544279250524638,5.091844796388753,2.1747266579078284,2.106041740806126,86,0.7168235778808594,1.6783161163330078,1.8906528949737549,0.8276085437730302,2.557034969329834,1.0182835024669348,0.9611335977181025,86,1.7920289596651333,3.824737694940626,4.021748083068095,2.1223414945192074,5.328975986103718,2.4013199137164714,2.322798792205373,86,1.9800012688995858,3.9855510482975642,5.042043405405828,2.299736670983278,7.397417769897661,2.6630732251018636,2.5886656809179867,86,17.96940107187489,33.197694311345394,41.4871447845803,21.107098421053557,58.144959145482666,23.690162852227402,23.24244347935437,86,0.738629945070638,1.311041917636482,1.5271727863079454,0.804992824419053,1.9116071752229102,0.8890636442594592,0.8820675916105835,86,0.12856769561767578,0.3247007131576538,0.40332233905792236,0.1559173062790272,0.4827699661254883,0.19348139020044883,0.18919850223322163,86,0.48082656168932303,1.458647607763897,1.8030816552236857,0.6345805027507743,2.6049702979085794,0.8536275584530163,0.8348258352614671,86,0.8226463794708252,2.8362933173775673,3.933009922504425,1.2625984052239463,5.6849987506866455,1.7152586567249657,1.5900743427465165,86,0.9753215909004211,2.8703558444976807,3.6103021651506424,1.371782683106789,5.126070857048035,1.8078299779095655,1.7926295637504766,86,0.6977745424956083,1.3785842061042786,1.6297271028161049,0.7543983327787976,2.5465504229068756,0.938934243574067,0.9131700829908296,86,0.37733667343854904,0.958034198731184,1.242848977446556,0.47434507270186577,1.6768112182617188,0.6112939685550449,0.5984926489019181,86,0.439193919301033,0.9175682254135609,0.9830709993839264,0.4732426169333806,1.1390253901481628,0.5612737391678425,0.5543202374505217,86,0.1896529123187065,0.5191435813903809,0.6261946074664593,0.25009832825365497,0.9477398693561554,0.31894456771151086,0.31579529826991914,motor_command
A3_dynamic_delta,2,3.0,86,78,8,9.30232558139535,0.0,86,3.7924528231561303,8.453640115696958,9.836327503105847,4.433884088540257,15.797483844820517,5.298576092705407,5.159000056307015,86,1.105417251586914,2.35805082321167,2.594406008720398,1.2422148211057795,3.3688178062438965,1.4719978258345034,1.4169995699207338,86,4.188298102195942,8.592905899587048,10.021124642291554,4.736297095499251,16.001138519492763,5.499244148921813,5.36229807309696,86,3.339881987075676,6.194257588395521,7.9174768494297325,3.760549715914193,13.35603645762139,4.473155167001508,4.35738420563587,86,27.36222840413528,53.56450013133067,68.14356536428329,32.381382833501746,107.48988526272544,38.11856326979244,37.27620525623649,86,0.8018694614714004,1.2103443153127835,1.344403351725085,0.8158474870789618,1.8336133468223856,0.8759895547094393,0.8702519105102656,86,0.140344500541687,0.28699278831481934,0.36530452966690063,0.15191338505855825,0.48163628578186035,0.18762066601672409,0.18105071699745143,86,0.8916453515429161,2.039981602770375,2.399639861372411,0.9989229501558424,2.9444235276490645,1.2174950801740014,1.158067683788897,86,1.7910817861557007,4.763326585292816,5.836990617215633,2.2745786861538195,12.16192078590393,3.1241419634945684,2.932264506029612,86,1.7530064582824707,5.221167266368866,5.96521657705307,2.374879407598962,8.622092247009277,3.078421312954302,3.05328564870143,86,0.5518603473901749,1.5300251096487045,1.8408387713134289,0.6783555333480932,2.5259382724761963,0.8787356598848676,0.8527864622587054,86,0.43525756150484085,0.935192447155714,1.027784924954176,0.4583594694443935,1.818854808807373,0.5635432799190037,0.5654244642125603,86,0.4753244686871767,0.9400886222720146,1.0243135378696024,0.4946240846170546,1.2003315687179565,0.583151638893746,0.570155980041588,86,0.1849255106644705,0.5671031251549721,0.6922049876302481,0.25169752624838854,1.1052586063742638,0.33122626356270657,0.3185038983671338,motor_command
A3_dynamic_delta,2,5.0,86,72,14,16.27906976744186,0.0,86,12.503790154930996,23.452437007652783,29.714793859085017,13.430451107561016,46.20743460347376,16.07380018543556,15.784096366966168,86,1.6458053588867188,3.1319572925567627,4.350963115692139,1.749909705893938,4.788150787353516,2.119521939055119,1.9743201701536903,86,12.631863396082467,23.513027737139122,29.790277277672825,13.68789119213097,46.22888643737427,16.212940068088947,15.925166694333978,86,5.142965512983931,10.342999906508691,12.963752352575636,5.807782468152037,17.365197284193417,6.791311591777244,6.702726151965663,86,44.225054819918455,94.68159133789045,109.59994251234689,51.36955799150179,176.39302099155427,62.36137654280143,61.131786970911435,86,0.7262294505881861,1.1606974857118404,1.3456108444400434,0.7433275359707414,1.666477994183661,0.8091013604539337,0.7907136420450074,86,0.12214875221252441,0.3327467441558838,0.397338330745697,0.15622267057729322,0.46451473236083984,0.19263225380354448,0.18804805888216686,86,1.6853247790765344,2.627313114888146,2.8536928886368753,1.5961078973583835,3.0966280229511014,1.7855110099527014,1.7712206235657646,86,2.849213719367981,8.0986567735672,8.666178345680237,3.7996561532991744,17.099523544311523,4.971940883241346,4.82248564719689,86,2.8005627244710922,7.226317003369331,9.455404378473759,3.6232398330277307,12.086688995361328,4.549720929376281,4.44075416264323,86,0.5776912122964859,1.4550201557576656,1.689061125740409,0.6691018940750942,2.073361372575164,0.8377090514950064,0.8249568164028,86,0.3692728206515312,0.8872192427515984,1.0903972871601582,0.41610209489928907,1.6542498096823692,0.5344821182865997,0.5232204483546633,86,0.4708402454853058,0.8348966017365456,0.9656461905688047,0.47767896126403453,1.0605123862624168,0.5462395427416498,0.5276597990754182,86,0.1963818371295929,0.4417233094573021,0.5178962759673595,0.2171566449376473,0.6017863880842924,0.26569952703320504,0.26246411800655245,motor_command
A3_dynamic_delta,0,0.2,188,187,1,0.5319148936170213,0.0,188,0.033178837864183956,0.0623048814595814,0.07438995917576949,0.03625101566681492,0.13763261067677562,0.042542905220666775,0.04243086702764398,188,0.032212257385253906,0.06887302398681641,0.07806782722473146,0.037389696912562595,0.1189727783203125,0.04563486460069616,0.04536745404138115,188,0.050915546282201914,0.08926976655642627,0.1130224445197977,0.05600390692066991,0.16899790190402716,0.06238941938933642,0.06215888807030392,188,0.3652876080894216,0.5692404535525797,0.6438146249485547,0.3755403234143183,0.8698587523668145,0.4060406220043751,0.4005618214630921,188,2.737101992849339,5.3643183591787444,6.427487058804139,3.1381195290174797,9.264583389027186,3.5243390723985852,3.475285117960104,188,0.588196591228898,0.9815971976641169,1.0715086007833021,0.5993297792128323,1.669319557569194,0.6674664889789007,0.6633088669435371,188,0.140250563621521,0.31802887916564954,0.36742217540740973,0.15849696385099532,0.4828939437866211,0.19446354750261244,0.19132218905096768,188,0.15970129984084735,0.38292932397730156,0.4447466626208694,0.1874974522307532,0.6345224170935779,0.23127079303862338,0.23219438046630522,188,0.1296076774597168,0.2860113143920899,0.3333877086639405,0.14594411198049784,0.48531341552734375,0.1783096265596401,0.17392278793481059,188,0.12433867156505585,0.28457243442535407,0.3370400428771973,0.14615275768285735,0.5004501342773438,0.17784918865175456,0.17774948667490595,188,0.2528136298060417,0.4768929839134217,0.5677585572004319,0.26581452734411715,0.7961927987635136,0.3185032651163472,0.3120140425643548,188,0.2919624596834183,0.6502697110176087,0.7393956124782562,0.3352839847050726,1.5748906433582306,0.42055606034206017,0.4258427854905831,188,0.3226775787770748,0.7925833873450756,0.9139987867325547,0.38406431023279164,1.3335663378238678,0.4833040740631911,0.470133384956017,188,0.11587200220674276,0.30085975974798207,0.3642523530870679,0.1469527470267457,0.6926989853382111,0.18724659145978576,0.18132849526611305,tail_command_magnitude
A3_dynamic_delta,0,0.5,188,184,4,2.127659574468085,0.0,188,0.1260557619613882,0.22433483578034363,0.26150085866211925,0.13549117150751686,0.44238240120473377,0.15243153736321113,0.15237354602749367,188,0.06870841979980469,0.1683719635009766,0.21241918802261356,0.08391423681949048,0.3346691131591797,0.10649626562957917,0.1051639110994754,188,0.15328515247486424,0.2728675423840753,0.30238441825209317,0.17010728327104213,0.49251154132045577,0.18594845569662016,0.18524765099478002,188,0.5947693278057432,1.0054474201260506,1.1361410229604698,0.6379759853263324,1.7419481843787827,0.6970375502648135,0.696012665456305,188,6.30895868089043,9.52420975740801,11.101953997732222,6.3953184252699105,15.182930656059135,6.873088354010659,6.808498781875731,188,0.6067509678571377,1.0260560126223213,1.1851431766143499,0.6342177682774357,1.8448378643920702,0.6955390519045255,0.6875260792319301,188,0.1291600465774536,0.3337921142578125,0.3725806951522828,0.16096171546489635,0.5104284286499023,0.19778260322676788,0.19741342440488036,188,0.23632699558362802,0.5333541220371282,0.6579830421280992,0.28413600107434867,0.8783683033367141,0.3494784101497276,0.3467291694850147,188,0.25481748580932617,0.48979704380035416,0.5918743312358857,0.26882487365064467,0.9722833931446075,0.3213487532292963,0.3148052510319074,188,0.24877071380615234,0.5528746340423822,0.6056874066591263,0.2795832694329797,0.9941582679748535,0.3398967640799295,0.3419072176915973,188,0.36491183191537857,0.8278109908103946,0.9375170480459931,0.41159067160766966,1.542193176690489,0.5167847860039438,0.5120934530298618,188,0.32238094322383404,0.7861857861280447,0.9692524522542957,0.3878029556102813,1.328023761510849,0.4822420986730312,0.47277923619810025,188,0.326076865196228,0.703839770704508,0.8342283241450787,0.3789589840998041,1.7926369905471802,0.4642485658218358,0.45723589243296436,188,0.12770302221179008,0.30538245141506193,0.37448800504207613,0.14979537636006965,0.764849454164505,0.18891903060318005,0.18285525195665758,tail_command_magnitude
A3_dynamic_delta,0,1.0,188,173,15,7.9787234042553195,0.0,188,0.416855037182827,0.7101313779583822,0.8060175685699997,0.4397924295490903,1.4340856659922387,0.49198638359417995,0.4947232866843686,188,0.2099170684814453,0.5197299957275395,0.6583930253982545,0.2494687742375313,0.9715938568115234,0.3232997727068123,0.3200070030081925,188,0.47671594725527977,0.8263014180180654,0.9359980474842845,0.54053596615445,1.5930378401966256,0.588704802659496,0.59025991788213,188,0.9768984746570775,1.6220032478898758,1.9196142511139682,1.0396526950605114,2.828031629980605,1.1367692693219795,1.131353355595577,188,9.586696303585803,15.968098016099722,17.917970664914534,10.268476884781483,30.276942725468196,11.220696602461727,11.095347792066658,188,0.5877219861979452,0.9699374623060826,1.0641952270779755,0.610608306910867,1.8673315275582605,0.6720691497329824,0.661487012136358,188,0.15315914154052734,0.3523864030838013,0.3920405626296997,0.17642056941986084,0.5174524784088135,0.213287515120824,0.21103443756938015,188,0.43151994676528105,0.9882046697206598,1.1144876505903505,0.48821643655628894,1.5240399281684773,0.5936543180828138,0.5781537112871986,188,0.41113269329071045,1.0076837301254273,1.1582840353250503,0.48936007626136724,2.5050747394561768,0.6205081260593615,0.6196696447754392,188,0.38819026947021484,0.9965662240982057,1.307340754568577,0.503411448818255,1.865241289138794,0.6345563860334067,0.6350982202513886,188,0.49001941084861755,1.157416009157896,1.290489447116852,0.5764124987577584,1.9498889446258545,0.7103184005172252,0.6956817951554005,188,0.29093462973833084,0.6738440200686456,0.9015177428722383,0.338471233610688,1.6034529507160187,0.4413602886582771,0.43261446745647786,188,0.341817881911993,0.743850808031857,0.8053469307720662,0.3801198910687743,1.0336523801088333,0.4537533720040042,0.44428740679911505,188,0.1392658818513155,0.3817690819501879,0.4586261050309988,0.1769177871705169,0.6192628890275955,0.22580060897458173,0.21945333648429743,tail_command_magnitude
A3_dynamic_delta,0,2.0,188,160,28,14.893617021276595,0.0,188,1.4508503324473216,2.586423245420934,3.2320646131304906,1.5740540312734688,5.462075255380207,1.8047662617484928,1.8101639092434332,188,0.48697710037231445,1.1857319355010987,1.6125091552734383,0.6000533940944266,2.163137435913086,0.7520943245462457,0.7332480988666179,188,1.5805323587116575,2.8352291410122796,3.3683117552207458,1.7638288772810762,5.5459139173813785,1.9552051382298234,1.9571316850028826,188,1.5397444313836148,3.1120203645218503,3.5218633676082933,1.8119816639862054,6.481823995394576,2.081143477512472,2.0615063946295136,188,13.80666235376033,27.170976303183707,32.63165568838847,15.586955994818476,54.354272263825045,17.887213796292887,17.425838406676924,188,0.6760577862317737,1.108815763356719,1.2143578810750422,0.6959128685588526,1.582500959154804,0.7645735417662534,0.7580477260506024,188,0.1383681297302246,0.3490702390670777,0.38882108926773074,0.16466598941924723,0.5402572154998779,0.20279316966373928,0.19992298208626474,188,0.6061559888949546,1.433564701367081,1.5724943608841877,0.6835392206151107,3.1050807692991,0.8557565005812305,0.8363960053785213,188,0.7429590225219727,2.0025828361511233,2.5759025812149052,1.0209327425728454,5.013245582580566,1.3402063591581916,1.3252540489787565,188,0.9007946252822876,2.4417873561382297,2.831046982854605,1.0827126589385754,5.074716806411743,1.4209635966690428,1.4055195257282156,188,0.49981049448251724,1.1172102957963945,1.3544550582766532,0.5695155006238913,2.2537570893764496,0.7182391981826299,0.69785644806639,188,0.32725992426276207,0.9353985976427794,1.0867774007841944,0.41097096944267447,1.515781320631504,0.5333143696855892,0.5244566731409708,188,0.4065997861325741,0.7961561959236861,0.8897735896520317,0.4139998186666994,1.4556909203529358,0.4987724702748927,0.49975142508285264,188,0.15505586442304775,0.39461958520114426,0.46399943754076967,0.17794081841117426,0.6614906042814255,0.22665945105319707,0.2178476502605203,tail_command_magnitude
A3_dynamic_delta,0,3.0,188,152,36,19.148936170212767,0.0,188,2.9963277286093124,6.314798127682653,7.177633467885483,3.49391896175081,12.901815427581537,4.0677026429701675,4.026546245547651,188,0.7149991989135742,1.8174060821533204,2.133236074447632,0.858661468992842,2.9609851837158203,1.0713789274759666,1.0428529028430824,188,3.12506783606538,6.490555526408582,7.22533241341442,3.6910192580592924,12.92994227678832,4.206430505531506,4.165690365502444,188,2.1935763465872364,4.506574959365581,5.424320463159728,2.5789451579245792,9.66995008336274,3.0179816875020764,2.924408810314617,188,17.959083489718594,39.73350666888948,47.49567356879995,21.611694395027442,77.21980962599129,25.685785498327625,24.757585646939496,188,0.6324039474633127,1.1717616474096402,1.3288671942223687,0.6805738558791868,1.8870517576763794,0.7573132369217296,0.7433629468708516,188,0.1510850191116333,0.3620723009109497,0.4053074598312378,0.17706368831878014,0.5362837314605713,0.218640266656515,0.21458191259960158,188,0.7858437959481286,1.8976848077764799,2.2754349901577617,0.9371617332028948,3.131953312929298,1.153657506812871,1.1187070609706042,188,1.2417240142822266,3.0177707910537723,3.9710871174931532,1.5076153510326935,7.391796588897705,1.9526796625426635,1.8482278128038203,188,1.3443842232227325,3.582555115222932,4.122610554099083,1.615489755222138,8.078920841217041,2.181628321250129,2.128598738249612,188,0.5001719258725643,1.1439603254199031,1.4493145734071733,0.5868197751399922,2.0435193181037903,0.7319518218499713,0.726034023045397,188,0.3119937665760517,0.855866823345423,1.1480984520167112,0.40527602868028323,1.8378079161047935,0.534842366458917,0.511545866514916,188,0.33376793935894966,0.7500028103590014,0.8883302917703987,0.3982625531498343,1.3440146073698997,0.47798855631852705,0.48053543530484744,188,0.14677300862967968,0.41519498657435183,0.5078298438340426,0.18586417414313627,0.8327757585793734,0.24288664410795352,0.2293375991844379,tail_command_magnitude
A3_dynamic_delta,0,5.0,188,123,65,34.57446808510639,0.0,188,7.914355920857887,16.45839967734722,20.284234531478017,9.025020620465053,32.597980292312016,10.781034879852895,10.266278908051419,188,1.140237808227539,2.586973285675049,2.861923885345459,1.2872672627105357,4.273697853088379,1.582044953972131,1.572532539602871,188,8.028507087961684,16.49509935132441,20.321790688611024,9.218972614887234,32.64954866853528,10.896493900195301,10.398120603714572,188,3.1229440675234335,7.676672447896801,8.529024682779887,3.8202333394700294,13.151566647859333,4.648945807918061,4.358113700923967,188,26.029787934525395,63.6236622755406,79.45554550491879,33.58268056819208,117.9640943192026,41.23335694205628,38.398188508162086,188,0.6601950610460011,1.2647331419947305,1.4268016431926052,0.7133862764509578,2.1267094077361524,0.7999953651351609,0.7973731116129298,188,0.17793691158294678,0.3646487951278687,0.40093889236450203,0.18147440920484828,0.5190579891204834,0.22097943534066078,0.22053885206705726,188,1.4308866517953476,2.470051064224029,2.681373009809684,1.36007466565889,3.086862170357606,1.6053101914057029,1.565593076073032,188,1.6076480150222778,5.158540253341198,6.504032051563265,2.216614391628722,11.496957778930664,3.007819609040305,2.8378419701677515,188,1.852681040763855,5.6803000450134284,7.190691745281222,2.523873222268563,12.638341903686523,3.4752997283564118,3.193685374131865,188,0.45626144111156464,1.1748835034668448,1.3139814510941505,0.5670021243611391,2.0084961652755737,0.6985772129960902,0.6854929687704351,188,0.2862496767193079,1.0220180340111258,1.249616112560034,0.4128963330418783,1.6841658763587475,0.5585541193923512,0.5480480346780465,188,0.38323656329885125,0.7514163702726365,0.8666824080049992,0.4224234570308212,2.1070601074025035,0.5096129706000524,0.5117972129618492,188,0.1673486614599824,0.4061896137893201,0.469355545192957,0.20242320526759092,1.095855113118887,0.2613512964264088,0.26145398791994917,tail_command_magnitude
A3_dynamic_delta,1,0.2,314,312,2,0.6369426751592357,0.0,314,0.027855354396368985,0.055446317591679416,0.06303946341215969,0.030917516302398865,0.12353950660569413,0.03656440499058459,0.03721706746755009,314,0.035735130310058594,0.06806735992431641,0.08425464630126953,0.037576047098560696,0.138916015625,0.04528137714045122,0.0456145196529945,314,0.050867250656730145,0.08229403114204338,0.09814476922526626,0.05340260028583928,0.14660495747487504,0.0582010208505939,0.05899581310379304,314,0.30492654406462594,0.5358984722035863,0.6645814341840163,0.3305087662877404,0.9692378576018541,0.36883939661759235,0.3712029518693046,314,2.5355778072007142,4.649683419689642,5.314347204651947,2.749663078024446,9.071580981294787,3.0899639827741883,3.1234068462941216,314,0.5728545354559201,0.9430785820756756,1.0528085984655953,0.6025416031888734,1.5902976596249783,0.6592661366591113,0.6588993953377196,314,0.13646948337554932,0.2900528430938721,0.3434195756912231,0.15228086292364035,0.4580566883087158,0.18314806244730353,0.18184951897226673,314,0.16335014032636863,0.34439121393004657,0.3917244306721324,0.18335312182933336,0.6454494701388427,0.21877363834647268,0.21790348923760564,314,0.11558723449707031,0.27077169418334956,0.32649798393249513,0.13379875137500322,0.595703125,0.16714292072513875,0.16664034953766677,314,0.10529518127441406,0.2720305919647217,0.3162958562374114,0.1301409128614387,0.534029483795166,0.16422980213122257,0.16436364360077926,314,0.1957520842552185,0.4516448229551315,0.554217819869518,0.22980997336221634,0.8641829490661621,0.2848408619574078,0.2870921915857177,314,0.28940336406230927,0.7165209606289863,0.8514483639039098,0.3426239632925013,1.3350018039345741,0.42893001670927394,0.43240979163563065,314,0.38062676787376404,0.7312505289912222,0.8322321854531765,0.3941248347448885,1.3031104505062103,0.46974876008511834,0.4654522618801731,314,0.11191016435623169,0.2793595820665359,0.3366744611412287,0.13557900503948095,0.5774505287408829,0.1731674972669696,0.17089556935831157,tail_command_magnitude
A3_dynamic_delta,1,0.5,314,311,3,0.9554140127388535,0.0,314,0.12158611961629939,0.1998027215253497,0.24556834827676596,0.1256379188407206,0.46158741084614296,0.13942131831143204,0.14085720440338187,314,0.06384468078613281,0.17417888641357418,0.20367403030395503,0.07822158078479159,0.3914813995361328,0.10169176580192456,0.10301338560906195,314,0.1460257765229882,0.2342795370957969,0.2815962545790876,0.15826776437361273,0.5139863588919548,0.1725674338674917,0.17462808323718523,314,0.5900169057246373,1.0233475726788694,1.1871822984860683,0.6447961525730429,2.4047202271929766,0.7095993229694013,0.7128041857639953,314,5.183566219492944,8.78976186673853,10.306254772157429,5.600547489151284,13.978684510218736,6.13091451157523,6.136766288508463,314,0.5729784714828974,0.9467462087455524,1.0710290858060307,0.5896255960153937,1.6071029387168665,0.645731169854466,0.6524261075158481,314,0.13920831680297852,0.2966096878051757,0.345728290081024,0.14818159941655057,0.45118021965026855,0.1796419192158068,0.1797573915970798,314,0.24025130370505465,0.5581074739913735,0.6520856363738712,0.27622133526274467,0.944171635342059,0.3414860811142379,0.33880526836735564,314,0.25878727436065674,0.5075699806213378,0.5899171710014339,0.2709291271367081,1.3118205070495605,0.3282457239023424,0.3265098369357999,314,0.25316786766052246,0.5197869777679444,0.5992986440658566,0.2784940802735413,1.2214007377624512,0.33554518403132944,0.33786056132365794,314,0.34933334589004517,0.855875651538372,0.9939537614583968,0.42007757434072746,2.0488911867141724,0.5321610408249001,0.534813932259931,314,0.2875622846186161,0.6945175178349017,0.846229475364089,0.3386802465505127,1.49746435880661,0.4234682949106467,0.42547143932643916,314,0.37244223058223724,0.6695902079343795,0.7477250225841999,0.3840148644696085,1.5350302308797836,0.45283093460147533,0.4571910050392507,314,0.1070234477519989,0.29878993779420854,0.3533800207078452,0.13979839532515428,0.6695980429649353,0.18052005870551116,0.18156270282714934,tail_command_magnitude
A3_dynamic_delta,1,1.0,314,303,11,3.5031847133757963,0.0,314,0.41641619717346545,0.6587851970825891,0.7473890528509174,0.432059156721391,1.4769423624711977,0.4712133430169113,0.474663508117381,314,0.16906356811523438,0.4476093292236328,0.5711671829223629,0.22044445185144995,1.3466529846191406,0.2939996765598589,0.2905439540729356,314,0.48501110425896365,0.7775080843806008,0.8365449263863868,0.5145911761962388,1.6835134416559254,0.5554078001383083,0.5572801377207515,314,0.9894288538523776,1.6667574214162735,1.934114528775963,1.0469473594267524,3.461467250920485,1.1518241178186859,1.1666450794368581,314,8.771795642703841,14.93523631448019,17.0738643207668,9.39537845885489,23.224656139702603,10.23100893050155,10.393992442040126,314,0.6355468913676006,0.9959999612489375,1.1560837235826626,0.6473845285476484,1.6738925188349674,0.7090802016416807,0.7228105207075239,314,0.14578521251678467,0.3169947862625122,0.34829301834106446,0.15952154405557425,0.5434970855712891,0.19254829777632848,0.1941546777144132,314,0.4326221253601261,1.0479135634545602,1.2182032989085936,0.49711332246891454,1.7237702345022328,0.618434690626292,0.6062797064381248,314,0.4542536735534668,0.9644330024719235,1.1449771225452412,0.5004422564910737,2.2816739082336426,0.6256179267087961,0.6427708608974361,314,0.4575885534286499,1.0813124179840088,1.2694377824664116,0.5172292364162102,2.0117231607437134,0.6437097311643514,0.6467756021681544,314,0.42436588555574417,1.1318140923976898,1.452538613975046,0.5531377783504902,2.6536220610141754,0.7217608954312361,0.7248888779375162,314,0.3152207024395466,0.7605228874832392,1.0151706736534822,0.3873122031867184,1.6583000868558884,0.49138561910407214,0.5043602393956939,314,0.3974378891289234,0.7367021277546882,0.7937272414565086,0.40274037858159845,1.3074848055839539,0.4707163129905636,0.47077147571482014,314,0.11624208372086287,0.34363084658980364,0.39568828418850893,0.149567513766878,0.6910052299499512,0.19940175120214984,0.20527986996813205,tail_command_magnitude
A3_dynamic_delta,1,2.0,314,283,31,9.872611464968154,0.0,314,1.419713235006686,2.6697187959912365,3.107661663822109,1.56540570546295,4.2800252366326195,1.753209429326762,1.787506789666559,314,0.42496776580810547,1.175091552734375,1.4038028717040993,0.5320174929442679,2.5748138427734375,0.7048282486375153,0.709135766259019,314,1.568802305287028,2.8215613611506165,3.385957716743199,1.7237618370522003,4.349776972219061,1.8895835951758517,1.9242904212319438,314,1.6077898002431565,3.0175471988262212,3.656259847771403,1.77589791712954,5.084764720819952,1.9949715861535593,2.052931213138968,314,13.528651684953546,26.195708158122866,30.948671253753638,15.23806086249852,45.51760101486528,17.362353680350203,17.958666996325228,314,0.6388305147275621,1.0463891006366735,1.168711626199086,0.6750570455198232,1.9116071752229102,0.7371838949495,0.7487235291658918,314,0.15651512145996094,0.3389128684997558,0.3760363578796385,0.17319027937141954,0.5434384346008301,0.20789873350800708,0.20773103208607674,314,0.6301133728583075,1.5086632887222615,1.8018182760678878,0.7304185635984435,3.05520090745258,0.9267186814904105,0.9197556687928128,314,0.8367481231689453,2.044790756702423,2.784682276844978,1.0164966690821193,3.8823904991149902,1.3049947994813773,1.353880915902375,314,0.7882277965545654,2.2458457827568052,2.882094500958918,1.026336313269819,4.864090919494629,1.33292682090086,1.3624202583127871,314,0.4924257304519415,1.1645239938050505,1.3334535782691088,0.5718525976348953,2.130723476409912,0.7072526373296424,0.70930256999054,314,0.3266212781891227,0.8567440032958983,0.9974600385874505,0.39276765389694196,1.6471580862998962,0.4992477649750779,0.5155271027390071,314,0.377133933827281,0.7428646134212612,0.8636782217770812,0.4104449689450561,1.316702775657177,0.48370188806129855,0.47605122924861504,314,0.13788572559133172,0.4087235629558563,0.5208466381765898,0.18352282365865985,0.8894722163677216,0.2454062909263734,0.251111857985339,tail_command_magnitude
A3_dynamic_delta,1,3.0,314,260,54,17.197452229299362,0.0,314,3.094139748143329,6.281882465670038,7.370890128337774,3.4855692384716623,10.334628051280609,3.9924499895772434,4.111069457935219,314,0.5801992416381836,1.4814995527267454,1.9530477523803709,0.7354908680460256,3.380796432495117,0.9529646823262278,0.9735525953771017,314,3.232165473278731,6.294845350070546,7.498105138069584,3.6302662407562334,10.334708912460126,4.104606997635274,4.225075901963748,314,2.206453627957399,5.2185123044580575,6.051230296044871,2.62507330776794,8.874661371071156,3.088219542986394,3.1913288158552993,314,17.992709895958065,39.792129465284766,47.58361050933636,21.244087945359805,74.42410790814463,25.01607405249304,25.84931026489999,314,0.6793768564543368,1.1250822068531523,1.2828105819480005,0.7147483673930874,1.9572823967249944,0.7837846789844879,0.7951053167341521,314,0.14595520496368408,0.3320792198181152,0.36088217496871927,0.16407370643251262,0.4903116226196289,0.19917594641875863,0.20177301953478421,314,0.8130321618561389,1.8993201682837964,2.1697891068431794,0.9476608239523203,3.1121057665203584,1.1669755026091684,1.1605528432326497,314,1.2842149883508682,3.604613324999809,4.722657769918437,1.6376671721316447,7.612162113189697,2.1818457222879637,2.2341885569722058,314,1.239293098449707,3.2877195596694944,4.6592766977846605,1.5786075710740155,7.902731746435165,2.0732035883305926,2.1519842145579475,314,0.4725399315357208,1.1290433540940283,1.3832578986883162,0.5526009972791549,1.9549185931682587,0.6917196477981244,0.6941410561928474,314,0.3313961587846279,0.942970849573612,1.1628628831356758,0.43089278881285326,1.8973645716905594,0.5578083004167057,0.56845223402598,314,0.4359430633485317,0.7566934652626515,0.8674364342354236,0.4348359649079988,1.1011207327246666,0.501447699154195,0.5012110181079383,314,0.1533901672810316,0.3874085595831275,0.46277093868702646,0.1798179882932988,0.5955557376146317,0.22741707941578812,0.23108552004927266,tail_command_magnitude
A3_dynamic_delta,1,5.0,314,230,84,26.751592356687897,0.0,314,7.370219499165943,18.719995846461483,21.447568811804633,9.12897934999359,28.77425931034462,10.788828457526648,11.172415372037133,314,0.8786773681640625,2.213992691040039,2.7268491268157957,1.0620420450807377,4.788150787353516,1.3781217270620008,1.4021989623846156,314,7.422818926783286,18.779634250771934,21.51907771350344,9.257642459853166,28.777816966861373,10.876490195855334,11.262741512072685,314,3.122729852166171,6.9805503148049795,8.382551538322879,3.761179881324314,15.677680849946356,4.488516537580479,4.636631233324113,314,26.602838681833155,62.80280051436206,70.28067414605198,32.35905404867495,141.67068313223248,38.973567842649096,40.19572801438352,314,0.6812607367567004,1.0501762509471964,1.1841982954862929,0.6953657303929812,1.64782539887646,0.7582623208376372,0.7745372791382895,314,0.14390575885772705,0.33563270568847653,0.3700855374336242,0.1662105375034794,0.5074789524078369,0.20137504461719855,0.20498023332618595,314,1.250092160410908,2.501609987966085,2.8812584249586233,1.3090339527013022,3.126709896502256,1.5527422682420473,1.550130957213175,314,1.7820605039596558,5.214703398942947,6.303725504875179,2.382820266847659,15.662912845611572,3.1642170507954654,3.243271043771336,314,1.85489821434021,5.319438767433166,6.668163383007048,2.3497801717863105,10.532021522521973,3.1036565640481055,3.2160679426351115,314,0.49004584550857544,1.1725208282470703,1.4004532665014264,0.5680609386440983,2.029400944709778,0.708397555070467,0.7194800757598766,314,0.35061395540833473,0.859462234377861,1.0542194002540772,0.4108922920261816,1.5999206248670816,0.5216993079396149,0.5386492464608064,314,0.42239053919911385,0.7433442695066332,0.829800739372149,0.4198235129851516,1.1917493790388107,0.4880899851930678,0.4873763643413799,314,0.1680460460484028,0.4101453721756115,0.5323692314326763,0.19506301489717232,0.8438971862196922,0.2540860988949171,0.26197392511087325,tail_command_magnitude
A3_dynamic_delta,2,0.2,220,217,3,1.3636363636363635,0.0,220,0.03357361716448708,0.0658620911028675,0.07972414643285913,0.03747117286627337,0.18231686816916662,0.04508821170862771,0.04485802986459787,220,0.03351783752441406,0.07887821197509765,0.09269622564315792,0.04033375897190788,0.17872929573059082,0.0499239249368992,0.05052721186472416,220,0.05251313872341967,0.09782824996252382,0.10610364530491727,0.059990876257409766,0.18255540087259217,0.06727068541487577,0.06793399320962237,220,0.3205791758962867,0.5152550669434072,0.5530883047276574,0.33487024687627914,0.7924120471312,0.36286755654852604,0.3614582773698094,220,2.874322237587821,4.798528830499355,5.303348682792399,3.0459520072003707,9.450087732257767,3.3401986592852153,3.3126027230898485,220,0.6021113625835799,0.9798335844088977,1.0765494863643006,0.6194000418044127,1.665204489284716,0.6789976924371849,0.6655488362075884,220,0.13249480724334717,0.2804913282394409,0.3261087417602539,0.14344437122344972,0.4318861961364746,0.17242231071455572,0.17357240949947897,220,0.14130351208165237,0.3110793570348981,0.3610682226499001,0.16041401403376412,0.5029123945409069,0.1944055250333742,0.19546946562395207,220,0.11573350429534912,0.2729949951171875,0.31690052896738047,0.13395162284670567,0.5547483563423157,0.16600272494612894,0.16187626029846303,220,0.1215829849243164,0.2587760925292968,0.33453366756439207,0.1374330518089912,0.5316498279571533,0.16986146477981612,0.16648149921186706,220,0.18438927084207535,0.4308392852544784,0.5001539692282675,0.22521220687670973,0.7034363746643066,0.27434110462854977,0.2758209400603199,220,0.3032751604914665,0.6774343729019163,0.8340770594775666,0.3665210013555638,1.4998459815979004,0.456999000523744,0.4400263257039578,220,0.3406306803226471,0.7129037261009217,0.851740269549191,0.37723011912894433,1.429443359375,0.45489560067273144,0.4493072300851108,220,0.12142821028828621,0.3478060632944107,0.4339689519954844,0.1605358352604195,0.7287485264241695,0.21274344254034191,0.21245420432327905,tail_command_magnitude
A3_dynamic_delta,2,0.5,220,216,4,1.8181818181818181,0.0,220,0.12677042607217515,0.24410901320265102,0.27882946361898336,0.1386432529275677,0.4741611705348054,0.15635868347549622,0.15470811013897762,220,0.07536792755126953,0.20328674316406248,0.228368854522705,0.0914976791902022,0.40142822265625,0.11702131142465722,0.1177442654079589,220,0.16739986716324087,0.2840553967687531,0.3286831049516887,0.17784900686354657,0.47701269213717956,0.1952998341672031,0.1952488465193368,220,0.6479494049490793,0.9842416372603351,1.1213833226853998,0.6619833314482101,1.7084460624047535,0.7138270631353982,0.7082582159084702,220,6.045695097961421,10.224618281158387,11.53987980327895,6.371826873836225,17.7279917951336,7.011940353484312,6.964697282046456,220,0.6358227077416048,1.1264722297910967,1.2395120590091522,0.6873616956086214,1.6721764890734714,0.7564068108121862,0.7547900871088844,220,0.142553448677063,0.30923287868499755,0.3572878956794739,0.1555340062488209,0.4263193607330322,0.18901305949298783,0.18686757023382078,220,0.213234037557406,0.5242956953830735,0.6042084484202958,0.258765439816412,0.979349915499995,0.3167760479543745,0.3186666957118557,220,0.24989843368530273,0.5584242343902588,0.6414918184280394,0.286021166396412,0.9398989677429199,0.34619541851506136,0.3300507074498401,220,0.2562862038612366,0.562552261352539,0.6827590674161911,0.2910761566155336,1.4351223558187485,0.36072986272038843,0.351857049215957,220,0.3607471249997616,0.8193830132484435,0.9093390315771102,0.4176187098555436,1.3803800344467163,0.509481868573769,0.5127744098667211,220,0.3552580326795578,0.9202125117182731,1.111647431179881,0.4372784113596109,1.474343966692686,0.5575295604586803,0.5521340613192115,220,0.36176305264234543,0.722784749418497,0.8366085365414617,0.3874680650526319,1.115233901888132,0.4585966443372771,0.4594584063674315,220,0.12664638832211494,0.37720163986086847,0.47685941886156796,0.17033957333557986,0.7673487663269043,0.22583438724074362,0.2290269179663297,tail_command_magnitude
A3_dynamic_delta,2,1.0,220,213,7,3.1818181818181817,0.0,220,0.46169524943318574,0.7391529507863518,0.7997587883551527,0.46228802962157817,1.2370947395885745,0.5130394127153243,0.4983510893377776,220,0.21417808532714844,0.5238748550415039,0.6153561115264888,0.2506752588532188,0.8264045715332031,0.3104739604585518,0.3087382745233668,220,0.5245107025451419,0.842765330147621,0.9664471788358698,0.5517836697117467,1.4179737124862493,0.5996695082477542,0.5869047435077175,220,1.1024443764991247,1.8328101549080977,2.080780418597887,1.1679008284859773,2.765546236572566,1.2685762775806784,1.2517680884144313,220,9.99391100797516,17.49045980252632,19.619195963044046,10.70559596289924,32.83411931150642,11.911754658913898,11.86825242235351,220,0.6763629116711012,1.1619957462396264,1.303263743783033,0.7200984070858012,1.9826332946136729,0.7954349919871517,0.786769203213282,220,0.1330944299697876,0.3266037225723266,0.3913247585296631,0.15754105719653042,0.4267275333404541,0.19512636753167548,0.19363503290227374,220,0.38970183894356225,0.9653728876685812,1.1408591677657696,0.48131098275391976,1.9593612876904913,0.5992578516298783,0.5976810077132557,220,0.47915080189704895,1.0823983818292617,1.3191153883934017,0.5676751962905242,2.09944224357605,0.7067315689531007,0.6815266630285473,220,0.5249218940734863,1.1369969487190246,1.3469819247722625,0.5798183602365581,1.9576085805892944,0.7082068487034683,0.6804724152114376,220,0.5155624970793724,1.3422074064612386,1.5710786908864973,0.627589875146408,2.2276331186294556,0.7799098158986343,0.7863345524780332,220,0.3328116498887539,0.9519100800156592,1.160670055728405,0.4443364318280311,1.738961935043335,0.5756905269076732,0.5613834022686335,220,0.38012575544416904,0.7939122185111044,0.9068227369338271,0.41198538766475395,1.2640193402767181,0.49517692475889763,0.4970426765621626,220,0.14413558691740036,0.3719009295105934,0.49577150754630556,0.1788509183859622,0.9150963425636292,0.2368481726606456,0.23342887106056764,tail_command_magnitude
A3_dynamic_delta,2,2.0,220,191,29,13.18181818181818,0.0,220,1.5335031194785906,3.0869703621816873,3.6308617313733262,1.6906397748034083,6.058345477589944,1.9671197098230437,1.9102574766903833,220,0.5531884431838989,1.3205059051513672,1.5152515411376943,0.6561657450415871,2.6374683380126953,0.8170912459329894,0.807740798630617,220,1.7088627387788142,3.232401454290207,3.729701328928769,1.899290947559489,6.130891352757494,2.130069965272179,2.0760600245698178,220,1.8432141568708142,3.7375348106099855,4.561275080968815,2.1060558730582013,7.8021125233838555,2.450222254338095,2.4082614937358438,220,16.647106911343954,31.97050620157012,39.47534896621482,19.103485311058378,80.45580060610713,21.986738214647687,21.94007111269546,220,0.7072757672627548,1.2541187006016314,1.4096315452429211,0.7492523147452909,1.7832786783719954,0.82580883127798,0.821342761571367,220,0.14650821685791016,0.33556203842163085,0.3828320503234863,0.17016794031316584,0.4476280212402344,0.20652893727233881,0.20518228733747637,220,0.7151559221451507,1.8114978923602705,1.9779908076591854,0.8567027791587336,2.999895013268187,1.0604578857796603,1.0604642161362263,220,0.7880158126354218,2.1146700859069822,3.5077670782804464,1.0984937838109379,7.095016717910767,1.5660210522450881,1.5043668882855357,220,0.9732599258422852,2.805979335308074,3.4488862570375205,1.2584780614823103,5.126070857048035,1.6510468448417852,1.626915929321521,220,0.6352859735488892,1.5088101975619792,1.6628056719899176,0.7366067115831274,2.5465504229068756,0.9084115123207261,0.9044075594522137,220,0.37733667343854904,0.9832203462719917,1.2224391814321267,0.45449441230474885,1.745638897176832,0.5868376676112013,0.5737865965946876,220,0.4055500440299511,0.7797314696013927,0.9276148891076446,0.4317391757207753,1.3664858490228653,0.5077227231613651,0.512203452425646,220,0.1721727680414915,0.4540589302778244,0.5461298625916242,0.2235555148381867,1.0423222025856376,0.2824879007585216,0.2805510953521673,tail_command_magnitude
A3_dynamic_delta,2,3.0,220,170,50,22.727272727272727,0.0,220,3.218702581504565,7.215348013257586,9.420004148343592,3.894705027154735,15.797483844820517,4.718854307966861,4.642146897246287,220,0.8686761856079102,1.9994937896728515,2.3067972183227523,0.9955223625356501,3.1632862091064453,1.228016201525373,1.2151124507144682,220,3.503567847023236,7.256288495614518,9.427373600288625,4.149425087874198,16.001138519492763,4.876023971539333,4.7994512310400665,220,2.742011155197316,5.777606382039196,7.5659398600995695,3.2383104958264974,13.35603645762139,3.947179539493884,3.930848840993056,220,24.30028043028291,51.90180288516049,65.73770701933628,28.917316577209213,117.7807876623019,34.75500236283002,34.77882376197537,220,0.7172243103739362,1.1178466027095433,1.2887681435634255,0.7475598197428636,1.8336133468223856,0.8117330612324739,0.8032687623267922,220,0.15793991088867188,0.3512343168258667,0.39165923595428465,0.17848475412888962,0.48163628578186035,0.21132892205746057,0.21149645050864924,220,1.0471963130891666,2.383556354568122,2.8256142677802583,1.1849986239651167,3.1181129667332574,1.432463480177053,1.4198649806739312,220,1.1804218292236328,4.0766640707850454,5.400380852073423,1.8526902172037147,12.16192078590393,2.75222122143961,2.693797818806872,220,1.5198898315429688,4.890312969684601,5.536128014326096,2.0566813655705616,8.622092247009277,2.7162101996158565,2.730951294055744,220,0.5322448387742043,1.3036750584840775,1.5533877596259114,0.6293853535846045,2.5259382724761963,0.7922795067142662,0.7826363541597224,220,0.39464031904935837,0.8696319974958897,1.0947605977766215,0.4471125829822003,1.818854808807373,0.5583233151181285,0.5474662910699744,220,0.4304956216365099,0.7806704078800976,0.8608395827934143,0.4193947466929041,1.2003315687179565,0.49843682791875776,0.49411535704159437,220,0.21296051918761805,0.5392959225922822,0.615510586090385,0.2501216296740247,1.1052586063742638,0.31423934678463306,0.31287062024348816,tail_command_magnitude
A3_dynamic_delta,2,5.0,220,138,82,37.27272727272727,0.0,220,9.55649213631985,21.585105521286824,27.84304802125347,11.459349594369355,46.20743460347376,14.10756354664484,14.124890179499385,220,1.3057751655578613,2.9050291061401365,3.2497388839721664,1.461297475749796,4.684313774108887,1.7867703980420246,1.7576918603455063,220,9.608745257924912,21.71309641275965,27.950130097822516,11.701851732813179,46.22888643737427,14.220263628988794,14.235165782044684,220,4.377816544914723,10.259315823500952,11.88130107064443,5.111842481774309,17.365197284193417,6.183004475152243,6.2358778288173715,220,33.29563019697153,95.87925564268129,110.37564472305229,45.49463273758667,176.39302099155427,57.13208295661782,57.66121394718489,220,0.718832247339428,1.2191807082000203,1.4383030048115546,0.7601236203335886,2.0762505067134285,0.8374182298194477,0.8231250529022566,220,0.1328871250152588,0.32391867637634275,0.38628554344177235,0.16133399118076672,0.5815448760986328,0.19825046299967888,0.19718082835913897,220,1.653229052053966,2.8320758296716155,2.94957360177413,1.6204252071500655,3.1221747513077887,1.8549029545027516,1.8723484851960865,220,2.296534199267626,7.612177205085754,9.65776382684707,3.2089313013817775,17.099523544311523,4.41108080890322,4.38980513750316,220,2.3232429325580597,7.492003548145293,8.929668699204917,3.249663084957071,12.086688995361328,4.270976643246417,4.346309099894772,220,0.5083509255200624,1.1786313682794571,1.432361625134945,0.5830610765186561,2.073361372575164,0.7284702807403559,0.7129736146803513,220,0.3675195015966892,0.9309231132268906,1.2297756912186735,0.4626849837574727,2.0348849929869175,0.5989466334123992,0.582809308578935,220,0.42772192507982254,0.8420479595661163,0.9448997061699629,0.4413401267184368,1.1135714799165726,0.5231160546241508,0.5114016900172557,220,0.17812415433581918,0.43614343143999573,0.4905421160161495,0.20930640438891715,0.8624580949544907,0.2624534536872261,0.2656551967391531,tail_command_magnitude
