experiment,bin,horizon_s,n_rollouts,n_valid,n_failed,failure_pct,numerical_failure_pct,position_horizontal_m_finite_count,position_horizontal_m_median,position_horizontal_m_p90,position_horizontal_m_p95,position_horizontal_m_mean,position_horizontal_m_max,position_horizontal_m_rmse,position_horizontal_m_equal_log_rmse,position_vertical_m_finite_count,position_vertical_m_median,position_vertical_m_p90,position_vertical_m_p95,position_vertical_m_mean,position_vertical_m_max,position_vertical_m_rmse,position_vertical_m_equal_log_rmse,position_m_finite_count,position_m_median,position_m_p90,position_m_p95,position_m_mean,position_m_max,position_m_rmse,position_m_equal_log_rmse,velocity_m_s_finite_count,velocity_m_s_median,velocity_m_s_p90,velocity_m_s_p95,velocity_m_s_mean,velocity_m_s_max,velocity_m_s_rmse,velocity_m_s_equal_log_rmse,attitude_deg_finite_count,attitude_deg_median,attitude_deg_p90,attitude_deg_p95,attitude_deg_mean,attitude_deg_max,attitude_deg_rmse,attitude_deg_equal_log_rmse,body_rate_rad_s_finite_count,body_rate_rad_s_median,body_rate_rad_s_p90,body_rate_rad_s_p95,body_rate_rad_s_mean,body_rate_rad_s_max,body_rate_rad_s_rmse,body_rate_rad_s_equal_log_rmse,frequency_hz_finite_count,frequency_hz_median,frequency_hz_p90,frequency_hz_p95,frequency_hz_mean,frequency_hz_max,frequency_hz_rmse,frequency_hz_equal_log_rmse,phase_rad_finite_count,phase_rad_median,phase_rad_p90,phase_rad_p95,phase_rad_mean,phase_rad_max,phase_rad_rmse,phase_rad_equal_log_rmse,velocity_x_m_s_finite_count,velocity_x_m_s_median,velocity_x_m_s_p90,velocity_x_m_s_p95,velocity_x_m_s_mean,velocity_x_m_s_max,velocity_x_m_s_rmse,velocity_x_m_s_equal_log_rmse,velocity_y_m_s_finite_count,velocity_y_m_s_median,velocity_y_m_s_p90,velocity_y_m_s_p95,velocity_y_m_s_mean,velocity_y_m_s_max,velocity_y_m_s_rmse,velocity_y_m_s_equal_log_rmse,velocity_z_m_s_finite_count,velocity_z_m_s_median,velocity_z_m_s_p90,velocity_z_m_s_p95,velocity_z_m_s_mean,velocity_z_m_s_max,velocity_z_m_s_rmse,velocity_z_m_s_equal_log_rmse,body_rate_p_rad_s_finite_count,body_rate_p_rad_s_median,body_rate_p_rad_s_p90,body_rate_p_rad_s_p95,body_rate_p_rad_s_mean,body_rate_p_rad_s_max,body_rate_p_rad_s_rmse,body_rate_p_rad_s_equal_log_rmse,body_rate_q_rad_s_finite_count,body_rate_q_rad_s_median,body_rate_q_rad_s_p90,body_rate_q_rad_s_p95,body_rate_q_rad_s_mean,body_rate_q_rad_s_max,body_rate_q_rad_s_rmse,body_rate_q_rad_s_equal_log_rmse,body_rate_r_rad_s_finite_count,body_rate_r_rad_s_median,body_rate_r_rad_s_p90,body_rate_r_rad_s_p95,body_rate_r_rad_s_mean,body_rate_r_rad_s_max,body_rate_r_rad_s_rmse,body_rate_r_rad_s_equal_log_rmse,variable
A1_longer_rollout,0,0.2,234,233,1,0.4273504273504274,0.0,234,0.025628683894653698,0.05845346579801597,0.07577613517352629,0.03218592940152911,0.16180261796792364,0.04053890510378974,0.040247969828028266,234,0.09006977081298828,0.14158029556274418,0.15063563585281373,0.08805815022215883,0.19782376289367676,0.09718519488761564,0.09676178166116156,234,0.096898251882147,0.14761013969934836,0.15748512352657182,0.0985856716383941,0.22501605989597853,0.10530130546369262,0.1049542842157134,234,0.43526699375514777,0.7566822814095212,0.8869586771657068,0.4522152130747084,1.4060308748239345,0.5163254123981063,0.5168819571560054,234,3.1797465309134854,5.329872486129171,6.349282670517257,3.4227590201592406,9.639265434372753,3.7496037117722603,3.740596912910452,234,0.6760594632004082,1.1243221191845252,1.2513702971642553,0.682964521787506,2.0175261685895887,0.7550816226154178,0.7568881400261104,234,0.17555975914001465,0.3633760452270508,0.39564718008041383,0.18936591270642403,0.48413920402526855,0.22376216333634244,0.2241518621798469,234,0.20865153850905926,0.41165284309495376,0.47922651430461055,0.2278842710475395,0.6481765018466064,0.2682861427829007,0.26880731736471264,234,0.08652114868164062,0.22225186824798587,0.3106488227844236,0.11128377811147426,0.6684115529060364,0.14907433708993972,0.14862027860913413,234,0.09631592035293579,0.25850269794464126,0.33495848178863524,0.12316890347462434,0.8486509323120117,0.16614976335281023,0.16619600649965896,234,0.3568654991686344,0.7089257881045343,0.8408932402729987,0.3873638324479326,1.3381927609443665,0.46557816706443034,0.4653919199931618,234,0.36098356917500496,0.8257034871727228,0.9783573729917406,0.4184820378327575,1.6947966814041138,0.5268614084346078,0.5269824344181033,234,0.3191782496869564,0.8483792528510095,0.9743224643170834,0.3924358183449397,1.2109561562538147,0.48759412143193864,0.48495382523158154,234,0.14735897071659565,0.3887394085526467,0.46313313622958957,0.18245800003473067,0.7618905194103718,0.2341309160680183,0.235510997151626,vertical_speed
A1_longer_rollout,0,0.5,234,230,4,1.7094017094017095,0.0,234,0.10135600321311394,0.20442023795122374,0.26505978193036833,0.11705780858539429,0.4342880898399151,0.13787927685898893,0.13743802794591564,234,0.1292257308959961,0.2707872390747071,0.3192692756652832,0.14522114370623204,0.43805503845214844,0.1704948883819019,0.16921886613649093,234,0.18696020354711212,0.32504936619234626,0.37861769560561775,0.1990265488883762,0.5451572131684234,0.21926970139879087,0.21854393878007286,234,0.5941812731973575,1.0216887129030514,1.2850731386608003,0.6571884015961225,2.5587377636046966,0.7316555710419007,0.7308320480310465,234,5.944895091894148,10.507984530955639,12.26631200600395,6.330535416644082,17.968770846574905,7.052791820640086,7.056691085594582,234,0.6251824632231933,1.0447402723256587,1.1535186071441632,0.6485580493759344,1.6928383608486361,0.7126273737703497,0.7127028425991655,234,0.16106152534484863,0.3482618808746338,0.40379307270050047,0.17578485480740538,0.5238471031188965,0.21103582537784504,0.21012828164079292,234,0.2565778811394068,0.6442274141231399,0.7559797017465608,0.3026626900229434,0.9805314223293635,0.38335379876019965,0.3826467563638251,234,0.22122883796691895,0.4790432929992676,0.5880286693572998,0.2506262943562534,1.046512097120285,0.3059467660762693,0.3032398859202662,234,0.2087717056274414,0.49843993186950697,0.6211389899253845,0.2500126570001499,1.4501276016235352,0.3195760527690884,0.31623023290760444,234,0.43452203273773193,0.89291483014822,1.1269220873713492,0.4685203593819299,2.0825865268707275,0.5827414499249656,0.5829482310261842,234,0.3257565498352051,0.7938450882211328,1.0049774212762712,0.39139117044496197,1.5332745015621185,0.48905612998724185,0.4909631437367131,234,0.3688109125941992,0.7552216020645578,0.8114126332569866,0.3993321623489993,1.1992145329713821,0.47219090714379525,0.4689517730987592,234,0.13017697632312775,0.3625708550214769,0.4319632852450013,0.16538357137778026,0.707233127206564,0.2137700231076552,0.21164097731756834,vertical_speed
A1_longer_rollout,0,1.0,234,221,13,5.555555555555555,0.0,234,0.3730867372952382,0.6814636201544939,0.7777559534790323,0.40826535150045956,1.3837671142142256,0.4593758174407124,0.45640000783106116,234,0.17549514770507812,0.5555139541625977,0.6972793579101563,0.2366999209436596,1.3324127197265625,0.3197816485983389,0.31478824927731364,234,0.46159177962281855,0.8003831653781794,0.978383541036324,0.5031209272070073,1.7807623829036603,0.5597199696541068,0.5553209061168679,234,0.9704044822937115,1.6343247830748173,1.8908552761995374,1.0437206121914901,3.181174763707694,1.1473973847992343,1.1409040017366958,234,8.697266640914325,17.132555056793723,20.940138766439258,9.99169101640439,30.95430448715155,11.254844387850943,11.211475626300945,234,0.6902851051395321,1.0502495111910966,1.2135516054037068,0.6897157692547953,1.7028441364754876,0.7525345956472045,0.7537006877036019,234,0.14100313186645508,0.3151286125183106,0.35938498973846433,0.15858505424271283,0.4811728000640869,0.1928588214226908,0.19256615867828542,234,0.4120282054340194,1.056584764585766,1.3376563407846482,0.5260868732676325,1.6698367123984355,0.6564031828743969,0.6556988415589144,234,0.4362823963165283,0.9822284162044528,1.131370949745178,0.507646679559834,2.3534433841705322,0.6284994597217544,0.6235687309984052,234,0.40924763679504395,0.949465072154999,1.2965811796486375,0.4922805973647051,1.9585849046707153,0.6134480986722157,0.605418865779363,234,0.41779187321662903,1.2555401563644422,1.4836374998092647,0.567901961487503,2.3311238288879395,0.7383702445311756,0.7365639248196489,234,0.3464808277785778,0.8752584874629975,1.1177787572145461,0.4227013791230722,1.4101353287696838,0.5316627275633207,0.5334990623946947,234,0.3784078601747751,0.7478822361677885,0.819345356337726,0.4084684434147854,1.0235680732876062,0.4801058606519734,0.4782421945451546,234,0.14518665336072445,0.38471347028389585,0.47119023837149143,0.1787259227837014,0.6825747191905975,0.23052423806068562,0.2307469505256675,vertical_speed
A1_longer_rollout,0,2.0,234,184,50,21.367521367521366,0.0,234,1.5181333031804827,2.573035707628056,3.09778806204129,1.6217747381960865,5.049212651230494,1.819422469325051,1.8021152972937522,234,0.46076107025146484,1.2899913787841797,1.7047319412231443,0.5782561434639825,2.3376076221466064,0.7688710756526119,0.7588223424294777,234,1.7046356883696174,2.8353831771683597,3.2662917312830695,1.8022435643148045,5.0601419416241455,1.9752115969839967,1.9567907902567014,234,1.8809910102462823,3.354368233180258,3.9178131017969253,2.043733261366159,5.789267775990206,2.2651104876300154,2.250197718475749,234,14.027288954831791,31.15782586808538,35.29352907096456,17.248262570719305,58.08935422341532,19.85369580302914,19.6922366270501,234,0.7088324794744172,1.1050404292076914,1.2096543673479447,0.7301828379826556,1.6311327570741299,0.783545154573931,0.7841521036351584,234,0.14023542404174805,0.32719018459320076,0.3662436246871948,0.15642370525588337,0.523582935333252,0.19154503989462573,0.19168018409096482,234,0.7260575163228112,1.750380903992722,2.374507640509262,0.8885194563954136,3.102564647231439,1.1213464842741483,1.1122186664695823,234,0.9837719053030014,2.3679006852209574,2.9821031808853147,1.162196711385344,4.960639834403992,1.4759687436832314,1.4447108830371527,234,0.9714721441268921,2.4883073866367345,3.217551851272583,1.1757640804832754,4.203469634056091,1.4840184111161363,1.46715710915814,234,0.6114256829023361,1.3151739269495017,1.6865893498063087,0.703967898290079,2.6138582825660706,0.865985649020794,0.8627104818865418,234,0.34530034102499485,0.7911871071904901,1.0118559837341303,0.4057460346271117,1.6103993114084005,0.511892692819958,0.5116602434850799,234,0.4469466507434845,0.7905618689954281,0.8714931001886725,0.45996285169574425,1.117183856666088,0.5228067499650129,0.5226015537728331,234,0.18686162680387497,0.4774572262540461,0.5829897122457622,0.21717781671840283,0.8859089463949203,0.2803247803617052,0.27978301529729477,vertical_speed
A1_longer_rollout,0,3.0,234,138,96,41.02564102564102,0.0,234,3.3952961312608485,6.7449361733238895,8.08568981882813,3.8754797852349037,12.048778121160323,4.41610167521389,4.371614638060318,234,0.7567529678344727,2.0896320343017583,2.4757919311523433,0.9331881177221608,3.061532974243164,1.196467344624979,1.1840219179429536,234,3.616723652310697,6.809686910246243,8.13527522566345,4.087611639120785,12.113733648475733,4.575312897778782,4.531728326529392,234,2.59784609248847,5.906259739478795,6.761079823151648,3.12508111387395,11.055732175619765,3.617366750118611,3.586524151689011,234,22.31388978102739,49.38524248306663,55.79737716367287,26.163804289295893,101.49022580956407,31.103977909020852,30.746631754083033,234,0.6896323482339846,1.1728650092946358,1.314375549246754,0.7240712213726845,1.85410937320554,0.7936558401732754,0.7893818470058803,234,0.1470268964767456,0.31482248306274413,0.3583171844482422,0.16307624486776498,0.5087475776672363,0.19623551277408624,0.19643342737885222,234,1.0022067612845973,2.1631790448263293,2.4852380551602664,1.120918676151753,3.1374879901750394,1.3550117139889213,1.3367012515724925,234,1.5404627323150635,4.237426203489304,5.184822753816841,1.9045901778830676,8.198387622833252,2.500269890187909,2.4565450627029572,234,1.4766299724578857,4.045229601860047,5.075764513015747,1.8745009954899359,9.303249835968018,2.4708364707667805,2.4558088714418873,234,0.6004824172705412,1.4035532653331757,1.666610714420676,0.698703726966523,2.0102859884500504,0.8537914357805327,0.8472638872947439,234,0.37789486348629,0.8726320860907436,1.170431671105325,0.4483863866895947,1.8091707527637482,0.5686346346203758,0.5645815213779283,234,0.42604684503749013,0.7184432741254569,0.800915381964296,0.42160918437338507,1.1148123741149902,0.48617768781654835,0.4845779802280994,234,0.14730998687446117,0.42564554214477546,0.555052289366722,0.2005636647500846,0.9733401089906693,0.264906588858515,0.2613294761280369,vertical_speed
A1_longer_rollout,0,5.0,234,93,141,60.256410256410255,0.0,234,9.23134483009596,20.94789456331347,24.264749542505015,11.045695544592697,39.22252355606265,13.10140941892585,12.94194383824867,234,1.5543060302734375,3.232283759117127,3.805284023284912,1.7043567017102852,5.308925628662109,2.070535666414477,2.055088199388917,234,9.50025566098789,21.203481220437304,24.39911725914429,11.319383655766373,39.223016551541015,13.264013220296995,13.108948936129641,234,3.9716195346563583,9.748528600521933,11.120464400193786,4.891195268162941,14.807043287905762,5.796880740892746,5.721335680127467,234,35.137985067815606,84.34225992477727,99.9924315331103,43.82886490211734,158.93984489363507,53.001791105248714,52.08296338053022,234,0.7389733033437873,1.1617784282658496,1.4126253015224806,0.7552417147536719,2.065475514761009,0.8330787909533688,0.8235641610898956,234,0.15401172637939453,0.3235133647918701,0.3797014832496643,0.16725416264982304,0.45704221725463867,0.2020221496724411,0.2021544620201694,234,1.4272415366131916,2.8307837090903676,2.9287410468338715,1.553542482347444,3.117449080683486,1.8067158865753028,1.7742187764497355,234,2.236131727695465,6.708090853691101,8.271647441387177,2.970443072848213,12.055971145629883,3.9457358974147327,3.8843671809491767,234,2.2560603618621826,6.9974408030509965,8.588199031352996,3.1186782877661416,14.619746685028076,4.154457383810313,4.105009219915358,234,0.5724788065999746,1.4495469644665722,1.7030135445296763,0.7012449017542804,2.521513491868973,0.8806125130214505,0.8807513646808409,234,0.36523603554815054,0.8995566667988898,1.1819268591701984,0.4384896253560506,2.025121871381998,0.57534430305536,0.5631169297407423,234,0.42556853825226426,0.8097494274377823,0.9184696981217711,0.44923489823993135,1.276569951325655,0.5281852689797107,0.5245098782867574,234,0.19343449582811445,0.4554892357438805,0.5235128968954085,0.2341423199689175,0.9889628179371357,0.28986121939800663,0.2882725698911164,vertical_speed
A1_longer_rollout,1,0.2,265,262,3,1.1320754716981132,0.0,265,0.03292906626278543,0.07215390112132763,0.0873461583807841,0.0385031900512724,0.18045949871847514,0.04731036645631403,0.04693528460193725,265,0.07587242126464844,0.13438644409179687,0.14332246780395505,0.07452425147002598,0.17357635498046875,0.08620445729302881,0.08483393852927859,265,0.08836992973803305,0.13775681531118317,0.15897209881593458,0.09034229548324879,0.21715352674528146,0.09833351021608225,0.09702389773787093,265,0.58501157716627,0.9336075625085656,1.0118983124406717,0.577301804125548,1.2620903665566625,0.6353279406862403,0.6350020286349336,265,3.1248598034061037,5.937284060533988,7.080563143403818,3.4922701936006013,10.621294876807042,3.9618411274467302,3.9370754151535023,265,0.6216390993291137,1.0512446532024506,1.1540750429875564,0.6446158611362188,1.4629200595634753,0.7035228972125086,0.7027342527194388,265,0.1578655242919922,0.32953543663024903,0.37491345405578613,0.16977507393315153,0.5014591217041016,0.20473347529993488,0.2045583859606767,265,0.180030048545099,0.3678071133276688,0.40989882025979935,0.1961835001551475,0.637159318015577,0.23345156810965964,0.23348438329825139,265,0.12471067905426025,0.29007616043090817,0.3410292625427245,0.14744272736727065,0.5273842513561249,0.18091586420680747,0.18048568429893783,265,0.1197957992553711,0.2996310234069824,0.352252984046936,0.1476877980426235,0.6061358451843262,0.18586895000539708,0.18512573308638536,265,0.5277731567621231,0.8945153594017028,0.973092109709978,0.4951817968517612,1.205227717757225,0.5799687713306761,0.5798336989938155,265,0.330277219414711,0.841594775021076,1.0292322695255278,0.3873030143899773,1.4424170851707458,0.49309216259796973,0.4890988217404943,265,0.3541540652513504,0.7402292966842651,0.8287458643317223,0.3937043556925964,1.2537797316908836,0.4662131169345616,0.4678781408618196,265,0.12270289659500122,0.2958654452115297,0.3656561031937596,0.14689920052868438,0.6301156878471375,0.1856068847992987,0.18572426935463754,vertical_speed
A1_longer_rollout,1,0.5,265,256,9,3.3962264150943398,0.0,265,0.11478592734145199,0.2382766428688266,0.27846975613386704,0.13283306455572028,0.5176342086388748,0.15750876898956076,0.15704368036540262,265,0.14307403564453125,0.28188323974609375,0.3326419830322265,0.1493924730228928,0.41414546966552734,0.17869400022566456,0.17662925811482388,265,0.20363194955699135,0.3506329615719269,0.388016309667461,0.21786336789309166,0.6289057722862916,0.2382027666196525,0.23672537566191618,265,0.6352092457234907,1.0944360213652418,1.269827148427157,0.6867372385078878,1.9974090224267664,0.7535656766403285,0.7542837464386526,265,5.417934503937368,9.291815256119955,11.083666289507851,5.827620063175725,17.673348231657695,6.43766486332535,6.43265101764396,265,0.6852611524027844,1.144838367169883,1.2925704526251445,0.7142488526011718,1.9710264163334492,0.7811314665867144,0.782017872713449,265,0.12155795097351074,0.33782958984375,0.37875866889953613,0.14863208374887144,0.5258104801177979,0.18901300065530632,0.1869022866065212,265,0.2823807052960632,0.6236123750768557,0.7434826431451639,0.31238409237989645,1.0701316041901805,0.3820290204122531,0.3813735245230176,265,0.24004650115966797,0.47258348464965816,0.5784412860870359,0.266968786350961,1.338794231414795,0.32124360862247586,0.32112844137336566,265,0.23996591567993164,0.5463427543640136,0.6360473364591598,0.2827693290797607,1.6983178704977036,0.35467567013009443,0.35331568028977073,265,0.41629746556282043,0.9235322564840316,1.064479276537895,0.4824847466909801,1.6731068789958954,0.5821245072554273,0.5821149000719539,265,0.3926826808601618,0.987975463271141,1.1266004562377923,0.45583836329125643,1.6831232085824013,0.5789848843387913,0.5771251846969173,265,0.40296579897403717,0.7607403732836246,0.8445619598031043,0.4235410309827201,1.1471505407243967,0.4892598215397712,0.49144210218905277,265,0.11946339905261993,0.3272807627916336,0.3675748169422149,0.1481677201052113,0.6469204425811768,0.18859400527582781,0.18867142946346588,vertical_speed
A1_longer_rollout,1,1.0,265,241,24,9.056603773584905,0.0,265,0.41287826446407216,0.6976313412922657,0.8411303857482942,0.44004390508029156,1.5552707183942462,0.5005404911841799,0.4989241497576334,265,0.24961471557617188,0.615567684173584,0.725513458251953,0.2967877181071156,1.1279640197753906,0.3774965062495603,0.3761826686313514,265,0.5184954058119058,0.8763852856739528,1.0587001851862907,0.5661327336314801,1.6397114685134595,0.6269325287026702,0.6253442378790272,265,1.0401675910188493,1.699122472254115,2.005939826839545,1.1039543998203822,2.7303343283016286,1.1987984575515827,1.2018985026653801,265,8.368697141736597,15.026058328059051,17.434518793894775,9.131732404013606,27.736607443598626,10.218975812678016,10.22452725490364,265,0.6484901930304118,1.0916723140709663,1.1950249175478038,0.6719978743425795,1.7023048474216913,0.7373865133577241,0.7322355705147338,265,0.15000486373901367,0.3623149394989013,0.4318363189697265,0.1714992586171852,0.534085750579834,0.21302091010295068,0.21378759013936,265,0.46738778892494537,1.0708801238243184,1.2552610193592395,0.5300717318113655,1.7218325621854405,0.6522123075906667,0.6490085398867922,265,0.4659419059753418,0.9554695785045622,1.1576156616210924,0.5149269339426438,2.4074792861938477,0.6415046708045238,0.6402964308827238,265,0.4971886873245239,1.0533816814422605,1.3312248468399035,0.5539524174242649,2.439960077404976,0.6876192267850673,0.6822736239673706,265,0.5466766357421875,1.1976360380649567,1.3957846999168395,0.6129426919828819,1.942916750907898,0.7434845648159345,0.7474685459907622,265,0.31842650659382343,0.8897652350366115,1.0646041732281446,0.4038037593232661,1.6725129187107086,0.5243165831561925,0.5121503337734605,265,0.39175523817539215,0.747566729504615,0.8169049233198166,0.4046833099072518,1.1667889992240816,0.47096009329316196,0.47041580044007186,265,0.11743117263540626,0.3622822746634483,0.4600694302469492,0.16504461953025487,0.6659292429685593,0.21685843593130708,0.21679231279691852,vertical_speed
A1_longer_rollout,1,2.0,265,202,63,23.77358490566038,0.0,265,1.4727693161845288,2.82105167291256,3.535590243507076,1.6655058133437506,5.863671152346796,1.9003151156545144,1.8832044291508923,265,0.4820995330810547,1.3744701385498046,1.565999603271484,0.6284353087533195,2.5177783966064453,0.7993809122483252,0.7991908901548787,265,1.6522247557566083,2.9343923604691056,3.658986450774216,1.8590646375370652,5.9207100441208445,2.0616031096338583,2.048275109578005,265,1.6721226874583481,3.30732683897232,3.929127619649568,1.94207677503825,6.705802692283001,2.2115808515637294,2.1867268276028,265,14.097468895384361,29.639852084352214,32.64529338064614,16.065002455021293,68.67686960455096,18.736391088365927,18.62940857201588,265,0.6896810817964855,1.1733755426416812,1.3952650057647256,0.7144460884370477,1.839876683678719,0.7917133954703732,0.7880333444215419,265,0.14201569557189941,0.32997775077819824,0.37406778335571284,0.1658819927359527,0.50138258934021,0.2026287680451332,0.20181233373427743,265,0.6598617807619007,1.4877695112481775,1.8872000267530367,0.7497824975666592,2.7546972491727573,0.9424247569638825,0.9238403164308157,265,0.897885799407959,2.2637197077274323,2.6042847633361816,1.0630850008917305,6.691397666931152,1.4093142679930313,1.3806911091615173,265,0.9538087844848633,2.611696684360504,2.9740509033203115,1.1926454037427903,5.32999312877655,1.5333702108188494,1.5143561634625784,265,0.4942657947540283,1.2343396544456482,1.3885403752326964,0.5868374152917345,2.4260147511959076,0.7441095037747976,0.7419650406638422,265,0.3667062744498253,1.0607732385396955,1.2053777642548085,0.46373973254922707,1.737398128490895,0.5991942150054212,0.5908516553172174,265,0.3844301775097847,0.7150119403377175,0.7882259123027323,0.383321773543743,1.0576063003391027,0.45495666397672274,0.4547805936009558,265,0.15012021455913782,0.43607100993394854,0.5064967527985571,0.19125296275377415,0.7265869677066803,0.24655795905716751,0.24544282632973896,vertical_speed
A1_longer_rollout,1,3.0,265,162,103,38.86792452830189,0.0,265,3.2887700419690913,6.962952626349703,7.894598025157514,3.8410269336537985,14.499291786702535,4.420514330730825,4.359747144115496,265,0.8305034637451172,2.0453788757324216,2.4404918670654285,0.9327150666488792,3.320272445678711,1.1809684804645122,1.1777518089355152,265,3.4920842671260686,7.1271640058974866,7.897913727635749,4.046580327555026,14.501223621632917,4.575547344312727,4.519797388524832,265,2.4783613795906776,5.404263209998429,6.567633056642645,3.006434285521475,11.442806136357278,3.5013999561372313,3.4521261347426964,265,20.427873300171477,47.897786127169745,56.94410685289557,24.491220495425537,88.63338909924394,29.117703205003796,28.75045878904762,265,0.6882973561934557,1.180163772040152,1.3299798073861295,0.7224950367792177,1.8463074021761363,0.7948868656655205,0.7909720015764068,265,0.14642643928527832,0.3644993305206299,0.4087315559387207,0.17280838624486383,0.5409450531005859,0.21411289933960412,0.212004248164077,265,0.8290842675296375,1.8192358553692243,2.148087844993626,0.9189570127882889,3.035055240916492,1.1237615537597783,1.1080433412344393,265,1.2967233061790466,3.515265083312988,4.582744646072387,1.7000574850626642,11.037919759750366,2.303200011349325,2.2489638465889703,265,1.4226951599121094,4.08791856765747,5.155174160003662,1.908811662332067,8.349726170301437,2.5010920560661516,2.466681282408733,265,0.5912200324237347,1.336472600698471,1.5384396225214,0.6705268446391203,2.6550292372703552,0.8364268573169243,0.8393030076696057,265,0.33843670040369034,0.9260752096772193,1.1655876897275446,0.4412207942034276,1.5901900883764029,0.5640797123879211,0.5543071898185064,265,0.3754315488040447,0.7688406940549611,0.9157552577555175,0.41658367026720267,1.2861263900995255,0.4957922637529957,0.4966744919316513,265,0.171260429546237,0.4278926521539688,0.5126354575157165,0.20818676822906676,0.8936791718006134,0.2604788637924303,0.25967252410219493,vertical_speed
A1_longer_rollout,1,5.0,265,111,154,58.11320754716981,0.0,265,8.88468794874796,21.239575414605998,23.547236475865958,10.74908630594639,39.73970382926488,12.644841311541853,12.442177834212782,265,1.48919677734375,3.1532005310058593,3.8312007904052723,1.6244372029911798,5.057043075561523,1.9497513232063861,1.9489518721628503,265,9.072207591682572,21.353555544014778,23.585493486377718,10.99555363559324,39.74320544737202,12.79427770592856,12.596355139411463,265,3.6326841514075885,9.32528557385275,11.00728298983032,4.6855603777876365,14.332185751749375,5.56678380438025,5.479640015805225,265,29.92853254894885,76.76352754328735,99.95933291591128,40.26370492595542,145.13972410847498,49.18982950981837,48.500430900439206,265,0.6866991137728065,1.1958065795680515,1.3714697494736745,0.7075076141474024,1.6798609364396189,0.7827519840445984,0.7789681374067732,265,0.14026761054992676,0.33081789016723634,0.37753677368164057,0.1613704429482514,0.46765923500061035,0.19796030476502013,0.196154881188301,265,1.0660629841147156,2.517638794705378,2.861304305400953,1.2418240266804723,3.1208087237746014,1.4750086095628072,1.4702199308075774,265,2.22685706615448,6.044226652383804,8.003002095222472,2.8389648541904773,13.338086128234863,3.707231560197563,3.6639034075034544,265,2.1113161444664,7.152688884735107,8.767757916450496,3.0399702723717916,12.112367630004883,4.074522379919944,3.9725890510551856,265,0.59520123898983,1.3115050196647644,1.413344465196132,0.6571279345396555,2.2782081440091133,0.8023611775982754,0.7920411034063312,265,0.34610415995121,0.9676775615662334,1.1930893182754514,0.4372439431751428,1.5779868960380554,0.5655102237159562,0.555480509682416,265,0.4291749484837055,0.720634628739208,0.8034844808280466,0.4149267443359109,1.0815627723932266,0.4780358203119727,0.47991681552322163,265,0.13929209113121033,0.4443787097930908,0.550136792659759,0.18808220522730823,0.9085141867399216,0.2537333440782743,0.25185430760698774,vertical_speed
A1_longer_rollout,2,0.2,223,220,3,1.345291479820628,0.0,223,0.03331341763300113,0.06468079753471741,0.07568056346663285,0.036585177375470575,0.14787585891585436,0.04291030938526676,0.042021832516441024,223,0.079193115234375,0.1276409149169922,0.1342935562133789,0.07636219503633644,0.18296051025390625,0.0855383674548111,0.08442239190018719,223,0.08907134034278417,0.13452599673031462,0.14440359285142995,0.08876699411148314,0.19272567486699518,0.09569799871665863,0.09445512808019482,223,0.5152298771221043,0.8792641577465927,0.9846525579051846,0.5456738207782038,1.335345207519541,0.6042189167986958,0.6005903787023814,223,3.2111164994007466,6.020623759731115,6.724037758804923,3.5175955708843296,9.372896377740412,3.93967759828464,3.894414087095842,223,0.6849805424349532,1.1197995840669126,1.3280782826612898,0.7182452560285773,2.0874822892088267,0.7896339487287549,0.7857437127340501,223,0.11961126327514648,0.3371225357055665,0.3933686971664428,0.15252162041685507,0.5342473983764648,0.19324990261662575,0.1944922048004793,223,0.1404948983815828,0.37457309529344945,0.45913762145023107,0.17434485617047876,0.6784057407630115,0.2221967540900706,0.22226273006414304,223,0.1363934874534607,0.2936785697937012,0.33244282007217396,0.15322541027860256,0.7285020351409912,0.18947817359134975,0.18751412086048155,223,0.12881803512573242,0.3085111618041993,0.36964719295501697,0.14480643809643562,0.4374885559082031,0.1787113006562981,0.17637940311923653,223,0.4404857447370887,0.8249511599540711,0.9702604971826073,0.4541641629171545,1.1114740371704102,0.5451979385210565,0.5420626886897002,223,0.3789246007800102,0.8842298537492752,1.0282347828149792,0.4453675971262579,1.8346241116523743,0.5633567732258578,0.5591123213287049,223,0.446033488959074,0.7807717103511096,0.8537415675818919,0.4466833808300641,1.334760159254074,0.5209385288878369,0.5183671576369104,223,0.11198194324970245,0.3150349736213684,0.39786090143024905,0.1428901607869193,0.5316917598247528,0.18647779536902537,0.1858298725010838,vertical_speed
A1_longer_rollout,2,0.5,223,211,12,5.381165919282512,0.0,223,0.12121813174117922,0.21223020630763065,0.23800741458301375,0.13066601220141666,0.5058116193030548,0.14746523841899967,0.14520331097746214,223,0.1361846923828125,0.2706794738769532,0.31061573028564443,0.147032366205224,0.4218273162841797,0.17264423527541378,0.16891217642876902,223,0.19864303631222693,0.31198570626389227,0.3609932420292157,0.20976000238528147,0.5373386355330642,0.22705071793721518,0.22325690255775194,223,0.6034329379758366,1.0581204089315965,1.154489315192307,0.6555823516364342,1.940068530148746,0.7152603570901664,0.7089067832263412,223,5.612919926637128,9.677369361810396,11.338428816190657,5.859805382942258,17.037980893815714,6.544767424754011,6.504096520828253,223,0.6822411888017474,1.1530598203037459,1.381844204058919,0.7351481702037894,1.887555052276399,0.8089767716727924,0.8077533013589644,223,0.15462923049926758,0.32438635826110845,0.3606051445007323,0.16267160342947784,0.43489766120910645,0.1952801162640407,0.19496500380672216,223,0.2444612905394763,0.5876808979945991,0.6671133813799713,0.2895743521747098,1.0611427357104404,0.3609281873378145,0.36083145294906005,223,0.25233983993530273,0.5375741004943848,0.6320015907287596,0.28113188053326754,1.1012625694274902,0.3451164660663532,0.3430231640759155,223,0.2553202509880066,0.5496049880981447,0.5952698707580565,0.2808075539867974,0.8134450912475586,0.3349517090022777,0.3312482093410371,223,0.35259909927845,0.8805486083030702,1.026661270856857,0.4201244037617165,1.6294298768043518,0.5294330513965647,0.5239836376248188,223,0.3903641402721405,0.9395660802721982,1.186207763850689,0.4640852469980149,1.7766196578741074,0.5826578760597197,0.5743454932774027,223,0.43957621045410633,0.8101081226021053,0.8670625168830154,0.44257043373370086,1.7041851840913296,0.5221872333255492,0.5206540085372418,223,0.11344388127326965,0.3147072926163675,0.4219211786985397,0.152616201278716,0.7630941867828369,0.20560571471512604,0.20066946325693524,vertical_speed
A1_longer_rollout,2,1.0,223,200,23,10.31390134529148,0.0,223,0.4421271903771098,0.7392714021134651,0.8136148368147644,0.46081745892710874,1.4750168363143965,0.507332527825329,0.5017471465485718,223,0.26082515716552734,0.575778579711914,0.6805133819580073,0.29407852433722115,0.9858531951904297,0.35979793099070795,0.3517525777275566,223,0.5518842260010357,0.8444046248735081,0.9885884119561836,0.5799249990872908,1.5571970964201014,0.6219653084656992,0.6135101776937835,223,1.136845922097933,1.8008291483692804,2.051536155816872,1.164556965382627,2.712890841104712,1.2585456032187314,1.2446333484838774,223,8.499673218501647,15.798591873894285,17.71043502423813,9.071911618849576,29.32423455727568,10.25401462863901,10.1413976942212,223,0.692411698860494,1.141577887988373,1.3128730019515662,0.7106025219803311,2.0381303315358488,0.7878178461451841,0.7807410787949154,223,0.14732718467712402,0.34744052886962895,0.3817456245422362,0.1745850879515233,0.5424058437347412,0.2122413614917002,0.21063621172085903,223,0.4223898392249694,1.0861209548930177,1.2694451848530133,0.5276793590890204,2.0193842982420094,0.6600712311537685,0.6566999344187145,223,0.49259328842163086,1.1987885236740112,1.440683805942535,0.5804700768916061,2.002810478210449,0.7209015249998225,0.7153705609541678,223,0.5122852325439453,1.1926486492156985,1.3730375170707703,0.6022783875665857,1.8839242458343506,0.7369380261765369,0.7269911439997067,223,0.4920601546764374,1.2422484159469607,1.384296671673655,0.5788397595950406,1.9185296297073364,0.7219143801096918,0.7077186760951087,223,0.35442569479346275,0.9083886347711086,1.1335716913454228,0.4267701164176145,1.792449027299881,0.5549632193760982,0.5412890436736757,223,0.430279852822423,0.7926044557243587,0.8655233051627867,0.43031446207231205,1.312737189233303,0.5081951426862795,0.50862941368006,223,0.1427065134048462,0.3710059642791748,0.4700486198067665,0.17688078164462848,0.9312708973884583,0.23326054272985333,0.23035109393857237,vertical_speed
A1_longer_rollout,2,2.0,223,162,61,27.3542600896861,0.0,223,1.603824123961884,3.040132264591176,3.493770649994531,1.7913475963732723,5.167049666539561,2.018843677616412,1.997024636377255,223,0.522392749786377,1.3370647430419922,1.5630060195922844,0.6370417783078591,2.465381622314453,0.8021222128754076,0.7915163146876105,223,1.8344107117761301,3.1101848977715694,3.650858077981833,1.9762670165185037,5.399311310980682,2.1723558269859704,2.150955145050968,223,1.955043134921613,3.438239994179295,4.359885756313075,2.1104959965754277,7.542397670136805,2.382390146231791,2.3537342344349055,223,13.742532468996197,29.360480340742463,33.84856529721788,16.172661739367072,60.548418665681574,18.695321867223406,18.447912505887764,223,0.6615424999113946,1.0303625387302981,1.1877070747698784,0.6636606096423929,1.7639716814907802,0.7308265174861884,0.7257859044200409,223,0.1650388240814209,0.37215824127197267,0.44702706336975095,0.19116622557019974,0.5297844409942627,0.23119054459396002,0.2306544470124682,223,0.5546362489798895,1.386155936955612,1.5673383666982643,0.6799907080792865,3.118954510035899,0.8589886614148693,0.8545429104527411,223,1.0314130783081055,2.354737138748169,3.0328536033630327,1.188191156583784,5.716663599014282,1.5099941137562887,1.486045804961619,223,0.910682201385498,2.723991537094117,3.327122484147549,1.230077116378487,5.288694858551025,1.624537551510129,1.5949660080637869,223,0.6091504395008087,1.3970753669738771,1.665545505285263,0.7150255915429026,2.24089452624321,0.8698151119733255,0.8636097947880362,223,0.29965072870254517,0.8205897241830827,1.0358182149007915,0.3687201600178299,1.3595520043745637,0.48241286367416525,0.47371333911942093,223,0.37710022926330566,0.7669760803692043,0.8319279715418815,0.40881213741617134,1.3786212876439095,0.49188330977052125,0.4914980941936184,223,0.1366712599992752,0.42060225703753534,0.5373784425668416,0.18253616118610988,0.8652791790664196,0.2437950721238617,0.2397992308483088,vertical_speed
A1_longer_rollout,2,3.0,223,127,96,43.04932735426009,0.0,223,3.5849095109791485,7.091364651111829,8.1941120191073,3.9897754440320834,16.18014863865712,4.6693314670416735,4.6012410230852865,223,0.8505802154541016,1.901257514953614,2.297607421875,0.9486558458730244,3.4015979766845703,1.1748007535495453,1.1627329142320222,223,3.8394018610477905,7.197169961917292,8.378073770802152,4.2040494200283085,16.374651649670145,4.814853389216137,4.749677868567529,223,2.4996397932253855,5.538790642092277,6.282516960555753,2.980897719509928,13.670969255249092,3.5252396425317967,3.4645206831165334,223,18.793478306654844,43.534559702303945,49.934163770404815,23.60535801520617,115.15667305780767,27.86803072396325,27.375092390791735,223,0.6770602417782544,1.056943465610537,1.1781379516517925,0.6797264955387398,1.488705370350049,0.7407439334733565,0.7387331522550195,223,0.15348601341247559,0.3533502101898193,0.39132683277130126,0.17888801942491744,0.5164022445678711,0.21672806460240504,0.21532306797165718,223,0.6422282253737848,1.7846442795060529,2.031235518403288,0.8091301338864276,3.0484578756042566,1.0445538117092286,1.0173368605795774,223,1.3827676177024841,3.8376790523529056,4.794591665267943,1.781233948175148,12.083060503005981,2.4089513762210792,2.3447450709307107,223,1.3994371891021729,4.373347064852715,5.020854479074478,1.87149580385987,7.8629783391952515,2.463336518810613,2.429335347665196,223,0.505146324634552,1.1825893282890323,1.4622527271509167,0.589119148089847,2.6924561262130737,0.7458156604512183,0.7414234462040475,223,0.2780124098062515,0.8408201143145562,1.0818438685964786,0.3802427631142996,1.3527800217270851,0.4989310217479756,0.4911381135276532,223,0.39636755362153053,0.7527507841587068,0.7951951797585934,0.40756027603724493,1.4176068007946014,0.4801580907636415,0.4819002069888626,223,0.15758636593818665,0.4409175604581833,0.5219058475457131,0.20160696398967465,0.7488373778760433,0.26309241416148105,0.25927614091922235,vertical_speed
A1_longer_rollout,2,5.0,223,80,143,64.12556053811659,0.0,223,8.953386930444331,21.038801043230382,23.239111585491965,10.780508669316827,46.656580945417744,12.852896895055155,12.647977993610269,223,1.3793792724609375,2.9808193206787115,3.4776657104492186,1.5203864673327971,5.203142166137695,1.8291630710920608,1.8098002759014349,223,9.390729935475262,21.159032580830388,23.28686870251023,10.997152974328964,46.687757735047654,12.982403326640464,12.78022807485895,223,3.6424877878163398,8.307637390745574,9.731454065136466,4.381152040913572,17.163797999654257,5.198914251699553,5.113810495483064,223,30.11807743234547,69.55303617882193,80.00284972024008,36.36366878039315,178.69442083435766,44.33019898423358,43.56727324415032,223,0.6804934764450863,1.071573631932081,1.2248793404301772,0.6943302490427313,2.184144381860127,0.7624942452811618,0.7608438330974681,223,0.14905548095703125,0.3672602653503418,0.43633921146392807,0.18061946325772546,0.5716574192047119,0.2250391349725009,0.22343866838068177,223,1.0277870442709158,2.6799465275635073,2.852987110497941,1.2375847863476315,3.1313160516990592,1.506096184623971,1.4784023498030534,223,2.044929027557373,5.782964795827868,6.859511450305581,2.6796903625702813,16.9447922706604,3.5490390211115,3.4438648053436567,223,2.023195743560791,6.216835021972656,7.650405895709986,2.8129199831308003,10.56714153289795,3.715481305140435,3.6783917006321962,223,0.5332776010036469,1.3526415884494782,1.4888189226388928,0.6252215615548862,2.1886463463306427,0.7926096733604594,0.7760299561856627,223,0.32738327607512474,0.878157313168049,1.0921759188175197,0.4078641222568538,1.5911563918925822,0.5259471450825156,0.5217280351617795,223,0.3567277565598488,0.7690577998757364,0.8419908918440339,0.4053807691279423,2.160888910293579,0.4946665701308082,0.4920246885554641,223,0.1602759100496769,0.4341625183820726,0.47802276983857156,0.19177666039210264,0.7318427562713623,0.24511641940404955,0.24428935224764753,vertical_speed
A1_longer_rollout,0,0.2,283,279,4,1.4134275618374559,0.0,283,0.027173526794941526,0.05494185522194142,0.07026931563826677,0.030462420037582098,0.12763006124375773,0.03629613759756871,0.03651137712557798,283,0.08151817321777344,0.1353973388671875,0.14325218200683593,0.07875969721655963,0.17208480834960938,0.08922561171360903,0.088294910116604,283,0.09011601003797837,0.1374104970191454,0.14840716985462224,0.08912468133008047,0.17560277856031484,0.0963255905259312,0.09571384153858806,283,0.5456598349502254,0.8852908467297819,1.003239900481653,0.5378655546280015,1.4060308748239345,0.5981039678292194,0.6007362362335711,283,3.031320341299253,5.47418971728531,6.348704178837198,3.3307065682725656,9.639265434372753,3.7266697957698987,3.729320020917375,283,0.6319411676181041,1.0277178807446732,1.2023526008136483,0.6586687582545192,1.8708409912077935,0.7204194252727938,0.7219548686222114,283,0.17215418815612793,0.35050811767578127,0.39537949562072744,0.18019466096857834,0.5342473983764648,0.21740293544537734,0.21680792392645104,283,0.1803837595675688,0.4012493907871687,0.47629808809455704,0.2004951250336287,0.6706476673927781,0.245518389572598,0.24343495405695492,283,0.10368728637695312,0.2561792373657227,0.29634094238281244,0.12271766767215128,0.4403078556060791,0.1529845013104578,0.15311824775659405,283,0.10014533996582031,0.24869785308837894,0.29049957990646336,0.11822964703868219,0.5475325584411621,0.15236350687038672,0.15105637437555763,283,0.4929698705673218,0.8498447060585023,0.9645386323332786,0.4788276269890421,1.3381927609443665,0.5577718713470625,0.5602238655332145,283,0.35625001415610313,0.846996819972992,0.9933636993169783,0.4138096489134416,1.8346241116523743,0.5243215885944587,0.5230219577045455,283,0.3508916571736336,0.7421344265341762,0.8281307987868783,0.3801513128171843,1.0899242460727692,0.4524958294405465,0.45164359401480925,283,0.1259571798145771,0.2940996199846268,0.4052633522078394,0.15210097531587308,0.7618905194103718,0.19833946753754672,0.19842410877215358,abs_body_yaw_rate
A1_longer_rollout,0,0.5,283,269,14,4.946996466431095,0.0,283,0.10551706074763381,0.18986733874695086,0.21832865342180666,0.1141553766814661,0.4866620569262434,0.1299430858108877,0.13052791148095344,283,0.12924957275390625,0.2712158203125,0.2932142257690429,0.14226741335838505,0.40560150146484375,0.16801198230606626,0.1662393851697191,283,0.18870818256860958,0.297173162183202,0.3408064927758805,0.19554121337532293,0.5580878640345238,0.2123987564663919,0.21217001784461048,283,0.6061662151534051,1.0668708011201096,1.154489315192307,0.6585534569748457,1.6977798970918665,0.7202596349594067,0.7234397966409841,283,5.184601117290794,9.045866230756987,10.549807904199062,5.554615384817984,17.968770846574905,6.173227943699087,6.197221209158163,283,0.6232472171224593,1.079494486439135,1.2554105904927013,0.6600337938058265,1.6069268450604324,0.7304908191388289,0.7297944654814694,283,0.15690231323242188,0.34470577239990235,0.38860919475555394,0.1687873740920751,0.5258104801177979,0.20580540912995196,0.20621208711185451,283,0.2441157501477349,0.6229094073359989,0.7390916845029024,0.2887773909564344,1.0611427357104404,0.3642336024924762,0.36455295980217645,283,0.22975492477416992,0.47656049728393557,0.5653355956077575,0.25679219125148056,1.338794231414795,0.30848428771732084,0.31038089809432534,283,0.22423601150512695,0.4992905616760255,0.5754846096038816,0.25329553130553384,0.9323148727416992,0.308617117787544,0.30838305710602276,283,0.4015570431947708,0.9541210204362873,1.0661463811993594,0.46244101844853047,1.43860924243927,0.5730330362133621,0.5754322909019537,283,0.3145931325852871,0.8407853774726393,1.084119369089603,0.4006361671811457,1.5208689123392105,0.5150651799717928,0.5110005243902156,283,0.40296579897403717,0.7644602246582508,0.8210646741092203,0.4104941670532756,1.0744932256639004,0.47405552688046526,0.47434324978693787,283,0.12011246755719185,0.3494844377040863,0.4103298082947729,0.15956063825199412,0.7630941867828369,0.20879668259056777,0.20771602640311798,abs_body_yaw_rate
A1_longer_rollout,0,1.0,283,246,37,13.074204946996467,0.0,283,0.3868041636235625,0.6473243086946524,0.7448159825868678,0.4063336947997957,1.5552707183942462,0.4526450036175513,0.4547844369362248,283,0.22939682006835938,0.5523632049560548,0.6416257858276367,0.2607898863802529,1.1279640197753906,0.3293352783008696,0.3278626009894746,283,0.5024703756588959,0.7782197767596843,0.8646637458298134,0.5168669589142593,1.6392827551436304,0.5597760488208158,0.5614169611921698,283,1.0226018785943025,1.6045821759394943,1.7014643457117897,1.0613696618927793,2.93975436399513,1.1389350169455488,1.1426592261106048,283,8.494591083625286,15.128910579155136,17.774640892440026,9.209658611021947,30.95430448715155,10.332783125128206,10.361324913177333,283,0.662340507427582,1.1031796007161776,1.240002511671248,0.6821521178889357,1.9591370437586444,0.7525875094082136,0.7548442902451975,283,0.14836597442626953,0.34910268783569337,0.3817456245422362,0.1692320702353973,0.47861385345458984,0.2056692602036878,0.20633837180785858,283,0.38398853025191243,1.0110677386543587,1.2169646760784572,0.4782602619242033,2.0193842982420094,0.6063165671602986,0.606679167301718,283,0.48703670501708984,1.0354742288589478,1.1987258434295653,0.532485498095675,2.4074792861938477,0.6531070598783871,0.6550368650337728,283,0.45198535919189453,0.9928647994995121,1.2624703764915457,0.5086536911931613,1.8839242458343506,0.6236742032215943,0.6233371189964962,283,0.4843579977750778,1.1664703629910949,1.3984816104173654,0.5598748531176087,2.3311238288879395,0.6940134216264666,0.69455543822427,283,0.35291334986686707,0.8743690311908723,1.108700557053089,0.41794070021978286,1.7138676047325134,0.5338872315347835,0.533839986886924,283,0.41083797067403793,0.7453499555587769,0.8286768544465303,0.4059533301009484,1.267693798756227,0.47840337273640515,0.48080614933618193,283,0.13851597905158997,0.3768374226987362,0.48300114274024936,0.1760971095599522,0.8844068497419357,0.22909080356010503,0.2289934844906636,abs_body_yaw_rate
A1_longer_rollout,0,2.0,283,186,97,34.275618374558306,0.0,283,1.5168993121857812,2.769246502969472,3.072974486175788,1.6337620451004642,4.56659755381145,1.8156361851158547,1.8197509012320574,283,0.478729248046875,1.2362678527832034,1.4595523834228492,0.5741281244021844,2.4133224487304688,0.7419441458917071,0.7431831513422238,283,1.6992534555311911,2.8362138643938795,3.1117465838871885,1.8156287106996176,4.806607497022459,1.9613811134822903,1.9661130167967844,283,1.7931415676306743,3.221875095610703,3.690348890072547,1.9711877893273098,6.427930934991924,2.1937743692136062,2.1963896477254705,283,13.713028167484127,29.66066069760087,33.895886264670644,16.150471286085878,68.67686960455096,18.75481760608289,18.78310640525684,283,0.6581439802113176,1.0533059046778828,1.1882689558822528,0.6785928325257667,1.839876683678719,0.7450541371679189,0.7481549226114987,283,0.163865327835083,0.3411590576171875,0.3859553575515746,0.1753270642917485,0.5297844409942627,0.21211037399770996,0.2133349675636346,283,0.6199509238165464,1.3688313406002526,1.732203803379606,0.7179233196520785,3.102564647231439,0.9063821370576968,0.9093693777499464,283,0.9462432861328125,2.260831367969513,2.558278822898864,1.1214634821488598,5.871174395084381,1.4070389656346889,1.4027290627683644,283,0.9197721481323242,2.4354729413986207,3.095190966129302,1.1572367271224149,5.1036461889743805,1.4865475231527245,1.4826182506303967,283,0.549826517701149,1.269325852394104,1.476623523235321,0.641058671309583,2.0165773034095764,0.7893439007256093,0.7933327236180032,283,0.33912378549575806,0.8419354736804963,1.0770033229142424,0.405209751367773,1.5636531813070178,0.5189440096789544,0.5214789434634021,283,0.3946814313530922,0.7412850465625525,0.810929934773594,0.4056848752770619,1.117183856666088,0.47812399158426366,0.476232231287268,283,0.1557421162724495,0.3956780046224595,0.4723453938961027,0.18405537467179228,0.7996462732553482,0.23916569737504673,0.2401445376454155,abs_body_yaw_rate
A1_longer_rollout,0,3.0,283,145,138,48.76325088339223,0.0,283,3.3842672449250903,6.745792112329278,7.739182933722199,3.8044370798066294,10.968172263220618,4.305842748631218,4.308241270336862,283,0.7401847839355469,1.971958160400391,2.228346347808836,0.8733931192239687,3.160593032836914,1.123819591175435,1.1272508996074342,283,3.546152089507402,6.768211791442196,7.827153606850097,4.004100889812751,11.147441085343583,4.4500845216074,4.454032095925282,283,2.4513748773513973,5.534275581555523,6.14109001030437,2.9112106649482934,9.529413243213193,3.3704214872843603,3.3728772065282606,283,20.337418314387232,47.1727152366669,53.41248351096999,23.918942861069127,84.95886362607509,28.33939091420198,28.392495283013364,283,0.675628725257425,1.0899327296344812,1.2199191881126292,0.6979692436504955,1.85410937320554,0.7699695257612204,0.7731577570943575,283,0.14676928520202637,0.33307452201843263,0.38466253280639623,0.170324416548119,0.5409450531005859,0.20696914750706238,0.20774500592217865,283,0.7407856786048654,1.7452207695701831,2.2274098210053497,0.8595469529127896,3.1374879901750394,1.0793322941184336,1.080739241644689,283,1.4377696514129639,3.600318497419358,4.262204593420028,1.7062159116493452,9.395095586776733,2.2349791068418368,2.225800474580891,283,1.3873060941696167,3.971447736024857,5.266798126697531,1.8210627990363448,8.349726170301437,2.405280054387572,2.4013676076250507,283,0.523019339889288,1.2515297889709474,1.4222386568784708,0.6026969576178797,2.6924561262130737,0.7610763784889816,0.7597404761052013,283,0.33843670040369034,0.8648602068424225,1.120950545370578,0.4109631555953784,1.8091707527637482,0.5341311721618053,0.536507723260606,283,0.39538327045738697,0.7585295215249062,0.8358341146260498,0.4150887143595783,1.4176068007946014,0.49161453279620837,0.48914256368620224,283,0.1618325412273407,0.4252247363328934,0.5096986537799235,0.20205703794751761,0.9733401089906693,0.2566556305043398,0.2579881873048223,abs_body_yaw_rate
A1_longer_rollout,0,5.0,283,94,189,66.78445229681978,0.0,283,8.842898888422317,20.864366650888563,23.57098384953389,10.652811538838485,32.13884639629765,12.47941410739645,12.458398938190793,283,1.419656753540039,2.8861278533935555,3.521164894104004,1.5170970659689853,5.308925628662109,1.8338631026554522,1.8400154122359573,283,9.054559200968065,21.045815986697637,23.625911588900713,10.864023288369252,32.140030311697046,12.613438482157298,12.594818738280143,283,3.5026838038435426,9.288271827472776,10.735928994097154,4.569154292929586,14.734944458795875,5.419175990570821,5.398833456636368,283,30.72031038807262,77.18269948889078,94.81475412677128,39.48125512566358,134.741855118143,47.788966593051036,47.61703254582979,283,0.6967635386856366,1.0872076163280602,1.2376116062382272,0.6989436660835672,2.065475514761009,0.7638912338569047,0.7653146908347563,283,0.14686107635498047,0.33106384277343753,0.37589933872222897,0.16521009371053202,0.5113670825958252,0.2009733432734707,0.20153551763570948,283,1.1125964470488015,2.5709493797712515,2.8499287617680733,1.2672081004380789,3.0797465198539413,1.515067491265681,1.5222352359002425,283,2.243602156639099,5.950874900817872,7.423331153392778,2.823322287603535,12.006175994873047,3.6447087194244236,3.6348020504996335,283,2.0534019470214844,6.796939849853517,8.357294988632201,2.931874307800519,14.619746685028076,3.930475893993036,3.894395141260271,283,0.5657273232936859,1.3601804375648499,1.4592185229063026,0.6404108346568242,2.2786040604114532,0.7968224482721773,0.7944511746951104,283,0.33504682034254074,0.8385765936225653,1.117312550987117,0.40543359432508513,2.025121871381998,0.5283036971172161,0.5242791883513335,283,0.42153333500027657,0.7461914395913483,0.8320727668702602,0.419238041408439,1.0302470847964287,0.48821633069062925,0.4882022877837227,283,0.1664794534444809,0.42358656860888017,0.5069919287227093,0.19964651619925414,0.8382765650749207,0.25704053225645773,0.2576888478532085,abs_body_yaw_rate
A1_longer_rollout,1,0.2,239,236,3,1.2552301255230125,0.0,239,0.02893810494671023,0.05859382081030437,0.07307537382962882,0.032727659338515916,0.1314365999163462,0.039229511313730224,0.038836306717623434,239,0.0808868408203125,0.13256187438964845,0.14524497985839843,0.08063314150566835,0.19782376289367676,0.09075504769473249,0.09030609421956266,239,0.09077180028948796,0.13793071886051278,0.1531138101492207,0.09144385966689435,0.20592661305724436,0.09887079063094042,0.09848332997987805,239,0.5409203116986054,0.8942272813898694,0.9779022792641359,0.5339868563760175,1.335345207519541,0.5974639014567822,0.5984047638369295,239,3.07512155011142,5.525029615484464,6.313889158882994,3.353770748871648,9.118696499518123,3.710105334338588,3.6733455057101976,239,0.6596390022193835,1.0530836175837515,1.2008090146213135,0.6742065398668978,2.0874822892088267,0.7418538574166754,0.7396593461486907,239,0.15632033348083496,0.3403783321380615,0.40029985904693605,0.17386440303036357,0.4782247543334961,0.21037268307570003,0.20998774530092662,239,0.1775056907713548,0.39639972931460654,0.46111207964635514,0.198625692105747,0.6481765018466064,0.2434492717614051,0.24064226739263744,239,0.1050100326538086,0.2882724761962891,0.346038818359375,0.1367758416987675,0.7285020351409912,0.1749199505162086,0.16818390327832572,239,0.10464859008789062,0.3040114402770997,0.35876703560352324,0.13700425111256134,0.4742617607116699,0.17199607560936753,0.17300282321579202,239,0.4768325015902519,0.8630826383829118,0.9262242183089255,0.4552523047569749,1.205227717757225,0.5447783718452334,0.5463257781712565,239,0.3409891873598099,0.8738692998886108,1.0133450895547866,0.41266632793426405,1.6030123829841614,0.519233533693082,0.5199183155955511,239,0.354684054851532,0.7783669650554658,0.8558425262570382,0.41476655469147417,1.334760159254074,0.49312441150464476,0.48868209050968814,239,0.1236506924033165,0.32768885046243673,0.39246305711567403,0.15136554897772578,0.6384965777397156,0.19383497628341934,0.1915948837450475,abs_body_yaw_rate
A1_longer_rollout,1,0.5,239,229,10,4.184100418410042,0.0,239,0.1041954663836082,0.21156128751842698,0.24777159544379038,0.11894639145030313,0.38644891603858667,0.13777729149220208,0.13649755780685968,239,0.14029407501220703,0.2790149688720704,0.32666988372802735,0.15129539757094124,0.4218273162841797,0.17664654978958078,0.17565087040532193,239,0.19397296308834033,0.32130232637530753,0.3593119672272266,0.20644035837762825,0.5664443792217192,0.2240236273331232,0.2230210379589784,239,0.5981093881095788,1.0206114661750882,1.174547907874781,0.6600266455857274,1.6964065604740912,0.7200763257558098,0.7159393799514019,239,5.417934503937368,9.527441083366666,10.340452171431737,5.682491418344603,14.333796160800171,6.261731130055011,6.218065921331042,239,0.6852034403564145,1.0920333582068118,1.2001574519046638,0.7074670436051754,1.887555052276399,0.7723480054168987,0.7730974612976754,239,0.14212536811828613,0.3311607837677002,0.370348596572876,0.15831536827725845,0.5006957054138184,0.1935972219586828,0.19346967107312854,239,0.2630941092076924,0.6235398466658055,0.7485059378352723,0.31114618296763535,1.0480417461772902,0.38504273990285115,0.3772236849154477,239,0.2351135015487671,0.48008594512939456,0.5849478721618653,0.2612903963338007,0.8246231079101562,0.31194074649399695,0.3080552372412,239,0.23221445083618164,0.5062203709036113,0.59943630695343,0.2633312751683231,0.9378514289855957,0.3224287584243376,0.32050182386157955,239,0.43771424889564514,0.8629359602928163,0.9812214642763136,0.4648383197318139,1.6731068789958954,0.5632429150301805,0.5604852190336825,239,0.36136332899332047,0.9261783838272099,1.092402871698141,0.44817817683047206,1.7766196578741074,0.5597108829539972,0.5598494489675301,239,0.39022674411535263,0.7799725115299225,0.8412251874804496,0.41775821800690505,1.1992145329713821,0.4928583355145528,0.4896312872884849,239,0.12126126885414124,0.3084027072414758,0.42156405448913564,0.15380438362136453,0.684292808175087,0.20083782036295605,0.19937217219740816,abs_body_yaw_rate
A1_longer_rollout,1,1.0,239,222,17,7.112970711297072,0.0,239,0.40824197779066906,0.6929954623491081,0.7542591018202867,0.4225864737448567,1.2271531839947172,0.4662642703974414,0.462558140394013,239,0.21999359130859375,0.5997640609741214,0.7280046463012695,0.28296208680923013,1.0875425338745117,0.3590755599256936,0.358473657320706,239,0.5082846383410067,0.8408605981302683,0.9667603947254639,0.5424284827796628,1.6397114685134595,0.5885045688736908,0.5854767349248173,239,1.0502128296263096,1.8046570602442105,2.0361884378765027,1.1143942425768008,2.4917997279107094,1.2140660402484333,1.2092510961899297,239,8.245077202068211,15.615679682789665,17.844102555283182,9.202719069652833,26.20842122013769,10.368057442369127,10.300808535096783,239,0.662536143446088,1.0969337635283996,1.2078896809479038,0.6837299543994129,2.0381303315358488,0.7502213145624144,0.7413002734990848,239,0.14872360229492188,0.33698711395263675,0.3904429197311401,0.17359456856380448,0.5424058437347412,0.21000446725861566,0.2107664220021927,239,0.4989427206374586,1.0830480816779102,1.2741371646132627,0.5582516934360188,1.8087092185357605,0.680780787333684,0.6719270548474341,239,0.4619898796081543,0.9612996816635135,1.1585725307464598,0.5147380118509638,1.898565024137497,0.6312944929580505,0.6270240936779821,239,0.4826779365539551,1.1255767822265625,1.366278839111328,0.5574890500456718,1.8445967435836792,0.6919615914240587,0.6819893980885182,239,0.5287798792123795,1.2594882577657702,1.4977161414921283,0.6135942461845859,2.001238524913788,0.7724071266108518,0.7724768802502006,239,0.3244951516389847,0.8870560944080357,1.1117298677563667,0.41876783368916143,1.792449027299881,0.5402903226237712,0.5274003811984849,239,0.38331594318151474,0.7532491192221642,0.826777283474803,0.4069418441582175,1.0235680732876062,0.4756074341561915,0.47435479609172126,239,0.11923526600003242,0.3585544168949128,0.40189104862511155,0.16085208735402448,0.9312708973884583,0.21146147800065637,0.2069938983133503,abs_body_yaw_rate
A1_longer_rollout,1,2.0,239,188,51,21.338912133891213,0.0,239,1.4761068701652253,2.901915701091014,3.426719574049458,1.671233304873805,5.167049666539561,1.8871991846319138,1.856756211994501,239,0.5052719116210938,1.3887631416320807,1.611334466934204,0.6497436158327877,2.420562744140625,0.8208527229157021,0.8221692840948471,239,1.6871916357607535,3.0761666081570467,3.5247951083336355,1.8728143122434138,5.399311310980682,2.0579892990959605,2.03224674862581,239,1.7711974621155206,3.301760179616245,4.035064988267909,1.9901495476894648,7.542397670136805,2.261030949778175,2.2248217033742557,239,14.191426060092358,28.64218829114479,33.685930507395064,16.387210230421175,60.548418665681574,18.96150851491727,18.803093343109705,239,0.6867472174786534,1.1092127107192207,1.2182789093814024,0.7147933533256161,1.7709643216252853,0.7756375027865001,0.7632555059798992,239,0.13841557502746582,0.34067573547363283,0.376980185508728,0.16155483433392256,0.5011677742004395,0.19628737374620114,0.1954606253703663,239,0.6784281618029269,1.7173254877244666,2.025006727479958,0.822170331941895,3.118954510035899,1.0462858607918408,1.0325777095637574,239,0.9623026847839355,2.2785227060318003,2.8251323670148847,1.1080334444206879,5.716663599014282,1.4235046903765718,1.3993128757725746,239,0.9919161796569824,2.575060653686524,3.17940379679203,1.19802577284683,5.288694858551025,1.5441538045430983,1.5089792901459975,239,0.586595706641674,1.3351530611515048,1.6609233796596528,0.6725142251867723,2.24089452624321,0.8375466436239664,0.8392463547967548,239,0.34055258333683014,0.944817098975182,1.0985666701570154,0.4205447103897359,1.737398128490895,0.5390509806018263,0.5221694369637423,239,0.40059103071689606,0.7585086300969125,0.8247789643704891,0.4153030378525788,1.3267669007182121,0.4838613982853203,0.4816238616233067,239,0.15252073854207993,0.48557676076889045,0.5663918610662222,0.20963632694855197,0.8859089463949203,0.2773368408460403,0.272055649577918,abs_body_yaw_rate
A1_longer_rollout,1,3.0,239,146,93,38.912133891213394,0.0,239,3.2545332457056335,6.856468354504684,8.481518783797862,3.8492249206829072,16.18014863865712,4.491988761773395,4.403208476108846,239,0.9321250915527344,2.1693961143493663,2.524830436706543,1.0154661952701074,3.4015979766845703,1.2642758878657527,1.2655600712409059,239,3.5454977889149464,7.160126026466678,8.55622317464686,4.084630334407979,16.374651649670145,4.666514390477888,4.584400915561807,239,2.405864832792515,5.723229572210122,6.631462184370685,3.016949876740063,13.670969255249092,3.574800894859135,3.514803262894681,239,20.026952387771768,46.2440935465783,54.985010186149545,24.962345800579275,115.15667305780767,29.987086291192437,29.55833239207978,239,0.7098786511946148,1.138100210950938,1.213760299687246,0.7225766701396905,1.8463074021761363,0.7799854597067312,0.7746472431826588,239,0.15636515617370605,0.33586206436157234,0.3995046615600586,0.17467500774431427,0.5114603042602539,0.21263364945184826,0.20702240346527692,239,0.8609795014564412,1.9763485801577607,2.33251018339279,0.9952854194732849,3.1374775472894285,1.2216091761563848,1.1911987318184085,239,1.2657176926732063,4.24949746131897,5.379934656620024,1.7704033563108375,12.083060503005981,2.455413687161356,2.40366128654135,239,1.3724993541836739,4.069336462020875,5.0574948430061335,1.8664959391314053,9.303249835968018,2.4709078166503007,2.4336458730503274,239,0.5860034823417664,1.2721524834632876,1.520778691768646,0.6580425213796387,2.200044736266136,0.8029692549548787,0.7882807371616616,239,0.36754927784204483,0.9080642111599445,1.1170732848346234,0.45116397830663507,1.524692639708519,0.5595874008954674,0.5521711246986918,239,0.38702478632330894,0.7230992669239641,0.7883228121325373,0.41008520057808734,1.1148123741149902,0.47418872561010256,0.4735903572626702,239,0.1533317118883133,0.44241673648357405,0.5579392999410627,0.20036592711032092,0.9042028412222862,0.2653004157879197,0.26063399154844846,abs_body_yaw_rate
A1_longer_rollout,1,5.0,239,99,140,58.57740585774059,0.0,239,8.953386930444331,20.956590869161772,23.797675605386903,10.777397034218646,46.656580945417744,12.963746282996023,12.721165223780725,239,1.496633529663086,3.1660202026367203,3.9488756179809568,1.6651810981239734,5.203142166137695,2.0158385854280776,2.0027223310386106,239,9.236784281131486,21.111674152212316,23.856357683367406,11.046326403208072,46.687757735047654,13.119539736301494,12.881482510507556,239,3.8763955704288104,8.958564769338578,11.157918341586372,4.665252505089618,17.163797999654257,5.565445690834227,5.441592432075085,239,31.765675618430283,76.33102279742471,95.43983672465899,40.672989116333596,178.69442083435766,50.15220679555269,49.015767426481226,239,0.6692561342981368,1.10934052166589,1.2263403744029662,0.7002012532972632,2.184144381860127,0.7762443179132744,0.7653490100661516,239,0.14026975631713867,0.3529419898986817,0.4065648555755615,0.1701662071579171,0.5716574192047119,0.21202159047209818,0.20961129405961176,239,1.2488426414961964,2.781578509486271,2.9340827360416197,1.3936786456538028,3.117449080683486,1.647227836054091,1.5971542789410595,239,2.0305886268615723,6.245304250717165,7.360130274295806,2.7910374679045447,16.9447922706604,3.733124870701875,3.635453720204515,239,2.2277626991271973,7.013637590408325,8.274912285804746,3.0250094426390577,12.616617679595947,4.043599189199272,3.9313165912912225,239,0.5713109271600842,1.3199446320533759,1.525078734755516,0.6639465339380515,2.1886463463306427,0.8290175115637592,0.8147581167492394,239,0.3115793690085411,0.8285958442837001,1.061338274553418,0.3983144317568518,1.8220984935760498,0.5253509921541765,0.5198324312677352,239,0.407351384870708,0.7868376947939396,0.8762558657675981,0.4256051419474278,2.160888910293579,0.5080219693338711,0.4947968770997965,239,0.17373187839984894,0.4376999258995056,0.4915478188544512,0.2080888477116083,0.8953416049480438,0.2616777690393328,0.260439493927694,abs_body_yaw_rate
A1_longer_rollout,2,0.2,200,200,0,0.0,0.0,200,0.040781339236650185,0.08247308183829632,0.10444372772504956,0.04725285972866951,0.18045949871847514,0.05690648761653937,0.05640517762280371,200,0.0811319351196289,0.13238449096679686,0.14732599258422846,0.07911494076251983,0.1903080940246582,0.08914874491178325,0.08754446356285923,200,0.09690904033799255,0.14489089564168114,0.17093556425415682,0.09863713938252687,0.22501605989597853,0.10576316491197467,0.10429947907993993,200,0.4380195260702827,0.87426606277226,0.9478998676123336,0.5032489467634946,1.2693352181345858,0.5666091081884852,0.5620302354931181,200,3.4822729448885883,6.445989604708505,7.257398703797587,3.8332992826358354,10.621294876807042,4.295628600698852,4.221422610056406,200,0.6750104666385645,1.198663119225421,1.3048538785836101,0.7163348588976483,2.0175261685895887,0.7912306534418907,0.7880693242857161,200,0.13070499897003174,0.31823394298553465,0.37266333103179927,0.15382829070091247,0.48413920402526855,0.18972265147316889,0.18855589652630472,200,0.18227585725259843,0.3797567194438066,0.4124991310373596,0.1999039454723232,0.6784057407630115,0.235276104592334,0.23675000795854,200,0.13863015174865723,0.3129562854766845,0.36512606143951354,0.15931733602657913,0.6684115529060364,0.19929714680984995,0.19835118346370123,200,0.14473605155944824,0.33599061965942384,0.38056764602661103,0.17023809731006623,0.8486509323120117,0.21327080549824134,0.20890021903975559,200,0.34826917946338654,0.8085797190666199,0.8893998295068739,0.3941570100712124,1.1235703378915787,0.48563576091319194,0.48075278748176264,200,0.3397025018930435,0.9150014020502567,1.1010934801772234,0.42070843403285835,1.6947966814041138,0.5381660284257666,0.5348352295253682,200,0.40804600715637207,0.8502932026982307,0.9954367730766527,0.4453000078891637,1.268637316301465,0.5370572720867657,0.5348079824864089,200,0.14380061626434326,0.37893999516963955,0.4606733247637747,0.17133511891821399,0.5922678560018539,0.21907249780207455,0.2178922582138973,abs_body_yaw_rate
A1_longer_rollout,2,0.5,200,199,1,0.5,0.0,200,0.13398880265249635,0.26434859480612466,0.3570780988309375,0.15498325439843352,0.5176342086388748,0.18106487562194643,0.17928562763625108,200,0.13746929168701172,0.2923500061035156,0.35123453140258776,0.14968846321105958,0.43805503845214844,0.17978246732541464,0.17472222058996784,200,0.21486219867846112,0.3999881882519164,0.43624305279535674,0.23202538212998772,0.6289057722862916,0.25515921449480267,0.2511301272727936,200,0.6307107478644793,1.13109961851413,1.2892800021392785,0.6892266098706875,2.5587377636046966,0.7716780305322684,0.7640085903712128,200,6.541095243001952,11.754767495272553,13.834533746638042,7.011648008722782,17.673348231657695,7.751877036128372,7.651787129922764,200,0.6984079058910926,1.1658550406903732,1.3451938250757276,0.7455119219001919,1.9710264163334492,0.8151282699675274,0.8198636904608143,200,0.13515329360961914,0.34765613079071045,0.3825366497039794,0.15596362948417664,0.504575252532959,0.19298148817719074,0.19155355878339425,200,0.2800366883593952,0.5915328860120581,0.7471756615184538,0.310459975555329,1.0701316041901805,0.38168230996346114,0.37852694339892085,200,0.24515554308891296,0.5718161344528198,0.6913261791691173,0.28482547886669635,1.1012625694274902,0.3579360443468363,0.35362631685592766,200,0.2544597089290619,0.5904703617095947,0.6453140825033186,0.307190541792661,1.6983178704977036,0.3902052593729823,0.3794407543812645,200,0.3846536800265312,0.8874749734997749,1.071327915880828,0.44606398685253223,2.0825865268707275,0.5613453718711534,0.555502958074628,200,0.42316655442118645,0.985632862150669,1.1018197394907472,0.4768954533105716,1.6831232085824013,0.5939570556645654,0.5960374168262212,200,0.4009621739387512,0.7786645313724874,0.907948419637978,0.44180621271487325,1.7041851840913296,0.5232688034517602,0.5267119629848406,200,0.11593213863670826,0.32919222265481946,0.3940085768699642,0.15041353052307385,0.6469204425811768,0.19452216290360808,0.1958792130436992,abs_body_yaw_rate
A1_longer_rollout,2,1.0,200,194,6,3.0,0.0,200,0.4343639630591145,0.8198912814757566,1.0235128445273047,0.49458708792383554,1.4750168363143965,0.5622643486102669,0.5510657021347529,200,0.23522043228149414,0.6186049938201902,0.7907558917999266,0.2909228056669235,1.3324127197265625,0.3811203095624888,0.36483808886485847,200,0.5271360718208313,1.015413607246164,1.2576363155930999,0.605824947090865,1.7807623829036603,0.6792598089679199,0.6624217070625041,200,1.0370374454878846,1.8880165479438507,2.2818504712539465,1.1488345209701196,3.181174763707694,1.2703237756917765,1.2514254315757292,200,8.765669412331597,16.986142483340974,19.66529289606269,9.876089156697253,27.736607443598626,11.147897694052839,11.011396968223119,200,0.6875196387826686,1.0901743659817227,1.2937241186011454,0.7073839032199549,1.6741762261562205,0.7752702858627787,0.7713875785966539,200,0.13014638423919678,0.33298130035400386,0.41245408058166494,0.1605345153808594,0.534085750579834,0.20325853318243825,0.20078492042918947,200,0.4830161923275966,1.124101542138798,1.2794818714703453,0.5623801274786571,1.7218325621854405,0.6924746119860682,0.6709386001636217,200,0.4408092498779297,1.1571439266204833,1.3700007677078214,0.5548700343258679,2.3534433841705322,0.7121022657423631,0.6951228210134623,200,0.5107259750366211,1.1701730966567991,1.4960593700408928,0.5955512662976981,2.439960077404976,0.7414447113297328,0.7176823392538025,200,0.5028044581413269,1.2388480104506014,1.398280603438615,0.596532652414171,2.1394103169441223,0.7462523690103586,0.743246068770584,200,0.3499710075557232,0.9055873584002256,1.0968432180583474,0.4136356224134215,1.5222602784633636,0.5349873955355715,0.5185378066203175,200,0.3920447491109371,0.7847464855760335,0.8371522802859542,0.4331946237711236,1.312737189233303,0.5073226261745173,0.510073105293927,200,0.14988167583942413,0.41568555161356924,0.49491339959204167,0.1836198676528875,0.6825747191905975,0.23970034570523957,0.23421108078564465,abs_body_yaw_rate
A1_longer_rollout,2,2.0,200,174,26,13.0,0.0,200,1.583119086643698,3.1668505807092537,3.968121323287929,1.7927271231847357,5.863671152346796,2.069229390531824,2.0159627174076062,200,0.4788045883178711,1.4499788284301758,1.7393656492233274,0.6307031378149986,2.5177783966064453,0.8195234423906548,0.8015043732380794,200,1.7443628283778612,3.390240293958194,4.14767194593515,1.9682956096322266,5.9207100441208445,2.225607544754585,2.171267341175742,200,1.889361631344455,3.6335539357789624,4.265581874171048,2.150163247518636,6.705802692283001,2.4275697419258297,2.3746914769405643,200,14.160764588812679,32.29470432703564,36.66117237279078,17.06348020487426,54.09831870199654,19.71461861886807,19.409539559861127,200,0.6928382824543398,1.2129932004039181,1.3226224695095727,0.7265496521219919,1.7508893856030634,0.7999773491464086,0.7957943396891004,200,0.14303839206695557,0.35663113594055174,0.44532083272933953,0.174813894033432,0.50138258934021,0.21730393122369368,0.21223225719123412,200,0.6890018409272862,1.6076843400118257,1.8327021376648736,0.7928641687886061,2.8810045449571575,1.0000330751976825,0.9900839592635122,200,0.9207422137260437,2.602969855070114,3.093780171871184,1.182220124769956,6.691397666931152,1.581114526026215,1.5418130579643965,200,0.9699790477752686,2.81093538403511,3.330902839452027,1.2583043514564634,5.32999312877655,1.6304678532958152,1.5788518285404125,200,0.5491393283009529,1.3762868851423262,1.664954908564686,0.687703031830024,2.6138582825660706,0.8571734287013769,0.8473854430222338,200,0.3330113813281059,0.9808887898921964,1.202488443814218,0.4243782574601937,1.6103993114084005,0.5598954897139096,0.5492020875256503,200,0.41979914903640747,0.7688089370727538,0.8874282537959508,0.431552190897637,1.3786212876439095,0.5104639739280019,0.5125280280723175,200,0.1569578822236508,0.44449739679694167,0.564122336450964,0.2000822750676889,0.7265869677066803,0.2567242315539547,0.2521600795312038,abs_body_yaw_rate
A1_longer_rollout,2,3.0,200,136,64,32.0,0.0,200,3.552811525319813,7.239009745639278,8.518517081935794,4.089169407769439,14.499291786702535,4.761495372419974,4.641352480324376,200,0.7580127716064453,1.997552680969238,2.444732344150543,0.9360954621434212,3.061532974243164,1.1681378140773635,1.154535860402888,200,3.724824697333457,7.331960602061434,8.577359592704752,4.284803646410714,14.501223621632917,4.902691519385477,4.7855669277209145,200,2.7754681682563853,5.760472017615649,6.741274580717645,3.2389530951958356,11.442806136357278,3.7503818529231494,3.6772837591903724,200,22.21675304866173,48.72885002098634,54.49367074614446,25.707184981764872,88.63338909924394,30.170560171042133,29.765508653735388,200,0.6643729289266052,1.1529676661838748,1.391989615361256,0.711258694681818,1.7243519021800422,0.7874451641554885,0.7798455022773897,200,0.14602982997894287,0.36615500450134275,0.3956181764602661,0.16948477625846864,0.5164022445678711,0.20863457962326976,0.2078294170208969,200,0.827179970696541,2.0793149474199693,2.4790543478946274,1.025647977683228,3.086940639965413,1.2673865899332657,1.2267030348197834,200,1.6070358753204346,4.371915221214294,4.934445106983185,1.937095002271235,11.037919759750366,2.5574225489336095,2.50836706568358,200,1.5702563524246216,4.408276927471161,5.157978758215904,2.001792930718511,7.675232887268066,2.591329314162021,2.5243112077774006,200,0.6149054691195488,1.457327888906002,1.801015147566795,0.7236222717398778,2.6550292372703552,0.8999812967533195,0.8945141527453684,200,0.3169759511947632,0.9196045536547899,1.1813897062093015,0.4125464863749221,1.6284306943416595,0.54733517299086,0.5340320184446046,200,0.40403350722044706,0.7772319821175186,0.9223314630333329,0.42228347109281456,1.2861263900995255,0.49862727975944005,0.49713603235584747,200,0.1601893063634634,0.44049934670329094,0.5234603067860003,0.20995072891702876,0.8936791718006134,0.26807635262855745,0.2680803258102201,abs_body_yaw_rate
A1_longer_rollout,2,5.0,200,91,109,54.50000000000001,0.0,200,9.700316187076773,21.574215224395324,23.533658466263095,11.233552525492948,39.73970382926488,13.254513939657574,13.00420237358955,200,1.4752635955810547,3.2320245742797846,3.8792552947998042,1.7051237854361534,4.908261299133301,2.0417725002933103,2.0138441673531213,200,9.856548864324022,21.587951216816744,23.641592712490855,11.501660005908361,39.74320544737202,13.410852870698827,13.161281915232276,200,4.109856135098755,9.167180512063645,11.063276547811288,4.775720421860437,14.807043287905762,5.651982091301882,5.573886431224354,200,33.16987486188161,79.38319370451279,96.64541232213021,40.704473655673965,158.93984489363507,49.46374736909223,48.97642495688218,200,0.7370542919867691,1.2865964159054524,1.498563957557031,0.7695128374912721,1.6994516581401766,0.8522570522894211,0.8473082710862203,200,0.15182578563690186,0.36031534671783444,0.4192833185195923,0.17377300858497619,0.5213823318481445,0.2127695092868345,0.20891482442858483,200,1.3203536907726772,2.7343003433013253,2.9197939302514575,1.384423132799568,3.1313160516990592,1.6554644773238232,1.6229051403216548,200,2.193954586982727,6.679384469985962,8.1134905308485,2.8946107701957224,13.338086128234863,3.875491396607128,3.815641399252031,200,2.236607313156128,6.856291198730464,8.579412651062007,3.0497315592784435,12.037225723266602,4.022981062821966,3.9645306512086202,200,0.5834833383560181,1.4202311903238296,1.7541178692132233,0.6886756503558717,2.521513491868973,0.8608666350818648,0.8358012454476101,200,0.404806450009346,1.0465764947235583,1.2791337512433518,0.4974753007706022,1.680260755121708,0.6282659307115951,0.619702503714725,200,0.38735902216285467,0.7806177788414062,0.8977665145881473,0.4255623515433399,1.3716943673789501,0.5063023798447729,0.506596877630854,200,0.14726371224969625,0.4780326597392559,0.5566936716437338,0.2058204191896948,0.9889628179371357,0.27437547931195594,0.26792180654876424,abs_body_yaw_rate
A1_longer_rollout,0,0.2,280,273,7,2.5,0.0,280,0.026457785913048485,0.050988076155840535,0.061774030957301725,0.02902394674994147,0.12805794631833733,0.034047757790216314,0.03453728988489656,280,0.08245277404785156,0.13175570964813232,0.1438118934631348,0.07946043184825352,0.19782376289367676,0.0897658730760086,0.08889256979787057,280,0.08943956484280688,0.13335070907727906,0.1503207105685112,0.08863501663616742,0.20592661305724436,0.0960060507449365,0.09559907999949843,280,0.5082282591836776,0.8835209646220928,1.0124870902709888,0.5345749515667706,1.1620435455698326,0.593071896368236,0.5973837944542728,280,3.03913890255751,5.320668323499834,6.27220265036038,3.2777084424031067,9.639265434372753,3.632197592308347,3.6555967944736025,280,0.6245237895843789,0.9847764212521918,1.0825655806315266,0.6423345098676115,1.490626443746086,0.696809354895472,0.6975920048108821,280,0.1583617925643921,0.3260400295257568,0.3962912440299989,0.17207501828670502,0.5342473983764648,0.2089804292874459,0.2083251414246972,280,0.1901590047944097,0.3895594585754516,0.4543700135674456,0.20429374353390484,0.6706476673927781,0.24742900787621028,0.24592652848677815,280,0.10653102397918701,0.2731363296508789,0.3039032459259034,0.12693794419257237,0.45983266830444336,0.15882721882518136,0.16006697791311236,280,0.10374367237091064,0.25049748420715334,0.3107154846191406,0.12583703181174186,0.5068674087524414,0.15793266891047386,0.15715817910798993,280,0.44976425915956497,0.847475479543209,0.9843329660827295,0.4633654392939726,1.1474092602729797,0.5491497618253951,0.552857647698054,280,0.32806745171546936,0.7726127915084362,0.9832603991031648,0.3868047213036334,1.4555261358618736,0.4862331190665355,0.48339570289864203,280,0.3456772118806839,0.7324916265904903,0.8260375905781985,0.3851708196768803,1.2109561562538147,0.4569577350226585,0.458824066932883,280,0.14263623300939798,0.32745823822915554,0.40035139871761205,0.16152637637902184,0.6230383813381195,0.200774150217686,0.2017496114841769,abs_roll_deg
A1_longer_rollout,0,0.5,280,255,25,8.928571428571429,0.0,280,0.10811480238066368,0.19869272480193728,0.224893275293225,0.11455872209757459,0.35683942660349693,0.1294488574982657,0.13077230307904056,280,0.13038301467895508,0.2730582237243652,0.3189760208129883,0.1462563702038356,0.4218273162841797,0.172377139400929,0.16999585441781728,280,0.19384716305178995,0.3097096841807469,0.3471524861006257,0.19949127611274245,0.46627676082631286,0.21557106692609196,0.21522854525528007,280,0.6420704701743951,1.0232445323592796,1.1739808352405565,0.6736392725112441,1.6977798970918665,0.7282588719546245,0.7352066628089524,280,5.1390760192656,9.006707262273338,10.16925293842177,5.530781476338832,15.98170041310824,6.131835223362977,6.18168974175023,280,0.6499620702007223,1.082226729893116,1.217896724493822,0.6814019528944428,1.9710264163334492,0.7513363769098934,0.752899570745172,280,0.1380096673965454,0.3396461009979248,0.3736116647720337,0.1635225142751421,0.5258104801177979,0.1998343778935863,0.200776975534616,280,0.26633977948656096,0.6484073418486417,0.7494090604151687,0.3077608519988183,1.0611427357104404,0.38357425958761043,0.38369621650326746,280,0.2509927749633789,0.5265718393027783,0.5924051083624363,0.2756672628356942,0.8246231079101562,0.32526022124717435,0.3287102767589562,280,0.23646557331085205,0.5031784236431122,0.5858146667480469,0.2622394573009972,0.9323148727416992,0.3155398966158046,0.31364948473503024,280,0.4045537859201431,0.9576939404010772,1.0670761227607728,0.46693106870349893,1.6731068789958954,0.5700888936811072,0.576093438929567,280,0.31542774476110935,0.9061259254813194,1.0831886511296034,0.40963943302756106,1.6831232085824013,0.5271838020289945,0.5251368786205826,280,0.399372446234338,0.7741264577955007,0.8402891375124455,0.42597283301583955,1.7041851840913296,0.49964308480260117,0.5015507011525929,280,0.12974663451313972,0.30903645660728213,0.36519553586840636,0.15369888722988045,0.6468850094825029,0.19219879800685516,0.1912969815069217,abs_roll_deg
A1_longer_rollout,0,1.0,280,221,59,21.071428571428573,0.0,280,0.4142418073483177,0.6804293022394822,0.7505078453862245,0.4243085653475115,1.3211120036077793,0.4678992618144878,0.4699207235830947,280,0.24312877655029297,0.5743635177612304,0.6905766010284424,0.2773230424949101,0.9858531951904297,0.34871569072105363,0.346024367479851,280,0.5302341100769821,0.8009019384839916,0.8791227974363333,0.5415429961555264,1.4029517600650325,0.5835514991511924,0.5840262671474991,280,1.068694335386402,1.6935504258271736,1.8830736718753673,1.1255765076237298,2.93975436399513,1.2060410375504689,1.2112971374006725,280,8.126946279952215,15.01700845215339,17.22170721764542,8.906997391476184,26.20842122013769,9.939450262286213,9.986996848323797,280,0.6621461326705571,1.0152481672112081,1.181211332838893,0.6572828751527046,1.5279571149886235,0.7208218001244142,0.7255983248391182,280,0.14763915538787842,0.33797104358673097,0.38411453962326053,0.1699456776891436,0.4996628761291504,0.20481851609701815,0.20372218531649108,280,0.4492948947175819,1.047074613780007,1.2719529243586876,0.5249918741602956,2.0193842982420094,0.6531032416379505,0.6509960987869646,280,0.515994668006897,1.0608621120452881,1.2866771221160893,0.5636902554850427,2.1470916271209717,0.6896276327488606,0.6966100183581421,280,0.46801185607910156,0.9984009444713593,1.225835376977921,0.5272350234644754,1.7383265495300293,0.6414084777476434,0.632591362812377,280,0.4882090762257576,1.2476505532860755,1.459737101197243,0.5931749344836654,2.3311238288879395,0.7533550803429052,0.7568662070193933,280,0.3129791636019945,0.8398432567715645,1.0458726840093733,0.3839714182193607,1.5219725668430328,0.4966100251389118,0.49859503906615676,280,0.3791486674454063,0.7541185472160578,0.8259981641545893,0.40525417519176177,1.1354761943221092,0.47464140634496227,0.4768676027330483,280,0.12084630480967462,0.3758927952498197,0.46846523210406305,0.16394253933446765,0.699418943375349,0.21835312191266418,0.22048330158963525,abs_roll_deg
A1_longer_rollout,0,2.0,280,162,118,42.142857142857146,0.0,280,1.5649184560266178,2.856605923595135,3.1632221690432347,1.6839196604530728,5.863671152346796,1.8842973770639126,1.879987078350013,280,0.5676569938659668,1.2524728775024412,1.5730659008026124,0.6380609725202833,2.5177783966064453,0.7959788046411541,0.7975463491572847,280,1.771073301562668,2.903908551612861,3.290244303930233,1.885737996973502,5.9207100441208445,2.045521660273462,2.0430854007474175,280,1.8600897338005504,3.2440356726302326,3.818095683022549,1.9951748110126613,6.705802692283001,2.224797943952568,2.2230179029985404,280,13.550854453910162,28.03554644703077,32.299580598130014,15.781823823881155,58.08935422341532,18.09371361593189,18.13745823409557,280,0.6563344850749758,0.9981363921304055,1.1591308869994184,0.6526847920788819,1.6311327570741299,0.7119741737587446,0.7147358982800749,280,0.164445161819458,0.35185675621032714,0.40073992013931276,0.17929984671728952,0.4994173049926758,0.2142251836827896,0.21561037946979092,280,0.6518987801903756,1.404050646735606,1.7588958441805354,0.7449094751747958,3.102564647231439,0.9277018012080228,0.9176401041452017,280,0.9327285289764404,2.3300434619188306,2.8597618579864506,1.1144672562459683,6.691397666931152,1.4393211572150313,1.447727363666215,280,0.9102089405059814,2.5703609406948087,3.0548262730240823,1.1481584281760402,5.288694858551025,1.4663661670096078,1.440693033611332,280,0.5841768253594637,1.3681251794099807,1.6627253957092762,0.687369618406852,2.24089452624321,0.8531417010428616,0.8572936931066713,280,0.31129249185323715,0.8320820163935423,1.076966081839055,0.38901244336073953,1.6103993114084005,0.500490783850617,0.5041223436516974,280,0.35283004585653543,0.7187799730338156,0.7582690838724375,0.37999444490290313,1.0925834346562624,0.4473023770596589,0.443012651457327,280,0.1448277309536934,0.41799012415576725,0.4939049019012601,0.18355138939451926,0.639551930129528,0.23735370832751013,0.23981294197157985,abs_roll_deg
A1_longer_rollout,0,3.0,280,125,155,55.35714285714286,0.0,280,3.3645944992088004,6.926236082668655,7.606489270962972,3.8167429936628667,14.499291786702535,4.358819961841033,4.343748110631763,280,0.8969936370849609,1.9154446125030518,2.2895976543426513,0.9661069214344025,3.4015979766845703,1.1825373965162078,1.1852485649208366,280,3.597741688493211,7.070637581036613,7.751331103302511,4.045514557254207,14.501223621632917,4.51638197608475,4.503308750259628,280,2.4431135918699,5.200225831067707,5.834350400961697,2.8782563289646412,11.442806136357278,3.335406863978087,3.3319198858256414,280,19.43178136272864,43.50551344184435,49.472134548636475,22.960983734499646,101.49022580956407,27.178867554755072,27.148911892006833,280,0.6912773608936852,1.041126813838241,1.1890084161652228,0.7008883498266881,1.657048906051969,0.7558595170526958,0.760804098382469,280,0.15560173988342285,0.346694803237915,0.386615812778473,0.1780263696398054,0.5409450531005859,0.21479418514222234,0.21671455539589252,280,0.7599237071715912,1.8386720403106764,2.2648006303667025,0.8886246422940696,3.1374775472894285,1.1165114595615713,1.1034635752748125,280,1.327539324760437,3.6251764416694634,4.415188270807267,1.6595839387695637,11.037919759750366,2.204405361449221,2.2181880690222067,280,1.3577497005462646,3.947799519449472,4.998322016000749,1.830812115295391,9.303249835968018,2.384133225855811,2.3561552143055438,280,0.5404161484912038,1.2416660115122795,1.4502539083361627,0.6131954490340181,1.997675746679306,0.7625252206035085,0.7617067077712482,280,0.35909653455018997,0.8632828593254089,1.0604512445861476,0.4176359672835263,1.5901900883764029,0.5223892864641908,0.5289236902350354,280,0.40651899203658104,0.7244974287226795,0.8070080374367535,0.4111366757399602,1.4176068007946014,0.4818623210011208,0.4780792825656393,280,0.15077763888984919,0.4298998404294252,0.5115875706076622,0.19647328744790035,0.9042028412222862,0.25737472002118056,0.25758008573418617,abs_roll_deg
A1_longer_rollout,0,5.0,280,93,187,66.78571428571428,0.0,280,8.611664122490403,19.881868928668812,22.117735746446595,10.371754324296692,39.73970382926488,12.266060040382966,12.197930726998328,280,1.4777116775512695,2.930831146240234,3.2598787307739263,1.5637122368706124,5.308925628662109,1.8477134305903615,1.8511930869611504,280,8.80149617536884,19.97000235490339,22.162103985364574,10.614346321446556,39.74320544737202,12.40444572868388,12.338436222608117,280,3.5186607079677463,8.553692674052934,9.8532592390947,4.363182826906826,14.332185751749375,5.181112547583614,5.144092774633792,280,30.267964793805152,75.10525294840748,86.5450746466525,37.62321580864585,151.23629727024917,45.43761006923936,45.21678510434056,280,0.7006300366389724,1.1085668702710612,1.2762871408035021,0.7057678569754066,2.184144381860127,0.776923786877924,0.7839721793414876,280,0.14858746528625488,0.34132905006408687,0.38863027095794683,0.17038283688681466,0.5716574192047119,0.20852098080674591,0.20957528162623604,280,1.128815947582929,2.684383494121565,2.901656700784965,1.2863685906216689,3.0864472652016848,1.5314011261799088,1.5296400691007808,280,1.9850225448608398,5.841349592804908,6.778298434801401,2.5863959292457106,11.007675647735596,3.352625988867437,3.3655867394939585,280,2.042285203933716,6.523600834608077,8.196906459331514,2.8889372899496397,12.616617679595947,3.8693508966298498,3.7885665373259316,280,0.5322214514017105,1.3505852788686752,1.517681919038296,0.6334067268662953,2.1886463463306427,0.7949527333425441,0.7947388843545761,280,0.3121627178043127,0.8650432895869016,1.0904465273022652,0.3967387607813829,1.5779868960380554,0.5182600322463043,0.5242659863026733,280,0.425274055916816,0.7589021258521825,0.8875871651805939,0.43542596389722477,2.160888910293579,0.5176548796894349,0.5172498347679684,280,0.16533040814101696,0.44456895291805265,0.5144611828029158,0.2001961792659131,0.8953416049480438,0.25894118082396644,0.26231655747079935,abs_roll_deg
A1_longer_rollout,1,0.2,267,267,0,0.0,0.0,267,0.03074955402675704,0.057681694466384804,0.0745829127599518,0.03402774718176794,0.18045949871847514,0.040443083138525446,0.04033667237303301,267,0.08423423767089844,0.13578720092773439,0.14450215101242064,0.08203640010919463,0.1903080940246582,0.09193382958806735,0.09094673414705834,267,0.09638662062874759,0.14261776781625596,0.15007185189348277,0.09359456251489133,0.22501605989597853,0.10043640772388014,0.099536291501684,267,0.5159002385108177,0.8848362033349279,0.9673942034355796,0.5213523547812191,1.2620903665566625,0.5849495386955571,0.5847949616025235,267,3.137826862481779,5.88880708993751,6.749409455638174,3.4568043640107553,8.742217072423044,3.8546959750995407,3.816247344151873,267,0.6491599507951218,1.1429940654398363,1.2397340073432352,0.6882709092494983,2.0874822892088267,0.7623254808011466,0.763350236930303,267,0.1471996307373047,0.35219726562500003,0.39502060413360596,0.1707117896847957,0.4748678207397461,0.20876685468290462,0.20742499862966288,267,0.17398075162341797,0.4008744335553659,0.47970119630510855,0.20035242679424792,0.6481765018466064,0.2436405394650562,0.24138344167527234,267,0.10149526596069336,0.2610743522644043,0.32392829656600947,0.12459638082746709,0.41707897186279297,0.1559253739916056,0.15623024900372476,267,0.10044717788696289,0.2799686431884766,0.3372589111328125,0.1306225395437037,0.43753480911254883,0.16573172313584156,0.1645374305963202,267,0.46289078891277313,0.860534343123436,0.9228330239653587,0.45209728097822166,1.205227717757225,0.5388749729873784,0.5385128274449638,267,0.3481614291667938,0.8924383372068405,1.030777183920145,0.4330151565741374,1.6030123829841614,0.5458985896342532,0.547908045106308,267,0.3515301048755646,0.7947507828474046,0.9531545396894217,0.40528974193497125,1.334760159254074,0.49257675295551046,0.49148702957073426,267,0.12123140692710876,0.33848689645528796,0.4237597651779649,0.15225526560246178,0.6914668530225754,0.20125359863077844,0.20002334581910292,abs_roll_deg
A1_longer_rollout,1,0.5,267,267,0,0.0,0.0,267,0.10549229237993739,0.19741200986422255,0.23484098117191926,0.11927144706816886,0.4866620569262434,0.1374835532898717,0.13745122392647488,267,0.14307403564453125,0.27074432373046875,0.3069913864135742,0.14973623699016786,0.43805503845214844,0.17574181227685315,0.1734402357150108,267,0.19594551956873768,0.3008344976658261,0.35411621306361907,0.20509198665371356,0.5580878640345238,0.22312980976902588,0.22167774819754654,267,0.6034329379758366,1.0010917039793654,1.1482516119511215,0.6441508434286054,2.5587377636046966,0.7155386388243978,0.7132333245512432,267,5.5486679828747585,9.327125500069872,10.2618782370812,5.8714937526622295,16.926697287489425,6.457812970946123,6.4533360080621875,267,0.6548111885864107,1.095958883310863,1.260663890682557,0.6977571826985046,1.6262632561177675,0.760900353014761,0.7597388870504564,267,0.14891505241394043,0.33176684379577637,0.3847420930862426,0.15959705306349622,0.5238471031188965,0.19611518783169787,0.19594991809638826,267,0.25470794040074907,0.6236843213963768,0.750217951151305,0.3029292448931476,1.0701316041901805,0.38093498771622686,0.37488329690223754,267,0.2238931655883789,0.4475646018981934,0.5341572761535643,0.24319522687642092,1.338794231414795,0.2984846376923748,0.2974147623569857,267,0.23287010192871094,0.5260479465126991,0.6118820279836654,0.2711116491087925,1.4501276016235352,0.33510434371632386,0.3327079644396278,267,0.37887202575802803,0.8915525436401368,1.0264124982059,0.44311285427377356,2.0825865268707275,0.5573217594305606,0.5557289747926798,267,0.37341445684432983,0.9197405338287356,1.095322746783495,0.44564755176532356,1.453352615237236,0.5497832448753998,0.5438270295899532,267,0.3935871347784996,0.7632050216197968,0.846174606308341,0.4196744388364402,1.5786925926804543,0.4896712316443325,0.49140276361818225,267,0.10514580458402634,0.31303600519895564,0.40827432125806795,0.14374345160170748,0.7151874452829361,0.19217131880742935,0.19156012026995034,abs_roll_deg
A1_longer_rollout,1,1.0,267,266,1,0.37453183520599254,0.0,267,0.38805031475248436,0.6796236185424709,0.7889098327196716,0.4171515251279143,1.5552707183942462,0.46644427055617094,0.46461204632688746,267,0.2146129608154297,0.5627342224121094,0.6844314575195313,0.26598201932085586,1.3324127197265625,0.3408617746329465,0.33712519600687874,267,0.48640918370347896,0.8286450143720565,0.9674293188079479,0.52837296231177,1.7807623829036603,0.5777170647822341,0.5745726339715498,267,0.9919366333533923,1.6563692617713666,1.9715264334112854,1.0606720783736678,3.181174763707694,1.1619291844332325,1.1532636037784267,267,8.61498271576193,15.08953321339663,16.798522984664785,9.0810085923224,24.404229346712903,10.025987010020375,10.071295025767398,267,0.6764616369732438,1.1684202247534368,1.312984624702088,0.7095852540307201,1.7028441364754876,0.780299619757982,0.7803813354751487,267,0.14732718467712402,0.35038418769836427,0.42768514156341536,0.17368244678340156,0.5424058437347412,0.21506498316666903,0.2124043320609174,267,0.4326596131201512,1.1130874263229003,1.278980543673488,0.5313102000756307,1.798324081040711,0.6619701461253233,0.6529993350960042,267,0.44318437576293945,0.9131772041320801,1.1319739341735833,0.49472468801205527,2.4074792861938477,0.6137528549341719,0.6094552455827422,267,0.5170464515686035,1.1665579795837402,1.341081944108009,0.5660572986847509,1.9585849046707153,0.6916222514151186,0.6815122090843265,267,0.5020317733287811,1.1402506113052369,1.3615684259682892,0.5657126974516761,2.1394103169441223,0.7035947157599414,0.6998693888104471,267,0.3803199976682663,0.9665913969278338,1.1854859689250588,0.4488282025628636,1.6725129187107086,0.5692406506457038,0.5660261242254438,267,0.3997324928641319,0.7438851520419121,0.8132244900800286,0.41873363807295144,1.312737189233303,0.4890545253877565,0.4884212635146582,267,0.13164344429969788,0.35975885689258574,0.41591312922537316,0.166129412080688,0.6825747191905975,0.21367791052110008,0.2138404073996853,abs_roll_deg
A1_longer_rollout,1,2.0,267,216,51,19.101123595505616,0.0,267,1.482377698461643,2.735580346206486,2.991608558820147,1.6362963123689882,4.879663362968785,1.8233081556231938,1.8089712144954362,267,0.4388885498046875,1.3840623855590823,1.6094631195068358,0.5772703361421935,2.2099766731262207,0.7596515715876364,0.7561153253640308,267,1.6565501904494728,2.827452341892809,3.2465165485973224,1.8103739365446292,5.339655659963524,1.9752273642742038,1.9613631508875276,267,1.7569145644617343,3.2547941459756276,3.6554650495908176,1.9394475925460164,5.9679657031508935,2.1546719670173498,2.1392612625397693,267,13.502758284281686,29.091858016556458,31.188738774571576,15.931857414110233,45.86490123210493,18.0357111713069,18.03508109016978,267,0.6818783347511524,1.1574836699346591,1.2746580784698867,0.7239275796390611,1.839876683678719,0.7922426516597206,0.7831677064347796,267,0.14201569557189941,0.33656244277954106,0.37868306636810295,0.1667830211839426,0.5297844409942627,0.2054883603889051,0.2048121813655206,267,0.6396601146271692,1.5929958229419714,1.8996188313695772,0.7760391966783983,3.118954510035899,0.9935529687794689,0.9791703445234852,267,0.9501872062683105,2.1345622777938846,2.5572146058082574,1.066112648863136,4.132614850997925,1.305039011385897,1.2997221549276579,267,1.0376123785972595,2.493509304523468,3.1308235764503474,1.190060553060712,5.32999312877655,1.5209833253564402,1.5021264455181715,267,0.518062025308609,1.272871845960617,1.5694354116916653,0.6268416534802329,2.6138582825660706,0.7912611378040767,0.78989932444094,267,0.3491027355194092,0.9947309732437135,1.1687923956662416,0.4365030158034697,1.737398128490895,0.5640444837057652,0.5423620992385543,267,0.4099704585969448,0.7669452638365328,0.8606764827854931,0.4224391186942106,1.3786212876439095,0.49520447118072775,0.4946118176653176,267,0.14048724994063377,0.43654625415802,0.520743791386485,0.19236143110128126,0.8859089463949203,0.25352469550822476,0.25360236812328874,abs_roll_deg
A1_longer_rollout,1,3.0,267,169,98,36.70411985018727,0.0,267,3.3484419501569525,6.459400377408317,7.670219600391028,3.7916043461648825,10.807536301334197,4.2832071602847375,4.249792018551238,267,0.6716499328613281,2.0911006927490234,2.466468375921249,0.9037900062536033,3.320272445678711,1.1694038954108172,1.1614683293334724,267,3.6210685021809508,6.616459778390339,7.742471866169564,3.9889486264547145,10.814392161855558,4.439973991873876,4.406306385305575,267,2.51508845866829,5.329717935365815,6.108822466213183,2.994361412999807,9.281768616401163,3.4159073600928838,3.4005337432766325,267,20.25303000994391,46.6883837746347,52.76213441494234,24.361150980340422,77.79384542463326,28.45303094248165,28.365558260244153,267,0.6431674503738871,1.1330192438286248,1.276493339251855,0.6862981425367375,1.8463074021761363,0.7626223884823355,0.7574615300087745,267,0.1484205722808838,0.341678810119629,0.38736102581024157,0.1683989321247915,0.5114603042602539,0.20553892323065978,0.20430404974381888,267,0.789897921852841,1.9684962756898274,2.241751848344025,0.9380854993357689,3.1374879901750394,1.1636151316062633,1.1459147767148914,267,1.515235424041748,3.7077086925506597,4.3909823298454285,1.7643093916584043,8.198387622833252,2.2632197052724723,2.2497400769274307,267,1.474893569946289,4.018538904190064,4.83248247131705,1.8775972395277258,8.349726170301437,2.4302625655098438,2.4126369129574394,267,0.5475146472454071,1.2484494537115098,1.5244494900107384,0.6413996706067929,2.6924561262130737,0.8000521989749361,0.7854454751111295,267,0.31364529579877853,0.9014271270483732,1.132127647101879,0.405996145022604,1.734319068491459,0.531680442310855,0.5237723583283853,267,0.3754315488040447,0.7559490457177163,0.8132572090253232,0.40839056757606623,1.2861263900995255,0.48367892645838756,0.4832271536180093,267,0.16073624789714813,0.4283519744873048,0.5013729766011238,0.19987076476926144,0.8936791718006134,0.25487940438312673,0.2537501180719427,abs_roll_deg
A1_longer_rollout,1,5.0,267,108,159,59.55056179775281,0.0,267,9.208476901474487,20.989860746545776,23.254925581927147,10.90289155904519,31.56381148535222,12.554824635331421,12.493085563048293,267,1.4609737396240234,3.1753906250000004,3.9134182214736937,1.6121651630723075,5.097643852233887,1.9848982415330045,1.9610088766987404,267,9.525233497879345,21.113508109533324,23.346767466853116,11.141876621371859,31.646608934136303,12.710760899850392,12.647114639136806,267,3.90769171078743,8.868118645644763,10.731165802354361,4.705854325086533,14.807043287905762,5.509768005339547,5.467336689649176,267,33.30706514707373,72.94417453444507,95.00654756704935,40.41342730266164,158.93984489363507,48.67705883500603,48.36967241321016,267,0.6866991137728065,1.146188113132869,1.3676955154793369,0.7082627333372622,1.6994516581401766,0.7785846976925933,0.7736154604738792,267,0.14026761054992676,0.31972732543945315,0.36029310226440425,0.15901465987444816,0.5610034465789795,0.19460444065512325,0.19198938637590235,267,1.1288694348312307,2.6264613044448484,2.883444762132932,1.2949564221167291,3.128996830152609,1.5564969967372844,1.5486610258279987,267,2.3473920822143555,6.230240499973298,7.442965638637541,2.9104902962299435,11.568521976470947,3.7073506550236246,3.6444970494291935,267,2.19572114944458,7.033715307712555,8.518213760852813,3.0586396612659486,12.037225723266602,3.9940307522469602,3.987762701820055,267,0.5781451463699341,1.3602336138486864,1.5580203592777246,0.657412711358263,2.2786040604114532,0.8129040186053985,0.8034680059640159,267,0.34296889975667,0.897065356746316,1.188263739645481,0.42703411113845763,1.680260755121708,0.5506666361542154,0.5448909722636925,267,0.37620436400175095,0.7811109021306037,0.8498623950406909,0.41131752272169647,1.1011415403336287,0.4833821498589002,0.481836818404301,267,0.16388986259698868,0.43970040902495383,0.506650158111006,0.20637710534408077,0.8072436600923538,0.2632528907827139,0.2613015850036159,abs_roll_deg
A1_longer_rollout,2,0.2,175,175,0,0.0,0.0,175,0.04363699748345746,0.09074682414585329,0.11566771884282274,0.04960705034719593,0.17733329146589244,0.059856977301516234,0.05900909435965397,175,0.07587242126464844,0.1285991668701172,0.14464797973632795,0.07560379164559501,0.17723464965820312,0.08612903335985092,0.08498151313269951,175,0.09174507155823401,0.1457687047743737,0.17457424070811575,0.09712709887830302,0.21715352674528146,0.10488597675178767,0.10369873201039277,175,0.4896698918873195,0.8767847647890528,1.0635170478889895,0.5234659132629155,1.4060308748239345,0.5899955273893625,0.5846524932987491,175,3.566623658728976,6.354967633500483,7.404140822822209,3.829005115799347,10.621294876807042,4.309024704001821,4.262222551115913,175,0.6797890456079027,1.1774377599579218,1.3252066851365405,0.7267634163497132,2.0175261685895887,0.8017972547146165,0.7944555780075219,175,0.1578655242919922,0.3371636867523193,0.3840458154678344,0.16887592315673827,0.48413920402526855,0.20405589787604386,0.20330752032628369,175,0.17601572110923058,0.36632877828758137,0.43371106120525266,0.19140630713541454,0.6784057407630115,0.23057353374389908,0.23291929626848745,175,0.15187323093414307,0.34621090563014145,0.4437903642654418,0.17412648724392057,0.7285020351409912,0.21811078554437008,0.21351852858615689,175,0.1430830955505371,0.34453368186950684,0.416315497457981,0.17222879213946207,0.8486509323120117,0.219339650152663,0.21679643100685492,175,0.393656350672245,0.7818724930286407,0.9087140887975692,0.4153864243746336,1.3381927609443665,0.5024067330754804,0.49590937168411087,175,0.37925514578819275,0.8763965934514999,1.1666261766105888,0.4340382917431582,1.8346241116523743,0.5575170958778042,0.5462249448128669,175,0.42955197393894196,0.8406194172799587,0.9583623517304654,0.45549622325825373,1.268637316301465,0.5371856612635248,0.5322637391764833,175,0.12270289659500122,0.3352144986391066,0.4444125205278393,0.15776242686701672,0.7618905194103718,0.208530791023159,0.2088892799895568,abs_roll_deg
A1_longer_rollout,2,0.5,175,175,0,0.0,0.0,175,0.1357560778876146,0.29637747061824626,0.36755312111520083,0.15890795132938335,0.5176342086388748,0.18721301873190946,0.1849770692541756,175,0.12469482421875,0.2853328704833984,0.3453289031982419,0.14530063833509171,0.41414546966552734,0.17475542417242937,0.17136452205654407,175,0.19851466738651466,0.39674475937480164,0.4449692407940128,0.2312306726591867,0.6289057722862916,0.2561018794550325,0.2536984283183364,175,0.6078008123554721,1.1892874970685015,1.3192538048843083,0.6934574119681238,1.9974090224267664,0.7732321991083816,0.7706695923948306,175,6.183057998712293,11.708306370826326,13.318597778852869,6.9491060531241,17.968770846574905,7.750201503383363,7.704407291596891,175,0.7181908483290718,1.1422971431220572,1.3129953875646974,0.7307591820444543,1.887555052276399,0.8064823603665302,0.806499408428542,175,0.1450510025024414,0.3439271450042724,0.38107645511627186,0.16227547781808035,0.504575252532959,0.19917234386142105,0.19906127986392178,175,0.26016493708887367,0.5509690801805491,0.6651292890254437,0.2921416430563544,0.9302062318913755,0.35595736919353294,0.3560491038147472,175,0.2379302978515625,0.5884540557861327,0.6875030260533094,0.2855184654359307,1.1012625694274902,0.3577772200327022,0.3500606913940923,175,0.23450875282287598,0.5969610214233398,0.6843451142311096,0.2871032007251467,1.6983178704977036,0.3733376790750593,0.36010707203237735,175,0.41629746556282043,0.882341331243515,1.0834853088483203,0.4693036153100963,1.6294298768043518,0.5748934439933223,0.5781439181075786,175,0.4027746096253395,1.011113828420639,1.1108306735754008,0.46963870095887356,1.7766196578741074,0.595149329426524,0.5901602903494538,175,0.4045954290777445,0.781588613986969,0.8705787159502502,0.4174276429082134,1.0744932256639004,0.4927751340427577,0.4948343900645503,175,0.14138108491897583,0.37993254959583284,0.4775125637650486,0.17475671093378747,0.7630941867828369,0.23104921669348016,0.2302493177166324,abs_roll_deg
A1_longer_rollout,2,1.0,175,175,0,0.0,0.0,175,0.4330553536888229,0.8069745437399791,1.03089811389827,0.4841266567524212,1.4750168363143965,0.5543541317857502,0.5433924370285157,175,0.21996116638183594,0.6277690887451169,0.7880708694457997,0.2911336381094796,1.1279640197753906,0.3816515514615692,0.37430223542384855,175,0.5297464270357448,1.0259542477057233,1.2520852738825528,0.5964064360826161,1.6397114685134595,0.6730277930078042,0.6612912260041256,175,1.0532043990501316,1.847700018111374,2.259228489521148,1.132079288143555,2.712890841104712,1.2521501842654028,1.2457131013006866,175,9.36889197128196,19.081710564540423,24.099169480830923,10.642357212241583,30.95430448715155,12.249970229154131,12.165436307874595,175,0.6836664708643428,1.0846312152548039,1.2264138636325765,0.7110789785089136,2.0381303315358488,0.7818011738163393,0.7612925257839075,175,0.12941837310791016,0.33083896636962884,0.3801007747650146,0.15731815883091518,0.4960451126098633,0.19535022023081955,0.1975299316555666,175,0.4537180127761644,1.0540841929361917,1.2648179622424556,0.527933063808076,1.566232058270451,0.651483042448785,0.6497702368330514,175,0.4366312026977539,1.0506107330322265,1.325190246105194,0.54151442527771,2.3534433841705322,0.691332044881909,0.6733588314311063,175,0.4452836513519287,1.1674934387207032,1.5434377551078795,0.5573487171956472,2.439960077404976,0.7232929626835055,0.7130578542566033,175,0.5535597912967205,1.2688817664980887,1.3978493198752402,0.6129478107326265,1.7624448090791702,0.7528528261272568,0.7583475297892472,175,0.3320614695549011,0.8639917075634002,1.1085455328226081,0.42137558691935345,1.792449027299881,0.5456497093271905,0.5134182608778515,175,0.4114530235528946,0.7860350146889685,0.8685809656977653,0.4200558143282043,1.267693798756227,0.4978157109792558,0.4967461654593161,175,0.16638603061437607,0.4096167713403701,0.4952188357710838,0.19852937356834965,0.9312708973884583,0.25624009833352895,0.24876687036782638,abs_roll_deg
A1_longer_rollout,2,2.0,175,170,5,2.857142857142857,0.0,175,1.5920186332837223,3.2789158075503386,4.093276282239724,1.7824927024905004,5.167049666539561,2.0821342769118725,2.0295668994590357,175,0.4668083190917969,1.335580825805664,1.558929634094238,0.6349677651269096,2.465381622314453,0.8269290485933527,0.8066747299410881,175,1.7478292696104623,3.5161092378820826,4.29815476233351,1.9640467855463795,5.399311310980682,2.240333635532626,2.1870967972407658,175,1.8959868360379801,3.944190666849087,4.590173524822403,2.2116747513588937,7.542397670136805,2.548868308221395,2.4894188767724836,175,15.353578252612381,35.947257629959246,40.66167533636287,18.440606055735213,68.67686960455096,21.998395298240816,21.778553661127162,175,0.7486752564596547,1.153550694276188,1.3259433594394694,0.7551251881616938,1.7639716814907802,0.8258576150810409,0.8199243586461978,175,0.13271808624267578,0.34383025169372555,0.3941826343536376,0.16261096954345702,0.50138258934021,0.20369285922786376,0.20305055137150202,175,0.6598617807619007,1.735601198384971,2.0279063566019726,0.8140955656645555,2.8975937666570677,1.0408719656453749,1.0383866620999167,175,0.9461793899536133,2.721575307846069,3.81665357351303,1.2682015692761965,5.871174395084381,1.7067297632342628,1.6413427158753016,175,0.9091557264328003,2.8872558116912836,3.5021379053592674,1.292894264119012,5.1036461889743805,1.7024349589765924,1.660553767481326,175,0.588027611374855,1.3468129158020017,1.6209417231380936,0.6849194030463696,2.055036425590515,0.8279603724817285,0.8230852620984062,175,0.33727651834487915,0.944982424378395,1.125060243159532,0.42623090029561095,1.5319347381591797,0.5517475917630139,0.5375476455417854,175,0.45501649379730225,0.8296326451003552,0.9347411908209323,0.4639256838030581,1.3267669007182121,0.541249179016025,0.543937837955982,175,0.18780523538589478,0.5398753494024277,0.5811520114541053,0.22544181172486527,0.8652791790664196,0.2909720288713989,0.2879160512647835,abs_roll_deg
A1_longer_rollout,2,3.0,175,133,42,24.0,0.0,175,3.4876642243428244,8.079304014639446,9.700259773029765,4.190902471604299,16.18014863865712,5.006080737009283,4.87332757865857,175,0.7947216033935547,2.0727329254150386,2.5247217178344727,0.944365120955876,2.976543426513672,1.2087098457352967,1.1797866575843088,175,3.546152089507402,8.181215094238684,9.745165515886946,4.3917404098746955,16.374651649670145,5.149934352652745,5.019078769514839,175,2.783066140477314,6.715775273860341,7.20323285849599,3.3560456478820653,13.670969255249092,4.036729075077736,3.938137233319497,175,23.445979528507632,56.05813785548937,62.55042466623798,28.24568979978966,115.15667305780767,33.9125522318098,33.41682731377556,175,0.7394465018497511,1.2069690258382817,1.4217681391310295,0.7599000973946187,1.85410937320554,0.8347374546800462,0.8184069298215284,175,0.14393949508666992,0.34640707969665524,0.40291552543640136,0.165921106338501,0.5164022445678711,0.2061382799374223,0.20449257939380497,175,0.9799657197791802,2.0871839497019082,2.4702049398895243,1.0684049731433733,3.086940639965413,1.3028279330035566,1.2883544219245113,175,1.4844789505004883,4.917755079269409,6.208060538768764,2.0437165438916,12.083060503005981,2.862963760247569,2.7598441570024606,175,1.4569363594055176,4.6099261999130245,6.381543533504008,1.9878058999244657,7.675232887268066,2.694916253997232,2.6430541938538816,175,0.6418918669223785,1.4790202736854552,1.754750582575797,0.7406366753258875,2.6550292372703552,0.9143557934571138,0.9046434596298694,175,0.38261753693223,0.9585982054471969,1.2080062037333843,0.46457725464765515,1.8091707527637482,0.6028880110808873,0.5828221369800868,175,0.40370279643684626,0.793020649254322,0.901574481464922,0.43302064325993084,1.1246357336640358,0.5036212770296061,0.4960035550401198,175,0.16959244012832642,0.4620344623923301,0.5793603759258983,0.2210384538463716,0.9733401089906693,0.282273402331362,0.278774395810209,abs_roll_deg
A1_longer_rollout,2,5.0,175,83,92,52.57142857142857,0.0,175,9.730224814419163,23.422331199511245,26.51824942274652,11.554804598285706,46.656580945417744,14.174914492640708,13.806134326541521,175,1.4728145599365234,3.42008934020996,3.884071350097656,1.7145941962514606,5.203142166137695,2.0686062761112343,2.029840788769847,175,10.124368301615931,23.54199599774482,26.67073497765013,11.817283281403299,46.687757735047654,14.32505960892458,13.961776671247481,175,4.062008005703111,10.710183717812386,11.752044543205338,5.057461723746076,17.163797999654257,6.085599176282763,5.93374998272157,175,32.47680352912742,95.24152028937283,110.37476782996937,44.05742179582753,178.69442083435766,54.827564822222534,53.68737067741591,175,0.7169710123002139,1.2237558910130804,1.507704401488389,0.7561747130502116,2.065475514761009,0.8402491624875205,0.8320696953893213,175,0.1557457447052002,0.38043622970581054,0.42754907608032194,0.1829409899030413,0.5327663421630859,0.2260495567342578,0.222070484856411,175,1.4015499020621718,2.8261496620786004,2.939258811827498,1.5008979726623706,3.1313160516990592,1.7610104865011322,1.7387071052466223,175,2.1817612648010254,7.6708880901336665,8.744888734817502,3.106791697016784,16.9447922706604,4.327316313751912,4.187080215944961,175,2.252317428588867,7.459064310789106,8.946541929244988,3.069055811486074,14.619746685028076,4.185192973982078,4.084970852717912,175,0.6254301369190216,1.3915636986494064,1.6967506110668182,0.7129802310573203,2.521513491868973,0.8905114404885808,0.8834424267279848,175,0.3870018720626831,1.0522745035588739,1.200267196074128,0.4818568905442953,2.025121871381998,0.6220848837813432,0.6002627332730087,175,0.407351384870708,0.7492123290896415,0.8332502024248242,0.4213452371130032,1.3716943673789501,0.49562751322761367,0.497743733346146,175,0.16608340293169022,0.43962157964706416,0.5225850403308865,0.20708380116615444,0.9889628179371357,0.2708918982980919,0.26786057145479736,abs_roll_deg
A1_longer_rollout,0,0.2,117,116,1,0.8547008547008548,0.0,117,0.03421870079559891,0.06505216592175381,0.07551793644213012,0.03669880454463878,0.14787585891585436,0.04388399284164735,0.04378224954458968,117,0.07633686065673828,0.12898406982421876,0.13919105529785156,0.07729503028413169,0.18296051025390625,0.0875830931934055,0.08723696048935721,117,0.08855581033872681,0.1389306219846649,0.1525225649981715,0.09050181971715253,0.19272567486699518,0.097962253144007,0.09824549502847835,117,0.5439815208340292,0.8449857614623492,0.9281207975474178,0.5417611416726905,1.1620435455698326,0.5932624495875927,0.5885184954448084,117,3.210250662364672,6.010911914258014,6.3374383397678615,3.600265916148059,9.372896377740412,3.972660922812965,3.9815568316754932,117,0.6687748571659018,1.102380163103885,1.3500456642400385,0.7124441388458138,2.0874822892088267,0.7881900249810943,0.7895462331487494,117,0.18667006492614746,0.3766161441802979,0.4104447364807124,0.18850227808341002,0.5342473983764648,0.22722642739705812,0.2203775181915228,117,0.19356518621854946,0.4788625145477483,0.5280250688160277,0.22097648627883779,0.6784057407630115,0.2740953044278775,0.2651174858814562,117,0.11880922317504883,0.28910369873046876,0.3221961975097655,0.13706524873900616,0.6101613119244576,0.172220088307443,0.17029374188117638,117,0.1434183120727539,0.33665065765380864,0.37366914749145497,0.1616788689429179,0.6061358451843262,0.1991084449001029,0.1971214693120169,117,0.447291761636734,0.8069493293762208,0.8603959441184992,0.4545286735221266,1.1114740371704102,0.531654401320548,0.5255456741868333,117,0.3789246007800102,0.931495948880911,1.045510405302047,0.4605596950675687,1.6030123829841614,0.5791195909113198,0.5824266299165177,117,0.32178154215216637,0.7735410816967487,0.9301732063293456,0.3870402796862599,1.334760159254074,0.48505195026622483,0.4793950969955675,117,0.14216646552085876,0.3992675751447678,0.45796518325805646,0.18085813638654688,0.5549568310379982,0.22491914201627022,0.22454449138863536,pitch_deg
A1_longer_rollout,0,0.5,117,110,7,5.982905982905983,0.0,117,0.1096068160672296,0.21560869303988286,0.2357046966588115,0.12589077225896775,0.5058116193030548,0.1457716832273793,0.14437665525998858,117,0.1357583999633789,0.2696506500244141,0.30073814392089837,0.1447423991993961,0.4218273162841797,0.17266290209243562,0.17012200935813424,117,0.19594551956873768,0.31474365957734074,0.36474142448212077,0.20683471156530792,0.5290693544097953,0.2259687177242138,0.22538971740541713,117,0.6598252887475016,1.1112789363355404,1.211883715517304,0.6989660317058564,1.940068530148746,0.7596110888197377,0.7584250316857931,117,6.184408823038493,9.678170095773748,11.467828938637577,6.274344996075367,17.037980893815714,6.869194757575156,6.882315030062898,117,0.6407785493394541,1.1593859570067797,1.5086818397938615,0.7236222220866402,1.707248197747847,0.8097937156790997,0.8160502066089486,117,0.18077945709228516,0.3366125106811524,0.368848705291748,0.18495164977179634,0.42469120025634766,0.2172336860934266,0.21802375703815807,117,0.28730386817288434,0.7162118359429615,0.820492061708549,0.3412784625642783,1.0611427357104404,0.4182139732090048,0.4169324212490165,117,0.2407073974609375,0.5297892093658448,0.599100303649902,0.2751677616730205,1.1012625694274902,0.33494450054379143,0.33519026508493166,117,0.2814779281616211,0.5373973369598388,0.6030304908752433,0.30382332243980503,0.8126192092895508,0.3548308914506624,0.353171554763677,117,0.41108517441898584,0.960919314622879,1.0160355389118194,0.47263508659994435,1.6294298768043518,0.5821651194340879,0.578552921653246,117,0.36943792551755905,0.9146897077560426,1.2055225253105157,0.4573544709212903,1.597656786441803,0.5797343123199057,0.5786969152078567,117,0.34747908636927605,0.8234941810369492,0.9007508277893065,0.40750194090402597,1.7041851840913296,0.5134821913298814,0.5145839966570114,117,0.13398456573486328,0.37100031077861784,0.503247711062431,0.1816174258213315,0.7151874452829361,0.23666437894070957,0.23487537478353185,pitch_deg
A1_longer_rollout,0,1.0,117,103,14,11.965811965811966,0.0,117,0.4292158347149083,0.7439740125476031,0.8041196254526354,0.44512715241332057,1.4750168363143965,0.49385038175083285,0.49117889638039836,117,0.250732421875,0.5423290252685549,0.6636524200439451,0.2813951581971258,0.9702529907226562,0.3537289809738107,0.34826892488516775,117,0.5385396277749784,0.8475654377454535,0.976090212257073,0.5588269885342046,1.5571970964201014,0.6074639014264254,0.6041210673168559,117,1.134444935033269,1.7754681506480277,1.9830227071315707,1.1749743258617678,2.712890841104712,1.2627795651674465,1.2664827621919277,117,9.355919810224126,16.1083977732465,17.104846576034078,9.563892397390529,24.573687011213007,10.536390036771087,10.567052675209286,117,0.700899256400608,1.0624165070330904,1.2107567478014973,0.7154231059811048,1.5279571149886235,0.770073434938079,0.768948331424351,117,0.16112232208251953,0.38291487693786624,0.4337086677551269,0.18796727392408583,0.5424058437347412,0.23176196352835632,0.22304792532971165,117,0.39008104226051893,1.0809840675735287,1.4187663370835835,0.5438920978019851,2.0193842982420094,0.7027204259072455,0.6965827483502627,117,0.44135919213294983,1.0807587623596198,1.3250511169433585,0.5259492812503097,2.002810478210449,0.6678400951311096,0.6672350879555315,117,0.6225862503051758,1.1206140518188477,1.283836936950683,0.6480537619218867,1.6093443632125854,0.7479897904375192,0.7403533807158501,117,0.49344465136528015,1.3155367612838746,1.476295746862888,0.6173681810231577,1.9185296297073364,0.7675370420644152,0.7691296317301966,117,0.339984193444252,0.8771623939275747,1.098519653081894,0.4010418505113349,1.5219725668430328,0.5180414923336448,0.5105969793635852,117,0.430279852822423,0.8263508684933187,0.8853915449231858,0.45115291531213647,1.312737189233303,0.525007336387606,0.5217643685082971,117,0.13164344429969788,0.37521844729781156,0.49487951099872585,0.16808805644012687,0.63921769708395,0.22138971104650068,0.21912971883881854,pitch_deg
A1_longer_rollout,0,2.0,117,86,31,26.495726495726498,0.0,117,1.6148885110694906,2.7743800154396805,3.0540056668668925,1.705435530769018,4.211884483373506,1.8791585436874514,1.883687597976476,117,0.4928398132324219,1.388571929931641,1.5740190505981444,0.6215226711371006,2.0306835174560547,0.7909575415601098,0.7962715639382972,117,1.8310610385387267,2.898732784359924,3.2357807797822793,1.8864554310757398,4.675857830318432,2.038835614968592,2.0484347582512115,117,1.973848166006172,3.3957408111831233,3.5415327857644803,2.060925797507784,4.477315386584428,2.251241899018299,2.248416709628591,117,15.538307376857562,28.480410076087487,33.70861338723116,16.966337953616232,43.336102913370375,18.850509181589494,18.633460090638383,117,0.6581439802113176,1.0106189237082766,1.1493960941363424,0.652655935936278,1.5542339022155494,0.7137260165618513,0.7120872016746237,117,0.19147825241088867,0.420809268951416,0.47122588157653783,0.21554515300652918,0.50138258934021,0.2552158886662735,0.2535045276806972,117,0.5658183765243479,1.4254717537406179,1.9181781010020562,0.727275268416505,2.7546972491727573,0.9237927417336966,0.8885583291211893,117,0.9699935913085938,2.190792810916901,2.6688726186752314,1.0973320609738684,4.35939359664917,1.3842472205849459,1.3734866852662384,117,0.9453346431255341,2.567089891433716,3.061131799221038,1.2421809413239486,3.5165114402770996,1.5424583055621528,1.5325933596152423,117,0.5749437510967255,1.3686832427978517,1.6704191967844957,0.713743767215528,2.24089452624321,0.87907456782727,0.8878110554705112,117,0.3109898641705513,0.7818807303905488,1.0256399188190697,0.37343769451865977,1.4015460312366486,0.48235327340547196,0.48310225520563216,117,0.31904565542936325,0.7600858455523849,0.8382319485768672,0.3763457826223288,0.993675360456109,0.45923481353151585,0.45275832044888753,117,0.1758984923362732,0.4593232460319997,0.5259404381737112,0.2020294455118362,0.6121569722890854,0.2565999462060504,0.2532621657877979,pitch_deg
A1_longer_rollout,0,3.0,117,67,50,42.73504273504273,0.0,117,3.5430673924896423,6.753467697148475,7.303730642721272,3.92382935564013,11.270612352075371,4.441811113437208,4.427052257526429,117,0.6741228103637695,1.9459650993347173,2.3957796096801753,0.9002811012105045,3.042942523956299,1.170445378667821,1.1745692247541382,117,3.6967587883749204,6.8677139846471995,7.327476477527037,4.134880631519677,11.376853551813243,4.593433177036446,4.587335874250393,117,2.6718570885218793,5.558435915658844,5.864397811348921,3.0763235648885674,9.16929151377511,3.5421223232293624,3.505008962375269,117,20.099153344131725,43.81957061273082,51.50899270555838,24.624705106270916,69.26653598407438,28.25204137608207,27.648101954323902,117,0.6946156894844181,1.0964041717839539,1.2756055582251222,0.7083593699323176,1.5643932680438066,0.7821798071983135,0.7760685407584469,117,0.19762659072875977,0.3815858364105225,0.4035470008850097,0.20706565563495344,0.5114603042602539,0.24214989544996945,0.24107112535333167,117,0.7740888530142556,2.02057245549083,2.4671947040350015,0.9799939051803133,3.0484578756042566,1.2367521542302609,1.1920851621432142,117,1.2335548400878906,4.283529394865036,5.255481696128839,1.8012612061495454,7.679900288581848,2.4423262730684807,2.38139802810944,117,1.4338178634643555,4.182947635650636,4.925340843200683,1.9394276599025624,5.6445218324661255,2.461438868822381,2.453533175896097,117,0.4674007296562195,1.2237302899360658,1.476199007034301,0.5585925271177393,2.135809004306793,0.7231815979749457,0.7178857118341009,117,0.32685016095638275,0.880917999893427,1.0856539517641066,0.4019379255831496,1.4228555262088776,0.5307943947925984,0.5268984496267113,117,0.44985444843769073,0.7654222883284093,0.8548206552863121,0.4239440743381587,1.4176068007946014,0.5077741508156753,0.500831216493308,117,0.17525049299001694,0.4291084572672844,0.5201984077692022,0.2129268683187174,0.6905011683702469,0.26875262418992296,0.2592096187900935,pitch_deg
A1_longer_rollout,0,5.0,117,38,79,67.52136752136752,0.0,117,9.794803958038582,21.517124956957197,22.94380373859847,10.993462095050761,26.353013358289903,12.905731223034742,12.692437549121633,117,1.2314643859863281,2.9696632385253907,3.696524810791013,1.4564442079291384,5.203142166137695,1.8450171466919274,1.8506162692508785,117,10.124646766134536,21.528575495818323,23.036126352596632,11.2481060062346,26.353072335842533,13.03694698435186,12.83821359324375,117,3.661836075461707,8.902906564995048,10.713214768558531,4.627346396467931,13.091398766007915,5.516675430223796,5.363441741842688,117,28.132377303731754,72.81929388155879,88.54789489917616,38.103272867522385,127.11085846751308,46.213134300741345,44.56554294078622,117,0.7181246186766841,1.091346359566815,1.2588290217139884,0.7301175817724246,2.065475514761009,0.7965849434848157,0.7987324993538747,117,0.15498709678649902,0.37495713233947753,0.4256977558135986,0.19144557683895796,0.47867536544799805,0.2298855163346599,0.2244136737714822,117,1.0277870442709158,2.7759854208282775,2.9260245137592378,1.2863656400753312,3.0481394005336218,1.5590352047978129,1.5278524027521017,117,1.965155839920044,6.584997320175172,7.365159177780147,2.815900075356834,10.701587677001953,3.653391516173054,3.5234511792051135,117,1.7632770538330078,7.082306361198426,8.76525936126709,2.965408938244367,11.043866634368896,4.050568153981613,3.9185084499377503,117,0.5314949154853821,1.377677507698536,1.5332759976387018,0.6445025359200807,2.1886463463306427,0.8242183339016642,0.8186129295427937,117,0.3412100672721863,0.9511699736118319,1.122310096397996,0.43014008179306984,2.025121871381998,0.5627404866196345,0.5577590311233501,117,0.3697470650076866,0.813139461260289,0.913843591883778,0.4150459307781222,1.3716943673789501,0.49788335059620337,0.4961366809324531,117,0.14695842191576958,0.4722532242536545,0.5145698521286249,0.2011439325601364,0.7318427562713623,0.26454278690771715,0.2622370934770621,pitch_deg
A1_longer_rollout,1,0.2,298,293,5,1.6778523489932886,0.0,298,0.02883393722931748,0.0635909437655127,0.07921526607059565,0.03416651651343929,0.18045949871847514,0.042492209704514276,0.04213933440885053,298,0.08457088470458984,0.1336833953857422,0.141630744934082,0.08045860264925349,0.1903080940246582,0.09076714808602934,0.08970952879141056,298,0.09137105705891807,0.13765149279991348,0.15066224432244077,0.09292322723957329,0.22501605989597853,0.1002210709244498,0.09916012807616728,298,0.5472972856806018,0.9048599270190808,1.0179007832927085,0.5492613865759867,1.335345207519541,0.6125447887640303,0.6185533535379645,298,3.0156863363114277,5.315389031067424,6.133050243320481,3.263371377312945,9.118696499518123,3.637155229953809,3.664717758114653,298,0.6208969528672554,1.0287924219966358,1.1998336292725846,0.6448603519355642,1.8708409912077935,0.7139671287734826,0.7187218948833477,298,0.14643168449401855,0.34772188663482667,0.3908824563026428,0.16759043731945472,0.4782247543334961,0.2054435727368428,0.2052976908169139,298,0.18777643245146436,0.39322450506312456,0.44722839445250906,0.20123395718651313,0.564312943055441,0.24101219663537046,0.23987799507433172,298,0.10519742965698242,0.267838740348816,0.3226963579654692,0.13179098762221783,0.7285020351409912,0.16678874397779292,0.1675542762774731,298,0.10666295140981674,0.27571442127227785,0.3418313682079315,0.13456491233418452,0.8486509323120117,0.17314910755564913,0.17378100330968055,298,0.5038870647549629,0.867223197966814,0.9727908458560703,0.4774005981068433,1.205227717757225,0.5633933081577761,0.569221935838364,298,0.3163681775331497,0.8663518138229848,1.0130440250039099,0.3948716470382204,1.8346241116523743,0.5096824918652286,0.5101962299829,298,0.35132918506860733,0.7370824698358776,0.8270709414035081,0.3874645066571003,1.2537797316908836,0.46194538755525166,0.4656553764132788,298,0.12972691748291254,0.31160311028361326,0.3906462915241718,0.1491406518761256,0.6384965777397156,0.19125709757164605,0.19142215392492073,pitch_deg
A1_longer_rollout,1,0.5,298,283,15,5.033557046979865,0.0,298,0.11464558515031534,0.2134394494000177,0.26669955941872736,0.1268821078413638,0.4866620569262434,0.1465131561547642,0.1460139793098155,298,0.14324569702148438,0.2732276916503906,0.3224339485168457,0.14963195187933492,0.3981285095214844,0.17514611476933,0.17334434763804918,298,0.20169484251844372,0.31531968201094496,0.3707887660563263,0.2104742182817058,0.5580878640345238,0.22834681176933833,0.22699905344064802,298,0.6098856039992246,1.0066886142032219,1.2584728509954473,0.6610361111231332,1.6964065604740912,0.7202582904169729,0.7299689181144622,298,5.110835770038241,9.549467145750027,10.598283018257195,5.636454811388124,14.224874753792506,6.241787186890037,6.30107264993878,298,0.6727119075892616,1.0801567406167183,1.2075411973540129,0.69185714672184,1.887555052276399,0.753455441497659,0.7594882037045635,298,0.1368316411972046,0.34776370525360106,0.37673485279083246,0.16312613263226194,0.4589874744415283,0.20152012918538775,0.20207816942258514,298,0.2853096220557667,0.6236842243811218,0.7374804031732016,0.30678299206878007,1.0701316041901805,0.37952526243385015,0.37412373056724724,298,0.25041133165359497,0.5010455131530762,0.6061867952346801,0.2734580324375189,1.338794231414795,0.3298171056146625,0.33190864624136224,298,0.2520012855529785,0.5493835926055908,0.6180613517761226,0.27773293623413214,1.0680441856384277,0.3367475082953014,0.33825947105988446,298,0.40173516795039177,0.827580660581589,1.0573444560170173,0.44291117955421117,1.6731068789958954,0.5446042576176326,0.5535294655117656,298,0.33907423925120384,0.904182056337595,1.0580155469477175,0.42143082144535804,1.7766196578741074,0.5349050842729514,0.5377419301917977,298,0.41413214057683945,0.7761456433683634,0.8400250164791941,0.43166965281047026,1.0203048847615719,0.4922102509353809,0.49502675617003433,298,0.12036830559372902,0.3208581593818964,0.39853741526603675,0.1526740131971595,0.7630941867828369,0.19824409705085438,0.19905163234583684,pitch_deg
A1_longer_rollout,1,1.0,298,269,29,9.731543624161073,0.0,298,0.42455883896037017,0.6972823089734098,0.8091384648914057,0.4495529012419877,1.5552707183942462,0.4956223973301978,0.49514841755983835,298,0.21303081512451172,0.5625980377197268,0.6939108848571777,0.2649731756056715,0.9858531951904297,0.3341232696857436,0.3350627449631075,298,0.5100776561931901,0.8240874679895138,1.0157745215393874,0.5502831903703925,1.6392827551436304,0.5977289687482318,0.5982624965924508,298,1.0257278104676641,1.699434348994332,2.03616097024843,1.1088619705701401,2.434199082565441,1.1956229729395371,1.2039468984311608,298,8.091462899723526,15.646005958761611,17.93015957055107,8.9775604639967,29.32423455727568,10.1078676870559,10.204612891239188,298,0.6647983708477854,1.1408604825571114,1.2524303022152725,0.6912000173581225,2.0381303315358488,0.7692535001678256,0.7725267520975673,298,0.14827144145965576,0.3489219665527344,0.37833942174911483,0.17167712138003152,0.5007932186126709,0.20785669623059383,0.20821343216940807,298,0.4711116174488694,1.1055766524175,1.2020838490192993,0.5463961584852758,1.8087092185357605,0.6665064654629618,0.6588639880079775,298,0.5049762725830078,1.0655218034982683,1.3164239823818205,0.5674727322157135,2.4074792861938477,0.6939413590289514,0.6970849292315405,298,0.4970553368330002,1.1228717923164369,1.3430722653865808,0.5533914674048456,1.8839242458343506,0.6840545906494926,0.6868912078599256,298,0.5021930783987045,1.1606034945696593,1.32535226047039,0.5611246236953135,1.7902735471725464,0.6928412521358587,0.697147020305233,298,0.3249124735593796,0.9457725867629052,1.1478336051106444,0.4265898506769648,1.792449027299881,0.5521926983113868,0.5520502996783418,298,0.3796237204223871,0.754739074036479,0.8314012434333562,0.411666088622304,1.267693798756227,0.48695636976467127,0.48887974432284426,298,0.12915511056780815,0.36268199533224116,0.4245051081292322,0.1690842248240584,0.9312708973884583,0.22295215943707164,0.22244915222960052,pitch_deg
A1_longer_rollout,1,2.0,298,224,74,24.832214765100673,0.0,298,1.5678812847726282,2.909381362366789,3.528426899607816,1.7323429101591743,5.167049666539561,1.9476623668436206,1.9498228275100593,298,0.4669227600097656,1.2081159591674808,1.4739616394042963,0.5726456812164128,2.420562744140625,0.7250969169819169,0.7338437610853458,298,1.7346688345217494,3.050385976082895,3.6023115710471836,1.8929689499114157,5.399311310980682,2.078257499501824,2.0848317302805817,298,1.7596789960694559,3.2876561513451916,4.101711458192497,1.9973763966946327,7.542397670136805,2.2617665358795453,2.268429098891571,298,13.795246363108161,29.595766720256897,34.22739040358827,15.84390774294088,60.548418665681574,18.32618936510846,18.444789955805774,298,0.6779004044071046,1.1191460387242378,1.2200940191493566,0.6908444879944625,1.7669565701855892,0.7579490288199672,0.7645036756900334,298,0.15030670166015625,0.34248206615448,0.39830741882324217,0.17022824607439488,0.5297844409942627,0.20774176229741662,0.20939842514748014,298,0.6694897754776292,1.504005998625334,1.7750859799129104,0.7497598264008891,3.118954510035899,0.9438697815815319,0.9469202835065061,298,0.9527596235275269,2.2679746344685556,2.741946990787981,1.1173086752513448,5.716663599014282,1.4243418592855175,1.4278777610097104,298,0.9249804019927979,2.6437783122062686,3.2445645093917848,1.1929238989649202,5.32999312877655,1.5638785753569096,1.5614899433652927,298,0.5466627739369869,1.253558126091957,1.520600414276123,0.6507511028063627,2.6138582825660706,0.8007009006184997,0.800868292652936,298,0.3253658441826701,0.8790518274530773,1.1177362825721502,0.40008966497344045,1.5636531813070178,0.520904378668463,0.5267841688691725,298,0.4139892114326358,0.7653498374391348,0.8304787795990705,0.4272088370455473,1.3786212876439095,0.5016537181027781,0.50117430092213,298,0.1233072280883789,0.39397818446159366,0.47995692268013945,0.16921100882331266,0.8652791790664196,0.22691166934913767,0.22957879624830854,pitch_deg
A1_longer_rollout,1,3.0,298,182,116,38.92617449664429,0.0,298,3.361974942587427,7.036646072327858,8.173727524393502,3.88288816215986,16.18014863865712,4.48482195183067,4.491036513324315,298,0.7349262237548828,1.7543800354003907,2.1278223514556878,0.8647170324853602,3.4015979766845703,1.0788165233025684,1.0952740138549848,298,3.634508487532736,7.14734454700605,8.223119288471715,4.065707582891925,16.374651649670145,4.612751134688809,4.624751149731407,298,2.4555972852311747,5.500329737383696,6.410659318937287,2.9027156720437386,13.670969255249092,3.382483411057513,3.39569244533253,298,20.115165280235303,43.34615817230729,52.05141584483061,23.410181298580824,115.15667305780767,27.756312576652434,27.92672868209548,298,0.6779549717094469,1.088068563744506,1.2010585569860321,0.6895345764806721,1.7243519021800422,0.7535808655759134,0.759062439764506,298,0.14555859565734863,0.35314886569976806,0.39777847528457627,0.17539798653365782,0.5164022445678711,0.2122618576906979,0.21099149832418723,298,0.7185061130103776,1.860895215965611,2.2215211625083304,0.8699361130464575,2.993847603680877,1.0984166920667076,1.0961754864811455,298,1.3974497318267822,3.471770012378693,4.3756233751773825,1.6786136500398323,12.083060503005981,2.2320174779940944,2.2406408168811724,298,1.3824195265769958,4.169754871726037,5.159978583455085,1.843511746108732,7.8629783391952515,2.422946645269187,2.425046017484772,298,0.542633262462914,1.2776085648685696,1.4406015610322356,0.6153190571114721,2.1505919098854065,0.7672167608876539,0.776962577292454,298,0.2828765909653157,0.8658389531075955,1.1364727389067408,0.398361093780704,1.5614141523838043,0.522847928929987,0.5244854261490455,298,0.3959228238090873,0.7255191316828132,0.8298946932889512,0.41504489304146247,1.1148123741149902,0.4810283447490923,0.4834675404435722,298,0.1458613658323884,0.439616895839572,0.4978117689490318,0.19146904101436676,0.9733401089906693,0.2512486730785151,0.25224097425309255,pitch_deg
A1_longer_rollout,1,5.0,298,118,180,60.40268456375839,0.0,298,8.870916583200742,20.896048069385454,23.569524670481794,10.644740439386931,46.656580945417744,12.476077039031367,12.51513969832407,298,1.4170122146606445,2.912967109680176,3.497848606109619,1.5063857291668854,4.8327789306640625,1.7920285624895178,1.8203545255209268,298,9.063383396325317,21.119567223648662,23.583540001438198,10.856094517534363,46.687757735047654,12.604120939304886,12.648419726977716,298,3.6371620554441306,8.797154409957058,10.058942198855483,4.404705768926575,17.163797999654257,5.185919583576415,5.220915580025275,298,30.483644892625602,74.30764298848227,87.040495419284,37.43482533180341,178.69442083435766,45.289495005936566,45.58018156298017,298,0.6446610256568998,1.0876396565167947,1.319242241678493,0.6867838613160224,2.184144381860127,0.7623898329865622,0.7658783175679993,298,0.15031802654266357,0.3328177690505982,0.39296684265136705,0.17076450546315852,0.5716574192047119,0.21040752763549636,0.21128088654221905,298,1.135397859299463,2.5784775440040275,2.787429003346822,1.2766536845035006,3.128996830152609,1.5339524318285758,1.5366055990282501,298,2.1955926418304443,5.574123367667198,6.910134625434869,2.6629320790541153,16.9447922706604,3.509430031316107,3.5509042119688345,298,2.128121204674244,6.247482028603555,8.175854659080503,2.8699406670944003,12.112367630004883,3.7356962703931127,3.7297186644915867,298,0.575440376996994,1.2984584093093874,1.4736185945570468,0.6319126164096864,2.2782081440091133,0.7888194711015893,0.7878114173130805,298,0.3282374460250139,0.9185937944799661,1.1243481025448987,0.4171181552279303,1.5951771382242441,0.5428550816673589,0.5449939194332274,298,0.3917680736631155,0.7127755265217275,0.8102305823005735,0.404399602377831,2.160888910293579,0.4795363874142468,0.47976501295115526,298,0.16201823949813843,0.39331285594962545,0.4901676373556256,0.185596069784842,0.9085141867399216,0.23788961914067766,0.2405083943862853,pitch_deg
A1_longer_rollout,2,0.2,307,306,1,0.32573289902280134,0.0,307,0.03114785907454726,0.07120847959157402,0.08524915833833398,0.03719206952947001,0.17733329146589244,0.045117377472226355,0.04469958057680759,307,0.08124351501464844,0.13534240722656252,0.14772746562957764,0.07935870082059979,0.19782376289367676,0.08948699114075569,0.08953215128788237,307,0.0923707814893612,0.14331956720696648,0.15577242126027072,0.09291518087624172,0.21715352674528146,0.10021726065602196,0.10012902200856648,307,0.47424824915346664,0.8766437553889823,0.9738781564884347,0.4997480560617025,1.4060308748239345,0.5643254684736446,0.5640890072523534,307,3.289425921093686,6.32692117147779,6.962840216862578,3.638714142345428,10.621294876807042,4.084572215857202,4.047305086512134,307,0.6745182858277645,1.128962895303855,1.2347216586051,0.7012418380195076,2.0175261685895887,0.7636480671221382,0.75940429470823,307,0.1494283676147461,0.31330995559692393,0.38653371334075926,0.16715838000518102,0.5014591217041016,0.20205275203481776,0.2015641422249356,307,0.168122964960979,0.3688930917883342,0.41355113624952355,0.19013186239755753,0.6481765018466064,0.2296793944627748,0.2284593405378293,307,0.1208949089050293,0.29168615341186527,0.3450421810150146,0.14323011370897537,0.6684115529060364,0.1815590777348012,0.1801834774882443,307,0.10464859008789062,0.2748453736305238,0.34661263823509203,0.13431222816923155,0.5556511878967285,0.17277475160309694,0.17256154500228313,307,0.36566411331295967,0.8487344741821291,0.9237011700868606,0.41595989658348625,1.3381927609443665,0.5056168716217597,0.5055466451645512,307,0.3662814199924469,0.8404305070638659,1.0087140176445242,0.41797991754094305,1.6947966814041138,0.5215469842551048,0.5178463342845575,307,0.39322008192539215,0.8153637409210207,0.9508609518408775,0.4398172441995111,1.2109561562538147,0.5188015181779595,0.5145541852737111,307,0.12488673254847527,0.31534916013479236,0.40769065767526624,0.15597280061042318,0.7618905194103718,0.20491973640922811,0.20246100262097233,pitch_deg
A1_longer_rollout,2,0.5,307,304,3,0.9771986970684038,0.0,307,0.11146486996635369,0.22016988241012428,0.2780117020957115,0.12765707344019026,0.5176342086388748,0.15088415821783302,0.14948724490050241,307,0.13154220581054688,0.2796534538269047,0.33560044765472413,0.1460383982922433,0.43805503845214844,0.17387216225983704,0.17351999919966246,307,0.1923532719196246,0.34185029404658895,0.38766167333237284,0.20899513733673533,0.6289057722862916,0.2302119849400008,0.22951488980854137,307,0.5952184452772025,1.0749503314775637,1.2561534770083,0.6618714389860875,2.5587377636046966,0.739156532559054,0.7323603129237212,307,5.80972534241148,10.642453134646846,12.204351764333095,6.249639434195202,17.968770846574905,7.00007346202155,6.964496541548227,307,0.679155483723885,1.1190500123243652,1.2527803896895608,0.6975222858028632,1.9710264163334492,0.7669289455269919,0.7637861624362724,307,0.1344897747039795,0.3003808975219729,0.38890261650085445,0.15161561965942383,0.5258104801177979,0.18729690409899297,0.1844788299443014,307,0.2209611160446059,0.5712907992733492,0.7010706303964446,0.2828306929136305,0.9323221169078479,0.35517137245276065,0.34965214153475105,307,0.22070646286010742,0.5158563852310185,0.5861512184143066,0.2553764457301713,1.046512097120285,0.313999173222171,0.30598262188738434,307,0.20438528060913086,0.5130941390991212,0.6214298009872437,0.25324161159608766,1.6983178704977036,0.3314610547435545,0.320260399166325,307,0.3993985950946808,0.9323900669813161,1.063200023770332,0.46871051259933444,2.0825865268707275,0.5812834661581279,0.5804652173042257,307,0.35959697142243385,0.948421969264746,1.0892530560493467,0.44552720634642906,1.6831232085824013,0.5589664859480042,0.5551440093727559,307,0.39784999191761017,0.7575692994520069,0.8430596649646758,0.41713362312511654,1.1992145329713821,0.48886681799956927,0.48566375432595443,307,0.11739230155944824,0.30016243010759386,0.39861831814050663,0.14739908684555672,0.707233127206564,0.1916917038712403,0.19387333397896206,pitch_deg
A1_longer_rollout,2,1.0,307,290,17,5.537459283387622,0.0,307,0.3710286376832339,0.7084363310196853,0.8109187451321587,0.4197439056536131,1.4510330254141475,0.4823749058691368,0.4712777057312862,307,0.2296428680419922,0.6190596580505373,0.7821998119354246,0.28576807129266596,1.3324127197265625,0.3727395342925936,0.36997084560310955,307,0.5016510964724997,0.853071440605615,1.0128306257524125,0.5462918494669996,1.7807623829036603,0.6096066848689556,0.6007378754977324,307,1.0084076387006176,1.7116228766822905,1.9120920160253603,1.0702341339733135,3.181174763707694,1.182878848449942,1.163133988305955,307,8.585227435486056,15.771918352036588,19.996071246362526,9.728705691009706,30.95430448715155,11.02654995439349,11.01510897945118,307,0.6625635979885589,1.0341672998826474,1.2055050229124806,0.6783556369234844,1.7028441364754876,0.7425836010422715,0.7397642399664716,307,0.13376617431640625,0.322699785232544,0.3772927522659301,0.15744862416668123,0.534085750579834,0.19450601898851724,0.19236445001922248,307,0.4122864498045118,1.0336966053396184,1.2774497317714484,0.504183725342166,1.7218325621854405,0.626636951124803,0.6159786705441868,307,0.43593358993530273,0.9918990969657902,1.178727768361568,0.5017812623845638,2.3534433841705322,0.6296011901106668,0.6135736875133573,307,0.38564586639404297,1.0610724449157716,1.4008693218231196,0.5067302390769222,2.439960077404976,0.6496270315470196,0.6219501673728252,307,0.5172976478934288,1.2758467674255372,1.532585197687149,0.602452520235572,2.3311238288879395,0.7620954214564604,0.7601883445415241,307,0.3467389792203903,0.8579557478427892,1.100214110314846,0.4138246999512402,1.6725129187107086,0.5274565362242768,0.5229296421106262,307,0.3895147033035755,0.7405139029026032,0.7944253457710146,0.4016984769564838,1.0235680732876062,0.4685380101816314,0.4684408406879056,307,0.14175691828131676,0.37724246829748154,0.4721409417688846,0.1789892599758683,0.6825747191905975,0.23171564458670701,0.22936545824651292,pitch_deg
A1_longer_rollout,2,2.0,307,238,69,22.475570032573287,0.0,307,1.4549028703897278,2.8778381065326823,3.460215187256113,1.6434876186899312,5.863671152346796,1.8902116386602772,1.8389682983779791,307,0.4981975555419922,1.4632823944091804,1.80434284210205,0.6532281610010501,2.5177783966064453,0.848975140482112,0.842136066697913,307,1.6746589063547352,3.0018029992825377,3.7489655229639856,1.8575395282447864,5.9207100441208445,2.072114578898424,2.0251072055075796,307,1.8165107406096939,3.5483452106549636,4.11270063890122,2.0429252483965037,6.705802692283001,2.314813103113933,2.2779472286454685,307,13.644585121623377,31.417727433069025,37.72503135581911,16.916210462665585,68.67686960455096,19.897807955806055,19.871998182397814,307,0.6989190649404418,1.1380623973756618,1.3150814043721055,0.7360094838668348,1.839876683678719,0.8032423715042861,0.7919199399315077,307,0.1351175308227539,0.31984019279479986,0.3532281160354614,0.15389297451180822,0.523582935333252,0.18845743752170308,0.18769575424131593,307,0.6467019270162172,1.6686485652059055,2.1252241263954668,0.8134339018930824,3.102564647231439,1.0349121269975687,1.0130732219932317,307,0.9208210110664368,2.518526113033295,2.9476920843124383,1.1638187207160244,6.691397666931152,1.5269584670130354,1.4894746043878584,307,0.9593029022216797,2.5407857656478923,3.1995111823081968,1.1878193216641049,5.1036461889743805,1.5311660825162565,1.4892304449970468,307,0.5653145015239716,1.3548286691308027,1.6133839946240185,0.6588249536343405,2.1006327271461487,0.8260072458017399,0.820038366534608,307,0.3658461421728134,0.9594317197799688,1.1478039397858082,0.44671422309933856,1.737398128490895,0.5715156897602273,0.5572288463055773,307,0.4026259295642376,0.74669944383204,0.85388187803328,0.42031268378930525,1.1044416725635529,0.4879519512832216,0.48270638020305584,307,0.1952425353229046,0.48184381723403946,0.575135600939393,0.2219703010818466,0.8859089463949203,0.2836741387166229,0.2840562960581233,pitch_deg
A1_longer_rollout,2,3.0,307,178,129,42.01954397394137,0.0,307,3.262904985681886,6.969667574970658,8.415998007736853,3.9031453558594302,14.499291786702535,4.530593133105334,4.448752894087123,307,0.8884105682373047,2.2277820587158206,2.6293073654174797,1.023020199727546,3.320272445678711,1.2828571403831803,1.2720467965087772,307,3.5278743484286363,7.221301782341723,8.507304429356296,4.140019665905742,14.501223621632917,4.708714960620712,4.62932065314478,307,2.60226989884588,5.855111070878751,6.7853773385711404,3.1523619882717027,11.442806136357278,3.7008129493885877,3.672103043239222,307,21.940724545399114,49.30828413360405,58.70564060478157,26.121087778381764,101.49022580956407,31.326837226326084,31.269127651065297,307,0.6926123362437354,1.1671611894878973,1.3510694683582798,0.7300114299007114,1.85410937320554,0.7998022816523062,0.7891658299094916,307,0.13535070419311523,0.3191329002380372,0.35970790386199947,0.15423716706639393,0.5409450531005859,0.1922552250586916,0.18756219403569627,307,0.9072756564916276,2.018649674489773,2.32152449439469,1.017440879059085,3.1374879901750394,1.2361319055911404,1.214207978520927,307,1.510378360748291,4.234249305725098,4.9959127515554425,1.8971663738694953,11.037919759750366,2.5396798208506075,2.4955810630756794,307,1.467677116394043,4.076292586326601,5.1227657914161675,1.907271502196716,9.303249835968018,2.540306640263965,2.5269954964993877,307,0.6232720911502838,1.4280366599559786,1.6687025435268878,0.7291187337836318,2.6924561262130737,0.8904409398479434,0.8805297345377859,307,0.3844532761722803,0.9132981672883035,1.147889772430062,0.45896325043610414,1.8091707527637482,0.57376353829019,0.5606863367771274,307,0.38520195335149765,0.7619473777711395,0.8287547461688518,0.4125483012917461,1.2861263900995255,0.4867716782111846,0.4824502259410986,307,0.16959244012832642,0.43164516091346783,0.5580126449465751,0.21201800093273193,0.9042028412222862,0.2711686286361744,0.27134633178212914,pitch_deg
A1_longer_rollout,2,5.0,307,128,179,58.306188925081436,0.0,307,9.170357897529842,21.02080987580673,24.439259423891286,11.006144448566426,39.73970382926488,13.20151600476044,13.096788339062645,307,1.6647777557373047,3.277642869949343,3.9747259140014646,1.7883862853050232,5.308925628662109,2.1365802489278845,2.121827116656461,307,9.475781947031928,21.30691876413612,24.65791033867842,11.282664603264532,39.74320544737202,13.373294283162052,13.272254623895417,307,3.9670659096640475,9.684059756455765,11.424200688410702,4.915987786516975,14.807043287905762,5.8559581279579325,5.81114453961846,307,33.73987143274327,87.72904318599846,108.17643570978643,43.71750311440971,158.93984489363507,53.407543318009694,53.202356276411,307,0.7169710123002139,1.2154370886268142,1.3898394790898156,0.7458188169329041,1.8574276982961089,0.8210722132172339,0.8152932207757235,307,0.13878202438354492,0.32939238548278815,0.37620952129364016,0.159256764265924,0.5113670825958252,0.1964873264177641,0.19277982447740433,307,1.3212774371411342,2.789517578935437,2.924943101622922,1.4255574508934592,3.1313160516990592,1.6743279935659887,1.6421651251197424,307,2.217921733856201,6.6892665386199965,8.211836028099057,3.0031473872483883,13.338086128234863,3.979654972410627,3.9269403018576208,307,2.252317428588867,7.345079362392427,8.8077068567276,3.1284978279649773,14.619746685028076,4.20884306772169,4.1879351104125035,307,0.5936603099107742,1.385832078754902,1.659929101914167,0.6968659983632376,2.521513491868973,0.8603673217033596,0.8612919455862447,307,0.3816629871726036,0.9362112350761896,1.1954761877655982,0.439095494170341,1.8220984935760498,0.5679366005385811,0.5618028662532719,307,0.43413444980978966,0.7878249119967223,0.9152979894541203,0.44431599199693006,1.276569951325655,0.5195715420680933,0.5164344724115499,307,0.18139156699180603,0.45522398650646234,0.5664397124201059,0.22330883915304034,0.9889628179371357,0.28574990771496384,0.28331280766508565,pitch_deg
A1_longer_rollout,0,0.2,368,364,4,1.0869565217391304,0.0,368,0.027141572611218343,0.06360830222102903,0.07887803611820218,0.032981758787564784,0.16180261796792364,0.04084058463496549,0.04011186157482297,368,0.07895088195800781,0.13043632507324218,0.13712587356567382,0.07767678278943767,0.16743850708007812,0.08731064188871498,0.08689295423787598,368,0.08864589102304843,0.13660244477657532,0.14598897276514408,0.08925160806200284,0.17652013469738748,0.09639036020445826,0.09590393397467045,368,0.5728743472108191,0.9327170734047759,1.0356831807915823,0.5790333573433869,1.4060308748239345,0.6386223452242281,0.6367423092664835,368,3.0238963368360086,5.522401745014613,6.468735831570588,3.3056457547732743,8.742217072423044,3.6936126088825185,3.651918427748457,368,0.6275490976132051,1.0221884803399333,1.1577572362040227,0.6497266675252746,1.8708409912077935,0.7106087438679533,0.7098250368036807,368,0.18869304656982422,0.38789689540863037,0.4305169939994811,0.1946838903038398,0.5342473983764648,0.23534153585589054,0.23550985277262343,368,0.19698842436025643,0.4113283090240721,0.4844263460337437,0.22287207408144344,0.6784057407630115,0.2642330175620272,0.2642441445918202,368,0.11571300029754639,0.2720524311065674,0.3104070901870727,0.13340377599081915,0.6684115529060364,0.16664588249692167,0.1643481158726145,368,0.12002325057983398,0.2749703168869019,0.34113025665283203,0.13912414338277734,0.8486509323120117,0.17473132156725776,0.1728998667273248,368,0.5377151593565941,0.8868846148252487,0.9939833009382708,0.5083507003076627,1.3381927609443665,0.5912162167345166,0.5897602057173781,368,0.3136853389441967,0.8661392509937287,0.9833369554951786,0.3974193934584985,1.8346241116523743,0.5106390073533952,0.5085352164428121,368,0.3514281436800957,0.7052574574947358,0.8239069586619734,0.3807210104765229,1.0537959188222885,0.44750126511514954,0.4471526583255196,368,0.1349216140806675,0.34051322713494303,0.43054070100188246,0.16324827048336613,0.6914668530225754,0.20965497549800782,0.2096073223739777,motor_command
A1_longer_rollout,0,0.5,368,351,17,4.619565217391304,0.0,368,0.10321376412360314,0.2004434332824455,0.26128233572432885,0.11667147838277372,0.41533790179933094,0.1347789269922753,0.13372936242103178,368,0.12630367279052734,0.26941661834716796,0.29490795135498044,0.1395311238973037,0.3976879119873047,0.16527077667466755,0.16345767024761887,368,0.18758953749314755,0.307291356207958,0.34046113054268573,0.1959879298061413,0.5326138594379575,0.21325990899331482,0.21158840587976435,368,0.6112953171594633,1.0301002843215255,1.1747992083979704,0.6629541754608744,1.6964065604740912,0.7189522952329725,0.7147267826452584,368,5.407544804685632,9.512942447994542,10.709066492870907,5.739729742704731,14.37892930979617,6.358607639832709,6.332488366088265,368,0.636442293470582,1.072541767914608,1.2328357356668314,0.6741698295810906,1.707248197747847,0.736707862558147,0.7362764498332985,368,0.16458165645599365,0.35817627906799315,0.39548845291137674,0.17968615500823312,0.5258104801177979,0.21645215151133387,0.21610016659162498,368,0.30565027079825313,0.6728082824323345,0.7497786575041507,0.3368881676530947,1.0611427357104404,0.4049560450725889,0.40390505961802914,368,0.23933625221252441,0.47120451927185064,0.5702584385871887,0.257403188476177,0.889747142791748,0.3064578801398276,0.30427930378878765,368,0.23371148109436035,0.5298495292663575,0.6133381366729735,0.2632512002879673,0.9378514289855957,0.3204708302883619,0.31998400659848053,368,0.4151535630226135,0.9104384083766491,1.0375011466443538,0.4655791523267829,1.6731068789958954,0.5659279260252583,0.5611666355176622,368,0.35229574888944626,0.9004502544179559,1.0786257501691576,0.41965662007778126,1.3917497098445892,0.5288405705205611,0.5250662645263123,368,0.3762471294030547,0.7217324550263584,0.8314227168448266,0.403888454879052,1.7041851840913296,0.4738150371220539,0.4738022878677528,368,0.11962230503559113,0.30638985931873325,0.4035356223583219,0.1490089257235725,0.7630941867828369,0.1963808451033546,0.19511659260157008,motor_command
A1_longer_rollout,0,1.0,368,331,37,10.054347826086957,0.0,368,0.40620500375006224,0.6472154037715246,0.7278674725404236,0.4149778588666414,1.2311931836743057,0.454304558592271,0.4525054018761467,368,0.21063518524169922,0.4826400756835938,0.5881217002868651,0.24891215627608093,0.9396533966064453,0.3097298054350912,0.30611030381095095,368,0.4877684334190631,0.7617062629177095,0.8610954220196355,0.5127729832459965,1.257348577168824,0.5498410536987736,0.5466062435194561,368,1.017451726709528,1.5652638438901079,1.7545809886701873,1.050930341874226,2.3523608794951074,1.124196791875577,1.118357062021617,368,7.652839683484581,14.503376504148708,16.762421702144486,8.467534075374157,29.32423455727568,9.613554046785502,9.540400626385685,368,0.6622229396569411,1.0913635208390984,1.2216176608467406,0.6791591639000054,1.9591370437586444,0.750450706795555,0.7463710747542299,368,0.1754523515701294,0.3492304801940918,0.3924663543701172,0.18567104831985806,0.5424058437347412,0.22124579658158794,0.22031350195105753,368,0.4775071626770854,1.0994037932786962,1.3131950537726742,0.5572441882979797,2.0193842982420094,0.6860129746075051,0.6840600233928962,368,0.4871861934661865,0.9961569309234619,1.1425876617431632,0.5262123032279424,1.9716086387634277,0.6302545036134831,0.6287493150621815,368,0.4835941791534424,1.021050888299942,1.2516953766345968,0.5373635027436134,1.8839242458343506,0.6576837628234524,0.6481015393568659,368,0.44719687290489674,1.0888866975903513,1.2979431316256522,0.5238489124787283,1.9185296297073364,0.6588245256945481,0.6563598261660768,368,0.315765205770731,0.9056972730904818,1.1005122765898703,0.40248271138008695,1.7138676047325134,0.531302368066581,0.5230985863608423,368,0.39278900995850563,0.7526412576436997,0.8480042301118372,0.4078811720645045,1.312737189233303,0.4804767090599443,0.47971028042376485,368,0.1294984295964241,0.3769125670194626,0.48416356816887857,0.16927090439315615,0.699418943375349,0.22368770432841634,0.22223834147085073,motor_command
A1_longer_rollout,0,2.0,368,271,97,26.358695652173914,0.0,368,1.542794189901918,2.736849489483229,3.076264840199251,1.6459235665130028,5.049212651230494,1.825770540474755,1.807432642040394,368,0.42055702209472656,1.14077205657959,1.473949241638183,0.53578932972058,2.465381622314453,0.6887894098937565,0.6801211859905129,368,1.7139391387141691,2.8340679591911853,3.134911711469111,1.7965264954367182,5.0601419416241455,1.9513761599566775,1.933475537377063,368,1.7309136465050154,3.2535985724911183,3.784471989812469,1.955367552914998,6.427930934991924,2.18733932583874,2.1556666862129403,368,12.983695640257672,29.19566624557357,32.484556386293725,15.582272302570567,68.67686960455096,18.194332323850666,17.894058198809553,368,0.6593846728483208,1.1143111826693017,1.2186302535506521,0.6874196324615278,1.839876683678719,0.7552989239252518,0.7503484562303437,368,0.16095268726348877,0.35668187141418456,0.39973454475402825,0.18138492755267932,0.5011677742004395,0.21832091597234496,0.2166191487188307,368,0.6481377712261641,1.6988889005687524,2.0667969166691273,0.7884744096570206,3.118954510035899,1.0240628009215207,1.019892453681205,368,0.9463602304458618,2.233059293031693,2.6441779196262347,1.1109459674986757,5.871174395084381,1.406135886810843,1.3850768883150117,368,0.9699790477752686,2.501538610458374,3.05050623267889,1.1726712257115413,5.004629969596863,1.480165287675177,1.4454329317762917,368,0.5494665428996086,1.2650147929787636,1.487472683191299,0.635913377267096,2.1863314509391785,0.7850770123655508,0.7800391304162886,368,0.3165699206292629,0.9067587470635772,1.1161723914556203,0.39799483201995434,1.5636531813070178,0.5174416829386472,0.5097696845102982,368,0.4033259432762861,0.7583078379742801,0.8583272024756297,0.41886167093331966,1.3786212876439095,0.4932036672444868,0.49252261125115926,368,0.14541468769311905,0.4368154296651483,0.5087373064830897,0.18545850301131356,0.8859089463949203,0.2438866783095239,0.24049993025889052,motor_command
A1_longer_rollout,0,3.0,368,203,165,44.83695652173913,0.0,368,3.2867874065382536,6.555123943274313,7.625133264659061,3.7475593578416793,10.933956410361121,4.260102827017897,4.185192953956887,368,0.6941957473754883,1.687232780456543,2.108143806457519,0.8346258816511735,3.320272445678711,1.05523332271553,1.0382729338990828,368,3.5149366914178133,6.805034443600757,7.787547345503584,3.918756237151218,11.030033263785805,4.388848762732105,4.315992366001855,368,2.423796106016141,5.205020397422932,5.950967359980778,2.8572421135243102,9.529413243213193,3.295512253146537,3.2222183711138968,368,19.00640501439771,42.893514485486115,50.527598237735674,23.307449505019793,84.95886362607509,27.60586102822688,26.939895909140525,368,0.6628879056203352,1.0520367431157631,1.198915204993819,0.6717756502442901,1.7243519021800422,0.7362885723502409,0.7311644281426476,368,0.170507550239563,0.37115519046783446,0.42724883556365956,0.18900134187677634,0.5409450531005859,0.2270737354780904,0.22621792479138433,368,0.8010416332649299,2.019115517002917,2.453725033420039,0.9642152758591823,3.0484578756042566,1.208174088528823,1.1972619925102077,368,1.3689463138580322,3.553213140368462,4.5337171554565385,1.7014156133208536,9.395095586776733,2.240983850823366,2.181439169921606,368,1.3577497005462646,3.87833498865366,4.63656059987843,1.763704988746094,8.349726170301437,2.2764396034985954,2.2141561536053125,368,0.5720028951764107,1.3758742421865464,1.5666776597499843,0.6469510213292264,2.135809004306793,0.8100710602231154,0.8096274273374146,368,0.31347642093896866,0.8397299125790597,1.0944326926022767,0.39742690125833335,1.5614141523838043,0.5154380225375547,0.5078644342644492,368,0.3666337674949318,0.7347112119197846,0.8142794373910871,0.3932423671854928,1.4176068007946014,0.4661635817694411,0.4648352245531372,368,0.15408819448202848,0.42391403838992125,0.4915987989865242,0.18962417772214077,0.6744043491780758,0.24317899113208158,0.24027225104541242,motor_command
A1_longer_rollout,0,5.0,368,123,245,66.57608695652173,0.0,368,8.818374555343224,19.796727161102776,22.71499699425176,10.366721225192308,32.13884639629765,12.139198278052966,11.823431458823993,368,1.2839365005493164,2.7070541381835946,3.156636619567871,1.404512478079161,5.203142166137695,1.6967095310138363,1.6740461982884647,368,9.002943455096341,19.858979661565577,22.815835283423947,10.55617876558814,32.140030311697046,12.257200253994272,11.945323966837247,368,3.6416924020207695,8.963265614519816,10.619467387075733,4.513065884054339,13.625029478203544,5.32017475555426,5.161128190549401,368,30.66277561950476,74.14827767654373,89.79824889326753,38.19193487952591,134.741855118143,45.94150956891123,44.512480587707785,368,0.6765102886195082,1.1082918299050342,1.3391198926602055,0.6985158992153314,2.184144381860127,0.7746956441312909,0.7672735838171016,368,0.15462446212768555,0.3623066902160645,0.4131402373313902,0.17904300145480945,0.5716574192047119,0.2205590958342688,0.21944353979228048,368,1.2006485153414097,2.7359612808394895,2.9376771631335985,1.3191936328256684,3.1313160516990592,1.5791462895116233,1.5726492955145404,368,2.2189544439315796,6.256500250101091,7.502165436744689,2.801078168388694,12.055971145629883,3.6299571703609033,3.5001536273106426,368,2.077931582927704,6.358434811979533,8.0900070130825,2.8772364191852673,11.043866634368896,3.8121894509135994,3.6920953461550483,368,0.5320938564836979,1.3435424119234085,1.480663534998893,0.6123208639239791,2.3024755716323853,0.7712859141235234,0.766455305371753,368,0.33655428513884544,0.9389386035501959,1.1382057287730274,0.4173563349020538,1.8220984935760498,0.5457260464261805,0.5326952302994288,368,0.3848071452230215,0.7441734551684931,0.8473523040302097,0.4063926461553226,2.160888910293579,0.48710561354142334,0.48619423482830815,368,0.16392173990607262,0.4175016909837724,0.4955983714200556,0.19838917701188463,0.9889628179371357,0.25507752653748145,0.25366459620083914,motor_command
A1_longer_rollout,1,0.2,268,267,1,0.3731343283582089,0.0,268,0.03210997265565761,0.06345142659360094,0.07904980259558612,0.03659404002673099,0.18045949871847514,0.04466130557850828,0.043853844720753724,268,0.08519172668457031,0.1358266830444336,0.1477073550224304,0.0812165901732089,0.19782376289367676,0.09210974364939853,0.09078848214260118,268,0.09395662550865254,0.1450058898414026,0.15823983106672002,0.09502402659581055,0.21715352674528146,0.10236619115281573,0.10088832385533283,268,0.4703978749120381,0.820444720630138,0.9293684871928272,0.4891308370096695,1.1746328191997548,0.550217544057743,0.550497533239065,268,3.1714229671303356,5.6482225880064885,6.587718295757173,3.411692951353888,9.372896377740412,3.795202170684151,3.7756584855751996,268,0.6811466718508421,1.0831176523990285,1.2253076598995039,0.6826584278377528,1.419289161435489,0.7453771537527316,0.7442965133018115,268,0.1372607946395874,0.29152474403381345,0.33244370222091674,0.1528652087966008,0.4231703281402588,0.18250857863662878,0.18305646092710492,268,0.15896412362613432,0.36806721406832926,0.42335498421354195,0.18455632058677038,0.5103291586611505,0.22491990479720758,0.2242877157394237,268,0.11376780271530151,0.28930168151855473,0.35432377085089684,0.13666804448819594,0.6101613119244576,0.1735628763755294,0.1729149741872033,268,0.10455930233001709,0.3070129871368409,0.37494001388549786,0.137867646993819,0.6061358451843262,0.18041965429909868,0.17987365248297302,268,0.3627931475639343,0.7775241747498512,0.8802152052521702,0.4056988027773853,1.1474092602729797,0.4899632864570374,0.4901573696975163,268,0.36857926845550537,0.8696021594107152,1.0273119516670701,0.4240558774044577,1.3334062788635492,0.526028177990033,0.5206483971677439,268,0.3835412375628948,0.769145442545414,0.8463496938347811,0.41675304409217284,1.268637316301465,0.4930252622909921,0.49308931823485647,268,0.11538162548094988,0.3190468568354846,0.3963921777904032,0.14496916336608606,0.7618905194103718,0.18922882454823792,0.18977676639433058,motor_command
A1_longer_rollout,1,0.5,268,263,5,1.8656716417910446,0.0,268,0.12105157223375043,0.21728819704585128,0.26365380547554107,0.13265209006374085,0.5176342086388748,0.15505406199944993,0.15281289108612625,268,0.14467906951904297,0.28840427398681645,0.3342870831489563,0.15484666868821897,0.40560150146484375,0.18086011696085172,0.17781268765797167,268,0.20567708316701505,0.35245192152462174,0.38748435516482876,0.2191629523258501,0.6289057722862916,0.23822708504622692,0.23479449867675864,268,0.6069820911267487,1.0367663547585668,1.183202786718108,0.6567947951438882,1.940068530148746,0.7205376460048634,0.7202079682152087,268,5.360704509994454,9.300323397883087,11.062470818129007,5.837426048871772,17.968770846574905,6.470074419350338,6.467294663384445,268,0.6932226232731665,1.1470382301786177,1.2242194362152605,0.6982826114465389,1.9710264163334492,0.7712800476259591,0.768578983419887,268,0.12121057510375977,0.3034010648727417,0.34781852960586546,0.14369525215519008,0.5238471031188965,0.17924762025460342,0.1798170902313489,268,0.22364193205676486,0.5534416034685926,0.6715521071403088,0.2705289008854468,1.0480417461772902,0.34697933068302694,0.34533191837884814,268,0.23543694242835045,0.5060798645019532,0.6390975058078765,0.2722997717809544,1.338794231414795,0.33731284237539,0.33394849147693395,268,0.23524069786071777,0.5112360930070281,0.5864178895950316,0.2674184911258852,1.0680441856384277,0.3258755166809636,0.32110987962371274,268,0.3836312647908926,0.8669948697090151,1.0442082330584521,0.44604084584705617,1.6294298768043518,0.5469914929016539,0.5485217681370902,268,0.3407928794622421,0.921425282582641,1.074597863852977,0.4314261573799469,1.6831232085824013,0.5486899577831578,0.545487304199065,268,0.40423907234799117,0.8086686318740248,0.8790993379428975,0.43375538028133753,1.1471505407243967,0.5092154221758579,0.5068537869937118,268,0.11408872038737172,0.30382520444691186,0.3643270888831466,0.14567883633088655,0.707233127206564,0.18577377616897622,0.18385662196076336,motor_command
A1_longer_rollout,1,1.0,268,250,18,6.7164179104477615,0.0,268,0.41016979773936846,0.7197214863842214,0.8130609237614563,0.44435044600416695,1.5552707183942462,0.5053150760450631,0.49845040766299303,268,0.23630237579345703,0.6499667167663574,0.7349719047546384,0.2959616758040528,1.1279640197753906,0.38110433245230363,0.3747803621199541,268,0.5207478551520104,0.8687148741834646,1.0545110133885138,0.5715236539626177,1.6392827551436304,0.6329169284292717,0.62408621011693,268,1.0419146683105072,1.7952328856508444,2.057543926704649,1.1185198969943304,2.7303343283016286,1.2252203317441461,1.2230374237278523,268,8.702644311025834,15.508547895343348,17.850238011068484,9.52061318867168,30.95430448715155,10.503783286020603,10.531497344934682,268,0.6655868067290591,1.039114104140458,1.1928764196090742,0.6794136967079629,1.7275000135869734,0.7397503423763975,0.7367690746320801,268,0.1325368881225586,0.3494093656539917,0.4139962673187256,0.1572075690796126,0.534085750579834,0.19847709858833795,0.198814700367301,268,0.42188767608757516,1.0799572045083303,1.2761009240600687,0.5131045046185264,1.7481829564277547,0.6399341586321473,0.6324752322458964,268,0.44468235969543457,0.9783181309700013,1.3561053037643418,0.5189857620106482,2.4074792861938477,0.6737536435302851,0.6680067939210766,268,0.4566929340362549,1.0934479832649233,1.311604404449462,0.5373327548045721,1.8445967435836792,0.6612396100381313,0.6524625727339263,268,0.5614578425884247,1.3063657224178316,1.4863207280635826,0.6399159516796901,1.942916750907898,0.7810141274429808,0.7838390366904521,268,0.3541279789060354,0.8286542832851411,1.0555184897966678,0.41319084861476507,1.4015527814626694,0.5128532341051253,0.5070973007810621,268,0.37605706974864006,0.7640848524868489,0.8214413489215073,0.413655171877576,1.267693798756227,0.4844148207673988,0.4829285079531365,268,0.13808120787143707,0.36466995701193816,0.4237838206812738,0.17206575317176254,0.8844068497419357,0.2226082000619019,0.22289253195917205,motor_command
A1_longer_rollout,1,2.0,268,204,64,23.88059701492537,0.0,268,1.5030331656312308,2.9068974179250784,3.5651261334674604,1.676439211233446,5.863671152346796,1.9130388777208869,1.8914709043492735,268,0.5521163940429688,1.4473447799682617,1.675578284263609,0.6663839970506839,2.5177783966064453,0.8475465004121084,0.8464423800524468,268,1.6740254589111725,3.0472497031114085,3.6519782474160736,1.8968125878631958,5.9207100441208445,2.0923797021650734,2.0730063120425055,268,1.8487812986115029,3.3174241847218964,4.076639488248298,2.021619778271664,6.705802692283001,2.259646255796984,2.246206817100917,268,14.249555205411943,29.227788029788314,34.62757574509347,16.193139712094453,54.09831870199654,18.509680774322888,18.50658477563075,268,0.705257879200571,1.1074157489958159,1.2471857696466655,0.7144847963247193,1.7709643216252853,0.7761779636327111,0.7707818351323861,268,0.1499173641204834,0.33015055656433107,0.37349236011505116,0.16486349479476017,0.5297844409942627,0.20111550217040197,0.20234124036457207,268,0.677060509638391,1.424596629294144,1.6754817475817516,0.7595261390919733,2.8810045449571575,0.9221408441107315,0.9114060466292975,268,0.8984378576278687,2.353500432521105,2.8562147229909898,1.1207847246316387,6.691397666931152,1.4603574037854943,1.4545571476198724,268,0.9095642566680908,2.616447788476944,3.2112266719341265,1.1611297919220334,4.632195234298706,1.502978786169809,1.4794421142015328,268,0.5587751194834709,1.3696130186319353,1.664871422201395,0.6760557971515957,2.24089452624321,0.8452290949025288,0.8464957430504801,268,0.3640567739494145,0.9177078994922344,1.1167735788971185,0.43470993483397385,1.737398128490895,0.5538816922336021,0.5446813863861028,268,0.3934365529567003,0.7475379072129726,0.8066640620585527,0.41065939583158845,1.0143419653177261,0.4796508676976894,0.47821448429005714,268,0.1561133295763284,0.4388817481696607,0.5366979114711281,0.19760794962457479,0.7996462732553482,0.2561295518957487,0.256182458700816,motor_command
A1_longer_rollout,1,3.0,268,164,104,38.80597014925373,0.0,268,3.309119446717403,6.889199212173992,8.171741233432824,3.890011434074958,14.499291786702535,4.490871228515839,4.450480937670946,268,0.8916530609130859,2.128243327140808,2.4526373386383056,1.0095007633095356,3.4015979766845703,1.2541877391376104,1.2566242964112548,268,3.54055059742178,6.990681255766582,8.500418366313204,4.139437737016501,14.501223621632917,4.662715011247682,4.625407777543897,268,2.517276056870861,5.759370762284738,6.794945493011666,3.030195398401001,11.442806136357278,3.5217176200705853,3.497479787359881,268,20.200301583994012,46.92056286701483,54.46502023781996,24.141107132070836,88.63338909924394,28.35544595921038,28.225862447371412,268,0.6961702395814588,1.1991266946334849,1.3958009914269722,0.7461952116704871,1.85410937320554,0.8195206889541145,0.8156477187252362,268,0.14199578762054443,0.3218157529830933,0.3537148118019104,0.15880138571582622,0.5000760555267334,0.19366035585121205,0.19441627190643912,268,0.8836981873381832,1.8884217167502428,2.1374889000180826,0.9553457089952132,3.1374879901750394,1.1567900296760274,1.1392980132602486,268,1.4205739498138428,4.034098255634309,4.9200113594532,1.7781733773759942,11.037919759750366,2.3948807799383918,2.3906092543164283,268,1.4680848270654678,4.118723392486572,5.145546984672547,1.85669755071763,8.239200592041016,2.455553019686107,2.4240422155631207,268,0.5573645457625389,1.2730057835578918,1.436023580282926,0.6495777694751689,2.200044736266136,0.7983109750640727,0.7851218722809935,268,0.36340226978063583,0.9433836109936239,1.2240760408341884,0.46096582148648074,1.8091707527637482,0.5880520953070028,0.5820213496531252,268,0.4140270696952939,0.7516522050369531,0.847079609520733,0.4374440063717219,1.2861263900995255,0.5055488143666446,0.5051721230945747,268,0.1700185164809227,0.4393550854176283,0.5326417602598663,0.20737141716631075,0.8936791718006134,0.2650080925582277,0.2621708847102571,motor_command
A1_longer_rollout,1,5.0,268,117,151,56.343283582089555,0.0,268,8.86379341858514,20.84733604582507,23.633534372484817,10.6282348495949,39.73970382926488,12.567490096600084,12.45355529596265,268,1.721850872039795,3.332559013366699,3.810732555389403,1.80347762557108,5.057043075561523,2.120207955330565,2.116751750931612,268,9.099797842416923,20.931977324416582,23.72870520124007,10.937113244132878,39.74320544737202,12.745080976674421,12.633195779030572,268,3.5507302389592117,8.735499988477908,11.272212992782437,4.4827528962535075,14.734944458795875,5.35432479234451,5.297225601951051,268,30.267964793805152,76.0715747965956,100.0313186654873,39.111692566925605,145.13972410847498,48.035126915370796,47.535816642107775,268,0.7171424734472804,1.167257650003054,1.3117192769392865,0.7447368500751416,2.065475514761009,0.8193288287853475,0.8164218514850724,268,0.14794409275054932,0.3239739179611206,0.36922496557235684,0.16198739187041325,0.46765923500061035,0.19436280430780556,0.1946682584627872,268,1.3096559621805355,2.7481630300104567,2.9162163249105975,1.3897830077822613,3.128996830152609,1.6438583407362597,1.6136729319415228,268,2.0411624908447266,5.906930360710249,7.671946382522583,2.6522602027355098,11.16036605834961,3.562048745465695,3.55461717644852,268,1.9974366426467896,6.934290826320648,8.55051325559616,2.8574826423106576,14.619746685028076,3.9039407024412385,3.8130061935022583,268,0.6165015026926994,1.4090531170368195,1.6130679419264193,0.7025639987689679,2.2786040604114532,0.8601451672037448,0.8489137501505019,268,0.35354799032211304,0.9270848799031228,1.19024521978572,0.4488096407765815,2.025121871381998,0.5805951126812312,0.5745805457971486,268,0.4230635794810951,0.7834741342812777,0.8570795031730083,0.4354737802641466,1.276569951325655,0.5097691954599123,0.5083194227161658,268,0.16342433914542198,0.44298370168544354,0.5541280967183405,0.2073119790632097,0.9085141867399216,0.2726617174624839,0.27367572061491663,motor_command
A1_longer_rollout,2,0.2,86,84,2,2.3255813953488373,0.0,86,0.044451566341199,0.0790130847945518,0.08596067793981035,0.04591694694519993,0.14032607424490567,0.052820280645240164,0.05278357989851081,86,0.08098602294921875,0.14867734909057617,0.17042160034179688,0.08176977967107019,0.1903080940246582,0.0922556533128296,0.09190802845758884,86,0.09448614087236526,0.1554087473583318,0.18511762456158423,0.09876470068385594,0.22501605989597853,0.1063065737178042,0.10621410207886003,86,0.36036845217640745,0.6966418129292815,0.8167054489757806,0.42229372285271705,1.335345207519541,0.4766863903810673,0.47494924739454014,86,4.276131932606047,6.510648123216671,7.808710715773517,4.4184846001072104,10.621294876807042,4.858366163096697,4.864194341085551,86,0.7677579928253115,1.3365960883277443,1.4564880937625697,0.7994618730689346,2.0874822892088267,0.8950506447630018,0.8418195666606788,86,0.12548327445983887,0.22092437744140625,0.24109405279159546,0.12445106894470924,0.3842043876647949,0.14639756135947432,0.1469568498300652,86,0.11859822063658143,0.2932397781201139,0.3372365992795636,0.1478422408491796,0.6481765018466064,0.18812671076272883,0.18303131415118415,86,0.13745546340942383,0.30411458015441895,0.3618125915527344,0.15770195157072225,0.7285020351409912,0.20422945607409654,0.20849513549914556,86,0.11046862602233887,0.2696670889854431,0.33449435234069824,0.14074897012391754,0.5476441383361816,0.17971964737745919,0.16806394801325034,86,0.2791629135608673,0.5809845998883247,0.7326126098632812,0.3179602840872005,1.1084439158439636,0.391434659161311,0.38553256415538273,86,0.453845739364624,0.9391881227493286,1.2230182588100433,0.46488090567723955,1.6947966814041138,0.5910795897450307,0.542299557046845,86,0.4494354370981455,1.0917679443955421,1.17971336748451,0.5113590930732032,1.334760159254074,0.6371316694312761,0.6047152295706922,86,0.154124166816473,0.37155146710574627,0.42701006680727005,0.1693124032990877,0.6230383813381195,0.21401824942099368,0.2131996359787915,motor_command
A1_longer_rollout,2,0.5,86,83,3,3.488372093023256,0.0,86,0.14370915786970784,0.2464689007009162,0.35846993032508023,0.15401099831652068,0.4739891276584061,0.17863187077677636,0.1759337865142962,86,0.13632774353027344,0.3346996307373047,0.4015188217163086,0.15712337022603945,0.43805503845214844,0.18963069747388303,0.1857574184840547,86,0.21310492329156905,0.43178516893780783,0.47273407183702987,0.23515414036603807,0.5664443792217192,0.2605170756047332,0.25757944268325766,86,0.66251288338722,1.2556394252117364,1.522306122910503,0.7206299642423707,2.5587377636046966,0.8385974010372277,0.7992466687810884,86,7.118609876729644,11.968076759891273,13.977424595728285,7.625005560691036,17.673348231657695,8.40556002589595,8.017935665433422,86,0.7571788304296512,1.2225581233961407,1.4370294484055623,0.8109573755257027,1.887555052276399,0.8847237747171667,0.876273154188153,86,0.1294877529144287,0.26550984382629395,0.29033637046813965,0.14141968793647233,0.44486188888549805,0.1718790451900601,0.16539870296017783,86,0.19447473676338944,0.5132518468832323,0.6244047087718343,0.25236445752747627,1.0701316041901805,0.3323727726312733,0.31083091373312166,86,0.2273578643798828,0.5824602842330933,0.6263735294342041,0.2835462607529967,0.9134869575500488,0.35366438892945207,0.34879780129602017,86,0.23832273483276367,0.6255393028259277,0.7533353567123413,0.3199107111106778,1.6983178704977036,0.4313088561559237,0.38460722877813047,86,0.38926835358142853,1.038554597645998,1.3505737036466599,0.4686963867915924,2.0825865268707275,0.6262106447761958,0.5906503768030735,86,0.4275832995772362,1.0315554291009903,1.3050768226385117,0.5327658589582803,1.7766196578741074,0.6550698302243474,0.6556284994248586,86,0.48894094303250313,0.7816319167613983,0.8362943679094315,0.45927805362572505,1.1992145329713821,0.531636782549428,0.5127036414193318,86,0.1777321919798851,0.44612618908286095,0.5008391827577725,0.21070234433119728,0.7151874452829361,0.2664244855866831,0.26136594418050996,motor_command
A1_longer_rollout,2,1.0,86,81,5,5.813953488372093,0.0,86,0.46740547925603104,0.842691437466554,0.9963393513902032,0.5012819633266193,1.4510330254141475,0.5785514016079837,0.557810357758221,86,0.26865243911743164,0.7940272092819214,0.8362932205200195,0.3337050593176553,1.3324127197265625,0.435797804217116,0.41133910591268813,86,0.6012891954514401,1.0506163126079453,1.2220971426638845,0.6419761520783671,1.7807623829036603,0.7243213723638301,0.6973756650079037,86,1.1876653802597865,2.0983802493565866,2.4244115344391526,1.2787098172248847,3.181174763707694,1.4253626795828853,1.3613542418092615,86,12.440892648691326,20.711448370376203,24.284425727298597,12.94679304190684,27.736607443598626,14.135020659874327,13.549951310526339,86,0.743120003370354,1.2207132862659111,1.3294277665649956,0.7665563497102724,2.0381303315358488,0.8429377703469549,0.8389404924604074,86,0.11158227920532227,0.2533673048019409,0.30333882570266724,0.1282570528429608,0.43353796005249023,0.160056445945043,0.15056477070280994,86,0.3328668589461863,1.0100928934356581,1.172377766796881,0.44962750953567227,1.530893168544566,0.5682700621841125,0.5386339379798645,86,0.4414610117673874,1.2758336067199707,1.4728349149227142,0.6041334401382956,1.7692537009716034,0.759025953435222,0.716598137047272,86,0.5151216983795166,1.4210114479064941,1.5453020334243774,0.634234692219125,2.439960077404976,0.821971823353476,0.7635244351613931,86,0.5393208414316177,1.4043820798397064,1.6753338500857353,0.6991426036151689,2.3311238288879395,0.8831198627436808,0.8419808958341928,86,0.4016904179006815,1.060291811823845,1.2130255214869976,0.4911752288367838,1.792449027299881,0.6223168931414501,0.6153689450160285,86,0.46442190185189247,0.7445705197751522,0.8361746901646256,0.439801866786966,1.1667889992240816,0.5110843040825908,0.5048994930929146,86,0.14949949644505978,0.36621424555778503,0.4648905172944069,0.192997555197,0.9312708973884583,0.24911564244078013,0.24524905300415073,motor_command
A1_longer_rollout,2,2.0,86,73,13,15.11627906976744,0.0,86,1.6718250498590632,3.425958554010944,4.514000462784717,1.9225495602077822,5.167049666539561,2.2437388016722584,2.173163823468363,86,0.7249646186828613,1.6333765983581543,2.0233471393585205,0.792397981466249,2.3376076221466064,0.9885598240646256,0.949555067475764,86,1.9124140590341674,3.876971067492252,4.695520486150423,2.1583388815414435,5.399311310980682,2.4518593629905334,2.3811641344476713,86,2.0477715406686094,4.0683880574080264,5.01113650929256,2.3506415782745664,7.542397670136805,2.7137483858943137,2.6673810108264795,86,17.507021990147347,35.85248601373474,39.495752763157824,21.230058253727147,60.548418665681574,24.007484531557058,23.834748141427355,86,0.7205072687057201,1.168016567414419,1.3901621988092925,0.7411042245714609,1.7508893856030634,0.8175456307490937,0.8155958601896284,86,0.10581815242767334,0.30930185317993164,0.3983764052391052,0.14254504026368606,0.523582935333252,0.18691780360294175,0.18080097507799148,86,0.5350778247151489,1.5429757021062827,2.0147035531801425,0.7503750525923245,2.971011876091083,0.9664552040308124,0.9415234878466435,86,1.0257513523101807,2.765676259994507,3.27570166438818,1.2725553648589656,5.716663599014282,1.6892027482495442,1.6483610319462518,86,0.9974443912506104,3.042679153382778,4.062418669462204,1.4274561451206547,5.32999312877655,1.9147371887607905,1.8804389685205547,86,0.6031506657600403,1.3842365890741348,1.5983526557683945,0.7499073685504236,2.6138582825660706,0.9191332195207644,0.8933390254004528,86,0.3354310356080532,0.9170163720846176,1.1468962877988815,0.43134693248159534,1.6103993114084005,0.5665902946703354,0.565144997367881,86,0.4059168703388423,0.7928677245508879,0.8276836979202926,0.42068454585319687,1.0576063003391027,0.5010568266436253,0.49150368056806765,86,0.19317641761153936,0.5407688245177269,0.6295665083453059,0.2441807974280172,0.7705191820859909,0.31031975898440023,0.31199617077732755,motor_command
A1_longer_rollout,2,3.0,86,60,26,30.23255813953488,0.0,86,3.940721181897824,8.379940583186258,9.940022059416805,4.567783990285486,16.18014863865712,5.413331523814715,5.327102513205111,86,0.9947481155395508,2.5935163497924805,2.8640503883361816,1.1557818235352981,3.026336669921875,1.450785714686393,1.3985300414538435,86,4.130262333330256,8.437210121679191,10.286013601275702,4.824143281751025,16.374651649670145,5.604367705340563,5.519410172884472,86,3.371578032364776,6.708494769842726,7.615203268059313,3.8274045722324987,13.670969255249092,4.525910450664994,4.459431878033378,86,29.568023754889378,54.94224919860605,62.63566641802895,32.90163189688041,115.15667305780767,38.62814954259339,38.21539173399466,86,0.7701360055769666,1.1314107661587351,1.2040228729914342,0.7590593376191922,1.7484328018228257,0.819106881930139,0.8147147024316546,86,0.11478769779205322,0.29096317291259766,0.3739021420478821,0.13645147445589997,0.461200475692749,0.17414572423799402,0.16712416229383115,86,0.6769445307659652,1.864686847242691,2.3828959041304274,0.8766363597463239,3.1374775472894285,1.1402359871970815,1.0655397101361073,86,1.6021825224161148,4.675850212574005,5.71602401137352,2.2178266833774574,12.083060503005981,3.006674564979536,2.9018510549120045,86,1.7695217728614807,5.761515945196152,6.742150574922562,2.502017538052399,9.303249835968018,3.2643836164870974,3.240929013190911,86,0.5898949503898621,1.3573043048381805,1.6503228209912777,0.7022678825007969,2.6924561262130737,0.8874531380046745,0.8484198049086682,86,0.37435607984662056,0.9024028154090047,1.0097060073167086,0.4284665267711484,1.734319068491459,0.5396946076129784,0.541695835663859,86,0.42640412598848343,0.8126338878646493,0.9004512969404459,0.4417323080070187,1.1246357336640358,0.5216044259873996,0.5125938891722703,86,0.17989187315106392,0.5190570279955864,0.6844308115541935,0.2523547313907075,0.9733401089906693,0.32801621503996303,0.317675235739179,motor_command
A1_longer_rollout,2,5.0,86,44,42,48.837209302325576,0.0,86,12.4041598416731,24.099921361361492,29.310510177843653,13.650391990766684,46.656580945417744,16.28908617351618,16.135212799867354,86,1.6531000137329102,3.902840733528137,4.749220609664917,1.9552199258360752,5.308925628662109,2.3932327431909526,2.216793726606392,86,12.53027730159376,24.225044761462676,29.37086858450723,13.943051941777354,46.687757735047654,16.46395734115335,16.30748716286751,86,4.996656552319225,10.669630786016,11.917065029170503,5.825861354181883,17.163797999654257,6.823011685892334,6.749243871090053,86,47.860166279846354,93.70419764675869,111.90528043589424,52.306612638368804,178.69442083435766,63.03394295947021,62.06679958895609,86,0.714847363221663,1.0374441733170698,1.2915478083072989,0.7256790442624417,1.8293761517759273,0.7898579535134352,0.7713700488685576,86,0.1267145872116089,0.3374282121658325,0.403989315032959,0.14974809524624846,0.5113670825958252,0.19296868172129333,0.1875500010814615,86,1.1043168246239645,2.5402259908256006,2.7055325881509003,1.2868443294146155,2.939392717742571,1.5413708661408971,1.4675037232012285,86,2.7705599069595337,7.24344676733017,8.455072581768036,3.5276490227904085,16.9447922706604,4.631248435288172,4.51862384763671,86,3.351927138864994,8.160965025424957,9.648060142993927,3.930414504122509,12.616617679595947,4.922738745298295,4.818900198868663,86,0.6076600551605225,1.4507565051317215,1.7778525780886412,0.7445742825132816,2.521513491868973,0.9336324983649453,0.9107215868328744,86,0.36729033291339874,0.8937879484146833,1.0599890537559986,0.41350932053404016,1.680260755121708,0.5277842005805731,0.5122663367526366,86,0.4558152735698968,0.7483374979346991,0.8731594020500779,0.45601160531094687,1.1468719840049744,0.5221355449806393,0.5081226523940503,86,0.1778853819705546,0.4622736796736717,0.506843063281849,0.21895877902428512,0.6196552515029907,0.269618057655136,0.2665718531656207,motor_command
A1_longer_rollout,0,0.2,188,188,0,0.0,0.0,188,0.03372952994644386,0.0676629262870695,0.08750612684565251,0.03858648828193687,0.17733329146589244,0.046150730970325494,0.04567429176140597,188,0.0754232406616211,0.1273277282714844,0.13582334518432618,0.07597094901064609,0.19782376289367676,0.08606655313064458,0.0855896107571422,188,0.08522039995078799,0.13721022462769675,0.15700144166951485,0.08953231478932162,0.21715352674528146,0.09765931362079823,0.09707871273506079,188,0.5612602753226423,0.9310089786909325,1.0155275703557414,0.574742335251814,1.1620435455698326,0.6312625592864572,0.6218905180595605,188,3.232578430482124,5.563101163724386,6.407173444386995,3.510369592712145,8.69498304947677,3.8573292463750772,3.7682401668160326,188,0.6386126489365382,1.01884220976605,1.1383451289966904,0.6634455107798549,1.8708409912077935,0.7251982003800416,0.7285014108599484,188,0.1569368839263916,0.3840160608291627,0.41657372713088997,0.1799926852926295,0.5342473983764648,0.22201568737762298,0.21937895243080824,188,0.18704581385680896,0.42944889729830343,0.4910947528872038,0.21203962914334365,0.6784057407630115,0.2598180554394266,0.2615413142875564,188,0.14491283893585205,0.291171932220459,0.328605979681015,0.151904632159053,0.4684509038925171,0.18436283070581516,0.17912502696012814,188,0.11322924494743347,0.2994892776012422,0.34679522514343264,0.1440116897066857,0.5067138671875,0.1793757125645201,0.17743771050322088,188,0.5151656121015549,0.8853665083646775,0.9979327836772428,0.49122415685114706,1.1002533435821533,0.5764782035367839,0.5675986387294722,188,0.37916117906570435,0.8125768397003412,0.9454026227816941,0.4214448980229134,1.8346241116523743,0.5283613653822019,0.5349458046176634,188,0.3271398302167654,0.7715426472947002,0.8503400269895792,0.37538083262266,1.1465866565704346,0.4554668654858426,0.4489264581195472,188,0.12876640632748604,0.325777430087328,0.3996946943923831,0.15716099659689364,0.5892074108123779,0.1982337808003665,0.19271679822357163,tail_command_magnitude
A1_longer_rollout,0,0.5,188,183,5,2.6595744680851063,0.0,188,0.11882720847574987,0.21710733935750523,0.26360708294952123,0.1317613701527149,0.5176342086388748,0.1518714298161161,0.15122210481735227,188,0.1282176971435547,0.2735949039459229,0.33133811950683595,0.1421131859434412,0.41414546966552734,0.1706750821324984,0.1672150495399154,188,0.18927500609414027,0.32862442839522016,0.40047853258331195,0.20688401905282258,0.6289057722862916,0.22846206436808397,0.2257578567613369,188,0.6048898468723544,1.1119446411958265,1.238447306029426,0.6749298032940358,1.6964065604740912,0.7355637941372467,0.7322726315673115,188,5.962911448325324,9.828749466668354,11.063249118015156,6.2993701182406205,14.37892930979617,6.825427941560387,6.805175451668876,188,0.6489325554515025,1.1126149239671888,1.2147816267417924,0.6969539275062845,1.707248197747847,0.7518955007066819,0.7436757196747925,188,0.14481306076049805,0.3484614372253418,0.39543846845626834,0.16992732692272106,0.5258104801177979,0.2078153539099158,0.20749065618944712,188,0.29283141472159,0.6334218416937669,0.7365727528061616,0.32271905685918806,1.0480417461772902,0.3958123371391133,0.3939865469613464,188,0.2456701695919037,0.47897272109985367,0.5819565892219544,0.26289959624409676,1.046512097120285,0.3150335593611132,0.30906751273320016,188,0.2300400733947754,0.5414024829864503,0.6084773778915407,0.2647015924585309,0.9220585823059082,0.3247672344143068,0.32404432851845744,188,0.4369734460487962,0.9506121911108495,1.0375011466443538,0.48132607633089447,1.6731068789958954,0.5799432689261359,0.5770842917213538,188,0.3850625678896904,0.8571447879076004,1.0827511861920356,0.45062540784327093,1.32803875207901,0.5465279896028297,0.5330944864202503,188,0.38481162767857313,0.7191200957633556,0.8802854117006065,0.4053112874302934,1.7041851840913296,0.4815892414046886,0.47988641030563955,188,0.12934933975338936,0.29091488420963296,0.37995164953172206,0.14676018682942588,0.7630941867828369,0.1863486064527923,0.18133709874391804,tail_command_magnitude
A1_longer_rollout,0,1.0,188,172,16,8.51063829787234,0.0,188,0.40688927891656657,0.6774990524444726,0.8085951453902227,0.4345089841268541,1.3837671142142256,0.48638690784950495,0.4888607574794359,188,0.23438405990600586,0.6140373706817627,0.7174393653869631,0.28326305303167787,1.1279640197753906,0.36382734881645573,0.35987857506354903,188,0.5035597684670083,0.8384805987903149,1.0262912629708512,0.5517196635527631,1.6397114685134595,0.6074064239652177,0.6080442666036185,188,1.0072639441407487,1.6869216101547684,1.8116630125236397,1.0579164967565649,2.599262015159604,1.146418446086817,1.1406707988942066,188,8.855129890006939,15.499047531614805,17.66943352197107,9.625126026852254,29.32423455727568,10.670804455066223,10.597705090293616,188,0.6510888094576551,0.9704027162905356,1.0813281929242697,0.6370210744231741,1.9591370437586444,0.6964446596114816,0.6867100111883587,188,0.16030645370483398,0.3570936203002932,0.4077698469161988,0.18274326781009106,0.534085750579834,0.2203858421421097,0.21910595205139952,188,0.4857372601379346,1.052458809162852,1.2472172220478528,0.5335502805846986,1.7481829564277547,0.6525271698754704,0.6367147175194849,188,0.42961859703063965,0.9800684660673145,1.2254379861056808,0.5010009956684836,2.3534433841705322,0.6292538377679613,0.6314145038055695,188,0.47556261718273163,1.0505522251129151,1.365470004081726,0.5156306792446907,1.8839242458343506,0.6494724784275677,0.6483959225927259,188,0.5253816545009613,1.131298664212227,1.3160003557801248,0.5732134548164508,1.9185296297073364,0.7046278173245482,0.685681524257344,188,0.3348926827311516,0.7080589602235705,0.95703299921006,0.36509086413214853,1.7138676047325134,0.4676813377246612,0.4589438304599696,188,0.33306619711220264,0.7489985838532448,0.7985933590680362,0.3834785721735395,1.0211692452430725,0.45891263246543235,0.4489981183155859,188,0.15095318108797073,0.3853800646960737,0.47973290830850607,0.1863419714021841,0.6534548550844193,0.23602653666287388,0.23170910133287967,tail_command_magnitude
A1_longer_rollout,0,2.0,188,137,51,27.127659574468083,0.0,188,1.5358826453018113,2.730087030694339,3.0983557735076803,1.656810881747344,5.049212651230494,1.8736634709249131,1.8829509319843996,188,0.47446155548095703,1.2960218429565433,1.642042326927185,0.6054949100981367,2.4133224487304688,0.7796356490743652,0.7577802742246302,188,1.7318996814575978,2.8972229523914272,3.2809063344501177,1.8510685000834144,5.0601419416241455,2.0293956114040457,2.0349306678177017,188,1.8547140403332616,3.201842334190739,3.6247161094413483,1.9817465972320756,6.14739731579287,2.2197698385261466,2.200944437597036,188,13.42684350671536,28.432425919265487,34.08661325215747,16.238247537607954,55.24874087861526,18.658174997638138,18.114643743227134,188,0.6864267700905491,1.108151253147552,1.1906639306047673,0.6934730534539664,1.5489292734691755,0.7582991309032785,0.7501169156324378,188,0.14213156700134277,0.3513147592544556,0.4064330458641053,0.16689163446426392,0.5297844409942627,0.20505520160616766,0.2032596886118319,188,0.5735954827169394,1.3394797494948991,1.627676139375496,0.6767584017436653,2.8576788310651366,0.8667868041672391,0.8548911294000353,188,0.994844913482666,2.279241551458836,2.7791083335876468,1.1457082745321887,4.960639834403992,1.4433161766189457,1.4341290541804816,188,0.9859910011291504,2.5951657056808473,3.022359493374825,1.185587050105901,4.632195234298706,1.5110175483912562,1.4860163143707588,188,0.5036652088165283,1.2086292237043386,1.4525277912616736,0.5939229018144072,2.055036425590515,0.7490277156381733,0.7319431113149227,188,0.34315039590001106,0.9220555081963542,1.07585311178118,0.40553253211769613,1.4413292407989502,0.5266733863831821,0.5175107513823881,188,0.3785194547381252,0.7845963476225734,0.8742193700745702,0.40842043894387664,1.0925834346562624,0.4852184741494934,0.4853792512223924,188,0.16465678811073303,0.4233306762529539,0.5293143551331014,0.19462476435310624,0.6441866639070213,0.24939075433619481,0.23723684293223654,tail_command_magnitude
A1_longer_rollout,0,3.0,188,103,85,45.21276595744681,0.0,188,3.4777746749809295,6.739098812674839,7.665406516037605,3.8639892842698003,11.964743088037334,4.393886314770647,4.340882682352758,188,0.7954072952270508,1.917479467391968,2.3541866064071657,0.9115507539282454,3.0141983032226562,1.151847292656999,1.1251110464783274,188,3.6150475459415805,6.953624501186924,7.717902844491908,4.074365591202532,11.972804476928093,4.542355020551568,4.490213332547553,188,2.516651035686868,5.195372414238855,5.881025667525198,2.951678404746176,9.585213430191404,3.373757746544043,3.248928470357064,188,20.34850921709281,47.100568727029845,52.329259825365504,24.138723956454186,81.50254214950937,28.2930343501325,27.124749331243663,188,0.647444776136004,1.1016554344183054,1.2364290333022159,0.6756509544334511,1.85410937320554,0.74786272107948,0.7311104759725829,188,0.14606833457946777,0.3561615705490113,0.43905332088470467,0.17918158972516973,0.5409450531005859,0.22000032658192692,0.21783408612155775,188,0.7104726431225573,1.8089155528861824,2.1309653773209853,0.8572180675921891,2.587194039400245,1.0687498097703105,1.0436329203932224,188,1.5772573351860046,3.2793391048908243,4.397472947835922,1.7247720308975871,7.576749801635742,2.192773379499946,2.059084227722977,188,1.45708429813385,4.0018963955342794,5.083720588684082,1.8916082095869995,7.675232887268066,2.4411667716962233,2.3617785630390897,188,0.5197717184200883,1.330272573232651,1.5298412725329402,0.6250442043343123,2.135809004306793,0.7840223410646954,0.7849755583647308,188,0.3225809261202812,0.834550638124347,1.0825591783970594,0.4010680406540137,1.8091707527637482,0.522511808685545,0.5021931876551506,188,0.36192135512828827,0.7243733579292895,0.8470796095207335,0.39271440582493555,1.4176068007946014,0.4675672236250994,0.4651736581659482,188,0.15650834143161774,0.40643530488014223,0.5771831236779692,0.19828957174824144,0.8936791718006134,0.26011718658343363,0.24453723099562402,tail_command_magnitude
A1_longer_rollout,0,5.0,188,70,118,62.76595744680851,0.0,188,9.232439115384098,20.05267413109526,23.31484037603831,10.618808747040799,32.54090942559244,12.421705973229253,11.828180744405037,188,1.4304571151733398,2.9213459968566906,3.4450415611267102,1.5269024368137756,5.203142166137695,1.8562634358582273,1.8475283623350411,188,9.526119667796648,20.16017639807527,23.398741829151444,10.852187652553798,32.54262951954796,12.559637464061751,11.984177180441856,188,3.794924156858576,8.615667990856965,10.794753548903765,4.571518729445326,14.734944458795875,5.429204456078928,5.097395659492849,188,33.57393712392807,74.51994733684002,95.6118959385477,39.88941665326015,132.92755494217985,48.14944803656108,44.93464564514176,188,0.6789788667034172,1.249145297018373,1.4260055083673464,0.7170715074745264,2.184144381860127,0.802710988392302,0.7970003988830549,188,0.15929055213928223,0.35365278720855725,0.40067055225372317,0.1814722570967167,0.5716574192047119,0.22099219515232704,0.2207260798890908,188,1.21393449843627,2.4969424117469865,2.824112636767304,1.2586741922943658,3.042990521312092,1.488949455832143,1.4491604187203122,188,2.152844712138176,5.550796607136727,6.688891410827637,2.595760320584498,12.006175994873047,3.3679083751265257,3.1361321995469362,188,2.197339117527008,7.0318061709404,9.070315122604372,3.129010282357798,14.619746685028076,4.185045751718635,3.9137002536682965,188,0.538343864493072,1.36176598072052,1.5460567384958268,0.6250712916037028,2.2003183364868164,0.7866678197827192,0.7746172957624592,188,0.3003284092992544,1.0493490703403952,1.2391878383234145,0.4114428581830927,1.5911563918925822,0.555407056666311,0.5430643954212283,188,0.3849023897200823,0.7106576953083277,0.8312492253258824,0.42160800290715067,2.160888910293579,0.509115736909799,0.5093490927162112,188,0.17896327376365662,0.4418935529887678,0.5602573688142002,0.21513351824034274,0.9889628179371357,0.27689185383792697,0.27699301960215983,tail_command_magnitude
A1_longer_rollout,1,0.2,314,309,5,1.5923566878980893,0.0,314,0.02747717375900547,0.05639105025850746,0.07596363437402048,0.03201522875641759,0.16180261796792364,0.03914423288785471,0.03964541143832924,314,0.0882558822631836,0.13490924835205076,0.14219874739646912,0.08265633643812435,0.1677379608154297,0.09213015892685278,0.09240554070758632,314,0.0965115019319377,0.14108398968301217,0.14785719260192398,0.09376865028093212,0.17453626107843434,0.1001011346202717,0.10068342031840256,314,0.47577788582588876,0.8813993801957204,0.9823374443407602,0.5094862105301846,1.4060308748239345,0.5782526039183611,0.5824671322339011,314,2.8857003690116505,5.782301174739702,6.757971414378974,3.2856832457355485,10.621294876807042,3.7328027246306306,3.782057881580747,314,0.6550560889618013,1.076616377283637,1.2511839517406769,0.6811012839140482,2.0175261685895887,0.7456115182429169,0.7544931041319319,314,0.15592586994171143,0.34372923374176023,0.38826036453247065,0.17092721173717718,0.5031013488769531,0.20704558757226948,0.2058456449069971,314,0.19327576884845854,0.39454208252055945,0.4352921695558536,0.2059976483714176,0.6481765018466064,0.24708349363149662,0.24657899456485302,314,0.10333991050720215,0.25850625038146974,0.31734156608581526,0.12877946628174583,0.7285020351409912,0.16646130048581428,0.16716268677040635,314,0.10567232221364975,0.2836049318313598,0.3465227872133253,0.13581380848980443,0.8486509323120117,0.1760858254727936,0.1752079101620126,314,0.4061537832021713,0.8475670516490935,0.9562559813261031,0.433362664616293,1.3381927609443665,0.5250338002895635,0.528603923512854,314,0.34116896241903305,0.8648547366261482,1.0019873868674032,0.4042671931248342,1.6947966814041138,0.512295462837051,0.5277696424448622,314,0.4099187143146992,0.7744394253939391,0.9310315124690529,0.4311137410158078,1.268637316301465,0.5076038050946653,0.5020416145351182,314,0.1250399649143219,0.3025059387087822,0.3834864174947136,0.14877890584364556,0.5833657830953598,0.1892835754800092,0.18656500498308345,tail_command_magnitude
A1_longer_rollout,1,0.5,314,300,14,4.45859872611465,0.0,314,0.10506754546362254,0.2022199186935127,0.25128874051400923,0.11954233595819684,0.4866620569262434,0.13889545461411543,0.1405398437495245,314,0.13639450073242188,0.2714824676513672,0.29928836822509736,0.14758605941845354,0.43805503845214844,0.17214438812273344,0.17259992325710116,314,0.19612536663066596,0.3002365260095801,0.3474935419095763,0.20436587402934342,0.5580878640345238,0.221191405064962,0.22288032370599375,314,0.5866370526153257,1.0846698167618534,1.2735741690225313,0.6592155921160737,2.5587377636046966,0.735862846514351,0.746542766657887,314,5.05528670783089,9.32515911931343,11.013639470916798,5.586091644437486,17.037980893815714,6.298144447009779,6.337685148230098,314,0.6477163396090235,1.0253818898227214,1.109479527612446,0.6406727691174162,1.5852783525312228,0.6991150007036293,0.7101748338696712,314,0.13790416717529297,0.3385869264602661,0.3786387324333191,0.15723237110550997,0.5238471031188965,0.19383750023885374,0.19367050082372403,314,0.2639315697245088,0.6225228234431037,0.7549777696161921,0.3049774160179526,1.0611427357104404,0.3820563210570752,0.37844266298996276,314,0.2353929877281189,0.4680708169937134,0.5757328629493709,0.25883423379224957,1.338794231414795,0.31687903157048236,0.31944530980463204,314,0.23459303379058838,0.513923978805542,0.6093036249279973,0.27130943809036806,1.4501276016235352,0.3354168177737466,0.33720974252485386,314,0.39230063557624817,0.9134778302162884,1.0893176093697527,0.4560262759321423,2.0825865268707275,0.5732166837991457,0.5833303092466602,314,0.2957640802487731,0.7911964438855648,0.9442327631637453,0.36815821898472345,1.2157336920499802,0.4629248137114614,0.47357409745586726,314,0.4000183157622814,0.7666117275133729,0.8190833291970191,0.419588098316572,1.5786925926804543,0.4898456967950415,0.4915796697891136,314,0.11338914185762405,0.291624891012907,0.3582623535301534,0.14440491935632163,0.684292808175087,0.18577834747468502,0.187442412516912,tail_command_magnitude
A1_longer_rollout,1,1.0,314,285,29,9.235668789808917,0.0,314,0.3968689766507922,0.6818048933875657,0.7904563942468412,0.4244371908825411,1.5552707183942462,0.472487147335602,0.47666784165133,314,0.2085256576538086,0.556882667541504,0.7002362251281732,0.2589439875001361,1.3324127197265625,0.34006703508593417,0.33608145174115617,314,0.489817754186207,0.813045153268275,0.951147594746152,0.5325652833112116,1.7807623829036603,0.5821423303192037,0.5837094759991504,314,1.0067363677921164,1.6348767358205023,1.9920757482158962,1.0739712845829354,3.181174763707694,1.1732288950497565,1.1897673764581147,314,8.148257319724607,14.962180736244237,17.714035278034043,8.912910919768475,24.573687011213007,10.03410074321333,10.221311576190118,314,0.6605662236124161,1.0151721668617544,1.2022255781335895,0.6703739553563749,1.7028441364754876,0.734088304437965,0.7489541328607887,314,0.14114248752593994,0.33119521141052244,0.3727359771728513,0.1649628247425055,0.5424058437347412,0.20140078686978463,0.2030672678189723,314,0.4204921423960357,1.161503543258024,1.3019593394493412,0.5346942010437264,2.0193842982420094,0.6717808904512563,0.6567728340316005,314,0.4708213806152344,0.9745994448661803,1.1595325231552118,0.522590740289462,2.4074792861938477,0.6440194502719746,0.6628498716463754,314,0.46301794052124023,1.12284197807312,1.3182162113487716,0.5441312867774373,1.9585849046707153,0.6693924413312231,0.6715460965701991,314,0.44205988198518753,1.2255991876125334,1.4431955277919766,0.558095090410073,2.1394103169441223,0.7166719942481924,0.7203834960304399,314,0.3334478954784572,0.8119677260518073,1.0466646807268258,0.4087029557097125,1.6725129187107086,0.5152945822337356,0.5295826649784316,314,0.4007900729775429,0.7443516105413437,0.8049825895577666,0.41203253174454246,1.312737189233303,0.4789932746830521,0.4795134555315467,314,0.11916120536625385,0.3695213481783866,0.41900322753936053,0.15952134788074163,0.6825747191905975,0.2095771338709748,0.2159889857202127,tail_command_magnitude
A1_longer_rollout,1,2.0,314,233,81,25.796178343949045,0.0,314,1.50275478122478,2.806712812243783,3.3198567193416646,1.6773538798932734,4.356209189704517,1.8655211651875152,1.9019966068452707,314,0.4625816345214844,1.2158641815185545,1.539962768554687,0.580295514149271,2.465381622314453,0.7523238104997809,0.7541384650392284,314,1.6559212018728262,2.896724893281504,3.585953845254969,1.8420165889918905,4.675857830318432,2.0115069807503763,2.04726111964296,314,1.7628376188109995,3.2756489296666826,4.02121111419537,1.9580703853951738,5.06640968438778,2.1758735213907996,2.2364785879841795,314,13.957897347121602,29.260245978163443,32.17752898091595,15.786904252200205,47.64496233984076,18.08682868336926,18.671656089002756,314,0.6581875750907351,1.0535216844476412,1.1994911029552273,0.6848769971596685,1.839876683678719,0.7454981821188937,0.7547935573104442,314,0.1544121503829956,0.3411581993103027,0.38667813539505,0.1737890478911673,0.523582935333252,0.20994277444920073,0.2102163440339992,314,0.6406076444618592,1.5736405145041754,1.9330050721370273,0.7632839997520091,3.102564647231439,0.9777957043354774,0.974384061355788,314,0.9463886022567749,2.4198634624481197,2.7611877791583503,1.132435141934325,4.4639818370342255,1.4230683844744951,1.4803559015688594,314,0.8877502679824829,2.392262244224548,3.18521300703287,1.137827484853637,5.004629969596863,1.4554631727461091,1.4789500581816817,314,0.5430523306131363,1.23369702398777,1.4619527339935294,0.6157856772484697,2.1863314509391785,0.7687190039140297,0.7713891683114806,314,0.3238692609593272,0.8504633918404578,1.0694811511784788,0.39251917844028716,1.5319347381591797,0.5034743805721573,0.5175392065747773,314,0.39770737290382385,0.7478936241939663,0.8204315707087515,0.41644532238630055,1.3267669007182121,0.48630109007251754,0.4793294180457293,314,0.14541468769311905,0.4411109830252826,0.5380337718874216,0.19313937273967616,0.8652791790664196,0.2565001704567444,0.2606979699634538,tail_command_magnitude
A1_longer_rollout,1,3.0,314,181,133,42.35668789808918,0.0,314,3.3615968424819522,6.846211547730892,8.011696726065061,3.8499735872410352,11.270612352075371,4.360653833841512,4.4820889416684855,314,0.7319908142089844,1.6553340911865233,2.2271229743957517,0.8573784000554662,3.4015979766845703,1.0859043568367295,1.1053367589890335,314,3.556492910592832,7.010142461881785,8.113622375093968,4.016648186781682,11.376853551813243,4.493828004140086,4.617361386291074,314,2.5003443175577873,5.393614626107589,6.468835360839331,2.9507561165483787,9.281768616401163,3.390774471226844,3.493452534379441,314,20.176193164074924,43.36390254316936,50.029917702170046,23.471760560273093,79.61244131166828,27.260602777935816,28.072278762372708,314,0.6873037821343733,1.1670799045711664,1.2956432387550574,0.7140558493950808,1.7243519021800422,0.783209715286658,0.7921808779282579,314,0.14412784576416016,0.33028521537780764,0.38596669435501096,0.16504836310246948,0.5114603042602539,0.20205797224347605,0.20476479580673396,314,0.7971614358903025,1.8573355646181537,2.149892690444355,0.9232472969168573,3.086940639965413,1.1440941539489435,1.1437676262655891,314,1.4682352542877197,4.0333942711353306,4.888649892807007,1.82700917919635,7.870397448539734,2.371321288431338,2.444418048860563,314,1.4305996894836426,3.9055154696106906,4.976483863592148,1.7721316859060838,8.349726170301437,2.2977800306996428,2.3622416325261444,314,0.5573645457625389,1.218401813134551,1.4498434960842133,0.6255450281003122,2.085405260324478,0.7709693847838393,0.7708321821631644,314,0.334161008708179,0.9271687302738427,1.1807402404025196,0.42915745807261424,1.6284306943416595,0.5543395705980443,0.5621960375310848,314,0.42904336983338,0.742550678551197,0.8173659494612365,0.42964276788529354,1.1148123741149902,0.4980512506904366,0.4984448515181537,314,0.15497796540148556,0.41360441148281085,0.48040399746969276,0.1897762238517386,0.6653341501951218,0.2409772816559179,0.2450603769837006,tail_command_magnitude
A1_longer_rollout,1,5.0,314,130,184,58.59872611464968,0.0,314,9.084927609651869,20.163051280044357,23.330193306621144,10.52098090516457,30.57385142426304,12.17013104183177,12.562250282678477,314,1.3807401657104492,2.776358127593994,3.3454594612121578,1.5133054385519331,5.308925628662109,1.8116330146827282,1.8350231891093791,314,9.279619687270632,20.30101816869787,23.4066006897079,10.713862495865117,30.589105823278153,12.304231132226251,12.69927888111512,314,3.755400365074191,8.03317660037394,9.839183255147034,4.405908327956005,14.015856573031808,5.1051873062522555,5.2436287941567015,314,31.438972072435476,68.17376097296462,81.41979406153435,37.78348388558824,134.741855118143,44.24972943607764,45.364645917368,314,0.6981389404025216,1.0533174151958977,1.1922057044636385,0.6949912382163042,1.6814437534123208,0.7577452567244651,0.7730602648998584,314,0.14717602729797363,0.34180216789245604,0.3941593050956724,0.16725255349639115,0.49408626556396484,0.2047799835574749,0.20880838106628233,314,1.034091537975975,2.660062639309852,2.8802022020752953,1.2551809171203254,3.1313160516990592,1.5125521492077612,1.501678853534837,314,2.2344837188720703,5.898476696014401,7.195889723300932,2.798815735692906,13.338086128234863,3.5682003625394865,3.6570423723158436,314,2.1227308213710785,6.079449017345905,7.3429152816534025,2.744364949201299,10.576931476593018,3.5548473880778793,3.6535913550332517,314,0.578076658770442,1.3651609152555464,1.6517882410436862,0.6617395396857481,2.521513491868973,0.8330328037767276,0.8435955726345462,314,0.3425301145762205,0.857138969749212,1.060218652989715,0.4129224975534439,1.5951771382242441,0.5236794691700937,0.539944796476096,314,0.41047331457957625,0.7530026622116566,0.8094330525258556,0.4137518600795038,1.276569951325655,0.4826316249605613,0.4822493577029525,314,0.161166506819427,0.43868264369666576,0.5145890044979751,0.19912692081074937,0.8953416049480438,0.25885208565140533,0.2646450828578317,tail_command_magnitude
A1_longer_rollout,2,0.2,220,218,2,0.9090909090909091,0.0,220,0.03288398342876526,0.07259126712149354,0.08241944977388033,0.039028662598889464,0.18045949871847514,0.04799404914460706,0.0480034356721224,220,0.07733941078186035,0.1357809066772461,0.1560451328754425,0.07793943285942077,0.1903080940246582,0.08927022922625019,0.08934928246220468,220,0.09125454898777247,0.14578732427640578,0.1688128068380243,0.0933152899304579,0.22501605989597853,0.10135384836996675,0.10163436168571904,220,0.5013199398529974,0.8467429521522783,0.9275517351227991,0.5111744129657839,1.1596425840265936,0.5674897809762733,0.5666706279528548,220,3.4262159968652734,6.120889412017831,6.936955315093145,3.7233954624444623,9.89094841253652,4.122083926090145,4.123445729960546,220,0.6716465714968332,1.1476397509524758,1.2472116241073055,0.6918728828096514,2.0874822892088267,0.769252063083801,0.7583972950259896,220,0.14569640159606934,0.3183570623397827,0.3561674594879149,0.16274804635481402,0.4782247543334961,0.1956897816992147,0.1967858480903984,220,0.16529080495194037,0.36190146524385747,0.40218102658922805,0.18020790011218796,0.550412051218153,0.2177796055773912,0.21830639764976895,220,0.11422926187515259,0.3080634593963623,0.3482466208981349,0.13766895483713598,0.6101613119244576,0.17566963504962305,0.17230200640289178,220,0.11865973472595215,0.27158315181732173,0.3738519370555877,0.13877678208730437,0.6061358451843262,0.1777627292740823,0.17694682987003382,220,0.4279415085911751,0.8059129834175109,0.8692799746990199,0.4305404686887579,1.1086205840110779,0.5094950862521249,0.5095194449395561,220,0.32755943946540356,0.9217512995004653,1.0816207624971863,0.42593422889026855,1.6030123829841614,0.5446799503247707,0.5346430154746387,220,0.3626483157277107,0.7881739377975463,0.9167115293443201,0.4083214475651568,1.334760159254074,0.4947116889971624,0.4871544854869635,220,0.13718119822442532,0.3690991056151688,0.47971422374248485,0.16920510094813918,0.7618905194103718,0.22434980062942836,0.22479334487172623,tail_command_magnitude
A1_longer_rollout,2,0.5,220,214,6,2.727272727272727,0.0,220,0.11685698458309295,0.2350526801250264,0.2802224666587851,0.13374263162536296,0.5058116193030548,0.15780266153097328,0.1568923106770132,220,0.14199590682983398,0.286461067199707,0.33930168151855467,0.15136213194240222,0.4218273162841797,0.1800153992499408,0.18022022486520467,220,0.20977790499506008,0.35934586279768793,0.4003337462814725,0.21826093380146638,0.5290693544097953,0.23938927284524364,0.23999527655827047,220,0.6514510227322372,1.00463587938193,1.129061999200761,0.6730991802240083,1.9974090224267664,0.7326383374393522,0.7294423227862403,220,5.866789146956624,10.632027669339049,12.158110276997066,6.336758391135448,17.968770846574905,7.05837204630402,7.031273992888636,220,0.7376922970266673,1.3021937098816958,1.490138946843518,0.7853544707939728,1.9710264163334492,0.8705082155343407,0.8666655709031378,220,0.14898681640625,0.3354362726211548,0.3685551643371582,0.1612710172479803,0.44927477836608887,0.1962797318004837,0.1943437134343739,220,0.22704040761142252,0.5823497383920675,0.6859245418317059,0.28066292346289595,1.0701316041901805,0.34920239382773294,0.35056758205279887,220,0.2244269847869873,0.5641420841217041,0.6341063618659973,0.279030077802864,1.1012625694274902,0.34127622771668803,0.3294262434805038,220,0.2514481544494629,0.5537153720855712,0.6297878548502922,0.2777357070029459,1.6983178704977036,0.3509550695424744,0.3451574956763218,220,0.39952242374420166,0.8752620339393615,1.010561911389231,0.44317459552019667,1.3617262244224548,0.5450871572912008,0.5478456445922609,220,0.4297442324459553,1.1258623801171779,1.3059873884543776,0.5252475127323785,1.7766196578741074,0.6642269620392618,0.6554258155911622,220,0.39832090213894844,0.8135245614685118,0.8902637943625449,0.438300550065469,1.060009639710188,0.5111002372825577,0.5127393675868495,220,0.13179266452789307,0.37984658740460864,0.4980843180557712,0.17756161188008263,0.7151874452829361,0.23529480160553562,0.2384997426462759,tail_command_magnitude
A1_longer_rollout,2,1.0,220,205,15,6.8181818181818175,0.0,220,0.4305706879000831,0.7343905110115796,0.8372494502377145,0.4543047885689253,1.4750168363143965,0.5160881765866814,0.5031661379532592,220,0.2724494934082031,0.5897672653198242,0.7166608810424797,0.2957007803700187,0.9109649658203125,0.3653292063462357,0.3630439293778983,220,0.5635098455392292,0.9000211347926896,1.0306299411436743,0.5733179566709451,1.5571970964201014,0.6323072315118151,0.6217693731211806,220,1.1244878190843681,1.8473728193318926,2.0602598623813444,1.1834520806193636,2.93975436399513,1.2842152427162814,1.2594609153627352,220,8.892112543272514,17.203223047716413,19.687351889521885,9.876469791137106,30.95430448715155,11.22909578865929,11.222529736487823,220,0.7045108222878673,1.207847463365841,1.436705302980117,0.7621813869752776,2.0381303315358488,0.8383337026040517,0.8249207880233171,220,0.1327265501022339,0.3479516267776489,0.38963160514831535,0.1606119069186124,0.5007932186126709,0.20120445161616415,0.19850440457873572,220,0.43605755141003044,1.0373599503657902,1.182332153668119,0.513838193062891,1.798324081040711,0.6358758589545129,0.6317253692983653,220,0.49311089515686035,1.1557334899902343,1.3616504192352292,0.5745823091911999,2.1470916271209717,0.7157483262867074,0.6917002113244841,220,0.5106391906738281,1.1354941844940183,1.3728089332580564,0.5841060867363757,2.439960077404976,0.7213056658012682,0.6883641477318458,220,0.5487488731741905,1.2590326990932224,1.4984304666519157,0.6427006857226264,2.3311238288879395,0.785258721394168,0.7852891801924029,220,0.3559793196618557,1.0660259073600171,1.2093851946294296,0.47327292884954,1.792449027299881,0.6148847679985384,0.5969267067621413,220,0.42778462963178754,0.814196724910289,0.8780370612628753,0.4423210517736152,1.267693798756227,0.5164229155516502,0.5150144022513914,220,0.14349368773400784,0.37147564888000484,0.4992641314864156,0.18127777525223793,0.9312708973884583,0.240888960515702,0.2376573844749496,tail_command_magnitude
A1_longer_rollout,2,2.0,220,178,42,19.090909090909093,0.0,220,1.5868197942371893,3.0816187010096545,3.589450695543414,1.7370694509555875,5.863671152346796,2.0087265700400208,1.9403809271044417,220,0.5479059219360352,1.480844497680664,1.5806338787078853,0.672098983688788,2.5177783966064453,0.8505461315407534,0.8450050859237687,220,1.7455781600032956,3.220259910763276,3.880537773567214,1.948593548733989,5.9207100441208445,2.181378269595552,2.1194314339170406,220,1.8476882832504646,3.6515699147083276,4.402339673852979,2.164191247670105,7.542397670136805,2.4766834770335953,2.4271362084064863,220,14.683182865811926,32.32293748512906,38.63346252582778,17.68156448975753,68.67686960455096,20.784444044685983,20.777320626846592,220,0.7160033122847751,1.217692384863527,1.426177311908735,0.7398318287115048,1.7709643216252853,0.8153609902667454,0.803963972229714,220,0.15273213386535645,0.34853761196136473,0.381323158740997,0.16930252313613892,0.4994173049926758,0.2093296304779404,0.20751563876650309,220,0.7624428693884582,1.7437132886593338,2.0216543275233403,0.8697367595610566,3.118954510035899,1.071710472452978,1.0636510424660064,220,0.8895845413208008,2.2546458601951596,3.232643730938434,1.1257290610874242,6.691397666931152,1.5330221331372396,1.488072233677793,220,0.9761296510696411,2.852790737152099,3.4241838812828056,1.296903764151714,5.32999312877655,1.6956274155470679,1.6536244451488522,220,0.6681390404701233,1.4842833399772641,1.7122051719576115,0.793985918041488,2.6138582825660706,0.9532323181511092,0.948094501982404,220,0.3520086398348212,1.0253659358248113,1.2060145627707233,0.4571320856540379,1.737398128490895,0.5901227297010738,0.571009444609086,220,0.4137299070134759,0.7616573370993137,0.8545762608526274,0.42195368263161404,1.3786212876439095,0.49655504631736574,0.49690415980541564,220,0.16927722841501236,0.47932942658662797,0.5487957119941711,0.20441813385325738,0.8859089463949203,0.2645785220226305,0.26417981134168234,tail_command_magnitude
A1_longer_rollout,2,3.0,220,143,77,35.0,0.0,220,3.3286744277174236,7.351479861844027,8.549126392248834,3.9960574515725957,16.18014863865712,4.768944620633186,4.664360685445081,220,0.9431161880493164,2.257632541656494,2.51683874130249,1.0749882112849842,3.160593032836914,1.3359561737648737,1.3222368417553638,220,3.6266677849687152,7.4090003969738705,8.594354766819135,4.268816678305158,16.374651649670145,4.952535885068041,4.850188688422016,220,2.5067643360495304,6.0053987886142774,7.104533231395477,3.2330058957815333,13.670969255249092,3.891762226249076,3.8656407566289688,220,20.700240992346046,53.84376659189405,61.92653564728111,27.128570693794753,115.15667305780767,33.05720576838244,33.10374247413184,220,0.7168421913732674,1.0931400077601674,1.2253182138570127,0.7328951950422529,1.8463074021761363,0.7961051414326821,0.7871732112756659,220,0.15450382232666016,0.35743267536163326,0.3793421626091002,0.17424894137815997,0.48480820655822754,0.21014297467947002,0.20967027076789288,220,0.9727739046285357,2.1757593797946067,2.4790543478946274,1.0690815932993425,3.1374879901750394,1.3174601655755143,1.2811333771108318,220,1.211395263671875,4.232856953144074,5.12872889265417,1.7975749160586434,12.083060503005981,2.605085131048886,2.565274279409175,220,1.4311904907226562,4.419805324077606,5.704803830385208,2.044273613393307,9.303249835968018,2.7479268512108734,2.7430919562326515,220,0.6164385750889778,1.4279585197567939,1.6983613014221184,0.7210473032964563,2.6924561262130737,0.8990231954969039,0.8884973320228939,220,0.38348332419991493,0.8673307683318853,1.0874175447970629,0.4385628529363947,1.734319068491459,0.554636070246744,0.5430309300849577,220,0.4070309507660568,0.7595726398751139,0.8424059268087146,0.41454102686098354,1.1246357336640358,0.4902378824835181,0.48628163410978986,220,0.16745226457715034,0.4838823391124606,0.5614305786788455,0.2281435014718392,0.9733401089906693,0.29296594405301774,0.293126596836952,tail_command_magnitude
A1_longer_rollout,2,5.0,220,84,136,61.81818181818181,0.0,220,8.80279550059728,22.197707189082518,25.864462668631223,11.533318241376328,46.656580945417744,14.119670288155675,14.072553755495118,220,1.5744028091430664,3.6087705612182615,3.9861046791076626,1.845936106280847,5.057043075561523,2.2139703188439652,2.179206513096461,220,9.2192210473299,22.269991201846985,26.000816444779886,11.866174998977906,46.687757735047654,14.29219205086988,14.241977518928191,220,3.8643758897343385,10.686289209864178,11.40406738175879,5.092315281243962,17.163797999654257,6.170864400488364,6.200072605874801,220,30.62891391085951,92.91776456148588,108.92451638747069,43.96231845278954,178.69442083435766,55.845136700602964,56.33832722408501,220,0.7143539303401074,1.2263403744029662,1.4496205855838793,0.7546137833309973,2.065475514761009,0.833910170776848,0.8193063492136872,220,0.13688397407531738,0.3315974950790405,0.38196288347244245,0.16156679825349288,0.5610034465789795,0.20090055940208099,0.19948755627616116,220,1.4685052312353726,2.8006323200903513,2.9337877370582333,1.5356189053092082,3.128996830152609,1.797786466737709,1.7626107755636962,220,2.1270989179611206,7.306250417232512,8.886846971511838,3.082496522648514,16.9447922706604,4.244608979779663,4.222914529193817,220,2.177258849143982,7.931150412559509,9.095266020297998,3.2393612300977113,12.616617679595947,4.39830090296679,4.447356368057998,220,0.6004445925354958,1.3722303837537766,1.4774841383099548,0.6925227254883132,2.1886463463306427,0.8472374076668188,0.8329876063439295,220,0.3829565467312932,0.9819114094600081,1.2276990961283445,0.46554997712638313,2.025121871381998,0.6022218896651266,0.5853932253335838,220,0.4265016703866422,0.8277681659907102,0.9038532231003045,0.4377094379144678,1.1468719840049744,0.5158185725148706,0.5050506690729849,220,0.16440360620617867,0.44298529662191866,0.49213677495718,0.2019378543711024,0.9085141867399216,0.25819792559576676,0.26240145365104367,tail_command_magnitude
