seed,group,flight_id,cohort,axis,n_origins,n_valid,zero_lag_correlation,best_correlation,median_alignment_lag_s,bound_fraction
17,ALL,2026.9.7/log_21_2026-9-7-05-54-56.ulg,Sep7,vx,168,168,0.7853144068118151,0.7954011436993995,0.0,0.0
17,ALL,2026.9.7/log_21_2026-9-7-05-54-56.ulg,Sep7,vy,168,168,0.8760897829455881,0.8959937083206281,0.0,0.05952380952380952
17,ALL,2026.9.7/log_21_2026-9-7-05-54-56.ulg,Sep7,vz,168,168,0.9516428619482229,0.9523263602897186,0.0,0.0
17,ALL,2026.9.7/log_21_2026-9-7-05-54-56.ulg,Sep7,p,168,168,0.4894456161837536,0.6190683599601413,0.019957025000000003,0.02976190476190476
17,ALL,2026.9.7/log_21_2026-9-7-05-54-56.ulg,Sep7,q,168,168,0.8845774856600612,0.8880439026395934,0.0,0.0
17,ALL,2026.9.7/log_21_2026-9-7-05-54-56.ulg,Sep7,r,168,168,0.32105016954037097,0.6175360552011653,-0.040160237499999994,0.40476190476190477
17,ALL,2026.9.7/log_22_2026-9-7-06-01-40.ulg,Sep7,vx,182,182,0.7881313225007404,0.7986977523654718,0.0,0.027472527472527472
17,ALL,2026.9.7/log_22_2026-9-7-06-01-40.ulg,Sep7,vy,182,182,0.8245730092595429,0.836529930683646,0.0,0.04395604395604396
17,ALL,2026.9.7/log_22_2026-9-7-06-01-40.ulg,Sep7,vz,182,182,0.957620773443339,0.9578326715773439,0.0,0.0
17,ALL,2026.9.7/log_22_2026-9-7-06-01-40.ulg,Sep7,p,182,182,0.6494145396992617,0.7264839971984778,0.019956537500000003,0.0
17,ALL,2026.9.7/log_22_2026-9-7-06-01-40.ulg,Sep7,q,182,182,0.8413753540655496,0.8448288363238285,0.0,0.0
17,ALL,2026.9.7/log_22_2026-9-7-06-01-40.ulg,Sep7,r,182,182,0.4128763699141648,0.6517091297125891,-0.05987213749999999,0.3021978021978022
17,ALL,2026.9.7/log_23_2026-9-7-06-09-22.ulg,Sep7,vx,160,160,0.8476916907089282,0.8573938081579682,0.0,0.03125
17,ALL,2026.9.7/log_23_2026-9-7-06-09-22.ulg,Sep7,vy,160,160,0.8296555103642786,0.84808130818409,0.0,0.05
17,ALL,2026.9.7/log_23_2026-9-7-06-09-22.ulg,Sep7,vz,160,160,0.9555244457661664,0.9571027063063606,0.0,0.0
17,ALL,2026.9.7/log_23_2026-9-7-06-09-22.ulg,Sep7,p,160,160,0.7441238882344725,0.8039142536786311,0.019955262499999994,0.00625
17,ALL,2026.9.7/log_23_2026-9-7-06-09-22.ulg,Sep7,q,160,160,0.8282870953116493,0.8380082519558657,0.0,0.0
17,ALL,2026.9.7/log_23_2026-9-7-06-09-22.ulg,Sep7,r,160,160,0.4903398892404013,0.6698485338669539,-0.039917362500000005,0.21875
17,ALL,2026.9.7/log_24_2026-9-7-06-16-04.ulg,Sep7,vx,161,161,0.7674928322790465,0.778729241551215,0.0,0.018633540372670808
17,ALL,2026.9.7/log_24_2026-9-7-06-16-04.ulg,Sep7,vy,161,161,0.8550938847215257,0.86813290732584,0.0,0.031055900621118012
17,ALL,2026.9.7/log_24_2026-9-7-06-16-04.ulg,Sep7,vz,161,161,0.951709610768866,0.9533827451658483,0.0,0.0
17,ALL,2026.9.7/log_24_2026-9-7-06-16-04.ulg,Sep7,p,161,161,0.6478239291555123,0.7535974948828046,0.019958124999999993,0.024844720496894408
17,ALL,2026.9.7/log_24_2026-9-7-06-16-04.ulg,Sep7,q,161,161,0.8621626868694097,0.8676949311923439,0.0,0.0
17,ALL,2026.9.7/log_24_2026-9-7-06-16-04.ulg,Sep7,r,161,161,0.36921850341963136,0.5769984553393471,-0.039918775000000004,0.33540372670807456
17,ALL,2026.9.7/log_26_2026-9-7-06-30-26.ulg,Sep7,vx,150,150,0.7848184629608997,0.796340311654051,0.0,0.02666666666666667
17,ALL,2026.9.7/log_26_2026-9-7-06-30-26.ulg,Sep7,vy,150,150,0.7787451261850884,0.8057619144443376,0.0,0.04666666666666667
17,ALL,2026.9.7/log_26_2026-9-7-06-30-26.ulg,Sep7,vz,150,150,0.959775508535558,0.9652945037894441,0.0,0.006666666666666667
17,ALL,2026.9.7/log_26_2026-9-7-06-30-26.ulg,Sep7,p,150,150,0.70583489447385,0.8235600184159703,0.019959925,0.0
17,ALL,2026.9.7/log_26_2026-9-7-06-30-26.ulg,Sep7,q,150,150,0.8110395654358614,0.818874504817275,0.0,0.0
17,ALL,2026.9.7/log_26_2026-9-7-06-30-26.ulg,Sep7,r,150,150,0.39776196549364606,0.6562658422770519,-0.05987972499999999,0.29333333333333333
17,ALL,2026.9.7/log_27_2026-9-7-06-37-24.ulg,Sep7,vx,155,155,0.8621423878364244,0.8701730550119768,0.0,0.0064516129032258064
17,ALL,2026.9.7/log_27_2026-9-7-06-37-24.ulg,Sep7,vy,155,155,0.8636538199288653,0.8696891148174546,0.0,0.012903225806451613
17,ALL,2026.9.7/log_27_2026-9-7-06-37-24.ulg,Sep7,vz,155,155,0.9655749786512182,0.9662521669805936,0.0,0.0
17,ALL,2026.9.7/log_27_2026-9-7-06-37-24.ulg,Sep7,p,155,155,0.8233783112583875,0.8730975237193617,0.019958374999999997,0.0
17,ALL,2026.9.7/log_27_2026-9-7-06-37-24.ulg,Sep7,q,155,155,0.7846374282784457,0.7941668242620706,0.0,0.03225806451612903
17,ALL,2026.9.7/log_27_2026-9-7-06-37-24.ulg,Sep7,r,155,155,0.43251444513669984,0.6373704138158914,-0.03992154999999999,0.10967741935483871
17,ALL,2026.9.7/log_28_2026-9-7-06-44-02.ulg,Sep7,vx,140,140,0.88176482744651,0.8872736561084161,0.0,0.007142857142857143
17,ALL,2026.9.7/log_28_2026-9-7-06-44-02.ulg,Sep7,vy,140,140,0.8765539755330025,0.8869911761392323,0.0,0.02857142857142857
17,ALL,2026.9.7/log_28_2026-9-7-06-44-02.ulg,Sep7,vz,140,140,0.963671766023948,0.965161360421239,0.0,0.007142857142857143
17,ALL,2026.9.7/log_28_2026-9-7-06-44-02.ulg,Sep7,p,140,140,0.737485534880253,0.7975286130640912,0.019958737499999997,0.0
17,ALL,2026.9.7/log_28_2026-9-7-06-44-02.ulg,Sep7,q,140,140,0.8710275891861555,0.8737530211709718,0.0,0.0
17,ALL,2026.9.7/log_28_2026-9-7-06-44-02.ulg,Sep7,r,140,140,0.45778650040482183,0.620124619872784,-0.0399188125,0.1357142857142857
17,ALL,2026.9.7/log_29_2026-9-7-06-51-04.ulg,Sep7,vx,201,201,0.8473081064583747,0.8553277478620028,0.0,0.004975124378109453
17,ALL,2026.9.7/log_29_2026-9-7-06-51-04.ulg,Sep7,vy,201,201,0.8968027048757724,0.9092556701497891,0.0,0.024875621890547265
17,ALL,2026.9.7/log_29_2026-9-7-06-51-04.ulg,Sep7,vz,201,201,0.9735193003781986,0.9745069042064326,0.0,0.004975124378109453
17,ALL,2026.9.7/log_29_2026-9-7-06-51-04.ulg,Sep7,p,201,201,0.870857753253368,0.895403149121813,0.0,0.0
17,ALL,2026.9.7/log_29_2026-9-7-06-51-04.ulg,Sep7,q,201,201,0.8344093946153832,0.8399571535748156,0.0,0.0
17,ALL,2026.9.7/log_29_2026-9-7-06-51-04.ulg,Sep7,r,201,201,0.6289002744743689,0.7051676284167834,-0.019959299999999996,0.03482587064676617
17,ALL,2026.9.7/log_30_2026-9-7-06-58-22.ulg,Sep7,vx,164,164,0.790421892507227,0.7964765824018375,0.0,0.018292682926829267
17,ALL,2026.9.7/log_30_2026-9-7-06-58-22.ulg,Sep7,vy,164,164,0.815632587431021,0.8251159367076217,0.0,0.036585365853658534
17,ALL,2026.9.7/log_30_2026-9-7-06-58-22.ulg,Sep7,vz,164,164,0.9642563308351529,0.9654395833362174,0.0,0.0
17,ALL,2026.9.7/log_30_2026-9-7-06-58-22.ulg,Sep7,p,164,164,0.7374283346597724,0.7856357748514569,0.0,0.024390243902439025
17,ALL,2026.9.7/log_30_2026-9-7-06-58-22.ulg,Sep7,q,164,164,0.8655209352000559,0.8682680759001202,0.0,0.0
17,ALL,2026.9.7/log_30_2026-9-7-06-58-22.ulg,Sep7,r,164,164,0.5586989205543115,0.6799476928080027,-0.039915362499999996,0.07317073170731707
17,ALL,9.17数据/log_10_2026-9-17-06-34-34.ulg,Sep17,vx,130,130,0.8520610421462484,0.8666132994657315,0.0,0.046153846153846156
17,ALL,9.17数据/log_10_2026-9-17-06-34-34.ulg,Sep17,vy,130,130,0.8362149826755217,0.8576258697388458,0.0,0.09230769230769231
17,ALL,9.17数据/log_10_2026-9-17-06-34-34.ulg,Sep17,vz,130,130,0.9393837123371792,0.9404205448634607,0.0,0.007692307692307693
17,ALL,9.17数据/log_10_2026-9-17-06-34-34.ulg,Sep17,p,130,130,0.6814886806603412,0.7539310245085707,0.0,0.03076923076923077
17,ALL,9.17数据/log_10_2026-9-17-06-34-34.ulg,Sep17,q,130,130,0.9068356135150796,0.912649674902769,0.0,0.0
17,ALL,9.17数据/log_10_2026-9-17-06-34-34.ulg,Sep17,r,130,130,0.5835144147011284,0.7335333256103896,0.039918625,0.16153846153846155
17,ALL,9.17数据/log_11_2026-9-17-06-40-30.ulg,Sep17,vx,145,145,0.8398863333530419,0.8541880413338686,0.0,0.020689655172413793
17,ALL,9.17数据/log_11_2026-9-17-06-40-30.ulg,Sep17,vy,145,145,0.8530309296959022,0.8759537324116154,0.0,0.10344827586206896
17,ALL,9.17数据/log_11_2026-9-17-06-40-30.ulg,Sep17,vz,145,145,0.9370961038319384,0.9402614623084787,0.0,0.0
17,ALL,9.17数据/log_11_2026-9-17-06-40-30.ulg,Sep17,p,145,145,0.6876166657829123,0.7506189134347976,0.019958174999999998,0.006896551724137931
17,ALL,9.17数据/log_11_2026-9-17-06-40-30.ulg,Sep17,q,145,145,0.8935303652043681,0.9013934694870045,0.0,0.0
17,ALL,9.17数据/log_11_2026-9-17-06-40-30.ulg,Sep17,r,145,145,0.6654123236112294,0.7903184568815456,0.020211399999999997,0.2
17,ALL,9.17数据/log_12_2026-9-17-06-46-02.ulg,Sep17,vx,144,144,0.8509750196000335,0.8580433845604719,0.0,0.013888888888888888
17,ALL,9.17数据/log_12_2026-9-17-06-46-02.ulg,Sep17,vy,144,144,0.8432829926864726,0.8642781759918177,0.0,0.0763888888888889
17,ALL,9.17数据/log_12_2026-9-17-06-46-02.ulg,Sep17,vz,144,144,0.9400651965327069,0.9463912878230217,0.0,0.006944444444444444
17,ALL,9.17数据/log_12_2026-9-17-06-46-02.ulg,Sep17,p,144,144,0.6779694845015037,0.73696977746757,0.019956949999999994,0.013888888888888888
17,ALL,9.17数据/log_12_2026-9-17-06-46-02.ulg,Sep17,q,144,144,0.9092671457723083,0.9142144044797974,0.0,0.0
17,ALL,9.17数据/log_12_2026-9-17-06-46-02.ulg,Sep17,r,144,144,0.6687436743562283,0.769367425434672,0.03991502499999999,0.14583333333333334
17,ALL,9.17数据/log_13_2026-9-17-06-52-30.ulg,Sep17,vx,153,153,0.8235134944202946,0.8437629147464981,0.0,0.032679738562091505
17,ALL,9.17数据/log_13_2026-9-17-06-52-30.ulg,Sep17,vy,153,153,0.8861253446137813,0.9056209576573252,0.0,0.058823529411764705
17,ALL,9.17数据/log_13_2026-9-17-06-52-30.ulg,Sep17,vz,153,153,0.9365544105031174,0.9368388455569607,0.0,0.0
17,ALL,9.17数据/log_13_2026-9-17-06-52-30.ulg,Sep17,p,153,153,0.634613115073107,0.7224001965534247,0.019957749999999993,0.0196078431372549
17,ALL,9.17数据/log_13_2026-9-17-06-52-30.ulg,Sep17,q,153,153,0.8864500877938091,0.8901641943439592,0.0,0.006535947712418301
17,ALL,9.17数据/log_13_2026-9-17-06-52-30.ulg,Sep17,r,153,153,0.5918039470156873,0.7090019968725604,0.020206824999999998,0.19607843137254902
17,ALL,9.17数据/log_6_2026-9-17-06-02-24.ulg,Sep17,vx,138,138,0.9107109825264054,0.918976115450714,0.0,0.028985507246376812
17,ALL,9.17数据/log_6_2026-9-17-06-02-24.ulg,Sep17,vy,138,138,0.8998547632886232,0.9094370286325526,0.0,0.050724637681159424
17,ALL,9.17数据/log_6_2026-9-17-06-02-24.ulg,Sep17,vz,138,138,0.9422460092718976,0.9441577771873243,0.0,0.007246376811594203
17,ALL,9.17数据/log_6_2026-9-17-06-02-24.ulg,Sep17,p,138,138,0.796819807904699,0.818907827241233,0.0,0.0
17,ALL,9.17数据/log_6_2026-9-17-06-02-24.ulg,Sep17,q,138,138,0.9018760334329219,0.9065429477886091,0.0,0.0
17,ALL,9.17数据/log_6_2026-9-17-06-02-24.ulg,Sep17,r,138,138,0.5613652301903382,0.7335220150515361,0.04016706249999999,0.11594202898550725
17,ALL,9.17数据/log_7_2026-9-17-06-12-16.ulg,Sep17,vx,131,131,0.8800639350336583,0.8877681407105381,0.0,0.015267175572519083
17,ALL,9.17数据/log_7_2026-9-17-06-12-16.ulg,Sep17,vy,131,131,0.810549048607716,0.8354767264535163,0.0,0.12213740458015267
17,ALL,9.17数据/log_7_2026-9-17-06-12-16.ulg,Sep17,vz,131,131,0.9520591273537459,0.9533492841959155,0.0,0.0
17,ALL,9.17数据/log_7_2026-9-17-06-12-16.ulg,Sep17,p,131,131,0.8239932731939053,0.8468183966958527,0.0,0.0
17,ALL,9.17数据/log_7_2026-9-17-06-12-16.ulg,Sep17,q,131,131,0.9040259669472511,0.9094721172862796,0.0,0.0
17,ALL,9.17数据/log_7_2026-9-17-06-12-16.ulg,Sep17,r,131,131,0.5948778713501851,0.747415989916133,0.04016905,0.12213740458015267
17,ALL,9.17数据/log_8_2026-9-17-06-17-52.ulg,Sep17,vx,146,146,0.8251606536019195,0.8323661430669408,0.0,0.03424657534246575
17,ALL,9.17数据/log_8_2026-9-17-06-17-52.ulg,Sep17,vy,146,146,0.849075891935055,0.8639264084821816,0.0,0.0410958904109589
17,ALL,9.17数据/log_8_2026-9-17-06-17-52.ulg,Sep17,vz,146,146,0.9519086581128448,0.9522234664870747,0.0,0.0
17,ALL,9.17数据/log_8_2026-9-17-06-17-52.ulg,Sep17,p,146,146,0.7702700238121785,0.8077098692755517,0.0,0.0
17,ALL,9.17数据/log_8_2026-9-17-06-17-52.ulg,Sep17,q,146,146,0.8974957079649474,0.9044926479617595,0.0,0.0
17,ALL,9.17数据/log_8_2026-9-17-06-17-52.ulg,Sep17,r,146,146,0.6362376660526928,0.7792678680635794,0.0399179875,0.1780821917808219
17,ALL,9.17数据/log_9_2026-9-17-06-28-10.ulg,Sep17,vx,114,114,0.8175300056581448,0.8351662878844901,0.0,0.05263157894736842
17,ALL,9.17数据/log_9_2026-9-17-06-28-10.ulg,Sep17,vy,114,114,0.9171044221484926,0.930064542585038,0.0,0.03508771929824561
17,ALL,9.17数据/log_9_2026-9-17-06-28-10.ulg,Sep17,vz,114,114,0.926329618209767,0.929624377707564,0.0,0.008771929824561403
17,ALL,9.17数据/log_9_2026-9-17-06-28-10.ulg,Sep17,p,114,114,0.7583829645146584,0.7969971569090423,0.0,0.017543859649122806
17,ALL,9.17数据/log_9_2026-9-17-06-28-10.ulg,Sep17,q,114,114,0.8906331303242387,0.8967074260985728,0.0,0.0
17,ALL,9.17数据/log_9_2026-9-17-06-28-10.ulg,Sep17,r,114,114,0.6483862445391212,0.7577146517282102,0.039916162500000005,0.14912280701754385
17,low,2026.9.7/log_21_2026-9-7-05-54-56.ulg,Sep7,vx,99,99,0.777445137762057,0.7861219818254798,0.0,0.0
17,low,2026.9.7/log_21_2026-9-7-05-54-56.ulg,Sep7,vy,99,99,0.8816096133554632,0.8941933330242865,0.0,0.04040404040404041
17,low,2026.9.7/log_21_2026-9-7-05-54-56.ulg,Sep7,vz,99,99,0.9566897419890009,0.956854684351825,0.0,0.0
17,low,2026.9.7/log_21_2026-9-7-05-54-56.ulg,Sep7,p,99,99,0.4846364628040396,0.620208331666361,0.019957074999999998,0.010101010101010102
17,low,2026.9.7/log_21_2026-9-7-05-54-56.ulg,Sep7,q,99,99,0.9143810059959598,0.9149501995570433,0.0,0.0
17,low,2026.9.7/log_21_2026-9-7-05-54-56.ulg,Sep7,r,99,99,0.22046358144991374,0.6021872983324996,-0.06011399999999998,0.5252525252525253
17,low,2026.9.7/log_22_2026-9-7-06-01-40.ulg,Sep7,vx,93,93,0.7535318644403265,0.7609244334225042,0.0,0.03225806451612903
17,low,2026.9.7/log_22_2026-9-7-06-01-40.ulg,Sep7,vy,93,93,0.816865372641865,0.8209021019892858,0.0,0.010752688172043012
17,low,2026.9.7/log_22_2026-9-7-06-01-40.ulg,Sep7,vz,93,93,0.9602983141144832,0.9604888911763522,0.0,0.0
17,low,2026.9.7/log_22_2026-9-7-06-01-40.ulg,Sep7,p,93,93,0.6359791849265851,0.6999672993270856,0.019955,0.0
17,low,2026.9.7/log_22_2026-9-7-06-01-40.ulg,Sep7,q,93,93,0.8602294037806748,0.8631585018717836,0.0,0.0
17,low,2026.9.7/log_22_2026-9-7-06-01-40.ulg,Sep7,r,93,93,0.34771772889835195,0.6487829916870093,-0.06012284999999997,0.3655913978494624
17,low,2026.9.7/log_23_2026-9-7-06-09-22.ulg,Sep7,vx,46,46,0.8531063912528911,0.8628727957050681,0.0,0.021739130434782608
17,low,2026.9.7/log_23_2026-9-7-06-09-22.ulg,Sep7,vy,46,46,0.7620857679707961,0.7771958228171896,0.0,0.043478260869565216
17,low,2026.9.7/log_23_2026-9-7-06-09-22.ulg,Sep7,vz,46,46,0.9653228017734528,0.9667825196779123,0.0,0.0
17,low,2026.9.7/log_23_2026-9-7-06-09-22.ulg,Sep7,p,46,46,0.7654922292211153,0.8145645382060956,0.0,0.0
17,low,2026.9.7/log_23_2026-9-7-06-09-22.ulg,Sep7,q,46,46,0.8316099441769166,0.8358322868444347,0.0,0.0
17,low,2026.9.7/log_23_2026-9-7-06-09-22.ulg,Sep7,r,46,46,0.47062789580088166,0.6944012119989018,-0.0402884625,0.21739130434782608
17,low,2026.9.7/log_24_2026-9-7-06-16-04.ulg,Sep7,vx,39,39,0.6407086216927363,0.6753581118671607,0.0,0.07692307692307693
17,low,2026.9.7/log_24_2026-9-7-06-16-04.ulg,Sep7,vy,39,39,0.8519793238741556,0.8705496661993463,0.0,0.05128205128205128
17,low,2026.9.7/log_24_2026-9-7-06-16-04.ulg,Sep7,vz,39,39,0.9590003530352446,0.9590427043561979,0.0,0.0
17,low,2026.9.7/log_24_2026-9-7-06-16-04.ulg,Sep7,p,39,39,0.6291340810133581,0.7305585068281109,0.019958025,0.0
17,low,2026.9.7/log_24_2026-9-7-06-16-04.ulg,Sep7,q,39,39,0.8713527497314285,0.876781891287654,0.0,0.0
17,low,2026.9.7/log_24_2026-9-7-06-16-04.ulg,Sep7,r,39,39,0.5009110787475788,0.6855122573931817,-0.059868325,0.2564102564102564
17,low,2026.9.7/log_26_2026-9-7-06-30-26.ulg,Sep7,vx,87,87,0.8025656655553758,0.8072324312360186,0.0,0.022988505747126436
17,low,2026.9.7/log_26_2026-9-7-06-30-26.ulg,Sep7,vy,87,87,0.7796849215533518,0.7979416935204313,0.0,0.04597701149425287
17,low,2026.9.7/log_26_2026-9-7-06-30-26.ulg,Sep7,vz,87,87,0.9716914567862792,0.9720560090085357,0.0,0.0
17,low,2026.9.7/log_26_2026-9-7-06-30-26.ulg,Sep7,p,87,87,0.6974074440751615,0.832350620308482,0.0199602,0.0
17,low,2026.9.7/log_26_2026-9-7-06-30-26.ulg,Sep7,q,87,87,0.8223801589899632,0.8319757501780788,0.0,0.0
17,low,2026.9.7/log_26_2026-9-7-06-30-26.ulg,Sep7,r,87,87,0.3568017660105326,0.6442210245194595,-0.060139074999999986,0.3563218390804598
17,low,2026.9.7/log_27_2026-9-7-06-37-24.ulg,Sep7,vx,91,91,0.8672063821315285,0.8752355987201361,0.0,0.0
17,low,2026.9.7/log_27_2026-9-7-06-37-24.ulg,Sep7,vy,91,91,0.8443238464582463,0.8508662337802173,0.0,0.01098901098901099
17,low,2026.9.7/log_27_2026-9-7-06-37-24.ulg,Sep7,vz,91,91,0.9680054280203838,0.9683993479321688,0.0,0.0
17,low,2026.9.7/log_27_2026-9-7-06-37-24.ulg,Sep7,p,91,91,0.8406456122631057,0.880987451508131,0.019958024999999994,0.0
17,low,2026.9.7/log_27_2026-9-7-06-37-24.ulg,Sep7,q,91,91,0.8142310645650137,0.8183537784740181,0.0,0.01098901098901099
17,low,2026.9.7/log_27_2026-9-7-06-37-24.ulg,Sep7,r,91,91,0.35933815267201036,0.6066215262126442,-0.040414200000000004,0.14285714285714285
17,low,2026.9.7/log_28_2026-9-7-06-44-02.ulg,Sep7,vx,44,44,0.8987247844957871,0.903609732076789,0.0,0.0
17,low,2026.9.7/log_28_2026-9-7-06-44-02.ulg,Sep7,vy,44,44,0.9178157696979533,0.9204404279652709,0.0,0.0
17,low,2026.9.7/log_28_2026-9-7-06-44-02.ulg,Sep7,vz,44,44,0.9730002663401224,0.9734850430496969,0.0,0.0
17,low,2026.9.7/log_28_2026-9-7-06-44-02.ulg,Sep7,p,44,44,0.7773473328746373,0.8322219658031019,0.019955937500000003,0.0
17,low,2026.9.7/log_28_2026-9-7-06-44-02.ulg,Sep7,q,44,44,0.8822890829976089,0.882884240016839,0.0,0.0
17,low,2026.9.7/log_28_2026-9-7-06-44-02.ulg,Sep7,r,44,44,0.4227393443840249,0.5973322176053529,-0.03991903749999999,0.13636363636363635
17,low,2026.9.7/log_29_2026-9-7-06-51-04.ulg,Sep7,vx,84,84,0.8140338670525431,0.8268959522339147,0.0,0.011904761904761904
17,low,2026.9.7/log_29_2026-9-7-06-51-04.ulg,Sep7,vy,84,84,0.8594805901349557,0.8799709001177517,0.0,0.03571428571428571
17,low,2026.9.7/log_29_2026-9-7-06-51-04.ulg,Sep7,vz,84,84,0.9737973696394709,0.973817922364667,0.0,0.0
17,low,2026.9.7/log_29_2026-9-7-06-51-04.ulg,Sep7,p,84,84,0.8844011294451002,0.9034269528568207,0.0,0.0
17,low,2026.9.7/log_29_2026-9-7-06-51-04.ulg,Sep7,q,84,84,0.859728227155765,0.8632261868823077,0.0,0.0
17,low,2026.9.7/log_29_2026-9-7-06-51-04.ulg,Sep7,r,84,84,0.5718131932491864,0.6661600606534082,-0.019960937499999998,0.011904761904761904
17,low,2026.9.7/log_30_2026-9-7-06-58-22.ulg,Sep7,vx,104,104,0.7414154304821436,0.7491992823206373,0.0,0.019230769230769232
17,low,2026.9.7/log_30_2026-9-7-06-58-22.ulg,Sep7,vy,104,104,0.8210679488983256,0.8334429296045299,0.0,0.04807692307692308
17,low,2026.9.7/log_30_2026-9-7-06-58-22.ulg,Sep7,vz,104,104,0.9667503920782899,0.9673717140472776,0.0,0.0
17,low,2026.9.7/log_30_2026-9-7-06-58-22.ulg,Sep7,p,104,104,0.762318747853045,0.7966163001548362,0.0,0.009615384615384616
17,low,2026.9.7/log_30_2026-9-7-06-58-22.ulg,Sep7,q,104,104,0.87818596956588,0.880361131735535,0.0,0.0
17,low,2026.9.7/log_30_2026-9-7-06-58-22.ulg,Sep7,r,104,104,0.5623452680849801,0.6895342079673044,-0.03991698749999999,0.038461538461538464
17,low,9.17数据/log_10_2026-9-17-06-34-34.ulg,Sep17,vx,25,25,0.8147991664472012,0.8305019972720359,0.0,0.04
17,low,9.17数据/log_10_2026-9-17-06-34-34.ulg,Sep17,vy,25,25,0.8353332069537425,0.842766221083942,0.0,0.04
17,low,9.17数据/log_10_2026-9-17-06-34-34.ulg,Sep17,vz,25,25,0.9407554561656589,0.9408177970513139,0.0,0.0
17,low,9.17数据/log_10_2026-9-17-06-34-34.ulg,Sep17,p,25,25,0.6741219921179719,0.7933962909011233,0.019958375000000004,0.04
17,low,9.17数据/log_10_2026-9-17-06-34-34.ulg,Sep17,q,25,25,0.9464307929045404,0.9464307929045404,0.0,0.0
17,low,9.17数据/log_10_2026-9-17-06-34-34.ulg,Sep17,r,25,25,0.45632430776916516,0.6289027995563686,0.03991889999999999,0.2
17,low,9.17数据/log_11_2026-9-17-06-40-30.ulg,Sep17,vx,34,34,0.7796858661224784,0.7920769321986549,0.0,0.029411764705882353
17,low,9.17数据/log_11_2026-9-17-06-40-30.ulg,Sep17,vy,34,34,0.741819590380494,0.7713045557773953,0.0,0.08823529411764706
17,low,9.17数据/log_11_2026-9-17-06-40-30.ulg,Sep17,vz,34,34,0.9475469532458097,0.9490891956347951,0.0,0.0
17,low,9.17数据/log_11_2026-9-17-06-40-30.ulg,Sep17,p,34,34,0.6944456428665008,0.7682240140182687,0.0199586125,0.0
17,low,9.17数据/log_11_2026-9-17-06-40-30.ulg,Sep17,q,34,34,0.9347397782957246,0.936351787085122,0.0,0.0
17,low,9.17数据/log_11_2026-9-17-06-40-30.ulg,Sep17,r,34,34,0.6202592994357389,0.7649859240331818,0.030064174999999995,0.17647058823529413
17,low,9.17数据/log_12_2026-9-17-06-46-02.ulg,Sep17,vx,29,29,0.8570401569895153,0.8669456817749671,0.0,0.0
17,low,9.17数据/log_12_2026-9-17-06-46-02.ulg,Sep17,vy,29,29,0.900835778949412,0.9186732668476867,0.0,0.06896551724137931
17,low,9.17数据/log_12_2026-9-17-06-46-02.ulg,Sep17,vz,29,29,0.938384648011656,0.938384648011656,0.0,0.0
17,low,9.17数据/log_12_2026-9-17-06-46-02.ulg,Sep17,p,29,29,0.6476730042079941,0.7134479591038089,0.0,0.0
17,low,9.17数据/log_12_2026-9-17-06-46-02.ulg,Sep17,q,29,29,0.938707737967456,0.938707737967456,0.0,0.0
17,low,9.17数据/log_12_2026-9-17-06-46-02.ulg,Sep17,r,29,29,0.622832701215626,0.7254389661930607,0.03991635,0.1724137931034483
17,low,9.17数据/log_13_2026-9-17-06-52-30.ulg,Sep17,vx,19,19,0.8257033845710368,0.8411647611993095,0.0,0.0
17,low,9.17数据/log_13_2026-9-17-06-52-30.ulg,Sep17,vy,19,19,0.9110384094897156,0.9134256712789742,0.0,0.0
17,low,9.17数据/log_13_2026-9-17-06-52-30.ulg,Sep17,vz,19,19,0.9432741011993286,0.9432741011993286,0.0,0.0
17,low,9.17数据/log_13_2026-9-17-06-52-30.ulg,Sep17,p,19,19,0.6829083097431602,0.7434602371154088,0.019958175000000005,0.0
17,low,9.17数据/log_13_2026-9-17-06-52-30.ulg,Sep17,q,19,19,0.9467170963736349,0.9488508056096165,0.0,0.0
17,low,9.17数据/log_13_2026-9-17-06-52-30.ulg,Sep17,r,19,19,0.6045385487346073,0.6864912986481828,0.019959399999999995,0.05263157894736842
17,low,9.17数据/log_6_2026-9-17-06-02-24.ulg,Sep17,vx,34,34,0.9165738919125552,0.92967465313329,0.0,0.0
17,low,9.17数据/log_6_2026-9-17-06-02-24.ulg,Sep17,vy,34,34,0.9102696136586081,0.9191674363695244,0.0,0.029411764705882353
17,low,9.17数据/log_6_2026-9-17-06-02-24.ulg,Sep17,vz,34,34,0.9626542614188951,0.9633627757700062,0.0,0.0
17,low,9.17数据/log_6_2026-9-17-06-02-24.ulg,Sep17,p,34,34,0.8148356290661685,0.8382134888788018,0.0,0.0
17,low,9.17数据/log_6_2026-9-17-06-02-24.ulg,Sep17,q,34,34,0.935532840164748,0.9360969219508903,0.0,0.0
17,low,9.17数据/log_6_2026-9-17-06-02-24.ulg,Sep17,r,34,34,0.5161067298177189,0.7116680674339297,0.04004281250000002,0.058823529411764705
17,low,9.17数据/log_7_2026-9-17-06-12-16.ulg,Sep17,vx,21,21,0.8608573211033356,0.8655207989127753,0.0,0.0
17,low,9.17数据/log_7_2026-9-17-06-12-16.ulg,Sep17,vy,21,21,0.7852776802149138,0.806455427412381,0.0,0.19047619047619047
17,low,9.17数据/log_7_2026-9-17-06-12-16.ulg,Sep17,vz,21,21,0.9650134333185422,0.9650134333185422,0.0,0.0
17,low,9.17数据/log_7_2026-9-17-06-12-16.ulg,Sep17,p,21,21,0.8286072568483176,0.8527666586673432,0.0,0.0
17,low,9.17数据/log_7_2026-9-17-06-12-16.ulg,Sep17,q,21,21,0.9320159953329379,0.9320159953329379,0.0,0.0
17,low,9.17数据/log_7_2026-9-17-06-12-16.ulg,Sep17,r,21,21,0.435458395539779,0.6174286770126338,0.03992102499999999,0.09523809523809523
17,low,9.17数据/log_8_2026-9-17-06-17-52.ulg,Sep17,vx,18,18,0.7591758837559414,0.7634695383451743,0.0,0.0
17,low,9.17数据/log_8_2026-9-17-06-17-52.ulg,Sep17,vy,18,18,0.8527343580255629,0.8558896935440943,0.0,0.0
17,low,9.17数据/log_8_2026-9-17-06-17-52.ulg,Sep17,vz,18,18,0.9478687168623637,0.9478687168623637,0.0,0.0
17,low,9.17数据/log_8_2026-9-17-06-17-52.ulg,Sep17,p,18,18,0.7941817973079943,0.8284174001575737,0.009978224999999997,0.0
17,low,9.17数据/log_8_2026-9-17-06-17-52.ulg,Sep17,q,18,18,0.9221736546657484,0.9240268888467068,0.0,0.0
17,low,9.17数据/log_8_2026-9-17-06-17-52.ulg,Sep17,r,18,18,0.6579640071452499,0.759530866570177,0.019960162500000003,0.16666666666666666
17,low,9.17数据/log_9_2026-9-17-06-28-10.ulg,Sep17,vx,21,21,0.7829694912963043,0.8011494966709937,0.0,0.0
17,low,9.17数据/log_9_2026-9-17-06-28-10.ulg,Sep17,vy,21,21,0.9305468913909927,0.9486674415189993,0.0,0.047619047619047616
17,low,9.17数据/log_9_2026-9-17-06-28-10.ulg,Sep17,vz,21,21,0.9553190396272352,0.957818573782559,0.0,0.0
17,low,9.17数据/log_9_2026-9-17-06-28-10.ulg,Sep17,p,21,21,0.7105439206990192,0.7793461135441643,0.019959025,0.0
17,low,9.17数据/log_9_2026-9-17-06-28-10.ulg,Sep17,q,21,21,0.9122691543901653,0.9207187472354951,0.0,0.0
17,low,9.17数据/log_9_2026-9-17-06-28-10.ulg,Sep17,r,21,21,0.5629188825583958,0.7073960481846736,0.039918699999999994,0.19047619047619047
17,middle,2026.9.7/log_21_2026-9-7-05-54-56.ulg,Sep7,vx,45,45,0.7783846178278339,0.7930504831898275,0.0,0.0
17,middle,2026.9.7/log_21_2026-9-7-05-54-56.ulg,Sep7,vy,45,45,0.8888177292416314,0.9023726254709167,0.0,0.06666666666666667
17,middle,2026.9.7/log_21_2026-9-7-05-54-56.ulg,Sep7,vz,45,45,0.9519377626852498,0.9531885339407761,0.0,0.0
17,middle,2026.9.7/log_21_2026-9-7-05-54-56.ulg,Sep7,p,45,45,0.5011649280013691,0.6305898200726613,0.019956975000000005,0.044444444444444446
17,middle,2026.9.7/log_21_2026-9-7-05-54-56.ulg,Sep7,q,45,45,0.8733289808685915,0.8802041035129599,0.0,0.0
17,middle,2026.9.7/log_21_2026-9-7-05-54-56.ulg,Sep7,r,45,45,0.4075420689639816,0.6397918963961862,-0.039917024999999995,0.28888888888888886
17,middle,2026.9.7/log_22_2026-9-7-06-01-40.ulg,Sep7,vx,59,59,0.7537591683650934,0.7732749545094731,0.0,0.03389830508474576
17,middle,2026.9.7/log_22_2026-9-7-06-01-40.ulg,Sep7,vy,59,59,0.8428053767344665,0.8564653949793533,0.0,0.06779661016949153
17,middle,2026.9.7/log_22_2026-9-7-06-01-40.ulg,Sep7,vz,59,59,0.9460058558931633,0.946359106632741,0.0,0.0
17,middle,2026.9.7/log_22_2026-9-7-06-01-40.ulg,Sep7,p,59,59,0.6641267043174565,0.7419823419116066,0.019953199999999997,0.0
17,middle,2026.9.7/log_22_2026-9-7-06-01-40.ulg,Sep7,q,59,59,0.8271170603524559,0.8292892556477929,0.0,0.0
17,middle,2026.9.7/log_22_2026-9-7-06-01-40.ulg,Sep7,r,59,59,0.4556434533653224,0.6180356064478811,-0.039916925000000006,0.2542372881355932
17,middle,2026.9.7/log_23_2026-9-7-06-09-22.ulg,Sep7,vx,84,84,0.836424871228645,0.84506984419136,0.0,0.023809523809523808
17,middle,2026.9.7/log_23_2026-9-7-06-09-22.ulg,Sep7,vy,84,84,0.8662649774039948,0.8837479290291936,0.0,0.047619047619047616
17,middle,2026.9.7/log_23_2026-9-7-06-09-22.ulg,Sep7,vz,84,84,0.9632164779657298,0.9635377705908367,0.0,0.0
17,middle,2026.9.7/log_23_2026-9-7-06-09-22.ulg,Sep7,p,84,84,0.7481520086555492,0.798173599261128,0.019955374999999997,0.011904761904761904
17,middle,2026.9.7/log_23_2026-9-7-06-09-22.ulg,Sep7,q,84,84,0.8390462255395297,0.8439155098053819,0.0,0.0
17,middle,2026.9.7/log_23_2026-9-7-06-09-22.ulg,Sep7,r,84,84,0.448085364447106,0.635810586720571,-0.04003998749999999,0.23809523809523808
17,middle,2026.9.7/log_24_2026-9-7-06-16-04.ulg,Sep7,vx,103,103,0.8227192833553129,0.8260423422801387,0.0,0.0
17,middle,2026.9.7/log_24_2026-9-7-06-16-04.ulg,Sep7,vy,103,103,0.8439650474246367,0.8571353537015616,0.0,0.02912621359223301
17,middle,2026.9.7/log_24_2026-9-7-06-16-04.ulg,Sep7,vz,103,103,0.9522229240006128,0.9542460354155532,0.0,0.0
17,middle,2026.9.7/log_24_2026-9-7-06-16-04.ulg,Sep7,p,103,103,0.6427487719540995,0.7522525274007457,0.01995815,0.02912621359223301
17,middle,2026.9.7/log_24_2026-9-7-06-16-04.ulg,Sep7,q,103,103,0.8628165363404231,0.8685061537952116,0.0,0.0
17,middle,2026.9.7/log_24_2026-9-7-06-16-04.ulg,Sep7,r,103,103,0.3155267888065263,0.5333017531057662,-0.039914399999999996,0.3592233009708738
17,middle,2026.9.7/log_26_2026-9-7-06-30-26.ulg,Sep7,vx,47,47,0.7612087332906499,0.765947391966752,0.0,0.02127659574468085
17,middle,2026.9.7/log_26_2026-9-7-06-30-26.ulg,Sep7,vy,47,47,0.7578753800601581,0.7927629668193625,0.0,0.0425531914893617
17,middle,2026.9.7/log_26_2026-9-7-06-30-26.ulg,Sep7,vz,47,47,0.9681766065589423,0.9694781147798653,0.0,0.0
17,middle,2026.9.7/log_26_2026-9-7-06-30-26.ulg,Sep7,p,47,47,0.7221053842128631,0.8190462969699791,0.0199594,0.0
17,middle,2026.9.7/log_26_2026-9-7-06-30-26.ulg,Sep7,q,47,47,0.7832513749343858,0.7868378791859498,0.0,0.0
17,middle,2026.9.7/log_26_2026-9-7-06-30-26.ulg,Sep7,r,47,47,0.46377733068238297,0.7012841554857233,-0.059875699999999976,0.23404255319148937
17,middle,2026.9.7/log_27_2026-9-7-06-37-24.ulg,Sep7,vx,46,46,0.8760279386463872,0.8791609887293452,0.0,0.0
17,middle,2026.9.7/log_27_2026-9-7-06-37-24.ulg,Sep7,vy,46,46,0.915702360798929,0.920625152747545,0.0,0.021739130434782608
17,middle,2026.9.7/log_27_2026-9-7-06-37-24.ulg,Sep7,vz,46,46,0.9573266386173616,0.958827327889872,0.0,0.0
17,middle,2026.9.7/log_27_2026-9-7-06-37-24.ulg,Sep7,p,46,46,0.8301202689416604,0.8840442239783787,0.019958675000000002,0.0
17,middle,2026.9.7/log_27_2026-9-7-06-37-24.ulg,Sep7,q,46,46,0.7199892041180052,0.7422462748788464,0.0,0.08695652173913043
17,middle,2026.9.7/log_27_2026-9-7-06-37-24.ulg,Sep7,r,46,46,0.5627448055030785,0.7099970475701428,-0.03992077499999999,0.043478260869565216
17,middle,2026.9.7/log_28_2026-9-7-06-44-02.ulg,Sep7,vx,78,78,0.8914131713862932,0.8981460611178006,0.0,0.01282051282051282
17,middle,2026.9.7/log_28_2026-9-7-06-44-02.ulg,Sep7,vy,78,78,0.8494451355890288,0.8637121100564641,0.0,0.038461538461538464
17,middle,2026.9.7/log_28_2026-9-7-06-44-02.ulg,Sep7,vz,78,78,0.9672145131636868,0.9675214307527369,0.0,0.0
17,middle,2026.9.7/log_28_2026-9-7-06-44-02.ulg,Sep7,p,78,78,0.740580227822895,0.7976574201681896,0.019958962500000003,0.0
17,middle,2026.9.7/log_28_2026-9-7-06-44-02.ulg,Sep7,q,78,78,0.8821178412343945,0.8838854039650571,0.0,0.0
17,middle,2026.9.7/log_28_2026-9-7-06-44-02.ulg,Sep7,r,78,78,0.48531189396859314,0.6462364655810106,-0.039920874999999995,0.14102564102564102
17,middle,2026.9.7/log_29_2026-9-7-06-51-04.ulg,Sep7,vx,95,95,0.8622076491544893,0.8664904771918341,0.0,0.0
17,middle,2026.9.7/log_29_2026-9-7-06-51-04.ulg,Sep7,vy,95,95,0.9253605361713876,0.9327138532349161,0.0,0.021052631578947368
17,middle,2026.9.7/log_29_2026-9-7-06-51-04.ulg,Sep7,vz,95,95,0.977990873249621,0.9782185073369376,0.0,0.0
17,middle,2026.9.7/log_29_2026-9-7-06-51-04.ulg,Sep7,p,95,95,0.8833015191915139,0.9040983336059353,0.0,0.0
17,middle,2026.9.7/log_29_2026-9-7-06-51-04.ulg,Sep7,q,95,95,0.831609844575499,0.8352772026604857,0.0,0.0
17,middle,2026.9.7/log_29_2026-9-7-06-51-04.ulg,Sep7,r,95,95,0.6551571255159405,0.7229874326540687,-0.019959175,0.05263157894736842
17,middle,2026.9.7/log_30_2026-9-7-06-58-22.ulg,Sep7,vx,52,52,0.8864185697852274,0.8899314130138674,0.0,0.019230769230769232
17,middle,2026.9.7/log_30_2026-9-7-06-58-22.ulg,Sep7,vy,52,52,0.7776068442395283,0.782649002428703,0.0,0.019230769230769232
17,middle,2026.9.7/log_30_2026-9-7-06-58-22.ulg,Sep7,vz,52,52,0.9597262337058188,0.9616726065239904,0.0,0.0
17,middle,2026.9.7/log_30_2026-9-7-06-58-22.ulg,Sep7,p,52,52,0.7117902637749415,0.7817964466309066,0.0,0.038461538461538464
17,middle,2026.9.7/log_30_2026-9-7-06-58-22.ulg,Sep7,q,52,52,0.839348719781943,0.8436235684296091,0.0,0.0
17,middle,2026.9.7/log_30_2026-9-7-06-58-22.ulg,Sep7,r,52,52,0.5576585645021165,0.6721302832544259,-0.019960612500000002,0.1346153846153846
17,middle,9.17数据/log_10_2026-9-17-06-34-34.ulg,Sep17,vx,71,71,0.8816284840714929,0.8901003007966177,0.0,0.014084507042253521
17,middle,9.17数据/log_10_2026-9-17-06-34-34.ulg,Sep17,vy,71,71,0.8373619257933634,0.8556141949785719,0.0,0.11267605633802817
17,middle,9.17数据/log_10_2026-9-17-06-34-34.ulg,Sep17,vz,71,71,0.9392806450431007,0.9400951214979462,0.0,0.0
17,middle,9.17数据/log_10_2026-9-17-06-34-34.ulg,Sep17,p,71,71,0.6860958456289674,0.7465284566479706,0.0,0.028169014084507043
17,middle,9.17数据/log_10_2026-9-17-06-34-34.ulg,Sep17,q,71,71,0.9017169302728427,0.9075947594798276,0.0,0.0
17,middle,9.17数据/log_10_2026-9-17-06-34-34.ulg,Sep17,r,71,71,0.5941255190092989,0.7640289735144737,0.03992032499999999,0.16901408450704225
17,middle,9.17数据/log_11_2026-9-17-06-40-30.ulg,Sep17,vx,77,77,0.8695126126891426,0.8771427610676602,0.0,0.0
17,middle,9.17数据/log_11_2026-9-17-06-40-30.ulg,Sep17,vy,77,77,0.8810382526887913,0.8992427061144193,0.0,0.1038961038961039
17,middle,9.17数据/log_11_2026-9-17-06-40-30.ulg,Sep17,vz,77,77,0.9363876483495728,0.9370204349744705,0.0,0.0
17,middle,9.17数据/log_11_2026-9-17-06-40-30.ulg,Sep17,p,77,77,0.6632584592869406,0.7260619540729574,0.019958075,0.012987012987012988
17,middle,9.17数据/log_11_2026-9-17-06-40-30.ulg,Sep17,q,77,77,0.8871970664504514,0.8889551705000378,0.0,0.0
17,middle,9.17数据/log_11_2026-9-17-06-40-30.ulg,Sep17,r,77,77,0.6652510028054287,0.7942765097465656,0.019962575,0.2077922077922078
17,middle,9.17数据/log_12_2026-9-17-06-46-02.ulg,Sep17,vx,88,88,0.8458708550497941,0.8519931277928521,0.0,0.011363636363636364
17,middle,9.17数据/log_12_2026-9-17-06-46-02.ulg,Sep17,vy,88,88,0.8121780029946841,0.835284564072483,0.0,0.07954545454545454
17,middle,9.17数据/log_12_2026-9-17-06-46-02.ulg,Sep17,vz,88,88,0.9553618508745484,0.9562005469249186,0.0,0.0
17,middle,9.17数据/log_12_2026-9-17-06-46-02.ulg,Sep17,p,88,88,0.6904908306379596,0.7446886049733418,0.019957637499999993,0.0
17,middle,9.17数据/log_12_2026-9-17-06-46-02.ulg,Sep17,q,88,88,0.9224157785688334,0.922802684515434,0.0,0.0
17,middle,9.17数据/log_12_2026-9-17-06-46-02.ulg,Sep17,r,88,88,0.6890643580897584,0.7868938722804806,0.020206112499999998,0.09090909090909091
17,middle,9.17数据/log_13_2026-9-17-06-52-30.ulg,Sep17,vx,76,76,0.8171816592281683,0.8391530430858054,0.0,0.05263157894736842
17,middle,9.17数据/log_13_2026-9-17-06-52-30.ulg,Sep17,vy,76,76,0.8578003015234827,0.8810329937658131,0.0,0.07894736842105263
17,middle,9.17数据/log_13_2026-9-17-06-52-30.ulg,Sep17,vz,76,76,0.9395655368348007,0.9395655368348007,0.0,0.0
17,middle,9.17数据/log_13_2026-9-17-06-52-30.ulg,Sep17,p,76,76,0.5871958764175552,0.6937816058502462,0.019957724999999996,0.0
17,middle,9.17数据/log_13_2026-9-17-06-52-30.ulg,Sep17,q,76,76,0.8897297340580577,0.8912648385612849,0.0,0.0
17,middle,9.17数据/log_13_2026-9-17-06-52-30.ulg,Sep17,r,76,76,0.5605503320286976,0.6868858356558906,0.03991678750000001,0.15789473684210525
17,middle,9.17数据/log_6_2026-9-17-06-02-24.ulg,Sep17,vx,69,69,0.9074833696611759,0.9145117184344375,0.0,0.028985507246376812
17,middle,9.17数据/log_6_2026-9-17-06-02-24.ulg,Sep17,vy,69,69,0.9170697221231897,0.926503912479717,0.0,0.043478260869565216
17,middle,9.17数据/log_6_2026-9-17-06-02-24.ulg,Sep17,vz,69,69,0.9535601724019296,0.9542956362253365,0.0,0.0
17,middle,9.17数据/log_6_2026-9-17-06-02-24.ulg,Sep17,p,69,69,0.8233718704345182,0.8458851254762733,0.0,0.0
17,middle,9.17数据/log_6_2026-9-17-06-02-24.ulg,Sep17,q,69,69,0.9179489784799801,0.9198578356349565,0.0,0.0
17,middle,9.17数据/log_6_2026-9-17-06-02-24.ulg,Sep17,r,69,69,0.5625557053312784,0.7538642168879909,0.059872175000000014,0.13043478260869565
17,middle,9.17数据/log_7_2026-9-17-06-12-16.ulg,Sep17,vx,93,93,0.8707275472359081,0.8796000410954629,0.0,0.010752688172043012
17,middle,9.17数据/log_7_2026-9-17-06-12-16.ulg,Sep17,vy,93,93,0.8204135547904928,0.8432328484531588,0.0,0.10752688172043011
17,middle,9.17数据/log_7_2026-9-17-06-12-16.ulg,Sep17,vz,93,93,0.9475333149693543,0.9492315582768649,0.0,0.0
17,middle,9.17数据/log_7_2026-9-17-06-12-16.ulg,Sep17,p,93,93,0.8439583104605899,0.8639909345529191,0.0,0.0
17,middle,9.17数据/log_7_2026-9-17-06-12-16.ulg,Sep17,q,93,93,0.9028060564060887,0.908255428208161,0.0,0.0
17,middle,9.17数据/log_7_2026-9-17-06-12-16.ulg,Sep17,r,93,93,0.6091351217718114,0.7665708125111634,0.05987762499999999,0.12903225806451613
17,middle,9.17数据/log_8_2026-9-17-06-17-52.ulg,Sep17,vx,95,95,0.8633483457073203,0.8688316409891905,0.0,0.010526315789473684
17,middle,9.17数据/log_8_2026-9-17-06-17-52.ulg,Sep17,vy,95,95,0.8582322474053287,0.8748591532579337,0.0,0.031578947368421054
17,middle,9.17数据/log_8_2026-9-17-06-17-52.ulg,Sep17,vz,95,95,0.9530884805301515,0.9533098174420672,0.0,0.0
17,middle,9.17数据/log_8_2026-9-17-06-17-52.ulg,Sep17,p,95,95,0.7715694108689383,0.8068311071159533,0.0,0.0
17,middle,9.17数据/log_8_2026-9-17-06-17-52.ulg,Sep17,q,95,95,0.9042089463928162,0.9057800651572959,0.0,0.0
17,middle,9.17数据/log_8_2026-9-17-06-17-52.ulg,Sep17,r,95,95,0.6566921670033222,0.7982402339222656,0.039917125,0.18947368421052632
17,middle,9.17数据/log_9_2026-9-17-06-28-10.ulg,Sep17,vx,62,62,0.838271310370282,0.8537210599068399,0.0,0.04838709677419355
17,middle,9.17数据/log_9_2026-9-17-06-28-10.ulg,Sep17,vy,62,62,0.8964917857676394,0.9087250298369735,0.0,0.016129032258064516
17,middle,9.17数据/log_9_2026-9-17-06-28-10.ulg,Sep17,vz,62,62,0.9401385653862503,0.9420875126377034,0.0,0.0
17,middle,9.17数据/log_9_2026-9-17-06-28-10.ulg,Sep17,p,62,62,0.7832911908085525,0.8060558335904564,0.0,0.0
17,middle,9.17数据/log_9_2026-9-17-06-28-10.ulg,Sep17,q,62,62,0.8946438472248993,0.9002251428005724,0.0,0.0
17,middle,9.17数据/log_9_2026-9-17-06-28-10.ulg,Sep17,r,62,62,0.6321914222118704,0.7511506199661049,0.039918487499999995,0.12903225806451613
17,high,2026.9.7/log_21_2026-9-7-05-54-56.ulg,Sep7,vx,24,24,0.8307684959870322,0.8380851748847661,0.0,0.0
17,high,2026.9.7/log_21_2026-9-7-05-54-56.ulg,Sep7,vy,24,24,0.8294555831997724,0.891459786761246,0.0,0.125
17,high,2026.9.7/log_21_2026-9-7-05-54-56.ulg,Sep7,vz,24,24,0.9302715428980867,0.9320304479377963,0.0,0.0
17,high,2026.9.7/log_21_2026-9-7-05-54-56.ulg,Sep7,p,24,24,0.48730966421704375,0.5927632389610104,0.019956700000000004,0.08333333333333333
17,high,2026.9.7/log_21_2026-9-7-05-54-56.ulg,Sep7,q,24,24,0.782728910758486,0.7917550512175513,0.0,0.0
17,high,2026.9.7/log_21_2026-9-7-05-54-56.ulg,Sep7,r,24,24,0.5737975339942372,0.6391199750437478,-0.020081375000000002,0.125
17,high,2026.9.7/log_22_2026-9-7-06-01-40.ulg,Sep7,vx,30,30,0.9629882122881277,0.965793210205468,0.0,0.0
17,high,2026.9.7/log_22_2026-9-7-06-01-40.ulg,Sep7,vy,30,30,0.8126096934069936,0.8457697865212711,0.0,0.1
17,high,2026.9.7/log_22_2026-9-7-06-01-40.ulg,Sep7,vz,30,30,0.9721630685448036,0.9721630685448036,0.0,0.0
17,high,2026.9.7/log_22_2026-9-7-06-01-40.ulg,Sep7,p,30,30,0.6621302157454422,0.7782056826639733,0.019957925,0.0
17,high,2026.9.7/log_22_2026-9-7-06-01-40.ulg,Sep7,q,30,30,0.8109691109177465,0.8185680484547057,0.0,0.0
17,high,2026.9.7/log_22_2026-9-7-06-01-40.ulg,Sep7,r,30,30,0.5307595596092418,0.7270047533458118,-0.059877462500000006,0.2
17,high,2026.9.7/log_23_2026-9-7-06-09-22.ulg,Sep7,vx,30,30,0.870936244419645,0.8834997930255845,0.0,0.06666666666666667
17,high,2026.9.7/log_23_2026-9-7-06-09-22.ulg,Sep7,vy,30,30,0.830755940989747,0.8569058473803801,0.0,0.06666666666666667
17,high,2026.9.7/log_23_2026-9-7-06-09-22.ulg,Sep7,vz,30,30,0.9189626097295494,0.9242421458067827,0.0,0.0
17,high,2026.9.7/log_23_2026-9-7-06-09-22.ulg,Sep7,p,30,30,0.7000803615426059,0.8036576497721938,0.0199569,0.0
17,high,2026.9.7/log_23_2026-9-7-06-09-22.ulg,Sep7,q,30,30,0.7930664957468418,0.8248044098147479,0.0,0.0
17,high,2026.9.7/log_23_2026-9-7-06-09-22.ulg,Sep7,r,30,30,0.6388776152688922,0.7275073460745051,-0.020081312500000004,0.16666666666666666
17,high,2026.9.7/log_24_2026-9-7-06-16-04.ulg,Sep7,vx,19,19,0.7283486087006608,0.7344252774774773,0.0,0.0
17,high,2026.9.7/log_24_2026-9-7-06-16-04.ulg,Sep7,vy,19,19,0.9218169433861033,0.9227905087592069,0.0,0.0
17,high,2026.9.7/log_24_2026-9-7-06-16-04.ulg,Sep7,vz,19,19,0.9339617049131457,0.9370849923162056,0.0,0.0
17,high,2026.9.7/log_24_2026-9-7-06-16-04.ulg,Sep7,p,19,19,0.7136999959602244,0.8081791888188643,0.019957474999999995,0.05263157894736842
17,high,2026.9.7/log_24_2026-9-7-06-16-04.ulg,Sep7,q,19,19,0.8397543212308246,0.8446450695180047,0.0,0.0
17,high,2026.9.7/log_24_2026-9-7-06-16-04.ulg,Sep7,r,19,19,0.38996777538593996,0.5911417211266771,-0.06037070000000002,0.3684210526315789
17,high,2026.9.7/log_26_2026-9-7-06-30-26.ulg,Sep7,vx,16,16,0.757671629759795,0.8263936130085416,0.0,0.0625
17,high,2026.9.7/log_26_2026-9-7-06-30-26.ulg,Sep7,vy,16,16,0.8349398681121374,0.8864687743664423,0.0,0.0625
17,high,2026.9.7/log_26_2026-9-7-06-30-26.ulg,Sep7,vz,16,16,0.8703043144785707,0.9162394618762719,0.0,0.0625
17,high,2026.9.7/log_26_2026-9-7-06-30-26.ulg,Sep7,p,16,16,0.7038645924083676,0.7890201773730381,0.019960375,0.0
17,high,2026.9.7/log_26_2026-9-7-06-30-26.ulg,Sep7,q,16,16,0.8310028975835184,0.8417440709599227,0.0,0.0
17,high,2026.9.7/log_26_2026-9-7-06-30-26.ulg,Sep7,r,16,16,0.42656291494116083,0.5895182437834883,-0.03992015000000001,0.125
17,high,2026.9.7/log_27_2026-9-7-06-37-24.ulg,Sep7,vx,18,18,0.8010557868301619,0.8216099200985635,0.0,0.05555555555555555
17,high,2026.9.7/log_27_2026-9-7-06-37-24.ulg,Sep7,vy,18,18,0.8283646369179416,0.8346793609065897,0.0,0.0
17,high,2026.9.7/log_27_2026-9-7-06-37-24.ulg,Sep7,vz,18,18,0.974366798038071,0.9743715631794743,0.0,0.0
17,high,2026.9.7/log_27_2026-9-7-06-37-24.ulg,Sep7,p,18,18,0.7188530643217254,0.805234654791986,0.019959275,0.0
17,high,2026.9.7/log_27_2026-9-7-06-37-24.ulg,Sep7,q,18,18,0.8002372843508097,0.8045741819476863,0.0,0.0
17,high,2026.9.7/log_27_2026-9-7-06-37-24.ulg,Sep7,r,18,18,0.4696503361052177,0.6072217259936653,-0.02008435,0.1111111111111111
17,high,2026.9.7/log_28_2026-9-7-06-44-02.ulg,Sep7,vx,18,18,0.7984976642536616,0.8002272709228405,0.0,0.0
17,high,2026.9.7/log_28_2026-9-7-06-44-02.ulg,Sep7,vy,18,18,0.8931634517758984,0.9061022913675788,0.0,0.05555555555555555
17,high,2026.9.7/log_28_2026-9-7-06-44-02.ulg,Sep7,vz,18,18,0.9255168609788752,0.9345876092262966,0.0,0.05555555555555555
17,high,2026.9.7/log_28_2026-9-7-06-44-02.ulg,Sep7,p,18,18,0.6266352481425315,0.712164475584305,0.019961549999999995,0.0
17,high,2026.9.7/log_28_2026-9-7-06-44-02.ulg,Sep7,q,18,18,0.7954417343269001,0.807525271884482,0.0,0.0
17,high,2026.9.7/log_28_2026-9-7-06-44-02.ulg,Sep7,r,18,18,0.424180620790428,0.5626880495686342,-0.0199593125,0.1111111111111111
17,high,2026.9.7/log_29_2026-9-7-06-51-04.ulg,Sep7,vx,22,22,0.9100162680019636,0.9156828181540668,0.0,0.0
17,high,2026.9.7/log_29_2026-9-7-06-51-04.ulg,Sep7,vy,22,22,0.9159874169278255,0.9197735469499752,0.0,0.0
17,high,2026.9.7/log_29_2026-9-7-06-51-04.ulg,Sep7,vz,22,22,0.9531485167085619,0.9611101849932671,0.0,0.045454545454545456
17,high,2026.9.7/log_29_2026-9-7-06-51-04.ulg,Sep7,p,22,22,0.7654122366974877,0.8272194200430721,0.0,0.0
17,high,2026.9.7/log_29_2026-9-7-06-51-04.ulg,Sep7,q,22,22,0.7498264546334251,0.7713206326217258,0.0,0.0
17,high,2026.9.7/log_29_2026-9-7-06-51-04.ulg,Sep7,r,22,22,0.7334872732910062,0.7771564597613921,0.0,0.045454545454545456
17,high,2026.9.7/log_30_2026-9-7-06-58-22.ulg,Sep7,vx,8,8,0.8035274965263124,0.8036250844792461,0.0,0.0
17,high,2026.9.7/log_30_2026-9-7-06-58-22.ulg,Sep7,vy,8,8,0.9921402191007695,0.9929001018607877,0.009978487499999997,0.0
17,high,2026.9.7/log_30_2026-9-7-06-58-22.ulg,Sep7,vz,8,8,0.9612791660150439,0.9648072333719095,0.0,0.0
17,high,2026.9.7/log_30_2026-9-7-06-58-22.ulg,Sep7,p,8,8,0.5805004238986287,0.667844579341103,0.0,0.125
17,high,2026.9.7/log_30_2026-9-7-06-58-22.ulg,Sep7,q,8,8,0.8709948886620776,0.8712476485980538,0.0,0.0
17,high,2026.9.7/log_30_2026-9-7-06-58-22.ulg,Sep7,r,8,8,0.518058716994886,0.6061361578353281,-0.019959512500000005,0.125
17,high,9.17数据/log_10_2026-9-17-06-34-34.ulg,Sep17,vx,34,34,0.8177157043751841,0.8441193424171869,0.0,0.11764705882352941
17,high,9.17数据/log_10_2026-9-17-06-34-34.ulg,Sep17,vy,34,34,0.8344682600778075,0.8727529322197884,0.0,0.08823529411764706
17,high,9.17数据/log_10_2026-9-17-06-34-34.ulg,Sep17,vz,34,34,0.9385903059303435,0.9408080082239079,0.0,0.029411764705882353
17,high,9.17数据/log_10_2026-9-17-06-34-34.ulg,Sep17,p,34,34,0.6772845189187757,0.7403707497523588,0.00997945,0.029411764705882353
17,high,9.17数据/log_10_2026-9-17-06-34-34.ulg,Sep17,q,34,34,0.8884105260286759,0.8983664703434912,0.0,0.0
17,high,9.17数据/log_10_2026-9-17-06-34-34.ulg,Sep17,r,34,34,0.6548780696252154,0.7467854476739351,0.019959750000000002,0.11764705882352941
17,high,9.17数据/log_11_2026-9-17-06-40-30.ulg,Sep17,vx,34,34,0.8329919914989056,0.864313461660202,0.0,0.058823529411764705
17,high,9.17数据/log_11_2026-9-17-06-40-30.ulg,Sep17,vy,34,34,0.900813919880356,0.9278602333071321,0.0,0.11764705882352941
17,high,9.17数据/log_11_2026-9-17-06-40-30.ulg,Sep17,vz,34,34,0.928249697716367,0.9387737026503568,0.0,0.0
17,high,9.17数据/log_11_2026-9-17-06-40-30.ulg,Sep17,p,34,34,0.7359518622343177,0.7886281031707887,0.0,0.0
17,high,9.17数据/log_11_2026-9-17-06-40-30.ulg,Sep17,q,34,34,0.8666640110557056,0.8946042407711345,0.0,0.0
17,high,9.17数据/log_11_2026-9-17-06-40-30.ulg,Sep17,r,34,34,0.710930691964562,0.8066871641238341,0.020211274999999997,0.20588235294117646
17,high,9.17数据/log_12_2026-9-17-06-46-02.ulg,Sep17,vx,27,27,0.8610964083454448,0.868201013313442,0.0,0.037037037037037035
17,high,9.17数据/log_12_2026-9-17-06-46-02.ulg,Sep17,vy,27,27,0.8828462627328486,0.9003515172540864,0.0,0.07407407407407407
17,high,9.17数据/log_12_2026-9-17-06-46-02.ulg,Sep17,vz,27,27,0.8920144678300561,0.9230200935105282,0.0,0.037037037037037035
17,high,9.17数据/log_12_2026-9-17-06-46-02.ulg,Sep17,p,27,27,0.6696998351868246,0.7370762927283534,0.019958800000000006,0.07407407407407407
17,high,9.17数据/log_12_2026-9-17-06-46-02.ulg,Sep17,q,27,27,0.8347909657814379,0.8599153187657929,0.0,0.0
17,high,9.17数据/log_12_2026-9-17-06-46-02.ulg,Sep17,r,27,27,0.6518250837090735,0.7594266104559898,0.03991527499999999,0.2962962962962963
17,high,9.17数据/log_13_2026-9-17-06-52-30.ulg,Sep17,vx,58,58,0.8310930041054241,0.8506545554983809,0.0,0.017241379310344827
17,high,9.17数据/log_13_2026-9-17-06-52-30.ulg,Sep17,vy,58,58,0.9150797418934358,0.9352829524322148,0.0,0.05172413793103448
17,high,9.17数据/log_13_2026-9-17-06-52-30.ulg,Sep17,vz,58,58,0.9304075187024974,0.9311578387583259,0.0,0.0
17,high,9.17数据/log_13_2026-9-17-06-52-30.ulg,Sep17,p,58,58,0.6809252088505365,0.7530014400493534,0.009978874999999996,0.05172413793103448
17,high,9.17数据/log_13_2026-9-17-06-52-30.ulg,Sep17,q,58,58,0.8624099795334718,0.8694970465066445,0.0,0.017241379310344827
17,high,9.17数据/log_13_2026-9-17-06-52-30.ulg,Sep17,r,58,58,0.6285852798838207,0.7453559885748029,0.02008555,0.29310344827586204
17,high,9.17数据/log_6_2026-9-17-06-02-24.ulg,Sep17,vx,35,35,0.9113785930570265,0.9173844901054421,0.0,0.05714285714285714
17,high,9.17数据/log_6_2026-9-17-06-02-24.ulg,Sep17,vy,35,35,0.8557994183696352,0.8663384901036563,0.0,0.08571428571428572
17,high,9.17数据/log_6_2026-9-17-06-02-24.ulg,Sep17,vz,35,35,0.9001157855870373,0.9055154278892091,0.0,0.02857142857142857
17,high,9.17数据/log_6_2026-9-17-06-02-24.ulg,Sep17,p,35,35,0.7269732297890564,0.7469699394156584,0.0,0.0
17,high,9.17数据/log_6_2026-9-17-06-02-24.ulg,Sep17,q,35,35,0.8374941866578046,0.8515840225624514,0.0,0.0
17,high,9.17数据/log_6_2026-9-17-06-02-24.ulg,Sep17,r,35,35,0.6029836938458868,0.7146483662596285,0.0399191,0.14285714285714285
17,high,9.17数据/log_7_2026-9-17-06-12-16.ulg,Sep17,vx,17,17,0.9548652854882197,0.9599344608255391,0.0,0.058823529411764705
17,high,9.17数据/log_7_2026-9-17-06-12-16.ulg,Sep17,vy,17,17,0.7878019698577521,0.8288960166827565,0.0,0.11764705882352941
17,high,9.17数据/log_7_2026-9-17-06-12-16.ulg,Sep17,vz,17,17,0.9608156053824334,0.9614670123662994,0.0,0.0
17,high,9.17数据/log_7_2026-9-17-06-12-16.ulg,Sep17,p,17,17,0.7090731483383566,0.745526660101236,0.0,0.0
17,high,9.17数据/log_7_2026-9-17-06-12-16.ulg,Sep17,q,17,17,0.8761236777842316,0.8882798023030559,0.0,0.0
17,high,9.17数据/log_7_2026-9-17-06-12-16.ulg,Sep17,r,17,17,0.7138122656329663,0.8032004057770535,0.03991657499999998,0.11764705882352941
17,high,9.17数据/log_8_2026-9-17-06-17-52.ulg,Sep17,vx,33,33,0.7512180810932696,0.7649696758662767,0.0,0.12121212121212122
17,high,9.17数据/log_8_2026-9-17-06-17-52.ulg,Sep17,vy,33,33,0.8207211598348986,0.836837018033367,0.0,0.09090909090909091
17,high,9.17数据/log_8_2026-9-17-06-17-52.ulg,Sep17,vz,33,33,0.9507158039572248,0.9514714105028492,0.0,0.0
17,high,9.17数据/log_8_2026-9-17-06-17-52.ulg,Sep17,p,33,33,0.7534865785601514,0.7989446222842014,0.0,0.0
17,high,9.17数据/log_8_2026-9-17-06-17-52.ulg,Sep17,q,33,33,0.8647090203509473,0.8901314064616074,0.0,0.0
17,high,9.17数据/log_8_2026-9-17-06-17-52.ulg,Sep17,r,33,33,0.5655027651443346,0.7354160883758832,0.03992234999999999,0.15151515151515152
17,high,9.17数据/log_9_2026-9-17-06-28-10.ulg,Sep17,vx,31,31,0.7994593575757621,0.82110037659732,0.0,0.0967741935483871
17,high,9.17数据/log_9_2026-9-17-06-28-10.ulg,Sep17,vy,31,31,0.9492235060685063,0.9601416042871936,0.0,0.06451612903225806
17,high,9.17数据/log_9_2026-9-17-06-28-10.ulg,Sep17,vz,31,31,0.8790737287030314,0.8855988137319654,0.0,0.03225806451612903
17,high,9.17数据/log_9_2026-9-17-06-28-10.ulg,Sep17,p,31,31,0.7409736061245609,0.7908369619546797,0.0,0.06451612903225806
17,high,9.17数据/log_9_2026-9-17-06-28-10.ulg,Sep17,q,31,31,0.8679550350589033,0.8734062590211745,0.0,0.0
17,high,9.17数据/log_9_2026-9-17-06-28-10.ulg,Sep17,r,31,31,0.7386731344063725,0.8049295112012683,0.019960050000000007,0.16129032258064516
17,drive_high,2026.9.7/log_21_2026-9-7-05-54-56.ulg,Sep7,vx,7,7,0.8160756127604263,0.8242332652786163,0.0,0.0
17,drive_high,2026.9.7/log_21_2026-9-7-05-54-56.ulg,Sep7,vy,7,7,0.7379354669346258,0.8269131366131308,-0.019957750000000003,0.14285714285714285
17,drive_high,2026.9.7/log_21_2026-9-7-05-54-56.ulg,Sep7,vz,7,7,0.92586326394288,0.9283904031671034,0.0,0.0
17,drive_high,2026.9.7/log_21_2026-9-7-05-54-56.ulg,Sep7,p,7,7,0.637218948955112,0.7079698164455871,0.019958199999999995,0.0
17,drive_high,2026.9.7/log_21_2026-9-7-05-54-56.ulg,Sep7,q,7,7,0.7892830332765362,0.823176302950975,0.0,0.0
17,drive_high,2026.9.7/log_21_2026-9-7-05-54-56.ulg,Sep7,r,7,7,0.5931503065504817,0.7160574972089753,-0.039917725,0.2857142857142857
17,drive_high,2026.9.7/log_22_2026-9-7-06-01-40.ulg,Sep7,vx,4,4,0.9853383665512815,0.9875701957340455,0.0,0.0
17,drive_high,2026.9.7/log_22_2026-9-7-06-01-40.ulg,Sep7,vy,4,4,0.6704878013357335,0.677567035737908,0.0,0.0
17,drive_high,2026.9.7/log_22_2026-9-7-06-01-40.ulg,Sep7,vz,4,4,0.9742303973976423,0.9742303973976423,0.0,0.0
17,drive_high,2026.9.7/log_22_2026-9-7-06-01-40.ulg,Sep7,p,4,4,0.5365049630884692,0.801601831417116,0.010101724999999997,0.0
17,drive_high,2026.9.7/log_22_2026-9-7-06-01-40.ulg,Sep7,q,4,4,0.7250161504227381,0.7273618248874838,0.0,0.0
17,drive_high,2026.9.7/log_22_2026-9-7-06-01-40.ulg,Sep7,r,4,4,0.12558425578042443,0.5848829315858686,-0.040165624999999996,0.5
17,drive_high,2026.9.7/log_23_2026-9-7-06-09-22.ulg,Sep7,vx,34,34,0.9190784876594177,0.9290073346273908,0.0,0.029411764705882353
17,drive_high,2026.9.7/log_23_2026-9-7-06-09-22.ulg,Sep7,vy,34,34,0.9424493189603481,0.946207383590734,0.0,0.058823529411764705
17,drive_high,2026.9.7/log_23_2026-9-7-06-09-22.ulg,Sep7,vz,34,34,0.9624126006464441,0.9632063824261194,0.0,0.0
17,drive_high,2026.9.7/log_23_2026-9-7-06-09-22.ulg,Sep7,p,34,34,0.7649961709285756,0.8017102072894507,0.0,0.0
17,drive_high,2026.9.7/log_23_2026-9-7-06-09-22.ulg,Sep7,q,34,34,0.8656409197893131,0.8685293542407542,0.0,0.0
17,drive_high,2026.9.7/log_23_2026-9-7-06-09-22.ulg,Sep7,r,34,34,0.3925977184537488,0.6014552495247266,-0.0399167,0.23529411764705882
17,drive_high,2026.9.7/log_24_2026-9-7-06-16-04.ulg,Sep7,vx,37,37,0.8064976681257953,0.809427909699235,0.0,0.0
17,drive_high,2026.9.7/log_24_2026-9-7-06-16-04.ulg,Sep7,vy,37,37,0.8450576543318719,0.849059883224829,0.0,0.02702702702702703
17,drive_high,2026.9.7/log_24_2026-9-7-06-16-04.ulg,Sep7,vz,37,37,0.9498839917966904,0.9513871530878925,0.0,0.0
17,drive_high,2026.9.7/log_24_2026-9-7-06-16-04.ulg,Sep7,p,37,37,0.6594159827146342,0.7627453294992951,0.019958275,0.02702702702702703
17,drive_high,2026.9.7/log_24_2026-9-7-06-16-04.ulg,Sep7,q,37,37,0.8693030520072129,0.8733049671665317,0.0,0.0
17,drive_high,2026.9.7/log_24_2026-9-7-06-16-04.ulg,Sep7,r,37,37,0.36401273694282854,0.5789119712657163,-0.039914399999999996,0.40540540540540543
17,drive_high,2026.9.7/log_26_2026-9-7-06-30-26.ulg,Sep7,vx,4,4,0.6356668106768186,0.8562195703909019,0.0,0.25
17,drive_high,2026.9.7/log_26_2026-9-7-06-30-26.ulg,Sep7,vy,4,4,0.32044661529261853,0.5177939093220113,2.5625000000025627e-06,0.25
17,drive_high,2026.9.7/log_26_2026-9-7-06-30-26.ulg,Sep7,vz,4,4,0.9720584089038742,0.9720584089038742,0.0,0.0
17,drive_high,2026.9.7/log_26_2026-9-7-06-30-26.ulg,Sep7,p,4,4,0.7679466765237233,0.8643704066592248,0.0199597875,0.0
17,drive_high,2026.9.7/log_26_2026-9-7-06-30-26.ulg,Sep7,q,4,4,0.7256958537726863,0.7627170919978608,0.0,0.0
17,drive_high,2026.9.7/log_26_2026-9-7-06-30-26.ulg,Sep7,r,4,4,0.5145932801565819,0.7797008455044386,-0.0601277375,0.25
17,drive_high,2026.9.7/log_28_2026-9-7-06-44-02.ulg,Sep7,vx,32,32,0.8657022532620335,0.8684625775729817,0.0,0.0
17,drive_high,2026.9.7/log_28_2026-9-7-06-44-02.ulg,Sep7,vy,32,32,0.9067813985390422,0.9111693448991967,0.0,0.0
17,drive_high,2026.9.7/log_28_2026-9-7-06-44-02.ulg,Sep7,vz,32,32,0.9730692167863696,0.9734238198500194,0.0,0.0
17,drive_high,2026.9.7/log_28_2026-9-7-06-44-02.ulg,Sep7,p,32,32,0.7634868368737244,0.8138445058627439,0.0199594,0.0
17,drive_high,2026.9.7/log_28_2026-9-7-06-44-02.ulg,Sep7,q,32,32,0.9101935245803575,0.9135704505619979,0.0,0.0
17,drive_high,2026.9.7/log_28_2026-9-7-06-44-02.ulg,Sep7,r,32,32,0.5055888169658445,0.6918887840921931,-0.059876162499999996,0.0625
17,drive_high,2026.9.7/log_29_2026-9-7-06-51-04.ulg,Sep7,vx,21,21,0.9450876833258137,0.9502546500148612,0.0,0.0
17,drive_high,2026.9.7/log_29_2026-9-7-06-51-04.ulg,Sep7,vy,21,21,0.9425785001130733,0.952967721385763,0.0,0.0
17,drive_high,2026.9.7/log_29_2026-9-7-06-51-04.ulg,Sep7,vz,21,21,0.9745708274966118,0.975600600748758,0.0,0.0
17,drive_high,2026.9.7/log_29_2026-9-7-06-51-04.ulg,Sep7,p,21,21,0.8804537965939859,0.9047024698591732,0.0,0.0
17,drive_high,2026.9.7/log_29_2026-9-7-06-51-04.ulg,Sep7,q,21,21,0.9041815716782706,0.9077511060777874,0.0,0.0
17,drive_high,2026.9.7/log_29_2026-9-7-06-51-04.ulg,Sep7,r,21,21,0.7178410194231868,0.7929952696091488,-0.019959849999999998,0.047619047619047616
17,drive_high,2026.9.7/log_30_2026-9-7-06-58-22.ulg,Sep7,vx,5,5,0.913801366266328,0.9144185299298367,0.0,0.0
17,drive_high,2026.9.7/log_30_2026-9-7-06-58-22.ulg,Sep7,vy,5,5,0.9495799753910348,0.9515391277315732,0.0,0.0
17,drive_high,2026.9.7/log_30_2026-9-7-06-58-22.ulg,Sep7,vz,5,5,0.9741556872913619,0.9741556872913619,0.0,0.0
17,drive_high,2026.9.7/log_30_2026-9-7-06-58-22.ulg,Sep7,p,5,5,0.8875541834631797,0.8902834693128743,0.0,0.0
17,drive_high,2026.9.7/log_30_2026-9-7-06-58-22.ulg,Sep7,q,5,5,0.8574845101733111,0.8574845101733111,0.0,0.0
17,drive_high,2026.9.7/log_30_2026-9-7-06-58-22.ulg,Sep7,r,5,5,0.43446959310230915,0.639002655760684,-0.05987635,0.2
17,drive_high,9.17数据/log_10_2026-9-17-06-34-34.ulg,Sep17,vx,52,52,0.9330378942957854,0.9357984083843698,0.0,0.0
17,drive_high,9.17数据/log_10_2026-9-17-06-34-34.ulg,Sep17,vy,52,52,0.8248984430432033,0.8548780310596157,0.0,0.11538461538461539
17,drive_high,9.17数据/log_10_2026-9-17-06-34-34.ulg,Sep17,vz,52,52,0.9401519856705135,0.9411211587235458,0.0,0.0
17,drive_high,9.17数据/log_10_2026-9-17-06-34-34.ulg,Sep17,p,52,52,0.6998047478756179,0.7501583157487796,0.0,0.0
17,drive_high,9.17数据/log_10_2026-9-17-06-34-34.ulg,Sep17,q,52,52,0.8917365299091432,0.8988947715734079,0.0,0.0
17,drive_high,9.17数据/log_10_2026-9-17-06-34-34.ulg,Sep17,r,52,52,0.5535368215617208,0.7362678472768671,0.03992001249999999,0.17307692307692307
17,drive_high,9.17数据/log_11_2026-9-17-06-40-30.ulg,Sep17,vx,52,52,0.9096134219635235,0.9202023342021808,0.0,0.0
17,drive_high,9.17数据/log_11_2026-9-17-06-40-30.ulg,Sep17,vy,52,52,0.8528951920332238,0.8769804214774763,0.0,0.19230769230769232
17,drive_high,9.17数据/log_11_2026-9-17-06-40-30.ulg,Sep17,vz,52,52,0.9393810268473023,0.9441553533243534,0.0,0.0
17,drive_high,9.17数据/log_11_2026-9-17-06-40-30.ulg,Sep17,p,52,52,0.7209158692520052,0.7652169006527926,0.0,0.0
17,drive_high,9.17数据/log_11_2026-9-17-06-40-30.ulg,Sep17,q,52,52,0.8940997345568824,0.9031351353077868,0.0,0.0
17,drive_high,9.17数据/log_11_2026-9-17-06-40-30.ulg,Sep17,r,52,52,0.6885564079672761,0.8134520136623373,0.0200867875,0.15384615384615385
17,drive_high,9.17数据/log_12_2026-9-17-06-46-02.ulg,Sep17,vx,44,44,0.888851067164834,0.8948273238553752,0.0,0.0
17,drive_high,9.17数据/log_12_2026-9-17-06-46-02.ulg,Sep17,vy,44,44,0.8177817484652375,0.8324679337521648,0.0,0.09090909090909091
17,drive_high,9.17数据/log_12_2026-9-17-06-46-02.ulg,Sep17,vz,44,44,0.9585862996147388,0.9588452032277462,0.0,0.0
17,drive_high,9.17数据/log_12_2026-9-17-06-46-02.ulg,Sep17,p,44,44,0.7099490666416157,0.7717358295543645,0.0,0.0
17,drive_high,9.17数据/log_12_2026-9-17-06-46-02.ulg,Sep17,q,44,44,0.9032133033913993,0.9057445805302113,0.0,0.0
17,drive_high,9.17数据/log_12_2026-9-17-06-46-02.ulg,Sep17,r,44,44,0.6819527307171757,0.8009552841160573,0.0399190625,0.045454545454545456
17,drive_high,9.17数据/log_13_2026-9-17-06-52-30.ulg,Sep17,vx,59,59,0.833176435001141,0.8520531352002367,0.0,0.03389830508474576
17,drive_high,9.17数据/log_13_2026-9-17-06-52-30.ulg,Sep17,vy,59,59,0.8355903247518665,0.8587530244355396,0.0,0.0847457627118644
17,drive_high,9.17数据/log_13_2026-9-17-06-52-30.ulg,Sep17,vz,59,59,0.9410029634795533,0.9412554125013792,0.0,0.0
17,drive_high,9.17数据/log_13_2026-9-17-06-52-30.ulg,Sep17,p,59,59,0.6558323739082911,0.7439593572129136,0.0199575,0.01694915254237288
17,drive_high,9.17数据/log_13_2026-9-17-06-52-30.ulg,Sep17,q,59,59,0.8744754780493825,0.8769206641158567,0.0,0.0
17,drive_high,9.17数据/log_13_2026-9-17-06-52-30.ulg,Sep17,r,59,59,0.6470637905450917,0.7398814273498966,0.039915849999999996,0.15254237288135594
17,drive_high,9.17数据/log_6_2026-9-17-06-02-24.ulg,Sep17,vx,32,32,0.9034347764061006,0.9066253416507793,0.0,0.0625
17,drive_high,9.17数据/log_6_2026-9-17-06-02-24.ulg,Sep17,vy,32,32,0.9424431192689287,0.9590475274054817,0.0,0.0625
17,drive_high,9.17数据/log_6_2026-9-17-06-02-24.ulg,Sep17,vz,32,32,0.8965585146173825,0.9018282119261087,0.0,0.03125
17,drive_high,9.17数据/log_6_2026-9-17-06-02-24.ulg,Sep17,p,32,32,0.7802511001297541,0.8017843200344399,0.0,0.0
17,drive_high,9.17数据/log_6_2026-9-17-06-02-24.ulg,Sep17,q,32,32,0.8964722266364593,0.9014943229529798,0.0,0.0
17,drive_high,9.17数据/log_6_2026-9-17-06-02-24.ulg,Sep17,r,32,32,0.4921991226007085,0.686510947586449,0.0598743875,0.09375
17,drive_high,9.17数据/log_7_2026-9-17-06-12-16.ulg,Sep17,vx,58,58,0.8811417384941423,0.8889159581081594,0.0,0.017241379310344827
17,drive_high,9.17数据/log_7_2026-9-17-06-12-16.ulg,Sep17,vy,58,58,0.8636116175122552,0.886048099883412,0.0,0.10344827586206896
17,drive_high,9.17数据/log_7_2026-9-17-06-12-16.ulg,Sep17,vz,58,58,0.9588898610748557,0.9595254527114565,0.0,0.0
17,drive_high,9.17数据/log_7_2026-9-17-06-12-16.ulg,Sep17,p,58,58,0.8295023604533773,0.8509013801246672,0.0,0.0
17,drive_high,9.17数据/log_7_2026-9-17-06-12-16.ulg,Sep17,q,58,58,0.9105458165920258,0.9133954350374733,0.0,0.0
17,drive_high,9.17数据/log_7_2026-9-17-06-12-16.ulg,Sep17,r,58,58,0.6297043103047776,0.7887885036835413,0.05987778749999999,0.13793103448275862
17,drive_high,9.17数据/log_8_2026-9-17-06-17-52.ulg,Sep17,vx,57,57,0.9033802295470648,0.906668492379808,0.0,0.017543859649122806
17,drive_high,9.17数据/log_8_2026-9-17-06-17-52.ulg,Sep17,vy,57,57,0.7997514130202991,0.81845944771548,0.0,0.05263157894736842
17,drive_high,9.17数据/log_8_2026-9-17-06-17-52.ulg,Sep17,vz,57,57,0.9582112957484764,0.9585101650872944,0.0,0.0
17,drive_high,9.17数据/log_8_2026-9-17-06-17-52.ulg,Sep17,p,57,57,0.7645093643739324,0.8094889227262196,0.01995775,0.0
17,drive_high,9.17数据/log_8_2026-9-17-06-17-52.ulg,Sep17,q,57,57,0.8887017628070828,0.9004022230337471,0.0,0.0
17,drive_high,9.17数据/log_8_2026-9-17-06-17-52.ulg,Sep17,r,57,57,0.6400550630081954,0.8035430989135334,0.03992269999999999,0.15789473684210525
17,drive_high,9.17数据/log_9_2026-9-17-06-28-10.ulg,Sep17,vx,35,35,0.8331473812797924,0.8614784585687673,0.0,0.11428571428571428
17,drive_high,9.17数据/log_9_2026-9-17-06-28-10.ulg,Sep17,vy,35,35,0.95333149470473,0.963640570134551,0.0,0.05714285714285714
17,drive_high,9.17数据/log_9_2026-9-17-06-28-10.ulg,Sep17,vz,35,35,0.8964585466399356,0.9001697395905537,0.0,0.02857142857142857
17,drive_high,9.17数据/log_9_2026-9-17-06-28-10.ulg,Sep17,p,35,35,0.7562449520197934,0.7984353729140712,0.0,0.02857142857142857
17,drive_high,9.17数据/log_9_2026-9-17-06-28-10.ulg,Sep17,q,35,35,0.8979254748140388,0.9012690981388746,0.0,0.0
17,drive_high,9.17数据/log_9_2026-9-17-06-28-10.ulg,Sep17,r,35,35,0.62633856779369,0.7416391554506884,0.039920325,0.14285714285714285
17,common_high,2026.9.7/log_21_2026-9-7-05-54-56.ulg,Sep7,vx,37,37,0.8551818245894589,0.864429882346295,0.0,0.0
17,common_high,2026.9.7/log_21_2026-9-7-05-54-56.ulg,Sep7,vy,37,37,0.8674648065481844,0.8905113696727688,0.0,0.05405405405405406
17,common_high,2026.9.7/log_21_2026-9-7-05-54-56.ulg,Sep7,vz,37,37,0.941194029914124,0.9437332505858476,0.0,0.0
17,common_high,2026.9.7/log_21_2026-9-7-05-54-56.ulg,Sep7,p,37,37,0.4511214636235884,0.6042571399451023,0.019958825000000006,0.05405405405405406
17,common_high,2026.9.7/log_21_2026-9-7-05-54-56.ulg,Sep7,q,37,37,0.8142194360808078,0.8276231372958874,0.0,0.0
17,common_high,2026.9.7/log_21_2026-9-7-05-54-56.ulg,Sep7,r,37,37,0.4562798702568208,0.6294434632010906,-0.04016105,0.24324324324324326
17,common_high,2026.9.7/log_22_2026-9-7-06-01-40.ulg,Sep7,vx,18,18,0.8055134747246333,0.8164225177361439,0.0,0.0
17,common_high,2026.9.7/log_22_2026-9-7-06-01-40.ulg,Sep7,vy,18,18,0.9019833673734282,0.9183731176316571,0.0,0.05555555555555555
17,common_high,2026.9.7/log_22_2026-9-7-06-01-40.ulg,Sep7,vz,18,18,0.9314932839589036,0.9314932839589036,0.0,0.0
17,common_high,2026.9.7/log_22_2026-9-7-06-01-40.ulg,Sep7,p,18,18,0.6412389648196498,0.7609959811541465,0.010101724999999997,0.0
17,common_high,2026.9.7/log_22_2026-9-7-06-01-40.ulg,Sep7,q,18,18,0.7698743548299666,0.7742693885493543,0.0,0.0
17,common_high,2026.9.7/log_22_2026-9-7-06-01-40.ulg,Sep7,r,18,18,0.44313986874988925,0.6313151699211212,-0.05987625,0.2777777777777778
17,common_high,2026.9.7/log_23_2026-9-7-06-09-22.ulg,Sep7,vx,23,23,0.8393336074152036,0.8576275947599328,0.0,0.08695652173913043
17,common_high,2026.9.7/log_23_2026-9-7-06-09-22.ulg,Sep7,vy,23,23,0.8589094222187397,0.8684982311255406,0.0,0.08695652173913043
17,common_high,2026.9.7/log_23_2026-9-7-06-09-22.ulg,Sep7,vz,23,23,0.8955920053138986,0.9036517732628535,0.0,0.0
17,common_high,2026.9.7/log_23_2026-9-7-06-09-22.ulg,Sep7,p,23,23,0.7007557842186485,0.7839319601915861,0.019956225,0.043478260869565216
17,common_high,2026.9.7/log_23_2026-9-7-06-09-22.ulg,Sep7,q,23,23,0.7365688608738977,0.7852306474506368,0.0,0.0
17,common_high,2026.9.7/log_23_2026-9-7-06-09-22.ulg,Sep7,r,23,23,0.5822013001135983,0.6608996573395534,-0.019959825000000004,0.13043478260869565
17,common_high,2026.9.7/log_24_2026-9-7-06-16-04.ulg,Sep7,vx,27,27,0.8418884490791959,0.8484698552199793,0.0,0.0
17,common_high,2026.9.7/log_24_2026-9-7-06-16-04.ulg,Sep7,vy,27,27,0.9146068947767249,0.9393228787757166,0.0,0.07407407407407407
17,common_high,2026.9.7/log_24_2026-9-7-06-16-04.ulg,Sep7,vz,27,27,0.9378734544419559,0.9440292751800895,0.0,0.0
17,common_high,2026.9.7/log_24_2026-9-7-06-16-04.ulg,Sep7,p,27,27,0.6238797101843299,0.7300658207467042,0.019959024999999995,0.07407407407407407
17,common_high,2026.9.7/log_24_2026-9-7-06-16-04.ulg,Sep7,q,27,27,0.833909006456972,0.8456047918815516,0.0,0.0
17,common_high,2026.9.7/log_24_2026-9-7-06-16-04.ulg,Sep7,r,27,27,0.41393879275151446,0.574797137753777,-0.039911175,0.2962962962962963
17,common_high,2026.9.7/log_26_2026-9-7-06-30-26.ulg,Sep7,vx,18,18,0.6877037221503559,0.752255230581994,0.0,0.1111111111111111
17,common_high,2026.9.7/log_26_2026-9-7-06-30-26.ulg,Sep7,vy,18,18,0.7119135817971097,0.8031298082066878,0.0,0.1111111111111111
17,common_high,2026.9.7/log_26_2026-9-7-06-30-26.ulg,Sep7,vz,18,18,0.8694145061990218,0.9106402970213963,0.0,0.05555555555555555
17,common_high,2026.9.7/log_26_2026-9-7-06-30-26.ulg,Sep7,p,18,18,0.6967760505103998,0.8084592218006299,0.019960150000000003,0.0
17,common_high,2026.9.7/log_26_2026-9-7-06-30-26.ulg,Sep7,q,18,18,0.7594667579574347,0.7685779115942835,0.0,0.0
17,common_high,2026.9.7/log_26_2026-9-7-06-30-26.ulg,Sep7,r,18,18,0.5352513422236606,0.6754438154959211,-0.04017196250000001,0.16666666666666666
17,common_high,2026.9.7/log_27_2026-9-7-06-37-24.ulg,Sep7,vx,16,16,0.6268408071514256,0.652528721331324,0.0,0.0625
17,common_high,2026.9.7/log_27_2026-9-7-06-37-24.ulg,Sep7,vy,16,16,0.8623746696837191,0.8654944148320655,0.0,0.0625
17,common_high,2026.9.7/log_27_2026-9-7-06-37-24.ulg,Sep7,vz,16,16,0.9383596118771597,0.9383596118771597,0.0,0.0
17,common_high,2026.9.7/log_27_2026-9-7-06-37-24.ulg,Sep7,p,16,16,0.8164813207202045,0.86340230057829,0.019957812499999998,0.0
17,common_high,2026.9.7/log_27_2026-9-7-06-37-24.ulg,Sep7,q,16,16,0.7664221004270759,0.7913170121495803,0.0,0.0625
17,common_high,2026.9.7/log_27_2026-9-7-06-37-24.ulg,Sep7,r,16,16,0.39723812936850567,0.5651474244794059,-0.039920025,0.0
17,common_high,2026.9.7/log_28_2026-9-7-06-44-02.ulg,Sep7,vx,18,18,0.9037228991676926,0.9085422080997935,0.0,0.0
17,common_high,2026.9.7/log_28_2026-9-7-06-44-02.ulg,Sep7,vy,18,18,0.9099941158593027,0.9274720272103578,0.0,0.05555555555555555
17,common_high,2026.9.7/log_28_2026-9-7-06-44-02.ulg,Sep7,vz,18,18,0.9261573858383753,0.9352281340857969,0.0,0.05555555555555555
17,common_high,2026.9.7/log_28_2026-9-7-06-44-02.ulg,Sep7,p,18,18,0.6630031622481034,0.723892780906201,0.009978875000000002,0.0
17,common_high,2026.9.7/log_28_2026-9-7-06-44-02.ulg,Sep7,q,18,18,0.8584034802260941,0.8703198050312658,0.0,0.0
17,common_high,2026.9.7/log_28_2026-9-7-06-44-02.ulg,Sep7,r,18,18,0.5027027997056265,0.6483084684803763,-0.03991791249999999,0.16666666666666666
17,common_high,2026.9.7/log_29_2026-9-7-06-51-04.ulg,Sep7,vx,18,18,0.8285424536223869,0.8314448838431227,0.0,0.0
17,common_high,2026.9.7/log_29_2026-9-7-06-51-04.ulg,Sep7,vy,18,18,0.929488607584308,0.9332011329425437,0.0,0.0
17,common_high,2026.9.7/log_29_2026-9-7-06-51-04.ulg,Sep7,vz,18,18,0.9473175629533986,0.9557267775330242,0.0,0.05555555555555555
17,common_high,2026.9.7/log_29_2026-9-7-06-51-04.ulg,Sep7,p,18,18,0.7793485020773647,0.8571883152194242,0.0199586125,0.0
17,common_high,2026.9.7/log_29_2026-9-7-06-51-04.ulg,Sep7,q,18,18,0.7294921858858885,0.7623818363980573,0.0,0.0
17,common_high,2026.9.7/log_29_2026-9-7-06-51-04.ulg,Sep7,r,18,18,0.6264775186756137,0.6959958119289062,-0.01996025,0.05555555555555555
17,common_high,2026.9.7/log_30_2026-9-7-06-58-22.ulg,Sep7,vx,16,16,0.9265780283167859,0.929093439525067,0.0,0.0
17,common_high,2026.9.7/log_30_2026-9-7-06-58-22.ulg,Sep7,vy,16,16,0.8375245053945255,0.8424801011075369,0.0,0.0625
17,common_high,2026.9.7/log_30_2026-9-7-06-58-22.ulg,Sep7,vz,16,16,0.9477930199964106,0.9522034759006319,0.0,0.0
17,common_high,2026.9.7/log_30_2026-9-7-06-58-22.ulg,Sep7,p,16,16,0.6297968451232504,0.7250118005515829,0.009978487499999997,0.0625
17,common_high,2026.9.7/log_30_2026-9-7-06-58-22.ulg,Sep7,q,16,16,0.823825268894024,0.827773238753845,0.0,0.0
17,common_high,2026.9.7/log_30_2026-9-7-06-58-22.ulg,Sep7,r,16,16,0.45766516822878445,0.6028250717291725,-0.019959624999999998,0.1875
17,common_high,9.17数据/log_10_2026-9-17-06-34-34.ulg,Sep17,vx,26,26,0.8556999884346871,0.8611452397891098,0.0,0.038461538461538464
17,common_high,9.17数据/log_10_2026-9-17-06-34-34.ulg,Sep17,vy,26,26,0.6837669298685379,0.7122940940064908,0.0,0.15384615384615385
17,common_high,9.17数据/log_10_2026-9-17-06-34-34.ulg,Sep17,vz,26,26,0.9479336996610962,0.9501533399928194,0.0,0.038461538461538464
17,common_high,9.17数据/log_10_2026-9-17-06-34-34.ulg,Sep17,p,26,26,0.6900487102184688,0.7478408715124378,0.0,0.038461538461538464
17,common_high,9.17数据/log_10_2026-9-17-06-34-34.ulg,Sep17,q,26,26,0.8841945066639417,0.8958968134982522,0.0,0.0
17,common_high,9.17数据/log_10_2026-9-17-06-34-34.ulg,Sep17,r,26,26,0.6167618927689589,0.8047999418876498,0.0399189625,0.19230769230769232
17,common_high,9.17数据/log_11_2026-9-17-06-40-30.ulg,Sep17,vx,33,33,0.8161508579605048,0.8445844073181771,0.0,0.06060606060606061
17,common_high,9.17数据/log_11_2026-9-17-06-40-30.ulg,Sep17,vy,33,33,0.8974533058631822,0.9211098727810789,0.0,0.12121212121212122
17,common_high,9.17数据/log_11_2026-9-17-06-40-30.ulg,Sep17,vz,33,33,0.925005411220056,0.9351307917462546,0.0,0.0
17,common_high,9.17数据/log_11_2026-9-17-06-40-30.ulg,Sep17,p,33,33,0.7174711322022449,0.7524455409142559,0.0199581,0.0
17,common_high,9.17数据/log_11_2026-9-17-06-40-30.ulg,Sep17,q,33,33,0.8563875645554381,0.8831234769293551,0.0,0.0
17,common_high,9.17数据/log_11_2026-9-17-06-40-30.ulg,Sep17,r,33,33,0.782527624060977,0.8700050434164696,0.0,0.21212121212121213
17,common_high,9.17数据/log_12_2026-9-17-06-46-02.ulg,Sep17,vx,30,30,0.9211256670033923,0.9221141603823693,0.0,0.03333333333333333
17,common_high,9.17数据/log_12_2026-9-17-06-46-02.ulg,Sep17,vy,30,30,0.8772730442228274,0.9034248627990141,0.0,0.06666666666666667
17,common_high,9.17数据/log_12_2026-9-17-06-46-02.ulg,Sep17,vz,30,30,0.9121530749227224,0.9398651945244463,0.0,0.03333333333333333
17,common_high,9.17数据/log_12_2026-9-17-06-46-02.ulg,Sep17,p,30,30,0.6632982927446601,0.7210159526427937,0.0199589875,0.03333333333333333
17,common_high,9.17数据/log_12_2026-9-17-06-46-02.ulg,Sep17,q,30,30,0.8658301193487373,0.8869222928447786,0.0,0.0
17,common_high,9.17数据/log_12_2026-9-17-06-46-02.ulg,Sep17,r,30,30,0.6064970365202512,0.7455860884238626,0.039916812499999996,0.23333333333333334
17,common_high,9.17数据/log_13_2026-9-17-06-52-30.ulg,Sep17,vx,43,43,0.8493959647995909,0.8626918751006593,0.0,0.046511627906976744
17,common_high,9.17数据/log_13_2026-9-17-06-52-30.ulg,Sep17,vy,43,43,0.91972734150798,0.9292026053613117,0.0,0.046511627906976744
17,common_high,9.17数据/log_13_2026-9-17-06-52-30.ulg,Sep17,vz,43,43,0.936678120390295,0.9367177708701516,0.0,0.0
17,common_high,9.17数据/log_13_2026-9-17-06-52-30.ulg,Sep17,p,43,43,0.6629709522186394,0.7600803519165423,0.0,0.046511627906976744
17,common_high,9.17数据/log_13_2026-9-17-06-52-30.ulg,Sep17,q,43,43,0.8525310669009479,0.8580092333757967,0.0,0.023255813953488372
17,common_high,9.17数据/log_13_2026-9-17-06-52-30.ulg,Sep17,r,43,43,0.47983727667026865,0.6138364889677873,0.0199601,0.3023255813953488
17,common_high,9.17数据/log_6_2026-9-17-06-02-24.ulg,Sep17,vx,27,27,0.9136189493634388,0.9213108485582666,0.0,0.1111111111111111
17,common_high,9.17数据/log_6_2026-9-17-06-02-24.ulg,Sep17,vy,27,27,0.8306584968905665,0.8477777646537008,0.0,0.1111111111111111
17,common_high,9.17数据/log_6_2026-9-17-06-02-24.ulg,Sep17,vz,27,27,0.8845822106471793,0.8923586961565482,0.0,0.037037037037037035
17,common_high,9.17数据/log_6_2026-9-17-06-02-24.ulg,Sep17,p,27,27,0.7810977739649394,0.8102317490291334,0.0,0.0
17,common_high,9.17数据/log_6_2026-9-17-06-02-24.ulg,Sep17,q,27,27,0.8565062381577521,0.8657818472653974,0.0,0.0
17,common_high,9.17数据/log_6_2026-9-17-06-02-24.ulg,Sep17,r,27,27,0.5435961373546758,0.680630396012142,0.04016449999999999,0.1111111111111111
17,common_high,9.17数据/log_7_2026-9-17-06-12-16.ulg,Sep17,vx,28,28,0.9682773310245915,0.9705236237959219,0.0,0.03571428571428571
17,common_high,9.17数据/log_7_2026-9-17-06-12-16.ulg,Sep17,vy,28,28,0.8924220724499389,0.9073641728156129,0.0,0.10714285714285714
17,common_high,9.17数据/log_7_2026-9-17-06-12-16.ulg,Sep17,vz,28,28,0.941418940391214,0.9421432235523935,0.0,0.0
17,common_high,9.17数据/log_7_2026-9-17-06-12-16.ulg,Sep17,p,28,28,0.8017842644342743,0.8127255948265504,0.0,0.0
17,common_high,9.17数据/log_7_2026-9-17-06-12-16.ulg,Sep17,q,28,28,0.8867874099361979,0.8939583484530885,0.0,0.0
17,common_high,9.17数据/log_7_2026-9-17-06-12-16.ulg,Sep17,r,28,28,0.6249321309806896,0.769409697910049,0.040418499999999996,0.14285714285714285
17,common_high,9.17数据/log_8_2026-9-17-06-17-52.ulg,Sep17,vx,32,32,0.7917406202242275,0.8043692269372613,0.0,0.0625
17,common_high,9.17数据/log_8_2026-9-17-06-17-52.ulg,Sep17,vy,32,32,0.8439515895211829,0.8658207549458328,0.0,0.09375
17,common_high,9.17数据/log_8_2026-9-17-06-17-52.ulg,Sep17,vz,32,32,0.9512008704966394,0.9514940244162822,0.0,0.0
17,common_high,9.17数据/log_8_2026-9-17-06-17-52.ulg,Sep17,p,32,32,0.7154096697507797,0.7703611122284172,0.009979150000000003,0.0
17,common_high,9.17数据/log_8_2026-9-17-06-17-52.ulg,Sep17,q,32,32,0.8757297262135005,0.8958173498240976,0.0,0.0
17,common_high,9.17数据/log_8_2026-9-17-06-17-52.ulg,Sep17,r,32,32,0.5236826469744534,0.6905973103407113,0.039919449999999995,0.25
17,common_high,9.17数据/log_9_2026-9-17-06-28-10.ulg,Sep17,vx,30,30,0.8469013404508176,0.8755720596719454,0.0,0.13333333333333333
17,common_high,9.17数据/log_9_2026-9-17-06-28-10.ulg,Sep17,vy,30,30,0.9101907271817623,0.9206008677298315,0.0,0.1
17,common_high,9.17数据/log_9_2026-9-17-06-28-10.ulg,Sep17,vz,30,30,0.8772151961435273,0.8855723123700514,0.0,0.03333333333333333
17,common_high,9.17数据/log_9_2026-9-17-06-28-10.ulg,Sep17,p,30,30,0.6904980439256829,0.7538513745875937,0.0199583375,0.06666666666666667
17,common_high,9.17数据/log_9_2026-9-17-06-28-10.ulg,Sep17,q,30,30,0.8633563276872531,0.8737159333292314,0.0,0.0
17,common_high,9.17数据/log_9_2026-9-17-06-28-10.ulg,Sep17,r,30,30,0.6796550947108025,0.7699251224346305,0.03991916249999998,0.2
17,differential_high,2026.9.7/log_21_2026-9-7-05-54-56.ulg,Sep7,vx,22,22,0.8159023598327146,0.8242308985192686,0.0,0.0
17,differential_high,2026.9.7/log_21_2026-9-7-05-54-56.ulg,Sep7,vy,22,22,0.8827375392962985,0.9236106777773183,0.0,0.09090909090909091
17,differential_high,2026.9.7/log_21_2026-9-7-05-54-56.ulg,Sep7,vz,22,22,0.9485007884884737,0.9485007884884737,0.0,0.0
17,differential_high,2026.9.7/log_21_2026-9-7-05-54-56.ulg,Sep7,p,22,22,0.44469524906338687,0.5693600658388424,0.019957812499999998,0.09090909090909091
17,differential_high,2026.9.7/log_21_2026-9-7-05-54-56.ulg,Sep7,q,22,22,0.8257143777127254,0.8257143777127254,0.0,0.0
17,differential_high,2026.9.7/log_21_2026-9-7-05-54-56.ulg,Sep7,r,22,22,0.5612664331716798,0.64901039963318,-0.0399135,0.13636363636363635
17,differential_high,2026.9.7/log_22_2026-9-7-06-01-40.ulg,Sep7,vx,46,46,0.8591530216615947,0.8681086970726369,0.0,0.021739130434782608
17,differential_high,2026.9.7/log_22_2026-9-7-06-01-40.ulg,Sep7,vy,46,46,0.7975340829811152,0.8267054216833256,0.0,0.10869565217391304
17,differential_high,2026.9.7/log_22_2026-9-7-06-01-40.ulg,Sep7,vz,46,46,0.9619446087968427,0.9619446087968427,0.0,0.0
17,differential_high,2026.9.7/log_22_2026-9-7-06-01-40.ulg,Sep7,p,46,46,0.6380131547401375,0.7440277543455865,0.019957449999999998,0.0
17,differential_high,2026.9.7/log_22_2026-9-7-06-01-40.ulg,Sep7,q,46,46,0.8176355754622201,0.8231351678134257,0.0,0.0
17,differential_high,2026.9.7/log_22_2026-9-7-06-01-40.ulg,Sep7,r,46,46,0.5171989140737835,0.7165810141688652,-0.0402885625,0.1956521739130435
17,differential_high,2026.9.7/log_23_2026-9-7-06-09-22.ulg,Sep7,vx,34,34,0.7551018411252696,0.7724629961979571,0.0,0.08823529411764706
17,differential_high,2026.9.7/log_23_2026-9-7-06-09-22.ulg,Sep7,vy,34,34,0.8483392097120495,0.8700248751587053,0.0,0.029411764705882353
17,differential_high,2026.9.7/log_23_2026-9-7-06-09-22.ulg,Sep7,vz,34,34,0.9570780372453735,0.9617364514311675,0.0,0.0
17,differential_high,2026.9.7/log_23_2026-9-7-06-09-22.ulg,Sep7,p,34,34,0.7110551624523688,0.8038407118862054,0.0199579,0.0
17,differential_high,2026.9.7/log_23_2026-9-7-06-09-22.ulg,Sep7,q,34,34,0.8183033453727093,0.8288121751470976,0.0,0.0
17,differential_high,2026.9.7/log_23_2026-9-7-06-09-22.ulg,Sep7,r,34,34,0.5949375645246182,0.7046358875581281,-0.03991323749999999,0.14705882352941177
17,differential_high,2026.9.7/log_24_2026-9-7-06-16-04.ulg,Sep7,vx,27,27,0.7669924465832586,0.7743834168987094,0.0,0.0
17,differential_high,2026.9.7/log_24_2026-9-7-06-16-04.ulg,Sep7,vy,27,27,0.8713528987456622,0.8834667467364119,0.0,0.037037037037037035
17,differential_high,2026.9.7/log_24_2026-9-7-06-16-04.ulg,Sep7,vz,27,27,0.9484498060381922,0.9506612162319735,0.0,0.0
17,differential_high,2026.9.7/log_24_2026-9-7-06-16-04.ulg,Sep7,p,27,27,0.7104158300428302,0.8062863121618773,0.019957474999999995,0.0
17,differential_high,2026.9.7/log_24_2026-9-7-06-16-04.ulg,Sep7,q,27,27,0.8372649611678322,0.8440415429347202,0.0,0.0
17,differential_high,2026.9.7/log_24_2026-9-7-06-16-04.ulg,Sep7,r,27,27,0.29873045492915984,0.5278832497743933,-0.039922999999999986,0.4074074074074074
17,differential_high,2026.9.7/log_26_2026-9-7-06-30-26.ulg,Sep7,vx,25,25,0.7465254545775235,0.794599492689835,0.0,0.04
17,differential_high,2026.9.7/log_26_2026-9-7-06-30-26.ulg,Sep7,vy,25,25,0.8433030492925156,0.8769004150045407,0.0,0.04
17,differential_high,2026.9.7/log_26_2026-9-7-06-30-26.ulg,Sep7,vz,25,25,0.9058539673395453,0.9369121431208586,0.0,0.04
17,differential_high,2026.9.7/log_26_2026-9-7-06-30-26.ulg,Sep7,p,25,25,0.7157044573389567,0.8047345667373856,0.019960400000000003,0.0
17,differential_high,2026.9.7/log_26_2026-9-7-06-30-26.ulg,Sep7,q,25,25,0.8195538978063014,0.8278749880339369,0.0,0.0
17,differential_high,2026.9.7/log_26_2026-9-7-06-30-26.ulg,Sep7,r,25,25,0.42476799520955894,0.6026072976427546,-0.039925100000000005,0.16
17,differential_high,2026.9.7/log_27_2026-9-7-06-37-24.ulg,Sep7,vx,25,25,0.8337177181816523,0.8489821560582813,0.0,0.04
17,differential_high,2026.9.7/log_27_2026-9-7-06-37-24.ulg,Sep7,vy,25,25,0.8715837587306173,0.8767784677507808,0.0,0.0
17,differential_high,2026.9.7/log_27_2026-9-7-06-37-24.ulg,Sep7,vz,25,25,0.974488869383531,0.9744923002853413,0.0,0.0
17,differential_high,2026.9.7/log_27_2026-9-7-06-37-24.ulg,Sep7,p,25,25,0.7418803163751894,0.8196236014282756,0.019959575,0.0
17,differential_high,2026.9.7/log_27_2026-9-7-06-37-24.ulg,Sep7,q,25,25,0.8049045987571961,0.8080271650269473,0.0,0.0
17,differential_high,2026.9.7/log_27_2026-9-7-06-37-24.ulg,Sep7,r,25,25,0.5289855078037877,0.6412266303862065,-0.019959400000000006,0.08
17,differential_high,2026.9.7/log_28_2026-9-7-06-44-02.ulg,Sep7,vx,22,22,0.83416045834911,0.8376826271483654,0.0,0.0
17,differential_high,2026.9.7/log_28_2026-9-7-06-44-02.ulg,Sep7,vy,22,22,0.8691158394822067,0.8797218365354046,0.0,0.045454545454545456
17,differential_high,2026.9.7/log_28_2026-9-7-06-44-02.ulg,Sep7,vz,22,22,0.9325329175009739,0.9399544387943188,0.0,0.045454545454545456
17,differential_high,2026.9.7/log_28_2026-9-7-06-44-02.ulg,Sep7,p,22,22,0.6471102601482159,0.723677338669827,0.019958699999999996,0.0
17,differential_high,2026.9.7/log_28_2026-9-7-06-44-02.ulg,Sep7,q,22,22,0.8065046283085621,0.8120779475134746,0.0,0.0
17,differential_high,2026.9.7/log_28_2026-9-7-06-44-02.ulg,Sep7,r,22,22,0.4209580846665693,0.5408673823929375,-0.0199581125,0.13636363636363635
17,differential_high,2026.9.7/log_29_2026-9-7-06-51-04.ulg,Sep7,vx,32,32,0.9198068120888732,0.9294145500510573,0.0,0.0
17,differential_high,2026.9.7/log_29_2026-9-7-06-51-04.ulg,Sep7,vy,32,32,0.9261127146038097,0.9304635038545912,0.0,0.0
17,differential_high,2026.9.7/log_29_2026-9-7-06-51-04.ulg,Sep7,vz,32,32,0.9612424514385447,0.9667160983842795,0.0,0.03125
17,differential_high,2026.9.7/log_29_2026-9-7-06-51-04.ulg,Sep7,p,32,32,0.7959255571268861,0.8477712622691562,0.0,0.0
17,differential_high,2026.9.7/log_29_2026-9-7-06-51-04.ulg,Sep7,q,32,32,0.740722327400398,0.7563091677242397,0.0,0.0
17,differential_high,2026.9.7/log_29_2026-9-7-06-51-04.ulg,Sep7,r,32,32,0.7176839252671434,0.7555549199617326,-0.0099784875,0.03125
17,differential_high,2026.9.7/log_30_2026-9-7-06-58-22.ulg,Sep7,vx,11,11,0.777720662726687,0.7777916357833661,0.0,0.0
17,differential_high,2026.9.7/log_30_2026-9-7-06-58-22.ulg,Sep7,vy,11,11,0.9953390321391296,0.9957605532481353,0.0,0.0
17,differential_high,2026.9.7/log_30_2026-9-7-06-58-22.ulg,Sep7,vz,11,11,0.9599577885747828,0.9625236557434124,0.0,0.0
17,differential_high,2026.9.7/log_30_2026-9-7-06-58-22.ulg,Sep7,p,11,11,0.6497738354873946,0.713296857627376,0.0,0.09090909090909091
17,differential_high,2026.9.7/log_30_2026-9-7-06-58-22.ulg,Sep7,q,11,11,0.8576376359086813,0.857821461316664,0.0,0.0
17,differential_high,2026.9.7/log_30_2026-9-7-06-58-22.ulg,Sep7,r,11,11,0.47637994107645465,0.54900070694866,-0.019958850000000004,0.18181818181818182
17,differential_high,9.17数据/log_10_2026-9-17-06-34-34.ulg,Sep17,vx,31,31,0.7632407009998243,0.794505377687132,0.0,0.12903225806451613
17,differential_high,9.17数据/log_10_2026-9-17-06-34-34.ulg,Sep17,vy,31,31,0.8169756352639399,0.8612653376237146,0.0,0.0967741935483871
17,differential_high,9.17数据/log_10_2026-9-17-06-34-34.ulg,Sep17,vz,31,31,0.9361054121062051,0.9380024359827334,0.0,0.03225806451612903
17,differential_high,9.17数据/log_10_2026-9-17-06-34-34.ulg,Sep17,p,31,31,0.6682545751103589,0.7304033881749157,0.019959,0.03225806451612903
17,differential_high,9.17数据/log_10_2026-9-17-06-34-34.ulg,Sep17,q,31,31,0.8965072629710672,0.9052431693961496,0.0,0.0
17,differential_high,9.17数据/log_10_2026-9-17-06-34-34.ulg,Sep17,r,31,31,0.6276679963753153,0.7214320326562554,0.019959225000000004,0.0967741935483871
17,differential_high,9.17数据/log_11_2026-9-17-06-40-30.ulg,Sep17,vx,36,36,0.8319069317365356,0.8644441065131961,0.0,0.05555555555555555
17,differential_high,9.17数据/log_11_2026-9-17-06-40-30.ulg,Sep17,vy,36,36,0.9013199788630829,0.9271520152886379,0.0,0.1111111111111111
17,differential_high,9.17数据/log_11_2026-9-17-06-40-30.ulg,Sep17,vz,36,36,0.9211692431473616,0.9313930991024137,0.0,0.0
17,differential_high,9.17数据/log_11_2026-9-17-06-40-30.ulg,Sep17,p,36,36,0.7041995009094757,0.7637997992239228,0.009979112499999998,0.0
17,differential_high,9.17数据/log_11_2026-9-17-06-40-30.ulg,Sep17,q,36,36,0.8656934840680284,0.8920814787992667,0.0,0.0
17,differential_high,9.17数据/log_11_2026-9-17-06-40-30.ulg,Sep17,r,36,36,0.6583751175880433,0.7669689975226827,0.02021185,0.25
17,differential_high,9.17数据/log_12_2026-9-17-06-46-02.ulg,Sep17,vx,28,28,0.8284521560098964,0.8357468364045587,0.0,0.03571428571428571
17,differential_high,9.17数据/log_12_2026-9-17-06-46-02.ulg,Sep17,vy,28,28,0.9128593135019895,0.9305905040748831,0.0,0.07142857142857142
17,differential_high,9.17数据/log_12_2026-9-17-06-46-02.ulg,Sep17,vz,28,28,0.8916282962656805,0.9203318860450878,0.0,0.03571428571428571
17,differential_high,9.17数据/log_12_2026-9-17-06-46-02.ulg,Sep17,p,28,28,0.6694760593453092,0.7404467582411719,0.019959574999999997,0.07142857142857142
17,differential_high,9.17数据/log_12_2026-9-17-06-46-02.ulg,Sep17,q,28,28,0.8529767990180701,0.8717131985794355,0.0,0.0
17,differential_high,9.17数据/log_12_2026-9-17-06-46-02.ulg,Sep17,r,28,28,0.6433031809614199,0.7286158946960514,0.03006015,0.21428571428571427
17,differential_high,9.17数据/log_13_2026-9-17-06-52-30.ulg,Sep17,vx,58,58,0.8526367351369962,0.871854984690207,0.0,0.017241379310344827
17,differential_high,9.17数据/log_13_2026-9-17-06-52-30.ulg,Sep17,vy,58,58,0.9138750425655533,0.9342777362674884,0.0,0.06896551724137931
17,differential_high,9.17数据/log_13_2026-9-17-06-52-30.ulg,Sep17,vz,58,58,0.9373546715247874,0.938104991580616,0.0,0.0
17,differential_high,9.17数据/log_13_2026-9-17-06-52-30.ulg,Sep17,p,58,58,0.6671791035775643,0.7459611043211558,0.019957874999999996,0.05172413793103448
17,differential_high,9.17数据/log_13_2026-9-17-06-52-30.ulg,Sep17,q,58,58,0.8721022668889643,0.8782128977000295,0.0,0.0
17,differential_high,9.17数据/log_13_2026-9-17-06-52-30.ulg,Sep17,r,58,58,0.6133776845157732,0.732360911748531,0.039794237499999996,0.27586206896551724
17,differential_high,9.17数据/log_6_2026-9-17-06-02-24.ulg,Sep17,vx,30,30,0.9105277206490899,0.9211380452887177,0.0,0.1
17,differential_high,9.17数据/log_6_2026-9-17-06-02-24.ulg,Sep17,vy,30,30,0.8502738894194343,0.8586487851970983,0.0,0.06666666666666667
17,differential_high,9.17数据/log_6_2026-9-17-06-02-24.ulg,Sep17,vz,30,30,0.8955695523031121,0.9018691349889791,0.0,0.03333333333333333
17,differential_high,9.17数据/log_6_2026-9-17-06-02-24.ulg,Sep17,p,30,30,0.7180906192209858,0.740822668117673,0.009978,0.0
17,differential_high,9.17数据/log_6_2026-9-17-06-02-24.ulg,Sep17,q,30,30,0.8351801385116023,0.8501117805431537,0.0,0.0
17,differential_high,9.17数据/log_6_2026-9-17-06-02-24.ulg,Sep17,r,30,30,0.6513485294105349,0.753288663230535,0.03991913749999999,0.13333333333333333
17,differential_high,9.17数据/log_7_2026-9-17-06-12-16.ulg,Sep17,vx,17,17,0.9123296455676037,0.9177566211878425,0.0,0.058823529411764705
17,differential_high,9.17数据/log_7_2026-9-17-06-12-16.ulg,Sep17,vy,17,17,0.7995687397798582,0.8368857639808172,0.0,0.11764705882352941
17,differential_high,9.17数据/log_7_2026-9-17-06-12-16.ulg,Sep17,vz,17,17,0.9449072680857329,0.9449072680857329,0.0,0.0
17,differential_high,9.17数据/log_7_2026-9-17-06-12-16.ulg,Sep17,p,17,17,0.7717921857657316,0.8039369729369981,0.0,0.0
17,differential_high,9.17数据/log_7_2026-9-17-06-12-16.ulg,Sep17,q,17,17,0.8585009705015151,0.8691094312972367,0.0,0.0
17,differential_high,9.17数据/log_7_2026-9-17-06-12-16.ulg,Sep17,r,17,17,0.6768128796382259,0.7853573851034327,0.039918775000000004,0.058823529411764705
17,differential_high,9.17数据/log_8_2026-9-17-06-17-52.ulg,Sep17,vx,29,29,0.6977658868189152,0.7142174521982563,0.0,0.13793103448275862
17,differential_high,9.17数据/log_8_2026-9-17-06-17-52.ulg,Sep17,vy,29,29,0.8078878983228421,0.8247916887682796,0.0,0.10344827586206896
17,differential_high,9.17数据/log_8_2026-9-17-06-17-52.ulg,Sep17,vz,29,29,0.9453629028367724,0.9461384964000342,0.0,0.0
17,differential_high,9.17数据/log_8_2026-9-17-06-17-52.ulg,Sep17,p,29,29,0.7698006240072393,0.820577881730543,0.0,0.0
17,differential_high,9.17数据/log_8_2026-9-17-06-17-52.ulg,Sep17,q,29,29,0.8610040014184335,0.8899329235443569,0.0,0.0
17,differential_high,9.17数据/log_8_2026-9-17-06-17-52.ulg,Sep17,r,29,29,0.5857008731166186,0.7399455105138643,0.040164099999999994,0.1724137931034483
17,differential_high,9.17数据/log_9_2026-9-17-06-28-10.ulg,Sep17,vx,28,28,0.7798497839422066,0.8030904802736635,0.0,0.07142857142857142
17,differential_high,9.17数据/log_9_2026-9-17-06-28-10.ulg,Sep17,vy,28,28,0.9348023280497868,0.945875741570727,0.0,0.03571428571428571
17,differential_high,9.17数据/log_9_2026-9-17-06-28-10.ulg,Sep17,vz,28,28,0.8856250571130893,0.8903965485467821,0.0,0.03571428571428571
17,differential_high,9.17数据/log_9_2026-9-17-06-28-10.ulg,Sep17,p,28,28,0.7609013022566758,0.8074691267643611,0.0,0.03571428571428571
17,differential_high,9.17数据/log_9_2026-9-17-06-28-10.ulg,Sep17,q,28,28,0.8587763743537788,0.8608258818307408,0.0,0.0
17,differential_high,9.17数据/log_9_2026-9-17-06-28-10.ulg,Sep17,r,28,28,0.7279120986191295,0.7986180994157948,0.019959987500000005,0.17857142857142858
17,rudder_high,2026.9.7/log_21_2026-9-7-05-54-56.ulg,Sep7,vx,24,24,0.8665554879928434,0.8772763602335966,0.0,0.0
17,rudder_high,2026.9.7/log_21_2026-9-7-05-54-56.ulg,Sep7,vy,24,24,0.9438981179773824,0.9454285511126926,0.0,0.041666666666666664
17,rudder_high,2026.9.7/log_21_2026-9-7-05-54-56.ulg,Sep7,vz,24,24,0.9276732247880014,0.9295500907652294,0.0,0.0
17,rudder_high,2026.9.7/log_21_2026-9-7-05-54-56.ulg,Sep7,p,24,24,0.6001435796980016,0.6898099708465982,0.009978125000000004,0.0
17,rudder_high,2026.9.7/log_21_2026-9-7-05-54-56.ulg,Sep7,q,24,24,0.8171014296782694,0.8275632823454293,0.0,0.0
17,rudder_high,2026.9.7/log_21_2026-9-7-05-54-56.ulg,Sep7,r,24,24,0.6257277489877953,0.741562694275851,-0.02993432499999999,0.125
17,rudder_high,2026.9.7/log_22_2026-9-7-06-01-40.ulg,Sep7,vx,23,23,0.9051911383381461,0.9095888502255375,0.0,0.0
17,rudder_high,2026.9.7/log_22_2026-9-7-06-01-40.ulg,Sep7,vy,23,23,0.9274868735351167,0.9371200756292213,0.0,0.0
17,rudder_high,2026.9.7/log_22_2026-9-7-06-01-40.ulg,Sep7,vz,23,23,0.9534035694291627,0.9534035694291627,0.0,0.0
17,rudder_high,2026.9.7/log_22_2026-9-7-06-01-40.ulg,Sep7,p,23,23,0.7100570621862549,0.7559559394219025,0.019957825000000002,0.0
17,rudder_high,2026.9.7/log_22_2026-9-7-06-01-40.ulg,Sep7,q,23,23,0.8094083351329041,0.8105552116662899,0.0,0.0
17,rudder_high,2026.9.7/log_22_2026-9-7-06-01-40.ulg,Sep7,r,23,23,0.5690093000114284,0.6962511972196437,-0.040164325,0.13043478260869565
17,rudder_high,2026.9.7/log_23_2026-9-7-06-09-22.ulg,Sep7,vx,28,28,0.9024761512199847,0.9134220068963588,0.0,0.07142857142857142
17,rudder_high,2026.9.7/log_23_2026-9-7-06-09-22.ulg,Sep7,vy,28,28,0.8292362344009707,0.8391543758745942,0.0,0.03571428571428571
17,rudder_high,2026.9.7/log_23_2026-9-7-06-09-22.ulg,Sep7,vz,28,28,0.9113156694187039,0.9165640216983822,0.0,0.0
17,rudder_high,2026.9.7/log_23_2026-9-7-06-09-22.ulg,Sep7,p,28,28,0.777746828879087,0.8312491253471467,0.019955962499999997,0.0
17,rudder_high,2026.9.7/log_23_2026-9-7-06-09-22.ulg,Sep7,q,28,28,0.7785260107998289,0.8117281902102738,0.0,0.0
17,rudder_high,2026.9.7/log_23_2026-9-7-06-09-22.ulg,Sep7,r,28,28,0.5800701360952766,0.6684604140811807,-0.019958174999999998,0.10714285714285714
17,rudder_high,2026.9.7/log_24_2026-9-7-06-16-04.ulg,Sep7,vx,20,20,0.9430331530998629,0.9448136511784261,0.0,0.0
17,rudder_high,2026.9.7/log_24_2026-9-7-06-16-04.ulg,Sep7,vy,20,20,0.8975098980745184,0.8990966632545346,0.0,0.0
17,rudder_high,2026.9.7/log_24_2026-9-7-06-16-04.ulg,Sep7,vz,20,20,0.9313601047969368,0.939670462793417,0.0,0.0
17,rudder_high,2026.9.7/log_24_2026-9-7-06-16-04.ulg,Sep7,p,20,20,0.6617283260000797,0.7666077399846943,0.019958925,0.05
17,rudder_high,2026.9.7/log_24_2026-9-7-06-16-04.ulg,Sep7,q,20,20,0.7977639375458716,0.8144136570213568,0.0,0.0
17,rudder_high,2026.9.7/log_24_2026-9-7-06-16-04.ulg,Sep7,r,20,20,0.3607757298731615,0.5184182966654709,-0.030058799999999997,0.3
17,rudder_high,2026.9.7/log_26_2026-9-7-06-30-26.ulg,Sep7,vx,15,15,0.8071463124387469,0.8690302938646529,0.0,0.06666666666666667
17,rudder_high,2026.9.7/log_26_2026-9-7-06-30-26.ulg,Sep7,vy,15,15,0.8360510403803956,0.8885043149554277,0.0,0.06666666666666667
17,rudder_high,2026.9.7/log_26_2026-9-7-06-30-26.ulg,Sep7,vz,15,15,0.8751764791473183,0.9246474281341677,0.0,0.06666666666666667
17,rudder_high,2026.9.7/log_26_2026-9-7-06-30-26.ulg,Sep7,p,15,15,0.7839425670077852,0.8398088658831474,0.01995985,0.0
17,rudder_high,2026.9.7/log_26_2026-9-7-06-30-26.ulg,Sep7,q,15,15,0.7947583830111856,0.8056917673754039,0.0,0.0
17,rudder_high,2026.9.7/log_26_2026-9-7-06-30-26.ulg,Sep7,r,15,15,0.6312217080718109,0.734853045144964,-0.020208675000000002,0.06666666666666667
17,rudder_high,2026.9.7/log_27_2026-9-7-06-37-24.ulg,Sep7,vx,18,18,0.8947209442388679,0.9001247081219006,0.0,0.0
17,rudder_high,2026.9.7/log_27_2026-9-7-06-37-24.ulg,Sep7,vy,18,18,0.9854251182412833,0.9861482083691896,0.0,0.0
17,rudder_high,2026.9.7/log_27_2026-9-7-06-37-24.ulg,Sep7,vz,18,18,0.9754397939674175,0.9768286241278427,0.0,0.0
17,rudder_high,2026.9.7/log_27_2026-9-7-06-37-24.ulg,Sep7,p,18,18,0.7914320885917265,0.8717938012178944,0.019958637499999998,0.0
17,rudder_high,2026.9.7/log_27_2026-9-7-06-37-24.ulg,Sep7,q,18,18,0.7042937365634007,0.7141678567578913,0.0,0.05555555555555555
17,rudder_high,2026.9.7/log_27_2026-9-7-06-37-24.ulg,Sep7,r,18,18,0.5252538848824118,0.6982428707715909,-0.039920725,0.1111111111111111
17,rudder_high,2026.9.7/log_28_2026-9-7-06-44-02.ulg,Sep7,vx,23,23,0.8821531994036487,0.882850291619453,0.0,0.0
17,rudder_high,2026.9.7/log_28_2026-9-7-06-44-02.ulg,Sep7,vy,23,23,0.8958902842794256,0.8971226873638289,0.0,0.0
17,rudder_high,2026.9.7/log_28_2026-9-7-06-44-02.ulg,Sep7,vz,23,23,0.9330627551756973,0.9401616016302011,0.0,0.043478260869565216
17,rudder_high,2026.9.7/log_28_2026-9-7-06-44-02.ulg,Sep7,p,23,23,0.6798013268244634,0.7627372020253524,0.019958749999999994,0.0
17,rudder_high,2026.9.7/log_28_2026-9-7-06-44-02.ulg,Sep7,q,23,23,0.7980128239198506,0.8080440525364246,0.0,0.0
17,rudder_high,2026.9.7/log_28_2026-9-7-06-44-02.ulg,Sep7,r,23,23,0.49091362656829857,0.6306015061809871,-0.019957400000000004,0.17391304347826086
17,rudder_high,2026.9.7/log_29_2026-9-7-06-51-04.ulg,Sep7,vx,26,26,0.9489637882321309,0.9516479395115047,0.0,0.0
17,rudder_high,2026.9.7/log_29_2026-9-7-06-51-04.ulg,Sep7,vy,26,26,0.9748642981589385,0.9790336424838038,0.0,0.0
17,rudder_high,2026.9.7/log_29_2026-9-7-06-51-04.ulg,Sep7,vz,26,26,0.9574752027222717,0.9642119989631761,0.0,0.038461538461538464
17,rudder_high,2026.9.7/log_29_2026-9-7-06-51-04.ulg,Sep7,p,26,26,0.787017134904396,0.8419827262982114,0.0,0.0
17,rudder_high,2026.9.7/log_29_2026-9-7-06-51-04.ulg,Sep7,q,26,26,0.7714946596942115,0.7897611235130597,0.0,0.0
17,rudder_high,2026.9.7/log_29_2026-9-7-06-51-04.ulg,Sep7,r,26,26,0.7027664212381481,0.764173167256981,0.0,0.038461538461538464
17,rudder_high,2026.9.7/log_30_2026-9-7-06-58-22.ulg,Sep7,vx,21,21,0.904726298718396,0.9056945326918834,0.0,0.0
17,rudder_high,2026.9.7/log_30_2026-9-7-06-58-22.ulg,Sep7,vy,21,21,0.7903406210981839,0.7928780758215256,0.0,0.047619047619047616
17,rudder_high,2026.9.7/log_30_2026-9-7-06-58-22.ulg,Sep7,vz,21,21,0.9577466380499958,0.9597105104736985,0.0,0.0
17,rudder_high,2026.9.7/log_30_2026-9-7-06-58-22.ulg,Sep7,p,21,21,0.6393785924034795,0.6974268711953827,0.0,0.047619047619047616
17,rudder_high,2026.9.7/log_30_2026-9-7-06-58-22.ulg,Sep7,q,21,21,0.8308054845160159,0.8336617394792402,0.0,0.0
17,rudder_high,2026.9.7/log_30_2026-9-7-06-58-22.ulg,Sep7,r,21,21,0.5517340838355679,0.6394749561636507,-0.019958850000000004,0.14285714285714285
17,rudder_high,9.17数据/log_10_2026-9-17-06-34-34.ulg,Sep17,vx,37,37,0.8935453947133811,0.9018501562486042,0.0,0.05405405405405406
17,rudder_high,9.17数据/log_10_2026-9-17-06-34-34.ulg,Sep17,vy,37,37,0.8038993953260566,0.8453095512987356,0.0,0.13513513513513514
17,rudder_high,9.17数据/log_10_2026-9-17-06-34-34.ulg,Sep17,vz,37,37,0.9161462400433689,0.9178762455901585,0.0,0.02702702702702703
17,rudder_high,9.17数据/log_10_2026-9-17-06-34-34.ulg,Sep17,p,37,37,0.7095079215314886,0.7704691636622248,0.0,0.0
17,rudder_high,9.17数据/log_10_2026-9-17-06-34-34.ulg,Sep17,q,37,37,0.8901574097416045,0.8979029194783552,0.0,0.0
17,rudder_high,9.17数据/log_10_2026-9-17-06-34-34.ulg,Sep17,r,37,37,0.7324542375361135,0.7912972623790332,0.019959225000000004,0.08108108108108109
17,rudder_high,9.17数据/log_11_2026-9-17-06-40-30.ulg,Sep17,vx,26,26,0.8286562356138677,0.8577345978876392,0.0,0.07692307692307693
17,rudder_high,9.17数据/log_11_2026-9-17-06-40-30.ulg,Sep17,vy,26,26,0.929797432301542,0.9425368061769561,0.0,0.038461538461538464
17,rudder_high,9.17数据/log_11_2026-9-17-06-40-30.ulg,Sep17,vz,26,26,0.9413253033538888,0.948136858318646,0.0,0.0
17,rudder_high,9.17数据/log_11_2026-9-17-06-40-30.ulg,Sep17,p,26,26,0.7496601826645157,0.7735730373865908,0.0099789625,0.0
17,rudder_high,9.17数据/log_11_2026-9-17-06-40-30.ulg,Sep17,q,26,26,0.8763076622051311,0.9007582998075312,0.0,0.0
17,rudder_high,9.17数据/log_11_2026-9-17-06-40-30.ulg,Sep17,r,26,26,0.7430703758044468,0.8512849662140055,0.009979187500000002,0.11538461538461539
17,rudder_high,9.17数据/log_12_2026-9-17-06-46-02.ulg,Sep17,vx,22,22,0.9279211400815939,0.9324637010533628,0.0,0.045454545454545456
17,rudder_high,9.17数据/log_12_2026-9-17-06-46-02.ulg,Sep17,vy,22,22,0.9149826666820907,0.9326219110714195,0.0,0.09090909090909091
17,rudder_high,9.17数据/log_12_2026-9-17-06-46-02.ulg,Sep17,vz,22,22,0.8852504988958824,0.9209838617172994,0.0,0.045454545454545456
17,rudder_high,9.17数据/log_12_2026-9-17-06-46-02.ulg,Sep17,p,22,22,0.6262126039412155,0.6936262518002931,0.019959412499999996,0.09090909090909091
17,rudder_high,9.17数据/log_12_2026-9-17-06-46-02.ulg,Sep17,q,22,22,0.8315296516719516,0.8558991049840955,0.0,0.0
17,rudder_high,9.17数据/log_12_2026-9-17-06-46-02.ulg,Sep17,r,22,22,0.5820106916682138,0.7421475327846963,0.05999874999999999,0.2727272727272727
17,rudder_high,9.17数据/log_13_2026-9-17-06-52-30.ulg,Sep17,vx,56,56,0.8599410586300404,0.8845537481034522,0.0,0.05357142857142857
17,rudder_high,9.17数据/log_13_2026-9-17-06-52-30.ulg,Sep17,vy,56,56,0.8726944548513937,0.9024507138942818,0.0,0.10714285714285714
17,rudder_high,9.17数据/log_13_2026-9-17-06-52-30.ulg,Sep17,vz,56,56,0.9259478328235069,0.9261227659938746,0.0,0.0
17,rudder_high,9.17数据/log_13_2026-9-17-06-52-30.ulg,Sep17,p,56,56,0.6279948125924196,0.711095170626179,0.0,0.0
17,rudder_high,9.17数据/log_13_2026-9-17-06-52-30.ulg,Sep17,q,56,56,0.849265085233804,0.8558793246179965,0.0,0.017857142857142856
17,rudder_high,9.17数据/log_13_2026-9-17-06-52-30.ulg,Sep17,r,56,56,0.6295413476650012,0.7465029746114211,0.019960162500000003,0.21428571428571427
17,rudder_high,9.17数据/log_6_2026-9-17-06-02-24.ulg,Sep17,vx,26,26,0.9369187403184518,0.9409329434509325,0.0,0.07692307692307693
17,rudder_high,9.17数据/log_6_2026-9-17-06-02-24.ulg,Sep17,vy,26,26,0.8830213268248591,0.8881675844088033,0.0,0.038461538461538464
17,rudder_high,9.17数据/log_6_2026-9-17-06-02-24.ulg,Sep17,vz,26,26,0.8881019572821097,0.8951238174592688,0.0,0.038461538461538464
17,rudder_high,9.17数据/log_6_2026-9-17-06-02-24.ulg,Sep17,p,26,26,0.7515082544596999,0.767079890098379,0.0,0.0
17,rudder_high,9.17数据/log_6_2026-9-17-06-02-24.ulg,Sep17,q,26,26,0.8347449343506556,0.8457317989790406,0.0,0.0
17,rudder_high,9.17数据/log_6_2026-9-17-06-02-24.ulg,Sep17,r,26,26,0.6532812212544586,0.7600784504483045,0.019959099999999994,0.11538461538461539
17,rudder_high,9.17数据/log_7_2026-9-17-06-12-16.ulg,Sep17,vx,23,23,0.8845849453003097,0.8951473559348307,0.0,0.043478260869565216
17,rudder_high,9.17数据/log_7_2026-9-17-06-12-16.ulg,Sep17,vy,23,23,0.859171681935897,0.8958241249787531,0.0,0.13043478260869565
17,rudder_high,9.17数据/log_7_2026-9-17-06-12-16.ulg,Sep17,vz,23,23,0.9377340604145838,0.9377340604145838,0.0,0.0
17,rudder_high,9.17数据/log_7_2026-9-17-06-12-16.ulg,Sep17,p,23,23,0.7902429332763085,0.8206143521619788,0.0,0.0
17,rudder_high,9.17数据/log_7_2026-9-17-06-12-16.ulg,Sep17,q,23,23,0.8561527200881006,0.8653292133326258,0.0,0.0
17,rudder_high,9.17数据/log_7_2026-9-17-06-12-16.ulg,Sep17,r,23,23,0.7319030976966863,0.7881582679518381,0.019960500000000003,0.08695652173913043
17,rudder_high,9.17数据/log_8_2026-9-17-06-17-52.ulg,Sep17,vx,32,32,0.7564035268538989,0.778458419526364,0.0,0.15625
17,rudder_high,9.17数据/log_8_2026-9-17-06-17-52.ulg,Sep17,vy,32,32,0.9166816489243728,0.9215304435086598,0.0,0.0625
17,rudder_high,9.17数据/log_8_2026-9-17-06-17-52.ulg,Sep17,vz,32,32,0.9397765564718911,0.9405557757220663,0.0,0.0
17,rudder_high,9.17数据/log_8_2026-9-17-06-17-52.ulg,Sep17,p,32,32,0.7727487677634153,0.8125245602825544,0.0,0.0
17,rudder_high,9.17数据/log_8_2026-9-17-06-17-52.ulg,Sep17,q,32,32,0.8484427181589758,0.8767503975141424,0.0,0.0
17,rudder_high,9.17数据/log_8_2026-9-17-06-17-52.ulg,Sep17,r,32,32,0.7386502740636804,0.8436234477550271,0.039919887499999994,0.09375
17,rudder_high,9.17数据/log_9_2026-9-17-06-28-10.ulg,Sep17,vx,39,39,0.8593373478021851,0.8716603723177665,0.0,0.07692307692307693
17,rudder_high,9.17数据/log_9_2026-9-17-06-28-10.ulg,Sep17,vy,39,39,0.9176981838638211,0.9257283057471616,0.0,0.05128205128205128
17,rudder_high,9.17数据/log_9_2026-9-17-06-28-10.ulg,Sep17,vz,39,39,0.8929662052870688,0.8984914601694037,0.0,0.02564102564102564
17,rudder_high,9.17数据/log_9_2026-9-17-06-28-10.ulg,Sep17,p,39,39,0.7568597885256714,0.7928507902737871,0.0,0.05128205128205128
17,rudder_high,9.17数据/log_9_2026-9-17-06-28-10.ulg,Sep17,q,39,39,0.8702339525149637,0.8758750767693431,0.0,0.0
17,rudder_high,9.17数据/log_9_2026-9-17-06-28-10.ulg,Sep17,r,39,39,0.7018035863885119,0.7916527635564279,0.019960924999999997,0.23076923076923078
23,ALL,2026.9.7/log_21_2026-9-7-05-54-56.ulg,Sep7,vx,168,168,0.7843283567400723,0.7940997648708087,0.0,0.005952380952380952
23,ALL,2026.9.7/log_21_2026-9-7-05-54-56.ulg,Sep7,vy,168,168,0.8576743488252432,0.886831795481337,0.0,0.07142857142857142
23,ALL,2026.9.7/log_21_2026-9-7-05-54-56.ulg,Sep7,vz,168,168,0.9504232953860251,0.9517042235950621,0.0,0.0
23,ALL,2026.9.7/log_21_2026-9-7-05-54-56.ulg,Sep7,p,168,168,0.48354725513183283,0.6197349306039857,0.019957975000000003,0.02976190476190476
23,ALL,2026.9.7/log_21_2026-9-7-05-54-56.ulg,Sep7,q,168,168,0.8863341268418,0.8922244246892499,0.0,0.0
23,ALL,2026.9.7/log_21_2026-9-7-05-54-56.ulg,Sep7,r,168,168,0.3474552625453309,0.6273192711000629,-0.039914325,0.39880952380952384
23,ALL,2026.9.7/log_22_2026-9-7-06-01-40.ulg,Sep7,vx,182,182,0.7629456049847998,0.7738195022941182,0.0,0.04395604395604396
23,ALL,2026.9.7/log_22_2026-9-7-06-01-40.ulg,Sep7,vy,182,182,0.7904332460611271,0.8065973630230278,0.0,0.04395604395604396
23,ALL,2026.9.7/log_22_2026-9-7-06-01-40.ulg,Sep7,vz,182,182,0.9504573952837972,0.9555741521597788,0.0,0.005494505494505495
23,ALL,2026.9.7/log_22_2026-9-7-06-01-40.ulg,Sep7,p,182,182,0.642032656004777,0.7222067346192869,0.0,0.01098901098901099
23,ALL,2026.9.7/log_22_2026-9-7-06-01-40.ulg,Sep7,q,182,182,0.8347272367214587,0.8403139504417623,0.0,0.005494505494505495
23,ALL,2026.9.7/log_22_2026-9-7-06-01-40.ulg,Sep7,r,182,182,0.41360131481811035,0.6471528668586894,-0.05987481250000001,0.29120879120879123
23,ALL,2026.9.7/log_23_2026-9-7-06-09-22.ulg,Sep7,vx,160,160,0.8247575422862777,0.8340107863813977,0.0,0.03125
23,ALL,2026.9.7/log_23_2026-9-7-06-09-22.ulg,Sep7,vy,160,160,0.8306857621420232,0.8477541164176738,0.0,0.04375
23,ALL,2026.9.7/log_23_2026-9-7-06-09-22.ulg,Sep7,vz,160,160,0.9526739352236719,0.9546357028079434,0.0,0.0
23,ALL,2026.9.7/log_23_2026-9-7-06-09-22.ulg,Sep7,p,160,160,0.7597209528973647,0.8008539094393349,0.0,0.00625
23,ALL,2026.9.7/log_23_2026-9-7-06-09-22.ulg,Sep7,q,160,160,0.8309442251739142,0.8383464346026382,0.0,0.0
23,ALL,2026.9.7/log_23_2026-9-7-06-09-22.ulg,Sep7,r,160,160,0.48094121358453623,0.6640785986721317,-0.0399155125,0.2375
23,ALL,2026.9.7/log_24_2026-9-7-06-16-04.ulg,Sep7,vx,161,161,0.7677759531035337,0.7835163440261519,0.0,0.037267080745341616
23,ALL,2026.9.7/log_24_2026-9-7-06-16-04.ulg,Sep7,vy,161,161,0.8600337102393059,0.8766111408990211,0.0,0.037267080745341616
23,ALL,2026.9.7/log_24_2026-9-7-06-16-04.ulg,Sep7,vz,161,161,0.953784985357031,0.9549068420358872,0.0,0.006211180124223602
23,ALL,2026.9.7/log_24_2026-9-7-06-16-04.ulg,Sep7,p,161,161,0.6582793286891753,0.764290366194306,0.019958124999999993,0.012422360248447204
23,ALL,2026.9.7/log_24_2026-9-7-06-16-04.ulg,Sep7,q,161,161,0.8605610087606665,0.8681812986240905,0.0,0.0
23,ALL,2026.9.7/log_24_2026-9-7-06-16-04.ulg,Sep7,r,161,161,0.41219450405976193,0.6001144827675828,-0.039665225,0.2981366459627329
23,ALL,2026.9.7/log_26_2026-9-7-06-30-26.ulg,Sep7,vx,150,150,0.7822932652043858,0.7879820067018124,0.0,0.02
23,ALL,2026.9.7/log_26_2026-9-7-06-30-26.ulg,Sep7,vy,150,150,0.7823883445455068,0.8063191613146679,0.0,0.04666666666666667
23,ALL,2026.9.7/log_26_2026-9-7-06-30-26.ulg,Sep7,vz,150,150,0.9584588371259868,0.9642577684849971,0.0,0.006666666666666667
23,ALL,2026.9.7/log_26_2026-9-7-06-30-26.ulg,Sep7,p,150,150,0.7548511012235065,0.8403780479524346,0.01995955,0.0
23,ALL,2026.9.7/log_26_2026-9-7-06-30-26.ulg,Sep7,q,150,150,0.8131181905614143,0.8230597482625481,0.0,0.0
23,ALL,2026.9.7/log_26_2026-9-7-06-30-26.ulg,Sep7,r,150,150,0.4289751744684617,0.6770513499345875,-0.05987935,0.28
23,ALL,2026.9.7/log_27_2026-9-7-06-37-24.ulg,Sep7,vx,155,155,0.843505439289873,0.8539352359403012,0.0,0.01935483870967742
23,ALL,2026.9.7/log_27_2026-9-7-06-37-24.ulg,Sep7,vy,155,155,0.8533464763199237,0.8599470381064418,0.0,0.0064516129032258064
23,ALL,2026.9.7/log_27_2026-9-7-06-37-24.ulg,Sep7,vz,155,155,0.971322155653284,0.9718435826040062,0.0,0.0
23,ALL,2026.9.7/log_27_2026-9-7-06-37-24.ulg,Sep7,p,155,155,0.8287424568710123,0.8708570427044838,0.019958125,0.0
23,ALL,2026.9.7/log_27_2026-9-7-06-37-24.ulg,Sep7,q,155,155,0.7925085579072062,0.800295019099854,0.0,0.012903225806451613
23,ALL,2026.9.7/log_27_2026-9-7-06-37-24.ulg,Sep7,r,155,155,0.4428795964910971,0.6402573802432122,-0.03991940000000001,0.13548387096774195
23,ALL,2026.9.7/log_28_2026-9-7-06-44-02.ulg,Sep7,vx,140,140,0.8707031384363183,0.8770123178294712,0.0,0.0
23,ALL,2026.9.7/log_28_2026-9-7-06-44-02.ulg,Sep7,vy,140,140,0.8726957208197453,0.8847896402738722,0.0,0.02142857142857143
23,ALL,2026.9.7/log_28_2026-9-7-06-44-02.ulg,Sep7,vz,140,140,0.9651807516094245,0.9665046127602664,0.0,0.007142857142857143
23,ALL,2026.9.7/log_28_2026-9-7-06-44-02.ulg,Sep7,p,140,140,0.7441944669751671,0.8039187450695017,0.0199584375,0.0
23,ALL,2026.9.7/log_28_2026-9-7-06-44-02.ulg,Sep7,q,140,140,0.8641779356280007,0.8677219455125912,0.0,0.0
23,ALL,2026.9.7/log_28_2026-9-7-06-44-02.ulg,Sep7,r,140,140,0.45938363249291003,0.6142027356774792,-0.03991658749999999,0.11428571428571428
23,ALL,2026.9.7/log_29_2026-9-7-06-51-04.ulg,Sep7,vx,201,201,0.8697055182905573,0.8740300125284504,0.0,0.004975124378109453
23,ALL,2026.9.7/log_29_2026-9-7-06-51-04.ulg,Sep7,vy,201,201,0.9203780344575988,0.9280153850885974,0.0,0.03482587064676617
23,ALL,2026.9.7/log_29_2026-9-7-06-51-04.ulg,Sep7,vz,201,201,0.9744271179727715,0.9754620219430981,0.0,0.004975124378109453
23,ALL,2026.9.7/log_29_2026-9-7-06-51-04.ulg,Sep7,p,201,201,0.8719787955504351,0.8941618482992699,0.0,0.0
23,ALL,2026.9.7/log_29_2026-9-7-06-51-04.ulg,Sep7,q,201,201,0.8106805762718085,0.8235228734675042,0.0,0.0
23,ALL,2026.9.7/log_29_2026-9-7-06-51-04.ulg,Sep7,r,201,201,0.6178434942203689,0.6949965679667218,-0.0199592,0.03980099502487562
23,ALL,2026.9.7/log_30_2026-9-7-06-58-22.ulg,Sep7,vx,164,164,0.8006802498834455,0.8095559864741666,0.0,0.012195121951219513
23,ALL,2026.9.7/log_30_2026-9-7-06-58-22.ulg,Sep7,vy,164,164,0.8098226992854725,0.82037464330627,0.0,0.04878048780487805
23,ALL,2026.9.7/log_30_2026-9-7-06-58-22.ulg,Sep7,vz,164,164,0.9657803534815523,0.9664500349439941,0.0,0.0
23,ALL,2026.9.7/log_30_2026-9-7-06-58-22.ulg,Sep7,p,164,164,0.7430528468379473,0.7897090634862324,0.0,0.018292682926829267
23,ALL,2026.9.7/log_30_2026-9-7-06-58-22.ulg,Sep7,q,164,164,0.854892823076114,0.8602911385253555,0.0,0.0
23,ALL,2026.9.7/log_30_2026-9-7-06-58-22.ulg,Sep7,r,164,164,0.5533503119311506,0.6702831208524646,-0.0202084125,0.08536585365853659
23,ALL,9.17数据/log_10_2026-9-17-06-34-34.ulg,Sep17,vx,130,130,0.8489541792533467,0.8656161267708338,0.0,0.046153846153846156
23,ALL,9.17数据/log_10_2026-9-17-06-34-34.ulg,Sep17,vy,130,130,0.8314007565510935,0.8544123337630455,0.0,0.09230769230769231
23,ALL,9.17数据/log_10_2026-9-17-06-34-34.ulg,Sep17,vz,130,130,0.9219501586275153,0.92676023955881,0.0,0.0
23,ALL,9.17数据/log_10_2026-9-17-06-34-34.ulg,Sep17,p,130,130,0.7021951156965193,0.7505600780935529,0.0,0.007692307692307693
23,ALL,9.17数据/log_10_2026-9-17-06-34-34.ulg,Sep17,q,130,130,0.8792961933951862,0.8984789201714575,0.0,0.0
23,ALL,9.17数据/log_10_2026-9-17-06-34-34.ulg,Sep17,r,130,130,0.5564526774813784,0.7093017891242985,0.019960962499999995,0.19230769230769232
23,ALL,9.17数据/log_11_2026-9-17-06-40-30.ulg,Sep17,vx,145,145,0.8343471674961137,0.8480742032887529,0.0,0.020689655172413793
23,ALL,9.17数据/log_11_2026-9-17-06-40-30.ulg,Sep17,vy,145,145,0.8262577780425437,0.8440138785261516,0.0,0.04827586206896552
23,ALL,9.17数据/log_11_2026-9-17-06-40-30.ulg,Sep17,vz,145,145,0.9312613194097723,0.9375641054179897,0.0,0.006896551724137931
23,ALL,9.17数据/log_11_2026-9-17-06-40-30.ulg,Sep17,p,145,145,0.7042834520550664,0.7567071820170891,0.0,0.006896551724137931
23,ALL,9.17数据/log_11_2026-9-17-06-40-30.ulg,Sep17,q,145,145,0.8703890978214084,0.8848400938272646,0.0,0.006896551724137931
23,ALL,9.17数据/log_11_2026-9-17-06-40-30.ulg,Sep17,r,145,145,0.668763428584586,0.7882052834296536,0.019962575,0.16551724137931034
23,ALL,9.17数据/log_12_2026-9-17-06-46-02.ulg,Sep17,vx,144,144,0.8434573657717004,0.8526964022219192,0.0,0.020833333333333332
23,ALL,9.17数据/log_12_2026-9-17-06-46-02.ulg,Sep17,vy,144,144,0.8514396711054908,0.878534064335112,0.0,0.0763888888888889
23,ALL,9.17数据/log_12_2026-9-17-06-46-02.ulg,Sep17,vz,144,144,0.9323068056338636,0.9397269647272526,0.0,0.006944444444444444
23,ALL,9.17数据/log_12_2026-9-17-06-46-02.ulg,Sep17,p,144,144,0.690540959541099,0.7418017017175449,0.0,0.006944444444444444
23,ALL,9.17数据/log_12_2026-9-17-06-46-02.ulg,Sep17,q,144,144,0.897498939135035,0.904418190048227,0.0,0.0
23,ALL,9.17数据/log_12_2026-9-17-06-46-02.ulg,Sep17,r,144,144,0.6661599474341007,0.773258244878114,0.039916525,0.13194444444444445
23,ALL,9.17数据/log_13_2026-9-17-06-52-30.ulg,Sep17,vx,153,153,0.8006544369750165,0.8221390021799229,0.0,0.032679738562091505
23,ALL,9.17数据/log_13_2026-9-17-06-52-30.ulg,Sep17,vy,153,153,0.8875830826421823,0.9037760888165286,0.0,0.058823529411764705
23,ALL,9.17数据/log_13_2026-9-17-06-52-30.ulg,Sep17,vz,153,153,0.9254032784122678,0.9280258314638726,0.0,0.0
23,ALL,9.17数据/log_13_2026-9-17-06-52-30.ulg,Sep17,p,153,153,0.6497462391743835,0.7248785661639575,0.0,0.006535947712418301
23,ALL,9.17数据/log_13_2026-9-17-06-52-30.ulg,Sep17,q,153,153,0.8652514533604491,0.875170451569893,0.0,0.006535947712418301
23,ALL,9.17数据/log_13_2026-9-17-06-52-30.ulg,Sep17,r,153,153,0.6134095707513123,0.7275657393992326,0.0199601,0.16339869281045752
23,ALL,9.17数据/log_6_2026-9-17-06-02-24.ulg,Sep17,vx,138,138,0.8928206283148123,0.9061391033884971,0.0,0.028985507246376812
23,ALL,9.17数据/log_6_2026-9-17-06-02-24.ulg,Sep17,vy,138,138,0.8944339883470498,0.9075571738429475,0.0,0.043478260869565216
23,ALL,9.17数据/log_6_2026-9-17-06-02-24.ulg,Sep17,vz,138,138,0.9298443778969402,0.9353781531011308,0.0,0.007246376811594203
23,ALL,9.17数据/log_6_2026-9-17-06-02-24.ulg,Sep17,p,138,138,0.804658068850668,0.8214063272843908,0.0,0.0
23,ALL,9.17数据/log_6_2026-9-17-06-02-24.ulg,Sep17,q,138,138,0.8897982235207097,0.8997503752686673,0.0,0.007246376811594203
23,ALL,9.17数据/log_6_2026-9-17-06-02-24.ulg,Sep17,r,138,138,0.5861318053233943,0.7384794273316881,0.040165912500000005,0.07246376811594203
23,ALL,9.17数据/log_7_2026-9-17-06-12-16.ulg,Sep17,vx,131,131,0.8479815596722661,0.8540385719746082,0.0,0.0
23,ALL,9.17数据/log_7_2026-9-17-06-12-16.ulg,Sep17,vy,131,131,0.8009443029999599,0.8238070197379902,0.0,0.10687022900763359
23,ALL,9.17数据/log_7_2026-9-17-06-12-16.ulg,Sep17,vz,131,131,0.9422522331722387,0.9452668535711952,0.0,0.0
23,ALL,9.17数据/log_7_2026-9-17-06-12-16.ulg,Sep17,p,131,131,0.8243184847104824,0.8436576801066016,0.0,0.007633587786259542
23,ALL,9.17数据/log_7_2026-9-17-06-12-16.ulg,Sep17,q,131,131,0.8854057713725298,0.8974362614989049,0.0,0.0
23,ALL,9.17数据/log_7_2026-9-17-06-12-16.ulg,Sep17,r,131,131,0.6103120767332308,0.7468670250124092,0.03992035000000001,0.10687022900763359
23,ALL,9.17数据/log_8_2026-9-17-06-17-52.ulg,Sep17,vx,146,146,0.8032854989502792,0.8072098868844101,0.0,0.0136986301369863
23,ALL,9.17数据/log_8_2026-9-17-06-17-52.ulg,Sep17,vy,146,146,0.8372239894900503,0.850421346700938,0.0,0.0410958904109589
23,ALL,9.17数据/log_8_2026-9-17-06-17-52.ulg,Sep17,vz,146,146,0.9426096725998843,0.9441449496803062,0.0,0.00684931506849315
23,ALL,9.17数据/log_8_2026-9-17-06-17-52.ulg,Sep17,p,146,146,0.77848886068049,0.8092283403510735,0.0,0.0
23,ALL,9.17数据/log_8_2026-9-17-06-17-52.ulg,Sep17,q,146,146,0.8818267024593307,0.8899555691088347,0.0,0.0
23,ALL,9.17数据/log_8_2026-9-17-06-17-52.ulg,Sep17,r,146,146,0.6658212484147867,0.7920145260088741,0.0399179375,0.1643835616438356
23,ALL,9.17数据/log_9_2026-9-17-06-28-10.ulg,Sep17,vx,114,114,0.8276213457335799,0.8446711952273317,0.0,0.043859649122807015
23,ALL,9.17数据/log_9_2026-9-17-06-28-10.ulg,Sep17,vy,114,114,0.9278909938732535,0.9405918914259643,0.0,0.02631578947368421
23,ALL,9.17数据/log_9_2026-9-17-06-28-10.ulg,Sep17,vz,114,114,0.9133223721680385,0.9200321110107782,0.0,0.008771929824561403
23,ALL,9.17数据/log_9_2026-9-17-06-28-10.ulg,Sep17,p,114,114,0.7762013863831482,0.795532651019182,0.0,0.008771929824561403
23,ALL,9.17数据/log_9_2026-9-17-06-28-10.ulg,Sep17,q,114,114,0.8583268130708701,0.8786576382430351,0.0,0.008771929824561403
23,ALL,9.17数据/log_9_2026-9-17-06-28-10.ulg,Sep17,r,114,114,0.6755415574976059,0.7652383917043571,0.019962112499999997,0.14912280701754385
23,low,2026.9.7/log_21_2026-9-7-05-54-56.ulg,Sep7,vx,99,99,0.7514090608702142,0.7617805494924966,0.0,0.010101010101010102
23,low,2026.9.7/log_21_2026-9-7-05-54-56.ulg,Sep7,vy,99,99,0.8524496712213211,0.8745119505521826,0.0,0.04040404040404041
23,low,2026.9.7/log_21_2026-9-7-05-54-56.ulg,Sep7,vz,99,99,0.9550795487987771,0.9559300944806466,0.0,0.0
23,low,2026.9.7/log_21_2026-9-7-05-54-56.ulg,Sep7,p,99,99,0.47283676666405594,0.6164509591474602,0.019957750000000003,0.010101010101010102
23,low,2026.9.7/log_21_2026-9-7-05-54-56.ulg,Sep7,q,99,99,0.9145402145344025,0.9155148348274486,0.0,0.0
23,low,2026.9.7/log_21_2026-9-7-05-54-56.ulg,Sep7,r,99,99,0.24306958444809232,0.6152914144479457,-0.05987007500000001,0.5050505050505051
23,low,2026.9.7/log_22_2026-9-7-06-01-40.ulg,Sep7,vx,93,93,0.7228157503759516,0.733845883569296,0.0,0.043010752688172046
23,low,2026.9.7/log_22_2026-9-7-06-01-40.ulg,Sep7,vy,93,93,0.7981422558234629,0.8049859960528961,0.0,0.010752688172043012
23,low,2026.9.7/log_22_2026-9-7-06-01-40.ulg,Sep7,vz,93,93,0.9590147107400834,0.9591508071006358,0.0,0.0
23,low,2026.9.7/log_22_2026-9-7-06-01-40.ulg,Sep7,p,93,93,0.6405795709512078,0.6990027940978055,0.0,0.0
23,low,2026.9.7/log_22_2026-9-7-06-01-40.ulg,Sep7,q,93,93,0.8533996408034553,0.8594393027462822,0.0,0.0
23,low,2026.9.7/log_22_2026-9-7-06-01-40.ulg,Sep7,r,93,93,0.36368669184678126,0.6528636596711801,-0.06012429999999998,0.3333333333333333
23,low,2026.9.7/log_23_2026-9-7-06-09-22.ulg,Sep7,vx,46,46,0.8065566948329138,0.8161044515570505,0.0,0.021739130434782608
23,low,2026.9.7/log_23_2026-9-7-06-09-22.ulg,Sep7,vy,46,46,0.7555391232848497,0.769951002586331,0.0,0.021739130434782608
23,low,2026.9.7/log_23_2026-9-7-06-09-22.ulg,Sep7,vz,46,46,0.963252691235089,0.9641190678764345,0.0,0.0
23,low,2026.9.7/log_23_2026-9-7-06-09-22.ulg,Sep7,p,46,46,0.7803141526671774,0.806471091249318,0.0,0.0
23,low,2026.9.7/log_23_2026-9-7-06-09-22.ulg,Sep7,q,46,46,0.8371519113803035,0.8376216934847178,0.0,0.0
23,low,2026.9.7/log_23_2026-9-7-06-09-22.ulg,Sep7,r,46,46,0.4711693675904918,0.6946350906014678,-0.059872287499999996,0.1956521739130435
23,low,2026.9.7/log_24_2026-9-7-06-16-04.ulg,Sep7,vx,39,39,0.5902476973884264,0.6396189763655424,0.0,0.1282051282051282
23,low,2026.9.7/log_24_2026-9-7-06-16-04.ulg,Sep7,vy,39,39,0.8237237595191014,0.8469278733099427,0.0,0.05128205128205128
23,low,2026.9.7/log_24_2026-9-7-06-16-04.ulg,Sep7,vz,39,39,0.9589469379416318,0.9591026035193863,0.0,0.0
23,low,2026.9.7/log_24_2026-9-7-06-16-04.ulg,Sep7,p,39,39,0.6279368171554266,0.7440453811385386,0.019958949999999993,0.0
23,low,2026.9.7/log_24_2026-9-7-06-16-04.ulg,Sep7,q,39,39,0.8736727391012462,0.8804742665022246,0.0,0.0
23,low,2026.9.7/log_24_2026-9-7-06-16-04.ulg,Sep7,r,39,39,0.5457802200376006,0.7080287823352578,-0.039917199999999986,0.2564102564102564
23,low,2026.9.7/log_26_2026-9-7-06-30-26.ulg,Sep7,vx,87,87,0.8154423843962044,0.8182587699424337,0.0,0.0
23,low,2026.9.7/log_26_2026-9-7-06-30-26.ulg,Sep7,vy,87,87,0.7532728723814788,0.7709214092224386,0.0,0.034482758620689655
23,low,2026.9.7/log_26_2026-9-7-06-30-26.ulg,Sep7,vz,87,87,0.9699249687891486,0.9705269806570409,0.0,0.0
23,low,2026.9.7/log_26_2026-9-7-06-30-26.ulg,Sep7,p,87,87,0.7457565345315654,0.8469935152815818,0.019959825000000004,0.0
23,low,2026.9.7/log_26_2026-9-7-06-30-26.ulg,Sep7,q,87,87,0.8241185077336782,0.8353009152502147,0.0,0.0
23,low,2026.9.7/log_26_2026-9-7-06-30-26.ulg,Sep7,r,87,87,0.398802238522607,0.6723956651429335,-0.06012557500000001,0.3563218390804598
23,low,2026.9.7/log_27_2026-9-7-06-37-24.ulg,Sep7,vx,91,91,0.8597706122435419,0.8724180209323693,0.0,0.02197802197802198
23,low,2026.9.7/log_27_2026-9-7-06-37-24.ulg,Sep7,vy,91,91,0.8333433320080718,0.8386171075553303,0.0,0.0
23,low,2026.9.7/log_27_2026-9-7-06-37-24.ulg,Sep7,vz,91,91,0.9735430456651264,0.9735430456651264,0.0,0.0
23,low,2026.9.7/log_27_2026-9-7-06-37-24.ulg,Sep7,p,91,91,0.8455403344692728,0.8795476620835776,0.019956574999999997,0.0
23,low,2026.9.7/log_27_2026-9-7-06-37-24.ulg,Sep7,q,91,91,0.8174958908697959,0.8220066932744262,0.0,0.0
23,low,2026.9.7/log_27_2026-9-7-06-37-24.ulg,Sep7,r,91,91,0.3736179182896758,0.6031749613743365,-0.040164224999999984,0.15384615384615385
23,low,2026.9.7/log_28_2026-9-7-06-44-02.ulg,Sep7,vx,44,44,0.8829353516066234,0.8883472572646993,0.0,0.0
23,low,2026.9.7/log_28_2026-9-7-06-44-02.ulg,Sep7,vy,44,44,0.9179845164229736,0.9232874915815926,0.0,0.0
23,low,2026.9.7/log_28_2026-9-7-06-44-02.ulg,Sep7,vz,44,44,0.9755456596074589,0.97584407455411,0.0,0.0
23,low,2026.9.7/log_28_2026-9-7-06-44-02.ulg,Sep7,p,44,44,0.772098186209707,0.8348402197469462,0.019958075,0.0
23,low,2026.9.7/log_28_2026-9-7-06-44-02.ulg,Sep7,q,44,44,0.8810110030978379,0.8826067282506694,0.0,0.0
23,low,2026.9.7/log_28_2026-9-7-06-44-02.ulg,Sep7,r,44,44,0.447776889528142,0.6086488464469412,-0.020082525000000004,0.1590909090909091
23,low,2026.9.7/log_29_2026-9-7-06-51-04.ulg,Sep7,vx,84,84,0.8495416376325471,0.856699006562313,0.0,0.0
23,low,2026.9.7/log_29_2026-9-7-06-51-04.ulg,Sep7,vy,84,84,0.880905842055175,0.8924971017404201,0.0,0.03571428571428571
23,low,2026.9.7/log_29_2026-9-7-06-51-04.ulg,Sep7,vz,84,84,0.9755637383166695,0.9758830400237655,0.0,0.0
23,low,2026.9.7/log_29_2026-9-7-06-51-04.ulg,Sep7,p,84,84,0.8900507299348026,0.9041931489184298,0.0,0.0
23,low,2026.9.7/log_29_2026-9-7-06-51-04.ulg,Sep7,q,84,84,0.8393049448448948,0.8480417872739748,0.0,0.0
23,low,2026.9.7/log_29_2026-9-7-06-51-04.ulg,Sep7,r,84,84,0.5691849592293176,0.6595251329848765,-0.019960224999999998,0.047619047619047616
23,low,2026.9.7/log_30_2026-9-7-06-58-22.ulg,Sep7,vx,104,104,0.7545606129688246,0.7663314812268707,0.0,0.019230769230769232
23,low,2026.9.7/log_30_2026-9-7-06-58-22.ulg,Sep7,vy,104,104,0.7904371901360652,0.8033530322672772,0.0,0.04807692307692308
23,low,2026.9.7/log_30_2026-9-7-06-58-22.ulg,Sep7,vz,104,104,0.9684541859694803,0.968840516502306,0.0,0.0
23,low,2026.9.7/log_30_2026-9-7-06-58-22.ulg,Sep7,p,104,104,0.7691727149247866,0.80457622739268,0.0,0.009615384615384616
23,low,2026.9.7/log_30_2026-9-7-06-58-22.ulg,Sep7,q,104,104,0.8699624721026069,0.8736430175203342,0.0,0.0
23,low,2026.9.7/log_30_2026-9-7-06-58-22.ulg,Sep7,r,104,104,0.562765574234514,0.6912036908567453,-0.039916199999999985,0.057692307692307696
23,low,9.17数据/log_10_2026-9-17-06-34-34.ulg,Sep17,vx,25,25,0.8647022518948533,0.8854472477758002,0.0,0.04
23,low,9.17数据/log_10_2026-9-17-06-34-34.ulg,Sep17,vy,25,25,0.8016516940936889,0.8138986018983652,0.0,0.04
23,low,9.17数据/log_10_2026-9-17-06-34-34.ulg,Sep17,vz,25,25,0.9097840677472948,0.9136588688482449,0.0,0.0
23,low,9.17数据/log_10_2026-9-17-06-34-34.ulg,Sep17,p,25,25,0.7195658643330057,0.7878750346468273,0.0,0.0
23,low,9.17数据/log_10_2026-9-17-06-34-34.ulg,Sep17,q,25,25,0.9205735700762573,0.9323072167344663,0.0,0.0
23,low,9.17数据/log_10_2026-9-17-06-34-34.ulg,Sep17,r,25,25,0.45876212880184225,0.6365642244294164,0.020208699999999996,0.2
23,low,9.17数据/log_11_2026-9-17-06-40-30.ulg,Sep17,vx,34,34,0.7788526459670804,0.7884884504476248,0.0,0.0
23,low,9.17数据/log_11_2026-9-17-06-40-30.ulg,Sep17,vy,34,34,0.6876916193815935,0.7162240286607958,0.0,0.058823529411764705
23,low,9.17数据/log_11_2026-9-17-06-40-30.ulg,Sep17,vz,34,34,0.9296031536084589,0.9366489958449041,0.0,0.0
23,low,9.17数据/log_11_2026-9-17-06-40-30.ulg,Sep17,p,34,34,0.7248161830854345,0.7726000203478136,0.0,0.0
23,low,9.17数据/log_11_2026-9-17-06-40-30.ulg,Sep17,q,34,34,0.9094845027857295,0.9240105152250366,0.0,0.0
23,low,9.17数据/log_11_2026-9-17-06-40-30.ulg,Sep17,r,34,34,0.6185426038378565,0.7645306900790829,0.0202110375,0.14705882352941177
23,low,9.17数据/log_12_2026-9-17-06-46-02.ulg,Sep17,vx,29,29,0.8562099396109664,0.86786141156833,0.0,0.0
23,low,9.17数据/log_12_2026-9-17-06-46-02.ulg,Sep17,vy,29,29,0.8835135925707409,0.8922995417287469,0.0,0.06896551724137931
23,low,9.17数据/log_12_2026-9-17-06-46-02.ulg,Sep17,vz,29,29,0.9283261043197168,0.9283261043197168,0.0,0.0
23,low,9.17数据/log_12_2026-9-17-06-46-02.ulg,Sep17,p,29,29,0.6714099201340482,0.7182852632336272,0.019957399999999997,0.0
23,low,9.17数据/log_12_2026-9-17-06-46-02.ulg,Sep17,q,29,29,0.9354252598244344,0.9359498259079445,0.0,0.0
23,low,9.17数据/log_12_2026-9-17-06-46-02.ulg,Sep17,r,29,29,0.5934308118197905,0.7088438129018381,0.039916625000000004,0.1724137931034483
23,low,9.17数据/log_13_2026-9-17-06-52-30.ulg,Sep17,vx,19,19,0.8301612031114597,0.8465578490067844,0.0,0.05263157894736842
23,low,9.17数据/log_13_2026-9-17-06-52-30.ulg,Sep17,vy,19,19,0.889169331605443,0.9027162167454988,0.0,0.05263157894736842
23,low,9.17数据/log_13_2026-9-17-06-52-30.ulg,Sep17,vz,19,19,0.9245124058170532,0.9266510353926318,0.0,0.0
23,low,9.17数据/log_13_2026-9-17-06-52-30.ulg,Sep17,p,19,19,0.6800017583774536,0.7320499930101636,0.0,0.0
23,low,9.17数据/log_13_2026-9-17-06-52-30.ulg,Sep17,q,19,19,0.927971802524704,0.9367448474738475,0.0,0.0
23,low,9.17数据/log_13_2026-9-17-06-52-30.ulg,Sep17,r,19,19,0.5712937317548397,0.6628983436655408,0.019959675,0.0
23,low,9.17数据/log_6_2026-9-17-06-02-24.ulg,Sep17,vx,34,34,0.8810318372854576,0.8914768816087612,0.0,0.0
23,low,9.17数据/log_6_2026-9-17-06-02-24.ulg,Sep17,vy,34,34,0.9199593557583765,0.9221852528176024,0.0,0.0
23,low,9.17数据/log_6_2026-9-17-06-02-24.ulg,Sep17,vz,34,34,0.9543183909266107,0.9572322987114451,0.0,0.0
23,low,9.17数据/log_6_2026-9-17-06-02-24.ulg,Sep17,p,34,34,0.8218742944884088,0.8344983588517154,0.0,0.0
23,low,9.17数据/log_6_2026-9-17-06-02-24.ulg,Sep17,q,34,34,0.9146926143189648,0.9242120071948569,0.0,0.0
23,low,9.17数据/log_6_2026-9-17-06-02-24.ulg,Sep17,r,34,34,0.4953061623766448,0.6898959255949647,0.05987564999999999,0.08823529411764706
23,low,9.17数据/log_7_2026-9-17-06-12-16.ulg,Sep17,vx,21,21,0.7691758970826472,0.7739112152988292,0.0,0.0
23,low,9.17数据/log_7_2026-9-17-06-12-16.ulg,Sep17,vy,21,21,0.73296908984204,0.7561084618151444,0.0,0.14285714285714285
23,low,9.17数据/log_7_2026-9-17-06-12-16.ulg,Sep17,vz,21,21,0.9433296364514648,0.9446188169659051,0.0,0.0
23,low,9.17数据/log_7_2026-9-17-06-12-16.ulg,Sep17,p,21,21,0.8282447812317183,0.855102381979347,0.0,0.0
23,low,9.17数据/log_7_2026-9-17-06-12-16.ulg,Sep17,q,21,21,0.9096957684515788,0.91789150093029,0.0,0.0
23,low,9.17数据/log_7_2026-9-17-06-12-16.ulg,Sep17,r,21,21,0.45392551352416016,0.653052497151144,0.03992144999999999,0.09523809523809523
23,low,9.17数据/log_8_2026-9-17-06-17-52.ulg,Sep17,vx,18,18,0.7063079773494664,0.7074887121846548,0.0,0.0
23,low,9.17数据/log_8_2026-9-17-06-17-52.ulg,Sep17,vy,18,18,0.8487748554435942,0.8542544670744634,0.0,0.0
23,low,9.17数据/log_8_2026-9-17-06-17-52.ulg,Sep17,vz,18,18,0.9219182352832258,0.924404996320061,0.0,0.0
23,low,9.17数据/log_8_2026-9-17-06-17-52.ulg,Sep17,p,18,18,0.792329579976942,0.827160860620641,0.0,0.0
23,low,9.17数据/log_8_2026-9-17-06-17-52.ulg,Sep17,q,18,18,0.9113747709655853,0.9223497772055561,0.0,0.0
23,low,9.17数据/log_8_2026-9-17-06-17-52.ulg,Sep17,r,18,18,0.6256830664438571,0.7471402136315284,0.019961862499999993,0.1111111111111111
23,low,9.17数据/log_9_2026-9-17-06-28-10.ulg,Sep17,vx,21,21,0.7709081360773133,0.7882329104013831,0.0,0.047619047619047616
23,low,9.17数据/log_9_2026-9-17-06-28-10.ulg,Sep17,vy,21,21,0.9372207417107054,0.9452649510284594,0.0,0.0
23,low,9.17数据/log_9_2026-9-17-06-28-10.ulg,Sep17,vz,21,21,0.9414809616475536,0.9464006833286136,0.0,0.0
23,low,9.17数据/log_9_2026-9-17-06-28-10.ulg,Sep17,p,21,21,0.7108938378054384,0.7560241426595704,0.0,0.047619047619047616
23,low,9.17数据/log_9_2026-9-17-06-28-10.ulg,Sep17,q,21,21,0.8983943450515032,0.910905196979409,0.0,0.0
23,low,9.17数据/log_9_2026-9-17-06-28-10.ulg,Sep17,r,21,21,0.5829405410848663,0.7252510130880542,0.039918699999999994,0.2857142857142857
23,middle,2026.9.7/log_21_2026-9-7-05-54-56.ulg,Sep7,vx,45,45,0.8268105937886596,0.8372254193076073,0.0,0.0
23,middle,2026.9.7/log_21_2026-9-7-05-54-56.ulg,Sep7,vy,45,45,0.8774142031807374,0.8967554416583825,0.0,0.06666666666666667
23,middle,2026.9.7/log_21_2026-9-7-05-54-56.ulg,Sep7,vz,45,45,0.9515887416405947,0.9518568130667076,0.0,0.0
23,middle,2026.9.7/log_21_2026-9-7-05-54-56.ulg,Sep7,p,45,45,0.49916643829556634,0.6266563143391726,0.019957950000000002,0.022222222222222223
23,middle,2026.9.7/log_21_2026-9-7-05-54-56.ulg,Sep7,q,45,45,0.8755902232385967,0.8803856334085218,0.0,0.0
23,middle,2026.9.7/log_21_2026-9-7-05-54-56.ulg,Sep7,r,45,45,0.45034969379689604,0.6415627839627852,-0.019957674999999998,0.28888888888888886
23,middle,2026.9.7/log_22_2026-9-7-06-01-40.ulg,Sep7,vx,59,59,0.7305474409519461,0.745006746856393,0.0,0.06779661016949153
23,middle,2026.9.7/log_22_2026-9-7-06-01-40.ulg,Sep7,vy,59,59,0.7651770553866838,0.7827028236165633,0.0,0.06779661016949153
23,middle,2026.9.7/log_22_2026-9-7-06-01-40.ulg,Sep7,vz,59,59,0.9295088669665282,0.9450782362868209,0.0,0.01694915254237288
23,middle,2026.9.7/log_22_2026-9-7-06-01-40.ulg,Sep7,p,59,59,0.6324995456350715,0.7286345944854913,0.019953199999999997,0.01694915254237288
23,middle,2026.9.7/log_22_2026-9-7-06-01-40.ulg,Sep7,q,59,59,0.8216955939933452,0.8265828061558618,0.0,0.01694915254237288
23,middle,2026.9.7/log_22_2026-9-7-06-01-40.ulg,Sep7,r,59,59,0.4383286942938591,0.6098795363345504,-0.039916925000000006,0.22033898305084745
23,middle,2026.9.7/log_23_2026-9-7-06-09-22.ulg,Sep7,vx,84,84,0.8200160542176315,0.8282492561554772,0.0,0.023809523809523808
23,middle,2026.9.7/log_23_2026-9-7-06-09-22.ulg,Sep7,vy,84,84,0.8678364260698371,0.8798509886546781,0.0,0.023809523809523808
23,middle,2026.9.7/log_23_2026-9-7-06-09-22.ulg,Sep7,vz,84,84,0.9619423243323272,0.9626136988815036,0.0,0.0
23,middle,2026.9.7/log_23_2026-9-7-06-09-22.ulg,Sep7,p,84,84,0.7582780524332923,0.7985273687168972,0.0,0.011904761904761904
23,middle,2026.9.7/log_23_2026-9-7-06-09-22.ulg,Sep7,q,84,84,0.8353363242742394,0.8412740344485935,0.0,0.0
23,middle,2026.9.7/log_23_2026-9-7-06-09-22.ulg,Sep7,r,84,84,0.43152378080836395,0.6277730884585502,-0.0399152,0.27380952380952384
23,middle,2026.9.7/log_24_2026-9-7-06-16-04.ulg,Sep7,vx,103,103,0.8413734183971867,0.8452927078328314,0.0,0.0
23,middle,2026.9.7/log_24_2026-9-7-06-16-04.ulg,Sep7,vy,103,103,0.8592537132754359,0.8758226098875547,0.0,0.02912621359223301
23,middle,2026.9.7/log_24_2026-9-7-06-16-04.ulg,Sep7,vz,103,103,0.9514160064610017,0.9530891497364627,0.0,0.009708737864077669
23,middle,2026.9.7/log_24_2026-9-7-06-16-04.ulg,Sep7,p,103,103,0.659517622497724,0.7624523283842457,0.019958025,0.019417475728155338
23,middle,2026.9.7/log_24_2026-9-7-06-16-04.ulg,Sep7,q,103,103,0.856626762505516,0.8650121245847371,0.0,0.0
23,middle,2026.9.7/log_24_2026-9-7-06-16-04.ulg,Sep7,r,103,103,0.3473853355652317,0.5476567014565271,-0.019957524999999997,0.3300970873786408
23,middle,2026.9.7/log_26_2026-9-7-06-30-26.ulg,Sep7,vx,47,47,0.7449679546727445,0.7517780765225209,0.0,0.0425531914893617
23,middle,2026.9.7/log_26_2026-9-7-06-30-26.ulg,Sep7,vy,47,47,0.8103244796281045,0.83855743711456,0.0,0.0425531914893617
23,middle,2026.9.7/log_26_2026-9-7-06-30-26.ulg,Sep7,vz,47,47,0.9691352627753828,0.9707917652208614,0.0,0.0
23,middle,2026.9.7/log_26_2026-9-7-06-30-26.ulg,Sep7,p,47,47,0.7732205304382533,0.8415714287621905,0.019959175,0.0
23,middle,2026.9.7/log_26_2026-9-7-06-30-26.ulg,Sep7,q,47,47,0.7847744605013858,0.7922167108591333,0.0,0.0
23,middle,2026.9.7/log_26_2026-9-7-06-30-26.ulg,Sep7,r,47,47,0.4796499115213371,0.7064894789963833,-0.04042662500000001,0.19148936170212766
23,middle,2026.9.7/log_27_2026-9-7-06-37-24.ulg,Sep7,vx,46,46,0.8545815878972125,0.8563749694567023,0.0,0.0
23,middle,2026.9.7/log_27_2026-9-7-06-37-24.ulg,Sep7,vy,46,46,0.9092723090901892,0.9185035651426207,0.0,0.021739130434782608
23,middle,2026.9.7/log_27_2026-9-7-06-37-24.ulg,Sep7,vz,46,46,0.9648554890116973,0.9661951373106499,0.0,0.0
23,middle,2026.9.7/log_27_2026-9-7-06-37-24.ulg,Sep7,p,46,46,0.8344705348512368,0.8789802982137295,0.019958187500000002,0.0
23,middle,2026.9.7/log_27_2026-9-7-06-37-24.ulg,Sep7,q,46,46,0.735063431508751,0.7501405321267464,0.0,0.043478260869565216
23,middle,2026.9.7/log_27_2026-9-7-06-37-24.ulg,Sep7,r,46,46,0.5702969951798381,0.7334481258837053,-0.0399190875,0.10869565217391304
23,middle,2026.9.7/log_28_2026-9-7-06-44-02.ulg,Sep7,vx,78,78,0.8777174167972845,0.8832555745376199,0.0,0.0
23,middle,2026.9.7/log_28_2026-9-7-06-44-02.ulg,Sep7,vy,78,78,0.8468937199239903,0.8626983745004998,0.0,0.02564102564102564
23,middle,2026.9.7/log_28_2026-9-7-06-44-02.ulg,Sep7,vz,78,78,0.9678377247816476,0.9684436859935565,0.0,0.0
23,middle,2026.9.7/log_28_2026-9-7-06-44-02.ulg,Sep7,p,78,78,0.7526191438346743,0.8076645727801244,0.019958537499999998,0.0
23,middle,2026.9.7/log_28_2026-9-7-06-44-02.ulg,Sep7,q,78,78,0.8775490721038495,0.8799060465832579,0.0,0.0
23,middle,2026.9.7/log_28_2026-9-7-06-44-02.ulg,Sep7,r,78,78,0.4637129153745354,0.6202274453877379,-0.03992019999999999,0.08974358974358974
23,middle,2026.9.7/log_29_2026-9-7-06-51-04.ulg,Sep7,vx,95,95,0.8848180508847837,0.8867215448037001,0.0,0.010526315789473684
23,middle,2026.9.7/log_29_2026-9-7-06-51-04.ulg,Sep7,vy,95,95,0.9482802707527528,0.9522594616907825,0.0,0.021052631578947368
23,middle,2026.9.7/log_29_2026-9-7-06-51-04.ulg,Sep7,vz,95,95,0.9780627892457122,0.9784197311555516,0.0,0.0
23,middle,2026.9.7/log_29_2026-9-7-06-51-04.ulg,Sep7,p,95,95,0.8817080597946322,0.9025504576163613,0.0,0.0
23,middle,2026.9.7/log_29_2026-9-7-06-51-04.ulg,Sep7,q,95,95,0.8043704034375586,0.8170932227302105,0.0,0.0
23,middle,2026.9.7/log_29_2026-9-7-06-51-04.ulg,Sep7,r,95,95,0.6337506753683668,0.7075336084670498,-0.019959224999999997,0.031578947368421054
23,middle,2026.9.7/log_30_2026-9-7-06-58-22.ulg,Sep7,vx,52,52,0.8901412983681666,0.8934802826864142,0.0,0.0
23,middle,2026.9.7/log_30_2026-9-7-06-58-22.ulg,Sep7,vy,52,52,0.8213897291234472,0.8287412862176028,0.0,0.057692307692307696
23,middle,2026.9.7/log_30_2026-9-7-06-58-22.ulg,Sep7,vz,52,52,0.9609094286718497,0.962248839910822,0.0,0.0
23,middle,2026.9.7/log_30_2026-9-7-06-58-22.ulg,Sep7,p,52,52,0.7134653789758315,0.7759605023078691,0.0,0.019230769230769232
23,middle,2026.9.7/log_30_2026-9-7-06-58-22.ulg,Sep7,q,52,52,0.8245308560241615,0.8334807898277108,0.0,0.0
23,middle,2026.9.7/log_30_2026-9-7-06-58-22.ulg,Sep7,r,52,52,0.5468486468346533,0.643261877536582,-0.019958812499999992,0.11538461538461539
23,middle,9.17数据/log_10_2026-9-17-06-34-34.ulg,Sep17,vx,71,71,0.8731275943085088,0.8839238714051137,0.0,0.028169014084507043
23,middle,9.17数据/log_10_2026-9-17-06-34-34.ulg,Sep17,vy,71,71,0.8437853780378222,0.8666220481304706,0.0,0.09859154929577464
23,middle,9.17数据/log_10_2026-9-17-06-34-34.ulg,Sep17,vz,71,71,0.9236205548896628,0.9277624089775514,0.0,0.0
23,middle,9.17数据/log_10_2026-9-17-06-34-34.ulg,Sep17,p,71,71,0.7071148400168813,0.7455241014604764,0.0,0.014084507042253521
23,middle,9.17数据/log_10_2026-9-17-06-34-34.ulg,Sep17,q,71,71,0.8834315248484128,0.8977418844852129,0.0,0.0
23,middle,9.17数据/log_10_2026-9-17-06-34-34.ulg,Sep17,r,71,71,0.5604070534860036,0.7353029418666556,0.039919475,0.18309859154929578
23,middle,9.17数据/log_11_2026-9-17-06-40-30.ulg,Sep17,vx,77,77,0.8606752744115552,0.8701000270318243,0.0,0.0
23,middle,9.17数据/log_11_2026-9-17-06-40-30.ulg,Sep17,vy,77,77,0.8625313026108417,0.8705403868274322,0.0,0.03896103896103896
23,middle,9.17数据/log_11_2026-9-17-06-40-30.ulg,Sep17,vz,77,77,0.9371545721420637,0.9398330789581016,0.0,0.0
23,middle,9.17数据/log_11_2026-9-17-06-40-30.ulg,Sep17,p,77,77,0.6760268134241938,0.7307873708208236,0.0,0.012987012987012988
23,middle,9.17数据/log_11_2026-9-17-06-40-30.ulg,Sep17,q,77,77,0.8687746801628441,0.8730841595996822,0.0,0.0
23,middle,9.17数据/log_11_2026-9-17-06-40-30.ulg,Sep17,r,77,77,0.6696573298439314,0.7921444631516531,0.020209524999999996,0.16883116883116883
23,middle,9.17数据/log_12_2026-9-17-06-46-02.ulg,Sep17,vx,88,88,0.8420319661218637,0.8508102959047854,0.0,0.022727272727272728
23,middle,9.17数据/log_12_2026-9-17-06-46-02.ulg,Sep17,vy,88,88,0.823479042355257,0.86132801071293,0.0,0.09090909090909091
23,middle,9.17数据/log_12_2026-9-17-06-46-02.ulg,Sep17,vz,88,88,0.9505868827652524,0.9512900875334229,0.0,0.0
23,middle,9.17数据/log_12_2026-9-17-06-46-02.ulg,Sep17,p,88,88,0.7022677575501729,0.7503518939885919,0.0,0.0
23,middle,9.17数据/log_12_2026-9-17-06-46-02.ulg,Sep17,q,88,88,0.9162487095654277,0.917917588078955,0.0,0.0
23,middle,9.17数据/log_12_2026-9-17-06-46-02.ulg,Sep17,r,88,88,0.6841531784908053,0.7886066766449141,0.030062337499999998,0.11363636363636363
23,middle,9.17数据/log_13_2026-9-17-06-52-30.ulg,Sep17,vx,76,76,0.7819838791704857,0.8078302802734857,0.0,0.039473684210526314
23,middle,9.17数据/log_13_2026-9-17-06-52-30.ulg,Sep17,vy,76,76,0.8565900734001266,0.8729416315639739,0.0,0.06578947368421052
23,middle,9.17数据/log_13_2026-9-17-06-52-30.ulg,Sep17,vz,76,76,0.9292383913140629,0.9308250840667835,0.0,0.0
23,middle,9.17数据/log_13_2026-9-17-06-52-30.ulg,Sep17,p,76,76,0.6150620679293245,0.6961225007153105,0.0,0.0
23,middle,9.17数据/log_13_2026-9-17-06-52-30.ulg,Sep17,q,76,76,0.8581969240975886,0.8676726681902296,0.0,0.0
23,middle,9.17数据/log_13_2026-9-17-06-52-30.ulg,Sep17,r,76,76,0.5976239590695077,0.7196995254728833,0.019961024999999997,0.13157894736842105
23,middle,9.17数据/log_6_2026-9-17-06-02-24.ulg,Sep17,vx,69,69,0.908724820923825,0.9262687019917155,0.0,0.028985507246376812
23,middle,9.17数据/log_6_2026-9-17-06-02-24.ulg,Sep17,vy,69,69,0.9015344395708114,0.9175081933170284,0.0,0.043478260869565216
23,middle,9.17数据/log_6_2026-9-17-06-02-24.ulg,Sep17,vz,69,69,0.9435679933551742,0.9456482134308865,0.0,0.0
23,middle,9.17数据/log_6_2026-9-17-06-02-24.ulg,Sep17,p,69,69,0.8336565575487456,0.8479110948847205,0.0,0.0
23,middle,9.17数据/log_6_2026-9-17-06-02-24.ulg,Sep17,q,69,69,0.9090180475193869,0.9146739329234379,0.0,0.0
23,middle,9.17数据/log_6_2026-9-17-06-02-24.ulg,Sep17,r,69,69,0.6048681801013917,0.7704049573185151,0.04016740000000001,0.07246376811594203
23,middle,9.17数据/log_7_2026-9-17-06-12-16.ulg,Sep17,vx,93,93,0.8464762023714104,0.8523727539013916,0.0,0.0
23,middle,9.17数据/log_7_2026-9-17-06-12-16.ulg,Sep17,vy,93,93,0.8150390654488405,0.8356665893126694,0.0,0.0967741935483871
23,middle,9.17数据/log_7_2026-9-17-06-12-16.ulg,Sep17,vz,93,93,0.941333299187921,0.9446004641850502,0.0,0.0
23,middle,9.17数据/log_7_2026-9-17-06-12-16.ulg,Sep17,p,93,93,0.8465030117331895,0.8629638770167397,0.0,0.010752688172043012
23,middle,9.17数据/log_7_2026-9-17-06-12-16.ulg,Sep17,q,93,93,0.8818628223377852,0.8936497192416741,0.0,0.0
23,middle,9.17数据/log_7_2026-9-17-06-12-16.ulg,Sep17,r,93,93,0.6296359450908797,0.7638813602386647,0.03992082499999999,0.10752688172043011
23,middle,9.17数据/log_8_2026-9-17-06-17-52.ulg,Sep17,vx,95,95,0.8540030877006247,0.8573076944718736,0.0,0.0
23,middle,9.17数据/log_8_2026-9-17-06-17-52.ulg,Sep17,vy,95,95,0.832999308399507,0.8483460444111321,0.0,0.042105263157894736
23,middle,9.17数据/log_8_2026-9-17-06-17-52.ulg,Sep17,vz,95,95,0.945687209329311,0.9467325703696772,0.0,0.0
23,middle,9.17数据/log_8_2026-9-17-06-17-52.ulg,Sep17,p,95,95,0.7857615494770196,0.8094432298412362,0.0,0.0
23,middle,9.17数据/log_8_2026-9-17-06-17-52.ulg,Sep17,q,95,95,0.8904080292924149,0.8938508124059766,0.0,0.0
23,middle,9.17数据/log_8_2026-9-17-06-17-52.ulg,Sep17,r,95,95,0.6987821157608848,0.8180933410215506,0.039917125,0.18947368421052632
23,middle,9.17数据/log_9_2026-9-17-06-28-10.ulg,Sep17,vx,62,62,0.8596100245047075,0.8719338775644653,0.0,0.03225806451612903
23,middle,9.17数据/log_9_2026-9-17-06-28-10.ulg,Sep17,vy,62,62,0.9191343610411178,0.9360572601440217,0.0,0.016129032258064516
23,middle,9.17数据/log_9_2026-9-17-06-28-10.ulg,Sep17,vz,62,62,0.9276726347120521,0.9344189688405486,0.0,0.0
23,middle,9.17数据/log_9_2026-9-17-06-28-10.ulg,Sep17,p,62,62,0.8015892340688601,0.8131678392229574,0.0,0.0
23,middle,9.17数据/log_9_2026-9-17-06-28-10.ulg,Sep17,q,62,62,0.8660726996971513,0.8874444054403641,0.0,0.0
23,middle,9.17数据/log_9_2026-9-17-06-28-10.ulg,Sep17,r,62,62,0.644725375608307,0.7419874982143914,0.020208387499999994,0.11290322580645161
23,high,2026.9.7/log_21_2026-9-7-05-54-56.ulg,Sep7,vx,24,24,0.8404662577371359,0.846555926237349,0.0,0.0
23,high,2026.9.7/log_21_2026-9-7-05-54-56.ulg,Sep7,vy,24,24,0.8422139170248696,0.9190443192321389,0.0,0.20833333333333334
23,high,2026.9.7/log_21_2026-9-7-05-54-56.ulg,Sep7,vz,24,24,0.9290310383311047,0.9339864009326909,0.0,0.0
23,high,2026.9.7/log_21_2026-9-7-05-54-56.ulg,Sep7,p,24,24,0.498442051629413,0.6203037183586785,0.019958237499999996,0.125
23,high,2026.9.7/log_21_2026-9-7-05-54-56.ulg,Sep7,q,24,24,0.7901288343658202,0.8183492165205445,0.0,0.0
23,high,2026.9.7/log_21_2026-9-7-05-54-56.ulg,Sep7,r,24,24,0.5851191260997548,0.6502275931724423,-0.019957287499999997,0.16666666666666666
23,high,2026.9.7/log_22_2026-9-7-06-01-40.ulg,Sep7,vx,30,30,0.9510645435368408,0.95440280603526,0.0,0.0
23,high,2026.9.7/log_22_2026-9-7-06-01-40.ulg,Sep7,vy,30,30,0.8162058241242908,0.8585851947964833,0.0,0.1
23,high,2026.9.7/log_22_2026-9-7-06-01-40.ulg,Sep7,vz,30,30,0.9651284897266054,0.9651284897266054,0.0,0.0
23,high,2026.9.7/log_22_2026-9-7-06-01-40.ulg,Sep7,p,30,30,0.6652856700645965,0.7814974924990098,0.019956024999999995,0.03333333333333333
23,high,2026.9.7/log_22_2026-9-7-06-01-40.ulg,Sep7,q,30,30,0.8024716814325585,0.8080299420600221,0.0,0.0
23,high,2026.9.7/log_22_2026-9-7-06-01-40.ulg,Sep7,r,30,30,0.5197061330602569,0.702753625837442,-0.05987498750000001,0.3
23,high,2026.9.7/log_23_2026-9-7-06-09-22.ulg,Sep7,vx,30,30,0.8659416749736456,0.8775994510779735,0.0,0.06666666666666667
23,high,2026.9.7/log_23_2026-9-7-06-09-22.ulg,Sep7,vy,30,30,0.8418887493918087,0.8771809820287868,0.0,0.13333333333333333
23,high,2026.9.7/log_23_2026-9-7-06-09-22.ulg,Sep7,vz,30,30,0.9105016865019303,0.9177561540302883,0.0,0.0
23,high,2026.9.7/log_23_2026-9-7-06-09-22.ulg,Sep7,p,30,30,0.7321848345497215,0.7987552113535198,0.009977962499999998,0.0
23,high,2026.9.7/log_23_2026-9-7-06-09-22.ulg,Sep7,q,30,30,0.8091278955098734,0.8312604247481085,0.0,0.0
23,high,2026.9.7/log_23_2026-9-7-06-09-22.ulg,Sep7,r,30,30,0.6342935225486868,0.718880739645178,-0.019957949999999995,0.2
23,high,2026.9.7/log_24_2026-9-7-06-16-04.ulg,Sep7,vx,19,19,0.7332003240321097,0.7439917054301407,0.0,0.05263157894736842
23,high,2026.9.7/log_24_2026-9-7-06-16-04.ulg,Sep7,vy,19,19,0.938793066311231,0.9418146214335008,0.0,0.05263157894736842
23,high,2026.9.7/log_24_2026-9-7-06-16-04.ulg,Sep7,vz,19,19,0.9560317577513265,0.9561482951403207,0.0,0.0
23,high,2026.9.7/log_24_2026-9-7-06-16-04.ulg,Sep7,p,19,19,0.7138484701384215,0.8158099615422622,0.019957474999999995,0.0
23,high,2026.9.7/log_24_2026-9-7-06-16-04.ulg,Sep7,q,19,19,0.8549752130237159,0.8601286238244178,0.0,0.0
23,high,2026.9.7/log_24_2026-9-7-06-16-04.ulg,Sep7,r,19,19,0.48932615836507315,0.6629825770780782,-0.040166774999999995,0.21052631578947367
23,high,2026.9.7/log_26_2026-9-7-06-30-26.ulg,Sep7,vx,16,16,0.7116880292855686,0.7297011514826032,0.0,0.0625
23,high,2026.9.7/log_26_2026-9-7-06-30-26.ulg,Sep7,vy,16,16,0.8586413276322783,0.9040945031539815,0.0,0.125
23,high,2026.9.7/log_26_2026-9-7-06-30-26.ulg,Sep7,vz,16,16,0.8647497458624465,0.9109753118879069,0.0,0.0625
23,high,2026.9.7/log_26_2026-9-7-06-30-26.ulg,Sep7,p,16,16,0.7503426092926169,0.8009008882215393,0.0199598125,0.0
23,high,2026.9.7/log_26_2026-9-7-06-30-26.ulg,Sep7,q,16,16,0.8365636729885647,0.8470998251396427,0.0,0.0
23,high,2026.9.7/log_26_2026-9-7-06-30-26.ulg,Sep7,r,16,16,0.44418347358122423,0.6158921318701807,-0.0397962375,0.125
23,high,2026.9.7/log_27_2026-9-7-06-37-24.ulg,Sep7,vx,18,18,0.7329702406942364,0.7542596150495995,0.0,0.05555555555555555
23,high,2026.9.7/log_27_2026-9-7-06-37-24.ulg,Sep7,vy,18,18,0.8115519110391627,0.8181372290223806,0.0,0.0
23,high,2026.9.7/log_27_2026-9-7-06-37-24.ulg,Sep7,vz,18,18,0.976620248677469,0.977686768433586,0.0,0.0
23,high,2026.9.7/log_27_2026-9-7-06-37-24.ulg,Sep7,p,18,18,0.7291814319525667,0.8061617028754378,0.019959275,0.0
23,high,2026.9.7/log_27_2026-9-7-06-37-24.ulg,Sep7,q,18,18,0.8129879198368334,0.8187030219263455,0.0,0.0
23,high,2026.9.7/log_27_2026-9-7-06-37-24.ulg,Sep7,r,18,18,0.46741361741594517,0.5895754812212668,-0.019959212500000004,0.1111111111111111
23,high,2026.9.7/log_28_2026-9-7-06-44-02.ulg,Sep7,vx,18,18,0.8104069666780517,0.8222505756969354,0.0,0.0
23,high,2026.9.7/log_28_2026-9-7-06-44-02.ulg,Sep7,vy,18,18,0.8737984465601251,0.8864125998729484,0.0,0.05555555555555555
23,high,2026.9.7/log_28_2026-9-7-06-44-02.ulg,Sep7,vz,18,18,0.9283307594234849,0.9352721665866144,0.0,0.05555555555555555
23,high,2026.9.7/log_28_2026-9-7-06-44-02.ulg,Sep7,p,18,18,0.6394784424550932,0.7121009980008269,0.019959337499999993,0.0
23,high,2026.9.7/log_28_2026-9-7-06-44-02.ulg,Sep7,q,18,18,0.765088845973056,0.7785391497355122,0.0,0.0
23,high,2026.9.7/log_28_2026-9-7-06-44-02.ulg,Sep7,r,18,18,0.4689954450308552,0.6016718339410068,-0.009979412499999998,0.1111111111111111
23,high,2026.9.7/log_29_2026-9-7-06-51-04.ulg,Sep7,vx,22,22,0.8814362173278915,0.8853986004833064,0.0,0.0
23,high,2026.9.7/log_29_2026-9-7-06-51-04.ulg,Sep7,vy,22,22,0.9506031123559613,0.9589403179994768,0.0,0.09090909090909091
23,high,2026.9.7/log_29_2026-9-7-06-51-04.ulg,Sep7,vz,22,22,0.9543878052538282,0.9610825722176827,0.0,0.045454545454545456
23,high,2026.9.7/log_29_2026-9-7-06-51-04.ulg,Sep7,p,22,22,0.7609641323010887,0.8196369784295828,0.0,0.0
23,high,2026.9.7/log_29_2026-9-7-06-51-04.ulg,Sep7,q,22,22,0.7286360062315549,0.7576696034811105,0.0,0.0
23,high,2026.9.7/log_29_2026-9-7-06-51-04.ulg,Sep7,r,22,22,0.7349405274107558,0.7762957357368966,0.0,0.045454545454545456
23,high,2026.9.7/log_30_2026-9-7-06-58-22.ulg,Sep7,vx,8,8,0.8187387146228332,0.8259666293094052,0.0,0.0
23,high,2026.9.7/log_30_2026-9-7-06-58-22.ulg,Sep7,vy,8,8,0.9866486242809305,0.9872724078895118,0.0,0.0
23,high,2026.9.7/log_30_2026-9-7-06-58-22.ulg,Sep7,vz,8,8,0.9626815424015582,0.9626815424015582,0.0,0.0
23,high,2026.9.7/log_30_2026-9-7-06-58-22.ulg,Sep7,p,8,8,0.5958131028127895,0.6858015803617742,0.0,0.125
23,high,2026.9.7/log_30_2026-9-7-06-58-22.ulg,Sep7,q,8,8,0.8563401715693966,0.8609839781253237,0.0,0.0
23,high,2026.9.7/log_30_2026-9-7-06-58-22.ulg,Sep7,r,8,8,0.4732127251146585,0.5739537923500523,0.0,0.25
23,high,9.17数据/log_10_2026-9-17-06-34-34.ulg,Sep17,vx,34,34,0.7868949355782245,0.8128035416485384,0.0,0.08823529411764706
23,high,9.17数据/log_10_2026-9-17-06-34-34.ulg,Sep17,vy,34,34,0.8274130634886632,0.8587050860139223,0.0,0.11764705882352941
23,high,9.17数据/log_10_2026-9-17-06-34-34.ulg,Sep17,vz,34,34,0.927407633256722,0.9343008348245004,0.0,0.0
23,high,9.17数据/log_10_2026-9-17-06-34-34.ulg,Sep17,p,34,34,0.6791489644418762,0.7336389141852164,0.0,0.0
23,high,9.17数据/log_10_2026-9-17-06-34-34.ulg,Sep17,q,34,34,0.8403096360361898,0.8751442766316969,0.0,0.0
23,high,9.17数据/log_10_2026-9-17-06-34-34.ulg,Sep17,r,34,34,0.6200262957360847,0.7084887677320834,0.0199591625,0.20588235294117646
23,high,9.17数据/log_11_2026-9-17-06-40-30.ulg,Sep17,vx,34,34,0.8302162704225299,0.8577779435352787,0.0,0.08823529411764706
23,high,9.17数据/log_11_2026-9-17-06-40-30.ulg,Sep17,vy,34,34,0.8826750722399959,0.9117289890033136,0.0,0.058823529411764705
23,high,9.17数据/log_11_2026-9-17-06-40-30.ulg,Sep17,vz,34,34,0.9195730010820726,0.933340657267881,0.0,0.029411764705882353
23,high,9.17数据/log_11_2026-9-17-06-40-30.ulg,Sep17,p,34,34,0.7477436967475567,0.7995150925720252,0.0,0.0
23,high,9.17数据/log_11_2026-9-17-06-40-30.ulg,Sep17,q,34,34,0.8349498740250126,0.8722934058272529,0.0,0.029411764705882353
23,high,9.17数据/log_11_2026-9-17-06-40-30.ulg,Sep17,r,34,34,0.716959829891033,0.8029587932921668,0.019961,0.17647058823529413
23,high,9.17数据/log_12_2026-9-17-06-46-02.ulg,Sep17,vx,27,27,0.8344059038401044,0.842555368327914,0.0,0.037037037037037035
23,high,9.17数据/log_12_2026-9-17-06-46-02.ulg,Sep17,vy,27,27,0.9081208417546865,0.9198279115327636,0.0,0.037037037037037035
23,high,9.17数据/log_12_2026-9-17-06-46-02.ulg,Sep17,vz,27,27,0.8770028630615689,0.9142851182411623,0.0,0.037037037037037035
23,high,9.17数据/log_12_2026-9-17-06-46-02.ulg,Sep17,p,27,27,0.6728684379857645,0.7391928052798217,0.019959324999999997,0.037037037037037035
23,high,9.17数据/log_12_2026-9-17-06-46-02.ulg,Sep17,q,27,27,0.7956528984732893,0.8265528394320835,0.0,0.0
23,high,9.17数据/log_12_2026-9-17-06-46-02.ulg,Sep17,r,27,27,0.6856318215016932,0.7924195979089874,0.03991527499999999,0.14814814814814814
23,high,9.17数据/log_13_2026-9-17-06-52-30.ulg,Sep17,vx,58,58,0.815453296225911,0.8328890845105926,0.0,0.017241379310344827
23,high,9.17数据/log_13_2026-9-17-06-52-30.ulg,Sep17,vy,58,58,0.9276749787127735,0.9445270598603862,0.0,0.05172413793103448
23,high,9.17数据/log_13_2026-9-17-06-52-30.ulg,Sep17,vz,58,58,0.9206697956324856,0.9248082095247748,0.0,0.0
23,high,9.17数据/log_13_2026-9-17-06-52-30.ulg,Sep17,p,58,58,0.6852831727910417,0.7602096672677379,0.0,0.017241379310344827
23,high,9.17数据/log_13_2026-9-17-06-52-30.ulg,Sep17,q,58,58,0.8539489980131484,0.8648242104436741,0.0,0.017241379310344827
23,high,9.17数据/log_13_2026-9-17-06-52-30.ulg,Sep17,r,58,58,0.6478907333159694,0.7590573390085894,0.0199595375,0.25862068965517243
23,high,9.17数据/log_6_2026-9-17-06-02-24.ulg,Sep17,vx,35,35,0.8729186170284174,0.8806983387281808,0.0,0.05714285714285714
23,high,9.17数据/log_6_2026-9-17-06-02-24.ulg,Sep17,vy,35,35,0.8556398847349168,0.8737293158758092,0.0,0.08571428571428572
23,high,9.17数据/log_6_2026-9-17-06-02-24.ulg,Sep17,vz,35,35,0.8790144947647409,0.8939017212867357,0.0,0.02857142857142857
23,high,9.17数据/log_6_2026-9-17-06-02-24.ulg,Sep17,p,35,35,0.730765286226367,0.7564360976354821,0.0,0.0
23,high,9.17数据/log_6_2026-9-17-06-02-24.ulg,Sep17,q,35,35,0.8277245908621556,0.8465669191638208,0.0,0.02857142857142857
23,high,9.17数据/log_6_2026-9-17-06-02-24.ulg,Sep17,r,35,35,0.6374250053378988,0.7227359270447611,0.019959,0.05714285714285714
23,high,9.17数据/log_7_2026-9-17-06-12-16.ulg,Sep17,vx,17,17,0.9535649210464756,0.9621324290922852,0.0,0.0
23,high,9.17数据/log_7_2026-9-17-06-12-16.ulg,Sep17,vy,17,17,0.8078070423276311,0.8425558283223787,0.0,0.11764705882352941
23,high,9.17数据/log_7_2026-9-17-06-12-16.ulg,Sep17,vz,17,17,0.9459484326826967,0.9497129113137008,0.0,0.0
23,high,9.17数据/log_7_2026-9-17-06-12-16.ulg,Sep17,p,17,17,0.6981059411776768,0.7239038535201026,0.0,0.0
23,high,9.17数据/log_7_2026-9-17-06-12-16.ulg,Sep17,q,17,17,0.8747824961708377,0.8928826380791041,0.0,0.0
23,high,9.17数据/log_7_2026-9-17-06-12-16.ulg,Sep17,r,17,17,0.6977825514467102,0.7696771373091627,0.0,0.11764705882352941
23,high,9.17数据/log_8_2026-9-17-06-17-52.ulg,Sep17,vx,33,33,0.7101771491785168,0.7173822936658216,0.0,0.06060606060606061
23,high,9.17数据/log_8_2026-9-17-06-17-52.ulg,Sep17,vy,33,33,0.8430854778669541,0.854304908846638,0.0,0.06060606060606061
23,high,9.17数据/log_8_2026-9-17-06-17-52.ulg,Sep17,vz,33,33,0.9450363357030462,0.9474629858922513,0.0,0.030303030303030304
23,high,9.17数据/log_8_2026-9-17-06-17-52.ulg,Sep17,p,33,33,0.7500028490742338,0.7988283443990231,0.0,0.0
23,high,9.17数据/log_8_2026-9-17-06-17-52.ulg,Sep17,q,33,33,0.8410057545121915,0.8610724218673347,0.0,0.0
23,high,9.17数据/log_8_2026-9-17-06-17-52.ulg,Sep17,r,33,33,0.5928274568268299,0.7414160471176011,0.03992280000000001,0.12121212121212122
23,high,9.17数据/log_9_2026-9-17-06-28-10.ulg,Sep17,vx,31,31,0.802062614087506,0.8283782170480608,0.0,0.06451612903225806
23,high,9.17数据/log_9_2026-9-17-06-28-10.ulg,Sep17,vy,31,31,0.9390841077766697,0.9464955329688037,0.0,0.06451612903225806
23,high,9.17数据/log_9_2026-9-17-06-28-10.ulg,Sep17,vz,31,31,0.8655466735616307,0.8733958141036714,0.0,0.03225806451612903
23,high,9.17数据/log_9_2026-9-17-06-28-10.ulg,Sep17,p,31,31,0.7696662884353347,0.7870261028552398,0.0,0.0
23,high,9.17数据/log_9_2026-9-17-06-28-10.ulg,Sep17,q,31,31,0.8156925181540083,0.8392389834140599,0.0,0.03225806451612903
23,high,9.17数据/log_9_2026-9-17-06-28-10.ulg,Sep17,r,31,31,0.7999036420719308,0.8388284029082359,0.019960050000000007,0.12903225806451613
23,drive_high,2026.9.7/log_21_2026-9-7-05-54-56.ulg,Sep7,vx,7,7,0.8392903101018311,0.8492137577511402,0.0,0.0
23,drive_high,2026.9.7/log_21_2026-9-7-05-54-56.ulg,Sep7,vy,7,7,0.7671560262443032,0.8592560859346055,-0.019957750000000003,0.14285714285714285
23,drive_high,2026.9.7/log_21_2026-9-7-05-54-56.ulg,Sep7,vz,7,7,0.9361578299496508,0.9361578299496508,0.0,0.0
23,drive_high,2026.9.7/log_21_2026-9-7-05-54-56.ulg,Sep7,p,7,7,0.6036116718484907,0.7251915839015661,0.019958199999999995,0.0
23,drive_high,2026.9.7/log_21_2026-9-7-05-54-56.ulg,Sep7,q,7,7,0.7982928488520634,0.8072966408893674,0.0,0.0
23,drive_high,2026.9.7/log_21_2026-9-7-05-54-56.ulg,Sep7,r,7,7,0.5197187753464342,0.6535224160141403,0.0,0.2857142857142857
23,drive_high,2026.9.7/log_22_2026-9-7-06-01-40.ulg,Sep7,vx,4,4,0.9566518892734853,0.9642562573319067,0.0,0.0
23,drive_high,2026.9.7/log_22_2026-9-7-06-01-40.ulg,Sep7,vy,4,4,0.618516165362444,0.6194552205665437,0.0,0.0
23,drive_high,2026.9.7/log_22_2026-9-7-06-01-40.ulg,Sep7,vz,4,4,0.9594018704966396,0.9594018704966396,0.0,0.0
23,drive_high,2026.9.7/log_22_2026-9-7-06-01-40.ulg,Sep7,p,4,4,0.5495030885689239,0.7938317584483748,0.010101724999999997,0.0
23,drive_high,2026.9.7/log_22_2026-9-7-06-01-40.ulg,Sep7,q,4,4,0.6899097318514478,0.6983861050534872,0.0,0.0
23,drive_high,2026.9.7/log_22_2026-9-7-06-01-40.ulg,Sep7,r,4,4,0.14850938573830602,0.5922103921075155,-0.080202325,0.25
23,drive_high,2026.9.7/log_23_2026-9-7-06-09-22.ulg,Sep7,vx,34,34,0.8787000381716502,0.8873937121681434,0.0,0.029411764705882353
23,drive_high,2026.9.7/log_23_2026-9-7-06-09-22.ulg,Sep7,vy,34,34,0.9535133149530037,0.9577847318246445,0.0,0.029411764705882353
23,drive_high,2026.9.7/log_23_2026-9-7-06-09-22.ulg,Sep7,vz,34,34,0.9599156385851008,0.9613932064891484,0.0,0.0
23,drive_high,2026.9.7/log_23_2026-9-7-06-09-22.ulg,Sep7,p,34,34,0.774613753860808,0.8070965292734621,0.0,0.0
23,drive_high,2026.9.7/log_23_2026-9-7-06-09-22.ulg,Sep7,q,34,34,0.8586701308846664,0.8608894910799679,0.0,0.0
23,drive_high,2026.9.7/log_23_2026-9-7-06-09-22.ulg,Sep7,r,34,34,0.3803903300207888,0.603897271815761,-0.039915225000000006,0.2647058823529412
23,drive_high,2026.9.7/log_24_2026-9-7-06-16-04.ulg,Sep7,vx,37,37,0.8046450382079354,0.8099689863715938,0.0,0.0
23,drive_high,2026.9.7/log_24_2026-9-7-06-16-04.ulg,Sep7,vy,37,37,0.8344717897935314,0.8514283037545357,0.0,0.05405405405405406
23,drive_high,2026.9.7/log_24_2026-9-7-06-16-04.ulg,Sep7,vz,37,37,0.9595643289570899,0.9610095321521768,0.0,0.0
23,drive_high,2026.9.7/log_24_2026-9-7-06-16-04.ulg,Sep7,p,37,37,0.682504098884029,0.7748293354198735,0.01995779999999999,0.0
23,drive_high,2026.9.7/log_24_2026-9-7-06-16-04.ulg,Sep7,q,37,37,0.8713422093621567,0.8755173810197997,0.0,0.0
23,drive_high,2026.9.7/log_24_2026-9-7-06-16-04.ulg,Sep7,r,37,37,0.3819381599710291,0.597941293767749,-0.039914399999999996,0.3783783783783784
23,drive_high,2026.9.7/log_26_2026-9-7-06-30-26.ulg,Sep7,vx,4,4,0.4959081007033145,0.5400306143251131,0.00998035,0.25
23,drive_high,2026.9.7/log_26_2026-9-7-06-30-26.ulg,Sep7,vy,4,4,0.43831548183708524,0.6243436915982944,0.0199599375,0.25
23,drive_high,2026.9.7/log_26_2026-9-7-06-30-26.ulg,Sep7,vz,4,4,0.937803365576301,0.937803365576301,0.0,0.0
23,drive_high,2026.9.7/log_26_2026-9-7-06-30-26.ulg,Sep7,p,4,4,0.7692207274384476,0.8559341206209634,0.0199599375,0.0
23,drive_high,2026.9.7/log_26_2026-9-7-06-30-26.ulg,Sep7,q,4,4,0.7865094870029181,0.7996089262265935,0.0,0.0
23,drive_high,2026.9.7/log_26_2026-9-7-06-30-26.ulg,Sep7,r,4,4,0.5481631217489483,0.8196943028806069,-0.060127325,0.0
23,drive_high,2026.9.7/log_28_2026-9-7-06-44-02.ulg,Sep7,vx,32,32,0.8225043955082648,0.826152731996274,0.0,0.0
23,drive_high,2026.9.7/log_28_2026-9-7-06-44-02.ulg,Sep7,vy,32,32,0.8970957709926306,0.9031276024762942,0.0,0.0
23,drive_high,2026.9.7/log_28_2026-9-7-06-44-02.ulg,Sep7,vz,32,32,0.9766550347413079,0.9766550347413079,0.0,0.0
23,drive_high,2026.9.7/log_28_2026-9-7-06-44-02.ulg,Sep7,p,32,32,0.7761585367233474,0.8159475592036987,0.019958799999999995,0.0
23,drive_high,2026.9.7/log_28_2026-9-7-06-44-02.ulg,Sep7,q,32,32,0.9045168645787005,0.9085520311693633,0.0,0.0
23,drive_high,2026.9.7/log_28_2026-9-7-06-44-02.ulg,Sep7,r,32,32,0.48840993433051205,0.6626381252059035,-0.040166312499999995,0.03125
23,drive_high,2026.9.7/log_29_2026-9-7-06-51-04.ulg,Sep7,vx,21,21,0.9293063619959332,0.9294992683397406,0.0,0.0
23,drive_high,2026.9.7/log_29_2026-9-7-06-51-04.ulg,Sep7,vy,21,21,0.9587597202723469,0.9706842800738338,0.0,0.047619047619047616
23,drive_high,2026.9.7/log_29_2026-9-7-06-51-04.ulg,Sep7,vz,21,21,0.9705757779060572,0.9706990053488648,0.0,0.0
23,drive_high,2026.9.7/log_29_2026-9-7-06-51-04.ulg,Sep7,p,21,21,0.8794512136445318,0.9021022861879002,0.0,0.0
23,drive_high,2026.9.7/log_29_2026-9-7-06-51-04.ulg,Sep7,q,21,21,0.8974321042671208,0.9000217957571511,0.0,0.0
23,drive_high,2026.9.7/log_29_2026-9-7-06-51-04.ulg,Sep7,r,21,21,0.7390915302242723,0.8055842039187323,-0.019959125,0.0
23,drive_high,2026.9.7/log_30_2026-9-7-06-58-22.ulg,Sep7,vx,5,5,0.9109254628214304,0.9118647271507442,0.0,0.0
23,drive_high,2026.9.7/log_30_2026-9-7-06-58-22.ulg,Sep7,vy,5,5,0.9339859864472724,0.9349198331762171,0.0,0.0
23,drive_high,2026.9.7/log_30_2026-9-7-06-58-22.ulg,Sep7,vz,5,5,0.9781466727871825,0.9781466727871825,0.0,0.0
23,drive_high,2026.9.7/log_30_2026-9-7-06-58-22.ulg,Sep7,p,5,5,0.891125130946427,0.891125130946427,0.0,0.0
23,drive_high,2026.9.7/log_30_2026-9-7-06-58-22.ulg,Sep7,q,5,5,0.847026172144993,0.8570400247389278,0.0,0.0
23,drive_high,2026.9.7/log_30_2026-9-7-06-58-22.ulg,Sep7,r,5,5,0.3304262548742202,0.5455258801376928,-0.05987635,0.4
23,drive_high,9.17数据/log_10_2026-9-17-06-34-34.ulg,Sep17,vx,52,52,0.9247893567455571,0.9316130256901936,0.0,0.019230769230769232
23,drive_high,9.17数据/log_10_2026-9-17-06-34-34.ulg,Sep17,vy,52,52,0.8484758798695153,0.8766750303889279,0.0,0.07692307692307693
23,drive_high,9.17数据/log_10_2026-9-17-06-34-34.ulg,Sep17,vz,52,52,0.9269050802334928,0.9330243877756662,0.0,0.0
23,drive_high,9.17数据/log_10_2026-9-17-06-34-34.ulg,Sep17,p,52,52,0.7186235729333099,0.7489159984333972,0.0,0.0
23,drive_high,9.17数据/log_10_2026-9-17-06-34-34.ulg,Sep17,q,52,52,0.8627394942370636,0.8877429567292634,0.0,0.0
23,drive_high,9.17数据/log_10_2026-9-17-06-34-34.ulg,Sep17,r,52,52,0.5580939358352264,0.7278350782378898,0.030062674999999997,0.21153846153846154
23,drive_high,9.17数据/log_11_2026-9-17-06-40-30.ulg,Sep17,vx,52,52,0.9037920391573446,0.9127703670878904,0.0,0.019230769230769232
23,drive_high,9.17数据/log_11_2026-9-17-06-40-30.ulg,Sep17,vy,52,52,0.8158126568101879,0.8341294369608855,0.0,0.057692307692307696
23,drive_high,9.17数据/log_11_2026-9-17-06-40-30.ulg,Sep17,vz,52,52,0.9318155781595524,0.939842927013655,0.0,0.019230769230769232
23,drive_high,9.17数据/log_11_2026-9-17-06-40-30.ulg,Sep17,p,52,52,0.7237539044648529,0.7598753862187902,0.0,0.0
23,drive_high,9.17数据/log_11_2026-9-17-06-40-30.ulg,Sep17,q,52,52,0.8697351060434523,0.8918562041222444,0.0,0.019230769230769232
23,drive_high,9.17数据/log_11_2026-9-17-06-40-30.ulg,Sep17,r,52,52,0.7120498655191608,0.8293242257170929,0.020087212499999993,0.15384615384615385
23,drive_high,9.17数据/log_12_2026-9-17-06-46-02.ulg,Sep17,vx,44,44,0.8979222791159309,0.9008648936184123,0.0,0.0
23,drive_high,9.17数据/log_12_2026-9-17-06-46-02.ulg,Sep17,vy,44,44,0.8653126909343727,0.8921741143490555,0.0,0.06818181818181818
23,drive_high,9.17数据/log_12_2026-9-17-06-46-02.ulg,Sep17,vz,44,44,0.9566469448270737,0.9566469448270737,0.0,0.0
23,drive_high,9.17数据/log_12_2026-9-17-06-46-02.ulg,Sep17,p,44,44,0.7167167530023578,0.7708005152330825,0.0,0.0
23,drive_high,9.17数据/log_12_2026-9-17-06-46-02.ulg,Sep17,q,44,44,0.8995065469129861,0.9002776382165266,0.0,0.0
23,drive_high,9.17数据/log_12_2026-9-17-06-46-02.ulg,Sep17,r,44,44,0.6820823819555516,0.8102135877876335,0.0402890625,0.06818181818181818
23,drive_high,9.17数据/log_13_2026-9-17-06-52-30.ulg,Sep17,vx,59,59,0.8445684075860255,0.8613187232424596,0.0,0.03389830508474576
23,drive_high,9.17数据/log_13_2026-9-17-06-52-30.ulg,Sep17,vy,59,59,0.8538907920272809,0.8739485778011251,0.0,0.05084745762711865
23,drive_high,9.17数据/log_13_2026-9-17-06-52-30.ulg,Sep17,vz,59,59,0.9348279286505714,0.9373906291502538,0.0,0.0
23,drive_high,9.17数据/log_13_2026-9-17-06-52-30.ulg,Sep17,p,59,59,0.6769858669445159,0.7437189694126632,0.0,0.0
23,drive_high,9.17数据/log_13_2026-9-17-06-52-30.ulg,Sep17,q,59,59,0.8465692349744843,0.8572766472836922,0.0,0.0
23,drive_high,9.17数据/log_13_2026-9-17-06-52-30.ulg,Sep17,r,59,59,0.6472849343648209,0.7334061158430418,0.019959849999999994,0.1016949152542373
23,drive_high,9.17数据/log_6_2026-9-17-06-02-24.ulg,Sep17,vx,32,32,0.9218815946115514,0.9261485103190362,0.0,0.0625
23,drive_high,9.17数据/log_6_2026-9-17-06-02-24.ulg,Sep17,vy,32,32,0.9280931571241288,0.9426836542726675,0.0,0.03125
23,drive_high,9.17数据/log_6_2026-9-17-06-02-24.ulg,Sep17,vz,32,32,0.8703552775867188,0.8831449632202508,0.0,0.03125
23,drive_high,9.17数据/log_6_2026-9-17-06-02-24.ulg,Sep17,p,32,32,0.7872243694260946,0.8089815363463646,0.0,0.0
23,drive_high,9.17数据/log_6_2026-9-17-06-02-24.ulg,Sep17,q,32,32,0.8790551917305656,0.8877788904651,0.0,0.0
23,drive_high,9.17数据/log_6_2026-9-17-06-02-24.ulg,Sep17,r,32,32,0.5417520124626948,0.6889438922388047,0.05001972499999998,0.0
23,drive_high,9.17数据/log_7_2026-9-17-06-12-16.ulg,Sep17,vx,58,58,0.8800664039254316,0.8874956540275002,0.0,0.0
23,drive_high,9.17数据/log_7_2026-9-17-06-12-16.ulg,Sep17,vy,58,58,0.8695246991444366,0.893193767729566,0.0,0.10344827586206896
23,drive_high,9.17数据/log_7_2026-9-17-06-12-16.ulg,Sep17,vz,58,58,0.9527256152731824,0.9552601080047175,0.0,0.0
23,drive_high,9.17数据/log_7_2026-9-17-06-12-16.ulg,Sep17,p,58,58,0.82415756701405,0.8447445577751898,0.0,0.017241379310344827
23,drive_high,9.17数据/log_7_2026-9-17-06-12-16.ulg,Sep17,q,58,58,0.8971973912454196,0.9063594318951929,0.0,0.0
23,drive_high,9.17数据/log_7_2026-9-17-06-12-16.ulg,Sep17,r,58,58,0.6294484207222876,0.7620117430629997,0.040168999999999996,0.1206896551724138
23,drive_high,9.17数据/log_8_2026-9-17-06-17-52.ulg,Sep17,vx,57,57,0.8866285629746563,0.8925422809148111,0.0,0.017543859649122806
23,drive_high,9.17数据/log_8_2026-9-17-06-17-52.ulg,Sep17,vy,57,57,0.8082122959695786,0.8238802353265527,0.0,0.07017543859649122
23,drive_high,9.17数据/log_8_2026-9-17-06-17-52.ulg,Sep17,vz,57,57,0.9455295087280009,0.947869797103956,0.0,0.017543859649122806
23,drive_high,9.17数据/log_8_2026-9-17-06-17-52.ulg,Sep17,p,57,57,0.7822517923225317,0.8144888906535934,0.0,0.0
23,drive_high,9.17数据/log_8_2026-9-17-06-17-52.ulg,Sep17,q,57,57,0.8662890575328209,0.8783674700985921,0.0,0.0
23,drive_high,9.17数据/log_8_2026-9-17-06-17-52.ulg,Sep17,r,57,57,0.6938932420093585,0.820179288504315,0.039919375,0.19298245614035087
23,drive_high,9.17数据/log_9_2026-9-17-06-28-10.ulg,Sep17,vx,35,35,0.9029953290646312,0.9235225671823842,0.0,0.08571428571428572
23,drive_high,9.17数据/log_9_2026-9-17-06-28-10.ulg,Sep17,vy,35,35,0.9581888190592289,0.9637996086694973,0.0,0.05714285714285714
23,drive_high,9.17数据/log_9_2026-9-17-06-28-10.ulg,Sep17,vz,35,35,0.8896637835978634,0.8935336630709645,0.0,0.02857142857142857
23,drive_high,9.17数据/log_9_2026-9-17-06-28-10.ulg,Sep17,p,35,35,0.7736635031341556,0.7915662347883845,0.0,0.0
23,drive_high,9.17数据/log_9_2026-9-17-06-28-10.ulg,Sep17,q,35,35,0.8594001558033126,0.8785648099504474,0.0,0.0
23,drive_high,9.17数据/log_9_2026-9-17-06-28-10.ulg,Sep17,r,35,35,0.6669941823640351,0.7510955326004235,0.03991555,0.08571428571428572
23,common_high,2026.9.7/log_21_2026-9-7-05-54-56.ulg,Sep7,vx,37,37,0.8759528321873591,0.8846865156447719,0.0,0.0
23,common_high,2026.9.7/log_21_2026-9-7-05-54-56.ulg,Sep7,vy,37,37,0.8567313924626089,0.8891030058151962,0.0,0.10810810810810811
23,common_high,2026.9.7/log_21_2026-9-7-05-54-56.ulg,Sep7,vz,37,37,0.9376685840661789,0.9408828733212621,0.0,0.0
23,common_high,2026.9.7/log_21_2026-9-7-05-54-56.ulg,Sep7,p,37,37,0.45713736486396744,0.6125146240394452,0.020202125000000005,0.05405405405405406
23,common_high,2026.9.7/log_21_2026-9-7-05-54-56.ulg,Sep7,q,37,37,0.8215656551671348,0.8457030235282164,0.0,0.0
23,common_high,2026.9.7/log_21_2026-9-7-05-54-56.ulg,Sep7,r,37,37,0.5054536874180956,0.6535252035928639,-0.03991485,0.2702702702702703
23,common_high,2026.9.7/log_22_2026-9-7-06-01-40.ulg,Sep7,vx,18,18,0.8379498456115048,0.8440859324978426,0.0,0.0
23,common_high,2026.9.7/log_22_2026-9-7-06-01-40.ulg,Sep7,vy,18,18,0.9056339238185207,0.9135839901621898,0.0,0.0
23,common_high,2026.9.7/log_22_2026-9-7-06-01-40.ulg,Sep7,vz,18,18,0.9312897563239542,0.9312897563239542,0.0,0.0
23,common_high,2026.9.7/log_22_2026-9-7-06-01-40.ulg,Sep7,p,18,18,0.6557483053894472,0.7682762952674425,0.009978737500000001,0.0
23,common_high,2026.9.7/log_22_2026-9-7-06-01-40.ulg,Sep7,q,18,18,0.7772026292297302,0.7815503004864702,0.0,0.0
23,common_high,2026.9.7/log_22_2026-9-7-06-01-40.ulg,Sep7,r,18,18,0.4405632061213283,0.6516253280697684,-0.0598787375,0.2777777777777778
23,common_high,2026.9.7/log_23_2026-9-7-06-09-22.ulg,Sep7,vx,23,23,0.7646559164620613,0.7722086430862989,0.0,0.043478260869565216
23,common_high,2026.9.7/log_23_2026-9-7-06-09-22.ulg,Sep7,vy,23,23,0.870426998478235,0.8867977636063467,0.0,0.08695652173913043
23,common_high,2026.9.7/log_23_2026-9-7-06-09-22.ulg,Sep7,vz,23,23,0.8914769841886129,0.9024213560165053,0.0,0.0
23,common_high,2026.9.7/log_23_2026-9-7-06-09-22.ulg,Sep7,p,23,23,0.7486571249484301,0.7845253763047026,0.0,0.043478260869565216
23,common_high,2026.9.7/log_23_2026-9-7-06-09-22.ulg,Sep7,q,23,23,0.7797681453310442,0.802483224621174,0.0,0.0
23,common_high,2026.9.7/log_23_2026-9-7-06-09-22.ulg,Sep7,r,23,23,0.5942155779771638,0.6735846699125476,-0.019957500000000006,0.08695652173913043
23,common_high,2026.9.7/log_24_2026-9-7-06-16-04.ulg,Sep7,vx,27,27,0.8563593891240096,0.8634827591194094,0.0,0.037037037037037035
23,common_high,2026.9.7/log_24_2026-9-7-06-16-04.ulg,Sep7,vy,27,27,0.9029711511787815,0.9271026536660398,0.0,0.1111111111111111
23,common_high,2026.9.7/log_24_2026-9-7-06-16-04.ulg,Sep7,vz,27,27,0.9450000969900487,0.9487839563795651,0.0,0.037037037037037035
23,common_high,2026.9.7/log_24_2026-9-7-06-16-04.ulg,Sep7,p,27,27,0.6114415072635906,0.7396989182804928,0.019958574999999996,0.037037037037037035
23,common_high,2026.9.7/log_24_2026-9-7-06-16-04.ulg,Sep7,q,27,27,0.8273461615744648,0.8512602763864606,0.0,0.0
23,common_high,2026.9.7/log_24_2026-9-7-06-16-04.ulg,Sep7,r,27,27,0.47638843331796316,0.625075241477565,-0.039911175,0.2222222222222222
23,common_high,2026.9.7/log_26_2026-9-7-06-30-26.ulg,Sep7,vx,18,18,0.6244553651550683,0.6412090654904256,0.0,0.05555555555555555
23,common_high,2026.9.7/log_26_2026-9-7-06-30-26.ulg,Sep7,vy,18,18,0.7698773442228038,0.8318369766403385,0.0,0.16666666666666666
23,common_high,2026.9.7/log_26_2026-9-7-06-30-26.ulg,Sep7,vz,18,18,0.8561999327952619,0.896723903958354,0.0,0.05555555555555555
23,common_high,2026.9.7/log_26_2026-9-7-06-30-26.ulg,Sep7,p,18,18,0.737181370685501,0.8195916794568484,0.019959700000000004,0.0
23,common_high,2026.9.7/log_26_2026-9-7-06-30-26.ulg,Sep7,q,18,18,0.7885508322879015,0.7980355851210981,0.0,0.0
23,common_high,2026.9.7/log_26_2026-9-7-06-30-26.ulg,Sep7,r,18,18,0.5652300373103271,0.7056029918644904,-0.04017196250000001,0.1111111111111111
23,common_high,2026.9.7/log_27_2026-9-7-06-37-24.ulg,Sep7,vx,16,16,0.6305082467792194,0.6445099904834415,0.0,0.0625
23,common_high,2026.9.7/log_27_2026-9-7-06-37-24.ulg,Sep7,vy,16,16,0.8769106105135847,0.8896067478257657,0.0,0.0625
23,common_high,2026.9.7/log_27_2026-9-7-06-37-24.ulg,Sep7,vz,16,16,0.9509682090592713,0.9509682090592713,0.0,0.0
23,common_high,2026.9.7/log_27_2026-9-7-06-37-24.ulg,Sep7,p,16,16,0.815392097822408,0.8652249326482118,0.009978637499999998,0.0
23,common_high,2026.9.7/log_27_2026-9-7-06-37-24.ulg,Sep7,q,16,16,0.7731629873269052,0.786323022947003,0.0,0.0625
23,common_high,2026.9.7/log_27_2026-9-7-06-37-24.ulg,Sep7,r,16,16,0.3500953574282259,0.5357975156842419,-0.039920025,0.0
23,common_high,2026.9.7/log_28_2026-9-7-06-44-02.ulg,Sep7,vx,18,18,0.903176124053424,0.9123292873600717,0.0,0.0
23,common_high,2026.9.7/log_28_2026-9-7-06-44-02.ulg,Sep7,vy,18,18,0.8590461584327252,0.9043477074987454,0.0,0.05555555555555555
23,common_high,2026.9.7/log_28_2026-9-7-06-44-02.ulg,Sep7,vz,18,18,0.9263846175312295,0.933326024694359,0.0,0.05555555555555555
23,common_high,2026.9.7/log_28_2026-9-7-06-44-02.ulg,Sep7,p,18,18,0.6728319951472721,0.7217024621070784,0.0,0.0
23,common_high,2026.9.7/log_28_2026-9-7-06-44-02.ulg,Sep7,q,18,18,0.82353544989558,0.8362055122751405,0.0,0.0
23,common_high,2026.9.7/log_28_2026-9-7-06-44-02.ulg,Sep7,r,18,18,0.5138981544326412,0.6426096536079303,-0.029938212500000005,0.05555555555555555
23,common_high,2026.9.7/log_29_2026-9-7-06-51-04.ulg,Sep7,vx,18,18,0.8424849379683377,0.8470965164440395,0.0,0.05555555555555555
23,common_high,2026.9.7/log_29_2026-9-7-06-51-04.ulg,Sep7,vy,18,18,0.9223129532053256,0.9253595042266407,0.0,0.05555555555555555
23,common_high,2026.9.7/log_29_2026-9-7-06-51-04.ulg,Sep7,vz,18,18,0.9463941251389648,0.9554195386161807,0.0,0.05555555555555555
23,common_high,2026.9.7/log_29_2026-9-7-06-51-04.ulg,Sep7,p,18,18,0.7826364866878175,0.859652351458914,0.0,0.0
23,common_high,2026.9.7/log_29_2026-9-7-06-51-04.ulg,Sep7,q,18,18,0.7004908110716372,0.7419018431382972,0.0,0.0
23,common_high,2026.9.7/log_29_2026-9-7-06-51-04.ulg,Sep7,r,18,18,0.6229473640250316,0.6891617975317978,-0.0099795625,0.1111111111111111
23,common_high,2026.9.7/log_30_2026-9-7-06-58-22.ulg,Sep7,vx,16,16,0.923370734633719,0.9281029821202922,0.0,0.0
23,common_high,2026.9.7/log_30_2026-9-7-06-58-22.ulg,Sep7,vy,16,16,0.8127977211904603,0.8185467794406693,0.0,0.0625
23,common_high,2026.9.7/log_30_2026-9-7-06-58-22.ulg,Sep7,vz,16,16,0.954847191467441,0.9560708052836102,0.0,0.0
23,common_high,2026.9.7/log_30_2026-9-7-06-58-22.ulg,Sep7,p,16,16,0.6265686220432238,0.7105360804856571,0.0,0.0625
23,common_high,2026.9.7/log_30_2026-9-7-06-58-22.ulg,Sep7,q,16,16,0.8101769617422505,0.8156273304477801,0.0,0.0
23,common_high,2026.9.7/log_30_2026-9-7-06-58-22.ulg,Sep7,r,16,16,0.430039656311182,0.5572835866590301,0.0,0.25
23,common_high,9.17数据/log_10_2026-9-17-06-34-34.ulg,Sep17,vx,26,26,0.879463932057573,0.889551919746704,0.0,0.038461538461538464
23,common_high,9.17数据/log_10_2026-9-17-06-34-34.ulg,Sep17,vy,26,26,0.6811944575980771,0.7309085587342709,0.0,0.15384615384615385
23,common_high,9.17数据/log_10_2026-9-17-06-34-34.ulg,Sep17,vz,26,26,0.9292901496010816,0.935718086507928,0.0,0.0
23,common_high,9.17数据/log_10_2026-9-17-06-34-34.ulg,Sep17,p,26,26,0.7056422961356018,0.7281927533014295,0.0,0.0
23,common_high,9.17数据/log_10_2026-9-17-06-34-34.ulg,Sep17,q,26,26,0.8551719234855255,0.8737203413254335,0.0,0.0
23,common_high,9.17数据/log_10_2026-9-17-06-34-34.ulg,Sep17,r,26,26,0.5955553727298241,0.785635798064708,0.029939425,0.23076923076923078
23,common_high,9.17数据/log_11_2026-9-17-06-40-30.ulg,Sep17,vx,33,33,0.7997539066024316,0.8251742316998609,0.0,0.09090909090909091
23,common_high,9.17数据/log_11_2026-9-17-06-40-30.ulg,Sep17,vy,33,33,0.9090204498041172,0.9347117090837286,0.0,0.06060606060606061
23,common_high,9.17数据/log_11_2026-9-17-06-40-30.ulg,Sep17,vz,33,33,0.9157006854919669,0.9323171130752852,0.0,0.030303030303030304
23,common_high,9.17数据/log_11_2026-9-17-06-40-30.ulg,Sep17,p,33,33,0.7199644009436819,0.7764592294676379,0.0,0.0
23,common_high,9.17数据/log_11_2026-9-17-06-40-30.ulg,Sep17,q,33,33,0.8274213432298384,0.8648710964424573,0.0,0.030303030303030304
23,common_high,9.17数据/log_11_2026-9-17-06-40-30.ulg,Sep17,r,33,33,0.8076898038783553,0.8818322494535414,0.0,0.18181818181818182
23,common_high,9.17数据/log_12_2026-9-17-06-46-02.ulg,Sep17,vx,30,30,0.9334122828358122,0.9360037414407133,0.0,0.03333333333333333
23,common_high,9.17数据/log_12_2026-9-17-06-46-02.ulg,Sep17,vy,30,30,0.8887797386398002,0.9124397738841279,0.0,0.06666666666666667
23,common_high,9.17数据/log_12_2026-9-17-06-46-02.ulg,Sep17,vz,30,30,0.8988586518471121,0.9327446002243494,0.0,0.03333333333333333
23,common_high,9.17数据/log_12_2026-9-17-06-46-02.ulg,Sep17,p,30,30,0.6745372064984082,0.7331577060257739,0.0199588625,0.03333333333333333
23,common_high,9.17数据/log_12_2026-9-17-06-46-02.ulg,Sep17,q,30,30,0.8436507285351488,0.8670020008414322,0.0,0.0
23,common_high,9.17数据/log_12_2026-9-17-06-46-02.ulg,Sep17,r,30,30,0.6350628104599862,0.7744276241049112,0.019961274999999997,0.2
23,common_high,9.17数据/log_13_2026-9-17-06-52-30.ulg,Sep17,vx,43,43,0.845700732691664,0.8663324039923984,0.0,0.046511627906976744
23,common_high,9.17数据/log_13_2026-9-17-06-52-30.ulg,Sep17,vy,43,43,0.8989696068679551,0.9184958684705155,0.0,0.09302325581395349
23,common_high,9.17数据/log_13_2026-9-17-06-52-30.ulg,Sep17,vz,43,43,0.9272003469461199,0.9289580874703672,0.0,0.0
23,common_high,9.17数据/log_13_2026-9-17-06-52-30.ulg,Sep17,p,43,43,0.6655471426106541,0.7485742834898578,0.0,0.023255813953488372
23,common_high,9.17数据/log_13_2026-9-17-06-52-30.ulg,Sep17,q,43,43,0.8274426268422113,0.8379064911109061,0.0,0.023255813953488372
23,common_high,9.17数据/log_13_2026-9-17-06-52-30.ulg,Sep17,r,43,43,0.5048635208129089,0.6384339904320928,0.019956099999999997,0.3023255813953488
23,common_high,9.17数据/log_6_2026-9-17-06-02-24.ulg,Sep17,vx,27,27,0.8837846585947765,0.8910575983445093,0.0,0.07407407407407407
23,common_high,9.17数据/log_6_2026-9-17-06-02-24.ulg,Sep17,vy,27,27,0.8765513179964914,0.8893146891262453,0.0,0.037037037037037035
23,common_high,9.17数据/log_6_2026-9-17-06-02-24.ulg,Sep17,vz,27,27,0.863276408619887,0.8778336819145577,0.0,0.037037037037037035
23,common_high,9.17数据/log_6_2026-9-17-06-02-24.ulg,Sep17,p,27,27,0.7950527823690271,0.8254650688881695,0.0,0.0
23,common_high,9.17数据/log_6_2026-9-17-06-02-24.ulg,Sep17,q,27,27,0.8474337349779082,0.8595366380860098,0.0,0.0
23,common_high,9.17数据/log_6_2026-9-17-06-02-24.ulg,Sep17,r,27,27,0.6070250691394873,0.7069996684641632,0.03991717499999999,0.07407407407407407
23,common_high,9.17数据/log_7_2026-9-17-06-12-16.ulg,Sep17,vx,28,28,0.9434061947667842,0.9478214717451647,0.0,0.0
23,common_high,9.17数据/log_7_2026-9-17-06-12-16.ulg,Sep17,vy,28,28,0.8877892589591869,0.9103942292478505,0.0,0.10714285714285714
23,common_high,9.17数据/log_7_2026-9-17-06-12-16.ulg,Sep17,vz,28,28,0.9440438551713681,0.9469405408754665,0.0,0.0
23,common_high,9.17数据/log_7_2026-9-17-06-12-16.ulg,Sep17,p,28,28,0.795993004669718,0.8088988462711166,0.0,0.0
23,common_high,9.17数据/log_7_2026-9-17-06-12-16.ulg,Sep17,q,28,28,0.8576174314496186,0.8794861687606043,0.0,0.0
23,common_high,9.17数据/log_7_2026-9-17-06-12-16.ulg,Sep17,r,28,28,0.6420652722498218,0.7583593380428187,0.03991967499999999,0.10714285714285714
23,common_high,9.17数据/log_8_2026-9-17-06-17-52.ulg,Sep17,vx,32,32,0.8352231457499839,0.837032866443852,0.0,0.03125
23,common_high,9.17数据/log_8_2026-9-17-06-17-52.ulg,Sep17,vy,32,32,0.8195836768711839,0.840847473918414,-0.019958537499999998,0.0625
23,common_high,9.17数据/log_8_2026-9-17-06-17-52.ulg,Sep17,vz,32,32,0.9493630108587647,0.9511943058266235,0.0,0.03125
23,common_high,9.17数据/log_8_2026-9-17-06-17-52.ulg,Sep17,p,32,32,0.7215540514451112,0.7707370790990289,0.0,0.0
23,common_high,9.17数据/log_8_2026-9-17-06-17-52.ulg,Sep17,q,32,32,0.854567843880939,0.8693607245903059,0.0,0.0
23,common_high,9.17数据/log_8_2026-9-17-06-17-52.ulg,Sep17,r,32,32,0.5657941709107224,0.7245423106754952,0.0399208125,0.28125
23,common_high,9.17数据/log_9_2026-9-17-06-28-10.ulg,Sep17,vx,30,30,0.8477707089116572,0.8719812865300632,-0.009976912500000002,0.1
23,common_high,9.17数据/log_9_2026-9-17-06-28-10.ulg,Sep17,vy,30,30,0.9513993702186713,0.9561896697861988,0.0,0.06666666666666667
23,common_high,9.17数据/log_9_2026-9-17-06-28-10.ulg,Sep17,vz,30,30,0.875201085994869,0.8842669951386967,0.0,0.03333333333333333
23,common_high,9.17数据/log_9_2026-9-17-06-28-10.ulg,Sep17,p,30,30,0.7403441375066229,0.7689136890846342,0.0,0.0
23,common_high,9.17数据/log_9_2026-9-17-06-28-10.ulg,Sep17,q,30,30,0.8171957533017772,0.8384732809094737,0.0,0.03333333333333333
23,common_high,9.17数据/log_9_2026-9-17-06-28-10.ulg,Sep17,r,30,30,0.7464324515138494,0.809031081516047,0.020085387499999996,0.1
23,differential_high,2026.9.7/log_21_2026-9-7-05-54-56.ulg,Sep7,vx,22,22,0.8265061908638042,0.8337799212443642,0.0,0.0
23,differential_high,2026.9.7/log_21_2026-9-7-05-54-56.ulg,Sep7,vy,22,22,0.8862063899572464,0.941083124244897,0.0,0.13636363636363635
23,differential_high,2026.9.7/log_21_2026-9-7-05-54-56.ulg,Sep7,vz,22,22,0.955502727112665,0.956970983144299,0.0,0.0
23,differential_high,2026.9.7/log_21_2026-9-7-05-54-56.ulg,Sep7,p,22,22,0.4668028463965001,0.5975015464022065,0.019958462499999996,0.13636363636363635
23,differential_high,2026.9.7/log_21_2026-9-7-05-54-56.ulg,Sep7,q,22,22,0.8250399251247713,0.8371521023127805,0.0,0.0
23,differential_high,2026.9.7/log_21_2026-9-7-05-54-56.ulg,Sep7,r,22,22,0.5659747466527758,0.6401304371594192,-0.0300584125,0.18181818181818182
23,differential_high,2026.9.7/log_22_2026-9-7-06-01-40.ulg,Sep7,vx,46,46,0.8152549060267822,0.822439339726583,0.0,0.021739130434782608
23,differential_high,2026.9.7/log_22_2026-9-7-06-01-40.ulg,Sep7,vy,46,46,0.8068958079805538,0.8365253431267543,0.0,0.08695652173913043
23,differential_high,2026.9.7/log_22_2026-9-7-06-01-40.ulg,Sep7,vz,46,46,0.9571641884061881,0.9571641884061881,0.0,0.0
23,differential_high,2026.9.7/log_22_2026-9-7-06-01-40.ulg,Sep7,p,46,46,0.6358563808840237,0.7372514927423903,0.019831275000000002,0.021739130434782608
23,differential_high,2026.9.7/log_22_2026-9-7-06-01-40.ulg,Sep7,q,46,46,0.813110738066473,0.8185155323453663,0.0,0.0
23,differential_high,2026.9.7/log_22_2026-9-7-06-01-40.ulg,Sep7,r,46,46,0.5050875538009111,0.683670301525941,-0.040165637500000004,0.1956521739130435
23,differential_high,2026.9.7/log_23_2026-9-7-06-09-22.ulg,Sep7,vx,34,34,0.7193033390497906,0.7306095482582344,0.0,0.058823529411764705
23,differential_high,2026.9.7/log_23_2026-9-7-06-09-22.ulg,Sep7,vy,34,34,0.8575438882124939,0.8814054353111632,0.0,0.058823529411764705
23,differential_high,2026.9.7/log_23_2026-9-7-06-09-22.ulg,Sep7,vz,34,34,0.951667420120579,0.9539311073847098,0.0,0.0
23,differential_high,2026.9.7/log_23_2026-9-7-06-09-22.ulg,Sep7,p,34,34,0.7360415774660936,0.8001378948559177,0.019956074999999997,0.0
23,differential_high,2026.9.7/log_23_2026-9-7-06-09-22.ulg,Sep7,q,34,34,0.8310713150861778,0.8372670708261581,0.0,0.0
23,differential_high,2026.9.7/log_23_2026-9-7-06-09-22.ulg,Sep7,r,34,34,0.5808756312603403,0.6987735747646807,-0.029935999999999994,0.23529411764705882
23,differential_high,2026.9.7/log_24_2026-9-7-06-16-04.ulg,Sep7,vx,27,27,0.779242233138961,0.786082948278865,0.0,0.037037037037037035
23,differential_high,2026.9.7/log_24_2026-9-7-06-16-04.ulg,Sep7,vy,27,27,0.9061270550628433,0.9119291191878237,0.0,0.037037037037037035
23,differential_high,2026.9.7/log_24_2026-9-7-06-16-04.ulg,Sep7,vz,27,27,0.9513675068955506,0.952355488082867,0.0,0.0
23,differential_high,2026.9.7/log_24_2026-9-7-06-16-04.ulg,Sep7,p,27,27,0.6977918157418552,0.7979988448140486,0.019957474999999995,0.0
23,differential_high,2026.9.7/log_24_2026-9-7-06-16-04.ulg,Sep7,q,27,27,0.8409006049823736,0.8495480291556949,0.0,0.0
23,differential_high,2026.9.7/log_24_2026-9-7-06-16-04.ulg,Sep7,r,27,27,0.4175912974001028,0.5931362117394399,-0.039913750000000005,0.2222222222222222
23,differential_high,2026.9.7/log_26_2026-9-7-06-30-26.ulg,Sep7,vx,25,25,0.7257513992926288,0.7424735784884714,0.0,0.04
23,differential_high,2026.9.7/log_26_2026-9-7-06-30-26.ulg,Sep7,vy,25,25,0.881550265348791,0.9113496696314818,0.0,0.08
23,differential_high,2026.9.7/log_26_2026-9-7-06-30-26.ulg,Sep7,vz,25,25,0.9030163458927816,0.9344735485091814,0.0,0.04
23,differential_high,2026.9.7/log_26_2026-9-7-06-30-26.ulg,Sep7,p,25,25,0.7534549442586713,0.814827795560698,0.019959774999999996,0.0
23,differential_high,2026.9.7/log_26_2026-9-7-06-30-26.ulg,Sep7,q,25,25,0.826599574154628,0.8363586862591772,0.0,0.0
23,differential_high,2026.9.7/log_26_2026-9-7-06-30-26.ulg,Sep7,r,25,25,0.43021924020314295,0.6119147641820849,-0.039917549999999996,0.16
23,differential_high,2026.9.7/log_27_2026-9-7-06-37-24.ulg,Sep7,vx,25,25,0.733394959336203,0.7487422102017743,0.0,0.04
23,differential_high,2026.9.7/log_27_2026-9-7-06-37-24.ulg,Sep7,vy,25,25,0.845640879424649,0.8547735526451745,0.0,0.0
23,differential_high,2026.9.7/log_27_2026-9-7-06-37-24.ulg,Sep7,vz,25,25,0.9762800018292694,0.9770478960536735,0.0,0.0
23,differential_high,2026.9.7/log_27_2026-9-7-06-37-24.ulg,Sep7,p,25,25,0.7473375452124185,0.8155611585221374,0.019959575,0.0
23,differential_high,2026.9.7/log_27_2026-9-7-06-37-24.ulg,Sep7,q,25,25,0.8173294681816629,0.8236871630417133,0.0,0.0
23,differential_high,2026.9.7/log_27_2026-9-7-06-37-24.ulg,Sep7,r,25,25,0.5240793756141937,0.6256279361939217,-0.019957999999999997,0.16
23,differential_high,2026.9.7/log_28_2026-9-7-06-44-02.ulg,Sep7,vx,22,22,0.8401855364436366,0.8530746668957246,0.0,0.0
23,differential_high,2026.9.7/log_28_2026-9-7-06-44-02.ulg,Sep7,vy,22,22,0.8841069206655909,0.8946613105161565,0.0,0.045454545454545456
23,differential_high,2026.9.7/log_28_2026-9-7-06-44-02.ulg,Sep7,vz,22,22,0.9352902525353458,0.9409695856688155,0.0,0.045454545454545456
23,differential_high,2026.9.7/log_28_2026-9-7-06-44-02.ulg,Sep7,p,22,22,0.6526987456992793,0.7187216595069588,0.019958699999999996,0.0
23,differential_high,2026.9.7/log_28_2026-9-7-06-44-02.ulg,Sep7,q,22,22,0.7816678765163799,0.7870532021134662,0.0,0.0
23,differential_high,2026.9.7/log_28_2026-9-7-06-44-02.ulg,Sep7,r,22,22,0.43778683706806115,0.5584357234136355,0.0,0.09090909090909091
23,differential_high,2026.9.7/log_29_2026-9-7-06-51-04.ulg,Sep7,vx,32,32,0.9056872336877431,0.9085521929750512,0.0,0.0
23,differential_high,2026.9.7/log_29_2026-9-7-06-51-04.ulg,Sep7,vy,32,32,0.9590719279557274,0.965183050774483,0.0,0.0625
23,differential_high,2026.9.7/log_29_2026-9-7-06-51-04.ulg,Sep7,vz,32,32,0.9625178338123215,0.9671204860999714,0.0,0.03125
23,differential_high,2026.9.7/log_29_2026-9-7-06-51-04.ulg,Sep7,p,32,32,0.7947303581081968,0.8444301287901026,0.0,0.0
23,differential_high,2026.9.7/log_29_2026-9-7-06-51-04.ulg,Sep7,q,32,32,0.7107500097502966,0.7384324244528093,0.0,0.0
23,differential_high,2026.9.7/log_29_2026-9-7-06-51-04.ulg,Sep7,r,32,32,0.7072249381037123,0.7482159363246328,0.0,0.03125
23,differential_high,2026.9.7/log_30_2026-9-7-06-58-22.ulg,Sep7,vx,11,11,0.7560556476502303,0.7613123128768282,0.0,0.0
23,differential_high,2026.9.7/log_30_2026-9-7-06-58-22.ulg,Sep7,vy,11,11,0.9893469590314901,0.9898006198377309,0.0,0.0
23,differential_high,2026.9.7/log_30_2026-9-7-06-58-22.ulg,Sep7,vz,11,11,0.9633363266975138,0.9633363266975138,0.0,0.0
23,differential_high,2026.9.7/log_30_2026-9-7-06-58-22.ulg,Sep7,p,11,11,0.6596001857003386,0.7308277218444197,0.0,0.09090909090909091
23,differential_high,2026.9.7/log_30_2026-9-7-06-58-22.ulg,Sep7,q,11,11,0.8445772883605271,0.8487817351336138,0.0,0.0
23,differential_high,2026.9.7/log_30_2026-9-7-06-58-22.ulg,Sep7,r,11,11,0.4284984827830021,0.49310873615155587,0.0,0.2727272727272727
23,differential_high,9.17数据/log_10_2026-9-17-06-34-34.ulg,Sep17,vx,31,31,0.7398363663679745,0.7717401244540575,0.0,0.0967741935483871
23,differential_high,9.17数据/log_10_2026-9-17-06-34-34.ulg,Sep17,vy,31,31,0.8066542967261793,0.8420466809292861,0.0,0.12903225806451613
23,differential_high,9.17数据/log_10_2026-9-17-06-34-34.ulg,Sep17,vz,31,31,0.9221658906173287,0.9295680725901767,0.0,0.0
23,differential_high,9.17数据/log_10_2026-9-17-06-34-34.ulg,Sep17,p,31,31,0.6672218146808433,0.7240819893824947,0.0,0.0
23,differential_high,9.17数据/log_10_2026-9-17-06-34-34.ulg,Sep17,q,31,31,0.8509531841573328,0.8831591761048269,0.0,0.0
23,differential_high,9.17数据/log_10_2026-9-17-06-34-34.ulg,Sep17,r,31,31,0.5953620423976581,0.6888375678255358,0.0199589,0.12903225806451613
23,differential_high,9.17数据/log_11_2026-9-17-06-40-30.ulg,Sep17,vx,36,36,0.829100374582572,0.858745723827148,0.0,0.08333333333333333
23,differential_high,9.17数据/log_11_2026-9-17-06-40-30.ulg,Sep17,vy,36,36,0.8813144580329161,0.9090829217883094,0.0,0.05555555555555555
23,differential_high,9.17数据/log_11_2026-9-17-06-40-30.ulg,Sep17,vz,36,36,0.9166614135168495,0.9301984655606643,0.0,0.027777777777777776
23,differential_high,9.17数据/log_11_2026-9-17-06-40-30.ulg,Sep17,p,36,36,0.7141428592341551,0.7778442337040494,0.0,0.0
23,differential_high,9.17数据/log_11_2026-9-17-06-40-30.ulg,Sep17,q,36,36,0.8239043342640753,0.8584378236342322,0.0,0.027777777777777776
23,differential_high,9.17数据/log_11_2026-9-17-06-40-30.ulg,Sep17,r,36,36,0.6568767322766003,0.7549054931682708,0.019961850000000003,0.2222222222222222
23,differential_high,9.17数据/log_12_2026-9-17-06-46-02.ulg,Sep17,vx,28,28,0.7782263945262672,0.7977034922241083,0.0,0.07142857142857142
23,differential_high,9.17数据/log_12_2026-9-17-06-46-02.ulg,Sep17,vy,28,28,0.9367439287608267,0.9475307708148025,0.0,0.03571428571428571
23,differential_high,9.17数据/log_12_2026-9-17-06-46-02.ulg,Sep17,vz,28,28,0.8768729297786103,0.9094228988696956,0.0,0.03571428571428571
23,differential_high,9.17数据/log_12_2026-9-17-06-46-02.ulg,Sep17,p,28,28,0.6645582241182935,0.7294639880042285,0.0,0.03571428571428571
23,differential_high,9.17数据/log_12_2026-9-17-06-46-02.ulg,Sep17,q,28,28,0.8176539437711536,0.8373095519638376,0.0,0.0
23,differential_high,9.17数据/log_12_2026-9-17-06-46-02.ulg,Sep17,r,28,28,0.6665280645032313,0.7523720591916264,0.019961574999999995,0.10714285714285714
23,differential_high,9.17数据/log_13_2026-9-17-06-52-30.ulg,Sep17,vx,58,58,0.8174935838930975,0.8343939490254132,0.0,0.017241379310344827
23,differential_high,9.17数据/log_13_2026-9-17-06-52-30.ulg,Sep17,vy,58,58,0.927929604952826,0.9448258087341336,0.0,0.05172413793103448
23,differential_high,9.17数据/log_13_2026-9-17-06-52-30.ulg,Sep17,vz,58,58,0.9269642686668511,0.9311026825591403,0.0,0.0
23,differential_high,9.17数据/log_13_2026-9-17-06-52-30.ulg,Sep17,p,58,58,0.6721815748462315,0.7497321371099568,0.0,0.017241379310344827
23,differential_high,9.17数据/log_13_2026-9-17-06-52-30.ulg,Sep17,q,58,58,0.860677943526007,0.8710088268133535,0.0,0.0
23,differential_high,9.17数据/log_13_2026-9-17-06-52-30.ulg,Sep17,r,58,58,0.64192380939599,0.7582293646428392,0.01996175,0.25862068965517243
23,differential_high,9.17数据/log_6_2026-9-17-06-02-24.ulg,Sep17,vx,30,30,0.8681683945253312,0.8879167949410074,0.0,0.1
23,differential_high,9.17数据/log_6_2026-9-17-06-02-24.ulg,Sep17,vy,30,30,0.8677305327113228,0.8812065573450626,0.0,0.06666666666666667
23,differential_high,9.17数据/log_6_2026-9-17-06-02-24.ulg,Sep17,vz,30,30,0.8712782648592063,0.8886466958015333,0.0,0.03333333333333333
23,differential_high,9.17数据/log_6_2026-9-17-06-02-24.ulg,Sep17,p,30,30,0.7265588636217676,0.7559248069102501,0.0,0.0
23,differential_high,9.17数据/log_6_2026-9-17-06-02-24.ulg,Sep17,q,30,30,0.8282276398054899,0.8479198695113107,0.0,0.03333333333333333
23,differential_high,9.17数据/log_6_2026-9-17-06-02-24.ulg,Sep17,r,30,30,0.6984904813897311,0.771632563035247,0.019959775,0.03333333333333333
23,differential_high,9.17数据/log_7_2026-9-17-06-12-16.ulg,Sep17,vx,17,17,0.9077211182243756,0.9123650487064845,0.0,0.0
23,differential_high,9.17数据/log_7_2026-9-17-06-12-16.ulg,Sep17,vy,17,17,0.8159915773973032,0.8429089239752333,0.0,0.11764705882352941
23,differential_high,9.17数据/log_7_2026-9-17-06-12-16.ulg,Sep17,vz,17,17,0.9293809420270107,0.9321548012405687,0.0,0.0
23,differential_high,9.17数据/log_7_2026-9-17-06-12-16.ulg,Sep17,p,17,17,0.7771934914434284,0.8011874989654076,0.0,0.0
23,differential_high,9.17数据/log_7_2026-9-17-06-12-16.ulg,Sep17,q,17,17,0.8444812968460822,0.863635962440535,0.0,0.0
23,differential_high,9.17数据/log_7_2026-9-17-06-12-16.ulg,Sep17,r,17,17,0.683759879280307,0.7729582094802809,0.020210274999999993,0.058823529411764705
23,differential_high,9.17数据/log_8_2026-9-17-06-17-52.ulg,Sep17,vx,29,29,0.6415209044592046,0.6501249365492572,0.0,0.06896551724137931
23,differential_high,9.17数据/log_8_2026-9-17-06-17-52.ulg,Sep17,vy,29,29,0.8224049244642289,0.8353479452233279,0.0,0.06896551724137931
23,differential_high,9.17数据/log_8_2026-9-17-06-17-52.ulg,Sep17,vz,29,29,0.9416139162258779,0.9441470232607025,0.0,0.034482758620689655
23,differential_high,9.17数据/log_8_2026-9-17-06-17-52.ulg,Sep17,p,29,29,0.7558526629663679,0.8106214026397158,0.0,0.0
23,differential_high,9.17数据/log_8_2026-9-17-06-17-52.ulg,Sep17,q,29,29,0.8341562143846697,0.856990697926729,0.0,0.0
23,differential_high,9.17数据/log_8_2026-9-17-06-17-52.ulg,Sep17,r,29,29,0.6059125184776923,0.745895716089504,0.039918425,0.13793103448275862
23,differential_high,9.17数据/log_9_2026-9-17-06-28-10.ulg,Sep17,vx,28,28,0.7739906318147609,0.8031171890955479,0.0,0.03571428571428571
23,differential_high,9.17数据/log_9_2026-9-17-06-28-10.ulg,Sep17,vy,28,28,0.9281447715550862,0.9385454626135911,0.0,0.03571428571428571
23,differential_high,9.17数据/log_9_2026-9-17-06-28-10.ulg,Sep17,vz,28,28,0.8662592684137292,0.8750800865977918,0.0,0.03571428571428571
23,differential_high,9.17数据/log_9_2026-9-17-06-28-10.ulg,Sep17,p,28,28,0.7856112503554878,0.8002489415246103,0.0,0.0
23,differential_high,9.17数据/log_9_2026-9-17-06-28-10.ulg,Sep17,q,28,28,0.814761135579559,0.83892479856053,-0.009979112500000002,0.03571428571428571
23,differential_high,9.17数据/log_9_2026-9-17-06-28-10.ulg,Sep17,r,28,28,0.793569091369137,0.8352114917466008,0.01996,0.14285714285714285
23,rudder_high,2026.9.7/log_21_2026-9-7-05-54-56.ulg,Sep7,vx,24,24,0.8209173581848536,0.8300574345659774,0.0,0.0
23,rudder_high,2026.9.7/log_21_2026-9-7-05-54-56.ulg,Sep7,vy,24,24,0.9388590955247714,0.9487304322657453,0.0,0.125
23,rudder_high,2026.9.7/log_21_2026-9-7-05-54-56.ulg,Sep7,vz,24,24,0.9211251824728405,0.9265831789983885,0.0,0.0
23,rudder_high,2026.9.7/log_21_2026-9-7-05-54-56.ulg,Sep7,p,24,24,0.6058065182126153,0.7045113718111263,0.019956700000000004,0.0
23,rudder_high,2026.9.7/log_21_2026-9-7-05-54-56.ulg,Sep7,q,24,24,0.8273292383886156,0.8487318424356473,0.0,0.0
23,rudder_high,2026.9.7/log_21_2026-9-7-05-54-56.ulg,Sep7,r,24,24,0.6761885407043944,0.7845020928413513,-0.009978249999999996,0.16666666666666666
23,rudder_high,2026.9.7/log_22_2026-9-7-06-01-40.ulg,Sep7,vx,23,23,0.9016123932280655,0.9033146976618198,0.0,0.043478260869565216
23,rudder_high,2026.9.7/log_22_2026-9-7-06-01-40.ulg,Sep7,vy,23,23,0.8545307059225852,0.8813714133796772,0.0,0.043478260869565216
23,rudder_high,2026.9.7/log_22_2026-9-7-06-01-40.ulg,Sep7,vz,23,23,0.9056171939825292,0.945556010934584,0.0,0.043478260869565216
23,rudder_high,2026.9.7/log_22_2026-9-7-06-01-40.ulg,Sep7,p,23,23,0.6538694656098122,0.738482102709022,0.019707875000000003,0.043478260869565216
23,rudder_high,2026.9.7/log_22_2026-9-7-06-01-40.ulg,Sep7,q,23,23,0.7787299218080305,0.7887176557111053,0.0,0.043478260869565216
23,rudder_high,2026.9.7/log_22_2026-9-7-06-01-40.ulg,Sep7,r,23,23,0.5374001150706826,0.7047751605348942,-0.020204675,0.21739130434782608
23,rudder_high,2026.9.7/log_23_2026-9-7-06-09-22.ulg,Sep7,vx,28,28,0.8911434088601824,0.9033919226480549,0.0,0.07142857142857142
23,rudder_high,2026.9.7/log_23_2026-9-7-06-09-22.ulg,Sep7,vy,28,28,0.8770329287120531,0.8889910341399335,0.0,0.07142857142857142
23,rudder_high,2026.9.7/log_23_2026-9-7-06-09-22.ulg,Sep7,vz,28,28,0.904616202434347,0.9111715929364574,0.0,0.0
23,rudder_high,2026.9.7/log_23_2026-9-7-06-09-22.ulg,Sep7,p,28,28,0.8015776994378866,0.8314579621747907,0.0,0.0
23,rudder_high,2026.9.7/log_23_2026-9-7-06-09-22.ulg,Sep7,q,28,28,0.7862120380335132,0.8047765595240604,0.0,0.0
23,rudder_high,2026.9.7/log_23_2026-9-7-06-09-22.ulg,Sep7,r,28,28,0.5813913371820105,0.6739404609472165,-0.0199581,0.10714285714285714
23,rudder_high,2026.9.7/log_24_2026-9-7-06-16-04.ulg,Sep7,vx,20,20,0.9614191397701148,0.9635118013410052,0.0,0.0
23,rudder_high,2026.9.7/log_24_2026-9-7-06-16-04.ulg,Sep7,vy,20,20,0.9298510028614355,0.9459246102087597,0.0,0.1
23,rudder_high,2026.9.7/log_24_2026-9-7-06-16-04.ulg,Sep7,vz,20,20,0.9371695298195396,0.9421670294758423,0.0,0.05
23,rudder_high,2026.9.7/log_24_2026-9-7-06-16-04.ulg,Sep7,p,20,20,0.6653324706190877,0.7853888721814271,0.019958925,0.05
23,rudder_high,2026.9.7/log_24_2026-9-7-06-16-04.ulg,Sep7,q,20,20,0.7914444383214767,0.8230633056066857,0.0,0.0
23,rudder_high,2026.9.7/log_24_2026-9-7-06-16-04.ulg,Sep7,r,20,20,0.4479141335852714,0.5927884516646207,-0.0399124625,0.2
23,rudder_high,2026.9.7/log_26_2026-9-7-06-30-26.ulg,Sep7,vx,15,15,0.7317500966770315,0.7475711181359369,0.0,0.06666666666666667
23,rudder_high,2026.9.7/log_26_2026-9-7-06-30-26.ulg,Sep7,vy,15,15,0.8566333421127024,0.9035569370258465,0.0,0.13333333333333333
23,rudder_high,2026.9.7/log_26_2026-9-7-06-30-26.ulg,Sep7,vz,15,15,0.8634223484294643,0.9118613114580668,0.0,0.06666666666666667
23,rudder_high,2026.9.7/log_26_2026-9-7-06-30-26.ulg,Sep7,p,15,15,0.7857310817889775,0.8302089156797926,0.019959550000000003,0.0
23,rudder_high,2026.9.7/log_26_2026-9-7-06-30-26.ulg,Sep7,q,15,15,0.8194676797758974,0.8300889354038229,0.0,0.0
23,rudder_high,2026.9.7/log_26_2026-9-7-06-30-26.ulg,Sep7,r,15,15,0.6270589491117948,0.7074364865316242,-0.020205225,0.06666666666666667
23,rudder_high,2026.9.7/log_27_2026-9-7-06-37-24.ulg,Sep7,vx,18,18,0.9148857146988552,0.918150940571988,0.0,0.0
23,rudder_high,2026.9.7/log_27_2026-9-7-06-37-24.ulg,Sep7,vy,18,18,0.9886401042791009,0.9894986671840234,0.0,0.0
23,rudder_high,2026.9.7/log_27_2026-9-7-06-37-24.ulg,Sep7,vz,18,18,0.9791963777157606,0.9802628974718777,0.0,0.0
23,rudder_high,2026.9.7/log_27_2026-9-7-06-37-24.ulg,Sep7,p,18,18,0.8066802377788111,0.8728214219591369,0.019958637499999998,0.0
23,rudder_high,2026.9.7/log_27_2026-9-7-06-37-24.ulg,Sep7,q,18,18,0.7375913729469034,0.7440697040176011,0.0,0.0
23,rudder_high,2026.9.7/log_27_2026-9-7-06-37-24.ulg,Sep7,r,18,18,0.5473738885976772,0.6953653195679658,-0.0299383625,0.1111111111111111
23,rudder_high,2026.9.7/log_28_2026-9-7-06-44-02.ulg,Sep7,vx,23,23,0.9043213511710889,0.9128459557516723,0.0,0.0
23,rudder_high,2026.9.7/log_28_2026-9-7-06-44-02.ulg,Sep7,vy,23,23,0.8710985470237701,0.872603353465896,0.0,0.0
23,rudder_high,2026.9.7/log_28_2026-9-7-06-44-02.ulg,Sep7,vz,23,23,0.9321558008628665,0.9383193889412016,0.0,0.043478260869565216
23,rudder_high,2026.9.7/log_28_2026-9-7-06-44-02.ulg,Sep7,p,23,23,0.7121112704234397,0.7847634761416774,0.01995865,0.0
23,rudder_high,2026.9.7/log_28_2026-9-7-06-44-02.ulg,Sep7,q,23,23,0.767552455117921,0.7819733085231289,0.0,0.0
23,rudder_high,2026.9.7/log_28_2026-9-7-06-44-02.ulg,Sep7,r,23,23,0.5187607760508002,0.6454323562688479,0.0,0.13043478260869565
23,rudder_high,2026.9.7/log_29_2026-9-7-06-51-04.ulg,Sep7,vx,26,26,0.952409814190177,0.956002091584696,0.0,0.0
23,rudder_high,2026.9.7/log_29_2026-9-7-06-51-04.ulg,Sep7,vy,26,26,0.9806449044069402,0.9827645913910276,0.0,0.038461538461538464
23,rudder_high,2026.9.7/log_29_2026-9-7-06-51-04.ulg,Sep7,vz,26,26,0.9620183146075855,0.9676831174231548,0.0,0.038461538461538464
23,rudder_high,2026.9.7/log_29_2026-9-7-06-51-04.ulg,Sep7,p,26,26,0.7813422462143043,0.8331604692149713,0.0,0.0
23,rudder_high,2026.9.7/log_29_2026-9-7-06-51-04.ulg,Sep7,q,26,26,0.7402175543060382,0.7689617233932349,0.0,0.0
23,rudder_high,2026.9.7/log_29_2026-9-7-06-51-04.ulg,Sep7,r,26,26,0.7148554869219613,0.7640913428068574,0.0,0.038461538461538464
23,rudder_high,2026.9.7/log_30_2026-9-7-06-58-22.ulg,Sep7,vx,21,21,0.9117236784048875,0.914744421883727,0.0,0.0
23,rudder_high,2026.9.7/log_30_2026-9-7-06-58-22.ulg,Sep7,vy,21,21,0.8636223381302885,0.866148914663665,0.0,0.047619047619047616
23,rudder_high,2026.9.7/log_30_2026-9-7-06-58-22.ulg,Sep7,vz,21,21,0.9535232872741617,0.9535232872741617,0.0,0.0
23,rudder_high,2026.9.7/log_30_2026-9-7-06-58-22.ulg,Sep7,p,21,21,0.6525670640724628,0.7100444628947884,0.0,0.047619047619047616
23,rudder_high,2026.9.7/log_30_2026-9-7-06-58-22.ulg,Sep7,q,21,21,0.8200284081922513,0.8255636563462635,0.0,0.0
23,rudder_high,2026.9.7/log_30_2026-9-7-06-58-22.ulg,Sep7,r,21,21,0.5338412871507479,0.6198939085243705,0.0,0.19047619047619047
23,rudder_high,9.17数据/log_10_2026-9-17-06-34-34.ulg,Sep17,vx,37,37,0.8738491255393351,0.884160174494922,0.0,0.05405405405405406
23,rudder_high,9.17数据/log_10_2026-9-17-06-34-34.ulg,Sep17,vy,37,37,0.8041883042638691,0.8393282872899488,0.0,0.16216216216216217
23,rudder_high,9.17数据/log_10_2026-9-17-06-34-34.ulg,Sep17,vz,37,37,0.9090223883331766,0.915791193593659,0.0,0.0
23,rudder_high,9.17数据/log_10_2026-9-17-06-34-34.ulg,Sep17,p,37,37,0.7185205186089207,0.7585441132885319,0.0,0.0
23,rudder_high,9.17数据/log_10_2026-9-17-06-34-34.ulg,Sep17,q,37,37,0.8590467696927998,0.8842286949135698,0.0,0.0
23,rudder_high,9.17数据/log_10_2026-9-17-06-34-34.ulg,Sep17,r,37,37,0.6992148168860315,0.7713286712477507,0.019959199999999996,0.16216216216216217
23,rudder_high,9.17数据/log_11_2026-9-17-06-40-30.ulg,Sep17,vx,26,26,0.83596079055087,0.8601730239196999,0.0,0.11538461538461539
23,rudder_high,9.17数据/log_11_2026-9-17-06-40-30.ulg,Sep17,vy,26,26,0.938314142965024,0.9658114199598485,0.0,0.038461538461538464
23,rudder_high,9.17数据/log_11_2026-9-17-06-40-30.ulg,Sep17,vz,26,26,0.9373603469982805,0.94646240727014,0.0,0.038461538461538464
23,rudder_high,9.17数据/log_11_2026-9-17-06-40-30.ulg,Sep17,p,26,26,0.7377067238767355,0.7859306118065995,0.0,0.0
23,rudder_high,9.17数据/log_11_2026-9-17-06-40-30.ulg,Sep17,q,26,26,0.8438428589872612,0.8802971347389706,0.0,0.038461538461538464
23,rudder_high,9.17数据/log_11_2026-9-17-06-40-30.ulg,Sep17,r,26,26,0.7778281625054814,0.8764018028509418,0.009979187500000002,0.11538461538461539
23,rudder_high,9.17数据/log_12_2026-9-17-06-46-02.ulg,Sep17,vx,22,22,0.9149910492913417,0.9190475930176828,0.0,0.045454545454545456
23,rudder_high,9.17数据/log_12_2026-9-17-06-46-02.ulg,Sep17,vy,22,22,0.9255301462309621,0.9349708789220016,0.0,0.045454545454545456
23,rudder_high,9.17数据/log_12_2026-9-17-06-46-02.ulg,Sep17,vz,22,22,0.8599891040825344,0.9055456019397045,0.0,0.045454545454545456
23,rudder_high,9.17数据/log_12_2026-9-17-06-46-02.ulg,Sep17,p,22,22,0.6459167212016473,0.7103909621015034,0.0199605,0.045454545454545456
23,rudder_high,9.17数据/log_12_2026-9-17-06-46-02.ulg,Sep17,q,22,22,0.7995785930690097,0.8289032371225893,0.0,0.0
23,rudder_high,9.17数据/log_12_2026-9-17-06-46-02.ulg,Sep17,r,22,22,0.5837568966210577,0.7524579612320529,0.05999874999999999,0.22727272727272727
23,rudder_high,9.17数据/log_13_2026-9-17-06-52-30.ulg,Sep17,vx,56,56,0.821616748444745,0.8519912991519988,0.0,0.05357142857142857
23,rudder_high,9.17数据/log_13_2026-9-17-06-52-30.ulg,Sep17,vy,56,56,0.9109323401817521,0.9296886431319875,0.0,0.10714285714285714
23,rudder_high,9.17数据/log_13_2026-9-17-06-52-30.ulg,Sep17,vz,56,56,0.9156156898047901,0.9186228219043243,0.0,0.0
23,rudder_high,9.17数据/log_13_2026-9-17-06-52-30.ulg,Sep17,p,56,56,0.6389456014963366,0.7163967729145776,0.0,0.0
23,rudder_high,9.17数据/log_13_2026-9-17-06-52-30.ulg,Sep17,q,56,56,0.8356155798519609,0.8448057399423714,0.0,0.017857142857142856
23,rudder_high,9.17数据/log_13_2026-9-17-06-52-30.ulg,Sep17,r,56,56,0.6549502698077413,0.7688822975859294,0.019959075,0.23214285714285715
23,rudder_high,9.17数据/log_6_2026-9-17-06-02-24.ulg,Sep17,vx,26,26,0.8453568775038656,0.8751754377997703,0.0,0.11538461538461539
23,rudder_high,9.17数据/log_6_2026-9-17-06-02-24.ulg,Sep17,vy,26,26,0.8748386480792749,0.8857165695448656,0.0,0.07692307692307693
23,rudder_high,9.17数据/log_6_2026-9-17-06-02-24.ulg,Sep17,vz,26,26,0.8636208266897103,0.8834282124452995,0.0,0.038461538461538464
23,rudder_high,9.17数据/log_6_2026-9-17-06-02-24.ulg,Sep17,p,26,26,0.7647613840276933,0.7879968976970635,0.0,0.0
23,rudder_high,9.17数据/log_6_2026-9-17-06-02-24.ulg,Sep17,q,26,26,0.814409303568488,0.8403336691192723,0.0,0.038461538461538464
23,rudder_high,9.17数据/log_6_2026-9-17-06-02-24.ulg,Sep17,r,26,26,0.6853850547263842,0.7720849477490195,0.019958837499999996,0.07692307692307693
23,rudder_high,9.17数据/log_7_2026-9-17-06-12-16.ulg,Sep17,vx,23,23,0.8782745206718898,0.8856888182695297,0.0,0.0
23,rudder_high,9.17数据/log_7_2026-9-17-06-12-16.ulg,Sep17,vy,23,23,0.8783576124795512,0.8996855694156922,0.0,0.08695652173913043
23,rudder_high,9.17数据/log_7_2026-9-17-06-12-16.ulg,Sep17,vz,23,23,0.931754908682029,0.9348142688035045,0.0,0.0
23,rudder_high,9.17数据/log_7_2026-9-17-06-12-16.ulg,Sep17,p,23,23,0.7921338576095345,0.8120018282739667,0.0,0.0
23,rudder_high,9.17数据/log_7_2026-9-17-06-12-16.ulg,Sep17,q,23,23,0.8299650748527871,0.8446535158106552,0.0,0.0
23,rudder_high,9.17数据/log_7_2026-9-17-06-12-16.ulg,Sep17,r,23,23,0.7148056033331235,0.7674777706877917,0.019958075000000002,0.17391304347826086
23,rudder_high,9.17数据/log_8_2026-9-17-06-17-52.ulg,Sep17,vx,32,32,0.7919338133302989,0.7971524512487578,0.0,0.0625
23,rudder_high,9.17数据/log_8_2026-9-17-06-17-52.ulg,Sep17,vy,32,32,0.928972898410465,0.9366198198480176,0.0,0.0625
23,rudder_high,9.17数据/log_8_2026-9-17-06-17-52.ulg,Sep17,vz,32,32,0.9465355355474987,0.9489495649527356,0.0,0.03125
23,rudder_high,9.17数据/log_8_2026-9-17-06-17-52.ulg,Sep17,p,32,32,0.7708294123053512,0.8100424548574356,0.0,0.0
23,rudder_high,9.17数据/log_8_2026-9-17-06-17-52.ulg,Sep17,q,32,32,0.8147137069745645,0.83277975466272,0.0,0.0
23,rudder_high,9.17数据/log_8_2026-9-17-06-17-52.ulg,Sep17,r,32,32,0.7488998109631761,0.846064827652024,0.0399244,0.125
23,rudder_high,9.17数据/log_9_2026-9-17-06-28-10.ulg,Sep17,vx,39,39,0.8769459475615053,0.8945365911668759,0.0,0.07692307692307693
23,rudder_high,9.17数据/log_9_2026-9-17-06-28-10.ulg,Sep17,vy,39,39,0.9336031662502612,0.9398437396210352,0.0,0.05128205128205128
23,rudder_high,9.17数据/log_9_2026-9-17-06-28-10.ulg,Sep17,vz,39,39,0.8784277821059546,0.8890857113740392,0.0,0.02564102564102564
23,rudder_high,9.17数据/log_9_2026-9-17-06-28-10.ulg,Sep17,p,39,39,0.7855665240529789,0.8014692700972378,0.0,0.0
23,rudder_high,9.17数据/log_9_2026-9-17-06-28-10.ulg,Sep17,q,39,39,0.81636939258897,0.8407123059390165,0.0,0.02564102564102564
23,rudder_high,9.17数据/log_9_2026-9-17-06-28-10.ulg,Sep17,r,39,39,0.7421906476149217,0.8053236647337163,0.019960224999999995,0.1282051282051282
42,ALL,2026.9.7/log_21_2026-9-7-05-54-56.ulg,Sep7,vx,168,168,0.8177996442890832,0.8228639133037148,0.0,0.005952380952380952
42,ALL,2026.9.7/log_21_2026-9-7-05-54-56.ulg,Sep7,vy,168,168,0.8799466865941545,0.8954229183546589,0.0,0.05357142857142857
42,ALL,2026.9.7/log_21_2026-9-7-05-54-56.ulg,Sep7,vz,168,168,0.95476123785704,0.9553482830536423,0.0,0.0
42,ALL,2026.9.7/log_21_2026-9-7-05-54-56.ulg,Sep7,p,168,168,0.4504737103838133,0.6116818963085228,0.019958350000000003,0.02976190476190476
42,ALL,2026.9.7/log_21_2026-9-7-05-54-56.ulg,Sep7,q,168,168,0.8898338186200858,0.8913464017735826,0.0,0.0
42,ALL,2026.9.7/log_21_2026-9-7-05-54-56.ulg,Sep7,r,168,168,0.3534071681787439,0.6249598033239694,-0.0399169375,0.35714285714285715
42,ALL,2026.9.7/log_22_2026-9-7-06-01-40.ulg,Sep7,vx,182,182,0.7656637850286743,0.7792051161408617,0.0,0.03296703296703297
42,ALL,2026.9.7/log_22_2026-9-7-06-01-40.ulg,Sep7,vy,182,182,0.8164845930753595,0.828701617067738,0.0,0.04395604395604396
42,ALL,2026.9.7/log_22_2026-9-7-06-01-40.ulg,Sep7,vz,182,182,0.9590317034254405,0.9593056817935797,0.0,0.0
42,ALL,2026.9.7/log_22_2026-9-7-06-01-40.ulg,Sep7,p,182,182,0.6247930374836922,0.7152045021445756,0.019956712499999998,0.016483516483516484
42,ALL,2026.9.7/log_22_2026-9-7-06-01-40.ulg,Sep7,q,182,182,0.8486213858716307,0.8505570570917634,0.0,0.0
42,ALL,2026.9.7/log_22_2026-9-7-06-01-40.ulg,Sep7,r,182,182,0.42324816477778954,0.6488102882262881,-0.059873725,0.2692307692307692
42,ALL,2026.9.7/log_23_2026-9-7-06-09-22.ulg,Sep7,vx,160,160,0.8287295739670683,0.8362168412704187,0.0,0.01875
42,ALL,2026.9.7/log_23_2026-9-7-06-09-22.ulg,Sep7,vy,160,160,0.829290413641187,0.8460817451201551,0.0,0.04375
42,ALL,2026.9.7/log_23_2026-9-7-06-09-22.ulg,Sep7,vz,160,160,0.954998773310902,0.9601315695024674,0.0,0.00625
42,ALL,2026.9.7/log_23_2026-9-7-06-09-22.ulg,Sep7,p,160,160,0.7303372049563948,0.7974829994974743,0.019955262499999994,0.00625
42,ALL,2026.9.7/log_23_2026-9-7-06-09-22.ulg,Sep7,q,160,160,0.8358947653157653,0.8399390255380362,0.0,0.0
42,ALL,2026.9.7/log_23_2026-9-7-06-09-22.ulg,Sep7,r,160,160,0.5005425176932086,0.6725175038738794,-0.039916375000000004,0.23125
42,ALL,2026.9.7/log_24_2026-9-7-06-16-04.ulg,Sep7,vx,161,161,0.7671833919632913,0.7880529098645094,0.0,0.031055900621118012
42,ALL,2026.9.7/log_24_2026-9-7-06-16-04.ulg,Sep7,vy,161,161,0.8760558726757964,0.8832960082628944,0.0,0.018633540372670808
42,ALL,2026.9.7/log_24_2026-9-7-06-16-04.ulg,Sep7,vz,161,161,0.9519088251557413,0.9539416576975138,0.0,0.006211180124223602
42,ALL,2026.9.7/log_24_2026-9-7-06-16-04.ulg,Sep7,p,161,161,0.6436723936278798,0.7592411656541463,0.019957675,0.024844720496894408
42,ALL,2026.9.7/log_24_2026-9-7-06-16-04.ulg,Sep7,q,161,161,0.8677663757788473,0.8723338466572368,0.0,0.0
42,ALL,2026.9.7/log_24_2026-9-7-06-16-04.ulg,Sep7,r,161,161,0.4166895836565624,0.5983383198343518,-0.020210449999999998,0.3167701863354037
42,ALL,2026.9.7/log_26_2026-9-7-06-30-26.ulg,Sep7,vx,150,150,0.760947323491925,0.7662958470460357,0.0,0.013333333333333334
42,ALL,2026.9.7/log_26_2026-9-7-06-30-26.ulg,Sep7,vy,150,150,0.7819251553251247,0.8055641835840862,0.0,0.04666666666666667
42,ALL,2026.9.7/log_26_2026-9-7-06-30-26.ulg,Sep7,vz,150,150,0.9645424690023553,0.9698855440748321,0.0,0.006666666666666667
42,ALL,2026.9.7/log_26_2026-9-7-06-30-26.ulg,Sep7,p,150,150,0.7055383374011774,0.8368750177955769,0.019960049999999993,0.0
42,ALL,2026.9.7/log_26_2026-9-7-06-30-26.ulg,Sep7,q,150,150,0.8231731073809838,0.828093162986552,0.0,0.0
42,ALL,2026.9.7/log_26_2026-9-7-06-30-26.ulg,Sep7,r,150,150,0.4253036153719096,0.6596949435450229,-0.059878562499999996,0.22
42,ALL,2026.9.7/log_27_2026-9-7-06-37-24.ulg,Sep7,vx,155,155,0.8644011520751274,0.8719039895477555,0.0,0.012903225806451613
42,ALL,2026.9.7/log_27_2026-9-7-06-37-24.ulg,Sep7,vy,155,155,0.8567816711043301,0.8642073569853135,0.0,0.025806451612903226
42,ALL,2026.9.7/log_27_2026-9-7-06-37-24.ulg,Sep7,vz,155,155,0.9725210829230521,0.9726753408573718,0.0,0.0
42,ALL,2026.9.7/log_27_2026-9-7-06-37-24.ulg,Sep7,p,155,155,0.8228185578406715,0.8746354524297419,0.01995835,0.0
42,ALL,2026.9.7/log_27_2026-9-7-06-37-24.ulg,Sep7,q,155,155,0.7859277512430017,0.7908164301935013,0.0,0.025806451612903226
42,ALL,2026.9.7/log_27_2026-9-7-06-37-24.ulg,Sep7,r,155,155,0.45864961671154214,0.6416103146509305,-0.039918974999999995,0.10967741935483871
42,ALL,2026.9.7/log_28_2026-9-7-06-44-02.ulg,Sep7,vx,140,140,0.8769540567586649,0.8819102987113955,0.0,0.007142857142857143
42,ALL,2026.9.7/log_28_2026-9-7-06-44-02.ulg,Sep7,vy,140,140,0.9024857088033127,0.9088204988129451,0.0,0.02142857142857143
42,ALL,2026.9.7/log_28_2026-9-7-06-44-02.ulg,Sep7,vz,140,140,0.96555437879362,0.9677538150170512,0.0,0.007142857142857143
42,ALL,2026.9.7/log_28_2026-9-7-06-44-02.ulg,Sep7,p,140,140,0.7299469477478033,0.8049105558755154,0.0199588125,0.0
42,ALL,2026.9.7/log_28_2026-9-7-06-44-02.ulg,Sep7,q,140,140,0.8678890898445163,0.8710480082857893,0.0,0.0
42,ALL,2026.9.7/log_28_2026-9-7-06-44-02.ulg,Sep7,r,140,140,0.48568510865390674,0.6307101544829018,-0.03991644999999999,0.10714285714285714
42,ALL,2026.9.7/log_29_2026-9-7-06-51-04.ulg,Sep7,vx,201,201,0.8838347122415512,0.8896763365191532,0.0,0.009950248756218905
42,ALL,2026.9.7/log_29_2026-9-7-06-51-04.ulg,Sep7,vy,201,201,0.9158564251193569,0.9286895115222324,0.0,0.03482587064676617
42,ALL,2026.9.7/log_29_2026-9-7-06-51-04.ulg,Sep7,vz,201,201,0.971149825818253,0.9717476410813598,0.0,0.0
42,ALL,2026.9.7/log_29_2026-9-7-06-51-04.ulg,Sep7,p,201,201,0.8714536929905675,0.8922413739036966,0.0,0.0
42,ALL,2026.9.7/log_29_2026-9-7-06-51-04.ulg,Sep7,q,201,201,0.8328033958243831,0.8394207399344544,0.0,0.0
42,ALL,2026.9.7/log_29_2026-9-7-06-51-04.ulg,Sep7,r,201,201,0.628135511044669,0.7085079873274853,-0.019959224999999997,0.04477611940298507
42,ALL,2026.9.7/log_30_2026-9-7-06-58-22.ulg,Sep7,vx,164,164,0.8079513915186217,0.8139088381559261,0.0,0.006097560975609756
42,ALL,2026.9.7/log_30_2026-9-7-06-58-22.ulg,Sep7,vy,164,164,0.8206776112026469,0.8321654441298684,0.0,0.03048780487804878
42,ALL,2026.9.7/log_30_2026-9-7-06-58-22.ulg,Sep7,vz,164,164,0.9611755753813493,0.9625823069663695,0.0,0.0
42,ALL,2026.9.7/log_30_2026-9-7-06-58-22.ulg,Sep7,p,164,164,0.7285755922118102,0.786298760793804,0.0,0.024390243902439025
42,ALL,2026.9.7/log_30_2026-9-7-06-58-22.ulg,Sep7,q,164,164,0.8630747171770846,0.8678987650256134,0.0,0.0
42,ALL,2026.9.7/log_30_2026-9-7-06-58-22.ulg,Sep7,r,164,164,0.5495424727799499,0.6657224797152983,-0.039914637499999996,0.06707317073170732
42,ALL,9.17数据/log_10_2026-9-17-06-34-34.ulg,Sep17,vx,130,130,0.8513084327688734,0.8645428784383703,0.0,0.03076923076923077
42,ALL,9.17数据/log_10_2026-9-17-06-34-34.ulg,Sep17,vy,130,130,0.820453257410445,0.8534052080790293,0.0,0.09230769230769231
42,ALL,9.17数据/log_10_2026-9-17-06-34-34.ulg,Sep17,vz,130,130,0.9437044803124761,0.9454175556300504,0.0,0.007692307692307693
42,ALL,9.17数据/log_10_2026-9-17-06-34-34.ulg,Sep17,p,130,130,0.6955356137749158,0.7528468627618969,0.0,0.023076923076923078
42,ALL,9.17数据/log_10_2026-9-17-06-34-34.ulg,Sep17,q,130,130,0.9069065834602891,0.911902226328305,0.0,0.0
42,ALL,9.17数据/log_10_2026-9-17-06-34-34.ulg,Sep17,r,130,130,0.5822089348040168,0.7352625810825718,0.020207425,0.17692307692307693
42,ALL,9.17数据/log_11_2026-9-17-06-40-30.ulg,Sep17,vx,145,145,0.8239776794294363,0.8380574428437175,0.0,0.020689655172413793
42,ALL,9.17数据/log_11_2026-9-17-06-40-30.ulg,Sep17,vy,145,145,0.8723030988167351,0.8869315634859235,0.0,0.05517241379310345
42,ALL,9.17数据/log_11_2026-9-17-06-40-30.ulg,Sep17,vz,145,145,0.9417818455365722,0.9444802156821753,0.0,0.0
42,ALL,9.17数据/log_11_2026-9-17-06-40-30.ulg,Sep17,p,145,145,0.6923079299532333,0.7616330427727062,0.019958174999999998,0.006896551724137931
42,ALL,9.17数据/log_11_2026-9-17-06-40-30.ulg,Sep17,q,145,145,0.8908283062464659,0.8955073081151319,0.0,0.0
42,ALL,9.17数据/log_11_2026-9-17-06-40-30.ulg,Sep17,r,145,145,0.6672778447783683,0.795548334611609,0.039916825,0.19310344827586207
42,ALL,9.17数据/log_12_2026-9-17-06-46-02.ulg,Sep17,vx,144,144,0.8464187002187544,0.8531800187128067,0.0,0.013888888888888888
42,ALL,9.17数据/log_12_2026-9-17-06-46-02.ulg,Sep17,vy,144,144,0.8441587246489478,0.8632186456649943,0.0,0.04861111111111111
42,ALL,9.17数据/log_12_2026-9-17-06-46-02.ulg,Sep17,vz,144,144,0.9373710586406712,0.9440440194752894,0.0,0.006944444444444444
42,ALL,9.17数据/log_12_2026-9-17-06-46-02.ulg,Sep17,p,144,144,0.680117706603876,0.7373852301456737,0.019958099999999993,0.006944444444444444
42,ALL,9.17数据/log_12_2026-9-17-06-46-02.ulg,Sep17,q,144,144,0.903373594575736,0.9066419620510716,0.0,0.0
42,ALL,9.17数据/log_12_2026-9-17-06-46-02.ulg,Sep17,r,144,144,0.6658031825121112,0.7703572196146138,0.0399163875,0.13194444444444445
42,ALL,9.17数据/log_13_2026-9-17-06-52-30.ulg,Sep17,vx,153,153,0.7978367650877122,0.8202665923407462,0.0,0.0392156862745098
42,ALL,9.17数据/log_13_2026-9-17-06-52-30.ulg,Sep17,vy,153,153,0.8836626080744554,0.9024767927140097,0.0,0.0457516339869281
42,ALL,9.17数据/log_13_2026-9-17-06-52-30.ulg,Sep17,vz,153,153,0.937679508640773,0.9390637089172386,0.0,0.0
42,ALL,9.17数据/log_13_2026-9-17-06-52-30.ulg,Sep17,p,153,153,0.6251762148102094,0.7171450816127244,0.019957749999999993,0.0196078431372549
42,ALL,9.17数据/log_13_2026-9-17-06-52-30.ulg,Sep17,q,153,153,0.8823440084083123,0.8848425957917756,0.0,0.0
42,ALL,9.17数据/log_13_2026-9-17-06-52-30.ulg,Sep17,r,153,153,0.583031299864559,0.7021882170539482,0.020205725,0.1568627450980392
42,ALL,9.17数据/log_6_2026-9-17-06-02-24.ulg,Sep17,vx,138,138,0.924572710381038,0.9317629622424528,0.0,0.036231884057971016
42,ALL,9.17数据/log_6_2026-9-17-06-02-24.ulg,Sep17,vy,138,138,0.8999738468841733,0.9126952968020985,0.0,0.043478260869565216
42,ALL,9.17数据/log_6_2026-9-17-06-02-24.ulg,Sep17,vz,138,138,0.9440276072842452,0.9480899354484554,0.0,0.007246376811594203
42,ALL,9.17数据/log_6_2026-9-17-06-02-24.ulg,Sep17,p,138,138,0.8025742678530537,0.8234973486145539,0.0,0.0
42,ALL,9.17数据/log_6_2026-9-17-06-02-24.ulg,Sep17,q,138,138,0.9028215778601965,0.9071227570773283,0.0,0.0
42,ALL,9.17数据/log_6_2026-9-17-06-02-24.ulg,Sep17,r,138,138,0.5937950825431854,0.7315669625910289,0.039918125,0.11594202898550725
42,ALL,9.17数据/log_7_2026-9-17-06-12-16.ulg,Sep17,vx,131,131,0.8786954077741518,0.8870557884032683,0.0,0.007633587786259542
42,ALL,9.17数据/log_7_2026-9-17-06-12-16.ulg,Sep17,vy,131,131,0.7887963023192369,0.8168093418029584,0.0,0.11450381679389313
42,ALL,9.17数据/log_7_2026-9-17-06-12-16.ulg,Sep17,vz,131,131,0.9534558176765352,0.9545798810169586,0.0,0.0
42,ALL,9.17数据/log_7_2026-9-17-06-12-16.ulg,Sep17,p,131,131,0.8213980387145848,0.844468194487502,0.0,0.015267175572519083
42,ALL,9.17数据/log_7_2026-9-17-06-12-16.ulg,Sep17,q,131,131,0.8978020578838313,0.9019872701099928,0.0,0.0
42,ALL,9.17数据/log_7_2026-9-17-06-12-16.ulg,Sep17,r,131,131,0.5948592077434182,0.7259015368433872,0.03992035000000001,0.09923664122137404
42,ALL,9.17数据/log_8_2026-9-17-06-17-52.ulg,Sep17,vx,146,146,0.8279182518440621,0.8340995388056073,0.0,0.02054794520547945
42,ALL,9.17数据/log_8_2026-9-17-06-17-52.ulg,Sep17,vy,146,146,0.8586140486186029,0.870972079522444,0.0,0.0410958904109589
42,ALL,9.17数据/log_8_2026-9-17-06-17-52.ulg,Sep17,vz,146,146,0.9539219583305308,0.9544104724142283,0.0,0.00684931506849315
42,ALL,9.17数据/log_8_2026-9-17-06-17-52.ulg,Sep17,p,146,146,0.7617936439231774,0.7994289280743355,0.0,0.00684931506849315
42,ALL,9.17数据/log_8_2026-9-17-06-17-52.ulg,Sep17,q,146,146,0.8955206422451758,0.9001237379370152,0.0,0.0
42,ALL,9.17数据/log_8_2026-9-17-06-17-52.ulg,Sep17,r,146,146,0.640198918651847,0.7857840131639053,0.03991737499999999,0.18493150684931506
42,ALL,9.17数据/log_9_2026-9-17-06-28-10.ulg,Sep17,vx,114,114,0.8311228862987865,0.844534815307854,0.0,0.06140350877192982
42,ALL,9.17数据/log_9_2026-9-17-06-28-10.ulg,Sep17,vy,114,114,0.9163640181404974,0.9249917488110709,0.0,0.05263157894736842
42,ALL,9.17数据/log_9_2026-9-17-06-28-10.ulg,Sep17,vz,114,114,0.9308793199785054,0.9348891118833199,0.0,0.017543859649122806
42,ALL,9.17数据/log_9_2026-9-17-06-28-10.ulg,Sep17,p,114,114,0.7430433660760015,0.7888045939505385,0.0,0.02631578947368421
42,ALL,9.17数据/log_9_2026-9-17-06-28-10.ulg,Sep17,q,114,114,0.8821801841413466,0.8894832158508663,0.0,0.0
42,ALL,9.17数据/log_9_2026-9-17-06-28-10.ulg,Sep17,r,114,114,0.6439789505144825,0.7356894934799422,0.02020877499999999,0.18421052631578946
42,low,2026.9.7/log_21_2026-9-7-05-54-56.ulg,Sep7,vx,99,99,0.8149021798575605,0.8174212112003465,0.0,0.0
42,low,2026.9.7/log_21_2026-9-7-05-54-56.ulg,Sep7,vy,99,99,0.9002441966695169,0.9064073105320013,0.0,0.010101010101010102
42,low,2026.9.7/log_21_2026-9-7-05-54-56.ulg,Sep7,vz,99,99,0.9624781717524649,0.9626501163355033,0.0,0.0
42,low,2026.9.7/log_21_2026-9-7-05-54-56.ulg,Sep7,p,99,99,0.42906710122070896,0.6071206380849445,0.01995827499999999,0.010101010101010102
42,low,2026.9.7/log_21_2026-9-7-05-54-56.ulg,Sep7,q,99,99,0.9191225181100681,0.9204562922162193,0.0,0.0
42,low,2026.9.7/log_21_2026-9-7-05-54-56.ulg,Sep7,r,99,99,0.2374234046000718,0.5973763423464373,-0.060115275000000024,0.494949494949495
42,low,2026.9.7/log_22_2026-9-7-06-01-40.ulg,Sep7,vx,93,93,0.7155783228970712,0.730516723372029,0.0,0.043010752688172046
42,low,2026.9.7/log_22_2026-9-7-06-01-40.ulg,Sep7,vy,93,93,0.8106826726419293,0.8171546434905972,0.0,0.010752688172043012
42,low,2026.9.7/log_22_2026-9-7-06-01-40.ulg,Sep7,vz,93,93,0.9616282157353436,0.9616282157353436,0.0,0.0
42,low,2026.9.7/log_22_2026-9-7-06-01-40.ulg,Sep7,p,93,93,0.6166121976176214,0.689707199698541,0.019956824999999997,0.010752688172043012
42,low,2026.9.7/log_22_2026-9-7-06-01-40.ulg,Sep7,q,93,93,0.86405989220606,0.8646762445102854,0.0,0.0
42,low,2026.9.7/log_22_2026-9-7-06-01-40.ulg,Sep7,r,93,93,0.36686773858886185,0.6509769061290341,-0.060120724999999986,0.3333333333333333
42,low,2026.9.7/log_23_2026-9-7-06-09-22.ulg,Sep7,vx,46,46,0.8157450947722047,0.8242712973750157,0.0,0.0
42,low,2026.9.7/log_23_2026-9-7-06-09-22.ulg,Sep7,vy,46,46,0.7803939659862918,0.7940650002415867,0.0,0.021739130434782608
42,low,2026.9.7/log_23_2026-9-7-06-09-22.ulg,Sep7,vz,46,46,0.9683232651125718,0.9683232651125718,0.0,0.0
42,low,2026.9.7/log_23_2026-9-7-06-09-22.ulg,Sep7,p,46,46,0.7566430995980791,0.8103956926011276,0.0,0.0
42,low,2026.9.7/log_23_2026-9-7-06-09-22.ulg,Sep7,q,46,46,0.8384727718300582,0.8410552465323925,0.0,0.0
42,low,2026.9.7/log_23_2026-9-7-06-09-22.ulg,Sep7,r,46,46,0.500304382121402,0.7040808527454429,-0.04016157499999999,0.2391304347826087
42,low,2026.9.7/log_24_2026-9-7-06-16-04.ulg,Sep7,vx,39,39,0.6248206360368287,0.6740515860896782,0.0,0.10256410256410256
42,low,2026.9.7/log_24_2026-9-7-06-16-04.ulg,Sep7,vy,39,39,0.8644962488609806,0.8730652505207919,0.0,0.02564102564102564
42,low,2026.9.7/log_24_2026-9-7-06-16-04.ulg,Sep7,vz,39,39,0.9630308626338563,0.9630308626338563,0.0,0.0
42,low,2026.9.7/log_24_2026-9-7-06-16-04.ulg,Sep7,p,39,39,0.6201776857772675,0.7376708889648428,0.019957774999999997,0.02564102564102564
42,low,2026.9.7/log_24_2026-9-7-06-16-04.ulg,Sep7,q,39,39,0.8721113889881079,0.8782430502351479,0.0,0.0
42,low,2026.9.7/log_24_2026-9-7-06-16-04.ulg,Sep7,r,39,39,0.5524575336536204,0.7121557303567991,-0.03991732499999999,0.28205128205128205
42,low,2026.9.7/log_26_2026-9-7-06-30-26.ulg,Sep7,vx,87,87,0.7894811155113931,0.7925683971283226,0.0,0.0
42,low,2026.9.7/log_26_2026-9-7-06-30-26.ulg,Sep7,vy,87,87,0.7606484536714618,0.7822019304913536,0.0,0.04597701149425287
42,low,2026.9.7/log_26_2026-9-7-06-30-26.ulg,Sep7,vz,87,87,0.9750504453338042,0.9750504453338042,0.0,0.0
42,low,2026.9.7/log_26_2026-9-7-06-30-26.ulg,Sep7,p,87,87,0.6912243780793679,0.8457440869942106,0.01996045,0.0
42,low,2026.9.7/log_26_2026-9-7-06-30-26.ulg,Sep7,q,87,87,0.8355224055895499,0.8391746271674821,0.0,0.0
42,low,2026.9.7/log_26_2026-9-7-06-30-26.ulg,Sep7,r,87,87,0.3914368858082341,0.6472422177730616,-0.06012557500000001,0.26436781609195403
42,low,2026.9.7/log_27_2026-9-7-06-37-24.ulg,Sep7,vx,91,91,0.8658509355923377,0.8728024105198882,0.0,0.01098901098901099
42,low,2026.9.7/log_27_2026-9-7-06-37-24.ulg,Sep7,vy,91,91,0.8245918537079203,0.8342133694616414,0.0,0.03296703296703297
42,low,2026.9.7/log_27_2026-9-7-06-37-24.ulg,Sep7,vz,91,91,0.9754646899366497,0.97553854156163,0.0,0.0
42,low,2026.9.7/log_27_2026-9-7-06-37-24.ulg,Sep7,p,91,91,0.8426200007042232,0.8833544455524764,0.019958049999999995,0.0
42,low,2026.9.7/log_27_2026-9-7-06-37-24.ulg,Sep7,q,91,91,0.8159790854316012,0.8173492641771891,0.0,0.0
42,low,2026.9.7/log_27_2026-9-7-06-37-24.ulg,Sep7,r,91,91,0.40070017306716943,0.6181005254155103,-0.03991985,0.12087912087912088
42,low,2026.9.7/log_28_2026-9-7-06-44-02.ulg,Sep7,vx,44,44,0.875200919906242,0.8783067469893298,0.0,0.0
42,low,2026.9.7/log_28_2026-9-7-06-44-02.ulg,Sep7,vy,44,44,0.9284412050697832,0.9292412479007921,0.0,0.0
42,low,2026.9.7/log_28_2026-9-7-06-44-02.ulg,Sep7,vz,44,44,0.9760887473930254,0.9760887473930254,0.0,0.0
42,low,2026.9.7/log_28_2026-9-7-06-44-02.ulg,Sep7,p,44,44,0.7466305340466327,0.8281922715525322,0.019958612500000004,0.0
42,low,2026.9.7/log_28_2026-9-7-06-44-02.ulg,Sep7,q,44,44,0.8808087501552767,0.8844994390663685,0.0,0.0
42,low,2026.9.7/log_28_2026-9-7-06-44-02.ulg,Sep7,r,44,44,0.4801831882527161,0.6284514337282241,-0.0399175625,0.11363636363636363
42,low,2026.9.7/log_29_2026-9-7-06-51-04.ulg,Sep7,vx,84,84,0.8726287439110736,0.878806475909653,0.0,0.0
42,low,2026.9.7/log_29_2026-9-7-06-51-04.ulg,Sep7,vy,84,84,0.88621098063545,0.9101180821653346,0.0,0.047619047619047616
42,low,2026.9.7/log_29_2026-9-7-06-51-04.ulg,Sep7,vz,84,84,0.9765465300893977,0.9770049669042419,0.0,0.0
42,low,2026.9.7/log_29_2026-9-7-06-51-04.ulg,Sep7,p,84,84,0.8883056602663202,0.9036402776289172,0.0,0.0
42,low,2026.9.7/log_29_2026-9-7-06-51-04.ulg,Sep7,q,84,84,0.8586321181960386,0.860789658019946,0.0,0.0
42,low,2026.9.7/log_29_2026-9-7-06-51-04.ulg,Sep7,r,84,84,0.5816684864752335,0.671667318176181,-0.019960249999999995,0.011904761904761904
42,low,2026.9.7/log_30_2026-9-7-06-58-22.ulg,Sep7,vx,104,104,0.7762577709503086,0.7825070700480509,0.0,0.0
42,low,2026.9.7/log_30_2026-9-7-06-58-22.ulg,Sep7,vy,104,104,0.8166687094113035,0.8286260055260846,0.0,0.038461538461538464
42,low,2026.9.7/log_30_2026-9-7-06-58-22.ulg,Sep7,vz,104,104,0.9636248212725304,0.9646930817837459,0.0,0.0
42,low,2026.9.7/log_30_2026-9-7-06-58-22.ulg,Sep7,p,104,104,0.7487725880371117,0.79854966399238,0.0,0.009615384615384616
42,low,2026.9.7/log_30_2026-9-7-06-58-22.ulg,Sep7,q,104,104,0.8770275123882078,0.880700060672898,0.0,0.0
42,low,2026.9.7/log_30_2026-9-7-06-58-22.ulg,Sep7,r,104,104,0.5612399690934998,0.68190623782417,-0.039917175,0.038461538461538464
42,low,9.17数据/log_10_2026-9-17-06-34-34.ulg,Sep17,vx,25,25,0.832368781324133,0.8390493114173051,0.0,0.0
42,low,9.17数据/log_10_2026-9-17-06-34-34.ulg,Sep17,vy,25,25,0.8532580413364258,0.8679201571771106,0.0,0.08
42,low,9.17数据/log_10_2026-9-17-06-34-34.ulg,Sep17,vz,25,25,0.9440636673294399,0.9447387049296406,0.0,0.0
42,low,9.17数据/log_10_2026-9-17-06-34-34.ulg,Sep17,p,25,25,0.7296701357873365,0.791708765396306,0.019959275000000005,0.0
42,low,9.17数据/log_10_2026-9-17-06-34-34.ulg,Sep17,q,25,25,0.9423379880988407,0.9449550450746297,0.0,0.0
42,low,9.17数据/log_10_2026-9-17-06-34-34.ulg,Sep17,r,25,25,0.5023704068336106,0.6814729865004217,0.03991927500000001,0.2
42,low,9.17数据/log_11_2026-9-17-06-40-30.ulg,Sep17,vx,34,34,0.7788356920614304,0.7898381015240056,0.0,0.0
42,low,9.17数据/log_11_2026-9-17-06-40-30.ulg,Sep17,vy,34,34,0.8085570862891478,0.8190438506374169,0.0,0.058823529411764705
42,low,9.17数据/log_11_2026-9-17-06-40-30.ulg,Sep17,vz,34,34,0.9501646813238556,0.9522382763248318,0.0,0.0
42,low,9.17数据/log_11_2026-9-17-06-40-30.ulg,Sep17,p,34,34,0.6911350591179597,0.7812267619901807,0.019958774999999998,0.0
42,low,9.17数据/log_11_2026-9-17-06-40-30.ulg,Sep17,q,34,34,0.9339166554118188,0.9340114279525185,0.0,0.0
42,low,9.17数据/log_11_2026-9-17-06-40-30.ulg,Sep17,r,34,34,0.6438982115503762,0.7858763863089377,0.020086112500000003,0.17647058823529413
42,low,9.17数据/log_12_2026-9-17-06-46-02.ulg,Sep17,vx,29,29,0.872096204868736,0.8780484857725168,0.0,0.0
42,low,9.17数据/log_12_2026-9-17-06-46-02.ulg,Sep17,vy,29,29,0.8935857904562389,0.9121733322578912,0.0,0.034482758620689655
42,low,9.17数据/log_12_2026-9-17-06-46-02.ulg,Sep17,vz,29,29,0.9320809117680519,0.9320809117680519,0.0,0.0
42,low,9.17数据/log_12_2026-9-17-06-46-02.ulg,Sep17,p,29,29,0.6547560224433117,0.7135161875788849,0.019956499999999995,0.0
42,low,9.17数据/log_12_2026-9-17-06-46-02.ulg,Sep17,q,29,29,0.9355904261892567,0.9355904261892567,0.0,0.0
42,low,9.17数据/log_12_2026-9-17-06-46-02.ulg,Sep17,r,29,29,0.5840295383383027,0.6980110642755212,0.039916425,0.20689655172413793
42,low,9.17数据/log_13_2026-9-17-06-52-30.ulg,Sep17,vx,19,19,0.8491047674552918,0.8630224510902472,0.0,0.0
42,low,9.17数据/log_13_2026-9-17-06-52-30.ulg,Sep17,vy,19,19,0.9257451455074013,0.9285100835498011,0.0,0.0
42,low,9.17数据/log_13_2026-9-17-06-52-30.ulg,Sep17,vz,19,19,0.9572363344277428,0.9572363344277428,0.0,0.0
42,low,9.17数据/log_13_2026-9-17-06-52-30.ulg,Sep17,p,19,19,0.6867708879337998,0.7599693220764849,0.0,0.0
42,low,9.17数据/log_13_2026-9-17-06-52-30.ulg,Sep17,q,19,19,0.9463806157826831,0.9464879797795708,0.0,0.0
42,low,9.17数据/log_13_2026-9-17-06-52-30.ulg,Sep17,r,19,19,0.5406710484530707,0.6526482049506493,0.0199612,0.0
42,low,9.17数据/log_6_2026-9-17-06-02-24.ulg,Sep17,vx,34,34,0.9486406558600351,0.9531018245780596,0.0,0.0
42,low,9.17数据/log_6_2026-9-17-06-02-24.ulg,Sep17,vy,34,34,0.9036941760832113,0.9074043450299664,0.0,0.0
42,low,9.17数据/log_6_2026-9-17-06-02-24.ulg,Sep17,vz,34,34,0.9615867074933483,0.9616040463939958,0.0,0.0
42,low,9.17数据/log_6_2026-9-17-06-02-24.ulg,Sep17,p,34,34,0.8274512592746014,0.8446244677797684,0.0,0.0
42,low,9.17数据/log_6_2026-9-17-06-02-24.ulg,Sep17,q,34,34,0.9333418269566819,0.9345436259863344,0.0,0.0
42,low,9.17数据/log_6_2026-9-17-06-02-24.ulg,Sep17,r,34,34,0.5379693014288024,0.6872736612434545,0.04004296250000001,0.08823529411764706
42,low,9.17数据/log_7_2026-9-17-06-12-16.ulg,Sep17,vx,21,21,0.8453006818681212,0.8506446009326047,0.0,0.0
42,low,9.17数据/log_7_2026-9-17-06-12-16.ulg,Sep17,vy,21,21,0.7976989201999042,0.8087451335197061,0.0,0.14285714285714285
42,low,9.17数据/log_7_2026-9-17-06-12-16.ulg,Sep17,vz,21,21,0.9625292960032816,0.9625292960032816,0.0,0.0
42,low,9.17数据/log_7_2026-9-17-06-12-16.ulg,Sep17,p,21,21,0.8320839771587267,0.8617734476385824,0.0,0.0
42,low,9.17数据/log_7_2026-9-17-06-12-16.ulg,Sep17,q,21,21,0.9242730061553457,0.9242730061553457,0.0,0.0
42,low,9.17数据/log_7_2026-9-17-06-12-16.ulg,Sep17,r,21,21,0.40501694698085056,0.586112060510177,0.03992202500000001,0.047619047619047616
42,low,9.17数据/log_8_2026-9-17-06-17-52.ulg,Sep17,vx,18,18,0.7668288924619144,0.7704134492751804,0.0,0.0
42,low,9.17数据/log_8_2026-9-17-06-17-52.ulg,Sep17,vy,18,18,0.9185175142846482,0.9262415397213124,0.0,0.05555555555555555
42,low,9.17数据/log_8_2026-9-17-06-17-52.ulg,Sep17,vz,18,18,0.9524405434411852,0.9524405434411852,0.0,0.0
42,low,9.17数据/log_8_2026-9-17-06-17-52.ulg,Sep17,p,18,18,0.7921372043706234,0.8297991495824886,0.019957874999999996,0.0
42,low,9.17数据/log_8_2026-9-17-06-17-52.ulg,Sep17,q,18,18,0.9229232444076916,0.9232182245679122,0.0,0.0
42,low,9.17数据/log_8_2026-9-17-06-17-52.ulg,Sep17,r,18,18,0.6544984823249816,0.7705504866091866,0.019960349999999995,0.1111111111111111
42,low,9.17数据/log_9_2026-9-17-06-28-10.ulg,Sep17,vx,21,21,0.7139758288072181,0.7226762577058826,0.0,0.047619047619047616
42,low,9.17数据/log_9_2026-9-17-06-28-10.ulg,Sep17,vy,21,21,0.924202831132863,0.9356090136640935,0.0,0.047619047619047616
42,low,9.17数据/log_9_2026-9-17-06-28-10.ulg,Sep17,vz,21,21,0.9522690400138563,0.9548547709195725,0.0,0.0
42,low,9.17数据/log_9_2026-9-17-06-28-10.ulg,Sep17,p,21,21,0.674687650985559,0.759465064562102,0.019959025,0.047619047619047616
42,low,9.17数据/log_9_2026-9-17-06-28-10.ulg,Sep17,q,21,21,0.9140770280731163,0.9190911328939093,0.0,0.0
42,low,9.17数据/log_9_2026-9-17-06-28-10.ulg,Sep17,r,21,21,0.5217535464340756,0.6723651705781107,0.03992145,0.3333333333333333
42,middle,2026.9.7/log_21_2026-9-7-05-54-56.ulg,Sep7,vx,45,45,0.810251740280458,0.8195705532005558,0.0,0.0
42,middle,2026.9.7/log_21_2026-9-7-05-54-56.ulg,Sep7,vy,45,45,0.8772226458013749,0.8951193547262541,0.0,0.044444444444444446
42,middle,2026.9.7/log_21_2026-9-7-05-54-56.ulg,Sep7,vz,45,45,0.9528948674790132,0.953334732807524,0.0,0.0
42,middle,2026.9.7/log_21_2026-9-7-05-54-56.ulg,Sep7,p,45,45,0.490824081532923,0.6210990065428527,0.019958724999999993,0.044444444444444446
42,middle,2026.9.7/log_21_2026-9-7-05-54-56.ulg,Sep7,q,45,45,0.8708584797457439,0.8721806218844184,0.0,0.0
42,middle,2026.9.7/log_21_2026-9-7-05-54-56.ulg,Sep7,r,45,45,0.48089289136356445,0.6755092365356212,-0.039913675,0.2222222222222222
42,middle,2026.9.7/log_22_2026-9-7-06-01-40.ulg,Sep7,vx,59,59,0.754387252539744,0.7710490704431016,0.0,0.03389830508474576
42,middle,2026.9.7/log_22_2026-9-7-06-01-40.ulg,Sep7,vy,59,59,0.8039301693330905,0.8180740841731086,0.0,0.06779661016949153
42,middle,2026.9.7/log_22_2026-9-7-06-01-40.ulg,Sep7,vz,59,59,0.9500556636674874,0.9507491842089252,0.0,0.0
42,middle,2026.9.7/log_22_2026-9-7-06-01-40.ulg,Sep7,p,59,59,0.6349032921600782,0.7254201681716277,0.019956599999999998,0.01694915254237288
42,middle,2026.9.7/log_22_2026-9-7-06-01-40.ulg,Sep7,q,59,59,0.8406364768434718,0.843352549486414,0.0,0.0
42,middle,2026.9.7/log_22_2026-9-7-06-01-40.ulg,Sep7,r,59,59,0.4492231835891445,0.6051821075779386,-0.03991272500000001,0.1864406779661017
42,middle,2026.9.7/log_23_2026-9-7-06-09-22.ulg,Sep7,vx,84,84,0.8295096757358622,0.8361258627449996,0.0,0.011904761904761904
42,middle,2026.9.7/log_23_2026-9-7-06-09-22.ulg,Sep7,vy,84,84,0.8565760252071255,0.8699784054285177,0.0,0.047619047619047616
42,middle,2026.9.7/log_23_2026-9-7-06-09-22.ulg,Sep7,vz,84,84,0.9635286336122171,0.9636196556708954,0.0,0.0
42,middle,2026.9.7/log_23_2026-9-7-06-09-22.ulg,Sep7,p,84,84,0.7306150331590847,0.7896381860209435,0.0,0.011904761904761904
42,middle,2026.9.7/log_23_2026-9-7-06-09-22.ulg,Sep7,q,84,84,0.8447082738616926,0.8479837810912265,0.0,0.0
42,middle,2026.9.7/log_23_2026-9-7-06-09-22.ulg,Sep7,r,84,84,0.45308455778605294,0.6379948860554793,-0.039920050000000006,0.21428571428571427
42,middle,2026.9.7/log_24_2026-9-7-06-16-04.ulg,Sep7,vx,103,103,0.8241821532052269,0.8301395811333051,0.0,0.0
42,middle,2026.9.7/log_24_2026-9-7-06-16-04.ulg,Sep7,vy,103,103,0.8793978932615687,0.887072351491225,0.0,0.019417475728155338
42,middle,2026.9.7/log_24_2026-9-7-06-16-04.ulg,Sep7,vz,103,103,0.9503291027798836,0.9533011169946148,0.0,0.009708737864077669
42,middle,2026.9.7/log_24_2026-9-7-06-16-04.ulg,Sep7,p,103,103,0.6430349931950133,0.7593454761780002,0.019957724999999992,0.019417475728155338
42,middle,2026.9.7/log_24_2026-9-7-06-16-04.ulg,Sep7,q,103,103,0.8706150784133062,0.8748188119057558,0.0,0.0
42,middle,2026.9.7/log_24_2026-9-7-06-16-04.ulg,Sep7,r,103,103,0.3615964627269309,0.551978938702881,-0.019958274999999998,0.3300970873786408
42,middle,2026.9.7/log_26_2026-9-7-06-30-26.ulg,Sep7,vx,47,47,0.7388535223764592,0.7465121671826219,0.0,0.02127659574468085
42,middle,2026.9.7/log_26_2026-9-7-06-30-26.ulg,Sep7,vy,47,47,0.7864378536151794,0.8051837263290149,0.0,0.0425531914893617
42,middle,2026.9.7/log_26_2026-9-7-06-30-26.ulg,Sep7,vz,47,47,0.9729284030492811,0.9731101255106192,0.0,0.0
42,middle,2026.9.7/log_26_2026-9-7-06-30-26.ulg,Sep7,p,47,47,0.724706057829963,0.8310872724868122,0.01995980000000001,0.0
42,middle,2026.9.7/log_26_2026-9-7-06-30-26.ulg,Sep7,q,47,47,0.8011078331206298,0.8022505596446826,0.0,0.0
42,middle,2026.9.7/log_26_2026-9-7-06-30-26.ulg,Sep7,r,47,47,0.4787732252172943,0.6998979037997121,-0.05987387500000001,0.1702127659574468
42,middle,2026.9.7/log_27_2026-9-7-06-37-24.ulg,Sep7,vx,46,46,0.8908074164196941,0.8933724780983112,0.0,0.0
42,middle,2026.9.7/log_27_2026-9-7-06-37-24.ulg,Sep7,vy,46,46,0.9187322279213678,0.9210240788110539,0.0,0.021739130434782608
42,middle,2026.9.7/log_27_2026-9-7-06-37-24.ulg,Sep7,vz,46,46,0.9642159760240865,0.9644749851172879,0.0,0.0
42,middle,2026.9.7/log_27_2026-9-7-06-37-24.ulg,Sep7,p,46,46,0.8257426884062639,0.881132994314019,0.019959224999999997,0.0
42,middle,2026.9.7/log_27_2026-9-7-06-37-24.ulg,Sep7,q,46,46,0.7153543294405464,0.7276051062357136,0.0,0.08695652173913043
42,middle,2026.9.7/log_27_2026-9-7-06-37-24.ulg,Sep7,r,46,46,0.5656305204480302,0.7061309951069146,-0.020205800000000003,0.08695652173913043
42,middle,2026.9.7/log_28_2026-9-7-06-44-02.ulg,Sep7,vx,78,78,0.8986969670522944,0.9026888674515132,0.0,0.0
42,middle,2026.9.7/log_28_2026-9-7-06-44-02.ulg,Sep7,vy,78,78,0.8799084931693585,0.8896296269630508,0.0,0.02564102564102564
42,middle,2026.9.7/log_28_2026-9-7-06-44-02.ulg,Sep7,vz,78,78,0.9682598758945336,0.9685339307602894,0.0,0.0
42,middle,2026.9.7/log_28_2026-9-7-06-44-02.ulg,Sep7,p,78,78,0.7369069671733225,0.8116740799687318,0.019958987500000004,0.0
42,middle,2026.9.7/log_28_2026-9-7-06-44-02.ulg,Sep7,q,78,78,0.8813888377775564,0.8825848141874669,0.0,0.0
42,middle,2026.9.7/log_28_2026-9-7-06-44-02.ulg,Sep7,r,78,78,0.5013209188160526,0.6511624073168641,-0.039918262499999996,0.08974358974358974
42,middle,2026.9.7/log_29_2026-9-7-06-51-04.ulg,Sep7,vx,95,95,0.902688045880438,0.9076229410505098,0.0,0.010526315789473684
42,middle,2026.9.7/log_29_2026-9-7-06-51-04.ulg,Sep7,vy,95,95,0.9370763011746144,0.940757865607575,0.0,0.021052631578947368
42,middle,2026.9.7/log_29_2026-9-7-06-51-04.ulg,Sep7,vz,95,95,0.9772337728917186,0.9772497257948892,0.0,0.0
42,middle,2026.9.7/log_29_2026-9-7-06-51-04.ulg,Sep7,p,95,95,0.8836116331684332,0.9030359324199797,0.0,0.0
42,middle,2026.9.7/log_29_2026-9-7-06-51-04.ulg,Sep7,q,95,95,0.8278256966624323,0.8334846993621738,0.0,0.0
42,middle,2026.9.7/log_29_2026-9-7-06-51-04.ulg,Sep7,r,95,95,0.6590183270870346,0.7293705488929684,-0.019959125,0.05263157894736842
42,middle,2026.9.7/log_30_2026-9-7-06-58-22.ulg,Sep7,vx,52,52,0.8785023920068077,0.8834372338939829,0.0,0.019230769230769232
42,middle,2026.9.7/log_30_2026-9-7-06-58-22.ulg,Sep7,vy,52,52,0.8032073784281916,0.8154182579108646,0.0,0.019230769230769232
42,middle,2026.9.7/log_30_2026-9-7-06-58-22.ulg,Sep7,vz,52,52,0.9580313299944639,0.9599785117641804,0.0,0.0
42,middle,2026.9.7/log_30_2026-9-7-06-58-22.ulg,Sep7,p,52,52,0.7100673136486099,0.7783235062316313,0.0,0.038461538461538464
42,middle,2026.9.7/log_30_2026-9-7-06-58-22.ulg,Sep7,q,52,52,0.8344081494518066,0.8418685346257964,0.0,0.0
42,middle,2026.9.7/log_30_2026-9-7-06-58-22.ulg,Sep7,r,52,52,0.5403817550878162,0.6496213914456818,-0.019960225000000005,0.11538461538461539
42,middle,9.17数据/log_10_2026-9-17-06-34-34.ulg,Sep17,vx,71,71,0.869465589191655,0.8812658711623071,0.0,0.014084507042253521
42,middle,9.17数据/log_10_2026-9-17-06-34-34.ulg,Sep17,vy,71,71,0.8166486356554062,0.8547970027883822,0.0,0.09859154929577464
42,middle,9.17数据/log_10_2026-9-17-06-34-34.ulg,Sep17,vz,71,71,0.9439216391392792,0.9453484705344242,0.0,0.0
42,middle,9.17数据/log_10_2026-9-17-06-34-34.ulg,Sep17,p,71,71,0.6871432129316747,0.7465538878572253,0.0,0.04225352112676056
42,middle,9.17数据/log_10_2026-9-17-06-34-34.ulg,Sep17,q,71,71,0.905225953019645,0.909648589869174,0.0,0.0
42,middle,9.17数据/log_10_2026-9-17-06-34-34.ulg,Sep17,r,71,71,0.5890615926845179,0.7652154029527191,0.03991975,0.18309859154929578
42,middle,9.17数据/log_11_2026-9-17-06-40-30.ulg,Sep17,vx,77,77,0.8357302582667006,0.8467432619295749,0.0,0.012987012987012988
42,middle,9.17数据/log_11_2026-9-17-06-40-30.ulg,Sep17,vy,77,77,0.8899139185411453,0.9035290243651294,0.0,0.06493506493506493
42,middle,9.17数据/log_11_2026-9-17-06-40-30.ulg,Sep17,vz,77,77,0.9428614342927367,0.9436988677512506,0.0,0.0
42,middle,9.17数据/log_11_2026-9-17-06-40-30.ulg,Sep17,p,77,77,0.6698798522235742,0.7346144677812911,0.019957925,0.012987012987012988
42,middle,9.17数据/log_11_2026-9-17-06-40-30.ulg,Sep17,q,77,77,0.8842304513859934,0.8849916538867826,0.0,0.0
42,middle,9.17数据/log_11_2026-9-17-06-40-30.ulg,Sep17,r,77,77,0.6562612678306089,0.7904387032520095,0.039917774999999975,0.2077922077922078
42,middle,9.17数据/log_12_2026-9-17-06-46-02.ulg,Sep17,vx,88,88,0.8437937235197679,0.8491964711060135,0.0,0.011363636363636364
42,middle,9.17数据/log_12_2026-9-17-06-46-02.ulg,Sep17,vy,88,88,0.8085279545118805,0.8304920264110958,0.0,0.06818181818181818
42,middle,9.17数据/log_12_2026-9-17-06-46-02.ulg,Sep17,vz,88,88,0.955473552973261,0.9561216968992283,0.0,0.0
42,middle,9.17数据/log_12_2026-9-17-06-46-02.ulg,Sep17,p,88,88,0.6919621535460254,0.746723423684852,0.019958099999999993,0.0
42,middle,9.17数据/log_12_2026-9-17-06-46-02.ulg,Sep17,q,88,88,0.9226778197207707,0.9235529154530462,0.0,0.0
42,middle,9.17数据/log_12_2026-9-17-06-46-02.ulg,Sep17,r,88,88,0.6959302788353737,0.793127195075984,0.0399173375,0.06818181818181818
42,middle,9.17数据/log_13_2026-9-17-06-52-30.ulg,Sep17,vx,76,76,0.7765309180048943,0.7987433165707086,0.0,0.039473684210526314
42,middle,9.17数据/log_13_2026-9-17-06-52-30.ulg,Sep17,vy,76,76,0.8545018666040367,0.8726507943072834,0.0,0.05263157894736842
42,middle,9.17数据/log_13_2026-9-17-06-52-30.ulg,Sep17,vz,76,76,0.943112485042079,0.9439382001245891,0.0,0.0
42,middle,9.17数据/log_13_2026-9-17-06-52-30.ulg,Sep17,p,76,76,0.5896786680134231,0.6883793234864738,0.019958212499999996,0.0
42,middle,9.17数据/log_13_2026-9-17-06-52-30.ulg,Sep17,q,76,76,0.8778574618623929,0.8810132561621337,0.0,0.0
42,middle,9.17数据/log_13_2026-9-17-06-52-30.ulg,Sep17,r,76,76,0.5691362639086621,0.6903462190328542,0.03991678750000001,0.13157894736842105
42,middle,9.17数据/log_6_2026-9-17-06-02-24.ulg,Sep17,vx,69,69,0.9191761084641094,0.9289339300503873,0.0,0.043478260869565216
42,middle,9.17数据/log_6_2026-9-17-06-02-24.ulg,Sep17,vy,69,69,0.9201147278548071,0.9341240278973455,0.0,0.057971014492753624
42,middle,9.17数据/log_6_2026-9-17-06-02-24.ulg,Sep17,vz,69,69,0.9506712875727127,0.9517066211185684,0.0,0.0
42,middle,9.17数据/log_6_2026-9-17-06-02-24.ulg,Sep17,p,69,69,0.8308153973940811,0.8512673016205125,0.0,0.0
42,middle,9.17数据/log_6_2026-9-17-06-02-24.ulg,Sep17,q,69,69,0.917730865750206,0.9217262259623853,0.0,0.0
42,middle,9.17数据/log_6_2026-9-17-06-02-24.ulg,Sep17,r,69,69,0.6045238375970182,0.7533132897542484,0.03991884999999999,0.13043478260869565
42,middle,9.17数据/log_7_2026-9-17-06-12-16.ulg,Sep17,vx,93,93,0.871220132533233,0.8807620334059769,0.0,0.0
42,middle,9.17数据/log_7_2026-9-17-06-12-16.ulg,Sep17,vy,93,93,0.788628043109451,0.8175567733113516,0.0,0.10752688172043011
42,middle,9.17数据/log_7_2026-9-17-06-12-16.ulg,Sep17,vz,93,93,0.954505663522541,0.9559027073383882,0.0,0.0
42,middle,9.17数据/log_7_2026-9-17-06-12-16.ulg,Sep17,p,93,93,0.8446673089703232,0.8618855187311054,0.0,0.0
42,middle,9.17数据/log_7_2026-9-17-06-12-16.ulg,Sep17,q,93,93,0.8951817001141047,0.9001510027522517,0.0,0.0
42,middle,9.17数据/log_7_2026-9-17-06-12-16.ulg,Sep17,r,93,93,0.6281990662407004,0.7592760104893679,0.03992034999999999,0.10752688172043011
42,middle,9.17数据/log_8_2026-9-17-06-17-52.ulg,Sep17,vx,95,95,0.8741683119450775,0.8787887341612391,0.0,0.010526315789473684
42,middle,9.17数据/log_8_2026-9-17-06-17-52.ulg,Sep17,vy,95,95,0.8557321206433433,0.8663879085613934,0.0,0.021052631578947368
42,middle,9.17数据/log_8_2026-9-17-06-17-52.ulg,Sep17,vz,95,95,0.9546130650648885,0.9547444038119328,0.0,0.0
42,middle,9.17数据/log_8_2026-9-17-06-17-52.ulg,Sep17,p,95,95,0.7679896226175634,0.8028494959255145,0.0,0.010526315789473684
42,middle,9.17数据/log_8_2026-9-17-06-17-52.ulg,Sep17,q,95,95,0.9020811314133728,0.9039368878824359,0.0,0.0
42,middle,9.17数据/log_8_2026-9-17-06-17-52.ulg,Sep17,r,95,95,0.6700195412171563,0.8056688784545121,0.03991637500000002,0.2
42,middle,9.17数据/log_9_2026-9-17-06-28-10.ulg,Sep17,vx,62,62,0.8606021932381778,0.8716218943613913,0.0,0.03225806451612903
42,middle,9.17数据/log_9_2026-9-17-06-28-10.ulg,Sep17,vy,62,62,0.8976475213416195,0.9066567013536267,0.0,0.03225806451612903
42,middle,9.17数据/log_9_2026-9-17-06-28-10.ulg,Sep17,vz,62,62,0.9437468413529666,0.9449756730938499,0.0,0.0
42,middle,9.17数据/log_9_2026-9-17-06-28-10.ulg,Sep17,p,62,62,0.7878781272009495,0.8076798499388286,0.0,0.0
42,middle,9.17数据/log_9_2026-9-17-06-28-10.ulg,Sep17,q,62,62,0.893187448119434,0.8981521411707716,0.0,0.0
42,middle,9.17数据/log_9_2026-9-17-06-28-10.ulg,Sep17,r,62,62,0.6319632105243163,0.7212326863806945,0.03006225,0.12903225806451613
42,high,2026.9.7/log_21_2026-9-7-05-54-56.ulg,Sep7,vx,24,24,0.8439040050852862,0.8514901096735311,0.0,0.041666666666666664
42,high,2026.9.7/log_21_2026-9-7-05-54-56.ulg,Sep7,vy,24,24,0.8013270340197471,0.8506814824263812,0.0199563375,0.25
42,high,2026.9.7/log_21_2026-9-7-05-54-56.ulg,Sep7,vz,24,24,0.9264283299972131,0.9290036274774366,0.0,0.0
42,high,2026.9.7/log_21_2026-9-7-05-54-56.ulg,Sep7,p,24,24,0.46311902727703796,0.6128400047914142,0.020081387499999992,0.08333333333333333
42,high,2026.9.7/log_21_2026-9-7-05-54-56.ulg,Sep7,q,24,24,0.8045966936133001,0.8072039409898882,0.0,0.0
42,high,2026.9.7/log_21_2026-9-7-05-54-56.ulg,Sep7,r,24,24,0.5928044619692278,0.643961392584442,-0.019957625,0.041666666666666664
42,high,2026.9.7/log_22_2026-9-7-06-01-40.ulg,Sep7,vx,30,30,0.9431058981982063,0.9461793569298379,0.0,0.0
42,high,2026.9.7/log_22_2026-9-7-06-01-40.ulg,Sep7,vy,30,30,0.8591609131121216,0.8853980498496455,0.0,0.1
42,high,2026.9.7/log_22_2026-9-7-06-01-40.ulg,Sep7,vz,30,30,0.9686353934553804,0.9689336051572653,0.0,0.0
42,high,2026.9.7/log_22_2026-9-7-06-01-40.ulg,Sep7,p,30,30,0.6302701402049528,0.7741553298740815,0.01995695,0.03333333333333333
42,high,2026.9.7/log_22_2026-9-7-06-01-40.ulg,Sep7,q,30,30,0.8164656706569454,0.8209564410515319,0.0,0.0
42,high,2026.9.7/log_22_2026-9-7-06-01-40.ulg,Sep7,r,30,30,0.5469432823011339,0.7278958613361959,-0.05001998750000001,0.23333333333333334
42,high,2026.9.7/log_23_2026-9-7-06-09-22.ulg,Sep7,vx,30,30,0.8464548237799027,0.8547880817812104,0.0,0.06666666666666667
42,high,2026.9.7/log_23_2026-9-7-06-09-22.ulg,Sep7,vy,30,30,0.8278652543273992,0.858930105070545,0.0,0.06666666666666667
42,high,2026.9.7/log_23_2026-9-7-06-09-22.ulg,Sep7,vz,30,30,0.9106842770379929,0.9378043282953754,0.0,0.03333333333333333
42,high,2026.9.7/log_23_2026-9-7-06-09-22.ulg,Sep7,p,30,30,0.6892235808716144,0.7996490144728253,0.019957037500000007,0.0
42,high,2026.9.7/log_23_2026-9-7-06-09-22.ulg,Sep7,q,30,30,0.8072639980652527,0.8157021711310904,0.0,0.0
42,high,2026.9.7/log_23_2026-9-7-06-09-22.ulg,Sep7,r,30,30,0.6337899466433474,0.7207836988290027,-0.019958125,0.26666666666666666
42,high,2026.9.7/log_24_2026-9-7-06-16-04.ulg,Sep7,vx,19,19,0.7504083958165896,0.7939015670504267,0.0,0.05263157894736842
42,high,2026.9.7/log_24_2026-9-7-06-16-04.ulg,Sep7,vy,19,19,0.8816662520675487,0.8838242292852062,0.0,0.0
42,high,2026.9.7/log_24_2026-9-7-06-16-04.ulg,Sep7,vz,19,19,0.9376431379487316,0.9387572734807349,0.0,0.0
42,high,2026.9.7/log_24_2026-9-7-06-16-04.ulg,Sep7,p,19,19,0.6953537541941494,0.8029515239134037,0.019957050000000004,0.05263157894736842
42,high,2026.9.7/log_24_2026-9-7-06-16-04.ulg,Sep7,q,19,19,0.8434046975414566,0.846733301386921,0.0,0.0
42,high,2026.9.7/log_24_2026-9-7-06-16-04.ulg,Sep7,r,19,19,0.4366707102811292,0.6160297538430912,-0.05986957499999999,0.3157894736842105
42,high,2026.9.7/log_26_2026-9-7-06-30-26.ulg,Sep7,vx,16,16,0.6706953701627467,0.6815534155723769,0.0,0.0625
42,high,2026.9.7/log_26_2026-9-7-06-30-26.ulg,Sep7,vy,16,16,0.8843611693398803,0.9337140279625913,0.0,0.0625
42,high,2026.9.7/log_26_2026-9-7-06-30-26.ulg,Sep7,vz,16,16,0.8827716664372586,0.9323291855115481,0.0,0.0625
42,high,2026.9.7/log_26_2026-9-7-06-30-26.ulg,Sep7,p,16,16,0.7270653124539593,0.8056509558725026,0.019961049999999998,0.0
42,high,2026.9.7/log_26_2026-9-7-06-30-26.ulg,Sep7,q,16,16,0.8208405415116949,0.8437503488194854,0.0,0.0
42,high,2026.9.7/log_26_2026-9-7-06-30-26.ulg,Sep7,r,16,16,0.4523869784535779,0.6093104441819138,-0.0397936,0.125
42,high,2026.9.7/log_27_2026-9-7-06-37-24.ulg,Sep7,vx,18,18,0.7895890154131153,0.8124980572261096,0.0,0.05555555555555555
42,high,2026.9.7/log_27_2026-9-7-06-37-24.ulg,Sep7,vy,18,18,0.8612009916315275,0.870645338133652,0.0,0.0
42,high,2026.9.7/log_27_2026-9-7-06-37-24.ulg,Sep7,vz,18,18,0.9788636762072197,0.9791567352993931,0.0,0.0
42,high,2026.9.7/log_27_2026-9-7-06-37-24.ulg,Sep7,p,18,18,0.7152384852517568,0.8139512690494314,0.0199586125,0.0
42,high,2026.9.7/log_27_2026-9-7-06-37-24.ulg,Sep7,q,18,18,0.8143558618958013,0.818218264056982,0.0,0.0
42,high,2026.9.7/log_27_2026-9-7-06-37-24.ulg,Sep7,r,18,18,0.4782206055870674,0.5955791768424856,-0.02008435,0.1111111111111111
42,high,2026.9.7/log_28_2026-9-7-06-44-02.ulg,Sep7,vx,18,18,0.7870202244588592,0.800678516158158,0.0,0.05555555555555555
42,high,2026.9.7/log_28_2026-9-7-06-44-02.ulg,Sep7,vy,18,18,0.9368735412324091,0.9420635568366402,0.0,0.05555555555555555
42,high,2026.9.7/log_28_2026-9-7-06-44-02.ulg,Sep7,vz,18,18,0.9280798792244475,0.9439990343217483,0.0,0.05555555555555555
42,high,2026.9.7/log_28_2026-9-7-06-44-02.ulg,Sep7,p,18,18,0.6590047637289705,0.7186910909277594,0.009979374999999997,0.0
42,high,2026.9.7/log_28_2026-9-7-06-44-02.ulg,Sep7,q,18,18,0.7778087902639286,0.7881739074704383,0.0,0.0
42,high,2026.9.7/log_28_2026-9-7-06-44-02.ulg,Sep7,r,18,18,0.431379070043074,0.5476050429360549,-0.0099799,0.16666666666666666
42,high,2026.9.7/log_29_2026-9-7-06-51-04.ulg,Sep7,vx,22,22,0.845209014244546,0.8536827392791152,0.0,0.045454545454545456
42,high,2026.9.7/log_29_2026-9-7-06-51-04.ulg,Sep7,vy,22,22,0.9374168392738448,0.9474852582436813,0.0,0.045454545454545456
42,high,2026.9.7/log_29_2026-9-7-06-51-04.ulg,Sep7,vz,22,22,0.9242726380566456,0.9279152130401173,0.0,0.0
42,high,2026.9.7/log_29_2026-9-7-06-51-04.ulg,Sep7,p,22,22,0.7546096217150907,0.8021054206325392,0.009978787499999994,0.0
42,high,2026.9.7/log_29_2026-9-7-06-51-04.ulg,Sep7,q,22,22,0.7556792476955778,0.7834632278974247,0.0,0.0
42,high,2026.9.7/log_29_2026-9-7-06-51-04.ulg,Sep7,r,22,22,0.6721974446722988,0.759084026417881,0.0,0.13636363636363635
42,high,2026.9.7/log_30_2026-9-7-06-58-22.ulg,Sep7,vx,8,8,0.7613869557334805,0.7701972512609407,0.0,0.0
42,high,2026.9.7/log_30_2026-9-7-06-58-22.ulg,Sep7,vy,8,8,0.9863498475240691,0.987034856402582,0.0,0.0
42,high,2026.9.7/log_30_2026-9-7-06-58-22.ulg,Sep7,vz,8,8,0.9497729738107505,0.9520669031547027,0.0,0.0
42,high,2026.9.7/log_30_2026-9-7-06-58-22.ulg,Sep7,p,8,8,0.5863184571436952,0.6788761738664371,0.0,0.125
42,high,2026.9.7/log_30_2026-9-7-06-58-22.ulg,Sep7,q,8,8,0.8680210696467874,0.8706784192097217,0.0,0.0
42,high,2026.9.7/log_30_2026-9-7-06-58-22.ulg,Sep7,r,8,8,0.45701968570267426,0.5599906980524738,-0.019958787500000002,0.125
42,high,9.17数据/log_10_2026-9-17-06-34-34.ulg,Sep17,vx,34,34,0.8273182321836088,0.848366604677403,0.0,0.08823529411764706
42,high,9.17数据/log_10_2026-9-17-06-34-34.ulg,Sep17,vy,34,34,0.8042770381886278,0.8398260565550265,0.0,0.08823529411764706
42,high,9.17数据/log_10_2026-9-17-06-34-34.ulg,Sep17,vz,34,34,0.9429868934852081,0.9460609764918065,0.0,0.029411764705882353
42,high,9.17数据/log_10_2026-9-17-06-34-34.ulg,Sep17,p,34,34,0.6879620081737274,0.7374131466551755,0.0,0.0
42,high,9.17数据/log_10_2026-9-17-06-34-34.ulg,Sep17,q,34,34,0.8843636318521109,0.8923048063265459,0.0,0.0
42,high,9.17数据/log_10_2026-9-17-06-34-34.ulg,Sep17,r,34,34,0.6266037727376811,0.7122652137817866,0.019959912499999993,0.14705882352941177
42,high,9.17数据/log_11_2026-9-17-06-40-30.ulg,Sep17,vx,34,34,0.8425035323718728,0.8666059585866347,0.0,0.058823529411764705
42,high,9.17数据/log_11_2026-9-17-06-40-30.ulg,Sep17,vy,34,34,0.8961657843213938,0.9172309090491696,0.0,0.029411764705882353
42,high,9.17数据/log_11_2026-9-17-06-40-30.ulg,Sep17,vz,34,34,0.9309540587426807,0.9384916782948483,0.0,0.0
42,high,9.17数据/log_11_2026-9-17-06-40-30.ulg,Sep17,p,34,34,0.7442738003527342,0.803228449271083,0.009978437499999998,0.0
42,high,9.17数据/log_11_2026-9-17-06-40-30.ulg,Sep17,q,34,34,0.8626821577945362,0.8808180522654778,0.0,0.0
42,high,9.17数据/log_11_2026-9-17-06-40-30.ulg,Sep17,r,34,34,0.7156067846233453,0.8167920951110205,0.039917875000000005,0.17647058823529413
42,high,9.17数据/log_12_2026-9-17-06-46-02.ulg,Sep17,vx,27,27,0.827394637798805,0.8394528574041483,0.0,0.037037037037037035
42,high,9.17数据/log_12_2026-9-17-06-46-02.ulg,Sep17,vy,27,27,0.9072003121915584,0.917302222818663,0.0,0.0
42,high,9.17数据/log_12_2026-9-17-06-46-02.ulg,Sep17,vz,27,27,0.884052345975414,0.9175290013346697,0.0,0.037037037037037035
42,high,9.17数据/log_12_2026-9-17-06-46-02.ulg,Sep17,p,27,27,0.6687539106685878,0.73258675618231,0.01996015,0.037037037037037035
42,high,9.17数据/log_12_2026-9-17-06-46-02.ulg,Sep17,q,27,27,0.8058528564440633,0.8204319857776959,0.0,0.0
42,high,9.17数据/log_12_2026-9-17-06-46-02.ulg,Sep17,r,27,27,0.6554421160155685,0.7738490960676918,0.020205525000000005,0.25925925925925924
42,high,9.17数据/log_13_2026-9-17-06-52-30.ulg,Sep17,vx,58,58,0.8089600811792665,0.8344632758283725,0.0,0.05172413793103448
42,high,9.17数据/log_13_2026-9-17-06-52-30.ulg,Sep17,vy,58,58,0.9080875760145561,0.9330309884559262,0.0,0.05172413793103448
42,high,9.17数据/log_13_2026-9-17-06-52-30.ulg,Sep17,vz,58,58,0.924153889736434,0.9267233431162348,0.0,0.0
42,high,9.17数据/log_13_2026-9-17-06-52-30.ulg,Sep17,p,58,58,0.6515126763137878,0.7408095134883036,0.0,0.05172413793103448
42,high,9.17数据/log_13_2026-9-17-06-52-30.ulg,Sep17,q,58,58,0.8672454221561883,0.8696661736553043,0.0,0.0
42,high,9.17数据/log_13_2026-9-17-06-52-30.ulg,Sep17,r,58,58,0.6151152224415668,0.7339339425637037,0.019959750000000005,0.2413793103448276
42,high,9.17数据/log_6_2026-9-17-06-02-24.ulg,Sep17,vx,35,35,0.9118314356948145,0.9166110165807924,0.0,0.05714285714285714
42,high,9.17数据/log_6_2026-9-17-06-02-24.ulg,Sep17,vy,35,35,0.8566535046058584,0.8755898657929682,0.0,0.05714285714285714
42,high,9.17数据/log_6_2026-9-17-06-02-24.ulg,Sep17,vz,35,35,0.9138726545124237,0.9278319044945647,0.0,0.02857142857142857
42,high,9.17数据/log_6_2026-9-17-06-02-24.ulg,Sep17,p,35,35,0.7227326779483827,0.7482273826423134,0.0,0.0
42,high,9.17数据/log_6_2026-9-17-06-02-24.ulg,Sep17,q,35,35,0.843780739754735,0.851695645763753,0.0,0.0
42,high,9.17数据/log_6_2026-9-17-06-02-24.ulg,Sep17,r,35,35,0.6268748670910295,0.7317234103497543,0.019959025000000002,0.11428571428571428
42,high,9.17数据/log_7_2026-9-17-06-12-16.ulg,Sep17,vx,17,17,0.9608418690348642,0.9664648561463293,0.0,0.058823529411764705
42,high,9.17数据/log_7_2026-9-17-06-12-16.ulg,Sep17,vy,17,17,0.7787194276731232,0.822682120842237,0.0,0.11764705882352941
42,high,9.17数据/log_7_2026-9-17-06-12-16.ulg,Sep17,vz,17,17,0.9365041289388759,0.9375233773342687,0.0,0.0
42,high,9.17数据/log_7_2026-9-17-06-12-16.ulg,Sep17,p,17,17,0.6809011657080775,0.7278081079682192,0.0,0.11764705882352941
42,high,9.17数据/log_7_2026-9-17-06-12-16.ulg,Sep17,q,17,17,0.8794375495828185,0.8845032940698457,0.0,0.0
42,high,9.17数据/log_7_2026-9-17-06-12-16.ulg,Sep17,r,17,17,0.6469815980826339,0.7160046517799293,0.039919,0.11764705882352941
42,high,9.17数据/log_8_2026-9-17-06-17-52.ulg,Sep17,vx,33,33,0.7280956081859468,0.7401866919196266,0.0,0.06060606060606061
42,high,9.17数据/log_8_2026-9-17-06-17-52.ulg,Sep17,vy,33,33,0.8342358903052952,0.8540219570291161,0.0,0.09090909090909091
42,high,9.17数据/log_8_2026-9-17-06-17-52.ulg,Sep17,vz,33,33,0.9527404531258099,0.9545236614667383,0.0,0.030303030303030304
42,high,9.17数据/log_8_2026-9-17-06-17-52.ulg,Sep17,p,33,33,0.7274057025892162,0.7730162634377058,0.0,0.0
42,high,9.17数据/log_8_2026-9-17-06-17-52.ulg,Sep17,q,33,33,0.8616875116420243,0.8765494953863759,0.0,0.0
42,high,9.17数据/log_8_2026-9-17-06-17-52.ulg,Sep17,r,33,33,0.5465519098693981,0.7368489002965508,0.03992280000000001,0.18181818181818182
42,high,9.17数据/log_9_2026-9-17-06-28-10.ulg,Sep17,vx,31,31,0.8515219565271958,0.8729100026730819,0.0,0.12903225806451613
42,high,9.17数据/log_9_2026-9-17-06-28-10.ulg,Sep17,vy,31,31,0.9484868480982636,0.9544695030190725,0.0,0.0967741935483871
42,high,9.17数据/log_9_2026-9-17-06-28-10.ulg,Sep17,vz,31,31,0.8906544668830544,0.9011908655989929,0.0,0.06451612903225806
42,high,9.17数据/log_9_2026-9-17-06-28-10.ulg,Sep17,p,31,31,0.6996793282422117,0.7709292470435445,0.0,0.06451612903225806
42,high,9.17数据/log_9_2026-9-17-06-28-10.ulg,Sep17,q,31,31,0.8385581167475216,0.852088389149639,0.0,0.0
42,high,9.17数据/log_9_2026-9-17-06-28-10.ulg,Sep17,r,31,31,0.7508082848718656,0.807500229644194,0.019959949999999994,0.1935483870967742
42,drive_high,2026.9.7/log_21_2026-9-7-05-54-56.ulg,Sep7,vx,7,7,0.7842835673869436,0.7919598154320778,0.0,0.0
42,drive_high,2026.9.7/log_21_2026-9-7-05-54-56.ulg,Sep7,vy,7,7,0.7722522370176363,0.8612042264992794,-0.019958049999999998,0.14285714285714285
42,drive_high,2026.9.7/log_21_2026-9-7-05-54-56.ulg,Sep7,vz,7,7,0.9256540042794478,0.9284817099627317,0.0,0.0
42,drive_high,2026.9.7/log_21_2026-9-7-05-54-56.ulg,Sep7,p,7,7,0.5788434175114363,0.6977470447800261,0.019959199999999993,0.0
42,drive_high,2026.9.7/log_21_2026-9-7-05-54-56.ulg,Sep7,q,7,7,0.8291771976200423,0.8331281306101382,0.0,0.0
42,drive_high,2026.9.7/log_21_2026-9-7-05-54-56.ulg,Sep7,r,7,7,0.6202654544226142,0.7197471995144331,-0.020203949999999995,0.14285714285714285
42,drive_high,2026.9.7/log_22_2026-9-7-06-01-40.ulg,Sep7,vx,4,4,0.972509951817165,0.9737650973215037,0.0,0.0
42,drive_high,2026.9.7/log_22_2026-9-7-06-01-40.ulg,Sep7,vy,4,4,0.7009449653850984,0.7025397719602453,0.0,0.0
42,drive_high,2026.9.7/log_22_2026-9-7-06-01-40.ulg,Sep7,vz,4,4,0.9674778841782927,0.9697144719424308,0.0,0.0
42,drive_high,2026.9.7/log_22_2026-9-7-06-01-40.ulg,Sep7,p,4,4,0.5185945899044173,0.8280527904936954,0.010101724999999997,0.0
42,drive_high,2026.9.7/log_22_2026-9-7-06-01-40.ulg,Sep7,q,4,4,0.7544546176308382,0.7647898760476468,0.0,0.0
42,drive_high,2026.9.7/log_22_2026-9-7-06-01-40.ulg,Sep7,r,4,4,0.16303115309493166,0.556655116019934,-0.07010240000000001,0.0
42,drive_high,2026.9.7/log_23_2026-9-7-06-09-22.ulg,Sep7,vx,34,34,0.8681007638535494,0.8733585399469938,0.0,0.0
42,drive_high,2026.9.7/log_23_2026-9-7-06-09-22.ulg,Sep7,vy,34,34,0.9348811146303877,0.9413045917786654,0.0,0.029411764705882353
42,drive_high,2026.9.7/log_23_2026-9-7-06-09-22.ulg,Sep7,vz,34,34,0.9637043543801466,0.9637043543801466,0.0,0.0
42,drive_high,2026.9.7/log_23_2026-9-7-06-09-22.ulg,Sep7,p,34,34,0.7457035857308172,0.7967855648650893,0.0,0.0
42,drive_high,2026.9.7/log_23_2026-9-7-06-09-22.ulg,Sep7,q,34,34,0.8696451999729772,0.870649077742531,0.0,0.0
42,drive_high,2026.9.7/log_23_2026-9-7-06-09-22.ulg,Sep7,r,34,34,0.40074062739420524,0.6084014688005395,-0.040287475,0.2647058823529412
42,drive_high,2026.9.7/log_24_2026-9-7-06-16-04.ulg,Sep7,vx,37,37,0.8076993994025655,0.8248816414442498,0.0,0.02702702702702703
42,drive_high,2026.9.7/log_24_2026-9-7-06-16-04.ulg,Sep7,vy,37,37,0.8509124383863095,0.8560357118652763,0.0,0.02702702702702703
42,drive_high,2026.9.7/log_24_2026-9-7-06-16-04.ulg,Sep7,vz,37,37,0.9482992950707467,0.9498030588634421,0.0,0.0
42,drive_high,2026.9.7/log_24_2026-9-7-06-16-04.ulg,Sep7,p,37,37,0.6433808586028267,0.7566572740712442,0.019958925000000002,0.02702702702702703
42,drive_high,2026.9.7/log_24_2026-9-7-06-16-04.ulg,Sep7,q,37,37,0.8750501150009421,0.8758310050429733,0.0,0.0
42,drive_high,2026.9.7/log_24_2026-9-7-06-16-04.ulg,Sep7,r,37,37,0.3988530323040771,0.6067397287386206,-0.039914399999999996,0.32432432432432434
42,drive_high,2026.9.7/log_26_2026-9-7-06-30-26.ulg,Sep7,vx,4,4,0.4765873812781638,0.4804803449975882,0.0,0.0
42,drive_high,2026.9.7/log_26_2026-9-7-06-30-26.ulg,Sep7,vy,4,4,0.4001999386277062,0.5935770814212202,0.00998035,0.25
42,drive_high,2026.9.7/log_26_2026-9-7-06-30-26.ulg,Sep7,vz,4,4,0.9553654139570391,0.9593041843635844,0.0,0.0
42,drive_high,2026.9.7/log_26_2026-9-7-06-30-26.ulg,Sep7,p,4,4,0.7634423304277635,0.863062922657042,0.0199599375,0.0
42,drive_high,2026.9.7/log_26_2026-9-7-06-30-26.ulg,Sep7,q,4,4,0.8130807632527269,0.8270052553938267,0.0,0.0
42,drive_high,2026.9.7/log_26_2026-9-7-06-30-26.ulg,Sep7,r,4,4,0.5931052086308716,0.8224563802074872,-0.050149412500000004,0.0
42,drive_high,2026.9.7/log_28_2026-9-7-06-44-02.ulg,Sep7,vx,32,32,0.8786789503872126,0.8794583801373337,0.0,0.0
42,drive_high,2026.9.7/log_28_2026-9-7-06-44-02.ulg,Sep7,vy,32,32,0.9232048026375944,0.9261779401096426,0.0,0.0
42,drive_high,2026.9.7/log_28_2026-9-7-06-44-02.ulg,Sep7,vz,32,32,0.973076989117287,0.973076989117287,0.0,0.0
42,drive_high,2026.9.7/log_28_2026-9-7-06-44-02.ulg,Sep7,p,32,32,0.7418462660929863,0.8131834578261781,0.019959412500000002,0.0
42,drive_high,2026.9.7/log_28_2026-9-7-06-44-02.ulg,Sep7,q,32,32,0.9118054514575747,0.9134748525659342,0.0,0.0
42,drive_high,2026.9.7/log_28_2026-9-7-06-44-02.ulg,Sep7,r,32,32,0.507977280773091,0.6846408091339438,-0.04004512499999999,0.03125
42,drive_high,2026.9.7/log_29_2026-9-7-06-51-04.ulg,Sep7,vx,21,21,0.8997380705012568,0.9085892060955965,0.0,0.0
42,drive_high,2026.9.7/log_29_2026-9-7-06-51-04.ulg,Sep7,vy,21,21,0.9661328068001799,0.9666329532860521,0.0,0.0
42,drive_high,2026.9.7/log_29_2026-9-7-06-51-04.ulg,Sep7,vz,21,21,0.9675501076057607,0.9676222755010561,0.0,0.0
42,drive_high,2026.9.7/log_29_2026-9-7-06-51-04.ulg,Sep7,p,21,21,0.8786902917797091,0.9015250266923568,0.0,0.0
42,drive_high,2026.9.7/log_29_2026-9-7-06-51-04.ulg,Sep7,q,21,21,0.9051929363437559,0.906021254405473,0.0,0.0
42,drive_high,2026.9.7/log_29_2026-9-7-06-51-04.ulg,Sep7,r,21,21,0.7035644086959193,0.7847145770758639,-0.019958874999999997,0.047619047619047616
42,drive_high,2026.9.7/log_30_2026-9-7-06-58-22.ulg,Sep7,vx,5,5,0.9081408488199123,0.9098860916283694,0.0,0.0
42,drive_high,2026.9.7/log_30_2026-9-7-06-58-22.ulg,Sep7,vy,5,5,0.9635830443505812,0.9642972963816303,0.0,0.0
42,drive_high,2026.9.7/log_30_2026-9-7-06-58-22.ulg,Sep7,vz,5,5,0.9694095144259723,0.9694095144259723,0.0,0.0
42,drive_high,2026.9.7/log_30_2026-9-7-06-58-22.ulg,Sep7,p,5,5,0.8791529506547114,0.8827478488897702,0.0,0.0
42,drive_high,2026.9.7/log_30_2026-9-7-06-58-22.ulg,Sep7,q,5,5,0.8640393423757807,0.8640393423757807,0.0,0.0
42,drive_high,2026.9.7/log_30_2026-9-7-06-58-22.ulg,Sep7,r,5,5,0.41749391360642907,0.5460669672413694,-0.03991779999999999,0.0
42,drive_high,9.17数据/log_10_2026-9-17-06-34-34.ulg,Sep17,vx,52,52,0.9300317570825978,0.9323383566766713,0.0,0.0
42,drive_high,9.17数据/log_10_2026-9-17-06-34-34.ulg,Sep17,vy,52,52,0.8042724314930783,0.842353178171859,0.0,0.11538461538461539
42,drive_high,9.17数据/log_10_2026-9-17-06-34-34.ulg,Sep17,vz,52,52,0.9432898065344512,0.9452804248165125,0.0,0.0
42,drive_high,9.17数据/log_10_2026-9-17-06-34-34.ulg,Sep17,p,52,52,0.7156001044844592,0.7549913709311032,0.0,0.0
42,drive_high,9.17数据/log_10_2026-9-17-06-34-34.ulg,Sep17,q,52,52,0.9004743590524821,0.9071512046003343,0.0,0.0
42,drive_high,9.17数据/log_10_2026-9-17-06-34-34.ulg,Sep17,r,52,52,0.5441754269997688,0.7289549388010303,0.0399181,0.23076923076923078
42,drive_high,9.17数据/log_11_2026-9-17-06-40-30.ulg,Sep17,vx,52,52,0.893859732276343,0.9032983415121844,0.0,0.019230769230769232
42,drive_high,9.17数据/log_11_2026-9-17-06-40-30.ulg,Sep17,vy,52,52,0.8742913609923625,0.8903151156923604,0.0,0.07692307692307693
42,drive_high,9.17数据/log_11_2026-9-17-06-40-30.ulg,Sep17,vz,52,52,0.9451110518986245,0.9487364848441066,0.0,0.0
42,drive_high,9.17数据/log_11_2026-9-17-06-40-30.ulg,Sep17,p,52,52,0.7282427653260718,0.7706864058252404,0.0,0.0
42,drive_high,9.17数据/log_11_2026-9-17-06-40-30.ulg,Sep17,q,52,52,0.8956558515217952,0.9007104578851274,0.0,0.0
42,drive_high,9.17数据/log_11_2026-9-17-06-40-30.ulg,Sep17,r,52,52,0.6867824103158154,0.81615276434658,0.0303131375,0.19230769230769232
42,drive_high,9.17数据/log_12_2026-9-17-06-46-02.ulg,Sep17,vx,44,44,0.8800508868793503,0.885488579506552,0.0,0.0
42,drive_high,9.17数据/log_12_2026-9-17-06-46-02.ulg,Sep17,vy,44,44,0.8114861110583653,0.8195245151908903,0.0,0.045454545454545456
42,drive_high,9.17数据/log_12_2026-9-17-06-46-02.ulg,Sep17,vz,44,44,0.961273349021265,0.9616064814870064,0.0,0.0
42,drive_high,9.17数据/log_12_2026-9-17-06-46-02.ulg,Sep17,p,44,44,0.7000883283232653,0.7626862574102646,0.019957987499999996,0.0
42,drive_high,9.17数据/log_12_2026-9-17-06-46-02.ulg,Sep17,q,44,44,0.9041430174510802,0.9062693916768768,0.0,0.0
42,drive_high,9.17数据/log_12_2026-9-17-06-46-02.ulg,Sep17,r,44,44,0.6854897707464084,0.8049730621136686,0.039920500000000005,0.06818181818181818
42,drive_high,9.17数据/log_13_2026-9-17-06-52-30.ulg,Sep17,vx,59,59,0.8120715751673322,0.834858483127549,0.0,0.05084745762711865
42,drive_high,9.17数据/log_13_2026-9-17-06-52-30.ulg,Sep17,vy,59,59,0.8066666671420553,0.831003618507324,0.0,0.06779661016949153
42,drive_high,9.17数据/log_13_2026-9-17-06-52-30.ulg,Sep17,vz,59,59,0.9430527250275955,0.9448300582487023,0.0,0.0
42,drive_high,9.17数据/log_13_2026-9-17-06-52-30.ulg,Sep17,p,59,59,0.6479059317927276,0.7349627562796603,0.019957749999999993,0.0
42,drive_high,9.17数据/log_13_2026-9-17-06-52-30.ulg,Sep17,q,59,59,0.8643385156666714,0.8672338222595924,0.0,0.0
42,drive_high,9.17数据/log_13_2026-9-17-06-52-30.ulg,Sep17,r,59,59,0.6410730709093589,0.736673489982083,0.019962550000000003,0.11864406779661017
42,drive_high,9.17数据/log_6_2026-9-17-06-02-24.ulg,Sep17,vx,32,32,0.9274018589602405,0.93196068215246,0.0,0.0625
42,drive_high,9.17数据/log_6_2026-9-17-06-02-24.ulg,Sep17,vy,32,32,0.9219657674723678,0.9387548788668909,0.0,0.03125
42,drive_high,9.17数据/log_6_2026-9-17-06-02-24.ulg,Sep17,vz,32,32,0.9029763197650365,0.9178761208322403,0.0,0.03125
42,drive_high,9.17数据/log_6_2026-9-17-06-02-24.ulg,Sep17,p,32,32,0.7804303476829455,0.7993888988618131,0.0,0.0
42,drive_high,9.17数据/log_6_2026-9-17-06-02-24.ulg,Sep17,q,32,32,0.8846310397454253,0.8883783563055011,0.0,0.0
42,drive_high,9.17数据/log_6_2026-9-17-06-02-24.ulg,Sep17,r,32,32,0.5353233578906231,0.6945479189024393,0.039921012500000005,0.09375
42,drive_high,9.17数据/log_7_2026-9-17-06-12-16.ulg,Sep17,vx,58,58,0.8667315541124956,0.8763153366458087,0.0,0.0
42,drive_high,9.17数据/log_7_2026-9-17-06-12-16.ulg,Sep17,vy,58,58,0.8067444241982643,0.83894261555123,0.0,0.10344827586206896
42,drive_high,9.17数据/log_7_2026-9-17-06-12-16.ulg,Sep17,vz,58,58,0.9562897352310266,0.9566097702061837,0.0,0.0
42,drive_high,9.17数据/log_7_2026-9-17-06-12-16.ulg,Sep17,p,58,58,0.8223993990469035,0.8469938093705404,0.0,0.017241379310344827
42,drive_high,9.17数据/log_7_2026-9-17-06-12-16.ulg,Sep17,q,58,58,0.9083226998296354,0.9090843405368659,0.0,0.0
42,drive_high,9.17数据/log_7_2026-9-17-06-12-16.ulg,Sep17,r,58,58,0.6236339103055927,0.7578037935554558,0.040171325,0.10344827586206896
42,drive_high,9.17数据/log_8_2026-9-17-06-17-52.ulg,Sep17,vx,57,57,0.872904986941368,0.8801766280069537,0.0,0.017543859649122806
42,drive_high,9.17数据/log_8_2026-9-17-06-17-52.ulg,Sep17,vy,57,57,0.7843929474567082,0.800537248589102,0.0,0.03508771929824561
42,drive_high,9.17数据/log_8_2026-9-17-06-17-52.ulg,Sep17,vz,57,57,0.9571404235613238,0.9575916163680317,0.0,0.017543859649122806
42,drive_high,9.17数据/log_8_2026-9-17-06-17-52.ulg,Sep17,p,57,57,0.7527778818727792,0.7973275502607067,0.0,0.017543859649122806
42,drive_high,9.17数据/log_8_2026-9-17-06-17-52.ulg,Sep17,q,57,57,0.8888673621785828,0.8962889304707208,0.0,0.0
42,drive_high,9.17数据/log_8_2026-9-17-06-17-52.ulg,Sep17,r,57,57,0.6319026374053499,0.812543626111522,0.03992280000000001,0.17543859649122806
42,drive_high,9.17数据/log_9_2026-9-17-06-28-10.ulg,Sep17,vx,35,35,0.8822400336852446,0.9050122913727678,0.0,0.14285714285714285
42,drive_high,9.17数据/log_9_2026-9-17-06-28-10.ulg,Sep17,vy,35,35,0.9444305117273321,0.9504441054441638,0.0,0.05714285714285714
42,drive_high,9.17数据/log_9_2026-9-17-06-28-10.ulg,Sep17,vz,35,35,0.90491201632956,0.9142745384343118,0.0,0.05714285714285714
42,drive_high,9.17数据/log_9_2026-9-17-06-28-10.ulg,Sep17,p,35,35,0.7390436856553512,0.7823800821848601,0.0,0.02857142857142857
42,drive_high,9.17数据/log_9_2026-9-17-06-28-10.ulg,Sep17,q,35,35,0.8734223635494359,0.8886329090909462,0.0,0.0
42,drive_high,9.17数据/log_9_2026-9-17-06-28-10.ulg,Sep17,r,35,35,0.6303169750032961,0.721507680543244,0.03991644999999999,0.17142857142857143
42,common_high,2026.9.7/log_21_2026-9-7-05-54-56.ulg,Sep7,vx,37,37,0.8628016789329285,0.869774639625181,0.0,0.02702702702702703
42,common_high,2026.9.7/log_21_2026-9-7-05-54-56.ulg,Sep7,vy,37,37,0.8418008553418354,0.8549475667216633,0.0,0.10810810810810811
42,common_high,2026.9.7/log_21_2026-9-7-05-54-56.ulg,Sep7,vz,37,37,0.9382485634698698,0.9404062734983227,0.0,0.0
42,common_high,2026.9.7/log_21_2026-9-7-05-54-56.ulg,Sep7,p,37,37,0.44690631036790285,0.6098465476059722,0.020202499999999995,0.05405405405405406
42,common_high,2026.9.7/log_21_2026-9-7-05-54-56.ulg,Sep7,q,37,37,0.8353135825791748,0.8387548433022819,0.0,0.0
42,common_high,2026.9.7/log_21_2026-9-7-05-54-56.ulg,Sep7,r,37,37,0.5086467268152394,0.6468817391578136,-0.039913675,0.16216216216216217
42,common_high,2026.9.7/log_22_2026-9-7-06-01-40.ulg,Sep7,vx,18,18,0.795503272463173,0.8100010747733923,0.0,0.05555555555555555
42,common_high,2026.9.7/log_22_2026-9-7-06-01-40.ulg,Sep7,vy,18,18,0.9119061432167217,0.9226072093809089,0.0,0.05555555555555555
42,common_high,2026.9.7/log_22_2026-9-7-06-01-40.ulg,Sep7,vz,18,18,0.9418262803687532,0.9423232998718949,0.0,0.0
42,common_high,2026.9.7/log_22_2026-9-7-06-01-40.ulg,Sep7,p,18,18,0.6015856080010693,0.7506505357574201,0.020203449999999998,0.0
42,common_high,2026.9.7/log_22_2026-9-7-06-01-40.ulg,Sep7,q,18,18,0.8009363513834873,0.8009363513834873,0.0,0.0
42,common_high,2026.9.7/log_22_2026-9-7-06-01-40.ulg,Sep7,r,18,18,0.3790255794001725,0.5909992939823345,-0.05999497499999999,0.2777777777777778
42,common_high,2026.9.7/log_23_2026-9-7-06-09-22.ulg,Sep7,vx,23,23,0.729598827486583,0.7365387089528685,0.0,0.08695652173913043
42,common_high,2026.9.7/log_23_2026-9-7-06-09-22.ulg,Sep7,vy,23,23,0.9091867974180371,0.9224919852349884,0.0,0.08695652173913043
42,common_high,2026.9.7/log_23_2026-9-7-06-09-22.ulg,Sep7,vz,23,23,0.889659432188016,0.9240641587687455,0.0,0.043478260869565216
42,common_high,2026.9.7/log_23_2026-9-7-06-09-22.ulg,Sep7,p,23,23,0.6845313582045546,0.776691505977087,0.019957125000000006,0.043478260869565216
42,common_high,2026.9.7/log_23_2026-9-7-06-09-22.ulg,Sep7,q,23,23,0.7707914185984375,0.7815405368983844,0.0,0.0
42,common_high,2026.9.7/log_23_2026-9-7-06-09-22.ulg,Sep7,r,23,23,0.5864782712162337,0.6707954559938615,-0.01995775,0.043478260869565216
42,common_high,2026.9.7/log_24_2026-9-7-06-16-04.ulg,Sep7,vx,27,27,0.8222806734010171,0.8580530002884295,0.0,0.037037037037037035
42,common_high,2026.9.7/log_24_2026-9-7-06-16-04.ulg,Sep7,vy,27,27,0.9558580699670578,0.9615893892785005,0.0,0.037037037037037035
42,common_high,2026.9.7/log_24_2026-9-7-06-16-04.ulg,Sep7,vz,27,27,0.9409918021170008,0.9497570231027871,0.0,0.037037037037037035
42,common_high,2026.9.7/log_24_2026-9-7-06-16-04.ulg,Sep7,p,27,27,0.6158687245885601,0.74105567348396,0.019958574999999996,0.07407407407407407
42,common_high,2026.9.7/log_24_2026-9-7-06-16-04.ulg,Sep7,q,27,27,0.8391237324141579,0.8463549507025244,0.0,0.0
42,common_high,2026.9.7/log_24_2026-9-7-06-16-04.ulg,Sep7,r,27,27,0.4350882581582247,0.5854852020954767,-0.019958424999999995,0.3333333333333333
42,common_high,2026.9.7/log_26_2026-9-7-06-30-26.ulg,Sep7,vx,18,18,0.6075450245566634,0.6191321746649566,0.0,0.05555555555555555
42,common_high,2026.9.7/log_26_2026-9-7-06-30-26.ulg,Sep7,vy,18,18,0.7914097954017694,0.8621194450758979,0.0,0.1111111111111111
42,common_high,2026.9.7/log_26_2026-9-7-06-30-26.ulg,Sep7,vz,18,18,0.874030217354679,0.9169292422633192,0.0,0.05555555555555555
42,common_high,2026.9.7/log_26_2026-9-7-06-30-26.ulg,Sep7,p,18,18,0.7087753648861814,0.8257283738921869,0.019960825,0.0
42,common_high,2026.9.7/log_26_2026-9-7-06-30-26.ulg,Sep7,q,18,18,0.7689184747101072,0.7848414042595634,0.0,0.0
42,common_high,2026.9.7/log_26_2026-9-7-06-30-26.ulg,Sep7,r,18,18,0.5618122062644949,0.6905738952647908,-0.040040975000000006,0.1111111111111111
42,common_high,2026.9.7/log_27_2026-9-7-06-37-24.ulg,Sep7,vx,16,16,0.6519129609555041,0.6791743914051607,0.0,0.0625
42,common_high,2026.9.7/log_27_2026-9-7-06-37-24.ulg,Sep7,vy,16,16,0.8630640239102396,0.8642313558971267,0.0,0.0625
42,common_high,2026.9.7/log_27_2026-9-7-06-37-24.ulg,Sep7,vz,16,16,0.9436248850770141,0.9436248850770141,0.0,0.0
42,common_high,2026.9.7/log_27_2026-9-7-06-37-24.ulg,Sep7,p,16,16,0.7879493655426812,0.8662318523196938,0.0199586125,0.0
42,common_high,2026.9.7/log_27_2026-9-7-06-37-24.ulg,Sep7,q,16,16,0.7628836459052857,0.7793715508438928,0.0,0.0625
42,common_high,2026.9.7/log_27_2026-9-7-06-37-24.ulg,Sep7,r,16,16,0.4123148235154916,0.5688009203104415,-0.039920025,0.0
42,common_high,2026.9.7/log_28_2026-9-7-06-44-02.ulg,Sep7,vx,18,18,0.9075644489088615,0.9148675604209502,0.0,0.05555555555555555
42,common_high,2026.9.7/log_28_2026-9-7-06-44-02.ulg,Sep7,vy,18,18,0.9313601872006951,0.9464011323114327,0.0,0.05555555555555555
42,common_high,2026.9.7/log_28_2026-9-7-06-44-02.ulg,Sep7,vz,18,18,0.9269576719905073,0.9418152345457058,0.0,0.05555555555555555
42,common_high,2026.9.7/log_28_2026-9-7-06-44-02.ulg,Sep7,p,18,18,0.6868068094310552,0.7373466382643494,0.0198355125,0.0
42,common_high,2026.9.7/log_28_2026-9-7-06-44-02.ulg,Sep7,q,18,18,0.8458178175298378,0.8553908743462246,0.0,0.0
42,common_high,2026.9.7/log_28_2026-9-7-06-44-02.ulg,Sep7,r,18,18,0.49434309303197627,0.6214995841984982,-0.0199601625,0.1111111111111111
42,common_high,2026.9.7/log_29_2026-9-7-06-51-04.ulg,Sep7,vx,18,18,0.8543699616813878,0.862967104210485,0.0,0.1111111111111111
42,common_high,2026.9.7/log_29_2026-9-7-06-51-04.ulg,Sep7,vy,18,18,0.9371652348550759,0.941532699272182,0.0,0.0
42,common_high,2026.9.7/log_29_2026-9-7-06-51-04.ulg,Sep7,vz,18,18,0.9177899112273847,0.921698058017324,0.0,0.0
42,common_high,2026.9.7/log_29_2026-9-7-06-51-04.ulg,Sep7,p,18,18,0.7822709140682013,0.8375470581006171,0.0,0.0
42,common_high,2026.9.7/log_29_2026-9-7-06-51-04.ulg,Sep7,q,18,18,0.7256160223260274,0.7619054688008202,0.0,0.0
42,common_high,2026.9.7/log_29_2026-9-7-06-51-04.ulg,Sep7,r,18,18,0.6273145856103567,0.725494254530736,-0.0099795625,0.1111111111111111
42,common_high,2026.9.7/log_30_2026-9-7-06-58-22.ulg,Sep7,vx,16,16,0.8882018082380739,0.8933541720472009,0.0,0.0
42,common_high,2026.9.7/log_30_2026-9-7-06-58-22.ulg,Sep7,vy,16,16,0.8293841580683995,0.8382404767120478,0.0,0.0
42,common_high,2026.9.7/log_30_2026-9-7-06-58-22.ulg,Sep7,vz,16,16,0.9401463242524813,0.9423462622683549,0.0,0.0
42,common_high,2026.9.7/log_30_2026-9-7-06-58-22.ulg,Sep7,p,16,16,0.6330273065615075,0.7299615321469297,0.0,0.0625
42,common_high,2026.9.7/log_30_2026-9-7-06-58-22.ulg,Sep7,q,16,16,0.8261837012330837,0.8285361801502489,0.0,0.0
42,common_high,2026.9.7/log_30_2026-9-7-06-58-22.ulg,Sep7,r,16,16,0.4850655055946602,0.6038613338878732,-0.019959624999999998,0.125
42,common_high,9.17数据/log_10_2026-9-17-06-34-34.ulg,Sep17,vx,26,26,0.861447725151996,0.87047347505102,0.0,0.038461538461538464
42,common_high,9.17数据/log_10_2026-9-17-06-34-34.ulg,Sep17,vy,26,26,0.6816469291401908,0.738037381197709,0.0,0.19230769230769232
42,common_high,9.17数据/log_10_2026-9-17-06-34-34.ulg,Sep17,vz,26,26,0.9463041378476942,0.950352793839936,0.0,0.038461538461538464
42,common_high,9.17数据/log_10_2026-9-17-06-34-34.ulg,Sep17,p,26,26,0.6884012736123329,0.7524260757599968,0.0,0.038461538461538464
42,common_high,9.17数据/log_10_2026-9-17-06-34-34.ulg,Sep17,q,26,26,0.8782360034975567,0.886730598740062,0.0,0.0
42,common_high,9.17数据/log_10_2026-9-17-06-34-34.ulg,Sep17,r,26,26,0.6035222733068696,0.8019910030304268,0.0199608125,0.2692307692307692
42,common_high,9.17数据/log_11_2026-9-17-06-40-30.ulg,Sep17,vx,33,33,0.822250230966406,0.8458793011645448,0.0,0.06060606060606061
42,common_high,9.17数据/log_11_2026-9-17-06-40-30.ulg,Sep17,vy,33,33,0.9161056929271224,0.9202203308787804,0.0,0.0
42,common_high,9.17数据/log_11_2026-9-17-06-40-30.ulg,Sep17,vz,33,33,0.9299046038901336,0.9374626224970175,0.0,0.0
42,common_high,9.17数据/log_11_2026-9-17-06-40-30.ulg,Sep17,p,33,33,0.7004405555215758,0.7538006025233083,0.019958224999999996,0.0
42,common_high,9.17数据/log_11_2026-9-17-06-40-30.ulg,Sep17,q,33,33,0.8491586711811622,0.8654276792626961,0.0,0.0
42,common_high,9.17数据/log_11_2026-9-17-06-40-30.ulg,Sep17,r,33,33,0.7965601279831549,0.8785155424083667,0.019958375000000004,0.24242424242424243
42,common_high,9.17数据/log_12_2026-9-17-06-46-02.ulg,Sep17,vx,30,30,0.931963111452731,0.9335459271280598,0.0,0.03333333333333333
42,common_high,9.17数据/log_12_2026-9-17-06-46-02.ulg,Sep17,vy,30,30,0.8962155031342421,0.9198354041617921,0.0,0.03333333333333333
42,common_high,9.17数据/log_12_2026-9-17-06-46-02.ulg,Sep17,vz,30,30,0.8997478612171673,0.9296877095945446,0.0,0.03333333333333333
42,common_high,9.17数据/log_12_2026-9-17-06-46-02.ulg,Sep17,p,30,30,0.640106771524841,0.7056013702263544,0.019959175,0.03333333333333333
42,common_high,9.17数据/log_12_2026-9-17-06-46-02.ulg,Sep17,q,30,30,0.8479316524483272,0.85714765678196,0.0,0.0
42,common_high,9.17数据/log_12_2026-9-17-06-46-02.ulg,Sep17,r,30,30,0.605390394968756,0.7543334970887695,0.03991865000000001,0.16666666666666666
42,common_high,9.17数据/log_13_2026-9-17-06-52-30.ulg,Sep17,vx,43,43,0.7790793334894759,0.8104914170005896,0.0,0.09302325581395349
42,common_high,9.17数据/log_13_2026-9-17-06-52-30.ulg,Sep17,vy,43,43,0.8901170078177751,0.9076747548685297,0.0,0.046511627906976744
42,common_high,9.17数据/log_13_2026-9-17-06-52-30.ulg,Sep17,vz,43,43,0.9325677350588792,0.9343388787056824,0.0,0.0
42,common_high,9.17数据/log_13_2026-9-17-06-52-30.ulg,Sep17,p,43,43,0.6467133109888415,0.7449703948671107,0.0,0.023255813953488372
42,common_high,9.17数据/log_13_2026-9-17-06-52-30.ulg,Sep17,q,43,43,0.8388248068221518,0.8422981916722004,0.0,0.0
42,common_high,9.17数据/log_13_2026-9-17-06-52-30.ulg,Sep17,r,43,43,0.48713053654071986,0.621463386629582,0.019959775000000003,0.27906976744186046
42,common_high,9.17数据/log_6_2026-9-17-06-02-24.ulg,Sep17,vx,27,27,0.9084517772182892,0.9167725600984667,0.0,0.1111111111111111
42,common_high,9.17数据/log_6_2026-9-17-06-02-24.ulg,Sep17,vy,27,27,0.81424990466116,0.8381528809565716,0.0,0.07407407407407407
42,common_high,9.17数据/log_6_2026-9-17-06-02-24.ulg,Sep17,vz,27,27,0.8932067652169804,0.9133766156313579,0.0,0.037037037037037035
42,common_high,9.17数据/log_6_2026-9-17-06-02-24.ulg,Sep17,p,27,27,0.7971548393858819,0.8219342951097344,0.0,0.0
42,common_high,9.17数据/log_6_2026-9-17-06-02-24.ulg,Sep17,q,27,27,0.8338293794414426,0.8460865665242757,0.0,0.0
42,common_high,9.17数据/log_6_2026-9-17-06-02-24.ulg,Sep17,r,27,27,0.5778553864514381,0.7087773214093981,0.03991855000000002,0.14814814814814814
42,common_high,9.17数据/log_7_2026-9-17-06-12-16.ulg,Sep17,vx,28,28,0.9533330259736207,0.9580647811408225,0.0,0.03571428571428571
42,common_high,9.17数据/log_7_2026-9-17-06-12-16.ulg,Sep17,vy,28,28,0.8739849452904698,0.8999709376278869,0.0,0.10714285714285714
42,common_high,9.17数据/log_7_2026-9-17-06-12-16.ulg,Sep17,vz,28,28,0.9403907886209023,0.9410096180038192,0.0,0.0
42,common_high,9.17数据/log_7_2026-9-17-06-12-16.ulg,Sep17,p,28,28,0.7935170345551793,0.8143477365488688,0.0,0.07142857142857142
42,common_high,9.17数据/log_7_2026-9-17-06-12-16.ulg,Sep17,q,28,28,0.8727318508782076,0.8764632786677529,0.0,0.0
42,common_high,9.17数据/log_7_2026-9-17-06-12-16.ulg,Sep17,r,28,28,0.5899246278419421,0.6999468157699935,0.039918912499999994,0.17857142857142858
42,common_high,9.17数据/log_8_2026-9-17-06-17-52.ulg,Sep17,vx,32,32,0.8467805415758856,0.8563341405463814,0.0,0.0625
42,common_high,9.17数据/log_8_2026-9-17-06-17-52.ulg,Sep17,vy,32,32,0.825891870035271,0.8483779523567465,0.0,0.09375
42,common_high,9.17数据/log_8_2026-9-17-06-17-52.ulg,Sep17,vz,32,32,0.9557970972750038,0.956520646102955,0.0,0.03125
42,common_high,9.17数据/log_8_2026-9-17-06-17-52.ulg,Sep17,p,32,32,0.6839772435193977,0.753707560839765,0.0,0.03125
42,common_high,9.17数据/log_8_2026-9-17-06-17-52.ulg,Sep17,q,32,32,0.879833623335096,0.8915429590941947,0.0,0.0
42,common_high,9.17数据/log_8_2026-9-17-06-17-52.ulg,Sep17,r,32,32,0.5317373923262076,0.7146775483227907,0.03992058749999999,0.3125
42,common_high,9.17数据/log_9_2026-9-17-06-28-10.ulg,Sep17,vx,30,30,0.8986472966858858,0.9218362691098549,0.0,0.13333333333333333
42,common_high,9.17数据/log_9_2026-9-17-06-28-10.ulg,Sep17,vy,30,30,0.924153184678506,0.9294415481218917,0.0,0.13333333333333333
42,common_high,9.17数据/log_9_2026-9-17-06-28-10.ulg,Sep17,vz,30,30,0.8908484541606252,0.8998358740823721,0.0,0.06666666666666667
42,common_high,9.17数据/log_9_2026-9-17-06-28-10.ulg,Sep17,p,30,30,0.6679863679362025,0.748006791584711,0.0,0.06666666666666667
42,common_high,9.17数据/log_9_2026-9-17-06-28-10.ulg,Sep17,q,30,30,0.846044811873922,0.8607869152471533,0.0,0.0
42,common_high,9.17数据/log_9_2026-9-17-06-28-10.ulg,Sep17,r,30,30,0.6867746490579631,0.7527792438838181,0.039917162499999985,0.2
42,differential_high,2026.9.7/log_21_2026-9-7-05-54-56.ulg,Sep7,vx,22,22,0.8325158565961018,0.8400790044584832,0.0,0.0
42,differential_high,2026.9.7/log_21_2026-9-7-05-54-56.ulg,Sep7,vy,22,22,0.86045054616289,0.8785543892762806,0.0099778625,0.13636363636363635
42,differential_high,2026.9.7/log_21_2026-9-7-05-54-56.ulg,Sep7,vz,22,22,0.9492598677331592,0.9497409388053568,0.0,0.0
42,differential_high,2026.9.7/log_21_2026-9-7-05-54-56.ulg,Sep7,p,22,22,0.4174327015232754,0.5808648663091174,0.0399125,0.09090909090909091
42,differential_high,2026.9.7/log_21_2026-9-7-05-54-56.ulg,Sep7,q,22,22,0.8483766006496374,0.8492481667602234,0.0,0.0
42,differential_high,2026.9.7/log_21_2026-9-7-05-54-56.ulg,Sep7,r,22,22,0.567234560656074,0.6363089866307231,-0.0200813875,0.045454545454545456
42,differential_high,2026.9.7/log_22_2026-9-7-06-01-40.ulg,Sep7,vx,46,46,0.8348461395630214,0.8420860547788378,0.0,0.0
42,differential_high,2026.9.7/log_22_2026-9-7-06-01-40.ulg,Sep7,vy,46,46,0.8226434368243543,0.8437978909185953,0.0,0.08695652173913043
42,differential_high,2026.9.7/log_22_2026-9-7-06-01-40.ulg,Sep7,vz,46,46,0.962051074311867,0.962361997786539,0.0,0.0
42,differential_high,2026.9.7/log_22_2026-9-7-06-01-40.ulg,Sep7,p,46,46,0.6018136236989218,0.7291980535680594,0.01995555,0.043478260869565216
42,differential_high,2026.9.7/log_22_2026-9-7-06-01-40.ulg,Sep7,q,46,46,0.8267507651441741,0.8315803151979244,0.0,0.0
42,differential_high,2026.9.7/log_22_2026-9-7-06-01-40.ulg,Sep7,r,46,46,0.5305005957246938,0.708613342659064,-0.04003966249999999,0.17391304347826086
42,differential_high,2026.9.7/log_23_2026-9-7-06-09-22.ulg,Sep7,vx,34,34,0.7107843253469002,0.72019102382873,0.0,0.058823529411764705
42,differential_high,2026.9.7/log_23_2026-9-7-06-09-22.ulg,Sep7,vy,34,34,0.8168907026252343,0.8404249613340231,0.0,0.0
42,differential_high,2026.9.7/log_23_2026-9-7-06-09-22.ulg,Sep7,vz,34,34,0.9520043391394079,0.9544615650893903,0.0,0.0
42,differential_high,2026.9.7/log_23_2026-9-7-06-09-22.ulg,Sep7,p,34,34,0.7052826849325373,0.801253076116331,0.019957137500000003,0.0
42,differential_high,2026.9.7/log_23_2026-9-7-06-09-22.ulg,Sep7,q,34,34,0.8270965417395385,0.834446837716689,0.0,0.0
42,differential_high,2026.9.7/log_23_2026-9-7-06-09-22.ulg,Sep7,r,34,34,0.5982021620223191,0.7047438783593796,-0.0300582,0.23529411764705882
42,differential_high,2026.9.7/log_24_2026-9-7-06-16-04.ulg,Sep7,vx,27,27,0.779309704441491,0.8112546349988811,0.0,0.037037037037037035
42,differential_high,2026.9.7/log_24_2026-9-7-06-16-04.ulg,Sep7,vy,27,27,0.8657732821735374,0.8747155533740046,0.0,0.037037037037037035
42,differential_high,2026.9.7/log_24_2026-9-7-06-16-04.ulg,Sep7,vz,27,27,0.9524970397891779,0.9534750425680871,0.0,0.0
42,differential_high,2026.9.7/log_24_2026-9-7-06-16-04.ulg,Sep7,p,27,27,0.711513489620778,0.8001568556406072,0.019955950000000004,0.0
42,differential_high,2026.9.7/log_24_2026-9-7-06-16-04.ulg,Sep7,q,27,27,0.8358154155095243,0.8445519017506681,0.0,0.0
42,differential_high,2026.9.7/log_24_2026-9-7-06-16-04.ulg,Sep7,r,27,27,0.34152328324764314,0.5360817264456682,-0.039911175,0.3333333333333333
42,differential_high,2026.9.7/log_26_2026-9-7-06-30-26.ulg,Sep7,vx,25,25,0.7007615683205699,0.7121455599335913,0.0,0.04
42,differential_high,2026.9.7/log_26_2026-9-7-06-30-26.ulg,Sep7,vy,25,25,0.9092713433958055,0.9411993882990717,0.0,0.04
42,differential_high,2026.9.7/log_26_2026-9-7-06-30-26.ulg,Sep7,vz,25,25,0.9175162560406714,0.9492330682482168,0.0,0.04
42,differential_high,2026.9.7/log_26_2026-9-7-06-30-26.ulg,Sep7,p,25,25,0.730260812640709,0.8193691791105997,0.019961075000000005,0.0
42,differential_high,2026.9.7/log_26_2026-9-7-06-30-26.ulg,Sep7,q,25,25,0.8152853669026032,0.8299476435795893,0.0,0.0
42,differential_high,2026.9.7/log_26_2026-9-7-06-30-26.ulg,Sep7,r,25,25,0.44228472155780046,0.6174806803252048,-0.039912825,0.16
42,differential_high,2026.9.7/log_27_2026-9-7-06-37-24.ulg,Sep7,vx,25,25,0.8014847176780725,0.8182611906670704,0.0,0.04
42,differential_high,2026.9.7/log_27_2026-9-7-06-37-24.ulg,Sep7,vy,25,25,0.8861830961635614,0.8941222290075506,0.0,0.0
42,differential_high,2026.9.7/log_27_2026-9-7-06-37-24.ulg,Sep7,vz,25,25,0.9804015017690643,0.9806125043154291,0.0,0.0
42,differential_high,2026.9.7/log_27_2026-9-7-06-37-24.ulg,Sep7,p,25,25,0.7349801332554965,0.8237209859571102,0.019958975,0.0
42,differential_high,2026.9.7/log_27_2026-9-7-06-37-24.ulg,Sep7,q,25,25,0.8216624513476251,0.8244433809036751,0.0,0.0
42,differential_high,2026.9.7/log_27_2026-9-7-06-37-24.ulg,Sep7,r,25,25,0.5200674106090922,0.6137101450890401,-0.01995925,0.12
42,differential_high,2026.9.7/log_28_2026-9-7-06-44-02.ulg,Sep7,vx,22,22,0.8230161202597828,0.8349404515170081,0.0,0.045454545454545456
42,differential_high,2026.9.7/log_28_2026-9-7-06-44-02.ulg,Sep7,vy,22,22,0.9269036795159846,0.9312950826940636,0.0,0.045454545454545456
42,differential_high,2026.9.7/log_28_2026-9-7-06-44-02.ulg,Sep7,vz,22,22,0.9347392527903966,0.9477640160518245,0.0,0.045454545454545456
42,differential_high,2026.9.7/log_28_2026-9-7-06-44-02.ulg,Sep7,p,22,22,0.6753773810096496,0.7328371546837985,0.009979325,0.0
42,differential_high,2026.9.7/log_28_2026-9-7-06-44-02.ulg,Sep7,q,22,22,0.7816596274063731,0.7877119580540852,0.0,0.0
42,differential_high,2026.9.7/log_28_2026-9-7-06-44-02.ulg,Sep7,r,22,22,0.43005975854233525,0.5321547254844259,0.0,0.13636363636363635
42,differential_high,2026.9.7/log_29_2026-9-7-06-51-04.ulg,Sep7,vx,32,32,0.8805773068626126,0.8894382065149168,0.0,0.03125
42,differential_high,2026.9.7/log_29_2026-9-7-06-51-04.ulg,Sep7,vy,32,32,0.9498295336017235,0.9570704494451652,0.0,0.03125
42,differential_high,2026.9.7/log_29_2026-9-7-06-51-04.ulg,Sep7,vz,32,32,0.9416679687069722,0.944172239008109,0.0,0.0
42,differential_high,2026.9.7/log_29_2026-9-7-06-51-04.ulg,Sep7,p,32,32,0.7864283202100266,0.8291456990149713,0.0,0.0
42,differential_high,2026.9.7/log_29_2026-9-7-06-51-04.ulg,Sep7,q,32,32,0.7502196730027453,0.7705374518443704,0.0,0.0
42,differential_high,2026.9.7/log_29_2026-9-7-06-51-04.ulg,Sep7,r,32,32,0.685135214485405,0.7580157438582531,0.0,0.09375
42,differential_high,2026.9.7/log_30_2026-9-7-06-58-22.ulg,Sep7,vx,11,11,0.6918325826921875,0.6983288486059712,0.0,0.0
42,differential_high,2026.9.7/log_30_2026-9-7-06-58-22.ulg,Sep7,vy,11,11,0.9884582835202856,0.989242862271077,0.0,0.0
42,differential_high,2026.9.7/log_30_2026-9-7-06-58-22.ulg,Sep7,vz,11,11,0.9469058516017913,0.9557205775519617,0.0,0.0
42,differential_high,2026.9.7/log_30_2026-9-7-06-58-22.ulg,Sep7,p,11,11,0.6568618463678605,0.7285901418684673,0.0,0.09090909090909091
42,differential_high,2026.9.7/log_30_2026-9-7-06-58-22.ulg,Sep7,q,11,11,0.8451919476698909,0.8595304667001339,0.0,0.0
42,differential_high,2026.9.7/log_30_2026-9-7-06-58-22.ulg,Sep7,r,11,11,0.41856967078740764,0.4953395965827948,-0.019958725,0.18181818181818182
42,differential_high,9.17数据/log_10_2026-9-17-06-34-34.ulg,Sep17,vx,31,31,0.7648558922185399,0.7892506546365153,0.0,0.0967741935483871
42,differential_high,9.17数据/log_10_2026-9-17-06-34-34.ulg,Sep17,vy,31,31,0.7809378166087836,0.8214156757649996,0.0,0.0967741935483871
42,differential_high,9.17数据/log_10_2026-9-17-06-34-34.ulg,Sep17,vz,31,31,0.9388256545466291,0.9421972294570916,0.0,0.03225806451612903
42,differential_high,9.17数据/log_10_2026-9-17-06-34-34.ulg,Sep17,p,31,31,0.6729565293262574,0.7264486655967015,0.0,0.0
42,differential_high,9.17数据/log_10_2026-9-17-06-34-34.ulg,Sep17,q,31,31,0.8875095590003274,0.896219234230353,0.0,0.0
42,differential_high,9.17数据/log_10_2026-9-17-06-34-34.ulg,Sep17,r,31,31,0.5933018790649929,0.6842419012698213,0.019959724999999994,0.12903225806451613
42,differential_high,9.17数据/log_11_2026-9-17-06-40-30.ulg,Sep17,vx,36,36,0.8238133251541461,0.8516179172360053,0.0,0.05555555555555555
42,differential_high,9.17数据/log_11_2026-9-17-06-40-30.ulg,Sep17,vy,36,36,0.8936573213147663,0.9141642048074127,0.0,0.027777777777777776
42,differential_high,9.17数据/log_11_2026-9-17-06-40-30.ulg,Sep17,vz,36,36,0.9253034094174909,0.9332889590440815,0.0,0.0
42,differential_high,9.17数据/log_11_2026-9-17-06-40-30.ulg,Sep17,p,36,36,0.719162657673287,0.7871152031117542,0.0199585375,0.0
42,differential_high,9.17数据/log_11_2026-9-17-06-40-30.ulg,Sep17,q,36,36,0.8570446632137894,0.8741730079919009,0.0,0.0
42,differential_high,9.17数据/log_11_2026-9-17-06-40-30.ulg,Sep17,r,36,36,0.6662795164965664,0.7778095830251044,0.03991931250000001,0.19444444444444445
42,differential_high,9.17数据/log_12_2026-9-17-06-46-02.ulg,Sep17,vx,28,28,0.8086859908452583,0.8224910464157403,0.0,0.07142857142857142
42,differential_high,9.17数据/log_12_2026-9-17-06-46-02.ulg,Sep17,vy,28,28,0.9366215779469325,0.9484047613206739,0.0,0.03571428571428571
42,differential_high,9.17数据/log_12_2026-9-17-06-46-02.ulg,Sep17,vz,28,28,0.8790027627080261,0.9065578007194982,0.0,0.03571428571428571
42,differential_high,9.17数据/log_12_2026-9-17-06-46-02.ulg,Sep17,p,28,28,0.6789295957844248,0.7365156101424493,0.019960112500000002,0.03571428571428571
42,differential_high,9.17数据/log_12_2026-9-17-06-46-02.ulg,Sep17,q,28,28,0.8298401665601779,0.8367572634578074,0.0,0.0
42,differential_high,9.17数据/log_12_2026-9-17-06-46-02.ulg,Sep17,r,28,28,0.6591728143223914,0.7532479363059637,0.019959887499999995,0.17857142857142858
42,differential_high,9.17数据/log_13_2026-9-17-06-52-30.ulg,Sep17,vx,58,58,0.8175273213233913,0.8427148675199054,0.0,0.05172413793103448
42,differential_high,9.17数据/log_13_2026-9-17-06-52-30.ulg,Sep17,vy,58,58,0.9082295670805579,0.9331103651919612,0.0,0.05172413793103448
42,differential_high,9.17数据/log_13_2026-9-17-06-52-30.ulg,Sep17,vz,58,58,0.92905491977552,0.9316243731553209,0.0,0.0
42,differential_high,9.17数据/log_13_2026-9-17-06-52-30.ulg,Sep17,p,58,58,0.6327179533709447,0.7301865825687058,0.0,0.05172413793103448
42,differential_high,9.17数据/log_13_2026-9-17-06-52-30.ulg,Sep17,q,58,58,0.8742107585246456,0.8766315100237615,0.0,0.0
42,differential_high,9.17数据/log_13_2026-9-17-06-52-30.ulg,Sep17,r,58,58,0.6022529809753374,0.7243992568522087,0.01996175,0.2413793103448276
42,differential_high,9.17数据/log_6_2026-9-17-06-02-24.ulg,Sep17,vx,30,30,0.9229487375784496,0.9281021693048447,0.0,0.1
42,differential_high,9.17数据/log_6_2026-9-17-06-02-24.ulg,Sep17,vy,30,30,0.8611589360784396,0.8784016597044141,0.0,0.03333333333333333
42,differential_high,9.17数据/log_6_2026-9-17-06-02-24.ulg,Sep17,vz,30,30,0.9091062603040204,0.9253920519498515,0.0,0.03333333333333333
42,differential_high,9.17数据/log_6_2026-9-17-06-02-24.ulg,Sep17,p,30,30,0.7092323697450823,0.741133603879733,0.0,0.0
42,differential_high,9.17数据/log_6_2026-9-17-06-02-24.ulg,Sep17,q,30,30,0.848143102466875,0.8554291312245985,0.0,0.0
42,differential_high,9.17数据/log_6_2026-9-17-06-02-24.ulg,Sep17,r,30,30,0.6631530515731374,0.7632718123672558,0.0199595625,0.1
42,differential_high,9.17数据/log_7_2026-9-17-06-12-16.ulg,Sep17,vx,17,17,0.9398633993037253,0.9443444825607332,0.0,0.058823529411764705
42,differential_high,9.17数据/log_7_2026-9-17-06-12-16.ulg,Sep17,vy,17,17,0.7975710774994418,0.8299565430166682,0.0,0.17647058823529413
42,differential_high,9.17数据/log_7_2026-9-17-06-12-16.ulg,Sep17,vz,17,17,0.9353304129891654,0.9357243504674375,0.0,0.0
42,differential_high,9.17数据/log_7_2026-9-17-06-12-16.ulg,Sep17,p,17,17,0.7516533836368077,0.7886496955420269,0.0,0.058823529411764705
42,differential_high,9.17数据/log_7_2026-9-17-06-12-16.ulg,Sep17,q,17,17,0.8534474424115075,0.8575714348991784,0.0,0.0
42,differential_high,9.17数据/log_7_2026-9-17-06-12-16.ulg,Sep17,r,17,17,0.6493024744825794,0.7315652589942976,0.039918825000000005,0.058823529411764705
42,differential_high,9.17数据/log_8_2026-9-17-06-17-52.ulg,Sep17,vx,29,29,0.6558557766549863,0.6675409931260471,0.0,0.06896551724137931
42,differential_high,9.17数据/log_8_2026-9-17-06-17-52.ulg,Sep17,vy,29,29,0.8166803418458966,0.83884588917236,0.0,0.10344827586206896
42,differential_high,9.17数据/log_8_2026-9-17-06-17-52.ulg,Sep17,vz,29,29,0.9452093434232253,0.9472385115353164,0.0,0.034482758620689655
42,differential_high,9.17数据/log_8_2026-9-17-06-17-52.ulg,Sep17,p,29,29,0.7333367022602848,0.7853069713069117,0.0,0.0
42,differential_high,9.17数据/log_8_2026-9-17-06-17-52.ulg,Sep17,q,29,29,0.863923400158442,0.8808353126951181,0.0,0.0
42,differential_high,9.17数据/log_8_2026-9-17-06-17-52.ulg,Sep17,r,29,29,0.5692459263877976,0.7333115260250627,0.03991815,0.20689655172413793
42,differential_high,9.17数据/log_9_2026-9-17-06-28-10.ulg,Sep17,vx,28,28,0.839678877207997,0.8614612799393592,0.0,0.10714285714285714
42,differential_high,9.17数据/log_9_2026-9-17-06-28-10.ulg,Sep17,vy,28,28,0.9400266093727626,0.946200687978041,0.0,0.07142857142857142
42,differential_high,9.17数据/log_9_2026-9-17-06-28-10.ulg,Sep17,vz,28,28,0.9051507970302577,0.9119775523444308,0.0,0.03571428571428571
42,differential_high,9.17数据/log_9_2026-9-17-06-28-10.ulg,Sep17,p,28,28,0.738663841720016,0.7890846338441297,0.0,0.03571428571428571
42,differential_high,9.17数据/log_9_2026-9-17-06-28-10.ulg,Sep17,q,28,28,0.8317854909121994,0.8416278377880858,0.0,0.0
42,differential_high,9.17数据/log_9_2026-9-17-06-28-10.ulg,Sep17,r,28,28,0.7455297746259489,0.805557077842103,0.009856912499999999,0.21428571428571427
42,rudder_high,2026.9.7/log_21_2026-9-7-05-54-56.ulg,Sep7,vx,24,24,0.8529898555174299,0.8596604613284312,0.0,0.041666666666666664
42,rudder_high,2026.9.7/log_21_2026-9-7-05-54-56.ulg,Sep7,vy,24,24,0.9244093563322222,0.9417092830767541,0.0,0.125
42,rudder_high,2026.9.7/log_21_2026-9-7-05-54-56.ulg,Sep7,vz,24,24,0.9206222746267807,0.922756590290823,0.0,0.0
42,rudder_high,2026.9.7/log_21_2026-9-7-05-54-56.ulg,Sep7,p,24,24,0.5946140604041928,0.7000901608956603,0.0199577125,0.0
42,rudder_high,2026.9.7/log_21_2026-9-7-05-54-56.ulg,Sep7,q,24,24,0.8201075906320626,0.8219401415286368,0.0,0.0
42,rudder_high,2026.9.7/log_21_2026-9-7-05-54-56.ulg,Sep7,r,24,24,0.6747746985568751,0.7834281875477332,-0.02993432499999999,0.08333333333333333
42,rudder_high,2026.9.7/log_22_2026-9-7-06-01-40.ulg,Sep7,vx,23,23,0.9015224874354648,0.9065371555167117,0.0,0.043478260869565216
42,rudder_high,2026.9.7/log_22_2026-9-7-06-01-40.ulg,Sep7,vy,23,23,0.9291883705863286,0.9383412253297176,0.0,0.0
42,rudder_high,2026.9.7/log_22_2026-9-7-06-01-40.ulg,Sep7,vz,23,23,0.9547089105252524,0.9550978823103198,0.0,0.0
42,rudder_high,2026.9.7/log_22_2026-9-7-06-01-40.ulg,Sep7,p,23,23,0.7052944307849682,0.7562390543630534,0.0,0.043478260869565216
42,rudder_high,2026.9.7/log_22_2026-9-7-06-01-40.ulg,Sep7,q,23,23,0.8144048282937528,0.8164887752570765,0.0,0.0
42,rudder_high,2026.9.7/log_22_2026-9-7-06-01-40.ulg,Sep7,r,23,23,0.5508963720043748,0.6821320447966426,-0.039913374999999994,0.13043478260869565
42,rudder_high,2026.9.7/log_23_2026-9-7-06-09-22.ulg,Sep7,vx,28,28,0.8765509398464532,0.8835710308968682,0.0,0.07142857142857142
42,rudder_high,2026.9.7/log_23_2026-9-7-06-09-22.ulg,Sep7,vy,28,28,0.8943709224297709,0.9053938024972414,0.0,0.07142857142857142
42,rudder_high,2026.9.7/log_23_2026-9-7-06-09-22.ulg,Sep7,vz,28,28,0.9046760903594974,0.9325718921773704,0.0,0.03571428571428571
42,rudder_high,2026.9.7/log_23_2026-9-7-06-09-22.ulg,Sep7,p,28,28,0.7744359155158362,0.8323204451595644,0.019955962499999997,0.0
42,rudder_high,2026.9.7/log_23_2026-9-7-06-09-22.ulg,Sep7,q,28,28,0.7996185779706536,0.8036114798050409,0.0,0.0
42,rudder_high,2026.9.7/log_23_2026-9-7-06-09-22.ulg,Sep7,r,28,28,0.5833601160762719,0.6918591981964795,-0.0300598875,0.10714285714285714
42,rudder_high,2026.9.7/log_24_2026-9-7-06-16-04.ulg,Sep7,vx,20,20,0.8683902282375604,0.8984418869097462,0.0,0.05
42,rudder_high,2026.9.7/log_24_2026-9-7-06-16-04.ulg,Sep7,vy,20,20,0.9649351744099652,0.9665036760190665,0.0,0.0
42,rudder_high,2026.9.7/log_24_2026-9-7-06-16-04.ulg,Sep7,vz,20,20,0.9368841703022376,0.9487172186330486,0.0,0.05
42,rudder_high,2026.9.7/log_24_2026-9-7-06-16-04.ulg,Sep7,p,20,20,0.6415465631676323,0.7949008003963975,0.019958575,0.05
42,rudder_high,2026.9.7/log_24_2026-9-7-06-16-04.ulg,Sep7,q,20,20,0.8194651063391476,0.8286365748047626,0.0,0.0
42,rudder_high,2026.9.7/log_24_2026-9-7-06-16-04.ulg,Sep7,r,20,20,0.4294854278835176,0.5752203756716854,-0.039914425,0.4
42,rudder_high,2026.9.7/log_26_2026-9-7-06-30-26.ulg,Sep7,vx,15,15,0.7290985295725662,0.7348255497434588,0.0,0.06666666666666667
42,rudder_high,2026.9.7/log_26_2026-9-7-06-30-26.ulg,Sep7,vy,15,15,0.8841706996572617,0.9354545950446504,0.0,0.06666666666666667
42,rudder_high,2026.9.7/log_26_2026-9-7-06-30-26.ulg,Sep7,vz,15,15,0.8831879047251182,0.9346667346154864,0.0,0.06666666666666667
42,rudder_high,2026.9.7/log_26_2026-9-7-06-30-26.ulg,Sep7,p,15,15,0.7800895545640063,0.842142031272424,0.01995985,0.0
42,rudder_high,2026.9.7/log_26_2026-9-7-06-30-26.ulg,Sep7,q,15,15,0.8012751741028337,0.8203826895621812,0.0,0.0
42,rudder_high,2026.9.7/log_26_2026-9-7-06-30-26.ulg,Sep7,r,15,15,0.6184660930164038,0.7108496317265565,-0.020205225,0.06666666666666667
42,rudder_high,2026.9.7/log_27_2026-9-7-06-37-24.ulg,Sep7,vx,18,18,0.9586565916615784,0.9640963505861043,0.0,0.0
42,rudder_high,2026.9.7/log_27_2026-9-7-06-37-24.ulg,Sep7,vy,18,18,0.9883872653444266,0.9885041695774556,0.0,0.0
42,rudder_high,2026.9.7/log_27_2026-9-7-06-37-24.ulg,Sep7,vz,18,18,0.981454038231917,0.981454038231917,0.0,0.0
42,rudder_high,2026.9.7/log_27_2026-9-7-06-37-24.ulg,Sep7,p,18,18,0.8179664094035446,0.885788000938525,0.0,0.0
42,rudder_high,2026.9.7/log_27_2026-9-7-06-37-24.ulg,Sep7,q,18,18,0.7175797278531851,0.7185624670501073,0.0,0.0
42,rudder_high,2026.9.7/log_27_2026-9-7-06-37-24.ulg,Sep7,r,18,18,0.5628701808032741,0.7026022030587297,-0.0399157125,0.1111111111111111
42,rudder_high,2026.9.7/log_28_2026-9-7-06-44-02.ulg,Sep7,vx,23,23,0.8609744061881898,0.8704182413791134,0.0,0.043478260869565216
42,rudder_high,2026.9.7/log_28_2026-9-7-06-44-02.ulg,Sep7,vy,23,23,0.9010410143152612,0.9018369707062152,0.0,0.0
42,rudder_high,2026.9.7/log_28_2026-9-7-06-44-02.ulg,Sep7,vz,23,23,0.9314529183033808,0.9437096934511225,0.0,0.043478260869565216
42,rudder_high,2026.9.7/log_28_2026-9-7-06-44-02.ulg,Sep7,p,23,23,0.716999477721681,0.7819455649406212,0.01995865,0.0
42,rudder_high,2026.9.7/log_28_2026-9-7-06-44-02.ulg,Sep7,q,23,23,0.7851244556032257,0.7937155175025844,0.0,0.0
42,rudder_high,2026.9.7/log_28_2026-9-7-06-44-02.ulg,Sep7,r,23,23,0.5110923153255006,0.6221022566230101,-0.019957400000000004,0.17391304347826086
42,rudder_high,2026.9.7/log_29_2026-9-7-06-51-04.ulg,Sep7,vx,26,26,0.950401421086348,0.9581984495902985,0.0,0.038461538461538464
42,rudder_high,2026.9.7/log_29_2026-9-7-06-51-04.ulg,Sep7,vy,26,26,0.9430152452070752,0.9444894352616997,0.0,0.0
42,rudder_high,2026.9.7/log_29_2026-9-7-06-51-04.ulg,Sep7,vz,26,26,0.9332833381785607,0.936365517010729,0.0,0.0
42,rudder_high,2026.9.7/log_29_2026-9-7-06-51-04.ulg,Sep7,p,26,26,0.7751283967744438,0.8219050567467947,0.0,0.0
42,rudder_high,2026.9.7/log_29_2026-9-7-06-51-04.ulg,Sep7,q,26,26,0.7758043782239579,0.7987947214869601,0.0,0.0
42,rudder_high,2026.9.7/log_29_2026-9-7-06-51-04.ulg,Sep7,r,26,26,0.6659106653705392,0.75445133245519,0.0,0.07692307692307693
42,rudder_high,2026.9.7/log_30_2026-9-7-06-58-22.ulg,Sep7,vx,21,21,0.8899833116153992,0.8949004235695666,0.0,0.0
42,rudder_high,2026.9.7/log_30_2026-9-7-06-58-22.ulg,Sep7,vy,21,21,0.8120716682007234,0.8147377857570716,0.0,0.0
42,rudder_high,2026.9.7/log_30_2026-9-7-06-58-22.ulg,Sep7,vz,21,21,0.9440685734206846,0.945380135224414,0.0,0.0
42,rudder_high,2026.9.7/log_30_2026-9-7-06-58-22.ulg,Sep7,p,21,21,0.6495856033054486,0.7040433950388751,0.0,0.047619047619047616
42,rudder_high,2026.9.7/log_30_2026-9-7-06-58-22.ulg,Sep7,q,21,21,0.81598719626158,0.8227222130968425,0.0,0.0
42,rudder_high,2026.9.7/log_30_2026-9-7-06-58-22.ulg,Sep7,r,21,21,0.5017965735747447,0.6073901327107968,-0.0199585,0.19047619047619047
42,rudder_high,9.17数据/log_10_2026-9-17-06-34-34.ulg,Sep17,vx,37,37,0.9031928498815731,0.90874047890446,0.0,0.02702702702702703
42,rudder_high,9.17数据/log_10_2026-9-17-06-34-34.ulg,Sep17,vy,37,37,0.7889603774182147,0.8508481065505324,0.0,0.13513513513513514
42,rudder_high,9.17数据/log_10_2026-9-17-06-34-34.ulg,Sep17,vz,37,37,0.9274683629176479,0.9298964052152162,0.0,0.02702702702702703
42,rudder_high,9.17数据/log_10_2026-9-17-06-34-34.ulg,Sep17,p,37,37,0.7284252772120912,0.7710259408188564,0.0,0.0
42,rudder_high,9.17数据/log_10_2026-9-17-06-34-34.ulg,Sep17,q,37,37,0.8867070152768913,0.8912783960706373,0.0,0.0
42,rudder_high,9.17数据/log_10_2026-9-17-06-34-34.ulg,Sep17,r,37,37,0.7205609690420332,0.7906108290985423,0.01996009999999999,0.10810810810810811
42,rudder_high,9.17数据/log_11_2026-9-17-06-40-30.ulg,Sep17,vx,26,26,0.8130804475414413,0.83982209009803,0.0,0.07692307692307693
42,rudder_high,9.17数据/log_11_2026-9-17-06-40-30.ulg,Sep17,vy,26,26,0.9699430351222394,0.9727518261973269,0.0,0.0
42,rudder_high,9.17数据/log_11_2026-9-17-06-40-30.ulg,Sep17,vz,26,26,0.9465750954629524,0.9490003929416309,0.0,0.0
42,rudder_high,9.17数据/log_11_2026-9-17-06-40-30.ulg,Sep17,p,26,26,0.7464393147750668,0.7848701793943781,0.009978437499999998,0.0
42,rudder_high,9.17数据/log_11_2026-9-17-06-40-30.ulg,Sep17,q,26,26,0.8675119349113077,0.8824856758837551,0.0,0.0
42,rudder_high,9.17数据/log_11_2026-9-17-06-40-30.ulg,Sep17,r,26,26,0.7860199212477382,0.8973849197805517,0.019958500000000004,0.11538461538461539
42,rudder_high,9.17数据/log_12_2026-9-17-06-46-02.ulg,Sep17,vx,22,22,0.9162839801309772,0.9206238202374739,0.0,0.045454545454545456
42,rudder_high,9.17数据/log_12_2026-9-17-06-46-02.ulg,Sep17,vy,22,22,0.9228771635706271,0.9300127933613379,0.0,0.0
42,rudder_high,9.17数据/log_12_2026-9-17-06-46-02.ulg,Sep17,vz,22,22,0.8691067632165318,0.9086060605069008,0.0,0.045454545454545456
42,rudder_high,9.17数据/log_12_2026-9-17-06-46-02.ulg,Sep17,p,22,22,0.6077054139652315,0.6839647136524395,0.019960525,0.045454545454545456
42,rudder_high,9.17数据/log_12_2026-9-17-06-46-02.ulg,Sep17,q,22,22,0.805366378392334,0.8212938321375102,0.0,0.0
42,rudder_high,9.17数据/log_12_2026-9-17-06-46-02.ulg,Sep17,r,22,22,0.5618839478662571,0.7370657096454074,0.059878662500000006,0.3181818181818182
42,rudder_high,9.17数据/log_13_2026-9-17-06-52-30.ulg,Sep17,vx,56,56,0.833547746839626,0.8596076528888982,0.0,0.05357142857142857
42,rudder_high,9.17数据/log_13_2026-9-17-06-52-30.ulg,Sep17,vy,56,56,0.8741362116688364,0.9030485742934092,0.0,0.08928571428571429
42,rudder_high,9.17数据/log_13_2026-9-17-06-52-30.ulg,Sep17,vz,56,56,0.9229138191125159,0.9240826312204955,0.0,0.0
42,rudder_high,9.17数据/log_13_2026-9-17-06-52-30.ulg,Sep17,p,56,56,0.6024227288661778,0.6983847003900214,0.0,0.0
42,rudder_high,9.17数据/log_13_2026-9-17-06-52-30.ulg,Sep17,q,56,56,0.8513089880005472,0.8536715218244924,0.0,0.0
42,rudder_high,9.17数据/log_13_2026-9-17-06-52-30.ulg,Sep17,r,56,56,0.6220101841208956,0.7441163942157522,0.019960775,0.19642857142857142
42,rudder_high,9.17数据/log_6_2026-9-17-06-02-24.ulg,Sep17,vx,26,26,0.893278148412288,0.9021715564459031,0.0,0.11538461538461539
42,rudder_high,9.17数据/log_6_2026-9-17-06-02-24.ulg,Sep17,vy,26,26,0.8858666198521841,0.8887052497737948,0.0,0.0
42,rudder_high,9.17数据/log_6_2026-9-17-06-02-24.ulg,Sep17,vz,26,26,0.895667335639875,0.913606194649048,0.0,0.038461538461538464
42,rudder_high,9.17数据/log_6_2026-9-17-06-02-24.ulg,Sep17,p,26,26,0.7366983655541366,0.7551081930590536,0.0,0.0
42,rudder_high,9.17数据/log_6_2026-9-17-06-02-24.ulg,Sep17,q,26,26,0.8347224488366192,0.8407761934719477,0.0,0.0
42,rudder_high,9.17数据/log_6_2026-9-17-06-02-24.ulg,Sep17,r,26,26,0.6659750165840415,0.7704544333808732,0.0199595125,0.11538461538461539
42,rudder_high,9.17数据/log_7_2026-9-17-06-12-16.ulg,Sep17,vx,23,23,0.9221551338910823,0.9347131688797444,0.0,0.043478260869565216
42,rudder_high,9.17数据/log_7_2026-9-17-06-12-16.ulg,Sep17,vy,23,23,0.8632933929701282,0.8858928591687684,0.0,0.08695652173913043
42,rudder_high,9.17数据/log_7_2026-9-17-06-12-16.ulg,Sep17,vz,23,23,0.941231464769168,0.9415250730599153,0.0,0.0
42,rudder_high,9.17数据/log_7_2026-9-17-06-12-16.ulg,Sep17,p,23,23,0.7813448369808079,0.8096354716278368,0.0,0.043478260869565216
42,rudder_high,9.17数据/log_7_2026-9-17-06-12-16.ulg,Sep17,q,23,23,0.8439919992363807,0.8477362451615751,0.0,0.0
42,rudder_high,9.17数据/log_7_2026-9-17-06-12-16.ulg,Sep17,r,23,23,0.6811340901988503,0.7337348535862048,0.019961049999999998,0.08695652173913043
42,rudder_high,9.17数据/log_8_2026-9-17-06-17-52.ulg,Sep17,vx,32,32,0.776783790915021,0.7910303945496231,0.0,0.09375
42,rudder_high,9.17数据/log_8_2026-9-17-06-17-52.ulg,Sep17,vy,32,32,0.9317817442803987,0.9398826166939285,0.0,0.0625
42,rudder_high,9.17数据/log_8_2026-9-17-06-17-52.ulg,Sep17,vz,32,32,0.9422040459197596,0.9440429795213421,0.0,0.03125
42,rudder_high,9.17数据/log_8_2026-9-17-06-17-52.ulg,Sep17,p,32,32,0.7498181989907832,0.78819544618632,0.0,0.0
42,rudder_high,9.17数据/log_8_2026-9-17-06-17-52.ulg,Sep17,q,32,32,0.8489096272640142,0.8642360480003768,0.0,0.0
42,rudder_high,9.17数据/log_8_2026-9-17-06-17-52.ulg,Sep17,r,32,32,0.7377961530179482,0.8574058674160894,0.03991966249999999,0.15625
42,rudder_high,9.17数据/log_9_2026-9-17-06-28-10.ulg,Sep17,vx,39,39,0.8568263992932602,0.8677385277595866,0.0,0.10256410256410256
42,rudder_high,9.17数据/log_9_2026-9-17-06-28-10.ulg,Sep17,vy,39,39,0.9278535343136431,0.9331389053213599,0.0,0.07692307692307693
42,rudder_high,9.17数据/log_9_2026-9-17-06-28-10.ulg,Sep17,vz,39,39,0.9021293512118115,0.9098995567799301,0.0,0.05128205128205128
42,rudder_high,9.17数据/log_9_2026-9-17-06-28-10.ulg,Sep17,p,39,39,0.7372125786332392,0.7769520903678515,0.0,0.02564102564102564
42,rudder_high,9.17数据/log_9_2026-9-17-06-28-10.ulg,Sep17,q,39,39,0.8457757531394611,0.8578216005521561,0.0,0.0
42,rudder_high,9.17数据/log_9_2026-9-17-06-28-10.ulg,Sep17,r,39,39,0.701090036828234,0.7661299906766642,0.019960125000000002,0.20512820512820512
