window_id,log_id,segment_id,start_sample_in_segment,state_sample_count,history_start_timestamp_us,origin_timestamp_us,end_timestamp_us,history_span_s,cohort,activity,activity_group,drive_activity,drive_high,common_activity,common_high,differential_activity,differential_high,rudder_activity,rudder_high
validation:2026.9.7/log_21_2026-9-7-05-54-56.ulg:0:25,2026.9.7/log_21_2026-9-7-05-54-56.ulg,0,25,51,106197864,106690619,107695792,0.492755,Sep7,0.5136636178385446,high,0.11556931076172917,False,0.47794225207286045,True,0.47850849707890963,False,0.8116013216315938,True
validation:2026.9.7/log_21_2026-9-7-05-54-56.ulg:0:75,2026.9.7/log_21_2026-9-7-05-54-56.ulg,0,75,51,107193204,107695792,108691191,0.5025879999999999,Sep7,0.4251998104078308,high,0.11791949564079321,False,0.10935722072153833,False,0.4373623683201263,False,0.7124163337207355,True
validation:2026.9.7/log_21_2026-9-7-05-54-56.ulg:0:125,2026.9.7/log_21_2026-9-7-05-54-56.ulg,0,125,51,108188568,108691191,109696718,0.5026229999999999,Sep7,0.20688219274631278,middle,0.11993747133342177,False,0.08665042306879688,False,0.3202053917124113,False,0.22246995127412342,False
validation:2026.9.7/log_21_2026-9-7-05-54-56.ulg:0:175,2026.9.7/log_21_2026-9-7-05-54-56.ulg,0,175,51,109193945,109696718,110691861,0.502773,Sep7,0.11719159910099906,low,0.026351275558776532,False,0.08409654664174852,False,0.1435526178663025,False,0.16689890135726587,False
validation:2026.9.7/log_21_2026-9-7-05-54-56.ulg:0:225,2026.9.7/log_21_2026-9-7-05-54-56.ulg,0,225,51,110199126,110691861,111697324,0.492735,Sep7,0.22043365731292994,middle,0.0,False,0.056756866060978836,False,0.3595883436481913,False,0.2274433334452745,True
validation:2026.9.7/log_21_2026-9-7-05-54-56.ulg:0:275,2026.9.7/log_21_2026-9-7-05-54-56.ulg,0,275,51,111194561,111697324,112692762,0.502763,Sep7,0.19193991111024708,middle,0.0,False,0.11114332309193375,False,0.32227859895113536,False,0.175705245234203,False
validation:2026.9.7/log_21_2026-9-7-05-54-56.ulg:0:325,2026.9.7/log_21_2026-9-7-05-54-56.ulg,0,325,51,112189878,112692762,113697933,0.502884,Sep7,0.2920668777732608,middle,0.010351636809765228,False,0.10242187019952259,False,0.4762544172274276,False,0.3344581842982585,True
validation:2026.9.7/log_21_2026-9-7-05-54-56.ulg:0:375,2026.9.7/log_21_2026-9-7-05-54-56.ulg,0,375,51,113195388,113697933,114693304,0.502545,Sep7,0.2095297833829813,middle,0.013888012592845273,False,0.11034177053159265,False,0.3531403777242974,False,0.14823779864256453,False
validation:2026.9.7/log_21_2026-9-7-05-54-56.ulg:0:425,2026.9.7/log_21_2026-9-7-05-54-56.ulg,0,425,51,114190585,114693304,115688514,0.502719,Sep7,0.19285449836044985,middle,0.009929533044665484,False,0.08775330833112974,False,0.352862526902471,False,0.14268374065523173,False
validation:2026.9.7/log_21_2026-9-7-05-54-56.ulg:0:475,2026.9.7/log_21_2026-9-7-05-54-56.ulg,0,475,51,115195926,115688514,116693927,0.4925879999999999,Sep7,0.22874532278094012,middle,0.002070203959237307,False,0.17365389380019808,False,0.29021879208089313,False,0.32876055234033413,True
validation:2026.9.7/log_21_2026-9-7-05-54-56.ulg:0:525,2026.9.7/log_21_2026-9-7-05-54-56.ulg,0,525,51,116191139,116693927,117689180,0.502788,Sep7,0.23962321304893866,middle,0.0,False,0.10643687892570627,False,0.334764794329887,False,0.30764351699451253,True
validation:2026.9.7/log_21_2026-9-7-05-54-56.ulg:0:575,2026.9.7/log_21_2026-9-7-05-54-56.ulg,0,575,51,117196632,117689180,118694589,0.492548,Sep7,0.10355691871557572,low,0.0,False,0.054213303360675175,False,0.18536878085001968,False,0.076881114336509,False
validation:2026.9.7/log_21_2026-9-7-05-54-56.ulg:0:625,2026.9.7/log_21_2026-9-7-05-54-56.ulg,0,625,51,118191871,118694589,119689778,0.502718,Sep7,0.11344594418802748,low,0.0,False,0.06220104818852587,False,0.1856024466195707,False,0.11897978262081782,False
validation:2026.9.7/log_21_2026-9-7-05-54-56.ulg:0:675,2026.9.7/log_21_2026-9-7-05-54-56.ulg,0,675,51,119197102,119689778,120695267,0.492676,Sep7,0.18972842479738947,middle,0.0,False,0.07312517882839371,False,0.34192793612404326,False,0.15957758807604175,False
validation:2026.9.7/log_21_2026-9-7-05-54-56.ulg:0:725,2026.9.7/log_21_2026-9-7-05-54-56.ulg,0,725,51,120192445,120695267,121690443,0.502822,Sep7,0.08535459523721714,low,0.01792990287978699,False,0.09632722807337339,False,0.13532364202572922,False,0.05315229044409247,False
validation:2026.9.7/log_21_2026-9-7-05-54-56.ulg:0:775,2026.9.7/log_21_2026-9-7-05-54-56.ulg,0,775,51,121188229,121690443,122695852,0.5022139999999999,Sep7,0.11795663954203507,low,0.00801834339404168,False,0.0589193752145257,False,0.21597479664524744,False,0.08411684171992324,False
validation:2026.9.7/log_21_2026-9-7-05-54-56.ulg:0:825,2026.9.7/log_21_2026-9-7-05-54-56.ulg,0,825,51,122193056,122695852,123691076,0.502796,Sep7,0.09650836594558426,low,0.00414077812662183,False,0.06796312259580084,False,0.17501390939025374,False,0.053272811763127946,False
validation:2026.9.7/log_21_2026-9-7-05-54-56.ulg:0:875,2026.9.7/log_21_2026-9-7-05-54-56.ulg,0,875,51,123198422,123691076,124696408,0.492654,Sep7,0.15028723457046167,low,0.005856119103240681,False,0.11633360688310919,False,0.21974135819518723,False,0.1744161704136857,False
validation:2026.9.7/log_21_2026-9-7-05-54-56.ulg:0:925,2026.9.7/log_21_2026-9-7-05-54-56.ulg,0,925,51,124193780,124696408,125691701,0.502628,Sep7,0.08449867045920077,low,0.0,False,0.11679734407751394,False,0.09725698960005012,False,0.055159089672921845,False
validation:2026.9.7/log_21_2026-9-7-05-54-56.ulg:0:975,2026.9.7/log_21_2026-9-7-05-54-56.ulg,0,975,51,125189425,125691701,126697246,0.502276,Sep7,0.1320619115908337,low,0.0,False,0.06257827822554939,False,0.14442398657978353,False,0.21039647433425082,False
validation:2026.9.7/log_21_2026-9-7-05-54-56.ulg:0:1025,2026.9.7/log_21_2026-9-7-05-54-56.ulg,0,1025,51,126194354,126697246,127692408,0.502892,Sep7,0.1294180692190168,low,0.0,False,0.14123504990366006,False,0.22780691919292603,False,0.05563947344243653,False
validation:2026.9.7/log_21_2026-9-7-05-54-56.ulg:0:1075,2026.9.7/log_21_2026-9-7-05-54-56.ulg,0,1075,51,127189815,127692408,128687747,0.502593,Sep7,0.09975176303392136,low,0.0,False,0.11198364188561356,False,0.10665474212550069,False,0.11861703797671899,False
validation:2026.9.7/log_21_2026-9-7-05-54-56.ulg:0:1125,2026.9.7/log_21_2026-9-7-05-54-56.ulg,0,1125,51,128195053,128687747,129693032,0.4926939999999999,Sep7,0.08669222707125017,low,0.0,False,0.0644622704830883,False,0.1292511428491142,False,0.09181584220152787,False
validation:2026.9.7/log_21_2026-9-7-05-54-56.ulg:0:1175,2026.9.7/log_21_2026-9-7-05-54-56.ulg,0,1175,51,129190807,129693032,130698481,0.502225,Sep7,0.42792820746890253,high,0.0,False,0.10966695505103768,False,0.6775839236498705,True,0.46741982389471554,True
validation:2026.9.7/log_21_2026-9-7-05-54-56.ulg:0:1225,2026.9.7/log_21_2026-9-7-05-54-56.ulg,0,1225,51,130195675,130698481,131693642,0.502806,Sep7,0.24887803420979762,middle,0.0,False,0.24691809031810819,True,0.37844163777587686,False,0.0397208034793368,False
validation:2026.9.7/log_21_2026-9-7-05-54-56.ulg:0:1275,2026.9.7/log_21_2026-9-7-05-54-56.ulg,0,1275,51,131191117,131693642,132689036,0.502525,Sep7,0.08696423155176707,low,0.0,False,0.057925503626418996,False,0.14863602935343057,False,0.06505552862507709,False
validation:2026.9.7/log_21_2026-9-7-05-54-56.ulg:0:1325,2026.9.7/log_21_2026-9-7-05-54-56.ulg,0,1325,51,132196295,132689036,133694343,0.492741,Sep7,0.10469100078023308,low,0.0,False,0.08082234845607392,False,0.18431745940978775,False,0.0757801311629583,False
validation:2026.9.7/log_21_2026-9-7-05-54-56.ulg:0:1375,2026.9.7/log_21_2026-9-7-05-54-56.ulg,0,1375,51,133191997,133694343,134689683,0.502346,Sep7,0.16319415003902576,low,0.0,False,0.09987905863063781,False,0.31318141613328393,False,0.07454440818094726,False
validation:2026.9.7/log_21_2026-9-7-05-54-56.ulg:0:1425,2026.9.7/log_21_2026-9-7-05-54-56.ulg,0,1425,51,134196954,134689683,135695054,0.492729,Sep7,0.09357355613456517,low,0.0,False,0.10670907407077561,False,0.1566336472334048,False,0.044772242765381144,False
validation:2026.9.7/log_21_2026-9-7-05-54-56.ulg:0:1475,2026.9.7/log_21_2026-9-7-05-54-56.ulg,0,1475,51,135192397,135695054,136690366,0.502657,Sep7,0.08766841363226696,low,0.0,False,0.10856283832618334,False,0.14641992749271154,False,0.03594402059176136,False
validation:2026.9.7/log_21_2026-9-7-05-54-56.ulg:0:1525,2026.9.7/log_21_2026-9-7-05-54-56.ulg,0,1525,51,136187783,136690366,137695657,0.502583,Sep7,0.09644269799556525,low,0.0,False,0.09235579187586282,False,0.10123184959027705,False,0.1301708127183503,False
validation:2026.9.7/log_21_2026-9-7-05-54-56.ulg:0:1575,2026.9.7/log_21_2026-9-7-05-54-56.ulg,0,1575,51,137193249,137695657,138691067,0.502408,Sep7,0.08513713104392252,low,0.0,False,0.09222472172327716,False,0.13777115244023877,False,0.05658365071805555,False
validation:2026.9.7/log_21_2026-9-7-05-54-56.ulg:0:1625,2026.9.7/log_21_2026-9-7-05-54-56.ulg,0,1625,51,138198243,138691067,139696232,0.492824,Sep7,0.4178304964871656,high,0.0,False,0.2157572430990857,True,0.6435326944095358,True,0.4243157080599782,True
validation:2026.9.7/log_21_2026-9-7-05-54-56.ulg:0:1675,2026.9.7/log_21_2026-9-7-05-54-56.ulg,0,1675,51,139193741,139696232,140691750,0.502491,Sep7,0.10029490313587683,low,0.0,False,0.09055727434292159,False,0.13863272916117564,False,0.11451757719228275,False
validation:2026.9.7/log_21_2026-9-7-05-54-56.ulg:0:1725,2026.9.7/log_21_2026-9-7-05-54-56.ulg,0,1725,51,140189047,140691750,141696932,0.502703,Sep7,0.10245485926517428,low,0.005855770067652217,False,0.06982902737818623,False,0.1243842361008391,False,0.14201561052289258,False
validation:2026.9.7/log_21_2026-9-7-05-54-56.ulg:0:1775,2026.9.7/log_21_2026-9-7-05-54-56.ulg,0,1775,51,141194664,141696932,142692406,0.5022679999999999,Sep7,0.07790880928070165,low,0.0,False,0.05937610924957893,False,0.09186481976600715,False,0.11170222591045531,False
validation:2026.9.7/log_21_2026-9-7-05-54-56.ulg:0:1825,2026.9.7/log_21_2026-9-7-05-54-56.ulg,0,1825,51,142189817,142692406,143697564,0.502589,Sep7,0.06652731116576854,low,0.004140654723906091,False,0.06363180251710204,False,0.10015805334204599,False,0.05886628164553353,False
validation:2026.9.7/log_21_2026-9-7-05-54-56.ulg:0:1875,2026.9.7/log_21_2026-9-7-05-54-56.ulg,0,1875,51,143195029,143697564,144692960,0.502535,Sep7,0.08455055615334153,low,0.0,False,0.07597809367460906,False,0.11221552886208065,False,0.10398833347822667,False
validation:2026.9.7/log_21_2026-9-7-05-54-56.ulg:0:1925,2026.9.7/log_21_2026-9-7-05-54-56.ulg,0,1925,51,144190359,144692960,145688420,0.502601,Sep7,0.11890351495988549,low,0.004140654723906091,False,0.06446025941914088,False,0.20110599513712904,False,0.09098648983404843,False
validation:2026.9.7/log_21_2026-9-7-05-54-56.ulg:0:1975,2026.9.7/log_21_2026-9-7-05-54-56.ulg,0,1975,51,145195847,145688420,146693604,0.492573,Sep7,0.14791197382846635,low,0.0,False,0.07057373925107975,False,0.2726211176941575,False,0.03918654954206614,False
validation:2026.9.7/log_21_2026-9-7-05-54-56.ulg:0:2025,2026.9.7/log_21_2026-9-7-05-54-56.ulg,0,2025,51,146191017,146693604,147689053,0.502587,Sep7,0.12145713018725789,low,0.0,False,0.0680800380077375,False,0.1975916820517198,False,0.10677698590572424,False
validation:2026.9.7/log_21_2026-9-7-05-54-56.ulg:0:2075,2026.9.7/log_21_2026-9-7-05-54-56.ulg,0,2075,51,147196309,147689053,148694308,0.4927439999999999,Sep7,0.5338405588014504,high,0.0,False,0.07891602713184467,False,1.0024880442609723,True,0.32622156260053375,True
validation:2026.9.7/log_21_2026-9-7-05-54-56.ulg:0:2125,2026.9.7/log_21_2026-9-7-05-54-56.ulg,0,2125,51,148191694,148694308,149689659,0.502614,Sep7,0.1050256179618164,low,0.0,False,0.0706097570167027,False,0.18043873940137914,False,0.07260738245960377,False
validation:2026.9.7/log_21_2026-9-7-05-54-56.ulg:0:2175,2026.9.7/log_21_2026-9-7-05-54-56.ulg,0,2175,51,149187339,149689659,150694896,0.50232,Sep7,0.05696506303031609,low,0.0,False,0.07751197653341785,False,0.07439838901891295,False,0.04426900974962683,False
validation:2026.9.7/log_21_2026-9-7-05-54-56.ulg:0:2225,2026.9.7/log_21_2026-9-7-05-54-56.ulg,0,2225,51,150192409,150694896,151690331,0.502487,Sep7,0.05721030754464118,low,0.004140654723906091,False,0.07830591596412846,False,0.07439031397795486,False,0.04185661903209419,False
validation:2026.9.7/log_21_2026-9-7-05-54-56.ulg:0:2275,2026.9.7/log_21_2026-9-7-05-54-56.ulg,0,2275,51,151197656,151690331,152695837,0.492675,Sep7,0.053857729126991064,low,0.0,False,0.08921013094465377,False,0.05572271050454069,False,0.029629551213252076,False
validation:2026.9.7/log_21_2026-9-7-05-54-56.ulg:0:2325,2026.9.7/log_21_2026-9-7-05-54-56.ulg,0,2325,51,152192971,152695837,153691004,0.5028659999999999,Sep7,0.10188014797261609,low,0.005855770067652217,False,0.10416805959873551,False,0.1558743150725279,False,0.08984652608051188,False
validation:2026.9.7/log_21_2026-9-7-05-54-56.ulg:0:2375,2026.9.7/log_21_2026-9-7-05-54-56.ulg,0,2375,51,153188714,153691004,154696398,0.50229,Sep7,0.14924233889302677,low,0.0,False,0.09091590840887134,False,0.2837526323097883,False,0.03440729994782492,False
validation:2026.9.7/log_21_2026-9-7-05-54-56.ulg:0:2425,2026.9.7/log_21_2026-9-7-05-54-56.ulg,0,2425,51,154193656,154696398,155691659,0.502742,Sep7,0.1891639386757682,middle,0.005855770067652217,False,0.08320317020727995,False,0.3580210692990381,False,0.05041926245897637,False
validation:2026.9.7/log_21_2026-9-7-05-54-56.ulg:0:2475,2026.9.7/log_21_2026-9-7-05-54-56.ulg,0,2475,51,155198852,155691659,156697166,0.492807,Sep7,0.15658799877969462,low,0.012421964171718274,False,0.1772655946517225,False,0.27527950167331555,False,0.05039025773208604,False
validation:2026.9.7/log_21_2026-9-7-05-54-56.ulg:0:2525,2026.9.7/log_21_2026-9-7-05-54-56.ulg,0,2525,51,156194336,156697166,157692294,0.50283,Sep7,0.16678408425187746,low,0.013093899931878901,False,0.07442385615068453,False,0.3232311480568111,False,0.043412924192239424,False
validation:2026.9.7/log_21_2026-9-7-05-54-56.ulg:0:2575,2026.9.7/log_21_2026-9-7-05-54-56.ulg,0,2575,51,157189928,157692294,158697883,0.502366,Sep7,0.1796788529115891,middle,0.013093899931878901,False,0.139938992820825,False,0.29969522253480874,False,0.04358243697426862,False
validation:2026.9.7/log_21_2026-9-7-05-54-56.ulg:0:2625,2026.9.7/log_21_2026-9-7-05-54-56.ulg,0,2625,51,158194937,158697883,159692915,0.502946,Sep7,0.30112129697627743,middle,0.009258785434009643,False,0.16927383766395368,False,0.49785213135091827,True,0.3269442378594244,True
validation:2026.9.7/log_21_2026-9-7-05-54-56.ulg:0:2675,2026.9.7/log_21_2026-9-7-05-54-56.ulg,0,2675,51,159190484,159692915,160688310,0.502431,Sep7,0.5125771688937958,high,0.01603668678808336,False,0.0798596845489943,False,0.9175567490253684,True,0.4247501987049213,True
validation:2026.9.7/log_21_2026-9-7-05-54-56.ulg:0:2725,2026.9.7/log_21_2026-9-7-05-54-56.ulg,0,2725,51,160195573,160688310,161693592,0.492737,Sep7,0.14748318056133858,low,0.017567310202956654,False,0.0682014117768777,False,0.26917528548477887,False,0.05648388685742972,False
validation:2026.9.7/log_21_2026-9-7-05-54-56.ulg:0:2775,2026.9.7/log_21_2026-9-7-05-54-56.ulg,0,2775,51,161191328,161693592,162699145,0.5022639999999999,Sep7,0.16501827458256516,low,0.018517570868019285,False,0.09150275259441241,False,0.27924004324913826,False,0.14838336195469118,False
validation:2026.9.7/log_21_2026-9-7-05-54-56.ulg:0:2825,2026.9.7/log_21_2026-9-7-05-54-56.ulg,0,2825,51,162196201,162699145,163694272,0.502944,Sep7,0.10869363365260969,low,0.010955142664440332,False,0.08229723661836962,False,0.13582794477020368,False,0.13800091843158738,False
validation:2026.9.7/log_21_2026-9-7-05-54-56.ulg:0:2875,2026.9.7/log_21_2026-9-7-05-54-56.ulg,0,2875,51,163191600,163694272,164689635,0.502672,Sep7,0.2569442692010304,middle,0.0071718243584054315,False,0.09216238164188681,False,0.35471931019874897,False,0.3368591892546555,True
validation:2026.9.7/log_21_2026-9-7-05-54-56.ulg:0:2925,2026.9.7/log_21_2026-9-7-05-54-56.ulg,0,2925,51,164196914,164689635,165694959,0.4927209999999999,Sep7,0.608898235130947,high,0.005855770067652217,False,0.06394604168494046,False,1.172442360678649,True,0.21175131583799334,False
validation:2026.9.7/log_21_2026-9-7-05-54-56.ulg:0:2975,2026.9.7/log_21_2026-9-7-05-54-56.ulg,0,2975,51,165192293,165694959,166690274,0.502666,Sep7,0.46733883907518253,high,0.004140654723906091,False,0.085986901226568,False,0.9124036634375735,True,0.0729134577670704,False
validation:2026.9.7/log_21_2026-9-7-05-54-56.ulg:0:3025,2026.9.7/log_21_2026-9-7-05-54-56.ulg,0,3025,51,166197511,166690274,167695600,0.4927629999999999,Sep7,0.1856425784802738,middle,0.004140654723906091,False,0.13662076401151071,False,0.3157144378518955,False,0.04613013043540686,False
validation:2026.9.7/log_21_2026-9-7-05-54-56.ulg:0:3075,2026.9.7/log_21_2026-9-7-05-54-56.ulg,0,3075,51,167192932,167695600,168690960,0.502668,Sep7,0.2677838101828006,middle,0.0,False,0.06807197594848192,False,0.46498895847539845,False,0.23423130832851752,True
validation:2026.9.7/log_21_2026-9-7-05-54-56.ulg:0:3125,2026.9.7/log_21_2026-9-7-05-54-56.ulg,0,3125,51,168188307,168690960,169696177,0.502653,Sep7,0.10756947807833307,low,0.004140654723906091,False,0.19647298897924143,True,0.09352267982732405,False,0.030581582035593323,False
validation:2026.9.7/log_21_2026-9-7-05-54-56.ulg:0:3175,2026.9.7/log_21_2026-9-7-05-54-56.ulg,0,3175,51,169193668,169696177,170691580,0.502509,Sep7,0.10904416765826991,low,0.004140654723906091,False,0.07383451869329503,False,0.19001241180489384,False,0.06855569691815298,False
validation:2026.9.7/log_21_2026-9-7-05-54-56.ulg:0:3225,2026.9.7/log_21_2026-9-7-05-54-56.ulg,0,3225,51,170189017,170691580,171696873,0.502563,Sep7,0.09711228563615536,low,0.0,False,0.1599046847176441,False,0.12159687925040195,False,0.03912640987497862,False
validation:2026.9.7/log_21_2026-9-7-05-54-56.ulg:0:3275,2026.9.7/log_21_2026-9-7-05-54-56.ulg,0,3275,51,171194202,171696873,172692261,0.502671,Sep7,0.1473627609667484,low,0.0,False,0.2405098358416079,True,0.16156235470939204,False,0.1059188725759916,False
validation:2026.9.7/log_21_2026-9-7-05-54-56.ulg:0:3325,2026.9.7/log_21_2026-9-7-05-54-56.ulg,0,3325,51,172189639,172692261,173687628,0.502622,Sep7,0.20996608095773284,middle,0.0,False,0.17863575339965027,True,0.33918500821217135,False,0.054451991383692236,False
validation:2026.9.7/log_21_2026-9-7-05-54-56.ulg:0:3375,2026.9.7/log_21_2026-9-7-05-54-56.ulg,0,3375,51,173194855,173687628,174692892,0.4927729999999999,Sep7,0.08307475468201138,low,0.0,False,0.07813879542677435,False,0.14168938920340096,False,0.05444837976007711,False
validation:2026.9.7/log_21_2026-9-7-05-54-56.ulg:0:3425,2026.9.7/log_21_2026-9-7-05-54-56.ulg,0,3425,51,174190261,174692892,175698405,0.5026309999999999,Sep7,0.2393649243691426,middle,0.0,False,0.08197218779114598,False,0.4659252477336436,False,0.06907797306972097,False
validation:2026.9.7/log_21_2026-9-7-05-54-56.ulg:0:3475,2026.9.7/log_21_2026-9-7-05-54-56.ulg,0,3475,51,175195551,175698405,176693687,0.502854,Sep7,0.11190922215335573,low,0.0,False,0.17909281237244135,True,0.12323102221609983,False,0.06694492493341618,False
validation:2026.9.7/log_21_2026-9-7-05-54-56.ulg:0:3525,2026.9.7/log_21_2026-9-7-05-54-56.ulg,0,3525,51,176190999,176693687,177688943,0.502688,Sep7,0.12005520668531224,low,0.0,False,0.1272197252286561,False,0.17023503780494673,False,0.07879601136934934,False
validation:2026.9.7/log_21_2026-9-7-05-54-56.ulg:0:3575,2026.9.7/log_21_2026-9-7-05-54-56.ulg,0,3575,51,177196186,177688943,178694197,0.492757,Sep7,0.2249222366736779,middle,0.0,False,0.07418086882487238,False,0.42950467360805106,False,0.06264798381496267,False
validation:2026.9.7/log_21_2026-9-7-05-54-56.ulg:0:3625,2026.9.7/log_21_2026-9-7-05-54-56.ulg,0,3625,51,178191611,178694197,179689729,0.502586,Sep7,0.22213165091772505,middle,0.0,False,0.11536753022505274,False,0.39554659051101954,False,0.19142495281590138,False
validation:2026.9.7/log_21_2026-9-7-05-54-56.ulg:0:3675,2026.9.7/log_21_2026-9-7-05-54-56.ulg,0,3675,51,179196854,179689729,180694847,0.4928749999999999,Sep7,0.15680114641447024,low,0.0,False,0.1498092996273107,False,0.28564679039623964,False,0.06810069604565616,False
validation:2026.9.7/log_21_2026-9-7-05-54-56.ulg:0:3725,2026.9.7/log_21_2026-9-7-05-54-56.ulg,0,3725,51,180192216,180694847,181690306,0.5026309999999999,Sep7,0.10288640695677614,low,0.0,False,0.14842555220364737,False,0.09517231507367754,False,0.08825965148307464,False
validation:2026.9.7/log_21_2026-9-7-05-54-56.ulg:0:3775,2026.9.7/log_21_2026-9-7-05-54-56.ulg,0,3775,51,181187647,181690306,182695699,0.502659,Sep7,0.23986854579928152,middle,0.005855770067652217,False,0.15844196728065654,False,0.342336990224184,False,0.2524361119306504,True
validation:2026.9.7/log_21_2026-9-7-05-54-56.ulg:0:3825,2026.9.7/log_21_2026-9-7-05-54-56.ulg,0,3825,51,182192891,182695699,183690944,0.502808,Sep7,0.08757781484166492,low,0.005855770067652217,False,0.12720102195183558,False,0.09712244014625833,False,0.0705137445807656,False
validation:2026.9.7/log_21_2026-9-7-05-54-56.ulg:0:3875,2026.9.7/log_21_2026-9-7-05-54-56.ulg,0,3875,51,183198131,183690944,184696180,0.492813,Sep7,0.1533796747831856,low,0.005855770067652217,False,0.06970090775901039,False,0.259962323003772,False,0.12881192566031427,False
validation:2026.9.7/log_21_2026-9-7-05-54-56.ulg:0:3925,2026.9.7/log_21_2026-9-7-05-54-56.ulg,0,3925,51,184193520,184696180,185691595,0.50266,Sep7,0.1768701603276483,middle,0.0,False,0.07217084089952906,False,0.3044037343196045,False,0.1346379690588891,False
validation:2026.9.7/log_21_2026-9-7-05-54-56.ulg:0:3975,2026.9.7/log_21_2026-9-7-05-54-56.ulg,0,3975,51,185188969,185691595,186696810,0.502626,Sep7,0.09576446941076118,low,0.0,False,0.06100957080642815,False,0.16260059821189735,False,0.05762034596349784,False
validation:2026.9.7/log_21_2026-9-7-05-54-56.ulg:0:4025,2026.9.7/log_21_2026-9-7-05-54-56.ulg,0,4025,51,186194219,186696810,187692228,0.502591,Sep7,0.1699679991962525,low,0.004140654723906091,False,0.1060765184138141,False,0.31570299824917397,False,0.10007909891756728,False
validation:2026.9.7/log_21_2026-9-7-05-54-56.ulg:0:4075,2026.9.7/log_21_2026-9-7-05-54-56.ulg,0,4075,51,187199455,187692228,188697449,0.4927729999999999,Sep7,0.13840295408854414,low,0.004140654723906091,False,0.08707246714053396,False,0.2167541740207696,False,0.12152200050855096,False
validation:2026.9.7/log_21_2026-9-7-05-54-56.ulg:0:4125,2026.9.7/log_21_2026-9-7-05-54-56.ulg,0,4125,51,188194820,188697449,189692888,0.502629,Sep7,0.13051161052226712,low,0.005855770067652217,False,0.12353868876594534,False,0.18891893020163641,False,0.09023503053866837,False
validation:2026.9.7/log_21_2026-9-7-05-54-56.ulg:0:4175,2026.9.7/log_21_2026-9-7-05-54-56.ulg,0,4175,51,189190224,189692888,190698391,0.502664,Sep7,0.08252962025062816,low,0.005855770067652217,False,0.08507045668440887,False,0.12762445879000367,False,0.05442379542048265,False
validation:2026.9.7/log_21_2026-9-7-05-54-56.ulg:0:4225,2026.9.7/log_21_2026-9-7-05-54-56.ulg,0,4225,51,190195534,190698391,191693532,0.502857,Sep7,0.07999807547465287,low,0.010955142664440332,False,0.07139638791436574,False,0.129167234624337,False,0.0343544968861651,False
validation:2026.9.7/log_21_2026-9-7-05-54-56.ulg:0:4275,2026.9.7/log_21_2026-9-7-05-54-56.ulg,0,4275,51,191190873,191693532,192688945,0.502659,Sep7,0.10393196356205578,low,0.012421964171718274,False,0.08528623008144803,False,0.17601724316840245,False,0.03919179839053415,False
validation:2026.9.7/log_21_2026-9-7-05-54-56.ulg:0:4325,2026.9.7/log_21_2026-9-7-05-54-56.ulg,0,4325,51,192196259,192688945,193694213,0.4926859999999999,Sep7,0.12246675099946115,low,0.0,False,0.19394829124624138,True,0.10334890298267972,False,0.09206170095757679,False
validation:2026.9.7/log_21_2026-9-7-05-54-56.ulg:0:4375,2026.9.7/log_21_2026-9-7-05-54-56.ulg,0,4375,51,193191575,193694213,194689579,0.502638,Sep7,0.6672442159536259,high,0.005855770067652217,False,0.18921884940642783,True,1.3131983069742594,True,0.2041054582116298,False
validation:2026.9.7/log_21_2026-9-7-05-54-56.ulg:0:4425,2026.9.7/log_21_2026-9-7-05-54-56.ulg,0,4425,51,194196858,194689579,195694799,0.4927209999999999,Sep7,0.10044816139697967,low,0.018517570868019285,False,0.14139000604428212,False,0.12135708987152428,False,0.043855761390199706,False
validation:2026.9.7/log_21_2026-9-7-05-54-56.ulg:0:4475,2026.9.7/log_21_2026-9-7-05-54-56.ulg,0,4475,51,195192178,195694799,196690201,0.502621,Sep7,0.08977554991760703,low,0.0,False,0.07149382636758786,False,0.11682814774583328,False,0.11248282605823819,False
validation:2026.9.7/log_21_2026-9-7-05-54-56.ulg:0:4525,2026.9.7/log_21_2026-9-7-05-54-56.ulg,0,4525,51,196197426,196690201,197695448,0.4927749999999999,Sep7,0.16397136750685676,low,0.019421392172996464,False,0.09181879664195702,False,0.27806992802752695,False,0.10817688554558824,False
validation:2026.9.7/log_21_2026-9-7-05-54-56.ulg:0:4575,2026.9.7/log_21_2026-9-7-05-54-56.ulg,0,4575,51,197192886,197695448,198690927,0.502562,Sep7,0.08491591803050977,low,0.0,False,0.07857891285561869,False,0.11311256508403618,False,0.08944198175136911,False
validation:2026.9.7/log_21_2026-9-7-05-54-56.ulg:0:4625,2026.9.7/log_21_2026-9-7-05-54-56.ulg,0,4625,51,198188259,198690927,199696105,0.502668,Sep7,0.16606448334973986,low,0.0,False,0.07837092773040623,False,0.276134272625786,False,0.13782226751937468,False
validation:2026.9.7/log_21_2026-9-7-05-54-56.ulg:0:4675,2026.9.7/log_21_2026-9-7-05-54-56.ulg,0,4675,51,199193482,199696105,200691519,0.5026229999999999,Sep7,0.13659112965044296,low,0.0,False,0.1176371245536799,False,0.12084137462780284,False,0.2098592520209972,False
validation:2026.9.7/log_21_2026-9-7-05-54-56.ulg:0:4725,2026.9.7/log_21_2026-9-7-05-54-56.ulg,0,4725,51,200189052,200691519,201686908,0.502467,Sep7,0.15124069015998032,low,0.0,False,0.09186672031866,False,0.19565574715341041,False,0.20607506135838086,False
validation:2026.9.7/log_21_2026-9-7-05-54-56.ulg:0:4775,2026.9.7/log_21_2026-9-7-05-54-56.ulg,0,4775,51,201194213,201686908,202692221,0.492695,Sep7,0.26585843936320475,middle,0.013093899931878901,False,0.06284941019487536,False,0.5126805970364066,True,0.058574302262382416,False
validation:2026.9.7/log_21_2026-9-7-05-54-56.ulg:0:4825,2026.9.7/log_21_2026-9-7-05-54-56.ulg,0,4825,51,202189498,202692221,203697410,0.502723,Sep7,0.18841072111938043,middle,0.005855770067652217,False,0.08133631972405993,False,0.34358692769907007,False,0.0770208038689889,False
validation:2026.9.7/log_21_2026-9-7-05-54-56.ulg:0:4875,2026.9.7/log_21_2026-9-7-05-54-56.ulg,0,4875,51,203194930,203697410,204692839,0.5024799999999999,Sep7,0.13791682760217583,low,0.005855770067652217,False,0.06349503766772979,False,0.2646964503209243,False,0.03679341604572972,False
validation:2026.9.7/log_21_2026-9-7-05-54-56.ulg:0:4925,2026.9.7/log_21_2026-9-7-05-54-56.ulg,0,4925,51,204190211,204692839,205688218,0.502628,Sep7,0.06462351040466595,low,0.004140654723906091,False,0.0664141902860047,False,0.09426559085780473,False,0.0637851254414353,False
validation:2026.9.7/log_21_2026-9-7-05-54-56.ulg:0:4975,2026.9.7/log_21_2026-9-7-05-54-56.ulg,0,4975,51,205195438,205688218,206693684,0.49278,Sep7,0.06108400732685521,low,0.0,False,0.0597899256417337,False,0.09687541338786951,False,0.044896796632802646,False
validation:2026.9.7/log_21_2026-9-7-05-54-56.ulg:0:5025,2026.9.7/log_21_2026-9-7-05-54-56.ulg,0,5025,51,206190882,206693684,207698909,0.502802,Sep7,0.08255311068468851,low,0.0,False,0.09074135253706174,False,0.11620268179204005,False,0.053754555734660106,False
validation:2026.9.7/log_21_2026-9-7-05-54-56.ulg:0:5075,2026.9.7/log_21_2026-9-7-05-54-56.ulg,0,5075,51,207196119,207698909,208694206,0.50279,Sep7,0.2209694408336821,middle,0.010142491274614683,False,0.19427345362889437,True,0.2581394514605897,False,0.26768243080543147,True
validation:2026.9.7/log_21_2026-9-7-05-54-56.ulg:0:5125,2026.9.7/log_21_2026-9-7-05-54-56.ulg,0,5125,51,208191501,208694206,209689518,0.502705,Sep7,0.07504018025361887,low,0.004140654723906091,False,0.1040717642733558,False,0.09956847076862307,False,0.04841551214729723,False
validation:2026.9.7/log_21_2026-9-7-05-54-56.ulg:0:5175,2026.9.7/log_21_2026-9-7-05-54-56.ulg,0,5175,51,209196768,209689518,210695019,0.4927499999999999,Sep7,0.13948310437027256,low,0.009258785434009643,False,0.07603262300095691,False,0.24398477277458314,False,0.10623919135987461,False
validation:2026.9.7/log_21_2026-9-7-05-54-56.ulg:0:5225,2026.9.7/log_21_2026-9-7-05-54-56.ulg,0,5225,51,210192185,210695019,211690213,0.502834,Sep7,0.06584094589268481,low,0.0071718243584054315,False,0.07858946398202957,False,0.0768216754455184,False,0.06697212120256832,False
validation:2026.9.7/log_21_2026-9-7-05-54-56.ulg:0:5275,2026.9.7/log_21_2026-9-7-05-54-56.ulg,0,5275,51,211197444,211690213,212695780,0.4927689999999999,Sep7,0.1436250691879518,low,0.008281309447812182,False,0.16076387186113875,False,0.1658782404622053,False,0.19048951992626445,False
validation:2026.9.7/log_21_2026-9-7-05-54-56.ulg:0:5325,2026.9.7/log_21_2026-9-7-05-54-56.ulg,0,5325,51,212192832,212695780,213690908,0.502948,Sep7,0.17636297882658292,middle,0.012421964171718274,False,0.18153091694823636,True,0.2662758160429019,False,0.027853185380393546,False
validation:2026.9.7/log_21_2026-9-7-05-54-56.ulg:0:5375,2026.9.7/log_21_2026-9-7-05-54-56.ulg,0,5375,51,213188267,213690908,214697076,0.502641,Sep7,0.09610428569692973,low,0.01897486369897614,False,0.10673412262298342,False,0.13291804353619543,False,0.046178233492639414,False
validation:2026.9.7/log_21_2026-9-7-05-54-56.ulg:0:5425,2026.9.7/log_21_2026-9-7-05-54-56.ulg,0,5425,51,214193522,214697076,215691606,0.503554,Sep7,0.09612604862492026,low,0.009258785434009643,False,0.17220666178522764,False,0.06624400032815596,False,0.04257282696923999,False
validation:2026.9.7/log_21_2026-9-7-05-54-56.ulg:0:5475,2026.9.7/log_21_2026-9-7-05-54-56.ulg,0,5475,51,215198834,215691606,216697098,0.492772,Sep7,0.09458969929991702,low,0.016562618895624364,False,0.10116490111877777,False,0.14285142739589396,False,0.03324937119648795,False
validation:2026.9.7/log_21_2026-9-7-05-54-56.ulg:0:5525,2026.9.7/log_21_2026-9-7-05-54-56.ulg,0,5525,51,216194099,216697098,217692293,0.502999,Sep7,0.18532405697342458,middle,0.010142491274614683,False,0.11327133178231708,False,0.35369154496396393,False,0.08919294353025134,False
validation:2026.9.7/log_21_2026-9-7-05-54-56.ulg:0:5575,2026.9.7/log_21_2026-9-7-05-54-56.ulg,0,5575,51,217189560,217692293,218698062,0.502733,Sep7,0.1737641561968117,middle,0.005855770067652217,False,0.15752665789453113,False,0.3164868244166809,False,0.09113591792199116,False
validation:2026.9.7/log_21_2026-9-7-05-54-56.ulg:0:5625,2026.9.7/log_21_2026-9-7-05-54-56.ulg,0,5625,51,218194740,218698062,219692850,0.5033219999999999,Sep7,0.07243601196118785,low,0.015492911333783641,False,0.08883780674940882,False,0.09121404864317398,False,0.0526957326325315,False
validation:2026.9.7/log_21_2026-9-7-05-54-56.ulg:0:5675,2026.9.7/log_21_2026-9-7-05-54-56.ulg,0,5675,51,219190215,219692850,220688382,0.5026349999999999,Sep7,0.1354280645373206,low,0.014343648716810865,False,0.08783338250540285,False,0.23924480097258868,False,0.1028717279902136,False
validation:2026.9.7/log_21_2026-9-7-05-54-56.ulg:0:5725,2026.9.7/log_21_2026-9-7-05-54-56.ulg,0,5725,51,220195463,220688382,221693482,0.492919,Sep7,0.11169055124410172,low,0.01603668678808336,False,0.13402638672478825,False,0.16195848068354016,False,0.09835534673734055,False
validation:2026.9.7/log_21_2026-9-7-05-54-56.ulg:0:5775,2026.9.7/log_21_2026-9-7-05-54-56.ulg,0,5775,51,221190861,221693482,222689153,0.502621,Sep7,0.0991246436343921,low,0.01603668678808336,False,0.0925041271744261,False,0.1740913435125642,False,0.04103847494540588,False
validation:2026.9.7/log_21_2026-9-7-05-54-56.ulg:0:5825,2026.9.7/log_21_2026-9-7-05-54-56.ulg,0,5825,51,222196091,222689153,223694148,0.493062,Sep7,0.11391448711038561,low,0.009258785434009643,False,0.18951124769135322,True,0.10531638229724159,False,0.07249107293078598,False
validation:2026.9.7/log_21_2026-9-7-05-54-56.ulg:0:5875,2026.9.7/log_21_2026-9-7-05-54-56.ulg,0,5875,51,223191473,223694148,224689693,0.502675,Sep7,0.09698387374434411,low,0.011711540135304436,False,0.06220943545976692,False,0.1367974652620857,False,0.11746242636473146,False
validation:2026.9.7/log_21_2026-9-7-05-54-56.ulg:0:5925,2026.9.7/log_21_2026-9-7-05-54-56.ulg,0,5925,51,224196750,224689693,225694802,0.4929429999999999,Sep7,0.1305882794372162,low,0.01804869550160096,False,0.0901568027540968,False,0.21731738913608584,False,0.12672751906588084,False
validation:2026.9.7/log_21_2026-9-7-05-54-56.ulg:0:5975,2026.9.7/log_21_2026-9-7-05-54-56.ulg,0,5975,51,225192191,225694802,226690568,0.502611,Sep7,0.11286376708139897,low,0.0149293429210356,False,0.06789942253671828,False,0.17462894444489394,False,0.12244321541700698,False
validation:2026.9.7/log_21_2026-9-7-05-54-56.ulg:0:6025,2026.9.7/log_21_2026-9-7-05-54-56.ulg,0,6025,51,226187591,226690568,227695440,0.502977,Sep7,0.2180943535583559,middle,0.0149293429210356,False,0.08087376404925387,False,0.40637573533673227,False,0.09722908412463842,False
validation:2026.9.7/log_21_2026-9-7-05-54-56.ulg:0:6075,2026.9.7/log_21_2026-9-7-05-54-56.ulg,0,6075,51,227192807,227695440,228690951,0.502633,Sep7,0.09994812755713,low,0.013732998105609136,False,0.08066864588321053,False,0.16542228220544902,False,0.05495283151133812,False
validation:2026.9.7/log_21_2026-9-7-05-54-56.ulg:0:6125,2026.9.7/log_21_2026-9-7-05-54-56.ulg,0,6125,51,228198074,228690951,229696174,0.4928769999999999,Sep7,0.10470060348725035,low,0.022008055869615007,False,0.14911518213075822,False,0.13662573076712897,False,0.03683386276495739,False
validation:2026.9.7/log_21_2026-9-7-05-54-56.ulg:0:6175,2026.9.7/log_21_2026-9-7-05-54-56.ulg,0,6175,51,229193483,229696174,230691747,0.502691,Sep7,0.1572050243246746,low,0.22472615756868305,False,0.149801894826696,False,0.06770288658638988,False,0.1497803640374419,False
validation:2026.9.7/log_21_2026-9-7-05-54-56.ulg:0:6225,2026.9.7/log_21_2026-9-7-05-54-56.ulg,0,6225,51,230188888,230691747,231696975,0.502859,Sep7,0.3472785871660374,high,0.6776292030793524,True,0.08137088800645417,False,0.10435632184924447,False,0.05583623632987877,False
validation:2026.9.7/log_21_2026-9-7-05-54-56.ulg:0:6275,2026.9.7/log_21_2026-9-7-05-54-56.ulg,0,6275,51,231194140,231696975,232692370,0.502835,Sep7,0.20523359182640208,middle,0.0,False,0.29332479528631666,True,0.30217300332983166,False,0.13653573600158053,False
validation:2026.9.7/log_21_2026-9-7-05-54-56.ulg:0:6325,2026.9.7/log_21_2026-9-7-05-54-56.ulg,0,6325,51,232189564,232692370,233687590,0.502806,Sep7,0.16204563012411613,low,0.0,False,0.06435787232833276,False,0.2850657450528423,False,0.12486051943979126,False
validation:2026.9.7/log_21_2026-9-7-05-54-56.ulg:0:6375,2026.9.7/log_21_2026-9-7-05-54-56.ulg,0,6375,51,233194828,233687590,234693199,0.492762,Sep7,0.0883018884507948,low,0.0,False,0.0747122459575416,False,0.1298035018280443,False,0.09230150687141589,False
validation:2026.9.7/log_21_2026-9-7-05-54-56.ulg:0:6425,2026.9.7/log_21_2026-9-7-05-54-56.ulg,0,6425,51,234190193,234693199,235698284,0.503006,Sep7,0.6083400230942224,high,0.0,False,0.16603464594726877,False,0.9995512126165293,True,0.5986350285238738,True
validation:2026.9.7/log_21_2026-9-7-05-54-56.ulg:0:6475,2026.9.7/log_21_2026-9-7-05-54-56.ulg,0,6475,51,235195481,235698284,236693579,0.502803,Sep7,0.36920236151090924,high,0.0,False,0.10757051897319464,False,0.6640721359198186,True,0.3026981225803178,True
validation:2026.9.7/log_21_2026-9-7-05-54-56.ulg:0:6525,2026.9.7/log_21_2026-9-7-05-54-56.ulg,0,6525,51,236190911,236693579,237688933,0.502668,Sep7,0.34768008944480105,high,0.6004601157757069,True,0.3123055938442231,True,0.07847043877102407,False,0.10847680506504792,False
validation:2026.9.7/log_21_2026-9-7-05-54-56.ulg:0:6575,2026.9.7/log_21_2026-9-7-05-54-56.ulg,0,6575,51,237196124,237688933,238694401,0.492809,Sep7,0.23650989585352783,middle,0.014343648716810865,False,0.23120573455517437,True,0.4150113628071386,False,0.1382104976295295,False
validation:2026.9.7/log_21_2026-9-7-05-54-56.ulg:0:6625,2026.9.7/log_21_2026-9-7-05-54-56.ulg,0,6625,51,238191596,238694401,239699629,0.502805,Sep7,0.2873852631460903,middle,0.3618143074731803,True,0.18181065907566643,True,0.42498898688921616,False,0.08212572417846312,False
validation:2026.9.7/log_21_2026-9-7-05-54-56.ulg:0:6675,2026.9.7/log_21_2026-9-7-05-54-56.ulg,0,6675,51,239196772,239699629,240694903,0.502857,Sep7,0.13808382151403018,low,0.013733407386115353,False,0.1821782353318041,True,0.1553815423795641,False,0.08382871501129725,False
validation:2026.9.7/log_21_2026-9-7-05-54-56.ulg:0:6725,2026.9.7/log_21_2026-9-7-05-54-56.ulg,0,6725,51,240192199,240694903,241690251,0.5027039999999999,Sep7,0.11576199333880202,low,0.007172038098178883,False,0.0859380266817507,False,0.2023823146630803,False,0.06445335859552821,False
validation:2026.9.7/log_21_2026-9-7-05-54-56.ulg:0:6775,2026.9.7/log_21_2026-9-7-05-54-56.ulg,0,6775,51,241197415,241690251,242695731,0.492836,Sep7,0.6280881019406311,high,0.010955469157337286,False,0.1871943254977905,True,1.1423496122548324,True,0.3376229416558149,True
validation:2026.9.7/log_21_2026-9-7-05-54-56.ulg:0:6825,2026.9.7/log_21_2026-9-7-05-54-56.ulg,0,6825,51,242192841,242695731,243690909,0.50289,Sep7,0.36391277444802717,high,0.011711889170892897,False,0.19994051662454163,True,0.5830190803933432,True,0.34559890639868135,True
validation:2026.9.7/log_21_2026-9-7-05-54-56.ulg:0:6875,2026.9.7/log_21_2026-9-7-05-54-56.ulg,0,6875,51,243198050,243690909,244696205,0.492859,Sep7,0.5522553672647528,high,0.0,False,0.24921680034044655,True,1.095275717523852,True,0.10217078879522262,False
validation:2026.9.7/log_21_2026-9-7-05-54-56.ulg:0:6925,2026.9.7/log_21_2026-9-7-05-54-56.ulg,0,6925,51,244193456,244696205,245691548,0.502749,Sep7,0.1473556253190358,low,0.0029278850338261084,False,0.14937802167533804,False,0.22878494412480113,False,0.11187584835824227,False
validation:2026.9.7/log_21_2026-9-7-05-54-56.ulg:0:6975,2026.9.7/log_21_2026-9-7-05-54-56.ulg,0,6975,51,245188968,245691548,246697551,0.50258,Sep7,0.1957540079689208,middle,0.24079058504793946,False,0.23566817204837168,True,0.15962250149337587,False,0.051145526197736935,False
validation:2026.9.7/log_21_2026-9-7-05-54-56.ulg:0:7025,2026.9.7/log_21_2026-9-7-05-54-56.ulg,0,7025,51,246194177,246697551,247692280,0.503374,Sep7,0.10013435519567275,low,0.014372717326000322,False,0.15326551273094838,False,0.11615058664834649,False,0.07546246162949902,False
validation:2026.9.7/log_21_2026-9-7-05-54-56.ulg:0:7075,2026.9.7/log_21_2026-9-7-05-54-56.ulg,0,7075,51,247189522,247692280,248697876,0.5027579999999999,Sep7,0.2862251119491135,middle,0.015524309020220348,False,0.3316849328761714,True,0.3780586740165279,False,0.15108228207020466,False
validation:2026.9.7/log_21_2026-9-7-05-54-56.ulg:0:7125,2026.9.7/log_21_2026-9-7-05-54-56.ulg,0,7125,51,248194774,248697876,249692847,0.5031019999999999,Sep7,0.12571254782138977,low,0.01016304588529221,False,0.12655616683703974,False,0.22883027613982215,False,0.04569936344783818,False
validation:2026.9.7/log_21_2026-9-7-05-54-56.ulg:0:7175,2026.9.7/log_21_2026-9-7-05-54-56.ulg,0,7175,51,249190185,249692847,250688455,0.5026619999999999,Sep7,0.15834093337554472,low,0.01710695535121818,False,0.07478374569502667,False,0.2692493200277117,False,0.13428335523779067,False
validation:2026.9.7/log_21_2026-9-7-05-54-56.ulg:0:7225,2026.9.7/log_21_2026-9-7-05-54-56.ulg,0,7225,51,250195440,250688455,251693536,0.493015,Sep7,0.10278330329918448,low,0.009277549140557676,False,0.1515790313072784,False,0.09025195208499417,False,0.09457157522055713,False
validation:2026.9.7/log_21_2026-9-7-05-54-56.ulg:0:7275,2026.9.7/log_21_2026-9-7-05-54-56.ulg,0,7275,51,251190858,251693536,252689012,0.502678,Sep7,0.3136017364243517,middle,0.008536178392938774,False,0.1843759059956867,True,0.6064155152470914,True,0.10229129745141417,False
validation:2026.9.7/log_21_2026-9-7-05-54-56.ulg:0:7325,2026.9.7/log_21_2026-9-7-05-54-56.ulg,0,7325,51,252196072,252689012,253694118,0.49294,Sep7,0.49758170232352045,high,0.1107591712828403,False,0.5066567512371405,True,0.7260596313194289,True,0.25068807747620564,True
validation:2026.9.7/log_21_2026-9-7-05-54-56.ulg:0:7375,2026.9.7/log_21_2026-9-7-05-54-56.ulg,0,7375,51,253191507,253694118,254689888,0.502611,Sep7,0.20472703927316743,middle,0.0020703273619530455,False,0.25497647804867435,True,0.20497586622762123,False,0.23675245050407462,True
validation:2026.9.7/log_21_2026-9-7-05-54-56.ulg:0:7425,2026.9.7/log_21_2026-9-7-05-54-56.ulg,0,7425,51,254186930,254689888,255695143,0.502958,Sep7,0.25648467782367307,middle,0.0,False,0.16195545581167908,False,0.4223569293532876,False,0.18476774026034948,False
validation:2026.9.7/log_21_2026-9-7-05-54-56.ulg:0:7475,2026.9.7/log_21_2026-9-7-05-54-56.ulg,0,7475,51,255192160,255695143,256690189,0.502983,Sep7,0.19197018746890615,middle,0.0,False,0.24291216274951014,True,0.2679767516162806,False,0.18067257289732194,False
validation:2026.9.7/log_21_2026-9-7-05-54-56.ulg:0:7525,2026.9.7/log_21_2026-9-7-05-54-56.ulg,0,7525,51,256197400,256690189,257695715,0.492789,Sep7,0.2869120281322597,middle,0.010142491274614683,False,0.20208155761077734,True,0.34502689436576184,False,0.42970266688025427,True
validation:2026.9.7/log_21_2026-9-7-05-54-56.ulg:0:7575,2026.9.7/log_21_2026-9-7-05-54-56.ulg,0,7575,51,257192795,257695715,258691344,0.5029199999999999,Sep7,0.34187092064796515,high,0.4161312602668121,True,0.14963560483272503,False,0.45539370601323953,False,0.22760180361255886,True
validation:2026.9.7/log_21_2026-9-7-05-54-56.ulg:0:7625,2026.9.7/log_21_2026-9-7-05-54-56.ulg,0,7625,51,258188250,258691344,259696356,0.5030939999999999,Sep7,0.25455729828741325,middle,0.03312593964457429,False,0.41212604021906885,True,0.2798843700770574,False,0.204514165455307,False
validation:2026.9.7/log_21_2026-9-7-05-54-56.ulg:0:7675,2026.9.7/log_21_2026-9-7-05-54-56.ulg,0,7675,51,259193484,259696356,260691827,0.502872,Sep7,0.32264760758271965,high,0.005856119103240681,False,0.1911077473777236,True,0.6363583737474883,True,0.054102666492241366,False
validation:2026.9.7/log_21_2026-9-7-05-54-56.ulg:0:7725,2026.9.7/log_21_2026-9-7-05-54-56.ulg,0,7725,51,260198713,260691827,261697027,0.493114,Sep7,0.5786903236780138,high,0.42369463175764643,True,0.18331552652091362,True,1.0273180087383837,True,0.0678395018453095,False
validation:2026.9.7/log_21_2026-9-7-05-54-56.ulg:0:7775,2026.9.7/log_21_2026-9-7-05-54-56.ulg,0,7775,51,261194148,261697027,262692124,0.502879,Sep7,0.25331175695869945,middle,0.0020703273619530455,False,0.26426044206155247,True,0.37299932950073644,False,0.1163411547797288,False
validation:2026.9.7/log_21_2026-9-7-05-54-56.ulg:0:7825,2026.9.7/log_21_2026-9-7-05-54-56.ulg,0,7825,51,262189515,262692124,263697684,0.502609,Sep7,0.12573658509705746,low,0.004140654723906091,False,0.09810478303414352,False,0.1802517665789055,False,0.1272450325082368,False
validation:2026.9.7/log_21_2026-9-7-05-54-56.ulg:0:7875,2026.9.7/log_21_2026-9-7-05-54-56.ulg,0,7875,51,263194801,263697684,264692752,0.502883,Sep7,0.44436388845279706,high,0.0,False,0.3676396292217408,True,0.848339690291322,True,0.1431517414791151,False
validation:2026.9.7/log_21_2026-9-7-05-54-56.ulg:0:7925,2026.9.7/log_21_2026-9-7-05-54-56.ulg,0,7925,51,264190163,264692752,265688181,0.502589,Sep7,0.5747821181493838,high,0.006866499052804568,False,0.31120432940827847,True,1.0256244559142718,True,0.07835564889056719,False
validation:2026.9.7/log_21_2026-9-7-05-54-56.ulg:0:7975,2026.9.7/log_21_2026-9-7-05-54-56.ulg,0,7975,51,265195412,265688181,266694020,0.4927689999999999,Sep7,0.23810522717711596,middle,0.355865852113844,True,0.15091269834884144,False,0.2357665427681628,False,0.11967608415087143,False
validation:2026.9.7/log_21_2026-9-7-05-54-56.ulg:0:8025,2026.9.7/log_21_2026-9-7-05-54-56.ulg,0,8025,51,266190820,266694020,267699094,0.5032,Sep7,0.14610547539125635,low,0.23345443072119984,False,0.11662675146615768,False,0.0897998248287335,False,0.09048476331797801,False
validation:2026.9.7/log_21_2026-9-7-05-54-56.ulg:0:8075,2026.9.7/log_21_2026-9-7-05-54-56.ulg,0,8075,51,267196127,267699094,268694168,0.5029669999999999,Sep7,0.2621025057655055,middle,0.44946739402953784,True,0.20956063118188167,True,0.11469321903842626,False,0.13143395310530417,False
validation:2026.9.7/log_21_2026-9-7-05-54-56.ulg:0:8125,2026.9.7/log_21_2026-9-7-05-54-56.ulg,0,8125,51,268191538,268694168,269689506,0.50263,Sep7,0.1906509397125266,middle,0.011711889170892897,False,0.12633747984060184,False,0.3141541257254645,False,0.1607187155873995,False
validation:2026.9.7/log_21_2026-9-7-05-54-56.ulg:0:8175,2026.9.7/log_21_2026-9-7-05-54-56.ulg,0,8175,51,269196731,269689506,270695054,0.4927749999999999,Sep7,0.24131108754534053,middle,0.005855944585446448,False,0.19080284219219626,True,0.400621524137293,False,0.0833504320916051,False
validation:2026.9.7/log_21_2026-9-7-05-54-56.ulg:0:8225,2026.9.7/log_21_2026-9-7-05-54-56.ulg,0,8225,51,270192161,270695054,271690188,0.5028929999999999,Sep7,0.11757695914470485,low,0.0,False,0.15605574140916245,False,0.1400976264761437,False,0.07174148938661294,False
validation:2026.9.7/log_21_2026-9-7-05-54-56.ulg:0:8275,2026.9.7/log_21_2026-9-7-05-54-56.ulg,0,8275,51,271197388,271690188,272695667,0.4927999999999999,Sep7,1.0452994340424415,high,0.0,False,0.19063168469986802,True,2.014857022765167,True,0.05423014257101564,False
validation:2026.9.7/log_21_2026-9-7-05-54-56.ulg:0:8325,2026.9.7/log_21_2026-9-7-05-54-56.ulg,0,8325,51,272192759,272695667,273690858,0.502908,Sep7,0.6715226093363966,high,0.0029278850338261084,False,0.21637809394229915,True,1.2365293252772067,True,0.2632804159518292,True
validation:2026.9.7/log_21_2026-9-7-05-54-56.ulg:0:8375,2026.9.7/log_21_2026-9-7-05-54-56.ulg,0,8375,51,273188240,273690858,274696393,0.502618,Sep7,0.08890783210064353,low,0.01934969750479963,False,0.08245624402125734,False,0.14216231588245534,False,0.04756400826072229,False
validation:2026.9.7/log_22_2026-9-7-06-01-40.ulg:0:25,2026.9.7/log_22_2026-9-7-06-01-40.ulg,0,25,51,53045213,53544180,54541971,0.498967,Sep7,0.2155755068844609,middle,0.0863612278632856,False,0.14089581284260885,False,0.28518635210555204,False,0.2629336117812158,True
validation:2026.9.7/log_22_2026-9-7-06-01-40.ulg:0:75,2026.9.7/log_22_2026-9-7-06-01-40.ulg,0,75,51,54042975,54541971,55539894,0.498996,Sep7,0.37474763796218985,high,0.349546529974819,True,0.1461179316796698,False,0.6035440341692919,True,0.08936812733887307,False
validation:2026.9.7/log_22_2026-9-7-06-01-40.ulg:0:125,2026.9.7/log_22_2026-9-7-06-01-40.ulg,0,125,51,55040838,55539894,56547641,0.499056,Sep7,0.26922656883958135,middle,0.05302720722090395,False,0.06839996516442348,False,0.40124997961651354,False,0.3340956325063773,True
validation:2026.9.7/log_22_2026-9-7-06-01-40.ulg:0:175,2026.9.7/log_22_2026-9-7-06-01-40.ulg,0,175,51,56048658,56547641,57545485,0.4989829999999999,Sep7,0.3036290967113746,middle,0.051676075865908416,False,0.15287811230523138,False,0.5339427175528867,True,0.13231538837519885,False
validation:2026.9.7/log_22_2026-9-7-06-01-40.ulg:0:225,2026.9.7/log_22_2026-9-7-06-01-40.ulg,0,225,51,57046554,57545485,58543329,0.4989309999999999,Sep7,0.12805144811450325,low,0.006866499052804568,False,0.11081760251000425,False,0.23721332044256827,False,0.041912996670954605,False
validation:2026.9.7/log_22_2026-9-7-06-01-40.ulg:0:275,2026.9.7/log_22_2026-9-7-06-01-40.ulg,0,275,51,58044407,58543329,59541236,0.498922,Sep7,0.28661895467761095,middle,0.005855770067652217,False,0.10637993356851223,False,0.5325532659403333,True,0.16076554113663757,False
validation:2026.9.7/log_22_2026-9-7-06-01-40.ulg:0:325,2026.9.7/log_22_2026-9-7-06-01-40.ulg,0,325,51,59042248,59541236,60549047,0.498988,Sep7,0.29347836854118986,middle,0.02111363015526065,False,0.10032559851614961,False,0.5675966873343151,True,0.11755809717763055,False
validation:2026.9.7/log_22_2026-9-7-06-01-40.ulg:0:375,2026.9.7/log_22_2026-9-7-06-01-40.ulg,0,375,51,60040119,60549047,61546949,0.5089279999999999,Sep7,0.29898417284299117,middle,0.005855770067652217,False,0.10327554021026109,False,0.5503002215178987,True,0.22273778991961238,False
validation:2026.9.7/log_22_2026-9-7-06-01-40.ulg:0:425,2026.9.7/log_22_2026-9-7-06-01-40.ulg,0,425,51,61048027,61546949,62544791,0.498922,Sep7,0.0799520807082438,low,0.020284982549229367,False,0.084264795929336,False,0.08228932917827228,False,0.10447992474827208,False
validation:2026.9.7/log_22_2026-9-7-06-01-40.ulg:0:475,2026.9.7/log_22_2026-9-7-06-01-40.ulg,0,475,51,62045856,62544791,63542654,0.4989349999999999,Sep7,0.21339888203275645,middle,0.0029278850338261084,False,0.09844574018816188,False,0.386083334278503,False,0.11211052169028685,False
validation:2026.9.7/log_22_2026-9-7-06-01-40.ulg:0:525,2026.9.7/log_22_2026-9-7-06-01-40.ulg,0,525,51,63043704,63542654,64550490,0.49895,Sep7,0.15630503042112612,low,0.013732998105609136,False,0.07076228771706222,False,0.26609663764037217,False,0.12521584161968768,False
validation:2026.9.7/log_22_2026-9-7-06-01-40.ulg:2:25,2026.9.7/log_22_2026-9-7-06-01-40.ulg,2,25,51,65447193,65940001,66945635,0.4928079999999999,Sep7,0.32563526499288253,high,0.02957067319366722,False,0.22309277047090942,True,0.565557125707789,True,0.0461359513253401,False
validation:2026.9.7/log_22_2026-9-7-06-01-40.ulg:2:75,2026.9.7/log_22_2026-9-7-06-01-40.ulg,2,75,51,66442640,66945635,67940735,0.502995,Sep7,0.07519485345101268,low,0.0,False,0.07037911099674717,False,0.12050841298164566,False,0.059115942858001064,False
validation:2026.9.7/log_22_2026-9-7-06-01-40.ulg:2:125,2026.9.7/log_22_2026-9-7-06-01-40.ulg,2,125,51,67447974,67940735,68946073,0.492761,Sep7,0.10854608879248642,low,0.0035859121792027157,False,0.08532882207635605,False,0.186325098829555,False,0.09072314778214699,False
validation:2026.9.7/log_22_2026-9-7-06-01-40.ulg:2:175,2026.9.7/log_22_2026-9-7-06-01-40.ulg,2,175,51,68443420,68946073,69941419,0.502653,Sep7,0.47320924192947156,high,0.0,False,0.108974654206265,False,0.8610281524314518,True,0.3667851599973491,True
validation:2026.9.7/log_22_2026-9-7-06-01-40.ulg:2:225,2026.9.7/log_22_2026-9-7-06-01-40.ulg,2,225,51,69448608,69941419,70946960,0.492811,Sep7,0.13550058131169113,low,0.023514854998911292,False,0.11725058456677394,False,0.23246194337945708,False,0.03395267311616914,False
validation:2026.9.7/log_22_2026-9-7-06-01-40.ulg:2:275,2026.9.7/log_22_2026-9-7-06-01-40.ulg,2,275,51,70444038,70946960,71942157,0.502922,Sep7,0.11866238918033405,low,0.009258785434009643,False,0.07373838605707415,False,0.16448138649794233,False,0.1574167851341794,False
validation:2026.9.7/log_22_2026-9-7-06-01-40.ulg:2:325,2026.9.7/log_22_2026-9-7-06-01-40.ulg,2,325,51,71449344,71942157,72947592,0.492813,Sep7,0.5033111423879215,high,0.0,False,0.10058363746655677,False,0.9902798073468894,True,0.13808146014746342,False
validation:2026.9.7/log_22_2026-9-7-06-01-40.ulg:2:375,2026.9.7/log_22_2026-9-7-06-01-40.ulg,2,375,51,72444769,72947592,73942838,0.502823,Sep7,0.1620921353273563,low,0.0,False,0.09642547838568712,False,0.2555736465859605,False,0.14283592505818196,False
validation:2026.9.7/log_22_2026-9-7-06-01-40.ulg:2:425,2026.9.7/log_22_2026-9-7-06-01-40.ulg,2,425,51,73440157,73942838,74948424,0.5026809999999999,Sep7,0.3259239626277662,high,0.0,False,0.3586293532477337,True,0.541139486502817,True,0.2073637782371499,False
validation:2026.9.7/log_22_2026-9-7-06-01-40.ulg:2:475,2026.9.7/log_22_2026-9-7-06-01-40.ulg,2,475,51,74445484,74948424,75943660,0.5029399999999999,Sep7,0.23762396369283414,middle,0.0,False,0.09723471272181834,False,0.4383901770422831,False,0.170406890320288,False
validation:2026.9.7/log_22_2026-9-7-06-01-40.ulg:2:525,2026.9.7/log_22_2026-9-7-06-01-40.ulg,2,525,51,75440881,75943660,76939099,0.502779,Sep7,0.23147259090152528,middle,0.0,False,0.06563932086218036,False,0.19951042989022755,False,0.4127592920332187,True
validation:2026.9.7/log_22_2026-9-7-06-01-40.ulg:2:575,2026.9.7/log_22_2026-9-7-06-01-40.ulg,2,575,51,76446199,76939099,77944363,0.4929,Sep7,0.32708221447939145,high,0.0,False,0.07260272162761024,False,0.6256547306561281,True,0.10550363301503828,False
validation:2026.9.7/log_22_2026-9-7-06-01-40.ulg:2:625,2026.9.7/log_22_2026-9-7-06-01-40.ulg,2,625,51,77441685,77944363,78949827,0.502678,Sep7,0.14655912640156307,low,0.0,False,0.14891527697490478,False,0.208617021397986,False,0.10040641555170601,False
validation:2026.9.7/log_22_2026-9-7-06-01-40.ulg:2:675,2026.9.7/log_22_2026-9-7-06-01-40.ulg,2,675,51,78446909,78949827,79945007,0.502918,Sep7,0.11937338949186953,low,0.0,False,0.09540608673950633,False,0.21765766520769764,False,0.050948497402010545,False
validation:2026.9.7/log_22_2026-9-7-06-01-40.ulg:2:725,2026.9.7/log_22_2026-9-7-06-01-40.ulg,2,725,51,79442357,79945007,80940533,0.5026499999999999,Sep7,0.7021082907574936,high,0.016691773021921843,False,0.1030369142658518,False,1.3518437923262248,True,0.2992823002369378,True
validation:2026.9.7/log_22_2026-9-7-06-01-40.ulg:2:775,2026.9.7/log_22_2026-9-7-06-01-40.ulg,2,775,51,80447594,80940533,81945739,0.4929389999999999,Sep7,0.9376338619483908,high,0.007171824358405432,False,0.10768516417948709,False,1.8500561322438547,True,0.12285299013946091,False
validation:2026.9.7/log_22_2026-9-7-06-01-40.ulg:2:825,2026.9.7/log_22_2026-9-7-06-01-40.ulg,2,825,51,81443043,81945739,82941369,0.502696,Sep7,0.30189467936126857,middle,0.0029278850338261084,False,0.11094625701203668,False,0.5690887072386901,True,0.17968608284116394,False
validation:2026.9.7/log_22_2026-9-7-06-01-40.ulg:2:875,2026.9.7/log_22_2026-9-7-06-01-40.ulg,2,875,51,82448308,82941369,83946414,0.4930609999999999,Sep7,0.14503055765632492,low,0.008281309447812182,False,0.0996964817790115,False,0.22223425264463903,False,0.12496337990342053,False
validation:2026.9.7/log_22_2026-9-7-06-01-40.ulg:2:925,2026.9.7/log_22_2026-9-7-06-01-40.ulg,2,925,51,83443821,83946414,84941918,0.502593,Sep7,0.1017573271497322,low,0.016432713996660495,False,0.05212517343941142,False,0.18614002293032345,False,0.04546491453804102,False
validation:2026.9.7/log_22_2026-9-7-06-01-40.ulg:2:975,2026.9.7/log_22_2026-9-7-06-01-40.ulg,2,975,51,84439182,84941918,85947177,0.502736,Sep7,0.47540206071790014,high,0.0,False,0.06461838221332408,False,0.9347815095557775,True,0.05212987983576016,False
validation:2026.9.7/log_22_2026-9-7-06-01-40.ulg:2:1025,2026.9.7/log_22_2026-9-7-06-01-40.ulg,2,1025,51,85444498,85947177,86942966,0.502679,Sep7,0.15122831698367775,low,0.0020703273619530455,False,0.21219219492278937,True,0.22222924903515565,False,0.08170255388397547,False
validation:2026.9.7/log_22_2026-9-7-06-01-40.ulg:2:1075,2026.9.7/log_22_2026-9-7-06-01-40.ulg,2,1075,51,86449751,86942966,87947859,0.4932149999999999,Sep7,0.19788880290067515,middle,0.004629392717004821,False,0.0897437597537299,False,0.3477290703153143,False,0.1754374815493386,False
validation:2026.9.7/log_22_2026-9-7-06-01-40.ulg:2:1125,2026.9.7/log_22_2026-9-7-06-01-40.ulg,2,1125,51,87445242,87947859,88943408,0.502617,Sep7,0.1918143285921423,middle,0.004140654723906091,False,0.11842954369988076,False,0.3741500381614629,False,0.036208504606428424,False
validation:2026.9.7/log_22_2026-9-7-06-01-40.ulg:2:1175,2026.9.7/log_22_2026-9-7-06-01-40.ulg,2,1175,51,88440670,88943408,89948703,0.502738,Sep7,0.09650718600015361,low,0.0,False,0.06104722563645023,False,0.1793348461090321,False,0.04667299107922996,False
validation:2026.9.7/log_22_2026-9-7-06-01-40.ulg:2:1225,2026.9.7/log_22_2026-9-7-06-01-40.ulg,2,1225,51,89445930,89948703,90944418,0.502773,Sep7,0.08025874381749533,low,0.0020703273619530455,False,0.053183062485943546,False,0.14480952211880055,False,0.03472452548196833,False
validation:2026.9.7/log_22_2026-9-7-06-01-40.ulg:2:1275,2026.9.7/log_22_2026-9-7-06-01-40.ulg,2,1275,51,90441370,90944418,91939455,0.5030479999999999,Sep7,0.10300271098501522,low,0.0,False,0.11079648250793697,False,0.17155314494743462,False,0.07198143367586951,False
validation:2026.9.7/log_22_2026-9-7-06-01-40.ulg:2:1325,2026.9.7/log_22_2026-9-7-06-01-40.ulg,2,1325,51,91446690,91939455,92944876,0.4927649999999999,Sep7,0.3087373214479,middle,0.0,False,0.08015512155607862,False,0.599898443509331,True,0.11565276959078792,False
validation:2026.9.7/log_22_2026-9-7-06-01-40.ulg:2:1375,2026.9.7/log_22_2026-9-7-06-01-40.ulg,2,1375,51,92442063,92944876,93950013,0.502813,Sep7,0.30510252380347985,middle,0.0,False,0.08594754823139657,False,0.5315897449096416,True,0.24587434510716344,True
validation:2026.9.7/log_22_2026-9-7-06-01-40.ulg:2:1425,2026.9.7/log_22_2026-9-7-06-01-40.ulg,2,1425,51,93447361,93950013,94945738,0.502652,Sep7,0.16870943719680215,low,0.01133964997561846,False,0.10448733548340798,False,0.2686251267022362,False,0.13514659778797244,False
validation:2026.9.7/log_22_2026-9-7-06-01-40.ulg:2:1475,2026.9.7/log_22_2026-9-7-06-01-40.ulg,2,1475,51,94442800,94945738,95940964,0.502938,Sep7,0.09527808893133578,low,0.014193971309995163,False,0.0856131962423539,False,0.13841248564036418,False,0.07511257796690092,False
validation:2026.9.7/log_22_2026-9-7-06-01-40.ulg:2:1525,2026.9.7/log_22_2026-9-7-06-01-40.ulg,2,1525,51,95448166,95940964,96946269,0.4927979999999999,Sep7,0.19890437988326504,middle,0.005855770067652217,False,0.14850809638045062,False,0.3710366350988278,False,0.11324090715149897,False
validation:2026.9.7/log_22_2026-9-7-06-01-40.ulg:2:1575,2026.9.7/log_22_2026-9-7-06-01-40.ulg,2,1575,51,96443518,96946269,97941674,0.502751,Sep7,0.454125585083663,high,0.0,False,0.1280960747474435,False,0.817352322519443,True,0.3830127137280567,True
validation:2026.9.7/log_22_2026-9-7-06-01-40.ulg:2:1625,2026.9.7/log_22_2026-9-7-06-01-40.ulg,2,1625,51,97448809,97941674,98947374,0.492865,Sep7,0.3232819886837696,high,0.010142491274614683,False,0.10650184310904864,False,0.6076475091260984,True,0.07404075873160225,False
validation:2026.9.7/log_22_2026-9-7-06-01-40.ulg:2:1675,2026.9.7/log_22_2026-9-7-06-01-40.ulg,2,1675,51,98444341,98947374,99942343,0.503033,Sep7,0.1796234971842068,middle,0.013093899931878901,False,0.16756294871178623,False,0.270780028285502,False,0.09635106241602505,False
validation:2026.9.7/log_22_2026-9-7-06-01-40.ulg:2:1725,2026.9.7/log_22_2026-9-7-06-01-40.ulg,2,1725,51,99449613,99942343,100947852,0.49273,Sep7,0.3166883174341807,middle,0.0029278850338261084,False,0.07550680301680819,False,0.615313723771624,True,0.08274704455795692,False
validation:2026.9.7/log_22_2026-9-7-06-01-40.ulg:2:1775,2026.9.7/log_22_2026-9-7-06-01-40.ulg,2,1775,51,100444965,100947852,101943137,0.502887,Sep7,0.3480736713225448,high,0.0,False,0.1957616245732237,True,0.5462262199977044,True,0.37384767463619006,True
validation:2026.9.7/log_22_2026-9-7-06-01-40.ulg:2:1825,2026.9.7/log_22_2026-9-7-06-01-40.ulg,2,1825,51,101440442,101943137,102948321,0.502695,Sep7,0.13252888857119138,low,0.0,False,0.05958150653973699,False,0.2439219302630989,False,0.06122483363414421,False
validation:2026.9.7/log_22_2026-9-7-06-01-40.ulg:2:1875,2026.9.7/log_22_2026-9-7-06-01-40.ulg,2,1875,51,102445739,102948321,103943841,0.502582,Sep7,0.10339021499870836,low,0.0,False,0.09013294253097613,False,0.19158174047442514,False,0.03466680206463127,False
validation:2026.9.7/log_22_2026-9-7-06-01-40.ulg:2:1925,2026.9.7/log_22_2026-9-7-06-01-40.ulg,2,1925,51,103441151,103943841,104939307,0.50269,Sep7,0.10975731237480964,low,0.0,False,0.13646773480133942,False,0.1882653266274594,False,0.039294153202310084,False
validation:2026.9.7/log_22_2026-9-7-06-01-40.ulg:2:1975,2026.9.7/log_22_2026-9-7-06-01-40.ulg,2,1975,51,104446397,104939307,105944576,0.4929099999999999,Sep7,0.12661629917983389,low,0.0,False,0.07064839337508452,False,0.2411277326458278,False,0.036619519983921496,False
validation:2026.9.7/log_22_2026-9-7-06-01-40.ulg:2:2025,2026.9.7/log_22_2026-9-7-06-01-40.ulg,2,2025,51,105441874,105944576,106949874,0.502702,Sep7,0.09066626346285307,low,0.0,False,0.13543760541448016,False,0.11127473115434192,False,0.05058595786040576,False
validation:2026.9.7/log_22_2026-9-7-06-01-40.ulg:2:2075,2026.9.7/log_22_2026-9-7-06-01-40.ulg,2,2075,51,106447162,106949874,107945250,0.5027119999999999,Sep7,0.06685373082654329,low,0.0,False,0.05271354523928967,False,0.1201161569542759,False,0.028156378004034515,False
validation:2026.9.7/log_22_2026-9-7-06-01-40.ulg:2:2125,2026.9.7/log_22_2026-9-7-06-01-40.ulg,2,2125,51,107442651,107945250,108940825,0.502599,Sep7,0.07633555688061648,low,0.0,False,0.0742311984833904,False,0.12165750307949044,False,0.042666469775622204,False
validation:2026.9.7/log_22_2026-9-7-06-01-40.ulg:2:2175,2026.9.7/log_22_2026-9-7-06-01-40.ulg,2,2175,51,108447870,108940825,109945955,0.492955,Sep7,0.08161831752937991,low,0.0,False,0.09169505188318892,False,0.12504293063637587,False,0.04561422835222439,False
validation:2026.9.7/log_22_2026-9-7-06-01-40.ulg:2:2225,2026.9.7/log_22_2026-9-7-06-01-40.ulg,2,2225,51,109443283,109945955,110941782,0.502672,Sep7,0.09384060437423451,low,0.0,False,0.06380309868642128,False,0.17052744806375128,False,0.0436285782139423,False
validation:2026.9.7/log_22_2026-9-7-06-01-40.ulg:2:2275,2026.9.7/log_22_2026-9-7-06-01-40.ulg,2,2275,51,110448572,110941782,111946663,0.49321,Sep7,0.10917359152986388,low,0.0,False,0.1356390710025662,False,0.16561506577815266,False,0.0596131197620217,False
validation:2026.9.7/log_22_2026-9-7-06-01-40.ulg:2:2325,2026.9.7/log_22_2026-9-7-06-01-40.ulg,2,2325,51,111444097,111946663,112942085,0.502566,Sep7,0.31811408316772105,middle,0.0,False,0.05965782038812636,False,0.6185862076199389,True,0.06492308256592512,False
validation:2026.9.7/log_22_2026-9-7-06-01-40.ulg:2:2375,2026.9.7/log_22_2026-9-7-06-01-40.ulg,2,2375,51,112439452,112942085,113947368,0.502633,Sep7,0.18875754218825272,middle,0.3061745680530729,True,0.12307731632971203,False,0.15775611265546285,False,0.07867608091605578,False
validation:2026.9.7/log_22_2026-9-7-06-01-40.ulg:2:2425,2026.9.7/log_22_2026-9-7-06-01-40.ulg,2,2425,51,113444762,113947368,114942864,0.502606,Sep7,0.14032332870591985,low,0.22625647344250374,False,0.10112454208936063,False,0.09495366415546268,False,0.08478180978433834,False
validation:2026.9.7/log_22_2026-9-7-06-01-40.ulg:2:2475,2026.9.7/log_22_2026-9-7-06-01-40.ulg,2,2475,51,114450079,114942864,115948298,0.492785,Sep7,0.20464616824300363,middle,0.0,False,0.05676786821401984,False,0.35751293639576376,False,0.17229962739674962,False
validation:2026.9.7/log_22_2026-9-7-06-01-40.ulg:2:2525,2026.9.7/log_22_2026-9-7-06-01-40.ulg,2,2525,51,115445520,115948298,116943744,0.502778,Sep7,0.09974903093226851,low,0.0,False,0.07596033217039962,False,0.15944836142107843,False,0.09311184376135039,False
validation:2026.9.7/log_22_2026-9-7-06-01-40.ulg:2:2575,2026.9.7/log_22_2026-9-7-06-01-40.ulg,2,2575,51,116440918,116943744,117948827,0.502826,Sep7,0.2197694230076245,middle,0.0,False,0.059171695905895896,False,0.3765868781777578,False,0.2013900524990321,False
validation:2026.9.7/log_22_2026-9-7-06-01-40.ulg:2:2625,2026.9.7/log_22_2026-9-7-06-01-40.ulg,2,2625,51,117446194,117948827,118944420,0.502633,Sep7,0.21343599005156574,middle,0.0,False,0.08275038054980491,False,0.39974261082404744,False,0.0644581920433294,False
validation:2026.9.7/log_22_2026-9-7-06-01-40.ulg:2:2675,2026.9.7/log_22_2026-9-7-06-01-40.ulg,2,2675,51,118441613,118944420,119939711,0.502807,Sep7,0.06515617282207725,low,0.0020703273619530455,False,0.05452142188537155,False,0.11411677528618377,False,0.03515921516990589,False
validation:2026.9.7/log_22_2026-9-7-06-01-40.ulg:2:2725,2026.9.7/log_22_2026-9-7-06-01-40.ulg,2,2725,51,119446900,119939711,120944974,0.492811,Sep7,0.3607924301588409,high,0.0020703273619530455,False,0.10666408406803535,False,0.5638192418513295,True,0.4444536503782903,True
validation:2026.9.7/log_22_2026-9-7-06-01-40.ulg:2:2775,2026.9.7/log_22_2026-9-7-06-01-40.ulg,2,2775,51,120442359,120944974,121950273,0.5026149999999999,Sep7,0.223628129333929,middle,0.0,False,0.13056201905456113,False,0.4376375427764927,False,0.05795472302281805,False
validation:2026.9.7/log_22_2026-9-7-06-01-40.ulg:2:2825,2026.9.7/log_22_2026-9-7-06-01-40.ulg,2,2825,51,121447644,121950273,122945762,0.502629,Sep7,0.27671687973438325,middle,0.002070450764668784,False,0.12641348634290947,False,0.5504818037045486,True,0.03606268670368859,False
validation:2026.9.7/log_22_2026-9-7-06-01-40.ulg:2:2875,2026.9.7/log_22_2026-9-7-06-01-40.ulg,2,2875,51,122443053,122945762,123941191,0.502709,Sep7,0.10874308169133455,low,0.0,False,0.15588618033050025,False,0.12833435033053892,False,0.058896586645877796,False
validation:2026.9.7/log_22_2026-9-7-06-01-40.ulg:2:2925,2026.9.7/log_22_2026-9-7-06-01-40.ulg,2,2925,51,123448404,123941191,124946473,0.492787,Sep7,0.26725504751111107,middle,0.0,False,0.11677398755547205,False,0.4926290416387075,False,0.03846010881374639,False
validation:2026.9.7/log_22_2026-9-7-06-01-40.ulg:2:2975,2026.9.7/log_22_2026-9-7-06-01-40.ulg,2,2975,51,124443824,124946473,125941859,0.502649,Sep7,0.19628449328686826,middle,0.0,False,0.22057924766456785,True,0.3418955277527617,False,0.08739673459848625,False
validation:2026.9.7/log_22_2026-9-7-06-01-40.ulg:2:3025,2026.9.7/log_22_2026-9-7-06-01-40.ulg,2,3025,51,125449082,125941859,126947151,0.4927769999999999,Sep7,0.13376494751985218,low,0.0,False,0.14627368375662594,False,0.21274597860004274,False,0.1023484319899882,False
validation:2026.9.7/log_22_2026-9-7-06-01-40.ulg:2:3075,2026.9.7/log_22_2026-9-7-06-01-40.ulg,2,3075,51,126444549,126947151,127942600,0.502602,Sep7,0.14389642463728988,low,0.0,False,0.06592990927167149,False,0.2661123420910547,False,0.05210054690356373,False
validation:2026.9.7/log_22_2026-9-7-06-01-40.ulg:2:3125,2026.9.7/log_22_2026-9-7-06-01-40.ulg,2,3125,51,127439965,127942600,128947898,0.5026349999999999,Sep7,0.14089539397429413,low,0.003586125918976167,False,0.08414894427102203,False,0.24429194826957215,False,0.08702913559442738,False
validation:2026.9.7/log_22_2026-9-7-06-01-40.ulg:2:3175,2026.9.7/log_22_2026-9-7-06-01-40.ulg,2,3175,51,128445223,128947898,129943294,0.502675,Sep7,0.20571086780192455,middle,0.002070450764668784,False,0.060690555522455426,False,0.3635996961495359,False,0.1774893584097883,False
validation:2026.9.7/log_22_2026-9-7-06-01-40.ulg:2:3225,2026.9.7/log_22_2026-9-7-06-01-40.ulg,2,3225,51,129440659,129943294,130948652,0.5026349999999999,Sep7,0.11668885728570799,low,0.002070450764668784,False,0.08397528893648971,False,0.13083922508232398,False,0.180518315699232,False
validation:2026.9.7/log_22_2026-9-7-06-01-40.ulg:2:3275,2026.9.7/log_22_2026-9-7-06-01-40.ulg,2,3275,51,130445981,130948652,131944085,0.502671,Sep7,0.11869210841212949,low,0.0,False,0.07496521463533118,False,0.20657624703820945,False,0.06509872385700216,False
validation:2026.9.7/log_22_2026-9-7-06-01-40.ulg:2:3325,2026.9.7/log_22_2026-9-7-06-01-40.ulg,2,3325,51,131441387,131944085,132939551,0.502698,Sep7,0.14782135026902216,low,0.0,False,0.09452433264868748,False,0.22701945530160952,False,0.13819675496052997,False
validation:2026.9.7/log_22_2026-9-7-06-01-40.ulg:2:3375,2026.9.7/log_22_2026-9-7-06-01-40.ulg,2,3375,51,132446696,132939551,133944793,0.492855,Sep7,0.08685797746162466,low,0.0,False,0.06809621798742758,False,0.1423433979560112,False,0.06709537478203749,False
validation:2026.9.7/log_22_2026-9-7-06-01-40.ulg:2:3425,2026.9.7/log_22_2026-9-7-06-01-40.ulg,2,3425,51,133442207,133944793,134950030,0.502586,Sep7,0.15209850888148052,low,0.0,False,0.0739331739934748,False,0.2913071014667689,False,0.026974196086036697,False
validation:2026.9.7/log_22_2026-9-7-06-01-40.ulg:2:3475,2026.9.7/log_22_2026-9-7-06-01-40.ulg,2,3475,51,134447439,134950030,135945479,0.502591,Sep7,0.15014106746041853,low,0.0,False,0.08740414115959724,False,0.2908617196179829,False,0.035427477026492626,False
validation:2026.9.7/log_22_2026-9-7-06-01-40.ulg:2:3525,2026.9.7/log_22_2026-9-7-06-01-40.ulg,2,3525,51,135442916,135945479,136940875,0.502563,Sep7,0.11412481585456644,low,0.0,False,0.09521161387232005,False,0.20557639089795754,False,0.06804946783424556,False
validation:2026.9.7/log_22_2026-9-7-06-01-40.ulg:2:3575,2026.9.7/log_22_2026-9-7-06-01-40.ulg,2,3575,51,136438279,136940875,137946192,0.5025959999999999,Sep7,0.13945346928610905,low,0.0,False,0.0636662838049975,False,0.2496870699903851,False,0.11308862704752284,False
validation:2026.9.7/log_22_2026-9-7-06-01-40.ulg:2:3625,2026.9.7/log_22_2026-9-7-06-01-40.ulg,2,3625,51,137443547,137946192,138941618,0.502645,Sep7,0.061922926998294194,low,0.026351450077694436,False,0.0665517942121871,False,0.0828209155966578,False,0.052045381280345644,False
validation:2026.9.7/log_22_2026-9-7-06-01-40.ulg:2:3675,2026.9.7/log_22_2026-9-7-06-01-40.ulg,2,3675,51,138448916,138941618,139946982,0.492702,Sep7,0.3173245370504349,middle,0.00414077812662183,False,0.11327726161018888,False,0.625461048918539,True,0.05605077348653079,False
validation:2026.9.7/log_22_2026-9-7-06-01-40.ulg:2:3725,2026.9.7/log_22_2026-9-7-06-01-40.ulg,2,3725,51,139444434,139946982,140942470,0.502548,Sep7,0.08972363693797368,low,0.007172038098178883,False,0.09822604280798147,False,0.15758475407474418,False,0.033361885926923,False
validation:2026.9.7/log_22_2026-9-7-06-01-40.ulg:2:3775,2026.9.7/log_22_2026-9-7-06-01-40.ulg,2,3775,51,140439719,140942470,141947654,0.502751,Sep7,0.09548675025466809,low,0.0,False,0.13109102077490278,False,0.1407468289848024,False,0.04727069811063511,False
validation:2026.9.7/log_22_2026-9-7-06-01-40.ulg:2:3825,2026.9.7/log_22_2026-9-7-06-01-40.ulg,2,3825,51,141445099,141947654,142943187,0.502555,Sep7,0.07808772756384487,low,0.0,False,0.06819099489439892,False,0.13095356706541378,False,0.03279051391382599,False
validation:2026.9.7/log_22_2026-9-7-06-01-40.ulg:2:3875,2026.9.7/log_22_2026-9-7-06-01-40.ulg,2,3875,51,142450273,142943187,143948375,0.4929139999999999,Sep7,0.07490566108430374,low,0.0,False,0.0859980767631107,False,0.12162266025583468,False,0.023572678116480117,False
validation:2026.9.7/log_22_2026-9-7-06-01-40.ulg:2:3925,2026.9.7/log_22_2026-9-7-06-01-40.ulg,2,3925,51,143445725,143948375,144943792,0.5026499999999999,Sep7,0.16442288384589074,low,0.1782669308430184,False,0.07395575381229272,False,0.2545309964952293,False,0.04950903671513755,False
validation:2026.9.7/log_22_2026-9-7-06-01-40.ulg:2:3975,2026.9.7/log_22_2026-9-7-06-01-40.ulg,2,3975,51,144441218,144943792,145949061,0.502574,Sep7,0.24692841232537235,middle,0.009928941226031279,False,0.2218151520584206,True,0.37352576144933197,False,0.14875821560688296,False
validation:2026.9.7/log_22_2026-9-7-06-01-40.ulg:2:4025,2026.9.7/log_22_2026-9-7-06-01-40.ulg,2,4025,51,145446426,145949061,146944503,0.5026349999999999,Sep7,0.11575297546032869,low,0.0,False,0.08084228715523097,False,0.21323765142661325,False,0.055934710289741944,False
validation:2026.9.7/log_22_2026-9-7-06-01-40.ulg:2:4075,2026.9.7/log_22_2026-9-7-06-01-40.ulg,2,4075,51,146441857,146944503,147939944,0.5026459999999999,Sep7,0.2768062252893383,middle,0.0,False,0.06755855442435313,False,0.5211419863522904,True,0.13392037190262546,False
validation:2026.9.7/log_22_2026-9-7-06-01-40.ulg:2:4125,2026.9.7/log_22_2026-9-7-06-01-40.ulg,2,4125,51,147447206,147939944,148945230,0.4927379999999999,Sep7,0.29384149847826896,middle,0.0,False,0.21099941628071422,True,0.399903534741917,False,0.32694150480699746,True
validation:2026.9.7/log_22_2026-9-7-06-01-40.ulg:2:4175,2026.9.7/log_22_2026-9-7-06-01-40.ulg,2,4175,51,148442643,148945230,149950547,0.502587,Sep7,0.1038864738762033,low,0.0,False,0.08353050812161704,False,0.1558713144482339,False,0.11799716013927829,False
validation:2026.9.7/log_22_2026-9-7-06-01-40.ulg:2:4225,2026.9.7/log_22_2026-9-7-06-01-40.ulg,2,4225,51,149447935,149950547,150946010,0.502612,Sep7,0.22710777966028717,middle,0.0,False,0.19541819122729048,True,0.39531721557905347,False,0.1773484620231637,False
validation:2026.9.7/log_22_2026-9-7-06-01-40.ulg:2:4275,2026.9.7/log_22_2026-9-7-06-01-40.ulg,2,4275,51,150443290,150946010,151941478,0.50272,Sep7,0.5412255044538403,high,0.005071245637307342,False,0.15297945094712784,False,0.8161467418484335,True,0.6439114492137112,True
validation:2026.9.7/log_22_2026-9-7-06-01-40.ulg:2:4325,2026.9.7/log_22_2026-9-7-06-01-40.ulg,2,4325,51,151448612,151941478,152946679,0.4928659999999999,Sep7,0.11015033581148367,low,0.0020703273619530455,False,0.14432625756942533,False,0.16154770389608947,False,0.062487736985356805,False
validation:2026.9.7/log_22_2026-9-7-06-01-40.ulg:2:4375,2026.9.7/log_22_2026-9-7-06-01-40.ulg,2,4375,51,152444124,152946679,153942094,0.502555,Sep7,0.13113780257856303,low,0.0020703273619530455,False,0.0918565975695171,False,0.24514661023576104,False,0.06645986549907716,False
validation:2026.9.7/log_22_2026-9-7-06-01-40.ulg:2:4425,2026.9.7/log_22_2026-9-7-06-01-40.ulg,2,4425,51,153449351,153942094,154947370,0.492743,Sep7,0.09865508730724025,low,0.009710696086498232,False,0.12027508432857138,False,0.15963281675207308,False,0.06137093691326374,False
validation:2026.9.7/log_22_2026-9-7-06-01-40.ulg:2:4475,2026.9.7/log_22_2026-9-7-06-01-40.ulg,2,4475,51,154444759,154947370,155942826,0.502611,Sep7,0.08390701177486454,low,0.0035859121792027157,False,0.07020198180720284,False,0.13565442875734887,False,0.07703564567886319,False
validation:2026.9.7/log_22_2026-9-7-06-01-40.ulg:2:4525,2026.9.7/log_22_2026-9-7-06-01-40.ulg,2,4525,51,155440189,155942826,156948248,0.502637,Sep7,0.10062943406710882,low,0.005071245637307342,False,0.09882305891798164,False,0.17881071875455298,False,0.048523503902975475,False
validation:2026.9.7/log_22_2026-9-7-06-01-40.ulg:2:4575,2026.9.7/log_22_2026-9-7-06-01-40.ulg,2,4575,51,156445442,156948248,157943638,0.502806,Sep7,0.16713546809392338,low,0.0035859121792027157,False,0.09266000620084497,False,0.3052566155899135,False,0.03461984323649238,False
validation:2026.9.7/log_22_2026-9-7-06-01-40.ulg:2:4625,2026.9.7/log_22_2026-9-7-06-01-40.ulg,2,4625,51,157440971,157943638,158948817,0.502667,Sep7,0.10697752814391004,low,0.0029278850338261084,False,0.07315399282717806,False,0.1927233926701323,False,0.046462800457437906,False
validation:2026.9.7/log_22_2026-9-7-06-01-40.ulg:2:4675,2026.9.7/log_22_2026-9-7-06-01-40.ulg,2,4675,51,158446213,158948817,159944373,0.5026039999999999,Sep7,0.11891574776141917,low,0.0071718243584054315,False,0.08354891791721368,False,0.20778148879899852,False,0.04075092834171636,False
validation:2026.9.7/log_22_2026-9-7-06-01-40.ulg:2:4725,2026.9.7/log_22_2026-9-7-06-01-40.ulg,2,4725,51,159441698,159944373,160939693,0.502675,Sep7,0.1464255016512972,low,0.0,False,0.07329733524086293,False,0.24855189422662863,False,0.13335574524295823,False
validation:2026.9.7/log_22_2026-9-7-06-01-40.ulg:2:4775,2026.9.7/log_22_2026-9-7-06-01-40.ulg,2,4775,51,160446880,160939693,161944954,0.492813,Sep7,0.2128118719622572,middle,0.0,False,0.12133727644105859,False,0.36955354422322195,False,0.18100106507675282,False
validation:2026.9.7/log_22_2026-9-7-06-01-40.ulg:2:4825,2026.9.7/log_22_2026-9-7-06-01-40.ulg,2,4825,51,161442352,161944954,162940437,0.502602,Sep7,0.5359163659044581,high,0.0,False,0.1171317748930779,False,1.021207772423014,True,0.12384569127164291,False
validation:2026.9.7/log_22_2026-9-7-06-01-40.ulg:2:4875,2026.9.7/log_22_2026-9-7-06-01-40.ulg,2,4875,51,162447599,162940437,163945668,0.492838,Sep7,0.1477013280277985,low,0.0,False,0.12399570355165755,False,0.239306515414628,False,0.07953275707975276,False
validation:2026.9.7/log_22_2026-9-7-06-01-40.ulg:2:4925,2026.9.7/log_22_2026-9-7-06-01-40.ulg,2,4925,51,163443030,163945668,164941108,0.502638,Sep7,0.10066215651694074,low,0.0020703273619530455,False,0.11385697761697772,False,0.15233881914043468,False,0.08369342505204194,False
validation:2026.9.7/log_22_2026-9-7-06-01-40.ulg:2:4975,2026.9.7/log_22_2026-9-7-06-01-40.ulg,2,4975,51,164448331,164941108,165946508,0.4927769999999999,Sep7,0.3139945087875395,middle,0.0020703273619530455,False,0.09980293688876818,False,0.5901960943063203,True,0.19829927527050692,False
validation:2026.9.7/log_22_2026-9-7-06-01-40.ulg:2:5025,2026.9.7/log_22_2026-9-7-06-01-40.ulg,2,5025,51,165443755,165946508,166941830,0.502753,Sep7,0.2021493986179237,middle,0.005855770067652218,False,0.09637564155666842,False,0.30950247068785347,False,0.24897667167988052,True
validation:2026.9.7/log_22_2026-9-7-06-01-40.ulg:2:5075,2026.9.7/log_22_2026-9-7-06-01-40.ulg,2,5075,51,166449105,166941830,167947162,0.4927249999999999,Sep7,0.10323074284936369,low,0.0,False,0.059072728519812205,False,0.17704621381556138,False,0.09230993572153429,False
validation:2026.9.7/log_22_2026-9-7-06-01-40.ulg:2:5125,2026.9.7/log_22_2026-9-7-06-01-40.ulg,2,5125,51,167444584,167947162,168942551,0.502578,Sep7,0.40422140450281113,high,0.0020703273619530455,False,0.06836351539654721,False,0.7670323570978623,True,0.17204242829171015,False
validation:2026.9.7/log_22_2026-9-7-06-01-40.ulg:2:5175,2026.9.7/log_22_2026-9-7-06-01-40.ulg,2,5175,51,168439970,168942551,169947830,0.5025809999999999,Sep7,0.2531675764583303,middle,0.0020703273619530455,False,0.06727765631803642,False,0.4803613494242755,False,0.12703187516167022,False
validation:2026.9.7/log_22_2026-9-7-06-01-40.ulg:2:5225,2026.9.7/log_22_2026-9-7-06-01-40.ulg,2,5225,51,169445221,169947830,170943275,0.502609,Sep7,0.16208267873161217,low,0.0,False,0.06325734409425522,False,0.29832490831681835,False,0.07878864369264874,False
validation:2026.9.7/log_22_2026-9-7-06-01-40.ulg:2:5275,2026.9.7/log_22_2026-9-7-06-01-40.ulg,2,5275,51,170450487,170943275,171948597,0.492788,Sep7,0.10688551101498572,low,0.004140654723906091,False,0.0730576385683387,False,0.183581472647724,False,0.07482034866770014,False
validation:2026.9.7/log_22_2026-9-7-06-01-40.ulg:2:5325,2026.9.7/log_22_2026-9-7-06-01-40.ulg,2,5325,51,171445887,171948597,172943971,0.50271,Sep7,0.23844557461796678,middle,0.0,False,0.08548582051201568,False,0.41652335705360405,False,0.22511854516506266,False
validation:2026.9.7/log_22_2026-9-7-06-01-40.ulg:2:5375,2026.9.7/log_22_2026-9-7-06-01-40.ulg,2,5375,51,172441383,172943971,173949270,0.5025879999999999,Sep7,0.1362305716368279,low,0.0,False,0.05574647087505355,False,0.2328478436101893,False,0.12408821026142917,False
validation:2026.9.7/log_22_2026-9-7-06-01-40.ulg:2:5425,2026.9.7/log_22_2026-9-7-06-01-40.ulg,2,5425,51,173446667,173949270,174944723,0.502603,Sep7,0.1963826417656699,middle,0.0,False,0.0768547878277368,False,0.3876404513210231,False,0.027610531807145882,False
validation:2026.9.7/log_22_2026-9-7-06-01-40.ulg:2:5475,2026.9.7/log_22_2026-9-7-06-01-40.ulg,2,5475,51,174442092,174944723,175940111,0.5026309999999999,Sep7,0.19160875721409995,middle,0.0,False,0.35301060738862605,True,0.12785770653190287,False,0.026222721123233452,False
validation:2026.9.7/log_22_2026-9-7-06-01-40.ulg:2:5525,2026.9.7/log_22_2026-9-7-06-01-40.ulg,2,5525,51,175447327,175940111,176945423,0.492784,Sep7,0.19420105316083683,middle,0.0,False,0.14518244034720348,False,0.3567578865377105,False,0.10935741865671775,False
validation:2026.9.7/log_22_2026-9-7-06-01-40.ulg:2:5575,2026.9.7/log_22_2026-9-7-06-01-40.ulg,2,5575,51,176442929,176945423,177950716,0.502494,Sep7,0.16454289473524092,low,0.0,False,0.2798260973468378,True,0.19373466336304987,False,0.08571439623617401,False
validation:2026.9.7/log_22_2026-9-7-06-01-40.ulg:2:5625,2026.9.7/log_22_2026-9-7-06-01-40.ulg,2,5625,51,177448174,177950716,178946164,0.5025419999999999,Sep7,0.4596908521757784,high,0.0,False,0.05364164486686437,False,0.8321106824469859,True,0.3458402714472176,True
validation:2026.9.7/log_22_2026-9-7-06-01-40.ulg:2:5675,2026.9.7/log_22_2026-9-7-06-01-40.ulg,2,5675,51,178443494,178946164,179941534,0.50267,Sep7,0.31607892975246227,middle,0.0,False,0.14236380235137305,False,0.5754134422335955,True,0.10098194860429993,False
validation:2026.9.7/log_22_2026-9-7-06-01-40.ulg:2:5725,2026.9.7/log_22_2026-9-7-06-01-40.ulg,2,5725,51,179448833,179941534,180946877,0.492701,Sep7,0.1710788371996773,low,0.0,False,0.11438190586269235,False,0.2498294528985669,False,0.1986075417500371,False
validation:2026.9.7/log_22_2026-9-7-06-01-40.ulg:2:5775,2026.9.7/log_22_2026-9-7-06-01-40.ulg,2,5775,51,180444431,180946877,181942362,0.502446,Sep7,0.136864288704341,low,0.0,False,0.06263798066796175,False,0.25332035264556685,False,0.07884908476541264,False
validation:2026.9.7/log_22_2026-9-7-06-01-40.ulg:2:5825,2026.9.7/log_22_2026-9-7-06-01-40.ulg,2,5825,51,181449516,181942362,182947603,0.4928459999999999,Sep7,0.6825473827011611,high,0.0,False,0.08410059544433907,False,1.1804743618819655,True,0.6526951748258605,True
validation:2026.9.7/log_22_2026-9-7-06-01-40.ulg:2:5875,2026.9.7/log_22_2026-9-7-06-01-40.ulg,2,5875,51,182444937,182947603,183942986,0.502666,Sep7,0.13601312067801477,low,0.0,False,0.0595430741252281,False,0.24923872897605848,False,0.09874747668217698,False
validation:2026.9.7/log_22_2026-9-7-06-01-40.ulg:2:5925,2026.9.7/log_22_2026-9-7-06-01-40.ulg,2,5925,51,183440415,183942986,184948253,0.502571,Sep7,0.09436951131803278,low,0.0,False,0.07367234237955612,False,0.17929048734671876,False,0.030625137352052034,False
validation:2026.9.7/log_22_2026-9-7-06-01-40.ulg:2:5975,2026.9.7/log_22_2026-9-7-06-01-40.ulg,2,5975,51,184445789,184948253,185943687,0.502464,Sep7,0.09856896818635166,low,0.0,False,0.08031841161501184,False,0.1641679069163524,False,0.08160565268252762,False
validation:2026.9.7/log_22_2026-9-7-06-01-40.ulg:2:6025,2026.9.7/log_22_2026-9-7-06-01-40.ulg,2,6025,51,185441082,185943687,186948958,0.502605,Sep7,0.1367704645944029,low,0.0,False,0.15743411536552598,False,0.17936782422939015,False,0.09728939780126457,False
validation:2026.9.7/log_22_2026-9-7-06-01-40.ulg:2:6075,2026.9.7/log_22_2026-9-7-06-01-40.ulg,2,6075,51,186446419,186948958,187944420,0.502539,Sep7,0.2177174838488222,middle,0.0,False,0.08219115106008822,False,0.4087021520302192,False,0.03975528772663879,False
validation:2026.9.7/log_22_2026-9-7-06-01-40.ulg:2:6125,2026.9.7/log_22_2026-9-7-06-01-40.ulg,2,6125,51,187441788,187944420,188939818,0.502632,Sep7,0.1602150692987401,low,0.0,False,0.26943841220605347,True,0.18028899510615012,False,0.0545626599823382,False
validation:2026.9.7/log_22_2026-9-7-06-01-40.ulg:2:6175,2026.9.7/log_22_2026-9-7-06-01-40.ulg,2,6175,51,188447499,188939818,189945205,0.4923189999999999,Sep7,0.14383588055099308,low,0.0,False,0.08070152633146559,False,0.2066871161669097,False,0.17599388566727436,False
validation:2026.9.7/log_22_2026-9-7-06-01-40.ulg:2:6225,2026.9.7/log_22_2026-9-7-06-01-40.ulg,2,6225,51,189442527,189945205,190940658,0.502678,Sep7,0.10303544661408735,low,0.0,False,0.06659038434325663,False,0.15845170614117862,False,0.11346873182609285,False
validation:2026.9.7/log_22_2026-9-7-06-01-40.ulg:2:6275,2026.9.7/log_22_2026-9-7-06-01-40.ulg,2,6275,51,190447852,190940658,191945859,0.4928059999999999,Sep7,0.08071322084430188,low,0.0,False,0.09078747410859918,False,0.11940913643636401,False,0.029117138764494555,False
validation:2026.9.7/log_22_2026-9-7-06-01-40.ulg:2:6325,2026.9.7/log_22_2026-9-7-06-01-40.ulg,2,6325,51,191443225,191945859,192941372,0.502634,Sep7,0.5055480660032472,high,0.0,False,0.13828108671141204,False,0.9692855767222279,True,0.23200856276098047,True
validation:2026.9.7/log_22_2026-9-7-06-01-40.ulg:2:6375,2026.9.7/log_22_2026-9-7-06-01-40.ulg,2,6375,51,192438877,192941372,193946569,0.502495,Sep7,0.18012549157674612,middle,0.0,False,0.1861803483939108,True,0.20104697680647915,False,0.20823295015174523,False
validation:2026.9.7/log_22_2026-9-7-06-01-40.ulg:2:6425,2026.9.7/log_22_2026-9-7-06-01-40.ulg,2,6425,51,193443928,193946569,194941997,0.502641,Sep7,0.26484948730762625,middle,0.0,False,0.22940547353781085,True,0.37407320379969233,False,0.3372621319581867,True
validation:2026.9.7/log_22_2026-9-7-06-01-40.ulg:2:6475,2026.9.7/log_22_2026-9-7-06-01-40.ulg,2,6475,51,194449266,194941997,195947329,0.492731,Sep7,0.2835474434093712,middle,0.0,False,0.17976233918219583,True,0.48511236060671736,False,0.27666176172021956,True
validation:2026.9.7/log_22_2026-9-7-06-01-40.ulg:2:6525,2026.9.7/log_22_2026-9-7-06-01-40.ulg,2,6525,51,195444733,195947329,196942708,0.5025959999999999,Sep7,0.21348668285788963,middle,0.0,False,0.17752506725424727,False,0.20132197152522846,False,0.3407623427895261,True
validation:2026.9.7/log_22_2026-9-7-06-01-40.ulg:2:6575,2026.9.7/log_22_2026-9-7-06-01-40.ulg,2,6575,51,196440338,196942708,197948086,0.50237,Sep7,0.1416307475840662,low,0.0,False,0.11775030650640564,False,0.2379314003127624,False,0.12316430830694655,False
validation:2026.9.7/log_22_2026-9-7-06-01-40.ulg:2:6625,2026.9.7/log_22_2026-9-7-06-01-40.ulg,2,6625,51,197445352,197948086,198943396,0.502734,Sep7,0.1550282561803326,low,0.0,False,0.09509341635398366,False,0.2582473731982376,False,0.16113061647718688,False
validation:2026.9.7/log_22_2026-9-7-06-01-40.ulg:2:6675,2026.9.7/log_22_2026-9-7-06-01-40.ulg,2,6675,51,198440826,198943396,199938893,0.50257,Sep7,0.2736326356776832,middle,0.0326697543326675,False,0.062383927887183686,False,0.3886608531108406,False,0.36878242394177674,True
validation:2026.9.7/log_22_2026-9-7-06-01-40.ulg:2:6725,2026.9.7/log_22_2026-9-7-06-01-40.ulg,2,6725,51,199446071,199938893,200944198,0.492822,Sep7,0.3271574575007737,high,0.006547340199590635,False,0.09471619588158806,False,0.6237390522104724,True,0.08978608761923688,False
validation:2026.9.7/log_22_2026-9-7-06-01-40.ulg:2:6775,2026.9.7/log_22_2026-9-7-06-01-40.ulg,2,6775,51,200441774,200944198,201949378,0.502424,Sep7,0.1370948725020381,low,0.008281309447812182,False,0.09483067944028047,False,0.24154780673965076,False,0.06105917908836266,False
validation:2026.9.7/log_22_2026-9-7-06-01-40.ulg:2:6825,2026.9.7/log_22_2026-9-7-06-01-40.ulg,2,6825,51,201446767,201949378,202944811,0.502611,Sep7,0.08868767084835738,low,0.11925655738293506,False,0.06947430174192182,False,0.08821037272624435,False,0.06687190927333667,False
validation:2026.9.7/log_22_2026-9-7-06-01-40.ulg:2:6875,2026.9.7/log_22_2026-9-7-06-01-40.ulg,2,6875,51,202442265,202944811,203940284,0.5025459999999999,Sep7,0.1342825134567021,low,0.0,False,0.0733836732740329,False,0.24022567748604498,False,0.09570177571559847,False
validation:2026.9.7/log_22_2026-9-7-06-01-40.ulg:2:6925,2026.9.7/log_22_2026-9-7-06-01-40.ulg,2,6925,51,203447490,203940284,204945581,0.4927939999999999,Sep7,0.10578433607880111,low,0.008018821330704614,False,0.1531730226687756,False,0.1116645720986216,False,0.08269511492416197,False
validation:2026.9.7/log_22_2026-9-7-06-01-40.ulg:2:6975,2026.9.7/log_22_2026-9-7-06-01-40.ulg,2,6975,51,204443194,204945581,205950847,0.502387,Sep7,0.2595142083307078,middle,0.003586125918976167,False,0.10421266107176434,False,0.498521006266216,True,0.12225402461406912,False
validation:2026.9.7/log_22_2026-9-7-06-01-40.ulg:2:7025,2026.9.7/log_22_2026-9-7-06-01-40.ulg,2,7025,51,205448249,205950847,206946290,0.502598,Sep7,0.16776363687860843,low,0.007465116395336928,False,0.17758184769861993,False,0.24780710834015787,False,0.11490533836246661,False
validation:2026.9.7/log_22_2026-9-7-06-01-40.ulg:2:7075,2026.9.7/log_22_2026-9-7-06-01-40.ulg,2,7075,51,206443777,206946290,207941686,0.502513,Sep7,0.3300067501114492,high,0.0029280595516203403,False,0.09635295174665376,False,0.6497347758773138,True,0.08282887793514203,False
validation:2026.9.7/log_22_2026-9-7-06-01-40.ulg:2:7125,2026.9.7/log_22_2026-9-7-06-01-40.ulg,2,7125,51,207448934,207941686,208946952,0.4927519999999999,Sep7,0.191218008981519,middle,0.005856119103240681,False,0.07782109545690431,False,0.32431865960980744,False,0.17467244377214158,False
validation:2026.9.7/log_22_2026-9-7-06-01-40.ulg:2:7175,2026.9.7/log_22_2026-9-7-06-01-40.ulg,2,7175,51,208444739,208946952,209942412,0.502213,Sep7,0.12471240414364265,low,0.005856119103240681,False,0.10371635105894125,False,0.20595855642685187,False,0.11060625055620939,False
validation:2026.9.7/log_22_2026-9-7-06-01-40.ulg:2:7225,2026.9.7/log_22_2026-9-7-06-01-40.ulg,2,7225,51,209449637,209942412,210947651,0.4927749999999999,Sep7,0.15898965668985404,low,0.002070450764668784,False,0.13773755750957073,False,0.15385723925712014,False,0.2450621098651942,True
validation:2026.9.7/log_22_2026-9-7-06-01-40.ulg:2:7275,2026.9.7/log_22_2026-9-7-06-01-40.ulg,2,7275,51,210445105,210947651,211943081,0.5025459999999999,Sep7,0.19760930325288678,middle,0.006547340199590635,False,0.06208834458090419,False,0.35441864454681254,False,0.13986348866844373,False
validation:2026.9.7/log_22_2026-9-7-06-01-40.ulg:2:7325,2026.9.7/log_22_2026-9-7-06-01-40.ulg,2,7325,51,211440560,211943081,212948421,0.502521,Sep7,0.17271580889624127,low,0.0,False,0.0798584260910614,False,0.1407496931558437,False,0.3030215750678732,True
validation:2026.9.7/log_22_2026-9-7-06-01-40.ulg:2:7375,2026.9.7/log_22_2026-9-7-06-01-40.ulg,2,7375,51,212446068,212948421,213943811,0.5023529999999999,Sep7,0.1432011432511509,low,0.002070450764668784,False,0.08263217208470283,False,0.2494595494413437,False,0.11547245411918515,False
validation:2026.9.7/log_22_2026-9-7-06-01-40.ulg:2:7425,2026.9.7/log_22_2026-9-7-06-01-40.ulg,2,7425,51,213441171,213943811,214949108,0.50264,Sep7,0.11293976161022276,low,0.0,False,0.12881644820976137,False,0.13154210106684505,False,0.11337999277462452,False
validation:2026.9.7/log_22_2026-9-7-06-01-40.ulg:2:7475,2026.9.7/log_22_2026-9-7-06-01-40.ulg,2,7475,51,214446548,214949108,215944530,0.50256,Sep7,0.3672141097031054,high,0.0,False,0.05040490791382645,False,0.7076302108354798,True,0.1514850198653837,False
validation:2026.9.7/log_22_2026-9-7-06-01-40.ulg:2:7525,2026.9.7/log_22_2026-9-7-06-01-40.ulg,2,7525,51,215441946,215944530,216939931,0.502584,Sep7,0.14738178590767598,low,0.0,False,0.14450072038483172,False,0.2345711281787655,False,0.08864153217923636,False
validation:2026.9.7/log_22_2026-9-7-06-01-40.ulg:2:7575,2026.9.7/log_22_2026-9-7-06-01-40.ulg,2,7575,51,216447487,216939931,217945237,0.492444,Sep7,0.2264634181070034,middle,0.0,False,0.14020461875963847,False,0.4382676100402669,False,0.08687440716230242,False
validation:2026.9.7/log_22_2026-9-7-06-01-40.ulg:2:7625,2026.9.7/log_22_2026-9-7-06-01-40.ulg,2,7625,51,217442622,217945237,218940633,0.5026149999999999,Sep7,0.28910416920589566,middle,0.01242254005242045,False,0.07968384616388216,False,0.5398774421119032,True,0.1782344698594638,False
validation:2026.9.7/log_22_2026-9-7-06-01-40.ulg:2:7675,2026.9.7/log_22_2026-9-7-06-01-40.ulg,2,7675,51,218448011,218940633,219945941,0.492622,Sep7,0.3740591006593822,high,0.0,False,0.09168048378459248,False,0.3726972164807762,False,0.6390494595763192,True
validation:2026.9.7/log_22_2026-9-7-06-01-40.ulg:2:7725,2026.9.7/log_22_2026-9-7-06-01-40.ulg,2,7725,51,219443381,219945941,220941377,0.50256,Sep7,0.1780841668334816,middle,0.06556837070035407,False,0.09629629161928448,False,0.3316995183231884,False,0.05360778263456435,False
validation:2026.9.7/log_22_2026-9-7-06-01-40.ulg:2:7775,2026.9.7/log_22_2026-9-7-06-01-40.ulg,2,7775,51,220439056,220941377,221946626,0.502321,Sep7,0.2663956986314305,middle,0.010351710851865419,False,0.13174665004574374,False,0.5186924433754353,True,0.07820452966303819,False
validation:2026.9.7/log_22_2026-9-7-06-01-40.ulg:2:7825,2026.9.7/log_22_2026-9-7-06-01-40.ulg,2,7825,51,221444163,221946626,222942103,0.502463,Sep7,0.1791960726700723,middle,0.008281309447812182,False,0.12244742673415968,False,0.3203738678602351,False,0.11386392260737031,False
validation:2026.9.7/log_22_2026-9-7-06-01-40.ulg:2:7875,2026.9.7/log_22_2026-9-7-06-01-40.ulg,2,7875,51,222449455,222942103,223947364,0.492648,Sep7,0.1987792299945858,middle,0.0035859121792027157,False,0.23001782568673332,True,0.23588761947939374,False,0.16238606968320923,False
validation:2026.9.7/log_22_2026-9-7-06-01-40.ulg:2:7925,2026.9.7/log_22_2026-9-7-06-01-40.ulg,2,7925,51,223444817,223947364,224942782,0.502547,Sep7,0.5314772783635842,high,0.016432713996660495,False,0.05818802902659935,False,1.028784117853905,True,0.19545599942016817,False
validation:2026.9.7/log_22_2026-9-7-06-01-40.ulg:2:7975,2026.9.7/log_22_2026-9-7-06-01-40.ulg,2,7975,51,224440430,224942782,225948064,0.502352,Sep7,0.37600789174627447,high,0.004629392717004821,False,0.11194950859916554,False,0.698836753879392,True,0.14771336604111235,False
validation:2026.9.7/log_22_2026-9-7-06-01-40.ulg:2:8025,2026.9.7/log_22_2026-9-7-06-01-40.ulg,2,8025,51,225445450,225948064,226943472,0.502614,Sep7,0.19886540189582824,middle,0.0237868304641515,False,0.198959864576971,True,0.3160881518463341,False,0.17418413222384163,False
validation:2026.9.7/log_22_2026-9-7-06-01-40.ulg:2:8075,2026.9.7/log_22_2026-9-7-06-01-40.ulg,2,8075,51,226440946,226943472,227938883,0.502526,Sep7,0.44863547155098543,high,0.0,False,0.17940990946226487,True,0.8155591741166492,True,0.17156966387101935,False
validation:2026.9.7/log_22_2026-9-7-06-01-40.ulg:2:8125,2026.9.7/log_22_2026-9-7-06-01-40.ulg,2,8125,51,227446171,227938883,228944252,0.492712,Sep7,0.10358837868937971,low,0.0,False,0.09304135529677365,False,0.1734807855164286,False,0.03993849693281772,False
validation:2026.9.7/log_22_2026-9-7-06-01-40.ulg:2:8175,2026.9.7/log_22_2026-9-7-06-01-40.ulg,2,8175,51,228441900,228944252,229949479,0.502352,Sep7,0.12339190309460456,low,0.0,False,0.07200888016248891,False,0.20564382569951273,False,0.10058472248438498,False
validation:2026.9.7/log_22_2026-9-7-06-01-40.ulg:2:8225,2026.9.7/log_22_2026-9-7-06-01-40.ulg,2,8225,51,229446916,229949479,230944910,0.502563,Sep7,0.33493564744755955,high,0.0029278850338261084,False,0.17209914045858699,False,0.5702932620324489,True,0.21319144549405297,False
validation:2026.9.7/log_22_2026-9-7-06-01-40.ulg:2:8275,2026.9.7/log_22_2026-9-7-06-01-40.ulg,2,8275,51,230442428,230944910,231940390,0.502482,Sep7,0.3450527605455422,high,0.0074646714605178,False,0.1601783038273359,False,0.608902986197944,True,0.2044581949025557,False
validation:2026.9.7/log_22_2026-9-7-06-01-40.ulg:2:8325,2026.9.7/log_22_2026-9-7-06-01-40.ulg,2,8325,51,231447608,231940390,232945628,0.492782,Sep7,0.5969205048560363,high,0.5502742000513129,True,0.1816124188681401,True,0.950996446153738,True,0.2886783058863767,True
validation:2026.9.7/log_22_2026-9-7-06-01-40.ulg:2:8375,2026.9.7/log_22_2026-9-7-06-01-40.ulg,2,8375,51,232443289,232945628,233950886,0.502339,Sep7,0.2400065505001951,middle,0.11196559043850693,False,0.09406361078934877,False,0.4258685573519279,False,0.11149670831734514,False
validation:2026.9.7/log_22_2026-9-7-06-01-40.ulg:2:8425,2026.9.7/log_22_2026-9-7-06-01-40.ulg,2,8425,51,233448292,233950886,234946301,0.502594,Sep7,0.5125228131730837,high,0.3864473635037436,True,0.15271138837557416,False,0.898606027138941,True,0.19518704936639175,False
validation:2026.9.7/log_22_2026-9-7-06-01-40.ulg:2:8475,2026.9.7/log_22_2026-9-7-06-01-40.ulg,2,8475,51,234443769,234946301,235941729,0.502532,Sep7,0.10084744139585489,low,0.00948743184948807,False,0.0639200191220829,False,0.1337821108149119,False,0.13931000961990883,False
validation:2026.9.7/log_22_2026-9-7-06-01-40.ulg:2:8525,2026.9.7/log_22_2026-9-7-06-01-40.ulg,2,8525,51,235448965,235941729,236947017,0.492764,Sep7,0.20381191451061542,middle,0.1910234119474364,False,0.1419843832693002,False,0.28396576158655856,False,0.10708414597683819,False
validation:2026.9.7/log_23_2026-9-7-06-09-22.ulg:0:25,2026.9.7/log_23_2026-9-7-06-09-22.ulg,0,25,51,26295505,26798076,27803620,0.502571,Sep7,0.3353698498706459,high,0.058923286801504327,False,0.3547880968245701,True,0.3592530438858674,False,0.47791372962124856,True
validation:2026.9.7/log_23_2026-9-7-06-09-22.ulg:0:75,2026.9.7/log_23_2026-9-7-06-09-22.ulg,0,75,51,27300712,27803620,28798714,0.502908,Sep7,0.8956365695716388,high,0.18528209249571262,False,0.20875746710418525,True,1.2803311655218967,True,1.220856459603285,True
validation:2026.9.7/log_23_2026-9-7-06-09-22.ulg:0:125,2026.9.7/log_23_2026-9-7-06-09-22.ulg,0,125,51,28296065,28798714,29804214,0.502649,Sep7,0.44108862522954356,high,0.09126025345168925,False,0.05909928242449623,False,0.7649647912609561,True,0.3873973981904976,True
validation:2026.9.7/log_23_2026-9-7-06-09-22.ulg:0:175,2026.9.7/log_23_2026-9-7-06-09-22.ulg,0,175,51,29301297,29804214,30799344,0.502917,Sep7,0.1316536562333237,low,0.027465996211218268,False,0.20392052825077486,True,0.15906885093281617,False,0.07150706797460304,False
validation:2026.9.7/log_23_2026-9-7-06-09-22.ulg:0:225,2026.9.7/log_23_2026-9-7-06-09-22.ulg,0,225,51,30296712,30799344,31794992,0.502632,Sep7,0.12479616154622439,low,0.013093899931878901,False,0.045848353841644235,False,0.22855223817557568,False,0.07801536197616847,False
validation:2026.9.7/log_23_2026-9-7-06-09-22.ulg:0:275,2026.9.7/log_23_2026-9-7-06-09-22.ulg,0,275,51,31301978,31794992,32800089,0.4930139999999999,Sep7,0.17780077931519012,middle,0.00801834339404168,False,0.08848960887936821,False,0.32707315296778944,False,0.11940405296656986,False
validation:2026.9.7/log_23_2026-9-7-06-09-22.ulg:0:325,2026.9.7/log_23_2026-9-7-06-09-22.ulg,0,325,51,32297319,32800089,33805207,0.5027699999999999,Sep7,0.10956301041620864,low,0.04057039961699588,False,0.12022967437673171,False,0.14748450965593995,False,0.07518904523487963,False
validation:2026.9.7/log_23_2026-9-7-06-09-22.ulg:0:375,2026.9.7/log_23_2026-9-7-06-09-22.ulg,0,375,51,33302562,33805207,34800579,0.502645,Sep7,0.2133561502039794,middle,0.00948743184948807,False,0.12316181467993027,False,0.3564092345642508,False,0.137773510289449,False
validation:2026.9.7/log_23_2026-9-7-06-09-22.ulg:0:425,2026.9.7/log_23_2026-9-7-06-09-22.ulg,0,425,51,34298020,34800579,35796411,0.502559,Sep7,0.10957281656465227,low,0.021812615339604272,False,0.07288856910355623,False,0.19138613265053941,False,0.08445193209395514,False
validation:2026.9.7/log_23_2026-9-7-06-09-22.ulg:0:475,2026.9.7/log_23_2026-9-7-06-09-22.ulg,0,475,51,35303248,35796411,36801350,0.4931629999999999,Sep7,0.20096913677964795,middle,0.0029278850338261084,False,0.0887331432535529,False,0.38631407346121527,False,0.09521600128250067,False
validation:2026.9.7/log_23_2026-9-7-06-09-22.ulg:0:525,2026.9.7/log_23_2026-9-7-06-09-22.ulg,0,525,51,36298639,36801350,37796659,0.502711,Sep7,0.08861914779805159,low,0.0,False,0.0931386130253792,False,0.12600207276115152,False,0.07951556251893933,False
validation:2026.9.7/log_23_2026-9-7-06-09-22.ulg:0:575,2026.9.7/log_23_2026-9-7-06-09-22.ulg,0,575,51,37303854,37796659,38801883,0.492805,Sep7,0.43549578971948216,high,0.008281309447812182,False,0.07556540279127828,False,0.7833571732724212,True,0.3349345534985455,True
validation:2026.9.7/log_23_2026-9-7-06-09-22.ulg:0:625,2026.9.7/log_23_2026-9-7-06-09-22.ulg,0,625,51,38299252,38801883,39797356,0.5026309999999999,Sep7,0.289628834127727,middle,0.008536687195370252,False,0.059944363072036246,False,0.5506205806405116,True,0.13656907608301222,False
validation:2026.9.7/log_23_2026-9-7-06-09-22.ulg:0:675,2026.9.7/log_23_2026-9-7-06-09-22.ulg,0,675,51,39294651,39797356,40802618,0.502705,Sep7,0.189257824960065,middle,0.006546949965939451,False,0.057760855265612136,False,0.35638273779627827,False,0.09237537626800828,False
validation:2026.9.7/log_23_2026-9-7-06-09-22.ulg:0:725,2026.9.7/log_23_2026-9-7-06-09-22.ulg,0,725,51,40299944,40802618,41797989,0.502674,Sep7,0.6719056566310039,high,0.0029278850338261084,False,0.21854727452443026,True,1.1595604682009502,True,0.5150853580210512,True
validation:2026.9.7/log_23_2026-9-7-06-09-22.ulg:0:775,2026.9.7/log_23_2026-9-7-06-09-22.ulg,0,775,51,41305153,41797989,42803200,0.492836,Sep7,0.22336954656746963,middle,0.005071245637307342,False,0.1882605355826325,True,0.3259675451027536,False,0.2659667439422402,True
validation:2026.9.7/log_23_2026-9-7-06-09-22.ulg:0:825,2026.9.7/log_23_2026-9-7-06-09-22.ulg,0,825,51,42300555,42803200,43798623,0.502645,Sep7,0.09856979951064597,low,0.0470750676440755,False,0.0732099930554078,False,0.16374544093564022,False,0.07356596924038396,False
validation:2026.9.7/log_23_2026-9-7-06-09-22.ulg:0:875,2026.9.7/log_23_2026-9-7-06-09-22.ulg,0,875,51,43295982,43798623,44803905,0.502641,Sep7,0.1139360802958209,low,0.006866499052804568,False,0.15683167482729818,False,0.14683136390363222,False,0.07257120906465879,False
validation:2026.9.7/log_23_2026-9-7-06-09-22.ulg:0:925,2026.9.7/log_23_2026-9-7-06-09-22.ulg,0,925,51,44301241,44803905,45799252,0.502664,Sep7,0.14646426469622914,low,0.009258785434009643,False,0.24031154887119335,True,0.15711548717671248,False,0.09599338756889407,False
validation:2026.9.7/log_23_2026-9-7-06-09-22.ulg:0:975,2026.9.7/log_23_2026-9-7-06-09-22.ulg,0,975,51,45296698,45799252,46794704,0.502554,Sep7,0.37463903156876677,high,0.036744839375853815,False,0.3015145764490051,True,0.46920763774975555,False,0.4529864290443646,True
validation:2026.9.7/log_23_2026-9-7-06-09-22.ulg:0:1025,2026.9.7/log_23_2026-9-7-06-09-22.ulg,0,1025,51,46301945,46794704,47799936,0.492759,Sep7,0.3640154883096989,high,0.007171824358405432,False,0.3290085143757708,True,0.5185398433603947,True,0.275397888536687,True
validation:2026.9.7/log_23_2026-9-7-06-09-22.ulg:0:1075,2026.9.7/log_23_2026-9-7-06-09-22.ulg,0,1075,51,47297293,47799936,48805203,0.502643,Sep7,0.1804934187359035,middle,0.005855770067652217,False,0.19121118647803978,True,0.2546018703809565,False,0.11734303578588924,False
validation:2026.9.7/log_23_2026-9-7-06-09-22.ulg:0:1125,2026.9.7/log_23_2026-9-7-06-09-22.ulg,0,1125,51,48302574,48805203,49800634,0.502629,Sep7,0.18006321202367953,middle,0.008281309447812182,False,0.07407852326156107,False,0.3083370014623015,False,0.14710793899777866,False
validation:2026.9.7/log_23_2026-9-7-06-09-22.ulg:0:1175,2026.9.7/log_23_2026-9-7-06-09-22.ulg,0,1175,51,49298028,49800634,50796037,0.502606,Sep7,0.3865135372057092,high,0.019421392172996464,False,0.09533017365712794,False,0.7233112952933738,True,0.15277316584520345,False
validation:2026.9.7/log_23_2026-9-7-06-09-22.ulg:0:1225,2026.9.7/log_23_2026-9-7-06-09-22.ulg,0,1225,51,50303286,50796037,51801270,0.492751,Sep7,0.5116332458689216,high,0.0,False,0.1487664854804976,False,0.9436944098379203,True,0.3899123307516389,True
validation:2026.9.7/log_23_2026-9-7-06-09-22.ulg:0:1275,2026.9.7/log_23_2026-9-7-06-09-22.ulg,0,1275,51,51298662,51801270,52796693,0.5026079999999999,Sep7,0.5029214587347477,high,0.0020703273619530455,False,0.052989640358804324,False,0.9833206750888412,True,0.11483319356505141,False
validation:2026.9.7/log_23_2026-9-7-06-09-22.ulg:0:1325,2026.9.7/log_23_2026-9-7-06-09-22.ulg,0,1325,51,52303898,52796693,53802008,0.492795,Sep7,0.14960207994885363,low,0.012593431427049086,False,0.08381753746319387,False,0.23003849943052287,False,0.15764780085680985,False
validation:2026.9.7/log_23_2026-9-7-06-09-22.ulg:0:1375,2026.9.7/log_23_2026-9-7-06-09-22.ulg,0,1375,51,53299433,53802008,54797360,0.502575,Sep7,0.14494778343417897,low,0.0,False,0.06358990361674567,False,0.2516791494412956,False,0.12105655917993237,False
validation:2026.9.7/log_23_2026-9-7-06-09-22.ulg:0:1425,2026.9.7/log_23_2026-9-7-06-09-22.ulg,0,1425,51,54304674,54797360,55802689,0.4926859999999999,Sep7,0.16277618286098366,low,0.008536178392938774,False,0.07298088307784592,False,0.30031890717732024,False,0.11608675351306606,False
validation:2026.9.7/log_23_2026-9-7-06-09-22.ulg:0:1475,2026.9.7/log_23_2026-9-7-06-09-22.ulg,0,1475,51,55300089,55802689,56798072,0.5025999999999999,Sep7,0.11760244660751625,low,0.0,False,0.062421504453067315,False,0.17078497287340602,False,0.15391499764053812,False
validation:2026.9.7/log_23_2026-9-7-06-09-22.ulg:0:1525,2026.9.7/log_23_2026-9-7-06-09-22.ulg,0,1525,51,56295534,56798072,57803410,0.5025379999999999,Sep7,0.28341041308851783,middle,0.029497710978957002,False,0.12842303754662024,False,0.4853708459089968,False,0.20940334652901801,False
validation:2026.9.7/log_23_2026-9-7-06-09-22.ulg:0:1575,2026.9.7/log_23_2026-9-7-06-09-22.ulg,0,1575,51,57300708,57803410,58798740,0.502702,Sep7,0.15256294851240138,low,0.00828155625324366,False,0.1466867026924913,False,0.2348823418549004,False,0.07238852725099354,False
validation:2026.9.7/log_23_2026-9-7-06-09-22.ulg:0:1625,2026.9.7/log_23_2026-9-7-06-09-22.ulg,0,1625,51,58296181,58798740,59794164,0.502559,Sep7,0.21835742268532066,middle,0.010142793548301115,False,0.1109342468264348,False,0.42069087487696477,False,0.08775245366980505,False
validation:2026.9.7/log_23_2026-9-7-06-09-22.ulg:0:1675,2026.9.7/log_23_2026-9-7-06-09-22.ulg,0,1675,51,59301398,59794164,60799482,0.492766,Sep7,0.15421771199637796,low,0.005855944585446448,False,0.11250976609767704,False,0.19430097847960137,False,0.19425144493344465,False
validation:2026.9.7/log_23_2026-9-7-06-09-22.ulg:0:1725,2026.9.7/log_23_2026-9-7-06-09-22.ulg,0,1725,51,60296787,60799482,61804735,0.502695,Sep7,0.37867103428300397,high,0.009259061370870642,False,0.20015468547337073,True,0.7290641568180422,True,0.18689910019007586,False
validation:2026.9.7/log_23_2026-9-7-06-09-22.ulg:0:1775,2026.9.7/log_23_2026-9-7-06-09-22.ulg,0,1775,51,61302155,61804735,62800127,0.50258,Sep7,0.36533571603614945,high,0.0,False,0.09150001816763455,False,0.6439876612005806,True,0.3325741229703482,True
validation:2026.9.7/log_23_2026-9-7-06-09-22.ulg:0:1825,2026.9.7/log_23_2026-9-7-06-09-22.ulg,0,1825,51,62297553,62800127,63795534,0.502574,Sep7,0.21288132463450793,middle,0.0,False,0.07219478003810094,False,0.27978258745967427,False,0.30328765365577104,True
validation:2026.9.7/log_23_2026-9-7-06-09-22.ulg:0:1875,2026.9.7/log_23_2026-9-7-06-09-22.ulg,0,1875,51,63302832,63795534,64800881,0.492702,Sep7,0.24565704211903677,middle,0.007172038098178883,False,0.22174808852117137,True,0.3420153110160555,False,0.3101484179644443,True
validation:2026.9.7/log_23_2026-9-7-06-09-22.ulg:0:1925,2026.9.7/log_23_2026-9-7-06-09-22.ulg,0,1925,51,64298252,64800881,65796290,0.502629,Sep7,0.34858888122300313,high,0.0168199354529199,False,0.5024881770383758,True,0.21350409975941792,False,0.38774253774998846,True
validation:2026.9.7/log_23_2026-9-7-06-09-22.ulg:0:1975,2026.9.7/log_23_2026-9-7-06-09-22.ulg,0,1975,51,65303433,65796290,66801503,0.492857,Sep7,0.11378207091195293,low,0.0035859121792027157,False,0.0998946721456363,False,0.13004284087198154,False,0.14806551202660118,False
validation:2026.9.7/log_23_2026-9-7-06-09-22.ulg:0:2025,2026.9.7/log_23_2026-9-7-06-09-22.ulg,0,2025,51,66298867,66801503,67796908,0.502636,Sep7,0.11954581225299812,low,0.007171824358405432,False,0.08149104383128088,False,0.21673561022857699,False,0.08428171662446239,False
validation:2026.9.7/log_23_2026-9-7-06-09-22.ulg:0:2075,2026.9.7/log_23_2026-9-7-06-09-22.ulg,0,2075,51,67294357,67796908,68802309,0.502551,Sep7,0.09279858116900584,low,0.009710696086498232,False,0.06827288087736341,False,0.16972833020584294,False,0.050373687536316505,False
validation:2026.9.7/log_23_2026-9-7-06-09-22.ulg:0:2125,2026.9.7/log_23_2026-9-7-06-09-22.ulg,0,2125,51,68299550,68802309,69797650,0.502759,Sep7,0.6836240368953992,high,0.0,False,0.0901770367740489,False,1.3194456460525994,True,0.2412072967311002,True
validation:2026.9.7/log_23_2026-9-7-06-09-22.ulg:0:2175,2026.9.7/log_23_2026-9-7-06-09-22.ulg,0,2175,51,69304853,69797650,70802984,0.492797,Sep7,0.4445310351654387,high,0.004140654723906091,False,0.13527674056184202,False,0.8795101765063194,True,0.04813773329698415,False
validation:2026.9.7/log_23_2026-9-7-06-09-22.ulg:0:2225,2026.9.7/log_23_2026-9-7-06-09-22.ulg,0,2225,51,70300415,70802984,71798351,0.5025689999999999,Sep7,0.19446569988535367,middle,0.0035859121792027157,False,0.09747871056990504,False,0.3455130433714308,False,0.11621286475502106,False
validation:2026.9.7/log_23_2026-9-7-06-09-22.ulg:1:25,2026.9.7/log_23_2026-9-7-06-09-22.ulg,1,25,51,72458718,72961494,73956817,0.502776,Sep7,0.21967139307124992,middle,0.1097274011816775,False,0.1420779410707125,False,0.3451717051224451,False,0.1365670869011715,False
validation:2026.9.7/log_23_2026-9-7-06-09-22.ulg:1:75,2026.9.7/log_23_2026-9-7-06-09-22.ulg,1,75,51,73463930,73956817,74961977,0.4928869999999999,Sep7,0.22245928641299445,middle,0.36010728168140016,True,0.09553497569938466,False,0.16620238877544752,False,0.16096714175925586,False
validation:2026.9.7/log_23_2026-9-7-06-09-22.ulg:1:125,2026.9.7/log_23_2026-9-7-06-09-22.ulg,1,125,51,74459365,74961977,75957423,0.502612,Sep7,0.37067791074157214,high,0.24867469017962962,False,0.2831294692472491,True,0.6454241201151533,True,0.20280101916433077,False
validation:2026.9.7/log_23_2026-9-7-06-09-22.ulg:1:175,2026.9.7/log_23_2026-9-7-06-09-22.ulg,1,175,51,75464630,75957423,76962662,0.492793,Sep7,0.22425948678865282,middle,0.38915844161476076,True,0.12239477260120052,False,0.12039146424440852,False,0.12534093146703526,False
validation:2026.9.7/log_23_2026-9-7-06-09-22.ulg:1:225,2026.9.7/log_23_2026-9-7-06-09-22.ulg,1,225,51,76460080,76962662,77958179,0.502582,Sep7,0.22585268447023762,middle,0.14458978546552798,False,0.08681506429426132,False,0.285620854204073,False,0.30639848632337957,True
validation:2026.9.7/log_23_2026-9-7-06-09-22.ulg:1:275,2026.9.7/log_23_2026-9-7-06-09-22.ulg,1,275,51,77455451,77958179,78963438,0.502728,Sep7,0.2424607652391984,middle,0.3841170810522314,True,0.09070019694158511,False,0.26688034511578285,False,0.06943879261896292,False
validation:2026.9.7/log_23_2026-9-7-06-09-22.ulg:1:325,2026.9.7/log_23_2026-9-7-06-09-22.ulg,1,325,51,78460786,78963438,79958891,0.502652,Sep7,0.1563834377640627,low,0.12154094779008323,False,0.10097601819184572,False,0.21798797282506652,False,0.13682627002777856,False
validation:2026.9.7/log_23_2026-9-7-06-09-22.ulg:1:375,2026.9.7/log_23_2026-9-7-06-09-22.ulg,1,375,51,79456268,79958891,80964108,0.5026229999999999,Sep7,0.19183970441088985,middle,0.18146739356114225,False,0.07065496422658137,False,0.11405956406628515,False,0.30904803911247325,True
validation:2026.9.7/log_23_2026-9-7-06-09-22.ulg:1:425,2026.9.7/log_23_2026-9-7-06-09-22.ulg,1,425,51,80461551,80964108,81959513,0.502557,Sep7,0.24513892723251327,middle,0.2501084664671719,False,0.07203222512591041,False,0.24418693370651887,False,0.3362382936513445,True
validation:2026.9.7/log_23_2026-9-7-06-09-22.ulg:1:475,2026.9.7/log_23_2026-9-7-06-09-22.ulg,1,475,51,81456920,81959513,82964772,0.502593,Sep7,0.24328886686655507,middle,0.38690255601700435,True,0.07536653781973301,False,0.2658853671453138,False,0.11364033456829076,False
validation:2026.9.7/log_23_2026-9-7-06-09-22.ulg:1:525,2026.9.7/log_23_2026-9-7-06-09-22.ulg,1,525,51,82462157,82964772,83960197,0.5026149999999999,Sep7,0.20621439459523339,middle,0.30343764138548973,True,0.13516307676701325,False,0.1917424827623841,False,0.12368792154777199,False
validation:2026.9.7/log_23_2026-9-7-06-09-22.ulg:1:575,2026.9.7/log_23_2026-9-7-06-09-22.ulg,1,575,51,83457582,83960197,84955625,0.5026149999999999,Sep7,0.12603773790149284,low,0.16012551614705273,False,0.1548670057856876,False,0.10004173946267193,False,0.07406528709954982,False
validation:2026.9.7/log_23_2026-9-7-06-09-22.ulg:1:625,2026.9.7/log_23_2026-9-7-06-09-22.ulg,1,625,51,84462838,84955625,85960898,0.492787,Sep7,0.2680587769424376,middle,0.11206565059467996,False,0.1294319844302138,False,0.4719782398791836,False,0.07881276874557884,False
validation:2026.9.7/log_23_2026-9-7-06-09-22.ulg:1:675,2026.9.7/log_23_2026-9-7-06-09-22.ulg,1,675,51,85458280,85960898,86956359,0.502618,Sep7,0.35577017563014285,high,0.0921227496336813,False,0.08555065745665252,False,0.6713741145066507,True,0.10444177119668664,False
validation:2026.9.7/log_23_2026-9-7-06-09-22.ulg:1:725,2026.9.7/log_23_2026-9-7-06-09-22.ulg,1,725,51,86463577,86956359,87961709,0.492782,Sep7,0.21512657422967252,middle,0.04783071030053218,False,0.07610531345095568,False,0.3363780160674311,False,0.25145662828150184,True
validation:2026.9.7/log_23_2026-9-7-06-09-22.ulg:1:775,2026.9.7/log_23_2026-9-7-06-09-22.ulg,1,775,51,87458991,87961709,88957027,0.502718,Sep7,0.39979594165267146,high,0.3921124531934144,True,0.09065918000780053,False,0.6500116741501298,True,0.22309627747557179,False
validation:2026.9.7/log_23_2026-9-7-06-09-22.ulg:1:825,2026.9.7/log_23_2026-9-7-06-09-22.ulg,1,825,51,88464319,88957027,89962302,0.492708,Sep7,0.2594277678271364,middle,0.27269345779822757,False,0.08932784261512383,False,0.36710856419585175,False,0.22992940884333504,True
validation:2026.9.7/log_23_2026-9-7-06-09-22.ulg:1:875,2026.9.7/log_23_2026-9-7-06-09-22.ulg,1,875,51,89459717,89962302,90957771,0.502585,Sep7,0.1340649486640758,low,0.08318575878459017,False,0.09495523954751067,False,0.1931911241550275,False,0.1440994373308171,False
validation:2026.9.7/log_23_2026-9-7-06-09-22.ulg:1:925,2026.9.7/log_23_2026-9-7-06-09-22.ulg,1,925,51,90455200,90957771,91963043,0.502571,Sep7,0.11321198309090015,low,0.06681874840219326,False,0.07097024594151753,False,0.19872073161171716,False,0.051834784976391865,False
validation:2026.9.7/log_23_2026-9-7-06-09-22.ulg:1:975,2026.9.7/log_23_2026-9-7-06-09-22.ulg,1,975,51,91460456,91963043,92958443,0.502587,Sep7,0.1253299966235688,low,0.17408828354435318,False,0.06565221701733978,False,0.1538379082047708,False,0.05802222168964306,False
validation:2026.9.7/log_23_2026-9-7-06-09-22.ulg:1:1025,2026.9.7/log_23_2026-9-7-06-09-22.ulg,1,1025,51,92455795,92958443,93953863,0.502648,Sep7,0.28792186559602484,middle,0.22448630827336297,False,0.06488090923549807,False,0.4979247601624105,True,0.15701891967358486,False
validation:2026.9.7/log_23_2026-9-7-06-09-22.ulg:1:1075,2026.9.7/log_23_2026-9-7-06-09-22.ulg,1,1075,51,93461107,93953863,94959199,0.4927559999999999,Sep7,0.3396516464560249,high,0.3889881843923639,True,0.07811607510866579,False,0.5123784082268502,True,0.15523420304859023,False
validation:2026.9.7/log_23_2026-9-7-06-09-22.ulg:1:1125,2026.9.7/log_23_2026-9-7-06-09-22.ulg,1,1125,51,94456580,94959199,95964530,0.5026189999999999,Sep7,0.23490099345104748,middle,0.3627805814650542,True,0.11423280751817651,False,0.20778081948754712,False,0.16353459416616153,False
validation:2026.9.7/log_23_2026-9-7-06-09-22.ulg:1:1175,2026.9.7/log_23_2026-9-7-06-09-22.ulg,1,1175,51,95461846,95964530,96959991,0.502684,Sep7,0.17829139317385975,middle,0.19368352351259827,False,0.17152787071566183,False,0.22108441743655152,False,0.12375303932672957,False
validation:2026.9.7/log_23_2026-9-7-06-09-22.ulg:1:1225,2026.9.7/log_23_2026-9-7-06-09-22.ulg,1,1225,51,96457253,96959991,97955343,0.502738,Sep7,0.1547769587075346,low,0.2171342695438951,False,0.13553654279494737,False,0.15111519329758083,False,0.07597709537441302,False
validation:2026.9.7/log_23_2026-9-7-06-09-22.ulg:1:1275,2026.9.7/log_23_2026-9-7-06-09-22.ulg,1,1275,51,97462523,97955343,98960593,0.49282,Sep7,0.24341793750759552,middle,0.3890373004639201,True,0.11007059846390325,False,0.2563395377639585,False,0.1158169108000374,False
validation:2026.9.7/log_23_2026-9-7-06-09-22.ulg:1:1325,2026.9.7/log_23_2026-9-7-06-09-22.ulg,1,1325,51,98457953,98960593,99965918,0.50264,Sep7,0.2665680253576342,middle,0.38499921313326635,True,0.25185208491524125,True,0.29740314297852477,False,0.06798493628417589,False
validation:2026.9.7/log_23_2026-9-7-06-09-22.ulg:1:1375,2026.9.7/log_23_2026-9-7-06-09-22.ulg,1,1375,51,99463227,99965918,100961315,0.502691,Sep7,0.2131863289163114,middle,0.35320253180008565,True,0.08121656400720204,False,0.15107327525667869,False,0.16880558589586497,False
validation:2026.9.7/log_23_2026-9-7-06-09-22.ulg:1:1425,2026.9.7/log_23_2026-9-7-06-09-22.ulg,1,1425,51,100458670,100961315,101956733,0.502645,Sep7,0.33045085592151086,high,0.3720649075444596,True,0.08191975207803873,False,0.5195458722023771,True,0.14821543033667034,False
validation:2026.9.7/log_23_2026-9-7-06-09-22.ulg:1:1475,2026.9.7/log_23_2026-9-7-06-09-22.ulg,1,1475,51,101463975,101956733,102962045,0.492758,Sep7,0.24345719722925768,middle,0.2728269678282231,False,0.1043958448195707,False,0.3806842305107178,False,0.11675806936620745,False
validation:2026.9.7/log_23_2026-9-7-06-09-22.ulg:1:1525,2026.9.7/log_23_2026-9-7-06-09-22.ulg,1,1525,51,102459404,102962045,103957439,0.502641,Sep7,0.2595478624363383,middle,0.3919444838297707,True,0.07016596956146479,False,0.28531430513537037,False,0.16518113050012057,False
validation:2026.9.7/log_23_2026-9-7-06-09-22.ulg:1:1575,2026.9.7/log_23_2026-9-7-06-09-22.ulg,1,1575,51,103464642,103957439,104962723,0.492797,Sep7,0.2030200516791948,middle,0.28359966238882084,False,0.1328858376845705,False,0.26794966004194176,False,0.0635092224305749,False
validation:2026.9.7/log_23_2026-9-7-06-09-22.ulg:1:1625,2026.9.7/log_23_2026-9-7-06-09-22.ulg,1,1625,51,104460117,104962723,105958245,0.502606,Sep7,0.2873407537381004,middle,0.15546352015292714,False,0.10218869732544987,False,0.5094444996152667,True,0.12611801111236887,False
validation:2026.9.7/log_23_2026-9-7-06-09-22.ulg:1:1675,2026.9.7/log_23_2026-9-7-06-09-22.ulg,1,1675,51,105455486,105958245,106963420,0.502759,Sep7,0.5574900417072707,high,0.10745706987654421,False,0.08432995794065085,False,0.9693772520323214,True,0.50006052157506,True
validation:2026.9.7/log_23_2026-9-7-06-09-22.ulg:1:1725,2026.9.7/log_23_2026-9-7-06-09-22.ulg,1,1725,51,106460774,106963420,107958833,0.5026459999999999,Sep7,0.3406942069838358,high,0.17819106000053123,False,0.07602356233468402,False,0.6274692600606498,True,0.11921879839744053,False
validation:2026.9.7/log_23_2026-9-7-06-09-22.ulg:1:1775,2026.9.7/log_23_2026-9-7-06-09-22.ulg,1,1775,51,107466068,107958833,108964183,0.4927649999999999,Sep7,0.17293042583980744,low,0.14384404084253954,False,0.08424559047019688,False,0.23454494715774463,False,0.19813197483308473,False
validation:2026.9.7/log_23_2026-9-7-06-09-22.ulg:1:1825,2026.9.7/log_23_2026-9-7-06-09-22.ulg,1,1825,51,108461538,108964183,109959583,0.502645,Sep7,0.14590853945202462,low,0.09662631252233154,False,0.08939051710019562,False,0.22780963208954658,False,0.11355233202105326,False
validation:2026.9.7/log_23_2026-9-7-06-09-22.ulg:1:1875,2026.9.7/log_23_2026-9-7-06-09-22.ulg,1,1875,51,109456933,109959583,110964932,0.5026499999999999,Sep7,0.22113175120478926,middle,0.1536251792743804,False,0.29191631180768984,True,0.32805148676883555,False,0.07994620551925705,False
validation:2026.9.7/log_23_2026-9-7-06-09-22.ulg:1:1925,2026.9.7/log_23_2026-9-7-06-09-22.ulg,1,1925,51,110462221,110964932,111960332,0.502711,Sep7,0.3160488744257566,middle,0.3658576129295847,True,0.17935430402689806,True,0.4988493249174494,True,0.0828762972945555,False
validation:2026.9.7/log_23_2026-9-7-06-09-22.ulg:1:1975,2026.9.7/log_23_2026-9-7-06-09-22.ulg,1,1975,51,111457728,111960332,112955687,0.5026039999999999,Sep7,0.24059154238906402,middle,0.3845419348278308,True,0.19055441137465814,True,0.18634933309772134,False,0.045150825927673194,False
validation:2026.9.7/log_23_2026-9-7-06-09-22.ulg:1:2025,2026.9.7/log_23_2026-9-7-06-09-22.ulg,1,2025,51,112462911,112955687,113961027,0.492776,Sep7,0.1704001458943694,low,0.2852057591321485,False,0.07792605781151275,False,0.14733713186094255,False,0.08318492046570908,False
validation:2026.9.7/log_23_2026-9-7-06-09-22.ulg:1:2075,2026.9.7/log_23_2026-9-7-06-09-22.ulg,1,2075,51,113458411,113961027,114956541,0.502616,Sep7,0.11932864026561554,low,0.07447062660410965,False,0.08707306132684166,False,0.17533469201144394,False,0.10600905855178654,False
validation:2026.9.7/log_23_2026-9-7-06-09-22.ulg:1:2125,2026.9.7/log_23_2026-9-7-06-09-22.ulg,1,2125,51,114463617,114956541,115961686,0.492924,Sep7,0.12157917559208306,low,0.08021635984594776,False,0.10910687856450642,False,0.1743409678579764,False,0.083129176946557,False
validation:2026.9.7/log_23_2026-9-7-06-09-22.ulg:1:2175,2026.9.7/log_23_2026-9-7-06-09-22.ulg,1,2175,51,115459071,115961686,116957123,0.5026149999999999,Sep7,0.22047710788154065,middle,0.3865472957494352,True,0.07445639856293261,False,0.16478995296653273,False,0.10878606011660864,False
validation:2026.9.7/log_23_2026-9-7-06-09-22.ulg:1:2225,2026.9.7/log_23_2026-9-7-06-09-22.ulg,1,2225,51,116464341,116957123,117962392,0.492782,Sep7,0.14662343526648766,low,0.12772103553092518,False,0.06990651948468415,False,0.233206091612717,False,0.08028294559905502,False
validation:2026.9.7/log_23_2026-9-7-06-09-22.ulg:1:2275,2026.9.7/log_23_2026-9-7-06-09-22.ulg,1,2275,51,117459779,117962392,118957839,0.502613,Sep7,0.18876173733027474,middle,0.2353716431864496,False,0.08390903221059573,False,0.28323073338079563,False,0.047907403003547844,False
validation:2026.9.7/log_23_2026-9-7-06-09-22.ulg:1:2325,2026.9.7/log_23_2026-9-7-06-09-22.ulg,1,2325,51,118455213,118957839,119963121,0.502626,Sep7,0.09158199782588795,low,0.06743843336221576,False,0.08884600639027153,False,0.12766737313378426,False,0.06488143349096646,False
validation:2026.9.7/log_23_2026-9-7-06-09-22.ulg:1:2375,2026.9.7/log_23_2026-9-7-06-09-22.ulg,1,2375,51,119460532,119963121,120958567,0.502589,Sep7,0.20424651380521575,middle,0.3656574244645192,True,0.0799143285398046,False,0.147932459587433,False,0.05236406097158879,False
validation:2026.9.7/log_23_2026-9-7-06-09-22.ulg:1:2425,2026.9.7/log_23_2026-9-7-06-09-22.ulg,1,2425,51,120455899,120958567,121954041,0.502668,Sep7,0.230364836881837,middle,0.388309227957484,True,0.14718428850809037,False,0.17604577990842596,False,0.062232641538851705,False
validation:2026.9.7/log_23_2026-9-7-06-09-22.ulg:1:2475,2026.9.7/log_23_2026-9-7-06-09-22.ulg,1,2475,51,121461200,121954041,122959269,0.492841,Sep7,0.21932469039863006,middle,0.37002411470025015,True,0.1383774158584959,False,0.15408961744158026,False,0.09772108153683098,False
validation:2026.9.7/log_23_2026-9-7-06-09-22.ulg:1:2525,2026.9.7/log_23_2026-9-7-06-09-22.ulg,1,2525,51,122456623,122959269,123964555,0.5026459999999999,Sep7,0.22849454530547267,middle,0.3906926572482384,True,0.1650423350867927,False,0.1332864742148509,False,0.11081402250832158,False
validation:2026.9.7/log_23_2026-9-7-06-09-22.ulg:1:2575,2026.9.7/log_23_2026-9-7-06-09-22.ulg,1,2575,51,123461922,123964555,124960011,0.502633,Sep7,0.14571447100524723,low,0.16490758167265412,False,0.08403228810615837,False,0.1700485771459425,False,0.14741420323305843,False
validation:2026.9.7/log_23_2026-9-7-06-09-22.ulg:1:2625,2026.9.7/log_23_2026-9-7-06-09-22.ulg,1,2625,51,124457370,124960011,125955403,0.502641,Sep7,0.20350436637853925,middle,0.19386757210296862,False,0.09953163631347145,False,0.31507907662356954,False,0.08547348353679617,False
validation:2026.9.7/log_23_2026-9-7-06-09-22.ulg:1:2675,2026.9.7/log_23_2026-9-7-06-09-22.ulg,1,2675,51,125462614,125955403,126960686,0.492789,Sep7,0.14810178286044534,low,0.060067918023427626,False,0.1021329865966582,False,0.22571709614092145,False,0.1276345361636748,False
validation:2026.9.7/log_23_2026-9-7-06-09-22.ulg:1:2725,2026.9.7/log_23_2026-9-7-06-09-22.ulg,1,2725,51,126458106,126960686,127956169,0.50258,Sep7,0.2524468327126173,middle,0.3851672474621529,True,0.09355491852683609,False,0.2801070360047795,False,0.13668217419133402,False
validation:2026.9.7/log_23_2026-9-7-06-09-22.ulg:1:2775,2026.9.7/log_23_2026-9-7-06-09-22.ulg,1,2775,51,127463381,127956169,128961496,0.492788,Sep7,0.21266221325892884,middle,0.22007346594291924,False,0.1031311691267674,False,0.34923644356918404,False,0.03703299134067524,False
validation:2026.9.7/log_23_2026-9-7-06-09-22.ulg:1:2825,2026.9.7/log_23_2026-9-7-06-09-22.ulg,1,2825,51,128458877,128961496,129956892,0.5026189999999999,Sep7,0.21563326026577312,middle,0.03565596878012565,False,0.1123539321236599,False,0.3821877875381704,False,0.09932457483183929,False
validation:2026.9.7/log_23_2026-9-7-06-09-22.ulg:1:2875,2026.9.7/log_23_2026-9-7-06-09-22.ulg,1,2875,51,129454177,129956892,130962171,0.502715,Sep7,0.2607796511800503,middle,0.34356340345993713,True,0.07829726720442289,False,0.3482774725061672,False,0.14061905754998008,False
validation:2026.9.7/log_23_2026-9-7-06-09-22.ulg:1:2925,2026.9.7/log_23_2026-9-7-06-09-22.ulg,1,2925,51,130459520,130962171,131957604,0.502651,Sep7,0.19370427205901922,middle,0.11286347545736282,False,0.12733155768420804,False,0.31747369754695853,False,0.07091221904615984,False
validation:2026.9.7/log_23_2026-9-7-06-09-22.ulg:1:2975,2026.9.7/log_23_2026-9-7-06-09-22.ulg,1,2975,51,131464790,131957604,132962846,0.492814,Sep7,0.21169131034204233,middle,0.3888252566800105,True,0.10315121766300646,False,0.127968442367969,False,0.045338646000747385,False
validation:2026.9.7/log_23_2026-9-7-06-09-22.ulg:1:3025,2026.9.7/log_23_2026-9-7-06-09-22.ulg,1,3025,51,132460379,132962846,133958245,0.502467,Sep7,0.21685210285742115,middle,0.36558089694765783,True,0.12330453625237105,False,0.20142575389537523,False,0.04721673922014735,False
validation:2026.9.7/log_23_2026-9-7-06-09-22.ulg:1:3075,2026.9.7/log_23_2026-9-7-06-09-22.ulg,1,3075,51,133455622,133958245,134963545,0.5026229999999999,Sep7,0.19874602174233336,middle,0.32149239820795616,True,0.09898640145636883,False,0.21283644001671553,False,0.058071346137964344,False
validation:2026.9.7/log_23_2026-9-7-06-09-22.ulg:1:3125,2026.9.7/log_23_2026-9-7-06-09-22.ulg,1,3125,51,134460927,134963545,135958971,0.502618,Sep7,0.12178962806054788,low,0.14307040937094448,False,0.0709177903313492,False,0.17670787499323007,False,0.0551420445477718,False
validation:2026.9.7/log_23_2026-9-7-06-09-22.ulg:1:3175,2026.9.7/log_23_2026-9-7-06-09-22.ulg,1,3175,51,135466240,135958971,136964338,0.492731,Sep7,0.21168417030272854,middle,0.22034723589683303,False,0.091260602046483,False,0.31742432884430444,False,0.11452925252572838,False
validation:2026.9.7/log_23_2026-9-7-06-09-22.ulg:1:3225,2026.9.7/log_23_2026-9-7-06-09-22.ulg,1,3225,51,136461843,136964338,137959840,0.502495,Sep7,0.19941652844100183,middle,0.19776944952557085,False,0.17682213695639803,False,0.31658201573788297,False,0.045848529344264886,False
validation:2026.9.7/log_23_2026-9-7-06-09-22.ulg:1:3275,2026.9.7/log_23_2026-9-7-06-09-22.ulg,1,3275,51,137457069,137959840,138965036,0.502771,Sep7,0.3100844584809028,middle,0.269117313669887,False,0.17598394747489113,False,0.47479218956465835,False,0.2660248649969529,True
validation:2026.9.7/log_23_2026-9-7-06-09-22.ulg:1:3325,2026.9.7/log_23_2026-9-7-06-09-22.ulg,1,3325,51,138462403,138965036,139960410,0.502633,Sep7,0.2799088009418993,middle,0.3662314340084664,True,0.08930872512219123,False,0.30698611639711354,False,0.25716415987630636,True
validation:2026.9.7/log_23_2026-9-7-06-09-22.ulg:1:3375,2026.9.7/log_23_2026-9-7-06-09-22.ulg,1,3375,51,139457801,139960410,140955850,0.502609,Sep7,0.4034705144754967,high,0.08329272680153306,False,0.10394265574595522,False,0.7437028728207439,True,0.19125378817184518,False
validation:2026.9.7/log_23_2026-9-7-06-09-22.ulg:1:3425,2026.9.7/log_23_2026-9-7-06-09-22.ulg,1,3425,51,140463278,140955850,141961148,0.4925719999999999,Sep7,0.2959998550037312,middle,0.2847548850257526,False,0.07447038927709884,False,0.46520974388003994,False,0.20301720121013106,False
validation:2026.9.7/log_23_2026-9-7-06-09-22.ulg:1:3475,2026.9.7/log_23_2026-9-7-06-09-22.ulg,1,3475,51,141458526,141961148,142956562,0.502622,Sep7,0.15528488143212207,low,0.22553077841811361,False,0.11191532642411703,False,0.160692283426997,False,0.09023352089114674,False
validation:2026.9.7/log_23_2026-9-7-06-09-22.ulg:1:3525,2026.9.7/log_23_2026-9-7-06-09-22.ulg,1,3525,51,142463859,142956562,143961928,0.492703,Sep7,0.17095792197456858,low,0.14074766340346753,False,0.13878002603136255,False,0.2594927295752776,False,0.1077864647056883,False
validation:2026.9.7/log_23_2026-9-7-06-09-22.ulg:1:3575,2026.9.7/log_23_2026-9-7-06-09-22.ulg,1,3575,51,143459251,143961928,144957330,0.5026769999999999,Sep7,0.22200988546288064,middle,0.3024750462818782,True,0.057195247566935975,False,0.2933909068424947,False,0.12277204422173979,False
validation:2026.9.7/log_23_2026-9-7-06-09-22.ulg:1:3625,2026.9.7/log_23_2026-9-7-06-09-22.ulg,1,3625,51,144464796,144957330,145962720,0.4925339999999999,Sep7,0.2548186619339149,middle,0.30826215048257843,True,0.10411429729263191,False,0.2981471295090577,False,0.24392462506962398,True
validation:2026.9.7/log_23_2026-9-7-06-09-22.ulg:1:3675,2026.9.7/log_23_2026-9-7-06-09-22.ulg,1,3675,51,145460009,145962720,146958004,0.502711,Sep7,0.22224732498645308,middle,0.12228291278052923,False,0.06703037361402252,False,0.4019777846240127,False,0.09128039526080621,False
validation:2026.9.7/log_23_2026-9-7-06-09-22.ulg:1:3725,2026.9.7/log_23_2026-9-7-06-09-22.ulg,1,3725,51,146455439,146958004,147963268,0.5025649999999999,Sep7,0.23616901463573303,middle,0.16928877852189472,False,0.0997694049619816,False,0.4276431093099382,False,0.07301792808901535,False
validation:2026.9.7/log_23_2026-9-7-06-09-22.ulg:1:3775,2026.9.7/log_23_2026-9-7-06-09-22.ulg,1,3775,51,147460684,147963268,148958702,0.502584,Sep7,0.13111518644120906,low,0.14539057362676272,False,0.07832720446991054,False,0.18751171122556634,False,0.0640766288609678,False
validation:2026.9.7/log_23_2026-9-7-06-09-22.ulg:1:3825,2026.9.7/log_23_2026-9-7-06-09-22.ulg,1,3825,51,148456221,148958702,149954128,0.502481,Sep7,0.3667915818931678,high,0.3862826242071267,True,0.14928359502014152,False,0.6147295745253119,True,0.059213795386749764,False
validation:2026.9.7/log_23_2026-9-7-06-09-22.ulg:1:3875,2026.9.7/log_23_2026-9-7-06-09-22.ulg,1,3875,51,149461392,149954128,150959411,0.4927359999999999,Sep7,0.27426729117110615,middle,0.36163353040271895,True,0.07682541809535208,False,0.37454986417029834,False,0.14879014083576542,False
validation:2026.9.7/log_23_2026-9-7-06-09-22.ulg:1:3925,2026.9.7/log_23_2026-9-7-06-09-22.ulg,1,3925,51,150456875,150959411,151964723,0.502536,Sep7,0.2879999008687715,middle,0.3468219458069027,True,0.24603794085142125,True,0.3228507434281754,False,0.16245102309322576,False
validation:2026.9.7/log_23_2026-9-7-06-09-22.ulg:2:25,2026.9.7/log_23_2026-9-7-06-09-22.ulg,2,25,51,152516621,153019549,154014735,0.5029279999999999,Sep7,0.3186388127454696,middle,0.38697619665101773,True,0.13302742822961588,False,0.4677453645511047,False,0.16626087010184873,False
validation:2026.9.7/log_23_2026-9-7-06-09-22.ulg:2:75,2026.9.7/log_23_2026-9-7-06-09-22.ulg,2,75,51,153521965,154014735,155020039,0.49277,Sep7,0.13779215293616018,low,0.21822656449370179,False,0.06921192001508356,False,0.12084667235823303,False,0.09639933644517702,False
validation:2026.9.7/log_23_2026-9-7-06-09-22.ulg:2:125,2026.9.7/log_23_2026-9-7-06-09-22.ulg,2,125,51,154517399,155020039,156025535,0.50264,Sep7,0.14183392459309827,low,0.11823816734832245,False,0.07073195745811793,False,0.2377741082769187,False,0.08173325964321047,False
validation:2026.9.7/log_23_2026-9-7-06-09-22.ulg:2:175,2026.9.7/log_23_2026-9-7-06-09-22.ulg,2,175,51,155522652,156025535,157020957,0.502883,Sep7,0.11623210946436051,low,0.12579571138978551,False,0.06687918188263452,False,0.17583744575100035,False,0.05106778914074968,False
validation:2026.9.7/log_23_2026-9-7-06-09-22.ulg:2:225,2026.9.7/log_23_2026-9-7-06-09-22.ulg,2,225,51,156518098,157020957,158016143,0.502859,Sep7,0.18554020814356592,middle,0.1332381291800352,False,0.1318670824989039,False,0.3226146571537342,False,0.08759487631912603,False
validation:2026.9.7/log_23_2026-9-7-06-09-22.ulg:2:275,2026.9.7/log_23_2026-9-7-06-09-22.ulg,2,275,51,157523354,158016143,159021771,0.492789,Sep7,0.1676188326996392,low,0.2318052007455144,False,0.07850688524058143,False,0.19480062692614356,False,0.11391240856522146,False
validation:2026.9.7/log_23_2026-9-7-06-09-22.ulg:2:325,2026.9.7/log_23_2026-9-7-06-09-22.ulg,2,325,51,158518784,159021771,160016875,0.502987,Sep7,0.362530142007492,high,0.2946176097656495,False,0.2655642934927382,True,0.6186890367994735,True,0.17350184084026402,False
validation:2026.9.7/log_23_2026-9-7-06-09-22.ulg:2:375,2026.9.7/log_23_2026-9-7-06-09-22.ulg,2,375,51,159524062,160016875,161022444,0.492813,Sep7,0.23521972168374775,middle,0.37195898525331406,True,0.13215202311244098,False,0.2359947937703725,False,0.06290035186779584,False
validation:2026.9.7/log_23_2026-9-7-06-09-22.ulg:2:425,2026.9.7/log_23_2026-9-7-06-09-22.ulg,2,425,51,160519502,161022444,162017871,0.502942,Sep7,0.2114113920374145,middle,0.23357431814161922,False,0.10658891377694275,False,0.2931528705384802,False,0.1305942463260221,False
validation:2026.9.7/log_23_2026-9-7-06-09-22.ulg:2:475,2026.9.7/log_23_2026-9-7-06-09-22.ulg,2,475,51,161514927,162017871,163023137,0.502944,Sep7,0.2904765374828621,middle,0.030740755060184106,False,0.06623386196882877,False,0.560879273015568,True,0.09100860843055793,False
validation:2026.9.7/log_23_2026-9-7-06-09-22.ulg:3:25,2026.9.7/log_23_2026-9-7-06-09-22.ulg,3,25,51,163476264,163978912,164984150,0.502648,Sep7,0.21088793412089452,middle,0.0,False,0.10568584466303771,False,0.38952719237317057,False,0.06077367859220946,False
validation:2026.9.7/log_23_2026-9-7-06-09-22.ulg:3:75,2026.9.7/log_23_2026-9-7-06-09-22.ulg,3,75,51,164481799,164984150,165979655,0.502351,Sep7,0.1269693067864185,low,0.0,False,0.13572549428946207,False,0.128482366247213,False,0.16997414020791696,False
validation:2026.9.7/log_23_2026-9-7-06-09-22.ulg:3:125,2026.9.7/log_23_2026-9-7-06-09-22.ulg,3,125,51,165476973,165979655,166975045,0.502682,Sep7,0.13849318755094447,low,0.16535619900489124,False,0.1237194101176476,False,0.18242757145070937,False,0.06277124196761487,False
validation:2026.9.7/log_23_2026-9-7-06-09-22.ulg:3:175,2026.9.7/log_23_2026-9-7-06-09-22.ulg,3,175,51,166482401,166975045,167980343,0.4926439999999999,Sep7,0.19504005128685067,middle,0.005071245637307342,False,0.07098460808660127,False,0.24594579407824713,False,0.28612382162173056,True
validation:2026.9.7/log_23_2026-9-7-06-09-22.ulg:3:225,2026.9.7/log_23_2026-9-7-06-09-22.ulg,3,225,51,167477759,167980343,168985649,0.502584,Sep7,0.2465187625302027,middle,0.012248701605539742,False,0.08277679791981463,False,0.33066830712694817,False,0.35005762202003554,True
validation:2026.9.7/log_23_2026-9-7-06-09-22.ulg:3:275,2026.9.7/log_23_2026-9-7-06-09-22.ulg,3,275,51,168483244,168985649,169981042,0.502405,Sep7,0.1847418361211769,middle,0.0,False,0.10467144573906091,False,0.2494777049570136,False,0.25628761956081775,True
validation:2026.9.7/log_23_2026-9-7-06-09-22.ulg:3:325,2026.9.7/log_23_2026-9-7-06-09-22.ulg,3,325,51,169478447,169981042,170976454,0.502595,Sep7,0.20932302311643994,middle,0.0,False,0.14815450476549755,False,0.2984330058422248,False,0.22507076231844,False
validation:2026.9.7/log_23_2026-9-7-06-09-22.ulg:3:375,2026.9.7/log_23_2026-9-7-06-09-22.ulg,3,375,51,170483706,170976454,171981736,0.4927479999999999,Sep7,0.5486814775985952,high,0.015767143443496178,False,0.1892931499980274,True,0.926495097126674,True,0.4581141857619199,True
validation:2026.9.7/log_23_2026-9-7-06-09-22.ulg:3:425,2026.9.7/log_23_2026-9-7-06-09-22.ulg,3,425,51,171479140,171981736,172977162,0.5025959999999999,Sep7,0.4131261870439877,high,0.015767532330185092,False,0.1648248855254564,False,0.7964521256258584,True,0.21282863825939444,False
validation:2026.9.7/log_23_2026-9-7-06-09-22.ulg:3:475,2026.9.7/log_23_2026-9-7-06-09-22.ulg,3,475,51,172484372,172977162,173982521,0.4927899999999999,Sep7,0.08512244419441817,low,0.019858345616355695,False,0.07631075474475238,False,0.1447889311869997,False,0.024223218653670324,False
validation:2026.9.7/log_23_2026-9-7-06-09-22.ulg:3:525,2026.9.7/log_23_2026-9-7-06-09-22.ulg,3,525,51,173479831,173982521,174977896,0.50269,Sep7,0.1308310837472826,low,0.005477571332220166,False,0.1728044831461431,False,0.18746172184601337,False,0.08079176439975692,False
validation:2026.9.7/log_23_2026-9-7-06-09-22.ulg:3:575,2026.9.7/log_23_2026-9-7-06-09-22.ulg,3,575,51,174475278,174977896,175983284,0.502618,Sep7,0.13992620263669778,low,0.005477571332220166,False,0.06876178794003276,False,0.2451595706490524,False,0.0999914442944238,False
validation:2026.9.7/log_23_2026-9-7-06-09-22.ulg:3:625,2026.9.7/log_23_2026-9-7-06-09-22.ulg,3,625,51,175480669,175983284,176978719,0.5026149999999999,Sep7,0.2074383670975494,middle,0.00801834339404168,False,0.17351599606560977,False,0.32612897341949926,False,0.11193671312607628,False
validation:2026.9.7/log_23_2026-9-7-06-09-22.ulg:3:675,2026.9.7/log_23_2026-9-7-06-09-22.ulg,3,675,51,176485852,176978719,177983927,0.492867,Sep7,0.2350494809377776,middle,0.02683508083100809,False,0.12938134437398413,False,0.3854271481219686,False,0.19145174748619853,False
validation:2026.9.7/log_23_2026-9-7-06-09-22.ulg:3:725,2026.9.7/log_23_2026-9-7-06-09-22.ulg,3,725,51,177481280,177983927,178979440,0.502647,Sep7,0.6299358245431971,high,0.0,False,0.08620848108940479,False,1.157608033765579,True,0.39860624531851363,True
validation:2026.9.7/log_23_2026-9-7-06-09-22.ulg:3:775,2026.9.7/log_23_2026-9-7-06-09-22.ulg,3,775,51,178476753,178979440,179984654,0.502687,Sep7,0.3127487165459718,middle,0.01748001496266662,False,0.10168110359053983,False,0.5924309166009151,True,0.1158003904927413,False
validation:2026.9.7/log_23_2026-9-7-06-09-22.ulg:3:825,2026.9.7/log_23_2026-9-7-06-09-22.ulg,3,825,51,179481989,179984654,180980079,0.502665,Sep7,0.6149444750756682,high,0.013417254793636483,False,0.22942896619327183,True,1.1327018265394968,True,0.18386103671129664,False
validation:2026.9.7/log_23_2026-9-7-06-09-22.ulg:3:875,2026.9.7/log_23_2026-9-7-06-09-22.ulg,3,875,51,180477422,180980079,181975539,0.502657,Sep7,0.21175350288734626,middle,0.0,False,0.13278855234715262,False,0.3809485855601886,False,0.05273732421522509,False
validation:2026.9.7/log_23_2026-9-7-06-09-22.ulg:3:925,2026.9.7/log_23_2026-9-7-06-09-22.ulg,3,925,51,181482707,181975539,182980787,0.492832,Sep7,0.35007729485037437,high,0.01117147667893563,False,0.1827672464372444,True,0.6802350154927778,True,0.144276294556429,False
validation:2026.9.7/log_23_2026-9-7-06-09-22.ulg:3:975,2026.9.7/log_23_2026-9-7-06-09-22.ulg,3,975,51,182478120,182980787,183976193,0.502667,Sep7,0.2876017293945725,middle,0.4639870727466175,True,0.21194454841786867,True,0.2692076989057558,False,0.06223049756211596,False
validation:2026.9.7/log_23_2026-9-7-06-09-22.ulg:3:1025,2026.9.7/log_23_2026-9-7-06-09-22.ulg,3,1025,51,183483390,183976193,184981529,0.492803,Sep7,0.3209391247536066,middle,0.015353958649508932,False,0.14858472569761422,False,0.5811787837604301,True,0.21630822041036116,False
validation:2026.9.7/log_23_2026-9-7-06-09-22.ulg:3:1075,2026.9.7/log_23_2026-9-7-06-09-22.ulg,3,1075,51,184478850,184981529,185976916,0.502679,Sep7,0.2537114857445898,middle,0.007172038098178883,False,0.162069003129852,False,0.4435408912709776,False,0.160251277259686,False
validation:2026.9.7/log_23_2026-9-7-06-09-22.ulg:3:1125,2026.9.7/log_23_2026-9-7-06-09-22.ulg,3,1125,51,185484174,185976916,186982187,0.4927419999999999,Sep7,0.1316471215549421,low,0.018203626850547265,False,0.13649743577872112,False,0.2122491802382131,False,0.03347197906971608,False
validation:2026.9.7/log_23_2026-9-7-06-09-22.ulg:3:1175,2026.9.7/log_23_2026-9-7-06-09-22.ulg,3,1175,51,186479550,186982187,187977675,0.502637,Sep7,0.1926775485328374,middle,0.016068947512831395,False,0.07920377520120961,False,0.3404682268261498,False,0.1168466308025282,False
validation:2026.9.7/log_23_2026-9-7-06-09-22.ulg:3:1225,2026.9.7/log_23_2026-9-7-06-09-22.ulg,3,1225,51,187475024,187977675,188982935,0.502651,Sep7,0.24803063201898307,middle,0.09069980350772208,False,0.17422140568525152,False,0.4176354948649811,False,0.07570214388502793,False
validation:2026.9.7/log_23_2026-9-7-06-09-22.ulg:3:1275,2026.9.7/log_23_2026-9-7-06-09-22.ulg,3,1275,51,188480288,188982935,189978342,0.502647,Sep7,0.184015409709094,middle,0.18419911446049045,False,0.11635517983378227,False,0.27711369336358255,False,0.035848520877860834,False
validation:2026.9.7/log_24_2026-9-7-06-16-04.ulg:0:25,2026.9.7/log_24_2026-9-7-06-16-04.ulg,0,25,51,63080585,63579483,64577318,0.4988979999999999,Sep7,0.28481068556434724,middle,0.08132575270949581,False,0.3106768170169488,True,0.3106768170169488,False,0.39505358777907834,True
validation:2026.9.7/log_24_2026-9-7-06-16-04.ulg:0:75,2026.9.7/log_24_2026-9-7-06-16-04.ulg,0,75,51,64078404,64577318,65575232,0.4989139999999999,Sep7,1.356099989955131,high,0.377696514954717,True,0.6695021233996787,True,1.6110876599316697,True,2.109464709922221,True
validation:2026.9.7/log_24_2026-9-7-06-16-04.ulg:0:125,2026.9.7/log_24_2026-9-7-06-16-04.ulg,0,125,51,65076350,65575232,66583049,0.498882,Sep7,0.21715227890235378,middle,0.09114245941869357,False,0.10489820568992249,False,0.3862267575603978,False,0.056757258768588226,False
validation:2026.9.7/log_24_2026-9-7-06-16-04.ulg:0:175,2026.9.7/log_24_2026-9-7-06-16-04.ulg,0,175,51,66084145,66583049,67580951,0.4989039999999999,Sep7,0.19425786074132245,middle,0.007746455666891821,False,0.10295151131223353,False,0.34460763092599506,False,0.07806337091653515,False
validation:2026.9.7/log_24_2026-9-7-06-16-04.ulg:0:225,2026.9.7/log_24_2026-9-7-06-16-04.ulg,0,225,51,67082005,67580951,68578859,0.498946,Sep7,0.13806978962657074,low,0.020807134155143275,False,0.10292687081675207,False,0.23535447772381782,False,0.11785425977049868,False
validation:2026.9.7/log_24_2026-9-7-06-16-04.ulg:0:275,2026.9.7/log_24_2026-9-7-06-16-04.ulg,0,275,51,68079903,68578859,69576705,0.4989559999999999,Sep7,0.3853208834884017,high,0.06981114178689479,False,0.16463269075360623,False,0.5442906300202854,True,0.5357486285270756,True
validation:2026.9.7/log_24_2026-9-7-06-16-04.ulg:0:325,2026.9.7/log_24_2026-9-7-06-16-04.ulg,0,325,51,69077781,69576705,70584574,0.498924,Sep7,0.14978510640390935,low,0.07856442395471376,False,0.10098643924594991,False,0.1599008396611737,False,0.2208754472475804,False
validation:2026.9.7/log_24_2026-9-7-06-16-04.ulg:0:375,2026.9.7/log_24_2026-9-7-06-16-04.ulg,0,375,51,70075656,70584574,71582533,0.508918,Sep7,0.2865355889265743,middle,0.01942181312589735,False,0.15930567188761355,False,0.5627702946936809,True,0.07982820187750084,False
validation:2026.9.7/log_24_2026-9-7-06-16-04.ulg:0:425,2026.9.7/log_24_2026-9-7-06-16-04.ulg,0,425,51,71083608,71582533,72580471,0.4989249999999999,Sep7,0.22070021835860987,middle,0.0,False,0.16597134420454612,False,0.415078156340334,False,0.11392175491586128,False
validation:2026.9.7/log_24_2026-9-7-06-16-04.ulg:0:475,2026.9.7/log_24_2026-9-7-06-16-04.ulg,0,475,51,72081413,72580471,73578197,0.499058,Sep7,0.22867658383082423,middle,0.006546949965939451,False,0.1280761692259222,False,0.42212632240783776,False,0.1636048469193206,False
validation:2026.9.7/log_24_2026-9-7-06-16-04.ulg:0:525,2026.9.7/log_24_2026-9-7-06-16-04.ulg,0,525,51,73079294,73578197,74586103,0.498903,Sep7,0.2879264382494227,middle,0.008536178392938774,False,0.09274997851391488,False,0.5643440670372608,True,0.09677050422218095,False
validation:2026.9.7/log_24_2026-9-7-06-16-04.ulg:0:575,2026.9.7/log_24_2026-9-7-06-16-04.ulg,0,575,51,74077249,74586103,75574053,0.508854,Sep7,0.18997319908659044,middle,0.005071245637307342,False,0.21093207111238088,True,0.22289573568674217,False,0.20951289315037616,False
validation:2026.9.7/log_24_2026-9-7-06-16-04.ulg:0:625,2026.9.7/log_24_2026-9-7-06-16-04.ulg,0,625,51,75075129,75574053,76581816,0.498924,Sep7,0.3870714588937745,high,0.0,False,0.10340068333284609,False,0.5995188360093012,True,0.4822729951170452,True
validation:2026.9.7/log_24_2026-9-7-06-16-04.ulg:0:675,2026.9.7/log_24_2026-9-7-06-16-04.ulg,0,675,51,76082933,76581816,77579717,0.4988829999999999,Sep7,0.10109876043943306,low,0.009258785434009643,False,0.12639811806691012,False,0.13275646592055707,False,0.08405595156804249,False
validation:2026.9.7/log_24_2026-9-7-06-16-04.ulg:0:725,2026.9.7/log_24_2026-9-7-06-16-04.ulg,0,725,51,77080844,77579717,78577618,0.4988729999999999,Sep7,0.2267806454140586,middle,0.0389534687721432,False,0.28034462579115726,True,0.21245716073785284,False,0.27020828461786445,True
validation:2026.9.7/log_24_2026-9-7-06-16-04.ulg:0:775,2026.9.7/log_24_2026-9-7-06-16-04.ulg,0,775,51,78078751,78577618,79575478,0.498867,Sep7,0.3236796309903355,high,0.11497461962415671,False,0.22086473686677308,True,0.607704749525877,True,0.14875838598602245,False
validation:2026.9.7/log_24_2026-9-7-06-16-04.ulg:0:825,2026.9.7/log_24_2026-9-7-06-16-04.ulg,0,825,51,79079094,79575478,80583440,0.496384,Sep7,0.3953702144009478,high,0.13902244636439612,False,0.1443090911548999,False,0.7736848559435928,True,0.05357282699094273,False
validation:2026.9.7/log_24_2026-9-7-06-16-04.ulg:0:875,2026.9.7/log_24_2026-9-7-06-16-04.ulg,0,875,51,80084454,80583440,81581228,0.498986,Sep7,0.07779799340674569,low,0.008783655101478327,False,0.10535508979789368,False,0.11615658162571567,False,0.027329489653669325,False
validation:2026.9.7/log_24_2026-9-7-06-16-04.ulg:0:925,2026.9.7/log_24_2026-9-7-06-16-04.ulg,0,925,51,81082328,81581228,82579176,0.4988999999999999,Sep7,0.19811798605135256,middle,0.006866499052804568,False,0.15312516016183214,False,0.38343526785543414,False,0.03107680306437604,False
validation:2026.9.7/log_24_2026-9-7-06-16-04.ulg:0:975,2026.9.7/log_24_2026-9-7-06-16-04.ulg,0,975,51,82080271,82579176,83577009,0.498905,Sep7,0.11100886578289879,low,0.009928941226031279,False,0.06514321080439262,False,0.159813761849122,False,0.13923975779988704,False
validation:2026.9.7/log_24_2026-9-7-06-16-04.ulg:0:1025,2026.9.7/log_24_2026-9-7-06-16-04.ulg,0,1025,51,83078109,83577009,84584872,0.4988999999999999,Sep7,0.1707512215391494,low,0.025356963720216657,False,0.08778237066166009,False,0.33233563670952176,False,0.05693813556925702,False
validation:2026.9.7/log_24_2026-9-7-06-16-04.ulg:0:1075,2026.9.7/log_24_2026-9-7-06-16-04.ulg,0,1075,51,84075989,84584872,85582784,0.508883,Sep7,0.2181057947694923,middle,0.005477571332220166,False,0.11246644123254801,False,0.39798785342522375,False,0.05180189252875727,False
validation:2026.9.7/log_24_2026-9-7-06-16-04.ulg:0:1125,2026.9.7/log_24_2026-9-7-06-16-04.ulg,0,1125,51,85083936,85582784,86580684,0.4988479999999999,Sep7,0.10277221641786305,low,0.0,False,0.09279866089013414,False,0.16965332575748732,False,0.08686705951478435,False
validation:2026.9.7/log_24_2026-9-7-06-16-04.ulg:0:1175,2026.9.7/log_24_2026-9-7-06-16-04.ulg,0,1175,51,86081784,86580684,87578545,0.4988999999999999,Sep7,0.18648677830556373,middle,0.006210982085859137,False,0.16318155545300925,False,0.26093701257736485,False,0.16382239268043894,False
validation:2026.9.7/log_24_2026-9-7-06-16-04.ulg:0:1225,2026.9.7/log_24_2026-9-7-06-16-04.ulg,0,1225,51,87079643,87578545,88576500,0.4989019999999999,Sep7,0.12492712141927544,low,0.010351883615932233,False,0.20153374680818326,True,0.1255427696807895,False,0.09629064251471506,False
validation:2026.9.7/log_24_2026-9-7-06-16-04.ulg:0:1275,2026.9.7/log_24_2026-9-7-06-16-04.ulg,0,1275,51,88077561,88576500,89574359,0.4989389999999999,Sep7,0.2303920735949474,middle,0.015354341360930574,False,0.0952436244504694,False,0.440846060393033,False,0.1211590781207387,False
validation:2026.9.7/log_24_2026-9-7-06-16-04.ulg:0:1325,2026.9.7/log_24_2026-9-7-06-16-04.ulg,0,1325,51,89075435,89574359,90582208,0.498924,Sep7,0.2335265969761389,middle,0.03579960643741735,False,0.10203437349964503,False,0.430562623989577,False,0.11803490699538116,False
validation:2026.9.7/log_24_2026-9-7-06-16-04.ulg:0:1375,2026.9.7/log_24_2026-9-7-06-16-04.ulg,0,1375,51,90083494,90582208,91580144,0.498714,Sep7,0.42036402349432334,high,0.1615671982840606,False,0.09071380596872985,False,0.8064438030251311,True,0.1165369250853669,False
validation:2026.9.7/log_24_2026-9-7-06-16-04.ulg:0:1425,2026.9.7/log_24_2026-9-7-06-16-04.ulg,0,1425,51,91081204,91580144,92578000,0.49894,Sep7,0.2724786807473635,middle,0.05330915503353158,False,0.07304547907301873,False,0.521278374459467,True,0.11439900071350043,False
validation:2026.9.7/log_24_2026-9-7-06-16-04.ulg:1:25,2026.9.7/log_24_2026-9-7-06-16-04.ulg,1,25,51,92797568,93296756,94304412,0.4991879999999999,Sep7,0.3698610882015554,high,0.34738528616723796,True,0.18120215317745247,True,0.5906535711030096,True,0.2626665231250503,True
validation:2026.9.7/log_24_2026-9-7-06-16-04.ulg:1:75,2026.9.7/log_24_2026-9-7-06-16-04.ulg,1,75,51,93795398,94304412,95302483,0.509014,Sep7,0.3172471358685563,middle,0.37235247198753607,True,0.23048920277577384,True,0.39294390574241267,False,0.24187350084702175,True
validation:2026.9.7/log_24_2026-9-7-06-16-04.ulg:1:125,2026.9.7/log_24_2026-9-7-06-16-04.ulg,1,125,51,94803352,95302483,96300419,0.499131,Sep7,0.24718574670830418,middle,0.2750644691265307,False,0.1569389400410484,False,0.3205239887821746,False,0.14165449861216065,False
validation:2026.9.7/log_24_2026-9-7-06-16-04.ulg:1:175,2026.9.7/log_24_2026-9-7-06-16-04.ulg,1,175,51,95801262,96300419,97298346,0.4991569999999999,Sep7,0.20423046376331763,middle,0.12825117090601557,False,0.07632698416834989,False,0.3681172181051467,False,0.09167984681731702,False
validation:2026.9.7/log_24_2026-9-7-06-16-04.ulg:1:225,2026.9.7/log_24_2026-9-7-06-16-04.ulg,1,225,51,96799127,97298346,98296255,0.4992189999999999,Sep7,0.3379452740464871,high,0.3417427130969914,True,0.17670241505742681,False,0.500547825440296,True,0.1251901515807457,False
validation:2026.9.7/log_24_2026-9-7-06-16-04.ulg:1:275,2026.9.7/log_24_2026-9-7-06-16-04.ulg,1,275,51,97796956,98296255,99294178,0.499299,Sep7,0.13488096323755605,low,0.07860900200861776,False,0.08714602114557223,False,0.13249282255036512,False,0.205692254719144,False
validation:2026.9.7/log_24_2026-9-7-06-16-04.ulg:1:325,2026.9.7/log_24_2026-9-7-06-16-04.ulg,1,325,51,98804825,99294178,100302001,0.489353,Sep7,0.14978832905088638,low,0.16044868435163884,False,0.13900096092613107,False,0.2111552283764242,False,0.08897517563486901,False
validation:2026.9.7/log_24_2026-9-7-06-16-04.ulg:1:375,2026.9.7/log_24_2026-9-7-06-16-04.ulg,1,375,51,99802706,100302001,101299879,0.499295,Sep7,0.15535640375101312,low,0.13815862341281357,False,0.07071093437266304,False,0.25736370562163174,False,0.08184213006799908,False
validation:2026.9.7/log_24_2026-9-7-06-16-04.ulg:1:425,2026.9.7/log_24_2026-9-7-06-16-04.ulg,1,425,51,100800605,101299879,102297737,0.499274,Sep7,0.2207107659267209,middle,0.35335019205938617,True,0.08657541117176464,False,0.24483758892432977,False,0.0557254708216767,False
validation:2026.9.7/log_24_2026-9-7-06-16-04.ulg:1:475,2026.9.7/log_24_2026-9-7-06-16-04.ulg,1,475,51,101798535,102297737,103295664,0.499202,Sep7,0.30047903673288556,middle,0.18941639577186992,False,0.13721845152437573,False,0.5596881570271315,True,0.08253087567057693,False
validation:2026.9.7/log_24_2026-9-7-06-16-04.ulg:1:525,2026.9.7/log_24_2026-9-7-06-16-04.ulg,1,525,51,102796386,103295664,104303288,0.499278,Sep7,0.145971611410886,low,0.0683889872283867,False,0.1413704969574174,False,0.261484932240203,False,0.04530423913068986,False
validation:2026.9.7/log_24_2026-9-7-06-16-04.ulg:1:575,2026.9.7/log_24_2026-9-7-06-16-04.ulg,1,575,51,103794275,104303288,105301429,0.5090129999999999,Sep7,0.31496900209407236,middle,0.3752543965716144,True,0.14565273071855114,False,0.465966936159251,False,0.1844827691348714,False
validation:2026.9.7/log_24_2026-9-7-06-16-04.ulg:1:625,2026.9.7/log_24_2026-9-7-06-16-04.ulg,1,625,51,104802166,105301429,106299287,0.4992629999999999,Sep7,0.2269624347243544,middle,0.2612678863725098,False,0.12186596464655082,False,0.31214564580604004,False,0.09964481539524113,False
validation:2026.9.7/log_24_2026-9-7-06-16-04.ulg:1:675,2026.9.7/log_24_2026-9-7-06-16-04.ulg,1,675,51,105800149,106299287,107297207,0.4991379999999999,Sep7,0.22752027611669184,middle,0.10982048151459128,False,0.07827506957607962,False,0.406454930220471,False,0.14796570937116296,False
validation:2026.9.7/log_24_2026-9-7-06-16-04.ulg:1:725,2026.9.7/log_24_2026-9-7-06-16-04.ulg,1,725,51,106797944,107297207,108304827,0.4992629999999999,Sep7,0.2155980850226077,middle,0.3834529833885744,True,0.07143150669458796,False,0.14509973826090092,False,0.10705212639553655,False
validation:2026.9.7/log_24_2026-9-7-06-16-04.ulg:1:775,2026.9.7/log_24_2026-9-7-06-16-04.ulg,1,775,51,107795858,108304827,109302702,0.508969,Sep7,0.2835709030063214,middle,0.32840004199339734,True,0.10557093477346581,False,0.4143773867021848,False,0.10995094888176847,False
validation:2026.9.7/log_24_2026-9-7-06-16-04.ulg:1:825,2026.9.7/log_24_2026-9-7-06-16-04.ulg,1,825,51,108803713,109302702,110303414,0.4989889999999999,Sep7,0.41491036970800804,high,0.07867533351970786,False,0.1476763668399797,False,0.775034980095728,True,0.254876459153472,True
validation:2026.9.7/log_24_2026-9-7-06-16-04.ulg:1:875,2026.9.7/log_24_2026-9-7-06-16-04.ulg,1,875,51,109801697,110303414,111298717,0.501717,Sep7,0.12896733274835223,low,0.07472535283139321,False,0.13995358121526566,False,0.1506477662407812,False,0.14662642426311645,False
validation:2026.9.7/log_24_2026-9-7-06-16-04.ulg:1:925,2026.9.7/log_24_2026-9-7-06-16-04.ulg,1,925,51,110799494,111298717,112296619,0.499223,Sep7,0.2978430870414204,middle,0.14208970515352168,False,0.11229656427893932,False,0.543327823540817,True,0.18710192851881435,False
validation:2026.9.7/log_24_2026-9-7-06-16-04.ulg:1:975,2026.9.7/log_24_2026-9-7-06-16-04.ulg,1,975,51,111797448,112296619,113294661,0.499171,Sep7,0.25944411425006786,middle,0.31631138741648546,True,0.10739778744666582,False,0.3606074413584766,False,0.11358043444901186,False
validation:2026.9.7/log_24_2026-9-7-06-16-04.ulg:1:1025,2026.9.7/log_24_2026-9-7-06-16-04.ulg,1,1025,51,112805297,113294661,114302098,0.4893639999999999,Sep7,0.1375125953420905,low,0.0794785245303739,False,0.1706498442221974,False,0.17109700811516537,False,0.12963241328899455,False
validation:2026.9.7/log_24_2026-9-7-06-16-04.ulg:1:1075,2026.9.7/log_24_2026-9-7-06-16-04.ulg,1,1075,51,113803168,114302098,115300270,0.49893,Sep7,0.2604029446106332,middle,0.36091623482604895,True,0.08007557100979436,False,0.13717542945351427,False,0.3358290633538361,True
validation:2026.9.7/log_24_2026-9-7-06-16-04.ulg:1:1125,2026.9.7/log_24_2026-9-7-06-16-04.ulg,1,1125,51,114801057,115300270,116298193,0.4992129999999999,Sep7,0.1289618985325725,low,0.0895305484361446,False,0.07541130461750624,False,0.17322109023000865,False,0.1425287989150807,False
validation:2026.9.7/log_24_2026-9-7-06-16-04.ulg:1:1175,2026.9.7/log_24_2026-9-7-06-16-04.ulg,1,1175,51,115798964,116298193,117296060,0.499229,Sep7,0.24664538531740512,middle,0.1089955133393276,False,0.10631271364487381,False,0.4086468219976883,False,0.19455384594824368,False
validation:2026.9.7/log_24_2026-9-7-06-16-04.ulg:1:1225,2026.9.7/log_24_2026-9-7-06-16-04.ulg,1,1225,51,116796828,117296060,118303720,0.4992319999999999,Sep7,0.23824904352799994,middle,0.3893276111293649,True,0.07712758442473099,False,0.23914059862129938,False,0.106799103944359,False
validation:2026.9.7/log_24_2026-9-7-06-16-04.ulg:1:1275,2026.9.7/log_24_2026-9-7-06-16-04.ulg,1,1275,51,117794728,118303720,119302043,0.508992,Sep7,0.25878601022435854,middle,0.15608528797021626,False,0.08864248803116079,False,0.3873833000576811,False,0.2809215637515583,True
validation:2026.9.7/log_24_2026-9-7-06-16-04.ulg:1:1325,2026.9.7/log_24_2026-9-7-06-16-04.ulg,1,1325,51,118802608,119302043,120299836,0.4994349999999999,Sep7,0.2041736686107993,middle,0.19724829299060076,False,0.20610974315685415,True,0.2973746612592692,False,0.11771635168896495,False
validation:2026.9.7/log_24_2026-9-7-06-16-04.ulg:1:1375,2026.9.7/log_24_2026-9-7-06-16-04.ulg,1,1375,51,119800509,120299836,121297610,0.4993269999999999,Sep7,0.224549544409407,middle,0.3588040254538493,True,0.06454598780022071,False,0.2265660170849794,False,0.12408596519203081,False
validation:2026.9.7/log_24_2026-9-7-06-16-04.ulg:1:1425,2026.9.7/log_24_2026-9-7-06-16-04.ulg,1,1425,51,120798402,121297610,122295555,0.499208,Sep7,0.1980248414380722,middle,0.28626742545497663,False,0.18404737385507725,True,0.16899299749075425,False,0.03963380788445937,False
validation:2026.9.7/log_24_2026-9-7-06-16-04.ulg:1:1475,2026.9.7/log_24_2026-9-7-06-16-04.ulg,1,1475,51,121796296,122295555,123303109,0.4992589999999999,Sep7,0.24159829224681925,middle,0.3955443593497304,True,0.22064708113058762,True,0.18471464930540923,False,0.06773862832874922,False
validation:2026.9.7/log_24_2026-9-7-06-16-04.ulg:1:1525,2026.9.7/log_24_2026-9-7-06-16-04.ulg,1,1525,51,122804178,123303109,124301242,0.4989309999999999,Sep7,0.11615527985935414,low,0.07294935602351477,False,0.14376555730074944,False,0.1393783434477058,False,0.0795257713595563,False
validation:2026.9.7/log_24_2026-9-7-06-16-04.ulg:1:1575,2026.9.7/log_24_2026-9-7-06-16-04.ulg,1,1575,51,123802078,124301242,125299157,0.499164,Sep7,0.2588493724810617,middle,0.2975641899623133,False,0.09523086409660465,False,0.3821805199244028,False,0.09694608656265648,False
validation:2026.9.7/log_24_2026-9-7-06-16-04.ulg:1:1625,2026.9.7/log_24_2026-9-7-06-16-04.ulg,1,1625,51,124799889,125299157,126297041,0.499268,Sep7,0.23993231246329738,middle,0.36702847727489124,True,0.15400008652560823,False,0.21242613134793079,False,0.1577577097698344,False
validation:2026.9.7/log_24_2026-9-7-06-16-04.ulg:1:1675,2026.9.7/log_24_2026-9-7-06-16-04.ulg,1,1675,51,125797843,126297041,127294937,0.499198,Sep7,0.2066837458010197,middle,0.2961328564580943,False,0.10028981334275722,False,0.2598864076087232,False,0.08419157132300824,False
validation:2026.9.7/log_24_2026-9-7-06-16-04.ulg:1:1725,2026.9.7/log_24_2026-9-7-06-16-04.ulg,1,1725,51,126805877,127294937,128302618,0.48906,Sep7,0.24691255067264867,middle,0.21937717515140454,False,0.08836651167191586,False,0.38880208005918593,False,0.19205630484772002,False
validation:2026.9.7/log_24_2026-9-7-06-16-04.ulg:1:1775,2026.9.7/log_24_2026-9-7-06-16-04.ulg,1,1775,51,127793674,128302618,129300713,0.508944,Sep7,0.25619922301329495,middle,0.27481802508155895,False,0.07095292872097521,False,0.4209153118316814,False,0.033696357152383484,False
validation:2026.9.7/log_24_2026-9-7-06-16-04.ulg:1:1825,2026.9.7/log_24_2026-9-7-06-16-04.ulg,1,1825,51,128801518,129300713,130298676,0.499195,Sep7,0.18060495661027706,middle,0.15243266033756148,False,0.0807791904648836,False,0.2930819384479684,False,0.12442180017202882,False
validation:2026.9.7/log_24_2026-9-7-06-16-04.ulg:1:1875,2026.9.7/log_24_2026-9-7-06-16-04.ulg,1,1875,51,129799476,130298676,131296532,0.4992,Sep7,0.19877216983244284,middle,0.24821578242623252,False,0.1085314668410905,False,0.26855317649621346,False,0.035869391812942915,False
validation:2026.9.7/log_24_2026-9-7-06-16-04.ulg:1:1925,2026.9.7/log_24_2026-9-7-06-16-04.ulg,1,1925,51,130797473,131296532,132304135,0.499059,Sep7,0.22028130689012476,middle,0.34127835130012013,True,0.10351255222550095,False,0.21842330394582238,False,0.10177433133927086,False
validation:2026.9.7/log_24_2026-9-7-06-16-04.ulg:1:1975,2026.9.7/log_24_2026-9-7-06-16-04.ulg,1,1975,51,131795284,132304135,133302001,0.5088509999999999,Sep7,0.17470821673288256,middle,0.23505511154036893,False,0.22771579097091924,True,0.09645569417844732,False,0.06643174377107336,False
validation:2026.9.7/log_24_2026-9-7-06-16-04.ulg:1:2025,2026.9.7/log_24_2026-9-7-06-16-04.ulg,1,2025,51,132803093,133302001,134300196,0.4989079999999999,Sep7,0.16779757833695805,low,0.08963405457380698,False,0.1421239492265192,False,0.29429007138568536,False,0.07970343976938075,False
validation:2026.9.7/log_24_2026-9-7-06-16-04.ulg:1:2075,2026.9.7/log_24_2026-9-7-06-16-04.ulg,1,2075,51,133800962,134300196,135298035,0.4992339999999999,Sep7,0.24248325432906584,middle,0.2920096753027799,False,0.10949326286105854,False,0.3076559540578949,False,0.21179394611708943,False
validation:2026.9.7/log_24_2026-9-7-06-16-04.ulg:1:2125,2026.9.7/log_24_2026-9-7-06-16-04.ulg,1,2125,51,134798865,135298035,136296040,0.49917,Sep7,0.2250997031830922,middle,0.38189216775212464,True,0.12978139211426298,False,0.18296826709013547,False,0.1013860693817682,False
validation:2026.9.7/log_24_2026-9-7-06-16-04.ulg:1:2175,2026.9.7/log_24_2026-9-7-06-16-04.ulg,1,2175,51,135796721,136296040,137303547,0.4993189999999999,Sep7,0.19949928074600623,middle,0.04040322362704004,False,0.12514690001315015,False,0.38893122205086356,False,0.0324284376682384,False
validation:2026.9.7/log_24_2026-9-7-06-16-04.ulg:1:2225,2026.9.7/log_24_2026-9-7-06-16-04.ulg,1,2225,51,136804653,137303547,138301748,0.498894,Sep7,0.21245941904482976,middle,0.3571339367956024,True,0.12929285613856048,False,0.19295242059689013,False,0.0369587955220606,False
validation:2026.9.7/log_24_2026-9-7-06-16-04.ulg:1:2275,2026.9.7/log_24_2026-9-7-06-16-04.ulg,1,2275,51,137802561,138301748,139299619,0.499187,Sep7,0.24222005558495247,middle,0.370090392342768,True,0.09013347486854903,False,0.29357818524454327,False,0.05085267376906778,False
validation:2026.9.7/log_24_2026-9-7-06-16-04.ulg:1:2325,2026.9.7/log_24_2026-9-7-06-16-04.ulg,1,2325,51,138800420,139299619,140297483,0.499199,Sep7,0.19893272455592084,middle,0.23967793910918347,False,0.0727219122913899,False,0.20581636768553999,False,0.22010294523790333,False
validation:2026.9.7/log_24_2026-9-7-06-16-04.ulg:1:2375,2026.9.7/log_24_2026-9-7-06-16-04.ulg,1,2375,51,139798273,140297483,141295359,0.49921,Sep7,0.21461880377638973,middle,0.38188136931917027,True,0.08808124098317843,False,0.15952867015728567,False,0.07914471292072155,False
validation:2026.9.7/log_24_2026-9-7-06-16-04.ulg:1:2425,2026.9.7/log_24_2026-9-7-06-16-04.ulg,1,2425,51,140796162,141295359,142303021,0.499197,Sep7,0.2148978206796707,middle,0.061399489449639105,False,0.10065891382759228,False,0.4043775028790517,False,0.10911540930492034,False
validation:2026.9.7/log_24_2026-9-7-06-16-04.ulg:1:2475,2026.9.7/log_24_2026-9-7-06-16-04.ulg,1,2475,51,141794063,142303021,143301119,0.508958,Sep7,0.2782829153461586,middle,0.374360390685797,True,0.08413160069078038,False,0.35722051444806935,False,0.18200346631124256,False
validation:2026.9.7/log_24_2026-9-7-06-16-04.ulg:1:2525,2026.9.7/log_24_2026-9-7-06-16-04.ulg,1,2525,51,142801986,143301119,144299027,0.499133,Sep7,0.284603423809415,middle,0.18226933985885602,False,0.17145784033024294,False,0.4356217313397876,False,0.22725908279546655,True
validation:2026.9.7/log_24_2026-9-7-06-16-04.ulg:1:2575,2026.9.7/log_24_2026-9-7-06-16-04.ulg,1,2575,51,143799925,144299027,145297034,0.499102,Sep7,0.27589354260202936,middle,0.16641621307738902,False,0.0762575026523223,False,0.478328799914363,False,0.19136494492196124,False
validation:2026.9.7/log_24_2026-9-7-06-16-04.ulg:1:2625,2026.9.7/log_24_2026-9-7-06-16-04.ulg,1,2625,51,144797791,145297034,146304545,0.499243,Sep7,0.2313053790091698,middle,0.11814335281917128,False,0.0868189190545027,False,0.41792306064129503,False,0.11835354227781682,False
validation:2026.9.7/log_24_2026-9-7-06-16-04.ulg:1:2675,2026.9.7/log_24_2026-9-7-06-16-04.ulg,1,2675,51,145795606,146304545,147302420,0.508939,Sep7,0.28187521631382606,middle,0.12569058074962094,False,0.13567913395904602,False,0.5220224384780455,True,0.1564913995117039,False
validation:2026.9.7/log_24_2026-9-7-06-16-04.ulg:1:2725,2026.9.7/log_24_2026-9-7-06-16-04.ulg,1,2725,51,146803478,147302420,148300623,0.498942,Sep7,0.24619219394409264,middle,0.39470876176442765,True,0.07591769802395476,False,0.2565348891113446,False,0.1208553478489203,False
validation:2026.9.7/log_24_2026-9-7-06-16-04.ulg:1:2775,2026.9.7/log_24_2026-9-7-06-16-04.ulg,1,2775,51,147801375,148300623,149298447,0.4992479999999999,Sep7,0.28854891540562305,middle,0.30091274621617736,True,0.11752758524784057,False,0.4483887137364314,False,0.057602310763404045,False
validation:2026.9.7/log_24_2026-9-7-06-16-04.ulg:1:2825,2026.9.7/log_24_2026-9-7-06-16-04.ulg,1,2825,51,148799262,149298447,150296368,0.499185,Sep7,0.25761930172377884,middle,0.1153099376816742,False,0.19030443143200207,True,0.41441546124280026,False,0.09484311039847451,False
validation:2026.9.7/log_24_2026-9-7-06-16-04.ulg:1:2875,2026.9.7/log_24_2026-9-7-06-16-04.ulg,1,2875,51,149797252,150296368,151303981,0.499116,Sep7,0.17808450110342794,middle,0.11644248756067097,False,0.09758766389624622,False,0.30104440978154323,False,0.1316297720265112,False
validation:2026.9.7/log_24_2026-9-7-06-16-04.ulg:1:2925,2026.9.7/log_24_2026-9-7-06-16-04.ulg,1,2925,51,150805169,151303981,152302132,0.498812,Sep7,0.14848504970904022,low,0.0909355395765282,False,0.11807853223993645,False,0.23605272229259033,False,0.05994235996537492,False
validation:2026.9.7/log_24_2026-9-7-06-16-04.ulg:1:2975,2026.9.7/log_24_2026-9-7-06-16-04.ulg,1,2975,51,151803034,152302132,153300106,0.499098,Sep7,0.21347008166286413,middle,0.3711574420350972,True,0.09539846627895966,False,0.17035028099366134,False,0.050946541287551037,False
validation:2026.9.7/log_24_2026-9-7-06-16-04.ulg:1:3025,2026.9.7/log_24_2026-9-7-06-16-04.ulg,1,3025,51,152800922,153300106,154297958,0.4991839999999999,Sep7,0.2833884671733711,middle,0.38180691639400816,True,0.14093954431211453,False,0.40647633510656966,False,0.0550217487186614,False
validation:2026.9.7/log_24_2026-9-7-06-16-04.ulg:1:3075,2026.9.7/log_24_2026-9-7-06-16-04.ulg,1,3075,51,153798836,154297958,155295817,0.4991219999999999,Sep7,0.12280638025851003,low,0.06968169642130163,False,0.14000716458813645,False,0.17318252495288422,False,0.06236581267740267,False
validation:2026.9.7/log_24_2026-9-7-06-16-04.ulg:1:3125,2026.9.7/log_24_2026-9-7-06-16-04.ulg,1,3125,51,154796715,155295817,156303435,0.499102,Sep7,0.12088717561057655,low,0.10516494682058995,False,0.10871858864953847,False,0.06816916454772308,False,0.17138653252223707,False
validation:2026.9.7/log_24_2026-9-7-06-16-04.ulg:1:3175,2026.9.7/log_24_2026-9-7-06-16-04.ulg,1,3175,51,155794546,156303435,157301599,0.5088889999999999,Sep7,0.07690513168927643,low,0.05430610089950002,False,0.09593675257497462,False,0.09368286365749091,False,0.055447036880514555,False
validation:2026.9.7/log_24_2026-9-7-06-16-04.ulg:1:3225,2026.9.7/log_24_2026-9-7-06-16-04.ulg,1,3225,51,156802333,157301599,158299414,0.499266,Sep7,0.16914123898607583,low,0.052154104912944005,False,0.06886113865391925,False,0.3147215031565303,False,0.08465473086175816,False
validation:2026.9.7/log_24_2026-9-7-06-16-04.ulg:1:3275,2026.9.7/log_24_2026-9-7-06-16-04.ulg,1,3275,51,157800290,158299414,159297369,0.4991239999999999,Sep7,0.18433959709608957,middle,0.06670220157805877,False,0.08628868086999852,False,0.3220123723537251,False,0.09148369439764457,False
validation:2026.9.7/log_24_2026-9-7-06-16-04.ulg:1:3325,2026.9.7/log_24_2026-9-7-06-16-04.ulg,1,3325,51,158798118,159297369,160295218,0.499251,Sep7,0.28317975295609343,middle,0.1579921599809284,False,0.07534814948845511,False,0.36770379587254864,False,0.38171246928160124,True
validation:2026.9.7/log_24_2026-9-7-06-16-04.ulg:1:3375,2026.9.7/log_24_2026-9-7-06-16-04.ulg,1,3375,51,159796006,160295218,161303162,0.499212,Sep7,0.16915621934512942,low,0.08605191664363654,False,0.08692730779519353,False,0.2743572939294046,False,0.15999601701192684,False
validation:2026.9.7/log_24_2026-9-7-06-16-04.ulg:1:3425,2026.9.7/log_24_2026-9-7-06-16-04.ulg,1,3425,51,160803910,161303162,162300998,0.499252,Sep7,0.1283714419279585,low,0.17802101310169804,False,0.0718999232396113,False,0.11396065449788106,False,0.12941168173075845,False
validation:2026.9.7/log_24_2026-9-7-06-16-04.ulg:1:3475,2026.9.7/log_24_2026-9-7-06-16-04.ulg,1,3475,51,161801796,162300998,163298853,0.499202,Sep7,0.17204424295933737,low,0.3002745111294075,True,0.08797232822963504,False,0.1358174044677638,False,0.051418035156597854,False
validation:2026.9.7/log_24_2026-9-7-06-16-04.ulg:1:3525,2026.9.7/log_24_2026-9-7-06-16-04.ulg,1,3525,51,162799750,163298853,164296760,0.4991029999999999,Sep7,0.22246221520238868,middle,0.33476835374966535,True,0.08146488760837721,False,0.26276667785276236,False,0.053518166575075715,False
validation:2026.9.7/log_24_2026-9-7-06-16-04.ulg:1:3575,2026.9.7/log_24_2026-9-7-06-16-04.ulg,1,3575,51,163797608,164296760,165304532,0.499152,Sep7,0.18956197174802283,middle,0.3066999835378634,True,0.09883907912195013,False,0.16605996393200853,False,0.08960870111623025,False
validation:2026.9.7/log_24_2026-9-7-06-16-04.ulg:1:3625,2026.9.7/log_24_2026-9-7-06-16-04.ulg,1,3625,51,164805528,165304532,166302580,0.499004,Sep7,0.1872182067934314,middle,0.18623092691570545,False,0.1186318450782771,False,0.2645915383432919,False,0.08592846667889227,False
validation:2026.9.7/log_24_2026-9-7-06-16-04.ulg:1:3675,2026.9.7/log_24_2026-9-7-06-16-04.ulg,1,3675,51,165793317,166302580,167300498,0.509263,Sep7,0.21186098623517247,middle,0.3639154579923325,True,0.1243548187151067,False,0.151873924515244,False,0.04224296687820645,False
validation:2026.9.7/log_24_2026-9-7-06-16-04.ulg:1:3725,2026.9.7/log_24_2026-9-7-06-16-04.ulg,1,3725,51,166801202,167300498,168298310,0.4992959999999999,Sep7,0.29605678132163965,middle,0.2631742137770295,False,0.09653131183797627,False,0.4915403062798326,False,0.08164011738876764,False
validation:2026.9.7/log_24_2026-9-7-06-16-04.ulg:1:3775,2026.9.7/log_24_2026-9-7-06-16-04.ulg,1,3775,51,167799087,168298310,169296236,0.499223,Sep7,0.32050577481091297,middle,0.25132264234186963,False,0.08046697998080966,False,0.12387313603632258,False,0.5704840697348714,True
validation:2026.9.7/log_24_2026-9-7-06-16-04.ulg:1:3825,2026.9.7/log_24_2026-9-7-06-16-04.ulg,1,3825,51,168797037,169296236,170303852,0.499199,Sep7,0.6080433578374039,high,0.39062457431243075,True,0.36475370562143755,True,0.9850462404719713,True,0.2008970754809434,False
validation:2026.9.7/log_24_2026-9-7-06-16-04.ulg:1:3875,2026.9.7/log_24_2026-9-7-06-16-04.ulg,1,3875,51,169794865,170303852,171301728,0.508987,Sep7,0.1743328634480632,middle,0.19893210683914517,False,0.06561433433690106,False,0.2639567497590723,False,0.05392589685659486,False
validation:2026.9.7/log_24_2026-9-7-06-16-04.ulg:1:3925,2026.9.7/log_24_2026-9-7-06-16-04.ulg,1,3925,51,170802771,171301728,172299855,0.498957,Sep7,0.291406622512791,middle,0.3934959008957176,True,0.2487724260775566,True,0.34401133214005114,False,0.16294776908455533,False
validation:2026.9.7/log_24_2026-9-7-06-16-04.ulg:2:25,2026.9.7/log_24_2026-9-7-06-16-04.ulg,2,25,51,172838458,173337364,174335300,0.4989059999999999,Sep7,0.38000542359627715,high,0.3818008276136945,True,0.1934255512801626,True,0.5911704180706204,True,0.27150769970848004,True
validation:2026.9.7/log_24_2026-9-7-06-16-04.ulg:2:75,2026.9.7/log_24_2026-9-7-06-16-04.ulg,2,75,51,173836318,174335300,175343267,0.498982,Sep7,0.2902361865493446,middle,0.3944727240199424,True,0.07430081560707377,False,0.3446194085020209,False,0.21951282401752234,False
validation:2026.9.7/log_24_2026-9-7-06-16-04.ulg:3:25,2026.9.7/log_24_2026-9-7-06-16-04.ulg,3,25,51,175882063,176380928,177378821,0.498865,Sep7,0.09706511935824676,low,0.04109537806641809,False,0.1640486852131061,False,0.096979785029559,False,0.03969805879513951,False
validation:2026.9.7/log_24_2026-9-7-06-16-04.ulg:3:75,2026.9.7/log_24_2026-9-7-06-16-04.ulg,3,75,51,176879889,177378821,178376829,0.498932,Sep7,0.12345847632102169,low,0.0,False,0.18876354820479538,True,0.12421913564283518,False,0.08259069054152714,False
validation:2026.9.7/log_24_2026-9-7-06-16-04.ulg:3:125,2026.9.7/log_24_2026-9-7-06-16-04.ulg,3,125,51,177877771,178376829,179374606,0.499058,Sep7,0.08735108432566166,low,0.011527094905274057,False,0.07363138381510179,False,0.1466307755880388,False,0.03476980629520737,False
validation:2026.9.7/log_24_2026-9-7-06-16-04.ulg:3:175,2026.9.7/log_24_2026-9-7-06-16-04.ulg,3,175,51,178885675,179374606,180382476,0.488931,Sep7,0.2051316537802275,middle,0.011711540135304436,False,0.06898044439679654,False,0.34252108009377674,False,0.21549300792725898,False
validation:2026.9.7/log_24_2026-9-7-06-16-04.ulg:3:225,2026.9.7/log_24_2026-9-7-06-16-04.ulg,3,225,51,179883517,180382476,181380386,0.498959,Sep7,0.11169841420474588,low,0.006210982085859137,False,0.06889242327821572,False,0.17091104986176048,False,0.12754022114016936,False
validation:2026.9.7/log_24_2026-9-7-06-16-04.ulg:3:275,2026.9.7/log_24_2026-9-7-06-16-04.ulg,3,275,51,180881397,181380386,182378226,0.4989889999999999,Sep7,0.19420853744831343,middle,0.0020703273619530455,False,0.15191510441709352,False,0.36899147268133725,False,0.06825963431993529,False
validation:2026.9.7/log_24_2026-9-7-06-16-04.ulg:3:325,2026.9.7/log_24_2026-9-7-06-16-04.ulg,3,325,51,181879349,182378226,183376125,0.4988769999999999,Sep7,0.19896275803942043,middle,0.0035859121792027157,False,0.06764268095474193,False,0.39014631720247245,False,0.03204427607587689,False
validation:2026.9.7/log_24_2026-9-7-06-16-04.ulg:3:375,2026.9.7/log_24_2026-9-7-06-16-04.ulg,3,375,51,182877205,183376125,184384017,0.49892,Sep7,0.22397205928066968,middle,0.19175098411035482,False,0.0660108173252043,False,0.36861096468163124,False,0.15581631948199698,False
validation:2026.9.7/log_24_2026-9-7-06-16-04.ulg:3:425,2026.9.7/log_24_2026-9-7-06-16-04.ulg,3,425,51,183875104,184384017,185381971,0.508913,Sep7,0.26659724779540184,middle,0.0,False,0.1787158869689893,True,0.423709607199546,False,0.19873140359672067,False
validation:2026.9.7/log_24_2026-9-7-06-16-04.ulg:3:475,2026.9.7/log_24_2026-9-7-06-16-04.ulg,3,475,51,184883015,185381971,186379933,0.4989559999999999,Sep7,0.13144103139105526,low,0.0,False,0.09402401495622743,False,0.2155152896785343,False,0.1362283002553186,False
validation:2026.9.7/log_24_2026-9-7-06-16-04.ulg:3:525,2026.9.7/log_24_2026-9-7-06-16-04.ulg,3,525,51,185880928,186379933,187377745,0.499005,Sep7,0.28738251070241755,middle,0.0,False,0.07996986545458211,False,0.5420437363548373,True,0.09313722013567782,False
validation:2026.9.7/log_24_2026-9-7-06-16-04.ulg:3:575,2026.9.7/log_24_2026-9-7-06-16-04.ulg,3,575,51,186878719,187377745,188375657,0.4990259999999999,Sep7,0.10581215727278935,low,0.011149191541209429,False,0.045281307402967354,False,0.0648510263135002,False,0.19444888702962937,False
validation:2026.9.7/log_24_2026-9-7-06-16-04.ulg:3:625,2026.9.7/log_24_2026-9-7-06-16-04.ulg,3,625,51,187876635,188375657,189383527,0.4990219999999999,Sep7,0.3031020014610452,middle,0.0,False,0.0755773187167476,False,0.5674949895395369,True,0.148798848295585,False
validation:2026.9.7/log_24_2026-9-7-06-16-04.ulg:3:675,2026.9.7/log_24_2026-9-7-06-16-04.ulg,3,675,51,188884517,189383527,190381335,0.4990099999999999,Sep7,1.1354334081769561,high,0.00878382962013939,False,0.3381309871342992,True,2.220884098744904,True,0.4246128552647645,True
validation:2026.9.7/log_24_2026-9-7-06-16-04.ulg:3:725,2026.9.7/log_24_2026-9-7-06-16-04.ulg,3,725,51,189882344,190381335,191379228,0.4989909999999999,Sep7,0.19769499817238784,middle,0.1896380585126063,False,0.0944801553268856,False,0.25590022443373,False,0.19738628342531891,False
validation:2026.9.7/log_24_2026-9-7-06-16-04.ulg:3:775,2026.9.7/log_24_2026-9-7-06-16-04.ulg,3,775,51,190880249,191379228,192377103,0.4989789999999999,Sep7,0.13969716551379494,low,0.0029278850338261084,False,0.18721043353544028,True,0.13414710184316214,False,0.1389616122246622,False
validation:2026.9.7/log_24_2026-9-7-06-16-04.ulg:3:825,2026.9.7/log_24_2026-9-7-06-16-04.ulg,3,825,51,191878135,192377103,193374984,0.4989679999999999,Sep7,0.2685215519195599,middle,0.023423571102288612,False,0.1340898619398429,False,0.4589897217176445,False,0.2414738730345208,True
validation:2026.9.7/log_24_2026-9-7-06-16-04.ulg:3:875,2026.9.7/log_24_2026-9-7-06-16-04.ulg,3,875,51,192886006,193374984,194382856,0.4889779999999999,Sep7,0.21350803629347972,middle,0.006210982085859137,False,0.10320883701358471,False,0.3834985330718035,False,0.16562910255714533,False
validation:2026.9.7/log_24_2026-9-7-06-16-04.ulg:3:925,2026.9.7/log_24_2026-9-7-06-16-04.ulg,3,925,51,193873978,194382856,195380713,0.5088779999999999,Sep7,0.2845880988533457,middle,0.008281309447812182,False,0.11332653324416114,False,0.42193787895876755,False,0.33595584415792196,True
validation:2026.9.7/log_24_2026-9-7-06-16-04.ulg:3:975,2026.9.7/log_24_2026-9-7-06-16-04.ulg,3,975,51,194881758,195380713,196378685,0.498955,Sep7,0.2563205318030077,middle,0.005855770067652218,False,0.07954369763913449,False,0.48057649498070626,False,0.07214996856165241,False
validation:2026.9.7/log_24_2026-9-7-06-16-04.ulg:3:1025,2026.9.7/log_24_2026-9-7-06-16-04.ulg,3,1025,51,195879660,196378685,197376624,0.499025,Sep7,0.4048001172170593,high,0.4853382180447032,True,0.16293939160572243,False,0.6374887289464335,True,0.06593324023392183,False
validation:2026.9.7/log_24_2026-9-7-06-16-04.ulg:3:1075,2026.9.7/log_24_2026-9-7-06-16-04.ulg,3,1075,51,196877533,197376624,198384413,0.4990909999999999,Sep7,0.17824382258686822,middle,0.0029280595516203403,False,0.12010732689401146,False,0.3106342190709995,False,0.04828982119658856,False
validation:2026.9.7/log_24_2026-9-7-06-16-04.ulg:3:1125,2026.9.7/log_24_2026-9-7-06-16-04.ulg,3,1125,51,197875406,198384413,199382333,0.509007,Sep7,0.16755578541150168,low,0.0029278850338261084,False,0.09205411526417817,False,0.29305503231650604,False,0.0950379458580708,False
validation:2026.9.7/log_24_2026-9-7-06-16-04.ulg:3:1175,2026.9.7/log_24_2026-9-7-06-16-04.ulg,3,1175,51,198883325,199382333,200380228,0.4990079999999999,Sep7,0.178946155791359,middle,0.0074646714605178,False,0.2229250650024152,True,0.20042696809215974,False,0.142387228148725,False
validation:2026.9.7/log_24_2026-9-7-06-16-04.ulg:3:1225,2026.9.7/log_24_2026-9-7-06-16-04.ulg,3,1225,51,199881161,200380228,201378080,0.499067,Sep7,0.21938392367413959,middle,0.021012099385119255,False,0.13787938707198835,False,0.41334695647791664,False,0.1175599228804584,False
validation:2026.9.7/log_24_2026-9-7-06-16-04.ulg:3:1275,2026.9.7/log_24_2026-9-7-06-16-04.ulg,3,1275,51,200879042,201378080,202375946,0.499038,Sep7,0.1889165613303607,middle,0.0,False,0.10266933599628493,False,0.33631494020013686,False,0.05823587145044768,False
validation:2026.9.7/log_24_2026-9-7-06-16-04.ulg:3:1325,2026.9.7/log_24_2026-9-7-06-16-04.ulg,3,1325,51,201876960,202375946,203383859,0.498986,Sep7,0.10642355793749576,low,0.007171824358405432,False,0.17256722959380127,False,0.10534592166024787,False,0.07015457344420208,False
validation:2026.9.7/log_24_2026-9-7-06-16-04.ulg:3:1375,2026.9.7/log_24_2026-9-7-06-16-04.ulg,3,1375,51,202884788,203383859,204381716,0.499071,Sep7,0.2703004827818923,middle,0.0927045751896843,False,0.11046253568456016,False,0.5246234827110633,True,0.06664863755693529,False
validation:2026.9.7/log_24_2026-9-7-06-16-04.ulg:3:1425,2026.9.7/log_24_2026-9-7-06-16-04.ulg,3,1425,51,203882690,204381716,205379612,0.4990259999999999,Sep7,0.2619383730445648,middle,0.0,False,0.10901674864356081,False,0.4817005186994052,False,0.19562884021924826,False
validation:2026.9.7/log_24_2026-9-7-06-16-04.ulg:3:1475,2026.9.7/log_24_2026-9-7-06-16-04.ulg,3,1475,51,204880675,205379612,206377506,0.4989369999999999,Sep7,0.18218200650177727,middle,0.0,False,0.09032564837734014,False,0.2963371466068649,False,0.16216318791763745,False
validation:2026.9.7/log_24_2026-9-7-06-16-04.ulg:3:1525,2026.9.7/log_24_2026-9-7-06-16-04.ulg,3,1525,51,205878457,206377506,207375392,0.4990489999999999,Sep7,0.3254980363039022,high,0.0,False,0.29374758354843017,True,0.169630274245576,False,0.5467515798314211,True
validation:2026.9.7/log_24_2026-9-7-06-16-04.ulg:3:1575,2026.9.7/log_24_2026-9-7-06-16-04.ulg,3,1575,51,206876401,207375392,208383277,0.4989909999999999,Sep7,0.15015673164388849,low,0.011149122795235241,False,0.1551870654106661,False,0.16621122818521805,False,0.17519293795001223,False
validation:2026.9.7/log_24_2026-9-7-06-16-04.ulg:3:1625,2026.9.7/log_24_2026-9-7-06-16-04.ulg,3,1625,51,207874249,208383277,209381089,0.5090279999999999,Sep7,0.6429173264592345,high,0.0,False,0.1972029841824884,True,1.1675555294763051,True,0.3503424183839968,True
validation:2026.9.7/log_24_2026-9-7-06-16-04.ulg:3:1675,2026.9.7/log_24_2026-9-7-06-16-04.ulg,3,1675,51,208882166,209381089,210379015,0.4989229999999999,Sep7,0.6335542374512376,high,0.4895322840097464,True,0.2890125777276951,True,1.1173924053505404,True,0.33027676077622936,True
validation:2026.9.7/log_24_2026-9-7-06-16-04.ulg:3:1725,2026.9.7/log_24_2026-9-7-06-16-04.ulg,3,1725,51,209880014,210379015,211376870,0.499001,Sep7,0.21038703200729209,middle,0.01931132342639567,False,0.2099020041863923,True,0.32809267742302567,False,0.20224341378009228,False
validation:2026.9.7/log_24_2026-9-7-06-16-04.ulg:3:1775,2026.9.7/log_24_2026-9-7-06-16-04.ulg,3,1775,51,210877882,211376870,212374747,0.498988,Sep7,0.21083585804459137,middle,0.0,False,0.11203684086534221,False,0.40534234062405117,False,0.08092420226410235,False
validation:2026.9.7/log_24_2026-9-7-06-16-04.ulg:3:1825,2026.9.7/log_24_2026-9-7-06-16-04.ulg,3,1825,51,211875761,212374747,213382610,0.498986,Sep7,0.27984933709317705,middle,0.007746455666891821,False,0.12425155179732138,False,0.5450147075169705,True,0.09301114195147159,False
validation:2026.9.7/log_24_2026-9-7-06-16-04.ulg:3:1875,2026.9.7/log_24_2026-9-7-06-16-04.ulg,3,1875,51,212883648,213382610,214380523,0.4989619999999999,Sep7,0.09948972646056563,low,0.0,False,0.12478252577059601,False,0.11986071619345004,False,0.07910615733035042,False
validation:2026.9.7/log_24_2026-9-7-06-16-04.ulg:3:1925,2026.9.7/log_24_2026-9-7-06-16-04.ulg,3,1925,51,213881505,214380523,215378368,0.4990179999999999,Sep7,0.1813273059966484,middle,0.0,False,0.12462099356012059,False,0.35217891627700687,False,0.03514558968823797,False
validation:2026.9.7/log_24_2026-9-7-06-16-04.ulg:3:1975,2026.9.7/log_24_2026-9-7-06-16-04.ulg,3,1975,51,214879369,215378368,216376314,0.4989989999999999,Sep7,0.2052061918360842,middle,0.0,False,0.059901702940300575,False,0.3880432948018891,False,0.08714235999575787,False
validation:2026.9.7/log_24_2026-9-7-06-16-04.ulg:3:2025,2026.9.7/log_24_2026-9-7-06-16-04.ulg,3,2025,51,215877341,216376314,217384152,0.498973,Sep7,0.16464429637514583,low,0.004140654723906091,False,0.07883819442765459,False,0.31196794025438623,False,0.08709626791856523,False
validation:2026.9.7/log_24_2026-9-7-06-16-04.ulg:3:2075,2026.9.7/log_24_2026-9-7-06-16-04.ulg,3,2075,51,216885188,217384152,218382007,0.4989639999999999,Sep7,0.4902324206158318,high,0.020179523475492206,False,0.37938824659169845,True,0.9441043159430359,True,0.16204409776708795,False
validation:2026.9.7/log_24_2026-9-7-06-16-04.ulg:3:2125,2026.9.7/log_24_2026-9-7-06-16-04.ulg,3,2125,51,217883066,218382007,219379970,0.4989409999999999,Sep7,0.3185090509523146,middle,0.0,False,0.08773289625772289,False,0.6138509100053546,True,0.14935233039251686,False
validation:2026.9.7/log_24_2026-9-7-06-16-04.ulg:3:2175,2026.9.7/log_24_2026-9-7-06-16-04.ulg,3,2175,51,218881018,219379970,220377835,0.4989519999999999,Sep7,0.19302029627776798,middle,0.0,False,0.14035490981101098,False,0.36463105885161795,False,0.08357712277037131,False
validation:2026.9.7/log_24_2026-9-7-06-16-04.ulg:3:2225,2026.9.7/log_24_2026-9-7-06-16-04.ulg,3,2225,51,219878845,220377835,221375672,0.49899,Sep7,0.12110638188334077,low,0.002070450764668784,False,0.06666983109305899,False,0.22431808242594994,False,0.06606633940629222,False
validation:2026.9.7/log_24_2026-9-7-06-16-04.ulg:3:2275,2026.9.7/log_24_2026-9-7-06-16-04.ulg,3,2275,51,220876743,221375672,222383648,0.4989289999999999,Sep7,0.21730534014950953,middle,0.0,False,0.09774770945277107,False,0.3873654456369707,False,0.18744429661699316,False
validation:2026.9.7/log_24_2026-9-7-06-16-04.ulg:3:2325,2026.9.7/log_24_2026-9-7-06-16-04.ulg,3,2325,51,221874698,222383648,223381533,0.50895,Sep7,0.15574570461405693,low,0.22379004782448242,False,0.08446823908706043,False,0.19567124645757464,False,0.050829917196032644,False
validation:2026.9.7/log_24_2026-9-7-06-16-04.ulg:3:2375,2026.9.7/log_24_2026-9-7-06-16-04.ulg,3,2375,51,222882457,223381533,224379287,0.4990759999999999,Sep7,0.4043643491984965,high,0.7176814052530202,True,0.07068974516198856,False,0.35433151423315185,False,0.08491631605548638,False
validation:2026.9.7/log_24_2026-9-7-06-16-04.ulg:3:2425,2026.9.7/log_24_2026-9-7-06-16-04.ulg,3,2425,51,223880415,224379287,225377226,0.498872,Sep7,0.29164974019755,middle,0.008281309447812182,False,0.31000503969886334,True,0.4287506988910313,False,0.1253632506482269,False
validation:2026.9.7/log_24_2026-9-7-06-16-04.ulg:3:2475,2026.9.7/log_24_2026-9-7-06-16-04.ulg,3,2475,51,224878258,225377226,226375092,0.4989679999999999,Sep7,0.2650698205431881,middle,0.4735546996979347,True,0.12214417261592776,False,0.17558209073895076,False,0.056288812536421956,False
validation:2026.9.7/log_24_2026-9-7-06-16-04.ulg:3:2525,2026.9.7/log_24_2026-9-7-06-16-04.ulg,3,2525,51,225876073,226375092,227382982,0.499019,Sep7,0.3905345454985942,high,0.7142660277384262,True,0.1457018153354967,False,0.2784742956316386,False,0.06438187406930843,False
validation:2026.9.7/log_26_2026-9-7-06-30-26.ulg:1:25,2026.9.7/log_26_2026-9-7-06-30-26.ulg,1,25,51,209157387,209656399,210654419,0.4990119999999999,Sep7,0.7772244408915099,high,0.0886152790887456,False,0.36256553510635287,True,0.8200056242842962,True,1.2802801565095392,True
validation:2026.9.7/log_26_2026-9-7-06-30-26.ulg:1:75,2026.9.7/log_26_2026-9-7-06-30-26.ulg,1,75,51,210155733,210654419,211652477,0.4986859999999999,Sep7,1.0376069807737776,high,0.3175546739628488,True,0.694113462686589,True,1.120010064077779,True,1.5013132730999141,True
validation:2026.9.7/log_26_2026-9-7-06-30-26.ulg:1:125,2026.9.7/log_26_2026-9-7-06-30-26.ulg,1,125,51,211153621,211652477,212650493,0.4988559999999999,Sep7,0.2358903412766491,middle,0.05294586068019009,False,0.15053066891811967,False,0.38839368129092905,False,0.13848694808730908,False
validation:2026.9.7/log_26_2026-9-7-06-30-26.ulg:1:175,2026.9.7/log_26_2026-9-7-06-30-26.ulg,1,175,51,212151762,212650493,213658430,0.498731,Sep7,0.11508023140409233,low,0.09557327232757082,False,0.06541038014881174,False,0.18357837580061204,False,0.07957603144176491,False
validation:2026.9.7/log_26_2026-9-7-06-30-26.ulg:1:225,2026.9.7/log_26_2026-9-7-06-30-26.ulg,1,225,51,213149844,213658430,214656432,0.508586,Sep7,0.2817148043327117,middle,0.02305450010372028,False,0.2137466154829828,True,0.40902670979462813,False,0.25759106453912056,True
validation:2026.9.7/log_26_2026-9-7-06-30-26.ulg:1:275,2026.9.7/log_26_2026-9-7-06-30-26.ulg,1,275,51,214157691,214656432,215654517,0.498741,Sep7,0.21892168845411775,middle,0.006210982085859137,False,0.1612494318517542,False,0.36323287555216444,False,0.08785659714520785,False
validation:2026.9.7/log_26_2026-9-7-06-30-26.ulg:1:325,2026.9.7/log_26_2026-9-7-06-30-26.ulg,1,325,51,215155485,215654517,216652548,0.499032,Sep7,0.11824830168178363,low,0.015630628809556353,False,0.06535066607046423,False,0.20354182759991243,False,0.09126239547917771,False
validation:2026.9.7/log_26_2026-9-7-06-30-26.ulg:1:375,2026.9.7/log_26_2026-9-7-06-30-26.ulg,1,375,51,216153683,216652548,217650571,0.498865,Sep7,0.29068470699363397,middle,0.006866499052804568,False,0.11954567091765735,False,0.5317885754545452,True,0.22005369338649602,False
validation:2026.9.7/log_26_2026-9-7-06-30-26.ulg:1:425,2026.9.7/log_26_2026-9-7-06-30-26.ulg,1,425,51,217151722,217650571,218648666,0.498849,Sep7,0.357837524194714,high,0.0,False,0.24953977623552973,True,0.5721997208909299,True,0.23612510738199718,True
validation:2026.9.7/log_26_2026-9-7-06-30-26.ulg:1:475,2026.9.7/log_26_2026-9-7-06-30-26.ulg,1,475,51,218159457,218648666,219656613,0.489209,Sep7,0.19114745835715272,middle,0.00801834339404168,False,0.0723699844672086,False,0.2881603228750074,False,0.2280449097775846,True
validation:2026.9.7/log_26_2026-9-7-06-30-26.ulg:1:525,2026.9.7/log_26_2026-9-7-06-30-26.ulg,1,525,51,219157695,219656613,220654633,0.498918,Sep7,0.3472664411606799,high,0.007171824358405432,False,0.08638874407259807,False,0.6601443334684921,True,0.1966178790300675,False
validation:2026.9.7/log_26_2026-9-7-06-30-26.ulg:1:575,2026.9.7/log_26_2026-9-7-06-30-26.ulg,1,575,51,220155705,220654633,221652633,0.498928,Sep7,0.2560694385190384,middle,0.005477571332220166,False,0.10607240978028154,False,0.37229680707946716,False,0.32318014497234787,True
validation:2026.9.7/log_26_2026-9-7-06-30-26.ulg:1:625,2026.9.7/log_26_2026-9-7-06-30-26.ulg,1,625,51,221153715,221652633,222650569,0.498918,Sep7,0.33785783824454496,high,0.008281309447812182,False,0.1943183961384674,True,0.5280581880465783,True,0.30724925901322325,True
validation:2026.9.7/log_26_2026-9-7-06-30-26.ulg:1:675,2026.9.7/log_26_2026-9-7-06-30-26.ulg,1,675,51,222151766,222650569,223658546,0.498803,Sep7,0.13468962793033099,low,0.0029278850338261084,False,0.1023073229822797,False,0.23283786337056392,False,0.05359319723393898,False
validation:2026.9.7/log_26_2026-9-7-06-30-26.ulg:1:725,2026.9.7/log_26_2026-9-7-06-30-26.ulg,1,725,51,223149742,223658546,224656583,0.5088039999999999,Sep7,0.1296322980823906,low,0.0,False,0.06851759097339184,False,0.24384520616599153,False,0.047623023181502896,False
validation:2026.9.7/log_26_2026-9-7-06-30-26.ulg:1:775,2026.9.7/log_26_2026-9-7-06-30-26.ulg,1,775,51,224157734,224656583,225654526,0.498849,Sep7,0.1312525871568289,low,0.0,False,0.17969722016960984,True,0.17972668825819524,False,0.032810590306004826,False
validation:2026.9.7/log_26_2026-9-7-06-30-26.ulg:1:825,2026.9.7/log_26_2026-9-7-06-30-26.ulg,1,825,51,225155695,225654526,226652553,0.4988309999999999,Sep7,0.12830836592997918,low,0.020073128534553248,False,0.16231989262690757,False,0.1802541095895088,False,0.06069831730738733,False
validation:2026.9.7/log_26_2026-9-7-06-30-26.ulg:1:875,2026.9.7/log_26_2026-9-7-06-30-26.ulg,1,875,51,226153737,226652553,227650517,0.498816,Sep7,0.17427147043644062,middle,0.005071245637307342,False,0.10796959562324619,False,0.310664297874852,False,0.02663587041623295,False
validation:2026.9.7/log_26_2026-9-7-06-30-26.ulg:1:925,2026.9.7/log_26_2026-9-7-06-30-26.ulg,1,925,51,227151704,227650517,228658661,0.4988129999999999,Sep7,0.10504364387034107,low,0.005071245637307342,False,0.06953524575647867,False,0.17934204802034567,False,0.08798966253871596,False
validation:2026.9.7/log_26_2026-9-7-06-30-26.ulg:1:975,2026.9.7/log_26_2026-9-7-06-30-26.ulg,1,975,51,228159503,228658661,229656494,0.499158,Sep7,0.26856083228470484,middle,0.40756552100631743,True,0.09723325733829422,False,0.3283773974635884,False,0.09381040480716521,False
validation:2026.9.7/log_26_2026-9-7-06-30-26.ulg:1:1025,2026.9.7/log_26_2026-9-7-06-30-26.ulg,1,1025,51,229147745,229656494,230654532,0.508749,Sep7,0.1395075455388702,low,0.0,False,0.16053925780523837,False,0.18261573018220695,False,0.12778488596112167,False
validation:2026.9.7/log_26_2026-9-7-06-30-26.ulg:1:1075,2026.9.7/log_26_2026-9-7-06-30-26.ulg,1,1075,51,230155724,230654532,231652531,0.498808,Sep7,0.18689090111871864,middle,0.0,False,0.08108460303137219,False,0.34418391136930576,False,0.1232432104353673,False
validation:2026.9.7/log_26_2026-9-7-06-30-26.ulg:1:1125,2026.9.7/log_26_2026-9-7-06-30-26.ulg,1,1125,51,231153782,231652531,232650515,0.498749,Sep7,0.11871741103120739,low,0.0,False,0.06551014439553578,False,0.20800723314648653,False,0.08872940179256576,False
validation:2026.9.7/log_26_2026-9-7-06-30-26.ulg:1:1175,2026.9.7/log_26_2026-9-7-06-30-26.ulg,1,1175,51,232151823,232650515,233648648,0.4986919999999999,Sep7,0.1565231968640198,low,0.0020703273619530455,False,0.10521121272391773,False,0.17874600623721498,False,0.22217348742490967,False
validation:2026.9.7/log_26_2026-9-7-06-30-26.ulg:1:1225,2026.9.7/log_26_2026-9-7-06-30-26.ulg,1,1225,51,233149729,233648648,234656563,0.498919,Sep7,0.15611824458374637,low,0.0029278850338261084,False,0.16667576741983683,False,0.26488930807008043,False,0.09485564405679531,False
validation:2026.9.7/log_26_2026-9-7-06-30-26.ulg:1:1275,2026.9.7/log_26_2026-9-7-06-30-26.ulg,1,1275,51,234157725,234656563,235654512,0.498838,Sep7,0.12787264231346973,low,0.0020703273619530455,False,0.1282388657573403,False,0.22667450111753867,False,0.051303903219911365,False
validation:2026.9.7/log_26_2026-9-7-06-30-26.ulg:1:1325,2026.9.7/log_26_2026-9-7-06-30-26.ulg,1,1325,51,235155790,235654512,236652584,0.498722,Sep7,0.18436736773814824,middle,0.005477571332220166,False,0.09009925883150831,False,0.3384539776629778,False,0.03606257327985625,False
validation:2026.9.7/log_26_2026-9-7-06-30-26.ulg:1:1375,2026.9.7/log_26_2026-9-7-06-30-26.ulg,1,1375,51,236153819,236652584,237650529,0.4987649999999999,Sep7,0.3162108298526529,middle,0.0035859121792027157,False,0.08483579412411868,False,0.6055429216278883,True,0.07316373768750058,False
validation:2026.9.7/log_26_2026-9-7-06-30-26.ulg:1:1425,2026.9.7/log_26_2026-9-7-06-30-26.ulg,1,1425,51,237151809,237650529,238658484,0.49872,Sep7,0.16181678246718417,low,0.0020703273619530455,False,0.07819222087043155,False,0.2881493530176027,False,0.10752079550044392,False
validation:2026.9.7/log_26_2026-9-7-06-30-26.ulg:1:1475,2026.9.7/log_26_2026-9-7-06-30-26.ulg,1,1475,51,238149822,238658484,239656595,0.508662,Sep7,0.21718161669405975,middle,0.0020703273619530455,False,0.15707217117020109,False,0.3724648646060748,False,0.052024051136189645,False
validation:2026.9.7/log_26_2026-9-7-06-30-26.ulg:1:1525,2026.9.7/log_26_2026-9-7-06-30-26.ulg,1,1525,51,239157700,239656595,240654521,0.498895,Sep7,0.18798450427187116,middle,0.0020703273619530455,False,0.0610308880331116,False,0.323272274453227,False,0.1709678431644235,False
validation:2026.9.7/log_26_2026-9-7-06-30-26.ulg:1:1575,2026.9.7/log_26_2026-9-7-06-30-26.ulg,1,1575,51,240155691,240654521,241652512,0.49883,Sep7,0.17220200233172409,low,0.0035859121792027157,False,0.16859484385766788,False,0.2953231158299805,False,0.1133110408140216,False
validation:2026.9.7/log_26_2026-9-7-06-30-26.ulg:1:1625,2026.9.7/log_26_2026-9-7-06-30-26.ulg,1,1625,51,241153753,241652512,242650511,0.4987589999999999,Sep7,0.18036520678392792,middle,0.0020703273619530455,False,0.09026955586373082,False,0.31587843675548116,False,0.10673299687695478,False
validation:2026.9.7/log_26_2026-9-7-06-30-26.ulg:1:1675,2026.9.7/log_26_2026-9-7-06-30-26.ulg,1,1675,51,242151766,242650511,243648586,0.498745,Sep7,0.12267281708232212,low,0.0029278850338261084,False,0.05976387920085381,False,0.2063888276267836,False,0.10662472458157703,False
validation:2026.9.7/log_26_2026-9-7-06-30-26.ulg:1:1725,2026.9.7/log_26_2026-9-7-06-30-26.ulg,1,1725,51,243149720,243648586,244656518,0.498866,Sep7,0.1051080547692869,low,0.0,False,0.08619736338662788,False,0.18471098616620804,False,0.0622813683411574,False
validation:2026.9.7/log_26_2026-9-7-06-30-26.ulg:1:1775,2026.9.7/log_26_2026-9-7-06-30-26.ulg,1,1775,51,244157755,244656518,245654499,0.4987629999999999,Sep7,0.13794256606838512,low,0.0029278850338261084,False,0.08342142183350547,False,0.25883044872886246,False,0.06294524625714137,False
validation:2026.9.7/log_26_2026-9-7-06-30-26.ulg:1:1825,2026.9.7/log_26_2026-9-7-06-30-26.ulg,1,1825,51,245155866,245654499,246652497,0.498633,Sep7,0.383595588453507,high,0.0020703273619530455,False,0.08053311889388,False,0.6879191362604051,True,0.27513770991868114,True
validation:2026.9.7/log_26_2026-9-7-06-30-26.ulg:1:1875,2026.9.7/log_26_2026-9-7-06-30-26.ulg,1,1875,51,246153774,246652497,247650520,0.4987229999999999,Sep7,0.11050405016866471,low,0.004140654723906091,False,0.07196709803846572,False,0.15339587007167005,False,0.14338873457621976,False
validation:2026.9.7/log_26_2026-9-7-06-30-26.ulg:1:1925,2026.9.7/log_26_2026-9-7-06-30-26.ulg,1,1925,51,247151733,247650520,248658535,0.498787,Sep7,0.31078666832013246,middle,0.0029278850338261084,False,0.11531928756490895,False,0.5746044846141809,True,0.09390270897239074,False
validation:2026.9.7/log_26_2026-9-7-06-30-26.ulg:1:1975,2026.9.7/log_26_2026-9-7-06-30-26.ulg,1,1975,51,248149745,248658535,249656448,0.50879,Sep7,0.1964085305513993,middle,0.0,False,0.10894591063218668,False,0.3304588606368293,False,0.13842462377807402,False
validation:2026.9.7/log_26_2026-9-7-06-30-26.ulg:1:2025,2026.9.7/log_26_2026-9-7-06-30-26.ulg,1,2025,51,249157710,249656448,250654487,0.4987379999999999,Sep7,0.1251885306206087,low,0.0,False,0.06385436176707644,False,0.22549221365507396,False,0.07513994659347435,False
validation:2026.9.7/log_26_2026-9-7-06-30-26.ulg:1:2075,2026.9.7/log_26_2026-9-7-06-30-26.ulg,1,2075,51,250155652,250654487,251652435,0.498835,Sep7,0.19080978937967752,middle,0.0020703273619530455,False,0.0721601787340766,False,0.26660179366161507,False,0.2653517018251798,True
validation:2026.9.7/log_26_2026-9-7-06-30-26.ulg:1:2125,2026.9.7/log_26_2026-9-7-06-30-26.ulg,1,2125,51,251153789,251652435,252650405,0.498646,Sep7,0.12458982235634368,low,0.0029278850338261084,False,0.09333298447600027,False,0.2229915984869328,False,0.07697307069213034,False
validation:2026.9.7/log_26_2026-9-7-06-30-26.ulg:1:2175,2026.9.7/log_26_2026-9-7-06-30-26.ulg,1,2175,51,252151687,252650405,253648497,0.498718,Sep7,0.12101852123516685,low,0.007465116395336928,False,0.07163862119647794,False,0.20890910246823055,False,0.10394625423291645,False
validation:2026.9.7/log_26_2026-9-7-06-30-26.ulg:1:2225,2026.9.7/log_26_2026-9-7-06-30-26.ulg,1,2225,51,253159364,253648497,254656400,0.489133,Sep7,0.13676960830265017,low,0.0,False,0.0628080292404677,False,0.23755744131022744,False,0.10912191239348905,False
validation:2026.9.7/log_26_2026-9-7-06-30-26.ulg:1:2275,2026.9.7/log_26_2026-9-7-06-30-26.ulg,1,2275,51,254157356,254656400,255654397,0.499044,Sep7,0.14872452625821034,low,0.0,False,0.14607297232270006,False,0.23605454899247197,False,0.04528396768261612,False
validation:2026.9.7/log_26_2026-9-7-06-30-26.ulg:1:2325,2026.9.7/log_26_2026-9-7-06-30-26.ulg,1,2325,51,255155636,255654397,256652352,0.4987609999999999,Sep7,0.09908279373209807,low,0.0,False,0.07610258998398664,False,0.14662743276954146,False,0.11386860411273271,False
validation:2026.9.7/log_26_2026-9-7-06-30-26.ulg:1:2375,2026.9.7/log_26_2026-9-7-06-30-26.ulg,1,2375,51,256153688,256652352,257650433,0.498664,Sep7,0.137553354371158,low,0.0,False,0.07371785014912818,False,0.25493678403424214,False,0.03719778529176679,False
validation:2026.9.7/log_26_2026-9-7-06-30-26.ulg:1:2425,2026.9.7/log_26_2026-9-7-06-30-26.ulg,1,2425,51,257151594,257650433,258658489,0.498839,Sep7,0.1369440805662354,low,0.0,False,0.059375589585283564,False,0.2629828803990231,False,0.0323700611117858,False
validation:2026.9.7/log_26_2026-9-7-06-30-26.ulg:1:2475,2026.9.7/log_26_2026-9-7-06-30-26.ulg,1,2475,51,258149579,258658489,259656344,0.50891,Sep7,0.14406432268578911,low,0.0,False,0.0665745650759831,False,0.270188885259215,False,0.029273592220615572,False
validation:2026.9.7/log_26_2026-9-7-06-30-26.ulg:1:2525,2026.9.7/log_26_2026-9-7-06-30-26.ulg,1,2525,51,259157617,259656344,260654420,0.498727,Sep7,0.1349022209616907,low,0.0,False,0.10650943296350669,False,0.22296023310331015,False,0.05041153447850074,False
validation:2026.9.7/log_26_2026-9-7-06-30-26.ulg:1:2575,2026.9.7/log_26_2026-9-7-06-30-26.ulg,1,2575,51,260155685,260654420,261652488,0.498735,Sep7,0.12260463261374013,low,0.0,False,0.11359508764696233,False,0.2046018185631701,False,0.08748446537385669,False
validation:2026.9.7/log_26_2026-9-7-06-30-26.ulg:1:2625,2026.9.7/log_26_2026-9-7-06-30-26.ulg,1,2625,51,261153650,261652488,262650347,0.498838,Sep7,0.11448712199017073,low,0.0020703273619530455,False,0.062253441339084926,False,0.21259728164707534,False,0.04858197379533428,False
validation:2026.9.7/log_26_2026-9-7-06-30-26.ulg:1:2675,2026.9.7/log_26_2026-9-7-06-30-26.ulg,1,2675,51,262151553,262650347,263658271,0.4987939999999999,Sep7,0.11668197523859336,low,0.0,False,0.0673303005773205,False,0.20467169729495657,False,0.08230649484872911,False
validation:2026.9.7/log_26_2026-9-7-06-30-26.ulg:1:2725,2026.9.7/log_26_2026-9-7-06-30-26.ulg,1,2725,51,263159250,263658271,264656231,0.499021,Sep7,0.13966207666798822,low,0.0,False,0.06959315729620945,False,0.25344114070317675,False,0.05843723595182753,False
validation:2026.9.7/log_26_2026-9-7-06-30-26.ulg:1:2775,2026.9.7/log_26_2026-9-7-06-30-26.ulg,1,2775,51,264147245,264656231,265654224,0.5089859999999999,Sep7,0.12729585392156414,low,0.0,False,0.12118095289355404,False,0.20297796999277903,False,0.04534070964579505,False
validation:2026.9.7/log_26_2026-9-7-06-30-26.ulg:1:2825,2026.9.7/log_26_2026-9-7-06-30-26.ulg,1,2825,51,265155494,265654224,266652204,0.4987299999999999,Sep7,0.10358543164527383,low,0.0,False,0.10548454301849214,False,0.16143176143850754,False,0.053606742928290284,False
validation:2026.9.7/log_26_2026-9-7-06-30-26.ulg:1:2875,2026.9.7/log_26_2026-9-7-06-30-26.ulg,1,2875,51,266153485,266652204,267650217,0.4987189999999999,Sep7,0.12125647716113594,low,0.10767809296639476,False,0.1396891141627582,False,0.14436576221418987,False,0.04116948655024374,False
validation:2026.9.7/log_26_2026-9-7-06-30-26.ulg:1:2925,2026.9.7/log_26_2026-9-7-06-30-26.ulg,1,2925,51,267151487,267650217,268653201,0.4987299999999999,Sep7,0.1438453088441567,low,0.0,False,0.12147888257389057,False,0.22979876271071392,False,0.06980125261865579,False
validation:2026.9.7/log_26_2026-9-7-06-30-26.ulg:1:2975,2026.9.7/log_26_2026-9-7-06-30-26.ulg,1,2975,51,268149413,268653201,269656139,0.503788,Sep7,0.12029100679530237,low,0.0,False,0.07999926790670524,False,0.2081413556492894,False,0.08917273014320405,False
validation:2026.9.7/log_26_2026-9-7-06-30-26.ulg:1:3025,2026.9.7/log_26_2026-9-7-06-30-26.ulg,1,3025,51,269157179,269656139,270654132,0.4989599999999999,Sep7,0.2216871206792377,middle,0.0,False,0.05920849380560785,False,0.41825500059294346,False,0.10826828452974706,False
validation:2026.9.7/log_26_2026-9-7-06-30-26.ulg:1:3075,2026.9.7/log_26_2026-9-7-06-30-26.ulg,1,3075,51,270155428,270654132,271652103,0.498704,Sep7,0.13903352882914663,low,0.0,False,0.0681763756067406,False,0.23498233820995285,False,0.131497899444693,False
validation:2026.9.7/log_26_2026-9-7-06-30-26.ulg:1:3125,2026.9.7/log_26_2026-9-7-06-30-26.ulg,1,3125,51,271153386,271652103,272650142,0.4987169999999999,Sep7,0.11361861409305957,low,0.0,False,0.17879773196360646,True,0.122537038922905,False,0.07595886135980734,False
validation:2026.9.7/log_26_2026-9-7-06-30-26.ulg:1:3175,2026.9.7/log_26_2026-9-7-06-30-26.ulg,1,3175,51,272151369,272650142,273658066,0.4987729999999999,Sep7,0.10475184513946943,low,0.0,False,0.07420603588279209,False,0.13926838993478494,False,0.13069427633397865,False
validation:2026.9.7/log_26_2026-9-7-06-30-26.ulg:1:3225,2026.9.7/log_26_2026-9-7-06-30-26.ulg,1,3225,51,273149313,273658066,274656067,0.508753,Sep7,0.17482731429314768,middle,0.0,False,0.08873536273906944,False,0.2968950660300414,False,0.1285422897444867,False
validation:2026.9.7/log_26_2026-9-7-06-30-26.ulg:1:3275,2026.9.7/log_26_2026-9-7-06-30-26.ulg,1,3275,51,274157302,274656067,275654081,0.4987649999999999,Sep7,0.10010686954353279,low,0.0,False,0.108740334498726,False,0.1604168611272527,False,0.042680936081067336,False
validation:2026.9.7/log_26_2026-9-7-06-30-26.ulg:1:3325,2026.9.7/log_26_2026-9-7-06-30-26.ulg,1,3325,51,275155259,275654081,276651993,0.498822,Sep7,0.14013057347867966,low,0.0,False,0.09546848749697687,False,0.2500402885915355,False,0.06510538329692071,False
validation:2026.9.7/log_26_2026-9-7-06-30-26.ulg:1:3375,2026.9.7/log_26_2026-9-7-06-30-26.ulg,1,3375,51,276153275,276651993,277660036,0.498718,Sep7,0.12397323456037003,low,0.0,False,0.091456195337658,False,0.20858570798430437,False,0.05067694098427661,False
validation:2026.9.7/log_26_2026-9-7-06-30-26.ulg:1:3425,2026.9.7/log_26_2026-9-7-06-30-26.ulg,1,3425,51,277151297,277660036,278648084,0.5087389999999999,Sep7,0.11297129952523255,low,0.0,False,0.12831663060878054,False,0.16777705408229712,False,0.05826446337083277,False
validation:2026.9.7/log_26_2026-9-7-06-30-26.ulg:1:3475,2026.9.7/log_26_2026-9-7-06-30-26.ulg,1,3475,51,278149226,278648084,279655899,0.4988579999999999,Sep7,0.29161459850226545,middle,0.012421964171718274,False,0.07804486335786319,False,0.5518069227999124,True,0.13627667434424476,False
validation:2026.9.7/log_26_2026-9-7-06-30-26.ulg:1:3525,2026.9.7/log_26_2026-9-7-06-30-26.ulg,1,3525,51,279156892,279655899,280653929,0.499007,Sep7,0.26734644152937337,middle,0.0,False,0.1545478980504876,False,0.47922076205657765,False,0.060452231582010525,False
validation:2026.9.7/log_26_2026-9-7-06-30-26.ulg:1:3575,2026.9.7/log_26_2026-9-7-06-30-26.ulg,1,3575,51,280155122,280653929,281651920,0.498807,Sep7,0.2977680022399527,middle,0.0,False,0.09506961767448605,False,0.5584733560028766,True,0.09645592000714565,False
validation:2026.9.7/log_26_2026-9-7-06-30-26.ulg:1:3625,2026.9.7/log_26_2026-9-7-06-30-26.ulg,1,3625,51,281153111,281651920,282649857,0.498809,Sep7,0.35349937697143585,high,0.0,False,0.08997771822475757,False,0.6435057567207032,True,0.2819644484825365,True
validation:2026.9.7/log_26_2026-9-7-06-30-26.ulg:1:3675,2026.9.7/log_26_2026-9-7-06-30-26.ulg,1,3675,51,282151080,282649857,283657869,0.4987769999999999,Sep7,0.258888003864257,middle,0.0,False,0.08917873688808611,False,0.48327237580152194,False,0.16972154655511176,False
validation:2026.9.7/log_26_2026-9-7-06-30-26.ulg:1:3725,2026.9.7/log_26_2026-9-7-06-30-26.ulg,1,3725,51,283149102,283657869,284655833,0.508767,Sep7,0.18527325341838108,middle,0.0,False,0.22433393852241734,True,0.11816732945729258,False,0.2768980313617953,True
validation:2026.9.7/log_26_2026-9-7-06-30-26.ulg:1:3775,2026.9.7/log_26_2026-9-7-06-30-26.ulg,1,3775,51,284157062,284655833,285653761,0.4987709999999999,Sep7,0.1564801416559542,low,0.12666413625233489,False,0.25216489793776614,True,0.12518952913255896,False,0.06917510773079992,False
validation:2026.9.7/log_26_2026-9-7-06-30-26.ulg:1:3825,2026.9.7/log_26_2026-9-7-06-30-26.ulg,1,3825,51,285155019,285653761,286651705,0.4987419999999999,Sep7,0.15514346361812187,low,0.004629668653865822,False,0.08335233713995707,False,0.27473929738412073,False,0.07172248286981953,False
validation:2026.9.7/log_26_2026-9-7-06-30-26.ulg:1:3875,2026.9.7/log_26_2026-9-7-06-30-26.ulg,1,3875,51,286153052,286651705,287649675,0.4986529999999999,Sep7,0.21199704248516515,middle,0.00547789782511712,False,0.11833952356870185,False,0.33022977883683396,False,0.19788884964074102,False
validation:2026.9.7/log_26_2026-9-7-06-30-26.ulg:1:3925,2026.9.7/log_26_2026-9-7-06-30-26.ulg,1,3925,51,287150934,287649675,288647707,0.498741,Sep7,0.1432223004848655,low,0.007746917397574713,False,0.0758087697874465,False,0.17660490371612056,False,0.20285501823079147,False
validation:2026.9.7/log_26_2026-9-7-06-30-26.ulg:1:3975,2026.9.7/log_26_2026-9-7-06-30-26.ulg,1,3975,51,288158650,288647707,289655618,0.4890569999999999,Sep7,0.29613078710848634,middle,0.006866908333310785,False,0.10847008572409247,False,0.504724568904273,True,0.27563199363683843,True
validation:2026.9.7/log_26_2026-9-7-06-30-26.ulg:1:4025,2026.9.7/log_26_2026-9-7-06-30-26.ulg,1,4025,51,289156930,289655618,290653625,0.4986879999999999,Sep7,0.11159608191174052,low,0.009024885650767745,False,0.12421218452410472,False,0.13217175360079936,False,0.12317342966840686,False
validation:2026.9.7/log_26_2026-9-7-06-30-26.ulg:1:4075,2026.9.7/log_26_2026-9-7-06-30-26.ulg,1,4075,51,290154812,290653625,291651508,0.4988129999999999,Sep7,0.12323380116619902,low,0.004629668653865822,False,0.1630974594480267,False,0.18916936018464656,False,0.0786758019086547,False
validation:2026.9.7/log_26_2026-9-7-06-30-26.ulg:1:4125,2026.9.7/log_26_2026-9-7-06-30-26.ulg,1,4125,51,291152817,291651508,292649514,0.498691,Sep7,0.09127333760609259,low,0.0,False,0.08001240638094632,False,0.14923370227652336,False,0.065367620770672,False
validation:2026.9.7/log_26_2026-9-7-06-30-26.ulg:1:4175,2026.9.7/log_26_2026-9-7-06-30-26.ulg,1,4175,51,292150749,292649514,293657428,0.4987649999999999,Sep7,0.18888094478322837,middle,0.004629668653865822,False,0.12712538142069446,False,0.34901563712281,False,0.12539015700061337,False
validation:2026.9.7/log_26_2026-9-7-06-30-26.ulg:1:4225,2026.9.7/log_26_2026-9-7-06-30-26.ulg,1,4225,51,293148830,293657428,294655381,0.508598,Sep7,0.31266594041353557,middle,0.005856119103240681,False,0.5545053709974205,True,0.31889999998367385,False,0.1728209563072113,False
validation:2026.9.7/log_26_2026-9-7-06-30-26.ulg:1:4275,2026.9.7/log_26_2026-9-7-06-30-26.ulg,1,4275,51,294156697,294655381,295653408,0.4986839999999999,Sep7,0.1918686835623486,middle,0.0,False,0.07678991084539852,False,0.3731431909035723,False,0.06490462833575712,False
validation:2026.9.7/log_26_2026-9-7-06-30-26.ulg:1:4325,2026.9.7/log_26_2026-9-7-06-30-26.ulg,1,4325,51,295154630,295653408,296651317,0.498778,Sep7,0.22852369770773168,middle,0.0,False,0.15329764225217568,False,0.4381029184734442,False,0.09159387737271701,False
validation:2026.9.7/log_26_2026-9-7-06-30-26.ulg:1:4375,2026.9.7/log_26_2026-9-7-06-30-26.ulg,1,4375,51,296152614,296651317,297649284,0.4987029999999999,Sep7,0.24096159431520775,middle,0.0,False,0.200105985218671,True,0.43760557252538784,False,0.14717493301592044,False
validation:2026.9.7/log_26_2026-9-7-06-30-26.ulg:1:4425,2026.9.7/log_26_2026-9-7-06-30-26.ulg,1,4425,51,297150621,297649284,298657294,0.4986629999999999,Sep7,0.16902912257516697,low,0.0,False,0.0699337340298733,False,0.29921492986224385,False,0.1397559786625324,False
validation:2026.9.7/log_26_2026-9-7-06-30-26.ulg:1:4475,2026.9.7/log_26_2026-9-7-06-30-26.ulg,1,4475,51,298158293,298657294,299655188,0.499001,Sep7,0.19581504316443468,middle,0.0,False,0.09954310602502267,False,0.31180582048849187,False,0.19579585566295274,False
validation:2026.9.7/log_26_2026-9-7-06-30-26.ulg:1:4525,2026.9.7/log_26_2026-9-7-06-30-26.ulg,1,4525,51,299156452,299655188,300653251,0.4987359999999999,Sep7,0.12526010238158036,low,0.0,False,0.08149230350755833,False,0.20156848523596632,False,0.11309183619472055,False
validation:2026.9.7/log_26_2026-9-7-06-30-26.ulg:1:4575,2026.9.7/log_26_2026-9-7-06-30-26.ulg,1,4575,51,300154502,300653251,301651223,0.498749,Sep7,0.47376707723234657,high,0.0,False,0.25718286448635863,True,0.807445916246153,True,0.4765910017737935,True
validation:2026.9.7/log_26_2026-9-7-06-30-26.ulg:1:4625,2026.9.7/log_26_2026-9-7-06-30-26.ulg,1,4625,51,301152392,301651223,302649219,0.4988309999999999,Sep7,0.3004170371749223,middle,0.0,False,0.07493337087602153,False,0.5832380102816209,True,0.058116029526893646,False
validation:2026.9.7/log_26_2026-9-7-06-30-26.ulg:1:4675,2026.9.7/log_26_2026-9-7-06-30-26.ulg,1,4675,51,302150343,302649219,303657060,0.498876,Sep7,0.12230271560695388,low,0.0,False,0.08607609299069509,False,0.2059207910467136,False,0.056534585352569985,False
validation:2026.9.7/log_26_2026-9-7-06-30-26.ulg:1:4725,2026.9.7/log_26_2026-9-7-06-30-26.ulg,1,4725,51,303148343,303657060,304654979,0.508717,Sep7,0.10460666069291479,low,0.005856119103240681,False,0.08467132115241978,False,0.1812740166101115,False,0.0653877748672055,False
validation:2026.9.7/log_26_2026-9-7-06-30-26.ulg:1:4775,2026.9.7/log_26_2026-9-7-06-30-26.ulg,1,4775,51,304156277,304654979,305652936,0.498702,Sep7,0.18873907319990685,middle,0.0,False,0.14632624021939264,False,0.3373859563777979,False,0.13051049128662004,False
validation:2026.9.7/log_26_2026-9-7-06-30-26.ulg:1:4825,2026.9.7/log_26_2026-9-7-06-30-26.ulg,1,4825,51,305154366,305652936,306650937,0.4985699999999999,Sep7,0.1549513908810849,low,0.004140901529337568,False,0.08233417500441305,False,0.29365642207731085,False,0.06839754858322268,False
validation:2026.9.7/log_26_2026-9-7-06-30-26.ulg:1:4875,2026.9.7/log_26_2026-9-7-06-30-26.ulg,1,4875,51,306152204,306650937,307648865,0.498733,Sep7,0.1796371923548495,middle,0.004140901529337568,False,0.16216625068323254,False,0.2728686168020732,False,0.12329374709895832,False
validation:2026.9.7/log_26_2026-9-7-06-30-26.ulg:1:4925,2026.9.7/log_26_2026-9-7-06-30-26.ulg,1,4925,51,307150158,307648865,308656826,0.4987069999999999,Sep7,0.1427629115829918,low,0.0,False,0.08039737285313625,False,0.2583925625874037,False,0.043042154349402235,False
validation:2026.9.7/log_26_2026-9-7-06-30-26.ulg:1:4975,2026.9.7/log_26_2026-9-7-06-30-26.ulg,1,4975,51,308157887,308656826,309654776,0.4989389999999999,Sep7,0.0822758818583385,low,0.0029280595516203403,False,0.11113553366459832,False,0.11270315976001927,False,0.05835756538673419,False
validation:2026.9.7/log_26_2026-9-7-06-30-26.ulg:1:5025,2026.9.7/log_26_2026-9-7-06-30-26.ulg,1,5025,51,309151081,309654776,310652810,0.503695,Sep7,0.11960350399018405,low,0.007746917397574713,False,0.07204851826548223,False,0.21839761730031712,False,0.04382781281679209,False
validation:2026.9.7/log_26_2026-9-7-06-30-26.ulg:1:5075,2026.9.7/log_26_2026-9-7-06-30-26.ulg,1,5075,51,310154011,310652810,311650691,0.498799,Sep7,0.09366667088112039,low,0.008018821330704614,False,0.06141793294279423,False,0.1477381832945603,False,0.09455341897357604,False
validation:2026.9.7/log_26_2026-9-7-06-30-26.ulg:1:5125,2026.9.7/log_26_2026-9-7-06-30-26.ulg,1,5125,51,311152015,311650691,312658640,0.4986759999999999,Sep7,0.10991211803863421,low,0.005856119103240681,False,0.06088478694476434,False,0.1966229072814958,False,0.06098248183005244,False
validation:2026.9.7/log_26_2026-9-7-06-30-26.ulg:1:5175,2026.9.7/log_26_2026-9-7-06-30-26.ulg,1,5175,51,312149968,312658640,313656566,0.508672,Sep7,0.08587563843217323,low,0.004629668653865822,False,0.06421014175540701,False,0.15992659240058574,False,0.03012364002325423,False
validation:2026.9.7/log_26_2026-9-7-06-30-26.ulg:1:5225,2026.9.7/log_26_2026-9-7-06-30-26.ulg,1,5225,51,313147868,313656566,314654540,0.508698,Sep7,0.10646643686567908,low,0.004140901529337568,False,0.12705683883202823,False,0.13842718428920892,False,0.09052458564930582,False
validation:2026.9.7/log_26_2026-9-7-06-30-26.ulg:1:5275,2026.9.7/log_26_2026-9-7-06-30-26.ulg,1,5275,51,314155778,314654540,315652465,0.498762,Sep7,0.09037979312582355,low,0.008536687195370252,False,0.0727820128858143,False,0.13964109979596817,False,0.07822007594751737,False
validation:2026.9.7/log_26_2026-9-7-06-30-26.ulg:1:5325,2026.9.7/log_26_2026-9-7-06-30-26.ulg,1,5325,51,315153750,315652465,316650413,0.4987149999999999,Sep7,0.17949867120891846,middle,0.007172251837952335,False,0.2939063726020809,True,0.2197593896989845,False,0.08181817017859482,False
validation:2026.9.7/log_26_2026-9-7-06-30-26.ulg:1:5375,2026.9.7/log_26_2026-9-7-06-30-26.ulg,1,5375,51,316151751,316650413,317648378,0.498662,Sep7,0.3964290058028015,high,0.003586125918976167,False,0.20340391585766637,True,0.7123959653204716,True,0.08412339964149193,False
validation:2026.9.7/log_26_2026-9-7-06-30-26.ulg:1:5425,2026.9.7/log_26_2026-9-7-06-30-26.ulg,1,5425,51,317149682,317648378,318656304,0.498696,Sep7,0.15683018008997157,low,0.007746917397574713,False,0.13680406824655464,False,0.2603776230683803,False,0.13045517014071367,False
validation:2026.9.7/log_26_2026-9-7-06-30-26.ulg:1:5475,2026.9.7/log_26_2026-9-7-06-30-26.ulg,1,5475,51,318157342,318656304,319654344,0.4989619999999999,Sep7,0.21785691079393105,middle,0.007465116395336928,False,0.1283436786982764,False,0.3867806299326481,False,0.17463423558443994,False
validation:2026.9.7/log_26_2026-9-7-06-30-26.ulg:1:5525,2026.9.7/log_26_2026-9-7-06-30-26.ulg,1,5525,51,319155305,319654344,320652248,0.4990389999999999,Sep7,0.10194285316840605,low,0.005071547910993774,False,0.06467548941875013,False,0.12424135178343695,False,0.1414468392104529,False
validation:2026.9.7/log_26_2026-9-7-06-30-26.ulg:1:5575,2026.9.7/log_26_2026-9-7-06-30-26.ulg,1,5575,51,320153483,320652248,321650221,0.4987649999999999,Sep7,0.1740163818066346,middle,0.009024885650767745,False,0.11233726249739857,False,0.25605439992601414,False,0.18253148066250258,False
validation:2026.9.7/log_26_2026-9-7-06-30-26.ulg:1:5625,2026.9.7/log_26_2026-9-7-06-30-26.ulg,1,5625,51,321151444,321650221,322658147,0.4987769999999999,Sep7,0.4333117869938681,high,0.002070450764668784,False,0.15641877506658888,False,0.7940515016860481,True,0.15637196648602233,False
validation:2026.9.7/log_26_2026-9-7-06-30-26.ulg:1:5675,2026.9.7/log_26_2026-9-7-06-30-26.ulg,1,5675,51,322149417,322658147,323656048,0.50873,Sep7,0.0871720441602089,low,0.0,False,0.10244862737650638,False,0.11742416142517476,False,0.06493132047841711,False
validation:2026.9.7/log_26_2026-9-7-06-30-26.ulg:1:5725,2026.9.7/log_26_2026-9-7-06-30-26.ulg,1,5725,51,323157121,323656048,324653991,0.4989269999999999,Sep7,0.19948909494416134,middle,0.3272795238792919,True,0.10812209355039945,False,0.17323182754919847,False,0.06063639404021498,False
validation:2026.9.7/log_26_2026-9-7-06-30-26.ulg:1:5775,2026.9.7/log_26_2026-9-7-06-30-26.ulg,1,5775,51,324155305,324653991,325652009,0.4986859999999999,Sep7,0.13512936877068496,low,0.00414077812662183,False,0.12954462907207118,False,0.223722552279952,False,0.10933291170119049,False
validation:2026.9.7/log_26_2026-9-7-06-30-26.ulg:1:5825,2026.9.7/log_26_2026-9-7-06-30-26.ulg,1,5825,51,325153260,325652009,326659875,0.498749,Sep7,0.14484986295340643,low,0.03200648429882136,False,0.2316819741709448,True,0.17355192930577726,False,0.05775371707330173,False
validation:2026.9.7/log_26_2026-9-7-06-30-26.ulg:1:5875,2026.9.7/log_26_2026-9-7-06-30-26.ulg,1,5875,51,326151205,326659875,327647899,0.50867,Sep7,0.14821782267289166,low,0.0020703273619530455,False,0.12942898610180556,False,0.23949220754545492,False,0.0380304121413862,False
validation:2026.9.7/log_26_2026-9-7-06-30-26.ulg:1:5925,2026.9.7/log_26_2026-9-7-06-30-26.ulg,1,5925,51,327149105,327647899,328655828,0.4987939999999999,Sep7,0.09800587265172929,low,0.004629392717004821,False,0.060814274079081854,False,0.13481612629283374,False,0.12136571040891937,False
validation:2026.9.7/log_26_2026-9-7-06-30-26.ulg:1:5975,2026.9.7/log_26_2026-9-7-06-30-26.ulg,1,5975,51,328156774,328655828,329653722,0.499054,Sep7,0.13845483453472046,low,0.004140654723906091,False,0.09144188155004383,False,0.2208287509154129,False,0.11300821879175935,False
validation:2026.9.7/log_26_2026-9-7-06-30-26.ulg:1:6025,2026.9.7/log_26_2026-9-7-06-30-26.ulg,1,6025,51,329154974,329653722,330651657,0.4987479999999999,Sep7,0.27962743861880657,middle,0.004140654723906091,False,0.09988922141222106,False,0.521117732745645,True,0.0807612570068736,False
validation:2026.9.7/log_26_2026-9-7-06-30-26.ulg:1:6075,2026.9.7/log_26_2026-9-7-06-30-26.ulg,1,6075,51,330152961,330651657,331649599,0.498696,Sep7,0.35616522789879995,high,0.007746455666891821,False,0.15097137229000282,False,0.6579798366071313,True,0.11779525875915463,False
validation:2026.9.7/log_26_2026-9-7-06-30-26.ulg:1:6125,2026.9.7/log_26_2026-9-7-06-30-26.ulg,1,6125,51,331150934,331649599,332657648,0.4986649999999999,Sep7,0.14189304365760846,low,0.0029278850338261084,False,0.22517663830592907,True,0.11508332362151244,False,0.11697670904647553,False
validation:2026.9.7/log_26_2026-9-7-06-30-26.ulg:1:6175,2026.9.7/log_26_2026-9-7-06-30-26.ulg,1,6175,51,332148855,332657648,333655491,0.5087929999999999,Sep7,0.1614388039774429,low,0.0,False,0.1731864765185755,False,0.2522451568942448,False,0.14072354619369135,False
validation:2026.9.7/log_26_2026-9-7-06-30-26.ulg:1:6225,2026.9.7/log_26_2026-9-7-06-30-26.ulg,1,6225,51,333156532,333655491,334653457,0.498959,Sep7,0.11164781645273682,low,0.0,False,0.10576422266564867,False,0.17414457747115056,False,0.10448936619916255,False
validation:2026.9.7/log_26_2026-9-7-06-30-26.ulg:1:6275,2026.9.7/log_26_2026-9-7-06-30-26.ulg,1,6275,51,334154731,334653457,335651519,0.498726,Sep7,0.13553488965708899,low,0.0,False,0.10624602384175784,False,0.20669158813408275,False,0.12386160523567008,False
validation:2026.9.7/log_26_2026-9-7-06-30-26.ulg:1:6325,2026.9.7/log_26_2026-9-7-06-30-26.ulg,1,6325,51,335152677,335651519,336659275,0.4988419999999999,Sep7,0.20258421738102644,middle,0.024843928343436548,False,0.1693880363220487,False,0.32388775191991087,False,0.08709777928898234,False
validation:2026.9.7/log_26_2026-9-7-06-30-26.ulg:1:6375,2026.9.7/log_26_2026-9-7-06-30-26.ulg,1,6375,51,336150609,336659275,337647342,0.508666,Sep7,0.11338897010380795,low,0.0029278850338261084,False,0.10185889220604426,False,0.166255570252048,False,0.08887795823385933,False
validation:2026.9.7/log_26_2026-9-7-06-30-26.ulg:1:6425,2026.9.7/log_26_2026-9-7-06-30-26.ulg,1,6425,51,337158228,337647342,338655266,0.489114,Sep7,0.09837574436575708,low,0.052335309683366714,False,0.07283219669701678,False,0.13784694628792366,False,0.10032205497650451,False
validation:2026.9.7/log_26_2026-9-7-06-30-26.ulg:1:6475,2026.9.7/log_26_2026-9-7-06-30-26.ulg,1,6475,51,338156228,338655266,339653100,0.499038,Sep7,0.18638882712876306,middle,0.0,False,0.11724776545042814,False,0.34100462221242595,False,0.11842810201147436,False
validation:2026.9.7/log_26_2026-9-7-06-30-26.ulg:1:6525,2026.9.7/log_26_2026-9-7-06-30-26.ulg,1,6525,51,339154445,339653100,340651043,0.4986549999999999,Sep7,0.22489090183223065,middle,0.031055206595872298,False,0.11591897276273698,False,0.3966964261736833,False,0.09386199873570968,False
validation:2026.9.7/log_26_2026-9-7-06-30-26.ulg:1:6575,2026.9.7/log_26_2026-9-7-06-30-26.ulg,1,6575,51,340152371,340651043,341648981,0.498672,Sep7,0.17892151235537487,middle,0.00925900618415632,False,0.0798550198062655,False,0.3378083923855841,False,0.08288985796619809,False
validation:2026.9.7/log_26_2026-9-7-06-30-26.ulg:1:6625,2026.9.7/log_26_2026-9-7-06-30-26.ulg,1,6625,51,341150292,341648981,342656969,0.498689,Sep7,0.170223205199451,low,0.009258785434009643,False,0.0969964677467482,False,0.2666763958052912,False,0.16953731559551716,False
validation:2026.9.7/log_26_2026-9-7-06-30-26.ulg:1:6675,2026.9.7/log_26_2026-9-7-06-30-26.ulg,1,6675,51,342158015,342656969,343654834,0.4989539999999999,Sep7,0.1031539147336449,low,0.005855770067652218,False,0.061919809142199286,False,0.11042187045129356,False,0.1588203531806949,False
validation:2026.9.7/log_26_2026-9-7-06-30-26.ulg:1:6725,2026.9.7/log_26_2026-9-7-06-30-26.ulg,1,6725,51,343155851,343654834,344652776,0.4989829999999999,Sep7,0.1432924395287631,low,0.0035859121792027157,False,0.060668885063122055,False,0.2394333361585813,False,0.13296269023372204,False
validation:2026.9.7/log_26_2026-9-7-06-30-26.ulg:1:6775,2026.9.7/log_26_2026-9-7-06-30-26.ulg,1,6775,51,344154105,344652776,345650756,0.498671,Sep7,0.10788959453652311,low,0.008281309447812182,False,0.0675184095157636,False,0.1453259752371959,False,0.13884367659188335,False
validation:2026.9.7/log_26_2026-9-7-06-30-26.ulg:1:6825,2026.9.7/log_26_2026-9-7-06-30-26.ulg,1,6825,51,345151978,345650756,346658708,0.498778,Sep7,0.3237398459044843,high,0.0071718243584054315,False,0.11330960134836796,False,0.6001479734379301,True,0.09699829967698895,False
validation:2026.9.7/log_26_2026-9-7-06-30-26.ulg:1:6875,2026.9.7/log_26_2026-9-7-06-30-26.ulg,1,6875,51,346149950,346658708,347656624,0.5087579999999999,Sep7,0.12382203621872782,low,0.008536687195370252,False,0.16526408583773586,False,0.20200102159144584,False,0.0256958035705767,False
validation:2026.9.7/log_26_2026-9-7-06-30-26.ulg:1:6925,2026.9.7/log_26_2026-9-7-06-30-26.ulg,1,6925,51,347157601,347656624,348654562,0.499023,Sep7,0.13192627114022393,low,0.05700058248538259,False,0.0698400304844764,False,0.24578136806344653,False,0.05526139529111427,False
validation:2026.9.7/log_26_2026-9-7-06-30-26.ulg:1:6975,2026.9.7/log_26_2026-9-7-06-30-26.ulg,1,6975,51,348155513,348654562,349652440,0.4990489999999999,Sep7,0.2338294203523365,middle,0.010758092775282281,False,0.07406260594416039,False,0.4422953604468847,False,0.05326453404283187,False
validation:2026.9.7/log_26_2026-9-7-06-30-26.ulg:1:7025,2026.9.7/log_26_2026-9-7-06-30-26.ulg,1,7025,51,349153710,349652440,350650454,0.4987299999999999,Sep7,0.08051317837137228,low,0.0289850414208658,False,0.08470387914056351,False,0.12433041968517942,False,0.04507878871716924,False
validation:2026.9.7/log_26_2026-9-7-06-30-26.ulg:1:7075,2026.9.7/log_26_2026-9-7-06-30-26.ulg,1,7075,51,350151771,350650454,351648453,0.498683,Sep7,0.33533449174916546,high,0.0020703273619530455,False,0.053457740891419726,False,0.6539521064062628,True,0.04296828425488289,False
validation:2026.9.7/log_26_2026-9-7-06-30-26.ulg:1:7125,2026.9.7/log_26_2026-9-7-06-30-26.ulg,1,7125,51,351159317,351648453,352656244,0.4891359999999999,Sep7,0.1308884204670713,low,0.005477571332220166,False,0.05859165710120184,False,0.2454270685141394,False,0.046538175744707935,False
validation:2026.9.7/log_26_2026-9-7-06-30-26.ulg:1:7175,2026.9.7/log_26_2026-9-7-06-30-26.ulg,1,7175,51,352157230,352656244,353654190,0.4990139999999999,Sep7,0.2986531539878891,middle,0.0,False,0.06594823041061056,False,0.576259442392237,True,0.06011092725896843,False
validation:2026.9.7/log_26_2026-9-7-06-30-26.ulg:1:7225,2026.9.7/log_26_2026-9-7-06-30-26.ulg,1,7225,51,353155192,353654190,354652114,0.498998,Sep7,0.13675767864079003,low,0.0,False,0.10492955359932915,False,0.25758179792287517,False,0.057986115400728365,False
validation:2026.9.7/log_26_2026-9-7-06-30-26.ulg:1:7275,2026.9.7/log_26_2026-9-7-06-30-26.ulg,1,7275,51,354153340,354652114,355650008,0.498774,Sep7,0.13398801059237453,low,0.11503054826276798,False,0.08381247127506981,False,0.2000534630301127,False,0.11643818388820647,False
validation:2026.9.7/log_26_2026-9-7-06-30-26.ulg:1:7325,2026.9.7/log_26_2026-9-7-06-30-26.ulg,1,7325,51,355151331,355650008,356658104,0.498677,Sep7,0.17936017907174076,middle,0.004629392717004821,False,0.10880382610650967,False,0.21311331299267805,False,0.2680944149606963,True
validation:2026.9.7/log_26_2026-9-7-06-30-26.ulg:1:7375,2026.9.7/log_26_2026-9-7-06-30-26.ulg,1,7375,51,356149209,356658104,357655963,0.508895,Sep7,0.6023856719246683,high,0.0,False,0.24875245116979677,True,1.1615826795022248,True,0.2908082756730591,True
validation:2026.9.7/log_26_2026-9-7-06-30-26.ulg:1:7425,2026.9.7/log_26_2026-9-7-06-30-26.ulg,1,7425,51,357156947,357655963,358653837,0.4990159999999999,Sep7,0.673355969883828,high,0.0,False,0.16023475900667938,False,1.3270316986251494,True,0.1758975898703527,False
validation:2026.9.7/log_26_2026-9-7-06-30-26.ulg:1:7475,2026.9.7/log_26_2026-9-7-06-30-26.ulg,1,7475,51,358154851,358653837,359651766,0.498986,Sep7,0.8251612569001684,high,0.43678878841004937,True,0.25813325534928616,True,1.489000188478542,True,0.09650139141049735,False
validation:2026.9.7/log_27_2026-9-7-06-37-24.ulg:0:25,2026.9.7/log_27_2026-9-7-06-37-24.ulg,0,25,51,83115092,83613990,84612027,0.4988979999999999,Sep7,0.27047634993061476,middle,0.11305711138260459,False,0.10235290355541016,False,0.2282655762696255,False,0.4607601558854242,True
validation:2026.9.7/log_27_2026-9-7-06-37-24.ulg:0:75,2026.9.7/log_27_2026-9-7-06-37-24.ulg,0,75,51,84113015,84612027,85609914,0.4990119999999999,Sep7,0.14933563422506027,low,0.12036570919163672,False,0.05968223038974472,False,0.25100822599312655,False,0.07460898876723801,False
validation:2026.9.7/log_27_2026-9-7-06-37-24.ulg:0:125,2026.9.7/log_27_2026-9-7-06-37-24.ulg,0,125,51,85110932,85609914,86607881,0.498982,Sep7,0.07486818346996191,low,0.005855770067652217,False,0.05644697504139482,False,0.13507030814089113,False,0.04194319770448728,False
validation:2026.9.7/log_27_2026-9-7-06-37-24.ulg:0:175,2026.9.7/log_27_2026-9-7-06-37-24.ulg,0,175,51,86108916,86607881,87615916,0.498965,Sep7,0.14550548801020477,low,0.0020703273619530455,False,0.05522262003667728,False,0.26131550067157816,False,0.11178030370725536,False
validation:2026.9.7/log_27_2026-9-7-06-37-24.ulg:0:225,2026.9.7/log_27_2026-9-7-06-37-24.ulg,0,225,51,87116893,87615916,88613839,0.499023,Sep7,0.08209102668303861,low,0.0029278850338261084,False,0.06408698066307897,False,0.12637034511331263,False,0.0904450973025315,False
validation:2026.9.7/log_27_2026-9-7-06-37-24.ulg:0:275,2026.9.7/log_27_2026-9-7-06-37-24.ulg,0,275,51,88114806,88613839,89611800,0.499033,Sep7,0.1791830598941813,middle,0.0,False,0.09701305720140692,False,0.14252043999322614,False,0.3185431101922014,True
validation:2026.9.7/log_27_2026-9-7-06-37-24.ulg:0:325,2026.9.7/log_27_2026-9-7-06-37-24.ulg,0,325,51,89112766,89611800,90609717,0.499034,Sep7,0.1381499874487083,low,0.0,False,0.05176285258501104,False,0.14927122234830342,False,0.22606878869666056,True
validation:2026.9.7/log_27_2026-9-7-06-37-24.ulg:0:375,2026.9.7/log_27_2026-9-7-06-37-24.ulg,0,375,51,90110768,90609717,91617647,0.498949,Sep7,0.17046211596506958,low,0.004629668653865822,False,0.06360510948757916,False,0.3064283846138995,False,0.13793944297578029,False
validation:2026.9.7/log_27_2026-9-7-06-37-24.ulg:0:425,2026.9.7/log_27_2026-9-7-06-37-24.ulg,0,425,51,91108807,91617647,92615632,0.50884,Sep7,0.2091805358671322,middle,0.017567310202956654,False,0.1071886156147604,False,0.38585185654309334,False,0.14103978172092269,False
validation:2026.9.7/log_27_2026-9-7-06-37-24.ulg:0:475,2026.9.7/log_27_2026-9-7-06-37-24.ulg,0,475,51,92116613,92615632,93613558,0.499019,Sep7,0.10471408116388134,low,0.0,False,0.1463669603829652,False,0.1202238545347574,False,0.05384471253374548,False
validation:2026.9.7/log_27_2026-9-7-06-37-24.ulg:0:525,2026.9.7/log_27_2026-9-7-06-37-24.ulg,0,525,51,93114647,93613558,94611517,0.498911,Sep7,0.08467619508051026,low,0.012072444851109934,False,0.06759505269426218,False,0.11858966035617681,False,0.09750475949128547,False
validation:2026.9.7/log_27_2026-9-7-06-37-24.ulg:0:575,2026.9.7/log_27_2026-9-7-06-37-24.ulg,0,575,51,94112609,94611517,95609503,0.4989079999999999,Sep7,1.128103671861656,high,0.004140654723906091,False,0.254550456396,True,2.1471987148768967,True,0.18241151931625094,False
validation:2026.9.7/log_27_2026-9-7-06-37-24.ulg:0:625,2026.9.7/log_27_2026-9-7-06-37-24.ulg,0,625,51,95110498,95609503,96607447,0.499005,Sep7,0.4959722908001599,high,0.03555965807547686,False,0.12264172710432844,False,0.9317376937823107,True,0.15977581109264175,False
validation:2026.9.7/log_27_2026-9-7-06-37-24.ulg:0:675,2026.9.7/log_27_2026-9-7-06-37-24.ulg,0,675,51,96108481,96607447,97615404,0.4989659999999999,Sep7,0.4884702134695952,high,0.012762354980753173,False,0.0837482500474378,False,0.8576500887633773,True,0.4514980719601722,True
validation:2026.9.7/log_27_2026-9-7-06-37-24.ulg:0:725,2026.9.7/log_27_2026-9-7-06-37-24.ulg,0,725,51,97116561,97615404,98613522,0.498843,Sep7,0.10376363005274138,low,0.019857882452062558,False,0.0925917250839294,False,0.16976301416507494,False,0.05335248172661383,False
validation:2026.9.7/log_27_2026-9-7-06-37-24.ulg:0:775,2026.9.7/log_27_2026-9-7-06-37-24.ulg,0,775,51,98114430,98613522,99611309,0.499092,Sep7,0.39520963143516613,high,0.018517570868019285,False,0.14679180576397977,False,0.7304176019109769,True,0.12990905568930755,False
validation:2026.9.7/log_27_2026-9-7-06-37-24.ulg:0:825,2026.9.7/log_27_2026-9-7-06-37-24.ulg,0,825,51,99112410,99611309,100609277,0.498899,Sep7,0.3064555264739758,middle,0.006866499052804568,False,0.09706113142661163,False,0.5864232535589596,True,0.1487223090854056,False
validation:2026.9.7/log_27_2026-9-7-06-37-24.ulg:2:25,2026.9.7/log_27_2026-9-7-06-37-24.ulg,2,25,51,101368127,101870807,102876151,0.50268,Sep7,0.11615204490304108,low,0.0,False,0.11786205852285245,False,0.18697930362592957,False,0.053366937816855725,False
validation:2026.9.7/log_27_2026-9-7-06-37-24.ulg:2:75,2026.9.7/log_27_2026-9-7-06-37-24.ulg,2,75,51,102373431,102876151,103871675,0.50272,Sep7,0.16393887185858683,low,0.0,False,0.13386135694436077,False,0.3039832082567864,False,0.07765126432172444,False
validation:2026.9.7/log_27_2026-9-7-06-37-24.ulg:2:125,2026.9.7/log_27_2026-9-7-06-37-24.ulg,2,125,51,103368954,103871675,104867293,0.502721,Sep7,0.12013265857168871,low,0.0071718243584054315,False,0.07405112440775738,False,0.22921369799411442,False,0.031041528038019687,False
validation:2026.9.7/log_27_2026-9-7-06-37-24.ulg:2:175,2026.9.7/log_27_2026-9-7-06-37-24.ulg,2,175,51,104374442,104867293,105872586,0.492851,Sep7,0.20515021340946674,middle,0.0,False,0.2147512677963038,True,0.26968476672243996,False,0.16409936119758203,False
validation:2026.9.7/log_27_2026-9-7-06-37-24.ulg:2:225,2026.9.7/log_27_2026-9-7-06-37-24.ulg,2,225,51,105369903,105872586,106877949,0.502683,Sep7,0.5308308996060782,high,0.0071718243584054315,False,0.2338859105986296,True,0.9680141882839621,True,0.1556358902866801,False
validation:2026.9.7/log_27_2026-9-7-06-37-24.ulg:2:275,2026.9.7/log_27_2026-9-7-06-37-24.ulg,2,275,51,106375257,106877949,107873513,0.502692,Sep7,0.21150763631684358,middle,0.0074646714605178,False,0.21828317397898206,True,0.3893475402726495,False,0.06619496882629507,False
validation:2026.9.7/log_27_2026-9-7-06-37-24.ulg:2:325,2026.9.7/log_27_2026-9-7-06-37-24.ulg,2,325,51,107370806,107873513,108869008,0.502707,Sep7,0.22816765920970922,middle,0.07441771820389004,False,0.15483762393517622,False,0.35196920313805374,False,0.17798934113055973,False
validation:2026.9.7/log_27_2026-9-7-06-37-24.ulg:2:375,2026.9.7/log_27_2026-9-7-06-37-24.ulg,2,375,51,108376173,108869008,109874402,0.4928349999999999,Sep7,0.13264888001422337,low,0.003586125918976167,False,0.07245201370555351,False,0.1779727429195229,False,0.1766072615249325,False
validation:2026.9.7/log_27_2026-9-7-06-37-24.ulg:2:425,2026.9.7/log_27_2026-9-7-06-37-24.ulg,2,425,51,109371798,109874402,110869924,0.5026039999999999,Sep7,0.15757186274083043,low,0.0,False,0.11657559583369977,False,0.15674531927741425,False,0.24716721645018846,True
validation:2026.9.7/log_27_2026-9-7-06-37-24.ulg:2:475,2026.9.7/log_27_2026-9-7-06-37-24.ulg,2,475,51,110377110,110869924,111875303,0.492814,Sep7,0.16754947878291732,low,0.0,False,0.11044868861696139,False,0.26709870549825554,False,0.15640826564066054,False
validation:2026.9.7/log_27_2026-9-7-06-37-24.ulg:2:525,2026.9.7/log_27_2026-9-7-06-37-24.ulg,2,525,51,111372613,111875303,112870841,0.50269,Sep7,0.1348697449315502,low,0.0,False,0.13716209806739035,False,0.17341346934010995,False,0.13510656097757467,False
validation:2026.9.7/log_27_2026-9-7-06-37-24.ulg:2:575,2026.9.7/log_27_2026-9-7-06-37-24.ulg,2,575,51,112368139,112870841,113876285,0.502702,Sep7,0.14150980702611418,low,0.005855770067652218,False,0.2021196423789991,True,0.17744381479839674,False,0.05024907487774599,False
validation:2026.9.7/log_27_2026-9-7-06-37-24.ulg:2:625,2026.9.7/log_27_2026-9-7-06-37-24.ulg,2,625,51,113373622,113876285,114871782,0.502663,Sep7,0.09657009317754812,low,0.0,False,0.11105107289603376,False,0.16379958317635362,False,0.03969677536748538,False
validation:2026.9.7/log_27_2026-9-7-06-37-24.ulg:2:675,2026.9.7/log_27_2026-9-7-06-37-24.ulg,2,675,51,114378917,114871782,115877138,0.492865,Sep7,0.10980610876589594,low,0.004140654723906091,False,0.061430124480966984,False,0.191980243361891,False,0.08050843947801993,False
validation:2026.9.7/log_27_2026-9-7-06-37-24.ulg:2:725,2026.9.7/log_27_2026-9-7-06-37-24.ulg,2,725,51,115374476,115877138,116872693,0.5026619999999999,Sep7,0.13251465178089125,low,0.005071245637307342,False,0.17015441078897175,False,0.1726626369434437,False,0.10740804161390308,False
validation:2026.9.7/log_27_2026-9-7-06-37-24.ulg:2:775,2026.9.7/log_27_2026-9-7-06-37-24.ulg,2,775,51,116370009,116872693,117878053,0.502684,Sep7,0.11046309796448599,low,0.0,False,0.06988309644563041,False,0.1969208722590049,False,0.0808488036198438,False
validation:2026.9.7/log_27_2026-9-7-06-37-24.ulg:2:825,2026.9.7/log_27_2026-9-7-06-37-24.ulg,2,825,51,117375436,117878053,118873579,0.502617,Sep7,0.1700162819915109,low,0.009929533044665484,False,0.18234500131506556,True,0.28673856762421085,False,0.10717638224419872,False
validation:2026.9.7/log_27_2026-9-7-06-37-24.ulg:2:875,2026.9.7/log_27_2026-9-7-06-37-24.ulg,2,875,51,118370913,118873579,119869098,0.502666,Sep7,0.09744376024232868,low,0.007465116395336928,False,0.09012117894701266,False,0.15692393106643693,False,0.07557486350601833,False
validation:2026.9.7/log_27_2026-9-7-06-37-24.ulg:2:925,2026.9.7/log_27_2026-9-7-06-37-24.ulg,2,925,51,119376325,119869098,120874569,0.4927729999999999,Sep7,0.12769513821695938,low,0.007746917397574713,False,0.13145247066304816,False,0.16952578577633937,False,0.13709739087497202,False
validation:2026.9.7/log_27_2026-9-7-06-37-24.ulg:2:975,2026.9.7/log_27_2026-9-7-06-37-24.ulg,2,975,51,120371845,120874569,121870013,0.502724,Sep7,0.08820963976272456,low,0.005071547910993774,False,0.1046461743514539,False,0.1393960713009096,False,0.05707590348567479,False
validation:2026.9.7/log_27_2026-9-7-06-37-24.ulg:2:1025,2026.9.7/log_27_2026-9-7-06-37-24.ulg,2,1025,51,121377332,121870013,122875398,0.492681,Sep7,0.16515175287599837,low,0.002070450764668784,False,0.10437770467038159,False,0.3184920857394303,False,0.06495978019433,False
validation:2026.9.7/log_27_2026-9-7-06-37-24.ulg:2:1075,2026.9.7/log_27_2026-9-7-06-37-24.ulg,2,1075,51,122372822,122875398,123870941,0.502576,Sep7,0.5011151604233605,high,0.005856119103240681,False,0.08981335490775622,False,0.7535970721829612,True,0.6396458586537299,True
validation:2026.9.7/log_27_2026-9-7-06-37-24.ulg:2:1125,2026.9.7/log_27_2026-9-7-06-37-24.ulg,2,1125,51,123368269,123870941,124876340,0.502672,Sep7,0.1152885213029593,low,0.0,False,0.07096969138319945,False,0.2168252300870716,False,0.038310666431684195,False
validation:2026.9.7/log_27_2026-9-7-06-37-24.ulg:2:1175,2026.9.7/log_27_2026-9-7-06-37-24.ulg,2,1175,51,124373643,124876340,125871860,0.502697,Sep7,0.14646594156874768,low,0.0,False,0.09385600625228191,False,0.2632587715735064,False,0.10482134288459924,False
validation:2026.9.7/log_27_2026-9-7-06-37-24.ulg:2:1225,2026.9.7/log_27_2026-9-7-06-37-24.ulg,2,1225,51,125369235,125871860,126877255,0.502625,Sep7,0.11431636873830098,low,0.0,False,0.061245862777593404,False,0.2057935631393914,False,0.08745298777465862,False
validation:2026.9.7/log_27_2026-9-7-06-37-24.ulg:2:1275,2026.9.7/log_27_2026-9-7-06-37-24.ulg,2,1275,51,126374572,126877255,127872809,0.502683,Sep7,0.08382538068797471,low,0.0,False,0.08802199355426131,False,0.14439530382599755,False,0.02629280143144508,False
validation:2026.9.7/log_27_2026-9-7-06-37-24.ulg:2:1325,2026.9.7/log_27_2026-9-7-06-37-24.ulg,2,1325,51,127370057,127872809,128868283,0.502752,Sep7,0.164141628078232,low,0.0,False,0.07960224592995857,False,0.3197620482414678,False,0.03978088141188365,False
validation:2026.9.7/log_27_2026-9-7-06-37-24.ulg:2:1375,2026.9.7/log_27_2026-9-7-06-37-24.ulg,2,1375,51,128375449,128868283,129873683,0.492834,Sep7,0.11540039228201937,low,0.0020703273619530455,False,0.11171394494311476,False,0.182257668506773,False,0.0502603432670133,False
validation:2026.9.7/log_27_2026-9-7-06-37-24.ulg:2:1425,2026.9.7/log_27_2026-9-7-06-37-24.ulg,2,1425,51,129371042,129873683,130869218,0.502641,Sep7,0.6117275849910692,high,0.0,False,0.09808361313339961,False,1.2080636857599663,True,0.07200215027690926,False
validation:2026.9.7/log_27_2026-9-7-06-37-24.ulg:2:1475,2026.9.7/log_27_2026-9-7-06-37-24.ulg,2,1475,51,130376348,130869218,131874571,0.49287,Sep7,0.18654457664905227,middle,0.0,False,0.1476112864900526,False,0.3510217226943949,False,0.07722525789020766,False
validation:2026.9.7/log_27_2026-9-7-06-37-24.ulg:2:1525,2026.9.7/log_27_2026-9-7-06-37-24.ulg,2,1525,51,131371918,131874571,132870114,0.502653,Sep7,0.11466237457266615,low,0.0020703273619530455,False,0.0715055945688468,False,0.18219131881798367,False,0.12147220008940425,False
validation:2026.9.7/log_27_2026-9-7-06-37-24.ulg:2:1575,2026.9.7/log_27_2026-9-7-06-37-24.ulg,2,1575,51,132367508,132870114,133875498,0.502606,Sep7,0.12044346387124819,low,0.005855770067652218,False,0.06615997850525786,False,0.20881003024937378,False,0.09294907713816002,False
validation:2026.9.7/log_27_2026-9-7-06-37-24.ulg:2:1625,2026.9.7/log_27_2026-9-7-06-37-24.ulg,2,1625,51,133372864,133875498,134871033,0.502634,Sep7,0.10186505758316028,low,0.009710696086498232,False,0.06595912578106096,False,0.17339455128296682,False,0.08981831975783561,False
validation:2026.9.7/log_27_2026-9-7-06-37-24.ulg:2:1675,2026.9.7/log_27_2026-9-7-06-37-24.ulg,2,1675,51,134368334,134871033,135866565,0.502699,Sep7,0.167936362848856,low,0.002070450764668784,False,0.10768821767758882,False,0.3160358158054421,False,0.037617772860535116,False
validation:2026.9.7/log_27_2026-9-7-06-37-24.ulg:2:1725,2026.9.7/log_27_2026-9-7-06-37-24.ulg,2,1725,51,135373726,135866565,136871916,0.4928389999999999,Sep7,0.10094824195421968,low,0.00547789782511712,False,0.06398599963273045,False,0.18533497199087548,False,0.05828246944050808,False
validation:2026.9.7/log_27_2026-9-7-06-37-24.ulg:2:1775,2026.9.7/log_27_2026-9-7-06-37-24.ulg,2,1775,51,136369229,136871916,137877315,0.502687,Sep7,0.10625101032280031,low,0.002070450764668784,False,0.1516956541688777,False,0.14030680726942119,False,0.03169102009360538,False
validation:2026.9.7/log_27_2026-9-7-06-37-24.ulg:2:1825,2026.9.7/log_27_2026-9-7-06-37-24.ulg,2,1825,51,137374729,137877315,138872870,0.502586,Sep7,0.1177702023685012,low,0.002070450764668784,False,0.0818576115152087,False,0.22066565143899708,False,0.04333509763560985,False
validation:2026.9.7/log_27_2026-9-7-06-37-24.ulg:2:1875,2026.9.7/log_27_2026-9-7-06-37-24.ulg,2,1875,51,138370195,138872870,139868322,0.502675,Sep7,0.1511138111060742,low,0.0,False,0.061359662925438666,False,0.28960424979990984,False,0.03448310740923202,False
validation:2026.9.7/log_27_2026-9-7-06-37-24.ulg:2:1925,2026.9.7/log_27_2026-9-7-06-37-24.ulg,2,1925,51,139375492,139868322,140873718,0.49283,Sep7,0.09759035127602064,low,0.004140901529337568,False,0.07780227586777698,False,0.1713139562021944,False,0.03239510450311002,False
validation:2026.9.7/log_27_2026-9-7-06-37-24.ulg:2:1975,2026.9.7/log_27_2026-9-7-06-37-24.ulg,2,1975,51,140371067,140873718,141869295,0.502651,Sep7,0.11320590874729666,low,0.009487997351773907,False,0.07349826546492862,False,0.20676883568948096,False,0.03557181208068847,False
validation:2026.9.7/log_27_2026-9-7-06-37-24.ulg:2:2025,2026.9.7/log_27_2026-9-7-06-37-24.ulg,2,2025,51,141376473,141869295,142874670,0.492822,Sep7,0.0912735552428447,low,0.005856119103240681,False,0.10686101383357519,False,0.1527314723836691,False,0.03097650506473559,False
validation:2026.9.7/log_27_2026-9-7-06-37-24.ulg:2:2075,2026.9.7/log_27_2026-9-7-06-37-24.ulg,2,2075,51,142371934,142874670,143870126,0.502736,Sep7,0.23382908761004323,middle,0.002070450764668784,False,0.10544517742136421,False,0.43804102283139573,False,0.10143986675218715,False
validation:2026.9.7/log_27_2026-9-7-06-37-24.ulg:2:2125,2026.9.7/log_27_2026-9-7-06-37-24.ulg,2,2125,51,143367485,143870126,144875543,0.502641,Sep7,0.17002249981770146,low,0.0,False,0.10893119019157364,False,0.32594746306351663,False,0.06781905972120625,False
validation:2026.9.7/log_27_2026-9-7-06-37-24.ulg:2:2175,2026.9.7/log_27_2026-9-7-06-37-24.ulg,2,2175,51,144372844,144875543,145871144,0.502699,Sep7,0.10418666680387949,low,0.0,False,0.07581078009985089,False,0.1767845575868715,False,0.0815609543105982,False
validation:2026.9.7/log_27_2026-9-7-06-37-24.ulg:2:2225,2026.9.7/log_27_2026-9-7-06-37-24.ulg,2,2225,51,145378339,145871144,146876469,0.492805,Sep7,0.13566707429900998,low,0.010142491274614683,False,0.18385583423003687,True,0.18358485573474237,False,0.06996227821430483,False
validation:2026.9.7/log_27_2026-9-7-06-37-24.ulg:2:2275,2026.9.7/log_27_2026-9-7-06-37-24.ulg,2,2275,51,146373724,146876469,147871943,0.502745,Sep7,0.1610327850970485,low,0.0020703273619530455,False,0.1073387660164055,False,0.26492372177757756,False,0.1217356606816488,False
validation:2026.9.7/log_27_2026-9-7-06-37-24.ulg:2:2325,2026.9.7/log_27_2026-9-7-06-37-24.ulg,2,2325,51,147369239,147871943,148877313,0.5027039999999999,Sep7,0.127640452154169,low,0.010142491274614683,False,0.11007683834935343,False,0.23458740270989925,False,0.06596455074956023,False
validation:2026.9.7/log_27_2026-9-7-06-37-24.ulg:2:2375,2026.9.7/log_27_2026-9-7-06-37-24.ulg,2,2375,51,148374661,148877313,149872880,0.502652,Sep7,0.1213023181415283,low,0.0020703273619530455,False,0.061720555969603345,False,0.2039070752416423,False,0.11701382442274494,False
validation:2026.9.7/log_27_2026-9-7-06-37-24.ulg:2:2425,2026.9.7/log_27_2026-9-7-06-37-24.ulg,2,2425,51,149370159,149872880,150868347,0.502721,Sep7,0.14747610047687262,low,0.0,False,0.0715365845611529,False,0.28211410680870946,False,0.06444673625141516,False
validation:2026.9.7/log_27_2026-9-7-06-37-24.ulg:2:2475,2026.9.7/log_27_2026-9-7-06-37-24.ulg,2,2475,51,150375522,150868347,151873686,0.4928249999999999,Sep7,0.7698094807001489,high,0.0,False,0.0800632373986255,False,1.272017825523926,True,0.828824013950908,True
validation:2026.9.7/log_27_2026-9-7-06-37-24.ulg:2:2525,2026.9.7/log_27_2026-9-7-06-37-24.ulg,2,2525,51,151371058,151873686,152879078,0.502628,Sep7,0.28709715218014265,middle,0.0029280595516203403,False,0.13862544407588362,False,0.5184913859258315,True,0.23811210686479956,True
validation:2026.9.7/log_27_2026-9-7-06-37-24.ulg:2:2575,2026.9.7/log_27_2026-9-7-06-37-24.ulg,2,2575,51,152376415,152879078,153874661,0.502663,Sep7,0.11287271871976892,low,0.0020703273619530455,False,0.15341163415978815,False,0.15436777403269272,False,0.028747324485965477,False
validation:2026.9.7/log_27_2026-9-7-06-37-24.ulg:2:2625,2026.9.7/log_27_2026-9-7-06-37-24.ulg,2,2625,51,153372009,153874661,154870144,0.502652,Sep7,0.1096931996004581,low,0.002070450764668784,False,0.10287565443164415,False,0.1953261674350705,False,0.06306062250817658,False
validation:2026.9.7/log_27_2026-9-7-06-37-24.ulg:2:2675,2026.9.7/log_27_2026-9-7-06-37-24.ulg,2,2675,51,154367432,154870144,155875461,0.5027119999999999,Sep7,0.19492883065813774,middle,0.0029278850338261084,False,0.06952354997343839,False,0.29907229875089975,False,0.22326461903080352,False
validation:2026.9.7/log_27_2026-9-7-06-37-24.ulg:2:2725,2026.9.7/log_27_2026-9-7-06-37-24.ulg,2,2725,51,155372795,155875461,156871019,0.502666,Sep7,0.1627009085642447,low,0.0,False,0.09904622426694636,False,0.2918119705584512,False,0.054517903914611934,False
validation:2026.9.7/log_27_2026-9-7-06-37-24.ulg:2:2775,2026.9.7/log_27_2026-9-7-06-37-24.ulg,2,2775,51,156378159,156871019,157876345,0.4928599999999999,Sep7,0.1017493277890353,low,0.0,False,0.0993886926685488,False,0.17971538487946206,False,0.050871033227576135,False
validation:2026.9.7/log_27_2026-9-7-06-37-24.ulg:2:2825,2026.9.7/log_27_2026-9-7-06-37-24.ulg,2,2825,51,157373795,157876345,158871872,0.5025499999999999,Sep7,0.10020092036386792,low,0.007171824358405432,False,0.11656531360406282,False,0.1720192924626407,False,0.027953191816370584,False
validation:2026.9.7/log_27_2026-9-7-06-37-24.ulg:2:2875,2026.9.7/log_27_2026-9-7-06-37-24.ulg,2,2875,51,158369169,158871872,159877214,0.502703,Sep7,0.19529336835326677,middle,0.010142491274614683,False,0.3344796719917338,True,0.22884233465181575,False,0.042069565308009926,False
validation:2026.9.7/log_27_2026-9-7-06-37-24.ulg:2:2925,2026.9.7/log_27_2026-9-7-06-37-24.ulg,2,2925,51,159374538,159877214,160872730,0.502676,Sep7,0.11650381021989734,low,0.0,False,0.06433851982498598,False,0.2172178951284442,False,0.027784266784172347,False
validation:2026.9.7/log_27_2026-9-7-06-37-24.ulg:2:2975,2026.9.7/log_27_2026-9-7-06-37-24.ulg,2,2975,51,160370065,160872730,161868229,0.502665,Sep7,0.17270526976955114,low,0.0,False,0.11528613888712352,False,0.29783567752436085,False,0.08468408508936011,False
validation:2026.9.7/log_27_2026-9-7-06-37-24.ulg:2:3025,2026.9.7/log_27_2026-9-7-06-37-24.ulg,2,3025,51,161375574,161868229,162873696,0.4926549999999999,Sep7,0.15069615666957106,low,0.0,False,0.06932688687872368,False,0.28715287363465725,False,0.06665207700156882,False
validation:2026.9.7/log_27_2026-9-7-06-37-24.ulg:2:3075,2026.9.7/log_27_2026-9-7-06-37-24.ulg,2,3075,51,162370954,162873696,163869205,0.502742,Sep7,0.5025508189023989,high,0.0,False,0.23761962484656785,True,0.9592266179917335,True,0.2855824863147319,True
validation:2026.9.7/log_27_2026-9-7-06-37-24.ulg:2:3125,2026.9.7/log_27_2026-9-7-06-37-24.ulg,2,3125,51,163376385,163869205,164874522,0.49282,Sep7,0.21993362382291687,middle,0.0,False,0.08580513769826763,False,0.37816981808084527,False,0.2088632680237019,False
validation:2026.9.7/log_27_2026-9-7-06-37-24.ulg:2:3175,2026.9.7/log_27_2026-9-7-06-37-24.ulg,2,3175,51,164371842,164874522,165869976,0.50268,Sep7,0.2396228971256124,middle,0.0,False,0.06452546261625777,False,0.33295528722408174,False,0.3300799164724477,True
validation:2026.9.7/log_27_2026-9-7-06-37-24.ulg:2:3225,2026.9.7/log_27_2026-9-7-06-37-24.ulg,2,3225,51,165377314,165869976,166875369,0.492662,Sep7,0.24057856569489644,middle,0.0,False,0.09252430967380285,False,0.4362145171947636,False,0.1910107711809982,False
validation:2026.9.7/log_27_2026-9-7-06-37-24.ulg:2:3275,2026.9.7/log_27_2026-9-7-06-37-24.ulg,2,3275,51,166372727,166875369,167870878,0.5026419999999999,Sep7,0.10401244031192111,low,0.0,False,0.0814550556975979,False,0.19262730355153648,False,0.018392716670401318,False
validation:2026.9.7/log_27_2026-9-7-06-37-24.ulg:2:3325,2026.9.7/log_27_2026-9-7-06-37-24.ulg,2,3325,51,167368159,167870878,168876241,0.502719,Sep7,0.12824036066147493,low,0.0,False,0.07832570898029631,False,0.2287048594015967,False,0.04132517347606066,False
validation:2026.9.7/log_27_2026-9-7-06-37-24.ulg:2:3375,2026.9.7/log_27_2026-9-7-06-37-24.ulg,2,3375,51,168373580,168876241,169871759,0.502661,Sep7,0.1683549008790706,low,0.0,False,0.10632684763710977,False,0.326029961347282,False,0.055437810090661344,False
validation:2026.9.7/log_27_2026-9-7-06-37-24.ulg:2:3425,2026.9.7/log_27_2026-9-7-06-37-24.ulg,2,3425,51,169369275,169871759,170867254,0.5024839999999999,Sep7,0.13728067222167195,low,0.0,False,0.10549319344878229,False,0.25308501312223536,False,0.07203263091660714,False
validation:2026.9.7/log_27_2026-9-7-06-37-24.ulg:2:3475,2026.9.7/log_27_2026-9-7-06-37-24.ulg,2,3475,51,170374494,170867254,171872630,0.49276,Sep7,0.18377893044975901,middle,0.0,False,0.07809176606037455,False,0.33867584583079774,False,0.11975615757585163,False
validation:2026.9.7/log_27_2026-9-7-06-37-24.ulg:2:3525,2026.9.7/log_27_2026-9-7-06-37-24.ulg,2,3525,51,171369958,171872630,172877942,0.502672,Sep7,0.2095821887378057,middle,0.0,False,0.11063168567855043,False,0.383061346328017,False,0.1537887065023569,False
validation:2026.9.7/log_27_2026-9-7-06-37-24.ulg:2:3575,2026.9.7/log_27_2026-9-7-06-37-24.ulg,2,3575,51,172375285,172877942,173873446,0.502657,Sep7,0.1419439770417658,low,0.0,False,0.06380200165717306,False,0.2678411932185466,False,0.046115753176131626,False
validation:2026.9.7/log_27_2026-9-7-06-37-24.ulg:2:3625,2026.9.7/log_27_2026-9-7-06-37-24.ulg,2,3625,51,173370856,173873446,174868946,0.50259,Sep7,0.2641524012852908,middle,0.0,False,0.08272291525504812,False,0.47673864381541736,False,0.17008441229134938,False
validation:2026.9.7/log_27_2026-9-7-06-37-24.ulg:2:3675,2026.9.7/log_27_2026-9-7-06-37-24.ulg,2,3675,51,174376213,174868946,175874306,0.492733,Sep7,0.1487981882069315,low,0.0,False,0.09535192854158829,False,0.2707850725146845,False,0.09448056350242981,False
validation:2026.9.7/log_27_2026-9-7-06-37-24.ulg:2:3725,2026.9.7/log_27_2026-9-7-06-37-24.ulg,2,3725,51,175371660,175874306,176869793,0.5026459999999999,Sep7,0.14787671716230733,low,0.0,False,0.06801681172502894,False,0.27219162301171496,False,0.0750078191613272,False
validation:2026.9.7/log_27_2026-9-7-06-37-24.ulg:2:3775,2026.9.7/log_27_2026-9-7-06-37-24.ulg,2,3775,51,176377081,176869793,177875201,0.492712,Sep7,0.20360707776952988,middle,0.0,False,0.15479076702771485,False,0.3813752786222974,False,0.09640628782424074,False
validation:2026.9.7/log_27_2026-9-7-06-37-24.ulg:2:3825,2026.9.7/log_27_2026-9-7-06-37-24.ulg,2,3825,51,177372612,177875201,178870656,0.502589,Sep7,0.1898208212762146,middle,0.0,False,0.06407177743984727,False,0.3365990322704122,False,0.16264586511713244,False
validation:2026.9.7/log_27_2026-9-7-06-37-24.ulg:2:3875,2026.9.7/log_27_2026-9-7-06-37-24.ulg,2,3875,51,178367972,178870656,179876028,0.502684,Sep7,0.21339382423851316,middle,0.0,False,0.13162652151085744,False,0.41160996997372207,False,0.08971096248786475,False
validation:2026.9.7/log_27_2026-9-7-06-37-24.ulg:2:3925,2026.9.7/log_27_2026-9-7-06-37-24.ulg,2,3925,51,179373476,179876028,180871543,0.502552,Sep7,0.115684089538254,low,0.0,False,0.11113490946529543,False,0.18138986424191708,False,0.09349691610405421,False
validation:2026.9.7/log_27_2026-9-7-06-37-24.ulg:2:3975,2026.9.7/log_27_2026-9-7-06-37-24.ulg,2,3975,51,180368861,180871543,181867031,0.502682,Sep7,0.5964041217904154,high,0.0,False,0.0866458232019855,False,1.0562231543078582,True,0.5194766602862193,True
validation:2026.9.7/log_27_2026-9-7-06-37-24.ulg:2:4025,2026.9.7/log_27_2026-9-7-06-37-24.ulg,2,4025,51,181374371,181867031,182872379,0.49266,Sep7,0.08977116392379837,low,0.0,False,0.08858101766077668,False,0.15236910611808765,False,0.04135004446924238,False
validation:2026.9.7/log_27_2026-9-7-06-37-24.ulg:2:4075,2026.9.7/log_27_2026-9-7-06-37-24.ulg,2,4075,51,182369689,182872379,183877793,0.50269,Sep7,0.18900878249265127,middle,0.005855770067652217,False,0.15968752404301614,False,0.30877906943878475,False,0.07916406546549527,False
validation:2026.9.7/log_27_2026-9-7-06-37-24.ulg:2:4125,2026.9.7/log_27_2026-9-7-06-37-24.ulg,2,4125,51,183375132,183877793,184873218,0.502661,Sep7,0.12833730787558492,low,0.014343648716810865,False,0.09509479246236079,False,0.21272894647746673,False,0.07396711516224976,False
validation:2026.9.7/log_27_2026-9-7-06-37-24.ulg:2:4175,2026.9.7/log_27_2026-9-7-06-37-24.ulg,2,4175,51,184370566,184873218,185868723,0.502652,Sep7,0.3067579257688695,middle,0.013732998105609136,False,0.13005759388942878,False,0.5883553044038008,True,0.16478793416123144,False
validation:2026.9.7/log_27_2026-9-7-06-37-24.ulg:2:4225,2026.9.7/log_27_2026-9-7-06-37-24.ulg,2,4225,51,185376227,185868723,186874146,0.492496,Sep7,0.13939191252894598,low,0.012421964171718274,False,0.10720441761558548,False,0.2174046217642715,False,0.09634668198072467,False
validation:2026.9.7/log_27_2026-9-7-06-37-24.ulg:2:4275,2026.9.7/log_27_2026-9-7-06-37-24.ulg,2,4275,51,186371457,186874146,187869573,0.5026889999999999,Sep7,0.09575319868869298,low,0.004140654723906091,False,0.06937100243972022,False,0.14801610780385444,False,0.09157568462828769,False
validation:2026.9.7/log_27_2026-9-7-06-37-24.ulg:2:4325,2026.9.7/log_27_2026-9-7-06-37-24.ulg,2,4325,51,187376915,187869573,188874964,0.492658,Sep7,0.18168347527748546,middle,0.0071718243584054315,False,0.12212845208644799,False,0.2671128724550376,False,0.1797081734665675,False
validation:2026.9.7/log_27_2026-9-7-06-37-24.ulg:2:4375,2026.9.7/log_27_2026-9-7-06-37-24.ulg,2,4375,51,188372351,188874964,189870477,0.502613,Sep7,0.12404643410633996,low,0.005855770067652217,False,0.058057036744531554,False,0.17018373071186807,False,0.16898380849243996,False
validation:2026.9.7/log_27_2026-9-7-06-37-24.ulg:2:4425,2026.9.7/log_27_2026-9-7-06-37-24.ulg,2,4425,51,189367879,189870477,190875763,0.502598,Sep7,0.2515524170761691,middle,0.005855770067652217,False,0.05990493568806056,False,0.4824938232546758,False,0.06840936756925836,False
validation:2026.9.7/log_27_2026-9-7-06-37-24.ulg:2:4475,2026.9.7/log_27_2026-9-7-06-37-24.ulg,2,4475,51,190373142,190875763,191871282,0.502621,Sep7,0.4221075925434939,high,0.0,False,0.09414862582238873,False,0.7142790333985807,True,0.4384093738833414,True
validation:2026.9.7/log_27_2026-9-7-06-37-24.ulg:2:4525,2026.9.7/log_27_2026-9-7-06-37-24.ulg,2,4525,51,191378542,191871282,192876652,0.4927399999999999,Sep7,0.1914023922837232,middle,0.0,False,0.2001981677085846,True,0.2829775058178891,False,0.06799904588098445,False
validation:2026.9.7/log_27_2026-9-7-06-37-24.ulg:2:4575,2026.9.7/log_27_2026-9-7-06-37-24.ulg,2,4575,51,192374001,192876652,193872146,0.502651,Sep7,0.14423211083175064,low,0.0,False,0.10528767999784817,False,0.26773659506502995,False,0.07780897558012825,False
validation:2026.9.7/log_27_2026-9-7-06-37-24.ulg:2:4625,2026.9.7/log_27_2026-9-7-06-37-24.ulg,2,4625,51,193369686,193872146,194877499,0.50246,Sep7,0.2605324297386911,middle,0.010142491274614683,False,0.06984221759992967,False,0.5145314474617924,True,0.03212375771844484,False
validation:2026.9.7/log_27_2026-9-7-06-37-24.ulg:2:4675,2026.9.7/log_27_2026-9-7-06-37-24.ulg,2,4675,51,194374913,194877499,195873022,0.502586,Sep7,0.281384619331118,middle,0.0020703273619530455,False,0.04933446959365248,False,0.5377342514093344,True,0.1342847950025532,False
validation:2026.9.7/log_27_2026-9-7-06-37-24.ulg:2:4725,2026.9.7/log_27_2026-9-7-06-37-24.ulg,2,4725,51,195370377,195873022,196868439,0.502645,Sep7,0.110863579752473,low,0.006866647882684385,False,0.07711102925024782,False,0.20321745195122004,False,0.04585845475218539,False
validation:2026.9.7/log_27_2026-9-7-06-37-24.ulg:2:4775,2026.9.7/log_27_2026-9-7-06-37-24.ulg,2,4775,51,196375643,196868439,197873772,0.4927959999999999,Sep7,0.15069354195076098,low,0.016432900564361145,False,0.21413890971343663,True,0.18162409429057774,False,0.1330405620326002,False
validation:2026.9.7/log_27_2026-9-7-06-37-24.ulg:2:4825,2026.9.7/log_27_2026-9-7-06-37-24.ulg,2,4825,51,197371480,197873772,198869290,0.502292,Sep7,0.17843203022732046,middle,0.0029280595516203403,False,0.25131202671521313,True,0.20050358806672605,False,0.13610304916451393,False
validation:2026.9.7/log_27_2026-9-7-06-37-24.ulg:2:4875,2026.9.7/log_27_2026-9-7-06-37-24.ulg,2,4875,51,198376504,198869290,199874681,0.492786,Sep7,0.11204448057772491,low,0.0,False,0.10686890822616198,False,0.1854855778210349,False,0.08262810685412904,False
validation:2026.9.7/log_27_2026-9-7-06-37-24.ulg:2:4925,2026.9.7/log_27_2026-9-7-06-37-24.ulg,2,4925,51,199372095,199874681,200870123,0.502586,Sep7,0.32508514593083454,high,0.008784178654861021,False,0.3504620266047727,True,0.5958777971666624,True,0.05711001706627224,False
validation:2026.9.7/log_27_2026-9-7-06-37-24.ulg:2:4975,2026.9.7/log_27_2026-9-7-06-37-24.ulg,2,4975,51,200377354,200870123,201875497,0.4927689999999999,Sep7,0.11456626938408669,low,0.008784178654861021,False,0.06731962474497484,False,0.20815081069536343,False,0.07056497913298387,False
validation:2026.9.7/log_27_2026-9-7-06-37-24.ulg:2:5025,2026.9.7/log_27_2026-9-7-06-37-24.ulg,2,5025,51,201373111,201875497,202870997,0.502386,Sep7,0.2061889839544613,middle,0.01224865988750571,False,0.14798018326681822,False,0.39342748424609114,False,0.07998006182852448,False
validation:2026.9.7/log_27_2026-9-7-06-37-24.ulg:2:5075,2026.9.7/log_27_2026-9-7-06-37-24.ulg,2,5075,51,202368278,202870997,203876311,0.502719,Sep7,0.2742027499345634,middle,0.0695031436421255,False,0.1586370665635898,False,0.511403042773,True,0.16325165563588137,False
validation:2026.9.7/log_27_2026-9-7-06-37-24.ulg:2:5125,2026.9.7/log_27_2026-9-7-06-37-24.ulg,2,5125,51,203373672,203876311,204871811,0.502639,Sep7,0.21247920246339996,middle,0.0,False,0.07936351893300637,False,0.34632549691941483,False,0.20722595516564912,False
validation:2026.9.7/log_27_2026-9-7-06-37-24.ulg:2:5175,2026.9.7/log_27_2026-9-7-06-37-24.ulg,2,5175,51,204369155,204871811,205867297,0.502656,Sep7,0.2718416108123862,middle,0.0,False,0.17043153942628114,False,0.4913337840398818,False,0.213955745927154,False
validation:2026.9.7/log_27_2026-9-7-06-37-24.ulg:2:5225,2026.9.7/log_27_2026-9-7-06-37-24.ulg,2,5225,51,205374727,205867297,206872595,0.4925699999999999,Sep7,0.1738183021648084,middle,0.0029278850338261084,False,0.12790903815195198,False,0.3233348044455863,False,0.07032758482128455,False
validation:2026.9.7/log_27_2026-9-7-06-37-24.ulg:2:5275,2026.9.7/log_27_2026-9-7-06-37-24.ulg,2,5275,51,206369944,206872595,207877929,0.502651,Sep7,0.42993958703791424,high,0.1230077337080167,False,0.20544448742130697,True,0.7470598229717833,True,0.21291870746563754,False
validation:2026.9.7/log_27_2026-9-7-06-37-24.ulg:2:5325,2026.9.7/log_27_2026-9-7-06-37-24.ulg,2,5325,51,207375470,207877929,208873407,0.502459,Sep7,0.3125425518302956,middle,0.016562618895624364,False,0.11261567435875348,False,0.6028780698752265,True,0.15140646000229274,False
validation:2026.9.7/log_27_2026-9-7-06-37-24.ulg:2:5375,2026.9.7/log_27_2026-9-7-06-37-24.ulg,2,5375,51,208370763,208873407,209868892,0.502644,Sep7,0.09469216506660746,low,0.017072356785877547,False,0.1412628718505503,False,0.10051306683108535,False,0.04521287780282742,False
validation:2026.9.7/log_27_2026-9-7-06-37-24.ulg:2:5425,2026.9.7/log_27_2026-9-7-06-37-24.ulg,2,5425,51,209376381,209868892,210874290,0.492511,Sep7,0.1033941308163325,low,0.03266975433266749,False,0.0766028702564113,False,0.17193760501220254,False,0.06324600868491033,False
validation:2026.9.7/log_27_2026-9-7-06-37-24.ulg:2:5475,2026.9.7/log_27_2026-9-7-06-37-24.ulg,2,5475,51,210371707,210874290,211869721,0.502583,Sep7,0.13205839657125962,low,0.052945981316048225,False,0.09820898910949027,False,0.20588493469560848,False,0.09380364664363722,False
validation:2026.9.7/log_27_2026-9-7-06-37-24.ulg:2:5525,2026.9.7/log_27_2026-9-7-06-37-24.ulg,2,5525,51,211377016,211869721,212875056,0.492705,Sep7,0.21146320363787333,middle,0.04779753946325162,False,0.3564071785847295,True,0.18042861468711374,False,0.1446004970470097,False
validation:2026.9.7/log_27_2026-9-7-06-37-24.ulg:2:5575,2026.9.7/log_27_2026-9-7-06-37-24.ulg,2,5575,51,212372550,212875056,213870589,0.502506,Sep7,0.08448011724268707,low,0.03597863116828971,False,0.07083215256350568,False,0.1331328776289471,False,0.07482352595928361,False
validation:2026.9.7/log_27_2026-9-7-06-37-24.ulg:2:5625,2026.9.7/log_27_2026-9-7-06-37-24.ulg,2,5625,51,213368232,213870589,214875886,0.5023569999999999,Sep7,0.14068661359100884,low,0.0,False,0.06452840448781726,False,0.273628463826591,False,0.030144289973836738,False
validation:2026.9.7/log_27_2026-9-7-06-37-24.ulg:2:5675,2026.9.7/log_27_2026-9-7-06-37-24.ulg,2,5675,51,214373237,214875886,215871350,0.502649,Sep7,0.14074340812874764,low,0.0,False,0.09133149974983283,False,0.24540879544138738,False,0.0622132836467337,False
validation:2026.9.7/log_27_2026-9-7-06-37-24.ulg:2:5725,2026.9.7/log_27_2026-9-7-06-37-24.ulg,2,5725,51,215378678,215871350,216866871,0.492672,Sep7,0.11055777206495578,low,0.005855770067652217,False,0.08500936803513161,False,0.1627181426045404,False,0.12984157621226503,False
validation:2026.9.7/log_27_2026-9-7-06-37-24.ulg:2:5775,2026.9.7/log_27_2026-9-7-06-37-24.ulg,2,5775,51,216374089,216866871,217872190,0.492782,Sep7,0.10916091521472064,low,0.0071718243584054315,False,0.058075756776271796,False,0.1996429501665428,False,0.06837403630479039,False
validation:2026.9.7/log_27_2026-9-7-06-37-24.ulg:2:5825,2026.9.7/log_27_2026-9-7-06-37-24.ulg,2,5825,51,217369770,217872190,218877536,0.50242,Sep7,0.17249521910844773,low,0.0,False,0.10979742949834204,False,0.28232648367501917,False,0.12906102309831516,False
validation:2026.9.7/log_27_2026-9-7-06-37-24.ulg:2:5875,2026.9.7/log_27_2026-9-7-06-37-24.ulg,2,5875,51,218374894,218877536,219873062,0.5026419999999999,Sep7,0.11517138614960008,low,0.0,False,0.15526606832585335,False,0.1661048947182303,False,0.08383088485679166,False
validation:2026.9.7/log_27_2026-9-7-06-37-24.ulg:2:5925,2026.9.7/log_27_2026-9-7-06-37-24.ulg,2,5925,51,219370428,219873062,220868524,0.502634,Sep7,0.4886350342072079,high,0.009258785434009643,False,0.11092399050491163,False,0.8661344972084241,True,0.3821118097071493,True
validation:2026.9.7/log_27_2026-9-7-06-37-24.ulg:2:5975,2026.9.7/log_27_2026-9-7-06-37-24.ulg,2,5975,51,220375698,220868524,221873848,0.492826,Sep7,0.5965868739595557,high,0.0071718243584054315,False,0.1498037780311183,False,1.180991629313735,True,0.1112303275557964,False
validation:2026.9.7/log_27_2026-9-7-06-37-24.ulg:2:6025,2026.9.7/log_27_2026-9-7-06-37-24.ulg,2,6025,51,221371460,221873848,222879184,0.502388,Sep7,0.13492800255562337,low,0.0149293429210356,False,0.14990837085199687,False,0.19304264961299716,False,0.14047682021983743,False
validation:2026.9.7/log_27_2026-9-7-06-37-24.ulg:2:6075,2026.9.7/log_27_2026-9-7-06-37-24.ulg,2,6075,51,222376545,222879184,223874691,0.502639,Sep7,0.11062707722442393,low,0.014492838032666903,False,0.07273431809405013,False,0.14495961831513243,False,0.15120443635194916,False
validation:2026.9.7/log_27_2026-9-7-06-37-24.ulg:2:6125,2026.9.7/log_27_2026-9-7-06-37-24.ulg,2,6125,51,223372353,223874691,224870139,0.502338,Sep7,0.1658821588027171,low,0.0,False,0.07574108349796731,False,0.3152995890557068,False,0.07134237936111802,False
validation:2026.9.7/log_27_2026-9-7-06-37-24.ulg:2:6175,2026.9.7/log_27_2026-9-7-06-37-24.ulg,2,6175,51,224367517,224870139,225875454,0.502622,Sep7,0.24429540884898196,middle,0.05113389843203888,False,0.08074074716785597,False,0.44724445566487814,False,0.16856993306901386,False
validation:2026.9.7/log_27_2026-9-7-06-37-24.ulg:2:6225,2026.9.7/log_27_2026-9-7-06-37-24.ulg,2,6225,51,225373104,225875454,226870941,0.50235,Sep7,0.27192581237115204,middle,0.0035859121792027157,False,0.16800467210428266,False,0.46528314465617865,False,0.25985478840569565,True
validation:2026.9.7/log_27_2026-9-7-06-37-24.ulg:2:6275,2026.9.7/log_27_2026-9-7-06-37-24.ulg,2,6275,51,226378195,226870941,227876345,0.4927459999999999,Sep7,0.2991755643328757,middle,0.07590048481856022,False,0.08999613141737263,False,0.4213535140011388,False,0.3980873758323075,True
validation:2026.9.7/log_27_2026-9-7-06-37-24.ulg:2:6325,2026.9.7/log_27_2026-9-7-06-37-24.ulg,2,6325,51,227373726,227876345,228871790,0.5026189999999999,Sep7,0.18113493691035823,middle,0.008783655101478327,False,0.0691303683654275,False,0.30776709394164,False,0.16339807179758611,False
validation:2026.9.7/log_27_2026-9-7-06-37-24.ulg:2:6375,2026.9.7/log_27_2026-9-7-06-37-24.ulg,2,6375,51,228369164,228871790,229877079,0.502626,Sep7,0.18471718115153923,middle,0.0,False,0.0724106390231283,False,0.1643336501695467,False,0.32228686476150636,True
validation:2026.9.7/log_27_2026-9-7-06-37-24.ulg:2:6425,2026.9.7/log_27_2026-9-7-06-37-24.ulg,2,6425,51,229374745,229877079,230872675,0.502334,Sep7,0.1786588474044151,middle,0.0,False,0.09742038242303311,False,0.27225503817652774,False,0.19307747538716655,False
validation:2026.9.7/log_27_2026-9-7-06-37-24.ulg:2:6475,2026.9.7/log_27_2026-9-7-06-37-24.ulg,2,6475,51,230369935,230872675,231868032,0.50274,Sep7,0.22833906355888778,middle,0.0,False,0.13011957199190705,False,0.40130914043816895,False,0.11497716706439191,False
validation:2026.9.7/log_27_2026-9-7-06-37-24.ulg:2:6525,2026.9.7/log_27_2026-9-7-06-37-24.ulg,2,6525,51,231375380,231868032,232873365,0.492652,Sep7,0.18151607346371187,middle,0.010143095821987552,False,0.07342275146472962,False,0.32278953027953877,False,0.13175970486022154,False
validation:2026.9.7/log_27_2026-9-7-06-37-24.ulg:2:6575,2026.9.7/log_27_2026-9-7-06-37-24.ulg,2,6575,51,232370748,232873365,233868929,0.502617,Sep7,0.09172564627043593,low,0.006211352294006353,False,0.09899442758928681,False,0.12836678307160956,False,0.0883534683965453,False
validation:2026.9.7/log_27_2026-9-7-06-37-24.ulg:2:6625,2026.9.7/log_27_2026-9-7-06-37-24.ulg,2,6625,51,233376378,233868929,234874194,0.4925509999999999,Sep7,0.22564869209579919,middle,0.0,False,0.2101153709159785,True,0.32524640650794884,False,0.15296014468402275,False
validation:2026.9.7/log_27_2026-9-7-06-37-24.ulg:2:6675,2026.9.7/log_27_2026-9-7-06-37-24.ulg,2,6675,51,234371590,234874194,235869660,0.5026039999999999,Sep7,0.208171589719116,middle,0.04445229064364946,False,0.12900477545912717,False,0.40248902832582867,False,0.025844077740271414,False
validation:2026.9.7/log_27_2026-9-7-06-37-24.ulg:2:6725,2026.9.7/log_27_2026-9-7-06-37-24.ulg,2,6725,51,235376980,235869660,236875021,0.4926799999999999,Sep7,0.12946744924106118,low,0.02432109180411478,False,0.17262699748425406,False,0.19403505684277625,False,0.037683028610278606,False
validation:2026.9.7/log_27_2026-9-7-06-37-24.ulg:2:6775,2026.9.7/log_27_2026-9-7-06-37-24.ulg,2,6775,51,236372407,236875021,237870494,0.502614,Sep7,0.5923609103134454,high,0.005071245637307342,False,0.14393853620415356,False,1.1275883987718611,True,0.07810199033057585,False
validation:2026.9.7/log_27_2026-9-7-06-37-24.ulg:2:6825,2026.9.7/log_27_2026-9-7-06-37-24.ulg,2,6825,51,237368178,237870494,238875843,0.502316,Sep7,0.3322523762587548,high,0.0,False,0.08127324316044025,False,0.5199243751014226,True,0.40241969286778767,True
validation:2026.9.7/log_27_2026-9-7-06-37-24.ulg:2:6875,2026.9.7/log_27_2026-9-7-06-37-24.ulg,2,6875,51,238373203,238875843,239871281,0.50264,Sep7,0.4486987545197891,high,0.008281309447812182,False,0.0844990295974408,False,0.8430749523243916,True,0.24498025201798185,True
validation:2026.9.7/log_28_2026-9-7-06-44-02.ulg:0:25,2026.9.7/log_28_2026-9-7-06-44-02.ulg,0,25,51,59924875,60423740,61421652,0.498865,Sep7,0.634031604567343,high,0.07618240895908555,False,0.4167738973665621,True,0.7100983075416265,True,0.9173767605813851,True
validation:2026.9.7/log_28_2026-9-7-06-44-02.ulg:1:25,2026.9.7/log_28_2026-9-7-06-44-02.ulg,1,25,51,62060345,62569261,63567206,0.5089159999999999,Sep7,0.33524016898962733,high,0.3062865451526232,True,0.21545750280491915,True,0.45363493834319096,False,0.27582689112661424,True
validation:2026.9.7/log_28_2026-9-7-06-44-02.ulg:1:75,2026.9.7/log_28_2026-9-7-06-44-02.ulg,1,75,51,63068302,63567206,64565238,0.4989039999999999,Sep7,0.31736991232958,middle,0.10044941425078423,False,0.2368370633032658,True,0.48671607614077284,False,0.21654246901614793,False
validation:2026.9.7/log_28_2026-9-7-06-44-02.ulg:1:125,2026.9.7/log_28_2026-9-7-06-44-02.ulg,1,125,51,64066223,64565238,65563096,0.499015,Sep7,0.15435990489695758,low,0.006546559732288265,False,0.059126057486536,False,0.28539995693388465,False,0.08082106218369678,False
validation:2026.9.7/log_28_2026-9-7-06-44-02.ulg:1:175,2026.9.7/log_28_2026-9-7-06-44-02.ulg,1,175,51,65064134,65563096,66561040,0.4989619999999999,Sep7,0.07631751943380649,low,0.04689235498814392,False,0.044923193329099755,False,0.13285700823017965,False,0.03250950439479342,False
validation:2026.9.7/log_28_2026-9-7-06-44-02.ulg:1:225,2026.9.7/log_28_2026-9-7-06-44-02.ulg,1,225,51,66062095,66561040,67569017,0.4989449999999999,Sep7,0.10892385689469204,low,0.005477571332220166,False,0.07994299922129201,False,0.13292045387591866,False,0.1449916769745825,False
validation:2026.9.7/log_28_2026-9-7-06-44-02.ulg:1:275,2026.9.7/log_28_2026-9-7-06-44-02.ulg,1,275,51,67070009,67569017,68566994,0.4990079999999999,Sep7,0.0726861027407753,low,0.0,False,0.06223049251060089,False,0.08929533940633257,False,0.10037862176033747,False
validation:2026.9.7/log_28_2026-9-7-06-44-02.ulg:1:325,2026.9.7/log_28_2026-9-7-06-44-02.ulg,1,325,51,68067972,68566994,69564923,0.4990219999999999,Sep7,0.09495647601226731,low,0.0,False,0.06469342116676265,False,0.15285193032949837,False,0.10377733716884525,False
validation:2026.9.7/log_28_2026-9-7-06-44-02.ulg:1:375,2026.9.7/log_28_2026-9-7-06-44-02.ulg,1,375,51,69065961,69564923,70562852,0.4989619999999999,Sep7,0.19809322180882857,middle,0.01133964997561846,False,0.05917271724976431,False,0.3419592311343294,False,0.1931362486572147,False
validation:2026.9.7/log_28_2026-9-7-06-44-02.ulg:1:425,2026.9.7/log_28_2026-9-7-06-44-02.ulg,1,425,51,70063907,70562852,71560749,0.4989449999999999,Sep7,0.1541640533537294,low,0.015072210701802416,False,0.057880430538234814,False,0.2757358870395688,False,0.12343846155806253,False
validation:2026.9.7/log_28_2026-9-7-06-44-02.ulg:1:475,2026.9.7/log_28_2026-9-7-06-44-02.ulg,1,475,51,71061797,71560749,72568686,0.4989519999999999,Sep7,0.13683149964131913,low,0.0,False,0.12006785571778392,False,0.11244245512451134,False,0.22109123221307467,False
validation:2026.9.7/log_28_2026-9-7-06-44-02.ulg:1:525,2026.9.7/log_28_2026-9-7-06-44-02.ulg,1,525,51,72059755,72568686,73566660,0.508931,Sep7,0.15938042780210795,low,0.010142491274614683,False,0.07991738680257388,False,0.23389489768417104,False,0.20683087271330183,False
validation:2026.9.7/log_28_2026-9-7-06-44-02.ulg:1:575,2026.9.7/log_28_2026-9-7-06-44-02.ulg,1,575,51,73067674,73566660,74564585,0.498986,Sep7,0.26369640843410647,middle,0.0,False,0.11958851497312657,False,0.41774035461550435,False,0.262823168743352,True
validation:2026.9.7/log_28_2026-9-7-06-44-02.ulg:1:625,2026.9.7/log_28_2026-9-7-06-44-02.ulg,1,625,51,74065633,74564585,75562652,0.4989519999999999,Sep7,0.10682657083993363,low,0.005855770067652218,False,0.08298562777558781,False,0.17576152917734433,False,0.1025811388298004,False
validation:2026.9.7/log_28_2026-9-7-06-44-02.ulg:1:675,2026.9.7/log_28_2026-9-7-06-44-02.ulg,1,675,51,75063561,75562652,76560540,0.4990909999999999,Sep7,0.2580421524091085,middle,0.0029278850338261084,False,0.11276965960072545,False,0.4733384461569566,False,0.12057220606244626,False
validation:2026.9.7/log_28_2026-9-7-06-44-02.ulg:2:25,2026.9.7/log_28_2026-9-7-06-44-02.ulg,2,25,51,76949726,77438727,78446652,0.4890009999999999,Sep7,0.19803416223141937,middle,0.15650434592801737,False,0.10700446099799685,False,0.3209751007632944,False,0.08483441748649861,False
validation:2026.9.7/log_28_2026-9-7-06-44-02.ulg:2:75,2026.9.7/log_28_2026-9-7-06-44-02.ulg,2,75,51,77947703,78446652,79444619,0.498949,Sep7,0.24197379950491238,middle,0.391548004880873,True,0.0779491123459587,False,0.23653454148749756,False,0.13462296201224416,False
validation:2026.9.7/log_28_2026-9-7-06-44-02.ulg:2:125,2026.9.7/log_28_2026-9-7-06-44-02.ulg,2,125,51,78945597,79444619,80442566,0.4990219999999999,Sep7,0.26468098101269816,middle,0.12945284977213367,False,0.09691896051150249,False,0.4800039250133803,False,0.15043375640589007,False
validation:2026.9.7/log_28_2026-9-7-06-44-02.ulg:2:175,2026.9.7/log_28_2026-9-7-06-44-02.ulg,2,175,51,79943556,80442566,81440534,0.4990099999999999,Sep7,0.22591908062112812,middle,0.33776805575131486,True,0.10622190906401105,False,0.2739409665421355,False,0.10018828696220274,False
validation:2026.9.7/log_28_2026-9-7-06-44-02.ulg:3:25,2026.9.7/log_28_2026-9-7-06-44-02.ulg,3,25,51,81927074,82419859,83425221,0.492785,Sep7,0.32978022989690264,high,0.2513018448826578,False,0.1700975392723476,False,0.5427242746358287,True,0.24473263386971753,True
validation:2026.9.7/log_28_2026-9-7-06-44-02.ulg:3:75,2026.9.7/log_28_2026-9-7-06-44-02.ulg,3,75,51,82922628,83425221,84430659,0.502593,Sep7,0.22885362739316517,middle,0.11295795702089174,False,0.11551302176636383,False,0.33703178598772476,False,0.25989099321339293,True
validation:2026.9.7/log_28_2026-9-7-06-44-02.ulg:4:25,2026.9.7/log_28_2026-9-7-06-44-02.ulg,4,25,51,84923738,85426138,86421825,0.5024,Sep7,0.24869921803705788,middle,0.08338169798238669,False,0.16353313570736985,False,0.10772657045690218,False,0.4447474845751012,True
validation:2026.9.7/log_28_2026-9-7-06-44-02.ulg:4:75,2026.9.7/log_28_2026-9-7-06-44-02.ulg,4,75,51,85928855,86421825,87427029,0.4929699999999999,Sep7,0.39677929849910637,high,0.004629668653865822,False,0.1269698967065083,False,0.6043978250457229,True,0.50814239680098,True
validation:2026.9.7/log_28_2026-9-7-06-44-02.ulg:4:125,2026.9.7/log_28_2026-9-7-06-44-02.ulg,4,125,51,86924608,87427029,88422523,0.502421,Sep7,0.20552080676061782,middle,0.0,False,0.13557471312552952,False,0.39129963762092945,False,0.1035962616172862,False
validation:2026.9.7/log_28_2026-9-7-06-44-02.ulg:4:175,2026.9.7/log_28_2026-9-7-06-44-02.ulg,4,175,51,87929740,88422523,89427889,0.4927829999999999,Sep7,0.27935021759502665,middle,0.006866908333310785,False,0.18805185537835378,True,0.5437199464226778,True,0.07572537105300925,False
validation:2026.9.7/log_28_2026-9-7-06-44-02.ulg:4:225,2026.9.7/log_28_2026-9-7-06-44-02.ulg,4,225,51,88925483,89427889,90423405,0.502406,Sep7,0.35394574640117443,high,0.019857882452062558,False,0.10398514160939228,False,0.666878077826789,True,0.15569034609609214,False
validation:2026.9.7/log_28_2026-9-7-06-44-02.ulg:4:275,2026.9.7/log_28_2026-9-7-06-44-02.ulg,4,275,51,89920753,90423405,91428855,0.502652,Sep7,0.15385189167429988,low,0.006547028014530468,False,0.1289176868219601,False,0.22375428389791063,False,0.14457058399439932,False
validation:2026.9.7/log_28_2026-9-7-06-44-02.ulg:4:325,2026.9.7/log_28_2026-9-7-06-44-02.ulg,4,325,51,90926182,91428855,92424322,0.5026729999999999,Sep7,0.19707522499325084,middle,0.0,False,0.09552171858519083,False,0.3249538546210589,False,0.20817314240405554,False
validation:2026.9.7/log_28_2026-9-7-06-44-02.ulg:4:375,2026.9.7/log_28_2026-9-7-06-44-02.ulg,4,375,51,91921668,92424322,93419808,0.5026539999999999,Sep7,0.5700016145364836,high,0.19534970081824712,False,0.07738011957981644,False,1.0534639913141235,True,0.3405152133114695,True
validation:2026.9.7/log_28_2026-9-7-06-44-02.ulg:5:25,2026.9.7/log_28_2026-9-7-06-44-02.ulg,5,25,51,94385801,94888461,95884000,0.50266,Sep7,0.2143971780168273,middle,0.36576850728112603,True,0.15745307866206443,False,0.11488359412074851,False,0.09328302303111258,False
validation:2026.9.7/log_28_2026-9-7-06-44-02.ulg:5:75,2026.9.7/log_28_2026-9-7-06-44-02.ulg,5,75,51,95381312,95884000,96889453,0.502688,Sep7,0.27579383689667997,middle,0.38785512682163015,True,0.09572549518551951,False,0.35568688239767504,False,0.11537373365900667,False
validation:2026.9.7/log_28_2026-9-7-06-44-02.ulg:5:125,2026.9.7/log_28_2026-9-7-06-44-02.ulg,5,125,51,96386645,96889453,97884867,0.502808,Sep7,0.29471833875141046,middle,0.3493721117980484,True,0.07407032786055037,False,0.419441040734789,False,0.20407605170012103,False
validation:2026.9.7/log_28_2026-9-7-06-44-02.ulg:5:175,2026.9.7/log_28_2026-9-7-06-44-02.ulg,5,175,51,97382166,97884867,98880380,0.502701,Sep7,0.19381141034731394,middle,0.1541713001564902,False,0.08363505560598003,False,0.3183654106844798,False,0.1074402298445791,False
validation:2026.9.7/log_28_2026-9-7-06-44-02.ulg:5:225,2026.9.7/log_28_2026-9-7-06-44-02.ulg,5,225,51,98387536,98880380,99885768,0.492844,Sep7,0.15907935070746435,low,0.1637126186490152,False,0.0879163893975485,False,0.19672700535092688,False,0.16789989323970975,False
validation:2026.9.7/log_28_2026-9-7-06-44-02.ulg:5:275,2026.9.7/log_28_2026-9-7-06-44-02.ulg,5,275,51,99383098,99885768,100891178,0.50267,Sep7,0.13227869325359976,low,0.0461095141937563,False,0.13956987735109405,False,0.1543575674973321,False,0.15645219947252906,False
validation:2026.9.7/log_28_2026-9-7-06-44-02.ulg:5:325,2026.9.7/log_28_2026-9-7-06-44-02.ulg,5,325,51,100388437,100891178,101886617,0.502741,Sep7,0.13689983348012102,low,0.09861218053747078,False,0.10067538864925737,False,0.211086455880728,False,0.11824376916538891,False
validation:2026.9.7/log_28_2026-9-7-06-44-02.ulg:5:375,2026.9.7/log_28_2026-9-7-06-44-02.ulg,5,375,51,101383954,101886617,102882148,0.502663,Sep7,0.1615737085699013,low,0.16974600962166103,False,0.11813078189113133,False,0.22836416837690338,False,0.10887836605119677,False
validation:2026.9.7/log_28_2026-9-7-06-44-02.ulg:5:425,2026.9.7/log_28_2026-9-7-06-44-02.ulg,5,425,51,102389304,102882148,103887563,0.492844,Sep7,0.18952341284337423,middle,0.08986007163402303,False,0.07126703562430639,False,0.24185325467873142,False,0.26694709120089566,True
validation:2026.9.7/log_28_2026-9-7-06-44-02.ulg:5:475,2026.9.7/log_28_2026-9-7-06-44-02.ulg,5,475,51,103384839,103887563,104883013,0.502724,Sep7,0.24744781002975902,middle,0.3887476107473806,True,0.19672471979893977,True,0.219517846670054,False,0.10309258979428326,False
validation:2026.9.7/log_28_2026-9-7-06-44-02.ulg:5:525,2026.9.7/log_28_2026-9-7-06-44-02.ulg,5,525,51,104390259,104883013,105888411,0.4927539999999999,Sep7,0.2777985308204702,middle,0.3229856037532197,True,0.08033006388536333,False,0.4354065798700299,False,0.07426135281399746,False
validation:2026.9.7/log_28_2026-9-7-06-44-02.ulg:5:575,2026.9.7/log_28_2026-9-7-06-44-02.ulg,5,575,51,105385713,105888411,106884008,0.502698,Sep7,0.27083728777101634,middle,0.3602445828993449,True,0.08650833437332454,False,0.3793788750575545,False,0.04757287151344193,False
validation:2026.9.7/log_28_2026-9-7-06-44-02.ulg:5:625,2026.9.7/log_28_2026-9-7-06-44-02.ulg,5,625,51,106381246,106884008,107889309,0.5027619999999999,Sep7,0.25400141089602535,middle,0.3880559147441334,True,0.09727115050296761,False,0.2983430507511719,False,0.1162941098222232,False
validation:2026.9.7/log_28_2026-9-7-06-44-02.ulg:5:675,2026.9.7/log_28_2026-9-7-06-44-02.ulg,5,675,51,107386669,107889309,108884796,0.50264,Sep7,0.2558764359356516,middle,0.18446864219363698,False,0.07583621927467689,False,0.41181327429688075,False,0.22378674473738236,False
validation:2026.9.7/log_28_2026-9-7-06-44-02.ulg:5:725,2026.9.7/log_28_2026-9-7-06-44-02.ulg,5,725,51,108382123,108884796,109880362,0.5026729999999999,Sep7,0.20157526513649268,middle,0.30263777802954317,True,0.18257821611348882,True,0.17156042793273973,False,0.0728026979474432,False
validation:2026.9.7/log_28_2026-9-7-06-44-02.ulg:5:775,2026.9.7/log_28_2026-9-7-06-44-02.ulg,5,775,51,109387554,109880362,110885699,0.4928079999999999,Sep7,0.32734574079927004,high,0.17045830613086094,False,0.09608723283567307,False,0.5889535568987618,True,0.21245784052906194,False
validation:2026.9.7/log_28_2026-9-7-06-44-02.ulg:5:825,2026.9.7/log_28_2026-9-7-06-44-02.ulg,5,825,51,110383030,110885699,111881184,0.502669,Sep7,0.24543182429994148,middle,0.2745592713430157,False,0.09423299662664686,False,0.37033318698392914,False,0.07067046434927443,False
validation:2026.9.7/log_28_2026-9-7-06-44-02.ulg:5:875,2026.9.7/log_28_2026-9-7-06-44-02.ulg,5,875,51,111388339,111881184,112886562,0.492845,Sep7,0.2243509817656771,middle,0.3358122279182582,True,0.07685779955024889,False,0.2342680482366691,False,0.15204568417213873,False
validation:2026.9.7/log_28_2026-9-7-06-44-02.ulg:5:925,2026.9.7/log_28_2026-9-7-06-44-02.ulg,5,925,51,112383873,112886562,113882105,0.5026889999999999,Sep7,0.23596980485685978,middle,0.27879480905173265,False,0.18153020785579102,True,0.355115100142088,False,0.04915662927632252,False
validation:2026.9.7/log_28_2026-9-7-06-44-02.ulg:5:975,2026.9.7/log_28_2026-9-7-06-44-02.ulg,5,975,51,113389293,113882105,114887413,0.492812,Sep7,0.09945119469451141,low,0.07081006010929107,False,0.1441900365789223,False,0.10515081780068938,False,0.042329072300407534,False
validation:2026.9.7/log_28_2026-9-7-06-44-02.ulg:5:1025,2026.9.7/log_28_2026-9-7-06-44-02.ulg,5,1025,51,114384797,114887413,115882987,0.502616,Sep7,0.20878838749991646,middle,0.3562528577571079,True,0.12441071321496498,False,0.1823872394281834,False,0.046099793815542786,False
validation:2026.9.7/log_28_2026-9-7-06-44-02.ulg:5:1075,2026.9.7/log_28_2026-9-7-06-44-02.ulg,5,1075,51,115380267,115882987,116888324,0.50272,Sep7,0.20795883219705608,middle,0.35006564305040405,True,0.13249574509207043,False,0.1545212541859896,False,0.08163038759717946,False
validation:2026.9.7/log_28_2026-9-7-06-44-02.ulg:5:1125,2026.9.7/log_28_2026-9-7-06-44-02.ulg,5,1125,51,116385622,116888324,117883883,0.502702,Sep7,0.21787270971466213,middle,0.2584498067550564,False,0.11309513698452622,False,0.2970686720477154,False,0.1705517288719067,False
validation:2026.9.7/log_28_2026-9-7-06-44-02.ulg:5:1175,2026.9.7/log_28_2026-9-7-06-44-02.ulg,5,1175,51,117381162,117883883,118879345,0.502721,Sep7,0.1345775079230121,low,0.15914887175792672,False,0.12126597724579875,False,0.16222701315141258,False,0.074691279766826,False
validation:2026.9.7/log_28_2026-9-7-06-44-02.ulg:5:1225,2026.9.7/log_28_2026-9-7-06-44-02.ulg,5,1225,51,118386529,118879345,119884704,0.492816,Sep7,0.2663491943292978,middle,0.38893694971999426,True,0.07230124801468285,False,0.3376430907862605,False,0.10895778514364622,False
validation:2026.9.7/log_28_2026-9-7-06-44-02.ulg:5:1275,2026.9.7/log_28_2026-9-7-06-44-02.ulg,5,1275,51,119382086,119884704,120890131,0.502618,Sep7,0.25147962097368515,middle,0.38714417111069294,True,0.16456109805617475,False,0.28291059872874835,False,0.08615688525859602,False
validation:2026.9.7/log_28_2026-9-7-06-44-02.ulg:5:1325,2026.9.7/log_28_2026-9-7-06-44-02.ulg,5,1325,51,120387436,120890131,121885616,0.502695,Sep7,0.22082470317207561,middle,0.2778033050459611,False,0.14179956210746233,False,0.28065631032066746,False,0.05942989176247686,False
validation:2026.9.7/log_28_2026-9-7-06-44-02.ulg:5:1375,2026.9.7/log_28_2026-9-7-06-44-02.ulg,5,1375,51,121382883,121885616,122881063,0.502733,Sep7,0.14532649554242183,low,0.08895479158639565,False,0.08223433280376254,False,0.1967394122827777,False,0.17055279281941105,False
validation:2026.9.7/log_28_2026-9-7-06-44-02.ulg:5:1425,2026.9.7/log_28_2026-9-7-06-44-02.ulg,5,1425,51,122388239,122881063,123886454,0.492824,Sep7,0.2257829116794925,middle,0.3306659051146411,True,0.16510082625417508,False,0.21984146895798842,False,0.08238261669597273,False
validation:2026.9.7/log_28_2026-9-7-06-44-02.ulg:5:1475,2026.9.7/log_28_2026-9-7-06-44-02.ulg,5,1475,51,123383851,123886454,124881949,0.502603,Sep7,0.23639350785607668,middle,0.39385751812838754,True,0.13488855462593383,False,0.1758335438567185,False,0.12292099272590461,False
validation:2026.9.7/log_28_2026-9-7-06-44-02.ulg:5:1525,2026.9.7/log_28_2026-9-7-06-44-02.ulg,5,1525,51,124389183,124881949,125887280,0.492766,Sep7,0.16253958412426853,low,0.12017630271462319,False,0.15342335523731293,False,0.2725429804217739,False,0.052707777743788826,False
validation:2026.9.7/log_28_2026-9-7-06-44-02.ulg:5:1575,2026.9.7/log_28_2026-9-7-06-44-02.ulg,5,1575,51,125384644,125887280,126882825,0.502636,Sep7,0.1147343639809255,low,0.08504632841013085,False,0.07881745135747345,False,0.18570085476665565,False,0.05557926580080644,False
validation:2026.9.7/log_28_2026-9-7-06-44-02.ulg:5:1625,2026.9.7/log_28_2026-9-7-06-44-02.ulg,5,1625,51,126380140,126882825,127888146,0.5026849999999999,Sep7,0.1928489290531066,middle,0.30783641742288415,True,0.13697183146406738,False,0.13466467836186038,False,0.13889203649690707,False
validation:2026.9.7/log_28_2026-9-7-06-44-02.ulg:5:1675,2026.9.7/log_28_2026-9-7-06-44-02.ulg,5,1675,51,127385548,127888146,128883664,0.502598,Sep7,0.17437825325807937,middle,0.18163952475070536,False,0.10299789375872528,False,0.23814890970120778,False,0.1250219447895471,False
validation:2026.9.7/log_28_2026-9-7-06-44-02.ulg:5:1725,2026.9.7/log_28_2026-9-7-06-44-02.ulg,5,1725,51,128390915,128883664,129879152,0.492749,Sep7,0.22002600613433204,middle,0.3850856085563753,True,0.08457141578201048,False,0.14231716503324596,False,0.13185693273631247,False
validation:2026.9.7/log_28_2026-9-7-06-44-02.ulg:5:1775,2026.9.7/log_28_2026-9-7-06-44-02.ulg,5,1775,51,129386339,129879152,130884567,0.492813,Sep7,0.2470190033700133,middle,0.3888203279178593,True,0.10985085657587637,False,0.2741609482242882,False,0.10807678963781304,False
validation:2026.9.7/log_28_2026-9-7-06-44-02.ulg:5:1825,2026.9.7/log_28_2026-9-7-06-44-02.ulg,5,1825,51,130381888,130884567,131889885,0.502679,Sep7,0.1795156081188199,middle,0.2802181525070911,False,0.1799694870385336,True,0.11060112419752353,False,0.037564496530462725,False
validation:2026.9.7/log_28_2026-9-7-06-44-02.ulg:5:1875,2026.9.7/log_28_2026-9-7-06-44-02.ulg,5,1875,51,131387299,131889885,132885423,0.502586,Sep7,0.1783501126093302,middle,0.06640198998920507,False,0.07706237413251579,False,0.3162096219514935,False,0.10499366619659951,False
validation:2026.9.7/log_28_2026-9-7-06-44-02.ulg:5:1925,2026.9.7/log_28_2026-9-7-06-44-02.ulg,5,1925,51,132382689,132885423,133880871,0.502734,Sep7,0.20191814711608144,middle,0.1167596358764838,False,0.09203079157822736,False,0.3400130183138353,False,0.11853944451821656,False
validation:2026.9.7/log_28_2026-9-7-06-44-02.ulg:5:1975,2026.9.7/log_28_2026-9-7-06-44-02.ulg,5,1975,51,133388071,133880871,134886222,0.4927999999999999,Sep7,0.28939890347571057,middle,0.0943062007045596,False,0.18762885576024438,True,0.5525256404659665,True,0.10195226347676013,False
validation:2026.9.7/log_28_2026-9-7-06-44-02.ulg:5:2025,2026.9.7/log_28_2026-9-7-06-44-02.ulg,5,2025,51,134383610,134886222,135881781,0.502612,Sep7,0.16853767230025418,low,0.2039375384875672,False,0.08207072139647738,False,0.23228941720947638,False,0.08774871483786507,False
validation:2026.9.7/log_28_2026-9-7-06-44-02.ulg:5:2075,2026.9.7/log_28_2026-9-7-06-44-02.ulg,5,2075,51,135388916,135881781,136887126,0.492865,Sep7,0.26737056605351783,middle,0.234969231786285,False,0.10877768873482609,False,0.44030053834568506,False,0.17451118407792446,False
validation:2026.9.7/log_28_2026-9-7-06-44-02.ulg:5:2125,2026.9.7/log_28_2026-9-7-06-44-02.ulg,5,2125,51,136384460,136887126,137882587,0.502666,Sep7,0.24761827972595252,middle,0.30828881663937496,True,0.07996528802961805,False,0.34947536340883595,False,0.10819008637501794,False
validation:2026.9.7/log_28_2026-9-7-06-44-02.ulg:5:2175,2026.9.7/log_28_2026-9-7-06-44-02.ulg,5,2175,51,137379965,137882587,138887933,0.502622,Sep7,0.1663440662733774,low,0.1622294559381087,False,0.10156213642935792,False,0.2100313987322007,False,0.15786765705643588,False
validation:2026.9.7/log_28_2026-9-7-06-44-02.ulg:5:2225,2026.9.7/log_28_2026-9-7-06-44-02.ulg,5,2225,51,138385349,138887933,139883591,0.502584,Sep7,0.14556772545603647,low,0.09454090584414324,False,0.12229377357386546,False,0.22106017889782734,False,0.06434814566558829,False
validation:2026.9.7/log_28_2026-9-7-06-44-02.ulg:5:2275,2026.9.7/log_28_2026-9-7-06-44-02.ulg,5,2275,51,139390668,139883591,140888925,0.492923,Sep7,0.13257481966673307,low,0.08893169862380788,False,0.12017027225195519,False,0.22552840471903413,False,0.04699016740978166,False
validation:2026.9.7/log_28_2026-9-7-06-44-02.ulg:5:2325,2026.9.7/log_28_2026-9-7-06-44-02.ulg,5,2325,51,140386153,140888925,141884350,0.502772,Sep7,0.21011443369882649,middle,0.04478163658374179,False,0.10350943526615243,False,0.4072542473976919,False,0.052751033083474216,False
validation:2026.9.7/log_28_2026-9-7-06-44-02.ulg:5:2375,2026.9.7/log_28_2026-9-7-06-44-02.ulg,5,2375,51,141381600,141884350,142889670,0.50275,Sep7,0.15718757656989663,low,0.18071981137710605,False,0.10599610373414116,False,0.2255847969948445,False,0.07775830163198962,False
validation:2026.9.7/log_28_2026-9-7-06-44-02.ulg:5:2425,2026.9.7/log_28_2026-9-7-06-44-02.ulg,5,2425,51,142386983,142889670,143885169,0.502687,Sep7,0.14095728773839672,low,0.09246528162827887,False,0.180367063849458,True,0.14995676902604152,False,0.13144431264389447,False
validation:2026.9.7/log_28_2026-9-7-06-44-02.ulg:5:2475,2026.9.7/log_28_2026-9-7-06-44-02.ulg,5,2475,51,143382524,143885169,144880632,0.502645,Sep7,0.17084063218745896,low,0.06136046782904353,False,0.06185653070957349,False,0.31518292638178935,False,0.07463903530682019,False
validation:2026.9.7/log_28_2026-9-7-06-44-02.ulg:5:2525,2026.9.7/log_28_2026-9-7-06-44-02.ulg,5,2525,51,144387846,144880632,145886037,0.492786,Sep7,0.0767604491437945,low,0.029216590288223036,False,0.07056713072362081,False,0.12514189526496403,False,0.05097856992096705,False
validation:2026.9.7/log_28_2026-9-7-06-44-02.ulg:5:2575,2026.9.7/log_28_2026-9-7-06-44-02.ulg,5,2575,51,145383363,145886037,146881525,0.502674,Sep7,0.13433833290474792,low,0.20143481909467345,False,0.07510721460090479,False,0.1434820106366797,False,0.07149719058949346,False
validation:2026.9.7/log_28_2026-9-7-06-44-02.ulg:5:2625,2026.9.7/log_28_2026-9-7-06-44-02.ulg,5,2625,51,146388756,146881525,147887017,0.4927689999999999,Sep7,0.2635055060079456,middle,0.3901257605348846,True,0.11040970375142574,False,0.3423500591426118,False,0.05783990901786157,False
validation:2026.9.7/log_28_2026-9-7-06-44-02.ulg:5:2675,2026.9.7/log_28_2026-9-7-06-44-02.ulg,5,2675,51,147384201,147887017,148882345,0.5028159999999999,Sep7,0.26570301698357146,middle,0.3920491280429868,True,0.2548355619706156,True,0.13828410750255693,False,0.1849938172645829,False
validation:2026.9.7/log_28_2026-9-7-06-44-02.ulg:5:2725,2026.9.7/log_28_2026-9-7-06-44-02.ulg,5,2725,51,148389532,148882345,149887708,0.492813,Sep7,0.29030948529023115,middle,0.3899047255556034,True,0.08343085547981598,False,0.39157990810329923,False,0.10278107368439998,False
validation:2026.9.7/log_28_2026-9-7-06-44-02.ulg:5:2775,2026.9.7/log_28_2026-9-7-06-44-02.ulg,5,2775,51,149385000,149887708,150883232,0.5027079999999999,Sep7,0.16518098664914682,low,0.10661587724190313,False,0.06933517952702223,False,0.29092750357249103,False,0.05295058525186529,False
validation:2026.9.7/log_28_2026-9-7-06-44-02.ulg:5:2825,2026.9.7/log_28_2026-9-7-06-44-02.ulg,5,2825,51,150380477,150883232,151888506,0.502755,Sep7,0.21789371675331604,middle,0.3472075213013521,True,0.19661982603523728,True,0.18309106859969201,False,0.05662349192331537,False
validation:2026.9.7/log_28_2026-9-7-06-44-02.ulg:5:2875,2026.9.7/log_28_2026-9-7-06-44-02.ulg,5,2875,51,151385881,151888506,152884046,0.502625,Sep7,0.21434285182282564,middle,0.36573203382290426,True,0.08740053948518496,False,0.19020500686331124,False,0.08094024427246435,False
validation:2026.9.7/log_28_2026-9-7-06-44-02.ulg:5:2925,2026.9.7/log_28_2026-9-7-06-44-02.ulg,5,2925,51,152381324,152884046,153879538,0.502722,Sep7,0.34019176004122714,high,0.3880130183745315,True,0.11339302790284045,False,0.501157469779148,True,0.2371711492869445,True
validation:2026.9.7/log_28_2026-9-7-06-44-02.ulg:5:2975,2026.9.7/log_28_2026-9-7-06-44-02.ulg,5,2975,51,153386674,153879538,154884824,0.4928639999999999,Sep7,0.19337068275338984,middle,0.15521603910366852,False,0.09992193695717352,False,0.32530951810230213,False,0.11829410977167443,False
validation:2026.9.7/log_28_2026-9-7-06-44-02.ulg:5:3025,2026.9.7/log_28_2026-9-7-06-44-02.ulg,5,3025,51,154382155,154884824,155890237,0.502669,Sep7,0.10884713278311128,low,0.0751738386675576,False,0.11523621560848472,False,0.14501854304340822,False,0.08717030863162016,False
validation:2026.9.7/log_28_2026-9-7-06-44-02.ulg:5:3075,2026.9.7/log_28_2026-9-7-06-44-02.ulg,5,3075,51,155387574,155890237,156885703,0.502663,Sep7,0.15358629060922352,low,0.11094458089032902,False,0.08294180411221755,False,0.2291740581583246,False,0.14839772689655586,False
validation:2026.9.7/log_28_2026-9-7-06-44-02.ulg:5:3125,2026.9.7/log_28_2026-9-7-06-44-02.ulg,5,3125,51,156382979,156885703,157881137,0.502724,Sep7,0.17995802975162611,middle,0.0781272831388334,False,0.08904230478577004,False,0.3022872767158192,False,0.12479972311151429,False
validation:2026.9.7/log_28_2026-9-7-06-44-02.ulg:5:3175,2026.9.7/log_28_2026-9-7-06-44-02.ulg,5,3175,51,157388348,157881137,158886498,0.492789,Sep7,0.20232348279173715,middle,0.27848227837612155,False,0.08012714708698737,False,0.25021958103860475,False,0.13288715423402234,False
validation:2026.9.7/log_28_2026-9-7-06-44-02.ulg:5:3225,2026.9.7/log_28_2026-9-7-06-44-02.ulg,5,3225,51,158383848,158886498,159881984,0.5026499999999999,Sep7,0.10092417361781468,low,0.09138587640728078,False,0.07436404985197037,False,0.1487260160370041,False,0.06325667796949744,False
validation:2026.9.7/log_28_2026-9-7-06-44-02.ulg:5:3275,2026.9.7/log_28_2026-9-7-06-44-02.ulg,5,3275,51,159389198,159881984,160887499,0.492786,Sep7,0.11238780325051403,low,0.11240918296512356,False,0.1447457367201376,False,0.12514819384274092,False,0.060273031874975076,False
validation:2026.9.7/log_28_2026-9-7-06-44-02.ulg:5:3325,2026.9.7/log_28_2026-9-7-06-44-02.ulg,5,3325,51,160384644,160887499,161882813,0.5028549999999999,Sep7,0.1752329037433308,middle,0.28611857692470466,False,0.0773715607049066,False,0.17759842799308734,False,0.047354281276937166,False
validation:2026.9.7/log_28_2026-9-7-06-44-02.ulg:5:3375,2026.9.7/log_28_2026-9-7-06-44-02.ulg,5,3375,51,161380168,161882813,162888155,0.502645,Sep7,0.17438069786573507,middle,0.2687266864122341,False,0.07952119174312304,False,0.19469593191532464,False,0.07440433163533763,False
validation:2026.9.7/log_28_2026-9-7-06-44-02.ulg:5:3425,2026.9.7/log_28_2026-9-7-06-44-02.ulg,5,3425,51,162385561,162888155,163883641,0.502594,Sep7,0.20226246141139287,middle,0.25528059523973406,False,0.1501343087364904,False,0.2341806333739761,False,0.07643753028826224,False
validation:2026.9.7/log_28_2026-9-7-06-44-02.ulg:5:3475,2026.9.7/log_28_2026-9-7-06-44-02.ulg,5,3475,51,163390875,163883641,164889164,0.492766,Sep7,0.2826281584347248,middle,0.344827876701302,True,0.1905345815795667,True,0.1367537201894411,False,0.37466189021383495,True
validation:2026.9.7/log_28_2026-9-7-06-44-02.ulg:5:3525,2026.9.7/log_28_2026-9-7-06-44-02.ulg,5,3525,51,164386359,164889164,165884477,0.502805,Sep7,0.167414660183506,low,0.25563117738086405,False,0.12462161358127412,False,0.137962662690874,False,0.12217488828199527,False
validation:2026.9.7/log_28_2026-9-7-06-44-02.ulg:5:3575,2026.9.7/log_28_2026-9-7-06-44-02.ulg,5,3575,51,165381776,165884477,166889903,0.502701,Sep7,0.104635072818903,low,0.09601839504184485,False,0.09151938430091906,False,0.16261394300766924,False,0.03246481617488297,False
validation:2026.9.7/log_28_2026-9-7-06-44-02.ulg:5:3625,2026.9.7/log_28_2026-9-7-06-44-02.ulg,5,3625,51,166387147,166889903,167885298,0.502756,Sep7,0.21650460448652503,middle,0.24358912626578125,False,0.07282133099797677,False,0.34076114046691364,False,0.03351099011461585,False
validation:2026.9.7/log_28_2026-9-7-06-44-02.ulg:6:25,2026.9.7/log_28_2026-9-7-06-44-02.ulg,6,25,51,168486584,168989213,169984735,0.502629,Sep7,0.214602390760766,middle,0.2989060834016526,True,0.0902388084977099,False,0.27332022418758856,False,0.03212753013665993,False
validation:2026.9.7/log_28_2026-9-7-06-44-02.ulg:6:75,2026.9.7/log_28_2026-9-7-06-44-02.ulg,6,75,51,169481988,169984735,170980183,0.5027469999999999,Sep7,0.1752915399746231,middle,0.0071718243584054315,False,0.05847269906852191,False,0.3363079937369695,False,0.08101055486188766,False
validation:2026.9.7/log_28_2026-9-7-06-44-02.ulg:6:125,2026.9.7/log_28_2026-9-7-06-44-02.ulg,6,125,51,170487620,170980183,171985514,0.492563,Sep7,0.19875084964940518,middle,0.0,False,0.1396804335440992,False,0.3853394631221862,False,0.051005074590753284,False
validation:2026.9.7/log_28_2026-9-7-06-44-02.ulg:6:175,2026.9.7/log_28_2026-9-7-06-44-02.ulg,6,175,51,171482905,171985514,172990857,0.502609,Sep7,0.17875580092756937,middle,0.31696719492153286,True,0.07694054737180518,False,0.12504826418184561,False,0.06327521956561384,False
validation:2026.9.7/log_28_2026-9-7-06-44-02.ulg:6:225,2026.9.7/log_28_2026-9-7-06-44-02.ulg,6,225,51,172488380,172990857,173986334,0.502477,Sep7,0.5656752234793132,high,0.0,False,0.06861027756701751,False,1.1116633323816727,True,0.037035920937780506,False
validation:2026.9.7/log_28_2026-9-7-06-44-02.ulg:6:275,2026.9.7/log_28_2026-9-7-06-44-02.ulg,6,275,51,173483726,173986334,174981771,0.5026079999999999,Sep7,0.11742031190939053,low,0.0,False,0.09394314039667141,False,0.18103326690075178,False,0.08985973554535719,False
validation:2026.9.7/log_28_2026-9-7-06-44-02.ulg:6:325,2026.9.7/log_28_2026-9-7-06-44-02.ulg,6,325,51,174489290,174981771,175987118,0.492481,Sep7,0.21596145550798074,middle,0.0,False,0.06439036478499632,False,0.40482679661490417,False,0.12992093044678701,False
validation:2026.9.7/log_28_2026-9-7-06-44-02.ulg:6:375,2026.9.7/log_28_2026-9-7-06-44-02.ulg,6,375,51,175484545,175987118,176982587,0.5025729999999999,Sep7,0.19107147381522793,middle,0.12872875765675038,False,0.07615931747956427,False,0.2579633525645686,False,0.23218257772107984,True
validation:2026.9.7/log_28_2026-9-7-06-44-02.ulg:6:425,2026.9.7/log_28_2026-9-7-06-44-02.ulg,6,425,51,176489882,176982587,177987960,0.492705,Sep7,0.1121512354290811,low,0.008536178392938774,False,0.07511906789153881,False,0.19040093572247338,False,0.08156496634767886,False
validation:2026.9.7/log_28_2026-9-7-06-44-02.ulg:6:475,2026.9.7/log_28_2026-9-7-06-44-02.ulg,6,475,51,177485267,177987960,178983388,0.502693,Sep7,0.11657061825554374,low,0.0,False,0.1445596307294331,False,0.1543857801088482,False,0.1168979272557596,False
validation:2026.9.7/log_28_2026-9-7-06-44-02.ulg:6:525,2026.9.7/log_28_2026-9-7-06-44-02.ulg,6,525,51,178481059,178983388,179988718,0.502329,Sep7,0.2445431699218148,middle,0.009928941226031279,False,0.15470951327618948,False,0.37478708141372985,False,0.2503929257716572,True
validation:2026.9.7/log_28_2026-9-7-06-44-02.ulg:6:575,2026.9.7/log_28_2026-9-7-06-44-02.ulg,6,575,51,179486155,179988718,180984243,0.502563,Sep7,0.1273054103179789,low,0.06138172014984926,False,0.11829484262867397,False,0.2142790621009047,False,0.06293464342181354,False
validation:2026.9.7/log_28_2026-9-7-06-44-02.ulg:6:625,2026.9.7/log_28_2026-9-7-06-44-02.ulg,6,625,51,180481610,180984243,181989528,0.502633,Sep7,0.14294599652744583,low,0.007465116395336928,False,0.0860208562986043,False,0.23832576428149616,False,0.10316809834299151,False
validation:2026.9.7/log_28_2026-9-7-06-44-02.ulg:6:675,2026.9.7/log_28_2026-9-7-06-44-02.ulg,6,675,51,181486908,181989528,182985015,0.50262,Sep7,0.18729252317446907,middle,0.08769124366256185,False,0.1737156760866672,False,0.2786686829164699,False,0.07089565825584646,False
validation:2026.9.7/log_28_2026-9-7-06-44-02.ulg:6:725,2026.9.7/log_28_2026-9-7-06-44-02.ulg,6,725,51,182482653,182985015,183980531,0.502362,Sep7,0.32851562653143485,high,0.0,False,0.40337582759971796,True,0.5829305349711525,True,0.030612935874441662,False
validation:2026.9.7/log_28_2026-9-7-06-44-02.ulg:6:775,2026.9.7/log_28_2026-9-7-06-44-02.ulg,6,775,51,183487699,183980531,184985807,0.492832,Sep7,0.1981712585705522,middle,0.010955142664440332,False,0.08974858513331642,False,0.3710933394956298,False,0.07873347768162683,False
validation:2026.9.7/log_28_2026-9-7-06-44-02.ulg:6:825,2026.9.7/log_28_2026-9-7-06-44-02.ulg,6,825,51,184483228,184985807,185981262,0.502579,Sep7,0.4026667281284654,high,0.017072356785877547,False,0.34876563322747933,True,0.7653952784454017,True,0.12442856121240457,False
validation:2026.9.7/log_28_2026-9-7-06-44-02.ulg:6:875,2026.9.7/log_28_2026-9-7-06-44-02.ulg,6,875,51,185488502,185981262,186986611,0.49276,Sep7,0.14449049333549766,low,0.019087475154676008,False,0.14325740721873356,False,0.24379623277566947,False,0.08070691450196542,False
validation:2026.9.7/log_28_2026-9-7-06-44-02.ulg:6:925,2026.9.7/log_28_2026-9-7-06-44-02.ulg,6,925,51,186484264,186986611,187982075,0.502347,Sep7,0.18829420897609486,middle,0.22179843938060836,False,0.14994806724037482,False,0.1828712936524312,False,0.19675433083126978,False
validation:2026.9.7/log_28_2026-9-7-06-44-02.ulg:6:975,2026.9.7/log_28_2026-9-7-06-44-02.ulg,6,975,51,187479434,187982075,188987416,0.502641,Sep7,0.3564261560676073,high,0.004629668653865822,False,0.0821533034687631,False,0.6131116508554556,True,0.3502231542708092,True
validation:2026.9.7/log_28_2026-9-7-06-44-02.ulg:6:1025,2026.9.7/log_28_2026-9-7-06-44-02.ulg,6,1025,51,188484837,188987416,189982873,0.502579,Sep7,0.29338614794998147,middle,0.004140654723906091,False,0.1118920937618168,False,0.366378078338416,False,0.4246749809813306,True
validation:2026.9.7/log_28_2026-9-7-06-44-02.ulg:6:1075,2026.9.7/log_28_2026-9-7-06-44-02.ulg,6,1075,51,189490143,189982873,190988201,0.49273,Sep7,0.3028428572011339,middle,0.0,False,0.16303316463174475,False,0.3259639559976082,False,0.48568800290580016,True
validation:2026.9.7/log_28_2026-9-7-06-44-02.ulg:6:1125,2026.9.7/log_28_2026-9-7-06-44-02.ulg,6,1125,51,190485897,190988201,191983693,0.502304,Sep7,0.3548000951784533,high,0.009258785434009643,False,0.2075877808955023,True,0.6553495512895706,True,0.24615536775649133,True
validation:2026.9.7/log_28_2026-9-7-06-44-02.ulg:6:1175,2026.9.7/log_28_2026-9-7-06-44-02.ulg,6,1175,51,191481046,191983693,192989063,0.502647,Sep7,0.3087376296867972,middle,0.006547340199590635,False,0.23348539904332571,True,0.5878601672771333,True,0.10382830403941892,False
validation:2026.9.7/log_28_2026-9-7-06-44-02.ulg:6:1225,2026.9.7/log_28_2026-9-7-06-44-02.ulg,6,1225,51,192486431,192989063,193984486,0.502632,Sep7,0.2955166960624592,middle,0.0939447795281131,False,0.17679912824214025,False,0.5167152765342184,True,0.22750395010457772,True
validation:2026.9.7/log_28_2026-9-7-06-44-02.ulg:6:1275,2026.9.7/log_28_2026-9-7-06-44-02.ulg,6,1275,51,193481848,193984486,194979967,0.502638,Sep7,0.48641826980134,high,0.022585136854589842,False,0.06815054357691913,False,0.8931224313922744,True,0.33633966123695436,True
validation:2026.9.7/log_28_2026-9-7-06-44-02.ulg:6:1325,2026.9.7/log_28_2026-9-7-06-44-02.ulg,6,1325,51,194487392,194979967,195985337,0.492575,Sep7,0.20564490859189224,middle,0.35134461706335374,True,0.0720858668265567,False,0.17174124288370496,False,0.09046140916882911,False
validation:2026.9.7/log_28_2026-9-7-06-44-02.ulg:6:1375,2026.9.7/log_28_2026-9-7-06-44-02.ulg,6,1375,51,195482637,195985337,196990613,0.5026999999999999,Sep7,0.19583297146720902,middle,0.00414077812662183,False,0.11500514772678432,False,0.3523395610536863,False,0.13116781639264408,False
validation:2026.9.7/log_28_2026-9-7-06-44-02.ulg:6:1425,2026.9.7/log_28_2026-9-7-06-44-02.ulg,6,1425,51,196488013,196990613,197986110,0.5025999999999999,Sep7,0.272482947856154,middle,0.005855770067652218,False,0.14107855938878636,False,0.5260869659101476,True,0.1082247851932324,False
validation:2026.9.7/log_28_2026-9-7-06-44-02.ulg:6:1475,2026.9.7/log_28_2026-9-7-06-44-02.ulg,6,1475,51,197483485,197986110,198981592,0.502625,Sep7,0.23480472911376465,middle,0.00547789782511712,False,0.0987856894019876,False,0.4337518862994694,False,0.07556919833581104,False
validation:2026.9.7/log_28_2026-9-7-06-44-02.ulg:6:1525,2026.9.7/log_28_2026-9-7-06-44-02.ulg,6,1525,51,198489028,198981592,199986863,0.492564,Sep7,0.5419539872424386,high,0.005071245637307342,False,0.08025277368494435,False,0.9962994012490681,True,0.3504825694731598,True
validation:2026.9.7/log_28_2026-9-7-06-44-02.ulg:6:1575,2026.9.7/log_28_2026-9-7-06-44-02.ulg,6,1575,51,199484254,199986863,200982358,0.502609,Sep7,0.33243112585154583,high,0.08047793774949354,False,0.07232161888430139,False,0.5024317162952358,True,0.40872032287977994,True
validation:2026.9.7/log_28_2026-9-7-06-44-02.ulg:6:1625,2026.9.7/log_28_2026-9-7-06-44-02.ulg,6,1625,51,200489614,200982358,201987699,0.4927439999999999,Sep7,0.15266178417553905,low,0.0,False,0.07479654040673077,False,0.2163946235562714,False,0.20102732147956076,False
validation:2026.9.7/log_28_2026-9-7-06-44-02.ulg:6:1675,2026.9.7/log_28_2026-9-7-06-44-02.ulg,6,1675,51,201485018,201987699,202983122,0.5026809999999999,Sep7,0.7560600528125644,high,0.027930243110087048,False,0.22503149295236288,True,1.2673719759070403,True,0.6744117427916596,True
validation:2026.9.7/log_28_2026-9-7-06-44-02.ulg:6:1725,2026.9.7/log_28_2026-9-7-06-44-02.ulg,6,1725,51,202480761,202983122,203988447,0.502361,Sep7,0.4133591513441609,high,0.11062376932300974,False,0.06917510406364767,False,0.7100432431618172,True,0.3841523158059722,True
validation:2026.9.7/log_28_2026-9-7-06-44-02.ulg:6:1775,2026.9.7/log_28_2026-9-7-06-44-02.ulg,6,1775,51,203485824,203988447,204983933,0.5026229999999999,Sep7,0.1480322762770927,low,0.034019520691247966,False,0.11281278551924867,False,0.2460486070448883,False,0.07965710055093904,False
validation:2026.9.7/log_28_2026-9-7-06-44-02.ulg:6:1825,2026.9.7/log_28_2026-9-7-06-44-02.ulg,6,1825,51,204491272,204983933,205989289,0.4926609999999999,Sep7,0.1511060310139517,low,0.0149293429210356,False,0.1445808238849822,False,0.23599433497518776,False,0.046145169763341,False
validation:2026.9.7/log_28_2026-9-7-06-44-02.ulg:6:1875,2026.9.7/log_28_2026-9-7-06-44-02.ulg,6,1875,51,205486667,205989289,206984740,0.502622,Sep7,0.24195427494006627,middle,0.18627430369604714,False,0.16573130943872832,False,0.4212360748877241,False,0.05389215592229732,False
validation:2026.9.7/log_29_2026-9-7-06-51-04.ulg:0:25,2026.9.7/log_29_2026-9-7-06-51-04.ulg,0,25,51,47863165,48362242,49360157,0.499077,Sep7,0.766166854036322,high,0.22504099447092557,False,0.296793211124239,True,0.920218835946723,True,1.1400042740078768,True
validation:2026.9.7/log_29_2026-9-7-06-51-04.ulg:0:75,2026.9.7/log_29_2026-9-7-06-51-04.ulg,0,75,51,48861110,49360157,50358101,0.4990469999999999,Sep7,1.0639131907429933,high,0.31239718979550934,True,0.13199617619411622,False,1.5544546801514543,True,1.356453159142957,True
validation:2026.9.7/log_29_2026-9-7-06-51-04.ulg:0:125,2026.9.7/log_29_2026-9-7-06-51-04.ulg,0,125,51,49859087,50358101,51356025,0.4990139999999999,Sep7,0.26879802255769447,middle,0.1562948763721537,False,0.06721721704887558,False,0.3684324268952221,False,0.349317994167218,True
validation:2026.9.7/log_29_2026-9-7-06-51-04.ulg:0:175,2026.9.7/log_29_2026-9-7-06-51-04.ulg,0,175,51,50856997,51356025,52364116,0.4990279999999999,Sep7,0.10502897353664833,low,0.016037164724746294,False,0.10004510459995436,False,0.1626315417979262,False,0.06716256078059889,False
validation:2026.9.7/log_29_2026-9-7-06-51-04.ulg:0:225,2026.9.7/log_29_2026-9-7-06-51-04.ulg,0,225,51,51855061,52364116,53361891,0.5090549999999999,Sep7,0.1475777138795089,low,0.00948743184948807,False,0.09517973277006705,False,0.25380246100282244,False,0.07809801694485306,False
validation:2026.9.7/log_29_2026-9-7-06-51-04.ulg:0:275,2026.9.7/log_29_2026-9-7-06-51-04.ulg,0,275,51,52862877,53361891,54359808,0.4990139999999999,Sep7,0.12807092478485696,low,0.0020703273619530455,False,0.04701461360400665,False,0.24389979992547156,False,0.051605920214052574,False
validation:2026.9.7/log_29_2026-9-7-06-51-04.ulg:0:325,2026.9.7/log_29_2026-9-7-06-51-04.ulg,0,325,51,53860793,54359808,55357800,0.499015,Sep7,0.28994943697689113,middle,0.00948743184948807,False,0.06855958844433312,False,0.5102064787793863,True,0.23931504314061858,True
validation:2026.9.7/log_29_2026-9-7-06-51-04.ulg:0:375,2026.9.7/log_29_2026-9-7-06-51-04.ulg,0,375,51,54858777,55357800,56355733,0.499023,Sep7,0.1510309856527045,low,0.0074646714605178,False,0.061856349373830576,False,0.24200929081408576,False,0.16132183587484053,False
validation:2026.9.7/log_29_2026-9-7-06-51-04.ulg:0:425,2026.9.7/log_29_2026-9-7-06-51-04.ulg,0,425,51,55856739,56355733,57363749,0.498994,Sep7,0.20668782469251215,middle,0.0074646714605178,False,0.0632011446792218,False,0.4001095943390012,False,0.07105117651161141,False
validation:2026.9.7/log_29_2026-9-7-06-51-04.ulg:0:475,2026.9.7/log_29_2026-9-7-06-51-04.ulg,0,475,51,56864657,57363749,58361594,0.499092,Sep7,0.2313332082205393,middle,0.023786766019068626,False,0.39409094982199866,True,0.2600275694823793,False,0.11988368235092359,False
validation:2026.9.7/log_29_2026-9-7-06-51-04.ulg:0:525,2026.9.7/log_29_2026-9-7-06-51-04.ulg,0,525,51,57862621,58361594,59359582,0.498973,Sep7,0.10128722007220978,low,0.014639425169130544,False,0.09054623934933533,False,0.17576777624702192,False,0.06867292671858571,False
validation:2026.9.7/log_29_2026-9-7-06-51-04.ulg:0:575,2026.9.7/log_29_2026-9-7-06-51-04.ulg,0,575,51,58860497,59359582,60357491,0.499085,Sep7,0.12327160041092855,low,0.0020703273619530455,False,0.11102137323867724,False,0.23084637788020232,False,0.037707335088224096,False
validation:2026.9.7/log_29_2026-9-7-06-51-04.ulg:0:625,2026.9.7/log_29_2026-9-7-06-51-04.ulg,0,625,51,59858457,60357491,61365565,0.499034,Sep7,0.5951829470436538,high,0.0029278850338261084,False,0.16114962085035317,False,1.1811906947680486,True,0.03949871511142923,False
validation:2026.9.7/log_29_2026-9-7-06-51-04.ulg:0:675,2026.9.7/log_29_2026-9-7-06-51-04.ulg,0,675,51,60866372,61365565,62363498,0.499193,Sep7,0.24839162998197525,middle,0.006866499052804568,False,0.07365158197741466,False,0.444762934121371,False,0.2116260474474724,False
validation:2026.9.7/log_29_2026-9-7-06-51-04.ulg:0:725,2026.9.7/log_29_2026-9-7-06-51-04.ulg,0,725,51,61854548,62363498,63361334,0.50895,Sep7,0.17940305231294942,middle,0.007171824358405432,False,0.06234282220923319,False,0.32800700756818857,False,0.12259053528700461,False
validation:2026.9.7/log_29_2026-9-7-06-51-04.ulg:0:775,2026.9.7/log_29_2026-9-7-06-51-04.ulg,0,775,51,62862272,63361334,64359278,0.4990619999999999,Sep7,0.18678477608176822,middle,0.007746455666891821,False,0.11701682838348998,False,0.3208542295747987,False,0.15596673184323168,False
validation:2026.9.7/log_29_2026-9-7-06-51-04.ulg:0:825,2026.9.7/log_29_2026-9-7-06-51-04.ulg,0,825,51,63860221,64359278,65357242,0.499057,Sep7,0.14589509046264038,low,0.006866499052804568,False,0.09019154830523433,False,0.27192283733453515,False,0.03932441566072498,False
validation:2026.9.7/log_29_2026-9-7-06-51-04.ulg:1:25,2026.9.7/log_29_2026-9-7-06-51-04.ulg,1,25,51,65436993,65935967,66943944,0.498974,Sep7,0.43785457476135853,high,0.3936816912981395,True,0.062349092072489065,False,0.7382425693954483,True,0.22086816278636293,False
validation:2026.9.7/log_29_2026-9-7-06-51-04.ulg:1:75,2026.9.7/log_29_2026-9-7-06-51-04.ulg,1,75,51,66444939,66943944,67941927,0.499005,Sep7,0.2573076099353331,middle,0.3732903530953709,True,0.21184623183254803,True,0.2415119423700889,False,0.05087754932094762,False
validation:2026.9.7/log_29_2026-9-7-06-51-04.ulg:1:125,2026.9.7/log_29_2026-9-7-06-51-04.ulg,1,125,51,67442911,67941927,68939926,0.4990159999999999,Sep7,0.13936750411016502,low,0.08526742086205315,False,0.12208070420271024,False,0.16286085854608065,False,0.15940672289678617,False
validation:2026.9.7/log_29_2026-9-7-06-51-04.ulg:1:175,2026.9.7/log_29_2026-9-7-06-51-04.ulg,1,175,51,68440908,68939926,69937806,0.4990179999999999,Sep7,0.3048363269030477,middle,0.1733021786618298,False,0.131030528954421,False,0.47302710010375515,False,0.2719956465345629,True
validation:2026.9.7/log_29_2026-9-7-06-51-04.ulg:1:225,2026.9.7/log_29_2026-9-7-06-51-04.ulg,1,225,51,69438826,69937806,70945782,0.49898,Sep7,0.15399741045654547,low,0.055340749469317115,False,0.07685690383976033,False,0.24079439663316293,False,0.16219197987990958,False
validation:2026.9.7/log_29_2026-9-7-06-51-04.ulg:2:25,2026.9.7/log_29_2026-9-7-06-51-04.ulg,2,25,51,71584638,72083421,73081372,0.498783,Sep7,0.13831239021451422,low,0.007171824358405432,False,0.062080556932825375,False,0.2313557630204873,False,0.14195861517461125,False
validation:2026.9.7/log_29_2026-9-7-06-51-04.ulg:2:75,2026.9.7/log_29_2026-9-7-06-51-04.ulg,2,75,51,72582604,73081372,74079298,0.498768,Sep7,0.1325016510326287,low,0.09759238476315091,False,0.13802172611736524,False,0.20536925207082557,False,0.07408621321595524,False
validation:2026.9.7/log_29_2026-9-7-06-51-04.ulg:3:25,2026.9.7/log_29_2026-9-7-06-51-04.ulg,3,25,51,74318796,74817787,75815759,0.4989909999999999,Sep7,0.12357717319718593,low,0.09632346322738182,False,0.12392288839988837,False,0.18609592576962133,False,0.07178110791168668,False
validation:2026.9.7/log_29_2026-9-7-06-51-04.ulg:3:75,2026.9.7/log_29_2026-9-7-06-51-04.ulg,3,75,51,75316765,75815759,76823690,0.498994,Sep7,0.29612219345412466,middle,0.0960534410425046,False,0.1335943388774893,False,0.5789296355078517,True,0.04602204301129517,False
validation:2026.9.7/log_29_2026-9-7-06-51-04.ulg:3:125,2026.9.7/log_29_2026-9-7-06-51-04.ulg,3,125,51,76324651,76823690,77821585,0.4990389999999999,Sep7,0.12970768921759795,low,0.14880650855019803,False,0.14398932114685645,False,0.13836050682781914,False,0.07269706527772074,False
validation:2026.9.7/log_29_2026-9-7-06-51-04.ulg:3:175,2026.9.7/log_29_2026-9-7-06-51-04.ulg,3,175,51,77322609,77821585,78819541,0.498976,Sep7,0.17720023359967488,middle,0.2964316043232339,False,0.09224038022360316,False,0.1480996148155436,False,0.0736850708295216,False
validation:2026.9.7/log_29_2026-9-7-06-51-04.ulg:3:225,2026.9.7/log_29_2026-9-7-06-51-04.ulg,3,225,51,78320563,78819541,79817495,0.498978,Sep7,0.20356513206775603,middle,0.200942551873146,False,0.12431402920294811,False,0.31036300550226864,False,0.14510687343219006,False
validation:2026.9.7/log_29_2026-9-7-06-51-04.ulg:3:275,2026.9.7/log_29_2026-9-7-06-51-04.ulg,3,275,51,79318625,79817495,80825422,0.49887,Sep7,0.11956762991415652,low,0.04405114335033097,False,0.16006480845331508,False,0.16514571668569444,False,0.07007241397212996,False
validation:2026.9.7/log_29_2026-9-7-06-51-04.ulg:3:325,2026.9.7/log_29_2026-9-7-06-51-04.ulg,3,325,51,80316495,80825422,81823390,0.508927,Sep7,0.13896720149143157,low,0.07133604289595452,False,0.07276673456472003,False,0.24583498835250855,False,0.05949870237815228,False
validation:2026.9.7/log_29_2026-9-7-06-51-04.ulg:3:375,2026.9.7/log_29_2026-9-7-06-51-04.ulg,3,375,51,81314404,81823390,82821320,0.5089859999999999,Sep7,0.2057598088639013,middle,0.3607245470690852,True,0.08531797255649815,False,0.11638648240844522,False,0.13535261380572866,False
validation:2026.9.7/log_29_2026-9-7-06-51-04.ulg:3:425,2026.9.7/log_29_2026-9-7-06-51-04.ulg,3,425,51,82322406,82821320,83819283,0.4989139999999999,Sep7,0.22333138454702162,middle,0.3491617759760859,True,0.16537504516503093,False,0.19095459407086887,False,0.0617077936795086,False
validation:2026.9.7/log_29_2026-9-7-06-51-04.ulg:3:475,2026.9.7/log_29_2026-9-7-06-51-04.ulg,3,475,51,83320322,83819283,84817376,0.498961,Sep7,0.18674151514224607,middle,0.08977866885822358,False,0.07511091854003375,False,0.3237616203240155,False,0.14077097910749298,False
validation:2026.9.7/log_29_2026-9-7-06-51-04.ulg:3:525,2026.9.7/log_29_2026-9-7-06-51-04.ulg,3,525,51,84318259,84817376,85815189,0.499117,Sep7,0.17667455041096733,middle,0.29974777325199753,True,0.08440135301366652,False,0.16370893056410948,False,0.05271435414382504,False
validation:2026.9.7/log_29_2026-9-7-06-51-04.ulg:3:575,2026.9.7/log_29_2026-9-7-06-51-04.ulg,3,575,51,85316289,85815189,86823174,0.4988999999999999,Sep7,0.12763988332670273,low,0.06032172179543688,False,0.09482018169093279,False,0.22157897717135974,False,0.03540702672202242,False
validation:2026.9.7/log_29_2026-9-7-06-51-04.ulg:3:625,2026.9.7/log_29_2026-9-7-06-51-04.ulg,3,625,51,86324194,86823174,87821136,0.49898,Sep7,0.1672878790118606,low,0.17902875030860538,False,0.16858292309744535,False,0.20507983494563004,False,0.02591007318153013,False
validation:2026.9.7/log_29_2026-9-7-06-51-04.ulg:3:675,2026.9.7/log_29_2026-9-7-06-51-04.ulg,3,675,51,87322124,87821136,88819063,0.4990119999999999,Sep7,0.1803080747924198,middle,0.24505395301736543,False,0.1197358181749654,False,0.1901900496851531,False,0.15411427597730779,False
validation:2026.9.7/log_29_2026-9-7-06-51-04.ulg:3:725,2026.9.7/log_29_2026-9-7-06-51-04.ulg,3,725,51,88320066,88819063,89817004,0.4989969999999999,Sep7,0.1877929574937038,middle,0.25669464753490207,False,0.09826441437067819,False,0.22916542444642393,False,0.09593367673336597,False
validation:2026.9.7/log_29_2026-9-7-06-51-04.ulg:3:775,2026.9.7/log_29_2026-9-7-06-51-04.ulg,3,775,51,89318040,89817004,90824984,0.4989639999999999,Sep7,0.1426014888992934,low,0.038446520075282736,False,0.09120589344779721,False,0.2590846261571352,False,0.08319584617510656,False
validation:2026.9.7/log_29_2026-9-7-06-51-04.ulg:3:825,2026.9.7/log_29_2026-9-7-06-51-04.ulg,3,825,51,90315973,90824984,91817953,0.509011,Sep7,0.22835956620839795,middle,0.2914085108582649,False,0.1811284377751921,True,0.3134496148297797,False,0.0844744499042251,False
validation:2026.9.7/log_29_2026-9-7-06-51-04.ulg:3:875,2026.9.7/log_29_2026-9-7-06-51-04.ulg,3,875,51,91323992,91817953,92820859,0.493961,Sep7,0.18429643816137584,middle,0.0848637140956312,False,0.07532811750561956,False,0.32738380964611885,False,0.11552377035354422,False
validation:2026.9.7/log_29_2026-9-7-06-51-04.ulg:3:925,2026.9.7/log_29_2026-9-7-06-51-04.ulg,3,925,51,92321931,92820859,93818813,0.498928,Sep7,0.1693947096216179,low,0.08222259771885915,False,0.06589344188292033,False,0.31966077881551347,False,0.029109507167788727,False
validation:2026.9.7/log_29_2026-9-7-06-51-04.ulg:3:975,2026.9.7/log_29_2026-9-7-06-51-04.ulg,3,975,51,93319827,93818813,94826730,0.498986,Sep7,0.2970393855592093,middle,0.2629495898005561,False,0.07550812751649827,False,0.4911268929684571,False,0.15461894255591702,False
validation:2026.9.7/log_29_2026-9-7-06-51-04.ulg:3:1025,2026.9.7/log_29_2026-9-7-06-51-04.ulg,3,1025,51,94317774,94826730,95814705,0.508956,Sep7,0.2638509803385351,middle,0.16795110434291396,False,0.11019028437719655,False,0.4607131560699117,False,0.082942570484604,False
validation:2026.9.7/log_29_2026-9-7-06-51-04.ulg:3:1075,2026.9.7/log_29_2026-9-7-06-51-04.ulg,3,1075,51,95315738,95814705,96822626,0.498967,Sep7,0.18599814913874047,middle,0.21485753953841405,False,0.08044704992197903,False,0.22447052515461122,False,0.1861724812488723,False
validation:2026.9.7/log_29_2026-9-7-06-51-04.ulg:3:1125,2026.9.7/log_29_2026-9-7-06-51-04.ulg,3,1125,51,96323716,96822626,97820579,0.4989099999999999,Sep7,0.1788979910473186,middle,0.17051399447691817,False,0.1264562754823053,False,0.2892095541081046,False,0.07686328190826221,False
validation:2026.9.7/log_29_2026-9-7-06-51-04.ulg:3:1175,2026.9.7/log_29_2026-9-7-06-51-04.ulg,3,1175,51,97321629,97820579,98818587,0.49895,Sep7,0.12212976072352091,low,0.06752902564030114,False,0.11612237514026977,False,0.19808782433412345,False,0.050828415497644504,False
validation:2026.9.7/log_29_2026-9-7-06-51-04.ulg:3:1225,2026.9.7/log_29_2026-9-7-06-51-04.ulg,3,1225,51,98319623,98818587,99816501,0.4989639999999999,Sep7,0.19521078104324963,middle,0.21078691519697235,False,0.07433632993573143,False,0.3045531706955021,False,0.07097169807599579,False
validation:2026.9.7/log_29_2026-9-7-06-51-04.ulg:3:1275,2026.9.7/log_29_2026-9-7-06-51-04.ulg,3,1275,51,99317540,99816501,100824433,0.498961,Sep7,0.3219706096576685,high,0.3921405486157944,True,0.08304872056338385,False,0.4905118832244267,False,0.10481090210711633,False
validation:2026.9.7/log_29_2026-9-7-06-51-04.ulg:3:1325,2026.9.7/log_29_2026-9-7-06-51-04.ulg,3,1325,51,100315492,100824433,101822420,0.508941,Sep7,0.15097831686995855,low,0.2099257586313052,False,0.07672839383689739,False,0.19741508335496386,False,0.05666478544591367,False
validation:2026.9.7/log_29_2026-9-7-06-51-04.ulg:3:1375,2026.9.7/log_29_2026-9-7-06-51-04.ulg,3,1375,51,101323392,101822420,102820341,0.4990279999999999,Sep7,0.28039410959039596,middle,0.38177604502151746,True,0.0874684134890986,False,0.37690071165775063,False,0.09298651645063927,False
validation:2026.9.7/log_29_2026-9-7-06-51-04.ulg:3:1425,2026.9.7/log_29_2026-9-7-06-51-04.ulg,3,1425,51,102321369,102820341,103818294,0.4989719999999999,Sep7,0.2486843924791818,middle,0.3818345944356449,True,0.10841217458536846,False,0.20496191178147752,False,0.21744686126784357,False
validation:2026.9.7/log_29_2026-9-7-06-51-04.ulg:3:1475,2026.9.7/log_29_2026-9-7-06-51-04.ulg,3,1475,51,103319391,103818294,104826229,0.498903,Sep7,0.21305881177207464,middle,0.12816203958961747,False,0.08499156627594019,False,0.3804942944424255,False,0.10623437781825744,False
validation:2026.9.7/log_29_2026-9-7-06-51-04.ulg:3:1525,2026.9.7/log_29_2026-9-7-06-51-04.ulg,3,1525,51,104317309,104826229,105814181,0.5089199999999999,Sep7,0.24956281739809613,middle,0.3701634037531674,True,0.18204114997986912,True,0.1910840308169011,False,0.19701052947785072,False
validation:2026.9.7/log_29_2026-9-7-06-51-04.ulg:3:1575,2026.9.7/log_29_2026-9-7-06-51-04.ulg,3,1575,51,105325262,105814181,106822110,0.488919,Sep7,0.4121005667672208,high,0.3970745210265197,True,0.22245815010276915,True,0.6239890563670234,True,0.12904636680982232,False
validation:2026.9.7/log_29_2026-9-7-06-51-04.ulg:3:1625,2026.9.7/log_29_2026-9-7-06-51-04.ulg,3,1625,51,106323259,106822110,107820067,0.498851,Sep7,0.2225409290727683,middle,0.28186550129138693,False,0.1766292386685783,False,0.17294348204773494,False,0.23344527651283073,True
validation:2026.9.7/log_29_2026-9-7-06-51-04.ulg:3:1675,2026.9.7/log_29_2026-9-7-06-51-04.ulg,3,1675,51,107321173,107820067,108818017,0.498894,Sep7,0.2587170761817767,middle,0.3432672314479259,True,0.09292010458080398,False,0.3687714412931046,False,0.08281465507998484,False
validation:2026.9.7/log_29_2026-9-7-06-51-04.ulg:3:1725,2026.9.7/log_29_2026-9-7-06-51-04.ulg,3,1725,51,108319129,108818017,109816023,0.498888,Sep7,0.2732061204681752,middle,0.30584604974694846,True,0.10129311596755931,False,0.4385678595483857,False,0.08986203292895224,False
validation:2026.9.7/log_29_2026-9-7-06-51-04.ulg:3:1775,2026.9.7/log_29_2026-9-7-06-51-04.ulg,3,1775,51,109317114,109816023,110823948,0.498909,Sep7,0.19529837870029673,middle,0.3031644701356189,True,0.05635753953402895,False,0.22758487802963567,False,0.06262674677867046,False
validation:2026.9.7/log_29_2026-9-7-06-51-04.ulg:3:1825,2026.9.7/log_29_2026-9-7-06-51-04.ulg,3,1825,51,110324965,110823948,111821841,0.4989829999999999,Sep7,0.18624419440073745,middle,0.11920226375673415,False,0.07884172637492375,False,0.3386787900166906,False,0.06681195270375415,False
validation:2026.9.7/log_29_2026-9-7-06-51-04.ulg:3:1875,2026.9.7/log_29_2026-9-7-06-51-04.ulg,3,1875,51,111322929,111821841,112819856,0.4989119999999999,Sep7,0.16335945149155892,low,0.13817803460194664,False,0.09208676907284763,False,0.2632742887754182,False,0.10965241906835706,False
validation:2026.9.7/log_29_2026-9-7-06-51-04.ulg:3:1925,2026.9.7/log_29_2026-9-7-06-51-04.ulg,3,1925,51,112320830,112819856,113817768,0.4990259999999999,Sep7,0.14894427314228012,low,0.17682835660430257,False,0.11973947812702568,False,0.1789554927491209,False,0.09529488538395484,False
validation:2026.9.7/log_29_2026-9-7-06-51-04.ulg:3:1975,2026.9.7/log_29_2026-9-7-06-51-04.ulg,3,1975,51,113318783,113817768,114825704,0.4989849999999999,Sep7,0.2354085043253297,middle,0.08610256496789409,False,0.08927269410395036,False,0.39775767835581854,False,0.22175706097194808,False
validation:2026.9.7/log_29_2026-9-7-06-51-04.ulg:3:2025,2026.9.7/log_29_2026-9-7-06-51-04.ulg,3,2025,51,114316776,114825704,115823667,0.5089279999999999,Sep7,0.16475477191751237,low,0.2315857907557102,False,0.11158745800415619,False,0.1873500933612151,False,0.09146203396351735,False
validation:2026.9.7/log_29_2026-9-7-06-51-04.ulg:3:2075,2026.9.7/log_29_2026-9-7-06-51-04.ulg,3,2075,51,115324828,115823667,116821599,0.498839,Sep7,0.14895554413640819,low,0.16199956643929342,False,0.07548232647755267,False,0.229319143564486,False,0.06300463896139365,False
validation:2026.9.7/log_29_2026-9-7-06-51-04.ulg:3:2125,2026.9.7/log_29_2026-9-7-06-51-04.ulg,3,2125,51,116322770,116821599,117819545,0.4988289999999999,Sep7,0.23319968144517272,middle,0.2893568357152367,False,0.12286720040623049,False,0.34227860015164113,False,0.0917377304118627,False
validation:2026.9.7/log_29_2026-9-7-06-51-04.ulg:3:2175,2026.9.7/log_29_2026-9-7-06-51-04.ulg,3,2175,51,117320763,117819545,118817538,0.498782,Sep7,0.17088210304827284,low,0.22536211072040158,False,0.10522876981932712,False,0.22140199658317675,False,0.0760626518321359,False
validation:2026.9.7/log_29_2026-9-7-06-51-04.ulg:3:2225,2026.9.7/log_29_2026-9-7-06-51-04.ulg,3,2225,51,118318591,118817538,119815439,0.498947,Sep7,0.11462612714798164,low,0.11960883943846047,False,0.07338748317998628,False,0.15848842367288357,False,0.08473486357209178,False
validation:2026.9.7/log_29_2026-9-7-06-51-04.ulg:3:2275,2026.9.7/log_29_2026-9-7-06-51-04.ulg,3,2275,51,119326481,119815439,120823349,0.488958,Sep7,0.15213102215552135,low,0.15940478700201977,False,0.09059650162854009,False,0.2350621498030161,False,0.08416501336259385,False
validation:2026.9.7/log_29_2026-9-7-06-51-04.ulg:3:2325,2026.9.7/log_29_2026-9-7-06-51-04.ulg,3,2325,51,120324385,120823349,121821305,0.4989639999999999,Sep7,0.11229323078514514,low,0.07910486895783338,False,0.08526182576572565,False,0.18230686638077578,False,0.05141438352337676,False
validation:2026.9.7/log_29_2026-9-7-06-51-04.ulg:3:2375,2026.9.7/log_29_2026-9-7-06-51-04.ulg,3,2375,51,121322346,121821305,122819244,0.498959,Sep7,0.17287932783654686,low,0.2601494578779509,False,0.11562726518769191,False,0.18811399542474258,False,0.06821644670276615,False
validation:2026.9.7/log_29_2026-9-7-06-51-04.ulg:3:2425,2026.9.7/log_29_2026-9-7-06-51-04.ulg,3,2425,51,122320286,122819244,123817265,0.4989579999999999,Sep7,0.22981616957409123,middle,0.3462475017365801,True,0.10441978787186067,False,0.23107646716072114,False,0.15378799736543228,False
validation:2026.9.7/log_29_2026-9-7-06-51-04.ulg:3:2475,2026.9.7/log_29_2026-9-7-06-51-04.ulg,3,2475,51,123318232,123817265,124825204,0.499033,Sep7,0.2792414476257209,middle,0.38677999431022464,True,0.08415834649478404,False,0.37815120257077267,False,0.0524401041026174,False
validation:2026.9.7/log_29_2026-9-7-06-51-04.ulg:3:2525,2026.9.7/log_29_2026-9-7-06-51-04.ulg,3,2525,51,124316172,124825204,125823087,0.5090319999999999,Sep7,0.1940177866348451,middle,0.31639465061477573,True,0.0812270601748986,False,0.1933445540998442,False,0.05849290783001559,False
validation:2026.9.7/log_29_2026-9-7-06-51-04.ulg:3:2575,2026.9.7/log_29_2026-9-7-06-51-04.ulg,3,2575,51,125324205,125823087,126821092,0.498882,Sep7,0.2126420155755717,middle,0.09619056103342498,False,0.18900058624879193,True,0.3669630333107583,False,0.1189730269444355,False
validation:2026.9.7/log_29_2026-9-7-06-51-04.ulg:3:2625,2026.9.7/log_29_2026-9-7-06-51-04.ulg,3,2625,51,126322058,126821092,127818986,0.499034,Sep7,0.17163452508275612,low,0.2655165263628768,False,0.12249695400405827,False,0.17428123493294256,False,0.04736973064729021,False
validation:2026.9.7/log_29_2026-9-7-06-51-04.ulg:3:2675,2026.9.7/log_29_2026-9-7-06-51-04.ulg,3,2675,51,127320006,127818986,128817014,0.49898,Sep7,0.1497927718441213,low,0.19544336527908818,False,0.10428110204851733,False,0.19927777085893492,False,0.039016903076673805,False
validation:2026.9.7/log_29_2026-9-7-06-51-04.ulg:3:2725,2026.9.7/log_29_2026-9-7-06-51-04.ulg,3,2725,51,128318037,128817014,129824859,0.498977,Sep7,0.12422619174002986,low,0.05957937519217674,False,0.07544505413348382,False,0.22876912430481705,False,0.018791944831735408,False
validation:2026.9.7/log_29_2026-9-7-06-51-04.ulg:3:2775,2026.9.7/log_29_2026-9-7-06-51-04.ulg,3,2775,51,129325906,129824859,130822787,0.498953,Sep7,0.1360011653320765,low,0.09069089032398883,False,0.08429963384434562,False,0.19824338620713403,False,0.13302860426657193,False
validation:2026.9.7/log_29_2026-9-7-06-51-04.ulg:3:2825,2026.9.7/log_29_2026-9-7-06-51-04.ulg,3,2825,51,130323833,130822787,131820778,0.4989539999999999,Sep7,0.19270539909823678,middle,0.1687408418539395,False,0.08504041306949037,False,0.30541867559457664,False,0.11786371858288872,False
validation:2026.9.7/log_29_2026-9-7-06-51-04.ulg:3:2875,2026.9.7/log_29_2026-9-7-06-51-04.ulg,3,2875,51,131321843,131820778,132818765,0.4989349999999999,Sep7,0.24541402502664117,middle,0.38183443599145783,True,0.13596462724786193,False,0.24997969403618667,False,0.0649078130148755,False
validation:2026.9.7/log_29_2026-9-7-06-51-04.ulg:3:2925,2026.9.7/log_29_2026-9-7-06-51-04.ulg,3,2925,51,132319811,132818765,133816671,0.4989539999999999,Sep7,0.18165666379847598,middle,0.23962851464114923,False,0.14103091213457356,False,0.23407723737229474,False,0.056826606484995386,False
validation:2026.9.7/log_29_2026-9-7-06-51-04.ulg:3:2975,2026.9.7/log_29_2026-9-7-06-51-04.ulg,3,2975,51,133317662,133816671,134824558,0.499009,Sep7,0.11966180282227624,low,0.160393051484781,False,0.08591700592710756,False,0.1404219428773997,False,0.0620340338711313,False
validation:2026.9.7/log_29_2026-9-7-06-51-04.ulg:3:3025,2026.9.7/log_29_2026-9-7-06-51-04.ulg,3,3025,51,134315659,134824558,135822501,0.508899,Sep7,0.14038706549737626,low,0.07361739277068646,False,0.1503353497944266,False,0.21585849553040468,False,0.03957715596147396,False
validation:2026.9.7/log_29_2026-9-7-06-51-04.ulg:3:3075,2026.9.7/log_29_2026-9-7-06-51-04.ulg,3,3075,51,135323586,135822501,136820436,0.498915,Sep7,0.1259824879515221,low,0.11874852994716317,False,0.07563575093571165,False,0.20678296551120803,False,0.04482680374999373,False
validation:2026.9.7/log_29_2026-9-7-06-51-04.ulg:3:3125,2026.9.7/log_29_2026-9-7-06-51-04.ulg,3,3125,51,136321615,136820436,137818399,0.4988209999999999,Sep7,0.12378765715574142,low,0.05599097928790306,False,0.07996065589753779,False,0.20678559438972918,False,0.09297636739507761,False
validation:2026.9.7/log_29_2026-9-7-06-51-04.ulg:3:3175,2026.9.7/log_29_2026-9-7-06-51-04.ulg,3,3175,51,137319417,137818399,138816320,0.498982,Sep7,0.18551596340373144,middle,0.2577645499314567,False,0.10522315715405287,False,0.20832917671023418,False,0.10634622817034194,False
validation:2026.9.7/log_29_2026-9-7-06-51-04.ulg:3:3225,2026.9.7/log_29_2026-9-7-06-51-04.ulg,3,3225,51,138317451,138816320,139824328,0.4988689999999999,Sep7,0.16075370802844033,low,0.05771206588822871,False,0.14301205074384446,False,0.2512711818840425,False,0.09231562442374193,False
validation:2026.9.7/log_29_2026-9-7-06-51-04.ulg:3:3275,2026.9.7/log_29_2026-9-7-06-51-04.ulg,3,3275,51,139325481,139824328,140822308,0.498847,Sep7,0.2610836015808726,middle,0.3736744142391398,True,0.07837899656278237,False,0.345045542309046,False,0.05181706786194061,False
validation:2026.9.7/log_29_2026-9-7-06-51-04.ulg:3:3325,2026.9.7/log_29_2026-9-7-06-51-04.ulg,3,3325,51,140323284,140822308,141820160,0.4990239999999999,Sep7,0.1803730551639338,middle,0.20637836662909628,False,0.13481843337010158,False,0.2666197309874233,False,0.058577845313944776,False
validation:2026.9.7/log_29_2026-9-7-06-51-04.ulg:3:3375,2026.9.7/log_29_2026-9-7-06-51-04.ulg,3,3375,51,141321298,141820160,142818104,0.4988619999999999,Sep7,0.21566284486871545,middle,0.20168511893421148,False,0.14641205267747415,False,0.3263558951614361,False,0.02490264201236337,False
validation:2026.9.7/log_29_2026-9-7-06-51-04.ulg:3:3425,2026.9.7/log_29_2026-9-7-06-51-04.ulg,3,3425,51,142319205,142818104,143826191,0.498899,Sep7,0.12720043417047433,low,0.08433587178134029,False,0.08199723559822522,False,0.21300321582274265,False,0.06075057996240633,False
validation:2026.9.7/log_29_2026-9-7-06-51-04.ulg:3:3475,2026.9.7/log_29_2026-9-7-06-51-04.ulg,3,3475,51,143317135,143826191,144823971,0.509056,Sep7,0.2024608375296875,middle,0.18549979188977167,False,0.17129560965623597,False,0.3339373309823485,False,0.04043978553082242,False
validation:2026.9.7/log_29_2026-9-7-06-51-04.ulg:3:3525,2026.9.7/log_29_2026-9-7-06-51-04.ulg,3,3525,51,144315022,144823971,145821934,0.508949,Sep7,0.13526290269408964,low,0.10112179839393334,False,0.06748559212993348,False,0.23154111134926678,False,0.06904533471129187,False
validation:2026.9.7/log_29_2026-9-7-06-51-04.ulg:3:3575,2026.9.7/log_29_2026-9-7-06-51-04.ulg,3,3575,51,145322988,145821934,146819906,0.498946,Sep7,0.13484943280089454,low,0.16817491070832064,False,0.08059855004561024,False,0.18063162759702733,False,0.07332245418182554,False
validation:2026.9.7/log_29_2026-9-7-06-51-04.ulg:4:25,2026.9.7/log_29_2026-9-7-06-51-04.ulg,4,25,51,147079345,147578535,148586263,0.4991899999999999,Sep7,0.10124754121880246,low,0.0,False,0.08092388656404761,False,0.18533708957915973,False,0.029902271912491684,False
validation:2026.9.7/log_29_2026-9-7-06-51-04.ulg:4:75,2026.9.7/log_29_2026-9-7-06-51-04.ulg,4,75,51,148077303,148586263,149584499,0.50896,Sep7,0.17026126684051857,low,0.2830788473141455,False,0.07685307875065295,False,0.1533458961166574,False,0.0818278934372405,False
validation:2026.9.7/log_29_2026-9-7-06-51-04.ulg:4:125,2026.9.7/log_29_2026-9-7-06-51-04.ulg,4,125,51,149075201,149584499,150582077,0.509298,Sep7,0.21993477889759191,middle,0.18856158687355698,False,0.06159960341493505,False,0.3163689299395048,False,0.23419461967105662,True
validation:2026.9.7/log_29_2026-9-7-06-51-04.ulg:4:175,2026.9.7/log_29_2026-9-7-06-51-04.ulg,4,175,51,150083110,150582077,151580271,0.498967,Sep7,0.13245741019765356,low,0.008536687195370252,False,0.0760242965807542,False,0.2262684003522363,False,0.10629492206671197,False
validation:2026.9.7/log_29_2026-9-7-06-51-04.ulg:4:225,2026.9.7/log_29_2026-9-7-06-51-04.ulg,4,225,51,151081126,151580271,152578231,0.4991449999999999,Sep7,0.15500249373332506,low,0.008281803058675138,False,0.058944648802241574,False,0.27440581003027364,False,0.12144219791496988,False
validation:2026.9.7/log_29_2026-9-7-06-51-04.ulg:4:275,2026.9.7/log_29_2026-9-7-06-51-04.ulg,4,275,51,152079009,152578231,153576144,0.499222,Sep7,0.16527520902077475,low,0.0,False,0.0564626647374974,False,0.31085189383593914,False,0.07502288489910973,False
validation:2026.9.7/log_29_2026-9-7-06-51-04.ulg:4:325,2026.9.7/log_29_2026-9-7-06-51-04.ulg,4,325,51,153076939,153576144,154584106,0.4992049999999999,Sep7,0.23064017803379244,middle,0.0,False,0.19898365078716695,True,0.3716722166450505,False,0.07624950780781174,False
validation:2026.9.7/log_29_2026-9-7-06-51-04.ulg:4:375,2026.9.7/log_29_2026-9-7-06-51-04.ulg,4,375,51,154084848,154584106,155582037,0.499258,Sep7,0.17434756957752318,middle,0.0,False,0.06587574664807866,False,0.29024337408669043,False,0.17654157852371027,False
validation:2026.9.7/log_29_2026-9-7-06-51-04.ulg:4:425,2026.9.7/log_29_2026-9-7-06-51-04.ulg,4,425,51,155082804,155582037,156579968,0.499233,Sep7,0.28460392635221365,middle,0.0,False,0.1511134984296451,False,0.5285993135024224,True,0.197416376272354,False
validation:2026.9.7/log_29_2026-9-7-06-51-04.ulg:4:475,2026.9.7/log_29_2026-9-7-06-51-04.ulg,4,475,51,156080727,156579968,157577949,0.499241,Sep7,0.12172626537233526,low,0.0,False,0.12238587772677872,False,0.2039499607794324,False,0.05113928922454058,False
validation:2026.9.7/log_29_2026-9-7-06-51-04.ulg:4:525,2026.9.7/log_29_2026-9-7-06-51-04.ulg,4,525,51,157078792,157577949,158585562,0.4991569999999999,Sep7,0.5028623389992187,high,0.0,False,0.12653389169584542,False,0.9424774011682538,True,0.3326654708148502,True
validation:2026.9.7/log_29_2026-9-7-06-51-04.ulg:4:575,2026.9.7/log_29_2026-9-7-06-51-04.ulg,4,575,51,158076655,158585562,159583772,0.508907,Sep7,0.24799820974943684,middle,0.0,False,0.10357315059159593,False,0.4577118064628248,False,0.05980970165541068,False
validation:2026.9.7/log_29_2026-9-7-06-51-04.ulg:4:625,2026.9.7/log_29_2026-9-7-06-51-04.ulg,4,625,51,159084563,159583772,160581779,0.4992089999999999,Sep7,0.09551700181608205,low,0.0,False,0.058846896155458454,False,0.1813459663629652,False,0.02279052963598145,False
validation:2026.9.7/log_29_2026-9-7-06-51-04.ulg:4:675,2026.9.7/log_29_2026-9-7-06-51-04.ulg,4,675,51,160082488,160581779,161579669,0.499291,Sep7,0.15710061831239497,low,0.0,False,0.12771182850182278,False,0.29677552805031004,False,0.04886351249039369,False
validation:2026.9.7/log_29_2026-9-7-06-51-04.ulg:4:725,2026.9.7/log_29_2026-9-7-06-51-04.ulg,4,725,51,161080393,161579669,162577634,0.499276,Sep7,0.16440139061048983,low,0.0,False,0.27080303935435224,True,0.17677886361762696,False,0.02262945809769764,False
validation:2026.9.7/log_29_2026-9-7-06-51-04.ulg:4:775,2026.9.7/log_29_2026-9-7-06-51-04.ulg,4,775,51,162078348,162577634,163575492,0.4992859999999999,Sep7,0.15729674039059993,low,0.0,False,0.06427296226479104,False,0.2760846002350719,False,0.1200140556228269,False
validation:2026.9.7/log_29_2026-9-7-06-51-04.ulg:4:825,2026.9.7/log_29_2026-9-7-06-51-04.ulg,4,825,51,163076282,163575492,164583303,0.49921,Sep7,0.20946253325585265,middle,0.0,False,0.06831853703427489,False,0.40114045919596597,False,0.08263385487141953,False
validation:2026.9.7/log_29_2026-9-7-06-51-04.ulg:4:875,2026.9.7/log_29_2026-9-7-06-51-04.ulg,4,875,51,164084286,164583303,165581211,0.499017,Sep7,0.13276198441501763,low,0.0,False,0.10208166519539463,False,0.24410476114492227,False,0.06590611103192487,False
validation:2026.9.7/log_29_2026-9-7-06-51-04.ulg:4:925,2026.9.7/log_29_2026-9-7-06-51-04.ulg,4,925,51,165082231,165581211,166579280,0.49898,Sep7,0.16486996785051525,low,0.0,False,0.07815887460978559,False,0.299472707317278,False,0.08893559340224977,False
validation:2026.9.7/log_29_2026-9-7-06-51-04.ulg:4:975,2026.9.7/log_29_2026-9-7-06-51-04.ulg,4,975,51,166080114,166579280,167577262,0.499166,Sep7,0.22350366273472552,middle,0.0,False,0.0697978487935282,False,0.3034740210246396,False,0.31722216340958687,True
validation:2026.9.7/log_29_2026-9-7-06-51-04.ulg:4:1025,2026.9.7/log_29_2026-9-7-06-51-04.ulg,4,1025,51,167078030,167577262,168584907,0.4992319999999999,Sep7,0.1475045947224153,low,0.0,False,0.09065816633278903,False,0.26614838410976627,False,0.05680534766805726,False
validation:2026.9.7/log_29_2026-9-7-06-51-04.ulg:4:1075,2026.9.7/log_29_2026-9-7-06-51-04.ulg,4,1075,51,168075985,168584907,169583033,0.508922,Sep7,0.09752696708761317,low,0.0,False,0.0993722875777477,False,0.1538503791341504,False,0.04722239981376055,False
validation:2026.9.7/log_29_2026-9-7-06-51-04.ulg:4:1125,2026.9.7/log_29_2026-9-7-06-51-04.ulg,4,1125,51,169083936,169583033,170580769,0.4990969999999999,Sep7,0.10046625520045036,low,0.0,False,0.057976753724266326,False,0.1858839462571311,False,0.022394531592822012,False
validation:2026.9.7/log_29_2026-9-7-06-51-04.ulg:4:1175,2026.9.7/log_29_2026-9-7-06-51-04.ulg,4,1175,51,170081802,170580769,171578956,0.498967,Sep7,0.16914067659792148,low,0.004140654723906091,False,0.05560022193262354,False,0.28576492559787153,False,0.16806569007175437,False
validation:2026.9.7/log_29_2026-9-7-06-51-04.ulg:4:1225,2026.9.7/log_29_2026-9-7-06-51-04.ulg,4,1225,51,171079728,171578956,172576889,0.499228,Sep7,0.2310888524059448,middle,0.01656308165623936,False,0.07776187970797722,False,0.428801886977945,False,0.15724476114569164,False
validation:2026.9.7/log_29_2026-9-7-06-51-04.ulg:4:1275,2026.9.7/log_29_2026-9-7-06-51-04.ulg,4,1275,51,172077683,172576889,173574806,0.499206,Sep7,0.09729037702452478,low,0.0,False,0.06424359400562142,False,0.1779678274391126,False,0.05452845620189641,False
validation:2026.9.7/log_29_2026-9-7-06-51-04.ulg:4:1325,2026.9.7/log_29_2026-9-7-06-51-04.ulg,4,1325,51,173085654,173574806,174582535,0.489152,Sep7,0.1850360306703033,middle,0.0,False,0.12055716882354796,False,0.296707627868363,False,0.15475294866439707,False
validation:2026.9.7/log_29_2026-9-7-06-51-04.ulg:4:1375,2026.9.7/log_29_2026-9-7-06-51-04.ulg,4,1375,51,174083613,174582535,175580505,0.498922,Sep7,0.1303575391565536,low,0.0,False,0.18568077622981166,True,0.15021331514978334,False,0.08898364505444117,False
validation:2026.9.7/log_29_2026-9-7-06-51-04.ulg:4:1425,2026.9.7/log_29_2026-9-7-06-51-04.ulg,4,1425,51,175081462,175580505,176578573,0.4990429999999999,Sep7,0.31041736028075906,middle,0.0035859121792027157,False,0.06689330157376568,False,0.5860695860099674,True,0.15603683505295038,False
validation:2026.9.7/log_29_2026-9-7-06-51-04.ulg:4:1475,2026.9.7/log_29_2026-9-7-06-51-04.ulg,4,1475,51,176079450,176578573,177576499,0.499123,Sep7,0.13730618789862775,low,0.005071245637307342,False,0.07129853531665459,False,0.23593519648362765,False,0.1155530666068681,False
validation:2026.9.7/log_29_2026-9-7-06-51-04.ulg:4:1525,2026.9.7/log_29_2026-9-7-06-51-04.ulg,4,1525,51,177077359,177576499,178584216,0.49914,Sep7,0.25298029641476677,middle,0.0,False,0.11306441356893036,False,0.4678792679568545,False,0.09787172641750694,False
validation:2026.9.7/log_29_2026-9-7-06-51-04.ulg:4:1575,2026.9.7/log_29_2026-9-7-06-51-04.ulg,4,1575,51,178075262,178584216,179582337,0.508954,Sep7,0.1993540101627683,middle,0.0,False,0.07483479539693441,False,0.3631384203282043,False,0.14922931097066625,False
validation:2026.9.7/log_29_2026-9-7-06-51-04.ulg:4:1625,2026.9.7/log_29_2026-9-7-06-51-04.ulg,4,1625,51,179083318,179582337,180580402,0.499019,Sep7,0.2508808330114438,middle,0.0,False,0.07594593435953417,False,0.46336625462451675,False,0.17142127801350668,False
validation:2026.9.7/log_29_2026-9-7-06-51-04.ulg:4:1675,2026.9.7/log_29_2026-9-7-06-51-04.ulg,4,1675,51,180081217,180580402,181578208,0.499185,Sep7,0.17209631985940144,low,0.010955142664440332,False,0.09196583615375668,False,0.29961226990088097,False,0.14080047998767176,False
validation:2026.9.7/log_29_2026-9-7-06-51-04.ulg:4:1725,2026.9.7/log_29_2026-9-7-06-51-04.ulg,4,1725,51,181079156,181578208,182585932,0.499052,Sep7,0.19321751323364378,middle,0.0,False,0.09908495476056395,False,0.3408064535261103,False,0.16929029383536498,False
validation:2026.9.7/log_29_2026-9-7-06-51-04.ulg:4:1775,2026.9.7/log_29_2026-9-7-06-51-04.ulg,4,1775,51,182077081,182585932,183584267,0.5088509999999999,Sep7,0.7022381860518189,high,0.013732998105609136,False,0.3219452739374822,True,1.2368449673083037,True,0.35720341408789,True
validation:2026.9.7/log_29_2026-9-7-06-51-04.ulg:4:1825,2026.9.7/log_29_2026-9-7-06-51-04.ulg,4,1825,51,183084931,183584267,184582114,0.499336,Sep7,0.2898362976617465,middle,0.018975456130324402,False,0.13889842844345082,False,0.5149130968141136,True,0.2505377074498709,True
validation:2026.9.7/log_29_2026-9-7-06-51-04.ulg:4:1875,2026.9.7/log_29_2026-9-7-06-51-04.ulg,4,1875,51,184082852,184582114,185580016,0.499262,Sep7,0.2990714905517398,middle,0.0,False,0.10663757104917422,False,0.5528699054892732,True,0.0967279664606533,False
validation:2026.9.7/log_29_2026-9-7-06-51-04.ulg:4:1925,2026.9.7/log_29_2026-9-7-06-51-04.ulg,4,1925,51,185080817,185580016,186577921,0.499199,Sep7,0.23363706056022127,middle,0.006866908333310785,False,0.05185792458040349,False,0.4392274581201568,False,0.139828197090496,False
validation:2026.9.7/log_29_2026-9-7-06-51-04.ulg:4:1975,2026.9.7/log_29_2026-9-7-06-51-04.ulg,4,1975,51,186078709,186577921,187575906,0.499212,Sep7,0.19946116640546685,middle,0.006211352294006353,False,0.07043837926306822,False,0.3688197828051138,False,0.08880068022303583,False
validation:2026.9.7/log_29_2026-9-7-06-51-04.ulg:4:2025,2026.9.7/log_29_2026-9-7-06-51-04.ulg,4,2025,51,187086729,187575906,188583538,0.489177,Sep7,0.1027285395219224,low,0.0,False,0.1132019786837916,False,0.15928550630942664,False,0.060755476390497304,False
validation:2026.9.7/log_29_2026-9-7-06-51-04.ulg:4:2075,2026.9.7/log_29_2026-9-7-06-51-04.ulg,4,2075,51,188074613,188583538,189581662,0.508925,Sep7,0.14789558635111907,low,0.019857882452062558,False,0.058863505568652996,False,0.2723954895352834,False,0.09554126909389452,False
validation:2026.9.7/log_29_2026-9-7-06-51-04.ulg:4:2125,2026.9.7/log_29_2026-9-7-06-51-04.ulg,4,2125,51,189082516,189581662,190579596,0.499146,Sep7,0.15108184452727116,low,0.0020703273619530455,False,0.0635864402163022,False,0.2695109250230163,False,0.09724190627479443,False
validation:2026.9.7/log_29_2026-9-7-06-51-04.ulg:4:2175,2026.9.7/log_29_2026-9-7-06-51-04.ulg,4,2175,51,190080436,190579596,191577564,0.49916,Sep7,0.17814270530517148,middle,0.020284982549229367,False,0.22416717017869173,True,0.2980593177578366,False,0.06735036226167093,False
validation:2026.9.7/log_29_2026-9-7-06-51-04.ulg:4:2225,2026.9.7/log_29_2026-9-7-06-51-04.ulg,4,2225,51,191078426,191577564,192585230,0.4991379999999999,Sep7,0.1235767392003252,low,0.0,False,0.10139504656865428,False,0.17861585949965111,False,0.1260294985044542,False
validation:2026.9.7/log_29_2026-9-7-06-51-04.ulg:4:2275,2026.9.7/log_29_2026-9-7-06-51-04.ulg,4,2275,51,192076343,192585230,193583159,0.508887,Sep7,0.3477015250524225,high,0.008536178392938774,False,0.16117386612951184,False,0.6130111727760973,True,0.18544718570015367,False
validation:2026.9.7/log_29_2026-9-7-06-51-04.ulg:4:2325,2026.9.7/log_29_2026-9-7-06-51-04.ulg,4,2325,51,193084273,193583159,194581465,0.498886,Sep7,0.5144942609189238,high,0.08506128605790278,False,0.17594840600017198,False,0.9427550821167195,True,0.3959945461594618,True
validation:2026.9.7/log_29_2026-9-7-06-51-04.ulg:4:2375,2026.9.7/log_29_2026-9-7-06-51-04.ulg,4,2375,51,194082138,194581465,195579221,0.4993269999999999,Sep7,0.16666214947175265,low,0.0,False,0.08769414639474575,False,0.3042421770662559,False,0.09824458774872208,False
validation:2026.9.7/log_29_2026-9-7-06-51-04.ulg:4:2425,2026.9.7/log_29_2026-9-7-06-51-04.ulg,4,2425,51,195080178,195579221,196577176,0.4990429999999999,Sep7,0.25966923946601544,middle,0.0,False,0.27067221103139083,True,0.3687963717921232,False,0.2522309535296457,True
validation:2026.9.7/log_29_2026-9-7-06-51-04.ulg:4:2475,2026.9.7/log_29_2026-9-7-06-51-04.ulg,4,2475,51,196078032,196577176,197584909,0.499144,Sep7,0.19434182645033105,middle,0.0,False,0.08758569298647868,False,0.32461570395087175,False,0.1688489244824894,False
validation:2026.9.7/log_29_2026-9-7-06-51-04.ulg:4:2525,2026.9.7/log_29_2026-9-7-06-51-04.ulg,4,2525,51,197085982,197584909,198583037,0.4989269999999999,Sep7,0.24042720344481167,middle,0.007172251837952335,False,0.07026803460550647,False,0.4701804821535895,False,0.06406213458387988,False
validation:2026.9.7/log_29_2026-9-7-06-51-04.ulg:4:2575,2026.9.7/log_29_2026-9-7-06-51-04.ulg,4,2575,51,198083908,198583037,199581031,0.499129,Sep7,0.24408277176392873,middle,0.006547340199590635,False,0.18710794979838033,True,0.3901307698359474,False,0.13403662111047512,False
validation:2026.9.7/log_29_2026-9-7-06-51-04.ulg:4:2625,2026.9.7/log_29_2026-9-7-06-51-04.ulg,4,2625,51,199081872,199581031,200578886,0.4991589999999999,Sep7,0.2803608838040026,middle,0.0,False,0.10468188537428622,False,0.5156954380428783,True,0.11351329571182106,False
validation:2026.9.7/log_29_2026-9-7-06-51-04.ulg:4:2675,2026.9.7/log_29_2026-9-7-06-51-04.ulg,4,2675,51,200079740,200578886,201576824,0.499146,Sep7,0.20730010682812702,middle,0.0,False,0.08712733513956508,False,0.37819305172987383,False,0.15089389855695756,False
validation:2026.9.7/log_29_2026-9-7-06-51-04.ulg:4:2725,2026.9.7/log_29_2026-9-7-06-51-04.ulg,4,2725,51,201077679,201576824,202584605,0.4991449999999999,Sep7,0.14535765848608426,low,0.0,False,0.08433970912746831,False,0.22748687297808065,False,0.15944559011673995,False
validation:2026.9.7/log_29_2026-9-7-06-51-04.ulg:4:2775,2026.9.7/log_29_2026-9-7-06-51-04.ulg,4,2775,51,202075635,202584605,203582748,0.5089699999999999,Sep7,0.2012729351943191,middle,0.002070450764668784,False,0.10691676991607833,False,0.2814116185688071,False,0.2732513554973597,True
validation:2026.9.7/log_29_2026-9-7-06-51-04.ulg:4:2825,2026.9.7/log_29_2026-9-7-06-51-04.ulg,4,2825,51,203083539,203582748,204580653,0.4992089999999999,Sep7,0.24661220505333264,middle,0.005477571332220166,False,0.07671212798919815,False,0.4775685304828287,False,0.10011885155295615,False
validation:2026.9.7/log_29_2026-9-7-06-51-04.ulg:4:2875,2026.9.7/log_29_2026-9-7-06-51-04.ulg,4,2875,51,204081459,204580653,205578574,0.4991939999999999,Sep7,0.14934301553773702,low,0.010142491274614683,False,0.07506807429478676,False,0.2880837458982025,False,0.053534343438711926,False
validation:2026.9.7/log_29_2026-9-7-06-51-04.ulg:4:2925,2026.9.7/log_29_2026-9-7-06-51-04.ulg,4,2925,51,205079383,205578574,206576518,0.499191,Sep7,0.11740799764231136,low,0.0,False,0.1151852213295962,False,0.18725739869134833,False,0.04665603848038024,False
validation:2026.9.7/log_29_2026-9-7-06-51-04.ulg:4:2975,2026.9.7/log_29_2026-9-7-06-51-04.ulg,4,2975,51,206077340,206576518,207584192,0.4991779999999999,Sep7,0.22089467392087112,middle,0.0,False,0.24676022447387452,True,0.3007742719232787,False,0.12856823784756566,False
validation:2026.9.7/log_29_2026-9-7-06-51-04.ulg:4:3025,2026.9.7/log_29_2026-9-7-06-51-04.ulg,4,3025,51,207085265,207584192,208582134,0.4989269999999999,Sep7,0.28237251714967226,middle,0.0,False,0.07125669382521829,False,0.5399412755439852,True,0.08854441990420146,False
validation:2026.9.7/log_29_2026-9-7-06-51-04.ulg:4:3075,2026.9.7/log_29_2026-9-7-06-51-04.ulg,4,3075,51,208083181,208582134,209580192,0.498953,Sep7,0.5755817141869469,high,0.0,False,0.23415576811757552,True,1.0251611440647401,True,0.3044027631908747,True
validation:2026.9.7/log_29_2026-9-7-06-51-04.ulg:4:3125,2026.9.7/log_29_2026-9-7-06-51-04.ulg,4,3125,51,209081121,209580192,210578123,0.499071,Sep7,0.3774671736169667,high,0.023331404457891836,False,0.10208867913242686,False,0.6341182903350933,True,0.37724650313700214,True
validation:2026.9.7/log_29_2026-9-7-06-51-04.ulg:4:3175,2026.9.7/log_29_2026-9-7-06-51-04.ulg,4,3175,51,210079057,210578123,211585946,0.4990659999999999,Sep7,0.30343500210988456,middle,0.0074646714605178,False,0.10212420606397894,False,0.5308133740293662,True,0.21961223483704856,False
validation:2026.9.7/log_29_2026-9-7-06-51-04.ulg:4:3225,2026.9.7/log_29_2026-9-7-06-51-04.ulg,4,3225,51,211076988,211585946,212583785,0.508958,Sep7,0.42362643753997026,high,0.01449229153367132,False,0.15236783289611378,False,0.7762206577436339,True,0.3048442896649987,True
validation:2026.9.7/log_29_2026-9-7-06-51-04.ulg:4:3275,2026.9.7/log_29_2026-9-7-06-51-04.ulg,4,3275,51,212074885,212583785,213582062,0.5089,Sep7,0.31678277636531565,middle,0.020806532482631437,False,0.12617163159759337,False,0.37244211347535133,False,0.4830872096153703,True
validation:2026.9.7/log_29_2026-9-7-06-51-04.ulg:4:3325,2026.9.7/log_29_2026-9-7-06-51-04.ulg,4,3325,51,213082938,213582062,214579937,0.4991239999999999,Sep7,0.10430972659227582,low,0.009258785434009643,False,0.09086514170576876,False,0.15825444877501885,False,0.06817468107580704,False
validation:2026.9.7/log_29_2026-9-7-06-51-04.ulg:4:3375,2026.9.7/log_29_2026-9-7-06-51-04.ulg,4,3375,51,214080863,214579937,215577847,0.4990739999999999,Sep7,0.32823399787239926,high,0.00902434775080048,False,0.10737789911770132,False,0.5931702483486068,True,0.20046888326817922,False
validation:2026.9.7/log_29_2026-9-7-06-51-04.ulg:4:3425,2026.9.7/log_29_2026-9-7-06-51-04.ulg,4,3425,51,215078710,215577847,216575795,0.499137,Sep7,0.560731085769309,high,0.009928941226031279,False,0.09814591657597076,False,0.8997457124528979,True,0.6542637008215058,True
validation:2026.9.7/log_29_2026-9-7-06-51-04.ulg:4:3475,2026.9.7/log_29_2026-9-7-06-51-04.ulg,4,3475,51,216076697,216575795,217583419,0.499098,Sep7,0.2423687972924583,middle,0.00801834339404168,False,0.1041663403730532,False,0.4491432901686116,False,0.05622826066856179,False
validation:2026.9.7/log_29_2026-9-7-06-51-04.ulg:4:3525,2026.9.7/log_29_2026-9-7-06-51-04.ulg,4,3525,51,217084497,217583419,218581623,0.498922,Sep7,0.11989190977640182,low,0.0,False,0.10672664793230875,False,0.21252783984564538,False,0.025760123889388104,False
validation:2026.9.7/log_29_2026-9-7-06-51-04.ulg:4:3575,2026.9.7/log_29_2026-9-7-06-51-04.ulg,4,3575,51,218082422,218581623,219579582,0.4992009999999999,Sep7,0.11402961615243204,low,0.0,False,0.0645794392387498,False,0.21739558420963773,False,0.0350850557231131,False
validation:2026.9.7/log_29_2026-9-7-06-51-04.ulg:4:3625,2026.9.7/log_29_2026-9-7-06-51-04.ulg,4,3625,51,219080386,219579582,220577491,0.499196,Sep7,0.12737377837100478,low,0.0,False,0.07307325881845325,False,0.23325261448857085,False,0.07561234840635074,False
validation:2026.9.7/log_29_2026-9-7-06-51-04.ulg:4:3675,2026.9.7/log_29_2026-9-7-06-51-04.ulg,4,3675,51,220078271,220577491,221585188,0.49922,Sep7,0.18062960160390784,middle,0.0,False,0.12006824562659514,False,0.3324491092808879,False,0.11818304790606533,False
validation:2026.9.7/log_29_2026-9-7-06-51-04.ulg:4:3725,2026.9.7/log_29_2026-9-7-06-51-04.ulg,4,3725,51,221076202,221585188,222583112,0.5089859999999999,Sep7,0.3351234491236393,high,0.0,False,0.1075302144048084,False,0.6245483867431209,True,0.09439269028749657,False
validation:2026.9.7/log_29_2026-9-7-06-51-04.ulg:4:3775,2026.9.7/log_29_2026-9-7-06-51-04.ulg,4,3775,51,222084135,222583112,223581076,0.498977,Sep7,0.20925391969835533,middle,0.004140654723906091,False,0.1376999607975479,False,0.3485416863209541,False,0.12453979406218531,False
validation:2026.9.7/log_29_2026-9-7-06-51-04.ulg:4:3825,2026.9.7/log_29_2026-9-7-06-51-04.ulg,4,3825,51,223082070,223581076,224579151,0.499006,Sep7,0.1739258159539368,middle,0.08907346413760027,False,0.09710522822183967,False,0.17064185856851677,False,0.26756630312128965,True
validation:2026.9.7/log_29_2026-9-7-06-51-04.ulg:4:3875,2026.9.7/log_29_2026-9-7-06-51-04.ulg,4,3875,51,224080044,224579151,225586900,0.4991069999999999,Sep7,0.7341540188919661,high,0.003586125918976167,False,0.204393957889525,True,1.294308262340092,True,0.6719952877585158,True
validation:2026.9.7/log_29_2026-9-7-06-51-04.ulg:4:3925,2026.9.7/log_29_2026-9-7-06-51-04.ulg,4,3925,51,225077926,225586900,226575031,0.5089739999999999,Sep7,0.5969554756218959,high,0.07940568018287518,False,0.1714249324384965,False,1.0814193030060053,True,0.3221015477525011,True
validation:2026.9.7/log_29_2026-9-7-06-51-04.ulg:4:3975,2026.9.7/log_29_2026-9-7-06-51-04.ulg,4,3975,51,226075850,226575031,227582861,0.499181,Sep7,0.20224704501175883,middle,0.008281309447812182,False,0.05621974378443437,False,0.34041953245265877,False,0.2099165164929486,False
validation:2026.9.7/log_29_2026-9-7-06-51-04.ulg:4:4025,2026.9.7/log_29_2026-9-7-06-51-04.ulg,4,4025,51,227083866,227582861,228580819,0.4989949999999999,Sep7,0.17264533631599854,low,0.009487997351773907,False,0.11245175000236214,False,0.26810887598072375,False,0.19693329667422163,False
validation:2026.9.7/log_29_2026-9-7-06-51-04.ulg:4:4075,2026.9.7/log_29_2026-9-7-06-51-04.ulg,4,4075,51,228081841,228580819,229578711,0.498978,Sep7,0.19370223294585226,middle,0.00547789782511712,False,0.10034506952490362,False,0.37454443443843766,False,0.051853119552022396,False
validation:2026.9.7/log_29_2026-9-7-06-51-04.ulg:4:4125,2026.9.7/log_29_2026-9-7-06-51-04.ulg,4,4125,51,229079799,229578711,230576706,0.4989119999999999,Sep7,0.12104357658350974,low,0.004629392717004821,False,0.06123014987222603,False,0.2139412195541202,False,0.08682507251811505,False
validation:2026.9.7/log_29_2026-9-7-06-51-04.ulg:4:4175,2026.9.7/log_29_2026-9-7-06-51-04.ulg,4,4175,51,230077575,230576706,231584362,0.499131,Sep7,0.10948066228652395,low,0.0035859121792027157,False,0.07223462256417922,False,0.19011173978035328,False,0.09261517915097645,False
validation:2026.9.7/log_29_2026-9-7-06-51-04.ulg:4:4225,2026.9.7/log_29_2026-9-7-06-51-04.ulg,4,4225,51,231085479,231584362,232582484,0.4988829999999999,Sep7,0.15426844637176623,low,0.006546949965939451,False,0.06374522562321933,False,0.28058951374884045,False,0.10515580609818208,False
validation:2026.9.7/log_29_2026-9-7-06-51-04.ulg:4:4275,2026.9.7/log_29_2026-9-7-06-51-04.ulg,4,4275,51,232083417,232582484,233580472,0.499067,Sep7,0.11483451058071086,low,0.007171824358405432,False,0.146725443902492,False,0.14352779695595397,False,0.12207285026202808,False
validation:2026.9.7/log_29_2026-9-7-06-51-04.ulg:4:4325,2026.9.7/log_29_2026-9-7-06-51-04.ulg,4,4325,51,233081417,233580472,234578339,0.4990549999999999,Sep7,0.186224148454002,middle,0.009928941226031279,False,0.09610381325104965,False,0.3461651316422957,False,0.06510688681255254,False
validation:2026.9.7/log_29_2026-9-7-06-51-04.ulg:4:4375,2026.9.7/log_29_2026-9-7-06-51-04.ulg,4,4375,51,234079289,234578339,235586123,0.49905,Sep7,0.2387742340488413,middle,0.0,False,0.22577753073325768,True,0.3704680588190868,False,0.05962654798514671,False
validation:2026.9.7/log_29_2026-9-7-06-51-04.ulg:4:4425,2026.9.7/log_29_2026-9-7-06-51-04.ulg,4,4425,51,235077305,235586123,236574194,0.508818,Sep7,0.13324170555103737,low,0.014785474836222471,False,0.15383183108625523,False,0.2080707872234463,False,0.06575514459890623,False
validation:2026.9.7/log_29_2026-9-7-06-51-04.ulg:4:4475,2026.9.7/log_29_2026-9-7-06-51-04.ulg,4,4475,51,236085084,236574194,237581928,0.48911,Sep7,0.2733861612675291,middle,0.05278405965593047,False,0.08526007163927558,False,0.503457347470392,True,0.1312848280974868,False
validation:2026.9.7/log_29_2026-9-7-06-51-04.ulg:4:4525,2026.9.7/log_29_2026-9-7-06-51-04.ulg,4,4525,51,237083127,237581928,238580035,0.498801,Sep7,0.13617153042049854,low,0.009258785434009643,False,0.12463108311670464,False,0.21405707306590777,False,0.13104240701188957,False
validation:2026.9.7/log_29_2026-9-7-06-51-04.ulg:4:4575,2026.9.7/log_29_2026-9-7-06-51-04.ulg,4,4575,51,238081064,238580035,239578085,0.498971,Sep7,0.14405739545614232,low,0.01133996539803678,False,0.07578648368828785,False,0.1788786396055401,False,0.20680616585150402,False
validation:2026.9.7/log_29_2026-9-7-06-51-04.ulg:4:4625,2026.9.7/log_29_2026-9-7-06-51-04.ulg,4,4625,51,239078896,239578085,240576013,0.499189,Sep7,0.19503366600575087,middle,0.0,False,0.08459451495165198,False,0.2802124967033151,False,0.23939709032952977,True
validation:2026.9.7/log_29_2026-9-7-06-51-04.ulg:4:4675,2026.9.7/log_29_2026-9-7-06-51-04.ulg,4,4675,51,240076845,240576013,241583729,0.499168,Sep7,0.3072244581508609,middle,0.009710696086498232,False,0.10522840416151587,False,0.539267938545695,True,0.217827055733954,False
validation:2026.9.7/log_29_2026-9-7-06-51-04.ulg:4:4725,2026.9.7/log_29_2026-9-7-06-51-04.ulg,4,4725,51,241084685,241583729,242581603,0.499044,Sep7,0.12769198477313567,low,0.007172038098178883,False,0.14712133726898355,False,0.18568045996610286,False,0.08383053874590139,False
validation:2026.9.7/log_29_2026-9-7-06-51-04.ulg:4:4775,2026.9.7/log_29_2026-9-7-06-51-04.ulg,4,4775,51,242082623,242581603,243579701,0.49898,Sep7,0.21697819001997995,middle,0.2158835311543943,False,0.1436519218998959,False,0.30772470212169617,False,0.1940302400613055,False
validation:2026.9.7/log_29_2026-9-7-06-51-04.ulg:4:4825,2026.9.7/log_29_2026-9-7-06-51-04.ulg,4,4825,51,243080507,243579701,244577702,0.4991939999999999,Sep7,0.272725498438586,middle,0.48185875173895354,True,0.08224900816392637,False,0.2295185389431386,False,0.085109607950028,False
validation:2026.9.7/log_29_2026-9-7-06-51-04.ulg:4:4875,2026.9.7/log_29_2026-9-7-06-51-04.ulg,4,4875,51,244078481,244577702,245585357,0.4992209999999999,Sep7,0.1654888485941065,low,0.0,False,0.1442073340537257,False,0.2549805976375586,False,0.09105066024799215,False
validation:2026.9.7/log_29_2026-9-7-06-51-04.ulg:4:4925,2026.9.7/log_29_2026-9-7-06-51-04.ulg,4,4925,51,245076402,245585357,246583243,0.5089549999999999,Sep7,0.35864924164764245,high,0.0029278850338261084,False,0.11333405736431579,False,0.670137386839676,True,0.11540759313067393,False
validation:2026.9.7/log_29_2026-9-7-06-51-04.ulg:4:4975,2026.9.7/log_29_2026-9-7-06-51-04.ulg,4,4975,51,246084280,246583243,247581279,0.498963,Sep7,0.2973788263422511,middle,0.00948743184948807,False,0.0717056521798897,False,0.3685209585962671,False,0.45368382570871263,True
validation:2026.9.7/log_29_2026-9-7-06-51-04.ulg:4:5025,2026.9.7/log_29_2026-9-7-06-51-04.ulg,4,5025,51,247082204,247581279,248579339,0.499075,Sep7,0.2817318000006798,middle,0.14178513392888428,False,0.12484054926836272,False,0.49396115354752956,False,0.21645138697775052,False
validation:2026.9.7/log_29_2026-9-7-06-51-04.ulg:4:5075,2026.9.7/log_29_2026-9-7-06-51-04.ulg,4,5075,51,248080121,248579339,249577178,0.499218,Sep7,0.39065639587921996,high,0.3523860515333213,True,0.12715296825884223,False,0.6900554084169287,True,0.055031379787206174,False
validation:2026.9.7/log_29_2026-9-7-06-51-04.ulg:4:5125,2026.9.7/log_29_2026-9-7-06-51-04.ulg,4,5125,51,249078061,249577178,250575264,0.499117,Sep7,0.42423435958996364,high,0.0035859121792027157,False,0.06870846344046821,False,0.8235462388487537,True,0.11497310295670302,False
validation:2026.9.7/log_29_2026-9-7-06-51-04.ulg:4:5175,2026.9.7/log_29_2026-9-7-06-51-04.ulg,4,5175,51,250085996,250575264,251582836,0.489268,Sep7,0.42731217059972,high,0.0283874746110308,False,0.09338198813759227,False,0.7817622220560505,True,0.3011632998511379,True
validation:2026.9.7/log_29_2026-9-7-06-51-04.ulg:4:5225,2026.9.7/log_29_2026-9-7-06-51-04.ulg,4,5225,51,251083871,251582836,252580754,0.498965,Sep7,0.23334822405687927,middle,0.014344076196357768,False,0.09967892071497662,False,0.3619480892039792,False,0.2559085661076497,True
validation:2026.9.7/log_30_2026-9-7-06-58-22.ulg:0:25,2026.9.7/log_30_2026-9-7-06-58-22.ulg,0,25,51,30846689,31345722,32343680,0.499033,Sep7,0.29112432579540815,middle,0.10564920464145044,False,0.10548081709314719,False,0.3672787562207365,False,0.4096948154310708,True
validation:2026.9.7/log_30_2026-9-7-06-58-22.ulg:0:75,2026.9.7/log_30_2026-9-7-06-58-22.ulg,0,75,51,31844584,32343680,33341669,0.499096,Sep7,0.16953776110139984,low,0.15548319374514338,False,0.07898185964989561,False,0.24671572722102308,False,0.13486013059531618,False
validation:2026.9.7/log_30_2026-9-7-06-58-22.ulg:0:125,2026.9.7/log_30_2026-9-7-06-58-22.ulg,0,125,51,32842534,33341669,34339638,0.499135,Sep7,0.2182786270883042,middle,0.0,False,0.09423851813395026,False,0.3935569197555582,False,0.10090946282675325,False
validation:2026.9.7/log_30_2026-9-7-06-58-22.ulg:0:175,2026.9.7/log_30_2026-9-7-06-58-22.ulg,0,175,51,33840448,34339638,35347497,0.4991899999999999,Sep7,0.07256764430799643,low,0.004629668653865822,False,0.07555761263005233,False,0.11193885258371157,False,0.048327449753082195,False
validation:2026.9.7/log_30_2026-9-7-06-58-22.ulg:0:225,2026.9.7/log_30_2026-9-7-06-58-22.ulg,0,225,51,34848427,35347497,36345352,0.4990699999999999,Sep7,0.1734339357810781,low,0.0,False,0.061029721131227926,False,0.22080229169014987,False,0.25295977946024983,True
validation:2026.9.7/log_30_2026-9-7-06-58-22.ulg:0:275,2026.9.7/log_30_2026-9-7-06-58-22.ulg,0,275,51,35846322,36345352,37343288,0.49903,Sep7,0.13794016260838265,low,0.023786368608614165,False,0.07958708427225077,False,0.23481914954443164,False,0.12179909360761193,False
validation:2026.9.7/log_30_2026-9-7-06-58-22.ulg:0:325,2026.9.7/log_30_2026-9-7-06-58-22.ulg,0,325,51,36844311,37343288,38341271,0.498977,Sep7,0.19651655783177205,middle,0.00507144715810286,False,0.11510373784935264,False,0.27178382592622635,False,0.2496809341361461,True
validation:2026.9.7/log_30_2026-9-7-06-58-22.ulg:0:375,2026.9.7/log_30_2026-9-7-06-58-22.ulg,0,375,51,37842276,38341271,39339246,0.4989949999999999,Sep7,0.30940554058831327,middle,0.018518122741741288,False,0.06548068927796605,False,0.373409126934449,False,0.4809206816235228,True
validation:2026.9.7/log_30_2026-9-7-06-58-22.ulg:0:425,2026.9.7/log_30_2026-9-7-06-58-22.ulg,0,425,51,38850097,39339246,40347065,0.489149,Sep7,0.13669063808776447,low,0.007172038098178883,False,0.06291244303248986,False,0.1825364589721515,False,0.19759865937925367,False
validation:2026.9.7/log_30_2026-9-7-06-58-22.ulg:0:475,2026.9.7/log_30_2026-9-7-06-58-22.ulg,0,475,51,39838053,40347065,41345087,0.509012,Sep7,0.169220556146344,low,0.0,False,0.0833220700848123,False,0.29154954528082516,False,0.16311242594938885,False
validation:2026.9.7/log_30_2026-9-7-06-58-22.ulg:0:525,2026.9.7/log_30_2026-9-7-06-58-22.ulg,0,525,51,40845962,41345087,42343011,0.499125,Sep7,0.2119896465955555,middle,0.0,False,0.0568002622474784,False,0.39827759581326827,False,0.12915662788616003,False
validation:2026.9.7/log_30_2026-9-7-06-58-22.ulg:0:575,2026.9.7/log_30_2026-9-7-06-58-22.ulg,0,575,51,41843905,42343011,43340953,0.499106,Sep7,0.17166703040482417,low,0.0,False,0.0625971897598063,False,0.3302109761362214,False,0.0786785457879264,False
validation:2026.9.7/log_30_2026-9-7-06-58-22.ulg:0:625,2026.9.7/log_30_2026-9-7-06-58-22.ulg,0,625,51,42841875,43340953,44338903,0.4990779999999999,Sep7,0.18385906662992563,middle,0.0,False,0.07717600811973598,False,0.3254516060252076,False,0.15440533963606437,False
validation:2026.9.7/log_30_2026-9-7-06-58-22.ulg:0:675,2026.9.7/log_30_2026-9-7-06-58-22.ulg,0,675,51,43839797,44338903,45346777,0.499106,Sep7,0.18735808083269764,middle,0.017567833756339347,False,0.1414993836719192,False,0.32721620624793574,False,0.14608614101088163,False
validation:2026.9.7/log_30_2026-9-7-06-58-22.ulg:0:725,2026.9.7/log_30_2026-9-7-06-58-22.ulg,0,725,51,44847735,45346777,46344773,0.499042,Sep7,0.19664961391496066,middle,0.005477571332220166,False,0.11558363512663682,False,0.22830228885778966,False,0.2973490322841418,True
validation:2026.9.7/log_30_2026-9-7-06-58-22.ulg:0:775,2026.9.7/log_30_2026-9-7-06-58-22.ulg,0,775,51,45845687,46344773,47342713,0.499086,Sep7,0.2698083873100647,middle,0.0029278850338261084,False,0.07400832503012603,False,0.4627317006639966,False,0.26926891532224567,True
validation:2026.9.7/log_30_2026-9-7-06-58-22.ulg:0:825,2026.9.7/log_30_2026-9-7-06-58-22.ulg,0,825,51,46843764,47342713,48340611,0.498949,Sep7,0.21458584723248977,middle,0.0,False,0.1065837998342521,False,0.353071004066784,False,0.17807342208465218,False
validation:2026.9.7/log_30_2026-9-7-06-58-22.ulg:0:875,2026.9.7/log_30_2026-9-7-06-58-22.ulg,0,875,51,47841669,48340611,49348495,0.498942,Sep7,0.10425454423762828,low,0.004140654723906091,False,0.09456837804806303,False,0.09653785521642078,False,0.14889329141759833,False
validation:2026.9.7/log_30_2026-9-7-06-58-22.ulg:0:925,2026.9.7/log_30_2026-9-7-06-58-22.ulg,0,925,51,48849491,49348495,50346427,0.499004,Sep7,0.8053037911745228,high,0.007171824358405432,False,0.2571675841191447,True,1.4722381509026967,True,0.36557728351920066,True
validation:2026.9.7/log_30_2026-9-7-06-58-22.ulg:0:975,2026.9.7/log_30_2026-9-7-06-58-22.ulg,0,975,51,49837463,50346427,51344375,0.508964,Sep7,0.10550444000983848,low,0.14131565560173553,False,0.07633522330443128,False,0.11432997727783586,False,0.07649733099754154,False
validation:2026.9.7/log_30_2026-9-7-06-58-22.ulg:0:1025,2026.9.7/log_30_2026-9-7-06-58-22.ulg,0,1025,51,50845423,51344375,52342347,0.4989519999999999,Sep7,0.09186297940053169,low,0.014343737775304158,False,0.06308121595771092,False,0.16787590014616424,False,0.04614528581448515,False
validation:2026.9.7/log_30_2026-9-7-06-58-22.ulg:0:1075,2026.9.7/log_30_2026-9-7-06-58-22.ulg,0,1075,51,51843318,52342347,53340277,0.499029,Sep7,0.15174433804826884,low,0.01851751568220959,False,0.08595521554869297,False,0.2826408213150209,False,0.026052417501601255,False
validation:2026.9.7/log_30_2026-9-7-06-58-22.ulg:0:1125,2026.9.7/log_30_2026-9-7-06-58-22.ulg,0,1125,51,52841259,53340277,54348183,0.4990179999999999,Sep7,0.1189748306757879,low,0.016169773607714454,False,0.09778274301213222,False,0.20872092779626353,False,0.04535132111876708,False
validation:2026.9.7/log_30_2026-9-7-06-58-22.ulg:0:1175,2026.9.7/log_30_2026-9-7-06-58-22.ulg,0,1175,51,53839212,54348183,55346144,0.508971,Sep7,0.1114197878287233,low,0.0,False,0.09535117471736265,False,0.19266459594879354,False,0.03319800719001341,False
validation:2026.9.7/log_30_2026-9-7-06-58-22.ulg:0:1225,2026.9.7/log_30_2026-9-7-06-58-22.ulg,0,1225,51,54847176,55346144,56344072,0.4989679999999999,Sep7,0.2832967886279764,middle,0.4291179177543327,True,0.22948711619622308,True,0.25204879092062316,False,0.06454922169069818,False
validation:2026.9.7/log_30_2026-9-7-06-58-22.ulg:0:1275,2026.9.7/log_30_2026-9-7-06-58-22.ulg,0,1275,51,55845169,56344072,57342015,0.498903,Sep7,0.21185561584576693,middle,0.022774150684876794,False,0.0738356649114199,False,0.41033015723365257,False,0.07083104473206371,False
validation:2026.9.7/log_30_2026-9-7-06-58-22.ulg:0:1325,2026.9.7/log_30_2026-9-7-06-58-22.ulg,0,1325,51,56843130,57342015,58340031,0.4988849999999999,Sep7,0.10953965488452383,low,0.0035859121792027157,False,0.06577671901920479,False,0.1875577582663049,False,0.08816634793928817,False
validation:2026.9.7/log_30_2026-9-7-06-58-22.ulg:0:1375,2026.9.7/log_30_2026-9-7-06-58-22.ulg,0,1375,51,57840995,58340031,59347901,0.499036,Sep7,0.092397037922985,low,0.004140654723906091,False,0.0944443751323913,False,0.15529061277916745,False,0.0451840013468186,False
validation:2026.9.7/log_30_2026-9-7-06-58-22.ulg:0:1425,2026.9.7/log_30_2026-9-7-06-58-22.ulg,0,1425,51,58848929,59347901,60345851,0.4989719999999999,Sep7,0.12265935798310446,low,0.0,False,0.06651833117027384,False,0.2218242194851545,False,0.04703291790510899,False
validation:2026.9.7/log_30_2026-9-7-06-58-22.ulg:0:1475,2026.9.7/log_30_2026-9-7-06-58-22.ulg,0,1475,51,59846893,60345851,61343819,0.4989579999999999,Sep7,0.23683381490285843,middle,0.0029278850338261084,False,0.06743951961981638,False,0.46377587369233014,False,0.040958220927173127,False
validation:2026.9.7/log_30_2026-9-7-06-58-22.ulg:0:1525,2026.9.7/log_30_2026-9-7-06-58-22.ulg,0,1525,51,60844921,61343819,62341751,0.4988979999999999,Sep7,0.13429010129117763,low,0.0020703273619530455,False,0.07886165238537335,False,0.23909150205582977,False,0.06380814217509204,False
validation:2026.9.7/log_30_2026-9-7-06-58-22.ulg:0:1575,2026.9.7/log_30_2026-9-7-06-58-22.ulg,0,1575,51,61842833,62341751,63349723,0.498918,Sep7,0.13143250833472292,low,0.0020703273619530455,False,0.08041726045436258,False,0.19347664248814886,False,0.1517824985703972,False
validation:2026.9.7/log_30_2026-9-7-06-58-22.ulg:0:1625,2026.9.7/log_30_2026-9-7-06-58-22.ulg,0,1625,51,62840763,63349723,64347711,0.50896,Sep7,0.12036811994395184,low,0.0,False,0.08530042466523481,False,0.15494719179595723,False,0.14911431905728545,False
validation:2026.9.7/log_30_2026-9-7-06-58-22.ulg:0:1675,2026.9.7/log_30_2026-9-7-06-58-22.ulg,0,1675,51,63838737,64347711,65345593,0.5089739999999999,Sep7,0.12319740990732331,low,0.006546949965939451,False,0.0570906682392875,False,0.20419165419551605,False,0.10871336264563226,False
validation:2026.9.7/log_30_2026-9-7-06-58-22.ulg:0:1725,2026.9.7/log_30_2026-9-7-06-58-22.ulg,0,1725,51,64846678,65345593,66343551,0.498915,Sep7,0.21126443658126146,middle,0.005855770067652218,False,0.10065236232345946,False,0.36830818619143385,False,0.1231089058895172,False
validation:2026.9.7/log_30_2026-9-7-06-58-22.ulg:0:1775,2026.9.7/log_30_2026-9-7-06-58-22.ulg,0,1775,51,65844613,66343551,67341500,0.498938,Sep7,0.08802738236941178,low,0.005071245637307342,False,0.06556691852362743,False,0.13195963898626828,False,0.08922271064209371,False
validation:2026.9.7/log_30_2026-9-7-06-58-22.ulg:0:1825,2026.9.7/log_30_2026-9-7-06-58-22.ulg,0,1825,51,66842510,67341500,68339554,0.49899,Sep7,0.2889281004511171,middle,0.00902434775080048,False,0.07089796273181474,False,0.5167565478120482,True,0.2092804455640452,False
validation:2026.9.7/log_30_2026-9-7-06-58-22.ulg:0:1875,2026.9.7/log_30_2026-9-7-06-58-22.ulg,0,1875,51,67840462,68339554,69347464,0.499092,Sep7,0.8962848165849205,high,0.0035859121792027157,False,0.2522976763035751,True,1.6742326055035572,True,0.6320916015395373,True
validation:2026.9.7/log_30_2026-9-7-06-58-22.ulg:0:1925,2026.9.7/log_30_2026-9-7-06-58-22.ulg,0,1925,51,68848477,69347464,70345359,0.4989869999999999,Sep7,0.1921844159625071,middle,0.3287827255447732,True,0.06151387867595358,False,0.17941185555844613,False,0.044779345006738,False
validation:2026.9.7/log_30_2026-9-7-06-58-22.ulg:0:1975,2026.9.7/log_30_2026-9-7-06-58-22.ulg,0,1975,51,69846424,70345359,71343284,0.4989349999999999,Sep7,0.12359449525574329,low,0.0313985246968449,False,0.12001255972686888,False,0.20830323009282944,False,0.07837354810707137,False
validation:2026.9.7/log_30_2026-9-7-06-58-22.ulg:0:2025,2026.9.7/log_30_2026-9-7-06-58-22.ulg,0,2025,51,70844454,71343284,72341296,0.49883,Sep7,0.1940065895454586,middle,0.00414077812662183,False,0.06723461961246494,False,0.3777466191737586,False,0.0582655015407614,False
validation:2026.9.7/log_30_2026-9-7-06-58-22.ulg:0:2075,2026.9.7/log_30_2026-9-7-06-58-22.ulg,0,2075,51,71842309,72341296,73349253,0.4989869999999999,Sep7,0.13622250062390298,low,0.0,False,0.07268726617489277,False,0.2582710291161475,False,0.06468010610334607,False
validation:2026.9.7/log_30_2026-9-7-06-58-22.ulg:0:2125,2026.9.7/log_30_2026-9-7-06-58-22.ulg,0,2125,51,72840228,73349253,74347148,0.509025,Sep7,0.08575096852517876,low,0.0,False,0.08417900357252857,False,0.1262150443566696,False,0.06794628716422803,False
validation:2026.9.7/log_30_2026-9-7-06-58-22.ulg:0:2175,2026.9.7/log_30_2026-9-7-06-58-22.ulg,0,2175,51,73838199,74347148,75345103,0.508949,Sep7,0.19967429395181865,middle,0.0,False,0.0798586598939652,False,0.38268420575257367,False,0.05639679264968776,False
validation:2026.9.7/log_30_2026-9-7-06-58-22.ulg:0:2225,2026.9.7/log_30_2026-9-7-06-58-22.ulg,0,2225,51,74846085,75345103,76343009,0.4990179999999999,Sep7,0.11861721909113157,low,0.0,False,0.09639078912008225,False,0.20061375837024,False,0.09969979198025776,False
validation:2026.9.7/log_30_2026-9-7-06-58-22.ulg:0:2275,2026.9.7/log_30_2026-9-7-06-58-22.ulg,0,2275,51,75844090,76343009,77341009,0.498919,Sep7,0.16589174471429946,low,0.0,False,0.07522329736212183,False,0.3166951053079881,False,0.0505097774414989,False
validation:2026.9.7/log_30_2026-9-7-06-58-22.ulg:0:2325,2026.9.7/log_30_2026-9-7-06-58-22.ulg,0,2325,51,76842008,77341009,78338947,0.499001,Sep7,0.14386764524335022,low,0.09503383781452937,False,0.16211635306298014,False,0.21579351940491262,False,0.05187688297594103,False
validation:2026.9.7/log_30_2026-9-7-06-58-22.ulg:0:2375,2026.9.7/log_30_2026-9-7-06-58-22.ulg,0,2375,51,77839937,78338947,79346925,0.4990099999999999,Sep7,0.10469245081549211,low,0.0,False,0.10980461580028028,False,0.16702571592916002,False,0.05607339879323606,False
validation:2026.9.7/log_30_2026-9-7-06-58-22.ulg:0:2425,2026.9.7/log_30_2026-9-7-06-58-22.ulg,0,2425,51,78847932,79346925,80344862,0.4989929999999999,Sep7,0.11401003504894174,low,0.0,False,0.11461278599439523,False,0.1907850151018741,False,0.04084120931703214,False
validation:2026.9.7/log_30_2026-9-7-06-58-22.ulg:0:2475,2026.9.7/log_30_2026-9-7-06-58-22.ulg,0,2475,51,79845908,80344862,81342756,0.4989539999999999,Sep7,0.12708171164953508,low,0.0,False,0.13666807673789458,False,0.18880599426212066,False,0.048625210976708313,False
validation:2026.9.7/log_30_2026-9-7-06-58-22.ulg:0:2525,2026.9.7/log_30_2026-9-7-06-58-22.ulg,0,2525,51,80843904,81342756,82340709,0.4988519999999999,Sep7,0.15427619039785412,low,0.009024885650767745,False,0.059782584070709056,False,0.256965574304633,False,0.14623390857877988,False
validation:2026.9.7/log_30_2026-9-7-06-58-22.ulg:0:2575,2026.9.7/log_30_2026-9-7-06-58-22.ulg,0,2575,51,81841732,82340709,83348734,0.498977,Sep7,0.13577784589462358,low,0.007465116395336928,False,0.10253847586269654,False,0.2253175239938222,False,0.05567759747270463,False
validation:2026.9.7/log_30_2026-9-7-06-58-22.ulg:0:2625,2026.9.7/log_30_2026-9-7-06-58-22.ulg,0,2625,51,82839712,83348734,84346597,0.509022,Sep7,0.2424263687021253,middle,0.0,False,0.08410462489692239,False,0.4646114189526099,False,0.10313388548709812,False
validation:2026.9.7/log_30_2026-9-7-06-58-22.ulg:0:2675,2026.9.7/log_30_2026-9-7-06-58-22.ulg,0,2675,51,83847680,84346597,85344541,0.498917,Sep7,0.18869326651435667,middle,0.0029278850338261084,False,0.1702624467192423,False,0.23599150344777464,False,0.2062349840206879,False
validation:2026.9.7/log_30_2026-9-7-06-58-22.ulg:0:2725,2026.9.7/log_30_2026-9-7-06-58-22.ulg,0,2725,51,84845597,85344541,86342522,0.498944,Sep7,0.2083908815941856,middle,0.0,False,0.06783631549822138,False,0.3150706728836466,False,0.24684794315470157,True
validation:2026.9.7/log_30_2026-9-7-06-58-22.ulg:2:25,2026.9.7/log_30_2026-9-7-06-58-22.ulg,2,25,51,87679777,88188828,89186705,0.509051,Sep7,0.08669984871670337,low,0.0,False,0.09498282174218882,False,0.11002709661515202,False,0.09054643973702503,False
validation:2026.9.7/log_30_2026-9-7-06-58-22.ulg:2:75,2026.9.7/log_30_2026-9-7-06-58-22.ulg,2,75,51,88687711,89186705,90184679,0.498994,Sep7,0.17952121564665,middle,0.0,False,0.07254167114038075,False,0.3286348191039,False,0.07651847075113322,False
validation:2026.9.7/log_30_2026-9-7-06-58-22.ulg:2:125,2026.9.7/log_30_2026-9-7-06-58-22.ulg,2,125,51,89685688,90184679,91182646,0.4989909999999999,Sep7,0.7231298022047586,high,0.12447976452730429,False,0.09912500593567103,False,1.2868460163109863,True,0.6012050223242562,True
validation:2026.9.7/log_30_2026-9-7-06-58-22.ulg:2:175,2026.9.7/log_30_2026-9-7-06-58-22.ulg,2,175,51,90683617,91182646,92180509,0.499029,Sep7,0.16159159916289384,low,0.24216058742641627,False,0.07204508131745488,False,0.17988516997599704,False,0.06693774711860816,False
validation:2026.9.7/log_30_2026-9-7-06-58-22.ulg:2:225,2026.9.7/log_30_2026-9-7-06-58-22.ulg,2,225,51,91681559,92180509,93178453,0.49895,Sep7,0.11698395195463542,low,0.005867637277659976,False,0.10247386598855691,False,0.17897486650064848,False,0.06801258420713366,False
validation:2026.9.7/log_30_2026-9-7-06-58-22.ulg:2:275,2026.9.7/log_30_2026-9-7-06-58-22.ulg,2,275,51,92679532,93178453,94186409,0.498921,Sep7,0.1343709863401152,low,0.009277273203696675,False,0.15793524331631784,False,0.22647623885660842,False,0.05476073687559247,False
validation:2026.9.7/log_30_2026-9-7-06-58-22.ulg:2:325,2026.9.7/log_30_2026-9-7-06-58-22.ulg,2,325,51,93687516,94186409,95184361,0.498893,Sep7,0.17301920776887564,low,0.0,False,0.07829868826868325,False,0.28408829271918806,False,0.16498156539847003,False
validation:2026.9.7/log_30_2026-9-7-06-58-22.ulg:2:375,2026.9.7/log_30_2026-9-7-06-58-22.ulg,2,375,51,94685518,95184361,96182309,0.498843,Sep7,0.1805682542936159,middle,0.0029337313799328722,False,0.26283194030700247,True,0.21182127496620076,False,0.09700863206580423,False
validation:2026.9.7/log_30_2026-9-7-06-58-22.ulg:2:425,2026.9.7/log_30_2026-9-7-06-58-22.ulg,2,425,51,95683413,96182309,97180253,0.4988959999999999,Sep7,0.20382970316234317,middle,0.30202872460823604,True,0.1635490147425194,False,0.2228884439709889,False,0.05768456946469001,False
validation:2026.9.7/log_30_2026-9-7-06-58-22.ulg:2:475,2026.9.7/log_30_2026-9-7-06-58-22.ulg,2,475,51,96681316,97180253,98188224,0.4989369999999999,Sep7,0.18075507763996895,middle,0.1045271352160358,False,0.0709688097158251,False,0.3273890543090165,False,0.03618774326325156,False
validation:2026.9.7/log_30_2026-9-7-06-58-22.ulg:2:525,2026.9.7/log_30_2026-9-7-06-58-22.ulg,2,525,51,97679289,98188224,99186112,0.508935,Sep7,0.14398169342572884,low,0.02181249821186708,False,0.05774606067867585,False,0.27180967887034996,False,0.060540614383415466,False
validation:2026.9.7/log_30_2026-9-7-06-58-22.ulg:2:575,2026.9.7/log_30_2026-9-7-06-58-22.ulg,2,575,51,98687201,99186112,100184064,0.498911,Sep7,0.16613594061965214,low,0.06408094933071955,False,0.0876773364898502,False,0.26531501160911486,False,0.14435412476570952,False
validation:2026.9.7/log_30_2026-9-7-06-58-22.ulg:2:625,2026.9.7/log_30_2026-9-7-06-58-22.ulg,2,625,51,99685169,100184064,101182047,0.498895,Sep7,0.1227071593811389,low,0.01874763888040176,False,0.07644274021403627,False,0.22410209453807964,False,0.07143029390046535,False
validation:2026.9.7/log_30_2026-9-7-06-58-22.ulg:2:675,2026.9.7/log_30_2026-9-7-06-58-22.ulg,2,675,51,100683050,101182047,102180005,0.4989969999999999,Sep7,0.1276002937449114,low,0.009929533044665484,False,0.17170379986840106,False,0.1640738601760841,False,0.03305202097756438,False
validation:2026.9.7/log_30_2026-9-7-06-58-22.ulg:2:725,2026.9.7/log_30_2026-9-7-06-58-22.ulg,2,725,51,101680989,102180005,103177907,0.4990159999999999,Sep7,0.07139024809483098,low,0.009928941226031279,False,0.06502540849211781,False,0.10956426601433322,False,0.06119672412091517,False
validation:2026.9.7/log_30_2026-9-7-06-58-22.ulg:2:775,2026.9.7/log_30_2026-9-7-06-58-22.ulg,2,775,51,102688969,103177907,104185848,0.488938,Sep7,0.16037293247270432,low,0.0,False,0.05467840618146568,False,0.30958635589660166,False,0.04127167607236316,False
validation:2026.9.7/log_30_2026-9-7-06-58-22.ulg:2:825,2026.9.7/log_30_2026-9-7-06-58-22.ulg,2,825,51,103686956,104185848,105183849,0.498892,Sep7,0.10383380696006025,low,0.017929674890621704,False,0.07112214763407301,False,0.15427207311977692,False,0.12022302508697333,False
validation:2026.9.7/log_30_2026-9-7-06-58-22.ulg:2:875,2026.9.7/log_30_2026-9-7-06-58-22.ulg,2,875,51,104684911,105183849,106181805,0.498938,Sep7,0.1674678909826655,low,0.067437937139893,False,0.18900005125808877,True,0.23917424393073464,False,0.07342987177513387,False
validation:2026.9.7/log_30_2026-9-7-06-58-22.ulg:2:925,2026.9.7/log_30_2026-9-7-06-58-22.ulg,2,925,51,105682823,106181805,107179682,0.498982,Sep7,0.21754381531490344,middle,0.005855421032063754,False,0.11382107497068338,False,0.4251530607097756,False,0.05926767556798946,False
validation:2026.9.7/log_30_2026-9-7-06-58-22.ulg:2:975,2026.9.7/log_30_2026-9-7-06-58-22.ulg,2,975,51,106680830,107179682,108187683,0.4988519999999999,Sep7,0.13132967234309598,low,0.004140901529337568,False,0.11883339309500343,False,0.22022266406726748,False,0.04020284130480233,False
validation:2026.9.7/log_30_2026-9-7-06-58-22.ulg:2:1025,2026.9.7/log_30_2026-9-7-06-58-22.ulg,2,1025,51,107678730,108187683,109185620,0.508953,Sep7,0.34448404311998876,high,0.49505675718991404,True,0.11956079395376912,False,0.464660792039627,False,0.1006400790563111,False
validation:2026.9.7/log_30_2026-9-7-06-58-22.ulg:2:1075,2026.9.7/log_30_2026-9-7-06-58-22.ulg,2,1075,51,108686630,109185620,110183501,0.49899,Sep7,0.12591780131288505,low,0.1205617223404915,False,0.11413128153858469,False,0.12362780032671214,False,0.15310556214541937,False
validation:2026.9.7/log_30_2026-9-7-06-58-22.ulg:2:1125,2026.9.7/log_30_2026-9-7-06-58-22.ulg,2,1125,51,109684617,110183501,111181481,0.498884,Sep7,0.1782742823013635,middle,0.01804869550160096,False,0.18792717290442215,True,0.30064108238550313,False,0.12750923634011893,False
validation:2026.9.7/log_30_2026-9-7-06-58-22.ulg:2:1175,2026.9.7/log_30_2026-9-7-06-58-22.ulg,2,1175,51,110682520,111181481,112179428,0.498961,Sep7,0.12232738866342792,low,0.057636396539990184,False,0.0958929240232855,False,0.18956468722140699,False,0.07734336247089806,False
validation:2026.9.7/log_30_2026-9-7-06-58-22.ulg:2:1225,2026.9.7/log_30_2026-9-7-06-58-22.ulg,2,1225,51,111680468,112179428,113187362,0.4989599999999999,Sep7,0.17243577807196817,low,0.007465116395336928,False,0.09567922639652385,False,0.30032764050101085,False,0.13662704798152808,False
validation:2026.9.7/log_30_2026-9-7-06-58-22.ulg:2:1275,2026.9.7/log_30_2026-9-7-06-58-22.ulg,2,1275,51,112688393,113187362,114185299,0.498969,Sep7,0.1943271447940684,middle,0.0,False,0.09873668579188924,False,0.3517166895284577,False,0.14060565979973966,False
validation:2026.9.7/log_30_2026-9-7-06-58-22.ulg:2:1325,2026.9.7/log_30_2026-9-7-06-58-22.ulg,2,1325,51,113686395,114185299,115183216,0.4989039999999999,Sep7,0.1558385514363727,low,0.0,False,0.11308925597676378,False,0.258913974660433,False,0.13433447710709565,False
validation:2026.9.7/log_30_2026-9-7-06-58-22.ulg:2:1375,2026.9.7/log_30_2026-9-7-06-58-22.ulg,2,1375,51,114684290,115183216,116181174,0.498926,Sep7,0.20488592912843787,middle,0.0,False,0.0893635611364144,False,0.20737901171018241,False,0.33975428447278816,True
validation:2026.9.7/log_30_2026-9-7-06-58-22.ulg:2:1425,2026.9.7/log_30_2026-9-7-06-58-22.ulg,2,1425,51,115682231,116181174,117179106,0.4989429999999999,Sep7,0.15728245276959837,low,0.006210982085859137,False,0.0963171367676202,False,0.2913256779381148,False,0.09698719526904125,False
validation:2026.9.7/log_30_2026-9-7-06-58-22.ulg:2:1475,2026.9.7/log_30_2026-9-7-06-58-22.ulg,2,1475,51,116690149,117179106,118187043,0.488957,Sep7,0.24840913245420826,middle,0.0,False,0.1805222140250447,True,0.4617625230781792,False,0.14147903302052017,False
validation:2026.9.7/log_30_2026-9-7-06-58-22.ulg:2:1525,2026.9.7/log_30_2026-9-7-06-58-22.ulg,2,1525,51,117678219,118187043,119185084,0.5088239999999999,Sep7,0.11013389958425895,low,0.0035859121792027157,False,0.07915251189821186,False,0.18150638781257097,False,0.08698961746743071,False
validation:2026.9.7/log_30_2026-9-7-06-58-22.ulg:2:1575,2026.9.7/log_30_2026-9-7-06-58-22.ulg,2,1575,51,118686081,119185084,120182950,0.499003,Sep7,0.3117684107281872,middle,0.09163489877324674,False,0.07074292197947463,False,0.6002102393226718,True,0.03975420304734315,False
validation:2026.9.7/log_30_2026-9-7-06-58-22.ulg:2:1625,2026.9.7/log_30_2026-9-7-06-58-22.ulg,2,1625,51,119684058,120182950,121180890,0.498892,Sep7,0.12372263782633833,low,0.08688076847821985,False,0.06329893034397585,False,0.21129870295666678,False,0.060687032412106295,False
validation:2026.9.7/log_30_2026-9-7-06-58-22.ulg:2:1675,2026.9.7/log_30_2026-9-7-06-58-22.ulg,2,1675,51,120682015,121180890,122178927,0.4988749999999999,Sep7,0.14124900195547976,low,0.0407285158514883,False,0.08226310891031917,False,0.25432780489673745,False,0.024923253115897992,False
validation:2026.9.7/log_30_2026-9-7-06-58-22.ulg:2:1725,2026.9.7/log_30_2026-9-7-06-58-22.ulg,2,1725,51,121679927,122178927,123186775,0.499,Sep7,0.08059608167715135,low,0.037151411486434534,False,0.09186909514203004,False,0.13387745157341133,False,0.03518617128509832,False
validation:2026.9.7/log_30_2026-9-7-06-58-22.ulg:2:1775,2026.9.7/log_30_2026-9-7-06-58-22.ulg,2,1775,51,122687830,123186775,124184741,0.4989449999999999,Sep7,0.1238396425170517,low,0.009928941226031279,False,0.10541637898551205,False,0.22452046810737133,False,0.06162099829124039,False
validation:2026.9.7/log_30_2026-9-7-06-58-22.ulg:2:1825,2026.9.7/log_30_2026-9-7-06-58-22.ulg,2,1825,51,123685793,124184741,125182725,0.498948,Sep7,0.13665752437168482,low,0.03056826791280943,False,0.08353085919158343,False,0.23839160074359642,False,0.06617713052592786,False
validation:2026.9.7/log_30_2026-9-7-06-58-22.ulg:2:1875,2026.9.7/log_30_2026-9-7-06-58-22.ulg,2,1875,51,124683713,125182725,126180572,0.4990119999999999,Sep7,0.0916988016745959,low,0.009258785434009643,False,0.09635980552040034,False,0.15017166493343803,False,0.024894843205156402,False
validation:2026.9.7/log_30_2026-9-7-06-58-22.ulg:2:1925,2026.9.7/log_30_2026-9-7-06-58-22.ulg,2,1925,51,125681653,126180572,127188513,0.498919,Sep7,0.11274672527626692,low,0.0,False,0.08788760111712318,False,0.21493322287161748,False,0.03172124953200717,False
validation:2026.9.7/log_30_2026-9-7-06-58-22.ulg:2:1975,2026.9.7/log_30_2026-9-7-06-58-22.ulg,2,1975,51,126689589,127188513,128186461,0.498924,Sep7,0.1258048945213723,low,0.0,False,0.0893834741818346,False,0.22365861017771652,False,0.03878496344378289,False
validation:2026.9.7/log_30_2026-9-7-06-58-22.ulg:2:2025,2026.9.7/log_30_2026-9-7-06-58-22.ulg,2,2025,51,127677557,128186461,129184393,0.508904,Sep7,0.08739238791868965,low,0.008783655101478327,False,0.07111126766126688,False,0.15193143457293573,False,0.02539721655739965,False
validation:2026.9.7/log_30_2026-9-7-06-58-22.ulg:2:2075,2026.9.7/log_30_2026-9-7-06-58-22.ulg,2,2075,51,128685533,129184393,130182357,0.4988599999999999,Sep7,0.10057171554214524,low,0.005855770067652218,False,0.06703712182545997,False,0.18463869967328664,False,0.027766342082474155,False
validation:2026.9.7/log_30_2026-9-7-06-58-22.ulg:2:2125,2026.9.7/log_30_2026-9-7-06-58-22.ulg,2,2125,51,129683453,130182357,131180292,0.4989039999999999,Sep7,0.12436202561271065,low,0.08764249392937487,False,0.10787207607087825,False,0.21325192626208284,False,0.03821257005957442,False
validation:2026.9.7/log_30_2026-9-7-06-58-22.ulg:2:2175,2026.9.7/log_30_2026-9-7-06-58-22.ulg,2,2175,51,130681391,131180292,132178277,0.498901,Sep7,0.1192048108608517,low,0.08636135507282748,False,0.16240076808655224,False,0.15016633290189335,False,0.05501166180147746,False
validation:2026.9.7/log_30_2026-9-7-06-58-22.ulg:2:2225,2026.9.7/log_30_2026-9-7-06-58-22.ulg,2,2225,51,131679306,132178277,133186232,0.498971,Sep7,0.14900146129085956,low,0.0,False,0.054736217396144204,False,0.2391208764911842,False,0.16051347335452718,False
validation:2026.9.7/log_30_2026-9-7-06-58-22.ulg:2:2275,2026.9.7/log_30_2026-9-7-06-58-22.ulg,2,2275,51,132687263,133186232,134184115,0.498969,Sep7,0.12915088996982654,low,0.020284982549229367,False,0.07737340459030391,False,0.2292094592986428,False,0.09985795884740034,False
validation:2026.9.7/log_30_2026-9-7-06-58-22.ulg:2:2325,2026.9.7/log_30_2026-9-7-06-58-22.ulg,2,2325,51,133685198,134184115,135181958,0.498917,Sep7,0.22261974195005446,middle,0.0,False,0.07632928625818433,False,0.32705722448536384,False,0.2921579493584338,True
validation:2026.9.7/log_30_2026-9-7-06-58-22.ulg:2:2375,2026.9.7/log_30_2026-9-7-06-58-22.ulg,2,2375,51,134683130,135181958,136180014,0.498828,Sep7,0.18448242620598126,middle,0.004140654723906091,False,0.16237473794640697,False,0.29058017028034894,False,0.06369847276867034,False
validation:2026.9.7/log_30_2026-9-7-06-58-22.ulg:2:2425,2026.9.7/log_30_2026-9-7-06-58-22.ulg,2,2425,51,135681059,136180014,137187902,0.498955,Sep7,0.19909504593882996,middle,0.005855770067652217,False,0.06378679957014545,False,0.37125962925664197,False,0.08926716973922841,False
validation:2026.9.7/log_30_2026-9-7-06-58-22.ulg:2:2475,2026.9.7/log_30_2026-9-7-06-58-22.ulg,2,2475,51,136689132,137187902,138185839,0.49877,Sep7,0.24469072961220295,middle,0.017567310202956654,False,0.11911696143237391,False,0.37950193856042996,False,0.2623536164388592,True
validation:2026.9.7/log_30_2026-9-7-06-58-22.ulg:2:2525,2026.9.7/log_30_2026-9-7-06-58-22.ulg,2,2525,51,137686943,138185839,139183809,0.4988959999999999,Sep7,0.23002435339372596,middle,0.004140654723906091,False,0.21221489594032314,True,0.35538841951723976,False,0.1400782913348247,False
validation:2026.9.7/log_30_2026-9-7-06-58-22.ulg:2:2575,2026.9.7/log_30_2026-9-7-06-58-22.ulg,2,2575,51,138684907,139183809,140181735,0.4989019999999999,Sep7,0.1308690324816304,low,0.13369413730415547,False,0.08352025781043079,False,0.19400870695296166,False,0.04134868304540807,False
validation:2026.9.7/log_30_2026-9-7-06-58-22.ulg:2:2625,2026.9.7/log_30_2026-9-7-06-58-22.ulg,2,2625,51,139682845,140181735,141189642,0.49889,Sep7,0.1413832708915535,low,0.1095919625757427,False,0.11090732632118941,False,0.23011890587314318,False,0.067925711010836,False
validation:2026.9.7/log_30_2026-9-7-06-58-22.ulg:2:2675,2026.9.7/log_30_2026-9-7-06-58-22.ulg,2,2675,51,140680829,141189642,142187652,0.508813,Sep7,0.14859923953395193,low,0.0029280595516203403,False,0.06401353360762989,False,0.23209731986454255,False,0.1639495007384051,False
validation:2026.9.7/log_30_2026-9-7-06-58-22.ulg:2:2725,2026.9.7/log_30_2026-9-7-06-58-22.ulg,2,2725,51,141678704,142187652,143185577,0.508948,Sep7,0.1164531408632721,low,0.003586125918976167,False,0.11639867741094151,False,0.16845247017835396,False,0.11352541001085349,False
validation:2026.9.7/log_30_2026-9-7-06-58-22.ulg:2:2775,2026.9.7/log_30_2026-9-7-06-58-22.ulg,2,2775,51,142686726,143185577,144183605,0.498851,Sep7,0.12975055008907685,low,0.002070450764668784,False,0.0699215674155057,False,0.23073691165343088,False,0.07689276453077798,False
validation:2026.9.7/log_30_2026-9-7-06-58-22.ulg:2:2825,2026.9.7/log_30_2026-9-7-06-58-22.ulg,2,2825,51,143684699,144183605,145181431,0.4989059999999999,Sep7,0.17707116555733676,middle,0.0,False,0.09722689585722237,False,0.31639076879706335,False,0.1254041858607662,False
validation:2026.9.7/log_30_2026-9-7-06-58-22.ulg:2:2875,2026.9.7/log_30_2026-9-7-06-58-22.ulg,2,2875,51,144682500,145181431,146179368,0.4989309999999999,Sep7,0.2616101246708634,middle,0.0,False,0.3399650834489405,True,0.25590500896187846,False,0.2380783356623933,True
validation:2026.9.7/log_30_2026-9-7-06-58-22.ulg:2:2925,2026.9.7/log_30_2026-9-7-06-58-22.ulg,2,2925,51,145680488,146179368,147187325,0.49888,Sep7,0.16840947487004534,low,0.057673275762423315,False,0.08075906415024282,False,0.26908035077228837,False,0.16639673059325857,False
validation:2026.9.7/log_30_2026-9-7-06-58-22.ulg:2:2975,2026.9.7/log_30_2026-9-7-06-58-22.ulg,2,2975,51,146688456,147187325,148185236,0.4988689999999999,Sep7,0.20373633037895894,middle,0.010955142664440332,False,0.18524862675731835,True,0.2994126111493649,False,0.1268477985039066,False
validation:2026.9.7/log_30_2026-9-7-06-58-22.ulg:2:3025,2026.9.7/log_30_2026-9-7-06-58-22.ulg,2,3025,51,147686351,148185236,149183188,0.4988849999999999,Sep7,0.21518730908701023,middle,0.0,False,0.11365402629585926,False,0.2633563736089672,False,0.3153034003410986,True
validation:2026.9.7/log_30_2026-9-7-06-58-22.ulg:2:3075,2026.9.7/log_30_2026-9-7-06-58-22.ulg,2,3075,51,148684340,149183188,150181169,0.4988479999999999,Sep7,0.11562124270479562,low,0.0896732230981367,False,0.08017689085657828,False,0.1529047553753402,False,0.11394267675914246,False
validation:2026.9.7/log_30_2026-9-7-06-58-22.ulg:2:3125,2026.9.7/log_30_2026-9-7-06-58-22.ulg,2,3125,51,149682271,150181169,151189064,0.4988979999999999,Sep7,0.17021948991768887,low,0.00414077812662183,False,0.12959037486165048,False,0.29838699373269334,False,0.126520883335838,False
validation:2026.9.7/log_30_2026-9-7-06-58-22.ulg:2:3175,2026.9.7/log_30_2026-9-7-06-58-22.ulg,2,3175,51,150680229,151189064,152186982,0.5088349999999999,Sep7,0.16096287642058718,low,0.008281309447812182,False,0.10497337516999927,False,0.1864310751270608,False,0.2481812860879999,True
validation:2026.9.7/log_30_2026-9-7-06-58-22.ulg:2:3225,2026.9.7/log_30_2026-9-7-06-58-22.ulg,2,3225,51,151688153,152186982,153184931,0.4988289999999999,Sep7,0.16779642535267617,low,0.20732479596410755,False,0.14930505199997682,False,0.2244149400644396,False,0.05447961847665372,False
validation:2026.9.7/log_30_2026-9-7-06-58-22.ulg:2:3275,2026.9.7/log_30_2026-9-7-06-58-22.ulg,2,3275,51,152686036,153184931,154182861,0.498895,Sep7,0.13819484726054793,low,0.0,False,0.24207758437631363,True,0.14570200296773508,False,0.03741494394231362,False
validation:2026.9.7/log_30_2026-9-7-06-58-22.ulg:2:3325,2026.9.7/log_30_2026-9-7-06-58-22.ulg,2,3325,51,153683972,154182861,155180824,0.4988889999999999,Sep7,0.14554114852277747,low,0.024054934597451307,False,0.12088472958320837,False,0.2683546756103673,False,0.0648865624584488,False
validation:2026.9.7/log_30_2026-9-7-06-58-22.ulg:2:3375,2026.9.7/log_30_2026-9-7-06-58-22.ulg,2,3375,51,154681980,155180824,156178779,0.4988439999999999,Sep7,0.07600067088991354,low,0.012762875465926986,False,0.06869181029405827,False,0.1351994066520811,False,0.03407632898568547,False
validation:2026.9.7/log_30_2026-9-7-06-58-22.ulg:2:3425,2026.9.7/log_30_2026-9-7-06-58-22.ulg,2,3425,51,155680006,156178779,157186646,0.4987729999999999,Sep7,0.13816384805007964,low,0.08320149302457103,False,0.10997544671772362,False,0.24836074810661074,False,0.04865498278975706,False
validation:2026.9.7/log_30_2026-9-7-06-58-22.ulg:2:3475,2026.9.7/log_30_2026-9-7-06-58-22.ulg,2,3475,51,156687698,157186646,158184621,0.498948,Sep7,0.195383250943611,middle,0.31934483569580874,True,0.057272090609379114,False,0.20898409799056392,False,0.05426696952804957,False
validation:2026.9.7/log_30_2026-9-7-06-58-22.ulg:2:3525,2026.9.7/log_30_2026-9-7-06-58-22.ulg,2,3525,51,157685652,158184621,159182516,0.498969,Sep7,0.13923457838038086,low,0.0029278850338261084,False,0.0822246541789445,False,0.23850074537578003,False,0.11190460505205185,False
validation:2026.9.7/log_30_2026-9-7-06-58-22.ulg:2:3575,2026.9.7/log_30_2026-9-7-06-58-22.ulg,2,3575,51,158686139,159182516,160180463,0.4963769999999999,Sep7,0.10512373650634389,low,0.007171824358405432,False,0.0652212295166854,False,0.1709350698754027,False,0.09658245721318938,False
validation:2026.9.7/log_30_2026-9-7-06-58-22.ulg:2:3625,2026.9.7/log_30_2026-9-7-06-58-22.ulg,2,3625,51,159681561,160180463,161188412,0.4989019999999999,Sep7,0.2728813775899684,middle,0.008783655101478327,False,0.09861395226311369,False,0.5032125812457082,True,0.09013854354347253,False
validation:2026.9.7/log_30_2026-9-7-06-58-22.ulg:2:3675,2026.9.7/log_30_2026-9-7-06-58-22.ulg,2,3675,51,160679521,161188412,162186375,0.508891,Sep7,0.1651506126329364,low,0.006210982085859137,False,0.07495050626154942,False,0.3136972200680741,False,0.0696189992963528,False
validation:2026.9.7/log_30_2026-9-7-06-58-22.ulg:2:3725,2026.9.7/log_30_2026-9-7-06-58-22.ulg,2,3725,51,161687345,162186375,163184319,0.49903,Sep7,0.1385473122297939,low,0.0,False,0.04978409426810308,False,0.22114892316013293,False,0.14574113424467658,False
validation:2026.9.7/log_30_2026-9-7-06-58-22.ulg:2:3775,2026.9.7/log_30_2026-9-7-06-58-22.ulg,2,3775,51,162685338,163184319,164182219,0.4989809999999999,Sep7,0.3599807198948469,high,0.005477571332220166,False,0.19410822357391944,True,0.5483872045390557,True,0.35774331957688155,True
validation:2026.9.7/log_30_2026-9-7-06-58-22.ulg:2:3825,2026.9.7/log_30_2026-9-7-06-58-22.ulg,2,3825,51,163683237,164182219,165180127,0.498982,Sep7,0.13597762122781074,low,0.005855770067652218,False,0.07854098335796394,False,0.24082401111788101,False,0.06074551558638459,False
validation:2026.9.7/log_30_2026-9-7-06-58-22.ulg:2:3875,2026.9.7/log_30_2026-9-7-06-58-22.ulg,2,3875,51,164681187,165180127,166178071,0.49894,Sep7,0.18764586208817752,middle,0.17730262026084656,False,0.14612507003743194,False,0.2773507330297702,False,0.05344139530984431,False
validation:2026.9.7/log_30_2026-9-7-06-58-22.ulg:2:3925,2026.9.7/log_30_2026-9-7-06-58-22.ulg,2,3925,51,165689149,166178071,167186078,0.4889219999999999,Sep7,0.23101614021433164,middle,0.0029280595516203403,False,0.10273752691467042,False,0.411002688650838,False,0.12271407805688339,False
validation:2026.9.7/log_30_2026-9-7-06-58-22.ulg:2:3975,2026.9.7/log_30_2026-9-7-06-58-22.ulg,2,3975,51,166687063,167186078,168183925,0.499015,Sep7,0.08267950522963523,low,0.007171824358405432,False,0.06560143643492834,False,0.14095427549859255,False,0.039122825646913495,False
validation:2026.9.7/log_30_2026-9-7-06-58-22.ulg:2:4025,2026.9.7/log_30_2026-9-7-06-58-22.ulg,2,4025,51,167684985,168183925,169181897,0.49894,Sep7,0.21865882505417364,middle,0.00948743184948807,False,0.08795028314556627,False,0.40715472846717515,False,0.05042360860521709,False
validation:2026.9.7/log_30_2026-9-7-06-58-22.ulg:2:4075,2026.9.7/log_30_2026-9-7-06-58-22.ulg,2,4075,51,168682975,169181897,170179857,0.498922,Sep7,0.1268868397962327,low,0.0020703273619530455,False,0.16752340415577274,False,0.16910039132798785,False,0.0912167446015095,False
validation:2026.9.7/log_30_2026-9-7-06-58-22.ulg:2:4125,2026.9.7/log_30_2026-9-7-06-58-22.ulg,2,4125,51,169680869,170179857,171187729,0.498988,Sep7,0.17010142201526002,low,0.0035859121792027157,False,0.14403667383724095,False,0.32286199560589357,False,0.041428734829053876,False
validation:2026.9.7/log_30_2026-9-7-06-58-22.ulg:2:4175,2026.9.7/log_30_2026-9-7-06-58-22.ulg,2,4175,51,170678916,171187729,172185686,0.508813,Sep7,0.05879896840310219,low,0.0,False,0.05452762860234842,False,0.07459484028939528,False,0.07415549469767026,False
validation:2026.9.7/log_30_2026-9-7-06-58-22.ulg:2:4225,2026.9.7/log_30_2026-9-7-06-58-22.ulg,2,4225,51,171686687,172185686,173183648,0.4989989999999999,Sep7,0.15839051470424645,low,0.01242233437986549,False,0.11454505568690994,False,0.29283931361178955,False,0.07694177180040514,False
validation:2026.9.7/log_30_2026-9-7-06-58-22.ulg:2:4275,2026.9.7/log_30_2026-9-7-06-58-22.ulg,2,4275,51,172684629,173183648,174181554,0.499019,Sep7,0.11986414362527979,low,0.0,False,0.12559466244797976,False,0.17641048368807105,False,0.11272918503662029,False
validation:2026.9.7/log_30_2026-9-7-06-58-22.ulg:2:4325,2026.9.7/log_30_2026-9-7-06-58-22.ulg,2,4325,51,173682558,174181554,175179459,0.498996,Sep7,0.11650231219572445,low,0.09090716664612054,False,0.10762091715526838,False,0.17953785753059143,False,0.06423404285088645,False
validation:2026.9.7/log_30_2026-9-7-06-58-22.ulg:2:4375,2026.9.7/log_30_2026-9-7-06-58-22.ulg,2,4375,51,174680575,175179459,176187394,0.498884,Sep7,0.10305311838248478,low,0.0029279722940234614,False,0.09187835381540296,False,0.1487621108764915,False,0.10995380880944827,False
validation:2026.9.7/log_30_2026-9-7-06-58-22.ulg:2:4425,2026.9.7/log_30_2026-9-7-06-58-22.ulg,2,4425,51,175688444,176187394,177185346,0.49895,Sep7,0.17145479786221735,low,0.08409799423123535,False,0.08352377527103645,False,0.29945003361785627,False,0.13024218007327645,False
validation:2026.9.7/log_30_2026-9-7-06-58-22.ulg:2:4475,2026.9.7/log_30_2026-9-7-06-58-22.ulg,2,4475,51,176686424,177185346,178183289,0.498922,Sep7,0.2204223606022149,middle,0.006866908333310785,False,0.10289053871604015,False,0.3981067843063059,False,0.07364277872932988,False
validation:2026.9.7/log_30_2026-9-7-06-58-22.ulg:2:4525,2026.9.7/log_30_2026-9-7-06-58-22.ulg,2,4525,51,177684346,178183289,179181194,0.4989429999999999,Sep7,0.12682332135044935,low,0.003586125918976167,False,0.06474949141528112,False,0.12185054246994687,False,0.20726668562705533,False
validation:2026.9.7/log_30_2026-9-7-06-58-22.ulg:2:4575,2026.9.7/log_30_2026-9-7-06-58-22.ulg,2,4575,51,178682271,179181194,180179154,0.4989229999999999,Sep7,0.10586149388351485,low,0.006211352294006353,False,0.07140808953656898,False,0.15617359500387856,False,0.11706818308377144,False
validation:2026.9.7/log_30_2026-9-7-06-58-22.ulg:2:4625,2026.9.7/log_30_2026-9-7-06-58-22.ulg,2,4625,51,179690171,180179154,181187034,0.488983,Sep7,0.09041197242582967,low,0.0020703273619530455,False,0.07103811373773088,False,0.0877664790691177,False,0.1416352065701789,False
validation:2026.9.7/log_30_2026-9-7-06-58-22.ulg:2:4675,2026.9.7/log_30_2026-9-7-06-58-22.ulg,2,4675,51,180678095,181187034,182185024,0.508939,Sep7,0.16284180814248253,low,0.0035859121792027157,False,0.09122737686834506,False,0.2612057272433272,False,0.15466576290855016,False
validation:2026.9.7/log_30_2026-9-7-06-58-22.ulg:2:4725,2026.9.7/log_30_2026-9-7-06-58-22.ulg,2,4725,51,181685999,182185024,183182938,0.499025,Sep7,0.10855818138071863,low,0.008281309447812182,False,0.11124060596721146,False,0.1483745492318641,False,0.12011143385899772,False
validation:2026.9.7/log_30_2026-9-7-06-58-22.ulg:2:4775,2026.9.7/log_30_2026-9-7-06-58-22.ulg,2,4775,51,182683955,183182938,184180909,0.4989829999999999,Sep7,0.7363985567920416,high,0.016819418998675197,False,0.12706851054902302,False,1.40408024482226,True,0.40618762435674777,True
validation:2026.9.7/log_30_2026-9-7-06-58-22.ulg:2:4825,2026.9.7/log_30_2026-9-7-06-58-22.ulg,2,4825,51,183681865,184180909,185178793,0.499044,Sep7,0.126866602553836,low,0.0,False,0.07828719348751294,False,0.22146412124134385,False,0.10115049080378316,False
validation:2026.9.7/log_30_2026-9-7-06-58-22.ulg:2:4875,2026.9.7/log_30_2026-9-7-06-58-22.ulg,2,4875,51,184679803,185178793,186186697,0.49899,Sep7,0.3106660955461021,middle,0.006210982085859137,False,0.08202065187650055,False,0.5645461399813344,True,0.21924459708519042,False
validation:2026.9.7/log_30_2026-9-7-06-58-22.ulg:2:4925,2026.9.7/log_30_2026-9-7-06-58-22.ulg,2,4925,51,185687738,186186697,187184616,0.498959,Sep7,0.565267206404999,high,0.010142491274614683,False,0.14334333275773714,False,0.9752513976090035,True,0.4740604071900342,True
validation:2026.9.7/log_30_2026-9-7-06-58-22.ulg:2:4975,2026.9.7/log_30_2026-9-7-06-58-22.ulg,2,4975,51,186685644,187184616,188182547,0.4989719999999999,Sep7,0.18245257413513039,middle,0.008536178392938774,False,0.09204776297877638,False,0.3333883452663482,False,0.03759671192100705,False
validation:2026.9.7/log_30_2026-9-7-06-58-22.ulg:2:5025,2026.9.7/log_30_2026-9-7-06-58-22.ulg,2,5025,51,187683620,188182547,189180483,0.4989269999999999,Sep7,0.06938337467792358,low,0.008281309447812182,False,0.06868157641317821,False,0.10687547482503121,False,0.06160827120991695,False
validation:2026.9.7/log_30_2026-9-7-06-58-22.ulg:2:5075,2026.9.7/log_30_2026-9-7-06-58-22.ulg,2,5075,51,188681531,189180483,190188385,0.4989519999999999,Sep7,0.12689750887678222,low,0.0029278850338261084,False,0.084771418144088,False,0.1933542242503499,False,0.12718300060079551,False
validation:2026.9.7/log_30_2026-9-7-06-58-22.ulg:2:5125,2026.9.7/log_30_2026-9-7-06-58-22.ulg,2,5125,51,189689515,190188385,191186321,0.49887,Sep7,0.09793513219520263,low,0.003586125918976167,False,0.12371072579100265,False,0.12812846322839905,False,0.06555615648421889,False
validation:2026.9.7/log_30_2026-9-7-06-58-22.ulg:2:5175,2026.9.7/log_30_2026-9-7-06-58-22.ulg,2,5175,51,190677375,191186321,192184286,0.508946,Sep7,0.2075455282711757,middle,0.0,False,0.33483249545559046,True,0.19410029020919292,False,0.1696187021932132,False
validation:2026.9.7/log_30_2026-9-7-06-58-22.ulg:2:5225,2026.9.7/log_30_2026-9-7-06-58-22.ulg,2,5225,51,191685362,192184286,193182197,0.498924,Sep7,0.18486678450497315,middle,0.023054677413880644,False,0.22448397687716704,True,0.24608587617893415,False,0.0866518661956521,False
validation:2026.9.7/log_30_2026-9-7-06-58-22.ulg:2:5275,2026.9.7/log_30_2026-9-7-06-58-22.ulg,2,5275,51,192683271,193182197,194180158,0.498926,Sep7,0.11642446178981715,low,0.0,False,0.09633896914455996,False,0.17784601872761385,False,0.09231781705614289,False
validation:2026.9.7/log_30_2026-9-7-06-58-22.ulg:2:5325,2026.9.7/log_30_2026-9-7-06-58-22.ulg,2,5325,51,193681227,194180158,195188080,0.4989309999999999,Sep7,0.2841906630839383,middle,0.0,False,0.1858371376945705,True,0.4737843319333451,False,0.15160271536937903,False
validation:2026.9.7/log_30_2026-9-7-06-58-22.ulg:2:5375,2026.9.7/log_30_2026-9-7-06-58-22.ulg,2,5375,51,194679106,195188080,196186039,0.5089739999999999,Sep7,0.3122516760026437,middle,0.2774271928495771,False,0.35046975442686545,True,0.2432075243656015,False,0.3822974518476304,True
validation:2026.9.7/log_30_2026-9-7-06-58-22.ulg:2:5425,2026.9.7/log_30_2026-9-7-06-58-22.ulg,2,5425,51,195686994,196186039,197183895,0.4990449999999999,Sep7,0.6992450611740365,high,0.011149054048837159,False,0.1320841749220939,False,1.35488629894073,True,0.24210773650047449,True
validation:9.17数据/log_10_2026-9-17-06-34-34.ulg:0:25,9.17数据/log_10_2026-9-17-06-34-34.ulg,0,25,51,122964716,123463769,124461690,0.4990529999999999,Sep17,0.772712686775886,high,0.12982290601132074,False,0.5695019634087032,True,0.5695019634087032,True,1.2520046420655695,True
validation:9.17数据/log_10_2026-9-17-06-34-34.ulg:0:75,9.17数据/log_10_2026-9-17-06-34-34.ulg,0,75,51,123962749,124461690,125459692,0.4989409999999999,Sep17,0.5144159255932945,high,0.25351457054622445,False,0.5593514057806492,True,0.5476165650084338,True,0.4968689373495683,True
validation:9.17数据/log_10_2026-9-17-06-34-34.ulg:0:125,9.17数据/log_10_2026-9-17-06-34-34.ulg,0,125,51,124960714,125459692,126457790,0.498978,Sep17,0.12773235607099767,low,0.0565475843438714,False,0.16506629883875368,False,0.11035350612594357,False,0.15256477014495143,False
validation:9.17数据/log_10_2026-9-17-06-34-34.ulg:0:175,9.17数据/log_10_2026-9-17-06-34-34.ulg,0,175,51,125968650,126457790,127465625,0.4891399999999999,Sep17,0.14206872918503077,low,0.04934221697128092,False,0.09427494631265634,False,0.23216585873296947,False,0.088646576032983,False
validation:9.17数据/log_10_2026-9-17-06-34-34.ulg:0:225,9.17数据/log_10_2026-9-17-06-34-34.ulg,0,225,51,126956713,127465625,128463614,0.508912,Sep17,0.554984473551155,high,0.032930851910575216,False,0.06937741639502593,False,0.9743692315967675,True,0.47426773155304514,True
validation:9.17数据/log_10_2026-9-17-06-34-34.ulg:0:275,9.17数据/log_10_2026-9-17-06-34-34.ulg,0,275,51,127964622,128463614,129461617,0.498992,Sep17,0.14911708951769018,low,0.06458058282818789,False,0.12194837620061044,False,0.23424566322664095,False,0.07333460675669397,False
validation:9.17数据/log_10_2026-9-17-06-34-34.ulg:0:325,9.17数据/log_10_2026-9-17-06-34-34.ulg,0,325,51,128962647,129461617,130459596,0.4989699999999999,Sep17,0.19020757296612076,middle,0.029930716908006624,False,0.0707375375069278,False,0.3625041276412308,False,0.08383774178805617,False
validation:9.17数据/log_10_2026-9-17-06-34-34.ulg:0:375,9.17数据/log_10_2026-9-17-06-34-34.ulg,0,375,51,129960595,130459596,131457633,0.499001,Sep17,0.12782763524366247,low,0.03153479730112437,False,0.12544887164524796,False,0.20563853277274624,False,0.06535048910244581,False
validation:9.17数据/log_10_2026-9-17-06-34-34.ulg:0:425,9.17数据/log_10_2026-9-17-06-34-34.ulg,0,425,51,130958645,131457633,132465556,0.498988,Sep17,0.20179933839188935,middle,0.047347283118197074,False,0.11354076426291665,False,0.3559018222646755,False,0.07329713577697504,False
validation:9.17数据/log_10_2026-9-17-06-34-34.ulg:0:475,9.17数据/log_10_2026-9-17-06-34-34.ulg,0,475,51,131966572,132465556,133463601,0.498984,Sep17,0.36185835506145153,high,0.027073486784820133,False,0.07721436352438596,False,0.696908133667886,True,0.1019632557948221,False
validation:9.17数据/log_10_2026-9-17-06-34-34.ulg:0:525,9.17数据/log_10_2026-9-17-06-34-34.ulg,0,525,51,132964589,133463601,134461578,0.4990119999999999,Sep17,0.2779633233505623,middle,0.02405538066993966,False,0.12194044653355435,False,0.45144412588639404,False,0.3063471669619371,True
validation:9.17数据/log_10_2026-9-17-06-34-34.ulg:0:575,9.17数据/log_10_2026-9-17-06-34-34.ulg,0,575,51,133962537,134461578,135459575,0.4990409999999999,Sep17,0.09195530987465957,low,0.0,False,0.113087037914753,False,0.14594403539154396,False,0.04837682856647883,False
validation:9.17数据/log_10_2026-9-17-06-34-34.ulg:1:25,9.17数据/log_10_2026-9-17-06-34-34.ulg,1,25,51,135938562,136437600,137445507,0.499038,Sep17,0.42850317158958773,high,0.39081972792732134,True,0.1500880661037667,False,0.7314215085418474,True,0.19924688426333786,False
validation:9.17数据/log_10_2026-9-17-06-34-34.ulg:1:75,9.17数据/log_10_2026-9-17-06-34-34.ulg,1,75,51,136946517,137445507,138443500,0.49899,Sep17,0.24868054317223265,middle,0.40134007985439357,True,0.2073543308185022,True,0.2085988439157455,False,0.09187073062467906,False
validation:9.17数据/log_10_2026-9-17-06-34-34.ulg:1:125,9.17数据/log_10_2026-9-17-06-34-34.ulg,1,125,51,137944531,138443500,139441491,0.498969,Sep17,0.23988347444068278,middle,0.3159084091695636,True,0.10193976953885692,False,0.3081607755249446,False,0.14626307509326264,False
validation:9.17数据/log_10_2026-9-17-06-34-34.ulg:1:175,9.17数据/log_10_2026-9-17-06-34-34.ulg,1,175,51,138942523,139441491,140439506,0.4989679999999999,Sep17,0.20705577404041461,middle,0.039773459622870676,False,0.0821308527784015,False,0.3770151258810534,False,0.12860145267535916,False
validation:9.17数据/log_10_2026-9-17-06-34-34.ulg:1:225,9.17数据/log_10_2026-9-17-06-34-34.ulg,1,225,51,139940495,140439506,141437530,0.499011,Sep17,0.1660631786412212,low,0.13539917421078196,False,0.09383846410189342,False,0.28922746348573014,False,0.03904300468693929,False
validation:9.17数据/log_10_2026-9-17-06-34-34.ulg:1:275,9.17数据/log_10_2026-9-17-06-34-34.ulg,1,275,51,140938477,141437530,142445458,0.4990529999999999,Sep17,0.2185730682915711,middle,0.3034179053583243,True,0.21151441858978562,True,0.2042653846092624,False,0.14742384410695025,False
validation:9.17数据/log_10_2026-9-17-06-34-34.ulg:1:325,9.17数据/log_10_2026-9-17-06-34-34.ulg,1,325,51,141936480,142445458,143443446,0.5089779999999999,Sep17,0.3391237596977777,high,0.20439244340622317,False,0.10925387248559945,False,0.6364397725874359,True,0.03234086530598991,False
validation:9.17数据/log_10_2026-9-17-06-34-34.ulg:1:375,9.17数据/log_10_2026-9-17-06-34-34.ulg,1,375,51,142944495,143443446,144441460,0.498951,Sep17,0.2361688794442446,middle,0.2865781347746341,False,0.16468844424430124,False,0.31815414530887137,False,0.04860193864361567,False
validation:9.17数据/log_10_2026-9-17-06-34-34.ulg:1:425,9.17数据/log_10_2026-9-17-06-34-34.ulg,1,425,51,143942437,144441460,145439499,0.499023,Sep17,0.3289642491879166,high,0.09032105412648204,False,0.10830055151404736,False,0.5979354758430176,True,0.2440384725343923,True
validation:9.17数据/log_10_2026-9-17-06-34-34.ulg:1:475,9.17数据/log_10_2026-9-17-06-34-34.ulg,1,475,51,144940441,145439499,146437460,0.499058,Sep17,0.2880207054962833,middle,0.07838653369350193,False,0.1442866332641577,False,0.4785515106656111,False,0.21436286238673874,False
validation:9.17数据/log_10_2026-9-17-06-34-34.ulg:1:525,9.17数据/log_10_2026-9-17-06-34-34.ulg,1,525,51,145938415,146437460,147445360,0.4990449999999999,Sep17,0.25226090301402637,middle,0.2581940463141467,False,0.12477374135422684,False,0.40231765329069596,False,0.08454323381736868,False
validation:9.17数据/log_10_2026-9-17-06-34-34.ulg:1:575,9.17数据/log_10_2026-9-17-06-34-34.ulg,1,575,51,146946391,147445360,148443353,0.498969,Sep17,0.2974916978565469,middle,0.1591809629528179,False,0.12310796035958889,False,0.5623995361730372,True,0.0398529114513075,False
validation:9.17数据/log_10_2026-9-17-06-34-34.ulg:1:625,9.17数据/log_10_2026-9-17-06-34-34.ulg,1,625,51,147944423,148443353,149441452,0.49893,Sep17,0.13890072313045068,low,0.13825314778303813,False,0.17983374193253923,True,0.14300485741520272,False,0.03652455562756081,False
validation:9.17数据/log_10_2026-9-17-06-34-34.ulg:1:675,9.17数据/log_10_2026-9-17-06-34-34.ulg,1,675,51,148942349,149441452,150439363,0.4991029999999999,Sep17,0.23704627031085757,middle,0.2624830298213837,False,0.08711233235408578,False,0.37998267301309735,False,0.07427204055053269,False
validation:9.17数据/log_10_2026-9-17-06-34-34.ulg:1:725,9.17数据/log_10_2026-9-17-06-34-34.ulg,1,725,51,149940350,150439363,151447335,0.499013,Sep17,0.1234592954620468,low,0.11219031155599501,False,0.10434375289940467,False,0.1679874920551214,False,0.09056265916446903,False
validation:9.17数据/log_10_2026-9-17-06-34-34.ulg:1:775,9.17数据/log_10_2026-9-17-06-34-34.ulg,1,775,51,150938370,151447335,152445327,0.508965,Sep17,0.16970582440849713,low,0.16293462440712853,False,0.10422417012687389,False,0.2449981573307403,False,0.10742706044109446,False
validation:9.17数据/log_10_2026-9-17-06-34-34.ulg:1:825,9.17数据/log_10_2026-9-17-06-34-34.ulg,1,825,51,151936317,152445327,153443320,0.50901,Sep17,0.14699772783341333,low,0.1308734248254577,False,0.09382118391169597,False,0.23632928087090366,False,0.08651811644243139,False
validation:9.17数据/log_10_2026-9-17-06-34-34.ulg:1:875,9.17数据/log_10_2026-9-17-06-34-34.ulg,1,875,51,152944371,153443320,154441408,0.498949,Sep17,0.17635865282924007,middle,0.057541698821565956,False,0.20010592256596416,True,0.2497444164049212,False,0.06707234636022098,False
validation:9.17数据/log_10_2026-9-17-06-34-34.ulg:1:925,9.17数据/log_10_2026-9-17-06-34-34.ulg,1,925,51,153942314,154441408,155439301,0.499094,Sep17,0.11338881635659229,low,0.05576041830885333,False,0.10476517019379605,False,0.17660764106594426,False,0.035913762735876716,False
validation:9.17数据/log_10_2026-9-17-06-34-34.ulg:1:975,9.17数据/log_10_2026-9-17-06-34-34.ulg,1,975,51,154940305,155439301,156437281,0.498996,Sep17,0.23575445376283546,middle,0.20838207751476284,False,0.09347977940312005,False,0.3976772871392477,False,0.08190399989636976,False
validation:9.17数据/log_10_2026-9-17-06-34-34.ulg:1:1025,9.17数据/log_10_2026-9-17-06-34-34.ulg,1,1025,51,155938307,156437281,157445357,0.498974,Sep17,0.17600731474305295,middle,0.2053462487233403,False,0.16973773620905008,False,0.1902195666598633,False,0.10794827017116898,False
validation:9.17数据/log_10_2026-9-17-06-34-34.ulg:1:1075,9.17数据/log_10_2026-9-17-06-34-34.ulg,1,1075,51,156946265,157445357,158443260,0.499092,Sep17,0.1399637580675612,low,0.05365084054329489,False,0.10614812249719036,False,0.2480324020490458,False,0.07674684862341094,False
validation:9.17数据/log_10_2026-9-17-06-34-34.ulg:1:1125,9.17数据/log_10_2026-9-17-06-34-34.ulg,1,1125,51,157944226,158443260,159441301,0.499034,Sep17,0.14669397669674605,low,0.1246356233844813,False,0.14902463963378976,False,0.21252810096220445,False,0.0826249820163349,False
validation:9.17数据/log_10_2026-9-17-06-34-34.ulg:1:1175,9.17数据/log_10_2026-9-17-06-34-34.ulg,1,1175,51,158942233,159441301,160439281,0.4990679999999999,Sep17,1.0960416460612625,high,0.05212830066513691,False,0.09388303466924008,False,2.144079910207506,True,0.22309885399115856,False
validation:9.17数据/log_10_2026-9-17-06-34-34.ulg:1:1225,9.17数据/log_10_2026-9-17-06-34-34.ulg,1,1225,51,159940217,160439281,161447236,0.4990639999999999,Sep17,0.2972203898806414,middle,0.2994124372396138,True,0.13557527771735522,False,0.48753691725259946,False,0.10623671280232817,False
validation:9.17数据/log_10_2026-9-17-06-34-34.ulg:1:1275,9.17数据/log_10_2026-9-17-06-34-34.ulg,1,1275,51,160938219,161447236,162445201,0.5090169999999999,Sep17,0.2389350048645741,middle,0.2662713246909056,False,0.05411217438464158,False,0.3577977838162704,False,0.1364159366711069,False
validation:9.17数据/log_10_2026-9-17-06-34-34.ulg:1:1325,9.17数据/log_10_2026-9-17-06-34-34.ulg,1,1325,51,161946174,162445201,163443253,0.499027,Sep17,0.2407869487413834,middle,0.36025720736582395,True,0.09613637756459727,False,0.13236604133151172,False,0.2742446223326234,True
validation:9.17数据/log_10_2026-9-17-06-34-34.ulg:1:1375,9.17数据/log_10_2026-9-17-06-34-34.ulg,1,1375,51,162944142,163443253,164441222,0.4991109999999999,Sep17,0.3549037300882304,high,0.11346957419885739,False,0.12019582879956471,False,0.12379730620106115,False,0.6764068250814351,True
validation:9.17数据/log_10_2026-9-17-06-34-34.ulg:1:1425,9.17数据/log_10_2026-9-17-06-34-34.ulg,1,1425,51,163942128,164441222,165439194,0.499094,Sep17,0.1810225018259908,middle,0.2759404947807014,False,0.09277325414553066,False,0.19367468820776196,False,0.10209469600139637,False
validation:9.17数据/log_10_2026-9-17-06-34-34.ulg:1:1475,9.17数据/log_10_2026-9-17-06-34-34.ulg,1,1475,51,164940161,165439194,166437158,0.499033,Sep17,0.22807586255588969,middle,0.13114408652934367,False,0.07501396458926377,False,0.34006997339683975,False,0.2663675654467522,True
validation:9.17数据/log_10_2026-9-17-06-34-34.ulg:1:1525,9.17数据/log_10_2026-9-17-06-34-34.ulg,1,1525,51,165938100,166437158,167445212,0.499058,Sep17,0.23001645606039417,middle,0.39676405535613357,True,0.1210173679959576,False,0.1755263611055445,False,0.08689613800444966,False
validation:9.17数据/log_10_2026-9-17-06-34-34.ulg:1:1575,9.17数据/log_10_2026-9-17-06-34-34.ulg,1,1575,51,166936082,167445212,168443245,0.50913,Sep17,0.2770453584376102,middle,0.3733928092611965,True,0.21798589762435505,True,0.26623054183184536,False,0.1646080111273328,False
validation:9.17数据/log_10_2026-9-17-06-34-34.ulg:1:1625,9.17数据/log_10_2026-9-17-06-34-34.ulg,1,1625,51,167944056,168443245,169441192,0.499189,Sep17,0.10387262070019955,low,0.07580066748145936,False,0.08385922188259419,False,0.15880697184233744,False,0.06411770484421518,False
validation:9.17数据/log_10_2026-9-17-06-34-34.ulg:1:1675,9.17数据/log_10_2026-9-17-06-34-34.ulg,1,1675,51,168942039,169441192,170439220,0.4991529999999999,Sep17,0.37963761663272,high,0.3818084607679411,True,0.11710724778590806,False,0.5478074041309964,True,0.33623633145487725,True
validation:9.17数据/log_10_2026-9-17-06-34-34.ulg:1:1725,9.17数据/log_10_2026-9-17-06-34-34.ulg,1,1725,51,169940027,170439220,171447049,0.499193,Sep17,0.19858847995231388,middle,0.22042687382850887,False,0.19998064476009977,True,0.2051217753439255,False,0.18749775425920326,False
validation:9.17数据/log_10_2026-9-17-06-34-34.ulg:1:1775,9.17数据/log_10_2026-9-17-06-34-34.ulg,1,1775,51,170938057,171447049,172445043,0.508992,Sep17,0.2146998786820084,middle,0.3738274894910603,True,0.09271593573029324,False,0.18119412826481493,False,0.07994771779909157,False
validation:9.17数据/log_10_2026-9-17-06-34-34.ulg:1:1825,9.17数据/log_10_2026-9-17-06-34-34.ulg,1,1825,51,171946029,172445043,173443028,0.4990139999999999,Sep17,0.24440890347020533,middle,0.37237323467225086,True,0.2717267936336196,True,0.1448418144091826,False,0.11149486449824278,False
validation:9.17数据/log_10_2026-9-17-06-34-34.ulg:1:1875,9.17数据/log_10_2026-9-17-06-34-34.ulg,1,1875,51,172943994,173443028,174440987,0.499034,Sep17,0.20978856920386998,middle,0.3817979099192414,True,0.10210611612399681,False,0.1165563688226746,False,0.06314029692141473,False
validation:9.17数据/log_10_2026-9-17-06-34-34.ulg:1:1925,9.17数据/log_10_2026-9-17-06-34-34.ulg,1,1925,51,173941938,174440987,175438947,0.4990489999999999,Sep17,0.12438887935097381,low,0.13292120401438487,False,0.12179005454777309,False,0.15718959217769377,False,0.08202646383573865,False
validation:9.17数据/log_10_2026-9-17-06-34-34.ulg:1:1975,9.17数据/log_10_2026-9-17-06-34-34.ulg,1,1975,51,174939941,175438947,176436927,0.499006,Sep17,0.17790987707520234,middle,0.27395529391494755,False,0.10378705816536796,False,0.18419881493713922,False,0.06763558904131214,False
validation:9.17数据/log_10_2026-9-17-06-34-34.ulg:1:2025,9.17数据/log_10_2026-9-17-06-34-34.ulg,1,2025,51,175947914,176436927,177444912,0.489013,Sep17,0.22468198021497726,middle,0.3346689122036421,True,0.10199606003574962,False,0.2736031549708401,False,0.07418984001923243,False
validation:9.17数据/log_10_2026-9-17-06-34-34.ulg:1:2075,9.17数据/log_10_2026-9-17-06-34-34.ulg,1,2075,51,176945881,177444912,178442856,0.499031,Sep17,0.1544019657823465,low,0.11706603813482518,False,0.13107689996853872,False,0.19855666391124777,False,0.1615902311550067,False
validation:9.17数据/log_10_2026-9-17-06-34-34.ulg:1:2125,9.17数据/log_10_2026-9-17-06-34-34.ulg,1,2125,51,177943861,178442856,179440844,0.4989949999999999,Sep17,0.2616627835091143,middle,0.3557257473466986,True,0.10063594343288765,False,0.33579632342690835,False,0.14813845270518217,False
validation:9.17数据/log_10_2026-9-17-06-34-34.ulg:1:2175,9.17数据/log_10_2026-9-17-06-34-34.ulg,1,2175,51,178941852,179440844,180438876,0.498992,Sep17,0.24802079079622635,middle,0.12248597554738115,False,0.1864874015993609,True,0.3831239314398833,False,0.16182233738279644,False
validation:9.17数据/log_10_2026-9-17-06-34-34.ulg:1:2225,9.17数据/log_10_2026-9-17-06-34-34.ulg,1,2225,51,179939885,180438876,181446828,0.4989909999999999,Sep17,0.1761290907272595,middle,0.24327728171268817,False,0.11147398157257589,False,0.1116658131917151,False,0.19433545198671914,False
validation:9.17数据/log_10_2026-9-17-06-34-34.ulg:1:2275,9.17数据/log_10_2026-9-17-06-34-34.ulg,1,2275,51,180937822,181446828,182444802,0.509006,Sep17,0.30635007616581644,middle,0.37495062856307476,True,0.17567191532111093,False,0.35829220046453597,False,0.2158607477421855,False
validation:9.17数据/log_10_2026-9-17-06-34-34.ulg:1:2325,9.17数据/log_10_2026-9-17-06-34-34.ulg,1,2325,51,181945785,182444802,183442823,0.499017,Sep17,0.27199526632016446,middle,0.21288245494778063,False,0.10352598114949534,False,0.4528753418183393,False,0.1729196351162548,False
validation:9.17数据/log_10_2026-9-17-06-34-34.ulg:1:2375,9.17数据/log_10_2026-9-17-06-34-34.ulg,1,2375,51,182943771,183442823,184440735,0.499052,Sep17,0.19296631834403508,middle,0.2803064298350923,False,0.12902255292222828,False,0.2360151554358432,False,0.047697202634321645,False
validation:9.17数据/log_10_2026-9-17-06-34-34.ulg:1:2425,9.17数据/log_10_2026-9-17-06-34-34.ulg,1,2425,51,183941791,184440735,185438721,0.498944,Sep17,0.22998636845885387,middle,0.3819017077485899,True,0.10972549479371357,False,0.08841292984538346,False,0.20498282626011943,False
validation:9.17数据/log_10_2026-9-17-06-34-34.ulg:1:2475,9.17数据/log_10_2026-9-17-06-34-34.ulg,1,2475,51,184939743,185438721,186446736,0.498978,Sep17,0.23043560801415422,middle,0.3070328886172906,True,0.06922670247886283,False,0.2567339916622638,False,0.21318644482864882,False
validation:9.17数据/log_10_2026-9-17-06-34-34.ulg:1:2525,9.17数据/log_10_2026-9-17-06-34-34.ulg,1,2525,51,185947721,186446736,187444675,0.499015,Sep17,0.2404227754408405,middle,0.37562619404807995,True,0.1953278959706494,True,0.17228320891100898,False,0.14721213359562896,False
validation:9.17数据/log_10_2026-9-17-06-34-34.ulg:1:2575,9.17数据/log_10_2026-9-17-06-34-34.ulg,1,2575,51,186935723,187444675,188442690,0.508952,Sep17,0.263539539256832,middle,0.37145980238193355,True,0.12886290655404906,False,0.32225414048496387,False,0.058380375425821224,False
validation:9.17数据/log_10_2026-9-17-06-34-34.ulg:1:2625,9.17数据/log_10_2026-9-17-06-34-34.ulg,1,2625,51,187943666,188442690,189440676,0.4990239999999999,Sep17,0.2539528134863032,middle,0.3360641123809872,True,0.07300757010219647,False,0.3596421142102962,False,0.07335543524026156,False
validation:9.17数据/log_10_2026-9-17-06-34-34.ulg:1:2675,9.17数据/log_10_2026-9-17-06-34-34.ulg,1,2675,51,188941647,189440676,190438630,0.499029,Sep17,0.1679823380613213,low,0.20066753012898583,False,0.1694824252218655,False,0.1702762301646388,False,0.09085843710403979,False
validation:9.17数据/log_10_2026-9-17-06-34-34.ulg:1:2725,9.17数据/log_10_2026-9-17-06-34-34.ulg,1,2725,51,189939667,190438630,191436676,0.498963,Sep17,0.37784554859100916,high,0.13213136682757431,False,0.17191679779709487,False,0.6247084033683374,True,0.2895119464976868,True
validation:9.17数据/log_10_2026-9-17-06-34-34.ulg:1:2775,9.17数据/log_10_2026-9-17-06-34-34.ulg,1,2775,51,190937617,191436676,192444580,0.499059,Sep17,0.12739881750903315,low,0.0611541131313556,False,0.11786918709127309,False,0.21763237398284557,False,0.05061510066209723,False
validation:9.17数据/log_10_2026-9-17-06-34-34.ulg:1:2825,9.17数据/log_10_2026-9-17-06-34-34.ulg,1,2825,51,191945569,192444580,193442525,0.499011,Sep17,0.5782222904957505,high,0.3013076650995,True,0.15544243558883175,False,1.0315181488398457,True,0.25678250220530796,True
validation:9.17数据/log_10_2026-9-17-06-34-34.ulg:1:2875,9.17数据/log_10_2026-9-17-06-34-34.ulg,1,2875,51,192943574,193442525,194440535,0.498951,Sep17,0.31401965690870104,middle,0.3442547077086118,True,0.09897675720193447,False,0.49493604456875306,False,0.11376701970692203,False
validation:9.17数据/log_10_2026-9-17-06-34-34.ulg:1:2925,9.17数据/log_10_2026-9-17-06-34-34.ulg,1,2925,51,193941520,194440535,195438489,0.499015,Sep17,0.28036028800018303,middle,0.27129988881485534,False,0.1293731594722445,False,0.36964115171882866,False,0.26619343274687723,True
validation:9.17数据/log_10_2026-9-17-06-34-34.ulg:1:2975,9.17数据/log_10_2026-9-17-06-34-34.ulg,1,2975,51,194939583,195438489,196446492,0.4989059999999999,Sep17,0.16280197520614448,low,0.25356161646021097,False,0.08817134517456914,False,0.16522897126020616,False,0.08853441378673735,False
validation:9.17数据/log_10_2026-9-17-06-34-34.ulg:1:3025,9.17数据/log_10_2026-9-17-06-34-34.ulg,1,3025,51,195937466,196446492,197444474,0.509026,Sep17,0.23998489894782235,middle,0.37582240842073733,True,0.14204398776967767,False,0.20169526306228422,False,0.15661673288072733,False
validation:9.17数据/log_10_2026-9-17-06-34-34.ulg:1:3075,9.17数据/log_10_2026-9-17-06-34-34.ulg,1,3075,51,196945467,197444474,198442408,0.499007,Sep17,0.3028874357615093,middle,0.34920913719573266,True,0.12266580654535066,False,0.44006938827984676,False,0.1067795138760898,False
validation:9.17数据/log_10_2026-9-17-06-34-34.ulg:1:3125,9.17数据/log_10_2026-9-17-06-34-34.ulg,1,3125,51,197943562,198442408,199440419,0.4988459999999999,Sep17,0.15655922312595633,low,0.10945498675827472,False,0.08936608099136616,False,0.24915089408425342,False,0.1076615954264557,False
validation:9.17数据/log_10_2026-9-17-06-34-34.ulg:1:3175,9.17数据/log_10_2026-9-17-06-34-34.ulg,1,3175,51,198941428,199440419,200448329,0.4989909999999999,Sep17,0.13847939394891007,low,0.08445080365100038,False,0.16677782569951546,False,0.18219940059247816,False,0.04712168800026386,False
validation:9.17数据/log_10_2026-9-17-06-34-34.ulg:1:3225,9.17数据/log_10_2026-9-17-06-34-34.ulg,1,3225,51,199939390,200448329,201436346,0.508939,Sep17,0.15010749545045224,low,0.11624456666667009,False,0.16777797220850568,False,0.1361793289854796,False,0.18456665518655882,False
validation:9.17数据/log_10_2026-9-17-06-34-34.ulg:1:3275,9.17数据/log_10_2026-9-17-06-34-34.ulg,1,3275,51,200937404,201436346,202444376,0.498942,Sep17,0.17254452658272534,low,0.26081295045961844,False,0.09140807351148027,False,0.17850525061706374,False,0.08853630767032832,False
validation:9.17数据/log_10_2026-9-17-06-34-34.ulg:1:3325,9.17数据/log_10_2026-9-17-06-34-34.ulg,1,3325,51,201945345,202444376,203442256,0.499031,Sep17,0.2544489286756071,middle,0.19923405093765256,False,0.20854160270590885,True,0.34862274621198835,False,0.20313776401443384,False
validation:9.17数据/log_10_2026-9-17-06-34-34.ulg:1:3375,9.17数据/log_10_2026-9-17-06-34-34.ulg,1,3375,51,202943419,203442256,204440254,0.498837,Sep17,0.2527702346069625,middle,0.3818940038493798,True,0.1782173136869526,True,0.1889778911369109,False,0.186184848583953,False
validation:9.17数据/log_10_2026-9-17-06-34-34.ulg:1:3425,9.17数据/log_10_2026-9-17-06-34-34.ulg,1,3425,51,203941327,204440254,205438295,0.4989269999999999,Sep17,0.24423684013524016,middle,0.12275855413346426,False,0.2469707964865676,True,0.3054051560617627,False,0.26173783747493595,True
validation:9.17数据/log_10_2026-9-17-06-34-34.ulg:1:3475,9.17数据/log_10_2026-9-17-06-34-34.ulg,1,3475,51,204939267,205438295,206446177,0.4990279999999999,Sep17,0.22690721350724508,middle,0.2985150889590836,True,0.12349053965876187,False,0.1816620301610909,False,0.2651696654510058,True
validation:9.17数据/log_10_2026-9-17-06-34-34.ulg:1:3525,9.17数据/log_10_2026-9-17-06-34-34.ulg,1,3525,51,205937245,206446177,207444155,0.5089319999999999,Sep17,0.2784106043740653,middle,0.18662157117849992,False,0.1459213033979308,False,0.4916353685271067,False,0.15864216301108958,False
validation:9.17数据/log_10_2026-9-17-06-34-34.ulg:1:3575,9.17数据/log_10_2026-9-17-06-34-34.ulg,1,3575,51,206945252,207444155,208442130,0.498903,Sep17,0.2180644223053448,middle,0.051187812397102586,False,0.09942969145354656,False,0.30410165573970743,False,0.29656064585939323,True
validation:9.17数据/log_10_2026-9-17-06-34-34.ulg:1:3625,9.17数据/log_10_2026-9-17-06-34-34.ulg,1,3625,51,207943247,208442130,209440120,0.4988829999999999,Sep17,0.2299543555638968,middle,0.185583132204986,False,0.1262218135449078,False,0.3053114029757937,False,0.2722274648968029,True
validation:9.17数据/log_10_2026-9-17-06-34-34.ulg:1:3675,9.17数据/log_10_2026-9-17-06-34-34.ulg,1,3675,51,208941186,209440120,210438092,0.498934,Sep17,0.36267553351177856,high,0.2823480432449066,False,0.15100778117323174,False,0.614265594837676,True,0.06689414798329657,False
validation:9.17数据/log_10_2026-9-17-06-34-34.ulg:1:3725,9.17数据/log_10_2026-9-17-06-34-34.ulg,1,3725,51,209939126,210438092,211436107,0.4989659999999999,Sep17,0.3063217791682368,middle,0.2540860299140027,False,0.14315988385286635,False,0.40850242312095825,False,0.329709943750984,True
validation:9.17数据/log_10_2026-9-17-06-34-34.ulg:1:3775,9.17数据/log_10_2026-9-17-06-34-34.ulg,1,3775,51,210947157,211436107,212443991,0.48895,Sep17,0.37643936977486697,high,0.34319953769697076,True,0.2050705272747875,True,0.5445594571907909,True,0.37250821710453763,True
validation:9.17数据/log_10_2026-9-17-06-34-34.ulg:1:3825,9.17数据/log_10_2026-9-17-06-34-34.ulg,1,3825,51,211945169,212443991,213442021,0.498822,Sep17,0.31974259463501786,middle,0.39348599350837254,True,0.35294976870419215,True,0.16010378882797713,False,0.31109790496792755,True
validation:9.17数据/log_10_2026-9-17-06-34-34.ulg:1:3875,9.17数据/log_10_2026-9-17-06-34-34.ulg,1,3875,51,212943139,213442021,214439945,0.498882,Sep17,0.1859114851303992,middle,0.18982639866254308,False,0.12299206213975135,False,0.130349120111007,False,0.26317992077385544,True
validation:9.17数据/log_10_2026-9-17-06-34-34.ulg:1:3925,9.17数据/log_10_2026-9-17-06-34-34.ulg,1,3925,51,213941110,214439945,215437951,0.498835,Sep17,0.463140193603457,high,0.3429593412930869,True,0.26055442784266475,True,0.782648679793211,True,0.3353341621283036,True
validation:9.17数据/log_10_2026-9-17-06-34-34.ulg:1:3975,9.17数据/log_10_2026-9-17-06-34-34.ulg,1,3975,51,214939046,215437951,216445778,0.498905,Sep17,0.3553464220883856,high,0.39137720581121405,True,0.12814490748873264,False,0.4712215560109806,False,0.3365638226035839,True
validation:9.17数据/log_10_2026-9-17-06-34-34.ulg:1:4025,9.17数据/log_10_2026-9-17-06-34-34.ulg,1,4025,51,215936980,216445778,217443831,0.508798,Sep17,0.42983639396485435,high,0.3755180971236027,True,0.388006751746592,True,0.3586460079011884,False,0.5986942941205569,True
validation:9.17数据/log_10_2026-9-17-06-34-34.ulg:1:4075,9.17数据/log_10_2026-9-17-06-34-34.ulg,1,4075,51,216944848,217443831,218441821,0.4989829999999999,Sep17,0.31283650983774997,middle,0.38178466010212436,True,0.09174571711986061,False,0.2218365289137226,False,0.43306772193309223,True
validation:9.17数据/log_10_2026-9-17-06-34-34.ulg:1:4125,9.17数据/log_10_2026-9-17-06-34-34.ulg,1,4125,51,217942871,218441821,219439808,0.49895,Sep17,0.41737268243488657,high,0.3819220934626012,True,0.3383551410711892,True,0.5768468530684315,True,0.10171868683389741,False
validation:9.17数据/log_10_2026-9-17-06-34-34.ulg:1:4175,9.17数据/log_10_2026-9-17-06-34-34.ulg,1,4175,51,218940796,219439808,220437805,0.4990119999999999,Sep17,0.2596958574928187,middle,0.38186866623881743,True,0.07255489667294883,False,0.3125278423407428,False,0.12554867764550987,False
validation:9.17数据/log_10_2026-9-17-06-34-34.ulg:1:4225,9.17数据/log_10_2026-9-17-06-34-34.ulg,1,4225,51,219938760,220437805,221445757,0.4990449999999999,Sep17,0.40161205124926586,high,0.3928442398973251,True,0.15038472995317761,False,0.6631777423767928,True,0.16504516535446317,False
validation:9.17数据/log_10_2026-9-17-06-34-34.ulg:1:4275,9.17数据/log_10_2026-9-17-06-34-34.ulg,1,4275,51,220946717,221445757,222443681,0.49904,Sep17,0.41441074545426637,high,0.398035254166302,True,0.13152812839843053,False,0.6619166503983861,True,0.2357659025273722,True
validation:9.17数据/log_10_2026-9-17-06-34-34.ulg:1:4325,9.17数据/log_10_2026-9-17-06-34-34.ulg,1,4325,51,221944686,222443681,223441642,0.4989949999999999,Sep17,0.2655158236897651,middle,0.3701171354456564,True,0.1254664539903147,False,0.33996495262634596,False,0.09002031002111452,False
validation:9.17数据/log_10_2026-9-17-06-34-34.ulg:1:4375,9.17数据/log_10_2026-9-17-06-34-34.ulg,1,4375,51,222942715,223441642,224439658,0.4989269999999999,Sep17,0.6653220416727599,high,0.3661139437451823,True,0.15016280629290785,False,1.12538888302203,True,0.5779703362363481,True
validation:9.17数据/log_10_2026-9-17-06-34-34.ulg:1:4425,9.17数据/log_10_2026-9-17-06-34-34.ulg,1,4425,51,223940638,224439658,225437642,0.4990199999999999,Sep17,0.3211151403398276,middle,0.3818238948745911,True,0.16784190595306347,False,0.42072010443842106,False,0.18659082236335395,False
validation:9.17数据/log_10_2026-9-17-06-34-34.ulg:1:4475,9.17数据/log_10_2026-9-17-06-34-34.ulg,1,4475,51,224938621,225437642,226445546,0.499021,Sep17,0.12186011218050771,low,0.05443872411032486,False,0.12553742319153535,False,0.15908197072002414,False,0.09015273154582357,False
validation:9.17数据/log_10_2026-9-17-06-34-34.ulg:1:4525,9.17数据/log_10_2026-9-17-06-34-34.ulg,1,4525,51,225936563,226445546,227443539,0.508983,Sep17,0.29357050143046304,middle,0.3751579739463515,True,0.16123897691724812,False,0.25661106206071965,False,0.3490316469336933,True
validation:9.17数据/log_10_2026-9-17-06-34-34.ulg:1:4575,9.17数据/log_10_2026-9-17-06-34-34.ulg,1,4575,51,226944537,227443539,228441461,0.499002,Sep17,0.20542600142416195,middle,0.38184993354951985,True,0.09476431418350134,False,0.08074521380534566,False,0.07078361847710242,False
validation:9.17数据/log_10_2026-9-17-06-34-34.ulg:1:4625,9.17数据/log_10_2026-9-17-06-34-34.ulg,1,4625,51,227942503,228441461,229439429,0.4989579999999999,Sep17,0.4693021420466556,high,0.10381894273849719,False,0.12881126951295976,False,0.8735745095902953,True,0.2374142997075912,True
validation:9.17数据/log_10_2026-9-17-06-34-34.ulg:1:4675,9.17数据/log_10_2026-9-17-06-34-34.ulg,1,4675,51,228940476,229439429,230437429,0.498953,Sep17,0.6003515257941532,high,0.20677875234048143,False,0.16240061039743542,False,1.1522344131139508,True,0.23093611771119216,True
validation:9.17数据/log_10_2026-9-17-06-34-34.ulg:1:4725,9.17数据/log_10_2026-9-17-06-34-34.ulg,1,4725,51,229938404,230437429,231445341,0.499025,Sep17,0.23479334310285935,middle,0.3195589429752566,True,0.14204273678300053,False,0.12359638301603791,False,0.2782672777363976,True
validation:9.17数据/log_10_2026-9-17-06-34-34.ulg:1:4775,9.17数据/log_10_2026-9-17-06-34-34.ulg,1,4775,51,230946371,231445341,232443309,0.4989699999999999,Sep17,0.35836110537185817,high,0.397053552649798,True,0.16945413290387148,False,0.5183334641514385,True,0.2839447304895141,True
validation:9.17数据/log_10_2026-9-17-06-34-34.ulg:1:4825,9.17数据/log_10_2026-9-17-06-34-34.ulg,1,4825,51,231944384,232443309,233441274,0.4989249999999999,Sep17,0.3264350431930501,high,0.10250656498326413,False,0.11704538755746531,False,0.565941930871386,True,0.21495841725093154,False
validation:9.17数据/log_10_2026-9-17-06-34-34.ulg:1:4875,9.17数据/log_10_2026-9-17-06-34-34.ulg,1,4875,51,232942382,233441274,234439348,0.498892,Sep17,0.3829298545846203,high,0.3818480123418907,True,0.10550077611153544,False,0.248223005464576,False,0.5989814898735302,True
validation:9.17数据/log_10_2026-9-17-06-34-34.ulg:1:4925,9.17数据/log_10_2026-9-17-06-34-34.ulg,1,4925,51,233940289,234439348,235447233,0.499059,Sep17,0.28400910564562426,middle,0.3457024215222321,True,0.1193508638751276,False,0.14108266500767377,False,0.4066929414525534,True
validation:9.17数据/log_10_2026-9-17-06-34-34.ulg:1:4975,9.17数据/log_10_2026-9-17-06-34-34.ulg,1,4975,51,234938240,235447233,236445156,0.508993,Sep17,0.3057912199133436,middle,0.3746412694587881,True,0.24879134842627285,True,0.3597700485991916,False,0.06655306558140739,False
validation:9.17数据/log_10_2026-9-17-06-34-34.ulg:2:25,9.17数据/log_10_2026-9-17-06-34-34.ulg,2,25,51,236525013,237023964,238021967,0.498951,Sep17,0.6177992348378109,high,0.027466145042307773,False,0.15160144391389252,False,1.1560252285095478,True,0.3608807125859602,True
validation:9.17数据/log_10_2026-9-17-06-34-34.ulg:2:75,9.17数据/log_10_2026-9-17-06-34-34.ulg,2,75,51,237522986,238021967,239019979,0.4989809999999999,Sep17,0.7290514678548372,high,0.858285818953834,True,0.08265421336754297,False,1.108360248599124,True,0.35821811586207447,True
validation:9.17数据/log_10_2026-9-17-06-34-34.ulg:2:125,9.17数据/log_10_2026-9-17-06-34-34.ulg,2,125,51,238521118,239019979,240017858,0.498861,Sep17,0.19477525421180905,middle,0.23732893724367066,False,0.15814212669015373,False,0.2243541496464714,False,0.11746937658610893,False
validation:9.17数据/log_10_2026-9-17-06-34-34.ulg:2:175,9.17数据/log_10_2026-9-17-06-34-34.ulg,2,175,51,239519102,240017858,241025829,0.498756,Sep17,0.7314429921131707,high,0.3864967158642917,True,0.2287934898343688,True,1.2629090734200596,True,0.42006485719107894,True
validation:9.17数据/log_10_2026-9-17-06-34-34.ulg:2:225,9.17数据/log_10_2026-9-17-06-34-34.ulg,2,225,51,240526837,241025829,242023889,0.498992,Sep17,0.3897709221334646,high,0.005867637277659976,False,0.23711967978385257,True,0.678706099613314,True,0.17546936946325228,False
validation:9.17数据/log_10_2026-9-17-06-34-34.ulg:2:275,9.17数据/log_10_2026-9-17-06-34-34.ulg,2,275,51,241524817,242023889,243021752,0.4990719999999999,Sep17,0.32149861111268696,middle,0.5647448728462229,True,0.1659632412906352,False,0.22659562614753645,False,0.041983805785185596,False
validation:9.17数据/log_10_2026-9-17-06-34-34.ulg:2:325,9.17数据/log_10_2026-9-17-06-34-34.ulg,2,325,51,242522826,243021752,244019742,0.498926,Sep17,0.1254587277705461,low,0.016432713996660495,False,0.11467857097231436,False,0.18866905155795444,False,0.12881498387282234,False
validation:9.17数据/log_10_2026-9-17-06-34-34.ulg:2:375,9.17数据/log_10_2026-9-17-06-34-34.ulg,2,375,51,243520944,244019742,245027662,0.4987979999999999,Sep17,0.4773548427522178,high,0.0035859121792027157,False,0.1634383506964048,False,0.7074633074261453,True,0.565619247105295,True
validation:9.17数据/log_10_2026-9-17-06-34-34.ulg:2:425,9.17数据/log_10_2026-9-17-06-34-34.ulg,2,425,51,244518934,245027662,246015575,0.508728,Sep17,0.20618666785783007,middle,0.022773780476972746,False,0.2811804028736669,True,0.2826888823483635,False,0.180233690980409,False
validation:9.17数据/log_10_2026-9-17-06-34-34.ulg:2:475,9.17数据/log_10_2026-9-17-06-34-34.ulg,2,475,51,245526656,246015575,247023636,0.488919,Sep17,0.17607997995947783,middle,0.1537092900538345,False,0.1336687093815383,False,0.20489453841863633,False,0.20136260970843903,False
validation:9.17数据/log_10_2026-9-17-06-34-34.ulg:2:525,9.17数据/log_10_2026-9-17-06-34-34.ulg,2,525,51,246524581,247023636,248021604,0.4990549999999999,Sep17,0.5636662411653617,high,0.031670394812826796,False,0.12049078215383026,False,1.07303526568628,True,0.1405441694446194,False
validation:9.17数据/log_10_2026-9-17-06-34-34.ulg:2:575,9.17数据/log_10_2026-9-17-06-34-34.ulg,2,575,51,247522540,248021604,249019533,0.4990639999999999,Sep17,0.19535899557319555,middle,0.3034112424803528,True,0.10325735404603252,False,0.1614850016987836,False,0.15004524500517105,False
validation:9.17数据/log_10_2026-9-17-06-34-34.ulg:2:625,9.17数据/log_10_2026-9-17-06-34-34.ulg,2,625,51,248520693,249019533,250017526,0.4988399999999999,Sep17,0.524232203442716,high,0.029774680517958237,False,0.159035391272085,False,0.9907765736012294,True,0.11138923080497158,False
validation:9.17数据/log_10_2026-9-17-06-34-34.ulg:2:675,9.17数据/log_10_2026-9-17-06-34-34.ulg,2,675,51,249518717,250017526,251025446,0.498809,Sep17,0.24645277666498272,middle,0.39828502170985985,True,0.19125182217157669,True,0.19125182217157669,False,0.1517036596670587,False
validation:9.17数据/log_10_2026-9-17-06-34-34.ulg:2:725,9.17数据/log_10_2026-9-17-06-34-34.ulg,2,725,51,250526419,251025446,252023439,0.499027,Sep17,0.29289485284054817,middle,0.009487512635987497,False,0.2506211478417536,True,0.45441533176110277,False,0.1363582041378098,False
validation:9.17数据/log_10_2026-9-17-06-34-34.ulg:2:775,9.17数据/log_10_2026-9-17-06-34-34.ulg,2,775,51,251524431,252023439,253021397,0.4990079999999999,Sep17,0.4062436715246727,high,0.5105519220722252,True,0.12528513119365833,False,0.6016257302879104,True,0.15165098923127793,False
validation:9.17数据/log_10_2026-9-17-06-34-34.ulg:2:825,9.17数据/log_10_2026-9-17-06-34-34.ulg,2,825,51,252522360,253021397,254019395,0.4990369999999999,Sep17,0.200948264138422,middle,0.2243245579138155,False,0.13988082944392857,False,0.23182483138874502,False,0.17673865701840627,False
validation:9.17数据/log_10_2026-9-17-06-34-34.ulg:2:875,9.17数据/log_10_2026-9-17-06-34-34.ulg,2,875,51,253520550,254019395,255027265,0.498845,Sep17,0.21601395536431686,middle,0.1878083948541845,False,0.2749161113790175,True,0.24256444151296466,False,0.06821671844355728,False
validation:9.17数据/log_11_2026-9-17-06-40-30.ulg:0:25,9.17数据/log_11_2026-9-17-06-40-30.ulg,0,25,51,91187541,91686588,92684526,0.4990469999999999,Sep17,1.0216159561680511,high,0.26434116042384886,False,0.2377435846888988,True,0.8499761451641707,True,1.8232074122483226,True
validation:9.17数据/log_11_2026-9-17-06-40-30.ulg:0:75,9.17数据/log_11_2026-9-17-06-40-30.ulg,0,75,51,92185525,92684526,93682566,0.499001,Sep17,0.670153234375127,high,0.3585182607890854,True,0.28516297875084723,True,0.5995867114872723,True,1.1081844122684228,True
validation:9.17数据/log_11_2026-9-17-06-40-30.ulg:0:125,9.17数据/log_11_2026-9-17-06-40-30.ulg,0,125,51,93183535,93682566,94690500,0.499031,Sep17,0.24588165513090765,middle,0.19138180295304996,False,0.3161785568696321,True,0.32581149204586835,False,0.14034158986758416,False
validation:9.17数据/log_11_2026-9-17-06-40-30.ulg:0:175,9.17数据/log_11_2026-9-17-06-40-30.ulg,0,175,51,94181497,94690500,95688453,0.509003,Sep17,0.31262445873697436,middle,0.011526873271928462,False,0.19889268801485946,True,0.2915646610580723,False,0.5162970598342219,True
validation:9.17数据/log_11_2026-9-17-06-40-30.ulg:0:225,9.17数据/log_11_2026-9-17-06-40-30.ulg,0,225,51,95189493,95688453,96686443,0.4989599999999999,Sep17,0.3515692553973613,high,0.009258785434009643,False,0.0974924342879314,False,0.643424064782787,True,0.18498289946719204,False
validation:9.17数据/log_11_2026-9-17-06-40-30.ulg:0:275,9.17数据/log_11_2026-9-17-06-40-30.ulg,0,275,51,96187438,96686443,97684509,0.499005,Sep17,0.09796790711310838,low,0.0,False,0.10397070396636249,False,0.15634821919905706,False,0.07900604541637822,False
validation:9.17数据/log_11_2026-9-17-06-40-30.ulg:0:325,9.17数据/log_11_2026-9-17-06-40-30.ulg,0,325,51,97185425,97684509,98682410,0.4990839999999999,Sep17,0.21124759799812381,middle,0.0,False,0.08911310048582084,False,0.371596557504018,False,0.16281272460995033,False
validation:9.17数据/log_11_2026-9-17-06-40-30.ulg:0:375,9.17数据/log_11_2026-9-17-06-40-30.ulg,0,375,51,98183452,98682410,99680418,0.4989579999999999,Sep17,0.8210849157336736,high,0.013732998105609136,False,0.06133068052483567,False,1.589717476127546,True,0.2455689630383105,True
validation:9.17数据/log_11_2026-9-17-06-40-30.ulg:0:425,9.17数据/log_11_2026-9-17-06-40-30.ulg,0,425,51,99191393,99680418,100688390,0.489025,Sep17,0.5142447806296726,high,0.012248284428751616,False,0.08264802438671472,False,1.0070210696007822,True,0.0953520438322696,False
validation:9.17数据/log_11_2026-9-17-06-40-30.ulg:0:475,9.17数据/log_11_2026-9-17-06-40-30.ulg,0,475,51,100179440,100688390,101686409,0.50895,Sep17,0.1178734375450321,low,0.016562618895624364,False,0.06981595258877797,False,0.21056517381815226,False,0.04518190007541888,False
validation:9.17数据/log_11_2026-9-17-06-40-30.ulg:0:525,9.17数据/log_11_2026-9-17-06-40-30.ulg,0,525,51,101187423,101686409,102684374,0.498986,Sep17,0.13677034285300022,low,0.013732998105609136,False,0.07862700703282353,False,0.2553895690316833,False,0.044240619991775705,False
validation:9.17数据/log_11_2026-9-17-06-40-30.ulg:0:575,9.17数据/log_11_2026-9-17-06-40-30.ulg,0,575,51,102185350,102684374,103682342,0.4990239999999999,Sep17,0.1304917078405621,low,0.0,False,0.073480433345606,False,0.14458453078147676,False,0.19576588660754446,False
validation:9.17数据/log_11_2026-9-17-06-40-30.ulg:0:625,9.17数据/log_11_2026-9-17-06-40-30.ulg,0,625,51,103183356,103682342,104690311,0.498986,Sep17,0.2629598100955278,middle,0.02090974572658192,False,0.06909172286732271,False,0.48169991838414367,False,0.16388275931522217,False
validation:9.17数据/log_11_2026-9-17-06-40-30.ulg:0:675,9.17数据/log_11_2026-9-17-06-40-30.ulg,0,675,51,104181393,104690311,105688351,0.508918,Sep17,0.12810772058354136,low,0.008018821330704614,False,0.09515978874887113,False,0.23092493318724236,False,0.06511225969924479,False
validation:9.17数据/log_11_2026-9-17-06-40-30.ulg:0:725,9.17数据/log_11_2026-9-17-06-40-30.ulg,0,725,51,105189326,105688351,106686305,0.499025,Sep17,0.15218807936840748,low,0.0,False,0.13309989774131023,False,0.2771065629305487,False,0.04810081144201333,False
validation:9.17数据/log_11_2026-9-17-06-40-30.ulg:1:25,9.17数据/log_11_2026-9-17-06-40-30.ulg,1,25,51,107005712,107504672,108502680,0.4989599999999999,Sep17,0.32127299348380944,middle,0.3713127893644873,True,0.07550052164161508,False,0.41379776919802114,False,0.2918490722751752,True
validation:9.17数据/log_11_2026-9-17-06-40-30.ulg:1:75,9.17数据/log_11_2026-9-17-06-40-30.ulg,1,75,51,108003649,108502680,109500660,0.499031,Sep17,0.17456599782807916,middle,0.25123019958250825,False,0.1016101767606499,False,0.21351140766382665,False,0.0584918413446868,False
validation:9.17数据/log_11_2026-9-17-06-40-30.ulg:1:125,9.17数据/log_11_2026-9-17-06-40-30.ulg,1,125,51,109001645,109500660,110508707,0.499015,Sep17,0.21754674348157468,middle,0.23656666780302052,False,0.08525391692053642,False,0.30522893828027026,False,0.16045305525522646,False
validation:9.17数据/log_11_2026-9-17-06-40-30.ulg:1:175,9.17数据/log_11_2026-9-17-06-40-30.ulg,1,175,51,110009774,110508707,111506715,0.4989329999999999,Sep17,0.117542281374654,low,0.08443109067106949,False,0.09041951673929716,False,0.1810095834468914,False,0.08936933435858549,False
validation:9.17数据/log_11_2026-9-17-06-40-30.ulg:1:225,9.17数据/log_11_2026-9-17-06-40-30.ulg,1,225,51,111007639,111506715,112504777,0.4990759999999999,Sep17,0.2691128500219921,middle,0.1422227108098866,False,0.16135776508651253,False,0.4507939452703985,False,0.15075710004123366,False
validation:9.17数据/log_11_2026-9-17-06-40-30.ulg:1:275,9.17数据/log_11_2026-9-17-06-40-30.ulg,1,275,51,112005630,112504777,113502672,0.4991469999999999,Sep17,0.46436141742025744,high,0.38171948002852907,True,0.0980977769327082,False,0.8098614680846457,True,0.1377271994291252,False
validation:9.17数据/log_11_2026-9-17-06-40-30.ulg:1:325,9.17数据/log_11_2026-9-17-06-40-30.ulg,1,325,51,113003725,113502672,114510633,0.498947,Sep17,0.38139411329932016,high,0.3864035706449361,True,0.16459107203713674,False,0.589737689491157,True,0.10485811951399544,False
validation:9.17数据/log_11_2026-9-17-06-40-30.ulg:1:375,9.17数据/log_11_2026-9-17-06-40-30.ulg,1,375,51,114001648,114510633,115508674,0.508985,Sep17,0.20124360277315406,middle,0.37540829571909906,True,0.09146124011690018,False,0.09452512995923822,False,0.046439151332308276,False
validation:9.17数据/log_11_2026-9-17-06-40-30.ulg:1:425,9.17数据/log_11_2026-9-17-06-40-30.ulg,1,425,51,115009629,115508674,116506655,0.4990449999999999,Sep17,0.20895515995752445,middle,0.32983782520776456,True,0.17773349095197288,True,0.147034559474373,False,0.04628406521795827,False
validation:9.17数据/log_11_2026-9-17-06-40-30.ulg:1:475,9.17数据/log_11_2026-9-17-06-40-30.ulg,1,475,51,116007574,116506655,117504652,0.499081,Sep17,0.154477275247379,low,0.2544747508800527,False,0.10663419516249321,False,0.10085236816054573,False,0.0813685388323788,False
validation:9.17数据/log_11_2026-9-17-06-40-30.ulg:1:525,9.17数据/log_11_2026-9-17-06-40-30.ulg,1,525,51,117005582,117504652,118502609,0.4990699999999999,Sep17,0.18586007772679208,middle,0.2523041039682034,False,0.09435805536760594,False,0.2540355013841364,False,0.0511380124091872,False
validation:9.17数据/log_11_2026-9-17-06-40-30.ulg:1:575,9.17数据/log_11_2026-9-17-06-40-30.ulg,1,575,51,118003572,118502609,119500603,0.4990369999999999,Sep17,0.1766086416484006,middle,0.10451696843142147,False,0.1768043284113319,False,0.3076661177722326,False,0.029229975208109337,False
validation:9.17数据/log_11_2026-9-17-06-40-30.ulg:1:625,9.17数据/log_11_2026-9-17-06-40-30.ulg,1,625,51,119011597,119500603,120508832,0.489006,Sep17,0.1663622851556529,low,0.13906970700668064,False,0.1132379975447188,False,0.27584180347194714,False,0.08144399434809205,False
validation:9.17数据/log_11_2026-9-17-06-40-30.ulg:1:675,9.17数据/log_11_2026-9-17-06-40-30.ulg,1,675,51,120009550,120508832,121506701,0.499282,Sep17,0.17065826257781755,low,0.17561616018603804,False,0.09479016198158358,False,0.24726953602005966,False,0.12516467478636956,False
validation:9.17数据/log_11_2026-9-17-06-40-30.ulg:1:725,9.17数据/log_11_2026-9-17-06-40-30.ulg,1,725,51,121007583,121506701,122504716,0.4991179999999999,Sep17,0.24607388062931906,middle,0.38181161681935716,True,0.11561708589656029,False,0.27276772762269824,False,0.08388639861446455,False
validation:9.17数据/log_11_2026-9-17-06-40-30.ulg:1:775,9.17数据/log_11_2026-9-17-06-40-30.ulg,1,775,51,122005545,122504716,123502698,0.499171,Sep17,0.2631422515639101,middle,0.13463065188312678,False,0.11234863859252595,False,0.45941485878510574,False,0.1177083731372054,False
validation:9.17数据/log_11_2026-9-17-06-40-30.ulg:1:825,9.17数据/log_11_2026-9-17-06-40-30.ulg,1,825,51,123006052,123502698,124510560,0.496646,Sep17,0.2656790034789089,middle,0.3857120171038177,True,0.15281164392795618,False,0.28283512324736415,False,0.11114350404264207,False
validation:9.17数据/log_11_2026-9-17-06-40-30.ulg:1:875,9.17数据/log_11_2026-9-17-06-40-30.ulg,1,875,51,124001563,124510560,125508626,0.5089969999999999,Sep17,0.2498928687629401,middle,0.37476477048980966,True,0.2208995571839025,True,0.23586148288811365,False,0.13290288262139294,False
validation:9.17数据/log_11_2026-9-17-06-40-30.ulg:1:925,9.17数据/log_11_2026-9-17-06-40-30.ulg,1,925,51,125009498,125508626,126506523,0.4991279999999999,Sep17,0.5242819099837509,high,0.07037249117117954,False,0.08822382314051405,False,1.0066204895530146,True,0.13510456577372365,False
validation:9.17数据/log_11_2026-9-17-06-40-30.ulg:1:975,9.17数据/log_11_2026-9-17-06-40-30.ulg,1,975,51,126007484,126506523,127504505,0.4990389999999999,Sep17,0.3670465776546248,high,0.37212660173378714,True,0.22735619600304738,True,0.5167579327361488,True,0.1785457644359885,False
validation:9.17数据/log_11_2026-9-17-06-40-30.ulg:1:1025,9.17数据/log_11_2026-9-17-06-40-30.ulg,1,1025,51,127005563,127504505,128502588,0.498942,Sep17,0.26472732645031166,middle,0.38180562713464183,True,0.13509578834500413,False,0.2584980323614242,False,0.19193072116016904,False
validation:9.17数据/log_11_2026-9-17-06-40-30.ulg:1:1075,9.17数据/log_11_2026-9-17-06-40-30.ulg,1,1075,51,128003508,128502588,129510454,0.4990799999999999,Sep17,0.19976310932603059,middle,0.20755206656049194,False,0.15379792170037487,False,0.14859588682040978,False,0.2659290817391383,True
validation:9.17数据/log_11_2026-9-17-06-40-30.ulg:1:1125,9.17数据/log_11_2026-9-17-06-40-30.ulg,1,1125,51,129011461,129510454,130508453,0.4989929999999999,Sep17,0.17505192052422852,middle,0.13587317917402597,False,0.16508063177029833,False,0.16029040553383594,False,0.21393319282799858,False
validation:9.17数据/log_11_2026-9-17-06-40-30.ulg:1:1175,9.17数据/log_11_2026-9-17-06-40-30.ulg,1,1175,51,129999508,130508453,131506441,0.508945,Sep17,0.16522007426238633,low,0.16248293475765752,False,0.08534558500374305,False,0.15113514728380287,False,0.22123570925539945,False
validation:9.17数据/log_11_2026-9-17-06-40-30.ulg:1:1225,9.17数据/log_11_2026-9-17-06-40-30.ulg,1,1225,51,131007448,131506441,132504437,0.4989929999999999,Sep17,0.20923516569335315,middle,0.20473340748500074,False,0.1041558685605679,False,0.2878985898588071,False,0.21308576144917618,False
validation:9.17数据/log_11_2026-9-17-06-40-30.ulg:1:1275,9.17数据/log_11_2026-9-17-06-40-30.ulg,1,1275,51,132005504,132504437,133502491,0.4989329999999999,Sep17,0.4784112663861318,high,0.1922420818990192,False,0.11269929743895973,False,0.9146577375375889,True,0.17688600460834986,False
validation:9.17数据/log_11_2026-9-17-06-40-30.ulg:1:1325,9.17数据/log_11_2026-9-17-06-40-30.ulg,1,1325,51,133003425,133502491,134510402,0.4990659999999999,Sep17,0.22916688925398518,middle,0.23079711031163172,False,0.14226442213513088,False,0.3809994615588885,False,0.061096379561254584,False
validation:9.17数据/log_11_2026-9-17-06-40-30.ulg:1:1375,9.17数据/log_11_2026-9-17-06-40-30.ulg,1,1375,51,134001427,134510402,135508392,0.508975,Sep17,0.16603616423795445,low,0.06829778931620997,False,0.13637550214632788,False,0.2650817359458982,False,0.07293249703641999,False
validation:9.17数据/log_11_2026-9-17-06-40-30.ulg:1:1425,9.17数据/log_11_2026-9-17-06-40-30.ulg,1,1425,51,135009479,135508392,136506425,0.498913,Sep17,0.11735431496249897,low,0.15382255350714819,False,0.09512674549695337,False,0.12726390817107464,False,0.0690929869615369,False
validation:9.17数据/log_11_2026-9-17-06-40-30.ulg:1:1475,9.17数据/log_11_2026-9-17-06-40-30.ulg,1,1475,51,136007391,136506425,137504384,0.499034,Sep17,0.1376553002549104,low,0.12792458012150287,False,0.11428018899922987,False,0.19620194310609573,False,0.09043241958354181,False
validation:9.17数据/log_11_2026-9-17-06-40-30.ulg:1:1525,9.17数据/log_11_2026-9-17-06-40-30.ulg,1,1525,51,137005439,137504384,138502464,0.4989449999999999,Sep17,0.2821755391811338,middle,0.22502923558563281,False,0.2691733141905237,True,0.45573129003191903,False,0.12269764206179037,False
validation:9.17数据/log_11_2026-9-17-06-40-30.ulg:1:1575,9.17数据/log_11_2026-9-17-06-40-30.ulg,1,1575,51,138003410,138502464,139510409,0.499054,Sep17,0.3071149114877108,middle,0.38314588391067533,True,0.273459222198327,True,0.4057109404024918,False,0.1382070476001203,False
validation:9.17数据/log_11_2026-9-17-06-40-30.ulg:1:1625,9.17数据/log_11_2026-9-17-06-40-30.ulg,1,1625,51,139001372,139510409,140508346,0.509037,Sep17,0.4339198034076809,high,0.33888891018874046,True,0.2228539074338919,True,0.6606872411804998,True,0.42016276843401396,True
validation:9.17数据/log_11_2026-9-17-06-40-30.ulg:1:1675,9.17数据/log_11_2026-9-17-06-40-30.ulg,1,1675,51,140009390,140508346,141506326,0.4989559999999999,Sep17,0.22585705068685138,middle,0.1536196565434416,False,0.10118269469694798,False,0.330517178396328,False,0.24967073947926166,True
validation:9.17数据/log_11_2026-9-17-06-40-30.ulg:1:1725,9.17数据/log_11_2026-9-17-06-40-30.ulg,1,1725,51,141007333,141506326,142504349,0.4989929999999999,Sep17,0.3411822263978044,high,0.38188680520637325,True,0.11778180939347256,False,0.5033042740196664,True,0.2510834768198365,True
validation:9.17数据/log_11_2026-9-17-06-40-30.ulg:1:1775,9.17数据/log_11_2026-9-17-06-40-30.ulg,1,1775,51,142005327,142504349,143512296,0.4990219999999999,Sep17,0.2331994504839475,middle,0.38198298991425406,True,0.11121159473510374,False,0.18251927343143315,False,0.17118351580123264,False
validation:9.17数据/log_11_2026-9-17-06-40-30.ulg:1:1825,9.17数据/log_11_2026-9-17-06-40-30.ulg,1,1825,51,143003319,143512296,144500309,0.508977,Sep17,0.31081094780066704,middle,0.251781987198638,False,0.08915549309202297,False,0.45154209834036774,False,0.31929240837355644,True
validation:9.17数据/log_11_2026-9-17-06-40-30.ulg:1:1875,9.17数据/log_11_2026-9-17-06-40-30.ulg,1,1875,51,144001326,144500309,145508267,0.4989829999999999,Sep17,0.2503768384988238,middle,0.3358610827202866,True,0.20332557453664113,True,0.25070859748620145,False,0.11786715110743824,False
validation:9.17数据/log_11_2026-9-17-06-40-30.ulg:1:1925,9.17数据/log_11_2026-9-17-06-40-30.ulg,1,1925,51,145009320,145508267,146506281,0.498947,Sep17,0.14632867966246,low,0.09414310557611993,False,0.10787537159265126,False,0.17300268928268162,False,0.1746784384227421,False
validation:9.17数据/log_11_2026-9-17-06-40-30.ulg:1:1975,9.17数据/log_11_2026-9-17-06-40-30.ulg,1,1975,51,146007263,146506281,147504319,0.4990179999999999,Sep17,0.22284769002264102,middle,0.3565590501787181,True,0.16937561336251789,False,0.17885665711342624,False,0.08654676472843009,False
validation:9.17数据/log_11_2026-9-17-06-40-30.ulg:1:2025,9.17数据/log_11_2026-9-17-06-40-30.ulg,1,2025,51,147005275,147504319,148502248,0.499044,Sep17,0.1974192888351651,middle,0.2998071202307399,True,0.12629107011808574,False,0.13043988396035402,False,0.17858023875265322,False
validation:9.17数据/log_11_2026-9-17-06-40-30.ulg:1:2075,9.17数据/log_11_2026-9-17-06-40-30.ulg,1,2075,51,148003249,148502248,149510240,0.4989989999999999,Sep17,0.16448711557675602,low,0.28159462522814815,False,0.10907684477211102,False,0.09605989959159937,False,0.07577644167408135,False
validation:9.17数据/log_11_2026-9-17-06-40-30.ulg:1:2125,9.17数据/log_11_2026-9-17-06-40-30.ulg,1,2125,51,149001289,149510240,150508270,0.5089509999999999,Sep17,0.15190693842590028,low,0.07548143174179335,False,0.18369244256753095,True,0.17063292708711353,False,0.1335251447714347,False
validation:9.17数据/log_11_2026-9-17-06-40-30.ulg:1:2175,9.17数据/log_11_2026-9-17-06-40-30.ulg,1,2175,51,150009239,150508270,151506195,0.499031,Sep17,0.17650693718045168,middle,0.3181662551117662,True,0.08958116636100996,False,0.12023174366184386,False,0.045553042031375,False
validation:9.17数据/log_11_2026-9-17-06-40-30.ulg:1:2225,9.17数据/log_11_2026-9-17-06-40-30.ulg,1,2225,51,151007269,151506195,152504178,0.498926,Sep17,0.1690250017200907,low,0.2526121075473046,False,0.06738692916664012,False,0.17816127829521183,False,0.1126339964110255,False
validation:9.17数据/log_11_2026-9-17-06-40-30.ulg:1:2275,9.17数据/log_11_2026-9-17-06-40-30.ulg,1,2275,51,152005233,152504178,153502193,0.4989449999999999,Sep17,0.21718846539222622,middle,0.23117715437273179,False,0.09475643044009499,False,0.19165408555512353,False,0.30274695451865,True
validation:9.17数据/log_11_2026-9-17-06-40-30.ulg:1:2325,9.17数据/log_11_2026-9-17-06-40-30.ulg,1,2325,51,153003181,153502193,154500174,0.4990119999999999,Sep17,0.21163377828388266,middle,0.2091115101896225,False,0.11805036446232457,False,0.2803046707851869,False,0.18630978789610828,False
validation:9.17数据/log_11_2026-9-17-06-40-30.ulg:1:2375,9.17数据/log_11_2026-9-17-06-40-30.ulg,1,2375,51,154011203,154500174,155508178,0.488971,Sep17,0.37136856646672584,high,0.39784020085890914,True,0.24401167074123853,True,0.5063218624645403,True,0.14202485501212822,False
validation:9.17数据/log_11_2026-9-17-06-40-30.ulg:1:2425,9.17数据/log_11_2026-9-17-06-40-30.ulg,1,2425,51,155009212,155508178,156506127,0.4989659999999999,Sep17,0.20851209961924072,middle,0.330120395006536,True,0.11886100002856684,False,0.229832969294087,False,0.03802144429343469,False
validation:9.17数据/log_11_2026-9-17-06-40-30.ulg:1:2475,9.17数据/log_11_2026-9-17-06-40-30.ulg,1,2475,51,156007195,156506127,157504108,0.498932,Sep17,0.22181861841392028,middle,0.38182192376891566,True,0.16422290093004552,False,0.11751056283902485,False,0.07439530696876087,False
validation:9.17数据/log_11_2026-9-17-06-40-30.ulg:1:2525,9.17数据/log_11_2026-9-17-06-40-30.ulg,1,2525,51,157005174,157504108,158502104,0.498934,Sep17,0.27886641241238397,middle,0.38188199644091225,True,0.12432322410078664,False,0.37573838479319716,False,0.09492247409040455,False
validation:9.17数据/log_11_2026-9-17-06-40-30.ulg:1:2575,9.17数据/log_11_2026-9-17-06-40-30.ulg,1,2575,51,158003157,158502104,159510114,0.498947,Sep17,0.2507588231335861,middle,0.32205700091526596,True,0.11785708724747078,False,0.2720660030326687,False,0.2216676342984636,False
validation:9.17数据/log_11_2026-9-17-06-40-30.ulg:1:2625,9.17数据/log_11_2026-9-17-06-40-30.ulg,1,2625,51,159001176,159510114,160508054,0.508938,Sep17,0.2077104486598442,middle,0.3237110724688345,True,0.16579466995044476,False,0.16406173235746768,False,0.10140948486914161,False
validation:9.17数据/log_11_2026-9-17-06-40-30.ulg:1:2675,9.17数据/log_11_2026-9-17-06-40-30.ulg,1,2675,51,160009145,160508054,161506044,0.498909,Sep17,0.2918620478049868,middle,0.38230218371582364,True,0.16604143370451052,False,0.3352718852280475,False,0.17470137072933212,False
validation:9.17数据/log_11_2026-9-17-06-40-30.ulg:1:2725,9.17数据/log_11_2026-9-17-06-40-30.ulg,1,2725,51,161007092,161506044,162504069,0.4989519999999999,Sep17,0.2811431513705612,middle,0.31249661090414876,True,0.230511781286651,True,0.36672152325507934,False,0.07306734019549584,False
validation:9.17数据/log_11_2026-9-17-06-40-30.ulg:1:2775,9.17数据/log_11_2026-9-17-06-40-30.ulg,1,2775,51,162005105,162504069,163501992,0.4989639999999999,Sep17,0.360932386473961,high,0.29699361813455316,False,0.1652620027292149,False,0.515016334697403,True,0.313397543607951,True
validation:9.17数据/log_11_2026-9-17-06-40-30.ulg:1:2825,9.17数据/log_11_2026-9-17-06-40-30.ulg,1,2825,51,163003099,163501992,164510021,0.498893,Sep17,0.2242651283871318,middle,0.35580501515704394,True,0.09471109709026905,False,0.20777471368672257,False,0.1338764351557569,False
validation:9.17数据/log_11_2026-9-17-06-40-30.ulg:1:2875,9.17数据/log_11_2026-9-17-06-40-30.ulg,1,2875,51,164011019,164510021,165507952,0.499002,Sep17,0.23147204715874428,middle,0.37431455698504673,True,0.1616310928100146,False,0.2291763943426621,False,0.04674538518937837,False
validation:9.17数据/log_11_2026-9-17-06-40-30.ulg:1:2925,9.17数据/log_11_2026-9-17-06-40-30.ulg,1,2925,51,165009011,165507952,166505938,0.4989409999999999,Sep17,0.19706615864843063,middle,0.34655095226890376,True,0.10422069240638918,False,0.11280606024936825,False,0.11020302061858712,False
validation:9.17数据/log_11_2026-9-17-06-40-30.ulg:1:2975,9.17数据/log_11_2026-9-17-06-40-30.ulg,1,2975,51,166006990,166505938,167503937,0.498948,Sep17,0.18294182083912133,middle,0.2726893786408771,False,0.091626948773834,False,0.12009577112479494,False,0.1824606931439503,False
validation:9.17数据/log_11_2026-9-17-06-40-30.ulg:1:3025,9.17数据/log_11_2026-9-17-06-40-30.ulg,1,3025,51,167004976,167503937,168501906,0.498961,Sep17,0.13661747972403104,low,0.09345756339295477,False,0.16452354663966198,False,0.113824722976503,False,0.14142855120433556,False
validation:9.17数据/log_11_2026-9-17-06-40-30.ulg:1:3075,9.17数据/log_11_2026-9-17-06-40-30.ulg,1,3075,51,168002983,168501906,169509867,0.4989229999999999,Sep17,0.13324977715751218,low,0.12850681566056985,False,0.1473125157590435,False,0.15850865733677613,False,0.06470167017633631,False
validation:9.17数据/log_11_2026-9-17-06-40-30.ulg:1:3125,9.17数据/log_11_2026-9-17-06-40-30.ulg,1,3125,51,169001018,169509867,170507829,0.508849,Sep17,0.1333947772176623,low,0.1619338149684885,False,0.08057199688150125,False,0.18140852325411774,False,0.04583886798985537,False
validation:9.17数据/log_11_2026-9-17-06-40-30.ulg:1:3175,9.17数据/log_11_2026-9-17-06-40-30.ulg,1,3175,51,170009026,170507829,171505852,0.498803,Sep17,0.32757172121720757,high,0.30704319249217754,True,0.2611422452201662,True,0.47686807001837767,False,0.2595631489141945,True
validation:9.17数据/log_11_2026-9-17-06-40-30.ulg:1:3225,9.17数据/log_11_2026-9-17-06-40-30.ulg,1,3225,51,171006914,171505852,172503832,0.498938,Sep17,0.20580381906138648,middle,0.2510932664327227,False,0.1299337771517339,False,0.26583074603986373,False,0.10576787469723166,False
validation:9.17数据/log_11_2026-9-17-06-40-30.ulg:1:3275,9.17数据/log_11_2026-9-17-06-40-30.ulg,1,3275,51,172004859,172503832,173501768,0.498973,Sep17,0.23026138668955698,middle,0.36129795909303863,True,0.08872289924912255,False,0.2507809885191958,False,0.08906978421838611,False
validation:9.17数据/log_11_2026-9-17-06-40-30.ulg:1:3325,9.17数据/log_11_2026-9-17-06-40-30.ulg,1,3325,51,173002836,173501768,174509756,0.498932,Sep17,0.2958871237256151,middle,0.16928074990328199,False,0.09611002104386902,False,0.5149789235140003,True,0.2120746762321341,False
validation:9.17数据/log_11_2026-9-17-06-40-30.ulg:1:3375,9.17数据/log_11_2026-9-17-06-40-30.ulg,1,3375,51,174010836,174509756,175507745,0.49892,Sep17,0.27822650680469024,middle,0.37428459126760666,True,0.09270423062358417,False,0.1228917547247559,False,0.38162541471874656,True
validation:9.17数据/log_11_2026-9-17-06-40-30.ulg:1:3425,9.17数据/log_11_2026-9-17-06-40-30.ulg,1,3425,51,175008750,175507745,176505741,0.4989949999999999,Sep17,0.1407338158575158,low,0.09840167437546517,False,0.19059742963907395,True,0.06812001263153916,False,0.16915758040517528,False
validation:9.17数据/log_11_2026-9-17-06-40-30.ulg:1:3475,9.17数据/log_11_2026-9-17-06-40-30.ulg,1,3475,51,176006710,176505741,177503665,0.499031,Sep17,0.32549222193064803,high,0.3167460991755193,True,0.10671725969487002,False,0.48202090122668817,False,0.27890213253500623,True
validation:9.17数据/log_11_2026-9-17-06-40-30.ulg:1:3525,9.17数据/log_11_2026-9-17-06-40-30.ulg,1,3525,51,177004713,177503665,178511625,0.4989519999999999,Sep17,0.25817776682371274,middle,0.15688736566329842,False,0.1633294595604233,False,0.4781006752593921,False,0.021099417724036357,False
validation:9.17数据/log_11_2026-9-17-06-40-30.ulg:1:3575,9.17数据/log_11_2026-9-17-06-40-30.ulg,1,3575,51,178002682,178511625,179509612,0.5089429999999999,Sep17,0.22368373145664153,middle,0.34131973379973646,True,0.13731739585387143,False,0.23282247625107702,False,0.07306179011236964,False
validation:9.17数据/log_11_2026-9-17-06-40-30.ulg:1:3625,9.17数据/log_11_2026-9-17-06-40-30.ulg,1,3625,51,179000689,179509612,180507676,0.508923,Sep17,0.3001986088556881,middle,0.37518023037684184,True,0.09517718807962484,False,0.2114437098456582,False,0.40390969770504237,True
validation:9.17数据/log_11_2026-9-17-06-40-30.ulg:1:3675,9.17数据/log_11_2026-9-17-06-40-30.ulg,1,3675,51,180008603,180507676,181505626,0.499073,Sep17,0.25156431552701475,middle,0.3213817102941655,True,0.0841154961912615,False,0.3587148067545213,False,0.060884621648183444,False
validation:9.17数据/log_11_2026-9-17-06-40-30.ulg:1:3725,9.17数据/log_11_2026-9-17-06-40-30.ulg,1,3725,51,181006582,181505626,182503538,0.499044,Sep17,0.12328404108638792,low,0.0704580650195219,False,0.08809969592829078,False,0.1979615432658987,False,0.09679739496735466,False
validation:9.17数据/log_11_2026-9-17-06-40-30.ulg:1:3775,9.17数据/log_11_2026-9-17-06-40-30.ulg,1,3775,51,182004550,182503538,183501512,0.498988,Sep17,0.10517198276799461,low,0.05122988476968845,False,0.10503471388518351,False,0.15347499865977157,False,0.07957129159758429,False
validation:9.17数据/log_11_2026-9-17-06-40-30.ulg:1:3825,9.17数据/log_11_2026-9-17-06-40-30.ulg,1,3825,51,183002626,183501512,184509474,0.498886,Sep17,0.2143042943342407,middle,0.08865353252995178,False,0.08770493657602887,False,0.3711566840949488,False,0.1497354968104216,False
validation:9.17数据/log_11_2026-9-17-06-40-30.ulg:1:3875,9.17数据/log_11_2026-9-17-06-40-30.ulg,1,3875,51,184010499,184509474,185507480,0.498975,Sep17,0.23440415628437428,middle,0.37612748325251616,True,0.08365465926892471,False,0.25977666916039105,False,0.06588391045020993,False
validation:9.17数据/log_11_2026-9-17-06-40-30.ulg:1:3925,9.17数据/log_11_2026-9-17-06-40-30.ulg,1,3925,51,185008489,185507480,186505451,0.4989909999999999,Sep17,0.2534471038601356,middle,0.3818122361572627,True,0.1664717297559901,False,0.28364565816655324,False,0.11667967524553605,False
validation:9.17数据/log_11_2026-9-17-06-40-30.ulg:1:3975,9.17数据/log_11_2026-9-17-06-40-30.ulg,1,3975,51,186006434,186505451,187503400,0.499017,Sep17,0.21840390787393796,middle,0.38187364817003316,True,0.11707347281162085,False,0.1581408027752886,False,0.05122234294653973,False
validation:9.17数据/log_11_2026-9-17-06-40-30.ulg:1:4025,9.17数据/log_11_2026-9-17-06-40-30.ulg,1,4025,51,187004423,187503400,188511408,0.498977,Sep17,0.41440720785186463,high,0.36010215861504125,True,0.1508695607652391,False,0.698643566924905,True,0.19404622466708146,False
validation:9.17数据/log_11_2026-9-17-06-40-30.ulg:1:4075,9.17数据/log_11_2026-9-17-06-40-30.ulg,1,4075,51,188002414,188511408,189509336,0.508994,Sep17,0.2391636082003043,middle,0.3721403785320653,True,0.09709124007653833,False,0.23086292790894167,False,0.17527616318030892,False
validation:9.17数据/log_11_2026-9-17-06-40-30.ulg:1:4125,9.17数据/log_11_2026-9-17-06-40-30.ulg,1,4125,51,189010393,189509336,190507329,0.4989429999999999,Sep17,0.19967233130587916,middle,0.1704634514886501,False,0.1300887597971424,False,0.23925493875287623,False,0.22057259486104522,False
validation:9.17数据/log_11_2026-9-17-06-40-30.ulg:1:4175,9.17数据/log_11_2026-9-17-06-40-30.ulg,1,4175,51,190008313,190507329,191505268,0.4990159999999999,Sep17,0.1916174432946963,middle,0.09366717007587265,False,0.1915459272692662,True,0.24694812524901194,False,0.21890142616436029,False
validation:9.17数据/log_11_2026-9-17-06-40-30.ulg:1:4225,9.17数据/log_11_2026-9-17-06-40-30.ulg,1,4225,51,191006343,191505268,192503275,0.4989249999999999,Sep17,0.3195926540743029,middle,0.05136006299044706,False,0.2502950060805138,True,0.50370348083906,True,0.17717299036083972,False
validation:9.17数据/log_11_2026-9-17-06-40-30.ulg:1:4275,9.17数据/log_11_2026-9-17-06-40-30.ulg,1,4275,51,192004253,192503275,193501245,0.4990219999999999,Sep17,0.23680741327950153,middle,0.1322571032293774,False,0.09020328390806324,False,0.417484701697458,False,0.09958787946153214,False
validation:9.17数据/log_11_2026-9-17-06-40-30.ulg:1:4325,9.17数据/log_11_2026-9-17-06-40-30.ulg,1,4325,51,193002325,193501245,194509218,0.49892,Sep17,0.13068111449022074,low,0.1744760050574761,False,0.0984473827104265,False,0.14403084550413678,False,0.09629252521506879,False
validation:9.17数据/log_11_2026-9-17-06-40-30.ulg:1:4375,9.17数据/log_11_2026-9-17-06-40-30.ulg,1,4375,51,194010203,194509218,195507188,0.499015,Sep17,0.4273891615921404,high,0.33039246947503675,True,0.06990453246408783,False,0.7234336998724767,True,0.2700310862819909,True
validation:9.17数据/log_11_2026-9-17-06-40-30.ulg:1:4425,9.17数据/log_11_2026-9-17-06-40-30.ulg,1,4425,51,195008153,195507188,196505119,0.4990349999999999,Sep17,0.23458134222008298,middle,0.3590818866831752,True,0.15572761789122166,False,0.13384845449772614,False,0.21556252696257067,False
validation:9.17数据/log_11_2026-9-17-06-40-30.ulg:1:4475,9.17数据/log_11_2026-9-17-06-40-30.ulg,1,4475,51,196006129,196505119,197503096,0.49899,Sep17,0.2580694142389656,middle,0.3329333185287974,True,0.26681018290919406,True,0.12354308151859483,False,0.24414007350596575,True
validation:9.17数据/log_11_2026-9-17-06-40-30.ulg:1:4525,9.17数据/log_11_2026-9-17-06-40-30.ulg,1,4525,51,197004100,197503096,198511094,0.498996,Sep17,0.3987687704363305,high,0.24981794816608208,False,0.11026923179519793,False,0.7226976945715184,True,0.06108573324553036,False
validation:9.17数据/log_11_2026-9-17-06-40-30.ulg:1:4575,9.17数据/log_11_2026-9-17-06-40-30.ulg,1,4575,51,198002099,198511094,199509091,0.508995,Sep17,0.14016055942144193,low,0.04903322612251974,False,0.20864628217174422,True,0.11691567606800737,False,0.1440006348437232,False
validation:9.17数据/log_11_2026-9-17-06-40-30.ulg:1:4625,9.17数据/log_11_2026-9-17-06-40-30.ulg,1,4625,51,199010054,199509091,200507141,0.4990369999999999,Sep17,0.2791268760871578,middle,0.19626094545366884,False,0.18020015043732796,True,0.4866007234918296,False,0.1542733298137835,False
validation:9.17数据/log_11_2026-9-17-06-40-30.ulg:1:4675,9.17数据/log_11_2026-9-17-06-40-30.ulg,1,4675,51,200008009,200507141,201505086,0.4991319999999999,Sep17,0.1624464991138173,low,0.12328788521634493,False,0.13714248305902477,False,0.1538760455300833,False,0.2039493692084279,False
validation:9.17数据/log_11_2026-9-17-06-40-30.ulg:1:4725,9.17数据/log_11_2026-9-17-06-40-30.ulg,1,4725,51,201005978,201505086,202503046,0.499108,Sep17,0.15170800282670188,low,0.14847721001616326,False,0.09748130842777471,False,0.15078018343560964,False,0.191448293723575,False
validation:9.17数据/log_11_2026-9-17-06-40-30.ulg:1:4775,9.17数据/log_11_2026-9-17-06-40-30.ulg,1,4775,51,202003981,202503046,203500982,0.499065,Sep17,0.16819608881530992,low,0.10509587908681937,False,0.09552835065366205,False,0.2483796257236231,False,0.15285023278380597,False
validation:9.17数据/log_11_2026-9-17-06-40-30.ulg:1:4825,9.17数据/log_11_2026-9-17-06-40-30.ulg,1,4825,51,203011877,203500982,204508916,0.4891049999999999,Sep17,0.5405255593439156,high,0.06860850545060254,False,0.09656597686785097,False,1.0537778054181899,True,0.14277401462721442,False
validation:9.17数据/log_11_2026-9-17-06-40-30.ulg:1:4875,9.17数据/log_11_2026-9-17-06-40-30.ulg,1,4875,51,203999964,204508916,205506838,0.508952,Sep17,0.11790686578028953,low,0.06922709585194614,False,0.09502844825417074,False,0.16710581215208997,False,0.1048941182552918,False
validation:9.17数据/log_11_2026-9-17-06-40-30.ulg:1:4925,9.17数据/log_11_2026-9-17-06-40-30.ulg,1,4925,51,205007882,205506838,206504829,0.4989559999999999,Sep17,0.16055098403057289,low,0.10854793160819039,False,0.12561030083052885,False,0.19437740078823368,False,0.18978276398299687,False
validation:9.17数据/log_11_2026-9-17-06-40-30.ulg:1:4975,9.17数据/log_11_2026-9-17-06-40-30.ulg,1,4975,51,206005785,206504829,207502801,0.499044,Sep17,0.35083617378613147,high,0.15772175890794995,False,0.06770640196266213,False,0.6448399538160349,True,0.15290754583865507,False
validation:9.17数据/log_11_2026-9-17-06-40-30.ulg:1:5025,9.17数据/log_11_2026-9-17-06-40-30.ulg,1,5025,51,207003740,207502801,208530716,0.499061,Sep17,0.23519117836417677,middle,0.3916488703552174,True,0.09997578432955265,False,0.19537622059490026,False,0.1108149415597859,False
validation:9.17数据/log_11_2026-9-17-06-40-30.ulg:1:5075,9.17数据/log_11_2026-9-17-06-40-30.ulg,1,5075,51,208021677,208530716,209528637,0.509039,Sep17,0.1811418184105843,middle,0.3109135342831807,True,0.11266590607591612,False,0.12067458908610679,False,0.05595984023726453,False
validation:9.17数据/log_11_2026-9-17-06-40-30.ulg:1:5125,9.17数据/log_11_2026-9-17-06-40-30.ulg,1,5125,51,209029777,209528637,210526619,0.4988599999999999,Sep17,0.2968233666855255,middle,0.2411191367982168,False,0.38900130371972585,True,0.3505734589934279,False,0.22757051429715572,True
validation:9.17数据/log_11_2026-9-17-06-40-30.ulg:1:5175,9.17数据/log_11_2026-9-17-06-40-30.ulg,1,5175,51,210027600,210526619,211524659,0.499019,Sep17,0.569710619457108,high,0.3817639806446202,True,0.20288908128619335,True,0.9809658739327514,True,0.20857686652041593,False
validation:9.17数据/log_11_2026-9-17-06-40-30.ulg:1:5225,9.17数据/log_11_2026-9-17-06-40-30.ulg,1,5225,51,211025570,211524659,212522557,0.499089,Sep17,0.2438476650064279,middle,0.26065017590498885,False,0.16071708252605071,False,0.38585707554050136,False,0.07988494151101976,False
validation:9.17数据/log_11_2026-9-17-06-40-30.ulg:1:5275,9.17数据/log_11_2026-9-17-06-40-30.ulg,1,5275,51,212023584,212522557,213520518,0.498973,Sep17,0.4299637378834089,high,0.10685350636207593,False,0.20064991610658134,True,0.7518799121866154,True,0.3886453425817072,True
validation:9.17数据/log_11_2026-9-17-06-40-30.ulg:1:5325,9.17数据/log_11_2026-9-17-06-40-30.ulg,1,5325,51,213021508,213520518,214528420,0.4990099999999999,Sep17,0.7596989297849547,high,0.18595001578233136,False,0.1242771939608795,False,1.363280916671303,True,0.6018257571828258,True
validation:9.17数据/log_11_2026-9-17-06-40-30.ulg:1:5375,9.17数据/log_11_2026-9-17-06-40-30.ulg,1,5375,51,214029547,214528420,215526371,0.4988729999999999,Sep17,0.5825233532524835,high,0.39408082028666164,True,0.24609728904022346,True,0.9719641260709905,True,0.2597289736821513,True
validation:9.17数据/log_11_2026-9-17-06-40-30.ulg:2:25,9.17数据/log_11_2026-9-17-06-40-30.ulg,2,25,51,215965529,216464611,217462476,0.4990819999999999,Sep17,0.30042238996875503,middle,0.34627575449762926,True,0.16447441679838634,False,0.4219849431447475,False,0.060736786352449716,False
validation:9.17数据/log_11_2026-9-17-06-40-30.ulg:2:75,9.17数据/log_11_2026-9-17-06-40-30.ulg,2,75,51,216963441,217462476,218470668,0.4990349999999999,Sep17,0.36445518473086386,high,0.19744479668410014,False,0.09167722267924801,False,0.6766580279755923,True,0.11087056867688985,False
validation:9.17数据/log_11_2026-9-17-06-40-30.ulg:2:125,9.17数据/log_11_2026-9-17-06-40-30.ulg,2,125,51,217961441,218470668,219468465,0.509227,Sep17,0.31331405991314143,middle,0.010757736537608148,False,0.15957167726105534,False,0.6048115357119231,True,0.09392395974411555,False
validation:9.17数据/log_11_2026-9-17-06-40-30.ulg:2:175,9.17数据/log_11_2026-9-17-06-40-30.ulg,2,175,51,218959387,219468465,220466448,0.509078,Sep17,0.4377196464563685,high,0.06320511120164393,False,0.4085301068791465,True,0.6965008349025411,True,0.4122992235756334,True
validation:9.17数据/log_11_2026-9-17-06-40-30.ulg:2:225,9.17数据/log_11_2026-9-17-06-40-30.ulg,2,225,51,219967326,220466448,221464323,0.4991219999999999,Sep17,0.2262113877887011,middle,0.016563174208649663,False,0.16831472493947705,False,0.37369842943235804,False,0.13543368428701427,False
validation:9.17数据/log_11_2026-9-17-06-40-30.ulg:2:275,9.17数据/log_11_2026-9-17-06-40-30.ulg,2,275,51,220965289,221464323,222472545,0.499034,Sep17,0.13414147912666127,low,0.008784178654861021,False,0.06165271797834172,False,0.17608190612354538,False,0.18412916419167216,False
validation:9.17数据/log_11_2026-9-17-06-40-30.ulg:2:325,9.17数据/log_11_2026-9-17-06-40-30.ulg,2,325,51,221963229,222472545,223460241,0.509316,Sep17,0.196500143214338,middle,0.1593497250854332,False,0.11114414066188708,False,0.2898686509433799,False,0.14661259513104474,False
validation:9.17数据/log_11_2026-9-17-06-40-30.ulg:2:375,9.17数据/log_11_2026-9-17-06-40-30.ulg,2,375,51,222961209,223460241,224468311,0.499032,Sep17,0.36528523962893905,high,0.28698867998076333,False,0.35017173202125346,True,0.5594731195300034,True,0.2587826239413966,True
validation:9.17数据/log_11_2026-9-17-06-40-30.ulg:2:425,9.17数据/log_11_2026-9-17-06-40-30.ulg,2,425,51,223969166,224468311,225466212,0.4991449999999999,Sep17,0.44126186076193136,high,0.12066795756746858,False,0.10640646927369278,False,0.8605827508763775,True,0.0602140155263534,False
validation:9.17数据/log_11_2026-9-17-06-40-30.ulg:2:475,9.17数据/log_11_2026-9-17-06-40-30.ulg,2,475,51,224967162,225466212,226464125,0.49905,Sep17,0.11646804613471722,low,0.021012050749462267,False,0.0892934241994769,False,0.176992951668442,False,0.09580612787167765,False
validation:9.17数据/log_11_2026-9-17-06-40-30.ulg:2:525,9.17数据/log_11_2026-9-17-06-40-30.ulg,2,525,51,225965096,226464125,227462103,0.499029,Sep17,0.27651861772852054,middle,0.011527161398409995,False,0.08816148153490257,False,0.49082859031745424,False,0.18677138591920323,False
validation:9.17数据/log_11_2026-9-17-06-40-30.ulg:2:575,9.17数据/log_11_2026-9-17-06-40-30.ulg,2,575,51,226963022,227462103,228469945,0.499081,Sep17,0.2933450246954174,middle,0.14897923645377434,False,0.37275785213899676,True,0.3059503312244711,False,0.3210865818397867,True
validation:9.17数据/log_11_2026-9-17-06-40-30.ulg:2:625,9.17数据/log_11_2026-9-17-06-40-30.ulg,2,625,51,227961008,228469945,229467905,0.508937,Sep17,0.4910970853118385,high,0.0796213234901325,False,0.16042415320805575,False,0.8313866881353438,True,0.4093169048472119,True
validation:9.17数据/log_11_2026-9-17-06-40-30.ulg:2:675,9.17数据/log_11_2026-9-17-06-40-30.ulg,2,675,51,228969008,229467905,230465900,0.498897,Sep17,0.22213945845272096,middle,0.0035859121792027157,False,0.2960409429348492,True,0.2575347212060904,False,0.21977177004344764,False
validation:9.17数据/log_11_2026-9-17-06-40-30.ulg:2:725,9.17数据/log_11_2026-9-17-06-40-30.ulg,2,725,51,229966886,230465900,231463830,0.4990139999999999,Sep17,0.22012076057706276,middle,0.00688020994976284,False,0.3173168652265216,True,0.1829132005466506,False,0.22118803421848177,False
validation:9.17数据/log_11_2026-9-17-06-40-30.ulg:2:775,9.17数据/log_11_2026-9-17-06-40-30.ulg,2,775,51,230964836,231463830,232472005,0.498994,Sep17,0.28761339106544814,middle,0.007479576776958602,False,0.10718492151435632,False,0.5416461613569449,True,0.0949898577430606,False
validation:9.17数据/log_11_2026-9-17-06-40-30.ulg:2:825,9.17数据/log_11_2026-9-17-06-40-30.ulg,2,825,51,231962902,232472005,233459807,0.509103,Sep17,0.3497132221339881,high,0.15131069760562332,False,0.12225876962541832,False,0.6317801684064339,True,0.10345155488283408,False
validation:9.17数据/log_11_2026-9-17-06-40-30.ulg:2:875,9.17数据/log_11_2026-9-17-06-40-30.ulg,2,875,51,232970763,233459807,234467695,0.489044,Sep17,0.5740792460173141,high,0.7497228204260378,True,0.20383115153363077,True,0.8394695368292682,True,0.1275652125058628,False
validation:9.17数据/log_11_2026-9-17-06-40-30.ulg:2:925,9.17数据/log_11_2026-9-17-06-40-30.ulg,2,925,51,233968717,234467695,235465641,0.498978,Sep17,0.35981275383345984,high,0.41213750878267297,True,0.20066029864330892,True,0.5090255559003256,True,0.07846117162925507,False
validation:9.17数据/log_11_2026-9-17-06-40-30.ulg:2:975,9.17数据/log_11_2026-9-17-06-40-30.ulg,2,975,51,234966654,235465641,236463594,0.4989869999999999,Sep17,0.3712469521400786,high,0.008297968814436946,False,0.26704600006093276,True,0.6030641088372988,True,0.19116839078789,False
validation:9.17数据/log_11_2026-9-17-06-40-30.ulg:2:1025,9.17数据/log_11_2026-9-17-06-40-30.ulg,2,1025,51,235964682,236463594,237461554,0.4989119999999999,Sep17,0.23763716441539212,middle,0.006560217910079758,False,0.17026543065247138,False,0.42480290444775,False,0.1688560125122108,False
validation:9.17数据/log_11_2026-9-17-06-40-30.ulg:2:1075,9.17数据/log_11_2026-9-17-06-40-30.ulg,2,1075,51,236962570,237461554,238469596,0.498984,Sep17,0.10022336289668528,low,0.004638636601848337,False,0.12422632514160616,False,0.12091502263179663,False,0.06855786743149941,False
validation:9.17数据/log_12_2026-9-17-06-46-02.ulg:0:25,9.17数据/log_12_2026-9-17-06-46-02.ulg,0,25,51,47691902,48184728,49180200,0.492826,Sep17,0.8066744643705044,high,0.17602894337759606,False,0.2038329289025015,True,1.3099796679061304,True,0.8791140488269639,True
validation:9.17数据/log_12_2026-9-17-06-46-02.ulg:0:75,9.17数据/log_12_2026-9-17-06-46-02.ulg,0,75,51,48687393,49180200,50185602,0.492807,Sep17,1.1824828648902466,high,0.052047973855236816,False,0.42171419019367645,True,0.3118043147673519,False,2.294519995651132,True
validation:9.17数据/log_12_2026-9-17-06-46-02.ulg:0:125,9.17数据/log_12_2026-9-17-06-46-02.ulg,0,125,51,49682872,50185602,51190935,0.50273,Sep17,0.17688983845402273,middle,0.15049622947827132,False,0.202966385992589,True,0.14883087878827392,False,0.19002221709175796,False
validation:9.17数据/log_12_2026-9-17-06-46-02.ulg:0:175,9.17数据/log_12_2026-9-17-06-46-02.ulg,0,175,51,50688201,51190935,52186396,0.502734,Sep17,0.19810825904530568,middle,0.18493485854819197,False,0.2556275291907264,True,0.12695457558378595,False,0.1959860913670498,False
validation:9.17数据/log_12_2026-9-17-06-46-02.ulg:0:225,9.17数据/log_12_2026-9-17-06-46-02.ulg,0,225,51,51683792,52186396,53181887,0.5026039999999999,Sep17,0.09282980581163058,low,0.00948686634720223,False,0.08715816490025656,False,0.1552853942187536,False,0.0558876469311013,False
validation:9.17数据/log_12_2026-9-17-06-46-02.ulg:0:275,9.17数据/log_12_2026-9-17-06-46-02.ulg,0,275,51,52689059,53181887,54187263,0.492828,Sep17,0.18247369267492652,middle,0.029352173800129878,False,0.07117804875939497,False,0.3487673989801668,False,0.0398104243171896,False
validation:9.17数据/log_12_2026-9-17-06-46-02.ulg:0:325,9.17数据/log_12_2026-9-17-06-46-02.ulg,0,325,51,53684740,54187263,55182701,0.5025229999999999,Sep17,0.11317638217348762,low,0.06844722612075738,False,0.09792521855025002,False,0.17799147922833328,False,0.08918366725918649,False
validation:9.17数据/log_12_2026-9-17-06-46-02.ulg:0:375,9.17数据/log_12_2026-9-17-06-46-02.ulg,0,375,51,54689918,55182701,56188082,0.4927829999999999,Sep17,0.2312843584620658,middle,0.06303561723684284,False,0.23751654914297524,True,0.28571167311320456,False,0.22056611281804264,False
validation:9.17数据/log_12_2026-9-17-06-46-02.ulg:0:425,9.17数据/log_12_2026-9-17-06-46-02.ulg,0,425,51,55685642,56188082,57183648,0.50244,Sep17,0.2976255811206067,middle,0.0,False,0.1207189974153845,False,0.566430590973949,True,0.153358743738665,False
validation:9.17数据/log_12_2026-9-17-06-46-02.ulg:0:475,9.17数据/log_12_2026-9-17-06-46-02.ulg,0,475,51,56680923,57183648,58188891,0.502725,Sep17,0.08809262451341976,low,0.0,False,0.12821263161204904,False,0.11236112289082523,False,0.0608819908806792,False
validation:9.17数据/log_12_2026-9-17-06-46-02.ulg:0:525,9.17数据/log_12_2026-9-17-06-46-02.ulg,0,525,51,57686317,58188891,59184440,0.502574,Sep17,0.0932889948328048,low,0.0020703273619530455,False,0.08732368289315848,False,0.15504183795149554,False,0.060705193986690636,False
validation:9.17数据/log_12_2026-9-17-06-46-02.ulg:1:25,9.17数据/log_12_2026-9-17-06-46-02.ulg,1,25,51,60130637,60623443,61628778,0.4928059999999999,Sep17,0.18731849770101755,middle,0.15774263056546486,False,0.26111552414511036,True,0.20660540539586972,False,0.07905141667581812,False
validation:9.17数据/log_12_2026-9-17-06-46-02.ulg:1:75,9.17数据/log_12_2026-9-17-06-46-02.ulg,1,75,51,61126300,61628778,62624316,0.502478,Sep17,0.22413298454379793,middle,0.36760592537213127,True,0.12685021449372696,False,0.19655078336844292,False,0.12664779892128694,False
validation:9.17数据/log_12_2026-9-17-06-46-02.ulg:1:125,9.17数据/log_12_2026-9-17-06-46-02.ulg,1,125,51,62121598,62624316,63629648,0.502718,Sep17,0.2274233781392871,middle,0.3635324492570084,True,0.12389754286849447,False,0.23904340114150927,False,0.0476316975931722,False
validation:9.17数据/log_12_2026-9-17-06-46-02.ulg:1:175,9.17数据/log_12_2026-9-17-06-46-02.ulg,1,175,51,63126958,63629648,64625138,0.50269,Sep17,0.26158985667119555,middle,0.3173782245333411,True,0.12860021937683355,False,0.3627072772374304,False,0.09113370866620138,False
validation:9.17数据/log_12_2026-9-17-06-46-02.ulg:1:225,9.17数据/log_12_2026-9-17-06-46-02.ulg,1,225,51,64122532,64625138,65620626,0.502606,Sep17,0.24682634210202703,middle,0.1288832452807964,False,0.0992543258434034,False,0.4642001623075679,False,0.04853733465532202,False
validation:9.17数据/log_12_2026-9-17-06-46-02.ulg:1:275,9.17数据/log_12_2026-9-17-06-46-02.ulg,1,275,51,65127825,65620626,66625997,0.492801,Sep17,0.27036848775565436,middle,0.20470893044146776,False,0.1175661942829882,False,0.4518000279897001,False,0.13353720065930086,False
validation:9.17数据/log_12_2026-9-17-06-46-02.ulg:1:325,9.17数据/log_12_2026-9-17-06-46-02.ulg,1,325,51,66123296,66625997,67631406,0.502701,Sep17,0.3287699922216273,high,0.13944192406732892,False,0.23346688556856626,True,0.6117197193239977,True,0.1417817841428237,False
validation:9.17数据/log_12_2026-9-17-06-46-02.ulg:1:375,9.17数据/log_12_2026-9-17-06-46-02.ulg,1,375,51,67128700,67631406,68626846,0.502706,Sep17,0.10401747066533444,low,0.07496127819809885,False,0.07614183305986569,False,0.16511393108617398,False,0.07235730213718299,False
validation:9.17数据/log_12_2026-9-17-06-46-02.ulg:1:425,9.17数据/log_12_2026-9-17-06-46-02.ulg,1,425,51,68124224,68626846,69622333,0.502622,Sep17,0.2581154831824256,middle,0.38373766020139677,True,0.11346869155498007,False,0.3177090583327935,False,0.04113938705941813,False
validation:9.17数据/log_12_2026-9-17-06-46-02.ulg:1:475,9.17数据/log_12_2026-9-17-06-46-02.ulg,1,475,51,69129561,69622333,70627734,0.492772,Sep17,0.2375364534307567,middle,0.38920276609052495,True,0.10181571101339508,False,0.23688472514391323,False,0.08734548312117021,False
validation:9.17数据/log_12_2026-9-17-06-46-02.ulg:1:525,9.17数据/log_12_2026-9-17-06-46-02.ulg,1,525,51,70125003,70627734,71623208,0.5027309999999999,Sep17,0.20920694113893645,middle,0.1078056769172104,False,0.09521175433324941,False,0.382396905993868,False,0.0861136402988683,False
validation:9.17数据/log_12_2026-9-17-06-46-02.ulg:1:575,9.17数据/log_12_2026-9-17-06-46-02.ulg,1,575,51,71130377,71623208,72628609,0.4928309999999999,Sep17,0.17595626901553676,middle,0.2970499014686525,False,0.12269895759405938,False,0.12352706527645889,False,0.044621296988528646,False
validation:9.17数据/log_12_2026-9-17-06-46-02.ulg:1:625,9.17数据/log_12_2026-9-17-06-46-02.ulg,1,625,51,72125950,72628609,73624142,0.502659,Sep17,0.1521320242111358,low,0.09961257475237997,False,0.09756578437517283,False,0.16955581523473823,False,0.19691580927635804,False
validation:9.17数据/log_12_2026-9-17-06-46-02.ulg:1:675,9.17数据/log_12_2026-9-17-06-46-02.ulg,1,675,51,73121404,73624142,74629469,0.502738,Sep17,0.2218294734804119,middle,0.046562981098418235,False,0.09885091612712242,False,0.3852954137258887,False,0.18954769295671323,False
validation:9.17数据/log_12_2026-9-17-06-46-02.ulg:1:725,9.17数据/log_12_2026-9-17-06-46-02.ulg,1,725,51,74126765,74629469,75624992,0.5027039999999999,Sep17,0.1351290177852112,low,0.06558841555635295,False,0.10644268681712184,False,0.1918803732857027,False,0.1505168699762987,False
validation:9.17数据/log_12_2026-9-17-06-46-02.ulg:1:775,9.17数据/log_12_2026-9-17-06-46-02.ulg,1,775,51,75122273,75624992,76620475,0.502719,Sep17,0.14420758527123592,low,0.16499085125870272,False,0.17775984871886705,True,0.1416652353486317,False,0.08008585726919328,False
validation:9.17数据/log_12_2026-9-17-06-46-02.ulg:1:825,9.17数据/log_12_2026-9-17-06-46-02.ulg,1,825,51,76127617,76620475,77625797,0.4928579999999999,Sep17,0.34619945112144807,high,0.1915449633504229,False,0.07579939577640879,False,0.6191107109469843,True,0.21055412710559324,False
validation:9.17数据/log_12_2026-9-17-06-46-02.ulg:1:875,9.17数据/log_12_2026-9-17-06-46-02.ulg,1,875,51,77123165,77625797,78631284,0.502632,Sep17,0.2046509059144018,middle,0.09503500732864732,False,0.10183722213412603,False,0.3553635296131484,False,0.09758682655421674,False
validation:9.17数据/log_12_2026-9-17-06-46-02.ulg:1:925,9.17数据/log_12_2026-9-17-06-46-02.ulg,1,925,51,78128433,78631284,79626980,0.5028509999999999,Sep17,0.15584269451828425,low,0.08562421549434339,False,0.1000072701242894,False,0.22675801113057414,False,0.1585976206338333,False
validation:9.17数据/log_12_2026-9-17-06-46-02.ulg:1:975,9.17数据/log_12_2026-9-17-06-46-02.ulg,1,975,51,79123989,79626980,80622286,0.502991,Sep17,0.2368702055401587,middle,0.38215275783968894,True,0.20571804104422528,True,0.20301817591704718,False,0.05025398595516978,False
validation:9.17数据/log_12_2026-9-17-06-46-02.ulg:1:1025,9.17数据/log_12_2026-9-17-06-46-02.ulg,1,1025,51,80129389,80622286,81627697,0.492897,Sep17,0.39567809807537957,high,0.1296301950445599,False,0.09682944164514994,False,0.7511542710733593,True,0.1467630118979458,False
validation:9.17数据/log_12_2026-9-17-06-46-02.ulg:1:1075,9.17数据/log_12_2026-9-17-06-46-02.ulg,1,1075,51,81124846,81627697,82623051,0.5028509999999999,Sep17,0.24608889928352376,middle,0.38075242724472635,True,0.17084390230304647,False,0.21694865648330133,False,0.08264419675597923,False
validation:9.17数据/log_12_2026-9-17-06-46-02.ulg:1:1125,9.17数据/log_12_2026-9-17-06-46-02.ulg,1,1125,51,82130217,82623051,83628669,0.492834,Sep17,1.3798653780019814,high,0.39003847155483096,True,0.18017776932321142,True,2.6392770481379375,True,0.18767747498161608,False
validation:9.17数据/log_12_2026-9-17-06-46-02.ulg:1:1175,9.17数据/log_12_2026-9-17-06-46-02.ulg,1,1175,51,83125742,83628669,84624065,0.502927,Sep17,0.2947382591808897,middle,0.3672599480097134,True,0.07569905630060744,False,0.3902675402911787,False,0.216634854643883,False
validation:9.17数据/log_12_2026-9-17-06-46-02.ulg:1:1225,9.17数据/log_12_2026-9-17-06-46-02.ulg,1,1225,51,84121229,84624065,85629360,0.502836,Sep17,0.26374808151556056,middle,0.1993259855434077,False,0.09254437891000994,False,0.3919355953050661,False,0.28062666824093296,True
validation:9.17数据/log_12_2026-9-17-06-46-02.ulg:1:1275,9.17数据/log_12_2026-9-17-06-46-02.ulg,1,1275,51,85126597,85629360,86624787,0.502763,Sep17,0.23654657358143638,middle,0.30740614642386965,True,0.06745295345163005,False,0.15338319221115165,False,0.312712589989515,True
validation:9.17数据/log_12_2026-9-17-06-46-02.ulg:1:1325,9.17数据/log_12_2026-9-17-06-46-02.ulg,1,1325,51,86122131,86624787,87630481,0.502656,Sep17,0.13776239705682075,low,0.14433660811418475,False,0.06546533852956425,False,0.19187580088699652,False,0.11044357870494663,False
validation:9.17数据/log_12_2026-9-17-06-46-02.ulg:1:1375,9.17数据/log_12_2026-9-17-06-46-02.ulg,1,1375,51,87127452,87630481,88625712,0.503029,Sep17,0.2136109036366843,middle,0.2416743649139609,False,0.21855030226006414,True,0.2908375534585051,False,0.09459144024225012,False
validation:9.17数据/log_12_2026-9-17-06-46-02.ulg:1:1425,9.17数据/log_12_2026-9-17-06-46-02.ulg,1,1425,51,88122978,88625712,89621259,0.502734,Sep17,0.2288655387687274,middle,0.2836315620484103,False,0.16351922435794009,False,0.26681065892003925,False,0.10514635235379968,False
validation:9.17数据/log_12_2026-9-17-06-46-02.ulg:1:1475,9.17数据/log_12_2026-9-17-06-46-02.ulg,1,1475,51,89128342,89621259,90626534,0.492917,Sep17,0.3884178952696455,high,0.38947262532598953,True,0.18231379202458683,True,0.5427533887966346,True,0.3810056106626831,True
validation:9.17数据/log_12_2026-9-17-06-46-02.ulg:1:1525,9.17数据/log_12_2026-9-17-06-46-02.ulg,1,1525,51,90123824,90626534,91622316,0.50271,Sep17,0.17794338769459042,middle,0.21075698160288076,False,0.16167311379108587,False,0.14144335192494217,False,0.17020525579705997,False
validation:9.17数据/log_12_2026-9-17-06-46-02.ulg:1:1575,9.17数据/log_12_2026-9-17-06-46-02.ulg,1,1575,51,91129175,91622316,92627412,0.493141,Sep17,0.3503782065560514,high,0.3629458785020864,True,0.07493115720022721,False,0.5328948744802846,True,0.24079311408640441,True
validation:9.17数据/log_12_2026-9-17-06-46-02.ulg:1:1625,9.17数据/log_12_2026-9-17-06-46-02.ulg,1,1625,51,92124694,92627412,93622991,0.502718,Sep17,0.34448367765420534,high,0.22702704776379729,False,0.08500870833087269,False,0.631124672906392,True,0.08076317633479582,False
validation:9.17数据/log_12_2026-9-17-06-46-02.ulg:1:1675,9.17数据/log_12_2026-9-17-06-46-02.ulg,1,1675,51,93120179,93622991,94628254,0.5028119999999999,Sep17,0.3353267898647648,high,0.327267332630236,True,0.09245030203865678,False,0.5563039498287232,True,0.06459610088538101,False
validation:9.17数据/log_12_2026-9-17-06-46-02.ulg:1:1725,9.17数据/log_12_2026-9-17-06-46-02.ulg,1,1725,51,94125590,94628254,95624115,0.502664,Sep17,0.14981892020044535,low,0.20669859192237353,False,0.1129148537797123,False,0.1397346885596762,False,0.11027251334182772,False
validation:9.17数据/log_12_2026-9-17-06-46-02.ulg:1:1775,9.17数据/log_12_2026-9-17-06-46-02.ulg,1,1775,51,95130914,95624115,96619318,0.493201,Sep17,0.3486144234536781,high,0.037980724360642114,False,0.14315561017503578,False,0.5984283418518268,True,0.25264734506036474,True
validation:9.17数据/log_12_2026-9-17-06-46-02.ulg:1:1825,9.17数据/log_12_2026-9-17-06-46-02.ulg,1,1825,51,96126444,96619318,97624735,0.492874,Sep17,1.1889944944445032,high,0.22726999150516858,False,0.23176201284902287,True,2.2416265537578193,True,0.3685728664207779,True
validation:9.17数据/log_12_2026-9-17-06-46-02.ulg:1:1875,9.17数据/log_12_2026-9-17-06-46-02.ulg,1,1875,51,97121986,97624735,98629965,0.502749,Sep17,0.297901133937577,middle,0.11892979572373354,False,0.09962911322429314,False,0.43812899225604396,False,0.37935258089908575,True
validation:9.17数据/log_12_2026-9-17-06-46-02.ulg:1:1925,9.17数据/log_12_2026-9-17-06-46-02.ulg,1,1925,51,98127299,98629965,99625473,0.502666,Sep17,0.24049017042538834,middle,0.24347758324420815,False,0.14590054122532048,False,0.3458994008687813,False,0.10405889735592604,False
validation:9.17数据/log_12_2026-9-17-06-46-02.ulg:1:1975,9.17数据/log_12_2026-9-17-06-46-02.ulg,1,1975,51,99122784,99625473,100620962,0.5026889999999999,Sep17,0.1726904958658751,low,0.0659145113695857,False,0.07971813464660425,False,0.16051526299979596,False,0.28422310820802754,True
validation:9.17数据/log_12_2026-9-17-06-46-02.ulg:1:2025,9.17数据/log_12_2026-9-17-06-46-02.ulg,1,2025,51,100128189,100620962,101626353,0.4927729999999999,Sep17,0.179358556903304,middle,0.26694029044374656,False,0.16783711366000725,False,0.18430435975335313,False,0.04105485478317284,False
validation:9.17数据/log_12_2026-9-17-06-46-02.ulg:1:2075,9.17数据/log_12_2026-9-17-06-46-02.ulg,1,2075,51,101123684,101626353,102621835,0.502669,Sep17,0.18138539452148786,middle,0.1191774183666444,False,0.08674263909345944,False,0.2573037589148721,False,0.20201113591783937,False
validation:9.17数据/log_12_2026-9-17-06-46-02.ulg:1:2125,9.17数据/log_12_2026-9-17-06-46-02.ulg,1,2125,51,102129118,102621835,103627244,0.4927169999999999,Sep17,0.21525500333297395,middle,0.3900977501671453,True,0.13736545340214665,False,0.09873417786668612,False,0.07455927615151847,False
validation:9.17数据/log_12_2026-9-17-06-46-02.ulg:1:2175,9.17数据/log_12_2026-9-17-06-46-02.ulg,1,2175,51,103124559,103627244,104622752,0.5026849999999999,Sep17,0.16649124824214198,low,0.19854310939128378,False,0.11679176155016535,False,0.2401768810146883,False,0.06282619648318798,False
validation:9.17数据/log_12_2026-9-17-06-46-02.ulg:1:2225,9.17数据/log_12_2026-9-17-06-46-02.ulg,1,2225,51,104120030,104622752,105628058,0.502722,Sep17,0.30383175091076975,middle,0.38895985027255103,True,0.11285322214244675,False,0.43282298979686823,False,0.08436501638933035,False
validation:9.17数据/log_12_2026-9-17-06-46-02.ulg:1:2275,9.17数据/log_12_2026-9-17-06-46-02.ulg,1,2275,51,105125436,105628058,106623590,0.502622,Sep17,0.16455702158268395,low,0.12508973172677737,False,0.09995987162528801,False,0.2690728519953669,False,0.09643675207585019,False
validation:9.17数据/log_12_2026-9-17-06-46-02.ulg:1:2325,9.17数据/log_12_2026-9-17-06-46-02.ulg,1,2325,51,106130731,106623590,107628927,0.492859,Sep17,0.23458872117502458,middle,0.3892279493475542,True,0.16287328246013927,False,0.1576411471857808,False,0.0881041711654568,False
validation:9.17数据/log_12_2026-9-17-06-46-02.ulg:1:2375,9.17数据/log_12_2026-9-17-06-46-02.ulg,1,2375,51,107126243,107628927,108624403,0.502684,Sep17,0.21595241087807268,middle,0.3656620189728215,True,0.08947571310711985,False,0.1853045421228219,False,0.07648039260909406,False
validation:9.17数据/log_12_2026-9-17-06-46-02.ulg:1:2425,9.17数据/log_12_2026-9-17-06-46-02.ulg,1,2425,51,108121803,108624403,109629866,0.5025999999999999,Sep17,0.31846282287654915,middle,0.3671040433740685,True,0.12377655614293281,False,0.47692130942581656,False,0.08119252101796086,False
validation:9.17数据/log_12_2026-9-17-06-46-02.ulg:1:2475,9.17数据/log_12_2026-9-17-06-46-02.ulg,1,2475,51,109127158,109629866,110625305,0.5027079999999999,Sep17,0.23825865558548537,middle,0.2529425390612469,False,0.11441172944020819,False,0.34499615298796316,False,0.12218178751742438,False
validation:9.17数据/log_12_2026-9-17-06-46-02.ulg:1:2525,9.17数据/log_12_2026-9-17-06-46-02.ulg,1,2525,51,110122612,110625305,111620797,0.502693,Sep17,0.15326989537291513,low,0.15707505031621571,False,0.10226671445015914,False,0.2395637532702066,False,0.03940028959112049,False
validation:9.17数据/log_12_2026-9-17-06-46-02.ulg:1:2575,9.17数据/log_12_2026-9-17-06-46-02.ulg,1,2575,51,111128008,111620797,112626147,0.492789,Sep17,0.21003416863004762,middle,0.360465128223019,True,0.08750768258239812,False,0.17917462794534691,False,0.036919574209762,False
validation:9.17数据/log_12_2026-9-17-06-46-02.ulg:1:2625,9.17数据/log_12_2026-9-17-06-46-02.ulg,1,2625,51,112123487,112626147,113631510,0.50266,Sep17,0.17534590415071005,middle,0.3029651462653512,True,0.1170275836825287,False,0.08170504282784559,False,0.08811570076565756,False
validation:9.17数据/log_12_2026-9-17-06-46-02.ulg:1:2675,9.17数据/log_12_2026-9-17-06-46-02.ulg,1,2675,51,113128846,113631510,114627047,0.502664,Sep17,0.23313595424163513,middle,0.36570547013332627,True,0.18294653178564202,True,0.1818759662579531,False,0.058748326891757345,False
validation:9.17数据/log_12_2026-9-17-06-46-02.ulg:1:2725,9.17数据/log_12_2026-9-17-06-46-02.ulg,1,2725,51,114124334,114627047,115622569,0.502713,Sep17,0.16854680549775755,low,0.2724455039794274,False,0.11225614825358383,False,0.12014803047516541,False,0.09310940159712593,False
validation:9.17数据/log_12_2026-9-17-06-46-02.ulg:1:2775,9.17数据/log_12_2026-9-17-06-46-02.ulg,1,2775,51,115129739,115622569,116627870,0.49283,Sep17,0.2150355200024676,middle,0.3117997471520646,True,0.1328618039018916,False,0.23592571548666505,False,0.07016811510227863,False
validation:9.17数据/log_12_2026-9-17-06-46-02.ulg:1:2825,9.17数据/log_12_2026-9-17-06-46-02.ulg,1,2825,51,116125220,116627870,117623403,0.5026499999999999,Sep17,0.2138417504918642,middle,0.39059904896372327,True,0.10183452957822368,False,0.10783313561689449,False,0.08879702255153159,False
validation:9.17数据/log_12_2026-9-17-06-46-02.ulg:1:2875,9.17数据/log_12_2026-9-17-06-46-02.ulg,1,2875,51,117130745,117623403,118628744,0.492658,Sep17,0.20774580416197763,middle,0.3796594625584349,True,0.08353720924459578,False,0.12712841380971854,False,0.06536574511601351,False
validation:9.17数据/log_12_2026-9-17-06-46-02.ulg:1:2925,9.17数据/log_12_2026-9-17-06-46-02.ulg,1,2925,51,118126066,118628744,119624251,0.502678,Sep17,0.25334278154392914,middle,0.22091915996398634,False,0.12375478333770126,False,0.40400561412635977,False,0.17943105118716254,False
validation:9.17数据/log_12_2026-9-17-06-46-02.ulg:1:2975,9.17数据/log_12_2026-9-17-06-46-02.ulg,1,2975,51,119121552,119624251,120629621,0.502699,Sep17,0.36560805309334216,high,0.1429755992750748,False,0.08164185919055864,False,0.6881368843583905,True,0.11164449639832011,False
validation:9.17数据/log_12_2026-9-17-06-46-02.ulg:1:3025,9.17数据/log_12_2026-9-17-06-46-02.ulg,1,3025,51,120126947,120629621,121625100,0.502674,Sep17,0.14917817086050045,low,0.21021115225114204,False,0.127601086461081,False,0.1395033482568974,False,0.08193568855871639,False
validation:9.17数据/log_12_2026-9-17-06-46-02.ulg:1:3075,9.17数据/log_12_2026-9-17-06-46-02.ulg,1,3075,51,121122686,121625100,122630546,0.502414,Sep17,0.17980322546151,middle,0.09925249418941239,False,0.0954807591384679,False,0.3355939873288255,False,0.026789371095904756,False
validation:9.17数据/log_12_2026-9-17-06-46-02.ulg:1:3125,9.17数据/log_12_2026-9-17-06-46-02.ulg,1,3125,51,122127821,122630546,123626003,0.502725,Sep17,0.27614663645554016,middle,0.05581582302027239,False,0.0962814237507142,False,0.501129542495705,True,0.14599801947106292,False
validation:9.17数据/log_12_2026-9-17-06-46-02.ulg:1:3175,9.17数据/log_12_2026-9-17-06-46-02.ulg,1,3175,51,123123415,123626003,124621477,0.5025879999999999,Sep17,0.24182079646820623,middle,0.16327468889502025,False,0.08363836576371962,False,0.42431596141274375,False,0.08619353155984594,False
validation:9.17数据/log_12_2026-9-17-06-46-02.ulg:1:3225,9.17数据/log_12_2026-9-17-06-46-02.ulg,1,3225,51,124128688,124621477,125626893,0.492789,Sep17,0.40018901413768215,high,0.3802802538847728,True,0.11684749452510391,False,0.6401291362141347,True,0.1881604656151567,False
validation:9.17数据/log_12_2026-9-17-06-46-02.ulg:1:3275,9.17数据/log_12_2026-9-17-06-46-02.ulg,1,3275,51,125124464,125626893,126622356,0.502429,Sep17,0.15619929923361606,low,0.22736689621251874,False,0.0773364581904052,False,0.17167963726434338,False,0.07282882701556741,False
validation:9.17数据/log_12_2026-9-17-06-46-02.ulg:1:3325,9.17数据/log_12_2026-9-17-06-46-02.ulg,1,3325,51,126129530,126622356,127627718,0.492826,Sep17,0.22529061894041608,middle,0.38903306540326715,True,0.10779972038742455,False,0.1772105868636535,False,0.10834221784882829,False
validation:9.17数据/log_12_2026-9-17-06-46-02.ulg:1:3375,9.17数据/log_12_2026-9-17-06-46-02.ulg,1,3375,51,127125070,127627718,128623208,0.502648,Sep17,0.22364743774914125,middle,0.20536493406614553,False,0.14735277257085747,False,0.37772827763800776,False,0.06959011078714546,False
validation:9.17数据/log_12_2026-9-17-06-46-02.ulg:1:3425,9.17数据/log_12_2026-9-17-06-46-02.ulg,1,3425,51,128120562,128623208,129628508,0.5026459999999999,Sep17,0.17692185745785177,middle,0.24407282925828258,False,0.12446638969666093,False,0.12847950600190153,False,0.18081631806725357,False
validation:9.17数据/log_12_2026-9-17-06-46-02.ulg:1:3475,9.17数据/log_12_2026-9-17-06-46-02.ulg,1,3475,51,129126133,129628508,130624019,0.502375,Sep17,0.3613599891582464,high,0.039130680751433985,False,0.1130125203639374,False,0.5769332019758836,True,0.3800984319680761,True
validation:9.17数据/log_12_2026-9-17-06-46-02.ulg:1:3525,9.17数据/log_12_2026-9-17-06-46-02.ulg,1,3525,51,130121361,130624019,131619582,0.5026579999999999,Sep17,0.21599766622870203,middle,0.19773721681203427,False,0.0996350002290458,False,0.34695590552254135,False,0.08094600861582842,False
validation:9.17数据/log_12_2026-9-17-06-46-02.ulg:1:3575,9.17数据/log_12_2026-9-17-06-46-02.ulg,1,3575,51,131126791,131619582,132624857,0.492791,Sep17,0.23414124088016902,middle,0.38887044786762925,True,0.1205301982421098,False,0.15793965863104523,False,0.149244578106337,False
validation:9.17数据/log_12_2026-9-17-06-46-02.ulg:1:3625,9.17数据/log_12_2026-9-17-06-46-02.ulg,1,3625,51,132122287,132624857,133630234,0.50257,Sep17,0.27351055918220624,middle,0.19264559052897973,False,0.14096250075045472,False,0.4917575356805375,False,0.08022569354295359,False
validation:9.17数据/log_12_2026-9-17-06-46-02.ulg:1:3675,9.17数据/log_12_2026-9-17-06-46-02.ulg,1,3675,51,133127886,133630234,134625768,0.502348,Sep17,0.18394274771372152,middle,0.12413818129945746,False,0.15802803183299402,False,0.2698158058107266,False,0.05471095736369518,False
validation:9.17数据/log_12_2026-9-17-06-46-02.ulg:1:3725,9.17数据/log_12_2026-9-17-06-46-02.ulg,1,3725,51,134123093,134625768,135621194,0.502675,Sep17,0.15323304462961074,low,0.07875791890112786,False,0.11287366111693697,False,0.21443875288825298,False,0.18503560365662367,False
validation:9.17数据/log_12_2026-9-17-06-46-02.ulg:1:3775,9.17数据/log_12_2026-9-17-06-46-02.ulg,1,3775,51,135128390,135621194,136626560,0.4928039999999999,Sep17,0.18248195840134876,middle,0.05278108424844111,False,0.17927996327419207,True,0.2714443680283117,False,0.08023507690012154,False
validation:9.17数据/log_12_2026-9-17-06-46-02.ulg:1:3825,9.17数据/log_12_2026-9-17-06-46-02.ulg,1,3825,51,136123955,136626560,137622075,0.502605,Sep17,0.21904367321815515,middle,0.3250280082350077,True,0.07049443697133796,False,0.2655788822323948,False,0.10006014037640788,False
validation:9.17数据/log_12_2026-9-17-06-46-02.ulg:1:3875,9.17数据/log_12_2026-9-17-06-46-02.ulg,1,3875,51,137129248,137622075,138627442,0.4928269999999999,Sep17,0.1046251026226545,low,0.11943652399528433,False,0.09485337164519721,False,0.12831498428805832,False,0.058957717383968974,False
validation:9.17数据/log_12_2026-9-17-06-46-02.ulg:1:3925,9.17数据/log_12_2026-9-17-06-46-02.ulg,1,3925,51,138124813,138627442,139622912,0.502629,Sep17,0.21714773905229784,middle,0.05076503838151016,False,0.10527432666181498,False,0.41795150532438263,False,0.05753319137317682,False
validation:9.17数据/log_12_2026-9-17-06-46-02.ulg:1:3975,9.17数据/log_12_2026-9-17-06-46-02.ulg,1,3975,51,139120391,139622912,140628241,0.502521,Sep17,0.18299746900617242,middle,0.3133505980553413,True,0.13456298163592384,False,0.1233208057715018,False,0.05015930698603106,False
validation:9.17数据/log_12_2026-9-17-06-46-02.ulg:1:4025,9.17数据/log_12_2026-9-17-06-46-02.ulg,1,4025,51,140125592,140628241,141623756,0.502649,Sep17,0.2598232946058756,middle,0.39059274538565525,True,0.14228096983578292,False,0.28173399230298807,False,0.07786649132472005,False
validation:9.17数据/log_12_2026-9-17-06-46-02.ulg:1:4075,9.17数据/log_12_2026-9-17-06-46-02.ulg,1,4075,51,141130997,141623756,142629100,0.492759,Sep17,0.15437246401265753,low,0.1570357389640351,False,0.14314430504824963,False,0.1473774910174803,False,0.16108029952295858,False
validation:9.17数据/log_12_2026-9-17-06-46-02.ulg:1:4125,9.17数据/log_12_2026-9-17-06-46-02.ulg,1,4125,51,142126456,142629100,143624641,0.502644,Sep17,0.17479179409075282,middle,0.17582709232924593,False,0.16141472878813687,False,0.14472732927825888,False,0.20601569996962904,False
validation:9.17数据/log_12_2026-9-17-06-46-02.ulg:1:4175,9.17数据/log_12_2026-9-17-06-46-02.ulg,1,4175,51,143121945,143624641,144629989,0.502696,Sep17,0.1731139613356211,low,0.045285889181104766,False,0.09463539068602987,False,0.2865805559452775,False,0.15772262977062126,False
validation:9.17数据/log_12_2026-9-17-06-46-02.ulg:1:4225,9.17数据/log_12_2026-9-17-06-46-02.ulg,1,4225,51,144127275,144629989,145625469,0.502714,Sep17,0.23450480838190083,middle,0.34984595917506933,True,0.1240218025426942,False,0.20516306144532984,False,0.19693177707698603,False
validation:9.17数据/log_12_2026-9-17-06-46-02.ulg:1:4275,9.17数据/log_12_2026-9-17-06-46-02.ulg,1,4275,51,145122777,145625469,146620924,0.502692,Sep17,0.2429430161004885,middle,0.3881231066647075,True,0.1942170248115819,True,0.1866148262921874,False,0.1503474491456735,False
validation:9.17数据/log_12_2026-9-17-06-46-02.ulg:1:4325,9.17数据/log_12_2026-9-17-06-46-02.ulg,1,4325,51,146128185,146620924,147626290,0.492739,Sep17,0.3925550512517174,high,0.11992837527349302,False,0.3242502556803988,True,0.3804479714038369,False,0.5496692016770485,True
validation:9.17数据/log_12_2026-9-17-06-46-02.ulg:1:4375,9.17数据/log_12_2026-9-17-06-46-02.ulg,1,4375,51,147123701,147626290,148631631,0.502589,Sep17,0.5359449145095077,high,0.14474128089883823,False,0.26305825238598735,True,0.953268248777647,True,0.13476447542006426,False
validation:9.17数据/log_12_2026-9-17-06-46-02.ulg:1:4425,9.17数据/log_12_2026-9-17-06-46-02.ulg,1,4425,51,148128960,148631631,149627171,0.502671,Sep17,0.3307725278695683,high,0.08756380413781546,False,0.18412247835881126,True,0.6264293132267014,True,0.16004559803185578,False
validation:9.17数据/log_12_2026-9-17-06-46-02.ulg:1:4475,9.17数据/log_12_2026-9-17-06-46-02.ulg,1,4475,51,149124518,149627171,150622654,0.502653,Sep17,0.2575539286658418,middle,0.38046111508507574,True,0.1071864652483139,False,0.27814851120744,False,0.1826994200910606,False
validation:9.17数据/log_12_2026-9-17-06-46-02.ulg:1:4525,9.17数据/log_12_2026-9-17-06-46-02.ulg,1,4525,51,150129829,150622654,151628026,0.4928249999999999,Sep17,0.28190142081097364,middle,0.19853544671607634,False,0.09353749351618224,False,0.4819755046239377,False,0.19034833168018386,False
validation:9.17数据/log_12_2026-9-17-06-46-02.ulg:1:4575,9.17数据/log_12_2026-9-17-06-46-02.ulg,1,4575,51,151125315,151628026,152623447,0.502711,Sep17,0.27115879986783936,middle,0.084951086826316,False,0.061048426856568,False,0.5007844215640391,True,0.14208481101187018,False
validation:9.17数据/log_12_2026-9-17-06-46-02.ulg:1:4625,9.17数据/log_12_2026-9-17-06-46-02.ulg,1,4625,51,152130671,152623447,153628804,0.492776,Sep17,0.19789751996932306,middle,0.16473245444506784,False,0.09704610068391226,False,0.3476904902593322,False,0.049398383796421155,False
validation:9.17数据/log_12_2026-9-17-06-46-02.ulg:1:4675,9.17数据/log_12_2026-9-17-06-46-02.ulg,1,4675,51,153126118,153628804,154624402,0.502686,Sep17,0.21000545432180165,middle,0.17388190628128383,False,0.09080207507335826,False,0.3568810242827029,False,0.10999866047552043,False
validation:9.17数据/log_12_2026-9-17-06-46-02.ulg:1:4725,9.17数据/log_12_2026-9-17-06-46-02.ulg,1,4725,51,154121618,154624402,155629713,0.502784,Sep17,0.2001218606373636,middle,0.25239134746330877,False,0.1286437782722351,False,0.2505543955237024,False,0.06793586811222702,False
validation:9.17数据/log_12_2026-9-17-06-46-02.ulg:1:4775,9.17数据/log_12_2026-9-17-06-46-02.ulg,1,4775,51,155126994,155629713,156625170,0.502719,Sep17,0.14234012552107037,low,0.05978799052980764,False,0.09844243971916831,False,0.23855024235578648,False,0.07471017791591336,False
validation:9.17数据/log_12_2026-9-17-06-46-02.ulg:1:4825,9.17数据/log_12_2026-9-17-06-46-02.ulg,1,4825,51,156122489,156625170,157630548,0.5026809999999999,Sep17,0.14068949878558634,low,0.07184591363565754,False,0.09173869371564496,False,0.2450382670520938,False,0.05248351194177157,False
validation:9.17数据/log_12_2026-9-17-06-46-02.ulg:1:4875,9.17数据/log_12_2026-9-17-06-46-02.ulg,1,4875,51,157127805,157630548,158626277,0.5027429999999999,Sep17,0.12069664125966997,low,0.15430127591253456,False,0.09943307656204983,False,0.12808303217560363,False,0.07713197130908178,False
validation:9.17数据/log_12_2026-9-17-06-46-02.ulg:1:4925,9.17数据/log_12_2026-9-17-06-46-02.ulg,1,4925,51,158123343,158626277,159621481,0.502934,Sep17,0.17697778565632016,middle,0.16248131779194458,False,0.11887275582862754,False,0.24671841619680443,False,0.15986326436588996,False
validation:9.17数据/log_12_2026-9-17-06-46-02.ulg:1:4975,9.17数据/log_12_2026-9-17-06-46-02.ulg,1,4975,51,159128683,159621481,160626890,0.4927979999999999,Sep17,0.4801656661371573,high,0.058761393532119253,False,0.11282415687657084,False,0.76047138907002,True,0.5676191108578202,True
validation:9.17数据/log_12_2026-9-17-06-46-02.ulg:1:5025,9.17数据/log_12_2026-9-17-06-46-02.ulg,1,5025,51,160124147,160626890,161622309,0.5027429999999999,Sep17,0.2416853353115862,middle,0.3821739882225819,True,0.1046810153553857,False,0.2189879928568696,False,0.14421169791654945,False
validation:9.17数据/log_12_2026-9-17-06-46-02.ulg:1:5075,9.17数据/log_12_2026-9-17-06-46-02.ulg,1,5075,51,161129506,161622309,162627957,0.492803,Sep17,0.30690839173988815,middle,0.389802246624442,True,0.187007186030009,True,0.21990712464300582,False,0.3810166754522613,True
validation:9.17数据/log_12_2026-9-17-06-46-02.ulg:1:5125,9.17数据/log_12_2026-9-17-06-46-02.ulg,1,5125,51,162124960,162627957,163623141,0.502997,Sep17,0.21005844137478838,middle,0.3787462069078619,True,0.09531391567155022,False,0.14131431790857155,False,0.053896311640754375,False
validation:9.17数据/log_12_2026-9-17-06-46-02.ulg:1:5175,9.17数据/log_12_2026-9-17-06-46-02.ulg,1,5175,51,163120460,163623141,164628601,0.5026809999999999,Sep17,0.23177207852371232,middle,0.3110740867086685,True,0.23145703163945033,True,0.21354877686076845,False,0.1669086671292064,False
validation:9.17数据/log_12_2026-9-17-06-46-02.ulg:1:5225,9.17数据/log_12_2026-9-17-06-46-02.ulg,1,5225,51,164125831,164628601,165624017,0.5027699999999999,Sep17,0.2626857601737181,middle,0.36567774551560633,True,0.09249895460162037,False,0.34962220011314754,False,0.0924959177606415,False
validation:9.17数据/log_12_2026-9-17-06-46-02.ulg:1:5275,9.17数据/log_12_2026-9-17-06-46-02.ulg,1,5275,51,165121315,165624017,166619729,0.502702,Sep17,0.2094648303549584,middle,0.38780589978314195,True,0.10421842991208435,False,0.11021828749260051,False,0.05693876539780086,False
validation:9.17数据/log_12_2026-9-17-06-46-02.ulg:1:5325,9.17数据/log_12_2026-9-17-06-46-02.ulg,1,5325,51,166126628,166619729,167624821,0.4931009999999999,Sep17,0.21319561692151007,middle,0.31183093473226303,True,0.11891869912438821,False,0.23055871657202173,False,0.0923235596238911,False
validation:9.17数据/log_12_2026-9-17-06-46-02.ulg:1:5375,9.17数据/log_12_2026-9-17-06-46-02.ulg,1,5375,51,167122135,167624821,168630214,0.502686,Sep17,0.28321321795731974,middle,0.38936520165433686,True,0.108149907291779,False,0.28647496818861595,False,0.2753827720855517,True
validation:9.17数据/log_12_2026-9-17-06-46-02.ulg:1:5425,9.17数据/log_12_2026-9-17-06-46-02.ulg,1,5425,51,168127483,168630214,169625702,0.5027309999999999,Sep17,0.21383051695059138,middle,0.30745749941867834,True,0.0696391926258734,False,0.2678746389141936,False,0.11206092131036922,False
validation:9.17数据/log_12_2026-9-17-06-46-02.ulg:1:5475,9.17数据/log_12_2026-9-17-06-46-02.ulg,1,5475,51,169122939,169625702,170621355,0.502763,Sep17,0.13953287215065968,low,0.1652116700089281,False,0.08615608719213852,False,0.16635719629577436,False,0.11577806245402385,False
validation:9.17数据/log_12_2026-9-17-06-46-02.ulg:1:5525,9.17数据/log_12_2026-9-17-06-46-02.ulg,1,5525,51,170128291,170621355,171626489,0.493064,Sep17,0.28675698432691027,middle,0.3570560871722965,True,0.13505698909087732,False,0.2812757933481693,False,0.3279917228706821,True
validation:9.17数据/log_12_2026-9-17-06-46-02.ulg:1:5575,9.17数据/log_12_2026-9-17-06-46-02.ulg,1,5575,51,171123791,171626489,172622091,0.502698,Sep17,0.23042037698318885,middle,0.1539574829505616,False,0.20707225855171338,True,0.33560555890945265,False,0.03807657736920346,False
validation:9.17数据/log_12_2026-9-17-06-46-02.ulg:1:5625,9.17数据/log_12_2026-9-17-06-46-02.ulg,1,5625,51,172129160,172622091,173627355,0.4929309999999999,Sep17,0.20470771904191762,middle,0.2743144651669591,False,0.1261711672445202,False,0.21767284397963066,False,0.1438450532222897,False
validation:9.17数据/log_12_2026-9-17-06-46-02.ulg:1:5675,9.17数据/log_12_2026-9-17-06-46-02.ulg,1,5675,51,173124615,173627355,174622798,0.50274,Sep17,0.1758630628693651,middle,0.2930023856196328,False,0.09776837718243511,False,0.1477526497864113,False,0.06674652730856889,False
validation:9.17数据/log_12_2026-9-17-06-46-02.ulg:1:5725,9.17数据/log_12_2026-9-17-06-46-02.ulg,1,5725,51,174120079,174622798,175628105,0.502719,Sep17,0.24627381201815593,middle,0.162833568193249,False,0.23916472927961566,True,0.3342011679655936,False,0.11935558460712689,False
validation:9.17数据/log_12_2026-9-17-06-46-02.ulg:2:25,9.17数据/log_12_2026-9-17-06-46-02.ulg,2,25,51,176446199,176948846,177944375,0.502647,Sep17,0.8241602985664407,high,0.271537955449032,False,0.11288289824243998,False,1.597060173395178,True,0.18988483222688463,False
validation:9.17数据/log_12_2026-9-17-06-46-02.ulg:2:75,9.17数据/log_12_2026-9-17-06-46-02.ulg,2,75,51,177441650,177944375,178939814,0.502725,Sep17,0.28886573819672257,middle,0.0559731319215106,False,0.09284317834143385,False,0.5382300372700338,True,0.09067998103028933,False
validation:9.17数据/log_12_2026-9-17-06-46-02.ulg:2:125,9.17数据/log_12_2026-9-17-06-46-02.ulg,2,125,51,178447004,178939814,179945146,0.4928099999999999,Sep17,0.32038825777759866,middle,0.3513382467104009,True,0.0924857228462847,False,0.27441080352361114,False,0.4444349681783692,True
validation:9.17数据/log_12_2026-9-17-06-46-02.ulg:2:175,9.17数据/log_12_2026-9-17-06-46-02.ulg,2,175,51,179442525,179945146,180950559,0.502621,Sep17,1.1315924943366436,high,0.027930755354497554,False,0.6885056106263797,True,2.2453314769250077,True,0.08736418787526652,False
validation:9.17数据/log_12_2026-9-17-06-46-02.ulg:2:225,9.17数据/log_12_2026-9-17-06-46-02.ulg,2,225,51,180447820,180950559,181945998,0.5027389999999999,Sep17,0.33482996274751703,high,0.10228888812767019,False,0.11866265407851288,False,0.5370145803159218,True,0.3679029402680708,True
validation:9.17数据/log_12_2026-9-17-06-46-02.ulg:2:275,9.17数据/log_12_2026-9-17-06-46-02.ulg,2,275,51,181443330,181945998,182941500,0.502668,Sep17,0.170184168766051,low,0.1040338215535655,False,0.1481924899899705,False,0.2003389722471214,False,0.21317739426949495,False
validation:9.17数据/log_12_2026-9-17-06-46-02.ulg:2:325,9.17数据/log_12_2026-9-17-06-46-02.ulg,2,325,51,182448698,182941500,183946832,0.4928019999999999,Sep17,0.36987550640902617,high,0.006210982085859137,False,0.27317784595655725,True,0.6210942230199921,True,0.0926685906546194,False
validation:9.17数据/log_12_2026-9-17-06-46-02.ulg:2:375,9.17数据/log_12_2026-9-17-06-46-02.ulg,2,375,51,183444193,183946832,184942369,0.502639,Sep17,0.4403836345215087,high,0.0029278850338261084,False,0.11581676275962823,False,0.7784146945382434,True,0.39317360086350733,True
validation:9.17数据/log_12_2026-9-17-06-46-02.ulg:2:425,9.17数据/log_12_2026-9-17-06-46-02.ulg,2,425,51,184449585,184942369,185947644,0.492784,Sep17,0.2875079682005657,middle,0.12588379233707592,False,0.2981114654443886,True,0.296289515131608,False,0.32031385452753397,True
validation:9.17数据/log_12_2026-9-17-06-46-02.ulg:2:475,9.17数据/log_12_2026-9-17-06-46-02.ulg,2,475,51,185444955,185947644,186943155,0.5026889999999999,Sep17,0.3532361255139704,high,0.0,False,0.13884358522173057,False,0.25566145844188926,False,0.6341282547223307,True
validation:9.17数据/log_12_2026-9-17-06-46-02.ulg:2:525,9.17数据/log_12_2026-9-17-06-46-02.ulg,2,525,51,186440434,186943155,187948493,0.502721,Sep17,0.3540866207256121,high,0.01886157991815826,False,0.08924720840709664,False,0.6883939105365606,True,0.05217181253092696,False
validation:9.17数据/log_12_2026-9-17-06-46-02.ulg:2:575,9.17数据/log_12_2026-9-17-06-46-02.ulg,2,575,51,187445859,187948493,188944076,0.502634,Sep17,0.4638272203280007,high,0.24798500682392932,False,0.04944477189629225,False,0.8205019058819985,True,0.31051605925791564,True
validation:9.17数据/log_12_2026-9-17-06-46-02.ulg:2:625,9.17数据/log_12_2026-9-17-06-46-02.ulg,2,625,51,188451108,188944076,189949313,0.4929679999999999,Sep17,0.22630440268488358,middle,0.0166916811843938,False,0.07507163321333547,False,0.3925136763903785,False,0.18885473209230386,False
validation:9.17数据/log_12_2026-9-17-06-46-02.ulg:2:675,9.17数据/log_12_2026-9-17-06-46-02.ulg,2,675,51,189446579,189949313,190944809,0.502734,Sep17,0.14777712694164927,low,0.012421964171718274,False,0.23940429301032207,True,0.12916614792764763,False,0.036841732155951275,False
validation:9.17数据/log_12_2026-9-17-06-46-02.ulg:2:725,9.17数据/log_12_2026-9-17-06-46-02.ulg,2,725,51,190442145,190944809,191950107,0.502664,Sep17,0.22338967697229428,middle,0.28793542654789583,False,0.19898059220415235,True,0.26914186858049255,False,0.13973263351684617,False
validation:9.17数据/log_12_2026-9-17-06-46-02.ulg:2:775,9.17数据/log_12_2026-9-17-06-46-02.ulg,2,775,51,191447412,191950107,192945823,0.502695,Sep17,0.21440713987203097,middle,0.22079630740689404,False,0.21341610981406067,True,0.22986847799000998,False,0.17630820712101822,False
validation:9.17数据/log_12_2026-9-17-06-46-02.ulg:2:825,9.17数据/log_12_2026-9-17-06-46-02.ulg,2,825,51,192442915,192945823,193941076,0.502908,Sep17,0.09841726861721357,low,0.005081522942646105,False,0.1338046228364763,False,0.09431507541941439,False,0.09932471998128446,False
validation:9.17数据/log_12_2026-9-17-06-46-02.ulg:2:875,9.17数据/log_12_2026-9-17-06-46-02.ulg,2,875,51,193448211,193941076,194946456,0.492865,Sep17,0.2393146016247391,middle,0.08082580548401946,False,0.3340974106427599,True,0.2856926009555436,False,0.20757040462254536,False
validation:9.17数据/log_13_2026-9-17-06-52-30.ulg:0:25,9.17数据/log_13_2026-9-17-06-52-30.ulg,0,25,51,70749876,71252529,72248089,0.502653,Sep17,0.9593374365016726,high,0.2004397953412563,False,0.41487862421812616,True,1.2335665809635765,True,1.3536211616698466,True
validation:9.17数据/log_13_2026-9-17-06-52-30.ulg:0:75,9.17数据/log_13_2026-9-17-06-52-30.ulg,0,75,51,71745346,72248089,73243549,0.5027429999999999,Sep17,1.083408376395828,high,0.5905809172216034,True,0.5991231177932801,True,1.7017081169730714,True,1.1335875857051672,True
validation:9.17数据/log_13_2026-9-17-06-52-30.ulg:0:125,9.17数据/log_13_2026-9-17-06-52-30.ulg,0,125,51,72750708,73243549,74249182,0.492841,Sep17,0.26963223834447086,middle,0.07654699158533042,False,0.41413229200422974,True,0.17732770609270218,False,0.2547707235915758,True
validation:9.17数据/log_13_2026-9-17-06-52-30.ulg:0:175,9.17数据/log_13_2026-9-17-06-52-30.ulg,0,175,51,73746193,74249182,75244386,0.502989,Sep17,0.5431745513451292,high,0.050755529720597936,False,0.12126541098731183,False,0.9638072742084542,True,0.4699273101960678,True
validation:9.17数据/log_13_2026-9-17-06-52-30.ulg:0:225,9.17数据/log_13_2026-9-17-06-52-30.ulg,0,225,51,74751513,75244386,76249787,0.4928729999999999,Sep17,0.15758281570314048,low,0.04661760915941933,False,0.12723752594589133,False,0.20584446735667902,False,0.19918507481426678,False
validation:9.17数据/log_13_2026-9-17-06-52-30.ulg:0:275,9.17数据/log_13_2026-9-17-06-52-30.ulg,0,275,51,75747013,76249787,77245242,0.5027739999999999,Sep17,0.2820099598915408,middle,0.0074646714605178,False,0.08873295549997305,False,0.5034396543965847,True,0.23591581419344068,True
validation:9.17数据/log_13_2026-9-17-06-52-30.ulg:0:325,9.17数据/log_13_2026-9-17-06-52-30.ulg,0,325,51,76742540,77245242,78250766,0.502702,Sep17,0.24591497112730382,middle,0.3112701205473044,True,0.15303856116795325,False,0.313064484255562,False,0.189507573624371,False
validation:9.17数据/log_13_2026-9-17-06-52-30.ulg:0:375,9.17数据/log_13_2026-9-17-06-52-30.ulg,0,375,51,77747868,78250766,79246030,0.502898,Sep17,0.10813532644877367,low,0.0,False,0.14965340201724744,False,0.09563763570172037,False,0.11784012854986978,False
validation:9.17数据/log_13_2026-9-17-06-52-30.ulg:0:425,9.17数据/log_13_2026-9-17-06-52-30.ulg,0,425,51,78753291,79246030,80251429,0.492739,Sep17,0.2632978719615029,middle,0.12185219561885077,False,0.18862239934762634,True,0.36661054564262313,False,0.32818157070673054,True
validation:9.17数据/log_13_2026-9-17-06-52-30.ulg:0:475,9.17数据/log_13_2026-9-17-06-52-30.ulg,0,475,51,79748792,80251429,81246902,0.502637,Sep17,0.2347264609636267,middle,0.006547106059865113,False,0.1656464224338656,False,0.42506775935336544,False,0.16052447141388998,False
validation:9.17数据/log_13_2026-9-17-06-52-30.ulg:0:525,9.17数据/log_13_2026-9-17-06-52-30.ulg,0,525,51,80744168,81246902,82252233,0.502734,Sep17,0.44986795972438237,high,0.004140654723906091,False,0.17117874138452796,False,0.8617991071141528,True,0.23370371912813995,True
validation:9.17数据/log_13_2026-9-17-06-52-30.ulg:0:575,9.17数据/log_13_2026-9-17-06-52-30.ulg,0,575,51,81749512,82252233,83247790,0.502721,Sep17,0.14301479297651892,low,0.01449229153367132,False,0.1243143001497504,False,0.18416545692520445,False,0.17639771972085663,False
validation:9.17数据/log_13_2026-9-17-06-52-30.ulg:0:625,9.17数据/log_13_2026-9-17-06-52-30.ulg,0,625,51,82745061,83247790,84243309,0.502729,Sep17,0.20433002549528576,middle,0.011527316544266277,False,0.2136611478139263,True,0.3590776825228845,False,0.1198918972386604,False
validation:9.17数据/log_13_2026-9-17-06-52-30.ulg:0:675,9.17数据/log_13_2026-9-17-06-52-30.ulg,0,675,51,83750396,84243309,85248515,0.492913,Sep17,0.14723290045392406,low,0.017072356785877547,False,0.11250858568237457,False,0.24145906737207393,False,0.14735178739647925,False
validation:9.17数据/log_13_2026-9-17-06-52-30.ulg:0:725,9.17数据/log_13_2026-9-17-06-52-30.ulg,0,725,51,84745899,85248515,86253949,0.502616,Sep17,0.15662425315759956,low,0.011711540135304436,False,0.15379096529824482,False,0.2535368297034455,False,0.036640485999742595,False
validation:9.17数据/log_13_2026-9-17-06-52-30.ulg:0:775,9.17数据/log_13_2026-9-17-06-52-30.ulg,0,775,51,85751180,86253949,87249381,0.502769,Sep17,0.1287563690669616,low,0.010142491274614683,False,0.09038271302832623,False,0.23947779647770817,False,0.049785509595459534,False
validation:9.17数据/log_13_2026-9-17-06-52-30.ulg:0:825,9.17数据/log_13_2026-9-17-06-52-30.ulg,0,825,51,86746709,87249381,88244859,0.502672,Sep17,0.2154783773501747,middle,0.0,False,0.13633454203727896,False,0.37876823468772514,False,0.16308514355747217,False
validation:9.17数据/log_13_2026-9-17-06-52-30.ulg:0:875,9.17数据/log_13_2026-9-17-06-52-30.ulg,0,875,51,87752018,88244859,89250191,0.492841,Sep17,0.1054165341844022,low,0.07099819820556656,False,0.12682202736112194,False,0.1298185869731853,False,0.05853563835010636,False
validation:9.17数据/log_13_2026-9-17-06-52-30.ulg:1:25,9.17数据/log_13_2026-9-17-06-52-30.ulg,1,25,51,89930282,90433026,91428528,0.502744,Sep17,0.5228962929867708,high,0.36589632017546775,True,0.10257371778824353,False,0.9504845119178732,True,0.14630203780605552,False
validation:9.17数据/log_13_2026-9-17-06-52-30.ulg:1:75,9.17数据/log_13_2026-9-17-06-52-30.ulg,1,75,51,90925823,91428528,92424029,0.502705,Sep17,0.5578958504962103,high,0.38425913387408045,True,0.37750146977388427,True,0.6954366435674197,True,0.7387976510174281,True
validation:9.17数据/log_13_2026-9-17-06-52-30.ulg:1:125,9.17数据/log_13_2026-9-17-06-52-30.ulg,1,125,51,91931173,92424029,93429391,0.4928559999999999,Sep17,0.4869400278141779,high,0.32759172846823076,True,0.21565943175026522,True,0.6385025678942811,True,0.6374457196319282,True
validation:9.17数据/log_13_2026-9-17-06-52-30.ulg:1:175,9.17数据/log_13_2026-9-17-06-52-30.ulg,1,175,51,92926672,93429391,94424796,0.502719,Sep17,0.3823899867916467,high,0.39339680818822387,True,0.17767513531738696,True,0.6304766575375611,True,0.16405308392380752,False
validation:9.17数据/log_13_2026-9-17-06-52-30.ulg:1:225,9.17数据/log_13_2026-9-17-06-52-30.ulg,1,225,51,93931949,94424796,95430184,0.492847,Sep17,0.31475303834782753,middle,0.38866150406943234,True,0.10693263864433425,False,0.4521991676132905,False,0.09816866893038478,False
validation:9.17数据/log_13_2026-9-17-06-52-30.ulg:1:275,9.17数据/log_13_2026-9-17-06-52-30.ulg,1,275,51,94927465,95430184,96425640,0.502719,Sep17,0.23539240035550968,middle,0.1885336534559732,False,0.10351696455279309,False,0.38026067775299327,False,0.16940125333946543,False
validation:9.17数据/log_13_2026-9-17-06-52-30.ulg:1:325,9.17数据/log_13_2026-9-17-06-52-30.ulg,1,325,51,95922956,96425640,97430977,0.502684,Sep17,0.24978037830666375,middle,0.3900070311041028,True,0.24945165621030718,True,0.17226342331178127,False,0.06321144648887458,False
validation:9.17数据/log_13_2026-9-17-06-52-30.ulg:1:375,9.17数据/log_13_2026-9-17-06-52-30.ulg,1,375,51,96928293,97430977,98426483,0.502684,Sep17,0.17229272132692008,low,0.2963076277407966,False,0.09726177748680889,False,0.13956674154986015,False,0.04040491315495058,False
validation:9.17数据/log_13_2026-9-17-06-52-30.ulg:1:425,9.17数据/log_13_2026-9-17-06-52-30.ulg,1,425,51,97933646,98426483,99431869,0.4928369999999999,Sep17,0.24721746409968975,middle,0.1184846399546454,False,0.18825264599320488,True,0.46117417074346273,False,0.0452001928114767,False
validation:9.17数据/log_13_2026-9-17-06-52-30.ulg:1:475,9.17数据/log_13_2026-9-17-06-52-30.ulg,1,475,51,98929137,99431869,100427333,0.502732,Sep17,0.13333648440854037,low,0.08572181840461014,False,0.0919583329396412,False,0.1781783898701659,False,0.15263286952591165,False
validation:9.17数据/log_13_2026-9-17-06-52-30.ulg:1:525,9.17数据/log_13_2026-9-17-06-52-30.ulg,1,525,51,99924674,100427333,101432618,0.502659,Sep17,0.15244168185103496,low,0.25257076356380365,False,0.08673574596611537,False,0.12391958874824804,False,0.07067548653398927,False
validation:9.17数据/log_13_2026-9-17-06-52-30.ulg:1:575,9.17数据/log_13_2026-9-17-06-52-30.ulg,1,575,51,100930020,101432618,102428165,0.502598,Sep17,0.11882989006910381,low,0.061298147628231284,False,0.11258447354455069,False,0.17620082793588437,False,0.06528299465124338,False
validation:9.17数据/log_13_2026-9-17-06-52-30.ulg:1:625,9.17数据/log_13_2026-9-17-06-52-30.ulg,1,625,51,101925474,102428165,103423658,0.502691,Sep17,0.21941769142243162,middle,0.35258352352694855,True,0.2263847576754361,True,0.08845855819180647,False,0.06489242680341875,False
validation:9.17数据/log_13_2026-9-17-06-52-30.ulg:1:675,9.17数据/log_13_2026-9-17-06-52-30.ulg,1,675,51,102930887,103423658,104428986,0.4927709999999999,Sep17,0.20363405186755457,middle,0.32730930537015634,True,0.1579352015441994,False,0.1548866701114741,False,0.04767392956865488,False
validation:9.17数据/log_13_2026-9-17-06-52-30.ulg:1:725,9.17数据/log_13_2026-9-17-06-52-30.ulg,1,725,51,103926322,104428986,105434362,0.502664,Sep17,0.21589526411159923,middle,0.34391500103839423,True,0.11526442911974269,False,0.20223256974842985,False,0.08504757807586018,False
validation:9.17数据/log_13_2026-9-17-06-52-30.ulg:1:775,9.17数据/log_13_2026-9-17-06-52-30.ulg,1,775,51,104931688,105434362,106429888,0.502674,Sep17,0.40126695355629316,high,0.11581238879606615,False,0.09584071146276592,False,0.7742850958260115,True,0.08600200088733699,False
validation:9.17数据/log_13_2026-9-17-06-52-30.ulg:1:825,9.17数据/log_13_2026-9-17-06-52-30.ulg,1,825,51,105927208,106429888,107425337,0.50268,Sep17,0.39494810792614155,high,0.33723898383365053,True,0.061298709763649775,False,0.6345565932800177,True,0.2924741084065641,True
validation:9.17数据/log_13_2026-9-17-06-52-30.ulg:1:875,9.17数据/log_13_2026-9-17-06-52-30.ulg,1,875,51,106932622,107425337,108430669,0.4927149999999999,Sep17,0.25716412673422145,middle,0.08361648907989508,False,0.07663076579876085,False,0.40310715387939466,False,0.2778875024207894,True
validation:9.17数据/log_13_2026-9-17-06-52-30.ulg:1:925,9.17数据/log_13_2026-9-17-06-52-30.ulg,1,925,51,107928019,108430669,109426176,0.5026499999999999,Sep17,0.2047274948028168,middle,0.22590407695182232,False,0.12988796425763252,False,0.12827790616773077,False,0.2862604339932593,True
validation:9.17数据/log_13_2026-9-17-06-52-30.ulg:1:975,9.17数据/log_13_2026-9-17-06-52-30.ulg,1,975,51,108933375,109426176,110431525,0.492801,Sep17,0.19766302383083265,middle,0.17354656723780323,False,0.16470161102473949,False,0.2288263891765476,False,0.17401358216808202,False
validation:9.17数据/log_13_2026-9-17-06-52-30.ulg:1:1025,9.17数据/log_13_2026-9-17-06-52-30.ulg,1,1025,51,109928868,110431525,111427052,0.502657,Sep17,0.18440776474496284,middle,0.18973905519555043,False,0.0844622545404139,False,0.17287519380214736,False,0.2517867626373813,True
validation:9.17数据/log_13_2026-9-17-06-52-30.ulg:1:1075,9.17数据/log_13_2026-9-17-06-52-30.ulg,1,1075,51,110924478,111427052,112432351,0.502574,Sep17,0.20638613851506363,middle,0.1124502254090904,False,0.07434105831856991,False,0.31638175992213735,False,0.22965390602902347,True
validation:9.17数据/log_13_2026-9-17-06-52-30.ulg:1:1125,9.17数据/log_13_2026-9-17-06-52-30.ulg,1,1125,51,111929688,112432351,113427819,0.502663,Sep17,0.18829580506442797,middle,0.20022052090508835,False,0.14028933837508228,False,0.14048016794747023,False,0.2449788392988768,True
validation:9.17数据/log_13_2026-9-17-06-52-30.ulg:1:1175,9.17数据/log_13_2026-9-17-06-52-30.ulg,1,1175,51,112925255,113427819,114423305,0.502564,Sep17,0.14738735193226535,low,0.2280915865284648,False,0.09699006835564208,False,0.11074829899753234,False,0.11821819681681504,False
validation:9.17数据/log_13_2026-9-17-06-52-30.ulg:1:1225,9.17数据/log_13_2026-9-17-06-52-30.ulg,1,1225,51,113930521,114423305,115428654,0.492784,Sep17,0.43798805678547825,high,0.3894186690374725,True,0.1192010994461288,False,0.7263883804896192,True,0.15393528831262662,False
validation:9.17数据/log_13_2026-9-17-06-52-30.ulg:1:1275,9.17数据/log_13_2026-9-17-06-52-30.ulg,1,1275,51,114926392,115428654,116424149,0.502262,Sep17,0.12338303537744118,low,0.18809278245009686,False,0.07443672997243908,False,0.11635087163138637,False,0.07600843112537001,False
validation:9.17数据/log_13_2026-9-17-06-52-30.ulg:1:1325,9.17数据/log_13_2026-9-17-06-52-30.ulg,1,1325,51,115931394,116424149,117429523,0.492755,Sep17,0.3610690074571801,high,0.3892329655688261,True,0.10498864257712665,False,0.5775805093049594,True,0.03795703418930436,False
validation:9.17数据/log_13_2026-9-17-06-52-30.ulg:1:1375,9.17数据/log_13_2026-9-17-06-52-30.ulg,1,1375,51,116926918,117429523,118424969,0.502605,Sep17,0.18978271611248224,middle,0.32906160816111146,True,0.1330631681283309,False,0.11847778493715515,False,0.046200509179409995,False
validation:9.17数据/log_13_2026-9-17-06-52-30.ulg:1:1425,9.17数据/log_13_2026-9-17-06-52-30.ulg,1,1425,51,117932203,118424969,119430402,0.492766,Sep17,0.2505591726756465,middle,0.23780477846615705,False,0.1633184897758226,False,0.3508896196248791,False,0.1431228720286783,False
validation:9.17数据/log_13_2026-9-17-06-52-30.ulg:1:1475,9.17数据/log_13_2026-9-17-06-52-30.ulg,1,1475,51,118928034,119430402,120425891,0.5023679999999999,Sep17,0.4688393286249021,high,0.3277595533412445,True,0.26089891099967305,True,0.8258226858268488,True,0.2537164302406598,True
validation:9.17数据/log_13_2026-9-17-06-52-30.ulg:1:1525,9.17数据/log_13_2026-9-17-06-52-30.ulg,1,1525,51,119923163,120425891,121431142,0.502728,Sep17,0.20662912025484767,middle,0.11385561290569321,False,0.17442679838824615,False,0.1793781663380093,False,0.29148096890549735,True
validation:9.17数据/log_13_2026-9-17-06-52-30.ulg:1:1575,9.17数据/log_13_2026-9-17-06-52-30.ulg,1,1575,51,120928574,121431142,122426645,0.502568,Sep17,0.39041012400863645,high,0.08477953775881596,False,0.1603945454098859,False,0.660780633759891,True,0.40219520126531916,True
validation:9.17数据/log_13_2026-9-17-06-52-30.ulg:1:1625,9.17数据/log_13_2026-9-17-06-52-30.ulg,1,1625,51,121924047,122426645,123422166,0.502598,Sep17,0.29947257106740166,middle,0.22208866036247255,False,0.06530514087387652,False,0.2557680787205246,False,0.48801335003913815,True
validation:9.17数据/log_13_2026-9-17-06-52-30.ulg:1:1675,9.17数据/log_13_2026-9-17-06-52-30.ulg,1,1675,51,122929587,123422166,124427465,0.492579,Sep17,0.18191620666079492,middle,0.17768839605415152,False,0.21985695270291902,True,0.2393370643699888,False,0.06453395115203593,False
validation:9.17数据/log_13_2026-9-17-06-52-30.ulg:1:1725,9.17数据/log_13_2026-9-17-06-52-30.ulg,1,1725,51,123924872,124427465,125432827,0.502593,Sep17,0.2093795454740749,middle,0.30750386469069824,True,0.1251101146709872,False,0.23471628222675628,False,0.0687132868372333,False
validation:9.17数据/log_13_2026-9-17-06-52-30.ulg:1:1775,9.17数据/log_13_2026-9-17-06-52-30.ulg,1,1775,51,124930254,125432827,126428343,0.5025729999999999,Sep17,0.5208349635625293,high,0.09503471389287078,False,0.12495089402011927,False,0.9106854119209509,True,0.47576130203992095,True
validation:9.17数据/log_13_2026-9-17-06-52-30.ulg:1:1825,9.17数据/log_13_2026-9-17-06-52-30.ulg,1,1825,51,125925681,126428343,127423838,0.5026619999999999,Sep17,0.369657794274089,high,0.22433191307458455,False,0.07954107282993614,False,0.09835536498953788,False,0.69249866164674,True
validation:9.17数据/log_13_2026-9-17-06-52-30.ulg:1:1875,9.17数据/log_13_2026-9-17-06-52-30.ulg,1,1875,51,126931344,127423838,128429166,0.492494,Sep17,0.1500768889402562,low,0.10709618800617428,False,0.11945476071325281,False,0.2481534978962336,False,0.07964062910604419,False
validation:9.17数据/log_13_2026-9-17-06-52-30.ulg:1:1925,9.17数据/log_13_2026-9-17-06-52-30.ulg,1,1925,51,127926521,128429166,129424671,0.502645,Sep17,0.2998028636078704,middle,0.07419401108752777,False,0.20261390987747344,True,0.5670876502931106,True,0.14263706731781067,False
validation:9.17数据/log_13_2026-9-17-06-52-30.ulg:1:1975,9.17数据/log_13_2026-9-17-06-52-30.ulg,1,1975,51,128931795,129424671,130429924,0.492876,Sep17,0.3257704746477447,high,0.13454713674430666,False,0.14619658049369577,False,0.6073439103564646,True,0.16821089951128196,False
validation:9.17数据/log_13_2026-9-17-06-52-30.ulg:1:2025,9.17数据/log_13_2026-9-17-06-52-30.ulg,1,2025,51,129927341,130429924,131425443,0.502583,Sep17,0.12034572572106794,low,0.16282899559305336,False,0.14067950678236515,False,0.0676836374507102,False,0.0720149509938966,False
validation:9.17数据/log_13_2026-9-17-06-52-30.ulg:1:2075,9.17数据/log_13_2026-9-17-06-52-30.ulg,1,2075,51,130922824,131425443,132430751,0.5026189999999999,Sep17,0.21314089353609997,middle,0.3575512257402119,True,0.10767196137804433,False,0.1558646281221748,False,0.12961591556337526,False
validation:9.17数据/log_13_2026-9-17-06-52-30.ulg:1:2125,9.17数据/log_13_2026-9-17-06-52-30.ulg,1,2125,51,131928084,132430751,133426281,0.502667,Sep17,0.24520896375802292,middle,0.36174990444306443,True,0.15894064524636767,False,0.2708744717517449,False,0.1342229031574097,False
validation:9.17数据/log_13_2026-9-17-06-52-30.ulg:1:2175,9.17数据/log_13_2026-9-17-06-52-30.ulg,1,2175,51,132933465,133426281,134431612,0.492816,Sep17,0.5970215830323092,high,0.07114709997224898,False,0.22691565693172938,True,1.148107270680219,True,0.3044058713562647,True
validation:9.17数据/log_13_2026-9-17-06-52-30.ulg:1:2225,9.17数据/log_13_2026-9-17-06-52-30.ulg,1,2225,51,133928934,134431612,135427095,0.502678,Sep17,0.4214218284824019,high,0.13468966647304956,False,0.16459189800371596,False,0.18147972706808843,False,0.7907187461244859,True
validation:9.17数据/log_13_2026-9-17-06-52-30.ulg:1:2275,9.17数据/log_13_2026-9-17-06-52-30.ulg,1,2275,51,134924382,135427095,136432429,0.502713,Sep17,0.5015887535936021,high,0.3878798506007489,True,0.31015825047593276,True,0.8841620417630819,True,0.22266914616231173,False
validation:9.17数据/log_13_2026-9-17-06-52-30.ulg:1:2325,9.17数据/log_13_2026-9-17-06-52-30.ulg,1,2325,51,135929735,136432429,137427905,0.502694,Sep17,0.4480264191121618,high,0.13324935517471528,False,0.08102005850550976,False,0.8475118646267488,True,0.22548015349762507,True
validation:9.17数据/log_13_2026-9-17-06-52-30.ulg:1:2375,9.17数据/log_13_2026-9-17-06-52-30.ulg,1,2375,51,136925207,137427905,138423363,0.502698,Sep17,0.39219555749618956,high,0.3879231369028314,True,0.3114126583771418,True,0.36543141373536664,False,0.4289103370109031,True
validation:9.17数据/log_13_2026-9-17-06-52-30.ulg:1:2425,9.17数据/log_13_2026-9-17-06-52-30.ulg,1,2425,51,137930560,138423363,139428712,0.492803,Sep17,0.1352389332340072,low,0.1296666896969922,False,0.19722157187194522,True,0.09610328131724966,False,0.10627250678207407,False
validation:9.17数据/log_13_2026-9-17-06-52-30.ulg:1:2475,9.17数据/log_13_2026-9-17-06-52-30.ulg,1,2475,51,138926103,139428712,140434045,0.502609,Sep17,0.7010977281140258,high,0.37714084830781625,True,0.26563761270330816,True,1.171948497164211,True,0.45276803385569264,True
validation:9.17数据/log_13_2026-9-17-06-52-30.ulg:1:2525,9.17数据/log_13_2026-9-17-06-52-30.ulg,1,2525,51,139931357,140434045,141429551,0.502688,Sep17,0.4459559242014128,high,0.19420865112160227,False,0.08699446033550592,False,0.8300993452578916,True,0.17506991707347888,False
validation:9.17数据/log_13_2026-9-17-06-52-30.ulg:1:2575,9.17数据/log_13_2026-9-17-06-52-30.ulg,1,2575,51,140926902,141429551,142425024,0.502649,Sep17,0.23008010430807688,middle,0.2648127648037808,False,0.2275986296952105,True,0.2548031104992097,False,0.15072425283776464,False
validation:9.17数据/log_13_2026-9-17-06-52-30.ulg:1:2625,9.17数据/log_13_2026-9-17-06-52-30.ulg,1,2625,51,141932213,142425024,143430351,0.492811,Sep17,0.3482682559499278,high,0.3779537803284659,True,0.1036161577798429,False,0.567718215194292,True,0.08384967066136774,False
validation:9.17数据/log_13_2026-9-17-06-52-30.ulg:1:2675,9.17数据/log_13_2026-9-17-06-52-30.ulg,1,2675,51,142927665,143430351,144425856,0.502686,Sep17,0.47357682211657565,high,0.39060113229531496,True,0.08378774450017983,False,0.8159468637871732,True,0.19798832959125914,False
validation:9.17数据/log_13_2026-9-17-06-52-30.ulg:1:2725,9.17数据/log_13_2026-9-17-06-52-30.ulg,1,2725,51,143933066,144425856,145431191,0.4927899999999999,Sep17,0.2434808042107282,middle,0.3903831048869645,True,0.09940128351978919,False,0.15478983428036297,False,0.2249679913365979,False
validation:9.17数据/log_13_2026-9-17-06-52-30.ulg:1:2775,9.17数据/log_13_2026-9-17-06-52-30.ulg,1,2775,51,144928468,145431191,146426661,0.502723,Sep17,0.18499289273781264,middle,0.2363230593651332,False,0.13273435910306075,False,0.1595504807260426,False,0.1873989960074745,False
validation:9.17数据/log_13_2026-9-17-06-52-30.ulg:1:2825,9.17数据/log_13_2026-9-17-06-52-30.ulg,1,2825,51,145923942,146426661,147432009,0.502719,Sep17,0.278792587209091,middle,0.26857915097072804,False,0.2263527549375528,True,0.3810378880224291,False,0.2549999461595525,True
validation:9.17数据/log_13_2026-9-17-06-52-30.ulg:1:2875,9.17数据/log_13_2026-9-17-06-52-30.ulg,1,2875,51,146929460,147432009,148427759,0.502549,Sep17,0.27177981593845885,middle,0.38886441101187835,True,0.23769475091971112,True,0.23613124053639767,False,0.2008581757487014,False
validation:9.17数据/log_13_2026-9-17-06-52-30.ulg:1:2925,9.17数据/log_13_2026-9-17-06-52-30.ulg,1,2925,51,147924837,148427759,149432879,0.502922,Sep17,0.2616275900610148,middle,0.38851186868987014,True,0.1915162135739304,True,0.13182704583631796,False,0.24284448364021566,True
validation:9.17数据/log_13_2026-9-17-06-52-30.ulg:1:2975,9.17数据/log_13_2026-9-17-06-52-30.ulg,1,2975,51,148930123,149432879,150428314,0.502756,Sep17,0.2069173571335806,middle,0.3658394239896126,True,0.1181788558281156,False,0.1479713352774673,False,0.04511034311179237,False
validation:9.17数据/log_13_2026-9-17-06-52-30.ulg:1:3025,9.17数据/log_13_2026-9-17-06-52-30.ulg,1,3025,51,149925652,150428314,151423752,0.5026619999999999,Sep17,0.16047514257218207,low,0.15979740005325294,False,0.1293644320809706,False,0.21324169464829712,False,0.0730087866758456,False
validation:9.17数据/log_13_2026-9-17-06-52-30.ulg:1:3075,9.17数据/log_13_2026-9-17-06-52-30.ulg,1,3075,51,150930910,151423752,152429301,0.492842,Sep17,0.531914379062468,high,0.38226834392012193,True,0.7085162636124939,True,0.5198364714809065,True,0.28946169282056006,True
validation:9.17数据/log_13_2026-9-17-06-52-30.ulg:1:3125,9.17数据/log_13_2026-9-17-06-52-30.ulg,1,3125,51,151926391,152429301,153424552,0.50291,Sep17,0.2542388389378126,middle,0.3948592134254241,True,0.11174444586717883,False,0.2765153040043316,False,0.06954660186480466,False
validation:9.17数据/log_13_2026-9-17-06-52-30.ulg:1:3175,9.17数据/log_13_2026-9-17-06-52-30.ulg,1,3175,51,152931720,153424552,154429993,0.492832,Sep17,0.294916574541724,middle,0.2321812779093116,False,0.16684307512967747,False,0.41695061945985856,False,0.32326434305403745,True
validation:9.17数据/log_13_2026-9-17-06-52-30.ulg:1:3225,9.17数据/log_13_2026-9-17-06-52-30.ulg,1,3225,51,153927215,154429993,155425390,0.502778,Sep17,0.695389960521031,high,0.38033436392282466,True,0.2202587514147083,True,1.3241501765417751,True,0.12916226772674544,False
validation:9.17数据/log_13_2026-9-17-06-52-30.ulg:1:3275,9.17数据/log_13_2026-9-17-06-52-30.ulg,1,3275,51,154922720,155425390,156431027,0.50267,Sep17,0.2806859018419528,middle,0.3890767496461608,True,0.09493046847576282,False,0.31137710329716184,False,0.22464375772717862,False
validation:9.17数据/log_13_2026-9-17-06-52-30.ulg:1:3325,9.17数据/log_13_2026-9-17-06-52-30.ulg,1,3325,51,155928055,156431027,157426206,0.502972,Sep17,0.19443185151416464,middle,0.22168125895403762,False,0.10076092382389856,False,0.2855571834245536,False,0.09353937684683128,False
validation:9.17数据/log_13_2026-9-17-06-52-30.ulg:1:3375,9.17数据/log_13_2026-9-17-06-52-30.ulg,1,3375,51,156933388,157426206,158431555,0.492818,Sep17,0.6715684961707585,high,0.14222835523749994,False,0.09140687019496523,False,1.2985948586116889,True,0.1376328037965924,False
validation:9.17数据/log_13_2026-9-17-06-52-30.ulg:1:3425,9.17数据/log_13_2026-9-17-06-52-30.ulg,1,3425,51,157928866,158431555,159427021,0.5026889999999999,Sep17,0.18766545802473342,middle,0.13844614358553514,False,0.11158660758661926,False,0.2845255290004902,False,0.16944368602498885,False
validation:9.17数据/log_13_2026-9-17-06-52-30.ulg:1:3475,9.17数据/log_13_2026-9-17-06-52-30.ulg,1,3475,51,158924266,159427021,160432343,0.502755,Sep17,0.42190869374770323,high,0.376557011578834,True,0.1923900644409158,True,0.5880968040796973,True,0.3715363262959283,True
validation:9.17数据/log_13_2026-9-17-06-52-30.ulg:1:3525,9.17数据/log_13_2026-9-17-06-52-30.ulg,1,3525,51,159929608,160432343,161427761,0.5027349999999999,Sep17,0.18792776760643556,middle,0.3178251226822951,True,0.10828305516881652,False,0.12043259750981546,False,0.11716057881775403,False
validation:9.17数据/log_13_2026-9-17-06-52-30.ulg:1:3575,9.17数据/log_13_2026-9-17-06-52-30.ulg,1,3575,51,160925114,161427761,162423334,0.502647,Sep17,0.21617999985672237,middle,0.3858935913063433,True,0.1271726899280632,False,0.09687530422074374,False,0.11957763979405223,False
validation:9.17数据/log_13_2026-9-17-06-52-30.ulg:1:3625,9.17数据/log_13_2026-9-17-06-52-30.ulg,1,3625,51,161930401,162423334,163428552,0.4929329999999999,Sep17,0.2775285095257258,middle,0.3898434332013547,True,0.26033799450694445,True,0.22134365628743144,False,0.1184202657606805,False
validation:9.17数据/log_13_2026-9-17-06-52-30.ulg:1:3675,9.17数据/log_13_2026-9-17-06-52-30.ulg,1,3675,51,162925908,163428552,164433959,0.502644,Sep17,0.27476687714168807,middle,0.1146952033697764,False,0.0947865584020489,False,0.5049928854333416,True,0.11074578515287328,False
validation:9.17数据/log_13_2026-9-17-06-52-30.ulg:1:3725,9.17数据/log_13_2026-9-17-06-52-30.ulg,1,3725,51,163931262,164433959,165429377,0.502697,Sep17,0.253725210440046,middle,0.35300036022992504,True,0.11321526832962173,False,0.25446495199810093,False,0.22676526831204377,True
validation:9.17数据/log_13_2026-9-17-06-52-30.ulg:1:3775,9.17数据/log_13_2026-9-17-06-52-30.ulg,1,3775,51,164926760,165429377,166424829,0.502617,Sep17,0.4056869267499795,high,0.3355795764146119,True,0.11787730922108697,False,0.692588835375334,True,0.09537521207975432,False
validation:9.17数据/log_13_2026-9-17-06-52-30.ulg:1:3825,9.17数据/log_13_2026-9-17-06-52-30.ulg,1,3825,51,165922146,166424829,167430228,0.502683,Sep17,0.2498746408775369,middle,0.38940929024341925,True,0.10171747591233657,False,0.2658403931650556,False,0.11944077314492392,False
validation:9.17数据/log_13_2026-9-17-06-52-30.ulg:1:3875,9.17数据/log_13_2026-9-17-06-52-30.ulg,1,3875,51,166927507,167430228,168425635,0.502721,Sep17,0.5071722593213982,high,0.1308335769844717,False,0.17405158895865325,False,0.9195623797366441,True,0.21106105000753322,False
validation:9.17数据/log_13_2026-9-17-06-52-30.ulg:1:3925,9.17数据/log_13_2026-9-17-06-52-30.ulg,1,3925,51,167932815,168425635,169430932,0.49282,Sep17,0.2430024873461859,middle,0.3242546248068828,True,0.14930545518515023,False,0.20190518102308733,False,0.26270688211102033,True
validation:9.17数据/log_13_2026-9-17-06-52-30.ulg:1:3975,9.17数据/log_13_2026-9-17-06-52-30.ulg,1,3975,51,168928329,169430932,170426525,0.502603,Sep17,0.22409535494997615,middle,0.3656016282351469,True,0.11942846492836226,False,0.19888882110870879,False,0.10977129169371663,False
validation:9.17数据/log_13_2026-9-17-06-52-30.ulg:1:4025,9.17数据/log_13_2026-9-17-06-52-30.ulg,1,4025,51,169923752,170426525,171431762,0.502773,Sep17,0.2838372302413456,middle,0.38994774196170834,True,0.09028255589405128,False,0.32235597019643697,False,0.2235604451256078,False
validation:9.17数据/log_13_2026-9-17-06-52-30.ulg:1:4075,9.17数据/log_13_2026-9-17-06-52-30.ulg,1,4075,51,170929056,171431762,172427203,0.502706,Sep17,0.31430855615059644,middle,0.365685440165685,True,0.16858457718666559,False,0.35559394203816413,False,0.28651153426674264,True
validation:9.17数据/log_13_2026-9-17-06-52-30.ulg:1:4125,9.17数据/log_13_2026-9-17-06-52-30.ulg,1,4125,51,171934439,172427203,173422810,0.492764,Sep17,0.2703527445164712,middle,0.35167497598944053,True,0.08348492195728864,False,0.35554282607179916,False,0.18065326342552665,False
validation:9.17数据/log_13_2026-9-17-06-52-30.ulg:1:4175,9.17数据/log_13_2026-9-17-06-52-30.ulg,1,4175,51,172929884,173422810,174428052,0.492926,Sep17,0.35781828595264953,high,0.38904371330464094,True,0.15201752629151793,False,0.5458560324677127,True,0.22013721583924548,False
validation:9.17数据/log_13_2026-9-17-06-52-30.ulg:1:4225,9.17数据/log_13_2026-9-17-06-52-30.ulg,1,4225,51,173925394,174428052,175433345,0.5026579999999999,Sep17,0.2854315869910078,middle,0.38751847080529644,True,0.10730811925740338,False,0.36086784591736004,False,0.12988716590981425,False
validation:9.17数据/log_13_2026-9-17-06-52-30.ulg:1:4275,9.17数据/log_13_2026-9-17-06-52-30.ulg,1,4275,51,174930701,175433345,176428789,0.502644,Sep17,0.61492193928392,high,0.11390926638136645,False,0.16031563836818996,False,1.1586018053666989,True,0.36911892526952794,True
validation:9.17数据/log_13_2026-9-17-06-52-30.ulg:1:4325,9.17数据/log_13_2026-9-17-06-52-30.ulg,1,4325,51,175926141,176428789,177424174,0.502648,Sep17,0.2478424256230271,middle,0.3733519457636494,True,0.09921332818274847,False,0.23681677314704097,False,0.1857442627127262,False
validation:9.17数据/log_13_2026-9-17-06-52-30.ulg:1:4375,9.17数据/log_13_2026-9-17-06-52-30.ulg,1,4375,51,176931452,177424174,178429612,0.492722,Sep17,0.30524011194222467,middle,0.2815471417346064,False,0.21438080878081728,True,0.4166526979041518,False,0.2083425417995689,False
validation:9.17数据/log_13_2026-9-17-06-52-30.ulg:1:4425,9.17数据/log_13_2026-9-17-06-52-30.ulg,1,4425,51,177926992,178429612,179425046,0.50262,Sep17,0.161404223436016,low,0.06608083387752597,False,0.08036545168042797,False,0.26169355213418205,False,0.13580212434681535,False
validation:9.17数据/log_13_2026-9-17-06-52-30.ulg:1:4475,9.17数据/log_13_2026-9-17-06-52-30.ulg,1,4475,51,178932317,179425046,180430374,0.492729,Sep17,0.4421149871510257,high,0.29252067808704235,False,0.3147095981389464,True,0.6526165506988171,True,0.2756825572999011,True
validation:9.17数据/log_13_2026-9-17-06-52-30.ulg:1:4525,9.17数据/log_13_2026-9-17-06-52-30.ulg,1,4525,51,179927843,180430374,181425909,0.502531,Sep17,0.28832281540202914,middle,0.23139605031474234,False,0.0958491082336999,False,0.4944240358581507,False,0.134039073803701,False
validation:9.17数据/log_13_2026-9-17-06-52-30.ulg:1:4575,9.17数据/log_13_2026-9-17-06-52-30.ulg,1,4575,51,180923198,181425909,182431180,0.502711,Sep17,0.19367921949139807,middle,0.12018852275882341,False,0.11101635531331709,False,0.32408320897170817,False,0.07474138018380877,False
validation:9.17数据/log_13_2026-9-17-06-52-30.ulg:1:4625,9.17数据/log_13_2026-9-17-06-52-30.ulg,1,4625,51,181928804,182431180,183426660,0.5023759999999999,Sep17,0.23684779707267356,middle,0.3102236627065797,True,0.09454698635230079,False,0.2956868980354797,False,0.1527640010174379,False
validation:9.17数据/log_13_2026-9-17-06-52-30.ulg:1:4675,9.17数据/log_13_2026-9-17-06-52-30.ulg,1,4675,51,182924034,183426660,184431955,0.502626,Sep17,0.2618605713320611,middle,0.3893071633482581,True,0.11537875568043979,False,0.2871046857982411,False,0.11928420183767412,False
validation:9.17数据/log_13_2026-9-17-06-52-30.ulg:1:4725,9.17数据/log_13_2026-9-17-06-52-30.ulg,1,4725,51,183929377,184431955,185427406,0.502578,Sep17,0.35883343956098185,high,0.15898120292150977,False,0.1700126739817475,False,0.6092674241641928,True,0.19299013326909392,False
validation:9.17数据/log_13_2026-9-17-06-52-30.ulg:1:4775,9.17数据/log_13_2026-9-17-06-52-30.ulg,1,4775,51,184924793,185427406,186422865,0.502613,Sep17,0.5137828187631664,high,0.3881072880599056,True,0.17647524433896278,False,0.8627337108421218,True,0.21984156781932962,False
validation:9.17数据/log_13_2026-9-17-06-52-30.ulg:1:4825,9.17数据/log_13_2026-9-17-06-52-30.ulg,1,4825,51,185930281,186422865,187428190,0.4925839999999999,Sep17,0.22058306384733345,middle,0.3892409484663014,True,0.1317087082235616,False,0.1430409323999774,False,0.03835046817343435,False
validation:9.17数据/log_13_2026-9-17-06-52-30.ulg:1:4875,9.17数据/log_13_2026-9-17-06-52-30.ulg,1,4875,51,186925584,187428190,188423657,0.502606,Sep17,0.14839637929128627,low,0.2396221663463417,False,0.10934667176465589,False,0.11708498026824678,False,0.08649091857250238,False
validation:9.17数据/log_13_2026-9-17-06-52-30.ulg:1:4925,9.17数据/log_13_2026-9-17-06-52-30.ulg,1,4925,51,187931024,188423657,189428971,0.492633,Sep17,0.28236193116933234,middle,0.3893179156447027,True,0.13846746933811013,False,0.353908903306827,False,0.0452301709324365,False
validation:9.17数据/log_13_2026-9-17-06-52-30.ulg:1:4975,9.17数据/log_13_2026-9-17-06-52-30.ulg,1,4975,51,188926371,189428971,190424427,0.5025999999999999,Sep17,0.20533736877600758,middle,0.23792860704467036,False,0.17202838120568517,False,0.2597069876939866,False,0.14026620516370225,False
validation:9.17数据/log_13_2026-9-17-06-52-30.ulg:1:5025,9.17数据/log_13_2026-9-17-06-52-30.ulg,1,5025,51,189922035,190424427,191429781,0.502392,Sep17,0.5899206898675815,high,0.3902923007579288,True,0.1127096993307487,False,1.0122058183097162,True,0.41108245206892946,True
validation:9.17数据/log_13_2026-9-17-06-52-30.ulg:1:5075,9.17数据/log_13_2026-9-17-06-52-30.ulg,1,5075,51,190927232,191429781,192425330,0.502549,Sep17,0.20176569263383143,middle,0.20577402674248527,False,0.17034264894897846,False,0.1517309098639395,False,0.2517709985820525,True
validation:9.17数据/log_13_2026-9-17-06-52-30.ulg:1:5125,9.17数据/log_13_2026-9-17-06-52-30.ulg,1,5125,51,191932554,192425330,193430567,0.492776,Sep17,0.41408321259499237,high,0.21752572219918123,False,0.1481563874190973,False,0.7200416666152406,True,0.33646842657674103,True
validation:9.17数据/log_13_2026-9-17-06-52-30.ulg:1:5175,9.17数据/log_13_2026-9-17-06-52-30.ulg,1,5175,51,192927940,193430567,194426002,0.5026269999999999,Sep17,0.5307701731276303,high,0.36751830660491047,True,0.2143289503180586,True,0.8537325463554641,True,0.3525467559829626,True
validation:9.17数据/log_13_2026-9-17-06-52-30.ulg:1:5225,9.17数据/log_13_2026-9-17-06-52-30.ulg,1,5225,51,193923668,194426002,195431336,0.502334,Sep17,0.2560764499481167,middle,0.19774116340754785,False,0.24875009431734793,True,0.29927926976053076,False,0.2008939513465947,False
validation:9.17数据/log_13_2026-9-17-06-52-30.ulg:1:5275,9.17数据/log_13_2026-9-17-06-52-30.ulg,1,5275,51,194928651,195431336,196426771,0.5026849999999999,Sep17,0.22905612873867243,middle,0.30174637121452075,True,0.09796810798207801,False,0.2158074464447254,False,0.23255929188741128,True
validation:9.17数据/log_13_2026-9-17-06-52-30.ulg:1:5325,9.17数据/log_13_2026-9-17-06-52-30.ulg,1,5325,51,195933990,196426771,197422230,0.4927809999999999,Sep17,0.25812665629451864,middle,0.3886259982719895,True,0.10897661053886308,False,0.21137772266419524,False,0.22770389034279565,True
validation:9.17数据/log_13_2026-9-17-06-52-30.ulg:1:5375,9.17数据/log_13_2026-9-17-06-52-30.ulg,1,5375,51,196929433,197422230,198427603,0.492797,Sep17,0.24494904737818307,middle,0.24433967731230885,False,0.11962697998394678,False,0.35836363171561336,False,0.14661342317280993,False
validation:9.17数据/log_13_2026-9-17-06-52-30.ulg:2:25,9.17数据/log_13_2026-9-17-06-52-30.ulg,2,25,51,199147086,199649909,200645157,0.502823,Sep17,0.9114340938988168,high,0.08690550299101693,False,0.14469477614639517,False,1.7396680751548763,True,0.2768672594181807,True
validation:9.17数据/log_13_2026-9-17-06-52-30.ulg:2:75,9.17数据/log_13_2026-9-17-06-52-30.ulg,2,75,51,200142509,200645157,201650570,0.502648,Sep17,0.3552772030089521,high,0.08161496392324244,False,0.11596711315888615,False,0.6114579700197584,True,0.26733156814921394,True
validation:9.17数据/log_13_2026-9-17-06-52-30.ulg:2:125,9.17数据/log_13_2026-9-17-06-52-30.ulg,2,125,51,201148023,201650570,202646202,0.502547,Sep17,0.3427919062006325,high,0.0029278850338261084,False,0.06361102452305856,False,0.6501157249465394,True,0.1492710505905025,False
validation:9.17数据/log_13_2026-9-17-06-52-30.ulg:2:175,9.17数据/log_13_2026-9-17-06-52-30.ulg,2,175,51,202153158,202646202,203651322,0.493044,Sep17,0.26379362973058723,middle,0.006210982085859137,False,0.14810934230660677,False,0.4293256381741577,False,0.20136249830774863,False
validation:9.17数据/log_13_2026-9-17-06-52-30.ulg:2:225,9.17数据/log_13_2026-9-17-06-52-30.ulg,2,225,51,203148643,203651322,204646859,0.502679,Sep17,0.39672691546817856,high,0.15267369845671394,False,0.07038408773902004,False,0.7196925651350132,True,0.25977681949178055,True
validation:9.17数据/log_13_2026-9-17-06-52-30.ulg:2:275,9.17数据/log_13_2026-9-17-06-52-30.ulg,2,275,51,204144074,204646859,205652046,0.5027849999999999,Sep17,0.36989327716301607,high,0.30027250059639904,True,0.26803178434395625,True,0.500049686398548,True,0.26778701015596634,True
validation:9.17数据/log_13_2026-9-17-06-52-30.ulg:2:325,9.17数据/log_13_2026-9-17-06-52-30.ulg,2,325,51,205149423,205652046,206647751,0.5026229999999999,Sep17,0.1921543417401589,middle,0.2747572373984031,False,0.2301952877311595,True,0.10692011689716055,False,0.10984549102642154,False
validation:9.17数据/log_13_2026-9-17-06-52-30.ulg:2:375,9.17数据/log_13_2026-9-17-06-52-30.ulg,2,375,51,206144890,206647751,207643110,0.502861,Sep17,0.38504690380779205,high,0.0,False,0.09827077559379982,False,0.7386194957486738,True,0.19008263662744943,False
validation:9.17数据/log_13_2026-9-17-06-52-30.ulg:2:425,9.17数据/log_13_2026-9-17-06-52-30.ulg,2,425,51,207150146,207643110,208648563,0.4929639999999999,Sep17,0.5502245627286592,high,0.030568318060672468,False,0.36507233443515935,True,0.9976423286019268,True,0.4160958861937525,True
validation:9.17数据/log_13_2026-9-17-06-52-30.ulg:2:475,9.17数据/log_13_2026-9-17-06-52-30.ulg,2,475,51,208145610,208648563,209653692,0.502953,Sep17,0.30319377933405917,middle,0.20181455886348842,False,0.19965051929842748,True,0.5353101977625788,True,0.15697910299553303,False
validation:9.17数据/log_13_2026-9-17-06-52-30.ulg:2:525,9.17数据/log_13_2026-9-17-06-52-30.ulg,2,525,51,209150917,209653692,210649483,0.502775,Sep17,0.2383257222050893,middle,0.21302539699316178,False,0.12766601749358691,False,0.17795495315908275,False,0.3602760198232156,True
validation:9.17数据/log_13_2026-9-17-06-52-30.ulg:2:575,9.17数据/log_13_2026-9-17-06-52-30.ulg,2,575,51,210146600,210649483,211644726,0.502883,Sep17,0.2370494090259878,middle,0.0,False,0.19728386442870063,True,0.288131868807708,False,0.28498099024104195,True
validation:9.17数据/log_13_2026-9-17-06-52-30.ulg:2:625,9.17数据/log_13_2026-9-17-06-52-30.ulg,2,625,51,211151733,211644726,212649950,0.4929929999999999,Sep17,0.2480898195255444,middle,0.0,False,0.1993315363561041,True,0.21387246551408629,False,0.38985553295957137,True
validation:9.17数据/log_13_2026-9-17-06-52-30.ulg:2:675,9.17数据/log_13_2026-9-17-06-52-30.ulg,2,675,51,212147133,212649950,213645302,0.502817,Sep17,0.43208423931657536,high,0.012929308794143588,False,0.22980702749384654,True,0.24773142314307883,False,0.7859895609447044,True
validation:9.17数据/log_13_2026-9-17-06-52-30.ulg:2:725,9.17数据/log_13_2026-9-17-06-52-30.ulg,2,725,51,213152440,213645302,214650857,0.4928619999999999,Sep17,0.3335824356230241,high,0.015630628809556353,False,0.33805941038420806,True,0.5441983046176033,True,0.29412139615336713,True
validation:9.17数据/log_13_2026-9-17-06-52-30.ulg:2:775,9.17数据/log_13_2026-9-17-06-52-30.ulg,2,775,51,214147978,214650857,215646116,0.502879,Sep17,0.47457861159447473,high,0.05180042731175324,False,0.06889068447608056,False,0.8347157390668644,True,0.39781712042996503,True
validation:9.17数据/log_13_2026-9-17-06-52-30.ulg:2:825,9.17数据/log_13_2026-9-17-06-52-30.ulg,2,825,51,215143353,215646116,216651823,0.502763,Sep17,0.4986790580163649,high,0.5156100356249887,True,0.25699322464602853,True,0.7462368201534725,True,0.08728195779581792,False
validation:9.17数据/log_13_2026-9-17-06-52-30.ulg:2:875,9.17数据/log_13_2026-9-17-06-52-30.ulg,2,875,51,216148665,216651823,217646807,0.503158,Sep17,0.2837362715454486,middle,0.004629668653865822,False,0.11324221570707574,False,0.4776929742765344,False,0.23394539332306707,True
validation:9.17数据/log_13_2026-9-17-06-52-30.ulg:2:925,9.17数据/log_13_2026-9-17-06-52-30.ulg,2,925,51,217153970,217646807,218652089,0.4928369999999999,Sep17,0.4077497418566068,high,0.44082190628657836,True,0.13359836902140976,False,0.619423732294811,True,0.18275764467422248,False
validation:9.17数据/log_13_2026-9-17-06-52-30.ulg:2:975,9.17数据/log_13_2026-9-17-06-52-30.ulg,2,975,51,218149619,218652089,219647766,0.50247,Sep17,0.23497041452200812,middle,0.17777547355475695,False,0.12811579218283767,False,0.42325143557762235,False,0.047971545665476276,False
validation:9.17数据/log_13_2026-9-17-06-52-30.ulg:2:1025,9.17数据/log_13_2026-9-17-06-52-30.ulg,2,1025,51,219145143,219647766,220652932,0.5026229999999999,Sep17,0.357788291634236,high,0.028462582788411222,False,0.13553457966030935,False,0.6566045272364318,True,0.11367695001358842,False
validation:9.17数据/log_13_2026-9-17-06-52-30.ulg:2:1075,9.17数据/log_13_2026-9-17-06-52-30.ulg,2,1075,51,220150212,220652932,221648299,0.50272,Sep17,0.3704786006196109,high,0.020909354728808165,False,0.0736780218148318,False,0.6766272803416471,True,0.2531298191496851,True
validation:9.17数据/log_13_2026-9-17-06-52-30.ulg:2:1125,9.17数据/log_13_2026-9-17-06-52-30.ulg,2,1125,51,221145660,221648299,222643749,0.502639,Sep17,0.20052188676752936,middle,0.11762613614885331,False,0.22529745442010368,True,0.27960437020963363,False,0.18753256977773447,False
validation:9.17数据/log_13_2026-9-17-06-52-30.ulg:2:1175,9.17数据/log_13_2026-9-17-06-52-30.ulg,2,1175,51,222151041,222643749,223649121,0.492708,Sep17,0.7543658579264496,high,0.14056196357053424,False,0.23833473558843013,True,1.4571663643676795,True,0.1885893277075145,False
validation:9.17数据/log_13_2026-9-17-06-52-30.ulg:2:1225,9.17数据/log_13_2026-9-17-06-52-30.ulg,2,1225,51,223146420,223649121,224644518,0.502701,Sep17,0.35127422251134327,high,0.01191722764704581,False,0.1462500451204641,False,0.6908927566314705,True,0.09236511431891883,False
validation:9.17数据/log_13_2026-9-17-06-52-30.ulg:2:1275,9.17数据/log_13_2026-9-17-06-52-30.ulg,2,1275,51,224151716,224644518,225649870,0.4928019999999999,Sep17,0.3708084522699735,high,0.0035931793315000806,False,0.3070643266870753,True,0.6460262483881358,True,0.08981859006224871,False
validation:9.17数据/log_13_2026-9-17-06-52-30.ulg:2:1325,9.17数据/log_13_2026-9-17-06-52-30.ulg,2,1325,51,225147288,225649870,226645287,0.502582,Sep17,0.412754138047983,high,0.01360339743651029,False,0.16864856063420192,False,0.7769868064040745,True,0.25519541968627274,True
validation:9.17数据/log_6_2026-9-17-06-02-24.ulg:0:25,9.17数据/log_6_2026-9-17-06-02-24.ulg,0,25,51,276553903,277052892,278060809,0.4989889999999999,Sep17,1.385651985024288,high,0.6922757390859234,True,0.9000615360558494,True,1.5396269312069149,True,1.8366037724426978,True
validation:9.17数据/log_6_2026-9-17-06-02-24.ulg:0:75,9.17数据/log_6_2026-9-17-06-02-24.ulg,0,75,51,277561900,278060809,279058810,0.498909,Sep17,0.8052905411854535,high,0.382674013993395,True,1.0943242409629945,True,1.2319646048410764,True,0.3067485377775274,True
validation:9.17数据/log_6_2026-9-17-06-02-24.ulg:0:125,9.17数据/log_6_2026-9-17-06-02-24.ulg,0,125,51,278559886,279058810,280056710,0.498924,Sep17,0.16550180757428576,low,0.1625724290360744,False,0.07981000162952095,False,0.17892781465957333,False,0.209184737450176,False
validation:9.17数据/log_6_2026-9-17-06-02-24.ulg:0:175,9.17数据/log_6_2026-9-17-06-02-24.ulg,0,175,51,279557781,280056710,281054681,0.4989289999999999,Sep17,0.49775278453378735,high,0.011893662272287608,False,0.12966282798000403,False,0.7867062713508484,True,0.5465716459505899,True
validation:9.17数据/log_6_2026-9-17-06-02-24.ulg:0:225,9.17数据/log_6_2026-9-17-06-02-24.ulg,0,225,51,280555759,281054681,282062597,0.498922,Sep17,0.19105129080101763,middle,0.016562618895624364,False,0.12965135238064923,False,0.191309977331422,False,0.28523009495895724,True
validation:9.17数据/log_6_2026-9-17-06-02-24.ulg:0:275,9.17数据/log_6_2026-9-17-06-02-24.ulg,0,275,51,281553634,282062597,283060549,0.5089629999999999,Sep17,0.11161260396729951,low,0.027465996211218268,False,0.10077196918800672,False,0.14774513246793236,False,0.12067115092196237,False
validation:9.17数据/log_6_2026-9-17-06-02-24.ulg:0:325,9.17数据/log_6_2026-9-17-06-02-24.ulg,0,325,51,282561587,283060549,284058667,0.4989619999999999,Sep17,0.16429281335761373,low,0.0,False,0.1908143436507572,True,0.23602054906033662,False,0.07471214664256574,False
validation:9.17数据/log_6_2026-9-17-06-02-24.ulg:0:375,9.17数据/log_6_2026-9-17-06-02-24.ulg,0,375,51,283559525,284058667,285056518,0.499142,Sep17,0.5846407581429117,high,0.0,False,0.16202740115913616,False,0.973079185302438,True,0.5482689292114329,True
validation:9.17数据/log_6_2026-9-17-06-02-24.ulg:0:425,9.17数据/log_6_2026-9-17-06-02-24.ulg,0,425,51,284557481,285056518,286054396,0.4990369999999999,Sep17,0.16583851308288972,low,0.08938580272405974,False,0.07587732165939189,False,0.11275861595271956,False,0.2875992491684587,True
validation:9.17数据/log_6_2026-9-17-06-02-24.ulg:0:475,9.17数据/log_6_2026-9-17-06-02-24.ulg,0,475,51,285555430,286054396,287052367,0.4989659999999999,Sep17,0.1898813048012367,middle,0.004140654723906091,False,0.14771282449297177,False,0.3227973954691472,False,0.17132324497257503,False
validation:9.17数据/log_6_2026-9-17-06-02-24.ulg:0:525,9.17数据/log_6_2026-9-17-06-02-24.ulg,0,525,51,286563349,287052367,288060306,0.4890179999999999,Sep17,0.6944630908469909,high,0.028687831783387116,False,0.11027906462895512,False,1.3624167452360016,True,0.16041569683609969,False
validation:9.17数据/log_6_2026-9-17-06-02-24.ulg:0:575,9.17数据/log_6_2026-9-17-06-02-24.ulg,0,575,51,287561361,288060306,289058268,0.4989449999999999,Sep17,0.34242500067779363,high,0.0,False,0.4539608411668791,True,0.35156584027620147,False,0.25257808561601774,True
validation:9.17数据/log_6_2026-9-17-06-02-24.ulg:0:625,9.17数据/log_6_2026-9-17-06-02-24.ulg,0,625,51,288559293,289058268,290056236,0.498975,Sep17,0.5201876342704839,high,0.018517764024048134,False,0.36794771944379745,True,0.8617172820559742,True,0.22350238185217547,False
validation:9.17数据/log_6_2026-9-17-06-02-24.ulg:0:675,9.17数据/log_6_2026-9-17-06-02-24.ulg,0,675,51,289559734,290056236,291054168,0.496502,Sep17,0.09874662564920088,low,0.005071245637307342,False,0.09544785110326473,False,0.17010282684497255,False,0.04669980773102082,False
validation:9.17数据/log_6_2026-9-17-06-02-24.ulg:0:725,9.17数据/log_6_2026-9-17-06-02-24.ulg,0,725,51,290555171,291054168,292062181,0.4989969999999999,Sep17,0.21603454604895403,middle,0.15730595495068267,False,0.09723890145897426,False,0.3834975831980067,False,0.08922236253484289,False
validation:9.17数据/log_6_2026-9-17-06-02-24.ulg:0:775,9.17数据/log_6_2026-9-17-06-02-24.ulg,0,775,51,291553117,292062181,293060134,0.509064,Sep17,0.37340266161235497,high,0.005477804543417981,False,0.13905815371380603,False,0.738145514006538,True,0.06179327265021575,False
validation:9.17数据/log_6_2026-9-17-06-02-24.ulg:1:25,9.17数据/log_6_2026-9-17-06-02-24.ulg,1,25,51,293239683,293738743,294736639,0.49906,Sep17,0.5683661236754554,high,0.28705372947680297,False,0.2222606709209919,True,1.0327378318159801,True,0.3668151262672723,True
validation:9.17数据/log_6_2026-9-17-06-02-24.ulg:1:75,9.17数据/log_6_2026-9-17-06-02-24.ulg,1,75,51,294237643,294736639,295734596,0.498996,Sep17,0.24727849139065755,middle,0.38186119863215007,True,0.08077822692229746,False,0.17633021729060114,False,0.24208686600740917,True
validation:9.17数据/log_6_2026-9-17-06-02-24.ulg:1:125,9.17数据/log_6_2026-9-17-06-02-24.ulg,1,125,51,295235673,295734596,296732519,0.4989229999999999,Sep17,0.2180757188712447,middle,0.13238290782941645,False,0.35999877160878424,True,0.19070346869782379,False,0.0951315425036938,False
validation:9.17数据/log_6_2026-9-17-06-02-24.ulg:1:175,9.17数据/log_6_2026-9-17-06-02-24.ulg,1,175,51,296233550,296732519,297740441,0.498969,Sep17,0.14613873083900897,low,0.2465301526675597,False,0.1335699443676867,False,0.07351120006226039,False,0.03945340845504412,False
validation:9.17数据/log_6_2026-9-17-06-02-24.ulg:1:225,9.17数据/log_6_2026-9-17-06-02-24.ulg,1,225,51,297241480,297740441,298738397,0.498961,Sep17,0.30021460139896944,middle,0.3633885782668562,True,0.12041890354856905,False,0.4423638167682308,False,0.15999526113568066,False
validation:9.17数据/log_6_2026-9-17-06-02-24.ulg:1:275,9.17数据/log_6_2026-9-17-06-02-24.ulg,1,275,51,298239517,298738397,299736372,0.49888,Sep17,0.08410936615602753,low,0.09247365309759255,False,0.08482526848457511,False,0.10297183177211804,False,0.047098825351269955,False
validation:9.17数据/log_6_2026-9-17-06-02-24.ulg:1:325,9.17数据/log_6_2026-9-17-06-02-24.ulg,1,325,51,299237423,299736372,300734305,0.498949,Sep17,0.23044352002397236,middle,0.08149259531622954,False,0.08315632038558532,False,0.4069891161354522,False,0.1587594617544788,False
validation:9.17数据/log_6_2026-9-17-06-02-24.ulg:1:375,9.17数据/log_6_2026-9-17-06-02-24.ulg,1,375,51,300235339,300734305,301742254,0.4989659999999999,Sep17,0.14468710304384882,low,0.1232595878360913,False,0.109529845229371,False,0.20814216917205625,False,0.08402658330382304,False
validation:9.17数据/log_6_2026-9-17-06-02-24.ulg:1:425,9.17数据/log_6_2026-9-17-06-02-24.ulg,1,425,51,301233326,301742254,302740274,0.5089279999999999,Sep17,0.18837868186539045,middle,0.1290133749217298,False,0.13414731929814888,False,0.28656612878447985,False,0.1113126791544421,False
validation:9.17数据/log_6_2026-9-17-06-02-24.ulg:1:475,9.17数据/log_6_2026-9-17-06-02-24.ulg,1,475,51,302241298,302740274,303738235,0.498976,Sep17,0.22773954279150588,middle,0.05720986125898392,False,0.10734235541409085,False,0.4160692487677806,False,0.15982979208776046,False
validation:9.17数据/log_6_2026-9-17-06-02-24.ulg:1:525,9.17数据/log_6_2026-9-17-06-02-24.ulg,1,525,51,303239234,303738235,304736219,0.499001,Sep17,0.32015550600416726,middle,0.03526787389797422,False,0.10396591247603838,False,0.6008007236425078,True,0.1730529313501475,False
validation:9.17数据/log_6_2026-9-17-06-02-24.ulg:1:575,9.17数据/log_6_2026-9-17-06-02-24.ulg,1,575,51,304237230,304736219,305734177,0.4989889999999999,Sep17,0.3073223458071425,middle,0.13605130966004791,False,0.17678237895898274,False,0.5276720268596928,True,0.09143909932002554,False
validation:9.17数据/log_6_2026-9-17-06-02-24.ulg:1:625,9.17数据/log_6_2026-9-17-06-02-24.ulg,1,625,51,305235137,305734177,306732089,0.49904,Sep17,0.3454730498466709,high,0.37715692250439514,True,0.08201900208336478,False,0.5314686359255965,True,0.19565563000064087,False
validation:9.17数据/log_6_2026-9-17-06-02-24.ulg:1:675,9.17数据/log_6_2026-9-17-06-02-24.ulg,1,675,51,306233097,306732089,307739957,0.498992,Sep17,0.12700222344691922,low,0.1796486102464155,False,0.11860810774221806,False,0.132603106737706,False,0.04627034468505611,False
validation:9.17数据/log_6_2026-9-17-06-02-24.ulg:1:725,9.17数据/log_6_2026-9-17-06-02-24.ulg,1,725,51,307241070,307739957,308737921,0.4988869999999999,Sep17,0.23158873059009114,middle,0.18783038053390763,False,0.13114764576602161,False,0.3733870441748918,False,0.06983637193888352,False
validation:9.17数据/log_6_2026-9-17-06-02-24.ulg:1:775,9.17数据/log_6_2026-9-17-06-02-24.ulg,1,775,51,308239009,308737921,309735862,0.4989119999999999,Sep17,0.17726346505722354,middle,0.2530275129073688,False,0.11745062796132387,False,0.19682755516206135,False,0.06548609278544787,False
validation:9.17数据/log_6_2026-9-17-06-02-24.ulg:1:825,9.17数据/log_6_2026-9-17-06-02-24.ulg,1,825,51,309236940,309735862,310733818,0.498922,Sep17,0.156939378356547,low,0.043696276890593806,False,0.07731983113174283,False,0.2777181551317396,False,0.10431137235470925,False
validation:9.17数据/log_6_2026-9-17-06-02-24.ulg:1:875,9.17数据/log_6_2026-9-17-06-02-24.ulg,1,875,51,310234900,310733818,311741759,0.498918,Sep17,0.2090815481363321,middle,0.2581504003665156,False,0.16387429672281248,False,0.274932247561475,False,0.09207899812640284,False
validation:9.17数据/log_6_2026-9-17-06-02-24.ulg:1:925,9.17数据/log_6_2026-9-17-06-02-24.ulg,1,925,51,311232859,311741759,312739715,0.5089,Sep17,0.16309361383701895,low,0.22940576524577963,False,0.1598394829628424,False,0.1250690710060237,False,0.07515033146193847,False
validation:9.17数据/log_6_2026-9-17-06-02-24.ulg:1:975,9.17数据/log_6_2026-9-17-06-02-24.ulg,1,975,51,312240831,312739715,313737770,0.498884,Sep17,0.3254862173315147,high,0.22281260597349412,False,0.29227768311084407,True,0.5499513110530031,True,0.17114737991093246,False
validation:9.17数据/log_6_2026-9-17-06-02-24.ulg:1:1025,9.17数据/log_6_2026-9-17-06-02-24.ulg,1,1025,51,313238765,313737770,314735627,0.499005,Sep17,0.23454430272149157,middle,0.35410135510999796,True,0.13797956236089334,False,0.25625237153525726,False,0.13173028061216852,False
validation:9.17数据/log_6_2026-9-17-06-02-24.ulg:1:1075,9.17数据/log_6_2026-9-17-06-02-24.ulg,1,1075,51,314236770,314735627,315733585,0.498857,Sep17,0.2485744771946866,middle,0.1761298959743175,False,0.07907721288845479,False,0.2504797285221239,False,0.379815399191101,True
validation:9.17数据/log_6_2026-9-17-06-02-24.ulg:1:1125,9.17数据/log_6_2026-9-17-06-02-24.ulg,1,1125,51,315234664,315733585,316731574,0.498921,Sep17,0.25564666009618836,middle,0.11197762675306441,False,0.1242252633323261,False,0.41916728289634314,False,0.2467696097697285,True
validation:9.17数据/log_6_2026-9-17-06-02-24.ulg:1:1175,9.17数据/log_6_2026-9-17-06-02-24.ulg,1,1175,51,316242674,316731574,317739468,0.4889,Sep17,0.23482285679165457,middle,0.3981153452860682,True,0.15102398582727097,False,0.18383066665328937,False,0.09576008423757061,False
validation:9.17数据/log_6_2026-9-17-06-02-24.ulg:1:1225,9.17数据/log_6_2026-9-17-06-02-24.ulg,1,1225,51,317240665,317739468,318737431,0.498803,Sep17,0.6178605687696952,high,0.22513436123190764,False,0.08433655343381126,False,1.1935959200476411,True,0.08888466331912624,False
validation:9.17数据/log_6_2026-9-17-06-02-24.ulg:1:1275,9.17数据/log_6_2026-9-17-06-02-24.ulg,1,1275,51,318238620,318737431,319735404,0.498811,Sep17,0.12833037051927906,low,0.06607875655335538,False,0.09343594158753425,False,0.18640725584645418,False,0.13330832692218522,False
validation:9.17数据/log_6_2026-9-17-06-02-24.ulg:1:1325,9.17数据/log_6_2026-9-17-06-02-24.ulg,1,1325,51,319236551,319735404,320733334,0.498853,Sep17,0.40714051816100977,high,0.053856566479917975,False,0.09089918628259311,False,0.6945794038247431,True,0.3780309349847255,True
validation:9.17数据/log_6_2026-9-17-06-02-24.ulg:1:1375,9.17数据/log_6_2026-9-17-06-02-24.ulg,1,1375,51,320234511,320733334,321741349,0.4988229999999999,Sep17,0.27116620831677124,middle,0.17857965631450315,False,0.13121410909975895,False,0.4524593583182184,False,0.11250281075436916,False
validation:9.17数据/log_6_2026-9-17-06-02-24.ulg:1:1425,9.17数据/log_6_2026-9-17-06-02-24.ulg,1,1425,51,321232545,321741349,322739216,0.5088039999999999,Sep17,0.22572267821768824,middle,0.26276517197726945,False,0.11029036763498985,False,0.3206486555197857,False,0.07940487985226471,False
validation:9.17数据/log_6_2026-9-17-06-02-24.ulg:1:1475,9.17数据/log_6_2026-9-17-06-02-24.ulg,1,1475,51,322240282,322739216,323737200,0.498934,Sep17,0.27164085957683765,middle,0.1863020490728611,False,0.12649166997343167,False,0.4520494783175514,False,0.13584823748670322,False
validation:9.17数据/log_6_2026-9-17-06-02-24.ulg:1:1525,9.17数据/log_6_2026-9-17-06-02-24.ulg,1,1525,51,323238256,323737200,324735134,0.498944,Sep17,0.21575617261066077,middle,0.1635915695783769,False,0.1070368191722677,False,0.37742611696086725,False,0.0821190244036993,False
validation:9.17数据/log_6_2026-9-17-06-02-24.ulg:1:1575,9.17数据/log_6_2026-9-17-06-02-24.ulg,1,1575,51,324236201,324735134,325733151,0.4989329999999999,Sep17,0.23961263115163348,middle,0.3818694507517034,True,0.1679354586486078,False,0.19492909326322014,False,0.08151577570940734,False
validation:9.17数据/log_6_2026-9-17-06-02-24.ulg:1:1625,9.17数据/log_6_2026-9-17-06-02-24.ulg,1,1625,51,325234193,325733151,326741038,0.4989579999999999,Sep17,0.2354492572780331,middle,0.3882795404888822,True,0.08324006859631133,False,0.1963556338557318,False,0.15600646403737659,False
validation:9.17数据/log_6_2026-9-17-06-02-24.ulg:1:1675,9.17数据/log_6_2026-9-17-06-02-24.ulg,1,1675,51,326242113,326741038,327739013,0.4989249999999999,Sep17,0.35099175572346414,high,0.36252916325567935,True,0.18275360988823627,True,0.5799135972814906,True,0.10399805471441027,False
validation:9.17数据/log_6_2026-9-17-06-02-24.ulg:1:1725,9.17数据/log_6_2026-9-17-06-02-24.ulg,1,1725,51,327240026,327739013,328736935,0.4989869999999999,Sep17,0.2458379128020913,middle,0.07698729321960868,False,0.15941058359218555,False,0.41421538296000987,False,0.11486923122219217,False
validation:9.17数据/log_6_2026-9-17-06-02-24.ulg:1:1775,9.17数据/log_6_2026-9-17-06-02-24.ulg,1,1775,51,328237960,328736935,329734959,0.498975,Sep17,0.2422581748029783,middle,0.06478657481482758,False,0.12666799639585116,False,0.4118341246916026,False,0.1654300097674254,False
validation:9.17数据/log_6_2026-9-17-06-02-24.ulg:1:1825,9.17数据/log_6_2026-9-17-06-02-24.ulg,1,1825,51,329235948,329734959,330732912,0.499011,Sep17,0.4032972405832443,high,0.38176033246370444,True,0.08121036214068376,False,0.6805660579546209,True,0.06583234181610834,False
validation:9.17数据/log_6_2026-9-17-06-02-24.ulg:1:1875,9.17数据/log_6_2026-9-17-06-02-24.ulg,1,1875,51,330243851,330732912,331740779,0.4890609999999999,Sep17,0.3774261046689908,high,0.3956067590975103,True,0.10521146233888506,False,0.6169007021058671,True,0.09580760720114949,False
validation:9.17数据/log_6_2026-9-17-06-02-24.ulg:1:1925,9.17数据/log_6_2026-9-17-06-02-24.ulg,1,1925,51,331231821,331740779,332738796,0.508958,Sep17,0.17154072804840356,low,0.23601965967727964,False,0.1708206792576315,False,0.15674327867867113,False,0.10140278864180333,False
validation:9.17数据/log_6_2026-9-17-06-02-24.ulg:1:1975,9.17数据/log_6_2026-9-17-06-02-24.ulg,1,1975,51,332239788,332738796,333736724,0.4990079999999999,Sep17,0.32298778534904254,high,0.28119124428647996,False,0.12622989176778415,False,0.47739356717681686,False,0.26997896434908497,True
validation:9.17数据/log_6_2026-9-17-06-02-24.ulg:1:2025,9.17数据/log_6_2026-9-17-06-02-24.ulg,1,2025,51,333237785,333736724,334734649,0.4989389999999999,Sep17,0.23952485451148423,middle,0.09936726238050804,False,0.09342762773178859,False,0.44207582095122855,False,0.09314808218783986,False
validation:9.17数据/log_6_2026-9-17-06-02-24.ulg:1:2075,9.17数据/log_6_2026-9-17-06-02-24.ulg,1,2075,51,334235683,334734649,335732601,0.4989659999999999,Sep17,0.2704011059145122,middle,0.12653083625144482,False,0.3143732236407165,True,0.32780547179672254,False,0.1698758673737811,False
validation:9.17数据/log_6_2026-9-17-06-02-24.ulg:1:2125,9.17数据/log_6_2026-9-17-06-02-24.ulg,1,2125,51,335233687,335732601,336740539,0.4989139999999999,Sep17,0.30017625038005713,middle,0.34158615881143134,True,0.16648238440026433,False,0.428006013311501,False,0.22523124210537754,False
validation:9.17数据/log_6_2026-9-17-06-02-24.ulg:1:2175,9.17数据/log_6_2026-9-17-06-02-24.ulg,1,2175,51,336241559,336740539,337738567,0.49898,Sep17,0.42396429185155365,high,0.0623384041679444,False,0.07749068372468532,False,0.8230753875437881,True,0.10396643533255727,False
validation:9.17数据/log_6_2026-9-17-06-02-24.ulg:1:2225,9.17数据/log_6_2026-9-17-06-02-24.ulg,1,2225,51,337239502,337738567,338736491,0.499065,Sep17,0.22418778665182576,middle,0.05269474000974037,False,0.09347289015194588,False,0.3950964184674294,False,0.18575670324164126,False
validation:9.17数据/log_6_2026-9-17-06-02-24.ulg:1:2275,9.17数据/log_6_2026-9-17-06-02-24.ulg,1,2275,51,338237470,338736491,339734426,0.499021,Sep17,0.1757447979707814,middle,0.1518278970669287,False,0.16415163080569017,False,0.21004431499441717,False,0.13615094419624488,False
validation:9.17数据/log_6_2026-9-17-06-02-24.ulg:1:2325,9.17数据/log_6_2026-9-17-06-02-24.ulg,1,2325,51,339235440,339734426,340742460,0.498986,Sep17,0.15563546102533357,low,0.24746100161761442,False,0.06553390687307613,False,0.15846797894473277,False,0.05541500035292977,False
validation:9.17数据/log_6_2026-9-17-06-02-24.ulg:1:2375,9.17数据/log_6_2026-9-17-06-02-24.ulg,1,2375,51,340243372,340742460,341740301,0.499088,Sep17,0.28927709121274436,middle,0.37470359006565523,True,0.12309894849311522,False,0.38773869008482276,False,0.10152653816015758,False
validation:9.17数据/log_6_2026-9-17-06-02-24.ulg:1:2425,9.17数据/log_6_2026-9-17-06-02-24.ulg,1,2425,51,341231326,341740301,342738243,0.508975,Sep17,0.2770494650619572,middle,0.3721654039615516,True,0.11756154972099038,False,0.3120339689046413,False,0.20259278940585435,False
validation:9.17数据/log_6_2026-9-17-06-02-24.ulg:1:2475,9.17数据/log_6_2026-9-17-06-02-24.ulg,1,2475,51,342239257,342738243,343736196,0.498986,Sep17,0.2723377583587697,middle,0.22777236754660224,False,0.12375748693387463,False,0.453915784632554,False,0.18010165552910884,False
validation:9.17数据/log_6_2026-9-17-06-02-24.ulg:1:2525,9.17数据/log_6_2026-9-17-06-02-24.ulg,1,2525,51,343237235,343736196,344734221,0.498961,Sep17,0.25550650343669695,middle,0.381822826996667,True,0.09964630247646564,False,0.30016877561757893,False,0.0747644996880965,False
validation:9.17数据/log_6_2026-9-17-06-02-24.ulg:1:2575,9.17数据/log_6_2026-9-17-06-02-24.ulg,1,2575,51,344235173,344734221,345732096,0.499048,Sep17,0.15557354887750174,low,0.14102517000206713,False,0.08148855895947214,False,0.24386249930938614,False,0.09049212406263252,False
validation:9.17数据/log_6_2026-9-17-06-02-24.ulg:1:2625,9.17数据/log_6_2026-9-17-06-02-24.ulg,1,2625,51,345233153,345732096,346740048,0.4989429999999999,Sep17,0.154955966407066,low,0.15693539773333195,False,0.1961309387846253,True,0.1600460687778405,False,0.10309709881712446,False
validation:9.17数据/log_6_2026-9-17-06-02-24.ulg:1:2675,9.17数据/log_6_2026-9-17-06-02-24.ulg,1,2675,51,346241056,346740048,347738089,0.498992,Sep17,0.1477409532107176,low,0.08106349375179162,False,0.09514518397546895,False,0.23206907560790693,False,0.09581675176056821,False
validation:9.17数据/log_6_2026-9-17-06-02-24.ulg:1:2725,9.17数据/log_6_2026-9-17-06-02-24.ulg,1,2725,51,347239001,347738089,348735980,0.499088,Sep17,0.19043870925549622,middle,0.23591910893978285,False,0.14151996056003568,False,0.2716350577799767,False,0.06254589255107244,False
validation:9.17数据/log_6_2026-9-17-06-02-24.ulg:1:2775,9.17数据/log_6_2026-9-17-06-02-24.ulg,1,2775,51,348236958,348735980,349733971,0.4990219999999999,Sep17,0.16059441120725312,low,0.25602485422558685,False,0.08088680338068481,False,0.15085089266261764,False,0.08863762765458959,False
validation:9.17数据/log_6_2026-9-17-06-02-24.ulg:1:2825,9.17数据/log_6_2026-9-17-06-02-24.ulg,1,2825,51,349234907,349733971,350741818,0.4990639999999999,Sep17,0.11872197247818508,low,0.12866692622434045,False,0.13800518436587814,False,0.11101723322100468,False,0.06324500469168023,False
validation:9.17数据/log_6_2026-9-17-06-02-24.ulg:1:2875,9.17数据/log_6_2026-9-17-06-02-24.ulg,1,2875,51,350242829,350741818,351739760,0.4989889999999999,Sep17,0.14055077809014566,low,0.12198448997670858,False,0.11352761491318705,False,0.13849875483384497,False,0.16643537409908749,False
validation:9.17数据/log_6_2026-9-17-06-02-24.ulg:1:2925,9.17数据/log_6_2026-9-17-06-02-24.ulg,1,2925,51,351240848,351739760,352737734,0.4989119999999999,Sep17,0.17057223066690455,low,0.1583356806919401,False,0.14772535882728996,False,0.23857303117777434,False,0.12858279544431261,False
validation:9.17数据/log_6_2026-9-17-06-02-24.ulg:1:2975,9.17数据/log_6_2026-9-17-06-02-24.ulg,1,2975,51,352238793,352737734,353735668,0.4989409999999999,Sep17,0.322593439951148,high,0.38200291870899156,True,0.10278664882848294,False,0.49247680818047906,False,0.13172365276874454,False
validation:9.17数据/log_6_2026-9-17-06-02-24.ulg:1:3025,9.17数据/log_6_2026-9-17-06-02-24.ulg,1,3025,51,353236726,353735668,354743658,0.498942,Sep17,0.27394826854739085,middle,0.1854574407422674,False,0.360805884645478,True,0.39229703938701943,False,0.11479421319444091,False
validation:9.17数据/log_6_2026-9-17-06-02-24.ulg:1:3075,9.17数据/log_6_2026-9-17-06-02-24.ulg,1,3075,51,354234642,354743658,355731570,0.509016,Sep17,0.3124031116670718,middle,0.36602183695715934,True,0.08546634018698643,False,0.4628139949837272,False,0.1840359996203077,False
validation:9.17数据/log_6_2026-9-17-06-02-24.ulg:1:3125,9.17数据/log_6_2026-9-17-06-02-24.ulg,1,3125,51,355232585,355731570,356739646,0.4989849999999999,Sep17,0.2248664799023695,middle,0.39850219468074066,True,0.14119244120779284,False,0.13281414918496878,False,0.06162112964222571,False
validation:9.17数据/log_6_2026-9-17-06-02-24.ulg:1:3175,9.17数据/log_6_2026-9-17-06-02-24.ulg,1,3175,51,356240533,356739646,357737508,0.499113,Sep17,0.25878406540539944,middle,0.37325813071663577,True,0.1565344154828338,False,0.28120484074623114,False,0.11173344720911271,False
validation:9.17数据/log_6_2026-9-17-06-02-24.ulg:1:3225,9.17数据/log_6_2026-9-17-06-02-24.ulg,1,3225,51,357238532,357737508,358735487,0.498976,Sep17,0.22798044566323447,middle,0.3818480198156865,True,0.1203325409033116,False,0.17263369387041644,False,0.10588339630717242,False
validation:9.17数据/log_6_2026-9-17-06-02-24.ulg:1:3275,9.17数据/log_6_2026-9-17-06-02-24.ulg,1,3275,51,358236423,358735487,359733389,0.4990639999999999,Sep17,0.27955677425476655,middle,0.12767464797239483,False,0.2658531510872983,True,0.4515905733488357,False,0.23405534806982983,True
validation:9.17数据/log_6_2026-9-17-06-02-24.ulg:1:3325,9.17数据/log_6_2026-9-17-06-02-24.ulg,1,3325,51,359234462,359733389,360741303,0.4989269999999999,Sep17,0.4214205731856986,high,0.39154049170236077,True,0.11310281169354024,False,0.7361562907917134,True,0.055365934040813115,False
validation:9.17数据/log_6_2026-9-17-06-02-24.ulg:1:3375,9.17数据/log_6_2026-9-17-06-02-24.ulg,1,3375,51,360242283,360741303,361739300,0.4990199999999999,Sep17,0.30075403099694764,middle,0.37411042668498423,True,0.13075897003860765,False,0.4543854241215906,False,0.09084583710710063,False
validation:9.17数据/log_6_2026-9-17-06-02-24.ulg:1:3425,9.17数据/log_6_2026-9-17-06-02-24.ulg,1,3425,51,361240239,361739300,362737256,0.499061,Sep17,0.3019302906264611,middle,0.38172529563028423,True,0.12980987231173954,False,0.43796565176025576,False,0.09660541784445563,False
validation:9.17数据/log_6_2026-9-17-06-02-24.ulg:1:3475,9.17数据/log_6_2026-9-17-06-02-24.ulg,1,3475,51,362238215,362737256,363735215,0.4990409999999999,Sep17,0.16768874366391645,low,0.0718083897462819,False,0.13440827977831565,False,0.22359148460921724,False,0.1873722125783687,False
validation:9.17数据/log_6_2026-9-17-06-02-24.ulg:1:3525,9.17数据/log_6_2026-9-17-06-02-24.ulg,1,3525,51,363236134,363735215,364743107,0.499081,Sep17,0.3947340298418902,high,0.11188231330072024,False,0.15083532937747995,False,0.7195274278559874,True,0.11030197842079036,False
validation:9.17数据/log_6_2026-9-17-06-02-24.ulg:1:3575,9.17数据/log_6_2026-9-17-06-02-24.ulg,1,3575,51,364234090,364743107,365731052,0.5090169999999999,Sep17,0.11297742016480475,low,0.1360798982414502,False,0.09938615587016063,False,0.1320303886773658,False,0.07086224940027884,False
validation:9.17数据/log_6_2026-9-17-06-02-24.ulg:1:3625,9.17数据/log_6_2026-9-17-06-02-24.ulg,1,3625,51,365242087,365731052,366738997,0.488965,Sep17,0.3609632327529416,high,0.12931279847948102,False,0.13291412599989594,False,0.4868029156477832,False,0.47091426615144155,True
validation:9.17数据/log_6_2026-9-17-06-02-24.ulg:1:3675,9.17数据/log_6_2026-9-17-06-02-24.ulg,1,3675,51,366240015,366738997,367736970,0.498982,Sep17,0.31691645994871653,middle,0.26063931412495317,False,0.14848881403815858,False,0.4618963465847397,False,0.2555718101636959,True
validation:9.17数据/log_6_2026-9-17-06-02-24.ulg:1:3725,9.17数据/log_6_2026-9-17-06-02-24.ulg,1,3725,51,367237947,367736970,368734913,0.499023,Sep17,0.21332077842521233,middle,0.292446932498137,False,0.11381601758370988,False,0.2653262694736128,False,0.12508585059672264,False
validation:9.17数据/log_6_2026-9-17-06-02-24.ulg:1:3775,9.17数据/log_6_2026-9-17-06-02-24.ulg,1,3775,51,368235865,368734913,369732853,0.499048,Sep17,0.22273523442119267,middle,0.16317298230114677,False,0.10235807576393384,False,0.3420001733053925,False,0.20590705689024885,False
validation:9.17数据/log_6_2026-9-17-06-02-24.ulg:1:3825,9.17数据/log_6_2026-9-17-06-02-24.ulg,1,3825,51,369233810,369732853,370740791,0.4990429999999999,Sep17,0.16531224267182687,low,0.21898193766100973,False,0.16142965118894692,False,0.14751977601145927,False,0.07804413181640184,False
validation:9.17数据/log_6_2026-9-17-06-02-24.ulg:1:3875,9.17数据/log_6_2026-9-17-06-02-24.ulg,1,3875,51,370241741,370740791,371738770,0.49905,Sep17,0.11144190573688441,low,0.08013969777680267,False,0.10012385307508423,False,0.1521772308688064,False,0.1044785671360416,False
validation:9.17数据/log_6_2026-9-17-06-02-24.ulg:1:3925,9.17数据/log_6_2026-9-17-06-02-24.ulg,1,3925,51,371239800,371738770,372736682,0.4989699999999999,Sep17,0.2131486545679923,middle,0.38172643907276016,True,0.12966252500536513,False,0.1275153955182556,False,0.0476883830604626,False
validation:9.17数据/log_6_2026-9-17-06-02-24.ulg:1:3975,9.17数据/log_6_2026-9-17-06-02-24.ulg,1,3975,51,372237659,372736682,373734602,0.499023,Sep17,0.1996779367182699,middle,0.13107747516317877,False,0.11602110240433924,False,0.32458088828614307,False,0.09435744528529193,False
validation:9.17数据/log_6_2026-9-17-06-02-24.ulg:1:4025,9.17数据/log_6_2026-9-17-06-02-24.ulg,1,4025,51,373235573,373734602,374742466,0.499029,Sep17,0.18163517474608476,middle,0.2766302306048328,False,0.17062741076355364,False,0.16850995641677746,False,0.04429482752476296,False
validation:9.17数据/log_6_2026-9-17-06-02-24.ulg:1:4075,9.17数据/log_6_2026-9-17-06-02-24.ulg,1,4075,51,374233572,374742466,375740433,0.508894,Sep17,0.11455067411851731,low,0.10875456257633048,False,0.0979054756737391,False,0.15820718256831406,False,0.07074136608608549,False
validation:9.17数据/log_6_2026-9-17-06-02-24.ulg:1:4125,9.17数据/log_6_2026-9-17-06-02-24.ulg,1,4125,51,375241431,375740433,376738400,0.499002,Sep17,0.16288504562092376,low,0.2661931472654264,False,0.132016515411068,False,0.11867755459016292,False,0.047814403604748014,False
validation:9.17数据/log_6_2026-9-17-06-02-24.ulg:1:4175,9.17数据/log_6_2026-9-17-06-02-24.ulg,1,4175,51,376239381,376738400,377736352,0.499019,Sep17,0.21277024945779724,middle,0.3818311161369273,True,0.10719099650648348,False,0.10599302916579893,False,0.10389695306048635,False
validation:9.17数据/log_6_2026-9-17-06-02-24.ulg:1:4225,9.17数据/log_6_2026-9-17-06-02-24.ulg,1,4225,51,377237341,377736352,378734267,0.499011,Sep17,0.21790448319485436,middle,0.25526401477563654,False,0.09961136938713847,False,0.31193629718316446,False,0.1383567364353815,False
validation:9.17数据/log_6_2026-9-17-06-02-24.ulg:1:4275,9.17数据/log_6_2026-9-17-06-02-24.ulg,1,4275,51,378235295,378734267,379732190,0.4989719999999999,Sep17,0.1470414324460841,low,0.13444036376065494,False,0.10711831914872094,False,0.21206036760261116,False,0.11322619935800733,False
validation:9.17数据/log_6_2026-9-17-06-02-24.ulg:1:4325,9.17数据/log_6_2026-9-17-06-02-24.ulg,1,4325,51,379243232,379732190,380740152,0.488958,Sep17,0.12063200782064723,low,0.12192629619636529,False,0.12821034206175316,False,0.13057519614516236,False,0.07269942056788738,False
validation:9.17数据/log_6_2026-9-17-06-02-24.ulg:1:4375,9.17数据/log_6_2026-9-17-06-02-24.ulg,1,4375,51,380241149,380740152,381738081,0.499003,Sep17,0.24466445879995496,middle,0.35328568160364593,True,0.10521315377024205,False,0.23503046146754003,False,0.2115582509222961,False
validation:9.17数据/log_6_2026-9-17-06-02-24.ulg:1:4425,9.17数据/log_6_2026-9-17-06-02-24.ulg,1,4425,51,381239168,381738081,382736068,0.498913,Sep17,0.16672085216093957,low,0.2005041691286875,False,0.19038840293347398,True,0.16058965856752588,False,0.08416144916265292,False
validation:9.17数据/log_6_2026-9-17-06-02-24.ulg:1:4475,9.17数据/log_6_2026-9-17-06-02-24.ulg,1,4475,51,382237113,382736068,383734010,0.498955,Sep17,0.23528643365359656,middle,0.08570913812790086,False,0.08161897961882317,False,0.42510242954296906,False,0.13502476940253988,False
validation:9.17数据/log_6_2026-9-17-06-02-24.ulg:1:4525,9.17数据/log_6_2026-9-17-06-02-24.ulg,1,4525,51,383234977,383734010,384741878,0.499033,Sep17,0.14575850545461203,low,0.1670780226974996,False,0.14325686709934587,False,0.163380652902284,False,0.060843106249144255,False
validation:9.17数据/log_6_2026-9-17-06-02-24.ulg:1:4575,9.17数据/log_6_2026-9-17-06-02-24.ulg,1,4575,51,384232920,384741878,385739827,0.508958,Sep17,0.19756894651751702,middle,0.3305323261684202,True,0.09205588939724282,False,0.1766272440347232,False,0.07496951289350848,False
validation:9.17数据/log_6_2026-9-17-06-02-24.ulg:1:4625,9.17数据/log_6_2026-9-17-06-02-24.ulg,1,4625,51,385240879,385739827,386737817,0.498948,Sep17,0.18452923186182066,middle,0.22171187185008956,False,0.14309788322508812,False,0.26226674573518055,False,0.07157131279564447,False
validation:9.17数据/log_6_2026-9-17-06-02-24.ulg:1:4675,9.17数据/log_6_2026-9-17-06-02-24.ulg,1,4675,51,386238805,386737817,387735754,0.4990119999999999,Sep17,0.1945422662503334,middle,0.27421447828982576,False,0.10478797498500836,False,0.22130682104475127,False,0.11067108775342119,False
validation:9.17数据/log_6_2026-9-17-06-02-24.ulg:1:4725,9.17数据/log_6_2026-9-17-06-02-24.ulg,1,4725,51,387236742,387735754,388733718,0.4990119999999999,Sep17,0.22248719699332808,middle,0.07035532408110365,False,0.1463772543221881,False,0.32005767423829934,False,0.22178154381018694,False
validation:9.17数据/log_6_2026-9-17-06-02-24.ulg:1:4775,9.17数据/log_6_2026-9-17-06-02-24.ulg,1,4775,51,388234709,388733718,389741590,0.499009,Sep17,0.16654925417790303,low,0.09965017211913639,False,0.14533087330391792,False,0.1895363441426481,False,0.18315068387898223,False
validation:9.17数据/log_6_2026-9-17-06-02-24.ulg:2:25,9.17数据/log_6_2026-9-17-06-02-24.ulg,2,25,51,390460123,390959133,391957047,0.4990099999999999,Sep17,0.4081211959738928,high,0.6797006034924089,True,0.11201920424092483,False,0.4422955073764047,False,0.052050738176465744,False
validation:9.17数据/log_6_2026-9-17-06-02-24.ulg:2:75,9.17数据/log_6_2026-9-17-06-02-24.ulg,2,75,51,391458188,391957047,392955064,0.498859,Sep17,0.18089017133625737,middle,0.2240479147659729,False,0.15755134356437972,False,0.22707213949660623,False,0.0912570899552754,False
validation:9.17数据/log_6_2026-9-17-06-02-24.ulg:2:125,9.17数据/log_6_2026-9-17-06-02-24.ulg,2,125,51,392456017,392955064,393952908,0.4990469999999999,Sep17,0.24929589505331673,middle,0.012421964171718274,False,0.18215168289288977,True,0.4432297243195546,False,0.17597904190856295,False
validation:9.17数据/log_6_2026-9-17-06-02-24.ulg:2:175,9.17数据/log_6_2026-9-17-06-02-24.ulg,2,175,51,393453958,393952908,394960844,0.49895,Sep17,0.18928640128250443,middle,0.022679739289277964,False,0.18674783678839155,True,0.20878864684940726,False,0.2502970026619371,True
validation:9.17数据/log_6_2026-9-17-06-02-24.ulg:2:225,9.17数据/log_6_2026-9-17-06-02-24.ulg,2,225,51,394461955,394960844,395958776,0.4988889999999999,Sep17,0.38911708532105466,high,0.014193665305444742,False,0.2517398264454771,True,0.6002027888320398,True,0.34124401501781815,True
validation:9.17数据/log_6_2026-9-17-06-02-24.ulg:2:275,9.17数据/log_6_2026-9-17-06-02-24.ulg,2,275,51,395459907,395958776,396956720,0.4988689999999999,Sep17,0.22943075189889034,middle,0.1995933389615762,False,0.2149772854301855,True,0.3695136933699695,False,0.06545638415415064,False
validation:9.17数据/log_6_2026-9-17-06-02-24.ulg:2:325,9.17数据/log_6_2026-9-17-06-02-24.ulg,2,325,51,396457851,396956720,397954665,0.4988689999999999,Sep17,0.36560695528821435,high,0.018670686921564875,False,0.08938923708907416,False,0.6082762651161743,True,0.37478400997614786,True
validation:9.17数据/log_6_2026-9-17-06-02-24.ulg:2:375,9.17数据/log_6_2026-9-17-06-02-24.ulg,2,375,51,397455739,397954665,398962644,0.498926,Sep17,0.8751928480155327,high,0.31258922229941755,True,0.2323938830699639,True,1.2301845745250446,True,1.1108906570322046,True
validation:9.17数据/log_6_2026-9-17-06-02-24.ulg:2:425,9.17数据/log_6_2026-9-17-06-02-24.ulg,2,425,51,398453677,398962644,399960577,0.508967,Sep17,0.4751726042992761,high,0.021615407765147095,False,0.16222930599043336,False,0.8730546078590564,True,0.24197345277243357,True
validation:9.17数据/log_6_2026-9-17-06-02-24.ulg:2:475,9.17数据/log_6_2026-9-17-06-02-24.ulg,2,475,51,399461646,399960577,400958526,0.4989309999999999,Sep17,0.21229580846199958,middle,0.0,False,0.22027263740277297,True,0.30649932524779544,False,0.11378197543642325,False
validation:9.17数据/log_6_2026-9-17-06-02-24.ulg:2:525,9.17数据/log_6_2026-9-17-06-02-24.ulg,2,525,51,400459621,400958526,401956429,0.498905,Sep17,0.23303363956132853,middle,0.03789375862776516,False,0.2552945566715692,True,0.4100236499700162,False,0.08630210773673987,False
validation:9.17数据/log_6_2026-9-17-06-02-24.ulg:2:575,9.17数据/log_6_2026-9-17-06-02-24.ulg,2,575,51,401457495,401956429,402954411,0.498934,Sep17,0.21945902967087902,middle,0.27161928657193685,False,0.06588284725638548,False,0.3227998653994732,False,0.05915461072775624,False
validation:9.17数据/log_6_2026-9-17-06-02-24.ulg:2:625,9.17数据/log_6_2026-9-17-06-02-24.ulg,2,625,51,402455437,402954411,403952302,0.498974,Sep17,0.20374400609736162,middle,0.009258785434009643,False,0.1495733477771026,False,0.2897712820869552,False,0.2061193466327597,False
validation:9.17数据/log_6_2026-9-17-06-02-24.ulg:2:675,9.17数据/log_6_2026-9-17-06-02-24.ulg,2,675,51,403463433,403952302,404960215,0.488869,Sep17,0.13476456226339462,low,0.004140654723906091,False,0.09878733322379807,False,0.2361912345172171,False,0.09490979994885472,False
validation:9.17数据/log_6_2026-9-17-06-02-24.ulg:2:725,9.17数据/log_6_2026-9-17-06-02-24.ulg,2,725,51,404461395,404960215,405958172,0.49882,Sep17,0.1556969680992901,low,0.016562618895624364,False,0.10551559548673693,False,0.22284405837006047,False,0.18345155291003007,False
validation:9.17数据/log_6_2026-9-17-06-02-24.ulg:2:775,9.17数据/log_6_2026-9-17-06-02-24.ulg,2,775,51,405459380,405958172,406956124,0.4987919999999999,Sep17,0.4202487844757073,high,0.0,False,0.16327339655238315,False,0.5862634604956175,True,0.5812708200777609,True
validation:9.17数据/log_6_2026-9-17-06-02-24.ulg:2:825,9.17数据/log_6_2026-9-17-06-02-24.ulg,2,825,51,406457288,406956124,407954039,0.498836,Sep17,0.22194587531060983,middle,0.004140654723906091,False,0.09705238381234219,False,0.42112163998942204,False,0.10605720769865767,False
validation:9.17数据/log_6_2026-9-17-06-02-24.ulg:2:875,9.17数据/log_6_2026-9-17-06-02-24.ulg,2,875,51,407457699,407954039,408961974,0.49634,Sep17,0.6280573327739348,high,1.0789504650161423,True,0.2269732596028991,True,0.4749198742310092,False,0.30857881514734525,True
validation:9.17数据/log_6_2026-9-17-06-02-24.ulg:2:925,9.17数据/log_6_2026-9-17-06-02-24.ulg,2,925,51,408453154,408961974,409959923,0.5088199999999999,Sep17,0.5843751835728623,high,0.08943367361309999,False,0.07525596896247423,False,1.0252831440025774,True,0.511692528106334,True
validation:9.17数据/log_6_2026-9-17-06-02-24.ulg:2:975,9.17数据/log_6_2026-9-17-06-02-24.ulg,2,975,51,409460941,409959923,410957887,0.498982,Sep17,0.6172183123430737,high,0.027465996211218268,False,0.21791537048846185,True,1.2127791860877708,True,0.20493941590774162,False
validation:9.17数据/log_6_2026-9-17-06-02-24.ulg:2:1025,9.17数据/log_6_2026-9-17-06-02-24.ulg,2,1025,51,410458884,410957887,411955855,0.499003,Sep17,0.38341847765703113,high,0.09521397726585333,False,0.13209092520323978,False,0.6622192592689885,True,0.2818288265097354,True
validation:9.17数据/log_6_2026-9-17-06-02-24.ulg:2:1075,9.17数据/log_6_2026-9-17-06-02-24.ulg,2,1075,51,411456813,411955855,412953736,0.499042,Sep17,0.5749973288604099,high,0.18553660596231128,False,0.24371573940785976,True,0.9921357015478526,True,0.3821881382310925,True
validation:9.17数据/log_6_2026-9-17-06-02-24.ulg:2:1125,9.17数据/log_6_2026-9-17-06-02-24.ulg,2,1125,51,412454791,412953736,413961636,0.4989449999999999,Sep17,0.26821454994550437,middle,0.2603548833881334,False,0.3058863689851131,True,0.37461325739578566,False,0.11645314199617134,False
validation:9.17数据/log_6_2026-9-17-06-02-24.ulg:2:1175,9.17数据/log_6_2026-9-17-06-02-24.ulg,2,1175,51,413462697,413961636,414959606,0.4989389999999999,Sep17,0.3367335504502458,high,0.5984613842831363,True,0.1793635415345968,True,0.17740805837199125,False,0.13628820347979698,False
validation:9.17数据/log_6_2026-9-17-06-02-24.ulg:2:1225,9.17数据/log_6_2026-9-17-06-02-24.ulg,2,1225,51,414460611,414959606,415957518,0.4989949999999999,Sep17,0.6627001166768983,high,0.11673225015112484,False,0.07990977973524258,False,1.2833935075720218,True,0.17921018989369106,False
validation:9.17数据/log_6_2026-9-17-06-02-24.ulg:2:1275,9.17数据/log_6_2026-9-17-06-02-24.ulg,2,1275,51,415458576,415957518,416955446,0.498942,Sep17,0.3080125814756412,middle,0.01784572208696558,False,0.3261659604206526,True,0.41727018871345023,False,0.20962287705346416,False
validation:9.17数据/log_7_2026-9-17-06-12-16.ulg:0:25,9.17数据/log_7_2026-9-17-06-12-16.ulg,0,25,51,135663037,136151966,137159973,0.488929,Sep17,0.5799385155017116,high,0.25033342004067505,False,0.5346243431471991,True,0.5527234588790841,True,0.7433696387728228,True
validation:9.17数据/log_7_2026-9-17-06-12-16.ulg:0:75,9.17数据/log_7_2026-9-17-06-12-16.ulg,0,75,51,136661065,137159973,138157987,0.4989079999999999,Sep17,0.3493696662682439,high,0.165796445799047,False,0.251635049389506,True,0.4870444848865391,False,0.3534834160222233,True
validation:9.17数据/log_7_2026-9-17-06-12-16.ulg:0:125,9.17数据/log_7_2026-9-17-06-12-16.ulg,0,125,51,137659045,138157987,139155931,0.498942,Sep17,0.19480541832505438,middle,0.18626268838425808,False,0.2674793049561162,True,0.16934403369611717,False,0.06248598361276405,False
validation:9.17数据/log_7_2026-9-17-06-12-16.ulg:0:175,9.17数据/log_7_2026-9-17-06-12-16.ulg,0,175,51,138657012,139155931,140153999,0.498919,Sep17,0.12516612390343052,low,0.018975402274167635,False,0.08257950379497456,False,0.2210505510668924,False,0.07316640295241163,False
validation:9.17数据/log_7_2026-9-17-06-12-16.ulg:0:225,9.17数据/log_7_2026-9-17-06-12-16.ulg,0,225,51,139655027,140153999,141162036,0.4989719999999999,Sep17,0.18556958662244727,middle,0.0,False,0.16428165734548084,False,0.27511226758716656,False,0.13591726230394252,False
validation:9.17数据/log_7_2026-9-17-06-12-16.ulg:0:275,9.17数据/log_7_2026-9-17-06-12-16.ulg,0,275,51,140653038,141162036,142160073,0.508998,Sep17,0.11918130459385524,low,0.0,False,0.06626777306577179,False,0.1664976126758977,False,0.14756118453243217,False
validation:9.17数据/log_7_2026-9-17-06-12-16.ulg:0:325,9.17数据/log_7_2026-9-17-06-12-16.ulg,0,325,51,141660995,142160073,143157999,0.4990779999999999,Sep17,0.18013756857198415,middle,0.006210982085859137,False,0.11172427673072687,False,0.23103779762398352,False,0.23680160754781923,True
validation:9.17数据/log_7_2026-9-17-06-12-16.ulg:0:375,9.17数据/log_7_2026-9-17-06-12-16.ulg,0,375,51,142659100,143157999,144155968,0.498899,Sep17,0.16146585999606541,low,0.00801834339404168,False,0.12255031230567155,False,0.257662670295485,False,0.1443126922879071,False
validation:9.17数据/log_7_2026-9-17-06-12-16.ulg:0:425,9.17数据/log_7_2026-9-17-06-12-16.ulg,0,425,51,143657033,144155968,145153979,0.4989349999999999,Sep17,0.21331691476927142,middle,0.010556639618123653,False,0.13196182985765265,False,0.37907425587913934,False,0.09818091622531272,False
validation:9.17数据/log_7_2026-9-17-06-12-16.ulg:0:475,9.17数据/log_7_2026-9-17-06-12-16.ulg,0,475,51,144655119,145153979,146162010,0.4988599999999999,Sep17,0.12633520645433338,low,0.005477571332220165,False,0.09053140712634582,False,0.22896191298958765,False,0.04347066514699062,False
validation:9.17数据/log_7_2026-9-17-06-12-16.ulg:0:525,9.17数据/log_7_2026-9-17-06-12-16.ulg,0,525,51,145663070,146162010,147160068,0.49894,Sep17,0.1592646797743444,low,0.0,False,0.08626741733144185,False,0.29771919867437047,False,0.07825931735254196,False
validation:9.17数据/log_7_2026-9-17-06-12-16.ulg:0:575,9.17数据/log_7_2026-9-17-06-12-16.ulg,0,575,51,146651038,147160068,148157973,0.50903,Sep17,0.13286474447897023,low,0.0,False,0.09409871848042402,False,0.24245807273616624,False,0.04553842841148143,False
validation:9.17数据/log_7_2026-9-17-06-12-16.ulg:0:625,9.17数据/log_7_2026-9-17-06-12-16.ulg,0,625,51,147659083,148157973,149155971,0.49889,Sep17,0.18939257474948296,middle,0.0,False,0.11597833906967799,False,0.3681291781029697,False,0.04918626385764979,False
validation:9.17数据/log_7_2026-9-17-06-12-16.ulg:0:675,9.17数据/log_7_2026-9-17-06-12-16.ulg,0,675,51,148657058,149155971,150154016,0.498913,Sep17,0.10381438450000012,low,0.0,False,0.10510184860053444,False,0.15481076545300373,False,0.08307216695705154,False
validation:9.17数据/log_7_2026-9-17-06-12-16.ulg:1:25,9.17数据/log_7_2026-9-17-06-12-16.ulg,1,25,51,150363634,150852690,151860688,0.489056,Sep17,0.35612308972696355,high,0.3109345208377455,True,0.08900476966809899,False,0.6054019987997855,True,0.17525688949656773,False
validation:9.17数据/log_7_2026-9-17-06-12-16.ulg:1:75,9.17数据/log_7_2026-9-17-06-12-16.ulg,1,75,51,151351598,151860688,152858628,0.5090899999999999,Sep17,0.17953417677095948,middle,0.18379355925179505,False,0.15959292141537998,False,0.11695974131982638,False,0.22648738305044658,True
validation:9.17数据/log_7_2026-9-17-06-12-16.ulg:1:125,9.17数据/log_7_2026-9-17-06-12-16.ulg,1,125,51,152359718,152858628,153856702,0.4989099999999999,Sep17,0.2807849677962695,middle,0.38182477012879007,True,0.09358377847015835,False,0.28084072859660464,False,0.2719692856466783,True
validation:9.17数据/log_7_2026-9-17-06-12-16.ulg:1:175,9.17数据/log_7_2026-9-17-06-12-16.ulg,1,175,51,153357599,153856702,154854661,0.4991029999999999,Sep17,0.2429293201586449,middle,0.3818297142852165,True,0.07842667269479872,False,0.2775606861147514,False,0.035192893983239375,False
validation:9.17数据/log_7_2026-9-17-06-12-16.ulg:1:225,9.17数据/log_7_2026-9-17-06-12-16.ulg,1,225,51,154355617,154854661,155852672,0.499044,Sep17,0.3011798979518555,middle,0.3818108340223931,True,0.11200569831680714,False,0.44170656318407353,False,0.061411472446727886,False
validation:9.17数据/log_7_2026-9-17-06-12-16.ulg:1:275,9.17数据/log_7_2026-9-17-06-12-16.ulg,1,275,51,155353680,155852672,156860795,0.498992,Sep17,0.17619884952645828,middle,0.25785134504690593,False,0.12160885698917304,False,0.15327882320086586,False,0.11862518734953559,False
validation:9.17数据/log_7_2026-9-17-06-12-16.ulg:1:325,9.17数据/log_7_2026-9-17-06-12-16.ulg,1,325,51,156361683,156860795,157858786,0.499112,Sep17,0.2606931343729423,middle,0.3966488759838247,True,0.11929285995784744,False,0.2593783256213282,False,0.1941830416290182,False
validation:9.17数据/log_7_2026-9-17-06-12-16.ulg:1:375,9.17数据/log_7_2026-9-17-06-12-16.ulg,1,375,51,157359678,157858786,158856731,0.499108,Sep17,0.20316309417241954,middle,0.19258969085023186,False,0.11297778426209426,False,0.3201538739856475,False,0.057931903675668715,False
validation:9.17数据/log_7_2026-9-17-06-12-16.ulg:1:425,9.17数据/log_7_2026-9-17-06-12-16.ulg,1,425,51,158357655,158856731,159854746,0.4990759999999999,Sep17,0.21643792610250717,middle,0.3817863636239652,True,0.0878440115496066,False,0.17500647524186916,False,0.05409862478531742,False
validation:9.17数据/log_7_2026-9-17-06-12-16.ulg:1:475,9.17数据/log_7_2026-9-17-06-12-16.ulg,1,475,51,159355636,159854746,160862773,0.49911,Sep17,0.2749365475268207,middle,0.3835382454192581,True,0.15932555572072216,False,0.32711017120419533,False,0.08003189633683261,False
validation:9.17数据/log_7_2026-9-17-06-12-16.ulg:1:525,9.17数据/log_7_2026-9-17-06-12-16.ulg,1,525,51,160353687,160862773,161860805,0.5090859999999999,Sep17,0.2798496681051569,middle,0.1288286835611567,False,0.22501352411089356,True,0.42086943754202116,False,0.173467325998754,False
validation:9.17数据/log_7_2026-9-17-06-12-16.ulg:1:575,9.17数据/log_7_2026-9-17-06-12-16.ulg,1,575,51,161351672,161860805,162858811,0.509133,Sep17,0.207560454210014,middle,0.22091790572722902,False,0.06411370508920694,False,0.3250652370526222,False,0.08994846237222524,False
validation:9.17数据/log_7_2026-9-17-06-12-16.ulg:1:625,9.17数据/log_7_2026-9-17-06-12-16.ulg,1,625,51,162359701,162858811,163856666,0.49911,Sep17,0.24994283128306344,middle,0.34427949461474666,True,0.09998466534833668,False,0.2551633129001008,False,0.2174019077847035,False
validation:9.17数据/log_7_2026-9-17-06-12-16.ulg:1:675,9.17数据/log_7_2026-9-17-06-12-16.ulg,1,675,51,163357639,163856666,164854750,0.499027,Sep17,0.2639584958702364,middle,0.3424593599452586,True,0.20633125149755788,True,0.3049076757149955,False,0.047321015852466425,False
validation:9.17数据/log_7_2026-9-17-06-12-16.ulg:1:725,9.17数据/log_7_2026-9-17-06-12-16.ulg,1,725,51,164355674,164854750,165852774,0.4990759999999999,Sep17,0.19664432639701113,middle,0.1486872255302505,False,0.10973047993815062,False,0.3194631964757471,False,0.14422347284300593,False
validation:9.17数据/log_7_2026-9-17-06-12-16.ulg:1:775,9.17数据/log_7_2026-9-17-06-12-16.ulg,1,775,51,165353650,165852774,166860768,0.4991239999999999,Sep17,0.11384018711674306,low,0.1404794491232035,False,0.07702682469912966,False,0.13415694773570044,False,0.07532613163269179,False
validation:9.17数据/log_7_2026-9-17-06-12-16.ulg:1:825,9.17数据/log_7_2026-9-17-06-12-16.ulg,1,825,51,166361687,166860768,167858736,0.499081,Sep17,0.11235844640956469,low,0.1596553505258026,False,0.12606950647717016,False,0.07154840781467872,False,0.05844330379059279,False
validation:9.17数据/log_7_2026-9-17-06-12-16.ulg:1:875,9.17数据/log_7_2026-9-17-06-12-16.ulg,1,875,51,167359783,167858736,168856680,0.498953,Sep17,0.42013104230042586,high,0.3662776756695453,True,0.47530804421405815,True,0.6340398240451652,True,0.14845334526595544,False
validation:9.17数据/log_7_2026-9-17-06-12-16.ulg:1:925,9.17数据/log_7_2026-9-17-06-12-16.ulg,1,925,51,168357698,168856680,169854737,0.498982,Sep17,0.28895692597521283,middle,0.3818457747891491,True,0.08406714525471877,False,0.38141424700589593,False,0.16693537718425072,False
validation:9.17数据/log_7_2026-9-17-06-12-16.ulg:1:975,9.17数据/log_7_2026-9-17-06-12-16.ulg,1,975,51,169355659,169854737,170862733,0.4990779999999999,Sep17,0.2528419450307757,middle,0.17652878050854082,False,0.2744696951045629,True,0.3863851964882342,False,0.17563456464250193,False
validation:9.17数据/log_7_2026-9-17-06-12-16.ulg:1:1025,9.17数据/log_7_2026-9-17-06-12-16.ulg,1,1025,51,170353695,170862733,171860708,0.509038,Sep17,0.21801533085913163,middle,0.0679030642321704,False,0.10853025918288756,False,0.3529923541958326,False,0.23202204132979878,True
validation:9.17数据/log_7_2026-9-17-06-12-16.ulg:1:1075,9.17数据/log_7_2026-9-17-06-12-16.ulg,1,1075,51,171361712,171860708,172858656,0.498996,Sep17,0.2916834407528273,middle,0.21654819867274075,False,0.14333542678941077,False,0.35275945349934595,False,0.39700878035720055,True
validation:9.17数据/log_7_2026-9-17-06-12-16.ulg:1:1125,9.17数据/log_7_2026-9-17-06-12-16.ulg,1,1125,51,172359754,172858656,173856732,0.4989019999999999,Sep17,0.24315947186414,middle,0.1738365099080043,False,0.12390029810199711,False,0.2582966565187147,False,0.3592037587807282,True
validation:9.17数据/log_7_2026-9-17-06-12-16.ulg:1:1175,9.17数据/log_7_2026-9-17-06-12-16.ulg,1,1175,51,173357656,173856732,174854676,0.4990759999999999,Sep17,0.18412756245191703,middle,0.298504257000292,True,0.13734584028798263,False,0.1294482702302465,False,0.0670534527146628,False
validation:9.17数据/log_7_2026-9-17-06-12-16.ulg:1:1225,9.17数据/log_7_2026-9-17-06-12-16.ulg,1,1225,51,174355711,174854676,175852663,0.498965,Sep17,0.2895817403669466,middle,0.38034187096950806,True,0.07844271184161085,False,0.39316631127981455,False,0.15681017092866048,False
validation:9.17数据/log_7_2026-9-17-06-12-16.ulg:1:1275,9.17数据/log_7_2026-9-17-06-12-16.ulg,1,1275,51,175353691,175852663,176860724,0.4989719999999999,Sep17,0.3438030992502016,high,0.3366938877931524,True,0.1849928812642217,True,0.483152205684276,False,0.22837006970758486,True
validation:9.17数据/log_7_2026-9-17-06-12-16.ulg:1:1325,9.17数据/log_7_2026-9-17-06-12-16.ulg,1,1325,51,176361762,176860724,177858675,0.4989619999999999,Sep17,0.2182378639854178,middle,0.3740002209743786,True,0.057496974850671234,False,0.20708660282031213,False,0.05122671078575248,False
validation:9.17数据/log_7_2026-9-17-06-12-16.ulg:1:1375,9.17数据/log_7_2026-9-17-06-12-16.ulg,1,1375,51,177359738,177858675,178856708,0.4989369999999999,Sep17,0.34739902579533205,high,0.3817535523028525,True,0.13049501777469116,False,0.39131455194506487,False,0.41699261786372815,True
validation:9.17数据/log_7_2026-9-17-06-12-16.ulg:1:1425,9.17数据/log_7_2026-9-17-06-12-16.ulg,1,1425,51,178357729,178856708,179854677,0.4989789999999999,Sep17,0.18889596549853815,middle,0.31751932680776934,True,0.0924201492069564,False,0.15169473675207779,False,0.10425594705430676,False
validation:9.17数据/log_7_2026-9-17-06-12-16.ulg:1:1475,9.17数据/log_7_2026-9-17-06-12-16.ulg,1,1475,51,179355676,179854677,180862697,0.499001,Sep17,0.2431610185139384,middle,0.36184077402617143,True,0.15393342201312837,False,0.169122344300876,False,0.21777192652609403,False
validation:9.17数据/log_7_2026-9-17-06-12-16.ulg:1:1525,9.17数据/log_7_2026-9-17-06-12-16.ulg,1,1525,51,180353719,180862697,181860783,0.5089779999999999,Sep17,0.2382980237790376,middle,0.2637853091816338,False,0.08792615029212224,False,0.34035872216863466,False,0.14494755689830763,False
validation:9.17数据/log_7_2026-9-17-06-12-16.ulg:1:1575,9.17数据/log_7_2026-9-17-06-12-16.ulg,1,1575,51,181361642,181860783,182858683,0.499141,Sep17,0.2559764253618429,middle,0.3598190104347685,True,0.10317204321088416,False,0.28704845060867307,False,0.17648990959009117,False
validation:9.17数据/log_7_2026-9-17-06-12-16.ulg:1:1625,9.17数据/log_7_2026-9-17-06-12-16.ulg,1,1625,51,182359707,182858683,183856647,0.498976,Sep17,0.3743615585209382,high,0.381650107999595,True,0.1592835511732301,False,0.5981531508410152,True,0.22128762930882373,False
validation:9.17数据/log_7_2026-9-17-06-12-16.ulg:1:1675,9.17数据/log_7_2026-9-17-06-12-16.ulg,1,1675,51,183357673,183856647,184854662,0.498974,Sep17,0.3211455475970336,middle,0.1126827496096033,False,0.09031453517559096,False,0.6060761591375715,True,0.10648667699485662,False
validation:9.17数据/log_7_2026-9-17-06-12-16.ulg:1:1725,9.17数据/log_7_2026-9-17-06-12-16.ulg,1,1725,51,184355644,184854662,185852701,0.4990179999999999,Sep17,0.2421469580766056,middle,0.21832374961997275,False,0.11351064274362811,False,0.4049500008283558,False,0.10404776031209771,False
validation:9.17数据/log_7_2026-9-17-06-12-16.ulg:1:1775,9.17数据/log_7_2026-9-17-06-12-16.ulg,1,1775,51,185363752,185852701,186860719,0.4889489999999999,Sep17,0.24642940036741043,middle,0.29522216648895755,False,0.12615402419356347,False,0.331763969796042,False,0.1893607891651874,False
validation:9.17数据/log_7_2026-9-17-06-12-16.ulg:1:1825,9.17数据/log_7_2026-9-17-06-12-16.ulg,1,1825,51,186351654,186860719,187858664,0.509065,Sep17,0.21660385995600503,middle,0.3731470837668703,True,0.10262072022836576,False,0.19537358768651442,False,0.041807457959942805,False
validation:9.17数据/log_7_2026-9-17-06-12-16.ulg:1:1875,9.17数据/log_7_2026-9-17-06-12-16.ulg,1,1875,51,187359705,187858664,188856684,0.498959,Sep17,0.12787463096381113,low,0.13720512976272134,False,0.08743773215011814,False,0.1701866530718504,False,0.09151715620031818,False
validation:9.17数据/log_7_2026-9-17-06-12-16.ulg:1:1925,9.17数据/log_7_2026-9-17-06-12-16.ulg,1,1925,51,188357651,188856684,189854633,0.499033,Sep17,0.2152039997448359,middle,0.12757832310666142,False,0.17384572352189798,False,0.26149800599573375,False,0.22792715410163908,True
validation:9.17数据/log_7_2026-9-17-06-12-16.ulg:1:1975,9.17数据/log_7_2026-9-17-06-12-16.ulg,1,1975,51,189355666,189854633,190852663,0.498967,Sep17,0.23635583154373221,middle,0.3141212163526756,True,0.1370718646982023,False,0.2687683197878427,False,0.17792163804911174,False
validation:9.17数据/log_7_2026-9-17-06-12-16.ulg:1:2025,9.17数据/log_7_2026-9-17-06-12-16.ulg,1,2025,51,190353670,190852663,191860632,0.4989929999999999,Sep17,0.1979863760205669,middle,0.1372318095364112,False,0.1791590434092546,True,0.24100358407153266,False,0.1711971453528566,False
validation:9.17数据/log_7_2026-9-17-06-12-16.ulg:1:2075,9.17数据/log_7_2026-9-17-06-12-16.ulg,1,2075,51,191361593,191860632,192858586,0.4990389999999999,Sep17,0.24874307850549865,middle,0.3956203554652584,True,0.24486170219848932,True,0.18122184249349502,False,0.07357434311834601,False
validation:9.17数据/log_7_2026-9-17-06-12-16.ulg:1:2125,9.17数据/log_7_2026-9-17-06-12-16.ulg,1,2125,51,192359659,192858586,193856582,0.4989269999999999,Sep17,0.3049193674135689,middle,0.38183571723104637,True,0.14911217302139226,False,0.4187819407333264,False,0.07076703676999399,False
validation:9.17数据/log_7_2026-9-17-06-12-16.ulg:1:2175,9.17数据/log_7_2026-9-17-06-12-16.ulg,1,2175,51,193357655,193856582,194854578,0.4989269999999999,Sep17,0.1625509655405275,low,0.25172734872424,False,0.09585838414590428,False,0.16847651496819444,False,0.05938911306126862,False
validation:9.17数据/log_7_2026-9-17-06-12-16.ulg:1:2225,9.17数据/log_7_2026-9-17-06-12-16.ulg,1,2225,51,194355667,194854578,195862646,0.498911,Sep17,0.24824791852424438,middle,0.36434402954067424,True,0.26893193113580177,True,0.20418640217678163,False,0.08887376156497995,False
validation:9.17数据/log_7_2026-9-17-06-12-16.ulg:1:2275,9.17数据/log_7_2026-9-17-06-12-16.ulg,1,2275,51,195353570,195862646,196860671,0.509076,Sep17,0.28438358406295366,middle,0.37459528212273296,True,0.172608125716748,False,0.3965745501140326,False,0.10880317701174348,False
validation:9.17数据/log_7_2026-9-17-06-12-16.ulg:1:2325,9.17数据/log_7_2026-9-17-06-12-16.ulg,1,2325,51,196351573,196860671,197858544,0.5090979999999999,Sep17,0.19543478323613975,middle,0.21341556308083498,False,0.08063220177336636,False,0.29842285302057936,False,0.082795551590544,False
validation:9.17数据/log_7_2026-9-17-06-12-16.ulg:1:2375,9.17数据/log_7_2026-9-17-06-12-16.ulg,1,2375,51,197359592,197858544,198856577,0.4989519999999999,Sep17,0.19793149685024042,middle,0.3293627352121471,True,0.14535777223251234,False,0.16897072315163048,False,0.05252669226624826,False
validation:9.17数据/log_7_2026-9-17-06-12-16.ulg:1:2425,9.17数据/log_7_2026-9-17-06-12-16.ulg,1,2425,51,198357536,198856577,199854532,0.4990409999999999,Sep17,0.2215491619974187,middle,0.29873212129426974,True,0.08709597462237617,False,0.3067768221457608,False,0.08042609876695052,False
validation:9.17数据/log_7_2026-9-17-06-12-16.ulg:1:2475,9.17数据/log_7_2026-9-17-06-12-16.ulg,1,2475,51,199355599,199854532,200852526,0.4989329999999999,Sep17,0.2181912244602525,middle,0.3040956072773161,True,0.17338371534419075,False,0.2350124334880999,False,0.09376301733380848,False
validation:9.17数据/log_7_2026-9-17-06-12-16.ulg:1:2525,9.17数据/log_7_2026-9-17-06-12-16.ulg,1,2525,51,200353560,200852526,201860492,0.4989659999999999,Sep17,0.2647071604405046,middle,0.39669124859243804,True,0.1857735455723342,True,0.2263430988914261,False,0.18359648471416504,False
validation:9.17数据/log_7_2026-9-17-06-12-16.ulg:1:2575,9.17数据/log_7_2026-9-17-06-12-16.ulg,1,2575,51,201361570,201860492,202858496,0.498922,Sep17,0.21222535922651176,middle,0.37232312102618165,True,0.0864745370818539,False,0.17187043456177628,False,0.034880812889284095,False
validation:9.17数据/log_7_2026-9-17-06-12-16.ulg:1:2625,9.17数据/log_7_2026-9-17-06-12-16.ulg,1,2625,51,202359583,202858496,203856485,0.498913,Sep17,0.25048654210577304,middle,0.3356288061022641,True,0.1517911887337894,False,0.2994081066257951,False,0.13310019968881967,False
validation:9.17数据/log_7_2026-9-17-06-12-16.ulg:1:2675,9.17数据/log_7_2026-9-17-06-12-16.ulg,1,2675,51,203357551,203856485,204854568,0.498934,Sep17,0.29426079967197016,middle,0.09843861596524789,False,0.1266189900107195,False,0.5325347367059236,True,0.09827274692894022,False
validation:9.17数据/log_7_2026-9-17-06-12-16.ulg:1:2725,9.17数据/log_7_2026-9-17-06-12-16.ulg,1,2725,51,204355496,204854568,205862505,0.4990719999999999,Sep17,0.39188823741884726,high,0.34819354113452344,True,0.10387523188748815,False,0.6310441531654553,True,0.26094013235862795,True
validation:9.17数据/log_7_2026-9-17-06-12-16.ulg:1:2775,9.17数据/log_7_2026-9-17-06-12-16.ulg,1,2775,51,205353482,205862505,206860524,0.509023,Sep17,0.15137255069009128,low,0.09798121445258581,False,0.1852403958928951,True,0.16755644403641706,False,0.09089269412884915,False
validation:9.17数据/log_7_2026-9-17-06-12-16.ulg:1:2825,9.17数据/log_7_2026-9-17-06-12-16.ulg,1,2825,51,206361550,206860524,207858425,0.498974,Sep17,0.2542666074752998,middle,0.3720159110942679,True,0.1445921121589379,False,0.30422929618953387,False,0.09716915775748938,False
validation:9.17数据/log_7_2026-9-17-06-12-16.ulg:1:2875,9.17数据/log_7_2026-9-17-06-12-16.ulg,1,2875,51,207359612,207858425,208856414,0.4988129999999999,Sep17,0.3113889062856361,middle,0.35041719983464703,True,0.1289156864501223,False,0.4666584767014689,False,0.18331106706283948,False
validation:9.17数据/log_7_2026-9-17-06-12-16.ulg:1:2925,9.17数据/log_7_2026-9-17-06-12-16.ulg,1,2925,51,208357516,208856414,209854454,0.4988979999999999,Sep17,0.22087667069006642,middle,0.381865153501416,True,0.12017817084686755,False,0.15743466330802078,False,0.05746658718741401,False
validation:9.17数据/log_7_2026-9-17-06-12-16.ulg:1:2975,9.17数据/log_7_2026-9-17-06-12-16.ulg,1,2975,51,209355423,209854454,210852396,0.499031,Sep17,0.4579349305742639,high,0.0560540207500113,False,0.14881741495596035,False,0.8991257849115006,True,0.10681008230824698,False
validation:9.17数据/log_7_2026-9-17-06-12-16.ulg:1:3025,9.17数据/log_7_2026-9-17-06-12-16.ulg,1,3025,51,210353409,210852396,211860453,0.4989869999999999,Sep17,0.15433379836061054,low,0.05254440373307651,False,0.13623790289233428,False,0.19379690257205828,False,0.19761762889391632,False
validation:9.17数据/log_7_2026-9-17-06-12-16.ulg:1:3075,9.17数据/log_7_2026-9-17-06-12-16.ulg,1,3075,51,211361560,211860453,212858432,0.498893,Sep17,0.2031729490313643,middle,0.25953724631222513,False,0.1426113770860222,False,0.25244610069452816,False,0.05118890816003165,False
validation:9.17数据/log_7_2026-9-17-06-12-16.ulg:1:3125,9.17数据/log_7_2026-9-17-06-12-16.ulg,1,3125,51,212359492,212858432,213856360,0.49894,Sep17,0.19130920843277954,middle,0.13208633871852285,False,0.10898363094550313,False,0.2892030318372381,False,0.1719099213770068,False
validation:9.17数据/log_7_2026-9-17-06-12-16.ulg:1:3175,9.17数据/log_7_2026-9-17-06-12-16.ulg,1,3175,51,213357416,213856360,214854342,0.498944,Sep17,0.16980545390494226,low,0.12220669416509176,False,0.08592928647170665,False,0.2492508326936108,False,0.17235766366131117,False
validation:9.17数据/log_7_2026-9-17-06-12-16.ulg:1:3225,9.17数据/log_7_2026-9-17-06-12-16.ulg,1,3225,51,214355437,214854342,215862358,0.498905,Sep17,0.20000084871838747,middle,0.22131310426566517,False,0.16176352581836628,False,0.23907344014173268,False,0.136571590809328,False
validation:9.17数据/log_7_2026-9-17-06-12-16.ulg:1:3275,9.17数据/log_7_2026-9-17-06-12-16.ulg,1,3275,51,215353442,215862358,216860362,0.5089159999999999,Sep17,0.23128475350992583,middle,0.21553915854731143,False,0.11358067771131708,False,0.2785003626681473,False,0.2802469659645528,True
validation:9.17数据/log_7_2026-9-17-06-12-16.ulg:1:3325,9.17数据/log_7_2026-9-17-06-12-16.ulg,1,3325,51,216361398,216860362,217858276,0.4989639999999999,Sep17,0.31091421616811327,middle,0.35327825487396236,True,0.16398301460842152,False,0.43637014414284603,False,0.1978776351574533,False
validation:9.17数据/log_7_2026-9-17-06-12-16.ulg:1:3375,9.17数据/log_7_2026-9-17-06-12-16.ulg,1,3375,51,217359380,217858276,218856298,0.4988959999999999,Sep17,0.16885092137306054,low,0.10193565660010834,False,0.1530947362032139,False,0.29560415873074114,False,0.04749140686297885,False
validation:9.17数据/log_7_2026-9-17-06-12-16.ulg:1:3425,9.17数据/log_7_2026-9-17-06-12-16.ulg,1,3425,51,218357317,218856298,219854237,0.4989809999999999,Sep17,0.12242444779313125,low,0.08402853346291049,False,0.1377823135564603,False,0.12452129269638217,False,0.12895188611051103,False
validation:9.17数据/log_7_2026-9-17-06-12-16.ulg:1:3475,9.17数据/log_7_2026-9-17-06-12-16.ulg,1,3475,51,219355291,219854237,220852231,0.498946,Sep17,0.20399309611436628,middle,0.21667498478650238,False,0.07816653003961883,False,0.260482061078778,False,0.21041246837601998,False
validation:9.17数据/log_7_2026-9-17-06-12-16.ulg:1:3525,9.17数据/log_7_2026-9-17-06-12-16.ulg,1,3525,51,220363375,220852231,221860229,0.4888559999999999,Sep17,0.2576094603374302,middle,0.25323803046800547,False,0.09759228193390157,False,0.35293472317931807,False,0.2546782827429215,True
validation:9.17数据/log_7_2026-9-17-06-12-16.ulg:1:3575,9.17数据/log_7_2026-9-17-06-12-16.ulg,1,3575,51,221361360,221860229,222858234,0.4988689999999999,Sep17,0.284086432797024,middle,0.07039417507737997,False,0.12024627435866052,False,0.5149598517534142,True,0.15618590069915927,False
validation:9.17数据/log_7_2026-9-17-06-12-16.ulg:1:3625,9.17数据/log_7_2026-9-17-06-12-16.ulg,1,3625,51,222359327,222858234,223856249,0.498907,Sep17,0.2467984206478949,middle,0.36683320610146,True,0.2022466726290415,True,0.1831733085432945,False,0.20128225137637357,False
validation:9.17数据/log_7_2026-9-17-06-12-16.ulg:1:3675,9.17数据/log_7_2026-9-17-06-12-16.ulg,1,3675,51,223357212,223856249,224854149,0.4990369999999999,Sep17,0.2587245829255278,middle,0.38183146230970894,True,0.15919308388938852,False,0.20714366860833616,False,0.23844370181291755,True
validation:9.17数据/log_7_2026-9-17-06-12-16.ulg:1:3725,9.17数据/log_7_2026-9-17-06-12-16.ulg,1,3725,51,224355200,224854149,225862213,0.498949,Sep17,0.13609462341881906,low,0.06645061095082853,False,0.11698249800408278,False,0.21865461425266974,False,0.050691276528474244,False
validation:9.17数据/log_7_2026-9-17-06-12-16.ulg:1:3775,9.17数据/log_7_2026-9-17-06-12-16.ulg,1,3775,51,225353247,225862213,226860098,0.508966,Sep17,0.22684105027862808,middle,0.16519150466608373,False,0.080379595307205,False,0.41278418706132586,False,0.04072861489149641,False
validation:9.17数据/log_7_2026-9-17-06-12-16.ulg:1:3825,9.17数据/log_7_2026-9-17-06-12-16.ulg,1,3825,51,226361237,226860098,227858065,0.498861,Sep17,0.22940810795581468,middle,0.381881470364371,True,0.13040901834070337,False,0.20732747704957474,False,0.06796585555049454,False
validation:9.17数据/log_7_2026-9-17-06-12-16.ulg:1:3875,9.17数据/log_7_2026-9-17-06-12-16.ulg,1,3875,51,227359274,227858065,228856086,0.498791,Sep17,0.16850724419874522,low,0.09329997190606214,False,0.19073336356503623,True,0.2775620017688237,False,0.06528099679596538,False
validation:9.17数据/log_7_2026-9-17-06-12-16.ulg:1:3925,9.17数据/log_7_2026-9-17-06-12-16.ulg,1,3925,51,228357212,228856086,229854052,0.498874,Sep17,0.2038539082579658,middle,0.13154981818446396,False,0.1420906782472143,False,0.3059632891775815,False,0.13023061362253477,False
validation:9.17数据/log_7_2026-9-17-06-12-16.ulg:1:3975,9.17数据/log_7_2026-9-17-06-12-16.ulg,1,3975,51,229355124,229854052,230862022,0.498928,Sep17,0.12824193760493735,low,0.1393226504540609,False,0.08823279749946826,False,0.18788944045049713,False,0.034532753374129636,False
validation:9.17数据/log_7_2026-9-17-06-12-16.ulg:1:4025,9.17数据/log_7_2026-9-17-06-12-16.ulg,1,4025,51,230363078,230862022,231860119,0.498944,Sep17,0.24459451687785674,middle,0.37612256664443866,True,0.1259840262480502,False,0.17087159640069202,False,0.22860527336461856,True
validation:9.17数据/log_7_2026-9-17-06-12-16.ulg:1:4075,9.17数据/log_7_2026-9-17-06-12-16.ulg,1,4075,51,231361174,231860119,232857977,0.4989449999999999,Sep17,0.2591968905604623,middle,0.35889186637249076,True,0.16261764478140617,False,0.29898708946726377,False,0.16561040249450118,False
validation:9.17数据/log_7_2026-9-17-06-12-16.ulg:1:4125,9.17数据/log_7_2026-9-17-06-12-16.ulg,1,4125,51,232359010,232857977,233855945,0.498967,Sep17,0.32053824908680517,middle,0.3351761407313382,True,0.08769209347651007,False,0.4558817265010204,False,0.25750558999830314,True
validation:9.17数据/log_7_2026-9-17-06-12-16.ulg:1:4175,9.17数据/log_7_2026-9-17-06-12-16.ulg,1,4175,51,233356959,233855945,234853921,0.498986,Sep17,0.18632182281662382,middle,0.3241604302607614,True,0.11790752617071239,False,0.13000407957743873,False,0.05314453722826065,False
validation:9.17数据/log_7_2026-9-17-06-12-16.ulg:1:4225,9.17数据/log_7_2026-9-17-06-12-16.ulg,1,4225,51,234354934,234853921,235861941,0.4989869999999999,Sep17,0.18491247767265767,middle,0.07536606615424626,False,0.12089772523646485,False,0.2921962938555106,False,0.16446090494991028,False
validation:9.17数据/log_7_2026-9-17-06-12-16.ulg:1:4275,9.17数据/log_7_2026-9-17-06-12-16.ulg,1,4275,51,235352976,235861941,236859916,0.508965,Sep17,0.26321611433043446,middle,0.3174845111111358,True,0.1735150258014254,False,0.3833576392565727,False,0.09963716341976611,False
validation:9.17数据/log_7_2026-9-17-06-12-16.ulg:1:4325,9.17数据/log_7_2026-9-17-06-12-16.ulg,1,4325,51,236361027,236859916,237857856,0.4988889999999999,Sep17,0.22156408787443288,middle,0.1335125794632244,False,0.09606224696279352,False,0.3788167796893369,False,0.1633020196242566,False
validation:9.17数据/log_7_2026-9-17-06-12-16.ulg:1:4375,9.17数据/log_7_2026-9-17-06-12-16.ulg,1,4375,51,237358835,237857856,238855860,0.499021,Sep17,0.3538061614162999,high,0.17236132102344215,False,0.07742635865683146,False,0.6631732990307779,True,0.07952538099568533,False
validation:9.17数据/log_7_2026-9-17-06-12-16.ulg:1:4425,9.17数据/log_7_2026-9-17-06-12-16.ulg,1,4425,51,238356740,238855860,239853797,0.4991199999999999,Sep17,0.25435600643035566,middle,0.344708736972478,True,0.15031294236746645,False,0.3158738331566499,False,0.08404750356809766,False
validation:9.17数据/log_7_2026-9-17-06-12-16.ulg:1:4475,9.17数据/log_7_2026-9-17-06-12-16.ulg,1,4475,51,239354828,239853797,240861796,0.498969,Sep17,0.3770268685416461,high,0.3201994808517157,True,0.09301742677592997,False,0.6334139641932506,True,0.18419922935976213,False
validation:9.17数据/log_7_2026-9-17-06-12-16.ulg:1:4525,9.17数据/log_7_2026-9-17-06-12-16.ulg,1,4525,51,240362843,240861796,241859827,0.498953,Sep17,0.26841567501704056,middle,0.3763329601372579,True,0.3373377940506426,True,0.15054191747223322,False,0.09777608908784673,False
validation:9.17数据/log_7_2026-9-17-06-12-16.ulg:1:4575,9.17数据/log_7_2026-9-17-06-12-16.ulg,1,4575,51,241360865,241859827,242857801,0.4989619999999999,Sep17,0.2294537813332324,middle,0.32998217485101744,True,0.08975786315486,False,0.29301547647565396,False,0.08702965203743726,False
validation:9.17数据/log_7_2026-9-17-06-12-16.ulg:1:4625,9.17数据/log_7_2026-9-17-06-12-16.ulg,1,4625,51,242358713,242857801,243855677,0.499088,Sep17,0.2640510227722664,middle,0.31877886888836743,True,0.11411769219065421,False,0.3665435375780312,False,0.18042507454472567,False
validation:9.17数据/log_7_2026-9-17-06-12-16.ulg:1:4675,9.17数据/log_7_2026-9-17-06-12-16.ulg,1,4675,51,243356684,243855677,244863657,0.4989929999999999,Sep17,0.23879328077241646,middle,0.319566694545112,True,0.21586596466595734,True,0.28778299631264825,False,0.0706492797885747,False
validation:9.17数据/log_7_2026-9-17-06-12-16.ulg:1:4725,9.17数据/log_7_2026-9-17-06-12-16.ulg,1,4725,51,244354653,244863657,245851624,0.509004,Sep17,0.2529723834700382,middle,0.09103514899451633,False,0.08467631182750719,False,0.479185053955739,False,0.03221228178128473,False
validation:9.17数据/log_7_2026-9-17-06-12-16.ulg:1:4775,9.17数据/log_7_2026-9-17-06-12-16.ulg,1,4775,51,245352628,245851624,246859640,0.498996,Sep17,0.17616652945122133,middle,0.06899646282961892,False,0.15961194879527957,False,0.27033905795279817,False,0.07155744395349332,False
validation:9.17数据/log_7_2026-9-17-06-12-16.ulg:1:4825,9.17数据/log_7_2026-9-17-06-12-16.ulg,1,4825,51,246360587,246859640,247857557,0.4990529999999999,Sep17,0.23675079906361204,middle,0.12571802629393053,False,0.28642270423146093,True,0.31540431110859096,False,0.15098119044596017,False
validation:9.17数据/log_7_2026-9-17-06-12-16.ulg:1:4875,9.17数据/log_7_2026-9-17-06-12-16.ulg,1,4875,51,247358600,247857557,248855577,0.498957,Sep17,0.25238653379579207,middle,0.3816082683781429,True,0.17979799343715375,True,0.2857389643498105,False,0.08132734464448793,False
validation:9.17数据/log_7_2026-9-17-06-12-16.ulg:2:25,9.17数据/log_7_2026-9-17-06-12-16.ulg,2,25,51,249154914,249653940,250661937,0.4990259999999999,Sep17,0.3618423355183875,high,0.4562018886482331,True,0.21206036007963197,True,0.5449687819849179,True,0.05024903731385663,False
validation:9.17数据/log_7_2026-9-17-06-12-16.ulg:2:75,9.17数据/log_7_2026-9-17-06-12-16.ulg,2,75,51,250162929,250661937,251659919,0.4990079999999999,Sep17,0.19950687032861175,middle,0.3269782277366433,True,0.065562864761989,False,0.21170742374476764,False,0.044227252437842465,False
validation:9.17数据/log_7_2026-9-17-06-12-16.ulg:2:125,9.17数据/log_7_2026-9-17-06-12-16.ulg,2,125,51,251160982,251659919,252657798,0.4989369999999999,Sep17,0.2374980011533892,middle,0.29865519132978213,True,0.22287256998975885,True,0.3076562602469309,False,0.09930925698255023,False
validation:9.17数据/log_7_2026-9-17-06-12-16.ulg:2:175,9.17数据/log_7_2026-9-17-06-12-16.ulg,2,175,51,252158818,252657798,253655789,0.49898,Sep17,0.26614404434993644,middle,0.20036506526135495,False,0.14451381855293247,False,0.43145378465496825,False,0.11108228869777542,False
validation:9.17数据/log_7_2026-9-17-06-12-16.ulg:2:225,9.17数据/log_7_2026-9-17-06-12-16.ulg,2,225,51,253156874,253655789,254663745,0.498915,Sep17,0.3023009247022877,middle,0.012422540052420451,False,0.18035711070570287,True,0.5728492448362253,True,0.16647786287193994,False
validation:9.17数据/log_7_2026-9-17-06-12-16.ulg:2:275,9.17数据/log_7_2026-9-17-06-12-16.ulg,2,275,51,254154798,254663745,255651769,0.5089469999999999,Sep17,0.3214213170492676,middle,0.3695409863118773,True,0.2270913010210602,True,0.45908477815576526,False,0.19840819163539486,False
validation:9.17数据/log_7_2026-9-17-06-12-16.ulg:2:325,9.17数据/log_7_2026-9-17-06-12-16.ulg,2,325,51,255152790,255651769,256659699,0.4989789999999999,Sep17,0.7121305574763709,high,0.14166430583986392,False,0.39608574933810714,True,1.1349452189654672,True,0.8152280191110378,True
validation:9.17数据/log_7_2026-9-17-06-12-16.ulg:2:375,9.17数据/log_7_2026-9-17-06-12-16.ulg,2,375,51,256160703,256659699,257657651,0.498996,Sep17,0.2605694669967985,middle,0.1552904596014367,False,0.24145716926932542,True,0.363189778855071,False,0.2589859299250274,True
validation:9.17数据/log_7_2026-9-17-06-12-16.ulg:2:425,9.17数据/log_7_2026-9-17-06-12-16.ulg,2,425,51,257158687,257657651,258655682,0.4989639999999999,Sep17,0.21055845003799942,middle,0.01055688163159262,False,0.2111529393225962,True,0.34839041821090777,False,0.16486438130447903,False
validation:9.17数据/log_7_2026-9-17-06-12-16.ulg:2:475,9.17数据/log_7_2026-9-17-06-12-16.ulg,2,475,51,258156629,258655682,259653612,0.4990529999999999,Sep17,0.19826859457948975,middle,0.02323991668076712,False,0.1799940543887805,True,0.12796253030918384,False,0.3336960207642781,True
validation:9.17数据/log_7_2026-9-17-06-12-16.ulg:2:525,9.17数据/log_7_2026-9-17-06-12-16.ulg,2,525,51,259154652,259653612,260661599,0.4989599999999999,Sep17,0.19472276152560225,middle,0.12496101608954582,False,0.08438727267068723,False,0.2134517340918398,False,0.28365760055731426,True
validation:9.17数据/log_7_2026-9-17-06-12-16.ulg:2:575,9.17数据/log_7_2026-9-17-06-12-16.ulg,2,575,51,260152619,260661599,261659621,0.50898,Sep17,0.12407979810826632,low,0.00902434775080048,False,0.11247934572576855,False,0.18315957318247142,False,0.09192820079692927,False
validation:9.17数据/log_7_2026-9-17-06-12-16.ulg:2:625,9.17数据/log_7_2026-9-17-06-12-16.ulg,2,625,51,261160528,261659621,262657594,0.4990929999999999,Sep17,0.22368584062219982,middle,0.2883965055438304,False,0.12543710577308534,False,0.30875220231809264,False,0.09923635948530159,False
validation:9.17数据/log_7_2026-9-17-06-12-16.ulg:2:675,9.17数据/log_7_2026-9-17-06-12-16.ulg,2,675,51,262158477,262657594,263655485,0.499117,Sep17,0.12653241721729172,low,0.0,False,0.07388809471418308,False,0.21670160820378342,False,0.1057178990270095,False
validation:9.17数据/log_7_2026-9-17-06-12-16.ulg:2:725,9.17数据/log_7_2026-9-17-06-12-16.ulg,2,725,51,263156446,263655485,264663456,0.4990389999999999,Sep17,0.42480826302175717,high,0.06608946112067805,False,0.07036711242109958,False,0.7526399662671316,True,0.34333409401348153,True
validation:9.17数据/log_7_2026-9-17-06-12-16.ulg:2:775,9.17数据/log_7_2026-9-17-06-12-16.ulg,2,775,51,264154422,264663456,265651415,0.509034,Sep17,0.27035318942433634,middle,0.01566209310600955,False,0.05117629183461327,False,0.5067583499378779,True,0.14601592644211545,False
validation:9.17数据/log_7_2026-9-17-06-12-16.ulg:2:825,9.17数据/log_7_2026-9-17-06-12-16.ulg,2,825,51,265162473,265651415,266659429,0.488942,Sep17,0.393489300098729,high,0.7557514312873752,True,0.1602770676290912,False,0.15400430682624427,False,0.05315977427298942,False
validation:9.17数据/log_7_2026-9-17-06-12-16.ulg:2:875,9.17数据/log_7_2026-9-17-06-12-16.ulg,2,875,51,266160411,266659429,267657343,0.4990179999999999,Sep17,0.6893759793221331,high,0.012955165079007914,False,0.10564577882762971,False,1.3115941407486718,True,0.2873361351615056,True
validation:9.17数据/log_7_2026-9-17-06-12-16.ulg:2:925,9.17数据/log_7_2026-9-17-06-12-16.ulg,2,925,51,267158315,267657343,268655324,0.4990279999999999,Sep17,0.3933762986992604,high,0.5807534053558685,True,0.2847814384590323,True,0.3831905405359787,False,0.05730622271351771,False
validation:9.17数据/log_8_2026-9-17-06-17-52.ulg:0:25,9.17数据/log_8_2026-9-17-06-17-52.ulg,0,25,51,57269685,57772220,58777580,0.502535,Sep17,1.2610770228712573,high,0.3886919945987171,True,0.7528158507261756,True,2.053763187366103,True,0.8363309573235843,True
validation:9.17数据/log_8_2026-9-17-06-17-52.ulg:0:75,9.17数据/log_8_2026-9-17-06-17-52.ulg,0,75,51,58274929,58777580,59773063,0.502651,Sep17,0.6652896470324886,high,0.21431944708546044,False,0.7682582299588984,True,0.48792870923553566,False,0.9970566100836554,True
validation:9.17数据/log_8_2026-9-17-06-17-52.ulg:0:125,9.17数据/log_8_2026-9-17-06-17-52.ulg,0,125,51,59270479,59773063,60768549,0.502584,Sep17,0.21628493119599076,middle,0.016946646259048837,False,0.19507436239505294,True,0.2621575863965852,False,0.2479364468546348,True
validation:9.17数据/log_8_2026-9-17-06-17-52.ulg:0:175,9.17数据/log_8_2026-9-17-06-17-52.ulg,0,175,51,60265897,60768549,61773883,0.502652,Sep17,0.21733360918043412,middle,0.008536687195370252,False,0.09269430584447184,False,0.40474375427300086,False,0.08926869419786203,False
validation:9.17数据/log_8_2026-9-17-06-17-52.ulg:0:225,9.17数据/log_8_2026-9-17-06-17-52.ulg,0,225,51,61271496,61773883,62769388,0.502387,Sep17,0.14171828948807985,low,0.008536687195370252,False,0.15944757721315897,False,0.1949342075792206,False,0.09667536187704748,False
validation:9.17数据/log_8_2026-9-17-06-17-52.ulg:0:275,9.17数据/log_8_2026-9-17-06-17-52.ulg,0,275,51,62276591,62769388,63774733,0.492797,Sep17,0.14298319700410694,low,0.05188261938251988,False,0.1750156032522592,False,0.1741630565122492,False,0.12228112071391462,False
validation:9.17数据/log_8_2026-9-17-06-17-52.ulg:0:325,9.17数据/log_8_2026-9-17-06-17-52.ulg,0,325,51,63272114,63774733,64770223,0.5026189999999999,Sep17,0.4069585319931529,high,0.01576766195839867,False,0.12018094574530598,False,0.7505993709206096,True,0.19507626745622597,False
validation:9.17数据/log_8_2026-9-17-06-17-52.ulg:0:375,9.17数据/log_8_2026-9-17-06-17-52.ulg,0,375,51,64267583,64770223,65775556,0.50264,Sep17,0.10825443087767903,low,0.07020940300658758,False,0.14129028323841553,False,0.11393676996235731,False,0.0757927607935498,False
validation:9.17数据/log_8_2026-9-17-06-17-52.ulg:0:425,9.17数据/log_8_2026-9-17-06-17-52.ulg,0,425,51,65273132,65775556,66771070,0.502424,Sep17,0.34623834977304757,high,0.017197430668851394,False,0.11591113029599628,False,0.6454816826209537,True,0.12875664102419895,False
validation:9.17数据/log_8_2026-9-17-06-17-52.ulg:0:475,9.17数据/log_8_2026-9-17-06-17-52.ulg,0,475,51,66268512,66771070,67766577,0.502558,Sep17,0.24333733351468928,middle,0.00801834339404168,False,0.19227292656750097,True,0.4431210452130318,False,0.1528091103069169,False
validation:9.17数据/log_8_2026-9-17-06-17-52.ulg:0:525,9.17数据/log_8_2026-9-17-06-17-52.ulg,0,525,51,67273806,67766577,68771894,0.4927709999999999,Sep17,0.19352032142377845,middle,0.005477571332220166,False,0.1059702517288042,False,0.3476009997391798,False,0.0801495538479857,False
validation:9.17数据/log_8_2026-9-17-06-17-52.ulg:0:575,9.17数据/log_8_2026-9-17-06-17-52.ulg,0,575,51,68269261,68771894,69777251,0.502633,Sep17,0.119622696621858,low,0.0,False,0.11328282379472461,False,0.19850874936507312,False,0.07235389615281895,False
validation:9.17数据/log_8_2026-9-17-06-17-52.ulg:0:625,9.17数据/log_8_2026-9-17-06-17-52.ulg,0,625,51,69274829,69777251,70772760,0.5024219999999999,Sep17,0.14481539846204067,low,0.02484450422468359,False,0.08094028107999532,False,0.26212890092884233,False,0.08398786074928527,False
validation:9.17数据/log_8_2026-9-17-06-17-52.ulg:0:675,9.17数据/log_8_2026-9-17-06-17-52.ulg,0,675,51,70270092,70772760,71768297,0.502668,Sep17,0.19601625942093967,middle,0.0020703273619530455,False,0.12046622772208992,False,0.38287324106507825,False,0.03659357939354679,False
validation:9.17数据/log_8_2026-9-17-06-17-52.ulg:1:25,9.17数据/log_8_2026-9-17-06-17-52.ulg,1,25,51,72369500,72872317,73867754,0.502817,Sep17,0.2676874555315606,middle,0.38301451194979663,True,0.10162053710425024,False,0.34075958161702197,False,0.03796501259715892,False
validation:9.17数据/log_8_2026-9-17-06-17-52.ulg:1:75,9.17数据/log_8_2026-9-17-06-17-52.ulg,1,75,51,73374870,73867754,74873379,0.492884,Sep17,0.24353916851918528,middle,0.3895920768340261,True,0.1631772734058744,False,0.20149937478681293,False,0.07545244734655553,False
validation:9.17数据/log_8_2026-9-17-06-17-52.ulg:1:125,9.17数据/log_8_2026-9-17-06-17-52.ulg,1,125,51,74370325,74873379,75868559,0.503054,Sep17,0.14319565617285107,low,0.17227834753933755,False,0.13384143191895267,False,0.17865578915302058,False,0.07790094408884321,False
validation:9.17数据/log_8_2026-9-17-06-17-52.ulg:1:175,9.17数据/log_8_2026-9-17-06-17-52.ulg,1,175,51,75375797,75868559,76873893,0.492762,Sep17,0.20672397382229604,middle,0.04979753119106456,False,0.13657953550552393,False,0.3656331679569182,False,0.05412559624608906,False
validation:9.17数据/log_8_2026-9-17-06-17-52.ulg:1:225,9.17数据/log_8_2026-9-17-06-17-52.ulg,1,225,51,76371268,76873893,77869438,0.502625,Sep17,0.19768644430806603,middle,0.36744360595468006,True,0.0804197478084014,False,0.10874872450324567,False,0.045533988412123486,False
validation:9.17数据/log_8_2026-9-17-06-17-52.ulg:1:275,9.17数据/log_8_2026-9-17-06-17-52.ulg,1,275,51,77376558,77869438,78874758,0.49288,Sep17,0.3023975837375173,middle,0.3889688716655853,True,0.09570720447241304,False,0.4447577229021197,False,0.08040354355214664,False
validation:9.17数据/log_8_2026-9-17-06-17-52.ulg:1:325,9.17数据/log_8_2026-9-17-06-17-52.ulg,1,325,51,78372133,78874758,79870283,0.502625,Sep17,0.14033043067890752,low,0.08862571211785615,False,0.17773289980538465,True,0.16940140053323552,False,0.04324217071579951,False
validation:9.17数据/log_8_2026-9-17-06-17-52.ulg:1:375,9.17数据/log_8_2026-9-17-06-17-52.ulg,1,375,51,79367598,79870283,80875638,0.5026849999999999,Sep17,0.22598281790836208,middle,0.3298905707465756,True,0.16743999838783663,False,0.21777757326446942,False,0.08470410364454213,False
validation:9.17数据/log_8_2026-9-17-06-17-52.ulg:1:425,9.17数据/log_8_2026-9-17-06-17-52.ulg,1,425,51,80372943,80875638,81871159,0.502695,Sep17,0.34499378283437876,high,0.3656859023379498,True,0.12703630649980674,False,0.535285924523752,True,0.0872991491694039,False
validation:9.17数据/log_8_2026-9-17-06-17-52.ulg:1:475,9.17数据/log_8_2026-9-17-06-17-52.ulg,1,475,51,81368521,81871159,82866680,0.502638,Sep17,0.1787152826655049,middle,0.0594481018785955,False,0.0904972779069967,False,0.32349609733198537,False,0.07394539342027726,False
validation:9.17数据/log_8_2026-9-17-06-17-52.ulg:1:525,9.17数据/log_8_2026-9-17-06-17-52.ulg,1,525,51,82373779,82866680,83872002,0.492901,Sep17,0.26961265946209284,middle,0.38858440599378463,True,0.0760511289355714,False,0.3503132657767107,False,0.0851264274396074,False
validation:9.17数据/log_8_2026-9-17-06-17-52.ulg:1:575,9.17数据/log_8_2026-9-17-06-17-52.ulg,1,575,51,83369331,83872002,84867475,0.502671,Sep17,0.3320100621121893,high,0.3838189841853354,True,0.24137930680451763,True,0.5130502210530531,True,0.0705759948264355,False
validation:9.17数据/log_8_2026-9-17-06-17-52.ulg:1:625,9.17数据/log_8_2026-9-17-06-17-52.ulg,1,625,51,84374691,84867475,85872875,0.492784,Sep17,0.3324113702482306,high,0.3892584044210118,True,0.1492195998392923,False,0.4728619369969237,False,0.24158898170233967,True
validation:9.17数据/log_8_2026-9-17-06-17-52.ulg:1:675,9.17数据/log_8_2026-9-17-06-17-52.ulg,1,675,51,85370147,85872875,86868376,0.502728,Sep17,0.2666942980354094,middle,0.38380781364484196,True,0.1695067909832645,False,0.2965205781739899,False,0.1708926181423866,False
validation:9.17数据/log_8_2026-9-17-06-17-52.ulg:1:725,9.17数据/log_8_2026-9-17-06-17-52.ulg,1,725,51,86365658,86868376,87873714,0.502718,Sep17,0.12295693617185233,low,0.07517552877689081,False,0.08566783117739618,False,0.19996391077016493,False,0.04451565355135664,False
validation:9.17数据/log_8_2026-9-17-06-17-52.ulg:1:775,9.17数据/log_8_2026-9-17-06-17-52.ulg,1,775,51,87371042,87873714,88869256,0.502672,Sep17,0.14127464314760668,low,0.06389200503832652,False,0.17423922036519265,False,0.21121591275071094,False,0.09127946062105766,False
validation:9.17数据/log_8_2026-9-17-06-17-52.ulg:1:825,9.17数据/log_8_2026-9-17-06-17-52.ulg,1,825,51,88376387,88869256,89874621,0.492869,Sep17,0.19911176934622346,middle,0.2766836468133798,False,0.07162888589045857,False,0.266095386503542,False,0.07327632215879684,False
validation:9.17数据/log_8_2026-9-17-06-17-52.ulg:1:875,9.17数据/log_8_2026-9-17-06-17-52.ulg,1,875,51,89371939,89874621,90870107,0.502682,Sep17,0.3981895278500228,high,0.367547826854182,True,0.23268650048573733,True,0.6845449053854344,True,0.11844923988128958,False
validation:9.17数据/log_8_2026-9-17-06-17-52.ulg:1:925,9.17数据/log_8_2026-9-17-06-17-52.ulg,1,925,51,90367436,90870107,91875443,0.502671,Sep17,0.2967514304970307,middle,0.33531501150356957,True,0.09094016657632384,False,0.403903137393388,False,0.23700553526222598,True
validation:9.17数据/log_8_2026-9-17-06-17-52.ulg:1:975,9.17数据/log_8_2026-9-17-06-17-52.ulg,1,975,51,91372751,91875443,92870939,0.502692,Sep17,0.2715139542705307,middle,0.3658528896858827,True,0.12554801828379508,False,0.2405013323862206,False,0.28866833927181684,True
validation:9.17数据/log_8_2026-9-17-06-17-52.ulg:1:1025,9.17数据/log_8_2026-9-17-06-17-52.ulg,1,1025,51,92368279,92870939,93866447,0.50266,Sep17,0.2291004677160227,middle,0.18194015677063036,False,0.1710669043401119,False,0.18642198517982486,False,0.33974560061500403,True
validation:9.17数据/log_8_2026-9-17-06-17-52.ulg:1:1075,9.17数据/log_8_2026-9-17-06-17-52.ulg,1,1075,51,93373621,93866447,94871859,0.492826,Sep17,0.39306711581332454,high,0.25297499276967733,False,0.09028878527900842,False,0.4010222165607644,False,0.621730523378959,True
validation:9.17数据/log_8_2026-9-17-06-17-52.ulg:1:1125,9.17数据/log_8_2026-9-17-06-17-52.ulg,1,1125,51,94369117,94871859,95877283,0.502742,Sep17,0.23357525725833939,middle,0.38820118271313475,True,0.13364494657151557,False,0.20954023357191492,False,0.08273128211182267,False
validation:9.17数据/log_8_2026-9-17-06-17-52.ulg:1:1175,9.17数据/log_8_2026-9-17-06-17-52.ulg,1,1175,51,95374484,95877283,96872709,0.502799,Sep17,0.3273156435830591,high,0.3659021906391286,True,0.12561178341117754,False,0.48542100177413594,False,0.11551662642454115,False
validation:9.17数据/log_8_2026-9-17-06-17-52.ulg:1:1225,9.17数据/log_8_2026-9-17-06-17-52.ulg,1,1225,51,96370013,96872709,97868178,0.502696,Sep17,0.2597205640555469,middle,0.3818752858608231,True,0.2376536743918365,True,0.16986421520315464,False,0.16076422398237067,False
validation:9.17数据/log_8_2026-9-17-06-17-52.ulg:1:1275,9.17数据/log_8_2026-9-17-06-17-52.ulg,1,1275,51,97375373,97868178,98873622,0.492805,Sep17,0.26196120399545714,middle,0.3896511919414023,True,0.10223266288310026,False,0.23915336090258443,False,0.23485706799506206,True
validation:9.17数据/log_8_2026-9-17-06-17-52.ulg:1:1325,9.17数据/log_8_2026-9-17-06-17-52.ulg,1,1325,51,98370922,98873622,99869095,0.5026999999999999,Sep17,0.1745579485174272,middle,0.0650896250935924,False,0.09789492030631784,False,0.2837943394993158,False,0.1723304830168842,False
validation:9.17数据/log_8_2026-9-17-06-17-52.ulg:1:1375,9.17数据/log_8_2026-9-17-06-17-52.ulg,1,1375,51,99376219,99869095,100874452,0.492876,Sep17,0.28034068800954615,middle,0.27538302851981156,False,0.1192741354754707,False,0.3981002177999636,False,0.21485803860728542,False
validation:9.17数据/log_8_2026-9-17-06-17-52.ulg:1:1425,9.17数据/log_8_2026-9-17-06-17-52.ulg,1,1425,51,100371813,100874452,101870026,0.502639,Sep17,0.2978984147428887,middle,0.11261917281218141,False,0.13418799542571966,False,0.44175316205375115,False,0.37226375700451375,True
validation:9.17数据/log_8_2026-9-17-06-17-52.ulg:1:1475,9.17数据/log_8_2026-9-17-06-17-52.ulg,1,1475,51,101367312,101870026,102875301,0.502714,Sep17,0.32436499813465697,high,0.18262779400680834,False,0.1800993151570219,True,0.5298973320705808,True,0.30882772511754697,True
validation:9.17数据/log_8_2026-9-17-06-17-52.ulg:1:1525,9.17数据/log_8_2026-9-17-06-17-52.ulg,1,1525,51,102372637,102875301,103870783,0.502664,Sep17,0.17466641326148022,middle,0.08317599890696678,False,0.19976688441735133,True,0.2290750787732773,False,0.08653222809141002,False
validation:9.17数据/log_8_2026-9-17-06-17-52.ulg:1:1575,9.17数据/log_8_2026-9-17-06-17-52.ulg,1,1575,51,103377990,103870783,104866360,0.492793,Sep17,0.2175069633590436,middle,0.38734729015314295,True,0.09511893050854642,False,0.13401277231618577,False,0.10775441016374838,False
validation:9.17数据/log_8_2026-9-17-06-17-52.ulg:1:1625,9.17数据/log_8_2026-9-17-06-17-52.ulg,1,1625,51,104373731,104866360,105871697,0.492629,Sep17,0.26215646642396967,middle,0.16243109049972987,False,0.09322484029716264,False,0.45614600608568456,False,0.16952048121611038,False
validation:9.17数据/log_8_2026-9-17-06-17-52.ulg:1:1675,9.17数据/log_8_2026-9-17-06-17-52.ulg,1,1675,51,105369033,105871697,106867158,0.502664,Sep17,0.2977076913974601,middle,0.37623683800373475,True,0.2996568573901425,True,0.3597818903650478,False,0.1604021229219103,False
validation:9.17数据/log_8_2026-9-17-06-17-52.ulg:1:1725,9.17数据/log_8_2026-9-17-06-17-52.ulg,1,1725,51,106374505,106867158,107872578,0.4926529999999999,Sep17,0.4459455316437676,high,0.08102528644588988,False,0.10983107546533276,False,0.8027000184834486,True,0.33668370643313056,True
validation:9.17数据/log_8_2026-9-17-06-17-52.ulg:1:1775,9.17数据/log_8_2026-9-17-06-17-52.ulg,1,1775,51,107369878,107872578,108868042,0.5026999999999999,Sep17,0.2570643608525988,middle,0.13846122045411619,False,0.10785866679340761,False,0.4473096676400538,False,0.11097016487842598,False
validation:9.17数据/log_8_2026-9-17-06-17-52.ulg:1:1825,9.17数据/log_8_2026-9-17-06-17-52.ulg,1,1825,51,108375515,108868042,109873435,0.492527,Sep17,0.2531747090062254,middle,0.17301758557925748,False,0.232838265073868,True,0.3656649498280792,False,0.03344897810844369,False
validation:9.17数据/log_8_2026-9-17-06-17-52.ulg:1:1875,9.17数据/log_8_2026-9-17-06-17-52.ulg,1,1875,51,109370813,109873435,110868955,0.502622,Sep17,0.1582736528836334,low,0.19534115518598824,False,0.17827753920409734,True,0.13644801302693133,False,0.12271780584698012,False
validation:9.17数据/log_8_2026-9-17-06-17-52.ulg:1:1925,9.17数据/log_8_2026-9-17-06-17-52.ulg,1,1925,51,110376154,110868955,111874259,0.492801,Sep17,0.22916033198343003,middle,0.38979368627736205,True,0.08082751855410492,False,0.20517766412204422,False,0.07559199143211245,False
validation:9.17数据/log_8_2026-9-17-06-17-52.ulg:1:1975,9.17数据/log_8_2026-9-17-06-17-52.ulg,1,1975,51,111371620,111874259,112869767,0.502639,Sep17,0.24383887793558112,middle,0.36743082436406244,True,0.1275377878055824,False,0.2504181247610264,False,0.11744830113821113,False
validation:9.17数据/log_8_2026-9-17-06-17-52.ulg:1:2025,9.17数据/log_8_2026-9-17-06-17-52.ulg,1,2025,51,112367359,112869767,113875163,0.502408,Sep17,0.11629950196213613,low,0.09400035784596383,False,0.10722195917134163,False,0.08155371776942277,False,0.16829141959964636,False
validation:9.17数据/log_8_2026-9-17-06-17-52.ulg:1:2075,9.17数据/log_8_2026-9-17-06-17-52.ulg,1,2075,51,113372490,113875163,114870668,0.5026729999999999,Sep17,0.27522292671374143,middle,0.24831681151962998,False,0.219231390003706,True,0.3704976596939323,False,0.1411048414851861,False
validation:9.17数据/log_8_2026-9-17-06-17-52.ulg:1:2125,9.17数据/log_8_2026-9-17-06-17-52.ulg,1,2125,51,114368070,114870668,115876010,0.502598,Sep17,0.31943964442079215,middle,0.12671440538630893,False,0.10708813873028,False,0.575180401092941,True,0.18337903536782652,False
validation:9.17数据/log_8_2026-9-17-06-17-52.ulg:1:2175,9.17数据/log_8_2026-9-17-06-17-52.ulg,1,2175,51,115373395,115876010,116871525,0.5026149999999999,Sep17,0.27912641628213813,middle,0.19912119403407463,False,0.09874921610761242,False,0.4022281825084471,False,0.28898282711516615,True
validation:9.17数据/log_8_2026-9-17-06-17-52.ulg:1:2225,9.17数据/log_8_2026-9-17-06-17-52.ulg,1,2225,51,116369105,116871525,117867033,0.50242,Sep17,0.1568881644785467,low,0.127147042521471,False,0.12961854746548884,False,0.22510403138039542,False,0.058569632552759335,False
validation:9.17数据/log_8_2026-9-17-06-17-52.ulg:1:2275,9.17数据/log_8_2026-9-17-06-17-52.ulg,1,2275,51,117374215,117867033,118872402,0.492818,Sep17,0.3425900964317494,high,0.18101439727891283,False,0.08960004499115894,False,0.5903331609911,True,0.24515889188573706,True
validation:9.17数据/log_8_2026-9-17-06-17-52.ulg:1:2325,9.17数据/log_8_2026-9-17-06-17-52.ulg,1,2325,51,118369810,118872402,119867890,0.5025919999999999,Sep17,0.2096722559915242,middle,0.17551874700976602,False,0.16610875230519923,False,0.33314264438208324,False,0.13479858178387788,False
validation:9.17数据/log_8_2026-9-17-06-17-52.ulg:1:2375,9.17数据/log_8_2026-9-17-06-17-52.ulg,1,2375,51,119375145,119867890,120873228,0.492745,Sep17,0.22471405310614684,middle,0.3741888842239847,True,0.12221977715082315,False,0.17729396961566615,False,0.09547731507662095,False
validation:9.17数据/log_8_2026-9-17-06-17-52.ulg:1:2425,9.17数据/log_8_2026-9-17-06-17-52.ulg,1,2425,51,120370847,120873228,121868745,0.502381,Sep17,0.4075878810098905,high,0.18415596425047592,False,0.12403318330971012,False,0.7430492964968781,True,0.12629815906564243,False
validation:9.17数据/log_8_2026-9-17-06-17-52.ulg:1:2475,9.17数据/log_8_2026-9-17-06-17-52.ulg,1,2475,51,121366141,121868745,122874091,0.5026039999999999,Sep17,0.19525796925048206,middle,0.2303325718834335,False,0.14572833928613252,False,0.2504463260128802,False,0.05681890670914559,False
validation:9.17数据/log_8_2026-9-17-06-17-52.ulg:1:2525,9.17数据/log_8_2026-9-17-06-17-52.ulg,1,2525,51,122371616,122874091,123869597,0.502475,Sep17,0.46843920813812484,high,0.3751849179894512,True,0.1264157204650066,False,0.7705905078605683,True,0.2814545436151961,True
validation:9.17数据/log_8_2026-9-17-06-17-52.ulg:1:2575,9.17数据/log_8_2026-9-17-06-17-52.ulg,1,2575,51,123376861,123869597,124875011,0.4927359999999999,Sep17,0.21977651852048322,middle,0.38912413709650295,True,0.1099474956280501,False,0.16196641690263566,False,0.05387372261802903,False
validation:9.17数据/log_8_2026-9-17-06-17-52.ulg:1:2625,9.17数据/log_8_2026-9-17-06-17-52.ulg,1,2625,51,124372574,124875011,125870491,0.502437,Sep17,0.19830598264463245,middle,0.19458071109239608,False,0.15853633352875515,False,0.2575524664106244,False,0.14163543320260533,False
validation:9.17数据/log_8_2026-9-17-06-17-52.ulg:1:2675,9.17数据/log_8_2026-9-17-06-17-52.ulg,1,2675,51,125367875,125870491,126875817,0.502616,Sep17,0.20995268719148924,middle,0.1700947886124039,False,0.1325443515857145,False,0.31313922375572883,False,0.1321512401427286,False
validation:9.17数据/log_8_2026-9-17-06-17-52.ulg:1:2725,9.17数据/log_8_2026-9-17-06-17-52.ulg,1,2725,51,126373196,126875817,127871353,0.502621,Sep17,0.3612821141839568,high,0.36090947756106334,True,0.18640471232307998,True,0.5964152240018048,True,0.15069165870036894,False
validation:9.17数据/log_8_2026-9-17-06-17-52.ulg:1:2775,9.17数据/log_8_2026-9-17-06-17-52.ulg,1,2775,51,127368683,127871353,128866848,0.50267,Sep17,0.3645498317428544,high,0.3874516194810964,True,0.17099050928544787,False,0.600564675301499,True,0.07404825744569293,False
validation:9.17数据/log_8_2026-9-17-06-17-52.ulg:1:2825,9.17数据/log_8_2026-9-17-06-17-52.ulg,1,2825,51,128374021,128866848,129872231,0.4928269999999999,Sep17,0.25655118663777937,middle,0.389133216013818,True,0.11957000042986227,False,0.2704017383258465,False,0.1153097463583622,False
validation:9.17数据/log_8_2026-9-17-06-17-52.ulg:1:2875,9.17数据/log_8_2026-9-17-06-17-52.ulg,1,2875,51,129369640,129872231,130877556,0.502591,Sep17,0.1380979869071991,low,0.16063294880374507,False,0.1810120989111919,True,0.12155054202768925,False,0.050470365222270344,False
validation:9.17数据/log_8_2026-9-17-06-17-52.ulg:1:2925,9.17数据/log_8_2026-9-17-06-17-52.ulg,1,2925,51,130374908,130877556,131873037,0.502648,Sep17,0.21921444863244574,middle,0.28055188265451436,False,0.11037310334035931,False,0.2894224280310302,False,0.14002642781120547,False
validation:9.17数据/log_8_2026-9-17-06-17-52.ulg:1:2975,9.17数据/log_8_2026-9-17-06-17-52.ulg,1,2975,51,131370442,131873037,132868561,0.502595,Sep17,0.26070135817018597,middle,0.36283166666510075,True,0.11870189968385197,False,0.3480600082637549,False,0.0721643886047437,False
validation:9.17数据/log_8_2026-9-17-06-17-52.ulg:1:3025,9.17数据/log_8_2026-9-17-06-17-52.ulg,1,3025,51,132365893,132868561,133873938,0.502668,Sep17,0.20277432707194626,middle,0.17885711042067068,False,0.10061912349295549,False,0.33426114959360415,False,0.08636928598455174,False
validation:9.17数据/log_8_2026-9-17-06-17-52.ulg:1:3075,9.17数据/log_8_2026-9-17-06-17-52.ulg,1,3075,51,133371222,133873938,134869413,0.5027159999999999,Sep17,0.16678244641198908,low,0.22260569166581393,False,0.14175824444270738,False,0.15529435320171803,False,0.1380366091777919,False
validation:9.17数据/log_8_2026-9-17-06-17-52.ulg:1:3125,9.17数据/log_8_2026-9-17-06-17-52.ulg,1,3125,51,134376615,134869413,135874806,0.4927979999999999,Sep17,0.22494267577566923,middle,0.05853669736369959,False,0.17224813289008709,False,0.3981379136312599,False,0.15184536882651478,False
validation:9.17数据/log_8_2026-9-17-06-17-52.ulg:1:3175,9.17数据/log_8_2026-9-17-06-17-52.ulg,1,3175,51,135372143,135874806,136870312,0.502663,Sep17,0.2780824776050597,middle,0.365701122529226,True,0.11230714858125489,False,0.3549327635226048,False,0.20044465677758963,False
validation:9.17数据/log_8_2026-9-17-06-17-52.ulg:1:3225,9.17数据/log_8_2026-9-17-06-17-52.ulg,1,3225,51,136367599,136870312,137875673,0.502713,Sep17,0.3211419594840517,middle,0.1312189134756181,False,0.12190255209774863,False,0.5831104192717768,True,0.0918577496813116,False
validation:9.17数据/log_8_2026-9-17-06-17-52.ulg:1:3275,9.17数据/log_8_2026-9-17-06-17-52.ulg,1,3275,51,137373006,137875673,138871158,0.502667,Sep17,0.20402195889091446,middle,0.20984979970389173,False,0.16532721112959758,False,0.32218908748226494,False,0.061693450955280574,False
validation:9.17数据/log_8_2026-9-17-06-17-52.ulg:1:3325,9.17数据/log_8_2026-9-17-06-17-52.ulg,1,3325,51,138368487,138871158,139866629,0.502671,Sep17,0.18944933673208236,middle,0.14784455398894697,False,0.15234466859241325,False,0.24610151585370074,False,0.1835703827159785,False
validation:9.17数据/log_8_2026-9-17-06-17-52.ulg:1:3375,9.17数据/log_8_2026-9-17-06-17-52.ulg,1,3375,51,139373821,139866629,140871983,0.4928079999999999,Sep17,0.28535965798156554,middle,0.38914176294997194,True,0.11247889647697222,False,0.37882777707472864,False,0.08104177215325975,False
validation:9.17数据/log_8_2026-9-17-06-17-52.ulg:1:3425,9.17数据/log_8_2026-9-17-06-17-52.ulg,1,3425,51,140369316,140871983,141877434,0.502667,Sep17,0.23442817347709022,middle,0.3302109292611579,True,0.10802419729950109,False,0.2819898538978093,False,0.12542328159719307,False
validation:9.17数据/log_8_2026-9-17-06-17-52.ulg:1:3475,9.17数据/log_8_2026-9-17-06-17-52.ulg,1,3475,51,141374664,141877434,142872905,0.5027699999999999,Sep17,0.20508737037037178,middle,0.2711328066377521,False,0.10861644487624836,False,0.2711476010445171,False,0.10073072220000708,False
validation:9.17数据/log_8_2026-9-17-06-17-52.ulg:1:3525,9.17数据/log_8_2026-9-17-06-17-52.ulg,1,3525,51,142370146,142872905,143868312,0.502759,Sep17,0.2540249964141987,middle,0.3140107041902346,True,0.15837719604962971,False,0.3402449870587303,False,0.15389955876769193,False
validation:9.17数据/log_8_2026-9-17-06-17-52.ulg:1:3575,9.17数据/log_8_2026-9-17-06-17-52.ulg,1,3575,51,143375506,143868312,144873673,0.4928059999999999,Sep17,0.27089473319856494,middle,0.3660306915776667,True,0.08206473556313665,False,0.21124405232586135,False,0.325863400587383,True
validation:9.17数据/log_8_2026-9-17-06-17-52.ulg:1:3625,9.17数据/log_8_2026-9-17-06-17-52.ulg,1,3625,51,144371038,144873673,145869333,0.5026349999999999,Sep17,0.22980461010397882,middle,0.38078948471300267,True,0.10148339336785579,False,0.19343647775837022,False,0.1105236116746984,False
validation:9.17数据/log_8_2026-9-17-06-17-52.ulg:1:3675,9.17数据/log_8_2026-9-17-06-17-52.ulg,1,3675,51,145376427,145869333,146874552,0.4929059999999999,Sep17,0.1581653064905289,low,0.1847984857882327,False,0.10536583633280559,False,0.1786410836443895,False,0.13377120353028085,False
validation:9.17数据/log_8_2026-9-17-06-17-52.ulg:1:3725,9.17数据/log_8_2026-9-17-06-17-52.ulg,1,3725,51,146371847,146874552,147870014,0.502705,Sep17,0.2521323259790796,middle,0.10741204151517571,False,0.09616521293800717,False,0.4554761568044715,False,0.08967336377743826,False
validation:9.17数据/log_8_2026-9-17-06-17-52.ulg:1:3775,9.17数据/log_8_2026-9-17-06-17-52.ulg,1,3775,51,147367341,147870014,148875406,0.5026729999999999,Sep17,0.23325426732764237,middle,0.2783412470019193,False,0.15317777265579088,False,0.33726426418481864,False,0.12116839636259576,False
validation:9.17数据/log_8_2026-9-17-06-17-52.ulg:1:3825,9.17数据/log_8_2026-9-17-06-17-52.ulg,1,3825,51,148372732,148875406,149871014,0.502674,Sep17,0.2826689692372773,middle,0.38887226255112023,True,0.1539465216806692,False,0.33684237554414004,False,0.09296689925935234,False
validation:9.17数据/log_8_2026-9-17-06-17-52.ulg:1:3875,9.17数据/log_8_2026-9-17-06-17-52.ulg,1,3875,51,149368185,149871014,150876265,0.502829,Sep17,0.17753376660579026,middle,0.2654611399255435,False,0.1113332629869089,False,0.17203891689357242,False,0.10890453037033909,False
validation:9.17数据/log_8_2026-9-17-06-17-52.ulg:1:3925,9.17数据/log_8_2026-9-17-06-17-52.ulg,1,3925,51,150373587,150876265,151871824,0.502678,Sep17,0.17980661213375282,middle,0.24243098658597817,False,0.15015528893681812,False,0.19635707715690345,False,0.12026472805943542,False
validation:9.17数据/log_8_2026-9-17-06-17-52.ulg:1:3975,9.17数据/log_8_2026-9-17-06-17-52.ulg,1,3975,51,151369092,151871824,152867277,0.502732,Sep17,0.2138935235303182,middle,0.1602769271456952,False,0.25553321851751387,True,0.23816262387524365,False,0.11401956357038702,False
validation:9.17数据/log_8_2026-9-17-06-17-52.ulg:1:4025,9.17数据/log_8_2026-9-17-06-17-52.ulg,1,4025,51,152374436,152867277,153872824,0.492841,Sep17,0.1891841339834074,middle,0.09603703542368706,False,0.33973536551938155,True,0.09993583979306378,False,0.07052724084860101,False
validation:9.17数据/log_8_2026-9-17-06-17-52.ulg:1:4075,9.17数据/log_8_2026-9-17-06-17-52.ulg,1,4075,51,153369907,153872824,154868092,0.502917,Sep17,0.24084022115087872,middle,0.34458717287802887,True,0.1102852394778115,False,0.19780016182250215,False,0.2515600315826042,True
validation:9.17数据/log_8_2026-9-17-06-17-52.ulg:1:4125,9.17数据/log_8_2026-9-17-06-17-52.ulg,1,4125,51,154375246,154868092,155873489,0.4928459999999999,Sep17,0.2696175092871762,middle,0.380057017904984,True,0.16657305055454424,False,0.30885665893604414,False,0.08944411658094338,False
validation:9.17数据/log_8_2026-9-17-06-17-52.ulg:1:4175,9.17数据/log_8_2026-9-17-06-17-52.ulg,1,4175,51,155370728,155873489,156868977,0.502761,Sep17,0.17624073222289038,middle,0.1903983533920771,False,0.0842949219675537,False,0.26216217762552724,False,0.09084156665931932,False
validation:9.17数据/log_8_2026-9-17-06-17-52.ulg:1:4225,9.17数据/log_8_2026-9-17-06-17-52.ulg,1,4225,51,156366222,156868977,157874563,0.502755,Sep17,0.24115208698367627,middle,0.3893853598851997,True,0.1042518835949016,False,0.1855768847960727,False,0.18573238627803126,False
validation:9.17数据/log_8_2026-9-17-06-17-52.ulg:1:4275,9.17数据/log_8_2026-9-17-06-17-52.ulg,1,4275,51,157371574,157874563,158869774,0.502989,Sep17,0.36365291591563775,high,0.36538479463569307,True,0.15819347702979886,False,0.5657007096736705,True,0.09772519655013708,False
validation:9.17数据/log_8_2026-9-17-06-17-52.ulg:1:4325,9.17数据/log_8_2026-9-17-06-17-52.ulg,1,4325,51,158376941,158869774,159875221,0.4928329999999999,Sep17,0.2908549225374998,middle,0.3884834938475578,True,0.19361968911482988,True,0.3527478003969714,False,0.03993793319388475,False
validation:9.17数据/log_8_2026-9-17-06-17-52.ulg:1:4375,9.17数据/log_8_2026-9-17-06-17-52.ulg,1,4375,51,159372461,159875221,160870617,0.50276,Sep17,0.1991858711494868,middle,0.14677934422587918,False,0.08895350027303019,False,0.3548235419833067,False,0.04421471382429217,False
validation:9.17数据/log_8_2026-9-17-06-17-52.ulg:1:4425,9.17数据/log_8_2026-9-17-06-17-52.ulg,1,4425,51,160367972,160870617,161876191,0.502645,Sep17,0.29421678178362254,middle,0.34154132866941256,True,0.08786995875914178,False,0.4350053167906874,False,0.17302913042257223,False
validation:9.17数据/log_8_2026-9-17-06-17-52.ulg:1:4475,9.17数据/log_8_2026-9-17-06-17-52.ulg,1,4475,51,161373276,161876191,162871486,0.502915,Sep17,0.29022116638452833,middle,0.365574534632471,True,0.10804218720423937,False,0.41660277221009717,False,0.06415023337083449,False
validation:9.17数据/log_8_2026-9-17-06-17-52.ulg:1:4525,9.17数据/log_8_2026-9-17-06-17-52.ulg,1,4525,51,162368802,162871486,163867069,0.502684,Sep17,0.4401350271128392,high,0.35846294663356865,True,0.08822754514539903,False,0.7548374147163245,True,0.20818669829610378,False
validation:9.17数据/log_8_2026-9-17-06-17-52.ulg:1:4575,9.17数据/log_8_2026-9-17-06-17-52.ulg,1,4575,51,163374153,163867069,164872389,0.4929159999999999,Sep17,0.2749717695667533,middle,0.26293707734908256,False,0.10589078640735015,False,0.434759643281124,False,0.16403460979104462,False
validation:9.17数据/log_8_2026-9-17-06-17-52.ulg:1:4625,9.17数据/log_8_2026-9-17-06-17-52.ulg,1,4625,51,164369586,164872389,165877870,0.502803,Sep17,0.26715353127649677,middle,0.31261929620568335,True,0.09742468230552832,False,0.36586092877706544,False,0.1935617058609411,False
validation:9.17数据/log_8_2026-9-17-06-17-52.ulg:1:4675,9.17数据/log_8_2026-9-17-06-17-52.ulg,1,4675,51,165374935,165877870,166873127,0.502935,Sep17,0.7742324272157108,high,0.20723005342190906,False,0.11982634402091591,False,1.3694622394165294,True,0.6430810161417481,True
validation:9.17数据/log_8_2026-9-17-06-17-52.ulg:1:4725,9.17数据/log_8_2026-9-17-06-17-52.ulg,1,4725,51,166370492,166873127,167868691,0.5026349999999999,Sep17,0.22834532733235383,middle,0.37223627114714963,True,0.09718949162437696,False,0.16154403379718335,False,0.17813159544779011,False
validation:9.17数据/log_8_2026-9-17-06-17-52.ulg:1:4775,9.17数据/log_8_2026-9-17-06-17-52.ulg,1,4775,51,167365914,167868691,168873986,0.502777,Sep17,0.5524984855718432,high,0.25856031055104933,False,0.29184071774722015,True,0.8912900534102826,True,0.3800589301054495,True
validation:9.17数据/log_8_2026-9-17-06-17-52.ulg:1:4825,9.17数据/log_8_2026-9-17-06-17-52.ulg,1,4825,51,168371269,168873986,169869442,0.502717,Sep17,0.45051788855354136,high,0.37673563665073134,True,0.06992959111998845,False,0.7569862216348829,True,0.2814667035570992,True
validation:9.17数据/log_8_2026-9-17-06-17-52.ulg:1:4875,9.17数据/log_8_2026-9-17-06-17-52.ulg,1,4875,51,169376620,169869442,170874832,0.492822,Sep17,0.264564120880395,middle,0.3889235682530699,True,0.21485033847169868,True,0.24589331687025937,False,0.17947156733514671,False
validation:9.17数据/log_8_2026-9-17-06-17-52.ulg:1:4925,9.17数据/log_8_2026-9-17-06-17-52.ulg,1,4925,51,170372179,170874832,171870357,0.502653,Sep17,0.25170575899087894,middle,0.36559167280262383,True,0.09545721643200461,False,0.30921582858630275,False,0.1119158767283914,False
validation:9.17数据/log_8_2026-9-17-06-17-52.ulg:1:4975,9.17数据/log_8_2026-9-17-06-17-52.ulg,1,4975,51,171367627,171870357,172875666,0.50273,Sep17,0.41580700506185925,high,0.30389011925559356,True,0.10320482897153083,False,0.6789463065073182,True,0.35289742024416393,True
validation:9.17数据/log_8_2026-9-17-06-17-52.ulg:1:5025,9.17数据/log_8_2026-9-17-06-17-52.ulg,1,5025,51,172372928,172875666,173871086,0.502738,Sep17,0.23439557003594724,middle,0.3658968559082927,True,0.10759932059127064,False,0.24197687574851073,False,0.1362459473998891,False
validation:9.17数据/log_8_2026-9-17-06-17-52.ulg:1:5075,9.17数据/log_8_2026-9-17-06-17-52.ulg,1,5075,51,173368438,173871086,174866596,0.502648,Sep17,0.24010496263196746,middle,0.21702582686197666,False,0.24995311979764873,True,0.22879306368862318,False,0.23835525722204792,True
validation:9.17数据/log_8_2026-9-17-06-17-52.ulg:1:5125,9.17数据/log_8_2026-9-17-06-17-52.ulg,1,5125,51,174373768,174866596,175871941,0.492828,Sep17,0.1738566648878803,middle,0.10331959939276816,False,0.23410656480369502,True,0.1944366690450208,False,0.16814238516650779,False
validation:9.17数据/log_8_2026-9-17-06-17-52.ulg:1:5175,9.17数据/log_8_2026-9-17-06-17-52.ulg,1,5175,51,175369269,175871941,176877292,0.502672,Sep17,0.24286621397651637,middle,0.3864313270012225,True,0.10834151944475229,False,0.17476142299501263,False,0.20428411982620406,False
validation:9.17数据/log_8_2026-9-17-06-17-52.ulg:1:5225,9.17数据/log_8_2026-9-17-06-17-52.ulg,1,5225,51,176374641,176877292,177872799,0.502651,Sep17,0.23480698454733123,middle,0.14320543460795046,False,0.09883634644827168,False,0.3886862605572856,False,0.18632384288932494,False
validation:9.17数据/log_8_2026-9-17-06-17-52.ulg:1:5275,9.17数据/log_8_2026-9-17-06-17-52.ulg,1,5275,51,177370086,177872799,178868241,0.502713,Sep17,0.1679598796213093,low,0.27410862540695685,False,0.12539858072358173,False,0.13509397920659527,False,0.05978484266950233,False
validation:9.17数据/log_8_2026-9-17-06-17-52.ulg:2:25,9.17数据/log_8_2026-9-17-06-17-52.ulg,2,25,51,179045796,179548415,180553666,0.5026189999999999,Sep17,0.31340827312658365,middle,0.3664528108497339,True,0.18403779513797608,True,0.42861881219956377,False,0.04984456438952482,False
validation:9.17数据/log_8_2026-9-17-06-17-52.ulg:2:75,9.17数据/log_8_2026-9-17-06-17-52.ulg,2,75,51,180051081,180553666,181549199,0.502585,Sep17,0.4623800543199644,high,0.006866499052804568,False,0.09031127105792841,False,0.8536679738997451,True,0.2648411536563532,True
validation:9.17数据/log_8_2026-9-17-06-17-52.ulg:2:125,9.17数据/log_8_2026-9-17-06-17-52.ulg,2,125,51,181056371,181549199,182554507,0.492828,Sep17,0.17051448210103348,low,0.1128863522088197,False,0.12715062122175805,False,0.2541048574417373,False,0.17733987673695223,False
validation:9.17数据/log_8_2026-9-17-06-17-52.ulg:2:175,9.17数据/log_8_2026-9-17-06-17-52.ulg,2,175,51,182051849,182554507,183549987,0.5026579999999999,Sep17,0.31632071483920754,middle,0.0,False,0.3354056421882289,True,0.4608665792650032,False,0.0695977422643907,False
validation:9.17数据/log_8_2026-9-17-06-17-52.ulg:2:225,9.17数据/log_8_2026-9-17-06-17-52.ulg,2,225,51,183047312,183549987,184555356,0.502675,Sep17,0.1925049689812601,middle,0.265126765644881,False,0.11100615482093137,False,0.21711767321071723,False,0.14368267207005173,False
validation:9.17数据/log_8_2026-9-17-06-17-52.ulg:2:275,9.17数据/log_8_2026-9-17-06-17-52.ulg,2,275,51,184052662,184555356,185550824,0.502694,Sep17,0.31260604537254666,middle,0.4402799751817451,True,0.3166537541956671,True,0.2300931461834233,False,0.19443187564093467,False
validation:9.17数据/log_8_2026-9-17-06-17-52.ulg:2:325,9.17数据/log_8_2026-9-17-06-17-52.ulg,2,325,51,185048204,185550824,186546355,0.50262,Sep17,0.2596247580474059,middle,0.23323403787471275,False,0.12285123865344087,False,0.40759987309968226,False,0.2034600031341413,False
validation:9.17数据/log_8_2026-9-17-06-17-52.ulg:2:375,9.17数据/log_8_2026-9-17-06-17-52.ulg,2,375,51,186053506,186546355,187551717,0.492849,Sep17,0.2762344944546891,middle,0.01804869550160096,False,0.07680860560266702,False,0.4966748634953825,True,0.18749706898025278,False
validation:9.17数据/log_8_2026-9-17-06-17-52.ulg:2:425,9.17数据/log_8_2026-9-17-06-17-52.ulg,2,425,51,187048969,187551717,188556978,0.502748,Sep17,0.41212029382984816,high,0.0,False,0.11052337058962568,False,0.3849594045384939,False,0.7229106167448338,True
validation:9.17数据/log_8_2026-9-17-06-17-52.ulg:2:475,9.17数据/log_8_2026-9-17-06-17-52.ulg,2,475,51,188054327,188556978,189552536,0.502651,Sep17,0.2956399706633949,middle,0.17821896674966167,False,0.09421554248003644,False,0.5179058879084268,True,0.18230062995505975,False
validation:9.17数据/log_8_2026-9-17-06-17-52.ulg:2:525,9.17数据/log_8_2026-9-17-06-17-52.ulg,2,525,51,189049843,189552536,190548062,0.502693,Sep17,0.14343410456335445,low,0.00902434775080048,False,0.13203500491097503,False,0.21954864493863488,False,0.08825448169387136,False
validation:9.17数据/log_8_2026-9-17-06-17-52.ulg:2:575,9.17数据/log_8_2026-9-17-06-17-52.ulg,2,575,51,190055170,190548062,191553323,0.492892,Sep17,0.19271540753133745,middle,0.0,False,0.12327753532888026,False,0.2097450652848688,False,0.29801863654516264,True
validation:9.17数据/log_8_2026-9-17-06-17-52.ulg:2:625,9.17数据/log_8_2026-9-17-06-17-52.ulg,2,625,51,191050657,191553323,192548859,0.502666,Sep17,0.22752256354051556,middle,0.01694635981084574,False,0.3092572620467114,True,0.2649783310524969,False,0.06898362907103942,False
validation:9.17数据/log_8_2026-9-17-06-17-52.ulg:2:675,9.17数据/log_8_2026-9-17-06-17-52.ulg,2,675,51,192055997,192548859,193554102,0.4928619999999999,Sep17,0.20791517024896056,middle,0.008536178392938772,False,0.1239793292646083,False,0.3426588190589372,False,0.17047049589555116,False
validation:9.17数据/log_8_2026-9-17-06-17-52.ulg:2:725,9.17数据/log_8_2026-9-17-06-17-52.ulg,2,725,51,193051486,193554102,194549605,0.502616,Sep17,0.22330281348550252,middle,0.008536178392938774,False,0.14032915158633105,False,0.391944974941812,False,0.18317709846919358,False
validation:9.17数据/log_8_2026-9-17-06-17-52.ulg:2:775,9.17数据/log_8_2026-9-17-06-17-52.ulg,2,775,51,194046932,194549605,195554983,0.5026729999999999,Sep17,0.4061390930513161,high,0.011527227888520241,False,0.21249047691611317,True,0.4259476377330713,False,0.6290693174589364,True
validation:9.17数据/log_8_2026-9-17-06-17-52.ulg:2:825,9.17数据/log_8_2026-9-17-06-17-52.ulg,2,825,51,195052281,195554983,196550413,0.502702,Sep17,0.3276139588201639,high,0.013094290165530086,False,0.20745969494168964,True,0.37679541490478674,False,0.4838485736768538,True
validation:9.17数据/log_8_2026-9-17-06-17-52.ulg:2:875,9.17数据/log_8_2026-9-17-06-17-52.ulg,2,875,51,196057601,196550413,197555832,0.492812,Sep17,0.49852091978302,high,0.006210982085859137,False,0.13965971063658025,False,0.7434628392438449,True,0.6151481252701445,True
validation:9.17数据/log_8_2026-9-17-06-17-52.ulg:2:925,9.17数据/log_8_2026-9-17-06-17-52.ulg,2,925,51,197053129,197555832,198551391,0.502703,Sep17,0.59296688181147,high,0.08161489505450753,False,0.3163674616236106,True,0.9056286116499231,True,0.5779377328381324,True
validation:9.17数据/log_8_2026-9-17-06-17-52.ulg:2:975,9.17数据/log_8_2026-9-17-06-17-52.ulg,2,975,51,198048581,198551391,199556596,0.50281,Sep17,0.21245591975704745,middle,0.019858139764762268,False,0.14554250282335965,False,0.32751213958543524,False,0.19821985401546433,False
validation:9.17数据/log_8_2026-9-17-06-17-52.ulg:2:1025,9.17数据/log_8_2026-9-17-06-17-52.ulg,2,1025,51,199053902,199556596,200552113,0.502694,Sep17,0.820922924715957,high,0.03621644568400079,False,0.33098078373708373,True,1.6301014878700875,True,0.181910417542879,False
validation:9.17数据/log_8_2026-9-17-06-17-52.ulg:2:1075,9.17数据/log_8_2026-9-17-06-17-52.ulg,2,1075,51,200049423,200552113,201547553,0.50269,Sep17,0.502449387764454,high,0.010142491274614683,False,0.08656172984185832,False,0.9379388288651972,True,0.2769915451993256,True
validation:9.17数据/log_8_2026-9-17-06-17-52.ulg:2:1125,9.17数据/log_8_2026-9-17-06-17-52.ulg,2,1125,51,201054722,201547553,202553224,0.4928309999999999,Sep17,0.27520475895880003,middle,0.3314304728383398,True,0.10544212818483549,False,0.3434309494681658,False,0.22594546119721196,True
validation:9.17数据/log_8_2026-9-17-06-17-52.ulg:2:1175,9.17数据/log_8_2026-9-17-06-17-52.ulg,2,1175,51,202050244,202553224,203548404,0.50298,Sep17,0.38031027888799795,high,0.015102586296706627,False,0.08048074530123213,False,0.6903577797624446,True,0.2959440895802708,True
validation:9.17数据/log_8_2026-9-17-06-17-52.ulg:2:1225,9.17数据/log_8_2026-9-17-06-17-52.ulg,2,1225,51,203055537,203548404,204553800,0.492867,Sep17,0.28161273950262156,middle,0.4054950604587827,True,0.2869653028453686,True,0.20128756586473232,False,0.11172494731967456,False
validation:9.17数据/log_8_2026-9-17-06-17-52.ulg:2:1275,9.17数据/log_8_2026-9-17-06-17-52.ulg,2,1275,51,204051042,204553800,205549220,0.5027579999999999,Sep17,0.5913324922651633,high,1.1155638587098424,True,0.1485012232069036,False,0.3365653436446123,False,0.06527887755609829,False
validation:9.17数据/log_9_2026-9-17-06-28-10.ulg:0:25,9.17数据/log_9_2026-9-17-06-28-10.ulg,0,25,51,366979640,367472541,368477935,0.492901,Sep17,1.238111018991548,high,0.782522072307832,True,1.6011912559786747,True,1.1594441992865774,True,1.481042931271761,True
validation:9.17数据/log_9_2026-9-17-06-28-10.ulg:0:75,9.17数据/log_9_2026-9-17-06-28-10.ulg,0,75,51,367975178,368477935,369473526,0.502757,Sep17,0.9757098721942847,high,0.3780477668064,True,0.19026428003868098,True,0.3218493972956753,False,1.8735596161597923,True
validation:9.17数据/log_9_2026-9-17-06-28-10.ulg:0:125,9.17数据/log_9_2026-9-17-06-28-10.ulg,0,125,51,368970756,369473526,370478983,0.5027699999999999,Sep17,0.183838769152893,middle,0.08077052005658303,False,0.1741860936492873,False,0.3005969022633388,False,0.1333385424190506,False
validation:9.17数据/log_9_2026-9-17-06-28-10.ulg:0:175,9.17数据/log_9_2026-9-17-06-28-10.ulg,0,175,51,369976251,370478983,371474540,0.502732,Sep17,0.14811422234355273,low,0.023331601562003867,False,0.1134550502846241,False,0.19686888429069346,False,0.19046886468174742,False
validation:9.17数据/log_9_2026-9-17-06-28-10.ulg:0:225,9.17数据/log_9_2026-9-17-06-28-10.ulg,0,225,51,370971826,371474540,372470086,0.502714,Sep17,0.14226630041198057,low,0.07721630681234108,False,0.19216130138200116,True,0.1543703417303544,False,0.10459617911083051,False
validation:9.17数据/log_9_2026-9-17-06-28-10.ulg:0:275,9.17数据/log_9_2026-9-17-06-28-10.ulg,0,275,51,371977205,372470086,373475521,0.4928809999999999,Sep17,0.2366267891626928,middle,0.08551291710435704,False,0.11237040797160058,False,0.2768073906195247,False,0.34337810001529584,True
validation:9.17数据/log_9_2026-9-17-06-28-10.ulg:0:325,9.17数据/log_9_2026-9-17-06-28-10.ulg,0,325,51,372972823,373475521,374481077,0.502698,Sep17,0.19066301852451661,middle,0.0394998977964493,False,0.16706529674843681,False,0.3575668580986152,False,0.04886832684368718,False
validation:9.17数据/log_9_2026-9-17-06-28-10.ulg:0:375,9.17数据/log_9_2026-9-17-06-28-10.ulg,0,375,51,373978258,374481077,375476518,0.502819,Sep17,0.2008336932402929,middle,0.01804869550160096,False,0.10645385251487396,False,0.27661527333390645,False,0.2572421393068192,True
validation:9.17数据/log_9_2026-9-17-06-28-10.ulg:0:425,9.17数据/log_9_2026-9-17-06-28-10.ulg,0,425,51,374973822,375476518,376472090,0.502696,Sep17,0.13054182934807132,low,0.004140654723906091,False,0.20030790503506718,True,0.18759645218879814,False,0.044319164571603224,False
validation:9.17数据/log_9_2026-9-17-06-28-10.ulg:0:475,9.17数据/log_9_2026-9-17-06-28-10.ulg,0,475,51,375979363,376472090,377477579,0.4927269999999999,Sep17,0.359911923963621,high,0.008281309447812182,False,0.19056585878097707,True,0.6395281557955865,True,0.13838191198761998,False
validation:9.17数据/log_9_2026-9-17-06-28-10.ulg:0:525,9.17数据/log_9_2026-9-17-06-28-10.ulg,0,525,51,376974855,377477579,378473285,0.502724,Sep17,0.36639126214309076,high,0.004140654723906091,False,0.13135408400633689,False,0.6496366435956092,True,0.23817146458667232,True
validation:9.17数据/log_9_2026-9-17-06-28-10.ulg:0:575,9.17数据/log_9_2026-9-17-06-28-10.ulg,0,575,51,377980283,378473285,379478666,0.493002,Sep17,0.13556809294203673,low,0.0,False,0.09318673337738927,False,0.24072781040082797,False,0.08028388692923988,False
validation:9.17数据/log_9_2026-9-17-06-28-10.ulg:0:625,9.17数据/log_9_2026-9-17-06-28-10.ulg,0,625,51,378975925,379478666,380474143,0.502741,Sep17,0.09840235282821128,low,0.08371500646679764,False,0.07759469784337071,False,0.15638100475419756,False,0.04560178989331867,False
validation:9.17数据/log_9_2026-9-17-06-28-10.ulg:0:675,9.17数据/log_9_2026-9-17-06-28-10.ulg,0,675,51,379971425,380474143,381479619,0.502718,Sep17,0.3981575566791956,high,0.0,False,0.1388104860960425,False,0.7424017035625334,True,0.11205483658039413,False
validation:9.17数据/log_9_2026-9-17-06-28-10.ulg:1:25,9.17数据/log_9_2026-9-17-06-28-10.ulg,1,25,51,382189381,382692023,383697559,0.5026419999999999,Sep17,0.2901389294640359,middle,0.3898122446471861,True,0.11501837180153099,False,0.41010900248059945,False,0.08506886090758912,False
validation:9.17数据/log_9_2026-9-17-06-28-10.ulg:1:75,9.17数据/log_9_2026-9-17-06-28-10.ulg,1,75,51,383194728,383697559,384693043,0.502831,Sep17,0.22185707370074018,middle,0.39049955569231276,True,0.07261504022808359,False,0.1695114071984507,False,0.09262237154896981,False
validation:9.17数据/log_9_2026-9-17-06-28-10.ulg:1:125,9.17数据/log_9_2026-9-17-06-28-10.ulg,1,125,51,384200236,384693043,385698835,0.492807,Sep17,0.28905373872646806,middle,0.38920189914783826,True,0.11374741516009762,False,0.3619396877129976,False,0.1481621218565463,False
validation:9.17数据/log_9_2026-9-17-06-28-10.ulg:1:175,9.17数据/log_9_2026-9-17-06-28-10.ulg,1,175,51,385195761,385698835,386694127,0.503074,Sep17,0.162510477079018,low,0.268018519496821,False,0.09796461503759914,False,0.13770985254142953,False,0.06415147394442795,False
validation:9.17数据/log_9_2026-9-17-06-28-10.ulg:1:225,9.17数据/log_9_2026-9-17-06-28-10.ulg,1,225,51,386191328,386694127,387699568,0.502799,Sep17,0.11196906884243736,low,0.10653586600108526,False,0.1189043355248977,False,0.1360715350800392,False,0.09266189624297379,False
validation:9.17数据/log_9_2026-9-17-06-28-10.ulg:1:275,9.17数据/log_9_2026-9-17-06-28-10.ulg,1,275,51,387196822,387699568,388695115,0.502746,Sep17,0.17893893897798388,middle,0.1383415394669969,False,0.2500267348336533,True,0.15364310599641431,False,0.1251448688903551,False
validation:9.17数据/log_9_2026-9-17-06-28-10.ulg:1:325,9.17数据/log_9_2026-9-17-06-28-10.ulg,1,325,51,388192341,388695115,389690947,0.5027739999999999,Sep17,0.5853832895658779,high,0.08501675478990307,False,0.1500124813593533,False,1.047126372450306,True,0.4866609441629533,True
validation:9.17数据/log_9_2026-9-17-06-28-10.ulg:1:375,9.17数据/log_9_2026-9-17-06-28-10.ulg,1,375,51,389197768,389690947,390696185,0.493179,Sep17,0.2630816097566814,middle,0.38882124293169223,True,0.1471264381524135,False,0.3264218908450646,False,0.07332402815399412,False
validation:9.17数据/log_9_2026-9-17-06-28-10.ulg:1:425,9.17数据/log_9_2026-9-17-06-28-10.ulg,1,425,51,390193423,390696185,391701600,0.5027619999999999,Sep17,0.23336541087980142,middle,0.3820361910243962,True,0.1286463236466393,False,0.13693987430595222,False,0.19752539463702157,False
validation:9.17数据/log_9_2026-9-17-06-28-10.ulg:1:475,9.17数据/log_9_2026-9-17-06-28-10.ulg,1,475,51,391198774,391701600,392697159,0.502826,Sep17,0.17457335597201792,middle,0.2698278258709971,False,0.1513886428957608,False,0.11659864338868499,False,0.09691402912335252,False
validation:9.17数据/log_9_2026-9-17-06-28-10.ulg:1:525,9.17数据/log_9_2026-9-17-06-28-10.ulg,1,525,51,392194348,392697159,393692972,0.502811,Sep17,0.12087473861020277,low,0.09385531858923779,False,0.1449339522753826,False,0.157711888106307,False,0.09137366570612873,False
validation:9.17数据/log_9_2026-9-17-06-28-10.ulg:1:575,9.17数据/log_9_2026-9-17-06-28-10.ulg,1,575,51,393189953,393692972,394698162,0.503019,Sep17,0.1631773678728681,low,0.182316268369314,False,0.17369726950840747,False,0.18454791969337214,False,0.025270123522053437,False
validation:9.17数据/log_9_2026-9-17-06-28-10.ulg:1:625,9.17数据/log_9_2026-9-17-06-28-10.ulg,1,625,51,394195352,394698162,395693819,0.50281,Sep17,0.1640377164000706,low,0.0842336307508919,False,0.10226103876063984,False,0.30117653831120295,False,0.04306618249097804,False
validation:9.17数据/log_9_2026-9-17-06-28-10.ulg:1:675,9.17数据/log_9_2026-9-17-06-28-10.ulg,1,675,51,395200793,395693819,396699145,0.4930259999999999,Sep17,0.15783227621728124,low,0.15697472148564126,False,0.20949556773537142,True,0.17138804841835265,False,0.0823606520182617,False
validation:9.17数据/log_9_2026-9-17-06-28-10.ulg:1:725,9.17数据/log_9_2026-9-17-06-28-10.ulg,1,725,51,396196396,396699145,397694996,0.502749,Sep17,0.13983187109775966,low,0.15775691298511016,False,0.09276734079278535,False,0.19227390347668782,False,0.08885797859586239,False
validation:9.17数据/log_9_2026-9-17-06-28-10.ulg:1:775,9.17数据/log_9_2026-9-17-06-28-10.ulg,1,775,51,397191951,397694996,398700100,0.503045,Sep17,0.15636016977262113,low,0.18244921320375998,False,0.11475576269721885,False,0.20501751498148815,False,0.038174659743453514,False
validation:9.17数据/log_9_2026-9-17-06-28-10.ulg:1:825,9.17数据/log_9_2026-9-17-06-28-10.ulg,1,825,51,398197481,398700100,399695801,0.5026189999999999,Sep17,0.19666657428524345,middle,0.2947986604175304,False,0.1770664110699907,False,0.1616750065962963,False,0.06243977259401655,False
validation:9.17数据/log_9_2026-9-17-06-28-10.ulg:1:875,9.17数据/log_9_2026-9-17-06-28-10.ulg,1,875,51,399192942,399695801,400691295,0.502859,Sep17,0.2080136241240165,middle,0.3681703808103538,True,0.09241599440069567,False,0.15286176452833997,False,0.07030916982482961,False
validation:9.17数据/log_9_2026-9-17-06-28-10.ulg:1:925,9.17数据/log_9_2026-9-17-06-28-10.ulg,1,925,51,400198404,400691295,401696720,0.4928909999999999,Sep17,0.2127316900079626,middle,0.2953986206168801,False,0.13960254510953846,False,0.16644798543082426,False,0.19131392896070573,False
validation:9.17数据/log_9_2026-9-17-06-28-10.ulg:1:975,9.17数据/log_9_2026-9-17-06-28-10.ulg,1,975,51,401193983,401696720,402692292,0.502737,Sep17,0.30136239338775184,middle,0.28086405435768896,False,0.07019492004149504,False,0.423059767767187,False,0.29858072458953433,True
validation:9.17数据/log_9_2026-9-17-06-28-10.ulg:1:1025,9.17数据/log_9_2026-9-17-06-28-10.ulg,1,1025,51,402199379,402692292,403697702,0.492913,Sep17,0.3527647563594325,high,0.3889732776963638,True,0.2370476754285384,True,0.4471716168988668,False,0.2230106472979519,False
validation:9.17数据/log_9_2026-9-17-06-28-10.ulg:1:1075,9.17数据/log_9_2026-9-17-06-28-10.ulg,1,1075,51,403194937,403697702,404693246,0.502765,Sep17,0.45703914755609437,high,0.24009387190843695,False,0.29595976059286366,True,0.7391994173780742,True,0.19510574278023682,False
validation:9.17数据/log_9_2026-9-17-06-28-10.ulg:1:1125,9.17数据/log_9_2026-9-17-06-28-10.ulg,1,1125,51,404190556,404693246,405698655,0.50269,Sep17,0.26437301111109623,middle,0.3719159851824147,True,0.12666147334469116,False,0.19682000087508505,False,0.30170488076376123,True
validation:9.17数据/log_9_2026-9-17-06-28-10.ulg:1:1175,9.17数据/log_9_2026-9-17-06-28-10.ulg,1,1175,51,405195975,405698655,406694290,0.50268,Sep17,0.25724678698961523,middle,0.38871679617493415,True,0.2434897415885235,True,0.2098508781921808,False,0.11781387351367245,False
validation:9.17数据/log_9_2026-9-17-06-28-10.ulg:1:1225,9.17数据/log_9_2026-9-17-06-28-10.ulg,1,1225,51,406191545,406694290,407699652,0.502745,Sep17,0.330859986312066,high,0.13327557523314204,False,0.1118983376878455,False,0.5905244168855591,True,0.2004455824648923,False
validation:9.17数据/log_9_2026-9-17-06-28-10.ulg:1:1275,9.17数据/log_9_2026-9-17-06-28-10.ulg,1,1275,51,407196941,407699652,408695232,0.502711,Sep17,0.2958982196170858,middle,0.3638779738724762,True,0.14484599676710347,False,0.3212881442111394,False,0.2742684494370451,True
validation:9.17数据/log_9_2026-9-17-06-28-10.ulg:1:1325,9.17数据/log_9_2026-9-17-06-28-10.ulg,1,1325,51,408192502,408695232,409690748,0.50273,Sep17,0.3078532814204084,middle,0.16583088000865823,False,0.19109211667310444,True,0.46560410815118813,False,0.3475740844432028,True
validation:9.17数据/log_9_2026-9-17-06-28-10.ulg:1:1375,9.17数据/log_9_2026-9-17-06-28-10.ulg,1,1375,51,409197930,409690748,410696257,0.492818,Sep17,0.3183639531983407,middle,0.38879810212981875,True,0.12056677221505407,False,0.4246707822855874,False,0.20607956671131575,False
validation:9.17数据/log_9_2026-9-17-06-28-10.ulg:1:1425,9.17数据/log_9_2026-9-17-06-28-10.ulg,1,1425,51,410193522,410696257,411691790,0.5027349999999999,Sep17,0.15772330712787921,low,0.21835401559074433,False,0.1459598535447189,False,0.06612235735909855,False,0.16310931723418515,False
validation:9.17数据/log_9_2026-9-17-06-28-10.ulg:1:1475,9.17数据/log_9_2026-9-17-06-28-10.ulg,1,1475,51,411198925,411691790,412697219,0.492865,Sep17,0.4569336196611268,high,0.1782981759479647,False,0.1571150208777234,False,0.7761346322154706,True,0.3336966327175482,True
validation:9.17数据/log_9_2026-9-17-06-28-10.ulg:1:1525,9.17数据/log_9_2026-9-17-06-28-10.ulg,1,1525,51,412194546,412697219,413692817,0.5026729999999999,Sep17,0.19906263958180448,middle,0.28923871680408686,False,0.1516144308491475,False,0.20960457997499665,False,0.10986894458899077,False
validation:9.17数据/log_9_2026-9-17-06-28-10.ulg:1:1575,9.17数据/log_9_2026-9-17-06-28-10.ulg,1,1575,51,413190050,413692817,414698180,0.502767,Sep17,0.2852298606842603,middle,0.3885478444977621,True,0.12487379703589187,False,0.258349077918219,False,0.2870848245507038,True
validation:9.17数据/log_9_2026-9-17-06-28-10.ulg:1:1625,9.17数据/log_9_2026-9-17-06-28-10.ulg,1,1625,51,414195490,414698180,415693768,0.50269,Sep17,0.2316252053615605,middle,0.06946062228618277,False,0.12131245839546718,False,0.40101703438613656,False,0.12262686686661015,False
validation:9.17数据/log_9_2026-9-17-06-28-10.ulg:1:1675,9.17数据/log_9_2026-9-17-06-28-10.ulg,1,1675,51,415191082,415693768,416689356,0.502686,Sep17,0.12049736014237307,low,0.09457298134650421,False,0.08966131290941359,False,0.19247631980695123,False,0.05680844693907871,False
validation:9.17数据/log_9_2026-9-17-06-28-10.ulg:1:1725,9.17数据/log_9_2026-9-17-06-28-10.ulg,1,1725,51,416196540,416689356,417694730,0.492816,Sep17,0.14361997089100706,low,0.13012879823529014,False,0.09581663544229499,False,0.12624008205336543,False,0.1952167699968229,False
validation:9.17数据/log_9_2026-9-17-06-28-10.ulg:1:1775,9.17数据/log_9_2026-9-17-06-28-10.ulg,1,1775,51,417192053,417694730,418700145,0.5026769999999999,Sep17,0.182418129536212,middle,0.05870250456248411,False,0.09765331678648592,False,0.2978490923986267,False,0.18379677314402185,False
validation:9.17数据/log_9_2026-9-17-06-28-10.ulg:1:1825,9.17数据/log_9_2026-9-17-06-28-10.ulg,1,1825,51,418197458,418700145,419695724,0.502687,Sep17,0.2654901150776138,middle,0.12557905013291445,False,0.18741704878032328,True,0.4933248276547373,False,0.08402202495988166,False
validation:9.17数据/log_9_2026-9-17-06-28-10.ulg:1:1875,9.17数据/log_9_2026-9-17-06-28-10.ulg,1,1875,51,419193096,419695724,420691317,0.502628,Sep17,0.2683801858498229,middle,0.30618040409614794,True,0.3207564490240646,True,0.33195704513634583,False,0.08357505539358136,False
validation:9.17数据/log_9_2026-9-17-06-28-10.ulg:1:1925,9.17数据/log_9_2026-9-17-06-28-10.ulg,1,1925,51,420198427,420691317,421696713,0.49289,Sep17,0.4015954086141363,high,0.21206166096600773,False,0.25585147428158206,True,0.7275121396235918,True,0.21919803767049773,False
validation:9.17数据/log_9_2026-9-17-06-28-10.ulg:1:1975,9.17数据/log_9_2026-9-17-06-28-10.ulg,1,1975,51,421194019,421696713,422692257,0.502694,Sep17,0.31542138750464926,middle,0.1416425580716447,False,0.13003234607969333,False,0.6035142902897083,True,0.07560426204853056,False
validation:9.17数据/log_9_2026-9-17-06-28-10.ulg:1:2025,9.17数据/log_9_2026-9-17-06-28-10.ulg,1,2025,51,422199423,422692257,423697714,0.492834,Sep17,0.24805400562347957,middle,0.30267343271101615,True,0.14992624340569785,False,0.31216643866810406,False,0.11721884951359075,False
validation:9.17数据/log_9_2026-9-17-06-28-10.ulg:1:2075,9.17数据/log_9_2026-9-17-06-28-10.ulg,1,2075,51,423194976,423697714,424693266,0.502738,Sep17,0.4161611487272393,high,0.09994327340998199,False,0.09386911554463351,False,0.7012866245493379,True,0.3881391623265211,True
validation:9.17数据/log_9_2026-9-17-06-28-10.ulg:1:2125,9.17数据/log_9_2026-9-17-06-28-10.ulg,1,2125,51,424190580,424693266,425698642,0.502686,Sep17,0.2159022235556614,middle,0.2934692187148116,False,0.22225956670617772,True,0.1290011125438144,False,0.16316561383062667,False
validation:9.17数据/log_9_2026-9-17-06-28-10.ulg:1:2175,9.17数据/log_9_2026-9-17-06-28-10.ulg,1,2175,51,425195936,425698642,426694200,0.502706,Sep17,0.24738035694010715,middle,0.23298963446314302,False,0.08681548150223237,False,0.33245423508106514,False,0.2647990883920426,True
validation:9.17数据/log_9_2026-9-17-06-28-10.ulg:1:2225,9.17数据/log_9_2026-9-17-06-28-10.ulg,1,2225,51,426191520,426694200,427689817,0.50268,Sep17,0.2472753249436853,middle,0.31629128500641096,True,0.1531626389033359,False,0.25477578325741923,False,0.25296583237738923,True
validation:9.17数据/log_9_2026-9-17-06-28-10.ulg:1:2275,9.17数据/log_9_2026-9-17-06-28-10.ulg,1,2275,51,427196961,427689817,428695159,0.4928559999999999,Sep17,0.24388843555944567,middle,0.3890530460404143,True,0.09798045982412182,False,0.22897664603362725,False,0.14385269157434336,False
validation:9.17数据/log_9_2026-9-17-06-28-10.ulg:1:2325,9.17数据/log_9_2026-9-17-06-28-10.ulg,1,2325,51,428192505,428695159,429700598,0.5026539999999999,Sep17,0.20640382922975076,middle,0.2664628074799333,False,0.09221926572559137,False,0.2946886664834488,False,0.06878754625281955,False
validation:9.17数据/log_9_2026-9-17-06-28-10.ulg:1:2375,9.17数据/log_9_2026-9-17-06-28-10.ulg,1,2375,51,429197865,429700598,430696226,0.502733,Sep17,0.21815881703322357,middle,0.2651146702640242,False,0.10428684702568114,False,0.2756904344339452,False,0.1845065080948425,False
validation:9.17数据/log_9_2026-9-17-06-28-10.ulg:1:2425,9.17数据/log_9_2026-9-17-06-28-10.ulg,1,2425,51,430193459,430696226,431691701,0.502767,Sep17,0.13555665579825849,low,0.14424899194875798,False,0.13018263771952074,False,0.151009391169072,False,0.08961874705586582,False
validation:9.17数据/log_9_2026-9-17-06-28-10.ulg:1:2475,9.17数据/log_9_2026-9-17-06-28-10.ulg,1,2475,51,431198901,431691701,432697091,0.4927999999999999,Sep17,0.22247980644753632,middle,0.3897341366911841,True,0.09810131667224262,False,0.11921232497647287,False,0.14139025523802298,False
validation:9.17数据/log_9_2026-9-17-06-28-10.ulg:1:2525,9.17数据/log_9_2026-9-17-06-28-10.ulg,1,2525,51,432194399,432697091,433692665,0.502692,Sep17,0.4906725966231914,high,0.35936462947709114,True,0.2122674200751653,True,0.7788845836869317,True,0.31206648986642443,True
validation:9.17数据/log_9_2026-9-17-06-28-10.ulg:1:2575,9.17数据/log_9_2026-9-17-06-28-10.ulg,1,2575,51,433199835,433692665,434698056,0.49283,Sep17,0.23178004238813235,middle,0.058877882030571996,False,0.08792957706774042,False,0.376830050362324,False,0.2469011404181739,True
validation:9.17数据/log_9_2026-9-17-06-28-10.ulg:1:2625,9.17数据/log_9_2026-9-17-06-28-10.ulg,1,2625,51,434195355,434698056,435693606,0.502701,Sep17,0.2711446402228668,middle,0.05438430856659286,False,0.14996256885403056,False,0.3985171878797038,False,0.28673384428471854,True
validation:9.17数据/log_9_2026-9-17-06-28-10.ulg:1:2675,9.17数据/log_9_2026-9-17-06-28-10.ulg,1,2675,51,435190947,435693606,436699120,0.502659,Sep17,0.3299692406825926,high,0.16266407025838456,False,0.2015454575058187,True,0.5773880130568505,True,0.25118180337698215,True
validation:9.17数据/log_9_2026-9-17-06-28-10.ulg:1:2725,9.17数据/log_9_2026-9-17-06-28-10.ulg,1,2725,51,436196354,436699120,437694564,0.5027659999999999,Sep17,0.4134786250583236,high,0.31183071383501926,True,0.2643506284961416,True,0.6308910226933023,True,0.22114488933238358,False
validation:9.17数据/log_9_2026-9-17-06-28-10.ulg:1:2775,9.17数据/log_9_2026-9-17-06-28-10.ulg,1,2775,51,437191855,437694564,438690161,0.502709,Sep17,0.5481758456220293,high,0.25699519123019643,False,0.17269909584272208,False,1.0020543249310432,True,0.11927454554610349,False
validation:9.17数据/log_9_2026-9-17-06-28-10.ulg:1:2825,9.17数据/log_9_2026-9-17-06-28-10.ulg,1,2825,51,438197298,438690161,439695627,0.492863,Sep17,0.29113806645774326,middle,0.2168853553376012,False,0.09494393438370452,False,0.46453365103329225,False,0.2232950636410126,False
validation:9.17数据/log_9_2026-9-17-06-28-10.ulg:1:2875,9.17数据/log_9_2026-9-17-06-28-10.ulg,1,2875,51,439192945,439695627,440700919,0.502682,Sep17,0.5662773761267522,high,0.336801724706546,True,0.2678887336280117,True,0.8730741546930771,True,0.4690459316556057,True
validation:9.17数据/log_9_2026-9-17-06-28-10.ulg:1:2925,9.17数据/log_9_2026-9-17-06-28-10.ulg,1,2925,51,440198251,440700919,441696511,0.502668,Sep17,0.4618814068991238,high,0.07258206955713593,False,0.12993856047062224,False,0.8753500802309385,True,0.06511247610349288,False
validation:9.17数据/log_9_2026-9-17-06-28-10.ulg:1:2975,9.17数据/log_9_2026-9-17-06-28-10.ulg,1,2975,51,441193837,441696511,442692124,0.502674,Sep17,0.41768108001670295,high,0.3371688215225311,True,0.12882289405442499,False,0.5496090878473713,True,0.48515083665765135,True
validation:9.17数据/log_9_2026-9-17-06-28-10.ulg:1:3025,9.17数据/log_9_2026-9-17-06-28-10.ulg,1,3025,51,442199217,442692124,443697436,0.492907,Sep17,0.15429092114835924,low,0.2280495350627633,False,0.11112047595415912,False,0.1762991144262738,False,0.040715913016195864,False
validation:9.17数据/log_9_2026-9-17-06-28-10.ulg:1:3075,9.17数据/log_9_2026-9-17-06-28-10.ulg,1,3075,51,443195052,443697436,444692965,0.5023839999999999,Sep17,0.13524236497008515,low,0.1350579628545366,False,0.16058693817719816,False,0.1318285593676204,False,0.07485693082837935,False
validation:9.17数据/log_9_2026-9-17-06-28-10.ulg:1:3125,9.17数据/log_9_2026-9-17-06-28-10.ulg,1,3125,51,444200137,444692965,445698362,0.492828,Sep17,0.2159608371124844,middle,0.07592565397300763,False,0.13091698751555658,False,0.25983179149024255,False,0.28552297764828194,True
validation:9.17数据/log_9_2026-9-17-06-28-10.ulg:1:3175,9.17数据/log_9_2026-9-17-06-28-10.ulg,1,3175,51,445195765,445698362,446693908,0.502597,Sep17,0.27734098009946834,middle,0.1598770172968964,False,0.105727130275612,False,0.4491846963309305,False,0.26507110069680084,True
validation:9.17数据/log_9_2026-9-17-06-28-10.ulg:1:3225,9.17数据/log_9_2026-9-17-06-28-10.ulg,1,3225,51,446191228,446693908,447699319,0.50268,Sep17,0.235041546586981,middle,0.23200026750799202,False,0.10757549879313608,False,0.287329303263169,False,0.26953572694678146,True
validation:9.17数据/log_9_2026-9-17-06-28-10.ulg:1:3275,9.17数据/log_9_2026-9-17-06-28-10.ulg,1,3275,51,447196892,447699319,448694846,0.502427,Sep17,0.20904532638017811,middle,0.06884126676626828,False,0.10325092328004343,False,0.37273819217358195,False,0.14739255140550936,False
validation:9.17数据/log_9_2026-9-17-06-28-10.ulg:1:3325,9.17数据/log_9_2026-9-17-06-28-10.ulg,1,3325,51,448192182,448694846,449690384,0.502664,Sep17,0.2360314199167638,middle,0.3172295591500881,True,0.11087816000559693,False,0.29823008868766016,False,0.13456350751907267,False
validation:9.17数据/log_9_2026-9-17-06-28-10.ulg:1:3375,9.17数据/log_9_2026-9-17-06-28-10.ulg,1,3375,51,449197667,449690384,450695843,0.4927169999999999,Sep17,0.32951998852255016,high,0.21070426869038306,False,0.10956903597634214,False,0.5303177167739108,True,0.3072393397887677,True
validation:9.17数据/log_9_2026-9-17-06-28-10.ulg:1:3425,9.17数据/log_9_2026-9-17-06-28-10.ulg,1,3425,51,450193159,450695843,451691343,0.502684,Sep17,0.183226187913396,middle,0.07979385961222665,False,0.14570140112331006,False,0.33367747607629966,False,0.06821847587660877,False
validation:9.17数据/log_9_2026-9-17-06-28-10.ulg:1:3475,9.17数据/log_9_2026-9-17-06-28-10.ulg,1,3475,51,451198840,451691343,452696771,0.4925029999999999,Sep17,0.17595653948381432,middle,0.15801865017952788,False,0.08176296763845077,False,0.29363791387276106,False,0.06907545980131301,False
validation:9.17数据/log_9_2026-9-17-06-28-10.ulg:1:3525,9.17数据/log_9_2026-9-17-06-28-10.ulg,1,3525,51,452194051,452696771,453692270,0.50272,Sep17,0.13867888369493955,low,0.06810757575373869,False,0.1676651168218707,False,0.2080483106710043,False,0.0627119181368504,False
validation:9.17数据/log_9_2026-9-17-06-28-10.ulg:1:3575,9.17数据/log_9_2026-9-17-06-28-10.ulg,1,3575,51,453199547,453692270,454697652,0.4927229999999999,Sep17,0.24898505884309283,middle,0.38940255380140737,True,0.08987489549645307,False,0.27711172072069085,False,0.0778021321155593,False
validation:9.17数据/log_9_2026-9-17-06-28-10.ulg:1:3625,9.17数据/log_9_2026-9-17-06-28-10.ulg,1,3625,51,454195074,454697652,455693182,0.502578,Sep17,0.2256046911520645,middle,0.3692244119289217,True,0.09425727431456382,False,0.1840533805675379,False,0.15876990197096835,False
validation:9.17数据/log_9_2026-9-17-06-28-10.ulg:1:3675,9.17数据/log_9_2026-9-17-06-28-10.ulg,1,3675,51,455190779,455693182,456698613,0.5024029999999999,Sep17,0.21065553022755504,middle,0.22039324073209202,False,0.1692815717847846,False,0.301052376036103,False,0.08585103937078058,False
validation:9.17数据/log_9_2026-9-17-06-28-10.ulg:1:3725,9.17数据/log_9_2026-9-17-06-28-10.ulg,1,3725,51,456195949,456698613,457694135,0.502664,Sep17,0.23463657476989402,middle,0.3109566090262112,True,0.22819605262479273,True,0.29258203621162276,False,0.04865903774195859,False
validation:9.17数据/log_9_2026-9-17-06-28-10.ulg:1:3775,9.17数据/log_9_2026-9-17-06-28-10.ulg,1,3775,51,457191518,457694135,458689687,0.502617,Sep17,0.19036523274607112,middle,0.28941857809318616,False,0.14432990504294843,False,0.19800281326662025,False,0.03135032840757371,False
validation:9.17数据/log_9_2026-9-17-06-28-10.ulg:1:3825,9.17数据/log_9_2026-9-17-06-28-10.ulg,1,3825,51,458196901,458689687,459695064,0.492786,Sep17,0.2217195559673556,middle,0.38891222348574994,True,0.10041276509146677,False,0.1350447971339865,False,0.12148416035725437,False
validation:9.17数据/log_9_2026-9-17-06-28-10.ulg:1:3875,9.17数据/log_9_2026-9-17-06-28-10.ulg,1,3875,51,459192641,459695064,460700513,0.502423,Sep17,0.3794784906870177,high,0.3865260079768865,True,0.12623563424203324,False,0.5621704010791889,True,0.3141429040082434,True
validation:9.17数据/log_9_2026-9-17-06-28-10.ulg:1:3925,9.17数据/log_9_2026-9-17-06-28-10.ulg,1,3925,51,460197841,460700513,461695977,0.502672,Sep17,0.39206029706041945,high,0.3208564658884781,True,0.15281962371605737,False,0.4834880217123205,False,0.4920471221244568,True
validation:9.17数据/log_9_2026-9-17-06-28-10.ulg:1:3975,9.17数据/log_9_2026-9-17-06-28-10.ulg,1,3975,51,461193395,461695977,462691513,0.502582,Sep17,0.27105644460116385,middle,0.3842508356805491,True,0.1066265625407792,False,0.32039466294591623,False,0.16722836672872265,False
validation:9.17数据/log_9_2026-9-17-06-28-10.ulg:2:25,9.17数据/log_9_2026-9-17-06-28-10.ulg,2,25,51,462977374,463470241,464475586,0.492867,Sep17,0.19314635774889657,middle,0.1534159950855,False,0.10549076787235394,False,0.1876372978278194,False,0.27317005303116537,True
validation:9.17数据/log_9_2026-9-17-06-28-10.ulg:2:75,9.17数据/log_9_2026-9-17-06-28-10.ulg,2,75,51,463973238,464475586,465481007,0.502348,Sep17,0.21254570024855646,middle,0.0,False,0.26786310500080046,True,0.2663927704539557,False,0.11649782934974093,False
validation:9.17数据/log_9_2026-9-17-06-28-10.ulg:2:125,9.17数据/log_9_2026-9-17-06-28-10.ulg,2,125,51,464978306,465481007,466476509,0.502701,Sep17,0.2058048650226608,middle,0.0,False,0.10187627050356034,False,0.30832536659543613,False,0.23069581914084566,True
validation:9.17数据/log_9_2026-9-17-06-28-10.ulg:2:175,9.17数据/log_9_2026-9-17-06-28-10.ulg,2,175,51,465973884,466476509,467472041,0.502625,Sep17,0.8131652698135854,high,0.1278601161455812,False,0.24429254377111628,True,1.381141301767367,True,0.68814206864142,True
validation:9.17数据/log_9_2026-9-17-06-28-10.ulg:2:225,9.17数据/log_9_2026-9-17-06-28-10.ulg,2,225,51,466979369,467472041,468477486,0.492672,Sep17,0.21888101848089023,middle,0.08955333302858003,False,0.21997091903359758,True,0.2693983811027104,False,0.23376136074136813,True
validation:9.17数据/log_9_2026-9-17-06-28-10.ulg:2:275,9.17数据/log_9_2026-9-17-06-28-10.ulg,2,275,51,467975040,468477486,469472942,0.502446,Sep17,0.24025182008194318,middle,0.241721829356896,False,0.1329031865127502,False,0.34328268158163683,False,0.17957844227538583,False
validation:9.17数据/log_9_2026-9-17-06-28-10.ulg:2:325,9.17数据/log_9_2026-9-17-06-28-10.ulg,2,325,51,468980133,469472942,470478325,0.492809,Sep17,0.623247640971905,high,0.3196687383732738,True,0.8030429423869437,True,0.718086073653191,True,0.1395907203236903,False
validation:9.17数据/log_9_2026-9-17-06-28-10.ulg:2:375,9.17数据/log_9_2026-9-17-06-28-10.ulg,2,375,51,469975826,470478325,471473877,0.502499,Sep17,0.2751421187002182,middle,0.19946430551613722,False,0.1568199861961786,False,0.5030573583028985,True,0.05737305473311142,False
validation:9.17数据/log_9_2026-9-17-06-28-10.ulg:2:425,9.17数据/log_9_2026-9-17-06-28-10.ulg,2,425,51,470971178,471473877,472479255,0.502699,Sep17,0.30597417792507253,middle,0.0029278850338261084,False,0.20931563415965151,True,0.39490813314163553,False,0.3706019330392949,True
validation:9.17数据/log_9_2026-9-17-06-28-10.ulg:2:475,9.17数据/log_9_2026-9-17-06-28-10.ulg,2,475,51,471976894,472479255,473474742,0.502361,Sep17,0.42571580284566835,high,0.006546949965939451,False,0.37727068999671515,True,0.6655031944007722,True,0.13111377164246643,False
validation:9.17数据/log_9_2026-9-17-06-28-10.ulg:2:525,9.17数据/log_9_2026-9-17-06-28-10.ulg,2,525,51,472972201,473474742,474470303,0.502541,Sep17,0.32369256883622366,high,0.08938559121277175,False,0.2565067137925716,True,0.32278884952194076,False,0.4615776316210786,True
validation:9.17数据/log_9_2026-9-17-06-28-10.ulg:2:575,9.17数据/log_9_2026-9-17-06-28-10.ulg,2,575,51,473977476,474470303,475475684,0.4928269999999999,Sep17,0.34187736870445823,high,0.0029278850338261084,False,0.22977389982327606,True,0.5347905887665731,True,0.38885447538074647,True
validation:9.17数据/log_9_2026-9-17-06-28-10.ulg:2:625,9.17数据/log_9_2026-9-17-06-28-10.ulg,2,625,51,474972973,475475684,476471244,0.502711,Sep17,0.36638313524286775,high,0.3786541530621775,True,0.10440336392760662,False,0.5190764154940455,True,0.2993237321129758,True
validation:9.17数据/log_9_2026-9-17-06-28-10.ulg:2:675,9.17数据/log_9_2026-9-17-06-28-10.ulg,2,675,51,475978364,476471244,477476586,0.49288,Sep17,0.2802778036275912,middle,0.006866499052804568,False,0.2010017096009986,True,0.2843129048598685,False,0.4362046822620209,True
validation:9.17数据/log_9_2026-9-17-06-28-10.ulg:2:725,9.17数据/log_9_2026-9-17-06-28-10.ulg,2,725,51,476973908,477476586,478472104,0.502678,Sep17,0.21250873752473257,middle,0.009258785434009643,False,0.1023253217690169,False,0.4030053172307031,False,0.11297121768252265,False
validation:9.17数据/log_9_2026-9-17-06-28-10.ulg:2:775,9.17数据/log_9_2026-9-17-06-28-10.ulg,2,775,51,477979322,478472104,479477483,0.492782,Sep17,0.37746684717408857,high,0.0,False,0.1540921107233762,False,0.6525401138122047,True,0.27151514229015705,True
validation:9.17数据/log_9_2026-9-17-06-28-10.ulg:2:825,9.17数据/log_9_2026-9-17-06-28-10.ulg,2,825,51,478974789,479477483,480472962,0.502694,Sep17,0.3150333670620231,middle,0.30502374741246435,True,0.20285493638721394,True,0.38954117086934903,False,0.2725580503117922,True
validation:9.17数据/log_9_2026-9-17-06-28-10.ulg:2:875,9.17数据/log_9_2026-9-17-06-28-10.ulg,2,875,51,479970291,480472962,481478342,0.502671,Sep17,0.10530465543274103,low,0.007186358663000161,False,0.11622860503268087,False,0.05090014724164867,False,0.16576626469038794,False
validation:9.17数据/log_9_2026-9-17-06-28-10.ulg:2:925,9.17数据/log_9_2026-9-17-06-28-10.ulg,2,925,51,480975711,481478342,482473893,0.5026309999999999,Sep17,0.609240542296955,high,0.004629392717004821,False,0.09394738367253305,False,1.1481028656572707,True,0.27183129727359845,True
validation:9.17数据/log_9_2026-9-17-06-28-10.ulg:2:975,9.17数据/log_9_2026-9-17-06-28-10.ulg,2,975,51,481971175,482473893,483469402,0.502718,Sep17,0.4077065723536825,high,0.7517662357228071,True,0.06360180672432704,False,0.29340660501245186,False,0.07690738171960373,False
